date,hour,datetime,dam_code,dam_name,total_outflow_kcfs,gen_flow_kcfs,spill_kcfs,forebay_elev_ft,tailwater_elev_ft,head_ft,power_mw
2023-01-01,1,2023-01-01T00:00,gcl,Grand Coulee,56.2,56.2,0.0,1283.5,956.0,327.5,1404.3
2023-01-01,2,2023-01-01T01:00,gcl,Grand Coulee,55.1,55.1,0.0,1283.6,956.0,327.6,1377.3
2023-01-01,3,2023-01-01T02:00,gcl,Grand Coulee,52.8,52.8,0.0,1283.61,955.9,327.71,1320.2
2023-01-01,4,2023-01-01T03:00,gcl,Grand Coulee,52.7,52.7,0.0,1283.6,955.7,327.9,1318.5
2023-01-01,5,2023-01-01T04:00,gcl,Grand Coulee,52.4,52.4,0.0,1283.6,955.7,327.9,1311.0
2023-01-01,6,2023-01-01T05:00,gcl,Grand Coulee,52.2,52.2,0.0,1283.6,955.7,327.9,1306.0
2023-01-01,7,2023-01-01T06:00,gcl,Grand Coulee,54.3,54.3,0.0,1283.6,955.9,327.7,1357.7
2023-01-01,8,2023-01-01T07:00,gcl,Grand Coulee,62.8,62.8,0.0,1283.6,956.5,327.1,1567.3
2023-01-01,9,2023-01-01T08:00,gcl,Grand Coulee,69.5,69.5,0.0,1283.6,957.0,326.6,1731.9
2023-01-01,10,2023-01-01T09:00,gcl,Grand Coulee,66.6,66.6,0.0,1283.7,956.9,326.8,1660.7
2023-01-01,11,2023-01-01T10:00,gcl,Grand Coulee,62.5,62.5,0.0,1283.7,956.5,327.2,1560.3
2023-01-01,12,2023-01-01T11:00,gcl,Grand Coulee,69.0,69.0,0.0,1283.6,957.0,326.6,1719.5
2023-01-01,13,2023-01-01T12:00,gcl,Grand Coulee,64.3,64.3,0.0,1283.6,957.0,326.6,1602.3
2023-01-01,14,2023-01-01T13:00,gcl,Grand Coulee,63.0,63.0,0.0,1283.7,956.8,326.9,1571.4
2023-01-01,15,2023-01-01T14:00,gcl,Grand Coulee,66.2,66.2,0.0,1283.7,957.0,326.7,1650.2
2023-01-01,16,2023-01-01T15:00,gcl,Grand Coulee,75.4,75.4,0.0,1283.7,957.8,325.9,1874.9
2023-01-01,17,2023-01-01T16:00,gcl,Grand Coulee,83.7,83.7,0.0,1283.7,958.6,325.1,2076.2
2023-01-01,18,2023-01-01T17:00,gcl,Grand Coulee,88.3,88.3,0.0,1283.7,959.0,324.7,2187.6
2023-01-01,19,2023-01-01T18:00,gcl,Grand Coulee,88.3,88.3,0.0,1283.7,959.2,324.5,2186.3
2023-01-01,20,2023-01-01T19:00,gcl,Grand Coulee,77.8,77.8,0.0,1283.8,958.5,325.3,1931.0
2023-01-01,21,2023-01-01T20:00,gcl,Grand Coulee,67.6,67.6,0.0,1283.9,957.6,326.3,1683.0
2023-01-01,22,2023-01-01T21:00,gcl,Grand Coulee,59.8,59.8,0.0,1283.9,957.0,326.9,1491.6
2023-01-01,23,2023-01-01T22:00,gcl,Grand Coulee,58.9,58.9,0.0,1283.9,956.9,327.0,1469.6
2023-01-01,24,2023-01-01T23:00,gcl,Grand Coulee,58.4,58.4,0.0,1283.9,956.8,327.1,1457.5
2023-01-02,1,2023-01-02T00:00,gcl,Grand Coulee,63.0,63.0,0.0,1283.9,957.0,326.9,1571.4
2023-01-02,2,2023-01-02T01:00,gcl,Grand Coulee,65.1,65.1,0.0,1284.0,957.2,326.8,1623.3
2023-01-02,3,2023-01-02T02:00,gcl,Grand Coulee,66.0,66.0,0.0,1284.0,957.3,326.7,1645.2
2023-01-02,4,2023-01-02T03:00,gcl,Grand Coulee,71.6,71.6,0.0,1284.0,957.6,326.4,1783.1
2023-01-02,5,2023-01-02T04:00,gcl,Grand Coulee,82.5,82.5,0.0,1284.0,958.6,325.4,2048.3
2023-01-02,6,2023-01-02T05:00,gcl,Grand Coulee,80.6,80.6,0.0,1283.9,958.7,325.2,1999.9
2023-01-02,7,2023-01-02T06:00,gcl,Grand Coulee,83.0,83.0,0.0,1283.9,958.8,325.1,2058.8
2023-01-02,8,2023-01-02T07:00,gcl,Grand Coulee,81.6,81.6,0.0,1283.9,958.9,325.0,2023.5
2023-01-02,9,2023-01-02T08:00,gcl,Grand Coulee,80.9,80.9,0.0,1283.9,958.9,325.0,2006.1
2023-01-02,10,2023-01-02T09:00,gcl,Grand Coulee,80.3,80.3,0.0,1283.9,958.9,325.0,1991.2
2023-01-02,11,2023-01-02T10:00,gcl,Grand Coulee,73.9,73.9,0.0,1283.9,958.5,325.4,1834.8
2023-01-02,12,2023-01-02T11:00,gcl,Grand Coulee,76.1,76.1,0.0,1283.9,958.5,325.4,1889.4
2023-01-02,13,2023-01-02T12:00,gcl,Grand Coulee,73.1,73.1,0.0,1283.9,958.4,325.5,1815.5
2023-01-02,14,2023-01-02T13:00,gcl,Grand Coulee,62.5,62.5,0.0,1284.0,957.7,326.3,1556.0
2023-01-02,15,2023-01-02T14:00,gcl,Grand Coulee,58.7,58.7,0.0,1284.0,957.4,326.6,1462.8
2023-01-02,16,2023-01-02T15:00,gcl,Grand Coulee,76.8,76.8,0.0,1283.9,958.4,325.5,1907.4
2023-01-02,17,2023-01-02T16:00,gcl,Grand Coulee,98.3,98.3,0.0,1283.9,960.1,323.8,2428.6
2023-01-02,18,2023-01-02T17:00,gcl,Grand Coulee,103.0,103.0,0.0,1283.9,961.0,322.9,2537.6
2023-01-02,19,2023-01-02T18:00,gcl,Grand Coulee,86.1,86.1,0.0,1283.9,959.8,324.1,2129.2
2023-01-02,20,2023-01-02T19:00,gcl,Grand Coulee,76.4,76.4,0.0,1284.0,958.6,325.4,1896.9
2023-01-02,21,2023-01-02T20:00,gcl,Grand Coulee,62.9,62.9,0.0,1284.1,957.5,326.6,1567.4
2023-01-02,22,2023-01-02T21:00,gcl,Grand Coulee,52.3,52.3,0.0,1284.2,956.5,327.7,1307.7
2023-01-02,23,2023-01-02T22:00,gcl,Grand Coulee,45.7,45.7,0.0,1284.2,955.9,328.3,1144.8
2023-01-02,24,2023-01-02T23:00,gcl,Grand Coulee,38.0,38.0,0.0,1284.1,955.4,328.7,953.0
2023-01-03,1,2023-01-03T00:00,gcl,Grand Coulee,39.4,39.4,0.0,1284.2,955.5,328.7,988.1
2023-01-03,2,2023-01-03T01:00,gcl,Grand Coulee,28.1,28.1,0.0,1284.2,954.9,329.3,706.0
2023-01-03,3,2023-01-03T02:00,gcl,Grand Coulee,26.9,26.9,0.0,1284.3,954.9,329.4,676.1
2023-01-03,4,2023-01-03T03:00,gcl,Grand Coulee,32.8,32.8,0.0,1284.3,955.2,329.1,823.6
2023-01-03,5,2023-01-03T04:00,gcl,Grand Coulee,55.2,55.2,0.0,1284.3,956.7,327.6,1379.8
2023-01-03,6,2023-01-03T05:00,gcl,Grand Coulee,88.1,88.1,0.0,1284.2,958.9,325.3,2186.7
2023-01-03,7,2023-01-03T06:00,gcl,Grand Coulee,114.6,114.6,0.0,1284.1,961.1,323.0,2824.3
2023-01-03,8,2023-01-03T07:00,gcl,Grand Coulee,145.6,145.6,0.0,1284.1,963.8,320.3,3558.3
2023-01-03,9,2023-01-03T08:00,gcl,Grand Coulee,132.4,132.4,0.0,1284.1,963.9,320.2,3234.7
2023-01-03,10,2023-01-03T09:00,gcl,Grand Coulee,107.6,107.6,0.0,1284.2,961.8,322.4,2646.9
2023-01-03,11,2023-01-03T10:00,gcl,Grand Coulee,103.1,103.1,0.0,1284.2,960.9,323.3,2543.2
2023-01-03,12,2023-01-03T11:00,gcl,Grand Coulee,95.8,95.8,0.0,1284.2,960.4,323.8,2366.8
2023-01-03,13,2023-01-03T12:00,gcl,Grand Coulee,79.6,79.6,0.0,1284.1,959.2,324.9,1973.3
2023-01-03,14,2023-01-03T13:00,gcl,Grand Coulee,75.5,75.5,0.0,1284.0,958.5,325.5,1875.1
2023-01-03,15,2023-01-03T14:00,gcl,Grand Coulee,73.0,73.0,0.0,1284.0,958.3,325.7,1814.1
2023-01-03,16,2023-01-03T15:00,gcl,Grand Coulee,88.5,88.5,0.0,1284.0,959.2,324.8,2193.2
2023-01-03,17,2023-01-03T16:00,gcl,Grand Coulee,119.2,119.2,0.0,1284.0,961.7,322.3,2931.3
2023-01-03,18,2023-01-03T17:00,gcl,Grand Coulee,136.1,136.1,0.0,1284.0,963.6,320.4,3327.2
2023-01-03,19,2023-01-03T18:00,gcl,Grand Coulee,132.5,132.5,0.0,1284.0,963.9,320.1,3236.1
2023-01-03,20,2023-01-03T19:00,gcl,Grand Coulee,113.9,113.9,0.0,1284.0,962.4,321.6,2794.9
2023-01-03,21,2023-01-03T20:00,gcl,Grand Coulee,100.1,100.1,0.0,1284.0,960.9,323.1,2467.7
2023-01-03,22,2023-01-03T21:00,gcl,Grand Coulee,79.0,79.0,0.0,1284.0,959.5,324.5,1956.0
2023-01-03,23,2023-01-03T22:00,gcl,Grand Coulee,63.8,63.8,0.0,1284.0,958.2,325.8,1586.0
2023-01-03,24,2023-01-03T23:00,gcl,Grand Coulee,63.7,63.7,0.0,1284.0,957.9,326.1,1584.9
2023-01-04,1,2023-01-04T00:00,gcl,Grand Coulee,69.2,69.2,0.0,1283.9,958.5,325.4,1718.1
2023-01-04,2,2023-01-04T01:00,gcl,Grand Coulee,74.3,74.3,0.0,1284.0,958.9,325.1,1843.0
2023-01-04,3,2023-01-04T02:00,gcl,Grand Coulee,72.0,72.0,0.0,1284.0,958.7,325.3,1787.1
2023-01-04,4,2023-01-04T03:00,gcl,Grand Coulee,76.2,76.2,0.0,1284.0,958.9,325.1,1890.2
2023-01-04,5,2023-01-04T04:00,gcl,Grand Coulee,82.8,82.8,0.0,1284.0,959.5,324.5,2050.1
2023-01-04,6,2023-01-04T05:00,gcl,Grand Coulee,100.9,100.9,0.0,1284.0,960.8,323.2,2488.2
2023-01-04,7,2023-01-04T06:00,gcl,Grand Coulee,117.2,117.2,0.0,1283.9,962.3,321.6,2875.9
2023-01-04,8,2023-01-04T07:00,gcl,Grand Coulee,120.3,120.3,0.0,1283.8,962.9,320.9,2945.5
2023-01-04,9,2023-01-04T08:00,gcl,Grand Coulee,112.2,112.2,0.0,1283.8,962.4,321.4,2751.5
2023-01-04,10,2023-01-04T09:00,gcl,Grand Coulee,115.4,115.4,0.0,1283.8,962.3,321.5,2830.8
2023-01-04,11,2023-01-04T10:00,gcl,Grand Coulee,126.9,126.9,0.0,1283.8,963.1,320.7,3105.2
2023-01-04,12,2023-01-04T11:00,gcl,Grand Coulee,129.2,129.2,0.0,1283.7,963.7,320.0,3154.5
2023-01-04,13,2023-01-04T12:00,gcl,Grand Coulee,126.3,126.3,0.0,1283.7,963.6,320.1,3084.7
2023-01-04,14,2023-01-04T13:00,gcl,Grand Coulee,122.0,122.0,0.0,1283.6,963.0,320.6,2984.3
2023-01-04,15,2023-01-04T14:00,gcl,Grand Coulee,121.5,121.5,0.0,1283.6,962.7,320.9,2974.9
2023-01-04,16,2023-01-04T15:00,gcl,Grand Coulee,121.8,121.8,0.0,1283.6,962.7,320.9,2982.2
2023-01-04,17,2023-01-04T16:00,gcl,Grand Coulee,134.0,134.0,0.0,1283.5,963.6,319.9,3270.7
2023-01-04,18,2023-01-04T17:00,gcl,Grand Coulee,131.6,131.6,0.0,1283.4,963.9,319.5,3208.1
2023-01-04,19,2023-01-04T18:00,gcl,Grand Coulee,127.6,127.6,0.0,1283.4,963.5,319.9,3114.5
2023-01-04,20,2023-01-04T19:00,gcl,Grand Coulee,117.1,117.1,0.0,1283.4,962.5,320.9,2867.2
2023-01-04,21,2023-01-04T20:00,gcl,Grand Coulee,110.1,110.1,0.0,1283.4,961.8,321.6,2701.6
2023-01-04,22,2023-01-04T21:00,gcl,Grand Coulee,101.6,101.6,0.0,1283.4,961.2,322.2,2497.7
2023-01-04,23,2023-01-04T22:00,gcl,Grand Coulee,83.3,83.3,0.0,1283.5,959.8,323.7,2057.4
2023-01-04,24,2023-01-04T23:00,gcl,Grand Coulee,75.0,75.0,0.0,1283.5,958.8,324.7,1858.1
2023-01-05,1,2023-01-05T00:00,gcl,Grand Coulee,76.7,76.7,0.0,1283.4,958.9,324.5,1899.0
2023-01-05,2,2023-01-05T01:00,gcl,Grand Coulee,65.3,65.3,0.0,1283.5,958.3,325.2,1620.3
2023-01-05,3,2023-01-05T02:00,gcl,Grand Coulee,66.9,66.9,0.0,1283.5,958.0,325.5,1661.5
2023-01-05,4,2023-01-05T03:00,gcl,Grand Coulee,66.0,66.0,0.0,1283.5,958.0,325.5,1639.2
2023-01-05,5,2023-01-05T04:00,gcl,Grand Coulee,77.1,77.1,0.0,1283.5,958.8,324.7,1910.1
2023-01-05,6,2023-01-05T05:00,gcl,Grand Coulee,101.1,101.1,0.0,1283.5,960.6,322.9,2490.8
2023-01-05,7,2023-01-05T06:00,gcl,Grand Coulee,95.5,95.5,0.0,1283.4,960.7,322.7,2351.4
2023-01-05,8,2023-01-05T07:00,gcl,Grand Coulee,117.4,117.4,0.0,1283.4,962.0,321.4,2879.0
2023-01-05,9,2023-01-05T08:00,gcl,Grand Coulee,117.0,117.0,0.0,1283.4,962.3,321.1,2866.5
2023-01-05,10,2023-01-05T09:00,gcl,Grand Coulee,103.8,103.8,0.0,1283.4,961.6,321.8,2548.6
2023-01-05,11,2023-01-05T10:00,gcl,Grand Coulee,117.3,117.3,0.0,1283.4,961.3,322.1,2882.8
2023-01-05,12,2023-01-05T11:00,gcl,Grand Coulee,109.7,109.7,0.0,1283.3,961.6,321.7,2692.7
2023-01-05,13,2023-01-05T12:00,gcl,Grand Coulee,99.6,99.6,0.0,1283.3,961.2,322.1,2447.8
2023-01-05,14,2023-01-05T13:00,gcl,Grand Coulee,94.6,94.6,0.0,1283.3,960.6,322.7,2329.2
2023-01-05,15,2023-01-05T14:00,gcl,Grand Coulee,93.0,93.0,0.0,1283.2,960.4,322.8,2290.6
2023-01-05,16,2023-01-05T15:00,gcl,Grand Coulee,100.5,100.5,0.0,1283.2,960.9,322.3,2471.4
2023-01-05,17,2023-01-05T16:00,gcl,Grand Coulee,111.0,111.0,0.0,1283.2,961.8,321.4,2722.0
2023-01-05,18,2023-01-05T17:00,gcl,Grand Coulee,132.8,132.8,0.0,1283.1,963.6,319.5,3237.4
2023-01-05,19,2023-01-05T18:00,gcl,Grand Coulee,119.4,119.4,0.0,1283.1,963.1,320.0,2915.3
2023-01-05,20,2023-01-05T19:00,gcl,Grand Coulee,109.7,109.7,0.0,1283.1,962.0,321.1,2687.6
2023-01-05,21,2023-01-05T20:00,gcl,Grand Coulee,104.2,104.2,0.0,1283.1,961.4,321.7,2557.7
2023-01-05,22,2023-01-05T21:00,gcl,Grand Coulee,87.5,87.5,0.0,1283.2,960.2,323.0,2156.4
2023-01-05,23,2023-01-05T22:00,gcl,Grand Coulee,71.8,71.8,0.0,1283.2,958.6,324.6,1778.3
2023-01-05,24,2023-01-05T23:00,gcl,Grand Coulee,56.0,56.0,0.0,1283.2,957.3,325.9,1392.5
2023-01-06,1,2023-01-06T00:00,gcl,Grand Coulee,51.2,51.2,0.0,1283.2,956.8,326.4,1275.1
2023-01-06,2,2023-01-06T01:00,gcl,Grand Coulee,51.2,51.2,0.0,1283.2,956.6,326.6,1275.9
2023-01-06,3,2023-01-06T02:00,gcl,Grand Coulee,47.7,47.7,0.0,1283.2,956.5,326.7,1189.0
2023-01-06,4,2023-01-06T03:00,gcl,Grand Coulee,51.1,51.1,0.0,1283.2,956.5,326.7,1273.8
2023-01-06,5,2023-01-06T04:00,gcl,Grand Coulee,65.5,65.5,0.0,1283.3,957.4,325.9,1628.7
2023-01-06,6,2023-01-06T05:00,gcl,Grand Coulee,71.4,71.4,0.0,1283.3,958.0,325.3,1772.2
2023-01-06,7,2023-01-06T06:00,gcl,Grand Coulee,104.1,104.1,0.0,1283.2,960.2,323.0,2565.5
2023-01-06,8,2023-01-06T07:00,gcl,Grand Coulee,132.4,132.4,0.0,1283.1,963.0,320.1,3233.7
2023-01-06,9,2023-01-06T08:00,gcl,Grand Coulee,121.7,121.7,0.0,1283.1,962.9,320.2,2973.3
2023-01-06,10,2023-01-06T09:00,gcl,Grand Coulee,100.7,100.7,0.0,1283.1,961.2,321.9,2473.3
2023-01-06,11,2023-01-06T10:00,gcl,Grand Coulee,83.7,83.7,0.0,1283.2,959.5,323.7,2067.2
2023-01-06,12,2023-01-06T11:00,gcl,Grand Coulee,77.5,77.5,0.0,1283.2,958.7,324.5,1918.8
2023-01-06,13,2023-01-06T12:00,gcl,Grand Coulee,75.0,75.0,0.0,1283.2,958.5,324.7,1858.1
2023-01-06,14,2023-01-06T13:00,gcl,Grand Coulee,68.1,68.1,0.0,1283.1,958.1,325.0,1688.7
2023-01-06,15,2023-01-06T14:00,gcl,Grand Coulee,70.0,70.0,0.0,1283.1,958.1,325.0,1735.8
2023-01-06,16,2023-01-06T15:00,gcl,Grand Coulee,96.7,96.7,0.0,1283.0,959.9,323.1,2383.9
2023-01-06,17,2023-01-06T16:00,gcl,Grand Coulee,124.5,124.5,0.0,1283.0,962.3,320.7,3046.4
2023-01-06,18,2023-01-06T17:00,gcl,Grand Coulee,138.9,138.9,0.0,1283.0,964.1,318.9,3379.7
2023-01-06,19,2023-01-06T18:00,gcl,Grand Coulee,123.1,123.1,0.0,1283.1,963.3,319.8,3003.7
2023-01-06,20,2023-01-06T19:00,gcl,Grand Coulee,93.8,93.8,0.0,1283.1,960.8,322.3,2306.7
2023-01-06,21,2023-01-06T20:00,gcl,Grand Coulee,76.2,76.2,0.0,1283.1,958.8,324.3,1885.5
2023-01-06,22,2023-01-06T21:00,gcl,Grand Coulee,62.8,62.8,0.0,1283.1,957.4,325.7,1560.6
2023-01-06,23,2023-01-06T22:00,gcl,Grand Coulee,54.8,54.8,0.0,1283.1,956.6,326.5,1365.2
2023-01-06,24,2023-01-06T23:00,gcl,Grand Coulee,56.5,56.5,0.0,1283.1,956.5,326.6,1408.0
2023-01-07,1,2023-01-07T00:00,gcl,Grand Coulee,54.1,54.1,0.0,1283.1,956.6,326.5,1347.7
2023-01-07,2,2023-01-07T01:00,gcl,Grand Coulee,48.1,48.1,0.0,1283.2,956.1,327.1,1200.5
2023-01-07,3,2023-01-07T02:00,gcl,Grand Coulee,48.5,48.5,0.0,1283.2,955.9,327.3,1211.2
2023-01-07,4,2023-01-07T03:00,gcl,Grand Coulee,50.0,50.0,0.0,1283.2,956.2,327.0,1247.5
2023-01-07,5,2023-01-07T04:00,gcl,Grand Coulee,53.9,53.9,0.0,1283.2,956.6,326.6,1343.2
2023-01-07,6,2023-01-07T05:00,gcl,Grand Coulee,56.0,56.0,0.0,1283.2,956.7,326.5,1395.1
2023-01-07,7,2023-01-07T06:00,gcl,Grand Coulee,63.0,63.0,0.0,1283.2,957.1,326.1,1567.5
2023-01-07,8,2023-01-07T07:00,gcl,Grand Coulee,69.8,69.8,0.0,1283.2,957.7,325.5,1733.5
2023-01-07,9,2023-01-07T08:00,gcl,Grand Coulee,75.6,75.6,0.0,1283.2,958.1,325.1,1875.3
2023-01-07,10,2023-01-07T09:00,gcl,Grand Coulee,80.3,80.3,0.0,1283.2,958.6,324.6,1988.8
2023-01-07,11,2023-01-07T10:00,gcl,Grand Coulee,76.0,76.0,0.0,1283.2,958.6,324.6,1882.3
2023-01-07,12,2023-01-07T11:00,gcl,Grand Coulee,68.9,68.9,0.0,1283.2,957.9,325.3,1710.1
2023-01-07,13,2023-01-07T12:00,gcl,Grand Coulee,59.3,59.3,0.0,1283.3,957.2,326.1,1475.5
2023-01-07,14,2023-01-07T13:00,gcl,Grand Coulee,56.8,56.8,0.0,1283.3,957.0,326.3,1414.1
2023-01-07,15,2023-01-07T14:00,gcl,Grand Coulee,56.5,56.5,0.0,1283.3,956.9,326.4,1407.1
2023-01-07,16,2023-01-07T15:00,gcl,Grand Coulee,60.3,60.3,0.0,1283.3,957.0,326.3,1501.3
2023-01-07,17,2023-01-07T16:00,gcl,Grand Coulee,90.1,90.1,0.0,1283.2,959.1,324.1,2228.1
2023-01-07,18,2023-01-07T17:00,gcl,Grand Coulee,105.0,105.0,0.0,1283.2,960.8,322.4,2582.9
2023-01-07,19,2023-01-07T18:00,gcl,Grand Coulee,97.1,97.1,0.0,1283.3,960.5,322.8,2391.5
2023-01-07,20,2023-01-07T19:00,gcl,Grand Coulee,79.1,79.1,0.0,1283.3,959.0,324.3,1957.3
2023-01-07,21,2023-01-07T20:00,gcl,Grand Coulee,74.4,74.4,0.0,1283.4,958.4,325.0,1844.9
2023-01-07,22,2023-01-07T21:00,gcl,Grand Coulee,61.8,61.8,0.0,1283.5,957.5,326.0,1537.2
2023-01-07,23,2023-01-07T22:00,gcl,Grand Coulee,61.6,61.6,0.0,1283.4,957.3,326.1,1532.7
2023-01-07,24,2023-01-07T23:00,gcl,Grand Coulee,59.4,59.4,0.0,1283.4,957.4,326.0,1477.5
2023-01-08,1,2023-01-08T00:00,gcl,Grand Coulee,60.5,60.5,0.0,1283.3,957.5,325.8,1503.9
2023-01-08,2,2023-01-08T01:00,gcl,Grand Coulee,54.6,54.6,0.0,1283.4,957.0,326.4,1359.8
2023-01-08,3,2023-01-08T02:00,gcl,Grand Coulee,52.7,52.7,0.0,1283.5,956.9,326.6,1313.3
2023-01-08,4,2023-01-08T03:00,gcl,Grand Coulee,52.9,52.9,0.0,1283.5,957.0,326.5,1317.8
2023-01-08,5,2023-01-08T04:00,gcl,Grand Coulee,58.0,58.0,0.0,1283.5,957.3,326.2,1443.6
2023-01-08,6,2023-01-08T05:00,gcl,Grand Coulee,66.0,66.0,0.0,1283.5,958.0,325.5,1639.2
2023-01-08,7,2023-01-08T06:00,gcl,Grand Coulee,63.9,63.9,0.0,1283.4,958.0,325.4,1586.5
2023-01-08,8,2023-01-08T07:00,gcl,Grand Coulee,64.8,64.8,0.0,1283.4,958.0,325.4,1608.9
2023-01-08,9,2023-01-08T08:00,gcl,Grand Coulee,66.8,66.8,0.0,1283.4,958.2,325.2,1657.5
2023-01-08,10,2023-01-08T09:00,gcl,Grand Coulee,68.3,68.3,0.0,1283.5,958.3,325.2,1694.7
2023-01-08,11,2023-01-08T10:00,gcl,Grand Coulee,66.2,66.2,6.0,1283.5,958.3,325.2,1642.6
2023-01-08,12,2023-01-08T11:00,gcl,Grand Coulee,64.1,64.1,0.0,1283.5,958.0,325.5,1592.0
2023-01-08,13,2023-01-08T12:00,gcl,Grand Coulee,62.4,62.4,0.0,1283.5,957.9,325.6,1550.2
2023-01-08,14,2023-01-08T13:00,gcl,Grand Coulee,56.5,56.5,0.0,1283.5,957.4,326.1,1405.8
2023-01-08,15,2023-01-08T14:00,gcl,Grand Coulee,64.5,64.5,0.0,1283.5,957.9,325.6,1602.4
2023-01-08,16,2023-01-08T15:00,gcl,Grand Coulee,76.2,76.2,0.0,1283.5,958.9,324.6,1887.2
2023-01-08,17,2023-01-08T16:00,gcl,Grand Coulee,77.9,77.9,0.0,1283.6,959.1,324.5,1928.8
2023-01-08,18,2023-01-08T17:00,gcl,Grand Coulee,98.6,98.6,0.0,1283.5,960.3,323.2,2431.5
2023-01-08,19,2023-01-08T18:00,gcl,Grand Coulee,101.8,101.8,0.0,1283.5,961.1,322.4,2504.2
2023-01-08,20,2023-01-08T19:00,gcl,Grand Coulee,87.6,87.6,0.0,1283.5,960.2,323.3,2160.9
2023-01-08,21,2023-01-08T20:00,gcl,Grand Coulee,81.0,81.0,0.0,1283.5,959.3,324.2,2003.7
2023-01-08,22,2023-01-08T21:00,gcl,Grand Coulee,59.4,59.4,0.0,1283.5,958.0,325.5,1475.2
2023-01-08,23,2023-01-08T22:00,gcl,Grand Coulee,53.2,53.2,0.0,1283.6,957.2,326.4,1324.9
2023-01-08,24,2023-01-08T23:00,gcl,Grand Coulee,48.4,48.4,0.0,1283.6,956.8,326.8,1206.8
2023-01-09,1,2023-01-09T00:00,gcl,Grand Coulee,47.1,47.1,0.0,1283.6,956.7,326.9,1174.8
2023-01-09,2,2023-01-09T01:00,gcl,Grand Coulee,46.2,46.2,0.0,1283.6,956.4,327.2,1153.4
2023-01-09,3,2023-01-09T02:00,gcl,Grand Coulee,45.7,45.7,0.0,1283.6,956.3,327.3,1141.3
2023-01-09,4,2023-01-09T03:00,gcl,Grand Coulee,49.4,49.4,0.0,1283.6,956.5,327.1,1232.9
2023-01-09,5,2023-01-09T04:00,gcl,Grand Coulee,60.3,60.3,0.0,1283.6,957.2,326.4,1501.7
2023-01-09,6,2023-01-09T05:00,gcl,Grand Coulee,82.5,82.5,0.0,1283.6,957.2,326.4,2054.6
2023-01-09,7,2023-01-09T06:00,gcl,Grand Coulee,100.1,100.1,0.0,1283.7,960.3,323.4,2470.0
2023-01-09,8,2023-01-09T07:00,gcl,Grand Coulee,117.8,117.8,0.0,1283.6,961.9,321.7,2891.5
2023-01-09,9,2023-01-09T08:00,gcl,Grand Coulee,127.2,127.2,0.0,1283.5,963.0,320.5,3110.6
2023-01-09,10,2023-01-09T09:00,gcl,Grand Coulee,121.0,121.0,0.0,1283.5,962.9,320.6,2959.9
2023-01-09,11,2023-01-09T10:00,gcl,Grand Coulee,120.7,120.7,0.0,1283.5,962.7,320.8,2954.4
2023-01-09,12,2023-01-09T11:00,gcl,Grand Coulee,103.6,103.6,0.0,1283.4,961.7,321.7,2542.9
2023-01-09,13,2023-01-09T12:00,gcl,Grand Coulee,98.8,98.8,0.0,1283.4,960.9,322.5,2431.1
2023-01-09,14,2023-01-09T13:00,gcl,Grand Coulee,85.4,85.4,0.0,1283.4,959.9,323.5,2107.9
2023-01-09,15,2023-01-09T14:00,gcl,Grand Coulee,89.1,89.1,0.0,1283.4,959.9,323.5,2199.3
2023-01-09,16,2023-01-09T15:00,gcl,Grand Coulee,108.5,108.5,0.0,1283.2,961.3,321.9,2664.9
2023-01-09,17,2023-01-09T16:00,gcl,Grand Coulee,129.0,129.0,0.0,1283.1,963.1,320.0,3149.7
2023-01-09,18,2023-01-09T17:00,gcl,Grand Coulee,156.6,156.6,0.0,1283.1,965.3,317.8,3797.3
2023-01-09,19,2023-01-09T18:00,gcl,Grand Coulee,130.8,130.8,0.0,1283.1,964.3,318.8,3181.6
2023-01-09,20,2023-01-09T19:00,gcl,Grand Coulee,128.9,128.9,0.0,1283.1,963.3,319.8,3145.3
2023-01-09,21,2023-01-09T20:00,gcl,Grand Coulee,106.4,106.4,0.0,1283.1,961.6,321.5,2610.0
2023-01-09,22,2023-01-09T21:00,gcl,Grand Coulee,89.8,89.8,0.0,1283.1,959.9,323.2,2214.5
2023-01-09,23,2023-01-09T22:00,gcl,Grand Coulee,72.8,72.8,0.0,1283.1,958.2,324.9,1804.7
2023-01-09,24,2023-01-09T23:00,gcl,Grand Coulee,62.8,62.8,0.0,1283.0,957.4,325.6,1560.2
2023-01-10,1,2023-01-10T00:00,gcl,Grand Coulee,51.7,51.7,0.0,1283.0,956.6,326.4,1287.6
2023-01-10,2,2023-01-10T01:00,gcl,Grand Coulee,45.0,45.0,0.0,1283.1,956.0,327.1,1123.1
2023-01-10,3,2023-01-10T02:00,gcl,Grand Coulee,43.9,43.9,0.0,1283.2,956.1,327.1,1095.6
2023-01-10,4,2023-01-10T03:00,gcl,Grand Coulee,42.9,42.9,0.0,1283.2,956.0,327.2,1071.0
2023-01-10,5,2023-01-10T04:00,gcl,Grand Coulee,42.2,42.2,0.0,1283.2,955.8,327.4,1054.2
2023-01-10,6,2023-01-10T05:00,gcl,Grand Coulee,53.7,53.7,0.0,1283.2,956.4,326.8,1339.0
2023-01-10,7,2023-01-10T06:00,gcl,Grand Coulee,79.7,79.7,0.0,1283.0,958.1,324.9,1975.8
2023-01-10,8,2023-01-10T07:00,gcl,Grand Coulee,105.5,105.5,0.0,1283.0,960.3,322.7,2597.6
2023-01-10,9,2023-01-10T08:00,gcl,Grand Coulee,107.9,107.9,0.0,1283.1,960.9,322.2,2652.6
2023-01-10,10,2023-01-10T09:00,gcl,Grand Coulee,94.0,94.0,0.0,1283.2,959.8,323.4,2319.5
2023-01-10,11,2023-01-10T10:00,gcl,Grand Coulee,91.0,91.0,0.0,1283.2,959.3,323.9,2248.9
2023-01-10,12,2023-01-10T11:00,gcl,Grand Coulee,89.5,89.5,0.0,1283.2,959.2,324.0,2212.5
2023-01-10,13,2023-01-10T12:00,gcl,Grand Coulee,71.3,71.3,0.0,1283.2,959.0,324.2,1763.7
2023-01-10,14,2023-01-10T13:00,gcl,Grand Coulee,73.3,73.3,0.0,1283.2,959.0,324.2,1813.2
2023-01-10,15,2023-01-10T14:00,gcl,Grand Coulee,62.1,62.1,0.0,1283.1,956.7,326.4,1546.6
2023-01-10,16,2023-01-10T15:00,gcl,Grand Coulee,67.9,67.9,0.0,1283.1,956.6,326.5,1691.5
2023-01-10,17,2023-01-10T16:00,gcl,Grand Coulee,89.3,89.3,0.0,1283.1,958.2,324.9,2213.7
2023-01-10,18,2023-01-10T17:00,gcl,Grand Coulee,111.8,111.8,0.0,1283.1,960.5,322.6,2751.9
2023-01-10,19,2023-01-10T18:00,gcl,Grand Coulee,117.5,117.5,0.0,1283.1,961.4,321.7,2884.1
2023-01-10,20,2023-01-10T19:00,gcl,Grand Coulee,110.9,110.9,0.0,1283.1,961.1,322.0,2724.7
2023-01-10,21,2023-01-10T20:00,gcl,Grand Coulee,101.5,101.5,0.0,1283.0,960.4,322.6,2498.4
2023-01-10,22,2023-01-10T21:00,gcl,Grand Coulee,92.3,92.3,0.0,1283.0,959.6,323.4,2277.5
2023-01-10,23,2023-01-10T22:00,gcl,Grand Coulee,72.2,72.2,0.0,1283.1,958.2,324.9,1789.8
2023-01-10,24,2023-01-10T23:00,gcl,Grand Coulee,59.2,59.2,0.0,1283.1,957.1,326.0,1472.5
2023-01-11,1,2023-01-11T00:00,gcl,Grand Coulee,52.2,52.2,0.0,1283.0,956.9,326.1,1298.8
2023-01-11,2,2023-01-11T01:00,gcl,Grand Coulee,46.6,46.6,0.0,1283.1,956.7,326.4,1160.5
2023-01-11,3,2023-01-11T02:00,gcl,Grand Coulee,45.3,45.3,0.0,1283.1,956.5,326.6,1128.9
2023-01-11,4,2023-01-11T03:00,gcl,Grand Coulee,49.9,49.9,0.0,1283.1,956.7,326.4,1242.7
2023-01-11,5,2023-01-11T04:00,gcl,Grand Coulee,71.0,71.0,0.0,1283.0,958.1,324.9,1760.1
2023-01-11,6,2023-01-11T05:00,gcl,Grand Coulee,73.7,73.7,0.0,1283.1,958.7,324.4,1824.2
2023-01-11,7,2023-01-11T06:00,gcl,Grand Coulee,108.4,108.4,0.0,1283.0,961.2,321.8,2661.6
2023-01-11,8,2023-01-11T07:00,gcl,Grand Coulee,114.5,114.5,0.0,1283.0,962.6,320.4,2799.1
2023-01-11,9,2023-01-11T08:00,gcl,Grand Coulee,102.2,102.2,0.0,1283.0,961.6,321.4,2506.2
2023-01-11,10,2023-01-11T09:00,gcl,Grand Coulee,99.4,99.4,0.0,1283.0,960.9,322.1,2442.9
2023-01-11,11,2023-01-11T10:00,gcl,Grand Coulee,91.7,91.7,0.0,1283.0,960.3,322.7,2257.8
2023-01-11,12,2023-01-11T11:00,gcl,Grand Coulee,98.2,98.2,0.0,1283.0,960.6,322.4,2415.6
2023-01-11,13,2023-01-11T12:00,gcl,Grand Coulee,96.2,96.2,0.0,1282.9,960.6,322.3,2365.7
2023-01-11,14,2023-01-11T13:00,gcl,Grand Coulee,94.1,94.1,0.0,1282.9,960.5,322.4,2314.8
2023-01-11,15,2023-01-11T14:00,gcl,Grand Coulee,83.5,83.5,0.0,1282.9,959.6,323.3,2059.8
2023-01-11,16,2023-01-11T15:00,gcl,Grand Coulee,94.6,94.6,0.0,1282.9,960.0,322.9,2330.7
2023-01-11,17,2023-01-11T16:00,gcl,Grand Coulee,113.5,113.5,0.0,1282.9,961.8,321.1,2780.7
2023-01-11,18,2023-01-11T17:00,gcl,Grand Coulee,117.4,117.4,0.0,1282.9,962.4,320.5,2870.9
2023-01-11,19,2023-01-11T18:00,gcl,Grand Coulee,116.6,116.6,0.0,1282.8,962.3,320.5,2851.4
2023-01-11,20,2023-01-11T19:00,gcl,Grand Coulee,98.6,98.6,0.0,1282.8,961.0,321.8,2421.0
2023-01-11,21,2023-01-11T20:00,gcl,Grand Coulee,79.6,79.6,0.0,1282.8,959.3,323.5,1964.8
2023-01-11,22,2023-01-11T21:00,gcl,Grand Coulee,64.2,64.2,0.0,1282.9,957.5,325.4,1594.0
2023-01-11,23,2023-01-11T22:00,gcl,Grand Coulee,50.9,50.9,0.0,1282.9,956.2,326.7,1268.8
2023-01-11,24,2023-01-11T23:00,gcl,Grand Coulee,44.6,44.6,0.0,1282.9,955.3,327.6,1114.8
2023-01-12,1,2023-01-12T00:00,gcl,Grand Coulee,48.8,48.8,0.0,1282.9,956.1,326.8,1216.8
2023-01-12,2,2023-01-12T01:00,gcl,Grand Coulee,50.8,50.8,0.0,1282.8,956.3,326.5,1265.5
2023-01-12,3,2023-01-12T02:00,gcl,Grand Coulee,53.5,53.5,0.0,1282.8,956.2,326.6,1333.2
2023-01-12,4,2023-01-12T03:00,gcl,Grand Coulee,58.8,58.8,0.0,1282.9,956.6,326.3,1463.9
2023-01-12,5,2023-01-12T04:00,gcl,Grand Coulee,71.1,71.1,0.0,1283.0,957.6,325.4,1765.3
2023-01-12,6,2023-01-12T05:00,gcl,Grand Coulee,87.2,87.2,0.0,1282.9,958.9,324.0,2155.7
2023-01-12,7,2023-01-12T06:00,gcl,Grand Coulee,121.4,121.4,0.0,1282.8,961.8,321.0,2973.4
2023-01-12,8,2023-01-12T07:00,gcl,Grand Coulee,129.0,129.0,0.0,1282.8,963.3,319.5,3144.7
2023-01-12,9,2023-01-12T08:00,gcl,Grand Coulee,112.6,112.6,0.0,1282.8,962.4,320.4,2752.7
2023-01-12,10,2023-01-12T09:00,gcl,Grand Coulee,94.6,94.6,0.0,1282.8,960.6,322.2,2325.6
2023-01-12,11,2023-01-12T10:00,gcl,Grand Coulee,90.0,90.0,0.0,1282.8,960.0,322.8,2216.7
2023-01-12,12,2023-01-12T11:00,gcl,Grand Coulee,91.7,91.7,0.0,1282.8,960.1,322.7,2257.8
2023-01-12,13,2023-01-12T12:00,gcl,Grand Coulee,89.1,89.1,0.0,1282.8,959.9,322.9,2195.2
2023-01-12,14,2023-01-12T13:00,gcl,Grand Coulee,82.6,82.6,0.0,1282.7,959.4,323.3,2037.6
2023-01-12,15,2023-01-12T14:00,gcl,Grand Coulee,80.6,80.6,0.0,1282.6,959.0,323.6,1990.1
2023-01-12,16,2023-01-12T15:00,gcl,Grand Coulee,93.8,93.8,0.0,1282.6,959.7,322.9,2311.0
2023-01-12,17,2023-01-12T16:00,gcl,Grand Coulee,108.6,108.6,0.0,1282.6,961.1,321.5,2664.0
2023-01-12,18,2023-01-12T17:00,gcl,Grand Coulee,121.6,121.6,0.0,1282.6,962.3,320.3,2971.8
2023-01-12,19,2023-01-12T18:00,gcl,Grand Coulee,116.1,116.1,0.0,1282.6,962.3,320.3,2837.4
2023-01-12,20,2023-01-12T19:00,gcl,Grand Coulee,100.8,100.8,0.0,1282.6,961.1,321.5,2472.7
2023-01-12,21,2023-01-12T20:00,gcl,Grand Coulee,104.7,104.7,0.0,1282.5,960.9,321.6,2569.1
2023-01-12,22,2023-01-12T21:00,gcl,Grand Coulee,62.8,62.8,0.0,1282.6,958.2,324.4,1554.4
2023-01-12,23,2023-01-12T22:00,gcl,Grand Coulee,62.8,62.8,0.0,1282.6,958.2,324.4,1554.4
2023-01-12,24,2023-01-12T23:00,gcl,Grand Coulee,47.2,47.2,0.0,1282.7,956.4,326.3,1175.1
2023-01-13,1,2023-01-13T00:00,gcl,Grand Coulee,41.3,41.3,0.0,1282.6,955.9,326.7,1029.5
2023-01-13,2,2023-01-13T01:00,gcl,Grand Coulee,41.5,41.5,0.0,1282.7,956.0,326.7,1034.5
2023-01-13,3,2023-01-13T02:00,gcl,Grand Coulee,41.4,41.4,0.0,1282.7,955.8,326.9,1032.6
2023-01-13,4,2023-01-13T03:00,gcl,Grand Coulee,45.8,45.8,0.0,1282.6,955.8,326.8,1142.0
2023-01-13,5,2023-01-13T04:00,gcl,Grand Coulee,46.0,46.0,0.0,1282.7,955.8,326.9,1147.4
2023-01-13,6,2023-01-13T05:00,gcl,Grand Coulee,63.3,63.3,0.0,1282.7,957.0,325.7,1573.1
2023-01-13,7,2023-01-13T06:00,gcl,Grand Coulee,98.8,98.8,0.0,1282.7,959.7,323.0,2434.9
2023-01-13,8,2023-01-13T07:00,gcl,Grand Coulee,111.9,111.9,0.0,1282.6,961.5,321.1,2741.5
2023-01-13,9,2023-01-13T08:00,gcl,Grand Coulee,107.0,107.0,0.0,1282.6,961.4,321.2,2622.3
2023-01-13,10,2023-01-13T09:00,gcl,Grand Coulee,106.8,106.8,0.0,1282.6,961.2,321.4,2619.0
2023-01-13,11,2023-01-13T10:00,gcl,Grand Coulee,103.1,103.1,0.0,1282.6,960.9,321.7,2530.7
2023-01-13,12,2023-01-13T11:00,gcl,Grand Coulee,102.5,102.5,0.0,1282.6,960.9,321.7,2515.9
2023-01-13,13,2023-01-13T12:00,gcl,Grand Coulee,91.5,91.5,0.0,1282.6,960.3,322.3,2250.1
2023-01-13,14,2023-01-13T13:00,gcl,Grand Coulee,84.1,84.1,0.0,1282.5,959.7,322.8,2071.4
2023-01-13,15,2023-01-13T14:00,gcl,Grand Coulee,80.6,80.6,0.0,1282.5,959.2,323.3,1988.2
2023-01-13,16,2023-01-13T15:00,gcl,Grand Coulee,93.8,93.8,0.0,1282.5,960.1,322.4,2307.4
2023-01-13,17,2023-01-13T16:00,gcl,Grand Coulee,100.3,100.3,0.0,1282.4,960.9,321.5,2460.4
2023-01-13,18,2023-01-13T17:00,gcl,Grand Coulee,110.0,110.0,0.0,1282.4,961.7,320.7,2691.6
2023-01-13,19,2023-01-13T18:00,gcl,Grand Coulee,113.5,113.5,0.0,1282.4,962.1,320.3,2773.8
2023-01-13,20,2023-01-13T19:00,gcl,Grand Coulee,92.4,92.4,0.0,1282.4,960.7,321.7,2268.0
2023-01-13,21,2023-01-13T20:00,gcl,Grand Coulee,70.2,70.2,0.0,1282.5,958.4,324.1,1736.0
2023-01-13,22,2023-01-13T21:00,gcl,Grand Coulee,64.6,64.6,0.0,1282.5,957.6,324.9,1601.4
2023-01-13,23,2023-01-13T22:00,gcl,Grand Coulee,55.6,55.6,0.0,1282.5,956.9,325.6,1381.3
2023-01-13,24,2023-01-13T23:00,gcl,Grand Coulee,47.4,47.4,0.0,1282.5,955.8,326.7,1181.5
2023-01-14,1,2023-01-14T00:00,gcl,Grand Coulee,55.6,55.6,0.0,1282.4,956.6,325.8,1382.1
2023-01-14,2,2023-01-14T01:00,gcl,Grand Coulee,52.6,52.6,0.0,1282.5,955.6,326.9,1312.0
2023-01-14,3,2023-01-14T02:00,gcl,Grand Coulee,46.6,46.6,0.0,1282.5,956.0,326.5,1160.9
2023-01-14,4,2023-01-14T03:00,gcl,Grand Coulee,45.4,45.4,0.0,1282.5,955.8,326.7,1131.7
2023-01-14,5,2023-01-14T04:00,gcl,Grand Coulee,45.7,45.7,0.0,1282.6,956.1,326.5,1138.5
2023-01-14,6,2023-01-14T05:00,gcl,Grand Coulee,46.0,46.0,0.0,1282.6,956.2,326.4,1145.6
2023-01-14,7,2023-01-14T06:00,gcl,Grand Coulee,50.2,50.2,0.0,1282.6,956.3,326.3,1249.8
2023-01-14,8,2023-01-14T07:00,gcl,Grand Coulee,58.1,58.1,0.0,1282.5,956.9,325.6,1443.4
2023-01-14,9,2023-01-14T08:00,gcl,Grand Coulee,67.4,67.4,0.0,1282.5,957.6,324.9,1670.8
2023-01-14,10,2023-01-14T09:00,gcl,Grand Coulee,77.5,77.5,0.0,1282.5,958.4,324.1,1916.5
2023-01-14,11,2023-01-14T10:00,gcl,Grand Coulee,81.3,81.3,0.0,1282.5,958.9,323.6,2007.4
2023-01-14,12,2023-01-14T11:00,gcl,Grand Coulee,77.8,77.8,0.0,1282.6,958.7,323.9,1922.7
2023-01-14,13,2023-01-14T12:00,gcl,Grand Coulee,77.9,77.9,0.0,1282.6,958.6,324.0,1925.8
2023-01-14,14,2023-01-14T13:00,gcl,Grand Coulee,78.9,78.9,0.0,1282.6,958.8,323.8,1949.3
2023-01-14,15,2023-01-14T14:00,gcl,Grand Coulee,70.6,70.6,0.0,1282.5,958.2,324.3,1746.9
2023-01-14,16,2023-01-14T15:00,gcl,Grand Coulee,79.3,79.3,0.0,1282.5,958.7,323.8,1959.2
2023-01-14,17,2023-01-14T16:00,gcl,Grand Coulee,75.0,75.0,0.0,1282.5,958.7,323.8,1852.9
2023-01-14,18,2023-01-14T17:00,gcl,Grand Coulee,77.3,77.3,0.0,1282.5,959.0,323.5,1908.0
2023-01-14,19,2023-01-14T18:00,gcl,Grand Coulee,79.1,79.1,0.0,1282.5,959.0,323.5,1952.4
2023-01-14,20,2023-01-14T19:00,gcl,Grand Coulee,71.1,71.1,0.0,1282.5,958.6,323.9,1757.1
2023-01-14,21,2023-01-14T20:00,gcl,Grand Coulee,65.5,65.5,0.0,1282.5,958.0,324.5,1621.7
2023-01-14,22,2023-01-14T21:00,gcl,Grand Coulee,55.4,55.4,0.0,1282.6,957.3,325.3,1375.0
2023-01-14,23,2023-01-14T22:00,gcl,Grand Coulee,52.7,52.7,0.0,1282.6,957.0,325.6,1309.2
2023-01-14,24,2023-01-14T23:00,gcl,Grand Coulee,47.1,47.1,0.0,1282.6,956.6,326.0,1171.6
2023-01-15,1,2023-01-15T00:00,gcl,Grand Coulee,47.6,47.6,0.0,1282.6,956.5,326.1,1184.4
2023-01-15,2,2023-01-15T01:00,gcl,Grand Coulee,45.5,45.5,0.0,1282.5,956.4,326.1,1132.1
2023-01-15,3,2023-01-15T02:00,gcl,Grand Coulee,42.7,42.7,0.0,1282.5,956.1,326.4,1063.4
2023-01-15,4,2023-01-15T03:00,gcl,Grand Coulee,42.2,42.2,0.0,1282.6,956.1,326.5,1051.3
2023-01-15,5,2023-01-15T04:00,gcl,Grand Coulee,44.6,44.6,0.0,1282.6,956.3,326.3,1110.4
2023-01-15,6,2023-01-15T05:00,gcl,Grand Coulee,50.4,50.4,0.0,1282.6,956.7,325.9,1253.3
2023-01-15,7,2023-01-15T06:00,gcl,Grand Coulee,53.7,53.7,0.0,1282.6,956.8,325.8,1334.9
2023-01-15,8,2023-01-15T07:00,gcl,Grand Coulee,65.0,65.0,0.0,1282.6,957.6,325.0,1611.8
2023-01-15,9,2023-01-15T08:00,gcl,Grand Coulee,60.8,60.8,0.0,1282.5,957.5,325.0,1507.7
2023-01-15,10,2023-01-15T09:00,gcl,Grand Coulee,72.0,72.0,0.0,1282.5,958.2,324.3,1781.6
2023-01-15,11,2023-01-15T10:00,gcl,Grand Coulee,58.9,58.9,0.0,1282.6,957.4,325.2,1461.5
2023-01-15,12,2023-01-15T11:00,gcl,Grand Coulee,59.0,59.0,0.0,1282.6,957.3,325.3,1464.4
2023-01-15,13,2023-01-15T12:00,gcl,Grand Coulee,68.8,68.8,0.0,1282.6,957.9,324.7,1704.5
2023-01-15,14,2023-01-15T13:00,gcl,Grand Coulee,59.9,59.9,0.0,1282.5,957.6,324.9,1484.9
2023-01-15,15,2023-01-15T14:00,gcl,Grand Coulee,70.0,70.0,0.0,1282.5,958.0,324.5,1733.2
2023-01-15,16,2023-01-15T15:00,gcl,Grand Coulee,60.9,60.9,0.0,1282.5,957.5,325.0,1510.2
2023-01-15,17,2023-01-15T16:00,gcl,Grand Coulee,66.1,66.1,0.0,1282.5,957.7,324.8,1638.1
2023-01-15,18,2023-01-15T17:00,gcl,Grand Coulee,76.0,76.0,0.0,1282.5,958.5,324.0,1878.8
2023-01-15,19,2023-01-15T18:00,gcl,Grand Coulee,67.4,67.4,0.0,1282.5,958.3,324.2,1667.2
2023-01-15,20,2023-01-15T19:00,gcl,Grand Coulee,47.9,47.9,0.0,1282.6,956.6,326.0,1191.5
2023-01-15,21,2023-01-15T20:00,gcl,Grand Coulee,46.6,46.6,0.0,1282.6,956.1,326.5,1160.9
2023-01-15,22,2023-01-15T21:00,gcl,Grand Coulee,53.4,53.4,0.0,1282.6,956.7,325.9,1327.9
2023-01-15,23,2023-01-15T22:00,gcl,Grand Coulee,46.9,46.9,0.0,1282.6,956.4,326.2,1167.3
2023-01-15,24,2023-01-15T23:00,gcl,Grand Coulee,46.4,46.4,0.0,1282.6,956.6,326.0,1154.1
2023-01-16,1,2023-01-16T00:00,gcl,Grand Coulee,40.9,40.9,0.0,1282.6,955.7,326.9,1020.1
2023-01-16,2,2023-01-16T01:00,gcl,Grand Coulee,40.5,40.5,0.0,1282.7,955.9,326.8,1009.9
2023-01-16,3,2023-01-16T02:00,gcl,Grand Coulee,41.7,41.7,0.0,1282.7,955.8,326.9,1040.1
2023-01-16,4,2023-01-16T03:00,gcl,Grand Coulee,47.1,47.1,0.0,1282.7,956.3,326.4,1173.0
2023-01-16,5,2023-01-16T04:00,gcl,Grand Coulee,56.7,56.7,0.0,1282.7,957.2,325.5,1408.2
2023-01-16,6,2023-01-16T05:00,gcl,Grand Coulee,60.4,60.4,0.0,1282.6,957.4,325.2,1498.7
2023-01-16,7,2023-01-16T06:00,gcl,Grand Coulee,87.9,87.9,0.0,1282.5,959.4,323.1,2167.0
2023-01-16,8,2023-01-16T07:00,gcl,Grand Coulee,83.1,83.1,0.0,1282.6,959.6,323.0,2048.0
2023-01-16,9,2023-01-16T08:00,gcl,Grand Coulee,83.0,83.0,0.0,1282.6,959.6,323.0,2045.5
2023-01-16,10,2023-01-16T09:00,gcl,Grand Coulee,72.4,72.4,0.0,1282.7,958.6,324.1,1790.4
2023-01-16,11,2023-01-16T10:00,gcl,Grand Coulee,76.9,76.9,0.0,1282.6,958.7,323.9,1900.5
2023-01-16,12,2023-01-16T11:00,gcl,Grand Coulee,68.7,68.7,0.0,1282.6,958.2,324.4,1700.4
2023-01-16,13,2023-01-16T12:00,gcl,Grand Coulee,62.9,62.9,0.0,1282.5,957.7,324.8,1558.8
2023-01-16,14,2023-01-16T13:00,gcl,Grand Coulee,57.7,57.7,0.0,1282.5,957.2,325.3,1432.1
2023-01-16,15,2023-01-16T14:00,gcl,Grand Coulee,46.9,46.9,0.0,1282.5,956.4,326.1,1166.9
2023-01-16,16,2023-01-16T15:00,gcl,Grand Coulee,49.1,49.1,0.0,1282.6,956.3,326.3,1222.4
2023-01-16,17,2023-01-16T16:00,gcl,Grand Coulee,80.6,80.6,0.0,1282.6,958.8,323.8,1991.3
2023-01-16,18,2023-01-16T17:00,gcl,Grand Coulee,110.5,110.5,0.0,1282.5,961.5,321.0,2706.4
2023-01-16,19,2023-01-16T18:00,gcl,Grand Coulee,97.1,97.1,0.0,1282.5,961.1,321.4,2381.2
2023-01-16,20,2023-01-16T19:00,gcl,Grand Coulee,81.7,81.7,0.0,1282.5,959.5,323.0,2013.5
2023-01-16,21,2023-01-16T20:00,gcl,Grand Coulee,69.3,69.3,0.0,1282.5,958.1,324.4,1715.3
2023-01-16,22,2023-01-16T21:00,gcl,Grand Coulee,60.6,60.6,0.0,1282.6,957.5,325.1,1503.2
2023-01-16,23,2023-01-16T22:00,gcl,Grand Coulee,47.7,47.7,0.0,1282.7,956.6,326.1,1186.8
2023-01-16,24,2023-01-16T23:00,gcl,Grand Coulee,46.0,46.0,0.0,1282.6,956.1,326.5,1145.9
2023-01-17,1,2023-01-17T00:00,gcl,Grand Coulee,43.0,43.0,0.0,1282.5,955.8,326.7,1071.9
2023-01-17,2,2023-01-17T01:00,gcl,Grand Coulee,41.6,41.6,0.0,1282.5,955.5,327.0,1037.9
2023-01-17,3,2023-01-17T02:00,gcl,Grand Coulee,47.6,47.6,0.0,1282.6,955.5,327.1,1188.0
2023-01-17,4,2023-01-17T03:00,gcl,Grand Coulee,53.2,53.2,0.0,1282.6,956.1,326.5,1325.3
2023-01-17,5,2023-01-17T04:00,gcl,Grand Coulee,51.0,51.0,0.0,1282.6,956.1,326.5,1270.5
2023-01-17,6,2023-01-17T05:00,gcl,Grand Coulee,71.3,71.3,0.0,1282.6,957.2,325.4,1770.2
2023-01-17,7,2023-01-17T06:00,gcl,Grand Coulee,122.6,122.6,0.0,1282.4,961.2,321.2,3004.6
2023-01-17,8,2023-01-17T07:00,gcl,Grand Coulee,132.4,132.4,0.0,1282.3,963.8,318.5,3217.5
2023-01-17,9,2023-01-17T08:00,gcl,Grand Coulee,114.2,114.2,0.0,1282.3,962.5,319.8,2786.6
2023-01-17,10,2023-01-17T09:00,gcl,Grand Coulee,103.6,103.6,8.0,1282.3,960.9,321.4,2540.6
2023-01-17,11,2023-01-17T10:00,gcl,Grand Coulee,105.6,105.6,0.0,1282.3,960.9,321.4,2589.6
2023-01-17,12,2023-01-17T11:00,gcl,Grand Coulee,99.8,99.8,0.0,1282.4,960.6,321.8,2450.4
2023-01-17,13,2023-01-17T12:00,gcl,Grand Coulee,95.1,95.1,0.0,1282.3,960.0,322.3,2338.7
2023-01-17,14,2023-01-17T13:00,gcl,Grand Coulee,94.2,94.2,0.0,1282.1,959.7,322.4,2317.2
2023-01-17,15,2023-01-17T14:00,gcl,Grand Coulee,105.6,105.6,0.0,1282.0,960.5,321.5,2590.4
2023-01-17,16,2023-01-17T15:00,gcl,Grand Coulee,95.1,95.1,0.0,1282.1,960.1,322.0,2336.5
2023-01-17,17,2023-01-17T16:00,gcl,Grand Coulee,108.8,108.8,0.0,1282.1,960.9,321.2,2666.4
2023-01-17,18,2023-01-17T17:00,gcl,Grand Coulee,125.8,125.8,0.0,1282.0,962.3,319.7,3068.7
2023-01-17,19,2023-01-17T18:00,gcl,Grand Coulee,128.3,128.3,0.0,1282.0,963.1,318.9,3121.8
2023-01-17,20,2023-01-17T19:00,gcl,Grand Coulee,109.1,109.1,0.0,1282.0,961.8,320.2,2665.5
2023-01-17,21,2023-01-17T20:00,gcl,Grand Coulee,93.7,93.7,0.0,1281.9,960.1,321.8,2300.6
2023-01-17,22,2023-01-17T21:00,gcl,Grand Coulee,77.4,77.4,0.0,1281.9,958.4,323.5,1910.5
2023-01-17,23,2023-01-17T22:00,gcl,Grand Coulee,58.4,58.4,0.0,1282.1,956.7,325.4,1450.0
2023-01-17,24,2023-01-17T23:00,gcl,Grand Coulee,51.3,51.3,0.0,1282.1,955.6,326.5,1278.0
2023-01-18,1,2023-01-18T00:00,gcl,Grand Coulee,65.5,65.5,0.0,1282.0,956.4,325.6,1627.2
2023-01-18,2,2023-01-18T01:00,gcl,Grand Coulee,58.6,58.6,0.0,1282.1,956.2,325.9,1457.2
2023-01-18,3,2023-01-18T02:00,gcl,Grand Coulee,60.6,60.6,0.0,1282.1,956.4,325.7,1506.0
2023-01-18,4,2023-01-18T03:00,gcl,Grand Coulee,61.8,61.8,0.0,1282.1,956.5,325.6,1535.3
2023-01-18,5,2023-01-18T04:00,gcl,Grand Coulee,76.4,76.4,0.0,1282.1,957.8,324.3,1890.4
2023-01-18,6,2023-01-18T05:00,gcl,Grand Coulee,88.7,88.7,0.0,1282.1,959.0,323.1,2186.7
2023-01-18,7,2023-01-18T06:00,gcl,Grand Coulee,134.3,134.3,0.0,1282.0,962.7,319.3,3271.9
2023-01-18,8,2023-01-18T07:00,gcl,Grand Coulee,130.7,130.7,0.0,1281.9,963.9,318.0,3171.2
2023-01-18,9,2023-01-18T08:00,gcl,Grand Coulee,112.8,112.8,0.0,1281.9,962.5,319.4,2749.0
2023-01-18,10,2023-01-18T09:00,gcl,Grand Coulee,105.0,105.0,0.0,1281.9,961.3,320.6,2568.5
2023-01-18,11,2023-01-18T10:00,gcl,Grand Coulee,103.8,103.8,0.0,1281.8,961.2,320.6,2539.1
2023-01-18,12,2023-01-18T11:00,gcl,Grand Coulee,103.6,103.6,0.0,1281.9,961.3,320.6,2534.2
2023-01-18,13,2023-01-18T12:00,gcl,Grand Coulee,94.7,94.7,0.0,1281.9,960.5,321.4,2322.3
2023-01-18,14,2023-01-18T13:00,gcl,Grand Coulee,94.2,94.2,0.0,1281.7,960.2,321.5,2310.8
2023-01-18,15,2023-01-18T14:00,gcl,Grand Coulee,94.3,94.3,0.0,1281.6,960.2,321.4,2312.5
2023-01-18,16,2023-01-18T15:00,gcl,Grand Coulee,102.9,102.9,0.0,1281.6,961.0,320.6,2517.1
2023-01-18,17,2023-01-18T16:00,gcl,Grand Coulee,108.8,108.8,0.0,1281.6,961.6,320.0,2656.5
2023-01-18,18,2023-01-18T17:00,gcl,Grand Coulee,117.2,117.2,0.0,1281.5,962.4,319.1,2853.5
2023-01-18,19,2023-01-18T18:00,gcl,Grand Coulee,106.0,106.0,0.0,1281.6,961.8,319.8,2586.5
2023-01-18,20,2023-01-18T19:00,gcl,Grand Coulee,82.2,82.2,0.0,1281.6,959.8,321.8,2018.3
2023-01-18,21,2023-01-18T20:00,gcl,Grand Coulee,73.6,73.6,0.0,1281.5,958.5,323.0,1813.9
2023-01-18,22,2023-01-18T21:00,gcl,Grand Coulee,56.1,56.1,0.0,1281.5,956.8,324.7,1389.9
2023-01-18,23,2023-01-18T22:00,gcl,Grand Coulee,50.9,50.9,0.0,1281.6,955.7,325.9,1265.7
2023-01-18,24,2023-01-18T23:00,gcl,Grand Coulee,44.3,44.3,0.0,1281.6,955.2,326.4,1103.3
2023-01-19,1,2023-01-19T00:00,gcl,Grand Coulee,48.0,48.0,0.0,1281.5,955.8,325.7,1192.8
2023-01-19,2,2023-01-19T01:00,gcl,Grand Coulee,42.9,42.9,0.0,1281.6,955.4,326.2,1067.7
2023-01-19,3,2023-01-19T02:00,gcl,Grand Coulee,44.7,44.7,0.0,1281.6,955.3,326.3,1112.9
2023-01-19,4,2023-01-19T03:00,gcl,Grand Coulee,50.4,50.4,0.0,1281.5,955.9,325.6,1252.1
2023-01-19,5,2023-01-19T04:00,gcl,Grand Coulee,59.7,59.7,0.0,1281.5,956.9,324.6,1478.6
2023-01-19,6,2023-01-19T05:00,gcl,Grand Coulee,79.2,79.2,0.0,1281.5,958.1,323.4,1954.3
2023-01-19,7,2023-01-19T06:00,gcl,Grand Coulee,119.9,119.9,0.0,1281.4,961.2,320.2,2929.3
2023-01-19,8,2023-01-19T07:00,gcl,Grand Coulee,129.2,129.2,0.0,1281.3,962.7,318.6,3140.7
2023-01-19,9,2023-01-19T08:00,gcl,Grand Coulee,114.9,114.9,0.0,1281.4,961.9,319.5,2801.0
2023-01-19,10,2023-01-19T09:00,gcl,Grand Coulee,115.9,115.9,0.0,1281.4,961.3,320.1,2830.7
2023-01-19,11,2023-01-19T10:00,gcl,Grand Coulee,105.4,105.4,0.0,1281.3,960.7,320.6,2578.3
2023-01-19,12,2023-01-19T11:00,gcl,Grand Coulee,88.7,88.7,0.0,1281.4,959.3,322.1,2179.9
2023-01-19,13,2023-01-19T12:00,gcl,Grand Coulee,80.9,80.9,0.0,1281.3,958.3,323.0,1993.8
2023-01-19,14,2023-01-19T13:00,gcl,Grand Coulee,71.4,71.4,0.0,1281.2,957.5,323.7,1763.5
2023-01-19,15,2023-01-19T14:00,gcl,Grand Coulee,85.9,85.9,0.0,1281.2,958.5,322.7,2115.0
2023-01-19,16,2023-01-19T15:00,gcl,Grand Coulee,101.9,101.9,0.0,1281.2,959.8,321.4,2498.9
2023-01-19,17,2023-01-19T16:00,gcl,Grand Coulee,117.2,117.2,0.0,1281.1,961.2,319.9,2860.7
2023-01-19,18,2023-01-19T17:00,gcl,Grand Coulee,125.5,125.5,0.0,1281.1,962.1,319.0,3054.6
2023-01-19,19,2023-01-19T18:00,gcl,Grand Coulee,126.3,126.3,0.0,1281.1,962.9,318.2,3066.4
2023-01-19,20,2023-01-19T19:00,gcl,Grand Coulee,121.7,121.7,0.0,1281.0,962.8,318.2,2954.7
2023-01-19,21,2023-01-19T20:00,gcl,Grand Coulee,103.2,103.2,0.0,1281.0,961.3,319.7,2517.4
2023-01-19,22,2023-01-19T21:00,gcl,Grand Coulee,84.3,84.3,0.0,1281.0,959.5,321.5,2067.9
2023-01-19,23,2023-01-19T22:00,gcl,Grand Coulee,76.0,76.0,0.0,1281.1,958.4,322.7,1871.3
2023-01-19,24,2023-01-19T23:00,gcl,Grand Coulee,69.1,69.1,0.0,1281.1,957.8,323.3,1704.5
2023-01-20,1,2023-01-20T00:00,gcl,Grand Coulee,72.2,72.2,0.0,1281.0,957.8,323.2,1780.5
2023-01-20,2,2023-01-20T01:00,gcl,Grand Coulee,69.0,69.0,0.0,1280.9,957.8,323.1,1701.0
2023-01-20,3,2023-01-20T02:00,gcl,Grand Coulee,69.2,69.2,0.0,1280.9,957.5,323.4,1707.5
2023-01-20,4,2023-01-20T03:00,gcl,Grand Coulee,71.8,71.8,0.0,1280.9,957.8,323.1,1770.1
2023-01-20,5,2023-01-20T04:00,gcl,Grand Coulee,80.3,80.3,0.0,1280.9,958.4,322.5,1975.9
2023-01-20,6,2023-01-20T05:00,gcl,Grand Coulee,115.4,115.4,0.0,1280.8,961.0,319.8,2815.8
2023-01-20,7,2023-01-20T06:00,gcl,Grand Coulee,120.4,120.4,0.0,1280.7,962.2,318.5,2925.9
2023-01-20,8,2023-01-20T07:00,gcl,Grand Coulee,134.5,134.5,0.0,1280.6,963.5,317.1,3254.2
2023-01-20,9,2023-01-20T08:00,gcl,Grand Coulee,112.7,112.7,0.0,1280.6,962.4,318.2,2736.2
2023-01-20,10,2023-01-20T09:00,gcl,Grand Coulee,92.5,92.5,0.0,1280.6,960.4,320.2,2259.9
2023-01-20,11,2023-01-20T10:00,gcl,Grand Coulee,79.5,79.5,0.0,1280.6,959.0,321.6,1950.8
2023-01-20,12,2023-01-20T11:00,gcl,Grand Coulee,65.9,65.9,0.0,1280.7,957.8,322.9,1623.6
2023-01-20,13,2023-01-20T12:00,gcl,Grand Coulee,56.8,56.8,0.0,1280.7,956.9,323.8,1403.3
2023-01-20,14,2023-01-20T13:00,gcl,Grand Coulee,45.9,45.9,0.0,1280.6,956.2,324.4,1136.1
2023-01-20,15,2023-01-20T14:00,gcl,Grand Coulee,47.2,47.2,0.0,1280.6,956.2,324.4,1168.3
2023-01-20,16,2023-01-20T15:00,gcl,Grand Coulee,72.8,72.8,0.0,1280.5,957.9,322.6,1791.9
2023-01-20,17,2023-01-20T16:00,gcl,Grand Coulee,103.8,103.8,0.0,1280.5,960.4,320.1,2535.2
2023-01-20,18,2023-01-20T17:00,gcl,Grand Coulee,113.5,113.5,0.0,1280.5,961.9,318.6,2759.1
2023-01-20,19,2023-01-20T18:00,gcl,Grand Coulee,108.4,108.4,0.0,1280.5,961.6,318.9,2637.6
2023-01-20,20,2023-01-20T19:00,gcl,Grand Coulee,101.7,101.7,0.0,1280.5,960.9,319.6,2480.0
2023-01-20,21,2023-01-20T20:00,gcl,Grand Coulee,96.0,96.0,0.0,1280.5,960.5,320.0,2343.9
2023-01-20,22,2023-01-20T21:00,gcl,Grand Coulee,88.0,88.0,0.0,1280.5,959.9,320.6,2152.6
2023-01-20,23,2023-01-20T22:00,gcl,Grand Coulee,101.9,101.9,0.0,1280.4,960.7,319.7,2485.7
2023-01-20,24,2023-01-20T23:00,gcl,Grand Coulee,95.2,95.2,0.0,1280.3,960.5,319.8,2323.0
2023-01-21,1,2023-01-21T00:00,gcl,Grand Coulee,90.7,90.7,0.0,1280.4,960.1,320.3,2216.6
2023-01-21,2,2023-01-21T01:00,gcl,Grand Coulee,84.1,84.1,0.0,1280.4,959.6,320.8,2058.5
2023-01-21,3,2023-01-21T02:00,gcl,Grand Coulee,86.0,86.0,0.0,1280.4,959.7,320.7,2104.4
2023-01-21,4,2023-01-21T03:00,gcl,Grand Coulee,86.6,86.6,0.0,1280.3,959.8,320.5,2117.7
2023-01-21,5,2023-01-21T04:00,gcl,Grand Coulee,93.6,93.6,0.0,1280.2,960.2,320.0,2285.3
2023-01-21,6,2023-01-21T05:00,gcl,Grand Coulee,99.6,99.6,0.0,1280.7,960.8,319.9,2431.1
2023-01-21,7,2023-01-21T06:00,gcl,Grand Coulee,98.9,98.9,0.0,1280.0,960.9,319.1,2408.0
2023-01-21,8,2023-01-21T07:00,gcl,Grand Coulee,93.0,93.0,0.0,1280.1,960.6,319.5,2267.1
2023-01-21,9,2023-01-21T08:00,gcl,Grand Coulee,87.9,87.9,0.0,1280.1,960.0,320.1,2146.8
2023-01-21,10,2023-01-21T09:00,gcl,Grand Coulee,87.5,87.5,0.0,1280.1,959.8,320.3,2138.4
2023-01-21,11,2023-01-21T10:00,gcl,Grand Coulee,82.8,82.8,0.0,1280.0,959.6,320.4,2024.2
2023-01-21,12,2023-01-21T11:00,gcl,Grand Coulee,80.7,80.7,0.0,1280.0,959.3,320.7,1974.7
2023-01-21,13,2023-01-21T12:00,gcl,Grand Coulee,75.7,75.7,0.0,1279.9,958.8,321.1,1854.6
2023-01-21,14,2023-01-21T13:00,gcl,Grand Coulee,73.7,73.7,0.0,1279.9,958.5,321.4,1807.3
2023-01-21,15,2023-01-21T14:00,gcl,Grand Coulee,71.1,71.1,0.0,1279.9,958.2,321.7,1745.2
2023-01-21,16,2023-01-21T15:00,gcl,Grand Coulee,73.4,73.4,0.0,1280.0,958.2,321.8,1802.2
2023-01-21,17,2023-01-21T16:00,gcl,Grand Coulee,111.4,111.4,0.0,1279.9,961.0,318.9,2710.6
2023-01-21,18,2023-01-21T17:00,gcl,Grand Coulee,119.1,119.1,0.0,1279.8,962.5,317.3,2883.4
2023-01-21,19,2023-01-21T18:00,gcl,Grand Coulee,105.1,105.1,0.0,1279.8,961.8,318.0,2550.1
2023-01-21,20,2023-01-21T19:00,gcl,Grand Coulee,98.2,98.2,0.0,1279.8,960.7,319.1,2390.9
2023-01-21,21,2023-01-21T20:00,gcl,Grand Coulee,98.3,98.3,0.0,1279.8,960.8,319.0,2392.6
2023-01-21,22,2023-01-21T21:00,gcl,Grand Coulee,81.6,81.6,0.0,1279.9,959.8,320.1,1993.0
2023-01-21,23,2023-01-21T22:00,gcl,Grand Coulee,57.9,57.9,0.0,1279.9,957.8,322.1,1423.0
2023-01-21,24,2023-01-21T23:00,gcl,Grand Coulee,57.6,57.6,0.0,1279.8,957.2,322.6,1417.8
2023-01-22,1,2023-01-22T00:00,gcl,Grand Coulee,52.4,52.4,0.0,1279.7,957.1,322.6,1289.8
2023-01-22,2,2023-01-22T01:00,gcl,Grand Coulee,52.6,52.6,0.0,1279.8,956.9,322.9,1295.9
2023-01-22,3,2023-01-22T02:00,gcl,Grand Coulee,55.6,55.6,0.0,1279.7,956.8,322.9,1369.8
2023-01-22,4,2023-01-22T03:00,gcl,Grand Coulee,59.5,59.5,0.0,1279.7,957.2,322.5,1464.1
2023-01-22,5,2023-01-22T04:00,gcl,Grand Coulee,64.0,64.0,0.0,1279.8,957.5,322.3,1573.9
2023-01-22,6,2023-01-22T05:00,gcl,Grand Coulee,76.0,76.0,0.0,1279.8,958.1,321.7,1865.5
2023-01-22,7,2023-01-22T06:00,gcl,Grand Coulee,74.3,74.3,0.0,1279.7,958.3,321.4,1822.0
2023-01-22,8,2023-01-22T07:00,gcl,Grand Coulee,87.6,87.6,0.0,1279.6,959.2,320.4,2141.5
2023-01-22,9,2023-01-22T08:00,gcl,Grand Coulee,83.1,83.1,0.0,1279.6,959.2,320.4,2031.5
2023-01-22,10,2023-01-22T09:00,gcl,Grand Coulee,89.1,89.1,0.0,1279.6,959.5,320.1,2176.1
2023-01-22,11,2023-01-22T10:00,gcl,Grand Coulee,85.4,85.4,0.0,1279.6,959.5,320.1,2085.8
2023-01-22,12,2023-01-22T11:00,gcl,Grand Coulee,80.6,80.6,0.0,1279.6,959.2,320.4,1970.4
2023-01-22,13,2023-01-22T12:00,gcl,Grand Coulee,70.7,70.7,0.0,1279.6,958.5,321.1,1732.1
2023-01-22,14,2023-01-22T13:00,gcl,Grand Coulee,63.9,63.9,0.0,1279.6,958.0,321.6,1568.0
2023-01-22,15,2023-01-22T14:00,gcl,Grand Coulee,63.0,63.0,0.0,1279.5,958.0,321.5,1545.4
2023-01-22,16,2023-01-22T15:00,gcl,Grand Coulee,63.5,63.5,0.0,1279.5,958.2,321.3,1556.7
2023-01-22,17,2023-01-22T16:00,gcl,Grand Coulee,89.5,89.5,0.0,1279.4,959.6,319.8,2183.9
2023-01-22,18,2023-01-22T17:00,gcl,Grand Coulee,111.1,111.1,0.0,1279.4,961.8,317.6,2692.3
2023-01-22,19,2023-01-22T18:00,gcl,Grand Coulee,104.1,104.1,0.0,1279.4,961.7,317.7,2523.4
2023-01-22,20,2023-01-22T19:00,gcl,Grand Coulee,98.4,98.4,0.0,1279.4,960.9,318.5,2391.3
2023-01-22,21,2023-01-22T20:00,gcl,Grand Coulee,76.5,76.5,0.0,1279.5,959.4,320.1,1868.4
2023-01-22,22,2023-01-22T21:00,gcl,Grand Coulee,75.6,75.6,0.0,1279.5,959.1,320.4,1848.2
2023-01-22,23,2023-01-22T22:00,gcl,Grand Coulee,70.0,70.0,0.0,1279.5,958.5,321.0,1714.5
2023-01-22,24,2023-01-22T23:00,gcl,Grand Coulee,72.7,72.7,0.0,1279.4,958.4,321.0,1780.6
2023-01-23,1,2023-01-23T00:00,gcl,Grand Coulee,80.0,80.0,0.0,1279.4,958.9,320.5,1956.3
2023-01-23,2,2023-01-23T01:00,gcl,Grand Coulee,77.4,77.4,0.0,1279.4,958.8,320.6,1893.3
2023-01-23,3,2023-01-23T02:00,gcl,Grand Coulee,75.3,75.3,0.0,1279.4,958.6,320.8,1843.1
2023-01-23,4,2023-01-23T03:00,gcl,Grand Coulee,67.5,67.5,0.0,1279.5,958.0,321.5,1655.8
2023-01-23,5,2023-01-23T04:00,gcl,Grand Coulee,72.0,72.0,0.0,1279.5,958.2,321.3,1765.1
2023-01-23,6,2023-01-23T05:00,gcl,Grand Coulee,85.9,85.9,0.0,1279.4,959.4,320.0,2097.3
2023-01-23,7,2023-01-23T06:00,gcl,Grand Coulee,107.8,107.8,0.0,1279.2,961.1,318.1,2616.4
2023-01-23,8,2023-01-23T07:00,gcl,Grand Coulee,116.2,116.2,0.0,1279.1,962.5,316.6,2807.0
2023-01-23,9,2023-01-23T08:00,gcl,Grand Coulee,95.4,95.4,0.0,1279.1,961.1,318.0,2314.7
2023-01-23,10,2023-01-23T09:00,gcl,Grand Coulee,82.0,82.0,0.0,1279.2,959.7,319.5,1999.0
2023-01-23,11,2023-01-23T10:00,gcl,Grand Coulee,72.7,72.7,0.0,1279.3,959.0,320.3,1776.7
2023-01-23,12,2023-01-23T11:00,gcl,Grand Coulee,65.0,65.0,0.0,1279.3,958.6,320.7,1590.5
2023-01-23,13,2023-01-23T12:00,gcl,Grand Coulee,49.5,49.5,0.0,1279.3,957.5,321.8,1215.4
2023-01-23,14,2023-01-23T13:00,gcl,Grand Coulee,48.7,48.7,0.0,1279.2,957.3,321.9,1196.1
2023-01-23,15,2023-01-23T14:00,gcl,Grand Coulee,51.0,51.0,0.0,1279.2,957.3,321.9,1252.6
2023-01-23,16,2023-01-23T15:00,gcl,Grand Coulee,64.2,64.2,0.0,1279.2,958.3,320.9,1571.9
2023-01-23,17,2023-01-23T16:00,gcl,Grand Coulee,85.7,85.7,0.0,1279.2,959.7,319.5,2089.2
2023-01-23,18,2023-01-23T17:00,gcl,Grand Coulee,116.4,116.4,0.0,1279.2,962.3,316.9,2814.5
2023-01-23,19,2023-01-23T18:00,gcl,Grand Coulee,123.4,123.4,0.0,1279.1,963.3,315.8,2973.4
2023-01-23,20,2023-01-23T19:00,gcl,Grand Coulee,117.5,117.5,0.0,1279.1,963.0,316.1,2833.9
2023-01-23,21,2023-01-23T20:00,gcl,Grand Coulee,104.8,104.8,0.0,1279.0,961.8,317.2,2536.4
2023-01-23,22,2023-01-23T21:00,gcl,Grand Coulee,80.3,80.3,0.0,1279.1,959.9,319.2,1955.7
2023-01-23,23,2023-01-23T22:00,gcl,Grand Coulee,82.2,82.2,0.0,1279.1,959.4,319.7,2005.1
2023-01-23,24,2023-01-23T23:00,gcl,Grand Coulee,79.0,79.0,0.0,1279.1,959.2,319.9,1928.3
2023-01-24,1,2023-01-24T00:00,gcl,Grand Coulee,62.4,62.4,0.0,1279.1,958.0,321.1,1528.8
2023-01-24,2,2023-01-24T01:00,gcl,Grand Coulee,63.3,63.3,0.0,1279.1,957.6,321.5,1552.8
2023-01-24,3,2023-01-24T02:00,gcl,Grand Coulee,63.9,63.9,0.0,1279.0,957.7,321.3,1566.5
2023-01-24,4,2023-01-24T03:00,gcl,Grand Coulee,73.0,73.0,0.0,1279.0,958.4,320.6,1785.7
2023-01-24,5,2023-01-24T04:00,gcl,Grand Coulee,77.1,77.1,0.0,1279.0,958.6,320.4,1884.8
2023-01-24,6,2023-01-24T05:00,gcl,Grand Coulee,106.6,106.6,0.0,1278.9,960.7,318.2,2588.1
2023-01-24,7,2023-01-24T06:00,gcl,Grand Coulee,120.0,120.0,0.0,1278.8,962.5,316.3,2896.0
2023-01-24,8,2023-01-24T07:00,gcl,Grand Coulee,125.4,125.4,0.0,1278.8,963.5,315.3,3016.8
2023-01-24,9,2023-01-24T08:00,gcl,Grand Coulee,101.1,101.1,0.0,1278.8,961.9,316.9,2444.5
2023-01-24,10,2023-01-24T09:00,gcl,Grand Coulee,110.9,110.9,0.0,1278.7,961.8,316.9,2681.5
2023-01-24,11,2023-01-24T10:00,gcl,Grand Coulee,84.4,84.4,0.0,1278.7,960.2,318.5,2051.1
2023-01-24,12,2023-01-24T11:00,gcl,Grand Coulee,92.8,92.8,0.0,1278.8,960.1,318.7,2256.6
2023-01-24,13,2023-01-24T12:00,gcl,Grand Coulee,79.4,79.4,0.0,1278.8,959.3,319.5,1935.6
2023-01-24,14,2023-01-24T13:00,gcl,Grand Coulee,65.4,65.4,0.0,1278.7,958.1,320.6,1599.8
2023-01-24,15,2023-01-24T14:00,gcl,Grand Coulee,65.4,65.4,0.0,1278.7,957.7,321.0,1601.8
2023-01-24,16,2023-01-24T15:00,gcl,Grand Coulee,92.1,92.1,0.0,1278.5,959.5,319.0,2241.7
2023-01-24,17,2023-01-24T16:00,gcl,Grand Coulee,123.9,123.9,0.0,1278.4,962.4,316.0,2987.3
2023-01-24,18,2023-01-24T17:00,gcl,Grand Coulee,142.0,142.0,0.0,1278.3,964.4,313.9,3401.0
2023-01-24,19,2023-01-24T18:00,gcl,Grand Coulee,145.8,145.8,0.0,1278.3,965.0,313.3,3485.3
2023-01-24,20,2023-01-24T19:00,gcl,Grand Coulee,117.3,117.3,0.0,1278.4,963.1,315.3,2821.9
2023-01-24,21,2023-01-24T20:00,gcl,Grand Coulee,97.6,97.6,0.0,1278.4,961.1,317.3,2362.9
2023-01-24,22,2023-01-24T21:00,gcl,Grand Coulee,81.6,81.6,0.0,1278.4,959.3,319.1,1986.7
2023-01-24,23,2023-01-24T22:00,gcl,Grand Coulee,63.4,63.4,0.0,1278.4,958.0,320.4,1549.9
2023-01-24,24,2023-01-24T23:00,gcl,Grand Coulee,54.7,54.7,0.0,1278.3,956.7,321.6,1342.2
2023-01-25,1,2023-01-25T00:00,gcl,Grand Coulee,60.0,60.0,0.0,1278.2,956.4,321.8,1473.2
2023-01-25,2,2023-01-25T01:00,gcl,Grand Coulee,62.9,62.9,0.0,1278.2,956.5,321.7,1543.9
2023-01-25,3,2023-01-25T02:00,gcl,Grand Coulee,69.6,69.6,0.0,1278.3,957.4,320.9,1704.1
2023-01-25,4,2023-01-25T03:00,gcl,Grand Coulee,72.2,72.2,0.0,1278.3,957.8,320.5,1765.6
2023-01-25,5,2023-01-25T04:00,gcl,Grand Coulee,74.6,74.6,0.0,1278.3,958.1,320.2,1822.6
2023-01-25,6,2023-01-25T05:00,gcl,Grand Coulee,90.5,90.5,0.0,1278.2,959.5,318.7,2200.7
2023-01-25,7,2023-01-25T06:00,gcl,Grand Coulee,135.2,135.2,0.0,1278.0,963.2,314.8,3247.4
2023-01-25,8,2023-01-25T07:00,gcl,Grand Coulee,133.7,133.7,0.0,1277.9,964.2,313.7,3200.2
2023-01-25,9,2023-01-25T08:00,gcl,Grand Coulee,105.6,105.6,0.0,1278.0,962.2,315.8,2544.5
2023-01-25,10,2023-01-25T09:00,gcl,Grand Coulee,109.2,109.2,0.0,1278.0,961.6,316.4,2636.2
2023-01-25,11,2023-01-25T10:00,gcl,Grand Coulee,87.5,87.5,0.0,1278.0,960.4,317.6,2120.4
2023-01-25,12,2023-01-25T11:00,gcl,Grand Coulee,68.5,68.5,0.0,1278.1,958.6,319.5,1669.9
2023-01-25,13,2023-01-25T12:00,gcl,Grand Coulee,63.8,63.8,0.0,1278.0,957.8,320.2,1558.7
2023-01-25,14,2023-01-25T13:00,gcl,Grand Coulee,67.6,67.6,0.0,1277.9,958.1,319.8,1649.5
2023-01-25,15,2023-01-25T14:00,gcl,Grand Coulee,65.9,65.9,0.0,1277.9,958.0,319.9,1608.5
2023-01-25,16,2023-01-25T15:00,gcl,Grand Coulee,86.2,86.2,0.0,1277.9,959.2,318.7,2096.1
2023-01-25,17,2023-01-25T16:00,gcl,Grand Coulee,92.0,92.0,0.0,1277.9,960.0,317.9,2231.5
2023-01-25,18,2023-01-25T17:00,gcl,Grand Coulee,120.5,120.5,0.0,1277.9,962.1,315.8,2903.5
2023-01-25,19,2023-01-25T18:00,gcl,Grand Coulee,114.3,114.3,0.0,1278.0,962.6,315.4,2750.6
2023-01-25,20,2023-01-25T19:00,gcl,Grand Coulee,93.7,93.7,0.0,1277.9,960.9,317.0,2266.3
2023-01-25,21,2023-01-25T20:00,gcl,Grand Coulee,79.5,79.5,0.0,1277.8,959.4,318.4,1931.4
2023-01-25,22,2023-01-25T21:00,gcl,Grand Coulee,67.7,67.7,0.0,1277.8,958.3,319.5,1650.4
2023-01-25,23,2023-01-25T22:00,gcl,Grand Coulee,50.6,50.6,0.0,1277.9,957.0,320.9,1238.9
2023-01-25,24,2023-01-25T23:00,gcl,Grand Coulee,53.1,53.1,0.0,1277.9,956.8,321.1,1300.9
2023-01-26,1,2023-01-26T00:00,gcl,Grand Coulee,47.8,47.8,0.0,1277.9,957.0,320.9,1170.4
2023-01-26,2,2023-01-26T01:00,gcl,Grand Coulee,45.6,45.6,0.0,1278.0,957.0,321.0,1116.8
2023-01-26,3,2023-01-26T02:00,gcl,Grand Coulee,43.1,43.1,0.0,1278.0,956.4,321.6,1057.6
2023-01-26,4,2023-01-26T03:00,gcl,Grand Coulee,44.8,44.8,0.0,1277.8,956.7,321.1,1097.6
2023-01-26,5,2023-01-26T04:00,gcl,Grand Coulee,52.7,52.7,0.0,1277.8,957.2,320.6,1289.1
2023-01-26,6,2023-01-26T05:00,gcl,Grand Coulee,73.3,73.3,0.0,1277.8,958.6,319.2,1785.2
2023-01-26,7,2023-01-26T06:00,gcl,Grand Coulee,103.8,103.8,0.0,1277.8,960.9,316.9,2509.8
2023-01-26,8,2023-01-26T07:00,gcl,Grand Coulee,106.5,106.5,0.0,1277.8,961.9,315.9,2567.0
2023-01-26,9,2023-01-26T08:00,gcl,Grand Coulee,87.7,87.7,0.0,1277.8,960.6,317.2,2122.5
2023-01-26,10,2023-01-26T09:00,gcl,Grand Coulee,70.8,70.8,0.0,1277.8,959.1,318.7,1721.6
2023-01-26,11,2023-01-26T10:00,gcl,Grand Coulee,59.2,59.2,0.0,1277.8,958.3,319.5,1443.2
2023-01-26,12,2023-01-26T11:00,gcl,Grand Coulee,72.2,72.2,0.0,1277.7,958.9,318.8,1756.2
2023-01-26,13,2023-01-26T12:00,gcl,Grand Coulee,68.1,68.1,0.0,1277.7,958.7,319.0,1657.5
2023-01-26,14,2023-01-26T13:00,gcl,Grand Coulee,58.4,58.4,0.0,1277.7,957.9,319.8,1425.0
2023-01-26,15,2023-01-26T14:00,gcl,Grand Coulee,66.4,66.4,0.0,1277.7,957.9,319.8,1620.2
2023-01-26,16,2023-01-26T15:00,gcl,Grand Coulee,77.7,77.7,0.0,1277.8,958.9,318.9,1890.6
2023-01-26,17,2023-01-26T16:00,gcl,Grand Coulee,80.0,80.0,0.0,1277.8,959.1,318.7,1945.3
2023-01-26,18,2023-01-26T17:00,gcl,Grand Coulee,102.2,102.2,0.0,1277.7,960.4,317.3,2474.3
2023-01-26,19,2023-01-26T18:00,gcl,Grand Coulee,97.0,97.0,0.0,1277.6,960.6,317.0,2346.1
2023-01-26,20,2023-01-26T19:00,gcl,Grand Coulee,88.3,88.3,0.0,1277.7,959.9,317.8,2141.1
2023-01-26,21,2023-01-26T20:00,gcl,Grand Coulee,73.4,73.4,0.0,1277.7,958.5,319.2,1787.7
2023-01-26,22,2023-01-26T21:00,gcl,Grand Coulee,69.1,69.1,0.0,1277.7,957.8,319.9,1686.6
2023-01-26,23,2023-01-26T22:00,gcl,Grand Coulee,48.5,48.5,0.0,1277.8,956.1,321.7,1190.5
2023-01-26,24,2023-01-26T23:00,gcl,Grand Coulee,42.1,42.1,0.0,1277.8,955.6,322.2,1035.0
2023-01-27,1,2023-01-27T00:00,gcl,Grand Coulee,46.4,46.4,0.0,1277.7,956.1,321.6,1138.6
2023-01-27,2,2023-01-27T01:00,gcl,Grand Coulee,45.1,45.1,0.0,1277.6,956.2,321.4,1106.0
2023-01-27,3,2023-01-27T02:00,gcl,Grand Coulee,44.1,44.1,0.0,1277.7,955.9,321.8,1082.8
2023-01-27,4,2023-01-27T03:00,gcl,Grand Coulee,43.1,43.1,0.0,1277.7,955.7,322.0,1058.9
2023-01-27,5,2023-01-27T04:00,gcl,Grand Coulee,49.0,49.0,0.0,1277.8,956.3,321.5,1202.0
2023-01-27,6,2023-01-27T05:00,gcl,Grand Coulee,57.7,57.7,0.0,1277.8,956.9,320.9,1412.8
2023-01-27,7,2023-01-27T06:00,gcl,Grand Coulee,87.6,87.6,0.0,1277.6,958.8,318.8,2130.8
2023-01-27,8,2023-01-27T07:00,gcl,Grand Coulee,101.1,101.1,0.0,1277.5,960.3,317.2,2446.9
2023-01-27,9,2023-01-27T08:00,gcl,Grand Coulee,98.1,98.1,0.0,1277.5,960.3,317.2,2374.3
2023-01-27,10,2023-01-27T09:00,gcl,Grand Coulee,107.0,107.0,0.0,1277.5,960.8,316.7,2585.6
2023-01-27,11,2023-01-27T10:00,gcl,Grand Coulee,111.5,111.5,0.0,1277.5,961.5,316.0,2688.4
2023-01-27,12,2023-01-27T11:00,gcl,Grand Coulee,102.5,102.5,0.0,1277.6,961.1,316.5,2475.3
2023-01-27,13,2023-01-27T12:00,gcl,Grand Coulee,91.8,91.8,0.0,1277.6,960.0,317.6,2224.6
2023-01-27,14,2023-01-27T13:00,gcl,Grand Coulee,77.8,77.8,0.0,1277.5,958.9,318.6,1891.3
2023-01-27,15,2023-01-27T14:00,gcl,Grand Coulee,90.9,90.9,0.0,1277.3,959.5,317.8,2204.2
2023-01-27,16,2023-01-27T15:00,gcl,Grand Coulee,89.4,89.4,0.0,1277.3,960.0,317.3,2164.4
2023-01-27,17,2023-01-27T16:00,gcl,Grand Coulee,96.9,96.9,0.0,1277.3,960.3,317.0,2343.7
2023-01-27,18,2023-01-27T17:00,gcl,Grand Coulee,103.2,103.2,0.0,1277.2,960.9,316.3,2490.6
2023-01-27,19,2023-01-27T18:00,gcl,Grand Coulee,97.7,97.7,0.0,1277.3,960.8,316.5,2359.4
2023-01-27,20,2023-01-27T19:00,gcl,Grand Coulee,94.2,94.2,0.0,1277.3,960.5,316.8,2277.0
2023-01-27,21,2023-01-27T20:00,gcl,Grand Coulee,92.5,92.5,0.0,1277.2,960.3,316.9,2236.6
2023-01-27,22,2023-01-27T21:00,gcl,Grand Coulee,88.9,88.9,0.0,1277.1,960.1,317.0,2150.2
2023-01-27,23,2023-01-27T22:00,gcl,Grand Coulee,73.6,73.6,0.0,1277.1,959.1,318.0,1785.8
2023-01-27,24,2023-01-27T23:00,gcl,Grand Coulee,72.8,72.8,0.0,1277.1,958.7,318.4,1768.6
2023-01-28,1,2023-01-28T00:00,gcl,Grand Coulee,82.8,82.8,0.0,1277.0,959.5,317.5,2005.9
2023-01-28,2,2023-01-28T01:00,gcl,Grand Coulee,72.0,72.0,0.0,1277.1,959.1,318.0,1747.0
2023-01-28,3,2023-01-28T02:00,gcl,Grand Coulee,63.4,63.4,0.0,1277.2,958.2,319.0,1543.1
2023-01-28,4,2023-01-28T03:00,gcl,Grand Coulee,62.3,62.3,0.0,1272.1,958.0,314.1,1493.1
2023-01-28,5,2023-01-28T04:00,gcl,Grand Coulee,64.8,64.8,0.0,1277.0,958.3,318.7,1575.7
2023-01-28,6,2023-01-28T05:00,gcl,Grand Coulee,99.2,99.2,0.0,1277.0,960.6,316.4,2394.8
2023-01-28,7,2023-01-28T06:00,gcl,Grand Coulee,122.7,122.7,0.0,1276.9,962.8,314.1,2940.6
2023-01-28,8,2023-01-28T07:00,gcl,Grand Coulee,118.8,118.8,0.0,1276.8,963.4,313.4,2840.8
2023-01-28,9,2023-01-28T08:00,gcl,Grand Coulee,107.1,107.1,0.0,1276.8,962.3,314.5,2570.0
2023-01-28,10,2023-01-28T09:00,gcl,Grand Coulee,105.4,105.4,0.0,1276.8,961.7,315.1,2534.0
2023-01-28,11,2023-01-28T10:00,gcl,Grand Coulee,102.2,102.2,0.0,1276.8,961.4,315.4,2459.4
2023-01-28,12,2023-01-28T11:00,gcl,Grand Coulee,97.6,97.6,0.0,1276.8,961.0,315.8,2351.7
2023-01-28,13,2023-01-28T12:00,gcl,Grand Coulee,82.9,82.9,0.0,1276.8,960.0,316.8,2003.8
2023-01-28,14,2023-01-28T13:00,gcl,Grand Coulee,79.9,79.9,0.0,1276.7,959.7,317.0,1932.5
2023-01-28,15,2023-01-28T14:00,gcl,Grand Coulee,82.0,82.0,0.0,1276.7,959.8,316.9,1982.7
2023-01-28,16,2023-01-28T15:00,gcl,Grand Coulee,93.4,93.4,0.0,1276.6,960.6,316.0,2251.9
2023-01-28,17,2023-01-28T16:00,gcl,Grand Coulee,117.9,117.9,0.0,1276.6,962.5,314.1,2825.6
2023-01-28,18,2023-01-28T17:00,gcl,Grand Coulee,105.4,105.4,0.0,1276.6,962.1,314.5,2529.2
2023-01-28,19,2023-01-28T18:00,gcl,Grand Coulee,118.3,118.3,0.0,1276.5,962.6,313.9,2833.4
2023-01-28,20,2023-01-28T19:00,gcl,Grand Coulee,111.1,111.1,0.0,1276.5,962.3,314.2,2663.5
2023-01-28,21,2023-01-28T20:00,gcl,Grand Coulee,101.0,101.0,0.0,1276.6,961.5,315.1,2428.3
2023-01-28,22,2023-01-28T21:00,gcl,Grand Coulee,93.0,93.0,0.0,1276.5,960.5,316.0,2242.3
2023-01-28,23,2023-01-28T22:00,gcl,Grand Coulee,83.8,83.8,0.0,1276.5,959.6,316.9,2026.2
2023-01-28,24,2023-01-28T23:00,gcl,Grand Coulee,73.7,73.7,0.0,1276.4,958.4,318.0,1788.2
2023-01-29,1,2023-01-29T00:00,gcl,Grand Coulee,74.7,74.7,0.0,1276.4,957.9,318.5,1815.3
2023-01-29,2,2023-01-29T01:00,gcl,Grand Coulee,65.4,65.4,0.0,1276.4,957.2,319.2,1592.8
2023-01-29,3,2023-01-29T02:00,gcl,Grand Coulee,68.3,68.3,0.0,1276.4,957.4,319.0,1662.4
2023-01-29,4,2023-01-29T03:00,gcl,Grand Coulee,76.7,76.7,0.0,1276.4,957.9,318.5,1863.9
2023-01-29,5,2023-01-29T04:00,gcl,Grand Coulee,81.8,81.8,0.0,1276.3,958.4,317.9,1984.1
2023-01-29,6,2023-01-29T05:00,gcl,Grand Coulee,110.8,110.8,0.0,1276.2,960.1,316.1,2672.3
2023-01-29,7,2023-01-29T06:00,gcl,Grand Coulee,124.5,124.5,0.0,1276.2,962.1,314.1,2983.7
2023-01-29,8,2023-01-29T07:00,gcl,Grand Coulee,135.6,135.6,0.0,1276.1,963.5,312.6,3234.2
2023-01-29,9,2023-01-29T08:00,gcl,Grand Coulee,128.8,128.8,0.0,1276.1,963.5,312.6,3072.1
2023-01-29,10,2023-01-29T09:00,gcl,Grand Coulee,117.3,117.3,0.0,1276.1,962.7,313.4,2804.9
2023-01-29,11,2023-01-29T10:00,gcl,Grand Coulee,103.6,103.6,0.0,1276.1,961.8,314.3,2484.4
2023-01-29,12,2023-01-29T11:00,gcl,Grand Coulee,90.4,90.4,0.0,1276.0,960.8,315.2,2174.1
2023-01-29,13,2023-01-29T12:00,gcl,Grand Coulee,80.7,80.7,0.0,1275.9,959.8,316.1,1946.4
2023-01-29,14,2023-01-29T13:00,gcl,Grand Coulee,79.5,79.5,0.0,1275.9,959.6,316.3,1918.6
2023-01-29,15,2023-01-29T14:00,gcl,Grand Coulee,76.3,76.3,0.0,1275.9,959.3,316.6,1843.1
2023-01-29,16,2023-01-29T15:00,gcl,Grand Coulee,94.6,94.6,0.0,1275.8,960.4,315.4,2276.6
2023-01-29,17,2023-01-29T16:00,gcl,Grand Coulee,115.3,115.3,0.0,1275.8,962.1,313.7,2759.7
2023-01-29,18,2023-01-29T17:00,gcl,Grand Coulee,131.2,131.2,0.0,1275.8,963.5,312.3,3126.3
2023-01-29,19,2023-01-29T18:00,gcl,Grand Coulee,135.1,135.1,0.0,1275.8,964.0,311.8,3214.1
2023-01-29,20,2023-01-29T19:00,gcl,Grand Coulee,137.8,137.8,0.0,1275.7,964.4,311.3,3273.1
2023-01-29,21,2023-01-29T20:00,gcl,Grand Coulee,130.6,130.6,0.0,1275.7,964.1,311.6,3105.0
2023-01-29,22,2023-01-29T21:00,gcl,Grand Coulee,131.3,131.3,0.0,1275.6,964.0,311.6,3121.7
2023-01-29,23,2023-01-29T22:00,gcl,Grand Coulee,121.4,121.4,0.0,1275.6,963.3,312.3,2892.8
2023-01-29,24,2023-01-29T23:00,gcl,Grand Coulee,101.1,101.1,0.0,1275.6,961.3,314.3,2424.5
2023-01-30,1,2023-01-30T00:00,gcl,Grand Coulee,115.1,115.1,0.0,1275.5,961.6,313.9,2756.7
2023-01-30,2,2023-01-30T01:00,gcl,Grand Coulee,114.8,114.8,0.0,1275.4,962.0,313.4,2745.1
2023-01-30,3,2023-01-30T02:00,gcl,Grand Coulee,127.9,127.9,0.0,1275.3,962.9,312.4,3048.6
2023-01-30,4,2023-01-30T03:00,gcl,Grand Coulee,126.9,126.9,0.0,1275.3,963.1,312.2,3022.9
2023-01-30,5,2023-01-30T04:00,gcl,Grand Coulee,129.2,129.2,0.0,1275.2,963.2,312.0,3075.7
2023-01-30,6,2023-01-30T05:00,gcl,Grand Coulee,142.0,142.0,0.0,1275.1,964.3,310.8,3367.4
2023-01-30,7,2023-01-30T06:00,gcl,Grand Coulee,150.4,150.4,0.0,1275.1,965.2,309.9,3556.3
2023-01-30,8,2023-01-30T07:00,gcl,Grand Coulee,170.4,170.4,0.0,1275.0,967.9,307.1,3992.8
2023-01-30,9,2023-01-30T08:00,gcl,Grand Coulee,156.7,156.7,0.0,1274.9,966.6,308.3,3686.1
2023-01-30,10,2023-01-30T09:00,gcl,Grand Coulee,123.2,123.2,0.0,1274.9,964.0,310.9,2922.5
2023-01-30,11,2023-01-30T10:00,gcl,Grand Coulee,98.6,98.6,0.0,1274.9,961.3,313.6,2359.3
2023-01-30,12,2023-01-30T11:00,gcl,Grand Coulee,92.3,92.3,0.0,1274.9,960.1,314.8,2217.0
2023-01-30,13,2023-01-30T12:00,gcl,Grand Coulee,88.5,88.5,0.0,1274.9,959.8,315.1,2127.7
2023-01-30,14,2023-01-30T13:00,gcl,Grand Coulee,83.1,83.1,0.0,1274.8,959.2,315.6,2001.1
2023-01-30,15,2023-01-30T14:00,gcl,Grand Coulee,81.8,81.8,0.0,1274.7,958.8,315.9,1971.6
2023-01-30,16,2023-01-30T15:00,gcl,Grand Coulee,94.0,94.0,0.0,1274.7,959.7,315.0,2259.2
2023-01-30,17,2023-01-30T16:00,gcl,Grand Coulee,110.5,110.5,0.0,1274.7,961.2,313.5,2643.2
2023-01-30,18,2023-01-30T17:00,gcl,Grand Coulee,117.9,117.9,0.0,1274.6,962.2,312.4,2810.3
2023-01-30,19,2023-01-30T18:00,gcl,Grand Coulee,118.6,118.6,0.0,1274.6,962.4,312.2,2825.2
2023-01-30,20,2023-01-30T19:00,gcl,Grand Coulee,114.2,114.2,0.0,1274.6,962.2,312.4,2722.1
2023-01-30,21,2023-01-30T20:00,gcl,Grand Coulee,104.8,104.8,0.0,1274.6,961.4,313.2,2504.4
2023-01-30,22,2023-01-30T21:00,gcl,Grand Coulee,103.8,103.8,0.0,1274.6,961.0,313.6,2483.7
2023-01-30,23,2023-01-30T22:00,gcl,Grand Coulee,99.0,99.0,0.0,1274.6,960.8,313.8,2370.4
2023-01-30,24,2023-01-30T23:00,gcl,Grand Coulee,104.1,104.1,0.0,1274.5,961.1,313.4,2489.3
2023-01-31,1,2023-01-31T00:00,gcl,Grand Coulee,84.5,84.5,0.0,1274.6,960.0,314.6,2028.3
2023-01-31,2,2023-01-31T01:00,gcl,Grand Coulee,83.2,83.2,0.0,1274.6,959.5,315.1,2000.3
2023-01-31,3,2023-01-31T02:00,gcl,Grand Coulee,81.1,81.1,0.0,1274.6,959.4,315.2,1950.4
2023-01-31,4,2023-01-31T03:00,gcl,Grand Coulee,90.8,90.8,0.0,1274.5,960.0,314.5,2178.9
2023-01-31,5,2023-01-31T04:00,gcl,Grand Coulee,110.0,110.0,0.0,1274.4,961.5,312.9,2626.2
2023-01-31,6,2023-01-31T05:00,gcl,Grand Coulee,133.4,133.4,0.0,1274.3,963.6,310.7,3162.4
2023-01-31,7,2023-01-31T06:00,gcl,Grand Coulee,151.5,151.5,0.0,1274.2,965.3,308.9,3570.7
2023-01-31,8,2023-01-31T07:00,gcl,Grand Coulee,164.9,164.9,0.0,1274.2,966.8,307.4,3867.7
2023-01-31,9,2023-01-31T08:00,gcl,Grand Coulee,145.5,145.5,0.0,1274.2,965.7,308.5,3424.9
2023-01-31,10,2023-01-31T09:00,gcl,Grand Coulee,118.2,118.2,0.0,1274.2,963.5,310.7,2802.1
2023-01-31,11,2023-01-31T10:00,gcl,Grand Coulee,109.4,109.4,0.0,1274.2,962.1,312.1,2605.2
2023-01-31,12,2023-01-31T11:00,gcl,Grand Coulee,100.0,100.0,0.0,1274.1,961.2,312.9,2387.4
2023-01-31,13,2023-01-31T12:00,gcl,Grand Coulee,87.4,87.4,0.0,1274.1,960.1,314.0,2093.9
2023-01-31,14,2023-01-31T13:00,gcl,Grand Coulee,81.6,81.6,0.0,1274.0,959.2,314.8,1960.0
2023-01-31,15,2023-01-31T14:00,gcl,Grand Coulee,79.9,79.9,0.0,1274.0,958.6,315.4,1922.8
2023-01-31,16,2023-01-31T15:00,gcl,Grand Coulee,91.0,91.0,0.0,1274.0,959.2,314.8,2185.8
2023-01-31,17,2023-01-31T16:00,gcl,Grand Coulee,109.0,109.0,0.0,1274.0,960.7,313.3,2605.6
2023-01-31,18,2023-01-31T17:00,gcl,Grand Coulee,148.8,148.8,0.0,1273.9,964.0,309.9,3518.4
2023-01-31,19,2023-01-31T18:00,gcl,Grand Coulee,146.6,146.6,0.0,1273.8,965.2,308.6,3451.9
2023-01-31,20,2023-01-31T19:00,gcl,Grand Coulee,136.9,136.9,0.0,1273.8,964.5,309.3,3230.8
2023-01-31,21,2023-01-31T20:00,gcl,Grand Coulee,114.3,114.3,0.0,1273.8,962.8,311.0,2712.3
2023-01-31,22,2023-01-31T21:00,gcl,Grand Coulee,95.6,95.6,0.0,1273.8,961.0,312.8,2281.7
2023-01-31,23,2023-01-31T22:00,gcl,Grand Coulee,90.9,90.9,0.0,1273.9,960.3,313.6,2175.0
2023-01-31,24,2023-01-31T23:00,gcl,Grand Coulee,86.2,86.2,0.0,1273.8,959.7,314.1,2065.9
2023-02-01,1,2023-02-01T00:00,gcl,Grand Coulee,116.8,116.8,0.0,1273.7,961.7,312.0,2780.5
2023-02-01,2,2023-02-01T01:00,gcl,Grand Coulee,107.9,107.9,0.0,1273.6,961.8,311.8,2567.0
2023-02-01,3,2023-02-01T02:00,gcl,Grand Coulee,105.2,105.2,0.0,1273.6,961.2,312.4,2507.6
2023-02-01,4,2023-02-01T03:00,gcl,Grand Coulee,109.7,109.7,0.0,1273.6,961.3,312.3,2614.0
2023-02-01,5,2023-02-01T04:00,gcl,Grand Coulee,113.9,113.9,0.0,1273.5,961.6,311.9,2710.6
2023-02-01,6,2023-02-01T05:00,gcl,Grand Coulee,133.9,133.9,0.0,1273.5,963.2,310.3,3170.2
2023-02-01,7,2023-02-01T06:00,gcl,Grand Coulee,162.8,162.8,0.0,1273.3,965.7,307.6,3820.9
2023-02-01,8,2023-02-01T07:00,gcl,Grand Coulee,157.3,157.3,0.0,1273.2,966.4,306.8,3682.2
2023-02-01,9,2023-02-01T08:00,gcl,Grand Coulee,119.6,119.6,0.0,1273.2,963.4,309.8,2827.1
2023-02-01,10,2023-02-01T09:00,gcl,Grand Coulee,106.3,106.3,0.0,1273.3,961.2,312.1,2531.3
2023-02-01,11,2023-02-01T10:00,gcl,Grand Coulee,95.3,95.3,0.0,1273.3,960.1,313.2,2277.4
2023-02-01,12,2023-02-01T11:00,gcl,Grand Coulee,81.5,81.5,0.0,1273.3,959.2,314.1,1953.2
2023-02-01,13,2023-02-01T12:00,gcl,Grand Coulee,68.3,68.3,0.0,1273.3,957.9,315.4,1643.6
2023-02-01,14,2023-02-01T13:00,gcl,Grand Coulee,55.8,55.8,0.0,1273.1,956.7,316.4,1347.1
2023-02-01,15,2023-02-01T14:00,gcl,Grand Coulee,50.7,50.7,0.0,1273.1,956.3,316.8,1225.5
2023-02-01,16,2023-02-01T15:00,gcl,Grand Coulee,67.6,67.6,0.0,1273.2,957.4,315.8,1628.9
2023-02-01,17,2023-02-01T16:00,gcl,Grand Coulee,96.6,96.6,0.0,1273.2,959.8,313.4,2309.9
2023-02-01,18,2023-02-01T17:00,gcl,Grand Coulee,115.4,115.4,0.0,1273.1,961.7,311.4,2741.9
2023-02-01,19,2023-02-01T18:00,gcl,Grand Coulee,130.4,130.4,0.0,1273.2,963.1,310.1,3085.3
2023-02-01,20,2023-02-01T19:00,gcl,Grand Coulee,126.1,126.1,0.0,1273.1,963.1,310.0,2982.6
2023-02-01,21,2023-02-01T20:00,gcl,Grand Coulee,124.9,124.9,0.0,1273.1,962.9,310.2,2956.2
2023-02-01,22,2023-02-01T21:00,gcl,Grand Coulee,118.8,118.8,0.0,1273.1,962.6,310.5,2814.5
2023-02-01,23,2023-02-01T22:00,gcl,Grand Coulee,115.6,115.6,0.0,1273.1,962.3,310.8,2741.3
2023-02-01,24,2023-02-01T23:00,gcl,Grand Coulee,103.9,103.9,0.0,1273.1,961.6,311.5,2469.4
2023-02-02,1,2023-02-02T00:00,gcl,Grand Coulee,97.3,97.3,0.0,1273.0,960.8,312.2,2317.8
2023-02-02,2,2023-02-02T01:00,gcl,Grand Coulee,89.2,89.2,0.0,1273.0,962.1,310.9,2116.0
2023-02-02,3,2023-02-02T02:00,gcl,Grand Coulee,82.2,82.2,0.0,1273.0,959.5,313.5,1966.2
2023-02-02,4,2023-02-02T03:00,gcl,Grand Coulee,104.1,104.1,0.0,1272.8,960.8,312.0,2478.2
2023-02-02,5,2023-02-02T04:00,gcl,Grand Coulee,111.4,111.4,0.0,1272.7,961.7,311.0,2643.4
2023-02-02,6,2023-02-02T05:00,gcl,Grand Coulee,144.5,144.5,0.0,1272.6,964.1,308.5,3401.3
2023-02-02,7,2023-02-02T06:00,gcl,Grand Coulee,169.5,169.5,0.0,1272.5,966.6,305.9,3956.2
2023-02-02,8,2023-02-02T07:00,gcl,Grand Coulee,169.4,169.4,0.0,1272.5,967.5,305.0,3942.2
2023-02-02,9,2023-02-02T08:00,gcl,Grand Coulee,142.0,142.0,0.0,1272.5,965.6,306.9,3325.1
2023-02-02,10,2023-02-02T09:00,gcl,Grand Coulee,120.5,120.5,0.0,1272.5,963.5,309.0,2841.0
2023-02-02,11,2023-02-02T10:00,gcl,Grand Coulee,101.9,101.9,0.0,1272.4,961.5,310.9,2417.2
2023-02-02,12,2023-02-02T11:00,gcl,Grand Coulee,98.3,98.3,0.0,1272.4,960.8,311.6,2337.1
2023-02-02,13,2023-02-02T12:00,gcl,Grand Coulee,86.4,86.4,0.0,1272.4,959.9,312.5,2060.1
2023-02-02,14,2023-02-02T13:00,gcl,Grand Coulee,76.0,76.0,0.0,1272.3,958.8,313.5,1817.9
2023-02-02,15,2023-02-02T14:00,gcl,Grand Coulee,63.9,63.9,0.0,1272.4,957.8,314.6,1533.9
2023-02-02,16,2023-02-02T15:00,gcl,Grand Coulee,66.8,66.8,0.0,1272.4,958.0,314.4,1602.4
2023-02-02,17,2023-02-02T16:00,gcl,Grand Coulee,90.5,90.5,0.0,1272.3,959.3,313.0,2161.3
2023-02-02,18,2023-02-02T17:00,gcl,Grand Coulee,114.0,114.0,0.0,1272.2,961.8,310.4,2699.9
2023-02-02,19,2023-02-02T18:00,gcl,Grand Coulee,116.9,116.9,0.0,1272.2,962.6,309.6,2761.5
2023-02-02,20,2023-02-02T19:00,gcl,Grand Coulee,112.0,112.0,0.0,1272.2,962.3,309.9,2648.3
2023-02-02,21,2023-02-02T20:00,gcl,Grand Coulee,106.3,106.3,0.0,1272.2,961.8,310.4,2517.6
2023-02-02,22,2023-02-02T21:00,gcl,Grand Coulee,89.0,89.0,0.0,1272.3,960.5,311.8,2117.3
2023-02-02,23,2023-02-02T22:00,gcl,Grand Coulee,75.3,75.3,0.0,1272.4,959.3,313.1,1798.9
2023-02-02,24,2023-02-02T23:00,gcl,Grand Coulee,73.3,73.3,0.0,1272.2,958.9,313.3,1752.2
2023-02-03,1,2023-02-03T00:00,gcl,Grand Coulee,74.3,74.3,0.0,1272.2,959.0,313.2,1775.6
2023-02-03,2,2023-02-03T01:00,gcl,Grand Coulee,72.6,72.6,0.0,1272.2,958.9,313.3,1735.5
2023-02-03,3,2023-02-03T02:00,gcl,Grand Coulee,69.9,69.9,0.0,1272.3,958.6,313.7,1673.1
2023-02-03,4,2023-02-03T03:00,gcl,Grand Coulee,76.6,76.6,0.0,1272.3,959.1,313.2,1830.5
2023-02-03,5,2023-02-03T04:00,gcl,Grand Coulee,85.5,85.5,0.0,1272.4,959.9,312.5,2038.6
2023-02-03,6,2023-02-03T05:00,gcl,Grand Coulee,101.1,101.1,0.0,1272.3,961.0,311.3,2401.3
2023-02-03,7,2023-02-03T06:00,gcl,Grand Coulee,107.0,107.0,0.0,1272.2,961.8,310.4,2534.1
2023-02-03,8,2023-02-03T07:00,gcl,Grand Coulee,108.8,108.8,0.0,1272.1,962.0,310.1,2574.3
2023-02-03,9,2023-02-03T08:00,gcl,Grand Coulee,95.3,95.3,0.0,1272.1,961.1,311.0,2261.4
2023-02-03,10,2023-02-03T09:00,gcl,Grand Coulee,88.4,88.4,0.0,1272.1,960.4,311.7,2102.4
2023-02-03,11,2023-02-03T10:00,gcl,Grand Coulee,85.4,85.4,0.0,1272.1,959.9,312.2,2034.3
2023-02-03,12,2023-02-03T11:00,gcl,Grand Coulee,95.6,95.6,0.0,1272.2,960.6,311.6,2272.9
2023-02-03,13,2023-02-03T12:00,gcl,Grand Coulee,96.1,96.1,0.0,1272.1,960.7,311.4,2283.3
2023-02-03,14,2023-02-03T13:00,gcl,Grand Coulee,93.4,93.4,0.0,1272.1,960.4,311.7,2221.3
2023-02-03,15,2023-02-03T14:00,gcl,Grand Coulee,90.6,90.6,0.0,1272.0,960.2,311.8,2155.4
2023-02-03,16,2023-02-03T15:00,gcl,Grand Coulee,80.9,80.9,0.0,1272.0,959.4,312.6,1929.6
2023-02-03,17,2023-02-03T16:00,gcl,Grand Coulee,84.1,84.1,0.0,1272.0,959.4,312.6,2005.9
2023-02-03,18,2023-02-03T17:00,gcl,Grand Coulee,90.1,90.1,0.0,1272.0,959.9,312.1,2145.6
2023-02-03,19,2023-02-03T18:00,gcl,Grand Coulee,82.7,82.7,0.0,1272.0,959.6,312.4,1971.2
2023-02-03,20,2023-02-03T19:00,gcl,Grand Coulee,64.9,64.9,0.0,1272.1,958.2,313.9,1554.4
2023-02-03,21,2023-02-03T20:00,gcl,Grand Coulee,67.9,67.9,0.0,1272.1,957.9,314.2,1627.8
2023-02-03,22,2023-02-03T21:00,gcl,Grand Coulee,67.8,67.8,0.0,1272.1,957.9,314.2,1625.4
2023-02-03,23,2023-02-03T22:00,gcl,Grand Coulee,83.5,83.5,0.0,1272.1,959.2,312.9,1993.5
2023-02-03,24,2023-02-03T23:00,gcl,Grand Coulee,84.9,84.9,0.0,1272.1,959.5,312.6,2025.0
2023-02-04,1,2023-02-04T00:00,gcl,Grand Coulee,87.3,87.3,0.0,1272.1,959.7,312.4,2080.9
2023-02-04,2,2023-02-04T01:00,gcl,Grand Coulee,79.7,79.7,0.0,1272.2,959.2,313.0,1903.4
2023-02-04,3,2023-02-04T02:00,gcl,Grand Coulee,78.1,78.1,0.0,1272.2,959.0,313.2,1866.4
2023-02-04,4,2023-02-04T03:00,gcl,Grand Coulee,82.2,82.2,0.0,1272.1,959.3,312.8,1961.8
2023-02-04,5,2023-02-04T04:00,gcl,Grand Coulee,87.2,87.2,0.0,1272.1,959.8,312.3,2077.8
2023-02-04,6,2023-02-04T05:00,gcl,Grand Coulee,84.3,84.3,0.0,1272.0,959.7,312.3,2008.7
2023-02-04,7,2023-02-04T06:00,gcl,Grand Coulee,77.5,77.5,0.0,1272.0,959.2,312.8,1849.7
2023-02-04,8,2023-02-04T07:00,gcl,Grand Coulee,74.0,74.0,0.0,1272.0,958.8,313.2,1768.4
2023-02-04,9,2023-02-04T08:00,gcl,Grand Coulee,61.0,61.0,0.0,1272.1,958.0,314.1,1461.9
2023-02-04,10,2023-02-04T09:00,gcl,Grand Coulee,68.4,68.4,0.0,1272.1,958.3,313.8,1637.7
2023-02-04,11,2023-02-04T10:00,gcl,Grand Coulee,71.1,71.1,0.0,1272.0,958.7,313.3,1699.6
2023-02-04,12,2023-02-04T11:00,gcl,Grand Coulee,67.2,67.2,0.0,1272.0,958.5,313.5,1607.4
2023-02-04,13,2023-02-04T12:00,gcl,Grand Coulee,67.6,67.6,0.0,1272.0,958.3,313.7,1618.0
2023-02-04,14,2023-02-04T13:00,gcl,Grand Coulee,65.8,65.8,0.0,1272.1,958.3,313.8,1575.4
2023-02-04,15,2023-02-04T14:00,gcl,Grand Coulee,57.2,57.2,0.0,1272.2,957.8,314.4,1372.2
2023-02-04,16,2023-02-04T15:00,gcl,Grand Coulee,58.7,58.7,0.0,1272.2,957.7,314.5,1408.6
2023-02-04,17,2023-02-04T16:00,gcl,Grand Coulee,78.5,78.5,0.0,1272.2,959.1,313.1,1875.3
2023-02-04,18,2023-02-04T17:00,gcl,Grand Coulee,87.3,87.3,0.0,1272.1,960.1,312.0,2078.2
2023-02-04,19,2023-02-04T18:00,gcl,Grand Coulee,93.3,93.3,0.0,1272.1,960.5,311.6,2218.2
2023-02-04,20,2023-02-04T19:00,gcl,Grand Coulee,73.5,73.5,0.0,1272.1,959.1,313.0,1755.3
2023-02-04,21,2023-02-04T20:00,gcl,Grand Coulee,65.3,65.3,0.0,1272.2,958.2,314.0,1564.5
2023-02-04,22,2023-02-04T21:00,gcl,Grand Coulee,61.3,61.3,0.0,1272.2,957.7,314.5,1471.0
2023-02-04,23,2023-02-04T22:00,gcl,Grand Coulee,59.6,59.6,0.0,1272.3,957.6,314.7,1431.1
2023-02-04,24,2023-02-04T23:00,gcl,Grand Coulee,65.9,65.9,0.0,1272.2,957.8,314.4,1580.9
2023-02-05,1,2023-02-05T00:00,gcl,Grand Coulee,69.4,69.4,0.0,1272.1,957.7,314.4,1664.8
2023-02-05,2,2023-02-05T01:00,gcl,Grand Coulee,65.0,65.0,0.0,1272.2,957.3,314.9,1561.7
2023-02-05,3,2023-02-05T02:00,gcl,Grand Coulee,63.3,63.3,0.0,1272.2,957.3,314.9,1520.9
2023-02-05,4,2023-02-05T03:00,gcl,Grand Coulee,65.2,65.2,0.0,1272.3,957.5,314.8,1566.1
2023-02-05,5,2023-02-05T04:00,gcl,Grand Coulee,71.2,71.2,0.0,1272.3,957.9,314.4,1708.0
2023-02-05,6,2023-02-05T05:00,gcl,Grand Coulee,67.8,67.8,0.0,1272.2,957.7,314.5,1627.0
2023-02-05,7,2023-02-05T06:00,gcl,Grand Coulee,65.1,65.1,0.0,1272.1,957.5,314.6,1562.7
2023-02-05,8,2023-02-05T07:00,gcl,Grand Coulee,70.7,70.7,0.0,1272.0,957.8,314.2,1694.9
2023-02-05,9,2023-02-05T08:00,gcl,Grand Coulee,71.7,71.7,0.0,1272.0,958.0,314.0,1717.8
2023-02-05,10,2023-02-05T09:00,gcl,Grand Coulee,66.8,66.8,0.0,1272.1,957.7,314.4,1602.4
2023-02-05,11,2023-02-05T10:00,gcl,Grand Coulee,66.9,66.9,0.0,1272.1,957.5,314.6,1605.9
2023-02-05,12,2023-02-05T11:00,gcl,Grand Coulee,56.4,56.4,0.0,1272.2,956.9,315.3,1356.8
2023-02-05,13,2023-02-05T12:00,gcl,Grand Coulee,51.4,51.4,0.0,1272.2,956.5,315.7,1238.1
2023-02-05,14,2023-02-05T13:00,gcl,Grand Coulee,43.4,43.4,0.0,1272.1,956.0,316.1,1046.7
2023-02-05,15,2023-02-05T14:00,gcl,Grand Coulee,53.3,53.3,0.0,1272.0,956.6,315.4,1282.7
2023-02-05,16,2023-02-05T15:00,gcl,Grand Coulee,60.6,60.6,0.0,1272.0,957.0,315.0,1456.5
2023-02-05,17,2023-02-05T16:00,gcl,Grand Coulee,67.7,67.7,0.0,1272.1,957.6,314.5,1624.6
2023-02-05,18,2023-02-05T17:00,gcl,Grand Coulee,83.3,83.3,0.0,1272.0,958.8,313.2,1990.6
2023-02-05,19,2023-02-05T18:00,gcl,Grand Coulee,85.4,85.4,0.0,1272.06,959.18,312.88,2038.7
2023-02-05,20,2023-02-05T19:00,gcl,Grand Coulee,84.3,84.3,0.0,1272.1,959.1,313.0,2013.2
2023-02-05,21,2023-02-05T20:00,gcl,Grand Coulee,69.7,69.7,0.0,1272.1,958.0,314.1,1670.4
2023-02-05,22,2023-02-05T21:00,gcl,Grand Coulee,57.1,57.1,0.0,1272.1,956.9,315.2,1373.2
2023-02-05,23,2023-02-05T22:00,gcl,Grand Coulee,54.1,54.1,0.0,1272.1,956.7,315.4,1301.9
2023-02-05,24,2023-02-05T23:00,gcl,Grand Coulee,53.0,53.0,0.0,1272.1,956.0,316.1,1278.3
2023-02-06,1,2023-02-06T00:00,gcl,Grand Coulee,48.7,48.7,0.0,1272.1,956.2,315.9,1173.8
2023-02-06,2,2023-02-06T01:00,gcl,Grand Coulee,42.1,42.1,0.0,1272.1,955.8,316.3,1016.0
2023-02-06,3,2023-02-06T02:00,gcl,Grand Coulee,41.5,41.5,0.0,1272.2,955.7,316.5,1002.2
2023-02-06,4,2023-02-06T03:00,gcl,Grand Coulee,44.4,44.4,0.0,1272.2,955.8,316.4,1071.9
2023-02-06,5,2023-02-06T04:00,gcl,Grand Coulee,61.7,61.7,0.0,1272.1,956.9,315.2,1483.9
2023-02-06,6,2023-02-06T05:00,gcl,Grand Coulee,84.0,84.0,0.0,1272.0,958.8,313.2,2007.4
2023-02-06,7,2023-02-06T06:00,gcl,Grand Coulee,94.3,94.3,0.0,1272.0,959.4,312.6,2249.2
2023-02-06,8,2023-02-06T07:00,gcl,Grand Coulee,93.1,93.1,0.0,1272.0,960.0,312.0,2216.3
2023-02-06,9,2023-02-06T08:00,gcl,Grand Coulee,91.8,91.8,0.0,1272.0,959.8,312.2,2186.8
2023-02-06,10,2023-02-06T09:00,gcl,Grand Coulee,99.5,99.5,0.0,1272.0,960.4,311.6,2365.6
2023-02-06,11,2023-02-06T10:00,gcl,Grand Coulee,95.9,95.9,0.0,1272.0,960.4,311.6,2280.0
2023-02-06,12,2023-02-06T11:00,gcl,Grand Coulee,88.7,88.7,0.0,1272.0,960.0,312.0,2111.6
2023-02-06,13,2023-02-06T12:00,gcl,Grand Coulee,82.7,82.7,0.0,1271.9,959.5,312.4,1971.2
2023-02-06,14,2023-02-06T13:00,gcl,Grand Coulee,83.1,83.1,0.0,1271.9,959.4,312.5,1981.4
2023-02-06,15,2023-02-06T14:00,gcl,Grand Coulee,78.7,78.7,0.0,1271.9,959.2,312.7,1877.7
2023-02-06,16,2023-02-06T15:00,gcl,Grand Coulee,76.5,76.5,0.0,1272.0,958.8,313.2,1828.1
2023-02-06,17,2023-02-06T16:00,gcl,Grand Coulee,82.2,82.2,0.0,1272.0,959.1,312.9,1962.5
2023-02-06,18,2023-02-06T17:00,gcl,Grand Coulee,108.4,108.4,0.0,1271.8,961.2,310.6,2568.9
2023-02-06,19,2023-02-06T18:00,gcl,Grand Coulee,112.9,112.9,0.0,1271.8,962.0,309.8,2668.7
2023-02-06,20,2023-02-06T19:00,gcl,Grand Coulee,107.7,107.7,0.0,1271.7,961.7,310.0,2547.4
2023-02-06,21,2023-02-06T20:00,gcl,Grand Coulee,92.4,92.4,0.0,1271.7,960.5,311.2,2194.0
2023-02-06,22,2023-02-06T21:00,gcl,Grand Coulee,81.1,81.1,0.0,1271.7,959.4,312.3,1932.5
2023-02-06,23,2023-02-06T22:00,gcl,Grand Coulee,85.8,85.8,0.0,1271.8,959.5,312.3,2044.5
2023-02-06,24,2023-02-06T23:00,gcl,Grand Coulee,73.5,73.5,0.0,1271.8,959.0,312.8,1754.2
2023-02-07,1,2023-02-07T00:00,gcl,Grand Coulee,60.9,60.9,0.0,1271.8,957.8,314.0,1459.1
2023-02-07,2,2023-02-07T01:00,gcl,Grand Coulee,64.9,64.9,0.0,1271.7,957.9,313.8,1553.9
2023-02-07,3,2023-02-07T02:00,gcl,Grand Coulee,65.5,65.5,0.0,1271.6,958.2,313.4,1566.3
2023-02-07,4,2023-02-07T03:00,gcl,Grand Coulee,67.5,67.5,0.0,1271.6,958.3,313.3,1613.6
2023-02-07,5,2023-02-07T04:00,gcl,Grand Coulee,64.8,64.8,0.0,1271.7,958.0,313.7,1551.0
2023-02-07,6,2023-02-07T05:00,gcl,Grand Coulee,78.5,78.5,0.0,1271.7,959.0,312.7,1872.9
2023-02-07,7,2023-02-07T06:00,gcl,Grand Coulee,97.7,97.7,0.0,1271.6,960.5,311.1,2319.1
2023-02-07,8,2023-02-07T07:00,gcl,Grand Coulee,118.5,118.5,0.0,1271.5,962.3,309.2,2795.6
2023-02-07,9,2023-02-07T08:00,gcl,Grand Coulee,114.3,114.3,0.0,1271.4,962.5,308.9,2693.9
2023-02-07,10,2023-02-07T09:00,gcl,Grand Coulee,84.0,84.0,0.0,1271.4,960.2,311.2,1994.5
2023-02-07,11,2023-02-07T10:00,gcl,Grand Coulee,86.6,86.6,0.0,1271.4,959.6,311.8,2060.2
2023-02-07,12,2023-02-07T11:00,gcl,Grand Coulee,90.1,90.1,0.0,1271.5,960.3,311.2,2139.4
2023-02-07,13,2023-02-07T12:00,gcl,Grand Coulee,90.1,90.1,0.0,1271.5,960.5,311.0,2138.0
2023-02-07,14,2023-02-07T13:00,gcl,Grand Coulee,84.5,84.5,0.0,1271.4,960.1,311.3,2007.1
2023-02-07,15,2023-02-07T14:00,gcl,Grand Coulee,68.3,68.3,0.0,1271.3,959.0,312.3,1627.5
2023-02-07,16,2023-02-07T15:00,gcl,Grand Coulee,64.0,64.0,0.0,1271.3,958.6,312.7,1527.0
2023-02-07,17,2023-02-07T16:00,gcl,Grand Coulee,74.1,74.1,0.0,1271.3,959.3,312.0,1764.0
2023-02-07,18,2023-02-07T17:00,gcl,Grand Coulee,106.2,106.2,0.0,1271.3,961.6,309.7,2509.5
2023-02-07,19,2023-02-07T18:00,gcl,Grand Coulee,122.4,122.4,0.0,1271.2,963.2,308.0,2876.4
2023-02-07,20,2023-02-07T19:00,gcl,Grand Coulee,113.9,113.9,0.0,1271.2,962.8,308.4,2680.2
2023-02-07,21,2023-02-07T20:00,gcl,Grand Coulee,90.4,90.4,0.0,1271.2,961.0,310.2,2139.6
2023-02-07,22,2023-02-07T21:00,gcl,Grand Coulee,81.5,81.5,0.0,1271.2,959.9,311.3,1935.8
2023-02-07,23,2023-02-07T22:00,gcl,Grand Coulee,74.6,74.6,0.0,1271.2,959.3,311.9,1775.3
2023-02-07,24,2023-02-07T23:00,gcl,Grand Coulee,64.6,64.6,0.0,1271.2,958.6,312.6,1540.8
2023-02-08,1,2023-02-08T00:00,gcl,Grand Coulee,46.1,46.1,0.0,1271.1,957.2,313.9,1104.1
2023-02-08,2,2023-02-08T01:00,gcl,Grand Coulee,46.0,46.0,0.0,1271.1,956.9,314.2,1102.8
2023-02-08,3,2023-02-08T02:00,gcl,Grand Coulee,45.7,45.7,0.0,1271.2,957.1,314.1,1095.2
2023-02-08,4,2023-02-08T03:00,gcl,Grand Coulee,50.8,50.8,0.0,1271.2,957.1,314.1,1217.5
2023-02-08,5,2023-02-08T04:00,gcl,Grand Coulee,66.2,66.2,0.0,1271.2,957.9,313.3,1582.5
2023-02-08,6,2023-02-08T05:00,gcl,Grand Coulee,77.0,77.0,0.0,1271.1,958.9,312.2,1834.2
2023-02-08,7,2023-02-08T06:00,gcl,Grand Coulee,112.7,112.7,0.0,1271.0,961.4,309.6,2662.3
2023-02-08,8,2023-02-08T07:00,gcl,Grand Coulee,131.8,131.8,0.0,1270.9,963.4,307.5,3092.3
2023-02-08,9,2023-02-08T08:00,gcl,Grand Coulee,116.8,116.8,0.0,1270.9,962.8,308.1,2745.7
2023-02-08,10,2023-02-08T09:00,gcl,Grand Coulee,98.1,98.1,0.0,1271.0,961.1,309.9,2319.6
2023-02-08,11,2023-02-08T10:00,gcl,Grand Coulee,84.3,84.3,0.0,1271.0,959.7,311.3,2002.3
2023-02-08,12,2023-02-08T11:00,gcl,Grand Coulee,75.1,75.1,0.0,1271.0,959.0,312.0,1787.8
2023-02-08,13,2023-02-08T12:00,gcl,Grand Coulee,65.4,65.4,0.0,1270.9,958.3,312.6,1559.9
2023-02-08,14,2023-02-08T13:00,gcl,Grand Coulee,65.2,65.2,0.0,1270.8,958.2,312.6,1555.1
2023-02-08,15,2023-02-08T14:00,gcl,Grand Coulee,65.3,65.3,0.0,1270.7,959.2,311.5,1552.0
2023-02-08,16,2023-02-08T15:00,gcl,Grand Coulee,76.5,76.5,0.0,1270.7,959.2,311.5,1818.2
2023-02-08,17,2023-02-08T16:00,gcl,Grand Coulee,107.2,107.2,0.0,1270.7,961.4,309.3,2529.9
2023-02-08,18,2023-02-08T17:00,gcl,Grand Coulee,123.2,123.2,0.0,1270.7,963.0,307.7,2892.4
2023-02-08,19,2023-02-08T18:00,gcl,Grand Coulee,130.3,130.3,0.0,1270.7,963.9,306.8,3050.2
2023-02-08,20,2023-02-08T19:00,gcl,Grand Coulee,130.8,130.8,0.0,1270.6,964.0,306.6,3059.9
2023-02-08,21,2023-02-08T20:00,gcl,Grand Coulee,128.6,128.6,0.0,1270.6,963.9,306.7,3009.4
2023-02-08,22,2023-02-08T21:00,gcl,Grand Coulee,110.7,110.7,0.0,1270.6,962.6,308.0,2601.5
2023-02-08,23,2023-02-08T22:00,gcl,Grand Coulee,102.9,102.9,0.0,1270.6,961.7,308.9,2425.3
2023-02-08,24,2023-02-08T23:00,gcl,Grand Coulee,92.1,92.1,0.0,1270.6,960.7,309.9,2177.7
2023-02-09,1,2023-02-09T00:00,gcl,Grand Coulee,76.2,76.2,0.0,1270.6,959.5,311.1,1808.8
2023-02-09,2,2023-02-09T01:00,gcl,Grand Coulee,75.1,75.1,0.0,1270.6,959.1,311.5,1784.9
2023-02-09,3,2023-02-09T02:00,gcl,Grand Coulee,75.0,75.0,0.0,1270.5,959.5,311.0,1779.7
2023-02-09,4,2023-02-09T03:00,gcl,Grand Coulee,82.7,82.7,0.0,1270.4,959.7,310.7,1960.5
2023-02-09,5,2023-02-09T04:00,gcl,Grand Coulee,87.1,87.1,0.0,1270.4,960.0,310.4,2062.8
2023-02-09,6,2023-02-09T05:00,gcl,Grand Coulee,104.6,104.6,0.0,1270.3,961.3,309.0,2466.1
2023-02-09,7,2023-02-09T06:00,gcl,Grand Coulee,133.2,133.2,0.0,1270.2,963.6,306.6,3116.0
2023-02-09,8,2023-02-09T07:00,gcl,Grand Coulee,145.6,145.6,0.0,1270.2,965.1,305.1,3389.4
2023-02-09,9,2023-02-09T08:00,gcl,Grand Coulee,108.0,108.0,0.0,1270.2,962.8,307.4,2533.1
2023-02-09,10,2023-02-09T09:00,gcl,Grand Coulee,102.0,102.0,0.0,1270.2,961.4,308.8,2403.3
2023-02-09,11,2023-02-09T10:00,gcl,Grand Coulee,97.0,97.0,0.0,1270.1,961.0,309.1,2287.7
2023-02-09,12,2023-02-09T11:00,gcl,Grand Coulee,84.9,84.9,0.0,1270.1,960.3,309.8,2006.8
2023-02-09,13,2023-02-09T12:00,gcl,Grand Coulee,74.9,74.9,0.0,1270.1,959.3,310.8,1776.2
2023-02-09,14,2023-02-09T13:00,gcl,Grand Coulee,59.9,59.9,0.0,1270.0,958.1,311.9,1425.5
2023-02-09,15,2023-02-09T14:00,gcl,Grand Coulee,51.2,51.2,0.0,1270.1,957.5,312.6,1221.2
2023-02-09,16,2023-02-09T15:00,gcl,Grand Coulee,48.3,48.3,0.0,1270.2,957.3,312.9,1153.1
2023-02-09,17,2023-02-09T16:00,gcl,Grand Coulee,64.5,64.5,0.0,1270.1,958.3,311.8,1534.5
2023-02-09,18,2023-02-09T17:00,gcl,Grand Coulee,82.3,82.3,0.0,1270.0,959.8,310.2,1947.9
2023-02-09,19,2023-02-09T18:00,gcl,Grand Coulee,95.2,95.2,0.0,1270.0,960.7,309.3,2246.7
2023-02-09,20,2023-02-09T19:00,gcl,Grand Coulee,97.2,97.2,0.0,1270.0,960.9,309.1,2292.4
2023-02-09,21,2023-02-09T20:00,gcl,Grand Coulee,85.6,85.6,0.0,1270.0,960.2,309.8,2023.4
2023-02-09,22,2023-02-09T21:00,gcl,Grand Coulee,67.8,67.8,0.0,1270.1,958.8,311.3,1610.4
2023-02-09,23,2023-02-09T22:00,gcl,Grand Coulee,54.9,54.9,0.0,1270.2,957.8,312.4,1308.6
2023-02-09,24,2023-02-09T23:00,gcl,Grand Coulee,52.4,52.4,0.0,1270.1,957.6,312.5,1249.4
2023-02-10,1,2023-02-10T00:00,gcl,Grand Coulee,56.1,56.1,0.0,1270.0,958.1,311.9,1335.1
2023-02-10,2,2023-02-10T01:00,gcl,Grand Coulee,54.8,54.8,0.0,1269.9,958.0,311.9,1304.1
2023-02-10,3,2023-02-10T02:00,gcl,Grand Coulee,56.0,56.0,0.0,1269.9,957.9,312.0,1333.1
2023-02-10,4,2023-02-10T03:00,gcl,Grand Coulee,58.6,58.6,0.0,1269.9,958.2,311.7,1393.7
2023-02-10,5,2023-02-10T04:00,gcl,Grand Coulee,71.7,71.7,0.0,1270.0,959.1,310.9,1700.8
2023-02-10,6,2023-02-10T05:00,gcl,Grand Coulee,77.4,77.4,0.0,1270.0,959.6,310.4,1833.1
2023-02-10,7,2023-02-10T06:00,gcl,Grand Coulee,92.1,92.1,0.0,1269.9,960.5,309.4,2174.2
2023-02-10,8,2023-02-10T07:00,gcl,Grand Coulee,101.4,101.4,0.0,1269.8,961.5,308.3,2385.3
2023-02-10,9,2023-02-10T08:00,gcl,Grand Coulee,67.3,67.3,0.0,1269.8,959.4,310.4,1593.9
2023-02-10,10,2023-02-10T09:00,gcl,Grand Coulee,57.8,57.8,0.0,1269.8,957.9,311.9,1375.5
2023-02-10,11,2023-02-10T10:00,gcl,Grand Coulee,53.5,53.5,0.0,1269.8,957.7,312.1,1274.0
2023-02-10,12,2023-02-10T11:00,gcl,Grand Coulee,54.8,54.8,0.0,1269.9,958.3,311.6,1302.9
2023-02-10,13,2023-02-10T12:00,gcl,Grand Coulee,52.7,52.7,0.0,1270.0,957.7,312.3,1255.8
2023-02-10,14,2023-02-10T13:00,gcl,Grand Coulee,44.0,44.0,0.0,1270.0,957.0,313.0,1050.8
2023-02-10,15,2023-02-10T14:00,gcl,Grand Coulee,47.7,47.7,0.0,1269.9,957.4,312.5,1137.3
2023-02-10,16,2023-02-10T15:00,gcl,Grand Coulee,52.1,52.1,0.0,1269.9,957.6,312.3,1241.5
2023-02-10,17,2023-02-10T16:00,gcl,Grand Coulee,66.8,66.8,0.0,1269.9,958.4,311.5,1587.7
2023-02-10,18,2023-02-10T17:00,gcl,Grand Coulee,101.1,101.1,0.0,1269.9,960.8,309.1,2384.4
2023-02-10,19,2023-02-10T18:00,gcl,Grand Coulee,111.3,111.3,0.0,1269.9,962.1,307.8,2613.9
2023-02-10,20,2023-02-10T19:00,gcl,Grand Coulee,106.3,106.3,0.0,1270.0,961.9,308.1,2498.9
2023-02-10,21,2023-02-10T20:00,gcl,Grand Coulee,90.9,90.9,0.0,1270.0,960.7,309.3,2145.2
2023-02-10,22,2023-02-10T21:00,gcl,Grand Coulee,75.1,75.1,0.0,1270.0,959.3,310.7,1780.4
2023-02-10,23,2023-02-10T22:00,gcl,Grand Coulee,69.8,69.8,0.0,1270.0,958.6,311.4,1658.4
2023-02-10,24,2023-02-10T23:00,gcl,Grand Coulee,71.5,71.5,0.0,1269.9,958.7,311.2,1697.7
2023-02-11,1,2023-02-11T00:00,gcl,Grand Coulee,72.9,72.9,0.0,1269.8,958.8,311.0,1729.9
2023-02-11,2,2023-02-11T01:00,gcl,Grand Coulee,72.1,72.1,0.0,1269.8,958.6,311.2,1712.0
2023-02-11,3,2023-02-11T02:00,gcl,Grand Coulee,71.1,71.1,0.0,1269.8,958.5,311.3,1688.8
2023-02-11,4,2023-02-11T03:00,gcl,Grand Coulee,76.0,76.0,0.0,1269.9,958.9,311.0,1803.4
2023-02-11,5,2023-02-11T04:00,gcl,Grand Coulee,81.1,81.1,0.0,1269.9,959.4,310.5,1921.4
2023-02-11,6,2023-02-11T05:00,gcl,Grand Coulee,85.3,85.3,0.0,1269.8,959.9,309.9,2017.0
2023-02-11,7,2023-02-11T06:00,gcl,Grand Coulee,72.6,72.6,0.0,1269.8,959.1,310.7,1721.1
2023-02-11,8,2023-02-11T07:00,gcl,Grand Coulee,73.3,73.3,0.0,1269.7,958.9,310.8,1738.2
2023-02-11,9,2023-02-11T08:00,gcl,Grand Coulee,82.6,82.6,0.0,1269.7,959.6,310.1,1954.4
2023-02-11,10,2023-02-11T09:00,gcl,Grand Coulee,85.3,85.3,0.0,1269.7,960.1,309.6,2015.0
2023-02-11,11,2023-02-11T10:00,gcl,Grand Coulee,72.4,72.4,0.0,1269.8,959.3,310.5,1715.2
2023-02-11,12,2023-02-11T11:00,gcl,Grand Coulee,53.9,53.9,0.0,1269.8,957.8,312.0,1283.1
2023-02-11,13,2023-02-11T12:00,gcl,Grand Coulee,52.0,52.0,0.0,1269.7,957.5,312.2,1238.7
2023-02-11,14,2023-02-11T13:00,gcl,Grand Coulee,49.2,49.2,0.0,1269.7,957.4,312.3,1172.4
2023-02-11,15,2023-02-11T14:00,gcl,Grand Coulee,41.5,41.5,0.0,1269.7,956.9,312.8,990.5
2023-02-11,16,2023-02-11T15:00,gcl,Grand Coulee,39.4,39.4,0.0,1269.7,956.6,313.1,941.2
2023-02-11,17,2023-02-11T16:00,gcl,Grand Coulee,47.9,47.9,0.0,1269.7,957.1,312.6,1142.5
2023-02-11,18,2023-02-11T17:00,gcl,Grand Coulee,86.3,86.3,0.0,1269.7,959.7,310.0,2041.3
2023-02-11,19,2023-02-11T18:00,gcl,Grand Coulee,99.7,99.7,0.0,1269.7,961.0,308.7,2348.3
2023-02-11,20,2023-02-11T19:00,gcl,Grand Coulee,99.7,99.7,0.0,1269.7,961.1,308.6,2347.6
2023-02-11,21,2023-02-11T20:00,gcl,Grand Coulee,82.3,82.3,0.0,1269.7,959.8,309.9,1946.0
2023-02-11,22,2023-02-11T21:00,gcl,Grand Coulee,75.0,75.0,0.0,1269.8,959.0,310.8,1778.6
2023-02-11,23,2023-02-11T22:00,gcl,Grand Coulee,74.9,74.9,0.0,1269.8,958.9,310.9,1776.8
2023-02-11,24,2023-02-11T23:00,gcl,Grand Coulee,76.8,76.8,0.0,1269.9,959.1,310.8,1821.2
2023-02-12,1,2023-02-12T00:00,gcl,Grand Coulee,85.2,85.2,0.0,1269.8,959.6,310.2,2016.5
2023-02-12,2,2023-02-12T01:00,gcl,Grand Coulee,84.7,84.7,0.0,1269.7,959.7,310.0,2003.4
2023-02-12,3,2023-02-12T02:00,gcl,Grand Coulee,86.2,86.2,0.0,1269.7,959.7,310.0,2038.9
2023-02-12,4,2023-02-12T03:00,gcl,Grand Coulee,91.7,91.7,0.0,1269.7,960.1,309.6,2166.2
2023-02-12,5,2023-02-12T04:00,gcl,Grand Coulee,99.5,99.5,0.0,1269.7,960.7,309.0,2345.9
2023-02-12,6,2023-02-12T05:00,gcl,Grand Coulee,101.4,101.4,0.0,1269.6,961.0,308.6,2387.6
2023-02-12,7,2023-02-12T06:00,gcl,Grand Coulee,110.9,110.9,0.0,1269.6,961.7,307.9,2605.3
2023-02-12,8,2023-02-12T07:00,gcl,Grand Coulee,101.3,101.3,0.0,1269.5,961.3,308.2,2382.1
2023-02-12,9,2023-02-12T08:00,gcl,Grand Coulee,98.0,98.0,0.0,1269.5,960.8,308.7,2308.3
2023-02-12,10,2023-02-12T09:00,gcl,Grand Coulee,97.3,97.3,0.0,1269.4,960.6,308.8,2292.5
2023-02-12,11,2023-02-12T10:00,gcl,Grand Coulee,81.3,81.3,0.0,1269.4,959.6,309.8,1921.7
2023-02-12,12,2023-02-12T11:00,gcl,Grand Coulee,71.7,71.7,0.0,1269.4,959.5,309.9,1695.4
2023-02-12,13,2023-02-12T12:00,gcl,Grand Coulee,59.5,59.5,0.0,1269.5,957.6,311.9,1416.0
2023-02-12,14,2023-02-12T13:00,gcl,Grand Coulee,58.9,58.9,0.0,1269.5,957.4,312.1,1402.6
2023-02-12,15,2023-02-12T14:00,gcl,Grand Coulee,58.1,58.1,0.0,1269.5,957.3,312.2,1384.0
2023-02-12,16,2023-02-12T15:00,gcl,Grand Coulee,65.7,65.7,0.0,1269.5,957.6,311.9,1563.5
2023-02-12,17,2023-02-12T16:00,gcl,Grand Coulee,83.3,83.3,0.0,1269.4,958.9,310.5,1973.5
2023-02-12,18,2023-02-12T17:00,gcl,Grand Coulee,93.9,93.9,0.0,1269.4,960.0,309.4,2216.7
2023-02-12,19,2023-02-12T18:00,gcl,Grand Coulee,86.5,86.5,0.0,1269.4,959.8,309.6,2043.3
2023-02-12,20,2023-02-12T19:00,gcl,Grand Coulee,86.5,86.5,0.0,1269.4,959.8,309.6,2043.3
2023-02-12,21,2023-02-12T20:00,gcl,Grand Coulee,76.3,76.3,0.0,1269.5,959.0,310.5,1807.6
2023-02-12,22,2023-02-12T21:00,gcl,Grand Coulee,74.9,74.9,0.0,1269.5,958.7,310.8,1776.2
2023-02-12,23,2023-02-12T22:00,gcl,Grand Coulee,57.6,57.6,0.0,1269.5,957.8,311.7,1369.9
2023-02-12,24,2023-02-12T23:00,gcl,Grand Coulee,49.7,49.7,0.0,1269.5,957.0,312.5,1185.0
2023-02-13,1,2023-02-13T00:00,gcl,Grand Coulee,51.9,51.9,0.0,1269.5,957.1,312.4,1237.1
2023-02-13,2,2023-02-13T01:00,gcl,Grand Coulee,51.5,51.5,0.0,1269.6,957.3,312.3,1227.2
2023-02-13,3,2023-02-13T02:00,gcl,Grand Coulee,53.5,53.5,0.0,1269.6,957.2,312.4,1275.2
2023-02-13,4,2023-02-13T03:00,gcl,Grand Coulee,54.3,54.3,0.0,1269.6,957.1,312.5,1294.7
2023-02-13,5,2023-02-13T04:00,gcl,Grand Coulee,59.7,59.7,0.0,1269.6,957.5,312.1,1421.6
2023-02-13,6,2023-02-13T05:00,gcl,Grand Coulee,82.9,82.9,0.0,1269.5,959.1,310.4,1963.4
2023-02-13,7,2023-02-13T06:00,gcl,Grand Coulee,92.0,92.0,0.0,1269.4,960.0,309.4,2171.9
2023-02-13,8,2023-02-13T07:00,gcl,Grand Coulee,128.3,128.3,0.0,1269.2,962.7,306.5,3000.4
2023-02-13,9,2023-02-13T08:00,gcl,Grand Coulee,94.5,94.5,0.0,1269.3,961.1,308.2,2222.2
2023-02-13,10,2023-02-13T09:00,gcl,Grand Coulee,86.4,86.4,0.0,1269.4,959.7,309.7,2041.6
2023-02-13,11,2023-02-13T10:00,gcl,Grand Coulee,91.0,91.0,0.0,1269.3,959.7,309.6,2149.6
2023-02-13,12,2023-02-13T11:00,gcl,Grand Coulee,91.5,91.5,0.0,1269.3,960.3,309.0,2157.3
2023-02-13,13,2023-02-13T12:00,gcl,Grand Coulee,89.1,89.1,0.0,1269.3,960.0,309.3,2102.7
2023-02-13,14,2023-02-13T13:00,gcl,Grand Coulee,74.6,74.6,0.0,1269.2,958.9,310.3,1766.2
2023-02-13,15,2023-02-13T14:00,gcl,Grand Coulee,71.9,71.9,0.0,1269.2,958.5,310.7,1704.5
2023-02-13,16,2023-02-13T15:00,gcl,Grand Coulee,73.4,73.4,0.0,1269.3,958.6,310.7,1740.1
2023-02-13,17,2023-02-13T16:00,gcl,Grand Coulee,84.0,84.0,0.0,1269.4,959.3,310.1,1987.5
2023-02-13,18,2023-02-13T17:00,gcl,Grand Coulee,94.6,94.6,0.0,1269.3,960.2,309.1,2231.1
2023-02-13,19,2023-02-13T18:00,gcl,Grand Coulee,103.5,103.5,0.0,1269.2,961.1,308.1,2433.1
2023-02-13,20,2023-02-13T19:00,gcl,Grand Coulee,99.6,99.6,0.0,1269.1,960.8,308.3,2342.9
2023-02-13,21,2023-02-13T20:00,gcl,Grand Coulee,89.4,89.4,0.0,1269.0,960.0,309.0,2107.8
2023-02-13,22,2023-02-13T21:00,gcl,Grand Coulee,83.9,83.9,0.0,1269.1,959.4,309.7,1982.6
2023-02-13,23,2023-02-13T22:00,gcl,Grand Coulee,72.7,72.7,0.0,1269.1,958.5,310.6,1722.9
2023-02-13,24,2023-02-13T23:00,gcl,Grand Coulee,71.9,71.9,0.0,1269.1,958.1,311.0,1706.1
2023-02-14,1,2023-02-14T00:00,gcl,Grand Coulee,48.2,48.2,0.0,1269.1,956.3,312.8,1150.4
2023-02-14,2,2023-02-14T01:00,gcl,Grand Coulee,49.4,49.4,0.0,1269.1,955.9,313.2,1180.5
2023-02-14,3,2023-02-14T02:00,gcl,Grand Coulee,50.7,50.7,0.0,1269.0,956.4,312.6,1209.3
2023-02-14,4,2023-02-14T03:00,gcl,Grand Coulee,56.3,56.3,0.0,1269.0,956.4,312.6,1342.8
2023-02-14,5,2023-02-14T04:00,gcl,Grand Coulee,63.4,63.4,0.0,1269.1,957.1,312.0,1509.3
2023-02-14,6,2023-02-14T05:00,gcl,Grand Coulee,102.3,102.3,0.0,1269.0,960.0,309.0,2411.9
2023-02-14,7,2023-02-14T06:00,gcl,Grand Coulee,127.7,127.7,0.0,1268.9,962.6,306.3,2984.4
2023-02-14,8,2023-02-14T07:00,gcl,Grand Coulee,133.4,133.4,0.0,1268.9,963.6,305.3,3107.5
2023-02-14,9,2023-02-14T08:00,gcl,Grand Coulee,116.1,116.1,0.0,1268.9,962.6,306.3,2713.3
2023-02-14,10,2023-02-14T09:00,gcl,Grand Coulee,98.9,98.9,0.0,1268.9,960.9,308.0,2324.2
2023-02-14,11,2023-02-14T10:00,gcl,Grand Coulee,97.8,97.8,0.0,1268.9,960.4,308.5,2302.1
2023-02-14,12,2023-02-14T11:00,gcl,Grand Coulee,100.8,100.8,0.0,1268.8,960.8,308.0,2368.8
2023-02-14,13,2023-02-14T12:00,gcl,Grand Coulee,85.5,85.5,0.0,1268.7,959.9,308.8,2014.5
2023-02-14,14,2023-02-14T13:00,gcl,Grand Coulee,72.7,72.7,0.0,1268.7,958.6,310.1,1720.1
2023-02-14,15,2023-02-14T14:00,gcl,Grand Coulee,68.5,68.5,0.0,1268.7,958.1,310.6,1623.4
2023-02-14,16,2023-02-14T15:00,gcl,Grand Coulee,74.8,74.8,0.0,1268.7,958.6,310.1,1769.8
2023-02-14,17,2023-02-14T16:00,gcl,Grand Coulee,80.8,80.8,0.0,1268.7,959.2,309.5,1908.1
2023-02-14,18,2023-02-14T17:00,gcl,Grand Coulee,98.7,98.7,0.0,1268.7,960.3,308.4,2322.5
2023-02-14,19,2023-02-14T18:00,gcl,Grand Coulee,123.8,123.8,0.0,1268.5,962.6,305.9,2889.5
2023-02-14,20,2023-02-14T19:00,gcl,Grand Coulee,110.7,110.7,0.0,1268.5,962.2,306.3,2587.1
2023-02-14,21,2023-02-14T20:00,gcl,Grand Coulee,119.5,119.5,0.0,1268.5,962.4,306.1,2791.0
2023-02-14,22,2023-02-14T21:00,gcl,Grand Coulee,99.3,99.3,0.0,1268.5,961.3,307.2,2327.5
2023-02-14,23,2023-02-14T22:00,gcl,Grand Coulee,93.8,93.8,0.0,1268.5,960.2,308.3,2206.5
2023-02-14,24,2023-02-14T23:00,gcl,Grand Coulee,81.7,81.7,0.0,1268.5,959.4,309.1,1926.8
2023-02-15,1,2023-02-15T00:00,gcl,Grand Coulee,69.5,69.5,0.0,1268.4,958.3,310.1,1644.4
2023-02-15,2,2023-02-15T01:00,gcl,Grand Coulee,69.2,69.2,0.0,1268.3,958.1,310.2,1637.8
2023-02-15,3,2023-02-15T02:00,gcl,Grand Coulee,71.7,71.7,0.0,1268.3,958.5,309.8,1694.8
2023-02-15,4,2023-02-15T03:00,gcl,Grand Coulee,77.1,77.1,0.0,1268.3,958.9,309.4,1820.1
2023-02-15,5,2023-02-15T04:00,gcl,Grand Coulee,89.9,89.9,0.0,1268.3,959.7,308.6,2116.8
2023-02-15,6,2023-02-15T05:00,gcl,Grand Coulee,132.8,132.8,0.0,1268.2,963.0,305.2,3092.5
2023-02-15,7,2023-02-15T06:00,gcl,Grand Coulee,143.1,143.1,0.0,1268.1,964.7,303.4,3312.7
2023-02-15,8,2023-02-15T07:00,gcl,Grand Coulee,160.3,160.3,0.0,1268.0,966.3,301.7,3690.1
2023-02-15,9,2023-02-15T08:00,gcl,Grand Coulee,126.6,126.6,0.0,1268.0,964.2,303.8,2934.6
2023-02-15,10,2023-02-15T09:00,gcl,Grand Coulee,97.7,97.7,0.0,1268.1,961.5,306.6,2285.6
2023-02-15,11,2023-02-15T10:00,gcl,Grand Coulee,84.3,84.3,0.0,1268.1,960.0,308.1,1981.7
2023-02-15,12,2023-02-15T11:00,gcl,Grand Coulee,70.7,70.7,0.0,1268.0,959.0,309.0,1666.9
2023-02-15,13,2023-02-15T12:00,gcl,Grand Coulee,52.9,52.9,0.0,1268.0,957.5,310.5,1253.3
2023-02-15,14,2023-02-15T13:00,gcl,Grand Coulee,44.2,44.2,0.0,1268.0,956.4,311.6,1050.9
2023-02-15,15,2023-02-15T14:00,gcl,Grand Coulee,52.1,52.1,0.0,1267.9,956.9,311.0,1236.3
2023-02-15,16,2023-02-15T15:00,gcl,Grand Coulee,52.6,52.6,0.0,1268.0,956.9,311.1,1248.6
2023-02-15,17,2023-02-15T16:00,gcl,Grand Coulee,66.5,66.5,0.0,1268.0,957.7,310.3,1574.4
2023-02-15,18,2023-02-15T17:00,gcl,Grand Coulee,79.2,79.2,0.0,1268.1,958.7,309.4,1869.7
2023-02-15,19,2023-02-15T18:00,gcl,Grand Coulee,81.4,81.4,0.0,1268.1,959.0,309.1,1919.8
2023-02-15,20,2023-02-15T19:00,gcl,Grand Coulee,78.5,78.5,0.0,1268.1,958.6,309.5,1853.8
2023-02-15,21,2023-02-15T20:00,gcl,Grand Coulee,77.3,77.3,0.0,1268.1,958.4,309.7,1826.6
2023-02-15,22,2023-02-15T21:00,gcl,Grand Coulee,86.8,86.8,0.0,1268.0,959.1,308.9,2045.8
2023-02-15,23,2023-02-15T22:00,gcl,Grand Coulee,80.1,80.1,0.0,1268.1,958.8,309.3,1890.3
2023-02-15,24,2023-02-15T23:00,gcl,Grand Coulee,80.1,80.1,0.0,1268.1,958.8,309.3,1890.3
2023-02-16,1,2023-02-16T00:00,gcl,Grand Coulee,87.0,87.0,0.0,1268.0,959.2,308.8,2049.8
2023-02-16,2,2023-02-16T01:00,gcl,Grand Coulee,88.8,88.8,0.0,1268.0,959.6,308.4,2089.5
2023-02-16,3,2023-02-16T02:00,gcl,Grand Coulee,91.7,91.7,0.0,1268.0,959.8,308.2,2156.4
2023-02-16,4,2023-02-16T03:00,gcl,Grand Coulee,96.7,96.7,0.0,1267.9,960.2,307.7,2270.3
2023-02-16,5,2023-02-16T04:00,gcl,Grand Coulee,100.2,100.2,0.0,1267.8,960.7,307.1,2347.9
2023-02-16,6,2023-02-16T05:00,gcl,Grand Coulee,141.0,141.0,0.0,1267.7,963.5,304.2,3272.7
2023-02-16,7,2023-02-16T06:00,gcl,Grand Coulee,163.0,163.0,0.0,1267.6,966.1,301.5,3749.7
2023-02-16,8,2023-02-16T07:00,gcl,Grand Coulee,162.8,162.8,0.0,1267.5,966.9,300.6,3733.9
2023-02-16,9,2023-02-16T08:00,gcl,Grand Coulee,136.9,136.9,0.0,1267.5,965.2,302.3,3157.7
2023-02-16,10,2023-02-16T09:00,gcl,Grand Coulee,117.1,117.1,0.0,1267.5,963.3,304.2,2717.9
2023-02-16,11,2023-02-16T10:00,gcl,Grand Coulee,104.2,104.2,0.0,1267.5,961.8,305.7,2430.5
2023-02-16,12,2023-02-16T11:00,gcl,Grand Coulee,94.6,94.6,0.0,1267.5,961.1,306.4,2211.6
2023-02-16,13,2023-02-16T12:00,gcl,Grand Coulee,83.6,83.6,0.0,1267.4,960.0,307.4,1960.8
2023-02-16,14,2023-02-16T13:00,gcl,Grand Coulee,82.1,82.1,0.0,1267.3,959.7,307.6,1926.9
2023-02-16,15,2023-02-16T14:00,gcl,Grand Coulee,68.7,68.7,0.0,1267.3,958.9,308.4,1616.6
2023-02-16,16,2023-02-16T15:00,gcl,Grand Coulee,62.3,62.3,0.0,1267.4,958.2,309.2,1469.8
2023-02-16,17,2023-02-16T16:00,gcl,Grand Coulee,86.3,86.3,0.0,1267.4,959.7,307.7,2026.1
2023-02-16,18,2023-02-16T17:00,gcl,Grand Coulee,106.7,106.7,0.0,1267.3,961.6,305.7,2488.8
2023-02-16,19,2023-02-16T18:00,gcl,Grand Coulee,116.4,116.4,0.0,1267.2,962.4,304.8,2707.0
2023-02-16,20,2023-02-16T19:00,gcl,Grand Coulee,109.4,109.4,0.0,1267.2,962.0,305.2,2547.6
2023-02-16,21,2023-02-16T20:00,gcl,Grand Coulee,100.3,100.3,0.0,1267.1,961.2,305.9,2341.0
2023-02-16,22,2023-02-16T21:00,gcl,Grand Coulee,101.7,101.7,0.0,1267.2,960.9,306.3,2376.8
2023-02-16,23,2023-02-16T22:00,gcl,Grand Coulee,94.9,94.9,0.0,1267.2,960.5,306.7,2220.8
2023-02-16,24,2023-02-16T23:00,gcl,Grand Coulee,77.1,77.1,0.0,1267.3,959.3,308.0,1811.9
2023-02-17,1,2023-02-17T00:00,gcl,Grand Coulee,70.6,70.6,0.0,1267.2,958.4,308.8,1663.4
2023-02-17,2,2023-02-17T01:00,gcl,Grand Coulee,68.1,68.1,0.0,1267.2,958.4,308.8,1604.5
2023-02-17,3,2023-02-17T02:00,gcl,Grand Coulee,67.0,67.0,0.0,1267.2,958.4,308.8,1578.6
2023-02-17,4,2023-02-17T03:00,gcl,Grand Coulee,70.2,70.2,0.0,1267.1,958.6,308.5,1652.4
2023-02-17,5,2023-02-17T04:00,gcl,Grand Coulee,70.0,70.0,0.0,1267.0,958.6,308.4,1647.2
2023-02-17,6,2023-02-17T05:00,gcl,Grand Coulee,85.2,85.2,0.0,1267.1,959.6,307.5,1999.0
2023-02-17,7,2023-02-17T06:00,gcl,Grand Coulee,110.1,110.1,0.0,1267.0,961.6,305.4,2565.6
2023-02-17,8,2023-02-17T07:00,gcl,Grand Coulee,116.4,116.4,0.0,1266.9,962.6,304.3,2702.6
2023-02-17,9,2023-02-17T08:00,gcl,Grand Coulee,113.2,113.2,0.0,1266.9,962.4,304.5,2630.0
2023-02-17,10,2023-02-17T09:00,gcl,Grand Coulee,93.4,93.4,0.0,1266.9,961.0,305.9,2180.0
2023-02-17,11,2023-02-17T10:00,gcl,Grand Coulee,69.9,69.9,0.0,1267.0,959.0,308.0,1642.7
2023-02-17,12,2023-02-17T11:00,gcl,Grand Coulee,71.3,71.3,0.0,1267.0,958.7,308.3,1677.2
2023-02-17,13,2023-02-17T12:00,gcl,Grand Coulee,70.7,70.7,0.0,1267.0,958.9,308.1,1662.0
2023-02-17,14,2023-02-17T13:00,gcl,Grand Coulee,63.1,63.1,0.0,1266.9,958.3,308.6,1485.8
2023-02-17,15,2023-02-17T14:00,gcl,Grand Coulee,58.9,58.9,0.0,1266.9,957.8,309.1,1389.1
2023-02-17,16,2023-02-17T15:00,gcl,Grand Coulee,62.8,62.8,0.0,1266.9,958.0,308.9,1480.1
2023-02-17,17,2023-02-17T16:00,gcl,Grand Coulee,82.5,82.5,0.0,1266.9,959.5,307.4,1935.0
2023-02-17,18,2023-02-17T17:00,gcl,Grand Coulee,101.2,101.2,0.0,1266.9,961.0,305.9,2362.0
2023-02-17,19,2023-02-17T18:00,gcl,Grand Coulee,106.8,106.8,0.0,1266.9,961.6,305.3,2487.8
2023-02-17,20,2023-02-17T19:00,gcl,Grand Coulee,100.2,100.2,0.0,1266.9,961.2,305.7,2337.2
2023-02-17,21,2023-02-17T20:00,gcl,Grand Coulee,95.2,95.2,0.0,1266.9,960.7,306.2,2224.2
2023-02-17,22,2023-02-17T21:00,gcl,Grand Coulee,86.4,86.4,0.0,1266.9,960.1,306.8,2022.5
2023-02-17,23,2023-02-17T22:00,gcl,Grand Coulee,84.7,84.7,0.0,1266.9,959.8,307.1,1984.7
2023-02-17,24,2023-02-17T23:00,gcl,Grand Coulee,82.8,82.8,0.0,1266.8,959.7,307.1,1940.1
2023-02-18,1,2023-02-18T00:00,gcl,Grand Coulee,92.0,92.0,0.0,1266.8,960.2,306.6,2152.2
2023-02-18,2,2023-02-18T01:00,gcl,Grand Coulee,92.3,92.3,0.0,1266.8,960.5,306.3,2157.1
2023-02-18,3,2023-02-18T02:00,gcl,Grand Coulee,91.0,91.0,0.0,1266.8,960.3,306.5,2128.1
2023-02-18,4,2023-02-18T03:00,gcl,Grand Coulee,91.2,91.2,0.0,1266.7,960.2,306.5,2132.8
2023-02-18,5,2023-02-18T04:00,gcl,Grand Coulee,81.1,81.1,0.0,1266.7,959.6,307.1,1900.3
2023-02-18,6,2023-02-18T05:00,gcl,Grand Coulee,82.7,82.7,0.0,1266.7,959.5,307.2,1938.4
2023-02-18,7,2023-02-18T06:00,gcl,Grand Coulee,78.2,78.2,0.0,1266.6,959.3,307.3,1833.6
2023-02-18,8,2023-02-18T07:00,gcl,Grand Coulee,79.5,79.5,0.0,1266.6,959.3,307.3,1864.0
2023-02-18,9,2023-02-18T08:00,gcl,Grand Coulee,85.0,85.0,0.0,1266.5,959.7,306.8,1989.8
2023-02-18,10,2023-02-18T09:00,gcl,Grand Coulee,89.0,89.0,0.0,1266.4,960.0,306.4,2080.7
2023-02-18,11,2023-02-18T10:00,gcl,Grand Coulee,94.8,94.8,0.0,1266.4,960.6,305.8,2211.9
2023-02-18,12,2023-02-18T11:00,gcl,Grand Coulee,89.2,89.2,0.0,1266.4,960.2,306.2,2084.0
2023-02-18,13,2023-02-18T12:00,gcl,Grand Coulee,89.2,89.2,0.0,1266.4,960.1,306.3,2084.7
2023-02-18,14,2023-02-18T13:00,gcl,Grand Coulee,80.4,80.4,0.0,1266.5,959.6,306.9,1882.7
2023-02-18,15,2023-02-18T14:00,gcl,Grand Coulee,73.1,73.1,0.0,1266.4,959.1,307.3,1714.0
2023-02-18,16,2023-02-18T15:00,gcl,Grand Coulee,68.6,68.6,0.0,1266.4,958.6,307.8,1611.1
2023-02-18,17,2023-02-18T16:00,gcl,Grand Coulee,76.8,76.8,0.0,1266.3,959.2,307.1,1799.6
2023-02-18,18,2023-02-18T17:00,gcl,Grand Coulee,92.4,92.4,0.0,1266.2,960.2,306.0,2157.3
2023-02-18,19,2023-02-18T18:00,gcl,Grand Coulee,104.6,104.6,0.0,1266.2,961.3,304.9,2433.4
2023-02-18,20,2023-02-18T19:00,gcl,Grand Coulee,104.7,104.7,0.0,1266.2,961.5,304.7,2434.1
2023-02-18,21,2023-02-18T20:00,gcl,Grand Coulee,92.7,92.7,0.0,1266.2,960.5,305.7,2162.2
2023-02-18,22,2023-02-18T21:00,gcl,Grand Coulee,86.7,86.7,0.0,1266.3,959.9,306.4,2026.9
2023-02-18,23,2023-02-18T22:00,gcl,Grand Coulee,94.6,94.6,0.0,1266.3,960.4,305.9,2208.0
2023-02-18,24,2023-02-18T23:00,gcl,Grand Coulee,93.5,93.5,0.0,1266.2,960.5,305.7,2180.9
2023-02-19,1,2023-02-19T00:00,gcl,Grand Coulee,102.8,102.8,0.0,1266.1,961.1,305.0,2392.3
2023-02-19,2,2023-02-19T01:00,gcl,Grand Coulee,102.6,102.6,0.0,1266.0,961.3,304.7,2385.3
2023-02-19,3,2023-02-19T02:00,gcl,Grand Coulee,99.4,99.4,0.0,1266.0,961.1,304.9,2312.4
2023-02-19,4,2023-02-19T03:00,gcl,Grand Coulee,99.6,99.6,0.0,1266.0,961.0,305.0,2317.8
2023-02-19,5,2023-02-19T04:00,gcl,Grand Coulee,99.1,99.1,0.0,1265.9,961.1,304.8,2304.7
2023-02-19,6,2023-02-19T05:00,gcl,Grand Coulee,91.7,91.7,0.0,1265.9,960.5,305.4,2136.8
2023-02-19,7,2023-02-19T06:00,gcl,Grand Coulee,81.9,81.9,0.0,1265.8,959.7,306.1,1912.8
2023-02-19,8,2023-02-19T07:00,gcl,Grand Coulee,85.0,85.0,0.0,1265.7,959.8,305.9,1983.9
2023-02-19,9,2023-02-19T08:00,gcl,Grand Coulee,76.7,76.7,0.0,1265.7,959.4,306.3,1792.5
2023-02-19,10,2023-02-19T09:00,gcl,Grand Coulee,78.1,78.1,0.0,1265.7,959.2,306.5,1826.4
2023-02-19,11,2023-02-19T10:00,gcl,Grand Coulee,91.2,91.2,0.0,1265.6,960.0,305.6,2126.5
2023-02-19,12,2023-02-19T11:00,gcl,Grand Coulee,101.5,101.5,0.0,1265.6,961.0,304.6,2359.0
2023-02-19,13,2023-02-19T12:00,gcl,Grand Coulee,96.8,96.8,0.0,1265.5,960.8,304.7,2250.5
2023-02-19,14,2023-02-19T13:00,gcl,Grand Coulee,89.1,89.1,0.0,1265.5,960.0,305.5,2076.9
2023-02-19,15,2023-02-19T14:00,gcl,Grand Coulee,82.2,82.2,0.0,1265.5,959.3,306.2,1920.4
2023-02-19,16,2023-02-19T15:00,gcl,Grand Coulee,83.0,83.0,0.0,1265.4,959.2,306.2,1939.1
2023-02-19,17,2023-02-19T16:00,gcl,Grand Coulee,97.6,97.6,0.0,1265.3,960.3,305.0,2271.3
2023-02-19,18,2023-02-19T17:00,gcl,Grand Coulee,115.0,115.0,0.0,1265.2,961.8,303.4,2662.2
2023-02-19,19,2023-02-19T18:00,gcl,Grand Coulee,128.5,128.5,0.0,1265.1,963.0,302.1,2962.0
2023-02-19,20,2023-02-19T19:00,gcl,Grand Coulee,125.0,125.0,0.0,1265.1,962.9,302.2,2882.2
2023-02-19,21,2023-02-19T20:00,gcl,Grand Coulee,121.0,121.0,0.0,1265.0,962.5,302.5,2792.8
2023-02-19,22,2023-02-19T21:00,gcl,Grand Coulee,104.7,104.7,0.0,1265.0,961.3,303.7,2426.1
2023-02-19,23,2023-02-19T22:00,gcl,Grand Coulee,103.3,103.3,0.0,1265.0,960.8,304.2,2397.6
2023-02-19,24,2023-02-19T23:00,gcl,Grand Coulee,95.9,95.9,0.0,1264.9,960.0,304.9,2231.0
2023-02-20,1,2023-02-20T00:00,gcl,Grand Coulee,92.6,92.6,0.0,1264.8,959.7,305.1,2155.6
2023-02-20,2,2023-02-20T01:00,gcl,Grand Coulee,84.1,84.1,0.0,1264.8,959.0,305.8,1962.3
2023-02-20,3,2023-02-20T02:00,gcl,Grand Coulee,81.9,81.9,0.0,1264.7,958.8,305.9,1911.6
2023-02-20,4,2023-02-20T03:00,gcl,Grand Coulee,82.4,82.4,0.0,1264.7,958.8,305.9,1923.2
2023-02-20,5,2023-02-20T04:00,gcl,Grand Coulee,85.7,85.7,0.0,1264.7,959.1,305.6,1998.3
2023-02-20,6,2023-02-20T05:00,gcl,Grand Coulee,85.8,85.8,0.0,1264.7,959.2,305.5,2000.0
2023-02-20,7,2023-02-20T06:00,gcl,Grand Coulee,95.3,95.3,0.0,1264.6,959.8,304.8,2216.3
2023-02-20,8,2023-02-20T07:00,gcl,Grand Coulee,99.7,99.7,0.0,1264.5,960.4,304.1,2313.3
2023-02-20,9,2023-02-20T08:00,gcl,Grand Coulee,93.6,93.6,0.0,1264.4,960.2,304.2,2172.5
2023-02-20,10,2023-02-20T09:00,gcl,Grand Coulee,87.7,87.7,0.0,1264.4,959.5,304.9,2040.2
2023-02-20,11,2023-02-20T10:00,gcl,Grand Coulee,87.1,87.1,0.0,1264.4,959.4,305.0,2026.9
2023-02-20,12,2023-02-20T11:00,gcl,Grand Coulee,87.8,87.8,0.0,1264.4,959.5,304.9,2042.6
2023-02-20,13,2023-02-20T12:00,gcl,Grand Coulee,86.6,86.6,0.0,1264.4,959.5,304.9,2014.7
2023-02-20,14,2023-02-20T13:00,gcl,Grand Coulee,85.5,85.5,0.0,1264.3,959.9,304.4,1985.8
2023-02-20,15,2023-02-20T14:00,gcl,Grand Coulee,80.8,80.8,0.0,1264.3,959.0,305.3,1882.2
2023-02-20,16,2023-02-20T15:00,gcl,Grand Coulee,83.7,83.7,0.0,1264.3,959.1,305.2,1949.1
2023-02-20,17,2023-02-20T16:00,gcl,Grand Coulee,100.9,100.9,0.0,1264.2,960.5,303.7,2338.1
2023-02-20,18,2023-02-20T17:00,gcl,Grand Coulee,108.9,108.9,0.0,1264.2,961.5,302.7,2515.2
2023-02-20,19,2023-02-20T18:00,gcl,Grand Coulee,123.2,123.2,0.0,1264.1,962.5,301.6,2835.1
2023-02-20,20,2023-02-20T19:00,gcl,Grand Coulee,73.2,73.2,0.0,1263.9,951.9,312.0,1742.6
2023-02-20,21,2023-02-20T20:00,gcl,Grand Coulee,102.8,102.8,0.0,1264.0,961.1,302.9,2375.8
2023-02-20,22,2023-02-20T21:00,gcl,Grand Coulee,91.3,91.3,0.0,1264.0,960.2,303.8,2116.3
2023-02-20,23,2023-02-20T22:00,gcl,Grand Coulee,88.9,88.9,0.0,1264.0,959.9,304.1,2062.7
2023-02-20,24,2023-02-20T23:00,gcl,Grand Coulee,73.2,73.2,0.0,1263.9,951.9,312.0,1742.6
2023-02-21,1,2023-02-21T00:00,gcl,Grand Coulee,61.5,61.5,0.0,1263.8,958.1,305.7,1434.5
2023-02-21,2,2023-02-21T01:00,gcl,Grand Coulee,58.7,58.7,0.0,1263.8,957.7,306.1,1371.0
2023-02-21,3,2023-02-21T02:00,gcl,Grand Coulee,62.2,62.2,0.0,1263.8,958.0,305.8,1451.3
2023-02-21,4,2023-02-21T03:00,gcl,Grand Coulee,67.2,67.2,0.0,1263.8,958.4,305.4,1565.9
2023-02-21,5,2023-02-21T04:00,gcl,Grand Coulee,69.7,69.7,0.0,1263.8,958.5,305.3,1623.6
2023-02-21,6,2023-02-21T05:00,gcl,Grand Coulee,74.2,74.2,0.0,1263.8,958.7,305.1,1727.3
2023-02-21,7,2023-02-21T06:00,gcl,Grand Coulee,94.9,94.9,0.0,1263.7,960.1,303.6,2198.3
2023-02-21,8,2023-02-21T07:00,gcl,Grand Coulee,104.2,104.2,0.0,1263.7,961.2,302.5,2405.0
2023-02-21,9,2023-02-21T08:00,gcl,Grand Coulee,84.1,84.1,0.0,1263.7,960.2,303.5,1947.5
2023-02-21,10,2023-02-21T09:00,gcl,Grand Coulee,73.5,73.5,0.0,1263.7,958.9,304.8,1709.3
2023-02-21,11,2023-02-21T10:00,gcl,Grand Coulee,75.9,75.9,0.0,1263.7,958.8,304.9,1765.7
2023-02-21,12,2023-02-21T11:00,gcl,Grand Coulee,68.7,68.7,0.0,1263.7,958.5,305.2,1599.8
2023-02-21,13,2023-02-21T12:00,gcl,Grand Coulee,71.2,71.2,0.0,1263.7,958.6,305.1,1657.5
2023-02-21,14,2023-02-21T13:00,gcl,Grand Coulee,64.2,64.2,0.0,1263.7,958.1,305.6,1497.0
2023-02-21,15,2023-02-21T14:00,gcl,Grand Coulee,60.5,60.5,0.0,1263.7,957.8,305.9,1412.1
2023-02-21,16,2023-02-21T15:00,gcl,Grand Coulee,66.5,66.5,0.0,1263.7,958.0,305.7,1551.1
2023-02-21,17,2023-02-21T16:00,gcl,Grand Coulee,100.3,100.3,0.0,1263.6,960.5,303.1,2319.6
2023-02-21,18,2023-02-21T17:00,gcl,Grand Coulee,119.6,119.6,0.0,1263.6,962.4,301.2,2748.6
2023-02-21,19,2023-02-21T18:00,gcl,Grand Coulee,132.3,132.3,0.0,1263.6,963.8,299.8,3026.3
2023-02-21,20,2023-02-21T19:00,gcl,Grand Coulee,122.6,122.6,0.0,1263.7,963.4,300.3,2809.1
2023-02-21,21,2023-02-21T20:00,gcl,Grand Coulee,110.0,110.0,0.0,1263.6,962.3,301.3,2528.8
2023-02-21,22,2023-02-21T21:00,gcl,Grand Coulee,104.8,104.8,0.0,1263.6,961.5,302.1,2415.7
2023-02-21,23,2023-02-21T22:00,gcl,Grand Coulee,88.2,88.2,0.0,1263.5,960.2,303.3,2041.1
2023-02-21,24,2023-02-21T23:00,gcl,Grand Coulee,82.4,82.4,0.0,1263.5,959.3,304.2,1912.5
2023-02-22,1,2023-02-22T00:00,gcl,Grand Coulee,59.6,59.6,0.0,1263.5,957.4,306.1,1392.0
2023-02-22,2,2023-02-22T01:00,gcl,Grand Coulee,58.1,58.1,0.0,1263.5,956.5,307.0,1360.9
2023-02-22,3,2023-02-22T02:00,gcl,Grand Coulee,71.0,71.0,0.0,1263.5,957.5,306.0,1657.7
2023-02-22,4,2023-02-22T03:00,gcl,Grand Coulee,75.7,75.7,0.0,1263.4,958.0,305.4,1764.0
2023-02-22,5,2023-02-22T04:00,gcl,Grand Coulee,90.8,90.8,0.0,1263.4,959.0,304.4,2108.9
2023-02-22,6,2023-02-22T05:00,gcl,Grand Coulee,134.4,134.4,0.0,1263.2,962.5,300.7,3083.6
2023-02-22,7,2023-02-22T06:00,gcl,Grand Coulee,136.2,136.2,0.0,1263.1,963.9,299.2,3109.3
2023-02-22,8,2023-02-22T07:00,gcl,Grand Coulee,149.8,149.8,0.0,1263.0,965.2,297.8,3403.8
2023-02-22,9,2023-02-22T08:00,gcl,Grand Coulee,131.3,131.3,0.0,1263.0,964.3,298.7,2992.4
2023-02-22,10,2023-02-22T09:00,gcl,Grand Coulee,116.9,116.9,0.0,1263.0,962.8,300.2,2677.6
2023-02-22,11,2023-02-22T10:00,gcl,Grand Coulee,112.0,112.0,0.0,1262.9,962.1,300.8,2570.5
2023-02-22,12,2023-02-22T11:00,gcl,Grand Coulee,103.0,103.0,0.0,1262.9,961.5,301.4,2368.7
2023-02-22,13,2023-02-22T12:00,gcl,Grand Coulee,96.9,96.9,0.0,1262.8,961.0,301.8,2231.3
2023-02-22,14,2023-02-22T13:00,gcl,Grand Coulee,98.9,98.9,0.0,1262.7,960.6,302.1,2279.7
2023-02-22,15,2023-02-22T14:00,gcl,Grand Coulee,81.2,81.2,0.0,1262.8,959.0,303.8,1882.2
2023-02-22,16,2023-02-22T15:00,gcl,Grand Coulee,79.2,79.2,0.0,1262.8,958.9,303.9,1836.5
2023-02-22,17,2023-02-22T16:00,gcl,Grand Coulee,91.1,91.1,0.0,1262.7,959.6,303.1,2106.8
2023-02-22,18,2023-02-22T17:00,gcl,Grand Coulee,115.3,115.3,0.0,1262.6,961.4,301.2,2649.8
2023-02-22,19,2023-02-22T18:00,gcl,Grand Coulee,131.0,131.0,0.0,1262.5,962.9,299.6,2994.6
2023-02-22,20,2023-02-22T19:00,gcl,Grand Coulee,114.2,114.2,0.0,1262.5,961.9,300.6,2619.3
2023-02-22,21,2023-02-22T20:00,gcl,Grand Coulee,103.8,103.8,0.0,1262.5,960.7,301.8,2390.2
2023-02-22,22,2023-02-22T21:00,gcl,Grand Coulee,80.3,80.3,0.0,1262.6,958.7,303.9,1862.0
2023-02-22,23,2023-02-22T22:00,gcl,Grand Coulee,69.8,69.8,0.0,1262.7,957.3,305.4,1626.5
2023-02-22,24,2023-02-22T23:00,gcl,Grand Coulee,52.2,52.2,0.0,1262.7,955.6,307.1,1223.1
2023-02-23,1,2023-02-23T00:00,gcl,Grand Coulee,50.4,50.4,0.0,1262.6,954.9,307.7,1183.3
2023-02-23,2,2023-02-23T01:00,gcl,Grand Coulee,49.6,49.6,0.0,1262.5,954.7,307.8,1164.9
2023-02-23,3,2023-02-23T02:00,gcl,Grand Coulee,47.8,47.8,0.0,1262.5,955.0,307.5,1121.5
2023-02-23,4,2023-02-23T03:00,gcl,Grand Coulee,55.6,55.6,0.0,1262.5,955.2,307.3,1303.7
2023-02-23,5,2023-02-23T04:00,gcl,Grand Coulee,102.3,102.3,0.0,1262.4,958.8,303.6,2369.7
2023-02-23,6,2023-02-23T05:00,gcl,Grand Coulee,118.2,118.2,0.0,1262.4,961.0,301.4,2718.2
2023-02-23,7,2023-02-23T06:00,gcl,Grand Coulee,142.0,142.0,0.0,1262.3,963.5,298.8,3237.4
2023-02-23,8,2023-02-23T07:00,gcl,Grand Coulee,138.7,138.7,0.0,1262.2,964.1,298.1,3154.7
2023-02-23,9,2023-02-23T08:00,gcl,Grand Coulee,120.9,120.9,0.0,1262.2,962.7,299.5,2762.8
2023-02-23,10,2023-02-23T09:00,gcl,Grand Coulee,103.5,103.5,0.0,1262.2,961.1,301.1,2377.8
2023-02-23,11,2023-02-23T10:00,gcl,Grand Coulee,92.2,92.2,0.0,1262.2,959.9,302.3,2126.6
2023-02-23,12,2023-02-23T11:00,gcl,Grand Coulee,82.3,82.3,0.0,1262.1,959.1,303.0,1902.7
2023-02-23,13,2023-02-23T12:00,gcl,Grand Coulee,77.2,77.2,0.0,1262.1,958.5,303.6,1788.3
2023-02-23,14,2023-02-23T13:00,gcl,Grand Coulee,78.5,78.5,0.0,1262.0,958.6,303.4,1817.2
2023-02-23,15,2023-02-23T14:00,gcl,Grand Coulee,72.4,72.4,0.0,1262.0,958.4,303.6,1677.1
2023-02-23,16,2023-02-23T15:00,gcl,Grand Coulee,78.2,78.2,0.0,1262.0,958.5,303.5,1810.9
2023-02-23,17,2023-02-23T16:00,gcl,Grand Coulee,94.3,94.3,0.0,1262.0,959.7,302.3,2175.1
2023-02-23,18,2023-02-23T17:00,gcl,Grand Coulee,103.1,103.1,0.0,1261.9,960.8,301.1,2368.6
2023-02-23,19,2023-02-23T18:00,gcl,Grand Coulee,130.0,130.0,0.0,1261.8,962.8,299.0,2965.8
2023-02-23,20,2023-02-23T19:00,gcl,Grand Coulee,106.3,106.3,0.0,1261.8,961.8,300.0,2433.2
2023-02-23,21,2023-02-23T20:00,gcl,Grand Coulee,99.8,99.8,0.0,1261.7,960.8,300.9,2291.3
2023-02-23,22,2023-02-23T21:00,gcl,Grand Coulee,98.0,98.0,0.0,1261.7,960.5,301.2,2252.2
2023-02-23,23,2023-02-23T22:00,gcl,Grand Coulee,77.8,77.8,0.0,1261.7,959.1,302.6,1796.3
2023-02-23,24,2023-02-23T23:00,gcl,Grand Coulee,67.7,67.7,0.0,1261.8,958.0,303.8,1569.3
2023-02-24,1,2023-02-24T00:00,gcl,Grand Coulee,50.7,50.7,0.0,1261.8,956.8,305.0,1179.9
2023-02-24,2,2023-02-24T01:00,gcl,Grand Coulee,48.9,48.9,0.0,1261.8,956.8,305.0,1138.0
2023-02-24,3,2023-02-24T02:00,gcl,Grand Coulee,58.9,58.9,0.0,1261.7,957.4,304.3,1367.5
2023-02-24,4,2023-02-24T03:00,gcl,Grand Coulee,68.0,68.0,0.0,1261.6,958.2,303.4,1574.2
2023-02-24,5,2023-02-24T04:00,gcl,Grand Coulee,64.6,64.6,0.0,1261.6,958.0,303.6,1496.4
2023-02-24,6,2023-02-24T05:00,gcl,Grand Coulee,79.0,79.0,0.0,1261.6,958.5,303.1,1827.0
2023-02-24,7,2023-02-24T06:00,gcl,Grand Coulee,132.5,132.5,0.0,1261.5,962.6,298.9,3021.8
2023-02-24,8,2023-02-24T07:00,gcl,Grand Coulee,139.7,139.7,0.0,1261.4,964.5,296.9,3164.7
2023-02-24,9,2023-02-24T08:00,gcl,Grand Coulee,120.9,120.9,0.0,1261.5,963.2,298.3,2751.7
2023-02-24,10,2023-02-24T09:00,gcl,Grand Coulee,102.1,102.1,0.0,1261.4,961.1,300.3,2339.4
2023-02-24,11,2023-02-24T10:00,gcl,Grand Coulee,98.1,98.1,0.0,1261.3,960.3,301.0,2253.0
2023-02-24,12,2023-02-24T11:00,gcl,Grand Coulee,93.6,93.6,0.0,1261.4,960.2,301.2,2151.1
2023-02-24,13,2023-02-24T12:00,gcl,Grand Coulee,79.1,79.1,0.0,1261.4,959.1,302.3,1824.5
2023-02-24,14,2023-02-24T13:00,gcl,Grand Coulee,72.5,72.5,0.0,1261.3,958.4,302.9,1675.6
2023-02-24,15,2023-02-24T14:00,gcl,Grand Coulee,67.8,67.8,0.0,1261.3,958.0,303.3,1569.0
2023-02-24,16,2023-02-24T15:00,gcl,Grand Coulee,75.9,75.9,0.0,1261.3,958.6,302.7,1753.0
2023-02-24,17,2023-02-24T16:00,gcl,Grand Coulee,87.2,87.2,0.0,1261.3,959.5,301.8,2008.0
2023-02-24,18,2023-02-24T17:00,gcl,Grand Coulee,96.3,96.3,0.0,1261.3,960.3,301.0,2211.7
2023-02-24,19,2023-02-24T18:00,gcl,Grand Coulee,100.6,100.6,0.0,1261.3,960.8,300.5,2306.6
2023-02-24,20,2023-02-24T19:00,gcl,Grand Coulee,91.4,91.4,0.0,1261.3,960.4,300.9,2098.4
2023-02-24,21,2023-02-24T20:00,gcl,Grand Coulee,86.6,86.6,0.0,1261.3,959.9,301.4,1991.5
2023-02-24,22,2023-02-24T21:00,gcl,Grand Coulee,86.2,86.2,0.0,1261.3,959.9,301.4,1982.3
2023-02-24,23,2023-02-24T22:00,gcl,Grand Coulee,71.2,71.2,0.0,1261.3,958.9,302.4,1642.8
2023-02-24,24,2023-02-24T23:00,gcl,Grand Coulee,67.5,67.5,0.0,1261.3,958.4,302.9,1560.0
2023-02-25,1,2023-02-25T00:00,gcl,Grand Coulee,58.7,58.7,0.0,1261.3,957.9,303.4,1358.9
2023-02-25,2,2023-02-25T01:00,gcl,Grand Coulee,59.7,59.7,0.0,1261.4,957.9,303.5,1382.5
2023-02-25,3,2023-02-25T02:00,gcl,Grand Coulee,63.5,63.5,0.0,1261.3,958.0,303.3,1469.5
2023-02-25,4,2023-02-25T03:00,gcl,Grand Coulee,70.0,70.0,0.0,1261.3,958.5,302.8,1617.3
2023-02-25,5,2023-02-25T04:00,gcl,Grand Coulee,83.9,83.9,0.0,1261.3,959.4,301.9,1932.6
2023-02-25,6,2023-02-25T05:00,gcl,Grand Coulee,104.3,104.3,0.0,1261.2,961.0,300.2,2389.0
2023-02-25,7,2023-02-25T06:00,gcl,Grand Coulee,128.1,128.1,0.0,1261.1,963.1,298.0,2912.7
2023-02-25,8,2023-02-25T07:00,gcl,Grand Coulee,134.2,134.2,0.0,1261.0,964.1,296.9,3040.1
2023-02-25,9,2023-02-25T08:00,gcl,Grand Coulee,124.8,124.8,0.0,1261.0,963.6,297.4,2831.9
2023-02-25,10,2023-02-25T09:00,gcl,Grand Coulee,120.6,120.6,0.0,1261.0,962.9,298.1,2743.1
2023-02-25,11,2023-02-25T10:00,gcl,Grand Coulee,100.6,100.6,0.0,1261.0,961.4,299.6,2299.7
2023-02-25,12,2023-02-25T11:00,gcl,Grand Coulee,89.5,89.5,0.0,1261.0,960.1,300.9,2054.8
2023-02-25,13,2023-02-25T12:00,gcl,Grand Coulee,83.6,83.6,0.0,1260.9,959.6,301.3,1921.9
2023-02-25,14,2023-02-25T13:00,gcl,Grand Coulee,68.7,68.7,0.0,1260.9,958.4,302.5,1585.6
2023-02-25,15,2023-02-25T14:00,gcl,Grand Coulee,61.5,61.5,0.0,1260.8,957.6,303.2,1422.8
2023-02-25,16,2023-02-25T15:00,gcl,Grand Coulee,58.2,58.2,0.0,1260.8,957.3,303.5,1347.7
2023-02-25,17,2023-02-25T16:00,gcl,Grand Coulee,81.0,81.0,0.0,1260.9,958.9,302.0,1866.5
2023-02-25,18,2023-02-25T17:00,gcl,Grand Coulee,86.5,86.5,0.0,1260.9,959.6,301.3,1988.6
2023-02-25,19,2023-02-25T18:00,gcl,Grand Coulee,98.2,98.2,0.0,1260.9,960.5,300.4,2250.8
2023-02-25,20,2023-02-25T19:00,gcl,Grand Coulee,82.6,82.6,0.0,1260.9,959.7,301.2,1898.3
2023-02-25,21,2023-02-25T20:00,gcl,Grand Coulee,70.4,70.4,0.0,1260.9,958.5,302.4,1624.3
2023-02-25,22,2023-02-25T21:00,gcl,Grand Coulee,68.9,68.9,0.0,1260.9,958.2,302.7,1591.3
2023-02-25,23,2023-02-25T22:00,gcl,Grand Coulee,47.7,47.7,0.0,1260.9,956.8,304.1,1106.8
2023-02-25,24,2023-02-25T23:00,gcl,Grand Coulee,54.6,54.6,0.0,1260.9,956.6,304.3,1267.7
2023-02-26,1,2023-02-26T00:00,gcl,Grand Coulee,91.2,91.2,0.0,1260.9,956.6,304.3,2117.5
2023-02-26,2,2023-02-26T01:00,gcl,Grand Coulee,98.8,98.8,0.0,1260.7,961.0,299.7,2259.3
2023-02-26,3,2023-02-26T02:00,gcl,Grand Coulee,99.0,99.0,0.0,1260.7,960.7,300.0,2266.1
2023-02-26,4,2023-02-26T03:00,gcl,Grand Coulee,87.2,87.2,0.0,1260.7,960.0,300.7,2000.7
2023-02-26,5,2023-02-26T04:00,gcl,Grand Coulee,82.3,82.3,0.0,1260.7,959.7,301.0,1890.1
2023-02-26,6,2023-02-26T05:00,gcl,Grand Coulee,77.3,77.3,0.0,1260.7,959.4,301.3,1777.1
2023-02-26,7,2023-02-26T06:00,gcl,Grand Coulee,76.2,76.2,0.0,1260.6,959.5,301.1,1750.6
2023-02-26,8,2023-02-26T07:00,gcl,Grand Coulee,78.3,78.3,0.0,1260.5,959.6,300.9,1797.7
2023-02-26,9,2023-02-26T08:00,gcl,Grand Coulee,78.1,78.1,0.0,1260.4,959.6,300.8,1792.5
2023-02-26,10,2023-02-26T09:00,gcl,Grand Coulee,78.5,78.5,0.0,1260.4,959.6,300.8,1801.7
2023-02-26,11,2023-02-26T10:00,gcl,Grand Coulee,72.9,72.9,0.0,1260.4,959.3,301.1,1674.8
2023-02-26,12,2023-02-26T11:00,gcl,Grand Coulee,73.3,73.3,0.0,1260.4,959.1,301.3,1685.1
2023-02-26,13,2023-02-26T12:00,gcl,Grand Coulee,72.9,72.9,0.0,1260.4,959.1,301.3,1675.9
2023-02-26,14,2023-02-26T13:00,gcl,Grand Coulee,69.3,69.3,0.0,1260.4,958.7,301.7,1595.3
2023-02-26,15,2023-02-26T14:00,gcl,Grand Coulee,67.2,67.2,0.0,1260.4,958.4,302.0,1548.5
2023-02-26,16,2023-02-26T15:00,gcl,Grand Coulee,69.8,69.8,0.0,1260.3,958.5,301.8,1607.3
2023-02-26,17,2023-02-26T16:00,gcl,Grand Coulee,76.1,76.1,0.0,1260.3,958.9,301.4,1750.1
2023-02-26,18,2023-02-26T17:00,gcl,Grand Coulee,103.8,103.8,0.0,1260.2,960.8,299.4,2371.2
2023-02-26,19,2023-02-26T18:00,gcl,Grand Coulee,117.5,117.5,0.0,1260.2,962.2,298.0,2671.6
2023-02-26,20,2023-02-26T19:00,gcl,Grand Coulee,127.5,127.5,0.0,1260.2,963.1,297.1,2890.3
2023-02-26,21,2023-02-26T20:00,gcl,Grand Coulee,110.1,110.1,0.0,1260.2,962.2,298.0,2503.4
2023-02-26,22,2023-02-26T21:00,gcl,Grand Coulee,97.1,97.1,0.0,1260.2,960.9,299.3,2217.4
2023-02-26,23,2023-02-26T22:00,gcl,Grand Coulee,87.0,87.0,0.0,1260.2,959.9,300.3,1993.4
2023-02-26,24,2023-02-26T23:00,gcl,Grand Coulee,72.5,72.5,0.0,1260.2,958.7,301.5,1667.8
2023-02-27,1,2023-02-27T00:00,gcl,Grand Coulee,59.2,59.2,0.0,1260.1,957.5,302.6,1366.8
2023-02-27,2,2023-02-27T01:00,gcl,Grand Coulee,63.4,63.4,0.0,1260.1,957.5,302.6,1463.8
2023-02-27,3,2023-02-27T02:00,gcl,Grand Coulee,66.1,66.1,0.0,1260.0,957.8,302.2,1524.1
2023-02-27,4,2023-02-27T03:00,gcl,Grand Coulee,71.9,71.9,0.0,1260.0,958.8,301.2,1652.4
2023-02-27,5,2023-02-27T04:00,gcl,Grand Coulee,86.3,86.3,0.0,1259.9,958.9,301.0,1982.0
2023-02-27,6,2023-02-27T05:00,gcl,Grand Coulee,124.2,124.2,0.0,1259.8,962.0,297.8,2822.1
2023-02-27,7,2023-02-27T06:00,gcl,Grand Coulee,125.5,125.5,0.0,1259.8,963.0,296.8,2842.1
2023-02-27,8,2023-02-27T07:00,gcl,Grand Coulee,132.6,132.6,0.0,1259.8,963.4,296.4,2998.8
2023-02-27,9,2023-02-27T08:00,gcl,Grand Coulee,123.5,123.5,0.0,1259.7,962.9,296.8,2796.8
2023-02-27,10,2023-02-27T09:00,gcl,Grand Coulee,113.7,113.7,0.0,1259.6,962.1,297.5,2580.9
2023-02-27,11,2023-02-27T10:00,gcl,Grand Coulee,110.5,110.5,0.0,1259.6,961.5,298.1,2513.3
2023-02-27,12,2023-02-27T11:00,gcl,Grand Coulee,100.2,100.2,0.0,1259.5,960.6,298.9,2285.2
2023-02-27,13,2023-02-27T12:00,gcl,Grand Coulee,107.7,107.7,0.0,1259.4,961.0,298.4,2452.1
2023-02-27,14,2023-02-27T13:00,gcl,Grand Coulee,95.5,95.5,0.0,1259.4,960.5,298.9,2178.0
2023-02-27,15,2023-02-27T14:00,gcl,Grand Coulee,90.1,90.1,0.0,1259.4,959.8,299.6,2059.6
2023-02-27,16,2023-02-27T15:00,gcl,Grand Coulee,88.1,88.1,0.0,1259.4,959.6,299.8,2015.3
2023-02-27,17,2023-02-27T16:00,gcl,Grand Coulee,87.9,87.9,0.0,1259.3,959.4,299.9,2011.4
2023-02-27,18,2023-02-27T17:00,gcl,Grand Coulee,103.8,103.8,0.0,1259.3,960.5,298.8,2366.5
2023-02-27,19,2023-02-27T18:00,gcl,Grand Coulee,111.0,111.0,0.0,1259.1,961.4,297.7,2521.3
2023-02-27,20,2023-02-27T19:00,gcl,Grand Coulee,97.0,97.0,0.0,1259.1,961.4,297.7,2203.3
2023-02-27,21,2023-02-27T20:00,gcl,Grand Coulee,87.8,87.8,0.0,1259.1,959.5,299.6,2007.1
2023-02-27,22,2023-02-27T21:00,gcl,Grand Coulee,67.4,67.4,0.0,1259.1,957.8,301.3,1549.5
2023-02-27,23,2023-02-27T22:00,gcl,Grand Coulee,66.5,66.5,0.0,1259.2,957.2,302.0,1532.3
2023-02-27,24,2023-02-27T23:00,gcl,Grand Coulee,65.4,65.4,0.0,1259.3,957.0,302.3,1508.5
2023-02-28,1,2023-02-28T00:00,gcl,Grand Coulee,64.0,64.0,0.0,1259.2,956.7,302.5,1477.2
2023-02-28,2,2023-02-28T01:00,gcl,Grand Coulee,63.4,63.4,0.0,1259.2,956.3,302.9,1465.3
2023-02-28,3,2023-02-28T02:00,gcl,Grand Coulee,62.9,62.9,0.0,1259.1,956.6,302.5,1451.8
2023-02-28,4,2023-02-28T03:00,gcl,Grand Coulee,70.4,70.4,0.0,1259.1,957.4,301.7,1620.6
2023-02-28,5,2023-02-28T04:00,gcl,Grand Coulee,76.2,76.2,0.0,1259.0,957.8,301.2,1751.2
2023-02-28,6,2023-02-28T05:00,gcl,Grand Coulee,98.9,98.9,0.0,1259.0,959.7,299.3,2258.5
2023-02-28,7,2023-02-28T06:00,gcl,Grand Coulee,112.8,112.8,0.0,1258.9,961.2,297.7,2562.2
2023-02-28,8,2023-02-28T07:00,gcl,Grand Coulee,119.3,119.3,0.0,1258.9,962.2,296.7,2700.7
2023-02-28,9,2023-02-28T08:00,gcl,Grand Coulee,113.1,113.1,0.0,1258.8,961.8,297.0,2563.0
2023-02-28,10,2023-02-28T09:00,gcl,Grand Coulee,92.4,92.4,0.0,1258.8,960.3,298.5,2104.5
2023-02-28,11,2023-02-28T10:00,gcl,Grand Coulee,77.0,77.0,0.0,1258.8,958.8,300.0,1762.5
2023-02-28,12,2023-02-28T11:00,gcl,Grand Coulee,72.7,72.7,0.0,1258.7,958.2,300.5,1666.9
2023-02-28,13,2023-02-28T12:00,gcl,Grand Coulee,72.4,72.4,0.0,1258.7,958.2,300.5,1660.0
2023-02-28,14,2023-02-28T13:00,gcl,Grand Coulee,68.7,68.7,0.0,1258.7,957.9,300.8,1576.7
2023-02-28,15,2023-02-28T14:00,gcl,Grand Coulee,66.3,66.3,0.0,1258.7,957.6,301.1,1523.2
2023-02-28,16,2023-02-28T15:00,gcl,Grand Coulee,70.2,70.2,0.0,1258.7,957.7,301.0,1612.2
2023-02-28,17,2023-02-28T16:00,gcl,Grand Coulee,105.7,105.7,0.0,1258.6,960.4,298.2,2405.0
2023-02-28,18,2023-02-28T17:00,gcl,Grand Coulee,107.4,107.4,0.0,1258.6,961.2,297.4,2437.1
2023-02-28,19,2023-02-28T18:00,gcl,Grand Coulee,115.6,115.6,0.0,1258.5,961.9,296.6,2616.1
2023-02-28,20,2023-02-28T19:00,gcl,Grand Coulee,107.8,107.8,0.0,1258.4,961.5,296.9,2442.0
2023-02-28,21,2023-02-28T20:00,gcl,Grand Coulee,102.0,102.0,0.0,1258.5,961.0,297.5,2315.3
2023-02-28,22,2023-02-28T21:00,gcl,Grand Coulee,106.0,106.0,0.0,1258.5,961.2,297.3,2404.5
2023-02-28,23,2023-02-28T22:00,gcl,Grand Coulee,92.6,92.6,0.0,1258.4,960.5,297.9,2104.8
2023-02-28,24,2023-02-28T23:00,gcl,Grand Coulee,76.3,76.3,0.0,1258.4,959.0,299.4,1743.0
2023-03-01,1,2023-03-01T00:00,gcl,Grand Coulee,55.4,55.4,0.0,1258.4,957.2,301.2,1273.2
2023-03-01,2,2023-03-01T01:00,gcl,Grand Coulee,49.9,49.9,0.0,1258.4,956.5,301.9,1149.4
2023-03-01,3,2023-03-01T02:00,gcl,Grand Coulee,48.8,48.8,0.0,1258.4,957.0,301.4,1122.2
2023-03-01,4,2023-03-01T03:00,gcl,Grand Coulee,46.7,46.7,0.0,1258.3,956.7,301.6,1074.7
2023-03-01,5,2023-03-01T04:00,gcl,Grand Coulee,58.5,58.5,0.0,1258.3,957.2,301.1,1344.0
2023-03-01,6,2023-03-01T05:00,gcl,Grand Coulee,97.0,97.0,0.0,1258.1,959.8,298.3,2207.7
2023-03-01,7,2023-03-01T06:00,gcl,Grand Coulee,131.0,131.0,0.0,1258.0,963.1,294.9,2947.6
2023-03-01,8,2023-03-01T07:00,gcl,Grand Coulee,140.1,140.1,0.0,1258.0,964.4,293.6,3138.5
2023-03-01,9,2023-03-01T08:00,gcl,Grand Coulee,127.2,127.2,0.0,1258.0,963.7,294.3,2856.3
2023-03-01,10,2023-03-01T09:00,gcl,Grand Coulee,106.7,106.7,0.0,1258.0,961.8,296.2,2411.4
2023-03-01,11,2023-03-01T10:00,gcl,Grand Coulee,95.1,95.1,0.0,1258.0,960.3,297.7,2160.1
2023-03-01,12,2023-03-01T11:00,gcl,Grand Coulee,77.0,77.0,0.0,1257.9,959.2,298.7,1754.9
2023-03-01,13,2023-03-01T12:00,gcl,Grand Coulee,61.7,61.7,0.0,1257.9,957.9,300.0,1412.3
2023-03-01,14,2023-03-01T13:00,gcl,Grand Coulee,56.2,56.2,0.0,1257.8,957.1,300.7,1289.4
2023-03-01,15,2023-03-01T14:00,gcl,Grand Coulee,47.6,47.6,0.0,1257.8,956.3,301.5,1095.0
2023-03-01,16,2023-03-01T15:00,gcl,Grand Coulee,49.8,49.8,0.0,1257.9,956.4,301.5,1145.6
2023-03-01,17,2023-03-01T16:00,gcl,Grand Coulee,50.6,50.6,0.0,1257.9,956.7,301.2,1162.9
2023-03-01,18,2023-03-01T17:00,gcl,Grand Coulee,53.1,53.1,0.0,1258.0,956.7,301.3,1220.7
2023-03-01,19,2023-03-01T18:00,gcl,Grand Coulee,69.2,69.2,0.0,1258.0,957.9,300.1,1584.5
2023-03-01,20,2023-03-01T19:00,gcl,Grand Coulee,70.0,70.0,0.0,1257.9,958.3,299.6,1600.2
2023-03-01,21,2023-03-01T20:00,gcl,Grand Coulee,60.9,60.9,0.0,1258.0,957.7,300.3,1395.4
2023-03-01,22,2023-03-01T21:00,gcl,Grand Coulee,55.5,55.5,0.0,1257.9,957.2,300.7,1273.4
2023-03-01,23,2023-03-01T22:00,gcl,Grand Coulee,49.5,49.5,0.0,1258.0,957.1,300.9,1136.5
2023-03-01,24,2023-03-01T23:00,gcl,Grand Coulee,50.1,50.1,0.0,1258.0,957.1,300.9,1150.2
2023-03-02,1,2023-03-02T00:00,gcl,Grand Coulee,64.7,64.7,0.0,1258.0,958.0,300.0,1481.0
2023-03-02,2,2023-03-02T01:00,gcl,Grand Coulee,65.0,65.0,0.0,1258.0,958.3,299.7,1486.4
2023-03-02,3,2023-03-02T02:00,gcl,Grand Coulee,63.7,63.7,0.0,1258.0,958.0,300.0,1458.1
2023-03-02,4,2023-03-02T03:00,gcl,Grand Coulee,65.7,65.7,0.0,1257.9,958.1,299.8,1502.9
2023-03-02,5,2023-03-02T04:00,gcl,Grand Coulee,74.1,74.1,0.0,1257.9,958.8,299.1,1691.1
2023-03-02,6,2023-03-02T05:00,gcl,Grand Coulee,74.6,74.6,0.0,1257.9,959.0,298.9,1701.3
2023-03-02,7,2023-03-02T06:00,gcl,Grand Coulee,90.2,90.2,0.0,1257.8,959.9,297.9,2050.2
2023-03-02,8,2023-03-02T07:00,gcl,Grand Coulee,96.5,96.5,0.0,1257.7,960.8,296.9,2186.1
2023-03-02,9,2023-03-02T08:00,gcl,Grand Coulee,91.1,91.1,0.0,1257.7,960.5,297.2,2065.8
2023-03-02,10,2023-03-02T09:00,gcl,Grand Coulee,75.7,75.7,0.0,1257.8,959.3,298.5,1724.1
2023-03-02,11,2023-03-02T10:00,gcl,Grand Coulee,65.7,65.7,0.0,1257.8,958.4,299.4,1500.9
2023-03-02,12,2023-03-02T11:00,gcl,Grand Coulee,57.0,57.0,0.0,1257.8,957.8,300.0,1304.7
2023-03-02,13,2023-03-02T12:00,gcl,Grand Coulee,44.4,44.4,0.0,1257.8,956.9,300.9,1019.4
2023-03-02,14,2023-03-02T13:00,gcl,Grand Coulee,32.4,32.4,0.0,1257.8,955.9,301.9,746.3
2023-03-02,15,2023-03-02T14:00,gcl,Grand Coulee,34.5,34.5,0.0,1257.7,956.2,301.5,793.7
2023-03-02,16,2023-03-02T15:00,gcl,Grand Coulee,35.5,35.5,0.0,1257.7,956.5,301.2,815.8
2023-03-02,17,2023-03-02T16:00,gcl,Grand Coulee,52.2,52.2,0.0,1257.7,957.2,300.5,1196.8
2023-03-02,18,2023-03-02T17:00,gcl,Grand Coulee,70.9,70.9,0.0,1257.7,958.2,299.5,1620.2
2023-03-02,19,2023-03-02T18:00,gcl,Grand Coulee,79.1,79.1,0.0,1257.8,959.0,298.8,1803.4
2023-03-02,20,2023-03-02T19:00,gcl,Grand Coulee,78.9,78.9,0.0,1257.8,958.9,298.9,1799.4
2023-03-02,21,2023-03-02T20:00,gcl,Grand Coulee,76.5,76.5,0.0,1257.8,958.7,299.1,1745.8
2023-03-02,22,2023-03-02T21:00,gcl,Grand Coulee,71.3,71.3,0.0,1257.8,958.3,299.5,1629.3
2023-03-02,23,2023-03-02T22:00,gcl,Grand Coulee,55.0,55.0,0.0,1257.9,957.1,300.8,1262.3
2023-03-02,24,2023-03-02T23:00,gcl,Grand Coulee,52.4,52.4,0.0,1257.8,956.6,301.2,1204.2
2023-03-03,1,2023-03-03T00:00,gcl,Grand Coulee,43.2,43.2,0.0,1257.8,956.0,301.8,994.8
2023-03-03,2,2023-03-03T01:00,gcl,Grand Coulee,46.2,46.2,0.0,1257.8,956.4,301.4,1062.5
2023-03-03,3,2023-03-03T02:00,gcl,Grand Coulee,42.5,42.5,0.0,1257.8,956.3,301.5,977.7
2023-03-03,4,2023-03-03T03:00,gcl,Grand Coulee,45.6,45.6,0.0,1257.8,956.3,301.5,1049.0
2023-03-03,5,2023-03-03T04:00,gcl,Grand Coulee,52.2,52.2,0.0,1257.8,956.8,301.0,1198.8
2023-03-03,6,2023-03-03T05:00,gcl,Grand Coulee,61.7,61.7,0.0,1257.7,957.5,300.2,1413.3
2023-03-03,7,2023-03-03T06:00,gcl,Grand Coulee,73.0,73.0,0.0,1257.7,958.3,299.4,1667.6
2023-03-03,8,2023-03-03T07:00,gcl,Grand Coulee,79.4,79.4,0.0,1257.7,958.9,298.8,1810.2
2023-03-03,9,2023-03-03T08:00,gcl,Grand Coulee,64.1,64.1,0.0,1257.7,957.8,299.9,1466.8
2023-03-03,10,2023-03-03T09:00,gcl,Grand Coulee,63.3,63.3,0.0,1257.8,957.3,300.5,1451.4
2023-03-03,11,2023-03-03T10:00,gcl,Grand Coulee,52.7,52.7,0.0,1257.8,956.7,301.1,1210.7
2023-03-03,12,2023-03-03T11:00,gcl,Grand Coulee,47.7,47.7,0.0,1257.8,956.3,301.5,1097.3
2023-03-03,13,2023-03-03T12:00,gcl,Grand Coulee,37.3,37.3,0.0,1257.8,955.5,302.3,860.3
2023-03-03,14,2023-03-03T13:00,gcl,Grand Coulee,35.3,35.3,0.0,1257.8,955.4,302.4,814.5
2023-03-03,15,2023-03-03T14:00,gcl,Grand Coulee,37.5,37.5,0.0,1257.8,955.8,302.0,864.1
2023-03-03,16,2023-03-03T15:00,gcl,Grand Coulee,48.2,48.2,0.0,1257.8,956.4,301.4,1108.4
2023-03-03,17,2023-03-03T16:00,gcl,Grand Coulee,75.0,75.0,0.0,1257.8,958.2,299.6,1714.5
2023-03-03,18,2023-03-03T17:00,gcl,Grand Coulee,95.7,95.7,0.0,1257.7,960.0,297.7,2173.8
2023-03-03,19,2023-03-03T18:00,gcl,Grand Coulee,102.4,102.4,0.0,1257.7,960.8,296.9,2319.7
2023-03-03,20,2023-03-03T19:00,gcl,Grand Coulee,101.1,101.1,0.0,1257.7,960.7,297.0,2291.0
2023-03-03,21,2023-03-03T20:00,gcl,Grand Coulee,91.9,91.9,0.0,1257.7,960.1,297.6,2086.8
2023-03-03,22,2023-03-03T21:00,gcl,Grand Coulee,88.4,88.4,0.0,1257.7,959.6,298.1,2010.7
2023-03-03,23,2023-03-03T22:00,gcl,Grand Coulee,71.8,71.8,0.0,1257.7,958.5,299.2,1639.1
2023-03-03,24,2023-03-03T23:00,gcl,Grand Coulee,57.6,57.6,0.0,1257.7,957.2,300.5,1320.7
2023-03-04,1,2023-03-04T00:00,gcl,Grand Coulee,49.9,49.9,0.0,1257.7,956.4,301.3,1147.2
2023-03-04,2,2023-03-04T01:00,gcl,Grand Coulee,45.5,45.5,0.0,1257.7,956.3,301.4,1046.4
2023-03-04,3,2023-03-04T02:00,gcl,Grand Coulee,43.8,43.8,0.0,1257.7,956.4,301.3,1006.9
2023-03-04,4,2023-03-04T03:00,gcl,Grand Coulee,44.7,44.7,0.0,1257.7,956.4,301.3,1027.6
2023-03-04,5,2023-03-04T04:00,gcl,Grand Coulee,49.6,49.6,0.0,1257.7,956.7,301.0,1139.1
2023-03-04,6,2023-03-04T05:00,gcl,Grand Coulee,54.3,54.3,0.0,1257.7,957.1,300.6,1245.4
2023-03-04,7,2023-03-04T06:00,gcl,Grand Coulee,60.3,60.3,0.0,1257.7,957.5,300.2,1381.2
2023-03-04,8,2023-03-04T07:00,gcl,Grand Coulee,62.8,62.8,0.0,1257.7,957.6,300.1,1438.0
2023-03-04,9,2023-03-04T08:00,gcl,Grand Coulee,76.7,76.7,0.0,1257.6,958.5,299.1,1750.4
2023-03-04,10,2023-03-04T09:00,gcl,Grand Coulee,85.1,85.1,0.0,1257.6,959.3,298.3,1936.9
2023-03-04,11,2023-03-04T10:00,gcl,Grand Coulee,80.0,80.0,0.0,1257.6,959.1,298.5,1822.0
2023-03-04,12,2023-03-04T11:00,gcl,Grand Coulee,90.9,90.9,0.0,1257.6,959.6,298.0,2066.8
2023-03-04,13,2023-03-04T12:00,gcl,Grand Coulee,85.2,85.2,0.0,1257.5,959.6,297.9,1936.6
2023-03-04,14,2023-03-04T13:00,gcl,Grand Coulee,78.0,78.0,0.0,1257.6,959.0,298.6,1777.1
2023-03-04,15,2023-03-04T14:00,gcl,Grand Coulee,74.9,74.9,0.0,1257.6,958.7,298.9,1708.2
2023-03-04,16,2023-03-04T15:00,gcl,Grand Coulee,76.4,76.4,0.0,1257.5,959.0,298.5,1740.1
2023-03-04,17,2023-03-04T16:00,gcl,Grand Coulee,77.5,77.5,0.0,1257.5,959.2,298.3,1763.9
2023-03-04,18,2023-03-04T17:00,gcl,Grand Coulee,77.2,77.2,0.0,1257.4,959.3,298.1,1755.9
2023-03-04,19,2023-03-04T18:00,gcl,Grand Coulee,85.7,85.7,0.0,1257.3,959.9,297.4,1944.7
2023-03-04,20,2023-03-04T19:00,gcl,Grand Coulee,81.8,81.8,0.0,1257.2,959.8,297.4,1856.2
2023-03-04,21,2023-03-04T20:00,gcl,Grand Coulee,74.8,74.8,0.0,1257.3,959.2,298.1,1701.3
2023-03-04,22,2023-03-04T21:00,gcl,Grand Coulee,59.3,59.3,0.0,1257.3,958.0,299.3,1354.2
2023-03-04,23,2023-03-04T22:00,gcl,Grand Coulee,60.9,60.9,0.0,1257.4,957.8,299.6,1392.1
2023-03-04,24,2023-03-04T23:00,gcl,Grand Coulee,54.7,54.7,0.0,1257.4,957.4,300.0,1252.1
2023-03-05,1,2023-03-05T00:00,gcl,Grand Coulee,64.8,64.8,0.0,1257.3,957.9,299.4,1480.3
2023-03-05,2,2023-03-05T01:00,gcl,Grand Coulee,63.2,63.2,0.0,1257.2,957.9,299.3,1443.3
2023-03-05,3,2023-03-05T02:00,gcl,Grand Coulee,62.4,62.4,0.0,1257.2,957.9,299.3,1425.0
2023-03-05,4,2023-03-05T03:00,gcl,Grand Coulee,64.7,64.7,0.0,1257.3,958.0,299.3,1477.5
2023-03-05,5,2023-03-05T04:00,gcl,Grand Coulee,72.6,72.6,0.0,1257.3,958.7,298.6,1654.1
2023-03-05,6,2023-03-05T05:00,gcl,Grand Coulee,79.1,79.1,0.0,1257.2,959.3,297.9,1797.9
2023-03-05,7,2023-03-05T06:00,gcl,Grand Coulee,79.5,79.5,0.0,1257.2,959.4,297.8,1806.4
2023-03-05,8,2023-03-05T07:00,gcl,Grand Coulee,80.4,80.4,0.0,1257.0,959.5,297.5,1825.0
2023-03-05,9,2023-03-05T08:00,gcl,Grand Coulee,79.4,79.4,0.0,1256.9,959.5,297.4,1801.7
2023-03-05,10,2023-03-05T09:00,gcl,Grand Coulee,77.9,77.9,0.0,1256.9,959.4,297.5,1768.3
2023-03-05,11,2023-03-05T10:00,gcl,Grand Coulee,70.0,70.0,0.0,1257.0,958.7,298.3,1593.2
2023-03-05,12,2023-03-05T11:00,gcl,Grand Coulee,60.9,60.9,0.0,1257.0,958.1,298.9,1388.9
2023-03-05,13,2023-03-05T12:00,gcl,Grand Coulee,61.8,61.8,0.0,1257.0,958.1,298.9,1409.4
2023-03-05,14,2023-03-05T13:00,gcl,Grand Coulee,55.9,55.9,0.0,1257.1,957.7,299.4,1277.0
2023-03-05,15,2023-03-05T14:00,gcl,Grand Coulee,56.1,56.1,0.0,1257.0,957.5,299.5,1282.0
2023-03-05,16,2023-03-05T15:00,gcl,Grand Coulee,56.5,56.5,0.0,1257.0,957.5,299.5,1291.1
2023-03-05,17,2023-03-05T16:00,gcl,Grand Coulee,68.7,68.7,0.0,1256.8,958.4,298.4,1564.2
2023-03-05,18,2023-03-05T17:00,gcl,Grand Coulee,85.3,85.3,0.0,1256.7,959.6,297.1,1933.6
2023-03-05,19,2023-03-05T18:00,gcl,Grand Coulee,90.2,90.2,0.0,1256.7,960.2,296.5,2040.6
2023-03-05,20,2023-03-05T19:00,gcl,Grand Coulee,85.0,85.0,0.0,1256.7,959.9,296.8,1924.9
2023-03-05,21,2023-03-05T20:00,gcl,Grand Coulee,74.5,74.5,0.0,1256.7,959.0,297.7,1692.2
2023-03-05,22,2023-03-05T21:00,gcl,Grand Coulee,68.3,68.3,0.0,1256.7,958.3,298.4,1555.0
2023-03-05,23,2023-03-05T22:00,gcl,Grand Coulee,68.5,68.5,0.0,1256.7,958.2,298.5,1560.1
2023-03-05,24,2023-03-05T23:00,gcl,Grand Coulee,58.3,58.3,0.0,1256.7,957.6,299.1,1330.5
2023-03-06,1,2023-03-06T00:00,gcl,Grand Coulee,48.0,48.0,0.0,1256.6,956.9,299.7,1097.6
2023-03-06,2,2023-03-06T01:00,gcl,Grand Coulee,60.0,60.0,0.0,1256.6,957.5,299.1,1369.3
2023-03-06,3,2023-03-06T02:00,gcl,Grand Coulee,62.0,62.0,0.0,1256.6,957.9,298.7,1413.0
2023-03-06,4,2023-03-06T03:00,gcl,Grand Coulee,69.8,69.8,0.0,1256.6,958.4,298.2,1588.1
2023-03-06,5,2023-03-06T04:00,gcl,Grand Coulee,76.7,76.7,0.0,1256.5,958.8,297.7,1742.2
2023-03-06,6,2023-03-06T05:00,gcl,Grand Coulee,100.0,100.0,0.0,1256.4,960.6,295.8,2257.0
2023-03-06,7,2023-03-06T06:00,gcl,Grand Coulee,103.5,103.5,0.0,1256.3,961.3,295.0,2329.6
2023-03-06,8,2023-03-06T07:00,gcl,Grand Coulee,98.8,98.8,0.0,1256.3,961.0,295.3,2226.1
2023-03-06,9,2023-03-06T08:00,gcl,Grand Coulee,89.0,89.0,0.0,1256.2,960.1,296.1,2010.7
2023-03-06,10,2023-03-06T09:00,gcl,Grand Coulee,75.1,75.1,0.0,1256.3,959.1,297.2,1703.0
2023-03-06,11,2023-03-06T10:00,gcl,Grand Coulee,59.6,59.6,0.0,1256.3,957.8,298.5,1357.4
2023-03-06,12,2023-03-06T11:00,gcl,Grand Coulee,53.4,53.4,0.0,1256.2,957.2,299.0,1218.3
2023-03-06,13,2023-03-06T12:00,gcl,Grand Coulee,54.0,54.0,0.0,1256.2,957.5,298.7,1230.7
2023-03-06,14,2023-03-06T13:00,gcl,Grand Coulee,49.3,49.3,0.0,1256.2,957.3,298.9,1124.3
2023-03-06,15,2023-03-06T14:00,gcl,Grand Coulee,48.6,48.6,0.0,1256.2,957.1,299.1,1109.1
2023-03-06,16,2023-03-06T15:00,gcl,Grand Coulee,48.5,48.5,0.0,1256.2,957.1,299.1,1106.8
2023-03-06,17,2023-03-06T16:00,gcl,Grand Coulee,46.9,46.9,0.0,1256.2,957.0,299.2,1070.7
2023-03-06,18,2023-03-06T17:00,gcl,Grand Coulee,67.2,67.2,0.0,1256.2,958.2,298.0,1528.0
2023-03-06,19,2023-03-06T18:00,gcl,Grand Coulee,79.9,79.9,0.0,1256.0,959.5,296.5,1807.6
2023-03-06,20,2023-03-06T19:00,gcl,Grand Coulee,84.9,84.9,0.0,1256.0,959.9,296.1,1918.1
2023-03-06,21,2023-03-06T20:00,gcl,Grand Coulee,79.8,79.8,0.0,1256.0,959.5,296.5,1805.3
2023-03-06,22,2023-03-06T21:00,gcl,Grand Coulee,66.0,66.0,0.0,1256.0,958.6,297.4,1497.6
2023-03-06,23,2023-03-06T22:00,gcl,Grand Coulee,62.8,62.8,0.0,1256.1,958.1,298.0,1427.9
2023-03-06,24,2023-03-06T23:00,gcl,Grand Coulee,48.4,48.4,0.0,1256.2,957.2,299.0,1104.2
2023-03-07,1,2023-03-07T00:00,gcl,Grand Coulee,44.9,44.9,0.0,1256.1,956.6,299.5,1026.0
2023-03-07,2,2023-03-07T01:00,gcl,Grand Coulee,40.8,40.8,0.0,1256.1,956.2,299.9,933.6
2023-03-07,3,2023-03-07T02:00,gcl,Grand Coulee,40.9,40.9,0.0,1256.0,956.7,299.3,934.0
2023-03-07,4,2023-03-07T03:00,gcl,Grand Coulee,47.3,47.3,0.0,1256.0,956.9,299.1,1079.4
2023-03-07,5,2023-03-07T04:00,gcl,Grand Coulee,72.5,72.5,0.0,1256.0,958.4,297.6,1646.2
2023-03-07,6,2023-03-07T05:00,gcl,Grand Coulee,97.7,97.7,0.0,1255.9,960.6,295.3,2201.3
2023-03-07,7,2023-03-07T06:00,gcl,Grand Coulee,116.5,116.5,0.0,1255.9,962.3,293.6,2609.8
2023-03-07,8,2023-03-07T07:00,gcl,Grand Coulee,122.1,122.1,0.0,1255.8,963.1,292.7,2726.9
2023-03-07,9,2023-03-07T08:00,gcl,Grand Coulee,92.7,92.7,0.0,1255.8,961.2,294.6,2083.7
2023-03-07,10,2023-03-07T09:00,gcl,Grand Coulee,79.4,79.4,0.0,1255.8,959.7,296.1,1793.8
2023-03-07,11,2023-03-07T10:00,gcl,Grand Coulee,70.1,70.1,0.0,1255.8,958.8,297.0,1588.5
2023-03-07,12,2023-03-07T11:00,gcl,Grand Coulee,57.4,57.4,0.0,1255.8,958.0,297.8,1304.3
2023-03-07,13,2023-03-07T12:00,gcl,Grand Coulee,56.7,56.7,0.0,1255.8,957.7,298.1,1289.6
2023-03-07,14,2023-03-07T13:00,gcl,Grand Coulee,50.9,50.9,0.0,1255.7,957.4,298.3,1158.5
2023-03-07,15,2023-03-07T14:00,gcl,Grand Coulee,49.6,49.6,0.0,1255.7,957.2,298.5,1129.7
2023-03-07,16,2023-03-07T15:00,gcl,Grand Coulee,55.7,55.7,0.0,1255.7,957.5,298.2,1267.3
2023-03-07,17,2023-03-07T16:00,gcl,Grand Coulee,82.9,82.9,0.0,1255.7,959.3,296.4,1874.8
2023-03-07,18,2023-03-07T17:00,gcl,Grand Coulee,85.8,85.8,0.0,1255.7,959.9,295.8,1936.5
2023-03-07,19,2023-03-07T18:00,gcl,Grand Coulee,106.3,106.3,0.0,1255.6,961.2,294.4,2387.8
2023-03-07,20,2023-03-07T19:00,gcl,Grand Coulee,106.2,106.2,0.0,1255.5,961.6,293.9,2381.5
2023-03-07,21,2023-03-07T20:00,gcl,Grand Coulee,81.3,81.3,0.0,1255.5,960.0,295.5,1833.0
2023-03-07,22,2023-03-07T21:00,gcl,Grand Coulee,63.8,63.8,0.0,1255.5,958.2,297.3,1447.2
2023-03-07,23,2023-03-07T22:00,gcl,Grand Coulee,53.8,53.8,0.0,1255.6,957.2,298.4,1224.9
2023-03-07,24,2023-03-07T23:00,gcl,Grand Coulee,46.5,46.5,0.0,1255.7,956.6,299.1,1061.2
2023-03-08,1,2023-03-08T00:00,gcl,Grand Coulee,47.1,47.1,0.0,1255.7,956.4,299.3,1075.6
2023-03-08,2,2023-03-08T01:00,gcl,Grand Coulee,45.0,45.0,0.0,1255.6,956.4,299.2,1027.3
2023-03-08,3,2023-03-08T02:00,gcl,Grand Coulee,48.3,48.3,0.0,1255.5,956.7,298.8,1101.2
2023-03-08,4,2023-03-08T03:00,gcl,Grand Coulee,53.8,53.8,0.0,1255.5,956.9,298.6,1225.7
2023-03-08,5,2023-03-08T04:00,gcl,Grand Coulee,60.2,60.2,0.0,1255.5,957.2,298.3,1370.2
2023-03-08,6,2023-03-08T05:00,gcl,Grand Coulee,101.2,101.2,0.0,1255.4,960.1,295.3,2280.2
2023-03-08,7,2023-03-08T06:00,gcl,Grand Coulee,122.9,122.9,0.0,1255.3,962.5,292.8,2745.7
2023-03-08,8,2023-03-08T07:00,gcl,Grand Coulee,129.6,129.6,0.0,1255.3,963.4,291.9,2886.4
2023-03-08,9,2023-03-08T08:00,gcl,Grand Coulee,114.9,114.9,0.0,1255.2,962.4,292.8,2566.9
2023-03-08,10,2023-03-08T09:00,gcl,Grand Coulee,107.6,107.6,0.0,1255.1,961.6,293.5,2409.6
2023-03-08,11,2023-03-08T10:00,gcl,Grand Coulee,99.5,99.5,0.0,1255.1,960.9,294.2,2233.5
2023-03-08,12,2023-03-08T11:00,gcl,Grand Coulee,94.4,94.4,0.0,1255.0,960.5,294.5,2121.2
2023-03-08,13,2023-03-08T12:00,gcl,Grand Coulee,88.3,88.3,0.0,1255.0,960.1,294.9,1986.8
2023-03-08,14,2023-03-08T13:00,gcl,Grand Coulee,70.0,70.0,0.0,1255.0,958.8,296.2,1582.0
2023-03-08,15,2023-03-08T14:00,gcl,Grand Coulee,68.0,68.0,0.0,1254.9,958.4,296.5,1538.4
2023-03-08,16,2023-03-08T15:00,gcl,Grand Coulee,65.9,65.9,0.0,1254.8,958.2,296.6,1491.4
2023-03-08,17,2023-03-08T16:00,gcl,Grand Coulee,66.0,66.0,0.0,1254.8,958.3,296.5,1493.1
2023-03-08,18,2023-03-08T17:00,gcl,Grand Coulee,82.2,82.2,0.0,1254.7,959.4,295.3,1852.1
2023-03-08,19,2023-03-08T18:00,gcl,Grand Coulee,81.9,81.9,0.0,1254.6,959.7,294.9,1842.8
2023-03-08,20,2023-03-08T19:00,gcl,Grand Coulee,86.0,86.0,0.0,1254.6,959.8,294.8,1934.4
2023-03-08,21,2023-03-08T20:00,gcl,Grand Coulee,81.0,81.0,0.0,1254.6,959.5,295.1,1823.8
2023-03-08,22,2023-03-08T21:00,gcl,Grand Coulee,61.3,61.3,0.0,1254.6,958.1,296.5,1386.8
2023-03-08,23,2023-03-08T22:00,gcl,Grand Coulee,68.0,68.0,0.0,1254.6,958.3,296.3,1537.3
2023-03-08,24,2023-03-08T23:00,gcl,Grand Coulee,64.2,64.2,0.0,1254.6,958.1,296.5,1452.4
2023-03-09,1,2023-03-09T00:00,gcl,Grand Coulee,72.0,72.0,0.0,1254.5,958.2,296.3,1627.8
2023-03-09,2,2023-03-09T01:00,gcl,Grand Coulee,72.0,72.0,0.0,1254.5,958.8,295.7,1624.5
2023-03-09,3,2023-03-09T02:00,gcl,Grand Coulee,72.9,72.9,0.0,1254.5,958.8,295.7,1644.8
2023-03-09,4,2023-03-09T03:00,gcl,Grand Coulee,79.9,79.9,0.0,1254.4,959.3,295.1,1799.0
2023-03-09,5,2023-03-09T04:00,gcl,Grand Coulee,78.5,78.5,0.0,1254.4,959.3,295.1,1767.5
2023-03-09,6,2023-03-09T05:00,gcl,Grand Coulee,101.1,101.1,0.0,1254.3,960.8,293.5,2264.0
2023-03-09,7,2023-03-09T06:00,gcl,Grand Coulee,123.4,123.4,0.0,1254.1,962.9,291.2,2741.8
2023-03-09,8,2023-03-09T07:00,gcl,Grand Coulee,107.8,107.8,0.0,1254.1,962.4,291.7,2399.3
2023-03-09,9,2023-03-09T08:00,gcl,Grand Coulee,96.1,96.1,0.0,1254.1,961.1,293.0,2148.4
2023-03-09,10,2023-03-09T09:00,gcl,Grand Coulee,79.7,79.7,0.0,1254.1,959.8,294.3,1789.7
2023-03-09,11,2023-03-09T10:00,gcl,Grand Coulee,73.8,73.8,0.0,1254.1,958.6,295.5,1663.9
2023-03-09,12,2023-03-09T11:00,gcl,Grand Coulee,73.0,73.0,0.0,1254.1,959.3,294.8,1642.0
2023-03-09,13,2023-03-09T12:00,gcl,Grand Coulee,73.7,73.7,0.0,1254.0,959.3,294.7,1657.2
2023-03-09,14,2023-03-09T13:00,gcl,Grand Coulee,68.9,68.9,0.0,1254.0,958.9,295.1,1551.4
2023-03-09,15,2023-03-09T14:00,gcl,Grand Coulee,67.5,67.5,0.0,1254.0,958.6,295.4,1521.4
2023-03-09,16,2023-03-09T15:00,gcl,Grand Coulee,50.4,50.4,0.0,1254.0,957.4,296.6,1140.6
2023-03-09,17,2023-03-09T16:00,gcl,Grand Coulee,65.2,65.2,0.0,1254.0,958.1,295.9,1472.0
2023-03-09,18,2023-03-09T17:00,gcl,Grand Coulee,99.0,99.0,0.0,1253.9,960.7,293.2,2214.7
2023-03-09,19,2023-03-09T18:00,gcl,Grand Coulee,114.9,114.9,0.0,1253.8,962.4,291.4,2554.7
2023-03-09,20,2023-03-09T19:00,gcl,Grand Coulee,97.1,97.1,0.0,1253.8,961.4,292.4,2166.3
2023-03-09,21,2023-03-09T20:00,gcl,Grand Coulee,73.2,73.2,0.0,1253.8,959.4,294.4,1644.3
2023-03-09,22,2023-03-09T21:00,gcl,Grand Coulee,59.0,59.0,0.0,1253.8,958.1,295.7,1331.2
2023-03-09,23,2023-03-09T22:00,gcl,Grand Coulee,51.1,51.1,0.0,1254.0,957.8,296.2,1154.9
2023-03-09,24,2023-03-09T23:00,gcl,Grand Coulee,51.3,51.3,0.0,1253.9,957.9,296.0,1158.6
2023-03-10,1,2023-03-10T00:00,gcl,Grand Coulee,45.0,45.0,0.0,1253.9,957.4,296.5,1018.0
2023-03-10,2,2023-03-10T01:00,gcl,Grand Coulee,46.7,46.7,0.0,1253.8,957.3,296.5,1056.5
2023-03-10,3,2023-03-10T02:00,gcl,Grand Coulee,49.8,49.8,0.0,1253.8,957.6,296.2,1125.5
2023-03-10,4,2023-03-10T03:00,gcl,Grand Coulee,51.6,51.6,0.0,1253.8,957.8,296.0,1165.4
2023-03-10,5,2023-03-10T04:00,gcl,Grand Coulee,47.9,47.9,0.0,1253.9,957.3,296.6,1084.0
2023-03-10,6,2023-03-10T05:00,gcl,Grand Coulee,69.7,69.7,0.0,1253.9,958.7,295.2,1569.9
2023-03-10,7,2023-03-10T06:00,gcl,Grand Coulee,84.2,84.2,0.0,1253.7,960.0,293.7,1886.9
2023-03-10,8,2023-03-10T07:00,gcl,Grand Coulee,88.6,88.6,0.0,1253.7,959.6,294.1,1988.2
2023-03-10,9,2023-03-10T08:00,gcl,Grand Coulee,88.8,88.8,0.0,1253.6,955.7,297.9,2018.4
2023-03-10,10,2023-03-10T09:00,gcl,Grand Coulee,62.4,62.4,0.0,1253.6,958.7,294.9,1404.1
2023-03-10,11,2023-03-10T10:00,gcl,Grand Coulee,58.9,58.9,0.0,1253.6,958.0,295.6,1328.4
2023-03-10,12,2023-03-10T11:00,gcl,Grand Coulee,66.2,66.2,0.0,1253.6,958.6,295.0,1490.1
2023-03-10,13,2023-03-10T12:00,gcl,Grand Coulee,65.5,65.5,0.0,1253.5,958.8,294.7,1472.8
2023-03-10,14,2023-03-10T13:00,gcl,Grand Coulee,48.0,48.0,0.0,1253.5,957.3,296.2,1084.8
2023-03-10,15,2023-03-10T14:00,gcl,Grand Coulee,48.3,48.3,0.0,1253.5,957.2,296.3,1092.0
2023-03-10,16,2023-03-10T15:00,gcl,Grand Coulee,42.7,42.7,0.0,1253.5,957.1,296.4,965.7
2023-03-10,17,2023-03-10T16:00,gcl,Grand Coulee,67.5,67.5,0.0,1253.5,958.8,294.7,1517.8
2023-03-10,18,2023-03-10T17:00,gcl,Grand Coulee,62.4,62.4,0.0,1253.6,958.5,295.1,1405.0
2023-03-10,19,2023-03-10T18:00,gcl,Grand Coulee,71.7,71.7,0.0,1253.5,958.8,294.7,1612.2
2023-03-10,20,2023-03-10T19:00,gcl,Grand Coulee,74.1,74.1,0.0,1253.5,959.2,294.3,1663.9
2023-03-10,21,2023-03-10T20:00,gcl,Grand Coulee,67.7,67.7,0.0,1253.5,958.8,294.7,1522.3
2023-03-10,22,2023-03-10T21:00,gcl,Grand Coulee,56.1,56.1,0.0,1253.5,957.9,295.6,1265.3
2023-03-10,23,2023-03-10T22:00,gcl,Grand Coulee,61.4,61.4,0.0,1253.5,958.3,295.2,1383.0
2023-03-10,24,2023-03-10T23:00,gcl,Grand Coulee,63.3,63.3,0.0,1253.5,958.6,294.9,1424.3
2023-03-11,1,2023-03-11T00:00,gcl,Grand Coulee,62.9,62.9,0.0,1253.6,958.5,295.1,1416.3
2023-03-11,2,2023-03-11T01:00,gcl,Grand Coulee,60.4,60.4,0.0,1253.5,958.2,295.3,1360.9
2023-03-11,3,2023-03-11T02:00,gcl,Grand Coulee,52.6,52.6,0.0,1253.5,957.7,295.8,1187.2
2023-03-11,4,2023-03-11T03:00,gcl,Grand Coulee,63.1,63.1,0.0,1253.4,958.4,295.0,1420.3
2023-03-11,5,2023-03-11T04:00,gcl,Grand Coulee,57.4,57.4,0.0,1253.4,958.2,295.2,1292.9
2023-03-11,6,2023-03-11T05:00,gcl,Grand Coulee,58.0,58.0,0.0,1253.3,958.1,295.2,1306.4
2023-03-11,7,2023-03-11T06:00,gcl,Grand Coulee,65.7,65.7,0.0,1253.3,958.5,294.8,1477.8
2023-03-11,8,2023-03-11T07:00,gcl,Grand Coulee,71.4,71.4,0.0,1253.3,959.1,294.2,1602.7
2023-03-11,9,2023-03-11T08:00,gcl,Grand Coulee,69.9,69.9,0.0,1253.3,958.9,294.4,1570.1
2023-03-11,10,2023-03-11T09:00,gcl,Grand Coulee,69.7,69.7,0.0,1253.3,958.9,294.4,1565.7
2023-03-11,11,2023-03-11T10:00,gcl,Grand Coulee,61.2,61.2,0.0,1253.2,958.4,294.8,1376.6
2023-03-11,12,2023-03-11T11:00,gcl,Grand Coulee,56.4,56.4,0.0,1253.2,958.0,295.2,1270.3
2023-03-11,13,2023-03-11T12:00,gcl,Grand Coulee,42.8,42.8,0.0,1253.2,956.9,296.3,967.6
2023-03-11,14,2023-03-11T13:00,gcl,Grand Coulee,42.8,42.8,0.0,1253.2,956.9,296.3,967.6
2023-03-11,15,2023-03-11T14:00,gcl,Grand Coulee,41.9,41.9,0.0,1253.2,956.7,296.5,947.9
2023-03-11,16,2023-03-11T15:00,gcl,Grand Coulee,41.2,41.2,0.0,1253.2,956.7,296.5,932.1
2023-03-11,17,2023-03-11T16:00,gcl,Grand Coulee,55.4,55.4,0.0,1253.2,957.7,295.5,1249.1
2023-03-11,18,2023-03-11T17:00,gcl,Grand Coulee,74.6,74.6,0.0,1253.1,959.1,294.0,1673.4
2023-03-11,19,2023-03-11T18:00,gcl,Grand Coulee,90.6,90.6,0.0,1253.0,960.5,292.5,2022.0
2023-03-11,20,2023-03-11T19:00,gcl,Grand Coulee,88.0,88.0,0.0,1253.0,960.4,292.6,1964.6
2023-03-11,21,2023-03-11T20:00,gcl,Grand Coulee,84.7,84.7,0.0,1253.0,960.1,292.9,1892.9
2023-03-11,22,2023-03-11T21:00,gcl,Grand Coulee,80.2,80.2,0.0,1253.0,959.7,293.3,1794.8
2023-03-11,23,2023-03-11T22:00,gcl,Grand Coulee,92.8,92.8,0.0,1253.0,960.6,292.4,2070.4
2023-03-11,24,2023-03-11T23:00,gcl,Grand Coulee,97.9,97.9,0.0,1252.9,961.3,291.6,2178.2
2023-03-12,1,2023-03-12T00:00,gcl,Grand Coulee,99.1,99.1,0.0,1252.8,961.4,291.4,2203.4
2023-03-12,2,2023-03-12T01:00,gcl,Grand Coulee,86.3,86.3,0.0,1252.7,960.5,292.2,1924.0
2023-03-12,3,2023-03-12T02:00,gcl,Grand Coulee,88.4,88.4,0.0,1252.6,960.4,292.2,1970.9
2023-03-12,4,2023-03-12T03:00,gcl,Grand Coulee,83.8,83.8,0.0,1252.6,960.1,292.5,1870.2
2023-03-12,5,2023-03-12T04:00,gcl,Grand Coulee,101.2,101.2,0.0,1252.7,961.5,291.2,2248.5
2023-03-12,6,2023-03-12T05:00,gcl,Grand Coulee,101.2,101.2,0.0,1252.7,961.5,291.2,2248.5
2023-03-12,7,2023-03-12T06:00,gcl,Grand Coulee,107.4,107.4,0.0,1252.3,962.0,290.3,2378.9
2023-03-12,8,2023-03-12T07:00,gcl,Grand Coulee,107.4,107.4,0.0,1252.2,962.3,289.9,2375.6
2023-03-12,9,2023-03-12T08:00,gcl,Grand Coulee,97.7,97.7,0.0,1252.1,961.8,290.3,2164.0
2023-03-12,10,2023-03-12T09:00,gcl,Grand Coulee,91.3,91.3,0.0,1252.1,961.1,291.0,2027.2
2023-03-12,11,2023-03-12T10:00,gcl,Grand Coulee,77.9,77.9,0.0,1252.1,960.1,292.0,1735.6
2023-03-12,12,2023-03-12T11:00,gcl,Grand Coulee,76.0,76.0,0.0,1252.1,959.6,292.5,1696.1
2023-03-12,13,2023-03-12T12:00,gcl,Grand Coulee,71.3,71.3,0.0,1252.0,959.2,292.8,1592.9
2023-03-12,14,2023-03-12T13:00,gcl,Grand Coulee,64.5,64.5,0.0,1251.9,958.6,293.3,1443.4
2023-03-12,15,2023-03-12T14:00,gcl,Grand Coulee,45.0,45.0,0.0,1251.9,956.9,295.0,1012.9
2023-03-12,16,2023-03-12T15:00,gcl,Grand Coulee,36.5,36.5,0.0,1251.9,956.0,295.9,824.1
2023-03-12,17,2023-03-12T16:00,gcl,Grand Coulee,34.8,34.8,0.0,1251.9,955.6,296.3,786.7
2023-03-12,18,2023-03-12T17:00,gcl,Grand Coulee,52.7,52.7,0.0,1252.0,956.8,295.2,1187.0
2023-03-12,19,2023-03-12T18:00,gcl,Grand Coulee,62.7,62.7,0.0,1251.9,957.5,294.4,1408.4
2023-03-12,20,2023-03-12T19:00,gcl,Grand Coulee,70.2,70.2,0.0,1251.9,957.9,294.0,1574.7
2023-03-12,21,2023-03-12T20:00,gcl,Grand Coulee,71.1,71.1,0.0,1251.9,957.8,294.1,1595.5
2023-03-12,22,2023-03-12T21:00,gcl,Grand Coulee,70.2,70.2,0.0,1251.9,957.6,294.3,1576.3
2023-03-12,23,2023-03-12T22:00,gcl,Grand Coulee,58.8,58.8,0.0,1252.0,957.0,295.0,1323.5
2023-03-13,1,2023-03-13T00:00,gcl,Grand Coulee,59.3,59.3,0.0,1252.0,956.7,295.3,1336.1
2023-03-13,2,2023-03-13T01:00,gcl,Grand Coulee,55.5,55.5,0.0,1252.0,956.5,295.5,1251.3
2023-03-13,3,2023-03-13T02:00,gcl,Grand Coulee,52.3,52.3,0.0,1252.0,956.2,295.8,1180.4
2023-03-13,4,2023-03-13T03:00,gcl,Grand Coulee,57.0,57.0,0.0,1251.9,956.6,295.3,1284.3
2023-03-13,5,2023-03-13T04:00,gcl,Grand Coulee,58.3,58.3,0.0,1251.8,957.0,294.8,1311.4
2023-03-13,6,2023-03-13T05:00,gcl,Grand Coulee,64.0,64.0,0.0,1251.8,957.4,294.4,1437.6
2023-03-13,7,2023-03-13T06:00,gcl,Grand Coulee,79.3,79.3,0.0,1251.8,958.6,293.2,1774.0
2023-03-13,8,2023-03-13T07:00,gcl,Grand Coulee,96.4,96.4,0.0,1251.7,960.2,291.5,2144.1
2023-03-13,9,2023-03-13T08:00,gcl,Grand Coulee,86.9,86.9,0.0,1251.7,960.0,291.7,1934.1
2023-03-13,10,2023-03-13T09:00,gcl,Grand Coulee,74.4,74.4,0.0,1251.7,958.7,293.0,1663.3
2023-03-13,11,2023-03-13T10:00,gcl,Grand Coulee,59.9,59.9,0.0,1251.7,957.4,294.3,1345.1
2023-03-13,12,2023-03-13T11:00,gcl,Grand Coulee,52.6,52.6,0.0,1251.7,956.5,295.2,1184.7
2023-03-13,13,2023-03-13T12:00,gcl,Grand Coulee,48.2,48.2,0.0,1251.7,956.7,295.0,1084.9
2023-03-13,14,2023-03-13T13:00,gcl,Grand Coulee,53.6,53.6,0.0,1251.6,956.9,294.7,1205.2
2023-03-13,15,2023-03-13T14:00,gcl,Grand Coulee,42.3,42.3,0.0,1251.7,955.9,295.8,954.7
2023-03-13,16,2023-03-13T15:00,gcl,Grand Coulee,42.3,42.3,0.0,1251.7,955.9,295.8,954.7
2023-03-13,17,2023-03-13T16:00,gcl,Grand Coulee,47.5,47.5,0.0,1251.6,956.3,295.3,1070.2
2023-03-13,18,2023-03-13T17:00,gcl,Grand Coulee,70.6,70.6,0.0,1251.6,958.1,293.5,1581.0
2023-03-13,19,2023-03-13T18:00,gcl,Grand Coulee,81.2,81.2,0.0,1251.6,959.2,292.4,1811.6
2023-03-13,20,2023-03-13T19:00,gcl,Grand Coulee,81.3,81.3,0.0,1251.6,959.1,292.5,1814.4
2023-03-13,21,2023-03-13T20:00,gcl,Grand Coulee,80.6,80.6,0.0,1251.5,959.0,292.5,1798.8
2023-03-13,22,2023-03-13T21:00,gcl,Grand Coulee,69.5,69.5,0.0,1251.5,958.0,293.5,1556.4
2023-03-13,23,2023-03-13T22:00,gcl,Grand Coulee,54.5,54.5,0.0,1251.6,956.5,295.1,1227.1
2023-03-13,24,2023-03-13T23:00,gcl,Grand Coulee,44.0,44.0,0.0,1251.6,955.5,296.1,994.1
2023-03-14,1,2023-03-14T00:00,gcl,Grand Coulee,53.7,53.7,0.0,1251.5,956.1,295.4,1210.3
2023-03-14,2,2023-03-14T01:00,gcl,Grand Coulee,48.1,48.1,0.0,1251.5,956.0,295.5,1084.5
2023-03-14,3,2023-03-14T02:00,gcl,Grand Coulee,48.4,48.4,0.0,1251.5,955.9,295.6,1091.6
2023-03-14,4,2023-03-14T03:00,gcl,Grand Coulee,52.2,52.2,0.0,1251.4,956.1,295.3,1176.1
2023-03-14,5,2023-03-14T04:00,gcl,Grand Coulee,59.5,59.5,0.0,1251.4,957.0,294.4,1336.5
2023-03-14,6,2023-03-14T05:00,gcl,Grand Coulee,67.4,67.4,0.0,1251.5,957.5,294.0,1511.9
2023-03-14,7,2023-03-14T06:00,gcl,Grand Coulee,105.4,105.4,0.0,1251.4,960.6,290.8,2338.6
2023-03-14,8,2023-03-14T07:00,gcl,Grand Coulee,129.8,129.8,0.0,1251.2,963.5,287.7,2849.3
2023-03-14,9,2023-03-14T08:00,gcl,Grand Coulee,109.3,109.3,0.0,1251.3,962.5,288.8,2408.5
2023-03-14,10,2023-03-14T09:00,gcl,Grand Coulee,104.9,104.9,0.0,1251.1,961.8,289.3,2315.5
2023-03-14,11,2023-03-14T10:00,gcl,Grand Coulee,95.1,95.1,0.0,1251.1,961.0,290.1,2105.0
2023-03-14,12,2023-03-14T11:00,gcl,Grand Coulee,74.9,74.9,0.0,1251.2,959.4,291.8,1667.6
2023-03-14,13,2023-03-14T12:00,gcl,Grand Coulee,63.7,63.7,0.0,1251.2,958.5,292.7,1422.6
2023-03-14,14,2023-03-14T13:00,gcl,Grand Coulee,52.5,52.5,0.0,1251.1,957.8,293.3,1174.9
2023-03-14,15,2023-03-14T14:00,gcl,Grand Coulee,35.8,35.8,0.0,1251.1,956.6,294.5,804.4
2023-03-14,16,2023-03-14T15:00,gcl,Grand Coulee,29.5,29.5,0.0,1251.2,956.0,295.2,664.5
2023-03-14,17,2023-03-14T16:00,gcl,Grand Coulee,34.3,34.3,0.0,1251.1,956.4,294.7,771.3
2023-03-14,18,2023-03-14T17:00,gcl,Grand Coulee,58.6,58.6,0.0,1251.1,958.2,292.9,1309.6
2023-03-14,19,2023-03-14T18:00,gcl,Grand Coulee,64.5,64.5,0.0,1251.2,958.4,292.8,1441.0
2023-03-14,20,2023-03-14T19:00,gcl,Grand Coulee,77.1,77.1,0.0,1251.1,959.2,291.9,1717.2
2023-03-14,21,2023-03-14T20:00,gcl,Grand Coulee,77.8,77.8,0.0,1251.1,959.5,291.6,1731.0
2023-03-14,22,2023-03-14T21:00,gcl,Grand Coulee,69.9,69.9,0.0,1251.2,959.0,292.2,1558.4
2023-03-14,23,2023-03-14T22:00,gcl,Grand Coulee,55.4,55.4,0.0,1251.2,957.7,293.5,1240.6
2023-03-14,24,2023-03-14T23:00,gcl,Grand Coulee,47.7,47.7,0.0,1251.2,957.0,294.2,1070.7
2023-03-15,1,2023-03-15T00:00,gcl,Grand Coulee,56.2,56.2,0.0,1251.1,958.0,293.1,1256.8
2023-03-15,2,2023-03-15T01:00,gcl,Grand Coulee,47.9,47.9,0.0,1251.1,957.5,293.6,1073.0
2023-03-15,3,2023-03-15T02:00,gcl,Grand Coulee,42.3,42.3,0.0,1251.1,956.8,294.3,949.9
2023-03-15,4,2023-03-15T03:00,gcl,Grand Coulee,44.4,44.4,0.0,1251.0,957.0,294.0,996.0
2023-03-15,5,2023-03-15T04:00,gcl,Grand Coulee,47.4,47.4,0.0,1251.1,957.6,293.5,1061.5
2023-03-15,6,2023-03-15T05:00,gcl,Grand Coulee,72.4,72.4,0.0,1251.0,959.1,291.9,1612.5
2023-03-15,7,2023-03-15T06:00,gcl,Grand Coulee,90.1,90.1,0.0,1250.9,960.6,290.3,1995.7
2023-03-15,8,2023-03-15T07:00,gcl,Grand Coulee,107.5,107.5,0.0,1250.9,962.4,288.5,2366.3
2023-03-15,9,2023-03-15T08:00,gcl,Grand Coulee,91.0,91.0,0.0,1250.9,961.3,289.6,2010.8
2023-03-15,10,2023-03-15T09:00,gcl,Grand Coulee,78.3,78.3,0.0,1250.9,960.0,290.9,1737.9
2023-03-15,11,2023-03-15T10:00,gcl,Grand Coulee,60.6,60.6,0.0,1250.9,958.3,292.6,1352.9
2023-03-15,12,2023-03-15T11:00,gcl,Grand Coulee,49.3,49.3,0.0,1250.9,957.3,293.6,1104.4
2023-03-15,13,2023-03-15T12:00,gcl,Grand Coulee,35.7,35.7,0.0,1250.9,956.4,294.5,802.2
2023-03-15,14,2023-03-15T13:00,gcl,Grand Coulee,40.6,40.6,0.0,1250.7,956.5,294.2,911.4
2023-03-15,15,2023-03-15T14:00,gcl,Grand Coulee,34.7,34.7,0.0,1250.7,956.2,294.5,779.7
2023-03-15,16,2023-03-15T15:00,gcl,Grand Coulee,33.4,33.4,0.0,1250.8,956.1,294.7,751.0
2023-03-15,17,2023-03-15T16:00,gcl,Grand Coulee,36.7,36.7,0.0,1250.8,956.1,294.7,825.2
2023-03-15,18,2023-03-15T17:00,gcl,Grand Coulee,47.7,47.7,0.0,1250.8,957.0,293.8,1069.3
2023-03-15,19,2023-03-15T18:00,gcl,Grand Coulee,67.1,67.1,0.0,1250.8,958.0,292.8,1499.1
2023-03-15,20,2023-03-15T19:00,gcl,Grand Coulee,76.9,76.9,0.0,1250.8,959.2,291.6,1711.0
2023-03-15,21,2023-03-15T20:00,gcl,Grand Coulee,73.1,73.1,0.0,1250.7,958.9,291.8,1627.5
2023-03-15,22,2023-03-15T21:00,gcl,Grand Coulee,69.9,69.9,0.0,1250.7,958.7,292.0,1557.3
2023-03-15,23,2023-03-15T22:00,gcl,Grand Coulee,72.7,72.7,0.0,1250.7,958.9,291.8,1618.6
2023-03-15,24,2023-03-15T23:00,gcl,Grand Coulee,56.0,56.0,0.0,1250.8,957.8,293.0,1251.9
2023-03-16,1,2023-03-16T00:00,gcl,Grand Coulee,51.1,51.1,0.0,1250.9,957.1,293.8,1145.5
2023-03-16,2,2023-03-16T01:00,gcl,Grand Coulee,49.5,49.5,0.0,1250.8,957.0,293.8,1109.6
2023-03-16,3,2023-03-16T02:00,gcl,Grand Coulee,52.5,52.5,0.0,1250.8,957.3,293.5,1175.7
2023-03-16,4,2023-03-16T03:00,gcl,Grand Coulee,59.4,59.4,0.0,1250.7,957.7,293.0,1327.9
2023-03-16,5,2023-03-16T04:00,gcl,Grand Coulee,81.9,81.9,0.0,1250.6,959.4,291.2,1819.7
2023-03-16,6,2023-03-16T05:00,gcl,Grand Coulee,109.2,109.2,0.0,1250.4,961.8,288.6,2404.6
2023-03-16,7,2023-03-16T06:00,gcl,Grand Coulee,134.1,134.1,0.0,1250.4,964.2,286.2,2928.3
2023-03-16,8,2023-03-16T07:00,gcl,Grand Coulee,139.1,139.1,0.0,1250.4,965.4,285.0,3024.8
2023-03-16,9,2023-03-16T08:00,gcl,Grand Coulee,99.6,99.6,0.0,1250.4,962.5,287.9,2187.9
2023-03-16,10,2023-03-16T09:00,gcl,Grand Coulee,97.6,97.6,0.0,1250.4,961.4,289.0,2152.1
2023-03-16,11,2023-03-16T10:00,gcl,Grand Coulee,71.6,71.6,0.0,1250.3,959.3,291.0,1589.8
2023-03-16,12,2023-03-16T11:00,gcl,Grand Coulee,55.4,55.4,0.0,1250.3,957.9,292.4,1236.0
2023-03-16,13,2023-03-16T12:00,gcl,Grand Coulee,51.6,51.6,0.0,1250.1,957.5,292.6,1152.0
2023-03-16,14,2023-03-16T13:00,gcl,Grand Coulee,43.9,43.9,0.0,1250.1,957.2,292.9,981.1
2023-03-16,15,2023-03-16T14:00,gcl,Grand Coulee,42.9,42.9,0.0,1250.2,957.2,293.0,959.1
2023-03-16,16,2023-03-16T15:00,gcl,Grand Coulee,39.7,39.7,0.0,1250.3,956.9,293.4,888.7
2023-03-16,17,2023-03-16T16:00,gcl,Grand Coulee,35.5,35.5,0.0,1250.3,956.7,293.6,795.3
2023-03-16,18,2023-03-16T17:00,gcl,Grand Coulee,39.9,39.9,0.0,1250.4,957.0,293.4,893.2
2023-03-16,19,2023-03-16T18:00,gcl,Grand Coulee,50.5,50.5,0.0,1250.3,957.9,292.4,1126.7
2023-03-16,20,2023-03-16T19:00,gcl,Grand Coulee,57.8,57.8,0.0,1250.2,958.5,291.7,1286.4
2023-03-16,21,2023-03-16T20:00,gcl,Grand Coulee,60.8,60.8,0.0,1250.2,958.5,291.7,1353.2
2023-03-16,22,2023-03-16T21:00,gcl,Grand Coulee,60.9,60.9,0.0,1250.2,958.4,291.8,1355.9
2023-03-16,23,2023-03-16T22:00,gcl,Grand Coulee,54.8,54.8,0.0,1250.3,957.7,292.6,1223.4
2023-03-16,24,2023-03-16T23:00,gcl,Grand Coulee,54.7,54.7,0.0,1250.4,957.7,292.7,1221.6
2023-03-17,1,2023-03-17T00:00,gcl,Grand Coulee,64.4,64.4,0.0,1250.4,958.3,292.1,1435.3
2023-03-17,2,2023-03-17T01:00,gcl,Grand Coulee,63.1,63.1,0.0,1250.3,958.4,291.9,1405.4
2023-03-17,3,2023-03-17T02:00,gcl,Grand Coulee,65.7,65.7,0.0,1250.2,958.4,291.8,1462.8
2023-03-17,4,2023-03-17T03:00,gcl,Grand Coulee,74.8,74.8,0.0,1250.1,959.1,291.0,1660.8
2023-03-17,5,2023-03-17T04:00,gcl,Grand Coulee,82.8,82.8,0.0,1250.0,959.9,290.1,1832.7
2023-03-17,6,2023-03-17T05:00,gcl,Grand Coulee,101.3,101.3,0.0,1250.0,961.4,288.6,2230.6
2023-03-17,7,2023-03-17T06:00,gcl,Grand Coulee,123.2,123.2,0.0,1249.9,963.4,286.5,2693.1
2023-03-17,8,2023-03-17T07:00,gcl,Grand Coulee,129.0,129.0,0.0,1249.9,964.5,285.4,2809.1
2023-03-17,9,2023-03-17T08:00,gcl,Grand Coulee,102.0,102.0,0.0,1249.9,962.4,287.5,2237.5
2023-03-17,10,2023-03-17T09:00,gcl,Grand Coulee,99.4,99.4,0.0,1249.8,961.5,288.3,2186.5
2023-03-17,11,2023-03-17T10:00,gcl,Grand Coulee,92.2,92.2,0.0,1249.7,960.9,288.8,2031.7
2023-03-17,12,2023-03-17T11:00,gcl,Grand Coulee,77.4,77.4,0.0,1249.7,959.6,290.1,1713.2
2023-03-17,13,2023-03-17T12:00,gcl,Grand Coulee,62.1,62.1,0.0,1249.7,958.1,291.6,1381.7
2023-03-17,14,2023-03-17T13:00,gcl,Grand Coulee,48.3,48.3,0.0,1249.6,956.9,292.7,1078.7
2023-03-17,15,2023-03-17T14:00,gcl,Grand Coulee,41.8,41.8,0.0,1249.7,956.4,293.3,935.4
2023-03-17,16,2023-03-17T15:00,gcl,Grand Coulee,36.1,36.1,0.0,1249.7,956.0,293.7,809.0
2023-03-17,17,2023-03-17T16:00,gcl,Grand Coulee,37.3,37.3,0.0,1249.6,955.9,293.7,835.9
2023-03-17,18,2023-03-17T17:00,gcl,Grand Coulee,32.3,32.3,0.0,1249.6,955.6,294.0,724.6
2023-03-17,19,2023-03-17T18:00,gcl,Grand Coulee,40.5,40.5,0.0,1249.7,956.2,293.5,907.0
2023-03-17,20,2023-03-17T19:00,gcl,Grand Coulee,50.0,50.0,0.0,1249.7,956.9,292.8,1117.0
2023-03-17,21,2023-03-17T20:00,gcl,Grand Coulee,54.3,54.3,0.0,1249.7,957.2,292.5,1211.9
2023-03-17,22,2023-03-17T21:00,gcl,Grand Coulee,44.3,44.3,0.0,1249.8,956.2,293.6,992.4
2023-03-17,23,2023-03-17T22:00,gcl,Grand Coulee,53.0,53.0,0.0,1249.7,955.7,294.0,1188.9
2023-03-17,24,2023-03-17T23:00,gcl,Grand Coulee,65.1,65.1,0.0,1249.7,957.8,291.9,1449.9
2023-03-18,1,2023-03-18T00:00,gcl,Grand Coulee,68.7,68.7,0.0,1249.7,958.2,291.5,1528.0
2023-03-18,2,2023-03-18T01:00,gcl,Grand Coulee,72.7,72.7,0.0,1249.7,958.4,291.3,1615.8
2023-03-18,3,2023-03-18T02:00,gcl,Grand Coulee,78.0,78.0,0.0,1249.6,959.0,290.6,1729.5
2023-03-18,4,2023-03-18T03:00,gcl,Grand Coulee,81.2,81.2,0.0,1249.6,959.5,290.1,1797.3
2023-03-18,5,2023-03-18T04:00,gcl,Grand Coulee,74.7,74.7,0.0,1249.6,959.2,290.4,1655.2
2023-03-18,6,2023-03-18T05:00,gcl,Grand Coulee,63.8,63.8,0.0,1249.5,958.5,291.0,1416.6
2023-03-18,7,2023-03-18T06:00,gcl,Grand Coulee,62.7,62.7,0.0,1249.5,958.5,291.0,1392.1
2023-03-18,8,2023-03-18T07:00,gcl,Grand Coulee,81.4,81.4,0.0,1249.4,960.0,289.4,1797.4
2023-03-18,9,2023-03-18T08:00,gcl,Grand Coulee,78.2,78.2,0.0,1249.3,960.1,289.2,1725.6
2023-03-18,10,2023-03-18T09:00,gcl,Grand Coulee,69.1,69.1,0.0,1249.3,959.2,290.1,1529.5
2023-03-18,11,2023-03-18T10:00,gcl,Grand Coulee,62.6,62.6,0.0,1249.3,958.5,290.8,1389.0
2023-03-18,12,2023-03-18T11:00,gcl,Grand Coulee,48.3,48.3,0.0,1249.3,957.6,291.7,1075.0
2023-03-18,13,2023-03-18T12:00,gcl,Grand Coulee,48.4,48.4,0.0,1249.3,957.4,291.9,1078.0
2023-03-18,14,2023-03-18T13:00,gcl,Grand Coulee,53.0,53.0,0.0,1249.3,957.7,291.6,1179.2
2023-03-18,15,2023-03-18T14:00,gcl,Grand Coulee,49.4,49.4,0.0,1249.2,957.4,291.8,1099.9
2023-03-18,16,2023-03-18T15:00,gcl,Grand Coulee,47.0,47.0,0.0,1249.2,957.0,292.2,1047.9
2023-03-18,17,2023-03-18T16:00,gcl,Grand Coulee,47.5,47.5,0.0,1249.2,957.0,292.2,1059.0
2023-03-18,18,2023-03-18T17:00,gcl,Grand Coulee,55.0,55.0,0.0,1249.3,957.4,291.9,1225.0
2023-03-18,19,2023-03-18T18:00,gcl,Grand Coulee,55.0,55.0,0.0,1249.3,957.4,291.9,1225.0
2023-03-18,20,2023-03-18T19:00,gcl,Grand Coulee,51.0,51.0,0.0,1249.3,957.0,292.3,1137.4
2023-03-18,21,2023-03-18T20:00,gcl,Grand Coulee,56.8,56.8,0.0,1249.2,957.3,291.9,1265.0
2023-03-18,22,2023-03-18T21:00,gcl,Grand Coulee,55.6,55.6,0.0,1249.2,957.4,291.8,1237.9
2023-03-18,23,2023-03-18T22:00,gcl,Grand Coulee,51.7,51.7,0.0,1249.2,957.0,292.2,1152.6
2023-03-18,24,2023-03-18T23:00,gcl,Grand Coulee,54.3,54.3,0.0,1249.2,956.9,292.3,1211.0
2023-03-19,1,2023-03-19T00:00,gcl,Grand Coulee,62.3,62.3,0.0,1249.2,957.8,291.4,1385.2
2023-03-19,2,2023-03-19T01:00,gcl,Grand Coulee,68.2,68.2,0.0,1249.2,958.3,290.9,1513.7
2023-03-19,3,2023-03-19T02:00,gcl,Grand Coulee,68.7,68.7,0.0,1249.2,958.4,290.8,1524.3
2023-03-19,4,2023-03-19T03:00,gcl,Grand Coulee,71.2,71.2,0.0,1249.1,958.6,290.5,1578.2
2023-03-19,5,2023-03-19T04:00,gcl,Grand Coulee,67.8,67.8,0.0,1249.1,958.6,290.5,1502.8
2023-03-19,6,2023-03-19T05:00,gcl,Grand Coulee,47.1,47.1,0.0,1249.1,957.1,292.0,1049.4
2023-03-19,7,2023-03-19T06:00,gcl,Grand Coulee,60.3,60.3,0.0,1249.0,957.9,291.1,1339.3
2023-03-19,8,2023-03-19T07:00,gcl,Grand Coulee,66.6,66.6,0.0,1248.9,958.8,290.1,1474.2
2023-03-19,9,2023-03-19T08:00,gcl,Grand Coulee,74.3,74.3,0.0,1248.9,959.9,289.0,1638.4
2023-03-19,10,2023-03-19T09:00,gcl,Grand Coulee,73.1,73.1,0.0,1248.9,959.2,289.7,1615.8
2023-03-19,11,2023-03-19T10:00,gcl,Grand Coulee,73.2,73.2,0.0,1248.8,959.2,289.6,1617.5
2023-03-19,12,2023-03-19T11:00,gcl,Grand Coulee,80.8,80.8,0.0,1248.8,959.8,289.0,1781.7
2023-03-19,13,2023-03-19T12:00,gcl,Grand Coulee,89.8,89.8,0.0,1248.7,960.7,288.0,1973.3
2023-03-19,14,2023-03-19T13:00,gcl,Grand Coulee,79.5,79.5,0.0,1248.7,960.1,288.6,1750.6
2023-03-19,15,2023-03-19T14:00,gcl,Grand Coulee,76.4,76.4,0.0,1248.6,959.6,289.0,1684.7
2023-03-19,16,2023-03-19T15:00,gcl,Grand Coulee,72.5,72.5,0.0,1248.6,959.3,289.3,1600.3
2023-03-19,17,2023-03-19T16:00,gcl,Grand Coulee,69.5,69.5,0.0,1248.6,959.1,289.5,1535.2
2023-03-19,18,2023-03-19T17:00,gcl,Grand Coulee,55.9,55.9,0.0,1248.6,958.0,290.6,1239.5
2023-03-19,19,2023-03-19T18:00,gcl,Grand Coulee,62.7,62.7,0.0,1248.5,958.3,290.2,1388.3
2023-03-19,20,2023-03-19T19:00,gcl,Grand Coulee,63.5,63.5,0.0,1248.4,958.4,290.0,1405.1
2023-03-19,21,2023-03-19T20:00,gcl,Grand Coulee,70.6,70.6,0.0,1248.4,958.7,289.7,1560.6
2023-03-19,22,2023-03-19T21:00,gcl,Grand Coulee,71.4,71.4,0.0,1248.4,958.4,290.0,1579.9
2023-03-19,23,2023-03-19T22:00,gcl,Grand Coulee,52.0,52.0,0.0,1248.4,956.9,291.5,1156.6
2023-03-19,24,2023-03-19T23:00,gcl,Grand Coulee,57.9,57.9,0.0,1248.5,956.9,291.6,1288.2
2023-03-20,1,2023-03-20T00:00,gcl,Grand Coulee,55.9,55.9,0.0,1248.5,957.0,291.5,1243.3
2023-03-20,2,2023-03-20T01:00,gcl,Grand Coulee,48.6,48.6,0.0,1248.5,956.6,291.9,1082.4
2023-03-20,3,2023-03-20T02:00,gcl,Grand Coulee,46.4,46.4,0.0,1248.5,956.2,292.3,1034.8
2023-03-20,4,2023-03-20T03:00,gcl,Grand Coulee,44.3,44.3,0.0,1248.4,956.3,292.1,987.3
2023-03-20,5,2023-03-20T04:00,gcl,Grand Coulee,48.1,48.1,0.0,1248.3,956.7,291.6,1070.2
2023-03-20,6,2023-03-20T05:00,gcl,Grand Coulee,57.8,57.8,0.0,1248.3,957.3,291.0,1283.4
2023-03-20,7,2023-03-20T06:00,gcl,Grand Coulee,77.9,77.9,0.0,1248.3,958.9,289.4,1720.1
2023-03-20,8,2023-03-20T07:00,gcl,Grand Coulee,94.3,94.3,0.0,1248.2,960.4,287.8,2070.7
2023-03-20,9,2023-03-20T08:00,gcl,Grand Coulee,81.9,81.9,0.0,1248.2,959.6,288.6,1803.5
2023-03-20,10,2023-03-20T09:00,gcl,Grand Coulee,64.4,64.4,0.0,1248.2,957.7,290.5,1427.4
2023-03-20,11,2023-03-20T10:00,gcl,Grand Coulee,63.4,63.4,0.0,1248.1,957.3,290.8,1406.7
2023-03-20,12,2023-03-20T11:00,gcl,Grand Coulee,59.9,59.9,0.0,1248.1,957.3,290.8,1329.1
2023-03-20,13,2023-03-20T12:00,gcl,Grand Coulee,60.8,60.8,0.0,1248.1,957.3,290.8,1349.0
2023-03-20,14,2023-03-20T13:00,gcl,Grand Coulee,61.0,61.0,0.0,1248.0,957.2,290.8,1353.5
2023-03-20,15,2023-03-20T14:00,gcl,Grand Coulee,50.9,50.9,0.0,1248.1,956.6,291.5,1132.1
2023-03-20,16,2023-03-20T15:00,gcl,Grand Coulee,41.7,41.7,0.0,1248.1,955.8,292.3,930.0
2023-03-20,17,2023-03-20T16:00,gcl,Grand Coulee,39.3,39.3,0.0,1248.1,955.6,292.5,877.1
2023-03-20,18,2023-03-20T17:00,gcl,Grand Coulee,51.2,51.2,0.0,1248.1,956.6,291.5,1138.8
2023-03-20,19,2023-03-20T18:00,gcl,Grand Coulee,58.1,58.1,0.0,1248.0,957.3,290.7,1288.7
2023-03-20,20,2023-03-20T19:00,gcl,Grand Coulee,70.4,70.4,0.0,1248.0,958.0,290.0,1557.7
2023-03-20,21,2023-03-20T20:00,gcl,Grand Coulee,66.7,66.7,0.0,1247.9,957.9,290.0,1475.9
2023-03-20,22,2023-03-20T21:00,gcl,Grand Coulee,54.7,54.7,0.0,1248.0,957.2,290.8,1213.7
2023-03-20,23,2023-03-20T22:00,gcl,Grand Coulee,52.4,52.4,0.0,1248.0,956.7,291.3,1164.7
2023-03-20,24,2023-03-20T23:00,gcl,Grand Coulee,46.3,46.3,0.0,1248.1,956.3,291.8,1030.8
2023-03-21,1,2023-03-21T00:00,gcl,Grand Coulee,43.9,43.9,0.0,1248.1,956.1,292.0,978.1
2023-03-21,2,2023-03-21T01:00,gcl,Grand Coulee,44.0,44.0,0.0,1248.1,955.9,292.2,981.0
2023-03-21,3,2023-03-21T02:00,gcl,Grand Coulee,43.1,43.1,0.0,1248.0,955.9,292.1,960.6
2023-03-21,4,2023-03-21T03:00,gcl,Grand Coulee,44.4,44.4,0.0,1248.0,956.0,292.0,989.2
2023-03-21,5,2023-03-21T04:00,gcl,Grand Coulee,43.4,43.4,0.0,1248.1,955.9,292.2,967.6
2023-03-21,6,2023-03-21T05:00,gcl,Grand Coulee,54.3,54.3,0.0,1248.1,956.6,291.5,1207.7
2023-03-21,7,2023-03-21T06:00,gcl,Grand Coulee,83.8,83.8,0.0,1248.0,959.0,289.0,1847.8
2023-03-21,8,2023-03-21T07:00,gcl,Grand Coulee,106.0,106.0,0.0,1247.9,961.4,286.5,2317.2
2023-03-21,9,2023-03-21T08:00,gcl,Grand Coulee,97.8,97.8,0.0,1247.8,961.1,286.7,2139.4
2023-03-21,10,2023-03-21T09:00,gcl,Grand Coulee,72.6,72.6,0.0,1247.8,958.7,289.1,1601.4
2023-03-21,11,2023-03-21T10:00,gcl,Grand Coulee,59.3,59.3,0.0,1247.8,957.1,290.7,1315.3
2023-03-21,12,2023-03-21T11:00,gcl,Grand Coulee,53.0,53.0,0.0,1247.9,956.7,291.2,1177.6
2023-03-21,13,2023-03-21T12:00,gcl,Grand Coulee,44.9,44.9,0.0,1247.9,956.2,291.7,999.3
2023-03-21,14,2023-03-21T13:00,gcl,Grand Coulee,48.5,48.5,0.0,1247.9,956.4,291.5,1078.7
2023-03-21,15,2023-03-21T14:00,gcl,Grand Coulee,43.2,43.2,0.0,1247.8,956.2,291.6,961.2
2023-03-21,16,2023-03-21T15:00,gcl,Grand Coulee,41.0,41.0,0.0,1247.8,956.0,291.8,912.8
2023-03-21,17,2023-03-21T16:00,gcl,Grand Coulee,45.2,45.2,0.0,1247.9,956.4,291.5,1005.3
2023-03-21,18,2023-03-21T17:00,gcl,Grand Coulee,40.5,40.5,0.0,1247.9,956.2,291.7,901.4
2023-03-21,19,2023-03-21T18:00,gcl,Grand Coulee,38.9,38.9,0.0,1248.0,956.0,292.0,866.7
2023-03-21,20,2023-03-21T19:00,gcl,Grand Coulee,43.3,43.3,0.0,1248.0,956.3,291.7,963.7
2023-03-21,21,2023-03-21T20:00,gcl,Grand Coulee,49.1,49.1,0.0,1247.9,956.9,291.0,1090.2
2023-03-21,22,2023-03-21T21:00,gcl,Grand Coulee,45.4,45.4,0.0,1247.9,956.4,291.5,1009.8
2023-03-21,23,2023-03-21T22:00,gcl,Grand Coulee,40.6,40.6,0.0,1247.9,955.6,292.3,905.5
2023-03-21,24,2023-03-21T23:00,gcl,Grand Coulee,45.8,45.8,0.0,1247.9,955.9,292.0,1020.4
2023-03-22,1,2023-03-22T00:00,gcl,Grand Coulee,54.1,54.1,0.0,1248.0,956.8,291.2,1202.0
2023-03-22,2,2023-03-22T01:00,gcl,Grand Coulee,54.7,54.7,0.0,1248.1,956.7,291.4,1216.2
2023-03-22,3,2023-03-22T02:00,gcl,Grand Coulee,54.8,54.8,0.0,1248.0,956.9,291.1,1217.2
2023-03-22,4,2023-03-22T03:00,gcl,Grand Coulee,54.5,54.5,0.0,1248.0,957.1,290.9,1209.7
2023-03-22,5,2023-03-22T04:00,gcl,Grand Coulee,49.7,49.7,0.0,1248.0,956.8,291.2,1104.3
2023-03-22,6,2023-03-22T05:00,gcl,Grand Coulee,75.6,75.6,0.0,1247.9,958.6,289.3,1668.8
2023-03-22,7,2023-03-22T06:00,gcl,Grand Coulee,118.5,118.5,0.0,1247.6,962.4,285.2,2578.7
2023-03-22,8,2023-03-22T07:00,gcl,Grand Coulee,131.7,131.7,0.0,1247.6,964.0,283.6,2849.8
2023-03-22,9,2023-03-22T08:00,gcl,Grand Coulee,116.6,116.6,0.0,1247.6,963.0,284.6,2532.0
2023-03-22,10,2023-03-22T09:00,gcl,Grand Coulee,99.1,99.1,0.0,1247.5,961.1,286.4,2165.6
2023-03-22,11,2023-03-22T10:00,gcl,Grand Coulee,88.3,88.3,0.0,1247.6,959.8,287.8,1939.0
2023-03-22,12,2023-03-22T11:00,gcl,Grand Coulee,65.4,65.4,0.0,1247.6,958.1,289.5,1444.6
2023-03-22,13,2023-03-22T12:00,gcl,Grand Coulee,54.4,54.4,0.0,1247.5,957.3,290.2,1204.5
2023-03-22,14,2023-03-22T13:00,gcl,Grand Coulee,54.9,54.9,0.0,1247.4,957.1,290.3,1216.0
2023-03-22,15,2023-03-22T14:00,gcl,Grand Coulee,54.4,54.4,0.0,1247.3,957.1,290.2,1204.5
2023-03-22,16,2023-03-22T15:00,gcl,Grand Coulee,54.5,54.5,0.0,1247.3,957.1,290.2,1206.8
2023-03-22,17,2023-03-22T16:00,gcl,Grand Coulee,44.3,44.3,0.0,1247.4,956.4,291.0,983.6
2023-03-22,18,2023-03-22T17:00,gcl,Grand Coulee,36.7,36.7,0.0,1247.5,955.8,291.7,816.8
2023-03-22,19,2023-03-22T18:00,gcl,Grand Coulee,46.4,46.4,0.0,1247.5,956.3,291.2,1030.9
2023-03-22,20,2023-03-22T19:00,gcl,Grand Coulee,60.0,60.0,0.0,1247.4,957.8,289.6,1325.8
2023-03-22,21,2023-03-22T20:00,gcl,Grand Coulee,61.2,61.2,0.0,1247.3,957.8,289.5,1351.8
2023-03-22,22,2023-03-22T21:00,gcl,Grand Coulee,46.8,46.8,0.0,1247.4,956.4,291.0,1039.1
2023-03-22,23,2023-03-22T22:00,gcl,Grand Coulee,35.7,35.7,0.0,1247.4,955.4,292.0,795.4
2023-03-22,24,2023-03-22T23:00,gcl,Grand Coulee,29.7,29.7,0.0,1247.5,955.1,292.4,662.6
2023-03-23,1,2023-03-23T00:00,gcl,Grand Coulee,35.4,35.4,0.0,1247.7,955.9,291.8,788.2
2023-03-23,2,2023-03-23T01:00,gcl,Grand Coulee,39.6,39.6,0.0,1247.6,955.6,292.0,882.3
2023-03-23,3,2023-03-23T02:00,gcl,Grand Coulee,41.2,41.2,0.0,1247.6,955.6,292.0,917.9
2023-03-23,4,2023-03-23T03:00,gcl,Grand Coulee,44.6,44.6,0.0,1247.5,956.0,291.5,992.0
2023-03-23,5,2023-03-23T04:00,gcl,Grand Coulee,52.9,52.9,0.0,1247.5,956.7,290.8,1173.7
2023-03-23,6,2023-03-23T05:00,gcl,Grand Coulee,69.9,69.9,0.0,1247.5,957.8,289.7,1545.1
2023-03-23,7,2023-03-23T06:00,gcl,Grand Coulee,80.5,80.5,0.0,1247.5,958.7,288.8,1773.9
2023-03-23,8,2023-03-23T07:00,gcl,Grand Coulee,84.1,84.1,0.0,1247.5,959.1,288.4,1850.6
2023-03-23,9,2023-03-23T08:00,gcl,Grand Coulee,68.3,68.3,0.0,1247.5,958.1,289.4,1508.1
2023-03-23,10,2023-03-23T09:00,gcl,Grand Coulee,56.3,56.3,0.0,1247.5,956.6,290.9,1249.6
2023-03-23,11,2023-03-23T10:00,gcl,Grand Coulee,41.5,41.5,0.0,1247.4,955.8,291.6,923.3
2023-03-23,12,2023-03-23T11:00,gcl,Grand Coulee,41.4,41.4,0.0,1247.4,955.9,291.5,920.8
2023-03-23,13,2023-03-23T12:00,gcl,Grand Coulee,45.1,45.1,0.0,1247.3,956.1,291.2,1002.1
2023-03-23,14,2023-03-23T13:00,gcl,Grand Coulee,51.3,51.3,0.0,1247.3,956.4,290.9,1138.6
2023-03-23,15,2023-03-23T14:00,gcl,Grand Coulee,48.8,48.8,0.0,1247.4,956.1,291.3,1084.6
2023-03-23,16,2023-03-23T15:00,gcl,Grand Coulee,28.4,28.4,0.0,1247.5,955.0,292.5,633.8
2023-03-23,17,2023-03-23T16:00,gcl,Grand Coulee,46.0,46.0,0.0,1247.5,956.0,291.5,1023.1
2023-03-23,18,2023-03-23T17:00,gcl,Grand Coulee,68.2,68.2,0.0,1247.4,957.8,289.6,1507.0
2023-03-23,19,2023-03-23T18:00,gcl,Grand Coulee,70.6,70.6,0.0,1247.4,958.0,289.4,1558.9
2023-03-23,20,2023-03-23T19:00,gcl,Grand Coulee,85.9,85.9,0.0,1247.3,958.7,288.6,1891.5
2023-03-23,21,2023-03-23T20:00,gcl,Grand Coulee,83.7,83.7,0.0,1247.2,959.0,288.2,1840.5
2023-03-23,22,2023-03-23T21:00,gcl,Grand Coulee,76.8,76.8,0.0,1247.3,958.7,288.6,1691.1
2023-03-23,23,2023-03-23T22:00,gcl,Grand Coulee,80.9,80.9,0.0,1247.3,958.8,288.5,1780.8
2023-03-23,24,2023-03-23T23:00,gcl,Grand Coulee,83.7,83.7,0.0,1247.3,959.2,288.1,1839.9
2023-03-24,1,2023-03-24T00:00,gcl,Grand Coulee,59.0,59.0,0.0,1247.3,957.8,289.5,1303.2
2023-03-24,2,2023-03-24T01:00,gcl,Grand Coulee,59.5,59.5,0.0,1247.2,957.5,289.7,1315.2
2023-03-24,3,2023-03-24T02:00,gcl,Grand Coulee,51.3,51.3,0.0,1247.1,957.2,289.9,1134.7
2023-03-24,4,2023-03-24T03:00,gcl,Grand Coulee,55.8,55.8,0.0,1247.1,957.6,289.5,1232.6
2023-03-24,5,2023-03-24T04:00,gcl,Grand Coulee,64.6,64.6,0.0,1247.1,958.0,289.1,1425.0
2023-03-24,6,2023-03-24T05:00,gcl,Grand Coulee,71.7,71.7,0.0,1247.0,958.6,288.4,1577.8
2023-03-24,7,2023-03-24T06:00,gcl,Grand Coulee,118.9,118.9,0.0,1246.9,961.9,285.0,2585.5
2023-03-24,8,2023-03-24T07:00,gcl,Grand Coulee,115.7,115.7,0.0,1246.8,962.8,284.0,2507.1
2023-03-24,9,2023-03-24T08:00,gcl,Grand Coulee,86.2,86.2,0.0,1246.9,960.6,286.3,1883.0
2023-03-24,10,2023-03-24T09:00,gcl,Grand Coulee,65.9,65.9,0.0,1246.8,958.1,288.7,1451.6
2023-03-24,11,2023-03-24T10:00,gcl,Grand Coulee,48.2,48.2,0.0,1246.8,956.7,290.1,1066.9
2023-03-24,12,2023-03-24T11:00,gcl,Grand Coulee,44.6,44.6,0.0,1246.9,956.7,290.2,987.5
2023-03-24,13,2023-03-24T12:00,gcl,Grand Coulee,42.0,42.0,0.0,1246.8,956.4,290.4,930.6
2023-03-24,14,2023-03-24T13:00,gcl,Grand Coulee,37.4,37.4,0.0,1246.8,955.9,290.9,830.1
2023-03-24,15,2023-03-24T14:00,gcl,Grand Coulee,31.1,31.1,0.0,1246.8,955.9,290.9,690.3
2023-03-24,16,2023-03-24T15:00,gcl,Grand Coulee,29.1,29.1,0.0,1246.9,955.6,291.3,646.8
2023-03-24,17,2023-03-24T16:00,gcl,Grand Coulee,26.9,26.9,0.0,1247.0,955.2,291.8,598.9
2023-03-24,18,2023-03-24T17:00,gcl,Grand Coulee,35.2,35.2,0.0,1247.1,955.8,291.3,782.4
2023-03-24,19,2023-03-24T18:00,gcl,Grand Coulee,44.8,44.8,0.0,1247.0,956.2,290.8,994.0
2023-03-24,20,2023-03-24T19:00,gcl,Grand Coulee,57.3,57.3,0.0,1246.9,957.0,289.9,1267.4
2023-03-24,21,2023-03-24T20:00,gcl,Grand Coulee,56.1,56.1,0.0,1246.9,957.0,289.9,1240.9
2023-03-24,22,2023-03-24T21:00,gcl,Grand Coulee,52.7,52.7,0.0,1246.9,956.7,290.2,1166.9
2023-03-24,23,2023-03-24T22:00,gcl,Grand Coulee,54.3,54.3,0.0,1246.9,956.8,290.1,1201.9
2023-03-24,24,2023-03-24T23:00,gcl,Grand Coulee,57.0,57.0,0.0,1247.0,957.3,289.7,1259.9
2023-03-25,1,2023-03-25T00:00,gcl,Grand Coulee,60.8,60.8,0.0,1247.1,957.7,289.4,1342.5
2023-03-25,2,2023-03-25T01:00,gcl,Grand Coulee,57.1,57.1,0.0,1247.0,957.6,289.4,1260.8
2023-03-25,3,2023-03-25T02:00,gcl,Grand Coulee,58.0,58.0,0.0,1246.9,957.7,289.2,1279.8
2023-03-25,4,2023-03-25T03:00,gcl,Grand Coulee,63.1,63.1,0.0,1246.8,958.2,288.6,1389.5
2023-03-25,5,2023-03-25T04:00,gcl,Grand Coulee,58.9,58.9,0.0,1246.8,958.2,288.6,1297.0
2023-03-25,6,2023-03-25T05:00,gcl,Grand Coulee,60.4,60.4,0.0,1246.8,958.2,288.6,1330.0
2023-03-25,7,2023-03-25T06:00,gcl,Grand Coulee,60.2,60.2,0.0,1246.8,958.2,288.6,1325.6
2023-03-25,8,2023-03-25T07:00,gcl,Grand Coulee,66.0,66.0,0.0,1246.8,958.8,288.0,1450.3
2023-03-25,9,2023-03-25T08:00,gcl,Grand Coulee,51.1,51.1,0.0,1246.8,957.8,289.0,1126.8
2023-03-25,10,2023-03-25T09:00,gcl,Grand Coulee,38.8,38.0,0.0,1246.7,956.9,289.8,840.2
2023-03-25,11,2023-03-25T10:00,gcl,Grand Coulee,38.4,38.4,0.0,1246.7,956.7,290.0,849.7
2023-03-25,12,2023-03-25T11:00,gcl,Grand Coulee,44.8,44.8,0.0,1246.6,957.1,289.5,989.6
2023-03-25,13,2023-03-25T12:00,gcl,Grand Coulee,63.6,63.6,0.0,1246.6,958.0,288.6,1400.5
2023-03-25,14,2023-03-25T13:00,gcl,Grand Coulee,59.7,59.7,0.0,1246.6,957.5,289.1,1316.9
2023-03-25,15,2023-03-25T14:00,gcl,Grand Coulee,52.9,52.9,0.0,1246.7,957.1,289.6,1168.9
2023-03-25,16,2023-03-25T15:00,gcl,Grand Coulee,43.2,43.2,0.0,1246.7,956.5,290.2,956.5
2023-03-25,17,2023-03-25T16:00,gcl,Grand Coulee,35.9,35.9,0.0,1246.8,956.2,290.6,796.0
2023-03-25,18,2023-03-25T17:00,gcl,Grand Coulee,38.4,38.4,0.0,1246.8,956.3,290.5,851.1
2023-03-25,19,2023-03-25T18:00,gcl,Grand Coulee,66.7,66.7,0.0,1246.6,958.2,288.4,1467.7
2023-03-25,20,2023-03-25T19:00,gcl,Grand Coulee,72.9,72.9,0.0,1246.5,958.9,287.6,1599.7
2023-03-25,21,2023-03-25T20:00,gcl,Grand Coulee,73.9,73.9,0.0,1246.5,958.7,287.8,1622.8
2023-03-25,22,2023-03-25T21:00,gcl,Grand Coulee,60.5,60.5,0.0,1246.5,957.7,288.8,1333.1
2023-03-25,23,2023-03-25T22:00,gcl,Grand Coulee,58.0,58.0,0.0,1246.6,957.5,289.1,1279.4
2023-03-25,24,2023-03-25T23:00,gcl,Grand Coulee,47.4,47.4,0.0,1246.7,956.7,290.0,1048.8
2023-03-26,1,2023-03-26T00:00,gcl,Grand Coulee,44.2,44.2,0.0,1246.6,956.3,290.3,979.0
2023-03-26,2,2023-03-26T01:00,gcl,Grand Coulee,42.6,42.6,0.0,1246.5,956.3,290.2,943.3
2023-03-26,3,2023-03-26T02:00,gcl,Grand Coulee,43.6,43.6,0.0,1246.4,956.6,289.8,964.1
2023-03-26,4,2023-03-26T03:00,gcl,Grand Coulee,46.0,46.0,0.0,1246.4,956.6,289.8,1017.1
2023-03-26,5,2023-03-26T04:00,gcl,Grand Coulee,53.4,53.4,0.0,1246.4,957.1,289.3,1178.7
2023-03-26,6,2023-03-26T05:00,gcl,Grand Coulee,62.3,62.3,0.0,1246.4,957.9,288.5,1371.4
2023-03-26,7,2023-03-26T06:00,gcl,Grand Coulee,69.3,69.3,0.0,1246.5,958.4,288.1,1523.4
2023-03-26,8,2023-03-26T07:00,gcl,Grand Coulee,73.1,73.1,0.0,1246.4,958.8,287.6,1604.1
2023-03-26,9,2023-03-26T08:00,gcl,Grand Coulee,65.9,65.9,0.0,1246.4,958.4,288.0,1448.1
2023-03-26,10,2023-03-26T09:00,gcl,Grand Coulee,65.5,65.5,0.0,1246.3,958.2,288.1,1439.8
2023-03-26,11,2023-03-26T10:00,gcl,Grand Coulee,58.2,58.2,0.0,1246.2,957.8,288.4,1280.7
2023-03-26,12,2023-03-26T11:00,gcl,Grand Coulee,53.6,53.6,0.0,1246.2,957.6,288.6,1180.3
2023-03-26,13,2023-03-26T12:00,gcl,Grand Coulee,47.2,47.2,0.0,1246.3,957.1,289.2,1041.5
2023-03-26,14,2023-03-26T13:00,gcl,Grand Coulee,49.8,49.8,0.0,1246.3,957.3,289.0,1098.1
2023-03-26,15,2023-03-26T14:00,gcl,Grand Coulee,43.3,43.3,0.0,1246.3,957.1,289.2,955.5
2023-03-26,16,2023-03-26T15:00,gcl,Grand Coulee,38.9,38.9,0.0,1246.2,956.8,289.4,859.0
2023-03-26,17,2023-03-26T16:00,gcl,Grand Coulee,37.9,37.9,0.0,1246.2,956.6,289.6,837.5
2023-03-26,18,2023-03-26T17:00,gcl,Grand Coulee,36.5,36.5,0.0,1246.2,956.6,289.6,806.5
2023-03-26,19,2023-03-26T18:00,gcl,Grand Coulee,43.2,43.2,0.0,1246.2,956.8,289.4,953.9
2023-03-26,20,2023-03-26T19:00,gcl,Grand Coulee,69.9,69.9,0.0,1246.1,958.5,287.6,1533.9
2023-03-26,21,2023-03-26T20:00,gcl,Grand Coulee,69.3,69.3,0.0,1246.2,958.8,287.4,1519.7
2023-03-26,22,2023-03-26T21:00,gcl,Grand Coulee,67.9,67.9,0.0,1246.2,958.5,287.7,1490.5
2023-03-26,23,2023-03-26T22:00,gcl,Grand Coulee,60.4,60.4,0.0,1246.2,958.0,288.2,1328.2
2023-03-26,24,2023-03-26T23:00,gcl,Grand Coulee,51.1,51.1,0.0,1246.2,957.4,288.8,1126.0
2023-03-27,1,2023-03-27T00:00,gcl,Grand Coulee,47.4,47.4,0.0,1246.12,956.9,289.22,1046.0
2023-03-27,2,2023-03-27T01:00,gcl,Grand Coulee,54.9,54.9,0.0,1246.1,957.4,288.7,1209.3
2023-03-27,3,2023-03-27T02:00,gcl,Grand Coulee,59.4,59.4,0.0,1246.0,957.9,288.1,1305.7
2023-03-27,4,2023-03-27T03:00,gcl,Grand Coulee,65.1,65.1,0.0,1246.0,958.1,287.9,1430.0
2023-03-27,5,2023-03-27T04:00,gcl,Grand Coulee,64.9,64.9,0.0,1246.0,958.1,287.9,1425.6
2023-03-27,6,2023-03-27T05:00,gcl,Grand Coulee,74.4,74.4,0.0,1246.0,958.8,287.2,1630.4
2023-03-27,7,2023-03-27T06:00,gcl,Grand Coulee,104.5,104.5,0.0,1245.9,961.0,284.9,2271.6
2023-03-27,8,2023-03-27T07:00,gcl,Grand Coulee,121.5,121.5,0.0,1245.7,963.0,282.7,2620.8
2023-03-27,9,2023-03-27T08:00,gcl,Grand Coulee,103.9,103.9,0.0,1245.7,961.9,283.8,2249.8
2023-03-27,10,2023-03-27T09:00,gcl,Grand Coulee,86.3,86.3,0.0,1245.6,960.2,285.4,1879.3
2023-03-27,11,2023-03-27T10:00,gcl,Grand Coulee,66.4,66.4,0.0,1245.6,958.3,287.3,1455.6
2023-03-27,12,2023-03-27T11:00,gcl,Grand Coulee,52.7,52.7,0.0,1245.7,957.3,288.4,1159.7
2023-03-27,13,2023-03-27T12:00,gcl,Grand Coulee,42.0,42.0,0.0,1245.7,956.7,289.0,926.1
2023-03-27,14,2023-03-27T13:00,gcl,Grand Coulee,38.3,38.3,0.0,1245.6,956.5,289.1,844.8
2023-03-27,15,2023-03-27T14:00,gcl,Grand Coulee,36.5,36.5,0.0,1245.6,956.7,288.9,804.6
2023-03-27,16,2023-03-27T15:00,gcl,Grand Coulee,26.4,26.4,0.0,1245.7,955.9,289.8,583.7
2023-03-27,17,2023-03-27T16:00,gcl,Grand Coulee,34.4,34.4,0.0,1245.7,956.3,289.4,759.6
2023-03-27,18,2023-03-27T17:00,gcl,Grand Coulee,33.6,33.6,0.0,1245.7,956.6,289.1,741.2
2023-03-27,19,2023-03-27T18:00,gcl,Grand Coulee,38.1,38.1,0.0,1245.8,956.3,289.5,841.6
2023-03-27,20,2023-03-27T19:00,gcl,Grand Coulee,40.2,40.2,0.0,1245.8,956.4,289.4,887.7
2023-03-27,21,2023-03-27T20:00,gcl,Grand Coulee,44.0,44.0,0.0,1245.7,956.8,288.9,969.9
2023-03-27,22,2023-03-27T21:00,gcl,Grand Coulee,36.8,36.8,0.0,1245.7,956.5,289.2,812.0
2023-03-27,23,2023-03-27T22:00,gcl,Grand Coulee,30.1,30.1,0.0,1245.8,955.8,290.0,666.0
2023-03-27,24,2023-03-27T23:00,gcl,Grand Coulee,36.2,36.2,0.0,1245.8,956.4,289.4,799.3
2023-03-28,1,2023-03-28T00:00,gcl,Grand Coulee,39.6,39.6,0.0,1245.9,957.0,288.9,872.9
2023-03-28,2,2023-03-28T01:00,gcl,Grand Coulee,40.7,40.7,0.0,1245.9,956.8,289.1,897.8
2023-03-28,3,2023-03-28T02:00,gcl,Grand Coulee,40.7,40.7,0.0,1245.9,956.6,289.3,898.4
2023-03-28,4,2023-03-28T03:00,gcl,Grand Coulee,40.0,40.0,0.0,1245.9,956.8,289.1,882.3
2023-03-28,5,2023-03-28T04:00,gcl,Grand Coulee,38.2,38.2,0.0,1245.9,956.8,289.1,842.6
2023-03-28,6,2023-03-28T05:00,gcl,Grand Coulee,52.5,52.5,0.0,1245.8,957.4,288.4,1155.3
2023-03-28,7,2023-03-28T06:00,gcl,Grand Coulee,76.7,76.7,0.0,1245.7,959.2,286.5,1676.7
2023-03-28,8,2023-03-28T07:00,gcl,Grand Coulee,91.1,91.1,0.0,1245.7,960.6,285.1,1981.7
2023-03-28,9,2023-03-28T08:00,gcl,Grand Coulee,75.7,75.7,0.0,1245.7,959.4,286.3,1653.6
2023-03-28,10,2023-03-28T09:00,gcl,Grand Coulee,64.3,64.3,0.0,1245.7,958.2,287.5,1410.5
2023-03-28,11,2023-03-28T10:00,gcl,Grand Coulee,56.2,56.2,0.0,1245.7,957.7,288.0,1235.0
2023-03-28,12,2023-03-28T11:00,gcl,Grand Coulee,59.1,59.1,0.0,1245.7,958.0,287.7,1297.3
2023-03-28,13,2023-03-28T12:00,gcl,Grand Coulee,64.8,64.8,0.0,1245.6,958.4,287.2,1420.0
2023-03-28,14,2023-03-28T13:00,gcl,Grand Coulee,61.2,61.2,0.0,1245.5,958.1,287.4,1342.0
2023-03-28,15,2023-03-28T14:00,gcl,Grand Coulee,50.9,50.9,0.0,1245.5,957.4,288.1,1118.9
2023-03-28,16,2023-03-28T15:00,gcl,Grand Coulee,57.1,57.1,0.0,1245.5,957.7,287.8,1253.9
2023-03-28,17,2023-03-28T16:00,gcl,Grand Coulee,47.1,47.1,0.0,1245.5,957.4,288.1,1035.4
2023-03-28,18,2023-03-28T17:00,gcl,Grand Coulee,44.2,44.2,0.0,1245.6,957.0,288.6,973.3
2023-03-28,19,2023-03-28T18:00,gcl,Grand Coulee,65.0,65.0,0.0,1245.5,958.3,287.2,1424.4
2023-03-28,20,2023-03-28T19:00,gcl,Grand Coulee,76.2,76.2,0.0,1245.4,959.6,285.8,1661.7
2023-03-28,21,2023-03-28T20:00,gcl,Grand Coulee,73.7,73.7,0.0,1245.3,959.4,285.9,1607.7
2023-03-28,22,2023-03-28T21:00,gcl,Grand Coulee,57.5,57.5,0.0,1245.4,957.8,287.6,1261.8
2023-03-28,23,2023-03-28T22:00,gcl,Grand Coulee,51.6,51.6,0.0,1245.4,957.2,288.2,1134.7
2023-03-28,24,2023-03-28T23:00,gcl,Grand Coulee,47.1,47.1,0.0,1245.5,957.0,288.5,1036.8
2023-03-29,1,2023-03-29T00:00,gcl,Grand Coulee,49.0,49.0,0.0,1245.6,957.1,288.5,1078.6
2023-03-29,2,2023-03-29T01:00,gcl,Grand Coulee,48.1,48.1,0.0,1245.5,957.1,288.4,1058.4
2023-03-29,3,2023-03-29T02:00,gcl,Grand Coulee,60.0,60.0,0.0,1245.4,957.8,287.6,1316.6
2023-03-29,4,2023-03-29T03:00,gcl,Grand Coulee,53.4,53.4,0.0,1245.4,957.6,287.8,1172.6
2023-03-29,5,2023-03-29T04:00,gcl,Grand Coulee,54.3,54.3,0.0,1245.3,957.4,287.9,1192.8
2023-03-29,6,2023-03-29T05:00,gcl,Grand Coulee,69.8,69.8,0.0,1245.2,958.4,286.8,1527.4
2023-03-29,7,2023-03-29T06:00,gcl,Grand Coulee,98.1,98.1,0.0,1245.2,960.7,284.5,2129.5
2023-03-29,8,2023-03-29T07:00,gcl,Grand Coulee,126.4,126.4,0.0,1245.1,963.1,282.0,2719.7
2023-03-29,9,2023-03-29T08:00,gcl,Grand Coulee,120.4,120.4,0.0,1245.0,963.1,281.9,2589.7
2023-03-29,10,2023-03-29T09:00,gcl,Grand Coulee,87.3,87.3,0.0,1245.0,960.7,284.3,1893.7
2023-03-29,11,2023-03-29T10:00,gcl,Grand Coulee,73.8,73.8,0.0,1245.0,959.1,285.9,1609.9
2023-03-29,12,2023-03-29T11:00,gcl,Grand Coulee,53.2,53.2,0.0,1245.0,957.5,287.5,1167.0
2023-03-29,13,2023-03-29T12:00,gcl,Grand Coulee,38.6,38.6,0.0,1245.0,956.1,288.9,850.9
2023-03-29,14,2023-03-29T13:00,gcl,Grand Coulee,25.2,25.2,0.0,1245.0,955.7,289.3,556.3
2023-03-29,15,2023-03-29T14:00,gcl,Grand Coulee,24.2,24.2,0.0,1244.9,955.6,289.3,534.2
2023-03-29,16,2023-03-29T15:00,gcl,Grand Coulee,23.9,23.9,0.0,1244.9,955.8,289.1,527.2
2023-03-29,17,2023-03-29T16:00,gcl,Grand Coulee,21.7,21.7,0.0,1245.0,955.6,289.4,479.2
2023-03-29,18,2023-03-29T17:00,gcl,Grand Coulee,32.3,32.3,0.0,1245.1,955.9,289.2,712.7
2023-03-29,19,2023-03-29T18:00,gcl,Grand Coulee,54.0,54.0,0.0,1245.1,957.4,287.7,1185.4
2023-03-29,20,2023-03-29T19:00,gcl,Grand Coulee,50.1,50.1,0.0,1245.1,956.0,289.1,1105.1
2023-03-29,21,2023-03-29T20:00,gcl,Grand Coulee,51.1,51.1,0.0,1245.1,956.7,288.4,1124.5
2023-03-29,22,2023-03-29T21:00,gcl,Grand Coulee,46.6,46.6,0.0,1245.1,956.8,288.3,1025.1
2023-03-29,23,2023-03-29T22:00,gcl,Grand Coulee,45.0,45.0,0.0,1245.1,956.0,289.1,992.6
2023-03-29,24,2023-03-29T23:00,gcl,Grand Coulee,40.9,40.9,0.0,1245.1,956.5,288.6,900.6
2023-03-30,1,2023-03-30T00:00,gcl,Grand Coulee,35.6,35.6,0.0,1245.1,956.2,288.9,784.7
2023-03-30,2,2023-03-30T01:00,gcl,Grand Coulee,29.4,29.4,0.0,1245.1,956.0,289.1,648.5
2023-03-30,3,2023-03-30T02:00,gcl,Grand Coulee,28.4,28.4,0.0,1245.2,955.9,289.3,626.9
2023-03-30,4,2023-03-30T03:00,gcl,Grand Coulee,32.9,32.9,0.0,1245.2,956.3,288.9,725.2
2023-03-30,5,2023-03-30T04:00,gcl,Grand Coulee,47.6,47.6,0.0,1245.1,957.2,287.9,1045.6
2023-03-30,6,2023-03-30T05:00,gcl,Grand Coulee,66.0,66.0,0.0,1245.0,958.3,286.7,1443.8
2023-03-30,7,2023-03-30T06:00,gcl,Grand Coulee,83.3,83.3,0.0,1245.0,959.5,285.5,1814.6
2023-03-30,8,2023-03-30T07:00,gcl,Grand Coulee,113.6,113.6,0.0,1244.9,961.9,283.0,2453.0
2023-03-30,9,2023-03-30T08:00,gcl,Grand Coulee,91.8,91.8,0.0,1244.9,960.6,284.3,1991.3
2023-03-30,10,2023-03-30T09:00,gcl,Grand Coulee,76.3,76.3,0.0,1245.0,959.1,285.9,1664.4
2023-03-30,11,2023-03-30T10:00,gcl,Grand Coulee,66.8,66.8,0.0,1244.9,958.0,286.9,1462.3
2023-03-30,12,2023-03-30T11:00,gcl,Grand Coulee,52.0,52.0,0.0,1244.9,957.5,287.4,1140.3
2023-03-30,13,2023-03-30T12:00,gcl,Grand Coulee,46.9,46.9,0.0,1244.9,956.9,288.0,1030.6
2023-03-30,14,2023-03-30T13:00,gcl,Grand Coulee,36.2,36.2,0.0,1244.7,956.0,288.7,797.4
2023-03-30,15,2023-03-30T14:00,gcl,Grand Coulee,31.2,31.2,0.0,1244.9,955.8,289.1,688.2
2023-03-30,16,2023-03-30T15:00,gcl,Grand Coulee,34.6,34.6,0.0,1244.9,955.9,289.0,763.0
2023-03-30,17,2023-03-30T16:00,gcl,Grand Coulee,36.9,36.9,0.0,1244.9,955.9,289.0,813.7
2023-03-30,18,2023-03-30T17:00,gcl,Grand Coulee,44.6,44.6,0.0,1244.9,956.4,288.5,981.8
2023-03-30,19,2023-03-30T18:00,gcl,Grand Coulee,63.2,63.2,0.0,1244.8,957.6,287.2,1384.9
2023-03-30,20,2023-03-30T19:00,gcl,Grand Coulee,75.2,75.2,0.0,1244.7,958.4,286.3,1642.7
2023-03-30,21,2023-03-30T20:00,gcl,Grand Coulee,79.0,79.0,0.0,1244.7,958.8,285.9,1723.3
2023-03-30,22,2023-03-30T21:00,gcl,Grand Coulee,74.2,74.2,0.0,1244.7,958.5,286.2,1620.3
2023-03-30,23,2023-03-30T22:00,gcl,Grand Coulee,56.0,56.0,0.0,1244.8,957.4,287.4,1228.0
2023-03-30,24,2023-03-30T23:00,gcl,Grand Coulee,48.2,48.2,0.0,1244.8,956.6,288.2,1059.9
2023-03-31,1,2023-03-31T00:00,gcl,Grand Coulee,38.2,38.2,0.0,1244.8,956.1,288.7,841.5
2023-03-31,2,2023-03-31T01:00,gcl,Grand Coulee,33.8,33.8,0.0,1244.8,956.1,288.7,744.5
2023-03-31,3,2023-03-31T02:00,gcl,Grand Coulee,33.9,33.9,0.0,1244.7,956.0,288.7,746.7
2023-03-31,4,2023-03-31T03:00,gcl,Grand Coulee,38.2,38.2,0.0,1244.6,956.2,288.4,840.6
2023-03-31,5,2023-03-31T04:00,gcl,Grand Coulee,46.5,46.5,0.0,1244.6,956.7,287.9,1021.5
2023-03-31,6,2023-03-31T05:00,gcl,Grand Coulee,62.9,62.9,0.0,1244.6,957.8,286.8,1376.4
2023-03-31,7,2023-03-31T06:00,gcl,Grand Coulee,73.8,73.8,0.0,1244.6,958.6,286.0,1610.4
2023-03-31,8,2023-03-31T07:00,gcl,Grand Coulee,83.6,83.6,0.0,1244.6,959.5,285.1,1818.6
2023-03-31,9,2023-03-31T08:00,gcl,Grand Coulee,75.6,75.6,0.0,1244.6,959.1,285.5,1646.8
2023-03-31,10,2023-03-31T09:00,gcl,Grand Coulee,74.2,74.2,0.0,1244.5,958.8,285.7,1617.5
2023-03-31,11,2023-03-31T10:00,gcl,Grand Coulee,58.9,58.9,0.0,1244.4,957.9,286.5,1287.6
2023-03-31,12,2023-03-31T11:00,gcl,Grand Coulee,53.1,53.1,0.0,1244.4,957.3,287.1,1163.2
2023-03-31,13,2023-03-31T12:00,gcl,Grand Coulee,49.1,49.1,0.0,1244.3,956.9,287.4,1076.7
2023-03-31,14,2023-03-31T13:00,gcl,Grand Coulee,49.4,49.4,0.0,1244.4,957.0,287.4,1083.3
2023-03-31,15,2023-03-31T14:00,gcl,Grand Coulee,48.0,48.0,0.0,1244.4,956.9,287.5,1052.9
2023-03-31,16,2023-03-31T15:00,gcl,Grand Coulee,42.3,42.3,0.0,1244.4,956.4,288.0,929.5
2023-03-31,17,2023-03-31T16:00,gcl,Grand Coulee,47.1,47.1,0.0,1244.4,956.7,287.7,1033.9
2023-03-31,18,2023-03-31T17:00,gcl,Grand Coulee,65.5,65.5,0.0,1244.4,958.0,286.4,1431.3
2023-03-31,19,2023-03-31T18:00,gcl,Grand Coulee,73.4,73.4,0.0,1244.3,958.8,285.5,1598.9
2023-03-31,20,2023-03-31T19:00,gcl,Grand Coulee,70.8,70.8,0.0,1244.3,958.5,285.8,1543.9
2023-03-31,21,2023-03-31T20:00,gcl,Grand Coulee,72.0,72.0,0.0,1244.3,958.5,285.8,1570.1
2023-03-31,22,2023-03-31T21:00,gcl,Grand Coulee,69.6,69.6,0.0,1244.4,958.5,285.9,1518.3
2023-03-31,23,2023-03-31T22:00,gcl,Grand Coulee,65.2,65.2,0.0,1244.4,958.2,286.2,1423.8
2023-03-31,24,2023-03-31T23:00,gcl,Grand Coulee,60.1,60.1,0.0,1244.3,957.8,286.5,1313.8
2023-04-01,1,2023-04-01T00:00,gcl,Grand Coulee,74.9,74.9,0.0,1244.2,958.8,285.4,1631.0
2023-04-01,2,2023-04-01T01:00,gcl,Grand Coulee,71.8,71.8,0.0,1244.2,958.9,285.3,1563.0
2023-04-01,3,2023-04-01T02:00,gcl,Grand Coulee,58.7,58.7,0.0,1244.2,957.9,286.3,1282.3
2023-04-01,4,2023-04-01T03:00,gcl,Grand Coulee,59.1,59.1,0.0,1244.2,957.7,286.5,1291.9
2023-04-01,5,2023-04-01T04:00,gcl,Grand Coulee,61.6,61.6,0.0,1244.1,958.0,286.1,1344.7
2023-04-01,6,2023-04-01T05:00,gcl,Grand Coulee,70.4,70.4,0.0,1244.1,958.6,285.5,1533.6
2023-04-01,7,2023-04-01T06:00,gcl,Grand Coulee,69.1,69.1,0.0,1244.0,958.5,285.5,1505.3
2023-04-01,8,2023-04-01T07:00,gcl,Grand Coulee,67.5,67.5,0.0,1243.9,958.4,285.5,1470.4
2023-04-01,9,2023-04-01T08:00,gcl,Grand Coulee,47.2,47.2,0.0,1243.9,957.0,286.9,1033.2
2023-04-01,10,2023-04-01T09:00,gcl,Grand Coulee,47.0,47.0,0.0,1243.9,956.7,287.2,1029.9
2023-04-01,11,2023-04-01T10:00,gcl,Grand Coulee,37.2,37.2,0.0,1243.9,956.6,287.3,815.5
2023-04-01,12,2023-04-01T11:00,gcl,Grand Coulee,41.4,41.4,0.0,1243.9,956.7,287.2,907.2
2023-04-01,13,2023-04-01T12:00,gcl,Grand Coulee,37.4,37.4,0.0,1243.8,956.3,287.5,820.4
2023-04-01,14,2023-04-01T13:00,gcl,Grand Coulee,40.6,40.6,0.0,1243.7,956.7,287.0,889.1
2023-04-01,15,2023-04-01T14:00,gcl,Grand Coulee,37.5,37.5,0.0,1243.8,956.6,287.2,821.8
2023-04-01,16,2023-04-01T15:00,gcl,Grand Coulee,31.4,31.4,0.0,1243.9,956.1,287.8,689.5
2023-04-01,17,2023-04-01T16:00,gcl,Grand Coulee,26.9,26.9,0.0,1243.9,955.9,288.0,591.1
2023-04-01,18,2023-04-01T17:00,gcl,Grand Coulee,28.2,28.2,0.0,1244.0,956.5,287.5,618.6
2023-04-01,19,2023-04-01T18:00,gcl,Grand Coulee,41.6,41.6,0.0,1243.9,957.1,286.8,910.3
2023-04-01,20,2023-04-01T19:00,gcl,Grand Coulee,44.0,44.0,0.0,1243.8,957.0,286.8,962.8
2023-04-01,21,2023-04-01T20:00,gcl,Grand Coulee,50.5,50.5,0.0,1243.7,957.4,286.3,1103.2
2023-04-01,22,2023-04-01T21:00,gcl,Grand Coulee,48.7,48.7,0.0,1243.8,957.5,286.3,1063.8
2023-04-01,23,2023-04-01T22:00,gcl,Grand Coulee,50.3,50.3,0.0,1243.9,957.7,286.2,1098.4
2023-04-01,24,2023-04-01T23:00,gcl,Grand Coulee,50.3,50.3,0.0,1243.9,957.6,286.3,1098.8
2023-04-02,1,2023-04-02T00:00,gcl,Grand Coulee,51.6,51.6,0.0,1244.0,957.6,286.4,1127.6
2023-04-02,2,2023-04-02T01:00,gcl,Grand Coulee,44.5,44.5,0.0,1243.9,957.1,286.8,973.8
2023-04-02,3,2023-04-02T02:00,gcl,Grand Coulee,44.7,44.7,0.0,1243.8,957.0,286.8,978.2
2023-04-02,4,2023-04-02T03:00,gcl,Grand Coulee,49.0,49.0,0.0,1243.7,957.2,286.5,1071.1
2023-04-02,5,2023-04-02T04:00,gcl,Grand Coulee,56.8,56.8,0.0,1243.7,957.7,286.0,1239.5
2023-04-02,6,2023-04-02T05:00,gcl,Grand Coulee,59.3,59.3,0.0,1243.7,957.7,286.0,1294.0
2023-04-02,7,2023-04-02T06:00,gcl,Grand Coulee,65.4,65.4,0.0,1243.7,958.1,285.6,1425.1
2023-04-02,8,2023-04-02T07:00,gcl,Grand Coulee,60.3,60.3,0.0,1243.7,957.8,285.9,1315.4
2023-04-02,9,2023-04-02T08:00,gcl,Grand Coulee,62.2,62.2,0.0,1243.7,957.9,285.8,1356.4
2023-04-02,10,2023-04-02T09:00,gcl,Grand Coulee,63.6,63.6,0.0,1243.6,957.9,285.7,1386.4
2023-04-02,11,2023-04-02T10:00,gcl,Grand Coulee,51.3,51.3,0.0,1243.5,957.4,286.1,1119.8
2023-04-02,12,2023-04-02T11:00,gcl,Grand Coulee,49.3,49.3,0.0,1243.5,957.0,286.5,1077.7
2023-04-02,13,2023-04-02T12:00,gcl,Grand Coulee,47.2,47.2,0.0,1243.5,956.9,286.6,1032.1
2023-04-02,14,2023-04-02T13:00,gcl,Grand Coulee,49.8,49.8,0.0,1243.5,957.4,286.1,1087.1
2023-04-02,15,2023-04-02T14:00,gcl,Grand Coulee,51.9,51.9,0.0,1243.4,957.5,285.9,1132.2
2023-04-02,16,2023-04-02T15:00,gcl,Grand Coulee,45.1,45.1,0.0,1243.4,957.0,286.4,985.5
2023-04-02,17,2023-04-02T16:00,gcl,Grand Coulee,48.4,48.4,0.0,1243.4,957.0,286.4,1057.7
2023-04-02,18,2023-04-02T17:00,gcl,Grand Coulee,45.9,45.9,0.0,1243.5,957.3,286.2,1002.3
2023-04-02,19,2023-04-02T18:00,gcl,Grand Coulee,55.0,55.0,0.0,1243.4,957.7,285.7,1198.9
2023-04-02,20,2023-04-02T19:00,gcl,Grand Coulee,51.1,51.1,0.0,1243.4,957.4,286.0,1115.1
2023-04-02,21,2023-04-02T20:00,gcl,Grand Coulee,67.6,67.6,0.0,1243.3,958.5,284.8,1469.0
2023-04-02,22,2023-04-02T21:00,gcl,Grand Coulee,66.1,66.1,0.0,1243.3,958.6,284.7,1435.9
2023-04-02,23,2023-04-02T22:00,gcl,Grand Coulee,57.1,57.1,0.0,1243.4,958.0,285.4,1243.4
2023-04-02,24,2023-04-02T23:00,gcl,Grand Coulee,52.7,52.7,0.0,1243.4,957.6,285.8,1149.2
2023-04-03,1,2023-04-03T00:00,gcl,Grand Coulee,50.1,50.1,0.0,1243.4,957.6,285.8,1092.5
2023-04-03,2,2023-04-03T01:00,gcl,Grand Coulee,49.3,49.3,0.0,1243.4,957.6,285.8,1075.1
2023-04-03,3,2023-04-03T02:00,gcl,Grand Coulee,49.1,49.1,0.0,1243.4,957.7,285.7,1070.3
2023-04-03,4,2023-04-03T03:00,gcl,Grand Coulee,49.6,49.6,0.0,1243.3,957.8,285.5,1080.5
2023-04-03,5,2023-04-03T04:00,gcl,Grand Coulee,51.7,51.7,0.0,1243.3,957.9,285.4,1125.8
2023-04-03,6,2023-04-03T05:00,gcl,Grand Coulee,75.5,75.5,0.0,1243.1,959.5,283.6,1633.7
2023-04-03,7,2023-04-03T06:00,gcl,Grand Coulee,73.6,73.6,0.0,1243.1,959.4,283.7,1593.2
2023-04-03,8,2023-04-03T07:00,gcl,Grand Coulee,79.4,79.4,0.0,1243.1,959.6,283.5,1717.5
2023-04-03,9,2023-04-03T08:00,gcl,Grand Coulee,67.6,67.6,0.0,1243.1,958.5,284.6,1467.9
2023-04-03,10,2023-04-03T09:00,gcl,Grand Coulee,68.0,68.0,0.0,1243.1,958.3,284.8,1477.7
2023-04-03,11,2023-04-03T10:00,gcl,Grand Coulee,59.0,59.0,0.0,1243.1,957.8,285.3,1284.3
2023-04-03,12,2023-04-03T11:00,gcl,Grand Coulee,56.9,56.9,0.0,1243.0,957.6,285.4,1239.1
2023-04-03,13,2023-04-03T12:00,gcl,Grand Coulee,47.7,47.7,0.0,1243.0,956.8,286.2,1041.6
2023-04-03,14,2023-04-03T13:00,gcl,Grand Coulee,44.9,44.9,0.0,1242.9,956.5,286.4,981.2
2023-04-03,15,2023-04-03T14:00,gcl,Grand Coulee,37.3,37.3,0.0,1243.0,956.1,286.9,816.5
2023-04-03,16,2023-04-03T15:00,gcl,Grand Coulee,32.3,32.3,0.0,1243.0,955.6,287.4,708.3
2023-04-03,17,2023-04-03T16:00,gcl,Grand Coulee,33.8,33.8,0.0,1243.1,955.7,287.4,741.2
2023-04-03,18,2023-04-03T17:00,gcl,Grand Coulee,26.8,26.8,0.0,1243.1,955.4,287.7,588.3
2023-04-03,19,2023-04-03T18:00,gcl,Grand Coulee,31.8,31.8,0.0,1243.1,955.7,287.4,697.3
2023-04-03,20,2023-04-03T19:00,gcl,Grand Coulee,52.6,52.6,0.0,1243.1,956.9,286.2,1148.6
2023-04-03,21,2023-04-03T20:00,gcl,Grand Coulee,51.2,51.2,0.0,1243.0,956.9,286.1,1117.7
2023-04-03,22,2023-04-03T21:00,gcl,Grand Coulee,53.0,53.0,0.0,1243.0,956.7,286.3,1157.8
2023-04-03,23,2023-04-03T22:00,gcl,Grand Coulee,50.9,50.9,0.0,1243.0,956.4,286.6,1113.1
2023-04-03,24,2023-04-03T23:00,gcl,Grand Coulee,42.3,42.3,0.0,1243.1,955.9,287.2,926.9
2023-04-04,1,2023-04-04T00:00,gcl,Grand Coulee,37.8,37.8,0.0,1243.2,954.8,288.4,831.8
2023-04-04,2,2023-04-04T01:00,gcl,Grand Coulee,34.3,34.3,0.0,1243.3,954.2,289.1,756.6
2023-04-04,3,2023-04-04T02:00,gcl,Grand Coulee,35.9,35.9,0.0,1243.2,955.0,288.2,789.4
2023-04-04,4,2023-04-04T03:00,gcl,Grand Coulee,43.3,43.3,0.0,1243.1,955.4,287.7,950.5
2023-04-04,5,2023-04-04T04:00,gcl,Grand Coulee,69.6,69.6,0.0,1243.0,957.0,286.0,1518.8
2023-04-04,6,2023-04-04T05:00,gcl,Grand Coulee,82.8,82.8,0.0,1242.9,958.4,284.5,1797.4
2023-04-04,7,2023-04-04T06:00,gcl,Grand Coulee,97.9,97.9,0.0,1242.8,959.9,282.9,2113.2
2023-04-04,8,2023-04-04T07:00,gcl,Grand Coulee,105.4,105.4,0.0,1242.8,961.0,281.8,2266.2
2023-04-04,9,2023-04-04T08:00,gcl,Grand Coulee,86.5,86.5,0.0,1242.9,960.0,282.9,1867.1
2023-04-04,10,2023-04-04T09:00,gcl,Grand Coulee,73.7,73.7,0.0,1242.9,958.6,284.3,1598.7
2023-04-04,11,2023-04-04T10:00,gcl,Grand Coulee,69.8,69.8,0.0,1242.8,958.2,284.6,1515.7
2023-04-04,12,2023-04-04T11:00,gcl,Grand Coulee,70.5,70.5,0.0,1242.7,958.8,283.9,1527.1
2023-04-04,13,2023-04-04T12:00,gcl,Grand Coulee,63.3,63.3,0.0,1242.6,958.1,284.5,1374.1
2023-04-04,14,2023-04-04T13:00,gcl,Grand Coulee,55.9,55.9,0.0,1242.6,957.4,285.2,1216.4
2023-04-04,15,2023-04-04T14:00,gcl,Grand Coulee,50.1,50.1,0.0,1242.7,957.2,285.5,1091.4
2023-04-04,16,2023-04-04T15:00,gcl,Grand Coulee,44.6,44.6,0.0,1242.8,956.9,285.9,972.9
2023-04-04,17,2023-04-04T16:00,gcl,Grand Coulee,34.7,34.7,0.0,1242.9,956.2,286.7,759.1
2023-04-04,18,2023-04-04T17:00,gcl,Grand Coulee,43.1,43.1,0.0,1242.8,956.9,285.9,940.2
2023-04-04,19,2023-04-04T18:00,gcl,Grand Coulee,55.9,55.9,0.0,1242.6,957.9,284.7,1214.3
2023-04-04,20,2023-04-04T19:00,gcl,Grand Coulee,73.4,73.4,0.0,1242.5,959.0,283.5,1587.7
2023-04-04,21,2023-04-04T20:00,gcl,Grand Coulee,73.8,73.8,0.0,1242.5,959.0,283.5,1596.4
2023-04-04,22,2023-04-04T21:00,gcl,Grand Coulee,65.5,65.5,0.0,1245.5,958.2,287.3,1435.8
2023-04-04,23,2023-04-04T22:00,gcl,Grand Coulee,51.4,51.4,0.0,1242.7,957.1,285.6,1120.1
2023-04-04,24,2023-04-04T23:00,gcl,Grand Coulee,40.3,40.3,0.0,1242.8,956.1,286.7,881.6
2023-04-05,1,2023-04-05T00:00,gcl,Grand Coulee,35.3,35.3,0.0,1242.8,955.7,287.1,773.3
2023-04-05,2,2023-04-05T01:00,gcl,Grand Coulee,34.4,34.4,0.0,1242.8,955.5,287.3,754.1
2023-04-05,3,2023-04-05T02:00,gcl,Grand Coulee,32.2,32.2,0.0,1242.7,955.8,286.9,704.9
2023-04-05,4,2023-04-05T03:00,gcl,Grand Coulee,44.8,44.8,0.0,1242.6,956.4,286.2,978.3
2023-04-05,5,2023-04-05T04:00,gcl,Grand Coulee,64.5,64.5,0.0,1242.5,957.8,284.7,1401.1
2023-04-05,6,2023-04-05T05:00,gcl,Grand Coulee,92.7,92.7,0.0,1242.5,959.9,282.6,1998.8
2023-04-05,7,2023-04-05T06:00,gcl,Grand Coulee,101.8,101.8,0.0,1242.5,961.3,281.2,2184.2
2023-04-05,8,2023-04-05T07:00,gcl,Grand Coulee,98.3,98.3,0.0,1242.5,961.3,281.2,2109.1
2023-04-05,9,2023-04-05T08:00,gcl,Grand Coulee,87.7,87.7,0.0,1242.4,960.5,281.9,1886.3
2023-04-05,10,2023-04-05T09:00,gcl,Grand Coulee,70.7,70.7,0.0,1242.4,959.2,283.2,1527.7
2023-04-05,11,2023-04-05T10:00,gcl,Grand Coulee,65.2,65.2,0.0,1242.3,958.5,283.8,1411.8
2023-04-05,12,2023-04-05T11:00,gcl,Grand Coulee,55.9,55.9,0.0,1242.2,957.9,284.3,1212.6
2023-04-05,13,2023-04-05T12:00,gcl,Grand Coulee,44.0,44.0,0.0,1242.2,957.1,285.1,957.1
2023-04-05,14,2023-04-05T13:00,gcl,Grand Coulee,43.6,43.6,0.0,1242.2,956.7,285.5,949.8
2023-04-05,15,2023-04-05T14:00,gcl,Grand Coulee,34.5,34.5,0.0,1242.2,956.3,285.9,752.6
2023-04-05,16,2023-04-05T15:00,gcl,Grand Coulee,32.7,32.7,0.0,1242.3,956.1,286.2,714.1
2023-04-05,17,2023-04-05T16:00,gcl,Grand Coulee,36.8,36.8,0.0,1242.3,956.1,286.2,803.6
2023-04-05,18,2023-04-05T17:00,gcl,Grand Coulee,38.5,38.5,0.0,1242.3,956.3,286.0,840.1
2023-04-05,19,2023-04-05T18:00,gcl,Grand Coulee,54.4,54.4,0.0,1242.2,957.0,285.2,1183.8
2023-04-05,20,2023-04-05T19:00,gcl,Grand Coulee,79.7,79.7,0.0,1242.2,958.9,283.3,1722.8
2023-04-05,21,2023-04-05T20:00,gcl,Grand Coulee,68.6,68.6,0.0,1242.2,958.4,283.8,1485.5
2023-04-05,22,2023-04-05T21:00,gcl,Grand Coulee,48.9,48.9,0.0,1242.3,956.9,285.4,1064.8
2023-04-05,23,2023-04-05T22:00,gcl,Grand Coulee,40.9,40.9,0.0,1242.3,956.0,286.3,893.4
2023-04-05,24,2023-04-05T23:00,gcl,Grand Coulee,40.0,40.0,0.0,1242.4,956.2,286.2,873.5
2023-04-06,1,2023-04-06T00:00,gcl,Grand Coulee,42.7,42.7,0.0,1242.4,956.3,286.1,932.1
2023-04-06,2,2023-04-06T01:00,gcl,Grand Coulee,43.2,43.2,0.0,1242.3,956.3,286.0,942.7
2023-04-06,3,2023-04-06T02:00,gcl,Grand Coulee,44.3,44.3,0.0,1242.2,956.3,285.9,966.4
2023-04-06,4,2023-04-06T03:00,gcl,Grand Coulee,49.3,49.3,0.0,1242.2,956.8,285.4,1073.6
2023-04-06,5,2023-04-06T04:00,gcl,Grand Coulee,55.7,55.7,0.0,1242.2,957.3,284.9,1210.8
2023-04-06,6,2023-04-06T05:00,gcl,Grand Coulee,56.7,56.7,0.0,1242.2,957.4,284.8,1232.1
2023-04-06,7,2023-04-06T06:00,gcl,Grand Coulee,77.2,77.2,0.0,1242.2,958.8,283.4,1669.3
2023-04-06,8,2023-04-06T07:00,gcl,Grand Coulee,75.1,75.1,0.0,1242.1,959.1,283.0,1621.6
2023-04-06,9,2023-04-06T08:00,gcl,Grand Coulee,67.1,67.1,0.0,1242.1,958.7,283.4,1450.9
2023-04-06,10,2023-04-06T09:00,gcl,Grand Coulee,65.0,65.0,0.0,1242.0,958.1,283.9,1408.0
2023-04-06,11,2023-04-06T10:00,gcl,Grand Coulee,67.9,67.9,0.0,1241.9,958.5,283.4,1468.2
2023-04-06,12,2023-04-06T11:00,gcl,Grand Coulee,70.9,70.9,0.0,1241.9,958.9,283.0,1530.9
2023-04-06,13,2023-04-06T12:00,gcl,Grand Coulee,66.7,66.7,0.0,1241.9,958.5,283.4,1442.3
2023-04-06,14,2023-04-06T13:00,gcl,Grand Coulee,62.5,62.5,0.0,1241.9,958.1,283.8,1353.4
2023-04-06,15,2023-04-06T14:00,gcl,Grand Coulee,52.1,52.1,0.0,1241.9,957.5,284.4,1130.6
2023-04-06,16,2023-04-06T15:00,gcl,Grand Coulee,44.2,44.2,0.0,1241.9,956.9,285.0,961.2
2023-04-06,17,2023-04-06T16:00,gcl,Grand Coulee,37.4,37.4,0.0,1241.9,956.3,285.6,815.0
2023-04-06,18,2023-04-06T17:00,gcl,Grand Coulee,44.9,44.9,0.0,1241.8,956.7,285.1,976.7
2023-04-06,19,2023-04-06T18:00,gcl,Grand Coulee,56.1,56.1,0.0,1241.8,957.4,284.4,1217.4
2023-04-06,20,2023-04-06T19:00,gcl,Grand Coulee,58.6,58.6,0.0,1241.7,957.5,284.2,1270.7
2023-04-06,21,2023-04-06T20:00,gcl,Grand Coulee,57.2,57.2,0.0,1241.7,957.1,284.6,1242.1
2023-04-06,22,2023-04-06T21:00,gcl,Grand Coulee,55.0,55.0,0.0,1241.7,957.0,284.7,1194.7
2023-04-06,23,2023-04-06T22:00,gcl,Grand Coulee,47.8,47.8,0.0,1241.8,956.5,285.3,1040.5
2023-04-06,24,2023-04-06T23:00,gcl,Grand Coulee,42.5,42.5,0.0,1241.8,955.9,285.9,927.1
2023-04-07,1,2023-04-07T00:00,gcl,Grand Coulee,58.4,58.4,0.0,1241.7,956.9,284.8,1269.0
2023-04-07,2,2023-04-07T01:00,gcl,Grand Coulee,55.3,55.3,0.0,1241.7,957.2,284.5,1200.4
2023-04-07,3,2023-04-07T02:00,gcl,Grand Coulee,53.3,53.3,0.0,1241.7,956.8,284.9,1158.6
2023-04-07,4,2023-04-07T03:00,gcl,Grand Coulee,50.4,50.4,0.0,1241.6,956.5,285.1,1096.4
2023-04-07,5,2023-04-07T04:00,gcl,Grand Coulee,48.8,48.8,0.0,1241.6,956.6,285.0,1061.2
2023-04-07,6,2023-04-07T05:00,gcl,Grand Coulee,46.6,46.6,0.0,1241.6,956.4,285.2,1014.1
2023-04-07,7,2023-04-07T06:00,gcl,Grand Coulee,47.4,47.4,0.0,1241.6,956.3,285.3,1031.8
2023-04-07,8,2023-04-07T07:00,gcl,Grand Coulee,59.5,59.5,0.0,1241.5,957.2,284.3,1290.7
2023-04-07,9,2023-04-07T08:00,gcl,Grand Coulee,51.1,51.1,0.0,1241.4,956.7,284.7,1110.0
2023-04-07,10,2023-04-07T09:00,gcl,Grand Coulee,56.8,56.8,0.0,1241.4,956.9,284.5,1233.0
2023-04-07,11,2023-04-07T10:00,gcl,Grand Coulee,76.4,76.4,0.0,1241.3,958.2,283.1,1650.3
2023-04-07,12,2023-04-07T11:00,gcl,Grand Coulee,87.4,87.4,0.0,1241.3,959.3,282.0,1880.6
2023-04-07,13,2023-04-07T12:00,gcl,Grand Coulee,89.5,89.5,0.0,1241.3,959.7,281.6,1923.0
2023-04-07,14,2023-04-07T13:00,gcl,Grand Coulee,76.9,76.9,0.0,1241.3,958.9,282.4,1657.0
2023-04-07,15,2023-04-07T14:00,gcl,Grand Coulee,62.7,62.7,0.0,1241.2,957.8,283.4,1355.8
2023-04-07,16,2023-04-07T15:00,gcl,Grand Coulee,47.7,47.7,0.0,1241.2,956.7,284.5,1035.4
2023-04-07,17,2023-04-07T16:00,gcl,Grand Coulee,34.8,34.8,0.0,1241.2,956.0,285.2,757.3
2023-04-07,18,2023-04-07T17:00,gcl,Grand Coulee,31.6,31.6,0.0,1241.1,956.0,285.1,687.4
2023-04-07,19,2023-04-07T18:00,gcl,Grand Coulee,36.0,36.0,0.0,1241.1,956.6,284.5,781.5
2023-04-07,20,2023-04-07T19:00,gcl,Grand Coulee,25.8,25.8,0.0,1241.1,955.8,285.3,561.6
2023-04-07,21,2023-04-07T20:00,gcl,Grand Coulee,42.6,42.6,0.0,1241.0,956.3,284.7,925.4
2023-04-07,22,2023-04-07T21:00,gcl,Grand Coulee,47.7,47.7,0.0,1241.0,956.6,284.4,1035.1
2023-04-07,23,2023-04-07T22:00,gcl,Grand Coulee,70.4,70.4,0.0,1241.0,957.5,283.5,1522.8
2023-04-07,24,2023-04-07T23:00,gcl,Grand Coulee,67.2,67.2,0.0,1241.0,957.3,283.7,1454.6
2023-04-08,1,2023-04-08T00:00,gcl,Grand Coulee,52.6,52.6,0.0,1241.0,956.4,284.6,1142.2
2023-04-08,2,2023-04-08T01:00,gcl,Grand Coulee,45.7,45.7,0.0,1241.0,955.8,285.2,994.5
2023-04-08,3,2023-04-08T02:00,gcl,Grand Coulee,43.0,43.0,0.0,1241.0,956.2,284.8,934.4
2023-04-08,4,2023-04-08T03:00,gcl,Grand Coulee,42.9,42.9,0.0,1241.0,956.4,284.6,931.6
2023-04-08,5,2023-04-08T04:00,gcl,Grand Coulee,43.6,43.6,0.0,1241.0,956.3,284.7,947.1
2023-04-08,6,2023-04-08T05:00,gcl,Grand Coulee,41.8,41.8,0.0,1240.9,956.2,284.7,908.0
2023-04-08,7,2023-04-08T06:00,gcl,Grand Coulee,39.1,39.1,0.0,1240.8,956.1,284.7,849.4
2023-04-08,8,2023-04-08T07:00,gcl,Grand Coulee,48.5,48.5,0.0,1240.8,956.7,284.1,1051.3
2023-04-08,9,2023-04-08T08:00,gcl,Grand Coulee,50.6,50.6,0.0,1240.8,956.9,283.9,1096.1
2023-04-08,10,2023-04-08T09:00,gcl,Grand Coulee,50.0,50.0,0.0,1240.9,956.9,284.0,1083.5
2023-04-08,11,2023-04-08T10:00,gcl,Grand Coulee,52.2,52.2,0.0,1240.8,956.9,283.9,1130.7
2023-04-08,12,2023-04-08T11:00,gcl,Grand Coulee,51.4,51.4,0.0,1240.8,957.0,283.8,1113.0
2023-04-08,13,2023-04-08T12:00,gcl,Grand Coulee,51.8,51.8,0.0,1240.7,956.9,283.8,1121.7
2023-04-08,14,2023-04-08T13:00,gcl,Grand Coulee,50.5,50.5,0.0,1240.7,956.8,283.9,1093.9
2023-04-08,15,2023-04-08T14:00,gcl,Grand Coulee,47.3,47.3,0.0,1240.8,956.6,284.2,1025.7
2023-04-08,16,2023-04-08T15:00,gcl,Grand Coulee,41.0,41.0,0.0,1240.8,956.1,284.7,890.6
2023-04-08,17,2023-04-08T16:00,gcl,Grand Coulee,52.8,52.8,0.0,1240.8,956.9,283.9,1143.7
2023-04-08,18,2023-04-08T17:00,gcl,Grand Coulee,51.4,51.4,0.0,1240.8,957.1,283.7,1112.6
2023-04-08,19,2023-04-08T18:00,gcl,Grand Coulee,50.3,50.3,0.0,1240.8,956.7,284.1,1090.3
2023-04-08,20,2023-04-08T19:00,gcl,Grand Coulee,64.8,64.8,0.0,1240.7,957.5,283.2,1400.2
2023-04-08,21,2023-04-08T20:00,gcl,Grand Coulee,67.4,67.4,0.0,1240.6,958.0,282.6,1453.3
2023-04-08,22,2023-04-08T21:00,gcl,Grand Coulee,55.1,55.1,0.0,1240.7,957.2,283.5,1191.9
2023-04-08,23,2023-04-08T22:00,gcl,Grand Coulee,57.7,57.7,0.0,1240.7,957.0,283.7,1249.0
2023-04-08,24,2023-04-08T23:00,gcl,Grand Coulee,46.6,46.6,0.0,1240.7,956.4,284.3,1010.9
2023-04-09,1,2023-04-09T00:00,gcl,Grand Coulee,51.5,51.5,0.0,1239.5,956.0,283.5,1114.0
2023-04-09,2,2023-04-09T01:00,gcl,Grand Coulee,39.2,39.2,0.0,1240.8,955.8,285.0,852.4
2023-04-09,3,2023-04-09T02:00,gcl,Grand Coulee,38.4,38.4,0.0,1240.8,955.9,284.9,834.7
2023-04-09,4,2023-04-09T03:00,gcl,Grand Coulee,36.9,36.9,0.0,1240.8,955.8,285.0,802.4
2023-04-09,5,2023-04-09T04:00,gcl,Grand Coulee,37.6,37.6,0.0,1240.8,955.9,284.9,817.3
2023-04-09,6,2023-04-09T05:00,gcl,Grand Coulee,39.7,39.7,0.0,1240.8,956.1,284.7,862.4
2023-04-09,7,2023-04-09T06:00,gcl,Grand Coulee,48.7,48.7,0.0,1240.8,956.8,284.0,1055.3
2023-04-09,8,2023-04-09T07:00,gcl,Grand Coulee,55.5,55.5,0.0,1240.7,957.3,283.4,1200.1
2023-04-09,9,2023-04-09T08:00,gcl,Grand Coulee,54.7,54.7,0.0,1240.6,957.2,283.4,1182.8
2023-04-09,10,2023-04-09T09:00,gcl,Grand Coulee,58.4,58.4,0.0,1240.6,957.4,283.2,1261.9
2023-04-09,11,2023-04-09T10:00,gcl,Grand Coulee,52.3,52.3,0.0,1240.6,957.1,283.5,1131.3
2023-04-09,12,2023-04-09T11:00,gcl,Grand Coulee,55.2,55.2,0.0,1240.6,957.2,283.4,1193.6
2023-04-09,13,2023-04-09T12:00,gcl,Grand Coulee,58.4,58.4,0.0,1240.6,957.4,283.2,1261.9
2023-04-09,14,2023-04-09T13:00,gcl,Grand Coulee,53.3,53.3,0.0,1240.6,957.3,283.3,1152.1
2023-04-09,15,2023-04-09T14:00,gcl,Grand Coulee,46.7,46.7,0.0,1240.6,956.5,284.1,1012.3
2023-04-09,16,2023-04-09T15:00,gcl,Grand Coulee,45.1,45.1,0.0,1240.5,956.4,284.1,977.6
2023-04-09,17,2023-04-09T16:00,gcl,Grand Coulee,50.0,50.0,0.0,1240.5,956.9,283.6,1081.9
2023-04-09,18,2023-04-09T17:00,gcl,Grand Coulee,53.2,53.2,0.0,1240.5,957.1,283.4,1150.4
2023-04-09,19,2023-04-09T18:00,gcl,Grand Coulee,68.7,68.7,0.0,1240.4,958.1,282.3,1479.8
2023-04-09,20,2023-04-09T19:00,gcl,Grand Coulee,76.6,76.6,0.0,1240.3,958.9,281.4,1644.7
2023-04-09,21,2023-04-09T20:00,gcl,Grand Coulee,79.1,79.1,0.0,1240.3,959.1,281.2,1697.1
2023-04-09,22,2023-04-09T21:00,gcl,Grand Coulee,68.7,68.7,0.0,1240.3,958.3,282.0,1478.2
2023-04-09,23,2023-04-09T22:00,gcl,Grand Coulee,57.0,57.0,0.0,1240.3,957.3,283.0,1230.8
2023-04-09,24,2023-04-09T23:00,gcl,Grand Coulee,50.3,50.3,0.0,1240.3,956.7,283.6,1088.4
2023-04-10,1,2023-04-10T00:00,gcl,Grand Coulee,49.5,49.5,0.0,1240.2,956.7,283.5,1070.7
2023-04-10,2,2023-04-10T01:00,gcl,Grand Coulee,51.7,51.7,0.0,1240.1,956.9,283.2,1117.1
2023-04-10,3,2023-04-10T02:00,gcl,Grand Coulee,40.3,40.3,0.0,1240.1,955.1,285.0,876.3
2023-04-10,4,2023-04-10T03:00,gcl,Grand Coulee,51.7,51.7,0.0,1240.0,956.4,283.6,1118.7
2023-04-10,5,2023-04-10T04:00,gcl,Grand Coulee,74.4,74.4,0.0,1240.0,958.4,281.6,1598.6
2023-04-10,6,2023-04-10T05:00,gcl,Grand Coulee,89.5,89.5,0.0,1240.0,959.6,280.4,1914.8
2023-04-10,7,2023-04-10T06:00,gcl,Grand Coulee,86.9,86.9,0.0,1240.0,959.5,280.5,1859.8
2023-04-10,8,2023-04-10T07:00,gcl,Grand Coulee,93.0,93.0,0.0,1239.9,959.8,280.1,1987.6
2023-04-10,9,2023-04-10T08:00,gcl,Grand Coulee,75.4,75.4,0.0,1239.8,958.3,281.5,1619.5
2023-04-10,10,2023-04-10T09:00,gcl,Grand Coulee,63.5,63.5,0.0,1239.8,957.6,282.2,1367.3
2023-04-10,11,2023-04-10T10:00,gcl,Grand Coulee,61.8,61.8,0.0,1239.7,957.5,282.2,1330.7
2023-04-10,12,2023-04-10T11:00,gcl,Grand Coulee,47.0,47.0,0.0,1239.7,956.7,283.0,1014.9
2023-04-10,13,2023-04-10T12:00,gcl,Grand Coulee,44.4,44.4,0.0,1239.7,956.1,283.6,960.8
2023-04-10,14,2023-04-10T13:00,gcl,Grand Coulee,44.9,44.9,0.0,1239.7,956.1,283.6,971.6
2023-04-10,15,2023-04-10T14:00,gcl,Grand Coulee,45.0,45.0,0.0,1239.7,956.2,283.5,973.4
2023-04-10,16,2023-04-10T15:00,gcl,Grand Coulee,46.2,46.2,0.0,1239.7,956.1,283.6,999.7
2023-04-10,17,2023-04-10T16:00,gcl,Grand Coulee,62.0,62.0,0.0,1239.7,957.0,282.7,1337.3
2023-04-10,18,2023-04-10T17:00,gcl,Grand Coulee,76.1,76.1,0.0,1239.6,958.2,281.4,1633.9
2023-04-10,19,2023-04-10T18:00,gcl,Grand Coulee,118.5,118.5,0.0,1239.5,961.5,278.0,2513.6
2023-04-10,20,2023-04-10T19:00,gcl,Grand Coulee,106.6,106.6,0.0,1239.5,961.7,277.8,2259.5
2023-04-10,21,2023-04-10T20:00,gcl,Grand Coulee,91.5,91.5,0.0,1239.6,960.1,279.5,1951.3
2023-04-10,22,2023-04-10T21:00,gcl,Grand Coulee,76.9,76.9,0.0,1239.6,958.4,281.2,1649.9
2023-04-10,23,2023-04-10T22:00,gcl,Grand Coulee,63.1,63.1,0.0,1239.6,957.4,282.2,1358.7
2023-04-10,24,2023-04-10T23:00,gcl,Grand Coulee,54.5,54.5,0.0,1239.6,956.7,282.9,1176.4
2023-04-11,1,2023-04-11T00:00,gcl,Grand Coulee,51.5,51.5,0.0,1239.5,956.0,283.5,1114.0
2023-04-11,2,2023-04-11T01:00,gcl,Grand Coulee,50.6,50.6,0.0,1239.4,955.9,283.5,1094.5
2023-04-11,3,2023-04-11T02:00,gcl,Grand Coulee,45.3,45.3,0.0,1239.5,955.9,283.6,980.2
2023-04-11,4,2023-04-11T03:00,gcl,Grand Coulee,47.0,47.0,0.0,1239.5,955.8,283.7,1017.4
2023-04-11,5,2023-04-11T04:00,gcl,Grand Coulee,56.3,56.3,0.0,1239.6,956.4,283.2,1216.5
2023-04-11,6,2023-04-11T05:00,gcl,Grand Coulee,62.4,62.4,0.0,1239.6,956.9,282.7,1346.0
2023-04-11,7,2023-04-11T06:00,gcl,Grand Coulee,84.9,84.9,0.0,1239.6,958.7,280.9,1819.6
2023-04-11,8,2023-04-11T07:00,gcl,Grand Coulee,84.2,84.2,0.0,1239.4,959.0,280.4,1801.4
2023-04-11,9,2023-04-11T08:00,gcl,Grand Coulee,60.9,60.9,0.0,1239.5,957.3,282.2,1311.3
2023-04-11,10,2023-04-11T09:00,gcl,Grand Coulee,64.7,64.7,0.0,1239.4,956.8,282.6,1395.1
2023-04-11,11,2023-04-11T10:00,gcl,Grand Coulee,64.1,64.1,0.0,1239.4,956.9,282.5,1381.7
2023-04-11,12,2023-04-11T11:00,gcl,Grand Coulee,59.9,59.9,0.0,1239.5,956.7,282.8,1292.5
2023-04-11,13,2023-04-11T12:00,gcl,Grand Coulee,64.8,64.8,0.0,1239.5,957.0,282.5,1396.7
2023-04-11,14,2023-04-11T13:00,gcl,Grand Coulee,49.9,49.9,0.0,1239.5,956.0,283.5,1079.4
2023-04-11,15,2023-04-11T14:00,gcl,Grand Coulee,56.4,56.4,0.0,1239.5,956.7,282.8,1217.0
2023-04-11,16,2023-04-11T15:00,gcl,Grand Coulee,50.6,50.6,0.0,1239.6,956.7,282.9,1092.2
2023-04-11,17,2023-04-11T16:00,gcl,Grand Coulee,38.3,38.3,0.0,1239.7,956.2,283.5,828.5
2023-04-11,18,2023-04-11T17:00,gcl,Grand Coulee,40.1,40.1,0.0,1239.9,956.2,283.7,868.0
2023-04-11,19,2023-04-11T18:00,gcl,Grand Coulee,76.7,76.7,0.0,1239.8,958.7,281.1,1645.1
2023-04-11,20,2023-04-11T19:00,gcl,Grand Coulee,104.4,104.4,0.0,1239.7,961.4,278.3,2216.9
2023-04-11,21,2023-04-11T20:00,gcl,Grand Coulee,106.9,106.9,0.0,1239.6,961.8,277.8,2265.9
2023-04-11,22,2023-04-11T21:00,gcl,Grand Coulee,92.9,92.9,0.0,1239.6,960.4,279.2,1979.0
2023-04-11,23,2023-04-11T22:00,gcl,Grand Coulee,83.3,83.3,0.0,1239.6,959.5,280.1,1780.3
2023-04-11,24,2023-04-11T23:00,gcl,Grand Coulee,62.9,62.9,0.0,1239.8,958.1,281.7,1352.0
2023-04-12,1,2023-04-12T00:00,gcl,Grand Coulee,49.7,49.7,0.0,1239.9,957.0,282.9,1072.8
2023-04-12,2,2023-04-12T01:00,gcl,Grand Coulee,45.8,45.8,0.0,1239.7,956.7,283.0,989.0
2023-04-12,3,2023-04-12T02:00,gcl,Grand Coulee,46.4,46.4,0.0,1239.7,956.8,282.9,1001.6
2023-04-12,4,2023-04-12T03:00,gcl,Grand Coulee,46.8,46.8,0.0,1239.7,956.6,283.1,1010.9
2023-04-12,5,2023-04-12T04:00,gcl,Grand Coulee,63.0,63.0,0.0,1239.6,957.4,282.2,1356.5
2023-04-12,6,2023-04-12T05:00,gcl,Grand Coulee,82.3,82.3,0.0,1239.6,958.9,280.7,1762.7
2023-04-12,7,2023-04-12T06:00,gcl,Grand Coulee,107.2,107.2,0.0,1239.7,960.9,278.8,2280.4
2023-04-12,8,2023-04-12T07:00,gcl,Grand Coulee,107.7,107.7,0.0,1239.7,961.4,278.3,2286.9
2023-04-12,9,2023-04-12T08:00,gcl,Grand Coulee,90.1,90.1,0.0,1239.6,960.1,279.5,1921.5
2023-04-12,10,2023-04-12T09:00,gcl,Grand Coulee,89.3,89.3,0.0,1239.6,959.7,279.9,1907.1
2023-04-12,11,2023-04-12T10:00,gcl,Grand Coulee,56.4,56.4,0.0,1239.6,957.5,282.1,1214.0
2023-04-12,12,2023-04-12T11:00,gcl,Grand Coulee,51.6,51.6,0.0,1239.6,957.2,282.4,1111.8
2023-04-12,13,2023-04-12T12:00,gcl,Grand Coulee,40.0,40.0,0.0,1239.6,956.6,283.0,863.7
2023-04-12,14,2023-04-12T13:00,gcl,Grand Coulee,40.1,40.1,0.0,1239.6,956.8,282.8,865.3
2023-04-12,15,2023-04-12T14:00,gcl,Grand Coulee,34.1,34.1,0.0,1239.7,956.3,283.4,737.4
2023-04-12,16,2023-04-12T15:00,gcl,Grand Coulee,32.9,32.9,0.0,1239.8,955.9,283.9,712.7
2023-04-12,17,2023-04-12T16:00,gcl,Grand Coulee,41.6,41.6,0.0,1239.8,956.4,283.4,899.5
2023-04-12,18,2023-04-12T17:00,gcl,Grand Coulee,47.6,47.6,0.0,1239.9,956.8,283.1,1028.2
2023-04-12,19,2023-04-12T18:00,gcl,Grand Coulee,52.2,52.2,0.0,1239.9,957.1,282.8,1126.4
2023-04-12,20,2023-04-12T19:00,gcl,Grand Coulee,61.2,61.2,0.0,1239.9,957.6,282.3,1318.2
2023-04-12,21,2023-04-12T20:00,gcl,Grand Coulee,62.4,62.4,0.0,1239.9,957.9,282.0,1342.6
2023-04-12,22,2023-04-12T21:00,gcl,Grand Coulee,62.1,62.1,0.0,1240.0,957.9,282.1,1336.7
2023-04-12,23,2023-04-12T22:00,gcl,Grand Coulee,54.9,54.9,0.0,1240.0,957.7,282.3,1182.5
2023-04-12,24,2023-04-12T23:00,gcl,Grand Coulee,42.3,42.3,0.0,1240.09,956.7,283.39,914.6
2023-04-13,1,2023-04-13T00:00,gcl,Grand Coulee,39.3,39.3,0.0,1240.15,956.7,283.45,850.0
2023-04-13,2,2023-04-13T01:00,gcl,Grand Coulee,40.9,40.9,0.0,1240.15,957.3,282.85,882.7
2023-04-13,3,2023-04-13T02:00,gcl,Grand Coulee,38.8,38.8,0.0,1240.2,956.9,283.3,838.7
2023-04-13,4,2023-04-13T03:00,gcl,Grand Coulee,36.1,36.1,0.0,1240.3,956.6,283.7,781.4
2023-04-13,5,2023-04-13T04:00,gcl,Grand Coulee,41.0,41.0,0.0,1240.2,957.2,283.0,885.3
2023-04-13,6,2023-04-13T05:00,gcl,Grand Coulee,54.9,54.9,0.0,1240.2,958.0,282.2,1182.1
2023-04-13,7,2023-04-13T06:00,gcl,Grand Coulee,77.9,77.9,0.0,1240.2,959.4,280.8,1669.0
2023-04-13,8,2023-04-13T07:00,gcl,Grand Coulee,82.6,82.6,0.0,1240.1,959.9,280.2,1765.9
2023-04-13,9,2023-04-13T08:00,gcl,Grand Coulee,64.0,64.0,0.0,1240.2,958.6,281.6,1375.1
2023-04-13,10,2023-04-13T09:00,gcl,Grand Coulee,46.8,46.8,0.0,1240.3,956.7,283.6,1012.7
2023-04-13,11,2023-04-13T10:00,gcl,Grand Coulee,44.6,44.6,0.0,1240.3,956.5,283.8,965.8
2023-04-13,12,2023-04-13T11:00,gcl,Grand Coulee,35.1,35.1,0.0,1240.3,956.3,284.0,760.6
2023-04-13,13,2023-04-13T12:00,gcl,Grand Coulee,41.1,41.1,0.0,1240.3,956.9,283.4,888.7
2023-04-13,14,2023-04-13T13:00,gcl,Grand Coulee,48.8,48.8,0.0,1240.2,957.0,283.2,1054.5
2023-04-13,15,2023-04-13T14:00,gcl,Grand Coulee,51.6,51.6,0.0,1240.2,957.3,282.9,1113.8
2023-04-13,16,2023-04-13T15:00,gcl,Grand Coulee,51.2,51.2,0.0,1240.3,957.3,283.0,1105.6
2023-04-13,17,2023-04-13T16:00,gcl,Grand Coulee,40.1,40.1,0.0,1240.3,956.5,283.8,868.3
2023-04-13,18,2023-04-13T17:00,gcl,Grand Coulee,64.4,64.4,0.0,1240.5,958.1,282.4,1387.6
2023-04-13,19,2023-04-13T18:00,gcl,Grand Coulee,70.3,70.3,0.0,1240.5,959.1,281.4,1509.4
2023-04-13,20,2023-04-13T19:00,gcl,Grand Coulee,78.4,78.4,0.0,1240.4,959.6,280.8,1679.7
2023-04-13,21,2023-04-13T20:00,gcl,Grand Coulee,79.2,79.2,0.0,1240.3,959.5,280.8,1696.9
2023-04-13,22,2023-04-13T21:00,gcl,Grand Coulee,65.2,65.2,0.0,1240.4,958.9,281.5,1400.4
2023-04-13,23,2023-04-13T22:00,gcl,Grand Coulee,71.7,71.7,0.0,1240.4,959.0,281.4,1539.5
2023-04-13,24,2023-04-13T23:00,gcl,Grand Coulee,58.5,58.5,0.0,1240.6,958.3,282.3,1260.1
2023-04-14,1,2023-04-14T00:00,gcl,Grand Coulee,45.2,45.2,0.0,1240.7,957.3,283.4,977.4
2023-04-14,2,2023-04-14T01:00,gcl,Grand Coulee,37.5,37.5,0.0,1240.7,956.7,284.0,812.6
2023-04-14,3,2023-04-14T02:00,gcl,Grand Coulee,36.9,36.9,0.0,1240.7,956.9,283.8,799.0
2023-04-14,4,2023-04-14T03:00,gcl,Grand Coulee,37.7,37.7,0.0,1240.6,957.0,283.6,815.8
2023-04-14,5,2023-04-14T04:00,gcl,Grand Coulee,52.3,52.3,0.0,1240.5,957.8,282.7,1128.1
2023-04-14,6,2023-04-14T05:00,gcl,Grand Coulee,98.2,98.2,0.0,1240.1,960.8,279.3,2092.7
2023-04-14,7,2023-04-14T06:00,gcl,Grand Coulee,99.1,99.1,0.0,1240.4,961.8,278.6,2106.6
2023-04-14,8,2023-04-14T07:00,gcl,Grand Coulee,76.0,76.0,0.0,1240.6,960.2,280.4,1626.0
2023-04-14,9,2023-04-14T08:00,gcl,Grand Coulee,67.4,67.4,0.0,1240.6,959.1,281.5,1447.6
2023-04-14,10,2023-04-14T09:00,gcl,Grand Coulee,61.1,61.1,0.0,1240.6,958.8,281.8,1313.7
2023-04-14,11,2023-04-14T10:00,gcl,Grand Coulee,40.5,40.5,0.0,1240.6,957.5,283.1,874.8
2023-04-14,12,2023-04-14T11:00,gcl,Grand Coulee,31.4,31.4,0.0,1240.5,956.4,284.1,680.7
2023-04-14,13,2023-04-14T12:00,gcl,Grand Coulee,28.8,28.8,0.0,1240.4,956.7,283.7,623.4
2023-04-14,14,2023-04-14T13:00,gcl,Grand Coulee,33.7,33.7,0.0,1240.5,956.8,283.7,729.5
2023-04-14,15,2023-04-14T14:00,gcl,Grand Coulee,34.4,34.4,0.0,1240.7,955.9,284.8,747.5
2023-04-14,16,2023-04-14T15:00,gcl,Grand Coulee,34.3,34.3,0.0,1240.8,955.4,285.4,746.9
2023-04-14,17,2023-04-14T16:00,gcl,Grand Coulee,39.1,39.1,0.0,1240.9,955.7,285.2,850.8
2023-04-14,18,2023-04-14T17:00,gcl,Grand Coulee,41.8,41.8,0.0,1241.0,955.8,285.2,909.6
2023-04-14,19,2023-04-14T18:00,gcl,Grand Coulee,60.6,60.6,0.0,1240.9,956.5,284.4,1315.0
2023-04-14,20,2023-04-14T19:00,gcl,Grand Coulee,63.2,63.2,0.0,1240.8,957.3,283.5,1367.1
2023-04-14,21,2023-04-14T20:00,gcl,Grand Coulee,50.7,50.7,0.0,1240.9,956.4,284.5,1100.6
2023-04-14,22,2023-04-14T21:00,gcl,Grand Coulee,45.1,45.1,0.0,1241.0,955.5,285.5,982.4
2023-04-14,23,2023-04-14T22:00,gcl,Grand Coulee,43.4,43.4,0.0,1241.1,955.7,285.4,945.1
2023-04-14,24,2023-04-14T23:00,gcl,Grand Coulee,46.1,46.1,0.0,1241.2,956.3,284.9,1002.1
2023-04-15,1,2023-04-15T00:00,gcl,Grand Coulee,42.8,42.8,0.0,1241.3,955.8,285.5,932.3
2023-04-15,2,2023-04-15T01:00,gcl,Grand Coulee,41.6,41.6,0.0,1241.2,955.7,285.5,906.2
2023-04-15,3,2023-04-15T02:00,gcl,Grand Coulee,46.3,46.3,0.0,1241.1,956.2,284.9,1006.5
2023-04-15,4,2023-04-15T03:00,gcl,Grand Coulee,46.8,46.8,0.0,1241.2,956.4,284.8,1017.0
2023-04-15,5,2023-04-15T04:00,gcl,Grand Coulee,45.5,45.5,0.0,1241.2,956.2,285.0,989.4
2023-04-15,6,2023-04-15T05:00,gcl,Grand Coulee,46.8,46.8,0.0,1241.3,956.3,285.0,1017.7
2023-04-15,7,2023-04-15T06:00,gcl,Grand Coulee,48.8,48.8,0.0,1241.3,956.6,284.7,1060.1
2023-04-15,8,2023-04-15T07:00,gcl,Grand Coulee,44.7,44.7,0.0,1241.3,955.9,285.4,973.4
2023-04-15,9,2023-04-15T08:00,gcl,Grand Coulee,35.7,35.7,0.0,1241.3,955.5,285.8,778.5
2023-04-15,10,2023-04-15T09:00,gcl,Grand Coulee,45.8,45.8,0.0,1241.2,956.1,285.1,996.3
2023-04-15,11,2023-04-15T10:00,gcl,Grand Coulee,45.1,45.1,0.0,1241.2,956.2,285.0,980.7
2023-04-15,12,2023-04-15T11:00,gcl,Grand Coulee,37.1,37.1,0.0,1241.3,955.5,285.8,809.0
2023-04-15,13,2023-04-15T12:00,gcl,Grand Coulee,36.2,36.2,0.0,1241.3,955.2,286.1,790.2
2023-04-15,14,2023-04-15T13:00,gcl,Grand Coulee,52.4,52.4,0.0,1241.3,956.6,284.7,1138.3
2023-04-15,15,2023-04-15T14:00,gcl,Grand Coulee,52.9,52.9,0.0,1241.4,956.8,284.6,1148.7
2023-04-15,16,2023-04-15T15:00,gcl,Grand Coulee,48.8,48.8,0.0,1241.4,956.2,285.2,1061.9
2023-04-15,17,2023-04-15T16:00,gcl,Grand Coulee,50.8,50.8,0.0,1241.4,956.3,285.1,1105.1
2023-04-15,18,2023-04-15T17:00,gcl,Grand Coulee,51.1,51.1,0.0,1241.4,956.6,284.8,1110.4
2023-04-15,19,2023-04-15T18:00,gcl,Grand Coulee,51.8,51.8,0.0,1241.5,956.6,284.9,1126.0
2023-04-15,20,2023-04-15T19:00,gcl,Grand Coulee,56.3,56.3,0.0,1241.5,956.7,284.8,1223.4
2023-04-15,21,2023-04-15T20:00,gcl,Grand Coulee,59.6,59.6,0.0,1241.5,957.2,284.3,1292.8
2023-04-15,22,2023-04-15T21:00,gcl,Grand Coulee,56.0,56.0,0.0,1241.5,957.0,284.5,1215.6
2023-04-15,23,2023-04-15T22:00,gcl,Grand Coulee,47.9,47.9,0.0,1241.6,956.2,285.4,1043.1
2023-04-15,24,2023-04-15T23:00,gcl,Grand Coulee,48.7,48.7,0.0,1241.6,956.0,285.6,1061.2
2023-04-16,1,2023-04-16T00:00,gcl,Grand Coulee,48.5,48.5,0.0,1241.7,955.5,286.2,1059.1
2023-04-16,2,2023-04-16T01:00,gcl,Grand Coulee,47.2,47.2,0.0,1241.7,955.7,286.0,1030.0
2023-04-16,3,2023-04-16T02:00,gcl,Grand Coulee,43.8,43.8,0.0,1241.7,955.7,286.0,955.8
2023-04-16,4,2023-04-16T03:00,gcl,Grand Coulee,45.6,45.6,0.0,1241.7,955.7,286.0,995.1
2023-04-16,5,2023-04-16T04:00,gcl,Grand Coulee,44.7,44.7,0.0,1241.7,955.9,285.8,974.8
2023-04-16,6,2023-04-16T05:00,gcl,Grand Coulee,43.8,43.8,0.0,1241.7,955.9,285.8,955.1
2023-04-16,7,2023-04-16T06:00,gcl,Grand Coulee,43.0,43.0,0.0,1241.7,955.8,285.9,938.0
2023-04-16,8,2023-04-16T07:00,gcl,Grand Coulee,37.5,37.5,0.0,1241.8,955.5,286.3,819.2
2023-04-16,9,2023-04-16T08:00,gcl,Grand Coulee,38.6,38.6,0.0,1241.8,955.2,286.6,844.1
2023-04-16,10,2023-04-16T09:00,gcl,Grand Coulee,47.1,47.1,0.0,1241.7,955.8,285.9,1027.4
2023-04-16,11,2023-04-16T10:00,gcl,Grand Coulee,49.5,49.5,0.0,1241.7,956.0,285.7,1079.0
2023-04-16,12,2023-04-16T11:00,gcl,Grand Coulee,52.6,52.6,0.0,1241.7,956.2,285.5,1145.8
2023-04-16,13,2023-04-16T12:00,gcl,Grand Coulee,47.7,47.7,0.0,1241.7,955.7,286.0,1040.9
2023-04-16,14,2023-04-16T13:00,gcl,Grand Coulee,43.2,43.2,0.0,1241.7,955.5,286.2,943.4
2023-04-16,15,2023-04-16T14:00,gcl,Grand Coulee,40.3,40.3,0.0,1241.7,955.4,286.3,880.3
2023-04-16,16,2023-04-16T15:00,gcl,Grand Coulee,41.7,41.7,0.0,1241.8,955.6,286.2,910.6
2023-04-16,17,2023-04-16T16:00,gcl,Grand Coulee,37.6,37.6,0.0,1241.9,955.4,286.5,821.9
2023-04-16,18,2023-04-16T17:00,gcl,Grand Coulee,32.5,32.5,0.0,1241.9,955.1,286.8,711.2
2023-04-16,19,2023-04-16T18:00,gcl,Grand Coulee,40.5,40.5,0.0,1241.9,955.9,286.0,883.8
2023-04-16,20,2023-04-16T19:00,gcl,Grand Coulee,45.1,45.1,0.0,1241.9,956.3,285.6,982.8
2023-04-16,21,2023-04-16T20:00,gcl,Grand Coulee,57.5,57.5,0.0,1242.0,956.8,285.2,1251.2
2023-04-16,22,2023-04-16T21:00,gcl,Grand Coulee,50.2,50.2,0.0,1242.0,956.3,285.7,1094.3
2023-04-16,23,2023-04-16T22:00,gcl,Grand Coulee,42.2,42.2,0.0,1242.2,955.7,286.5,922.5
2023-04-16,24,2023-04-16T23:00,gcl,Grand Coulee,40.7,40.7,0.0,1242.2,955.0,287.2,891.9
2023-04-17,1,2023-04-17T00:00,gcl,Grand Coulee,47.1,47.1,0.0,1242.2,955.7,286.5,1029.6
2023-04-17,2,2023-04-17T01:00,gcl,Grand Coulee,46.6,46.6,0.0,1242.3,956.0,286.3,1018.0
2023-04-17,3,2023-04-17T02:00,gcl,Grand Coulee,48.0,48.0,0.0,1242.2,955.8,286.4,1048.9
2023-04-17,4,2023-04-17T03:00,gcl,Grand Coulee,54.2,54.2,0.0,1242.1,956.2,285.9,1182.3
2023-04-17,5,2023-04-17T04:00,gcl,Grand Coulee,71.2,71.2,0.0,1242.1,957.8,284.3,1544.5
2023-04-17,6,2023-04-17T05:00,gcl,Grand Coulee,82.1,82.1,0.0,1242.0,958.8,283.2,1774.0
2023-04-17,7,2023-04-17T06:00,gcl,Grand Coulee,92.0,92.0,0.0,1242.0,959.8,282.2,1980.9
2023-04-17,8,2023-04-17T07:00,gcl,Grand Coulee,94.3,94.3,0.0,1242.0,960.3,281.7,2026.9
2023-04-17,9,2023-04-17T08:00,gcl,Grand Coulee,96.2,96.2,0.0,1242.0,962.4,279.6,2052.3
2023-04-17,10,2023-04-17T09:00,gcl,Grand Coulee,89.3,89.3,0.0,1241.9,959.6,282.3,1923.5
2023-04-17,11,2023-04-17T10:00,gcl,Grand Coulee,75.7,75.7,0.0,1241.9,958.4,283.5,1637.5
2023-04-17,12,2023-04-17T11:00,gcl,Grand Coulee,67.4,67.4,0.0,1241.9,957.8,284.1,1461.0
2023-04-17,13,2023-04-17T12:00,gcl,Grand Coulee,53.3,53.3,0.0,1241.9,957.1,284.8,1158.2
2023-04-17,14,2023-04-17T13:00,gcl,Grand Coulee,61.3,61.3,0.0,1241.9,957.6,284.3,1329.7
2023-04-17,15,2023-04-17T14:00,gcl,Grand Coulee,65.3,65.3,0.0,1241.9,958.3,283.6,1413.0
2023-04-17,16,2023-04-17T15:00,gcl,Grand Coulee,63.8,63.8,0.0,1242.0,958.1,283.9,1382.0
2023-04-17,17,2023-04-17T16:00,gcl,Grand Coulee,57.3,57.3,0.0,1242.0,957.5,284.5,1243.8
2023-04-17,18,2023-04-17T17:00,gcl,Grand Coulee,58.2,58.2,0.0,1242.0,957.5,284.5,1263.4
2023-04-17,19,2023-04-17T18:00,gcl,Grand Coulee,72.3,72.3,0.0,1241.9,958.8,283.1,1561.7
2023-04-17,20,2023-04-17T19:00,gcl,Grand Coulee,79.4,79.4,0.0,1241.9,959.3,282.6,1712.1
2023-04-17,21,2023-04-17T20:00,gcl,Grand Coulee,90.1,90.1,0.0,1241.9,960.0,281.9,1938.0
2023-04-17,22,2023-04-17T21:00,gcl,Grand Coulee,72.7,72.7,0.0,1242.0,958.9,283.1,1570.4
2023-04-17,23,2023-04-17T22:00,gcl,Grand Coulee,65.4,65.4,0.0,1242.0,958.6,283.4,1414.2
2023-04-17,24,2023-04-17T23:00,gcl,Grand Coulee,49.4,49.4,0.0,1242.0,957.2,284.8,1073.5
2023-04-18,1,2023-04-18T00:00,gcl,Grand Coulee,52.2,52.2,0.0,1242.1,957.3,284.8,1134.3
2023-04-18,2,2023-04-18T01:00,gcl,Grand Coulee,55.7,55.7,0.0,1242.0,957.7,284.3,1208.2
2023-04-18,3,2023-04-18T02:00,gcl,Grand Coulee,50.5,50.5,0.0,1242.0,957.5,284.5,1096.2
2023-04-18,4,2023-04-18T03:00,gcl,Grand Coulee,45.4,45.4,0.0,1242.0,956.6,285.4,988.6
2023-04-18,5,2023-04-18T04:00,gcl,Grand Coulee,68.5,68.5,0.0,1241.9,958.8,283.1,1479.6
2023-04-18,6,2023-04-18T05:00,gcl,Grand Coulee,89.5,89.5,0.0,1241.9,960.3,281.6,1923.0
2023-04-18,7,2023-04-18T06:00,gcl,Grand Coulee,97.3,97.3,0.0,1241.9,961.1,280.8,2084.7
2023-04-18,8,2023-04-18T07:00,gcl,Grand Coulee,103.5,103.5,0.0,1241.8,961.8,280.0,2211.2
2023-04-18,9,2023-04-18T08:00,gcl,Grand Coulee,84.8,84.8,0.0,1241.8,960.5,281.3,1820.1
2023-04-18,10,2023-04-18T09:00,gcl,Grand Coulee,55.3,55.3,0.0,1241.9,958.3,283.6,1196.6
2023-04-18,11,2023-04-18T10:00,gcl,Grand Coulee,40.0,40.0,0.0,1241.9,957.0,284.9,869.5
2023-04-18,12,2023-04-18T11:00,gcl,Grand Coulee,35.2,35.2,0.0,1241.9,957.3,284.6,764.4
2023-04-18,13,2023-04-18T12:00,gcl,Grand Coulee,31.6,31.6,0.0,1241.9,957.3,284.6,686.2
2023-04-18,14,2023-04-18T13:00,gcl,Grand Coulee,30.2,30.2,0.0,1241.9,956.9,285.0,656.7
2023-04-18,15,2023-04-18T14:00,gcl,Grand Coulee,31.4,31.4,0.0,1241.9,956.9,285.0,682.8
2023-04-18,16,2023-04-18T15:00,gcl,Grand Coulee,32.8,32.8,0.0,1242.0,957.2,284.8,712.8
2023-04-18,17,2023-04-18T16:00,gcl,Grand Coulee,32.4,32.4,0.0,1242.1,956.8,285.3,705.3
2023-04-18,18,2023-04-18T17:00,gcl,Grand Coulee,62.6,62.6,0.0,1242.1,958.5,283.6,1354.6
2023-04-18,19,2023-04-18T18:00,gcl,Grand Coulee,64.6,64.6,0.0,1242.1,958.9,283.2,1395.9
2023-04-18,20,2023-04-18T19:00,gcl,Grand Coulee,77.8,77.8,0.0,1242.1,959.8,282.3,1675.8
2023-04-18,21,2023-04-18T20:00,gcl,Grand Coulee,103.3,103.3,0.0,1241.9,961.4,280.5,2210.8
2023-04-18,22,2023-04-18T21:00,gcl,Grand Coulee,80.1,80.1,0.0,1242.0,960.4,281.6,1721.0
2023-04-18,23,2023-04-18T22:00,gcl,Grand Coulee,81.0,81.0,0.0,1242.0,959.8,282.2,1744.1
2023-04-18,24,2023-04-18T23:00,gcl,Grand Coulee,53.6,53.6,0.0,1242.1,958.0,284.1,1161.9
2023-04-19,1,2023-04-19T00:00,gcl,Grand Coulee,48.8,48.8,0.0,1242.3,957.7,284.6,1059.7
2023-04-19,2,2023-04-19T01:00,gcl,Grand Coulee,45.7,45.7,0.0,1242.2,957.3,284.9,993.4
2023-04-19,3,2023-04-19T02:00,gcl,Grand Coulee,46.4,46.4,0.0,1242.2,957.3,284.9,1008.6
2023-04-19,4,2023-04-19T03:00,gcl,Grand Coulee,44.8,44.8,0.0,1242.1,957.0,285.1,974.5
2023-04-19,5,2023-04-19T04:00,gcl,Grand Coulee,47.8,47.8,0.0,1242.1,957.0,285.1,1039.8
2023-04-19,6,2023-04-19T05:00,gcl,Grand Coulee,64.6,64.6,0.0,1242.1,958.1,284.0,1399.8
2023-04-19,7,2023-04-19T06:00,gcl,Grand Coulee,91.6,91.6,0.0,1242.0,960.1,281.9,1970.2
2023-04-19,8,2023-04-19T07:00,gcl,Grand Coulee,95.7,95.7,0.0,1242.1,960.7,281.4,2054.8
2023-04-19,9,2023-04-19T08:00,gcl,Grand Coulee,92.5,92.5,0.0,1242.0,960.3,281.7,1988.2
2023-04-19,10,2023-04-19T09:00,gcl,Grand Coulee,76.0,76.0,0.0,1242.0,959.1,282.9,1640.5
2023-04-19,11,2023-04-19T10:00,gcl,Grand Coulee,65.5,65.5,0.0,1242.0,957.9,284.1,1419.8
2023-04-19,12,2023-04-19T11:00,gcl,Grand Coulee,59.6,59.6,0.0,1242.0,957.4,284.6,1294.2
2023-04-19,13,2023-04-19T12:00,gcl,Grand Coulee,56.4,56.4,0.0,1242.9,957.2,285.7,1229.5
2023-04-19,14,2023-04-19T13:00,gcl,Grand Coulee,54.0,54.0,0.0,1241.9,956.9,285.0,1174.3
2023-04-19,15,2023-04-19T14:00,gcl,Grand Coulee,39.7,39.7,0.0,1241.9,955.6,286.3,867.2
2023-04-19,16,2023-04-19T15:00,gcl,Grand Coulee,40.4,40.4,0.0,1242.0,955.4,286.6,883.5
2023-04-19,17,2023-04-19T16:00,gcl,Grand Coulee,34.4,34.4,0.0,1242.0,955.3,286.7,752.5
2023-04-19,18,2023-04-19T17:00,gcl,Grand Coulee,37.2,37.2,0.0,1242.1,955.9,286.2,812.3
2023-04-19,19,2023-04-19T18:00,gcl,Grand Coulee,31.1,31.1,0.0,1242.1,955.1,287.0,681.0
2023-04-19,20,2023-04-19T19:00,gcl,Grand Coulee,44.2,44.2,0.0,1242.1,956.2,285.9,964.2
2023-04-19,21,2023-04-19T20:00,gcl,Grand Coulee,42.1,42.1,0.0,1242.1,956.2,285.9,918.4
2023-04-19,22,2023-04-19T21:00,gcl,Grand Coulee,41.1,41.1,0.0,1242.2,956.0,286.2,897.5
2023-04-19,23,2023-04-19T22:00,gcl,Grand Coulee,44.4,44.4,0.0,1242.2,955.8,286.4,970.2
2023-04-19,24,2023-04-19T23:00,gcl,Grand Coulee,35.7,35.7,0.0,1242.3,955.8,286.5,780.4
2023-04-20,1,2023-04-20T00:00,gcl,Grand Coulee,38.7,38.7,0.0,1242.4,956.0,286.4,845.7
2023-04-20,2,2023-04-20T01:00,gcl,Grand Coulee,38.1,38.1,0.0,1242.4,956.0,286.4,832.6
2023-04-20,3,2023-04-20T02:00,gcl,Grand Coulee,37.8,37.8,0.0,1242.4,956.1,286.3,825.7
2023-04-20,4,2023-04-20T03:00,gcl,Grand Coulee,40.8,40.8,0.0,1242.4,956.3,286.1,890.6
2023-04-20,5,2023-04-20T04:00,gcl,Grand Coulee,50.3,50.3,0.0,1242.4,956.9,285.5,1095.7
2023-04-20,6,2023-04-20T05:00,gcl,Grand Coulee,71.8,71.8,0.0,1242.3,958.6,283.7,1554.2
2023-04-20,7,2023-04-20T06:00,gcl,Grand Coulee,95.6,95.6,0.0,1242.2,960.5,281.7,2054.8
2023-04-20,8,2023-04-20T07:00,gcl,Grand Coulee,86.2,86.2,0.0,1242.3,960.3,282.0,1854.7
2023-04-20,9,2023-04-20T08:00,gcl,Grand Coulee,82.4,82.4,0.0,1242.5,959.7,282.8,1778.0
2023-04-20,10,2023-04-20T09:00,gcl,Grand Coulee,66.8,66.8,0.0,1242.3,958.6,283.7,1446.0
2023-04-20,11,2023-04-20T10:00,gcl,Grand Coulee,60.3,60.3,0.0,1242.3,958.2,284.1,1307.1
2023-04-20,12,2023-04-20T11:00,gcl,Grand Coulee,57.4,57.4,0.0,1242.2,957.7,284.5,1246.0
2023-04-20,13,2023-04-20T12:00,gcl,Grand Coulee,51.6,51.6,0.0,1242.1,957.2,284.9,1121.7
2023-04-20,14,2023-04-20T13:00,gcl,Grand Coulee,57.7,57.7,0.0,1242.1,957.3,284.8,1253.8
2023-04-20,15,2023-04-20T14:00,gcl,Grand Coulee,53.9,53.9,0.0,1242.2,956.9,285.3,1173.3
2023-04-20,16,2023-04-20T15:00,gcl,Grand Coulee,67.9,67.9,0.0,1242.2,957.5,284.7,1475.0
2023-04-20,17,2023-04-20T16:00,gcl,Grand Coulee,63.2,63.2,0.0,1242.3,957.3,285.0,1374.3
2023-04-20,18,2023-04-20T17:00,gcl,Grand Coulee,54.2,54.2,0.0,1242.4,956.8,285.6,1181.1
2023-04-20,19,2023-04-20T18:00,gcl,Grand Coulee,67.1,67.1,0.0,1242.3,957.5,284.8,1458.1
2023-04-20,20,2023-04-20T19:00,gcl,Grand Coulee,69.4,69.4,0.0,1242.2,958.0,284.2,1504.9
2023-04-20,21,2023-04-20T20:00,gcl,Grand Coulee,72.4,72.4,0.0,1242.1,958.3,283.8,1567.7
2023-04-20,22,2023-04-20T21:00,gcl,Grand Coulee,70.2,70.2,0.0,1242.1,958.4,283.7,1519.6
2023-04-20,23,2023-04-20T22:00,gcl,Grand Coulee,70.9,70.9,0.0,1242.1,958.6,283.5,1533.6
2023-04-20,24,2023-04-20T23:00,gcl,Grand Coulee,71.3,71.3,0.0,1242.2,959.0,283.2,1540.7
2023-04-21,1,2023-04-21T00:00,gcl,Grand Coulee,58.8,58.8,0.0,1242.3,958.7,283.6,1272.4
2023-04-21,2,2023-04-21T01:00,gcl,Grand Coulee,39.9,39.9,0.0,1242.5,957.2,285.3,868.6
2023-04-21,3,2023-04-21T02:00,gcl,Grand Coulee,29.1,29.1,0.0,1242.5,956.4,286.1,635.2
2023-04-21,4,2023-04-21T03:00,gcl,Grand Coulee,31.1,31.1,0.0,1242.4,956.9,285.5,677.5
2023-04-21,5,2023-04-21T04:00,gcl,Grand Coulee,41.5,41.5,0.0,1242.4,957.4,285.0,902.4
2023-04-21,6,2023-04-21T05:00,gcl,Grand Coulee,53.8,53.8,0.0,1242.3,957.8,284.5,1167.9
2023-04-21,7,2023-04-21T06:00,gcl,Grand Coulee,78.5,78.5,0.0,1242.2,959.3,282.9,1694.4
2023-04-21,8,2023-04-21T07:00,gcl,Grand Coulee,69.5,69.5,0.0,1242.3,959.2,283.1,1501.2
2023-04-21,9,2023-04-21T08:00,gcl,Grand Coulee,74.1,74.1,0.0,1242.3,959.5,282.8,1598.9
2023-04-21,10,2023-04-21T09:00,gcl,Grand Coulee,67.6,67.6,0.0,1242.4,959.0,283.4,1461.7
2023-04-21,11,2023-04-21T10:00,gcl,Grand Coulee,46.1,46.1,0.0,1242.4,957.6,284.8,1001.8
2023-04-21,12,2023-04-21T11:00,gcl,Grand Coulee,42.6,42.6,0.0,1242.4,956.4,286.0,929.6
2023-04-21,13,2023-04-21T12:00,gcl,Grand Coulee,38.9,38.9,0.0,1242.3,956.6,285.7,848.0
2023-04-21,14,2023-04-21T13:00,gcl,Grand Coulee,40.9,40.9,0.0,1242.3,956.7,285.6,891.3
2023-04-21,15,2023-04-21T14:00,gcl,Grand Coulee,42.3,42.3,0.0,1242.3,956.7,285.6,921.8
2023-04-21,16,2023-04-21T15:00,gcl,Grand Coulee,38.5,38.5,0.0,1242.4,956.5,285.9,839.8
2023-04-21,17,2023-04-21T16:00,gcl,Grand Coulee,40.4,40.4,0.0,1242.5,956.4,286.1,881.9
2023-04-21,18,2023-04-21T17:00,gcl,Grand Coulee,49.3,49.3,0.0,1242.5,957.0,285.5,1073.9
2023-04-21,19,2023-04-21T18:00,gcl,Grand Coulee,56.2,56.2,0.0,1242.5,957.5,285.0,1222.1
2023-04-21,20,2023-04-21T19:00,gcl,Grand Coulee,68.7,68.7,0.0,1242.4,958.3,284.1,1489.2
2023-04-21,21,2023-04-21T20:00,gcl,Grand Coulee,64.2,64.2,0.0,1242.3,958.0,284.3,1392.6
2023-04-21,22,2023-04-21T21:00,gcl,Grand Coulee,52.2,52.2,0.0,1242.4,957.2,285.2,1135.9
2023-04-21,23,2023-04-21T22:00,gcl,Grand Coulee,48.4,48.4,0.0,1242.5,956.8,285.7,1055.1
2023-04-21,24,2023-04-21T23:00,gcl,Grand Coulee,44.1,44.1,0.0,1242.6,956.3,286.3,963.4
2023-04-22,1,2023-04-22T00:00,gcl,Grand Coulee,40.6,40.6,0.0,1242.6,956.4,286.2,886.6
2023-04-22,2,2023-04-22T01:00,gcl,Grand Coulee,39.6,39.6,0.0,1242.6,956.2,286.4,865.4
2023-04-22,3,2023-04-22T02:00,gcl,Grand Coulee,38.4,38.4,0.0,1242.6,956.1,286.5,839.4
2023-04-22,4,2023-04-22T03:00,gcl,Grand Coulee,38.7,38.7,0.0,1242.6,956.0,286.6,846.3
2023-04-22,5,2023-04-22T04:00,gcl,Grand Coulee,38.0,38.0,0.0,1242.6,956.0,286.6,831.0
2023-04-22,6,2023-04-22T05:00,gcl,Grand Coulee,41.9,41.9,0.0,1242.7,956.4,286.3,915.3
2023-04-22,7,2023-04-22T06:00,gcl,Grand Coulee,45.3,45.3,0.0,1242.7,956.6,286.1,988.9
2023-04-22,8,2023-04-22T07:00,gcl,Grand Coulee,48.6,48.6,0.0,1242.7,956.8,285.9,1060.2
2023-04-22,9,2023-04-22T08:00,gcl,Grand Coulee,60.5,60.5,0.0,1242.6,957.6,285.0,1315.6
2023-04-22,10,2023-04-22T09:00,gcl,Grand Coulee,60.1,60.1,0.0,1242.5,957.7,284.8,1306.0
2023-04-22,11,2023-04-22T10:00,gcl,Grand Coulee,55.8,55.8,0.0,1242.5,957.3,285.2,1214.3
2023-04-22,12,2023-04-22T11:00,gcl,Grand Coulee,40.5,40.5,0.0,1242.5,956.3,286.2,884.4
2023-04-22,13,2023-04-22T12:00,gcl,Grand Coulee,39.4,39.4,0.0,1242.6,956.3,286.3,860.7
2023-04-22,14,2023-04-22T13:00,gcl,Grand Coulee,40.6,40.6,0.0,1242.6,956.5,286.1,886.3
2023-04-22,15,2023-04-22T14:00,gcl,Grand Coulee,41.4,41.4,0.0,1242.6,956.5,286.1,903.7
2023-04-22,16,2023-04-22T15:00,gcl,Grand Coulee,40.0,40.0,0.0,1242.6,956.2,286.4,874.1
2023-04-22,17,2023-04-22T16:00,gcl,Grand Coulee,34.4,34.4,0.0,1242.7,955.7,287.0,753.3
2023-04-22,18,2023-04-22T17:00,gcl,Grand Coulee,39.0,39.0,0.0,1242.8,956.0,286.8,853.4
2023-04-22,19,2023-04-22T18:00,gcl,Grand Coulee,50.5,50.5,0.0,1242.8,956.7,286.1,1102.4
2023-04-22,20,2023-04-22T19:00,gcl,Grand Coulee,50.4,50.4,0.0,1242.9,956.6,286.3,1101.0
2023-04-22,21,2023-04-22T20:00,gcl,Grand Coulee,48.9,48.9,0.0,1242.9,956.3,286.6,1069.3
2023-04-22,22,2023-04-22T21:00,gcl,Grand Coulee,47.2,47.2,0.0,1242.9,955.9,287.0,1033.6
2023-04-22,23,2023-04-22T22:00,gcl,Grand Coulee,49.1,49.1,0.0,1242.9,956.1,286.8,1074.4
2023-04-22,24,2023-04-22T23:00,gcl,Grand Coulee,46.8,46.8,0.0,1243.0,955.7,287.3,1025.9
2023-04-23,1,2023-04-23T00:00,gcl,Grand Coulee,55.9,55.9,0.0,1243.0,956.1,286.9,1223.7
2023-04-23,2,2023-04-23T01:00,gcl,Grand Coulee,50.8,50.8,0.0,1243.0,956.1,286.9,1112.0
2023-04-23,3,2023-04-23T02:00,gcl,Grand Coulee,52.2,52.2,0.0,1243.1,956.1,287.0,1143.1
2023-04-23,4,2023-04-23T03:00,gcl,Grand Coulee,56.9,56.9,0.0,1243.1,956.2,286.9,1245.6
2023-04-23,5,2023-04-23T04:00,gcl,Grand Coulee,52.6,52.6,0.0,1243.1,956.2,286.9,1151.4
2023-04-23,6,2023-04-23T05:00,gcl,Grand Coulee,47.4,47.4,0.0,1243.1,955.9,287.2,1038.7
2023-04-23,7,2023-04-23T06:00,gcl,Grand Coulee,49.7,49.7,0.0,1243.1,956.0,287.1,1088.7
2023-04-23,8,2023-04-23T07:00,gcl,Grand Coulee,54.3,54.3,0.0,1243.0,956.3,286.7,1187.8
2023-04-23,9,2023-04-23T08:00,gcl,Grand Coulee,42.4,42.4,0.0,1243.0,955.7,287.3,929.4
2023-04-23,10,2023-04-23T09:00,gcl,Grand Coulee,59.5,59.5,0.0,1242.9,956.6,286.3,1299.8
2023-04-23,11,2023-04-23T10:00,gcl,Grand Coulee,62.2,62.2,0.0,1242.9,957.3,285.6,1355.4
2023-04-23,12,2023-04-23T11:00,gcl,Grand Coulee,56.0,56.0,0.0,1242.9,956.9,286.0,1222.0
2023-04-23,13,2023-04-23T12:00,gcl,Grand Coulee,43.2,43.2,0.0,1243.0,955.7,287.3,947.0
2023-04-23,14,2023-04-23T13:00,gcl,Grand Coulee,60.5,60.5,0.0,1242.9,956.9,286.0,1320.2
2023-04-23,15,2023-04-23T14:00,gcl,Grand Coulee,58.9,58.9,0.0,1242.9,957.5,285.4,1282.6
2023-04-23,16,2023-04-23T15:00,gcl,Grand Coulee,56.1,56.1,0.0,1243.0,957.1,285.9,1223.8
2023-04-23,17,2023-04-23T16:00,gcl,Grand Coulee,50.8,50.8,0.0,1242.9,956.3,286.6,1110.9
2023-04-23,18,2023-04-23T17:00,gcl,Grand Coulee,55.8,55.8,0.0,1242.9,957.0,285.9,1217.2
2023-04-23,19,2023-04-23T18:00,gcl,Grand Coulee,77.3,77.3,0.0,1242.9,958.6,284.3,1676.8
2023-04-23,20,2023-04-23T19:00,gcl,Grand Coulee,82.1,82.1,0.0,1242.9,959.2,283.7,1777.2
2023-04-23,21,2023-04-23T20:00,gcl,Grand Coulee,88.0,88.0,0.0,1242.9,959.4,283.5,1903.5
2023-04-23,22,2023-04-23T21:00,gcl,Grand Coulee,75.6,75.6,0.0,1242.9,958.4,284.5,1641.1
2023-04-23,23,2023-04-23T22:00,gcl,Grand Coulee,68.7,68.7,0.0,1242.9,957.6,285.3,1495.5
2023-04-23,24,2023-04-23T23:00,gcl,Grand Coulee,67.8,67.8,0.0,1242.9,957.7,285.2,1475.4
2023-04-24,1,2023-04-24T00:00,gcl,Grand Coulee,73.4,73.4,0.0,1242.8,957.8,285.0,1596.1
2023-04-24,2,2023-04-24T01:00,gcl,Grand Coulee,67.3,67.3,0.0,1242.8,957.5,285.3,1465.0
2023-04-24,3,2023-04-24T02:00,gcl,Grand Coulee,62.0,62.0,0.0,1242.8,957.2,285.6,1351.1
2023-04-24,4,2023-04-24T03:00,gcl,Grand Coulee,66.0,66.0,0.0,1242.7,957.3,285.4,1437.2
2023-04-24,5,2023-04-24T04:00,gcl,Grand Coulee,65.0,65.0,0.0,1242.8,957.3,285.5,1415.9
2023-04-24,6,2023-04-24T05:00,gcl,Grand Coulee,65.4,65.4,0.0,1242.8,957.3,285.5,1424.7
2023-04-24,7,2023-04-24T06:00,gcl,Grand Coulee,67.1,67.1,0.0,1242.7,957.4,285.3,1460.7
2023-04-24,8,2023-04-24T07:00,gcl,Grand Coulee,55.1,55.1,0.0,1242.7,956.6,286.1,1202.8
2023-04-24,9,2023-04-24T08:00,gcl,Grand Coulee,47.1,47.1,0.0,1242.6,955.9,286.7,1030.3
2023-04-24,10,2023-04-24T09:00,gcl,Grand Coulee,45.0,45.0,0.0,1242.6,955.7,286.9,985.1
2023-04-24,11,2023-04-24T10:00,gcl,Grand Coulee,43.7,43.7,0.0,1242.6,955.7,286.9,956.6
2023-04-24,12,2023-04-24T11:00,gcl,Grand Coulee,41.2,41.2,0.0,1242.6,955.4,287.2,902.8
2023-04-24,13,2023-04-24T12:00,gcl,Grand Coulee,47.4,47.4,0.0,1242.6,955.8,286.8,1037.2
2023-04-24,14,2023-04-24T13:00,gcl,Grand Coulee,48.1,48.1,0.0,1242.6,956.0,286.6,1051.8
2023-04-24,15,2023-04-24T14:00,gcl,Grand Coulee,46.5,46.5,0.0,1242.7,955.7,287.0,1018.3
2023-04-24,16,2023-04-24T15:00,gcl,Grand Coulee,49.4,49.4,0.0,1242.7,955.9,286.8,1081.0
2023-04-24,17,2023-04-24T16:00,gcl,Grand Coulee,46.3,46.3,0.0,1242.8,955.6,287.2,1014.6
2023-04-24,18,2023-04-24T17:00,gcl,Grand Coulee,54.5,54.5,0.0,1242.8,956.2,286.6,1191.8
2023-04-24,19,2023-04-24T18:00,gcl,Grand Coulee,80.4,80.4,0.0,1242.8,958.0,284.8,1747.1
2023-04-24,20,2023-04-24T19:00,gcl,Grand Coulee,88.7,88.7,0.0,1242.7,959.0,283.7,1920.0
2023-04-24,21,2023-04-24T20:00,gcl,Grand Coulee,93.2,93.2,0.0,1242.7,959.3,283.4,2015.3
2023-04-24,22,2023-04-24T21:00,gcl,Grand Coulee,72.7,72.7,0.0,1242.7,958.0,284.7,1579.2
2023-04-24,23,2023-04-24T22:00,gcl,Grand Coulee,55.9,55.9,0.0,1242.8,956.4,286.4,1221.5
2023-04-24,24,2023-04-24T23:00,gcl,Grand Coulee,62.9,62.9,0.0,1242.8,957.2,285.6,1370.7
2023-04-25,1,2023-04-25T00:00,gcl,Grand Coulee,57.8,57.8,0.0,1242.8,957.2,285.6,1259.5
2023-04-25,2,2023-04-25T01:00,gcl,Grand Coulee,66.4,66.4,0.0,1242.8,957.2,285.6,1446.9
2023-04-25,3,2023-04-25T02:00,gcl,Grand Coulee,72.0,72.0,0.0,1242.7,957.8,284.9,1565.1
2023-04-25,4,2023-04-25T03:00,gcl,Grand Coulee,70.2,70.2,0.0,1242.7,958.0,284.7,1524.9
2023-04-25,5,2023-04-25T04:00,gcl,Grand Coulee,65.5,65.5,0.0,1242.8,957.6,285.2,1425.3
2023-04-25,6,2023-04-25T05:00,gcl,Grand Coulee,63.6,63.6,0.0,1242.8,957.4,285.4,1385.0
2023-04-25,7,2023-04-25T06:00,gcl,Grand Coulee,63.1,63.1,0.0,1242.8,957.4,285.4,1374.1
2023-04-25,8,2023-04-25T07:00,gcl,Grand Coulee,56.3,56.3,0.0,1242.8,957.1,285.7,1227.3
2023-04-25,9,2023-04-25T08:00,gcl,Grand Coulee,54.7,54.7,0.0,1242.7,956.5,286.2,1194.5
2023-04-25,10,2023-04-25T09:00,gcl,Grand Coulee,50.9,50.9,0.0,1242.7,956.2,286.5,1112.7
2023-04-25,11,2023-04-25T10:00,gcl,Grand Coulee,45.5,45.5,0.0,1242.7,956.0,286.7,995.3
2023-04-25,12,2023-04-25T11:00,gcl,Grand Coulee,40.4,40.4,0.0,1242.7,955.7,287.0,884.7
2023-04-25,13,2023-04-25T12:00,gcl,Grand Coulee,41.2,41.2,0.0,1242.8,955.7,287.1,902.5
2023-04-25,14,2023-04-25T13:00,gcl,Grand Coulee,55.0,55.0,0.0,1242.8,956.5,286.3,1201.5
2023-04-25,15,2023-04-25T14:00,gcl,Grand Coulee,56.4,56.4,0.0,1242.8,956.5,286.3,1232.0
2023-04-25,16,2023-04-25T15:00,gcl,Grand Coulee,49.7,49.7,0.0,1242.9,956.4,286.5,1086.4
2023-04-25,17,2023-04-25T16:00,gcl,Grand Coulee,44.2,44.2,0.0,1242.9,955.5,287.4,969.2
2023-04-25,18,2023-04-25T17:00,gcl,Grand Coulee,46.1,46.1,0.0,1243.0,955.8,287.2,1010.2
2023-04-25,19,2023-04-25T18:00,gcl,Grand Coulee,61.1,61.1,0.0,1243.0,956.9,286.1,1333.8
2023-04-25,20,2023-04-25T19:00,gcl,Grand Coulee,74.4,74.4,0.0,1243.0,957.9,285.1,1618.4
2023-04-25,21,2023-04-25T20:00,gcl,Grand Coulee,75.6,75.6,0.0,1242.9,958.0,284.9,1643.4
2023-04-25,22,2023-04-25T21:00,gcl,Grand Coulee,56.6,56.6,0.0,1243.0,956.5,286.5,1237.3
2023-04-25,23,2023-04-25T22:00,gcl,Grand Coulee,54.8,54.8,0.0,1243.1,955.9,287.2,1200.9
2023-04-25,24,2023-04-25T23:00,gcl,Grand Coulee,54.2,54.2,0.0,1243.1,955.8,287.3,1188.1
2023-04-26,1,2023-04-26T00:00,gcl,Grand Coulee,47.1,47.1,0.0,1243.2,955.6,287.6,1033.6
2023-04-26,2,2023-04-26T01:00,gcl,Grand Coulee,55.1,55.1,0.0,1243.2,956.3,286.9,1206.2
2023-04-26,3,2023-04-26T02:00,gcl,Grand Coulee,56.3,56.3,0.0,1243.1,956.6,286.5,1230.7
2023-04-26,4,2023-04-26T03:00,gcl,Grand Coulee,56.5,56.5,0.0,1243.2,956.7,286.5,1235.1
2023-04-26,5,2023-04-26T04:00,gcl,Grand Coulee,53.6,53.6,0.0,1243.2,956.4,286.8,1172.9
2023-04-26,6,2023-04-26T05:00,gcl,Grand Coulee,60.2,60.2,0.0,1243.2,956.8,286.4,1315.5
2023-04-26,7,2023-04-26T06:00,gcl,Grand Coulee,77.8,77.8,0.0,1243.2,958.3,284.9,1691.2
2023-04-26,8,2023-04-26T07:00,gcl,Grand Coulee,79.7,79.7,0.0,1243.1,958.7,284.4,1729.5
2023-04-26,9,2023-04-26T08:00,gcl,Grand Coulee,74.6,74.6,0.0,1243.1,958.2,284.9,1621.6
2023-04-26,10,2023-04-26T09:00,gcl,Grand Coulee,60.1,60.1,0.0,1243.1,957.0,286.1,1311.9
2023-04-26,11,2023-04-26T10:00,gcl,Grand Coulee,59.0,59.0,0.0,1243.1,956.9,286.2,1288.4
2023-04-26,12,2023-04-26T11:00,gcl,Grand Coulee,49.6,49.6,0.0,1243.2,956.7,286.5,1084.3
2023-04-26,13,2023-04-26T12:00,gcl,Grand Coulee,43.7,43.7,0.0,1243.3,956.0,287.3,957.9
2023-04-26,14,2023-04-26T13:00,gcl,Grand Coulee,45.8,45.8,0.0,1243.3,956.0,287.3,1004.0
2023-04-26,15,2023-04-26T14:00,gcl,Grand Coulee,45.4,45.4,0.0,1243.3,956.0,287.3,995.2
2023-04-26,16,2023-04-26T15:00,gcl,Grand Coulee,43.1,43.1,0.0,1243.3,955.7,287.6,945.8
2023-04-26,17,2023-04-26T16:00,gcl,Grand Coulee,36.6,36.6,0.0,1243.4,955.0,288.4,805.4
2023-04-26,18,2023-04-26T17:00,gcl,Grand Coulee,39.3,39.3,0.0,1243.4,955.0,288.4,864.8
2023-04-26,19,2023-04-26T18:00,gcl,Grand Coulee,49.6,49.6,0.0,1243.5,955.7,287.8,1089.2
2023-04-26,20,2023-04-26T19:00,gcl,Grand Coulee,64.8,64.8,0.0,1243.5,956.6,286.9,1418.5
2023-04-26,21,2023-04-26T20:00,gcl,Grand Coulee,70.2,70.2,0.0,1243.5,957.1,286.4,1534.0
2023-04-26,22,2023-04-26T21:00,gcl,Grand Coulee,62.4,62.4,0.0,1243.5,956.3,287.2,1367.4
2023-04-26,23,2023-04-26T22:00,gcl,Grand Coulee,67.8,67.8,0.0,1243.5,956.5,287.0,1484.7
2023-04-26,24,2023-04-26T23:00,gcl,Grand Coulee,53.6,53.6,0.0,1243.5,956.1,287.4,1175.4
2023-04-27,1,2023-04-27T00:00,gcl,Grand Coulee,51.4,51.4,0.0,1243.6,955.6,288.0,1129.5
2023-04-27,2,2023-04-27T01:00,gcl,Grand Coulee,51.4,51.4,0.0,1243.6,955.7,287.9,1129.1
2023-04-27,3,2023-04-27T02:00,gcl,Grand Coulee,57.5,57.5,0.0,1243.6,956.1,287.5,1261.3
2023-04-27,4,2023-04-27T03:00,gcl,Grand Coulee,61.2,61.2,0.0,1243.6,956.3,287.3,1341.6
2023-04-27,5,2023-04-27T04:00,gcl,Grand Coulee,64.1,64.1,0.0,1243.6,956.7,286.9,1403.2
2023-04-27,6,2023-04-27T05:00,gcl,Grand Coulee,69.7,69.7,0.0,1243.5,957.1,286.4,1523.1
2023-04-27,7,2023-04-27T06:00,gcl,Grand Coulee,67.3,67.3,0.0,1243.5,957.1,286.4,1470.7
2023-04-27,8,2023-04-27T07:00,gcl,Grand Coulee,66.2,66.2,0.0,1243.6,957.0,286.6,1447.6
2023-04-27,9,2023-04-27T08:00,gcl,Grand Coulee,48.4,48.4,0.0,1243.6,955.6,288.0,1063.6
2023-04-27,10,2023-04-27T09:00,gcl,Grand Coulee,44.0,44.0,0.0,1243.7,955.5,288.2,967.5
2023-04-27,11,2023-04-27T10:00,gcl,Grand Coulee,43.9,43.9,0.0,1243.6,955.8,287.8,964.0
2023-04-27,12,2023-04-27T11:00,gcl,Grand Coulee,41.7,41.7,0.0,1243.6,955.6,288.0,916.3
2023-04-27,13,2023-04-27T12:00,gcl,Grand Coulee,51.2,51.2,0.0,1243.5,956.0,287.5,1123.1
2023-04-27,14,2023-04-27T13:00,gcl,Grand Coulee,51.2,51.2,0.0,1243.6,956.1,287.5,1123.1
2023-04-27,15,2023-04-27T14:00,gcl,Grand Coulee,50.0,50.0,0.0,1243.7,955.8,287.9,1098.3
2023-04-27,16,2023-04-27T15:00,gcl,Grand Coulee,47.7,47.7,0.0,1243.8,955.7,288.1,1048.5
2023-04-27,17,2023-04-27T16:00,gcl,Grand Coulee,51.3,51.3,0.0,1243.9,956.2,287.7,1126.1
2023-04-27,18,2023-04-27T17:00,gcl,Grand Coulee,51.8,51.8,0.0,1243.9,956.2,287.7,1137.1
2023-04-27,19,2023-04-27T18:00,gcl,Grand Coulee,56.2,56.2,0.0,1243.9,956.6,287.3,1232.0
2023-04-27,20,2023-04-27T19:00,gcl,Grand Coulee,65.6,65.6,0.0,1243.8,957.4,286.4,1433.5
2023-04-27,21,2023-04-27T20:00,gcl,Grand Coulee,79.3,79.3,0.0,1243.7,958.6,285.1,1725.0
2023-04-27,22,2023-04-27T21:00,gcl,Grand Coulee,79.3,79.3,0.0,1243.7,958.6,285.1,1725.0
2023-04-27,23,2023-04-27T22:00,gcl,Grand Coulee,84.1,84.1,0.0,1243.8,958.8,285.0,1828.8
2023-04-27,24,2023-04-27T23:00,gcl,Grand Coulee,64.3,64.3,0.0,1243.9,957.6,286.3,1404.6
2023-04-28,1,2023-04-28T00:00,gcl,Grand Coulee,48.1,48.1,0.0,1244.0,956.2,287.8,1056.2
2023-04-28,2,2023-04-28T01:00,gcl,Grand Coulee,46.5,46.5,0.0,1244.0,956.0,288.0,1021.8
2023-04-28,3,2023-04-28T02:00,gcl,Grand Coulee,47.2,47.2,0.0,1244.0,956.3,287.7,1036.1
2023-04-28,4,2023-04-28T03:00,gcl,Grand Coulee,44.7,44.7,0.0,1244.0,956.1,287.9,981.9
2023-04-28,5,2023-04-28T04:00,gcl,Grand Coulee,46.0,46.0,0.0,1244.0,956.0,288.0,1010.8
2023-04-28,6,2023-04-28T05:00,gcl,Grand Coulee,54.2,54.2,0.0,1244.0,956.0,288.0,1191.0
2023-04-28,7,2023-04-28T06:00,gcl,Grand Coulee,48.0,48.0,0.0,1244.2,956.4,287.8,1054.0
2023-04-28,8,2023-04-28T07:00,gcl,Grand Coulee,44.3,44.3,0.0,1244.3,955.7,288.6,975.5
2023-04-28,9,2023-04-28T08:00,gcl,Grand Coulee,42.1,42.1,0.0,1244.3,955.7,288.6,927.0
2023-04-28,10,2023-04-28T09:00,gcl,Grand Coulee,41.7,41.7,0.0,1244.3,956.1,288.2,917.0
2023-04-28,11,2023-04-28T10:00,gcl,Grand Coulee,39.2,39.2,0.0,1244.3,955.9,288.4,862.6
2023-04-28,12,2023-04-28T11:00,gcl,Grand Coulee,38.3,38.3,0.0,1244.2,955.6,288.6,843.4
2023-04-28,13,2023-04-28T12:00,gcl,Grand Coulee,46.1,46.1,0.0,1244.2,956.5,287.7,1012.0
2023-04-28,14,2023-04-28T13:00,gcl,Grand Coulee,47.2,47.2,0.0,1244.3,956.5,287.8,1036.5
2023-04-28,15,2023-04-28T14:00,gcl,Grand Coulee,48.8,48.8,0.0,1244.5,956.2,288.3,1073.5
2023-04-28,16,2023-04-28T15:00,gcl,Grand Coulee,47.7,47.7,0.0,1244.6,956.2,288.4,1049.6
2023-04-28,17,2023-04-28T16:00,gcl,Grand Coulee,58.9,58.9,0.0,1244.6,957.0,287.6,1292.5
2023-04-28,18,2023-04-28T17:00,gcl,Grand Coulee,60.6,60.6,0.0,1244.6,957.0,287.6,1329.8
2023-04-28,19,2023-04-28T18:00,gcl,Grand Coulee,81.6,81.6,0.0,1244.5,958.4,286.1,1781.3
2023-04-28,20,2023-04-28T19:00,gcl,Grand Coulee,104.4,104.4,0.0,1244.4,960.5,283.9,2261.5
2023-04-28,21,2023-04-28T20:00,gcl,Grand Coulee,96.9,96.9,0.0,1244.5,960.3,284.2,2101.2
2023-04-28,22,2023-04-28T21:00,gcl,Grand Coulee,102.7,102.7,0.0,1244.6,960.3,284.3,2227.8
2023-04-28,23,2023-04-28T22:00,gcl,Grand Coulee,93.2,93.2,0.0,1244.6,959.8,284.8,2025.3
2023-04-28,24,2023-04-28T23:00,gcl,Grand Coulee,80.6,80.6,0.0,1244.7,958.9,285.8,1757.6
2023-04-29,1,2023-04-29T00:00,gcl,Grand Coulee,60.6,60.6,0.0,1244.7,957.0,287.7,1330.3
2023-04-29,2,2023-04-29T01:00,gcl,Grand Coulee,58.8,58.8,0.0,1244.7,956.9,287.8,1291.2
2023-04-29,3,2023-04-29T02:00,gcl,Grand Coulee,58.3,58.3,0.0,1244.7,957.3,287.4,1278.4
2023-04-29,4,2023-04-29T03:00,gcl,Grand Coulee,53.3,53.3,0.0,1244.7,957.1,287.6,1169.6
2023-04-29,5,2023-04-29T04:00,gcl,Grand Coulee,49.6,49.6,0.0,1244.7,956.6,288.1,1090.3
2023-04-29,6,2023-04-29T05:00,gcl,Grand Coulee,49.1,49.1,0.0,1244.7,956.7,288.0,1078.9
2023-04-29,7,2023-04-29T06:00,gcl,Grand Coulee,51.8,51.8,0.0,1244.8,957.1,287.7,1137.1
2023-04-29,8,2023-04-29T07:00,gcl,Grand Coulee,51.5,51.5,0.0,1244.8,957.0,287.8,1130.9
2023-04-29,9,2023-04-29T08:00,gcl,Grand Coulee,38.7,38.7,0.0,1244.8,956.0,288.8,852.8
2023-04-29,10,2023-04-29T09:00,gcl,Grand Coulee,48.2,48.2,0.0,1244.8,956.5,288.3,1060.3
2023-04-29,11,2023-04-29T10:00,gcl,Grand Coulee,44.7,44.7,0.0,1244.8,956.7,288.1,982.6
2023-04-29,12,2023-04-29T11:00,gcl,Grand Coulee,45.5,45.5,0.0,1244.8,956.7,288.1,1000.2
2023-04-29,13,2023-04-29T12:00,gcl,Grand Coulee,45.9,45.9,0.0,1244.8,956.4,288.4,1010.0
2023-04-29,14,2023-04-29T13:00,gcl,Grand Coulee,47.4,47.4,0.0,1244.9,956.8,288.1,1041.9
2023-04-29,15,2023-04-29T14:00,gcl,Grand Coulee,51.1,51.1,0.0,1244.9,956.9,288.0,1122.9
2023-04-29,16,2023-04-29T15:00,gcl,Grand Coulee,53.5,53.5,0.0,1245.0,957.0,288.0,1175.6
2023-04-29,17,2023-04-29T16:00,gcl,Grand Coulee,56.4,56.4,0.0,1245.0,957.2,287.8,1238.5
2023-04-29,18,2023-04-29T17:00,gcl,Grand Coulee,70.9,70.9,0.0,1245.0,958.2,286.8,1551.5
2023-04-29,19,2023-04-29T18:00,gcl,Grand Coulee,80.2,80.1,0.0,1245.0,959.2,285.8,1746.7
2023-04-29,20,2023-04-29T19:00,gcl,Grand Coulee,68.6,68.6,0.0,1245.1,958.5,286.6,1500.1
2023-04-29,21,2023-04-29T20:00,gcl,Grand Coulee,56.1,56.1,0.0,1245.2,957.1,288.1,1233.2
2023-04-29,22,2023-04-29T21:00,gcl,Grand Coulee,49.4,49.4,0.0,1245.2,956.3,288.9,1088.9
2023-04-29,23,2023-04-29T22:00,gcl,Grand Coulee,44.4,44.4,0.0,1245.4,956.0,289.4,980.4
2023-04-29,24,2023-04-29T23:00,gcl,Grand Coulee,43.5,43.5,0.0,1245.4,956.1,289.3,960.2
2023-04-30,1,2023-04-30T00:00,gcl,Grand Coulee,51.4,51.4,0.0,1245.4,956.5,288.9,1133.0
2023-04-30,2,2023-04-30T01:00,gcl,Grand Coulee,51.2,51.2,0.0,1245.4,956.5,288.9,1128.6
2023-04-30,3,2023-04-30T02:00,gcl,Grand Coulee,54.7,54.7,0.0,1245.5,956.7,288.8,1205.3
2023-04-30,4,2023-04-30T03:00,gcl,Grand Coulee,56.8,56.8,0.0,1245.5,956.9,288.6,1250.7
2023-04-30,5,2023-04-30T04:00,gcl,Grand Coulee,48.5,48.5,0.0,1245.6,956.5,289.1,1069.8
2023-04-30,6,2023-04-30T05:00,gcl,Grand Coulee,48.5,48.5,0.0,1245.6,956.5,289.1,1069.8
2023-04-30,7,2023-04-30T06:00,gcl,Grand Coulee,49.1,49.1,0.0,1245.6,956.6,289.0,1082.7
2023-04-30,8,2023-04-30T07:00,gcl,Grand Coulee,43.4,43.4,0.0,1245.6,956.3,289.3,958.0
2023-04-30,9,2023-04-30T08:00,gcl,Grand Coulee,35.0,35.0,0.0,1245.7,955.7,290.0,774.4
2023-04-30,10,2023-04-30T09:00,gcl,Grand Coulee,34.6,34.6,0.0,1245.7,955.9,289.8,765.1
2023-04-30,11,2023-04-30T10:00,gcl,Grand Coulee,35.7,35.7,0.0,1245.8,956.3,289.5,788.6
2023-04-30,12,2023-04-30T11:00,gcl,Grand Coulee,38.8,38.8,0.0,1245.9,956.4,289.5,857.0
2023-04-30,13,2023-04-30T12:00,gcl,Grand Coulee,35.9,35.9,0.0,1245.9,956.1,289.8,793.8
2023-04-30,14,2023-04-30T13:00,gcl,Grand Coulee,33.4,33.4,0.0,1245.9,956.0,289.9,738.8
2023-04-30,15,2023-04-30T14:00,gcl,Grand Coulee,40.4,40.4,0.0,1246.0,956.5,289.5,892.4
2023-04-30,16,2023-04-30T15:00,gcl,Grand Coulee,41.1,41.1,0.0,1246.0,956.6,289.4,907.5
2023-04-30,17,2023-04-30T16:00,gcl,Grand Coulee,40.8,40.8,0.0,1246.1,956.6,289.5,901.2
2023-04-30,18,2023-04-30T17:00,gcl,Grand Coulee,51.2,51.2,0.0,1246.2,957.0,289.2,1129.8
2023-04-30,19,2023-04-30T18:00,gcl,Grand Coulee,65.5,65.5,0.0,1246.2,957.0,289.2,1445.3
2023-04-30,20,2023-04-30T19:00,gcl,Grand Coulee,65.8,65.8,0.0,1246.3,958.5,287.8,1444.9
2023-04-30,21,2023-04-30T20:00,gcl,Grand Coulee,64.6,64.6,0.0,1246.4,958.1,288.3,1421.0
2023-04-30,22,2023-04-30T21:00,gcl,Grand Coulee,62.7,62.7,0.0,1246.4,957.8,288.6,1380.7
2023-04-30,23,2023-04-30T22:00,gcl,Grand Coulee,45.2,45.2,0.0,1246.4,956.4,290.0,1000.1
2023-04-30,24,2023-04-30T23:00,gcl,Grand Coulee,43.1,43.1,0.0,1246.7,956.2,290.5,955.3
2023-05-01,1,2023-05-01T00:00,gcl,Grand Coulee,50.1,50.1,0.0,1246.7,956.6,290.1,1108.9
2023-05-01,2,2023-05-01T01:00,gcl,Grand Coulee,48.3,48.3,0.0,1246.8,956.8,290.0,1068.7
2023-05-01,3,2023-05-01T02:00,gcl,Grand Coulee,46.3,46.3,0.0,1246.8,956.4,290.4,1025.9
2023-05-01,4,2023-05-01T03:00,gcl,Grand Coulee,47.1,47.1,0.0,1246.9,956.5,290.4,1043.6
2023-05-01,5,2023-05-01T04:00,gcl,Grand Coulee,42.6,42.6,0.0,1247.0,956.5,290.5,944.2
2023-05-01,6,2023-05-01T05:00,gcl,Grand Coulee,38.8,38.8,0.0,1247.2,956.0,291.2,862.1
2023-05-01,7,2023-05-01T06:00,gcl,Grand Coulee,64.1,64.1,0.0,1247.2,957.6,289.6,1416.4
2023-05-01,8,2023-05-01T07:00,gcl,Grand Coulee,76.0,76.0,0.0,1247.1,958.8,288.3,1671.8
2023-05-01,9,2023-05-01T08:00,gcl,Grand Coulee,74.4,74.4,0.0,1247.2,958.4,288.8,1639.4
2023-05-01,10,2023-05-01T09:00,gcl,Grand Coulee,53.1,53.1,0.0,1247.3,956.6,290.7,1177.8
2023-05-01,11,2023-05-01T10:00,gcl,Grand Coulee,50.3,50.3,0.0,1247.3,956.5,290.8,1116.1
2023-05-01,12,2023-05-01T11:00,gcl,Grand Coulee,49.8,49.8,0.0,1247.5,956.6,290.9,1105.3
2023-05-01,13,2023-05-01T12:00,gcl,Grand Coulee,69.1,69.1,0.0,1247.5,957.8,289.7,1527.4
2023-05-01,14,2023-05-01T13:00,gcl,Grand Coulee,62.6,62.6,0.0,1247.5,957.6,289.9,1384.7
2023-05-01,15,2023-05-01T14:00,gcl,Grand Coulee,48.1,48.1,0.0,1247.6,956.1,291.5,1069.8
2023-05-01,16,2023-05-01T15:00,gcl,Grand Coulee,45.5,45.5,0.0,1247.7,955.1,292.6,1015.8
2023-05-01,17,2023-05-01T16:00,gcl,Grand Coulee,47.7,47.7,0.0,1247.8,956.0,291.8,1062.0
2023-05-01,18,2023-05-01T17:00,gcl,Grand Coulee,76.7,76.7,0.0,1247.8,958.2,289.6,1694.8
2023-05-01,19,2023-05-01T18:00,gcl,Grand Coulee,99.8,99.8,0.0,1247.8,960.1,287.7,2190.8
2023-05-01,20,2023-05-01T19:00,gcl,Grand Coulee,102.2,102.2,0.0,1247.9,960.6,287.3,2240.3
2023-05-01,21,2023-05-01T20:00,gcl,Grand Coulee,94.5,94.5,0.0,1247.9,960.2,287.7,2074.4
2023-05-01,22,2023-05-01T21:00,gcl,Grand Coulee,90.1,90.1,0.0,1248.0,959.4,288.6,1984.0
2023-05-01,23,2023-05-01T22:00,gcl,Grand Coulee,79.2,79.2,0.0,1248.1,958.6,289.5,1749.4
2023-05-01,24,2023-05-01T23:00,gcl,Grand Coulee,63.0,63.0,0.0,1248.2,957.1,291.1,1399.3
2023-05-02,1,2023-05-02T00:00,gcl,Grand Coulee,64.0,64.0,0.0,1248.2,956.9,291.3,1422.5
2023-05-02,2,2023-05-02T01:00,gcl,Grand Coulee,64.0,64.0,0.0,1248.2,956.9,291.3,1422.5
2023-05-02,3,2023-05-02T02:00,gcl,Grand Coulee,59.5,59.5,0.0,1248.4,956.6,291.8,1324.7
2023-05-02,4,2023-05-02T03:00,gcl,Grand Coulee,61.9,61.9,0.0,1248.4,956.6,291.8,1378.2
2023-05-02,5,2023-05-02T04:00,gcl,Grand Coulee,59.6,59.6,0.0,1248.4,956.6,291.8,1327.0
2023-05-02,6,2023-05-02T05:00,gcl,Grand Coulee,87.4,87.4,0.0,1248.5,958.4,290.1,1934.6
2023-05-02,7,2023-05-02T06:00,gcl,Grand Coulee,106.6,106.6,0.0,1248.5,960.6,287.9,2341.7
2023-05-02,8,2023-05-02T07:00,gcl,Grand Coulee,113.7,113.7,0.0,1248.5,961.7,286.8,2488.1
2023-05-02,9,2023-05-02T08:00,gcl,Grand Coulee,99.0,99.0,0.0,1248.5,960.3,288.2,2177.0
2023-05-02,10,2023-05-02T09:00,gcl,Grand Coulee,90.8,90.8,0.0,1248.6,959.6,289.0,2002.2
2023-05-02,11,2023-05-02T10:00,gcl,Grand Coulee,86.3,86.3,0.0,1248.6,959.2,289.4,1905.6
2023-05-02,12,2023-05-02T11:00,gcl,Grand Coulee,90.6,90.6,0.0,1248.8,959.5,289.3,1999.9
2023-05-02,13,2023-05-02T12:00,gcl,Grand Coulee,85.1,85.1,0.0,1248.8,959.4,289.4,1879.1
2023-05-02,14,2023-05-02T13:00,gcl,Grand Coulee,86.1,86.1,0.0,1248.8,959.4,289.4,1901.2
2023-05-02,15,2023-05-02T14:00,gcl,Grand Coulee,75.6,75.6,0.0,1248.8,958.6,290.2,1674.0
2023-05-02,16,2023-05-02T15:00,gcl,Grand Coulee,76.1,76.1,0.0,1248.9,958.2,290.7,1687.9
2023-05-02,17,2023-05-02T16:00,gcl,Grand Coulee,74.7,74.7,0.0,1249.0,958.7,290.3,1654.6
2023-05-02,18,2023-05-02T17:00,gcl,Grand Coulee,102.4,102.4,0.0,1249.0,960.5,288.5,2254.1
2023-05-02,19,2023-05-02T18:00,gcl,Grand Coulee,97.1,97.1,0.0,1249.0,960.6,288.4,2136.7
2023-05-02,20,2023-05-02T19:00,gcl,Grand Coulee,108.2,108.2,0.0,1249.1,961.2,287.9,2376.8
2023-05-02,21,2023-05-02T20:00,gcl,Grand Coulee,102.8,102.8,0.0,1249.1,961.1,288.0,2259.0
2023-05-02,22,2023-05-02T21:00,gcl,Grand Coulee,82.8,82.8,0.0,1249.2,959.5,289.7,1830.2
2023-05-02,23,2023-05-02T22:00,gcl,Grand Coulee,79.1,79.1,0.0,1249.2,958.6,290.6,1753.9
2023-05-02,24,2023-05-02T23:00,gcl,Grand Coulee,79.6,79.6,0.0,1249.4,958.8,290.6,1765.0
2023-05-03,1,2023-05-03T00:00,gcl,Grand Coulee,111.2,111.2,0.0,1249.4,960.9,288.5,2447.8
2023-05-03,2,2023-05-03T01:00,gcl,Grand Coulee,97.6,97.6,0.0,1249.3,961.1,288.2,2146.2
2023-05-03,3,2023-05-03T02:00,gcl,Grand Coulee,90.0,90.0,0.0,1249.4,960.2,289.2,1985.9
2023-05-03,4,2023-05-03T03:00,gcl,Grand Coulee,87.6,87.6,0.0,1249.6,959.7,289.9,1937.7
2023-05-03,5,2023-05-03T04:00,gcl,Grand Coulee,101.9,101.9,0.0,1249.6,960.6,289.0,2247.0
2023-05-03,6,2023-05-03T05:00,gcl,Grand Coulee,119.3,119.3,0.0,1249.4,961.7,287.7,2618.8
2023-05-03,7,2023-05-03T06:00,gcl,Grand Coulee,110.0,110.0,0.0,1249.6,961.8,287.8,2415.5
2023-05-03,8,2023-05-03T07:00,gcl,Grand Coulee,123.5,123.5,0.0,1249.6,962.5,287.1,2705.4
2023-05-03,9,2023-05-03T08:00,gcl,Grand Coulee,116.9,116.9,0.0,1249.6,962.3,287.3,2562.6
2023-05-03,10,2023-05-03T09:00,gcl,Grand Coulee,113.6,113.6,0.0,1249.8,962.0,287.8,2494.6
2023-05-03,11,2023-05-03T10:00,gcl,Grand Coulee,107.5,107.5,0.0,1249.9,961.5,288.4,2365.5
2023-05-03,12,2023-05-03T11:00,gcl,Grand Coulee,104.3,104.3,0.0,1249.9,961.0,288.9,2299.1
2023-05-03,13,2023-05-03T12:00,gcl,Grand Coulee,118.6,118.6,0.0,1249.9,962.1,287.8,2604.4
2023-05-03,14,2023-05-03T13:00,gcl,Grand Coulee,112.8,112.8,0.0,1249.9,962.1,287.8,2477.0
2023-05-03,15,2023-05-03T14:00,gcl,Grand Coulee,104.3,104.3,0.0,1249.9,961.2,288.7,2297.5
2023-05-03,16,2023-05-03T15:00,gcl,Grand Coulee,112.5,112.5,0.0,1250.0,961.5,288.5,2476.4
2023-05-03,17,2023-05-03T16:00,gcl,Grand Coulee,127.6,127.6,0.0,1250.0,962.9,287.1,2795.2
2023-05-03,18,2023-05-03T17:00,gcl,Grand Coulee,139.7,139.7,0.0,1250.1,964.2,285.9,3047.4
2023-05-03,19,2023-05-03T18:00,gcl,Grand Coulee,139.8,139.8,0.0,1250.1,964.7,285.4,3044.3
2023-05-03,20,2023-05-03T19:00,gcl,Grand Coulee,134.9,134.9,0.0,1250.1,964.5,285.6,2939.6
2023-05-03,21,2023-05-03T20:00,gcl,Grand Coulee,120.5,120.5,0.0,1250.3,963.4,286.9,2637.8
2023-05-03,22,2023-05-03T21:00,gcl,Grand Coulee,94.1,94.1,0.0,1250.4,961.3,289.1,2075.7
2023-05-03,23,2023-05-03T22:00,gcl,Grand Coulee,93.4,93.4,0.0,1250.5,960.6,289.9,2065.9
2023-05-03,24,2023-05-03T23:00,gcl,Grand Coulee,73.8,73.8,0.0,1250.6,959.1,291.5,1641.4
2023-05-04,1,2023-05-04T00:00,gcl,Grand Coulee,92.6,92.6,0.0,1250.6,960.2,290.4,2051.8
2023-05-04,2,2023-05-04T01:00,gcl,Grand Coulee,88.7,88.7,0.0,1250.7,960.4,290.3,1964.7
2023-05-04,3,2023-05-04T02:00,gcl,Grand Coulee,77.3,77.3,0.0,1250.8,959.6,291.2,1717.5
2023-05-04,4,2023-05-04T03:00,gcl,Grand Coulee,71.0,71.0,0.0,1250.9,958.8,292.1,1582.4
2023-05-04,5,2023-05-04T04:00,gcl,Grand Coulee,79.7,79.7,0.0,1251.0,959.4,291.6,1773.3
2023-05-04,6,2023-05-04T05:00,gcl,Grand Coulee,81.3,81.3,0.0,1251.2,959.8,291.4,1807.6
2023-05-04,7,2023-05-04T06:00,gcl,Grand Coulee,127.3,127.3,0.0,1251.1,962.8,288.3,2800.3
2023-05-04,8,2023-05-04T07:00,gcl,Grand Coulee,146.4,146.4,0.0,1251.0,965.1,285.9,3193.6
2023-05-04,9,2023-05-04T08:00,gcl,Grand Coulee,136.1,136.1,0.0,1251.1,965.0,286.1,2971.0
2023-05-04,10,2023-05-04T09:00,gcl,Grand Coulee,131.5,131.5,0.0,1251.2,964.3,286.9,2878.6
2023-05-04,11,2023-05-04T10:00,gcl,Grand Coulee,132.6,132.6,0.0,1251.3,964.2,287.1,2904.7
2023-05-04,12,2023-05-04T11:00,gcl,Grand Coulee,127.0,127.0,0.0,1251.5,963.8,287.7,2787.8
2023-05-04,13,2023-05-04T12:00,gcl,Grand Coulee,138.0,138.0,0.0,1251.4,964.5,286.9,3020.9
2023-05-04,14,2023-05-04T13:00,gcl,Grand Coulee,131.6,131.6,0.0,1251.3,964.3,287.0,2881.8
2023-05-04,15,2023-05-04T14:00,gcl,Grand Coulee,122.3,122.3,0.0,1251.3,963.4,287.9,2686.5
2023-05-04,16,2023-05-04T15:00,gcl,Grand Coulee,112.9,112.9,0.0,1251.4,962.6,288.8,2487.8
2023-05-04,17,2023-05-04T16:00,gcl,Grand Coulee,109.4,109.4,0.0,1251.5,962.3,289.2,2414.0
2023-05-04,18,2023-05-04T17:00,gcl,Grand Coulee,128.0,128.0,0.0,1251.5,963.4,288.1,2813.7
2023-05-04,19,2023-05-04T18:00,gcl,Grand Coulee,126.7,126.7,0.0,1251.6,963.9,287.7,2781.3
2023-05-04,20,2023-05-04T19:00,gcl,Grand Coulee,129.0,129.0,0.0,1251.6,964.0,287.6,2830.8
2023-05-04,21,2023-05-04T20:00,gcl,Grand Coulee,131.7,131.7,0.0,1251.6,964.1,287.5,2889.0
2023-05-04,22,2023-05-04T21:00,gcl,Grand Coulee,125.9,125.9,0.0,1251.7,963.9,287.8,2764.7
2023-05-04,23,2023-05-04T22:00,gcl,Grand Coulee,101.9,101.9,0.0,1251.8,961.9,289.9,2254.0
2023-05-04,24,2023-05-04T23:00,gcl,Grand Coulee,89.5,89.5,0.0,1251.9,960.3,291.6,1991.3
2023-05-05,1,2023-05-05T00:00,gcl,Grand Coulee,81.1,81.1,0.0,1252.0,959.2,292.8,1811.8
2023-05-05,2,2023-05-05T01:00,gcl,Grand Coulee,70.2,70.2,0.0,1252.1,958.5,293.6,1572.6
2023-05-05,3,2023-05-05T02:00,gcl,Grand Coulee,68.8,68.8,0.0,1252.2,958.3,293.9,1542.8
2023-05-05,4,2023-05-05T03:00,gcl,Grand Coulee,69.7,69.7,0.0,1252.4,958.5,293.9,1563.0
2023-05-05,5,2023-05-05T04:00,gcl,Grand Coulee,71.3,71.3,0.0,1252.6,958.6,294.0,1599.4
2023-05-05,6,2023-05-05T05:00,gcl,Grand Coulee,98.8,98.8,0.0,1252.6,960.4,292.2,2202.7
2023-05-05,7,2023-05-05T06:00,gcl,Grand Coulee,141.6,141.6,0.0,1252.6,963.9,288.7,3119.1
2023-05-05,8,2023-05-05T07:00,gcl,Grand Coulee,162.2,162.2,0.0,1252.6,966.5,286.1,3540.7
2023-05-05,9,2023-05-05T08:00,gcl,Grand Coulee,132.3,132.3,0.0,1252.7,965.0,287.7,2904.2
2023-05-05,10,2023-05-05T09:00,gcl,Grand Coulee,109.7,109.7,0.0,1252.9,962.8,290.1,2428.2
2023-05-05,11,2023-05-05T10:00,gcl,Grand Coulee,93.3,93.3,0.0,1253.1,961.2,291.9,2078.0
2023-05-05,12,2023-05-05T11:00,gcl,Grand Coulee,88.6,88.6,0.0,1253.2,960.9,292.3,1976.0
2023-05-05,13,2023-05-05T12:00,gcl,Grand Coulee,112.2,112.2,0.0,1253.1,962.6,290.5,2486.9
2023-05-05,14,2023-05-05T13:00,gcl,Grand Coulee,106.2,106.2,0.0,1253.2,962.7,290.5,2353.9
2023-05-05,15,2023-05-05T14:00,gcl,Grand Coulee,78.1,78.1,0.0,1253.3,960.9,292.4,1742.4
2023-05-05,16,2023-05-05T15:00,gcl,Grand Coulee,61.6,61.6,0.0,1253.5,959.1,294.4,1383.7
2023-05-05,17,2023-05-05T16:00,gcl,Grand Coulee,74.2,74.2,0.0,1253.7,959.9,293.8,1663.3
2023-05-05,18,2023-05-05T17:00,gcl,Grand Coulee,80.4,80.4,0.0,1253.8,960.0,293.8,1802.3
2023-05-05,19,2023-05-05T18:00,gcl,Grand Coulee,151.5,151.5,0.0,1253.7,964.6,289.1,3341.8
2023-05-05,20,2023-05-05T19:00,gcl,Grand Coulee,151.4,151.4,0.0,1253.6,966.2,287.4,3320.0
2023-05-05,21,2023-05-05T20:00,gcl,Grand Coulee,158.3,158.3,0.0,1253.7,966.7,287.0,3466.5
2023-05-05,22,2023-05-05T21:00,gcl,Grand Coulee,148.4,148.4,0.0,1253.8,966.2,287.6,3256.5
2023-05-05,23,2023-05-05T22:00,gcl,Grand Coulee,152.4,152.4,0.0,1254.0,966.2,287.8,3346.6
2023-05-05,24,2023-05-05T23:00,gcl,Grand Coulee,131.9,131.9,0.0,1254.2,964.8,289.4,2912.5
2023-05-06,1,2023-05-06T00:00,gcl,Grand Coulee,130.2,130.2,0.0,1254.2,964.2,290.0,2880.9
2023-05-06,2,2023-05-06T01:00,gcl,Grand Coulee,128.9,128.9,0.0,1254.1,964.2,289.9,2851.2
2023-05-06,3,2023-05-06T02:00,gcl,Grand Coulee,122.3,122.3,0.0,1254.2,963.5,290.7,2712.7
2023-05-06,4,2023-05-06T03:00,gcl,Grand Coulee,105.4,105.4,0.0,1254.3,962.3,292.0,2348.3
2023-05-06,5,2023-05-06T04:00,gcl,Grand Coulee,102.9,102.9,0.0,1254.4,961.8,292.6,2297.3
2023-05-06,6,2023-05-06T05:00,gcl,Grand Coulee,106.7,106.7,0.0,1254.6,962.2,292.4,2380.5
2023-05-06,7,2023-05-06T06:00,gcl,Grand Coulee,106.6,106.6,0.0,1254.7,962.2,292.5,2379.1
2023-05-06,8,2023-05-06T07:00,gcl,Grand Coulee,109.2,109.2,0.0,1254.8,962.2,292.6,2437.9
2023-05-06,9,2023-05-06T08:00,gcl,Grand Coulee,90.2,90.2,0.0,1254.8,961.0,293.8,2022.0
2023-05-06,10,2023-05-06T09:00,gcl,Grand Coulee,86.9,86.9,0.0,1255.0,960.2,294.8,1954.7
2023-05-06,11,2023-05-06T10:00,gcl,Grand Coulee,78.3,78.3,0.0,1255.1,959.8,295.3,1764.2
2023-05-06,12,2023-05-06T11:00,gcl,Grand Coulee,72.8,72.8,0.0,1255.3,959.2,296.1,1644.7
2023-05-06,13,2023-05-06T12:00,gcl,Grand Coulee,82.3,82.3,0.0,1255.5,959.7,295.8,1857.5
2023-05-06,14,2023-05-06T13:00,gcl,Grand Coulee,80.3,80.3,0.0,1255.6,959.7,295.9,1812.9
2023-05-06,15,2023-05-06T14:00,gcl,Grand Coulee,65.6,65.6,0.0,1255.7,958.5,297.2,1487.6
2023-05-06,16,2023-05-06T15:00,gcl,Grand Coulee,56.8,56.8,0.0,1255.9,957.5,298.4,1293.2
2023-05-06,17,2023-05-06T16:00,gcl,Grand Coulee,63.8,63.8,0.0,1256.1,958.0,298.1,1451.1
2023-05-06,18,2023-05-06T17:00,gcl,Grand Coulee,85.3,85.3,0.0,1256.2,959.5,296.7,1931.0
2023-05-06,19,2023-05-06T18:00,gcl,Grand Coulee,129.7,129.7,0.0,1256.2,963.0,293.2,2901.5
2023-05-06,20,2023-05-06T19:00,gcl,Grand Coulee,138.0,138.0,0.0,1256.3,964.3,292.0,3074.6
2023-05-06,21,2023-05-06T20:00,gcl,Grand Coulee,151.5,151.5,0.0,1256.4,965.4,291.0,3363.8
2023-05-06,22,2023-05-06T21:00,gcl,Grand Coulee,147.4,147.4,0.0,1256.5,965.6,290.9,3271.6
2023-05-06,23,2023-05-06T22:00,gcl,Grand Coulee,146.9,146.9,0.0,1256.7,965.5,291.2,3263.9
2023-05-06,24,2023-05-06T23:00,gcl,Grand Coulee,131.0,131.0,0.0,1256.8,964.5,292.3,2921.6
2023-05-07,1,2023-05-07T00:00,gcl,Grand Coulee,125.5,125.5,0.0,1256.9,963.6,293.3,2808.5
2023-05-07,2,2023-05-07T01:00,gcl,Grand Coulee,129.2,129.2,0.0,1256.9,963.8,293.1,2889.4
2023-05-07,3,2023-05-07T02:00,gcl,Grand Coulee,128.2,128.2,0.0,1256.9,963.9,293.0,2866.0
2023-05-07,4,2023-05-07T03:00,gcl,Grand Coulee,124.9,124.9,0.0,1257.0,963.7,293.3,2795.1
2023-05-07,5,2023-05-07T04:00,gcl,Grand Coulee,107.0,107.0,0.0,1257.2,962.3,294.9,2407.6
2023-05-07,6,2023-05-07T05:00,gcl,Grand Coulee,114.9,114.9,0.0,1257.4,962.4,295.0,2586.2
2023-05-07,7,2023-05-07T06:00,gcl,Grand Coulee,103.6,103.6,0.0,1257.5,961.9,295.6,2336.6
2023-05-07,8,2023-05-07T07:00,gcl,Grand Coulee,96.9,96.9,0.0,1257.6,961.1,296.5,2192.2
2023-05-07,9,2023-05-07T08:00,gcl,Grand Coulee,95.1,95.1,0.0,1257.7,960.7,297.0,2155.1
2023-05-07,10,2023-05-07T09:00,gcl,Grand Coulee,92.9,92.9,0.0,1257.8,960.7,297.1,2105.9
2023-05-07,11,2023-05-07T10:00,gcl,Grand Coulee,84.7,84.7,0.0,1258.0,960.1,297.9,1925.2
2023-05-07,12,2023-05-07T11:00,gcl,Grand Coulee,87.0,87.0,0.0,1258.1,960.0,298.1,1978.8
2023-05-07,13,2023-05-07T12:00,gcl,Grand Coulee,97.7,97.7,0.0,1258.2,960.9,297.3,2216.2
2023-05-07,14,2023-05-07T13:00,gcl,Grand Coulee,92.5,92.5,0.0,1258.4,960.8,297.6,2100.4
2023-05-07,15,2023-05-07T14:00,gcl,Grand Coulee,86.7,86.7,0.0,1258.5,959.9,298.6,1975.3
2023-05-07,16,2023-05-07T15:00,gcl,Grand Coulee,98.9,98.9,0.0,1258.6,960.4,298.2,2250.2
2023-05-07,17,2023-05-07T16:00,gcl,Grand Coulee,107.1,107.1,0.0,1258.7,961.4,297.3,2429.5
2023-05-07,18,2023-05-07T17:00,gcl,Grand Coulee,123.4,123.4,0.0,1258.8,962.7,296.1,2787.9
2023-05-07,19,2023-05-07T18:00,gcl,Grand Coulee,162.8,162.8,0.0,1258.8,965.7,293.1,3640.8
2023-05-07,20,2023-05-07T19:00,gcl,Grand Coulee,171.0,171.0,0.0,1258.9,967.4,291.5,3803.3
2023-05-07,21,2023-05-07T20:00,gcl,Grand Coulee,177.9,177.9,0.0,1259.0,968.0,291.0,3950.0
2023-05-07,22,2023-05-07T21:00,gcl,Grand Coulee,168.2,168.2,0.0,1259.0,967.7,291.3,3738.4
2023-05-07,23,2023-05-07T22:00,gcl,Grand Coulee,172.0,172.0,0.0,1259.1,967.7,291.4,3824.2
2023-05-07,24,2023-05-07T23:00,gcl,Grand Coulee,154.3,154.3,0.0,1259.2,966.7,292.5,3443.6
2023-05-08,1,2023-05-08T00:00,gcl,Grand Coulee,154.8,154.8,0.0,1259.2,966.4,292.8,3458.3
2023-05-08,2,2023-05-08T01:00,gcl,Grand Coulee,153.0,153.0,0.0,1259.2,966.4,292.8,3418.1
2023-05-08,3,2023-05-08T02:00,gcl,Grand Coulee,150.9,150.9,0.0,1259.3,966.3,293.0,3373.5
2023-05-08,4,2023-05-08T03:00,gcl,Grand Coulee,154.1,154.1,0.0,1259.4,966.5,292.9,3443.9
2023-05-08,5,2023-05-08T04:00,gcl,Grand Coulee,140.3,140.3,0.0,1259.5,965.5,294.0,3147.2
2023-05-08,6,2023-05-08T05:00,gcl,Grand Coulee,158.5,158.5,0.0,1259.5,966.5,293.0,3543.4
2023-05-08,7,2023-05-08T06:00,gcl,Grand Coulee,141.2,141.2,0.0,1259.6,965.7,293.9,3166.3
2023-05-08,8,2023-05-08T07:00,gcl,Grand Coulee,141.4,141.4,0.0,1259.7,965.3,294.4,3176.2
2023-05-08,9,2023-05-08T08:00,gcl,Grand Coulee,141.0,141.0,0.0,1259.7,965.2,294.5,3168.3
2023-05-08,10,2023-05-08T09:00,gcl,Grand Coulee,146.0,146.0,0.0,1259.7,965.6,294.1,3276.2
2023-05-08,11,2023-05-08T10:00,gcl,Grand Coulee,141.0,141.0,0.0,1259.8,965.2,294.6,3169.4
2023-05-08,12,2023-05-08T11:00,gcl,Grand Coulee,133.3,133.3,0.0,1259.9,964.5,295.4,3004.5
2023-05-08,13,2023-05-08T12:00,gcl,Grand Coulee,156.5,156.5,0.0,1260.0,965.8,294.2,3513.0
2023-05-08,14,2023-05-08T13:00,gcl,Grand Coulee,155.3,155.3,0.0,1260.0,966.3,293.7,3480.2
2023-05-08,15,2023-05-08T14:00,gcl,Grand Coulee,150.4,150.4,0.0,1260.1,966.0,294.1,3375.0
2023-05-08,16,2023-05-08T15:00,gcl,Grand Coulee,148.0,148.0,0.0,1260.1,965.7,294.4,3324.5
2023-05-08,17,2023-05-08T16:00,gcl,Grand Coulee,155.5,155.5,0.0,1260.2,966.1,294.1,3489.4
2023-05-08,18,2023-05-08T17:00,gcl,Grand Coulee,161.9,161.9,0.0,1260.3,966.7,293.6,3626.8
2023-05-08,19,2023-05-08T18:00,gcl,Grand Coulee,169.1,169.1,0.0,1260.3,967.4,292.9,3779.1
2023-05-08,20,2023-05-08T19:00,gcl,Grand Coulee,156.6,156.6,0.0,1260.4,966.8,293.6,3508.1
2023-05-08,21,2023-05-08T20:00,gcl,Grand Coulee,169.6,169.6,0.0,1260.4,967.4,293.0,3791.6
2023-05-08,22,2023-05-08T21:00,gcl,Grand Coulee,160.8,160.8,0.0,1260.5,967.1,293.4,3599.7
2023-05-08,23,2023-05-08T22:00,gcl,Grand Coulee,163.3,163.3,0.0,1260.5,967.2,293.3,3654.5
2023-05-08,24,2023-05-08T23:00,gcl,Grand Coulee,152.5,152.5,0.0,1260.6,966.6,294.0,3420.9
2023-05-09,1,2023-05-09T00:00,gcl,Grand Coulee,164.9,164.9,0.0,1260.6,967.1,293.5,3692.8
2023-05-09,2,2023-05-09T01:00,gcl,Grand Coulee,146.4,146.4,0.0,1260.7,966.2,294.5,3289.7
2023-05-09,3,2023-05-09T02:00,gcl,Grand Coulee,163.0,163.0,0.0,1260.7,966.9,293.8,3654.0
2023-05-09,4,2023-05-09T03:00,gcl,Grand Coulee,161.1,161.1,0.0,1260.7,967.2,293.5,3607.7
2023-05-09,5,2023-05-09T04:00,gcl,Grand Coulee,153.4,153.4,0.0,1260.9,966.6,294.3,3444.6
2023-05-09,6,2023-05-09T05:00,gcl,Grand Coulee,158.6,158.6,0.0,1260.9,966.8,294.1,3559.0
2023-05-09,7,2023-05-09T06:00,gcl,Grand Coulee,169.2,169.2,0.0,1260.9,967.7,293.2,3785.2
2023-05-09,8,2023-05-09T07:00,gcl,Grand Coulee,160.6,160.6,0.0,1261.0,967.4,293.6,3597.7
2023-05-09,9,2023-05-09T08:00,gcl,Grand Coulee,156.8,156.8,0.0,1261.0,967.0,294.0,3517.4
2023-05-09,10,2023-05-09T09:00,gcl,Grand Coulee,144.9,144.9,0.0,1261.1,965.9,295.2,3263.7
2023-05-09,11,2023-05-09T10:00,gcl,Grand Coulee,156.8,156.8,0.0,1261.1,966.3,294.8,3526.9
2023-05-09,12,2023-05-09T11:00,gcl,Grand Coulee,158.7,158.7,0.0,1261.1,966.9,294.2,3562.4
2023-05-09,13,2023-05-09T12:00,gcl,Grand Coulee,164.9,164.9,0.0,1261.2,967.4,293.8,3696.6
2023-05-09,14,2023-05-09T13:00,gcl,Grand Coulee,164.9,164.9,0.0,1261.2,967.6,293.6,3694.0
2023-05-09,15,2023-05-09T14:00,gcl,Grand Coulee,161.1,161.1,0.0,1261.3,967.3,294.0,3613.8
2023-05-09,16,2023-05-09T15:00,gcl,Grand Coulee,162.6,162.6,0.0,1261.4,967.3,294.1,3648.7
2023-05-09,17,2023-05-09T16:00,gcl,Grand Coulee,161.6,161.6,0.0,1261.4,967.3,294.1,3626.3
2023-05-09,18,2023-05-09T17:00,gcl,Grand Coulee,163.9,163.9,0.0,1261.4,967.4,294.0,3676.6
2023-05-09,19,2023-05-09T18:00,gcl,Grand Coulee,152.3,152.3,0.0,1261.5,966.9,294.6,3423.4
2023-05-09,20,2023-05-09T19:00,gcl,Grand Coulee,165.7,165.7,0.0,1261.5,967.4,294.1,3718.3
2023-05-09,21,2023-05-09T20:00,gcl,Grand Coulee,178.0,178.0,0.0,1261.6,968.3,293.3,3983.4
2023-05-09,22,2023-05-09T21:00,gcl,Grand Coulee,178.3,178.3,0.0,1261.6,968.6,293.0,3986.1
2023-05-09,23,2023-05-09T22:00,gcl,Grand Coulee,179.5,179.5,0.0,1261.3,968.8,292.5,4006.0
2023-05-09,24,2023-05-09T23:00,gcl,Grand Coulee,183.2,183.2,0.0,1261.6,969.1,292.5,4088.6
2023-05-10,1,2023-05-10T00:00,gcl,Grand Coulee,184.0,184.0,0.0,1261.6,969.3,292.3,4103.7
2023-05-10,2,2023-05-10T01:00,gcl,Grand Coulee,185.0,185.0,0.0,1261.7,969.4,292.3,4126.0
2023-05-10,3,2023-05-10T02:00,gcl,Grand Coulee,188.0,188.0,0.0,1261.7,969.7,292.0,4188.6
2023-05-10,4,2023-05-10T03:00,gcl,Grand Coulee,188.4,188.4,0.0,1261.7,969.8,291.9,4196.0
2023-05-10,5,2023-05-10T04:00,gcl,Grand Coulee,175.8,175.8,0.0,1261.7,969.0,292.7,3926.1
2023-05-10,6,2023-05-10T05:00,gcl,Grand Coulee,175.4,175.4,0.0,1261.8,968.6,293.2,3923.9
2023-05-10,7,2023-05-10T06:00,gcl,Grand Coulee,178.1,178.1,0.0,1261.8,968.8,293.0,3981.6
2023-05-10,8,2023-05-10T07:00,gcl,Grand Coulee,156.6,156.6,0.0,1261.8,967.5,294.3,3516.5
2023-05-10,9,2023-05-10T08:00,gcl,Grand Coulee,168.4,168.4,0.0,1261.8,967.7,294.1,3778.9
2023-05-10,10,2023-05-10T09:00,gcl,Grand Coulee,154.6,154.6,0.0,1261.9,967.0,294.9,3478.6
2023-05-10,11,2023-05-10T10:00,gcl,Grand Coulee,158.3,158.3,0.0,1262.0,966.9,295.1,3564.3
2023-05-10,12,2023-05-10T11:00,gcl,Grand Coulee,154.7,154.7,0.0,1262.0,966.6,295.4,3486.8
2023-05-10,13,2023-05-10T12:00,gcl,Grand Coulee,166.6,166.6,0.0,1262.0,967.3,294.7,3746.1
2023-05-10,14,2023-05-10T13:00,gcl,Grand Coulee,171.3,171.3,0.0,1262.0,967.9,294.1,3843.9
2023-05-10,15,2023-05-10T14:00,gcl,Grand Coulee,177.1,177.1,0.0,1262.0,968.3,293.7,3968.7
2023-05-10,16,2023-05-10T15:00,gcl,Grand Coulee,173.3,173.3,0.0,1262.1,968.3,293.8,3884.9
2023-05-10,17,2023-05-10T16:00,gcl,Grand Coulee,156.9,156.9,0.0,1262.2,967.2,295.0,3531.6
2023-05-10,18,2023-05-10T17:00,gcl,Grand Coulee,153.2,153.2,0.0,1262.3,966.5,295.8,3457.7
2023-05-10,19,2023-05-10T18:00,gcl,Grand Coulee,178.4,178.4,0.0,1262.2,967.7,294.5,4008.7
2023-05-10,20,2023-05-10T19:00,gcl,Grand Coulee,181.0,181.0,0.0,1262.2,968.8,293.4,4051.9
2023-05-10,21,2023-05-10T20:00,gcl,Grand Coulee,183.9,183.9,0.0,1262.2,969.0,293.2,4114.1
2023-05-10,22,2023-05-10T21:00,gcl,Grand Coulee,179.0,179.0,0.0,1262.2,968.8,293.4,4007.2
2023-05-10,23,2023-05-10T22:00,gcl,Grand Coulee,185.3,185.3,0.0,1262.2,968.8,293.4,4148.2
2023-05-10,24,2023-05-10T23:00,gcl,Grand Coulee,173.2,173.2,0.0,1262.3,968.7,293.6,3880.0
2023-05-11,1,2023-05-11T00:00,gcl,Grand Coulee,168.2,168.2,0.0,1262.3,967.6,294.7,3782.1
2023-05-11,2,2023-05-11T01:00,gcl,Grand Coulee,160.0,160.0,0.0,1262.3,967.0,295.3,3605.0
2023-05-11,3,2023-05-11T02:00,gcl,Grand Coulee,152.1,152.1,0.0,1262.3,966.2,296.1,3436.3
2023-05-11,4,2023-05-11T03:00,gcl,Grand Coulee,143.5,143.5,0.0,1262.4,965.2,297.2,3254.1
2023-05-11,5,2023-05-11T04:00,gcl,Grand Coulee,139.5,139.5,0.0,1262.4,964.6,297.8,3169.7
2023-05-11,6,2023-05-11T05:00,gcl,Grand Coulee,150.2,150.2,0.0,1262.5,965.3,297.2,3406.0
2023-05-11,7,2023-05-11T06:00,gcl,Grand Coulee,146.6,146.6,0.0,1262.5,965.4,297.1,3323.2
2023-05-11,8,2023-05-11T07:00,gcl,Grand Coulee,154.7,154.7,0.0,1262.6,965.9,296.7,3502.1
2023-05-11,9,2023-05-11T08:00,gcl,Grand Coulee,148.7,148.7,0.0,1262.6,965.5,297.1,3370.8
2023-05-11,10,2023-05-11T09:00,gcl,Grand Coulee,150.1,150.1,0.0,1262.6,965.5,297.1,3402.6
2023-05-11,11,2023-05-11T10:00,gcl,Grand Coulee,142.1,142.1,0.0,1262.8,965.1,297.7,3227.7
2023-05-11,12,2023-05-11T11:00,gcl,Grand Coulee,127.1,127.1,0.0,1262.9,963.6,299.3,2902.5
2023-05-11,13,2023-05-11T12:00,gcl,Grand Coulee,134.8,134.8,0.0,1262.9,963.3,299.6,3081.5
2023-05-11,14,2023-05-11T13:00,gcl,Grand Coulee,126.6,126.6,0.0,1263.0,963.4,299.6,2894.0
2023-05-11,15,2023-05-11T14:00,gcl,Grand Coulee,146.5,146.5,0.0,1263.0,964.8,298.2,3333.3
2023-05-11,16,2023-05-11T15:00,gcl,Grand Coulee,135.7,135.7,0.0,1263.0,964.6,298.4,3089.6
2023-05-11,17,2023-05-11T16:00,gcl,Grand Coulee,124.9,124.9,0.0,1263.2,963.6,299.6,2855.1
2023-05-11,18,2023-05-11T17:00,gcl,Grand Coulee,131.8,131.8,0.0,1263.2,963.5,299.7,3013.9
2023-05-11,19,2023-05-11T18:00,gcl,Grand Coulee,167.4,167.4,0.0,1263.2,966.1,297.1,3794.7
2023-05-11,20,2023-05-11T19:00,gcl,Grand Coulee,161.3,161.3,0.0,1263.3,966.5,296.8,3652.8
2023-05-11,21,2023-05-11T20:00,gcl,Grand Coulee,171.7,171.7,0.0,1263.3,967.2,296.1,3879.1
2023-05-11,22,2023-05-11T21:00,gcl,Grand Coulee,165.9,165.9,0.0,1263.3,967.1,296.2,3749.3
2023-05-11,23,2023-05-11T22:00,gcl,Grand Coulee,170.5,170.5,0.0,1263.4,967.3,296.1,3852.0
2023-05-11,24,2023-05-11T23:00,gcl,Grand Coulee,169.0,169.0,0.0,1263.4,967.3,296.1,3818.1
2023-05-12,1,2023-05-12T00:00,gcl,Grand Coulee,178.3,178.3,0.0,1263.4,968.0,295.4,4018.7
2023-05-12,2,2023-05-12T01:00,gcl,Grand Coulee,171.3,171.3,0.0,1263.5,967.8,295.7,3864.9
2023-05-12,3,2023-05-12T02:00,gcl,Grand Coulee,165.1,165.1,0.0,1263.5,967.3,296.2,3731.3
2023-05-12,4,2023-05-12T03:00,gcl,Grand Coulee,166.0,166.0,0.0,1263.5,967.3,296.2,3751.6
2023-05-12,5,2023-05-12T04:00,gcl,Grand Coulee,157.3,157.3,0.0,1263.6,966.7,296.9,3563.4
2023-05-12,6,2023-05-12T05:00,gcl,Grand Coulee,142.8,142.8,0.0,1263.7,965.5,298.2,3249.1
2023-05-12,7,2023-05-12T06:00,gcl,Grand Coulee,158.4,158.4,0.0,1263.7,966.3,297.4,3594.4
2023-05-12,8,2023-05-12T07:00,gcl,Grand Coulee,155.7,155.7,0.0,1263.7,966.5,297.2,3530.7
2023-05-12,9,2023-05-12T08:00,gcl,Grand Coulee,149.0,149.0,0.0,1263.7,966.0,297.7,3384.5
2023-05-12,10,2023-05-12T09:00,gcl,Grand Coulee,160.7,160.7,0.0,1263.7,966.6,297.1,3642.9
2023-05-12,11,2023-05-12T10:00,gcl,Grand Coulee,167.4,167.4,0.0,1263.7,967.3,296.4,3785.8
2023-05-12,12,2023-05-12T11:00,gcl,Grand Coulee,166.4,166.4,0.0,1263.8,967.4,296.4,3763.2
2023-05-12,13,2023-05-12T12:00,gcl,Grand Coulee,166.0,166.0,0.0,1263.8,967.3,296.5,3755.4
2023-05-12,14,2023-05-12T13:00,gcl,Grand Coulee,176.0,176.0,0.0,1263.8,967.9,295.9,3973.6
2023-05-12,15,2023-05-12T14:00,gcl,Grand Coulee,181.8,181.8,0.0,1263.8,968.7,295.1,4093.4
2023-05-12,16,2023-05-12T15:00,gcl,Grand Coulee,177.9,177.9,0.0,1263.8,968.7,295.1,4005.6
2023-05-12,17,2023-05-12T16:00,gcl,Grand Coulee,172.0,172.0,0.0,1263.8,968.1,295.7,3880.6
2023-05-12,18,2023-05-12T17:00,gcl,Grand Coulee,175.3,175.3,0.0,1263.8,968.2,295.6,3953.8
2023-05-12,19,2023-05-12T18:00,gcl,Grand Coulee,188.8,188.8,0.0,1263.8,969.3,294.5,4242.4
2023-05-12,20,2023-05-12T19:00,gcl,Grand Coulee,177.3,177.3,0.0,1263.8,969.0,294.8,3988.1
2023-05-12,21,2023-05-12T20:00,gcl,Grand Coulee,174.3,174.3,0.0,1263.9,968.5,295.4,3928.6
2023-05-12,22,2023-05-12T21:00,gcl,Grand Coulee,177.4,177.4,0.0,1263.9,968.7,295.2,3995.7
2023-05-12,23,2023-05-12T22:00,gcl,Grand Coulee,163.3,163.3,0.0,1263.9,968.0,295.9,3686.9
2023-05-12,24,2023-05-12T23:00,gcl,Grand Coulee,168.0,168.0,0.0,1264.0,968.0,296.0,3794.2
2023-05-13,1,2023-05-13T00:00,gcl,Grand Coulee,167.4,167.4,0.0,1264.0,968.0,296.0,3780.7
2023-05-13,2,2023-05-13T01:00,gcl,Grand Coulee,160.6,160.6,0.0,1264.0,967.6,296.4,3632.0
2023-05-13,3,2023-05-13T02:00,gcl,Grand Coulee,154.0,154.0,0.0,1264.0,967.0,297.0,3489.8
2023-05-13,4,2023-05-13T03:00,gcl,Grand Coulee,165.0,165.0,0.0,1264.0,967.5,296.5,3732.8
2023-05-13,5,2023-05-13T04:00,gcl,Grand Coulee,152.9,152.9,0.0,1264.0,967.0,297.0,3464.9
2023-05-13,6,2023-05-13T05:00,gcl,Grand Coulee,157.1,157.1,0.0,1264.1,966.9,297.2,3562.5
2023-05-13,7,2023-05-13T06:00,gcl,Grand Coulee,165.6,165.6,0.0,1264.1,967.5,296.6,3747.6
2023-05-13,8,2023-05-13T07:00,gcl,Grand Coulee,137.5,137.5,0.0,1264.2,965.6,298.6,3132.7
2023-05-13,9,2023-05-13T08:00,gcl,Grand Coulee,129.7,129.7,0.0,1264.3,964.3,300.0,2968.8
2023-05-13,10,2023-05-13T09:00,gcl,Grand Coulee,142.2,142.2,0.0,1264.2,964.8,299.4,3248.4
2023-05-13,11,2023-05-13T10:00,gcl,Grand Coulee,141.7,141.7,0.0,1264.3,965.0,299.3,3235.9
2023-05-13,12,2023-05-13T11:00,gcl,Grand Coulee,139.1,139.1,0.0,1264.3,964.4,299.9,3182.9
2023-05-13,13,2023-05-13T12:00,gcl,Grand Coulee,151.7,151.7,0.0,1264.3,965.3,299.0,3460.8
2023-05-13,14,2023-05-13T13:00,gcl,Grand Coulee,152.3,152.3,0.0,1264.3,965.6,298.7,3471.0
2023-05-13,15,2023-05-13T14:00,gcl,Grand Coulee,154.8,154.8,0.0,1264.4,965.8,298.6,3526.8
2023-05-13,16,2023-05-13T15:00,gcl,Grand Coulee,174.4,174.4,0.0,1264.4,967.3,297.1,3953.4
2023-05-13,17,2023-05-13T16:00,gcl,Grand Coulee,170.4,170.4,0.0,1264.4,967.6,296.8,3858.9
2023-05-13,18,2023-05-13T17:00,gcl,Grand Coulee,158.4,158.4,0.0,1264.5,966.7,297.8,3599.2
2023-05-13,19,2023-05-13T18:00,gcl,Grand Coulee,169.3,169.3,0.0,1264.5,967.1,297.4,3841.7
2023-05-13,20,2023-05-13T19:00,gcl,Grand Coulee,161.9,161.9,0.0,1264.4,966.9,297.5,3675.0
2023-05-13,21,2023-05-13T20:00,gcl,Grand Coulee,164.7,164.7,0.0,1264.5,966.8,297.7,3741.1
2023-05-13,22,2023-05-13T21:00,gcl,Grand Coulee,175.1,175.1,0.0,1264.4,967.7,296.7,3964.0
2023-05-13,23,2023-05-13T22:00,gcl,Grand Coulee,167.4,167.4,0.0,1264.4,967.5,296.9,3792.2
2023-05-13,24,2023-05-13T23:00,gcl,Grand Coulee,163.5,163.5,0.0,1264.5,967.1,297.4,3710.1
2023-05-14,1,2023-05-14T00:00,gcl,Grand Coulee,166.4,166.4,0.0,1264.5,967.2,297.3,3774.6
2023-05-14,2,2023-05-14T01:00,gcl,Grand Coulee,155.7,155.7,0.0,1264.6,966.6,298.0,3540.2
2023-05-14,3,2023-05-14T02:00,gcl,Grand Coulee,149.9,149.9,0.0,1264.6,965.8,298.8,3417.5
2023-05-14,4,2023-05-14T03:00,gcl,Grand Coulee,155.5,155.5,0.0,1264.6,966.1,298.5,3541.6
2023-05-14,5,2023-05-14T04:00,gcl,Grand Coulee,147.0,147.0,0.0,1264.6,965.7,298.9,3352.5
2023-05-14,6,2023-05-14T05:00,gcl,Grand Coulee,149.3,149.3,0.0,1264.6,965.5,299.1,3407.2
2023-05-14,7,2023-05-14T06:00,gcl,Grand Coulee,154.1,154.1,0.0,1264.6,965.9,298.7,3512.1
2023-05-14,8,2023-05-14T07:00,gcl,Grand Coulee,142.7,142.7,0.0,1264.6,965.4,299.2,3257.7
2023-05-14,9,2023-05-14T08:00,gcl,Grand Coulee,158.6,158.6,0.0,1264.7,966.0,298.7,3614.6
2023-05-14,10,2023-05-14T09:00,gcl,Grand Coulee,149.3,149.3,0.0,1264.8,965.8,299.0,3406.1
2023-05-14,11,2023-05-14T10:00,gcl,Grand Coulee,160.9,160.9,0.0,1264.8,965.5,299.3,3674.4
2023-05-14,12,2023-05-14T11:00,gcl,Grand Coulee,155.6,155.6,0.0,1264.8,966.6,298.2,3540.3
2023-05-14,13,2023-05-14T12:00,gcl,Grand Coulee,163.0,163.0,0.0,1264.7,966.8,297.9,3705.0
2023-05-14,14,2023-05-14T13:00,gcl,Grand Coulee,159.6,159.6,0.0,1264.7,966.7,298.0,3628.9
2023-05-14,15,2023-05-14T14:00,gcl,Grand Coulee,162.0,162.0,0.0,1264.8,966.8,298.0,3683.5
2023-05-14,16,2023-05-14T15:00,gcl,Grand Coulee,164.2,164.2,0.0,1264.8,967.0,297.8,3731.0
2023-05-14,17,2023-05-14T16:00,gcl,Grand Coulee,163.2,163.2,0.0,1264.9,966.9,298.0,3710.7
2023-05-14,18,2023-05-14T17:00,gcl,Grand Coulee,175.3,175.3,0.0,1264.8,967.8,297.0,3972.5
2023-05-14,19,2023-05-14T18:00,gcl,Grand Coulee,189.4,189.4,0.0,1264.8,969.1,295.7,4273.2
2023-05-14,20,2023-05-14T19:00,gcl,Grand Coulee,191.2,191.2,0.0,1264.7,969.6,295.1,4305.1
2023-05-14,21,2023-05-14T20:00,gcl,Grand Coulee,192.2,192.2,0.0,1264.7,969.9,294.8,4323.2
2023-05-14,22,2023-05-14T21:00,gcl,Grand Coulee,184.1,184.1,0.0,1264.8,969.3,295.5,4150.8
2023-05-14,23,2023-05-14T22:00,gcl,Grand Coulee,174.5,174.5,0.0,1264.9,968.5,296.4,3946.4
2023-05-14,24,2023-05-14T23:00,gcl,Grand Coulee,164.9,164.9,0.0,1264.9,967.6,297.3,3740.6
2023-05-15,1,2023-05-15T00:00,gcl,Grand Coulee,162.8,162.8,0.0,1264.9,967.0,297.9,3700.4
2023-05-15,2,2023-05-15T01:00,gcl,Grand Coulee,177.3,177.3,0.0,1264.8,968.0,296.8,4015.1
2023-05-15,3,2023-05-15T02:00,gcl,Grand Coulee,173.6,173.6,0.0,1264.8,968.1,296.7,3930.0
2023-05-15,4,2023-05-15T03:00,gcl,Grand Coulee,171.2,171.2,0.0,1264.8,967.8,297.0,3879.6
2023-05-15,5,2023-05-15T04:00,gcl,Grand Coulee,181.7,181.7,0.0,1264.8,968.5,296.3,4107.8
2023-05-15,6,2023-05-15T05:00,gcl,Grand Coulee,182.3,182.3,0.0,1264.9,968.8,296.1,4118.6
2023-05-15,7,2023-05-15T06:00,gcl,Grand Coulee,179.9,179.9,0.0,1264.9,968.7,296.2,4065.8
2023-05-15,8,2023-05-15T07:00,gcl,Grand Coulee,183.9,183.9,0.0,1264.8,968.9,295.9,4151.9
2023-05-15,9,2023-05-15T08:00,gcl,Grand Coulee,175.9,175.9,0.0,1264.8,968.4,296.4,3978.0
2023-05-15,10,2023-05-15T09:00,gcl,Grand Coulee,185.5,185.5,0.0,1264.8,968.9,295.9,4188.1
2023-05-15,11,2023-05-15T10:00,gcl,Grand Coulee,185.3,185.3,0.0,1264.8,969.1,295.7,4180.7
2023-05-15,12,2023-05-15T11:00,gcl,Grand Coulee,184.3,184.3,0.0,1264.8,969.0,295.8,4159.6
2023-05-15,13,2023-05-15T12:00,gcl,Grand Coulee,185.1,185.1,0.0,1264.8,969.2,295.6,4174.8
2023-05-15,14,2023-05-15T13:00,gcl,Grand Coulee,181.9,181.9,0.0,1264.8,969.1,295.7,4104.0
2023-05-15,15,2023-05-15T14:00,gcl,Grand Coulee,172.1,172.1,0.0,1264.8,968.2,296.6,3894.7
2023-05-15,16,2023-05-15T15:00,gcl,Grand Coulee,168.7,168.7,0.0,1264.8,967.8,297.0,3822.9
2023-05-15,17,2023-05-15T16:00,gcl,Grand Coulee,176.5,176.5,0.0,1264.8,968.3,296.5,3993.0
2023-05-15,18,2023-05-15T17:00,gcl,Grand Coulee,165.1,165.1,0.0,1264.8,967.6,297.2,3743.9
2023-05-15,19,2023-05-15T18:00,gcl,Grand Coulee,163.8,163.8,0.0,1264.8,967.3,297.5,3718.1
2023-05-15,20,2023-05-15T19:00,gcl,Grand Coulee,159.0,159.0,0.0,1264.9,966.8,298.1,3616.5
2023-05-15,21,2023-05-15T20:00,gcl,Grand Coulee,167.2,167.2,0.0,1264.9,967.2,297.7,3797.9
2023-05-15,22,2023-05-15T21:00,gcl,Grand Coulee,163.8,163.8,0.0,1265.0,967.4,297.6,3719.4
2023-05-15,23,2023-05-15T22:00,gcl,Grand Coulee,154.4,154.4,0.0,1265.0,966.5,298.5,3516.5
2023-05-15,24,2023-05-15T23:00,gcl,Grand Coulee,159.0,159.0,0.0,1265.0,966.6,298.4,3620.1
2023-05-16,1,2023-05-16T00:00,gcl,Grand Coulee,161.0,161.0,0.0,1265.0,967.0,298.0,3660.7
2023-05-16,2,2023-05-16T01:00,gcl,Grand Coulee,137.6,137.6,0.0,1265.1,965.3,299.8,3147.6
2023-05-16,3,2023-05-16T02:00,gcl,Grand Coulee,134.2,134.2,0.0,1265.2,964.5,300.7,3079.0
2023-05-16,4,2023-05-16T03:00,gcl,Grand Coulee,132.2,132.2,0.0,1265.2,964.4,300.8,3034.1
2023-05-16,5,2023-05-16T04:00,gcl,Grand Coulee,145.7,145.7,0.0,1265.3,965.1,300.2,3337.3
2023-05-16,6,2023-05-16T05:00,gcl,Grand Coulee,170.6,170.6,0.0,1265.2,967.4,297.8,3876.4
2023-05-16,7,2023-05-16T06:00,gcl,Grand Coulee,175.7,175.7,0.0,1265.2,968.2,297.0,3981.6
2023-05-16,8,2023-05-16T07:00,gcl,Grand Coulee,182.8,182.8,0.0,1265.3,968.9,296.4,4134.1
2023-05-16,9,2023-05-16T08:00,gcl,Grand Coulee,174.1,174.1,0.0,1265.4,968.5,296.9,3944.0
2023-05-16,10,2023-05-16T09:00,gcl,Grand Coulee,165.9,165.9,0.0,1265.4,967.8,297.6,3767.1
2023-05-16,11,2023-05-16T10:00,gcl,Grand Coulee,165.4,165.4,0.0,1265.4,967.4,298.0,3760.8
2023-05-16,12,2023-05-16T11:00,gcl,Grand Coulee,154.9,154.9,0.0,1265.4,966.6,298.8,3531.5
2023-05-16,13,2023-05-16T12:00,gcl,Grand Coulee,190.8,190.8,0.0,1265.3,968.9,296.4,4315.0
2023-05-16,14,2023-05-16T13:00,gcl,Grand Coulee,191.4,191.4,0.0,1265.2,969.9,295.3,4312.5
2023-05-16,15,2023-05-16T14:00,gcl,Grand Coulee,191.3,191.3,0.0,1265.3,969.9,295.4,4311.7
2023-05-16,16,2023-05-16T15:00,gcl,Grand Coulee,190.6,190.6,0.0,1265.3,969.9,295.4,4295.9
2023-05-16,17,2023-05-16T16:00,gcl,Grand Coulee,191.4,191.4,0.0,1265.4,969.9,295.5,4315.4
2023-05-16,18,2023-05-16T17:00,gcl,Grand Coulee,191.4,191.4,0.0,1265.4,969.9,295.5,4315.4
2023-05-16,19,2023-05-16T18:00,gcl,Grand Coulee,189.4,189.4,0.0,1265.4,969.7,295.7,4273.2
2023-05-16,20,2023-05-16T19:00,gcl,Grand Coulee,190.1,190.1,0.0,1265.3,969.8,295.5,4286.1
2023-05-16,21,2023-05-16T20:00,gcl,Grand Coulee,189.2,189.2,0.0,1265.3,969.7,295.6,4267.3
2023-05-16,22,2023-05-16T21:00,gcl,Grand Coulee,191.3,191.3,0.0,1265.3,969.9,295.4,4311.7
2023-05-16,23,2023-05-16T22:00,gcl,Grand Coulee,186.6,186.6,0.0,1265.4,969.5,295.9,4212.9
2023-05-16,24,2023-05-16T23:00,gcl,Grand Coulee,188.1,188.1,0.0,1265.4,969.4,296.0,4248.2
2023-05-17,1,2023-05-17T00:00,gcl,Grand Coulee,187.2,187.2,0.0,1265.4,969.5,295.9,4226.4
2023-05-17,2,2023-05-17T01:00,gcl,Grand Coulee,190.6,190.6,0.0,1265.4,969.7,295.7,4300.3
2023-05-17,3,2023-05-17T02:00,gcl,Grand Coulee,187.9,187.9,0.0,1265.3,969.6,295.7,4239.4
2023-05-17,4,2023-05-17T03:00,gcl,Grand Coulee,182.8,182.8,0.0,1265.4,969.2,296.2,4131.3
2023-05-17,5,2023-05-17T04:00,gcl,Grand Coulee,186.4,186.4,0.0,1265.4,969.3,296.1,4211.2
2023-05-17,6,2023-05-17T05:00,gcl,Grand Coulee,179.9,179.9,0.0,1265.4,969.1,296.3,4067.1
2023-05-17,7,2023-05-17T06:00,gcl,Grand Coulee,180.0,180.0,0.0,1265.4,968.8,296.6,4073.5
2023-05-17,8,2023-05-17T07:00,gcl,Grand Coulee,186.5,186.5,0.0,1265.4,969.4,296.0,4212.1
2023-05-17,9,2023-05-17T08:00,gcl,Grand Coulee,186.6,186.6,0.0,1265.4,969.5,295.9,4212.9
2023-05-17,10,2023-05-17T09:00,gcl,Grand Coulee,190.7,190.7,0.0,1265.4,969.9,295.5,4299.6
2023-05-17,11,2023-05-17T10:00,gcl,Grand Coulee,188.3,188.3,0.0,1265.4,969.9,295.5,4245.5
2023-05-17,12,2023-05-17T11:00,gcl,Grand Coulee,188.7,188.7,0.0,1265.4,969.9,295.5,4254.6
2023-05-17,13,2023-05-17T12:00,gcl,Grand Coulee,187.3,187.3,0.0,1265.5,969.8,295.7,4225.8
2023-05-17,14,2023-05-17T13:00,gcl,Grand Coulee,189.7,189.7,0.0,1265.5,969.9,295.6,4278.5
2023-05-17,15,2023-05-17T14:00,gcl,Grand Coulee,189.0,189.0,0.0,1265.4,970.0,295.4,4259.9
2023-05-17,16,2023-05-17T15:00,gcl,Grand Coulee,188.9,188.9,0.0,1265.4,969.9,295.5,4259.1
2023-05-17,17,2023-05-17T16:00,gcl,Grand Coulee,172.6,172.6,0.0,1265.4,968.8,296.6,3906.0
2023-05-17,18,2023-05-17T17:00,gcl,Grand Coulee,168.1,168.1,0.0,1265.5,968.1,297.4,3814.5
2023-05-17,19,2023-05-17T18:00,gcl,Grand Coulee,178.6,178.6,0.0,1265.5,968.6,296.9,4045.9
2023-05-17,20,2023-05-17T19:00,gcl,Grand Coulee,179.2,179.2,0.0,1265.5,969.0,296.5,4054.0
2023-05-17,21,2023-05-17T20:00,gcl,Grand Coulee,178.9,178.9,0.0,1265.5,969.0,296.5,4047.2
2023-05-17,22,2023-05-17T21:00,gcl,Grand Coulee,190.3,190.3,0.0,1265.5,969.9,295.6,4292.1
2023-05-17,23,2023-05-17T22:00,gcl,Grand Coulee,187.8,187.8,0.0,1265.5,970.2,295.3,4231.4
2023-05-17,24,2023-05-17T23:00,gcl,Grand Coulee,160.6,160.6,0.0,1265.6,968.2,297.4,3644.3
2023-05-18,1,2023-05-18T00:00,gcl,Grand Coulee,187.0,187.0,0.0,1265.6,969.4,296.2,4226.2
2023-05-18,2,2023-05-18T01:00,gcl,Grand Coulee,180.9,180.9,0.0,1265.6,969.4,296.2,4088.4
2023-05-18,3,2023-05-18T02:00,gcl,Grand Coulee,175.1,175.1,0.0,1265.7,968.9,296.8,3965.3
2023-05-18,4,2023-05-18T03:00,gcl,Grand Coulee,175.8,175.8,0.0,1265.6,968.7,296.9,3982.5
2023-05-18,5,2023-05-18T04:00,gcl,Grand Coulee,167.9,167.9,0.0,1265.7,968.1,297.6,3812.5
2023-05-18,6,2023-05-18T05:00,gcl,Grand Coulee,175.7,175.7,0.0,1265.7,968.4,297.3,3985.6
2023-05-18,7,2023-05-18T06:00,gcl,Grand Coulee,182.4,182.4,0.0,1265.7,968.7,297.0,4133.4
2023-05-18,8,2023-05-18T07:00,gcl,Grand Coulee,165.7,165.7,0.0,1265.8,968.1,297.7,3763.8
2023-05-18,9,2023-05-18T08:00,gcl,Grand Coulee,172.4,172.4,0.0,1265.8,967.8,298.0,3919.9
2023-05-18,10,2023-05-18T09:00,gcl,Grand Coulee,174.7,174.7,0.0,1265.8,968.1,297.7,3968.2
2023-05-18,11,2023-05-18T10:00,gcl,Grand Coulee,188.8,188.8,0.0,1265.8,969.3,296.5,4271.2
2023-05-18,12,2023-05-18T11:00,gcl,Grand Coulee,189.7,189.7,0.0,1265.8,969.7,296.1,4285.8
2023-05-18,13,2023-05-18T12:00,gcl,Grand Coulee,187.7,187.7,0.0,1265.9,969.7,296.2,4242.0
2023-05-18,14,2023-05-18T13:00,gcl,Grand Coulee,180.4,180.4,0.0,1265.9,969.2,296.7,4083.9
2023-05-18,15,2023-05-18T14:00,gcl,Grand Coulee,168.1,168.1,0.0,1266.0,968.1,297.9,3820.9
2023-05-18,16,2023-05-18T15:00,gcl,Grand Coulee,170.5,170.5,0.0,1266.0,967.9,298.1,3878.0
2023-05-18,17,2023-05-18T16:00,gcl,Grand Coulee,168.0,168.0,0.0,1266.0,967.8,298.2,3822.4
2023-05-18,18,2023-05-18T17:00,gcl,Grand Coulee,173.4,173.4,0.0,1266.0,968.1,297.9,3941.3
2023-05-18,19,2023-05-18T18:00,gcl,Grand Coulee,177.7,177.7,0.0,1266.0,968.4,297.6,4035.0
2023-05-18,20,2023-05-18T19:00,gcl,Grand Coulee,186.0,186.0,0.0,1266.0,969.2,296.8,4212.1
2023-05-18,21,2023-05-18T20:00,gcl,Grand Coulee,193.4,193.4,0.0,1266.1,969.9,296.2,4370.9
2023-05-18,22,2023-05-18T21:00,gcl,Grand Coulee,191.2,191.2,0.0,1266.1,970.0,296.1,4319.7
2023-05-18,23,2023-05-18T22:00,gcl,Grand Coulee,178.9,178.9,0.0,1266.2,969.7,296.5,4047.2
2023-05-18,24,2023-05-18T23:00,gcl,Grand Coulee,185.3,185.3,0.0,1266.2,969.4,296.8,4196.3
2023-05-19,1,2023-05-19T00:00,gcl,Grand Coulee,164.0,164.0,0.0,1266.2,968.2,298.0,3728.9
2023-05-19,2,2023-05-19T01:00,gcl,Grand Coulee,151.6,151.6,0.0,1266.3,966.8,299.5,3464.3
2023-05-19,3,2023-05-19T02:00,gcl,Grand Coulee,162.4,162.4,0.0,1266.3,967.2,299.1,3706.2
2023-05-19,4,2023-05-19T03:00,gcl,Grand Coulee,165.2,165.2,0.0,1266.3,967.7,298.6,3763.8
2023-05-19,5,2023-05-19T04:00,gcl,Grand Coulee,167.3,167.3,0.0,1266.3,967.9,298.4,3809.1
2023-05-19,6,2023-05-19T05:00,gcl,Grand Coulee,173.3,173.3,0.0,1266.3,968.3,298.0,3940.4
2023-05-19,7,2023-05-19T06:00,gcl,Grand Coulee,183.2,183.2,0.0,1266.3,969.1,297.2,4154.3
2023-05-19,8,2023-05-19T07:00,gcl,Grand Coulee,174.4,174.4,0.0,1266.4,968.4,298.0,3965.4
2023-05-19,9,2023-05-19T08:00,gcl,Grand Coulee,167.1,167.1,0.0,1266.5,968.1,298.4,3804.5
2023-05-19,10,2023-05-19T09:00,gcl,Grand Coulee,170.8,170.8,0.0,1266.4,968.2,298.2,3886.2
2023-05-19,11,2023-05-19T10:00,gcl,Grand Coulee,186.5,186.5,0.0,1266.4,969.2,297.2,4229.1
2023-05-19,12,2023-05-19T11:00,gcl,Grand Coulee,195.2,195.2,0.0,1266.4,970.4,296.0,4408.6
2023-05-19,13,2023-05-19T12:00,gcl,Grand Coulee,191.0,191.0,0.0,1266.4,970.4,296.0,4313.7
2023-05-19,14,2023-05-19T13:00,gcl,Grand Coulee,195.1,195.1,0.0,1266.5,970.6,295.9,4404.8
2023-05-19,15,2023-05-19T14:00,gcl,Grand Coulee,195.3,195.3,0.0,1266.5,970.7,295.8,4407.8
2023-05-19,16,2023-05-19T15:00,gcl,Grand Coulee,187.2,187.2,0.0,1266.5,970.2,296.3,4232.2
2023-05-19,17,2023-05-19T16:00,gcl,Grand Coulee,190.5,190.5,0.0,1266.5,970.2,296.3,4306.8
2023-05-19,18,2023-05-19T17:00,gcl,Grand Coulee,186.4,186.4,0.0,1266.5,970.0,296.5,4216.9
2023-05-19,19,2023-05-19T18:00,gcl,Grand Coulee,190.4,190.4,0.0,1266.5,970.2,296.3,4304.5
2023-05-19,20,2023-05-19T19:00,gcl,Grand Coulee,188.1,188.1,0.0,1266.5,970.1,296.4,4253.9
2023-05-19,21,2023-05-19T20:00,gcl,Grand Coulee,177.0,177.0,0.0,1266.5,969.2,297.3,4015.1
2023-05-19,22,2023-05-19T21:00,gcl,Grand Coulee,174.5,174.5,0.0,1266.6,968.7,297.9,3966.3
2023-05-19,23,2023-05-19T22:00,gcl,Grand Coulee,178.4,178.4,0.0,1266.6,968.7,297.9,4055.0
2023-05-19,24,2023-05-19T23:00,gcl,Grand Coulee,171.0,171.0,0.0,1266.7,968.5,298.2,3890.7
2023-05-20,1,2023-05-20T00:00,gcl,Grand Coulee,155.3,155.3,0.0,1266.8,967.3,299.5,3548.9
2023-05-20,2,2023-05-20T01:00,gcl,Grand Coulee,169.8,169.8,0.0,1266.8,967.7,299.1,3875.1
2023-05-20,3,2023-05-20T02:00,gcl,Grand Coulee,166.7,166.7,0.0,1266.8,967.9,298.9,3801.8
2023-05-20,4,2023-05-20T03:00,gcl,Grand Coulee,166.4,166.4,0.0,1266.9,967.8,299.1,3797.5
2023-05-20,5,2023-05-20T04:00,gcl,Grand Coulee,164.6,164.6,0.0,1266.9,967.6,299.3,3758.9
2023-05-20,6,2023-05-20T05:00,gcl,Grand Coulee,162.8,162.8,0.0,1267.0,967.5,299.5,3720.3
2023-05-20,7,2023-05-20T06:00,gcl,Grand Coulee,158.6,158.6,0.0,1267.1,967.2,299.9,3629.1
2023-05-20,8,2023-05-20T07:00,gcl,Grand Coulee,155.2,155.1,0.1,1267.1,966.8,300.3,3553.8
2023-05-20,9,2023-05-20T08:00,gcl,Grand Coulee,150.8,145.6,5.2,1267.2,966.3,300.9,3342.8
2023-05-20,10,2023-05-20T09:00,gcl,Grand Coulee,166.7,161.5,5.2,1267.2,967.7,299.5,3690.6
2023-05-20,11,2023-05-20T10:00,gcl,Grand Coulee,168.6,163.6,5.0,1267.2,968.2,299.0,3732.3
2023-05-20,12,2023-05-20T11:00,gcl,Grand Coulee,167.3,162.3,5.0,1267.3,968.1,299.2,3705.1
2023-05-20,13,2023-05-20T12:00,gcl,Grand Coulee,168.4,163.3,5.1,1267.4,968.3,299.1,3726.7
2023-05-20,14,2023-05-20T13:00,gcl,Grand Coulee,168.0,163.0,5.0,1267.4,968.2,299.2,3721.1
2023-05-20,15,2023-05-20T14:00,gcl,Grand Coulee,169.5,164.5,5.0,1267.5,968.2,299.3,3756.6
2023-05-20,16,2023-05-20T15:00,gcl,Grand Coulee,175.9,170.9,5.0,1267.5,968.4,299.1,3900.2
2023-05-20,17,2023-05-20T16:00,gcl,Grand Coulee,173.0,168.0,5.0,1267.6,968.3,299.3,3836.5
2023-05-20,18,2023-05-20T17:00,gcl,Grand Coulee,174.7,169.7,5.0,1267.6,968.4,299.2,3874.1
2023-05-20,19,2023-05-20T18:00,gcl,Grand Coulee,187.7,182.5,5.2,1267.6,969.2,298.4,4155.1
2023-05-20,20,2023-05-20T19:00,gcl,Grand Coulee,188.6,183.5,5.1,1267.7,969.5,298.2,4175.1
2023-05-20,21,2023-05-20T20:00,gcl,Grand Coulee,194.1,188.9,5.2,1267.8,970.0,297.8,4292.2
2023-05-20,22,2023-05-20T21:00,gcl,Grand Coulee,195.8,190.6,5.3,1267.8,970.4,297.4,4325.0
2023-05-20,23,2023-05-20T22:00,gcl,Grand Coulee,190.6,185.5,5.1,1267.8,970.1,297.7,4213.5
2023-05-20,24,2023-05-20T23:00,gcl,Grand Coulee,178.2,173.2,5.0,1267.9,969.1,298.8,3948.7
2023-05-21,1,2023-05-21T00:00,gcl,Grand Coulee,176.2,171.1,5.1,1268.0,968.7,299.3,3907.3
2023-05-21,2,2023-05-21T01:00,gcl,Grand Coulee,170.1,164.9,5.2,1268.0,968.3,299.7,3770.8
2023-05-21,3,2023-05-21T02:00,gcl,Grand Coulee,169.5,164.4,5.1,1268.1,968.2,299.9,3761.9
2023-05-21,4,2023-05-21T03:00,gcl,Grand Coulee,169.0,163.9,5.1,1268.1,968.2,299.9,3750.4
2023-05-21,5,2023-05-21T04:00,gcl,Grand Coulee,165.9,160.8,5.1,1268.1,967.9,300.2,3683.2
2023-05-21,6,2023-05-21T05:00,gcl,Grand Coulee,162.3,157.1,5.2,1268.2,967.6,300.6,3603.2
2023-05-21,7,2023-05-21T06:00,gcl,Grand Coulee,163.7,158.5,5.2,1268.3,967.6,300.7,3636.5
2023-05-21,8,2023-05-21T07:00,gcl,Grand Coulee,162.4,157.2,5.2,1268.4,967.5,300.9,3609.1
2023-05-21,9,2023-05-21T08:00,gcl,Grand Coulee,169.7,164.7,5.0,1268.4,968.1,300.3,3773.8
2023-05-21,10,2023-05-21T09:00,gcl,Grand Coulee,169.6,164.7,4.9,1268.4,968.3,300.1,3771.2
2023-05-21,11,2023-05-21T10:00,gcl,Grand Coulee,163.1,158.1,5.0,1268.5,967.9,300.6,3626.1
2023-05-21,12,2023-05-21T11:00,gcl,Grand Coulee,164.1,159.1,5.0,1268.6,967.8,300.8,3651.5
2023-05-21,13,2023-05-21T12:00,gcl,Grand Coulee,159.2,154.2,5.0,1268.7,967.5,301.2,3543.8
2023-05-21,14,2023-05-21T13:00,gcl,Grand Coulee,162.5,157.5,5.0,1268.8,967.6,301.2,3619.6
2023-05-21,15,2023-05-21T14:00,gcl,Grand Coulee,167.8,162.8,5.0,1268.8,967.9,300.9,3737.7
2023-05-21,16,2023-05-21T15:00,gcl,Grand Coulee,170.9,165.9,5.0,1268.8,968.1,300.7,3806.3
2023-05-21,17,2023-05-21T16:00,gcl,Grand Coulee,170.4,165.4,5.0,1268.9,968.3,300.6,3793.6
2023-05-21,18,2023-05-21T17:00,gcl,Grand Coulee,169.8,164.8,0.0,1269.0,968.3,300.7,3781.1
2023-05-21,19,2023-05-21T18:00,gcl,Grand Coulee,159.5,154.5,5.0,1269.1,967.6,301.5,3554.2
2023-05-21,20,2023-05-21T19:00,gcl,Grand Coulee,164.3,159.3,5.0,1269.2,967.7,301.5,3664.6
2023-05-21,21,2023-05-21T20:00,gcl,Grand Coulee,163.1,158.1,5.0,1269.2,967.7,301.5,3637.0
2023-05-21,22,2023-05-21T21:00,gcl,Grand Coulee,149.4,144.3,5.1,1269.4,966.9,302.5,3330.6
2023-05-21,23,2023-05-21T22:00,gcl,Grand Coulee,163.0,157.8,5.2,1269.5,967.4,302.1,3637.3
2023-05-21,24,2023-05-21T23:00,gcl,Grand Coulee,169.6,164.5,5.1,1269.5,968.1,301.4,3783.0
2023-05-22,1,2023-05-22T00:00,gcl,Grand Coulee,158.2,153.2,5.0,1269.6,967.7,301.9,3529.0
2023-05-22,2,2023-05-22T01:00,gcl,Grand Coulee,157.4,152.3,5.1,1269.6,967.2,302.4,3514.0
2023-05-22,3,2023-05-22T02:00,gcl,Grand Coulee,162.5,157.4,5.1,1269.7,967.6,302.1,3628.1
2023-05-22,4,2023-05-22T03:00,gcl,Grand Coulee,157.38,152.6,5.2,1269.8,967.4,302.4,3521.0
2023-05-22,5,2023-05-22T04:00,gcl,Grand Coulee,153.1,148.1,5.0,1269.9,967.0,302.9,3422.8
2023-05-22,6,2023-05-22T05:00,gcl,Grand Coulee,127.9,122.9,5.0,1270.0,965.2,304.8,2858.2
2023-05-22,7,2023-05-22T06:00,gcl,Grand Coulee,157.0,152.0,5.0,1270.0,966.3,303.7,3522.2
2023-05-22,8,2023-05-22T07:00,gcl,Grand Coulee,169.2,164.2,5.0,1270.0,968.0,302.0,3783.6
2023-05-22,9,2023-05-22T08:00,gcl,Grand Coulee,166.4,161.4,5.0,1270.2,968.2,302.0,3719.1
2023-05-22,10,2023-05-22T09:00,gcl,Grand Coulee,168.0,163.0,5.0,1270.2,968.1,302.1,3757.2
2023-05-22,11,2023-05-22T10:00,gcl,Grand Coulee,166.6,161.6,5.0,1270.3,968.1,302.2,3726.2
2023-05-22,12,2023-05-22T11:00,gcl,Grand Coulee,172.4,167.4,5.0,1270.5,968.3,302.2,3859.9
2023-05-22,13,2023-05-22T12:00,gcl,Grand Coulee,176.2,171.2,5.0,1270.5,968.6,301.9,3943.6
2023-05-22,14,2023-05-22T13:00,gcl,Grand Coulee,171.8,166.7,5.1,1270.6,968.6,302.0,3841.2
2023-05-22,15,2023-05-22T14:00,gcl,Grand Coulee,168.7,163.7,5.0,1270.7,968.3,302.4,3777.1
2023-05-22,16,2023-05-22T15:00,gcl,Grand Coulee,175.8,171.0,4.8,1270.7,968.6,302.1,3941.6
2023-05-22,17,2023-05-22T16:00,gcl,Grand Coulee,170.6,165.7,4.9,1270.9,968.5,302.4,3823.2
2023-05-22,18,2023-05-22T17:00,gcl,Grand Coulee,165.7,160.7,5.0,1271.0,968.1,302.9,3714.0
2023-05-22,19,2023-05-22T18:00,gcl,Grand Coulee,161.9,157.0,4.9,1271.1,967.8,303.3,3633.3
2023-05-22,20,2023-05-22T19:00,gcl,Grand Coulee,162.8,157.8,5.0,1271.1,967.9,303.2,3650.6
2023-05-22,21,2023-05-22T20:00,gcl,Grand Coulee,161.4,156.4,5.0,1271.1,967.7,303.4,3620.6
2023-05-22,22,2023-05-22T21:00,gcl,Grand Coulee,165.2,160.2,5.0,1271.2,967.9,303.3,3707.3
2023-05-22,23,2023-05-22T22:00,gcl,Grand Coulee,164.3,159.3,5.0,1271.3,968.1,303.2,3685.3
2023-05-22,24,2023-05-22T23:00,gcl,Grand Coulee,161.9,156.9,5.0,1271.4,967.8,303.6,3634.5
2023-05-23,1,2023-05-23T00:00,gcl,Grand Coulee,163.4,158.5,4.9,1271.5,967.8,303.7,3672.8
2023-05-23,2,2023-05-23T01:00,gcl,Grand Coulee,166.5,161.5,5.0,1271.5,968.0,303.5,3739.9
2023-05-23,3,2023-05-23T02:00,gcl,Grand Coulee,161.0,156.0,5.0,1271.6,967.7,303.9,3617.3
2023-05-23,4,2023-05-23T03:00,gcl,Grand Coulee,165.1,160.1,5.0,1271.6,967.8,303.8,3711.1
2023-05-23,5,2023-05-23T04:00,gcl,Grand Coulee,166.6,161.6,5.0,1271.7,968.0,303.7,3744.6
2023-05-23,6,2023-05-23T05:00,gcl,Grand Coulee,156.5,151.5,5.0,1271.8,967.4,304.4,3518.7
2023-05-23,7,2023-05-23T06:00,gcl,Grand Coulee,147.1,142.1,5.0,1271.9,966.4,305.5,3312.3
2023-05-23,8,2023-05-23T07:00,gcl,Grand Coulee,149.0,144.0,5.0,1272.0,966.4,305.6,3357.7
2023-05-23,9,2023-05-23T08:00,gcl,Grand Coulee,155.3,150.3,5.0,1272.0,966.6,305.4,3502.3
2023-05-23,10,2023-05-23T09:00,gcl,Grand Coulee,172.0,167.0,5.0,1272.0,967.8,304.2,3876.1
2023-05-23,11,2023-05-23T10:00,gcl,Grand Coulee,182.2,177.2,5.0,1272.0,968.6,303.4,4102.1
2023-05-23,12,2023-05-23T11:00,gcl,Grand Coulee,175.4,170.4,5.0,1272.2,968.3,303.9,3951.2
2023-05-23,13,2023-05-23T12:00,gcl,Grand Coulee,179.9,174.9,5.0,1272.3,968.3,304.0,4056.8
2023-05-23,14,2023-05-23T13:00,gcl,Grand Coulee,176.8,171.8,5.0,1272.3,968.5,303.8,3982.3
2023-05-23,15,2023-05-23T14:00,gcl,Grand Coulee,174.5,169.5,5.0,1272.4,968.0,304.4,3936.8
2023-05-23,16,2023-05-23T15:00,gcl,Grand Coulee,174.5,169.5,5.0,1272.4,968.0,304.4,3936.8
2023-05-23,17,2023-05-23T16:00,gcl,Grand Coulee,176.0,171.0,5.0,1272.5,968.3,304.2,3969.0
2023-05-23,18,2023-05-23T17:00,gcl,Grand Coulee,172.6,167.7,4.9,1272.5,967.3,305.2,3905.2
2023-05-23,19,2023-05-23T18:00,gcl,Grand Coulee,171.8,166.8,5.0,1272.7,967.7,305.0,3881.7
2023-05-23,20,2023-05-23T19:00,gcl,Grand Coulee,171.7,166.7,5.0,1272.7,967.8,304.9,3878.1
2023-05-23,21,2023-05-23T20:00,gcl,Grand Coulee,173.1,168.1,5.0,1272.8,968.0,304.8,3909.4
2023-05-23,22,2023-05-23T21:00,gcl,Grand Coulee,177.1,172.2,4.9,1272.9,968.0,304.9,4006.0
2023-05-23,23,2023-05-23T22:00,gcl,Grand Coulee,167.5,162.6,4.9,1272.9,967.5,305.4,3788.9
2023-05-23,24,2023-05-23T23:00,gcl,Grand Coulee,170.0,165.0,5.0,1272.9,967.7,305.2,3842.3
2023-05-24,1,2023-05-24T00:00,gcl,Grand Coulee,161.8,156.9,4.9,1273.0,967.1,305.9,3662.1
2023-05-24,2,2023-05-24T01:00,gcl,Grand Coulee,164.8,159.9,4.9,1273.1,967.2,305.9,3732.1
2023-05-24,3,2023-05-24T02:00,gcl,Grand Coulee,164.0,159.1,4.9,1273.1,967.2,305.9,3713.4
2023-05-24,4,2023-05-24T03:00,gcl,Grand Coulee,159.1,154.1,5.0,1273.3,966.9,306.4,3602.6
2023-05-24,5,2023-05-24T04:00,gcl,Grand Coulee,161.6,156.7,4.9,1273.3,966.9,306.4,3663.4
2023-05-24,6,2023-05-24T05:00,gcl,Grand Coulee,165.5,160.6,4.9,1273.3,967.3,306.0,3749.7
2023-05-24,7,2023-05-24T06:00,gcl,Grand Coulee,157.8,152.9,4.9,1273.4,967.0,306.4,3574.5
2023-05-24,8,2023-05-24T07:00,gcl,Grand Coulee,162.0,157.1,4.9,1273.5,967.1,306.4,3672.7
2023-05-24,9,2023-05-24T08:00,gcl,Grand Coulee,167.1,162.2,4.9,1273.5,967.3,306.2,3789.5
2023-05-24,10,2023-05-24T09:00,gcl,Grand Coulee,167.1,162.2,4.9,1273.6,967.4,306.2,3789.5
2023-05-24,11,2023-05-24T10:00,gcl,Grand Coulee,157.6,152.7,4.9,1273.7,966.8,306.9,3575.7
2023-05-24,12,2023-05-24T11:00,gcl,Grand Coulee,174.8,169.8,4.9,1273.7,967.7,306.0,3964.5
2023-05-24,13,2023-05-24T12:00,gcl,Grand Coulee,177.7,172.8,4.9,1273.7,968.5,305.2,4024.0
2023-05-24,14,2023-05-24T13:00,gcl,Grand Coulee,176.9,172.0,4.9,1273.8,968.6,305.2,4005.3
2023-05-24,15,2023-05-24T14:00,gcl,Grand Coulee,176.4,171.5,4.9,1273.8,968.6,305.2,3993.7
2023-05-24,16,2023-05-24T15:00,gcl,Grand Coulee,159.4,154.5,4.9,1273.9,967.5,306.4,3612.0
2023-05-24,17,2023-05-24T16:00,gcl,Grand Coulee,157.4,152.4,4.9,1274.1,966.9,307.2,3572.2
2023-05-24,18,2023-05-24T17:00,gcl,Grand Coulee,168.5,163.5,4.9,1274.1,967.4,306.7,3826.1
2023-05-24,19,2023-05-24T18:00,gcl,Grand Coulee,173.9,169.0,4.9,1274.1,968.0,306.1,3947.1
2023-05-24,20,2023-05-24T19:00,gcl,Grand Coulee,177.2,172.3,4.9,1274.1,968.5,305.6,4017.6
2023-05-24,21,2023-05-24T20:00,gcl,Grand Coulee,162.5,157.6,4.9,1274.2,967.5,306.7,3688.0
2023-05-24,22,2023-05-24T21:00,gcl,Grand Coulee,161.7,156.8,4.9,1274.3,967.0,307.3,3676.5
2023-05-24,23,2023-05-24T22:00,gcl,Grand Coulee,160.7,155.7,5.0,1274.4,966.8,307.6,3654.3
2023-05-24,24,2023-05-24T23:00,gcl,Grand Coulee,169.4,164.4,5.0,1274.4,967.2,307.2,3853.4
2023-05-25,1,2023-05-25T00:00,gcl,Grand Coulee,166.9,161.9,5.0,1274.4,967.2,307.2,3794.8
2023-05-25,2,2023-05-25T01:00,gcl,Grand Coulee,158.4,153.4,5.0,1274.5,966.5,308.0,3605.0
2023-05-25,3,2023-05-25T02:00,gcl,Grand Coulee,164.3,159.3,5.0,1274.5,966.6,307.9,3742.4
2023-05-25,4,2023-05-25T03:00,gcl,Grand Coulee,170.6,165.6,5.0,1274.6,967.2,307.4,3884.1
2023-05-25,5,2023-05-25T04:00,gcl,Grand Coulee,172.1,167.1,5.0,1274.6,967.4,307.2,3916.7
2023-05-25,6,2023-05-25T05:00,gcl,Grand Coulee,175.4,170.4,5.0,1274.7,967.8,306.9,3990.2
2023-05-25,7,2023-05-25T06:00,gcl,Grand Coulee,161.8,156.8,5.0,1274.7,966.9,307.8,3682.5
2023-05-25,8,2023-05-25T07:00,gcl,Grand Coulee,155.3,160.3,5.0,1274.8,966.5,308.3,3770.8
2023-05-25,9,2023-05-25T08:00,gcl,Grand Coulee,142.2,137.2,5.0,1274.9,965.1,309.8,3243.1
2023-05-25,10,2023-05-25T09:00,gcl,Grand Coulee,141.6,136.6,5.0,1274.9,964.4,310.5,3236.2
2023-05-25,11,2023-05-25T10:00,gcl,Grand Coulee,149.7,154.7,5.0,1274.9,965.4,309.5,3653.2
2023-05-25,12,2023-05-25T11:00,gcl,Grand Coulee,151.9,151.8,0.1,1274.9,965.6,309.3,3582.4
2023-05-25,13,2023-05-25T12:00,gcl,Grand Coulee,156.8,156.8,0.0,1275.0,965.9,309.1,3698.0
2023-05-25,14,2023-05-25T13:00,gcl,Grand Coulee,164.8,164.8,0.0,1275.0,966.6,308.4,3877.9
2023-05-25,15,2023-05-25T14:00,gcl,Grand Coulee,156.1,156.1,0.0,1275.1,966.3,308.8,3677.9
2023-05-25,16,2023-05-25T15:00,gcl,Grand Coulee,145.4,145.4,0.0,1275.2,965.2,310.0,3439.1
2023-05-25,17,2023-05-25T16:00,gcl,Grand Coulee,149.5,149.5,0.0,1275.2,965.2,310.0,3536.1
2023-05-25,18,2023-05-25T17:00,gcl,Grand Coulee,150.4,150.4,0.0,1275.2,965.3,309.9,3556.3
2023-05-25,19,2023-05-25T18:00,gcl,Grand Coulee,156.2,156.2,0.0,1275.3,965.8,309.5,3688.6
2023-05-25,20,2023-05-25T19:00,gcl,Grand Coulee,155.4,155.4,0.0,1275.3,965.9,309.4,3668.6
2023-05-25,21,2023-05-25T20:00,gcl,Grand Coulee,155.8,155.8,0.0,1275.4,965.9,309.5,3679.2
2023-05-25,22,2023-05-25T21:00,gcl,Grand Coulee,156.8,156.8,0.0,1275.4,965.9,309.5,3702.8
2023-05-25,23,2023-05-25T22:00,gcl,Grand Coulee,154.5,154.5,0.0,1275.6,965.7,309.9,3653.2
2023-05-25,24,2023-05-25T23:00,gcl,Grand Coulee,166.6,166.6,0.0,1275.5,966.6,308.9,3926.6
2023-05-26,1,2023-05-26T00:00,gcl,Grand Coulee,165.4,165.4,0.0,1275.5,966.9,308.6,3894.5
2023-05-26,2,2023-05-26T01:00,gcl,Grand Coulee,168.3,168.3,0.0,1275.5,967.2,308.3,3959.0
2023-05-26,3,2023-05-26T02:00,gcl,Grand Coulee,168.5,168.5,0.0,1275.5,967.3,308.2,3962.4
2023-05-26,4,2023-05-26T03:00,gcl,Grand Coulee,168.4,168.4,0.0,1275.6,967.3,308.3,3961.3
2023-05-26,5,2023-05-26T04:00,gcl,Grand Coulee,161.3,161.3,0.0,1275.6,967.0,308.6,3798.0
2023-05-26,6,2023-05-26T05:00,gcl,Grand Coulee,161.1,161.1,0.0,1275.7,966.9,308.8,3795.7
2023-05-26,7,2023-05-26T06:00,gcl,Grand Coulee,157.9,157.9,0.0,1275.7,966.7,309.0,3722.8
2023-05-26,8,2023-05-26T07:00,gcl,Grand Coulee,148.2,148.2,0.0,1275.7,966.1,309.6,3500.9
2023-05-26,9,2023-05-26T08:00,gcl,Grand Coulee,139.6,139.6,0.0,1275.7,965.3,310.4,3306.2
2023-05-26,10,2023-05-26T09:00,gcl,Grand Coulee,142.5,142.5,0.0,1275.8,965.3,310.5,3376.0
2023-05-26,11,2023-05-26T10:00,gcl,Grand Coulee,144.9,144.9,0.0,1275.8,965.5,310.3,3430.6
2023-05-26,12,2023-05-26T11:00,gcl,Grand Coulee,145.2,145.2,0.0,1275.9,965.5,310.4,3438.8
2023-05-26,13,2023-05-26T12:00,gcl,Grand Coulee,159.1,159.1,0.0,1275.8,966.5,309.3,3754.7
2023-05-26,14,2023-05-26T13:00,gcl,Grand Coulee,157.6,157.6,0.0,1275.9,966.8,309.1,3716.9
2023-05-26,15,2023-05-26T14:00,gcl,Grand Coulee,144.8,144.8,0.0,1276.0,966.8,309.2,3416.1
2023-05-26,16,2023-05-26T15:00,gcl,Grand Coulee,148.4,148.4,0.0,1276.0,965.9,310.1,3511.2
2023-05-26,17,2023-05-26T16:00,gcl,Grand Coulee,148.4,148.4,0.0,1276.0,965.8,310.2,3512.4
2023-05-26,18,2023-05-26T17:00,gcl,Grand Coulee,151.9,151.9,0.0,1276.0,966.1,309.9,3591.7
2023-05-26,19,2023-05-26T18:00,gcl,Grand Coulee,151.5,151.5,0.0,1276.1,966.1,310.0,3583.4
2023-05-26,20,2023-05-26T19:00,gcl,Grand Coulee,133.0,133.0,0.0,1276.1,964.9,311.2,3158.0
2023-05-26,21,2023-05-26T20:00,gcl,Grand Coulee,137.3,137.3,0.0,1276.2,964.6,311.6,3264.3
2023-05-26,22,2023-05-26T21:00,gcl,Grand Coulee,143.3,142.7,0.6,1276.2,965.0,311.2,3388.3
2023-05-26,23,2023-05-26T22:00,gcl,Grand Coulee,159.8,157.1,2.7,1276.2,966.5,309.7,3712.3
2023-05-26,24,2023-05-26T23:00,gcl,Grand Coulee,154.3,154.3,0.0,1276.3,966.3,310.0,3649.7
2023-05-27,1,2023-05-27T00:00,gcl,Grand Coulee,149.7,149.7,0.0,1276.3,965.7,310.6,3547.7
2023-05-27,2,2023-05-27T01:00,gcl,Grand Coulee,155.1,155.1,0.0,1276.3,966.0,310.3,3672.1
2023-05-27,3,2023-05-27T02:00,gcl,Grand Coulee,140.3,140.3,0.0,1276.4,965.2,311.2,3331.4
2023-05-27,4,2023-05-27T03:00,gcl,Grand Coulee,136.8,136.8,0.0,1276.5,964.7,311.8,3254.5
2023-05-27,5,2023-05-27T04:00,gcl,Grand Coulee,141.8,141.8,0.0,1276.5,964.8,311.7,3372.4
2023-05-27,6,2023-05-27T05:00,gcl,Grand Coulee,135.8,135.8,0.0,1276.5,964.6,311.9,3231.8
2023-05-27,7,2023-05-27T06:00,gcl,Grand Coulee,131.7,131.7,0.0,1276.6,964.2,312.4,3139.2
2023-05-27,8,2023-05-27T07:00,gcl,Grand Coulee,122.0,122.0,0.0,1276.6,963.2,313.4,2917.3
2023-05-27,9,2023-05-27T08:00,gcl,Grand Coulee,123.9,123.9,0.0,1276.7,963.3,313.4,2962.7
2023-05-27,10,2023-05-27T09:00,gcl,Grand Coulee,107.1,107.1,0.0,1276.8,961.8,315.0,2574.1
2023-05-27,11,2023-05-27T10:00,gcl,Grand Coulee,105.5,105.5,0.0,1276.9,961.5,315.4,2538.9
2023-05-27,12,2023-05-27T11:00,gcl,Grand Coulee,95.3,95.3,0.0,1276.9,960.7,316.2,2299.2
2023-05-27,13,2023-05-27T12:00,gcl,Grand Coulee,100.3,100.3,0.0,1276.8,960.7,316.1,2419.1
2023-05-27,14,2023-05-27T13:00,gcl,Grand Coulee,108.9,108.9,0.0,1276.9,961.6,315.3,2619.8
2023-05-27,15,2023-05-27T14:00,gcl,Grand Coulee,106.4,106.4,0.0,1277.0,961.5,315.5,2561.3
2023-05-27,16,2023-05-27T15:00,gcl,Grand Coulee,111.1,111.1,0.0,1277.1,961.7,315.4,2673.6
2023-05-27,17,2023-05-27T16:00,gcl,Grand Coulee,113.9,113.9,0.0,1272.2,962.0,310.2,2695.8
2023-05-27,18,2023-05-27T17:00,gcl,Grand Coulee,149.8,149.8,0.0,1277.2,964.4,312.8,3575.2
2023-05-27,19,2023-05-27T18:00,gcl,Grand Coulee,156.9,156.9,0.0,1277.1,965.9,311.2,3725.5
2023-05-27,20,2023-05-27T19:00,gcl,Grand Coulee,162.7,162.7,0.0,1277.1,966.5,310.6,3855.8
2023-05-27,21,2023-05-27T20:00,gcl,Grand Coulee,173.8,173.4,0.4,1277.1,967.5,309.6,4096.1
2023-05-27,22,2023-05-27T21:00,gcl,Grand Coulee,173.8,173.4,0.4,1277.1,967.5,309.6,4096.1
2023-05-27,23,2023-05-27T22:00,gcl,Grand Coulee,176.8,174.8,2.0,1277.2,968.0,309.2,4123.9
2023-05-27,24,2023-05-27T23:00,gcl,Grand Coulee,166.2,166.2,0.0,1277.2,967.3,309.9,3929.9
2023-05-28,1,2023-05-28T00:00,gcl,Grand Coulee,158.3,158.3,0.0,1277.2,966.6,310.6,3751.5
2023-05-28,2,2023-05-28T01:00,gcl,Grand Coulee,153.5,153.5,0.0,1277.2,966.1,311.1,3643.6
2023-05-28,3,2023-05-28T02:00,gcl,Grand Coulee,150.3,150.3,0.0,1277.2,965.8,311.4,3571.1
2023-05-28,4,2023-05-28T03:00,gcl,Grand Coulee,140.7,140.7,0.0,1277.2,965.2,312.0,3349.4
2023-05-28,5,2023-05-28T04:00,gcl,Grand Coulee,115.0,115.0,0.0,1277.2,963.2,314.0,2755.2
2023-05-28,6,2023-05-28T05:00,gcl,Grand Coulee,115.6,115.6,0.0,1277.4,962.5,314.9,2777.5
2023-05-28,7,2023-05-28T06:00,gcl,Grand Coulee,110.9,110.9,0.0,1277.5,962.2,315.3,2668.0
2023-05-28,8,2023-05-28T07:00,gcl,Grand Coulee,106.8,106.8,0.0,1277.5,961.9,315.6,2571.8
2023-05-28,9,2023-05-28T08:00,gcl,Grand Coulee,96.7,96.7,0.0,1277.6,960.7,316.9,2338.2
2023-05-28,10,2023-05-28T09:00,gcl,Grand Coulee,98.3,98.3,0.0,1277.6,960.5,317.1,2378.3
2023-05-28,11,2023-05-28T10:00,gcl,Grand Coulee,101.0,101.0,0.0,1277.7,961.0,316.7,2440.6
2023-05-28,12,2023-05-28T11:00,gcl,Grand Coulee,101.7,101.7,0.0,1277.7,961.0,316.7,2457.5
2023-05-28,13,2023-05-28T12:00,gcl,Grand Coulee,121.7,121.7,0.0,1277.7,962.5,315.2,2926.9
2023-05-28,14,2023-05-28T13:00,gcl,Grand Coulee,123.0,123.0,0.0,1277.7,963.1,314.6,2952.5
2023-05-28,15,2023-05-28T14:00,gcl,Grand Coulee,107.1,107.1,0.0,1277.8,962.0,315.8,2580.6
2023-05-28,16,2023-05-28T15:00,gcl,Grand Coulee,108.9,108.9,0.0,1277.9,961.5,316.4,2629.0
2023-05-28,17,2023-05-28T16:00,gcl,Grand Coulee,111.7,111.7,0.0,1277.9,962.0,315.9,2692.3
2023-05-28,18,2023-05-28T17:00,gcl,Grand Coulee,123.1,123.1,0.0,1278.0,962.9,315.1,2959.6
2023-05-28,19,2023-05-28T18:00,gcl,Grand Coulee,151.2,151.2,0.0,1278.0,964.9,313.1,3612.1
2023-05-28,20,2023-05-28T19:00,gcl,Grand Coulee,164.6,164.6,0.0,1277.9,966.5,311.4,3910.9
2023-05-28,21,2023-05-28T20:00,gcl,Grand Coulee,170.2,170.2,0.0,1277.9,967.2,310.7,4034.8
2023-05-28,22,2023-05-28T21:00,gcl,Grand Coulee,168.8,168.4,0.4,1278.0,967.3,310.7,3992.2
2023-05-28,23,2023-05-28T22:00,gcl,Grand Coulee,174.1,172.0,2.1,1278.1,967.8,310.3,4072.3
2023-05-28,24,2023-05-28T23:00,gcl,Grand Coulee,142.4,142.4,0.0,1278.2,965.7,312.5,3395.3
2023-05-29,1,2023-05-29T00:00,gcl,Grand Coulee,126.5,126.5,0.0,1278.2,963.9,314.3,3033.6
2023-05-29,2,2023-05-29T01:00,gcl,Grand Coulee,104.5,104.5,0.0,1278.2,961.8,316.4,2522.8
2023-05-29,3,2023-05-29T02:00,gcl,Grand Coulee,96.9,96.9,0.0,1278.2,961.0,317.2,2345.2
2023-05-29,4,2023-05-29T03:00,gcl,Grand Coulee,95.7,95.7,0.0,1278.3,960.9,317.4,2317.6
2023-05-29,5,2023-05-29T04:00,gcl,Grand Coulee,79.2,79.2,0.0,1278.4,959.9,318.5,1924.7
2023-05-29,6,2023-05-29T05:00,gcl,Grand Coulee,83.7,83.7,0.0,1278.5,959.8,318.7,2035.3
2023-05-29,7,2023-05-29T06:00,gcl,Grand Coulee,85.2,85.2,0.0,1278.6,960.2,318.4,2069.8
2023-05-29,8,2023-05-29T07:00,gcl,Grand Coulee,87.7,87.7,0.0,1278.7,960.4,318.3,2129.9
2023-05-29,9,2023-05-29T08:00,gcl,Grand Coulee,92.7,92.7,0.0,1278.7,960.6,318.1,2249.9
2023-05-29,10,2023-05-29T09:00,gcl,Grand Coulee,98.3,98.3,0.0,1278.8,961.1,317.7,2382.8
2023-05-29,11,2023-05-29T10:00,gcl,Grand Coulee,103.4,103.4,0.0,1278.8,961.6,317.2,2502.5
2023-05-29,12,2023-05-29T11:00,gcl,Grand Coulee,108.6,108.6,0.0,1278.9,961.9,317.0,2626.7
2023-05-29,13,2023-05-29T12:00,gcl,Grand Coulee,134.6,134.6,0.0,1278.9,963.7,315.2,3237.1
2023-05-29,14,2023-05-29T13:00,gcl,Grand Coulee,131.6,131.6,0.0,1279.0,964.2,314.8,3160.9
2023-05-29,15,2023-05-29T14:00,gcl,Grand Coulee,102.3,102.3,0.0,1279.1,962.0,317.1,2475.1
2023-05-29,16,2023-05-29T15:00,gcl,Grand Coulee,101.1,101.1,0.0,1279.1,960.9,318.2,2454.6
2023-05-29,17,2023-05-29T16:00,gcl,Grand Coulee,112.9,112.9,0.0,1279.0,961.7,317.3,2733.3
2023-05-29,18,2023-05-29T17:00,gcl,Grand Coulee,133.0,133.0,0.0,1279.0,963.4,315.6,3202.7
2023-05-29,19,2023-05-29T18:00,gcl,Grand Coulee,159.7,159.7,0.0,1279.0,965.6,313.4,3818.8
2023-05-29,20,2023-05-29T19:00,gcl,Grand Coulee,169.2,169.2,0.0,1279.0,966.9,312.1,4029.2
2023-05-29,21,2023-05-29T20:00,gcl,Grand Coulee,163.4,163.4,0.0,1279.0,966.9,312.1,3891.1
2023-05-29,22,2023-05-29T21:00,gcl,Grand Coulee,162.4,161.9,0.5,1279.1,966.7,312.4,3859.1
2023-05-29,23,2023-05-29T22:00,gcl,Grand Coulee,167.0,164.9,2.1,1279.1,967.1,312.0,3925.5
2023-05-29,24,2023-05-29T23:00,gcl,Grand Coulee,159.5,159.5,0.0,1279.1,966.7,312.4,3801.9
2023-05-30,1,2023-05-30T00:00,gcl,Grand Coulee,122.8,122.8,0.0,1279.2,964.0,315.2,2953.3
2023-05-30,2,2023-05-30T01:00,gcl,Grand Coulee,100.5,100.5,0.0,1279.2,961.5,317.7,2436.2
2023-05-30,3,2023-05-30T02:00,gcl,Grand Coulee,90.9,90.9,0.0,1279.2,960.4,318.8,2211.1
2023-05-30,4,2023-05-30T03:00,gcl,Grand Coulee,96.1,96.1,0.0,1279.3,960.7,318.6,2336.1
2023-05-30,5,2023-05-30T04:00,gcl,Grand Coulee,77.4,77.4,0.0,1279.4,959.5,319.9,1889.2
2023-05-30,6,2023-05-30T05:00,gcl,Grand Coulee,108.2,108.2,0.0,1279.4,961.0,318.4,2628.6
2023-05-30,7,2023-05-30T06:00,gcl,Grand Coulee,121.7,121.7,0.0,1279.4,962.5,316.9,2942.6
2023-05-30,8,2023-05-30T07:00,gcl,Grand Coulee,139.8,139.8,0.0,1279.5,964.2,315.3,3363.2
2023-05-30,9,2023-05-30T08:00,gcl,Grand Coulee,135.4,135.4,0.0,1279.5,964.3,315.2,3256.3
2023-05-30,10,2023-05-30T09:00,gcl,Grand Coulee,138.6,138.6,0.0,1279.6,964.6,315.0,3331.2
2023-05-30,11,2023-05-30T10:00,gcl,Grand Coulee,124.9,124.9,0.0,1279.7,963.7,316.0,3011.4
2023-05-30,12,2023-05-30T11:00,gcl,Grand Coulee,107.0,107.0,0.0,1279.7,962.1,317.6,2592.9
2023-05-30,13,2023-05-30T12:00,gcl,Grand Coulee,135.5,135.5,0.0,1279.7,963.9,315.8,3264.9
2023-05-30,14,2023-05-30T13:00,gcl,Grand Coulee,132.8,132.8,0.0,1279.6,964.5,315.1,3192.8
2023-05-30,15,2023-05-30T14:00,gcl,Grand Coulee,103.2,103.2,0.0,1279.8,962.5,317.3,2498.5
2023-05-30,16,2023-05-30T15:00,gcl,Grand Coulee,107.9,107.9,0.0,1279.9,961.9,318.0,2618.0
2023-05-30,17,2023-05-30T16:00,gcl,Grand Coulee,112.6,112.6,0.0,1279.9,962.2,317.7,2729.5
2023-05-30,18,2023-05-30T17:00,gcl,Grand Coulee,113.5,113.5,0.0,1280.0,962.3,317.7,2751.3
2023-05-30,19,2023-05-30T18:00,gcl,Grand Coulee,137.6,137.6,0.0,1280.0,964.0,316.0,3317.6
2023-05-30,20,2023-05-30T19:00,gcl,Grand Coulee,150.0,150.0,0.0,1279.9,965.3,314.6,3600.6
2023-05-30,21,2023-05-30T20:00,gcl,Grand Coulee,152.4,152.4,0.0,1279.9,965.8,314.1,3652.4
2023-05-30,22,2023-05-30T21:00,gcl,Grand Coulee,152.1,149.3,2.8,1280.1,965.9,314.2,3579.2
2023-05-30,23,2023-05-30T22:00,gcl,Grand Coulee,152.1,149.3,2.8,1280.1,965.9,314.2,3579.2
2023-05-30,24,2023-05-30T23:00,gcl,Grand Coulee,113.1,113.1,0.0,1280.2,963.2,317.0,2735.6
2023-05-31,1,2023-05-31T00:00,gcl,Grand Coulee,107.6,107.6,0.0,1280.3,961.9,318.4,2614.0
2023-05-31,2,2023-05-31T01:00,gcl,Grand Coulee,100.8,100.8,0.0,1280.3,961.3,319.0,2453.4
2023-05-31,3,2023-05-31T02:00,gcl,Grand Coulee,87.9,87.9,0.0,1280.3,960.2,320.1,2146.8
2023-05-31,4,2023-05-31T03:00,gcl,Grand Coulee,88.4,88.4,0.0,1280.3,960.1,320.2,2159.7
2023-05-31,5,2023-05-31T04:00,gcl,Grand Coulee,76.8,76.8,0.0,1280.4,959.3,321.1,1881.6
2023-05-31,6,2023-05-31T05:00,gcl,Grand Coulee,91.1,91.1,0.0,1280.4,960.0,320.4,2227.1
2023-05-31,7,2023-05-31T06:00,gcl,Grand Coulee,100.6,100.6,0.0,1280.5,961.0,319.5,2452.4
2023-05-31,8,2023-05-31T07:00,gcl,Grand Coulee,107.8,107.8,0.0,1280.5,961.7,318.8,2622.2
2023-05-31,9,2023-05-31T08:00,gcl,Grand Coulee,96.2,96.2,0.0,1280.5,960.9,319.6,2345.9
2023-05-31,10,2023-05-31T09:00,gcl,Grand Coulee,85.8,85.8,0.0,1280.6,959.9,320.7,2099.5
2023-05-31,11,2023-05-31T10:00,gcl,Grand Coulee,83.4,83.4,0.0,1280.7,959.6,321.1,2043.3
2023-05-31,12,2023-05-31T11:00,gcl,Grand Coulee,82.9,82.9,0.0,1280.8,959.6,321.2,2031.7
2023-05-31,13,2023-05-31T12:00,gcl,Grand Coulee,93.8,93.8,0.0,1280.8,960.3,320.5,2293.8
2023-05-31,14,2023-05-31T13:00,gcl,Grand Coulee,118.7,118.7,0.0,1280.8,962.3,318.5,2884.6
2023-05-31,15,2023-05-31T14:00,gcl,Grand Coulee,93.7,93.7,0.0,1280.9,961.1,319.8,2286.3
2023-05-31,16,2023-05-31T15:00,gcl,Grand Coulee,92.3,92.3,0.0,1281.0,960.3,320.7,2258.5
2023-05-31,17,2023-05-31T16:00,gcl,Grand Coulee,93.4,93.4,0.0,1281.0,960.5,320.5,2284.0
2023-05-31,18,2023-05-31T17:00,gcl,Grand Coulee,93.8,93.8,0.0,1281.1,960.6,320.5,2293.8
2023-05-31,19,2023-05-31T18:00,gcl,Grand Coulee,105.2,105.2,0.0,1281.1,961.4,319.7,2566.2
2023-05-31,20,2023-05-31T19:00,gcl,Grand Coulee,113.7,113.7,0.0,1281.1,962.1,319.0,2767.4
2023-05-31,21,2023-05-31T20:00,gcl,Grand Coulee,84.1,83.8,0.3,1281.3,959.6,321.7,2056.9
2023-05-31,22,2023-05-31T21:00,gcl,Grand Coulee,84.1,83.8,0.3,1281.3,959.6,321.7,2056.9
2023-05-31,23,2023-05-31T22:00,gcl,Grand Coulee,97.2,95.2,2.0,1281.4,960.3,321.1,2332.4
2023-05-31,24,2023-05-31T23:00,gcl,Grand Coulee,74.7,74.7,0.0,1281.5,958.8,322.7,1839.3
2023-06-01,1,2023-06-01T00:00,gcl,Grand Coulee,66.3,66.3,0.0,1281.6,957.5,324.1,1639.5
2023-06-01,2,2023-06-01T01:00,gcl,Grand Coulee,65.4,65.4,0.0,1281.6,957.2,324.4,1618.8
2023-06-01,3,2023-06-01T02:00,gcl,Grand Coulee,62.0,62.0,0.0,1281.7,957.2,324.5,1535.1
2023-06-01,4,2023-06-01T03:00,gcl,Grand Coulee,61.8,61.8,0.0,1281.8,957.1,324.7,1531.1
2023-06-01,5,2023-06-01T04:00,gcl,Grand Coulee,59.8,59.8,0.0,1281.8,956.8,325.0,1482.9
2023-06-01,6,2023-06-01T05:00,gcl,Grand Coulee,85.9,85.9,0.0,1281.8,958.9,322.9,2116.3
2023-06-01,7,2023-06-01T06:00,gcl,Grand Coulee,103.4,103.4,0.0,1281.8,960.6,321.2,2534.1
2023-06-01,8,2023-06-01T07:00,gcl,Grand Coulee,109.4,109.4,0.0,1281.9,961.7,320.2,2672.8
2023-06-01,9,2023-06-01T08:00,gcl,Grand Coulee,107.1,107.1,0.0,1281.9,961.6,320.3,2617.4
2023-06-01,10,2023-06-01T09:00,gcl,Grand Coulee,116.5,116.5,0.0,1282.0,962.3,319.7,2841.8
2023-06-01,11,2023-06-01T10:00,gcl,Grand Coulee,107.4,107.4,0.0,1282.0,962.0,320.0,2622.3
2023-06-01,12,2023-06-01T11:00,gcl,Grand Coulee,107.2,107.2,0.0,1282.1,961.7,320.4,2620.7
2023-06-01,13,2023-06-01T12:00,gcl,Grand Coulee,117.0,117.0,0.0,1282.0,962.3,319.7,2854.0
2023-06-01,14,2023-06-01T13:00,gcl,Grand Coulee,110.5,110.5,0.0,1282.1,962.3,319.8,2696.3
2023-06-01,15,2023-06-01T14:00,gcl,Grand Coulee,79.4,79.4,0.0,1282.2,959.9,322.3,1952.6
2023-06-01,16,2023-06-01T15:00,gcl,Grand Coulee,79.0,79.0,0.0,1282.2,958.9,323.3,1948.8
2023-06-01,17,2023-06-01T16:00,gcl,Grand Coulee,86.9,86.9,0.0,1282.3,959.7,322.6,2139.0
2023-06-01,18,2023-06-01T17:00,gcl,Grand Coulee,97.4,97.4,0.0,1282.3,960.7,321.6,2390.0
2023-06-01,19,2023-06-01T18:00,gcl,Grand Coulee,104.7,104.7,0.0,1282.3,961.1,321.2,2565.9
2023-06-01,20,2023-06-01T19:00,gcl,Grand Coulee,115.9,115.9,0.0,1282.3,962.1,320.2,2831.6
2023-06-01,21,2023-06-01T20:00,gcl,Grand Coulee,101.9,101.9,0.0,1282.5,961.5,321.0,2495.8
2023-06-01,22,2023-06-01T21:00,gcl,Grand Coulee,85.6,85.1,0.5,1282.6,959.9,322.7,2095.3
2023-06-01,23,2023-06-01T22:00,gcl,Grand Coulee,82.1,80.0,2.1,1282.7,959.5,323.2,1972.8
2023-06-01,24,2023-06-01T23:00,gcl,Grand Coulee,71.0,71.0,0.0,1282.7,958.4,324.3,1756.8
2023-06-02,1,2023-06-02T00:00,gcl,Grand Coulee,69.0,69.0,0.0,1282.8,958.3,324.5,1708.4
2023-06-02,2,2023-06-02T01:00,gcl,Grand Coulee,60.6,60.6,0.0,1282.8,957.7,325.1,1503.2
2023-06-02,3,2023-06-02T02:00,gcl,Grand Coulee,55.8,55.8,0.0,1282.9,957.4,325.5,1385.8
2023-06-02,4,2023-06-02T03:00,gcl,Grand Coulee,58.1,58.1,0.0,1282.9,957.5,325.4,1442.5
2023-06-02,5,2023-06-02T04:00,gcl,Grand Coulee,49.8,49.8,0.0,1283.0,957.1,325.9,1238.3
2023-06-02,6,2023-06-02T05:00,gcl,Grand Coulee,62.4,62.4,0.0,1283.1,957.9,325.2,1548.3
2023-06-02,7,2023-06-02T06:00,gcl,Grand Coulee,103.8,103.8,0.0,1283.1,961.8,321.3,2544.7
2023-06-02,8,2023-06-02T07:00,gcl,Grand Coulee,106.4,106.4,0.0,1283.1,962.1,321.0,2606.0
2023-06-02,9,2023-06-02T08:00,gcl,Grand Coulee,109.6,109.6,0.0,1283.1,962.4,320.7,2681.8
2023-06-02,10,2023-06-02T09:00,gcl,Grand Coulee,106.4,106.4,0.0,1283.1,962.2,320.9,2605.2
2023-06-02,11,2023-06-02T10:00,gcl,Grand Coulee,106.7,106.7,0.0,1283.2,962.3,320.9,2612.5
2023-06-02,12,2023-06-02T11:00,gcl,Grand Coulee,107.1,107.1,0.0,1283.3,962.3,321.0,2623.1
2023-06-02,13,2023-06-02T12:00,gcl,Grand Coulee,116.6,116.6,0.0,1283.2,962.8,320.4,2850.5
2023-06-02,14,2023-06-02T13:00,gcl,Grand Coulee,117.8,117.8,0.0,1283.1,963.1,320.0,2876.2
2023-06-02,15,2023-06-02T14:00,gcl,Grand Coulee,98.9,98.9,0.0,1283.2,961.8,321.4,2425.3
2023-06-02,16,2023-06-02T15:00,gcl,Grand Coulee,101.4,101.4,0.0,1283.3,961.4,321.9,2490.5
2023-06-02,17,2023-06-02T16:00,gcl,Grand Coulee,110.6,110.6,0.0,1283.3,962.1,321.2,2710.5
2023-06-02,18,2023-06-02T17:00,gcl,Grand Coulee,117.4,117.4,0.0,1283.3,962.8,320.5,2870.9
2023-06-02,19,2023-06-02T18:00,gcl,Grand Coulee,118.8,118.8,0.0,1283.3,962.8,320.5,2905.2
2023-06-02,20,2023-06-02T19:00,gcl,Grand Coulee,116.0,116.0,0.0,1283.3,962.6,320.7,2838.5
2023-06-02,21,2023-06-02T20:00,gcl,Grand Coulee,108.9,108.9,0.0,1283.3,962.0,321.3,2669.7
2023-06-02,22,2023-06-02T21:00,gcl,Grand Coulee,95.6,95.1,0.5,1283.5,960.7,322.8,2342.3
2023-06-02,23,2023-06-02T22:00,gcl,Grand Coulee,95.6,93.4,2.2,1283.5,960.5,323.0,2301.8
2023-06-02,24,2023-06-02T23:00,gcl,Grand Coulee,76.8,76.8,0.0,1283.6,958.8,324.8,1903.3
2023-06-03,1,2023-06-03T00:00,gcl,Grand Coulee,70.3,70.3,0.0,1283.7,957.9,325.8,1747.6
2023-06-03,2,2023-06-03T01:00,gcl,Grand Coulee,69.2,69.2,0.0,1283.7,957.6,326.1,1721.8
2023-06-03,3,2023-06-03T02:00,gcl,Grand Coulee,64.8,64.8,0.0,1283.7,957.6,326.1,1612.3
2023-06-03,4,2023-06-03T03:00,gcl,Grand Coulee,67.8,67.8,0.0,1283.7,957.7,326.0,1686.4
2023-06-03,5,2023-06-03T04:00,gcl,Grand Coulee,67.7,67.7,0.0,1283.8,957.7,326.1,1684.5
2023-06-03,6,2023-06-03T05:00,gcl,Grand Coulee,74.9,74.9,0.0,1283.8,958.3,325.5,1860.2
2023-06-03,7,2023-06-03T06:00,gcl,Grand Coulee,104.2,104.2,0.0,1283.8,960.9,322.9,2567.2
2023-06-03,8,2023-06-03T07:00,gcl,Grand Coulee,103.6,103.6,0.0,1283.8,961.6,322.2,2546.9
2023-06-03,9,2023-06-03T08:00,gcl,Grand Coulee,108.2,108.2,0.0,1283.8,961.9,321.9,2657.5
2023-06-03,10,2023-06-03T09:00,gcl,Grand Coulee,109.6,109.6,0.0,1283.8,962.1,321.7,2690.2
2023-06-03,11,2023-06-03T10:00,gcl,Grand Coulee,108.5,108.5,0.0,1283.8,962.2,321.6,2662.4
2023-06-03,12,2023-06-03T11:00,gcl,Grand Coulee,106.8,106.8,0.0,1283.9,962.1,321.8,2622.3
2023-06-03,13,2023-06-03T12:00,gcl,Grand Coulee,113.6,113.6,0.0,1283.8,962.5,321.3,2784.9
2023-06-03,14,2023-06-03T13:00,gcl,Grand Coulee,114.5,114.5,0.0,1283.8,962.7,321.1,2805.2
2023-06-03,15,2023-06-03T14:00,gcl,Grand Coulee,96.3,96.3,0.0,1283.9,961.4,322.5,2369.6
2023-06-03,16,2023-06-03T15:00,gcl,Grand Coulee,104.2,104.2,0.0,1283.9,961.5,322.4,2563.2
2023-06-03,17,2023-06-03T16:00,gcl,Grand Coulee,118.8,118.8,0.0,1283.8,962.7,321.1,2910.6
2023-06-03,18,2023-06-03T17:00,gcl,Grand Coulee,128.2,128.2,0.0,1283.8,963.6,320.2,3132.1
2023-06-03,19,2023-06-03T18:00,gcl,Grand Coulee,131.7,131.7,0.0,1283.8,963.8,320.0,3215.6
2023-06-03,20,2023-06-03T19:00,gcl,Grand Coulee,134.3,134.3,0.0,1283.8,964.3,319.5,3273.9
2023-06-03,21,2023-06-03T20:00,gcl,Grand Coulee,128.7,128.7,0.0,1283.8,963.8,320.0,3142.3
2023-06-03,22,2023-06-03T21:00,gcl,Grand Coulee,100.8,100.7,0.1,1283.9,961.8,322.1,2474.8
2023-06-03,23,2023-06-03T22:00,gcl,Grand Coulee,91.8,90.1,1.7,1284.0,960.8,323.2,2221.9
2023-06-03,24,2023-06-03T23:00,gcl,Grand Coulee,73.2,73.2,0.0,1284.0,959.0,325.0,1815.2
2023-06-04,1,2023-06-04T00:00,gcl,Grand Coulee,63.0,63.0,0.0,1284.0,958.0,326.0,1567.0
2023-06-04,2,2023-06-04T01:00,gcl,Grand Coulee,54.2,54.2,0.0,1284.1,957.4,326.7,1351.1
2023-06-04,3,2023-06-04T02:00,gcl,Grand Coulee,47.2,47.2,0.0,1284.1,956.8,327.3,1178.7
2023-06-04,4,2023-06-04T03:00,gcl,Grand Coulee,45.1,45.1,0.0,1284.2,956.6,327.6,1127.3
2023-06-04,5,2023-06-04T04:00,gcl,Grand Coulee,59.1,59.1,0.0,1284.2,957.5,326.7,1473.2
2023-06-04,6,2023-06-04T05:00,gcl,Grand Coulee,56.9,56.9,0.0,1284.2,957.2,327.0,1419.7
2023-06-04,7,2023-06-04T06:00,gcl,Grand Coulee,65.8,65.8,0.0,1284.2,957.8,326.4,1638.7
2023-06-04,8,2023-06-04T07:00,gcl,Grand Coulee,69.9,69.9,0.0,1284.3,958.1,326.2,1739.7
2023-06-04,9,2023-06-04T08:00,gcl,Grand Coulee,78.2,78.2,0.0,1284.3,958.9,325.4,1941.6
2023-06-04,10,2023-06-04T09:00,gcl,Grand Coulee,81.0,81.0,0.0,1284.3,959.0,325.3,2010.5
2023-06-04,11,2023-06-04T10:00,gcl,Grand Coulee,87.0,87.0,0.0,1284.3,959.6,324.7,2155.4
2023-06-04,12,2023-06-04T11:00,gcl,Grand Coulee,77.2,77.2,0.0,1284.3,959.0,325.3,1916.1
2023-06-04,13,2023-06-04T12:00,gcl,Grand Coulee,108.8,108.8,0.0,1284.3,960.9,323.4,2684.7
2023-06-04,14,2023-06-04T13:00,gcl,Grand Coulee,111.8,111.8,0.0,1284.3,962.0,322.3,2749.3
2023-06-04,15,2023-06-04T14:00,gcl,Grand Coulee,92.7,92.7,0.0,1284.4,960.8,323.6,2288.8
2023-06-04,16,2023-06-04T15:00,gcl,Grand Coulee,98.4,98.4,0.0,1284.37,960.5,323.87,2431.6
2023-06-04,17,2023-06-04T16:00,gcl,Grand Coulee,107.8,107.8,0.0,1284.4,961.6,322.8,2655.1
2023-06-04,18,2023-06-04T17:00,gcl,Grand Coulee,108.7,108.7,0.0,1284.4,962.1,322.3,2673.1
2023-06-04,19,2023-06-04T18:00,gcl,Grand Coulee,120.8,120.8,0.0,1284.3,962.9,321.4,2962.4
2023-06-04,20,2023-06-04T19:00,gcl,Grand Coulee,120.5,120.5,0.0,1284.3,963.0,321.3,2954.1
2023-06-04,21,2023-06-04T20:00,gcl,Grand Coulee,114.5,114.5,0.0,1284.3,962.6,321.7,2810.5
2023-06-04,22,2023-06-04T21:00,gcl,Grand Coulee,94.1,94.0,0.1,1284.4,960.8,323.6,2320.9
2023-06-04,23,2023-06-04T22:00,gcl,Grand Coulee,94.1,89.7,1.6,1284.4,959.9,324.5,2220.9
2023-06-04,24,2023-06-04T23:00,gcl,Grand Coulee,86.3,86.3,0.0,1284.4,959.3,325.1,2140.7
2023-06-05,1,2023-06-05T00:00,gcl,Grand Coulee,79.5,79.5,0.0,1284.4,958.8,325.6,1975.0
2023-06-05,2,2023-06-05T01:00,gcl,Grand Coulee,76.0,76.0,0.0,1284.4,958.1,326.3,1892.1
2023-06-05,3,2023-06-05T02:00,gcl,Grand Coulee,76.3,76.3,0.0,1284.4,958.2,326.2,1899.0
2023-06-05,4,2023-06-05T03:00,gcl,Grand Coulee,79.5,79.5,0.0,1284.4,958.3,326.1,1978.1
2023-06-05,5,2023-06-05T04:00,gcl,Grand Coulee,72.2,72.2,0.0,1284.5,957.9,326.6,1799.2
2023-06-05,6,2023-06-05T05:00,gcl,Grand Coulee,90.2,90.2,0.0,1284.5,959.1,325.4,2239.5
2023-06-05,7,2023-06-05T06:00,gcl,Grand Coulee,98.2,98.2,0.0,1284.4,960.1,324.3,2429.9
2023-06-05,8,2023-06-05T07:00,gcl,Grand Coulee,105.9,105.9,0.0,1284.4,961.1,323.3,2612.3
2023-06-05,9,2023-06-05T08:00,gcl,Grand Coulee,106.7,106.7,0.0,1284.4,961.1,323.3,2632.1
2023-06-05,10,2023-06-05T09:00,gcl,Grand Coulee,103.9,103.9,0.0,1284.4,961.0,323.4,2563.8
2023-06-05,11,2023-06-05T10:00,gcl,Grand Coulee,101.7,101.7,0.0,1284.5,960.7,323.8,2512.6
2023-06-05,12,2023-06-05T11:00,gcl,Grand Coulee,107.0,107.0,0.0,1284.5,961.1,323.4,2640.3
2023-06-05,13,2023-06-05T12:00,gcl,Grand Coulee,121.4,121.4,0.0,1284.5,962.2,322.3,2985.4
2023-06-05,14,2023-06-05T13:00,gcl,Grand Coulee,125.7,125.7,0.0,1284.4,962.9,321.5,3083.5
2023-06-05,15,2023-06-05T14:00,gcl,Grand Coulee,116.0,116.0,0.0,1284.4,962.4,322.0,2850.0
2023-06-05,16,2023-06-05T15:00,gcl,Grand Coulee,112.7,112.7,0.0,1284.5,961.8,322.7,2774.9
2023-06-05,17,2023-06-05T16:00,gcl,Grand Coulee,120.0,120.0,0.0,1284.5,962.3,322.2,2950.1
2023-06-05,18,2023-06-05T17:00,gcl,Grand Coulee,128.2,128.2,0.0,1284.5,963.1,321.4,3143.8
2023-06-05,19,2023-06-05T18:00,gcl,Grand Coulee,133.9,133.9,0.0,1284.4,963.7,320.7,3276.5
2023-06-05,20,2023-06-05T19:00,gcl,Grand Coulee,137.2,137.2,0.0,1284.4,964.2,320.2,3352.0
2023-06-05,21,2023-06-05T20:00,gcl,Grand Coulee,113.4,113.4,0.0,1284.4,962.7,321.7,2783.5
2023-06-05,22,2023-06-05T21:00,gcl,Grand Coulee,106.0,105.8,0.2,1284.5,961.7,322.8,2605.8
2023-06-05,23,2023-06-05T22:00,gcl,Grand Coulee,109.0,107.5,1.5,1284.4,961.9,322.5,2645.2
2023-06-05,24,2023-06-05T23:00,gcl,Grand Coulee,98.0,98.0,0.0,1284.4,961.2,323.2,2416.7
2023-06-06,1,2023-06-06T00:00,gcl,Grand Coulee,81.2,81.2,0.0,1284.5,959.8,324.7,2011.7
2023-06-06,2,2023-06-06T01:00,gcl,Grand Coulee,69.1,69.1,0.0,1284.5,959.0,325.5,1716.1
2023-06-06,3,2023-06-06T02:00,gcl,Grand Coulee,63.0,63.0,0.0,1284.6,958.4,326.2,1568.0
2023-06-06,4,2023-06-06T03:00,gcl,Grand Coulee,63.1,63.1,0.0,1284.6,958.4,326.2,1570.5
2023-06-06,5,2023-06-06T04:00,gcl,Grand Coulee,56.8,56.8,0.0,1284.7,957.9,326.8,1416.3
2023-06-06,6,2023-06-06T05:00,gcl,Grand Coulee,70.0,70.0,0.0,1284.6,958.5,326.1,1741.7
2023-06-06,7,2023-06-06T06:00,gcl,Grand Coulee,94.9,94.9,0.0,1284.6,960.4,324.2,2347.5
2023-06-06,8,2023-06-06T07:00,gcl,Grand Coulee,108.5,108.5,0.0,1284.6,962.1,322.5,2669.8
2023-06-06,9,2023-06-06T08:00,gcl,Grand Coulee,110.8,110.8,0.0,1284.7,962.5,322.2,2723.9
2023-06-06,10,2023-06-06T09:00,gcl,Grand Coulee,110.6,110.6,0.0,1284.7,962.5,322.2,2719.0
2023-06-06,11,2023-06-06T10:00,gcl,Grand Coulee,100.7,100.7,0.0,1284.8,962.0,322.8,2480.2
2023-06-06,12,2023-06-06T11:00,gcl,Grand Coulee,109.2,109.2,0.0,1284.8,962.3,322.5,2687.1
2023-06-06,13,2023-06-06T12:00,gcl,Grand Coulee,131.3,131.3,0.0,1284.6,964.0,320.6,3211.8
2023-06-06,14,2023-06-06T13:00,gcl,Grand Coulee,131.4,131.4,0.0,1284.6,964.6,320.0,3208.3
2023-06-06,15,2023-06-06T14:00,gcl,Grand Coulee,120.8,120.8,0.0,1284.6,963.9,320.7,2955.9
2023-06-06,16,2023-06-06T15:00,gcl,Grand Coulee,132.9,132.9,0.0,1284.6,964.2,320.4,3248.9
2023-06-06,17,2023-06-06T16:00,gcl,Grand Coulee,137.5,137.5,0.0,1284.6,965.0,319.6,3353.0
2023-06-06,18,2023-06-06T17:00,gcl,Grand Coulee,143.2,143.2,0.0,1284.7,965.5,319.2,3487.6
2023-06-06,19,2023-06-06T18:00,gcl,Grand Coulee,136.9,136.9,0.0,1284.6,965.2,319.4,3336.3
2023-06-06,20,2023-06-06T19:00,gcl,Grand Coulee,146.7,146.7,0.0,1284.5,965.7,318.8,3568.4
2023-06-06,21,2023-06-06T20:00,gcl,Grand Coulee,146.6,146.6,0.0,1284.4,965.9,318.5,3562.6
2023-06-06,22,2023-06-06T21:00,gcl,Grand Coulee,109.1,109.1,1.6,1284.6,963.1,321.5,2676.3
2023-06-06,23,2023-06-06T22:00,gcl,Grand Coulee,109.1,109.1,1.6,1284.6,963.1,321.5,2676.3
2023-06-06,24,2023-06-06T23:00,gcl,Grand Coulee,89.0,89.0,0.0,1284.6,960.9,323.7,2198.1
2023-06-07,1,2023-06-07T00:00,gcl,Grand Coulee,76.6,76.6,0.0,1284.7,959.4,325.3,1901.2
2023-06-07,2,2023-06-07T01:00,gcl,Grand Coulee,67.6,67.6,0.0,1284.7,958.5,326.2,1682.5
2023-06-07,3,2023-06-07T02:00,gcl,Grand Coulee,57.8,57.8,0.0,1284.7,958.1,326.6,1440.4
2023-06-07,4,2023-06-07T03:00,gcl,Grand Coulee,55.1,55.1,0.0,1284.7,957.8,326.9,1374.3
2023-06-07,5,2023-06-07T04:00,gcl,Grand Coulee,51.5,51.5,0.0,1284.8,957.4,327.4,1286.5
2023-06-07,6,2023-06-07T05:00,gcl,Grand Coulee,56.0,56.0,0.0,1284.8,957.8,327.0,1397.2
2023-06-07,7,2023-06-07T06:00,gcl,Grand Coulee,53.5,53.5,0.0,1284.9,957.6,327.3,1336.1
2023-06-07,8,2023-06-07T07:00,gcl,Grand Coulee,75.0,75.0,0.0,1284.9,958.8,326.1,1866.1
2023-06-07,9,2023-06-07T08:00,gcl,Grand Coulee,85.9,85.9,0.0,1284.9,959.7,325.2,2131.4
2023-06-07,10,2023-06-07T09:00,gcl,Grand Coulee,95.1,95.1,0.0,1284.9,960.4,324.5,2354.6
2023-06-07,11,2023-06-07T10:00,gcl,Grand Coulee,101.0,101.0,0.0,1284.9,960.9,324.0,2496.8
2023-06-07,12,2023-06-07T11:00,gcl,Grand Coulee,99.8,99.8,0.0,1284.9,960.9,324.0,2467.2
2023-06-07,13,2023-06-07T12:00,gcl,Grand Coulee,114.2,114.2,0.0,1284.9,962.0,322.9,2813.6
2023-06-07,14,2023-06-07T13:00,gcl,Grand Coulee,117.0,117.0,0.0,1285.0,962.5,322.5,2879.0
2023-06-07,15,2023-06-07T14:00,gcl,Grand Coulee,116.8,116.8,0.0,1285.0,962.5,322.5,2874.1
2023-06-07,16,2023-06-07T15:00,gcl,Grand Coulee,126.4,126.4,0.0,1284.9,962.8,322.1,3106.4
2023-06-07,17,2023-06-07T16:00,gcl,Grand Coulee,160.5,160.5,0.0,1284.8,965.3,319.5,3912.6
2023-06-07,18,2023-06-07T17:00,gcl,Grand Coulee,166.8,166.8,0.0,1284.8,966.8,318.0,4047.1
2023-06-07,19,2023-06-07T18:00,gcl,Grand Coulee,156.0,156.0,0.0,1284.8,966.4,318.4,3789.9
2023-06-07,20,2023-06-07T19:00,gcl,Grand Coulee,156.4,156.4,0.0,1284.8,966.2,318.6,3802.0
2023-06-07,21,2023-06-07T20:00,gcl,Grand Coulee,146.8,146.8,0.0,1284.7,965.6,319.1,3574.2
2023-06-07,22,2023-06-07T21:00,gcl,Grand Coulee,134.3,134.2,0.1,1284.8,964.6,320.2,3278.7
2023-06-07,23,2023-06-07T22:00,gcl,Grand Coulee,113.5,112.0,1.5,1284.7,962.9,321.8,2750.0
2023-06-07,24,2023-06-07T23:00,gcl,Grand Coulee,94.8,94.8,0.0,1284.6,960.9,323.7,2341.4
2023-06-08,1,2023-06-08T00:00,gcl,Grand Coulee,84.5,84.5,0.0,1284.7,959.5,325.2,2096.7
2023-06-08,2,2023-06-08T01:00,gcl,Grand Coulee,68.0,68.0,0.0,1284.7,958.2,326.5,1694.0
2023-06-08,3,2023-06-08T02:00,gcl,Grand Coulee,68.8,68.8,0.0,1284.8,958.0,326.8,1715.5
2023-06-08,4,2023-06-08T03:00,gcl,Grand Coulee,55.2,55.2,0.0,1284.8,957.4,327.4,1378.9
2023-06-08,5,2023-06-08T04:00,gcl,Grand Coulee,52.0,52.0,0.0,1284.9,956.9,328.0,1301.4
2023-06-08,6,2023-06-08T05:00,gcl,Grand Coulee,45.5,45.5,0.0,1284.9,956.3,328.6,1140.8
2023-06-08,7,2023-06-08T06:00,gcl,Grand Coulee,52.6,52.6,0.0,1284.9,957.1,327.8,1315.6
2023-06-08,8,2023-06-08T07:00,gcl,Grand Coulee,70.0,70.0,0.0,1284.9,958.3,326.6,1744.4
2023-06-08,9,2023-06-08T08:00,gcl,Grand Coulee,82.8,82.8,0.0,1285.0,959.2,325.8,2058.3
2023-06-08,10,2023-06-08T09:00,gcl,Grand Coulee,89.7,89.7,0.0,1285.0,959.8,325.2,2225.7
2023-06-08,11,2023-06-08T10:00,gcl,Grand Coulee,88.0,88.0,0.0,1285.0,959.7,325.3,2184.2
2023-06-08,12,2023-06-08T11:00,gcl,Grand Coulee,99.4,99.4,0.0,1285.0,960.2,324.8,2463.4
2023-06-08,13,2023-06-08T12:00,gcl,Grand Coulee,124.4,124.4,0.0,1285.0,962.1,322.9,3064.9
2023-06-08,14,2023-06-08T13:00,gcl,Grand Coulee,123.3,123.3,0.0,1284.9,962.7,322.2,3031.2
2023-06-08,15,2023-06-08T14:00,gcl,Grand Coulee,108.9,108.9,0.0,1285.0,961.5,323.5,2688.0
2023-06-08,16,2023-06-08T15:00,gcl,Grand Coulee,98.7,98.7,0.0,1285.0,960.4,324.6,2444.5
2023-06-08,17,2023-06-08T16:00,gcl,Grand Coulee,115.6,115.6,0.0,1285.0,961.5,323.5,2853.4
2023-06-08,18,2023-06-08T17:00,gcl,Grand Coulee,119.4,119.4,0.0,1285.0,962.5,322.5,2938.0
2023-06-08,19,2023-06-08T18:00,gcl,Grand Coulee,134.5,134.5,0.0,1285.0,963.3,321.7,3301.4
2023-06-08,20,2023-06-08T19:00,gcl,Grand Coulee,130.3,130.3,0.0,1285.0,963.3,321.7,3198.3
2023-06-08,21,2023-06-08T20:00,gcl,Grand Coulee,123.3,123.3,0.0,1284.9,962.6,322.3,3032.1
2023-06-08,22,2023-06-08T21:00,gcl,Grand Coulee,110.1,110.0,0.1,1284.9,961.5,323.4,2714.3
2023-06-08,23,2023-06-08T22:00,gcl,Grand Coulee,103.3,101.7,1.5,1285.0,961.0,324.0,2514.1
2023-06-08,24,2023-06-08T23:00,gcl,Grand Coulee,88.3,88.3,0.0,1285.0,959.5,325.5,2193.0
2023-06-09,1,2023-06-09T00:00,gcl,Grand Coulee,77.4,77.4,0.0,1284.9,958.3,326.6,1928.8
2023-06-09,2,2023-06-09T01:00,gcl,Grand Coulee,73.7,73.7,0.0,1284.9,958.1,326.8,1837.7
2023-06-09,3,2023-06-09T02:00,gcl,Grand Coulee,70.2,70.2,0.0,1284.9,957.9,327.0,1751.5
2023-06-09,4,2023-06-09T03:00,gcl,Grand Coulee,69.2,69.2,0.0,1284.9,957.8,327.1,1727.1
2023-06-09,5,2023-06-09T04:00,gcl,Grand Coulee,48.4,48.4,0.0,1285.0,956.4,328.6,1213.5
2023-06-09,6,2023-06-09T05:00,gcl,Grand Coulee,54.0,54.0,0.0,1285.1,956.8,328.3,1352.7
2023-06-09,7,2023-06-09T06:00,gcl,Grand Coulee,53.8,53.8,0.0,1285.1,957.1,328.0,1346.4
2023-06-09,8,2023-06-09T07:00,gcl,Grand Coulee,63.0,63.0,0.0,1285.1,957.8,327.3,1573.3
2023-06-09,9,2023-06-09T08:00,gcl,Grand Coulee,64.9,64.9,0.0,1285.1,957.8,327.3,1620.7
2023-06-09,10,2023-06-09T09:00,gcl,Grand Coulee,64.8,64.8,0.0,1285.1,958.0,327.1,1617.3
2023-06-09,11,2023-06-09T10:00,gcl,Grand Coulee,60.5,60.5,0.0,1285.2,957.9,327.3,1510.9
2023-06-09,12,2023-06-09T11:00,gcl,Grand Coulee,52.2,52.2,0.0,1285.3,957.2,328.1,1306.8
2023-06-09,13,2023-06-09T12:00,gcl,Grand Coulee,58.3,58.3,0.0,1285.4,957.5,327.9,1458.6
2023-06-09,14,2023-06-09T13:00,gcl,Grand Coulee,63.1,63.1,0.0,1285.4,957.8,327.6,1577.2
2023-06-09,15,2023-06-09T14:00,gcl,Grand Coulee,63.1,63.1,0.0,1285.4,957.8,327.6,1577.2
2023-06-09,16,2023-06-09T15:00,gcl,Grand Coulee,61.4,61.4,0.0,1285.5,957.5,328.0,1536.6
2023-06-09,17,2023-06-09T16:00,gcl,Grand Coulee,68.8,68.8,0.0,1285.5,958.1,327.4,1718.7
2023-06-09,18,2023-06-09T17:00,gcl,Grand Coulee,75.2,75.2,0.0,1285.6,958.6,327.0,1876.2
2023-06-09,19,2023-06-09T18:00,gcl,Grand Coulee,75.4,75.4,0.0,1285.7,958.9,326.8,1880.1
2023-06-09,20,2023-06-09T19:00,gcl,Grand Coulee,70.5,70.5,0.0,1285.7,958.6,327.1,1759.5
2023-06-09,21,2023-06-09T20:00,gcl,Grand Coulee,79.6,79.6,0.0,1285.7,959.2,326.5,1983.0
2023-06-09,22,2023-06-09T21:00,gcl,Grand Coulee,82.2,82.1,0.1,1285.7,959.5,326.2,2043.4
2023-06-09,23,2023-06-09T22:00,gcl,Grand Coulee,91.2,89.7,1.5,1285.7,960.1,325.6,2228.4
2023-06-09,24,2023-06-09T23:00,gcl,Grand Coulee,78.8,78.8,0.0,1285.8,959.2,326.6,1963.7
2023-06-10,1,2023-06-10T00:00,gcl,Grand Coulee,70.0,70.0,0.0,1285.8,958.2,327.6,1749.7
2023-06-10,2,2023-06-10T01:00,gcl,Grand Coulee,68.8,68.5,0.0,1285.9,957.9,328.0,1714.3
2023-06-10,3,2023-06-10T02:00,gcl,Grand Coulee,64.2,64.2,0.0,1285.9,957.8,328.1,1607.2
2023-06-10,4,2023-06-10T03:00,gcl,Grand Coulee,63.4,63.4,0.0,1285.9,957.6,328.3,1588.1
2023-06-10,5,2023-06-10T04:00,gcl,Grand Coulee,51.5,51.5,0.0,1285.9,956.7,329.2,1293.6
2023-06-10,6,2023-06-10T05:00,gcl,Grand Coulee,51.2,51.2,0.0,1285.9,956.5,329.4,1286.8
2023-06-10,7,2023-06-10T06:00,gcl,Grand Coulee,46.4,46.4,0.0,1286.0,956.4,329.6,1166.9
2023-06-10,8,2023-06-10T07:00,gcl,Grand Coulee,50.2,50.2,0.0,1286.1,956.6,329.5,1262.1
2023-06-10,9,2023-06-10T08:00,gcl,Grand Coulee,46.3,46.3,0.0,1286.1,956.3,329.8,1165.1
2023-06-10,10,2023-06-10T09:00,gcl,Grand Coulee,54.3,54.3,0.0,1286.1,956.9,329.2,1363.9
2023-06-10,11,2023-06-10T10:00,gcl,Grand Coulee,55.7,55.7,0.0,1286.1,957.2,328.9,1397.8
2023-06-10,12,2023-06-10T11:00,gcl,Grand Coulee,63.5,63.5,0.0,1286.1,957.1,329.0,1594.0
2023-06-10,13,2023-06-10T12:00,gcl,Grand Coulee,72.3,72.3,0.0,1286.1,957.6,328.5,1812.2
2023-06-10,14,2023-06-10T13:00,gcl,Grand Coulee,72.8,72.8,0.0,1286.2,958.0,328.2,1823.0
2023-06-10,15,2023-06-10T14:00,gcl,Grand Coulee,72.8,72.8,0.0,1286.2,957.5,328.7,1825.8
2023-06-10,16,2023-06-10T15:00,gcl,Grand Coulee,90.6,90.6,0.0,1286.3,958.9,327.4,2263.2
2023-06-10,17,2023-06-10T16:00,gcl,Grand Coulee,90.6,90.6,0.0,1286.3,958.9,327.4,2263.2
2023-06-10,18,2023-06-10T17:00,gcl,Grand Coulee,100.3,100.3,0.0,1286.2,960.1,326.1,2495.6
2023-06-10,19,2023-06-10T18:00,gcl,Grand Coulee,99.6,99.6,0.0,1286.2,960.5,325.7,2475.2
2023-06-10,20,2023-06-10T19:00,gcl,Grand Coulee,94.6,94.6,0.0,1286.2,960.2,326.0,2353.1
2023-06-10,21,2023-06-10T20:00,gcl,Grand Coulee,97.9,97.9,0.0,1286.3,960.5,325.8,2433.7
2023-06-10,22,2023-06-10T21:00,gcl,Grand Coulee,98.2,98.1,0.1,1286.3,960.6,325.7,2437.9
2023-06-10,23,2023-06-10T22:00,gcl,Grand Coulee,94.0,92.5,1.5,1286.3,960.4,325.9,2300.1
2023-06-10,24,2023-06-10T23:00,gcl,Grand Coulee,81.5,81.5,0.0,1286.3,952.2,334.1,2077.6
2023-06-11,1,2023-06-11T00:00,gcl,Grand Coulee,69.1,69.1,0.0,1286.2,958.2,328.0,1729.3
2023-06-11,2,2023-06-11T01:00,gcl,Grand Coulee,58.9,58.9,0.0,1286.3,957.3,329.0,1478.5
2023-06-11,3,2023-06-11T02:00,gcl,Grand Coulee,59.5,59.5,0.0,1286.3,957.4,328.9,1493.2
2023-06-11,4,2023-06-11T03:00,gcl,Grand Coulee,53.2,53.2,0.0,1286.4,957.0,329.4,1337.1
2023-06-11,5,2023-06-11T04:00,gcl,Grand Coulee,40.4,40.4,0.0,1286.4,956.0,330.4,1018.5
2023-06-11,6,2023-06-11T05:00,gcl,Grand Coulee,46.2,46.2,0.0,1286.4,956.3,330.1,1163.6
2023-06-11,7,2023-06-11T06:00,gcl,Grand Coulee,42.7,42.7,0.0,1286.5,956.8,329.7,1074.2
2023-06-11,8,2023-06-11T07:00,gcl,Grand Coulee,46.4,46.4,0.0,1286.5,956.8,329.7,1167.2
2023-06-11,9,2023-06-11T08:00,gcl,Grand Coulee,57.7,57.7,0.0,1286.5,957.2,329.3,1449.7
2023-06-11,10,2023-06-11T09:00,gcl,Grand Coulee,63.1,63.1,0.0,1286.5,958.3,328.2,1580.1
2023-06-11,11,2023-06-11T10:00,gcl,Grand Coulee,68.0,68.0,0.0,1286.6,958.6,328.0,1701.8
2023-06-11,12,2023-06-11T11:00,gcl,Grand Coulee,61.9,61.9,0.0,1286.7,958.1,328.6,1552.0
2023-06-11,13,2023-06-11T12:00,gcl,Grand Coulee,89.0,89.0,0.0,1286.6,960.0,326.6,2217.8
2023-06-11,14,2023-06-11T13:00,gcl,Grand Coulee,90.0,90.0,0.0,1286.6,960.7,325.9,2238.0
2023-06-11,15,2023-06-11T14:00,gcl,Grand Coulee,86.4,86.4,0.0,1286.7,960.2,326.5,2152.4
2023-06-11,16,2023-06-11T15:00,gcl,Grand Coulee,90.3,90.3,0.0,1286.7,960.3,326.4,2248.9
2023-06-11,17,2023-06-11T16:00,gcl,Grand Coulee,100.2,100.2,0.0,1286.6,961.2,325.4,2487.8
2023-06-11,18,2023-06-11T17:00,gcl,Grand Coulee,106.1,106.1,0.0,1286.7,961.8,324.9,2630.2
2023-06-11,19,2023-06-11T18:00,gcl,Grand Coulee,110.7,110.7,0.0,1286.7,962.2,324.5,2740.9
2023-06-11,20,2023-06-11T19:00,gcl,Grand Coulee,104.8,104.8,0.0,1286.7,961.9,324.8,2597.2
2023-06-11,21,2023-06-11T20:00,gcl,Grand Coulee,100.4,100.4,0.0,1286.7,961.4,325.3,2492.0
2023-06-11,22,2023-06-11T21:00,gcl,Grand Coulee,77.0,75.5,1.5,1286.7,959.1,327.6,1887.2
2023-06-11,23,2023-06-11T22:00,gcl,Grand Coulee,77.0,75.5,1.5,1286.7,959.1,327.6,1887.2
2023-06-11,24,2023-06-11T23:00,gcl,Grand Coulee,65.3,65.3,0.0,1286.7,958.1,328.6,1637.2
2023-06-12,1,2023-06-12T00:00,gcl,Grand Coulee,59.1,59.1,0.0,1286.8,957.4,329.4,1485.4
2023-06-12,2,2023-06-12T01:00,gcl,Grand Coulee,54.6,54.6,0.0,1286.8,957.1,329.7,1373.5
2023-06-12,3,2023-06-12T02:00,gcl,Grand Coulee,50.5,50.5,0.0,1286.8,956.9,329.9,1271.2
2023-06-12,4,2023-06-12T03:00,gcl,Grand Coulee,49.3,49.3,0.0,1286.8,956.9,329.9,1240.9
2023-06-12,5,2023-06-12T04:00,gcl,Grand Coulee,49.0,49.0,0.0,1286.9,956.8,330.1,1234.1
2023-06-12,6,2023-06-12T05:00,gcl,Grand Coulee,51.4,51.4,0.0,1286.9,957.0,329.9,1293.8
2023-06-12,7,2023-06-12T06:00,gcl,Grand Coulee,54.9,54.9,0.0,1287.0,957.2,329.8,1381.5
2023-06-12,8,2023-06-12T07:00,gcl,Grand Coulee,66.0,66.0,0.0,1287.0,958.0,329.0,1656.8
2023-06-12,9,2023-06-12T08:00,gcl,Grand Coulee,75.1,75.1,0.0,1287.0,958.8,328.2,1880.6
2023-06-12,10,2023-06-12T09:00,gcl,Grand Coulee,81.9,81.9,0.0,1287.0,959.4,327.6,2047.2
2023-06-12,11,2023-06-12T10:00,gcl,Grand Coulee,83.8,83.8,0.0,1287.0,959.6,327.4,2093.4
2023-06-12,12,2023-06-12T11:00,gcl,Grand Coulee,97.9,97.9,0.0,1287.0,960.3,326.7,2440.4
2023-06-12,13,2023-06-12T12:00,gcl,Grand Coulee,137.3,137.3,0.0,1287.0,963.2,323.8,3392.1
2023-06-12,14,2023-06-12T13:00,gcl,Grand Coulee,137.7,137.7,0.0,1287.0,964.0,323.0,3393.6
2023-06-12,15,2023-06-12T14:00,gcl,Grand Coulee,134.1,134.1,0.0,1287.0,963.7,323.3,3308.0
2023-06-12,16,2023-06-12T15:00,gcl,Grand Coulee,143.5,143.5,0.0,1286.9,964.2,322.7,3533.3
2023-06-12,17,2023-06-12T16:00,gcl,Grand Coulee,142.7,142.7,0.0,1286.9,964.6,322.3,3509.2
2023-06-12,18,2023-06-12T17:00,gcl,Grand Coulee,144.1,144.1,0.0,1286.9,964.6,322.3,3543.6
2023-06-12,19,2023-06-12T18:00,gcl,Grand Coulee,140.1,140.1,0.0,1286.8,964.6,322.2,3444.2
2023-06-12,20,2023-06-12T19:00,gcl,Grand Coulee,135.2,135.2,0.0,1286.8,964.4,322.4,3325.8
2023-06-12,21,2023-06-12T20:00,gcl,Grand Coulee,130.6,130.6,0.0,1286.8,963.9,322.9,3217.6
2023-06-12,22,2023-06-12T21:00,gcl,Grand Coulee,125.6,125.5,0.1,1286.8,963.2,323.6,3098.7
2023-06-12,23,2023-06-12T22:00,gcl,Grand Coulee,106.9,105.4,1.5,1286.8,962.1,324.7,2611.2
2023-06-12,24,2023-06-12T23:00,gcl,Grand Coulee,99.2,99.2,0.0,1286.8,960.6,326.2,2469.0
2023-06-13,1,2023-06-13T00:00,gcl,Grand Coulee,85.4,85.4,0.0,1286.8,959.4,327.4,2133.3
2023-06-13,2,2023-06-13T01:00,gcl,Grand Coulee,79.0,79.0,0.0,1286.8,958.6,328.2,1978.3
2023-06-13,3,2023-06-13T02:00,gcl,Grand Coulee,71.5,71.5,0.0,1286.8,958.0,328.8,1793.8
2023-06-13,4,2023-06-13T03:00,gcl,Grand Coulee,68.8,68.8,0.0,1286.8,957.6,329.2,1728.1
2023-06-13,5,2023-06-13T04:00,gcl,Grand Coulee,63.9,63.9,0.0,1286.8,957.2,329.6,1607.0
2023-06-13,6,2023-06-13T05:00,gcl,Grand Coulee,61.8,61.8,0.0,1286.8,957.0,329.8,1555.1
2023-06-13,7,2023-06-13T06:00,gcl,Grand Coulee,73.2,73.2,0.0,1286.8,957.8,329.0,1837.5
2023-06-13,8,2023-06-13T07:00,gcl,Grand Coulee,79.4,79.4,0.0,1286.8,958.5,328.3,1988.9
2023-06-13,9,2023-06-13T08:00,gcl,Grand Coulee,88.4,88.4,0.0,1286.8,958.9,327.9,2211.7
2023-06-13,10,2023-06-13T09:00,gcl,Grand Coulee,85.9,85.9,0.0,1286.8,958.9,327.9,2149.1
2023-06-13,11,2023-06-13T10:00,gcl,Grand Coulee,82.7,82.7,0.0,1286.8,958.8,328.0,2069.7
2023-06-13,12,2023-06-13T11:00,gcl,Grand Coulee,80.5,80.5,0.0,1286.9,958.5,328.4,2017.1
2023-06-13,13,2023-06-13T12:00,gcl,Grand Coulee,86.5,86.5,0.0,1286.9,958.9,328.0,2164.8
2023-06-13,14,2023-06-13T13:00,gcl,Grand Coulee,89.8,89.8,0.0,1286.8,959.3,327.5,2243.9
2023-06-13,15,2023-06-13T14:00,gcl,Grand Coulee,95.6,95.6,0.0,1286.8,959.6,327.2,2386.7
2023-06-13,16,2023-06-13T15:00,gcl,Grand Coulee,109.7,109.7,0.0,1286.7,960.7,326.0,2728.7
2023-06-13,17,2023-06-13T16:00,gcl,Grand Coulee,109.8,109.8,0.0,1286.7,961.1,325.6,2727.8
2023-06-13,18,2023-06-13T17:00,gcl,Grand Coulee,116.4,116.4,0.0,1286.7,961.6,325.1,2887.3
2023-06-13,19,2023-06-13T18:00,gcl,Grand Coulee,124.3,124.3,0.0,1286.7,962.2,324.5,3077.6
2023-06-13,20,2023-06-13T19:00,gcl,Grand Coulee,125.5,125.5,0.0,1286.7,962.8,323.9,3101.6
2023-06-13,21,2023-06-13T20:00,gcl,Grand Coulee,138.0,138.0,0.0,1286.6,963.6,323.0,3401.0
2023-06-13,22,2023-06-13T21:00,gcl,Grand Coulee,133.4,133.3,0.1,1286.5,963.7,322.8,3283.1
2023-06-13,23,2023-06-13T22:00,gcl,Grand Coulee,115.6,114.1,1.5,1286.6,962.5,324.1,2821.6
2023-06-13,24,2023-06-13T23:00,gcl,Grand Coulee,87.3,87.3,0.0,1286.7,959.8,326.9,2177.5
2023-06-14,1,2023-06-14T00:00,gcl,Grand Coulee,90.6,90.6,0.0,1286.8,959.3,327.5,2263.9
2023-06-14,2,2023-06-14T01:00,gcl,Grand Coulee,87.0,87.0,0.0,1286.7,959.3,327.4,2173.3
2023-06-14,3,2023-06-14T02:00,gcl,Grand Coulee,83.2,83.2,0.0,1286.7,959.0,327.7,2080.3
2023-06-14,4,2023-06-14T03:00,gcl,Grand Coulee,80.1,80.1,0.0,1286.6,958.7,327.9,2004.0
2023-06-14,5,2023-06-14T04:00,gcl,Grand Coulee,74.3,74.3,0.0,1286.5,958.2,328.3,1861.2
2023-06-14,6,2023-06-14T05:00,gcl,Grand Coulee,75.5,75.5,0.0,1286.6,958.2,328.4,1891.8
2023-06-14,7,2023-06-14T06:00,gcl,Grand Coulee,95.7,95.7,0.0,1286.7,959.7,327.0,2387.7
2023-06-14,8,2023-06-14T07:00,gcl,Grand Coulee,94.8,94.8,0.0,1286.7,960.3,326.4,2360.9
2023-06-14,9,2023-06-14T08:00,gcl,Grand Coulee,89.3,89.3,0.0,1286.7,959.7,327.0,2228.0
2023-06-14,10,2023-06-14T09:00,gcl,Grand Coulee,87.8,87.8,0.0,1286.6,959.6,327.0,2190.6
2023-06-14,11,2023-06-14T10:00,gcl,Grand Coulee,90.2,90.2,0.0,1286.6,959.9,326.7,2248.4
2023-06-14,12,2023-06-14T11:00,gcl,Grand Coulee,85.5,85.5,0.0,1286.7,959.6,327.1,2133.9
2023-06-14,13,2023-06-14T12:00,gcl,Grand Coulee,94.3,94.3,0.0,1286.7,960.1,326.6,2349.9
2023-06-14,14,2023-06-14T13:00,gcl,Grand Coulee,94.6,94.6,0.0,1286.8,960.3,326.5,2356.7
2023-06-14,15,2023-06-14T14:00,gcl,Grand Coulee,97.8,97.8,0.0,1286.8,960.5,326.3,2434.9
2023-06-14,16,2023-06-14T15:00,gcl,Grand Coulee,102.0,102.0,0.0,1286.8,960.9,325.9,2536.3
2023-06-14,17,2023-06-14T16:00,gcl,Grand Coulee,105.5,105.5,0.0,1286.8,961.3,325.5,2620.2
2023-06-14,18,2023-06-14T17:00,gcl,Grand Coulee,115.1,115.1,0.0,1286.7,962.1,324.6,2850.7
2023-06-14,19,2023-06-14T18:00,gcl,Grand Coulee,119.1,119.1,0.0,1286.7,962.5,324.2,2946.1
2023-06-14,20,2023-06-14T19:00,gcl,Grand Coulee,128.1,128.1,0.0,1286.7,963.3,323.4,3160.9
2023-06-14,21,2023-06-14T20:00,gcl,Grand Coulee,142.3,142.3,0.0,1286.7,964.4,322.3,3499.4
2023-06-14,22,2023-06-14T21:00,gcl,Grand Coulee,134.9,134.8,0.1,1286.7,964.3,322.4,3316.0
2023-06-14,23,2023-06-14T22:00,gcl,Grand Coulee,124.5,122.9,1.6,1286.7,963.5,323.2,3030.7
2023-06-14,24,2023-06-14T23:00,gcl,Grand Coulee,91.6,91.6,0.0,1286.7,960.8,325.9,2277.7
2023-06-15,1,2023-06-15T00:00,gcl,Grand Coulee,84.9,84.9,0.0,1286.7,959.7,327.0,2118.3
2023-06-15,2,2023-06-15T01:00,gcl,Grand Coulee,77.3,77.3,0.0,1286.7,959.1,327.6,1932.2
2023-06-15,3,2023-06-15T02:00,gcl,Grand Coulee,76.1,76.1,0.0,1286.7,959.2,327.5,1901.6
2023-06-15,4,2023-06-15T03:00,gcl,Grand Coulee,71.1,71.1,0.0,1286.7,958.8,327.9,1778.8
2023-06-15,5,2023-06-15T04:00,gcl,Grand Coulee,64.0,64.0,0.0,1286.7,958.2,328.5,1604.1
2023-06-15,6,2023-06-15T05:00,gcl,Grand Coulee,67.8,67.8,0.0,1286.7,958.4,328.3,1698.3
2023-06-15,7,2023-06-15T06:00,gcl,Grand Coulee,79.2,79.2,0.0,1286.8,959.2,327.6,1979.7
2023-06-15,8,2023-06-15T07:00,gcl,Grand Coulee,89.0,89.0,0.0,1286.8,960.2,326.6,2217.8
2023-06-15,9,2023-06-15T08:00,gcl,Grand Coulee,87.9,87.9,0.0,1286.8,960.0,326.8,2191.8
2023-06-15,10,2023-06-15T09:00,gcl,Grand Coulee,80.2,80.2,0.0,1286.8,959.3,327.5,2004.1
2023-06-15,11,2023-06-15T10:00,gcl,Grand Coulee,90.9,90.9,0.0,1286.8,959.7,327.1,2268.7
2023-06-15,12,2023-06-15T11:00,gcl,Grand Coulee,91.3,91.3,0.0,1286.9,959.8,327.1,2278.6
2023-06-15,13,2023-06-15T12:00,gcl,Grand Coulee,120.0,120.0,0.0,1286.9,961.7,325.2,2977.5
2023-06-15,14,2023-06-15T13:00,gcl,Grand Coulee,121.5,121.5,0.0,1286.8,962.4,324.4,3007.3
2023-06-15,15,2023-06-15T14:00,gcl,Grand Coulee,129.5,129.5,0.0,1286.8,962.9,323.9,3200.4
2023-06-15,16,2023-06-15T15:00,gcl,Grand Coulee,128.2,128.2,0.0,1286.8,963.0,323.8,3167.3
2023-06-15,17,2023-06-15T16:00,gcl,Grand Coulee,134.1,134.1,0.0,1286.8,963.6,323.2,3306.9
2023-06-15,18,2023-06-15T17:00,gcl,Grand Coulee,147.1,147.1,0.0,1286.8,964.6,322.2,3616.3
2023-06-15,19,2023-06-15T18:00,gcl,Grand Coulee,148.3,148.3,0.0,1286.7,965.2,321.5,3637.9
2023-06-15,20,2023-06-15T19:00,gcl,Grand Coulee,141.7,141.7,0.0,1286.7,964.8,321.9,3480.3
2023-06-15,21,2023-06-15T20:00,gcl,Grand Coulee,141.0,141.0,0.0,1286.6,964.5,322.1,3465.2
2023-06-15,22,2023-06-15T21:00,gcl,Grand Coulee,131.3,131.2,0.1,1286.6,963.8,322.8,3231.4
2023-06-15,23,2023-06-15T22:00,gcl,Grand Coulee,117.3,115.8,1.5,1286.6,962.7,323.9,2861.8
2023-06-15,24,2023-06-15T23:00,gcl,Grand Coulee,88.7,88.7,0.0,1286.6,960.1,326.5,2209.7
2023-06-16,1,2023-06-16T00:00,gcl,Grand Coulee,80.6,80.6,0.0,1286.6,958.6,328.0,2017.1
2023-06-16,2,2023-06-16T01:00,gcl,Grand Coulee,76.2,76.2,0.0,1286.6,958.1,328.5,1909.9
2023-06-16,3,2023-06-16T02:00,gcl,Grand Coulee,74.2,74.2,0.0,1286.6,958.1,328.5,1859.8
2023-06-16,4,2023-06-16T03:00,gcl,Grand Coulee,72.6,72.6,0.0,1286.6,958.0,328.6,1820.2
2023-06-16,5,2023-06-16T04:00,gcl,Grand Coulee,62.1,62.1,0.0,1286.6,957.2,329.4,1560.8
2023-06-16,6,2023-06-16T05:00,gcl,Grand Coulee,69.6,69.6,0.0,1286.6,957.6,329.0,1747.1
2023-06-16,7,2023-06-16T06:00,gcl,Grand Coulee,79.4,79.4,0.0,1286.6,958.6,328.0,1987.1
2023-06-16,8,2023-06-16T07:00,gcl,Grand Coulee,81.9,81.9,0.0,1286.6,959.1,327.5,2046.5
2023-06-16,9,2023-06-16T08:00,gcl,Grand Coulee,86.3,86.3,0.0,1286.6,959.2,327.4,2155.8
2023-06-16,10,2023-06-16T09:00,gcl,Grand Coulee,97.7,97.7,0.0,1286.6,960.1,326.5,2433.9
2023-06-16,11,2023-06-16T10:00,gcl,Grand Coulee,94.3,94.3,0.0,1286.6,960.1,326.5,2349.2
2023-06-16,12,2023-06-16T11:00,gcl,Grand Coulee,93.5,93.5,0.0,1286.7,960.0,326.7,2330.7
2023-06-16,13,2023-06-16T12:00,gcl,Grand Coulee,116.8,116.8,0.0,1286.6,961.6,325.0,2896.3
2023-06-16,14,2023-06-16T13:00,gcl,Grand Coulee,126.0,126.0,0.0,1286.6,962.8,323.8,3112.9
2023-06-16,15,2023-06-16T14:00,gcl,Grand Coulee,125.8,125.8,0.0,1286.6,963.0,323.6,3106.1
2023-06-16,16,2023-06-16T15:00,gcl,Grand Coulee,124.9,124.9,0.0,1286.6,963.0,323.6,3083.9
2023-06-16,17,2023-06-16T16:00,gcl,Grand Coulee,118.8,118.8,0.0,1286.6,962.7,323.9,2936.0
2023-06-16,18,2023-06-16T17:00,gcl,Grand Coulee,123.9,123.9,0.0,1286.6,962.9,323.7,3060.1
2023-06-16,19,2023-06-16T18:00,gcl,Grand Coulee,138.8,138.8,0.0,1286.5,964.3,322.2,3412.2
2023-06-16,20,2023-06-16T19:00,gcl,Grand Coulee,136.0,136.0,0.0,1286.5,964.5,322.0,3341.3
2023-06-16,21,2023-06-16T20:00,gcl,Grand Coulee,123.9,123.9,0.0,1286.5,963.4,323.1,3054.4
2023-06-16,22,2023-06-16T21:00,gcl,Grand Coulee,111.2,111.2,0.1,1286.5,962.1,324.4,2752.4
2023-06-16,23,2023-06-16T22:00,gcl,Grand Coulee,103.1,101.6,1.5,1286.5,961.4,325.1,2520.2
2023-06-16,24,2023-06-16T23:00,gcl,Grand Coulee,85.4,85.4,0.0,1286.5,959.9,326.6,2128.1
2023-06-17,1,2023-06-17T00:00,gcl,Grand Coulee,84.6,84.6,0.0,1286.5,959.6,326.9,2110.1
2023-06-17,2,2023-06-17T01:00,gcl,Grand Coulee,78.8,78.8,0.0,1286.5,959.3,327.2,1967.3
2023-06-17,3,2023-06-17T02:00,gcl,Grand Coulee,76.8,76.8,0.0,1286.5,959.0,327.5,1919.1
2023-06-17,4,2023-06-17T03:00,gcl,Grand Coulee,71.8,71.8,0.0,1286.5,958.5,328.0,1796.9
2023-06-17,5,2023-06-17T04:00,gcl,Grand Coulee,63.8,63.8,0.0,1286.5,957.9,328.6,1599.6
2023-06-17,6,2023-06-17T05:00,gcl,Grand Coulee,68.6,68.6,0.0,1286.5,958.0,328.5,1719.4
2023-06-17,7,2023-06-17T06:00,gcl,Grand Coulee,80.0,80.0,0.0,1286.5,959.1,327.4,1998.4
2023-06-17,8,2023-06-17T07:00,gcl,Grand Coulee,77.3,77.3,0.0,1286.6,959.3,327.3,1930.4
2023-06-17,9,2023-06-17T08:00,gcl,Grand Coulee,79.7,79.7,0.0,1286.6,959.2,327.4,1991.0
2023-06-17,10,2023-06-17T09:00,gcl,Grand Coulee,76.9,76.9,0.0,1286.6,959.0,327.6,1922.2
2023-06-17,11,2023-06-17T10:00,gcl,Grand Coulee,78.5,78.5,0.0,1286.7,959.2,327.5,1961.6
2023-06-17,12,2023-06-17T11:00,gcl,Grand Coulee,77.1,77.1,0.0,1286.7,959.1,327.6,1927.2
2023-06-17,13,2023-06-17T12:00,gcl,Grand Coulee,80.5,80.5,0.0,1286.6,959.3,327.3,2010.3
2023-06-17,14,2023-06-17T13:00,gcl,Grand Coulee,84.8,84.8,0.0,1286.6,959.8,326.8,2114.5
2023-06-17,15,2023-06-17T14:00,gcl,Grand Coulee,92.6,92.6,0.0,1286.6,960.3,326.3,2305.4
2023-06-17,16,2023-06-17T15:00,gcl,Grand Coulee,95.5,95.5,0.0,1286.6,960.5,326.1,2376.2
2023-06-17,17,2023-06-17T16:00,gcl,Grand Coulee,105.9,105.9,0.0,1286.6,961.3,325.3,2628.5
2023-06-17,18,2023-06-17T17:00,gcl,Grand Coulee,116.4,116.4,0.0,1286.6,962.1,324.5,2882.0
2023-06-17,19,2023-06-17T18:00,gcl,Grand Coulee,131.4,131.4,0.0,1286.5,963.4,323.1,3239.3
2023-06-17,20,2023-06-17T19:00,gcl,Grand Coulee,129.1,129.1,0.0,1286.5,963.6,322.9,3180.7
2023-06-17,21,2023-06-17T20:00,gcl,Grand Coulee,124.0,124.0,0.0,1286.5,963.0,323.5,3060.7
2023-06-17,22,2023-06-17T21:00,gcl,Grand Coulee,117.4,117.3,0.1,1286.4,962.4,324.0,2899.8
2023-06-17,23,2023-06-17T22:00,gcl,Grand Coulee,107.4,105.8,1.6,1286.5,961.6,324.9,2622.8
2023-06-17,24,2023-06-17T23:00,gcl,Grand Coulee,97.5,97.5,0.0,1286.5,960.6,325.9,2424.5
2023-06-18,1,2023-06-18T00:00,gcl,Grand Coulee,85.1,85.1,0.0,1286.4,959.9,326.5,2120.0
2023-06-18,2,2023-06-18T01:00,gcl,Grand Coulee,78.3,78.3,0.0,1286.4,959.4,327.0,1953.6
2023-06-18,3,2023-06-18T02:00,gcl,Grand Coulee,75.4,75.4,0.0,1286.4,959.0,327.4,1883.5
2023-06-18,4,2023-06-18T03:00,gcl,Grand Coulee,76.5,76.5,0.0,1286.3,959.0,327.3,1910.4
2023-06-18,5,2023-06-18T04:00,gcl,Grand Coulee,63.9,63.9,0.0,1286.4,958.4,328.0,1599.2
2023-06-18,6,2023-06-18T05:00,gcl,Grand Coulee,59.8,59.8,0.0,1286.4,957.8,328.6,1499.3
2023-06-18,7,2023-06-18T06:00,gcl,Grand Coulee,55.3,55.3,0.0,1286.5,957.5,329.0,1388.2
2023-06-18,8,2023-06-18T07:00,gcl,Grand Coulee,58.2,58.2,0.0,1286.5,957.7,328.8,1460.1
2023-06-18,9,2023-06-18T08:00,gcl,Grand Coulee,65.1,65.1,0.0,1286.5,958.3,328.2,1630.2
2023-06-18,10,2023-06-18T09:00,gcl,Grand Coulee,70.3,70.3,0.0,1286.4,958.8,327.6,1757.2
2023-06-18,11,2023-06-18T10:00,gcl,Grand Coulee,64.5,64.5,0.0,1286.4,958.2,328.2,1615.2
2023-06-18,12,2023-06-18T11:00,gcl,Grand Coulee,66.1,66.1,0.0,1286.5,957.9,328.6,1657.3
2023-06-18,13,2023-06-18T12:00,gcl,Grand Coulee,72.7,72.7,0.0,1286.5,958.3,328.2,1820.5
2023-06-18,14,2023-06-18T13:00,gcl,Grand Coulee,77.0,77.0,0.0,1286.6,958.8,327.8,1925.9
2023-06-18,15,2023-06-18T14:00,gcl,Grand Coulee,75.7,75.7,0.0,1286.6,958.6,328.0,1894.5
2023-06-18,16,2023-06-18T15:00,gcl,Grand Coulee,82.6,82.6,0.0,1286.6,959.2,327.4,2063.4
2023-06-18,17,2023-06-18T16:00,gcl,Grand Coulee,85.5,85.5,0.0,1286.6,959.5,327.1,2133.9
2023-06-18,18,2023-06-18T17:00,gcl,Grand Coulee,92.2,92.2,0.0,1286.6,959.9,326.7,2298.3
2023-06-18,19,2023-06-18T18:00,gcl,Grand Coulee,104.4,104.4,0.0,1286.6,960.9,325.7,2594.4
2023-06-18,20,2023-06-18T19:00,gcl,Grand Coulee,104.0,104.0,0.0,1286.5,961.3,325.2,2580.5
2023-06-18,21,2023-06-18T20:00,gcl,Grand Coulee,106.1,106.1,0.0,1286.5,961.4,325.1,2631.8
2023-06-18,22,2023-06-18T21:00,gcl,Grand Coulee,105.5,105.5,0.0,1286.5,961.1,325.4,2619.4
2023-06-18,23,2023-06-18T22:00,gcl,Grand Coulee,86.9,85.6,1.3,1286.5,959.8,326.7,2133.8
2023-06-18,24,2023-06-18T23:00,gcl,Grand Coulee,81.3,81.3,0.0,1286.6,958.6,328.0,2034.6
2023-06-19,1,2023-06-19T00:00,gcl,Grand Coulee,74.0,74.0,0.0,1286.6,957.6,329.0,1857.6
2023-06-19,2,2023-06-19T01:00,gcl,Grand Coulee,75.1,75.1,0.0,1286.6,957.7,328.9,1884.6
2023-06-19,3,2023-06-19T02:00,gcl,Grand Coulee,72.4,72.4,0.0,1286.6,958.0,328.6,1815.2
2023-06-19,4,2023-06-19T03:00,gcl,Grand Coulee,70.8,70.8,0.0,1286.5,957.8,328.7,1775.7
2023-06-19,5,2023-06-19T04:00,gcl,Grand Coulee,60.3,60.3,0.0,1286.5,956.7,329.8,1517.4
2023-06-19,6,2023-06-19T05:00,gcl,Grand Coulee,65.7,65.7,0.0,1286.5,957.0,329.5,1651.8
2023-06-19,7,2023-06-19T06:00,gcl,Grand Coulee,88.6,88.6,0.0,1286.5,959.0,327.5,2214.0
2023-06-19,8,2023-06-19T07:00,gcl,Grand Coulee,99.5,99.5,0.0,1286.5,960.2,326.3,2477.2
2023-06-19,9,2023-06-19T08:00,gcl,Grand Coulee,98.4,98.4,0.0,1286.5,960.4,326.1,2448.3
2023-06-19,10,2023-06-19T09:00,gcl,Grand Coulee,103.4,103.4,0.0,1286.4,960.7,325.7,2569.6
2023-06-19,11,2023-06-19T10:00,gcl,Grand Coulee,93.9,93.9,0.0,1286.4,960.3,326.1,2336.4
2023-06-19,12,2023-06-19T11:00,gcl,Grand Coulee,85.3,85.3,0.0,1286.5,959.6,326.9,2127.6
2023-06-19,13,2023-06-19T12:00,gcl,Grand Coulee,90.2,90.2,0.0,1286.5,959.6,326.9,2249.8
2023-06-19,14,2023-06-19T13:00,gcl,Grand Coulee,90.9,90.9,0.0,1286.5,959.9,326.6,2265.2
2023-06-19,15,2023-06-19T14:00,gcl,Grand Coulee,89.5,89.5,0.0,1286.5,959.8,326.7,2231.0
2023-06-19,16,2023-06-19T15:00,gcl,Grand Coulee,89.8,89.8,0.0,1286.5,959.7,326.8,2239.1
2023-06-19,17,2023-06-19T16:00,gcl,Grand Coulee,100.2,100.2,0.0,1286.5,960.4,326.1,2493.1
2023-06-19,18,2023-06-19T17:00,gcl,Grand Coulee,105.8,105.8,0.0,1286.5,961.1,325.4,2626.8
2023-06-19,19,2023-06-19T18:00,gcl,Grand Coulee,128.2,128.2,0.0,1286.5,962.5,324.0,3169.3
2023-06-19,20,2023-06-19T19:00,gcl,Grand Coulee,137.3,137.3,0.0,1286.4,963.7,322.7,3380.6
2023-06-19,21,2023-06-19T20:00,gcl,Grand Coulee,133.4,133.4,0.0,1286.3,963.8,322.5,3282.5
2023-06-19,22,2023-06-19T21:00,gcl,Grand Coulee,109.0,108.9,0.1,1286.4,961.8,324.6,2697.1
2023-06-19,23,2023-06-19T22:00,gcl,Grand Coulee,86.1,84.6,1.5,1286.4,959.6,326.8,2109.5
2023-06-19,24,2023-06-19T23:00,gcl,Grand Coulee,68.7,68.7,0.0,1286.4,957.3,329.1,1725.1
2023-06-20,1,2023-06-20T00:00,gcl,Grand Coulee,64.9,64.9,0.0,1286.3,956.6,329.7,1632.6
2023-06-20,2,2023-06-20T01:00,gcl,Grand Coulee,58.0,58.0,0.0,1286.3,956.4,329.9,1459.9
2023-06-20,3,2023-06-20T02:00,gcl,Grand Coulee,55.3,55.3,0.0,1286.3,956.2,330.1,1392.8
2023-06-20,4,2023-06-20T03:00,gcl,Grand Coulee,53.8,53.8,0.0,1286.3,956.1,330.2,1355.5
2023-06-20,5,2023-06-20T04:00,gcl,Grand Coulee,48.6,48.6,0.0,1286.4,955.8,330.6,1225.9
2023-06-20,6,2023-06-20T05:00,gcl,Grand Coulee,53.8,53.8,0.0,1286.4,956.2,330.2,1355.5
2023-06-20,7,2023-06-20T06:00,gcl,Grand Coulee,80.9,80.9,0.0,1286.3,958.5,327.8,2023.4
2023-06-20,8,2023-06-20T07:00,gcl,Grand Coulee,92.3,92.3,0.0,1286.3,959.8,326.5,2299.4
2023-06-20,9,2023-06-20T08:00,gcl,Grand Coulee,88.7,88.7,0.0,1286.3,959.5,326.8,2211.7
2023-06-20,10,2023-06-20T09:00,gcl,Grand Coulee,86.9,86.9,0.0,1286.3,959.2,327.1,2168.8
2023-06-20,11,2023-06-20T10:00,gcl,Grand Coulee,95.6,95.6,0.0,1286.3,959.9,326.4,2380.9
2023-06-20,12,2023-06-20T11:00,gcl,Grand Coulee,92.6,92.6,0.0,1286.3,959.9,326.4,2306.1
2023-06-20,13,2023-06-20T12:00,gcl,Grand Coulee,91.9,91.9,0.0,1286.4,959.7,326.7,2290.8
2023-06-20,14,2023-06-20T13:00,gcl,Grand Coulee,105.8,105.8,0.0,1286.3,960.8,325.5,2627.6
2023-06-20,15,2023-06-20T14:00,gcl,Grand Coulee,103.5,103.5,0.0,1286.2,961.0,325.2,2568.1
2023-06-20,16,2023-06-20T15:00,gcl,Grand Coulee,109.7,109.7,0.0,1286.2,961.5,324.7,2717.8
2023-06-20,17,2023-06-20T16:00,gcl,Grand Coulee,108.6,108.6,0.0,1286.2,961.5,324.7,2690.5
2023-06-20,18,2023-06-20T17:00,gcl,Grand Coulee,99.3,99.3,0.0,1286.2,961.0,325.2,2463.9
2023-06-20,19,2023-06-20T18:00,gcl,Grand Coulee,109.0,109.0,0.0,1286.3,961.4,324.9,2702.1
2023-06-20,20,2023-06-20T19:00,gcl,Grand Coulee,117.0,117.0,0.0,1286.2,962.5,323.7,2889.7
2023-06-20,21,2023-06-20T20:00,gcl,Grand Coulee,103.8,103.8,0.0,1286.2,961.7,324.5,2570.0
2023-06-20,22,2023-06-20T21:00,gcl,Grand Coulee,91.2,91.2,0.0,1286.1,960.3,325.8,2267.1
2023-06-20,23,2023-06-20T22:00,gcl,Grand Coulee,80.1,78.6,1.5,1286.2,959.1,327.1,1961.7
2023-06-20,24,2023-06-20T23:00,gcl,Grand Coulee,68.1,68.1,0.0,1286.2,957.6,328.6,1707.4
2023-06-21,1,2023-06-21T00:00,gcl,Grand Coulee,59.4,59.4,0.0,1286.2,957.1,329.1,1491.6
2023-06-21,2,2023-06-21T01:00,gcl,Grand Coulee,57.0,57.0,0.0,1286.22,957.3,328.92,1430.5
2023-06-21,3,2023-06-21T02:00,gcl,Grand Coulee,42.2,42.2,0.0,1286.2,956.4,329.8,1061.9
2023-06-21,4,2023-06-21T03:00,gcl,Grand Coulee,42.2,42.2,0.0,1286.2,956.1,330.1,1062.9
2023-06-21,5,2023-06-21T04:00,gcl,Grand Coulee,45.6,45.6,0.0,1286.2,956.5,329.7,1147.1
2023-06-21,6,2023-06-21T05:00,gcl,Grand Coulee,56.8,56.8,0.0,1286.2,957.3,328.9,1425.4
2023-06-21,7,2023-06-21T06:00,gcl,Grand Coulee,74.6,74.6,0.0,1286.2,958.3,327.9,1866.4
2023-06-21,8,2023-06-21T07:00,gcl,Grand Coulee,78.5,78.5,0.0,1286.3,958.9,327.4,1961.0
2023-06-21,9,2023-06-21T08:00,gcl,Grand Coulee,85.7,85.7,0.0,1286.2,959.3,326.9,2137.6
2023-06-21,10,2023-06-21T09:00,gcl,Grand Coulee,85.4,85.4,0.0,1286.3,959.2,327.1,2131.4
2023-06-21,11,2023-06-21T10:00,gcl,Grand Coulee,79.2,79.2,0.0,1286.3,958.9,327.4,1978.5
2023-06-21,12,2023-06-21T11:00,gcl,Grand Coulee,76.2,76.2,0.0,1286.3,958.4,327.9,1906.4
2023-06-21,13,2023-06-21T12:00,gcl,Grand Coulee,76.5,76.5,0.0,1286.3,958.5,327.8,1913.4
2023-06-21,14,2023-06-21T13:00,gcl,Grand Coulee,73.8,73.8,0.0,1286.3,958.5,327.8,1845.8
2023-06-21,15,2023-06-21T14:00,gcl,Grand Coulee,70.3,70.3,0.0,1286.3,958.0,328.3,1761.0
2023-06-21,16,2023-06-21T15:00,gcl,Grand Coulee,72.9,72.9,0.0,1286.3,958.0,328.3,1826.1
2023-06-21,17,2023-06-21T16:00,gcl,Grand Coulee,77.8,77.8,0.0,1286.3,958.6,327.7,1945.3
2023-06-21,18,2023-06-21T17:00,gcl,Grand Coulee,88.1,88.1,0.0,1286.3,959.5,326.8,2196.8
2023-06-21,19,2023-06-21T18:00,gcl,Grand Coulee,93.2,93.2,0.0,1286.3,959.9,326.4,2321.1
2023-06-21,20,2023-06-21T19:00,gcl,Grand Coulee,107.9,107.9,0.0,1286.3,960.8,325.5,2679.8
2023-06-21,21,2023-06-21T20:00,gcl,Grand Coulee,85.2,85.0,0.0,1286.4,959.6,326.8,2119.5
2023-06-21,22,2023-06-21T21:00,gcl,Grand Coulee,85.2,85.0,0.0,1286.4,959.6,326.8,2119.5
2023-06-21,23,2023-06-21T22:00,gcl,Grand Coulee,74.2,72.5,1.7,1286.4,958.6,327.8,1813.3
2023-06-21,24,2023-06-21T23:00,gcl,Grand Coulee,59.9,59.9,0.0,1286.4,957.0,329.4,1505.5
2023-06-22,1,2023-06-22T00:00,gcl,Grand Coulee,65.2,65.2,0.0,1286.4,957.1,329.3,1638.2
2023-06-22,2,2023-06-22T01:00,gcl,Grand Coulee,63.1,63.1,0.0,1286.4,957.1,329.3,1585.4
2023-06-22,3,2023-06-22T02:00,gcl,Grand Coulee,58.4,58.4,0.0,1286.4,956.9,329.5,1468.2
2023-06-22,4,2023-06-22T03:00,gcl,Grand Coulee,57.4,57.4,0.0,1286.4,956.6,329.8,1444.4
2023-06-22,5,2023-06-22T04:00,gcl,Grand Coulee,62.1,62.1,0.0,1286.4,957.1,329.3,1560.3
2023-06-22,6,2023-06-22T05:00,gcl,Grand Coulee,66.0,66.0,0.0,1286.4,957.4,329.0,1656.8
2023-06-22,7,2023-06-22T06:00,gcl,Grand Coulee,79.8,79.8,0.0,1286.4,958.4,328.0,1997.1
2023-06-22,8,2023-06-22T07:00,gcl,Grand Coulee,99.2,99.2,0.0,1286.4,959.7,326.7,2472.8
2023-06-22,9,2023-06-22T08:00,gcl,Grand Coulee,93.2,93.2,0.0,1286.4,959.8,326.6,2322.5
2023-06-22,10,2023-06-22T09:00,gcl,Grand Coulee,80.3,80.3,0.0,1286.4,958.9,327.5,2006.6
2023-06-22,11,2023-06-22T10:00,gcl,Grand Coulee,87.1,87.1,0.0,1286.4,959.2,327.2,2174.5
2023-06-22,12,2023-06-22T11:00,gcl,Grand Coulee,96.4,96.4,0.0,1286.3,960.0,326.3,2400.0
2023-06-22,13,2023-06-22T12:00,gcl,Grand Coulee,98.8,98.8,0.0,1286.4,960.3,326.1,2458.3
2023-06-22,14,2023-06-22T13:00,gcl,Grand Coulee,100.8,100.8,0.0,1286.3,960.6,325.7,2505.0
2023-06-22,15,2023-06-22T14:00,gcl,Grand Coulee,103.8,103.8,0.0,1286.3,960.8,325.5,2577.9
2023-06-22,16,2023-06-22T15:00,gcl,Grand Coulee,109.6,109.6,0.0,1286.3,961.3,325.0,2717.8
2023-06-22,17,2023-06-22T16:00,gcl,Grand Coulee,114.2,114.2,0.0,1286.3,961.8,324.5,2827.5
2023-06-22,18,2023-06-22T17:00,gcl,Grand Coulee,114.6,114.6,0.0,1286.3,962.0,324.3,2835.7
2023-06-22,19,2023-06-22T18:00,gcl,Grand Coulee,116.3,116.3,0.0,1286.2,962.1,324.1,2876.0
2023-06-22,20,2023-06-22T19:00,gcl,Grand Coulee,113.8,113.8,0.0,1286.2,962.0,324.2,2815.0
2023-06-22,21,2023-06-22T20:00,gcl,Grand Coulee,110.7,110.7,0.0,1286.2,961.9,324.3,2739.2
2023-06-22,22,2023-06-22T21:00,gcl,Grand Coulee,93.3,93.2,0.1,1286.2,960.6,325.6,2315.4
2023-06-22,23,2023-06-22T22:00,gcl,Grand Coulee,81.6,79.8,1.8,1286.2,959.3,326.9,1990.4
2023-06-22,24,2023-06-22T23:00,gcl,Grand Coulee,71.0,71.0,0.0,1286.2,959.2,327.0,1771.5
2023-06-23,1,2023-06-23T00:00,gcl,Grand Coulee,70.5,70.5,0.0,1286.2,957.9,328.3,1766.0
2023-06-23,2,2023-06-23T01:00,gcl,Grand Coulee,63.6,63.6,0.0,1286.2,957.4,328.8,1595.6
2023-06-23,3,2023-06-23T02:00,gcl,Grand Coulee,57.6,57.6,0.0,1286.2,957.0,329.2,1446.8
2023-06-23,4,2023-06-23T03:00,gcl,Grand Coulee,54.4,54.4,0.0,1286.2,956.7,329.5,1367.7
2023-06-23,5,2023-06-23T04:00,gcl,Grand Coulee,51.7,51.7,0.0,1286.2,956.6,329.6,1300.2
2023-06-23,6,2023-06-23T05:00,gcl,Grand Coulee,60.9,60.9,0.0,1286.2,957.3,328.9,1528.3
2023-06-23,7,2023-06-23T06:00,gcl,Grand Coulee,74.0,74.0,0.0,1286.2,958.3,327.9,1851.4
2023-06-23,8,2023-06-23T07:00,gcl,Grand Coulee,79.7,79.7,0.0,1286.2,958.9,327.3,1990.3
2023-06-23,9,2023-06-23T08:00,gcl,Grand Coulee,82.8,82.8,0.0,1286.2,959.1,327.1,2066.5
2023-06-23,10,2023-06-23T09:00,gcl,Grand Coulee,89.1,89.1,0.0,1286.2,959.5,326.7,2221.0
2023-06-23,11,2023-06-23T10:00,gcl,Grand Coulee,98.6,98.6,0.0,1286.1,960.4,325.7,2450.3
2023-06-23,12,2023-06-23T11:00,gcl,Grand Coulee,98.5,98.5,0.0,1286.1,960.7,325.4,2445.6
2023-06-23,13,2023-06-23T12:00,gcl,Grand Coulee,99.7,99.7,0.0,1286.1,960.7,325.4,2475.4
2023-06-23,14,2023-06-23T13:00,gcl,Grand Coulee,101.8,101.8,0.0,1286.1,960.9,325.2,2525.9
2023-06-23,15,2023-06-23T14:00,gcl,Grand Coulee,110.5,110.5,0.0,1286.1,961.4,324.7,2737.6
2023-06-23,16,2023-06-23T15:00,gcl,Grand Coulee,122.7,122.7,0.0,1286.0,962.4,323.6,3029.5
2023-06-23,17,2023-06-23T16:00,gcl,Grand Coulee,116.7,116.7,0.0,1286.0,962.3,323.7,2882.3
2023-06-23,18,2023-06-23T17:00,gcl,Grand Coulee,113.3,113.3,0.0,1286.0,961.9,324.1,2801.8
2023-06-23,19,2023-06-23T18:00,gcl,Grand Coulee,114.7,114.7,0.0,1286.0,962.0,324.0,2835.5
2023-06-23,20,2023-06-23T19:00,gcl,Grand Coulee,99.6,99.6,0.0,1286.1,961.2,324.9,2469.1
2023-06-23,21,2023-06-23T20:00,gcl,Grand Coulee,99.3,99.3,0.0,1286.1,960.7,325.4,2465.4
2023-06-23,22,2023-06-23T21:00,gcl,Grand Coulee,97.5,97.2,0.3,1286.0,960.6,325.4,2413.3
2023-06-23,23,2023-06-23T22:00,gcl,Grand Coulee,79.2,77.5,1.7,1286.0,959.3,326.7,1931.9
2023-06-23,24,2023-06-23T23:00,gcl,Grand Coulee,75.0,75.0,0.0,1286.0,958.3,327.7,1875.3
2023-06-24,1,2023-06-24T00:00,gcl,Grand Coulee,70.4,70.4,0.0,1286.1,957.6,328.5,1764.5
2023-06-24,2,2023-06-24T01:00,gcl,Grand Coulee,61.2,61.2,0.0,1286.1,956.9,329.2,1537.2
2023-06-24,3,2023-06-24T02:00,gcl,Grand Coulee,48.4,48.4,0.0,1286.1,956.0,330.1,1219.0
2023-06-24,4,2023-06-24T03:00,gcl,Grand Coulee,48.9,48.9,0.0,1286.1,956.1,330.0,1231.3
2023-06-24,5,2023-06-24T04:00,gcl,Grand Coulee,48.9,48.9,0.0,1286.1,956.2,329.9,1230.9
2023-06-24,6,2023-06-24T05:00,gcl,Grand Coulee,49.6,49.6,0.0,1286.1,956.3,329.8,1248.1
2023-06-24,7,2023-06-24T06:00,gcl,Grand Coulee,48.5,48.5,0.0,1286.1,956.1,330.0,1221.2
2023-06-24,8,2023-06-24T07:00,gcl,Grand Coulee,50.5,50.5,0.0,1286.1,956.3,329.8,1270.8
2023-06-24,9,2023-06-24T08:00,gcl,Grand Coulee,61.1,61.1,0.0,1286.2,957.0,329.2,1534.7
2023-06-24,10,2023-06-24T09:00,gcl,Grand Coulee,73.3,73.3,0.0,1286.1,957.9,328.2,1835.6
2023-06-24,11,2023-06-24T10:00,gcl,Grand Coulee,77.9,77.9,0.0,1286.1,958.4,327.7,1947.8
2023-06-24,12,2023-06-24T11:00,gcl,Grand Coulee,80.9,80.9,0.0,1286.1,958.6,327.5,2021.5
2023-06-24,13,2023-06-24T12:00,gcl,Grand Coulee,82.3,82.3,0.0,1286.1,958.8,327.3,2055.3
2023-06-24,14,2023-06-24T13:00,gcl,Grand Coulee,86.1,86.1,0.0,1286.1,959.0,327.1,2148.9
2023-06-24,15,2023-06-24T14:00,gcl,Grand Coulee,103.5,103.5,0.0,1286.0,960.2,325.8,2572.9
2023-06-24,16,2023-06-24T15:00,gcl,Grand Coulee,106.0,106.0,0.0,1286.0,960.9,325.1,2629.3
2023-06-24,17,2023-06-24T16:00,gcl,Grand Coulee,109.2,109.2,0.0,1286.0,961.4,324.6,2704.6
2023-06-24,18,2023-06-24T17:00,gcl,Grand Coulee,112.4,112.4,0.0,1286.0,961.7,324.3,2781.2
2023-06-24,19,2023-06-24T18:00,gcl,Grand Coulee,107.4,107.4,0.0,1286.0,961.5,324.5,2659.2
2023-06-24,20,2023-06-24T19:00,gcl,Grand Coulee,108.5,108.5,0.0,1286.0,961.5,324.5,2686.4
2023-06-24,21,2023-06-24T20:00,gcl,Grand Coulee,101.1,101.1,0.0,1286.0,961.0,325.0,2507.0
2023-06-24,22,2023-06-24T21:00,gcl,Grand Coulee,90.8,90.6,0.2,1286.0,960.0,326.0,2253.6
2023-06-24,23,2023-06-24T22:00,gcl,Grand Coulee,82.0,80.4,1.6,1286.0,959.3,326.7,2004.1
2023-06-24,24,2023-06-24T23:00,gcl,Grand Coulee,71.8,71.8,0.0,1286.0,958.0,328.0,1796.9
2023-06-25,1,2023-06-25T00:00,gcl,Grand Coulee,65.1,65.1,0.0,1286.0,957.1,328.9,1633.7
2023-06-25,2,2023-06-25T01:00,gcl,Grand Coulee,61.6,61.6,0.0,1286.0,956.8,329.2,1547.3
2023-06-25,3,2023-06-25T02:00,gcl,Grand Coulee,58.9,58.9,0.0,1286.1,956.8,329.3,1479.9
2023-06-25,4,2023-06-25T03:00,gcl,Grand Coulee,58.8,58.8,0.0,1286.1,956.7,329.4,1477.8
2023-06-25,5,2023-06-25T04:00,gcl,Grand Coulee,57.8,57.8,0.0,1286.1,956.6,329.5,1453.1
2023-06-25,6,2023-06-25T05:00,gcl,Grand Coulee,58.1,58.1,0.0,1286.1,956.7,329.4,1460.2
2023-06-25,7,2023-06-25T06:00,gcl,Grand Coulee,55.8,55.8,0.0,1286.2,956.5,329.7,1403.7
2023-06-25,8,2023-06-25T07:00,gcl,Grand Coulee,58.6,58.6,0.0,1286.2,956.5,329.7,1474.1
2023-06-25,9,2023-06-25T08:00,gcl,Grand Coulee,81.8,81.8,0.0,1286.1,958.3,327.8,2045.9
2023-06-25,10,2023-06-25T09:00,gcl,Grand Coulee,101.1,101.1,0.0,1286.1,960.3,325.8,2513.2
2023-06-25,11,2023-06-25T10:00,gcl,Grand Coulee,104.9,104.9,0.0,1286.1,961.0,325.1,2602.1
2023-06-25,12,2023-06-25T11:00,gcl,Grand Coulee,106.5,106.5,0.0,1286.1,961.1,325.0,2640.9
2023-06-25,13,2023-06-25T12:00,gcl,Grand Coulee,110.6,110.6,0.0,1286.1,961.5,324.6,2739.2
2023-06-25,14,2023-06-25T13:00,gcl,Grand Coulee,109.4,109.4,0.0,1286.0,961.5,324.5,2708.7
2023-06-25,15,2023-06-25T14:00,gcl,Grand Coulee,114.6,114.6,0.0,1286.0,961.9,324.1,2833.9
2023-06-25,16,2023-06-25T15:00,gcl,Grand Coulee,108.4,108.4,0.0,1286.0,961.6,324.4,2683.1
2023-06-25,17,2023-06-25T16:00,gcl,Grand Coulee,113.7,113.7,0.0,1285.9,961.7,324.2,2812.5
2023-06-25,18,2023-06-25T17:00,gcl,Grand Coulee,118.2,118.2,0.0,1285.9,962.2,323.7,2919.3
2023-06-25,19,2023-06-25T18:00,gcl,Grand Coulee,111.5,111.5,0.0,1286.0,962.0,324.0,2756.4
2023-06-25,20,2023-06-25T19:00,gcl,Grand Coulee,104.6,104.6,0.0,1286.0,961.3,324.7,2591.4
2023-06-25,21,2023-06-25T20:00,gcl,Grand Coulee,103.7,103.7,0.0,1286.0,961.0,325.0,2571.5
2023-06-25,22,2023-06-25T21:00,gcl,Grand Coulee,105.4,105.2,0.2,1286.0,961.0,325.0,2608.7
2023-06-25,23,2023-06-25T22:00,gcl,Grand Coulee,104.4,102.5,1.9,1285.9,961.3,324.6,2538.6
2023-06-25,24,2023-06-25T23:00,gcl,Grand Coulee,82.8,82.8,0.0,1285.9,959.6,326.3,2061.4
2023-06-26,1,2023-06-26T00:00,gcl,Grand Coulee,71.4,71.4,0.0,1286.0,958.3,327.7,1785.3
2023-06-26,2,2023-06-26T01:00,gcl,Grand Coulee,59.8,59.8,0.0,1286.0,957.3,328.7,1499.8
2023-06-26,3,2023-06-26T02:00,gcl,Grand Coulee,55.9,55.9,0.0,1286.1,957.2,328.9,1402.8
2023-06-26,4,2023-06-26T03:00,gcl,Grand Coulee,55.5,55.5,0.0,1286.1,957.1,329.0,1393.2
2023-06-26,5,2023-06-26T04:00,gcl,Grand Coulee,56.8,56.8,0.0,1286.1,957.1,329.0,1425.8
2023-06-26,6,2023-06-26T05:00,gcl,Grand Coulee,62.7,62.7,0.0,1286.1,957.5,328.6,1572.0
2023-06-26,7,2023-06-26T06:00,gcl,Grand Coulee,86.9,86.9,0.0,1286.1,959.0,327.1,2168.8
2023-06-26,8,2023-06-26T07:00,gcl,Grand Coulee,114.0,114.0,0.0,1286.1,961.4,324.7,2824.3
2023-06-26,9,2023-06-26T08:00,gcl,Grand Coulee,116.6,116.6,0.0,1286.1,962.0,324.1,2883.4
2023-06-26,10,2023-06-26T09:00,gcl,Grand Coulee,118.9,118.9,0.0,1286.1,962.1,324.0,2939.4
2023-06-26,11,2023-06-26T10:00,gcl,Grand Coulee,127.1,127.1,0.0,1286.1,962.8,323.3,3135.3
2023-06-26,12,2023-06-26T11:00,gcl,Grand Coulee,135.1,135.1,0.0,1286.1,963.6,322.5,3324.4
2023-06-26,13,2023-06-26T12:00,gcl,Grand Coulee,135.5,135.5,0.0,1286.1,963.6,322.5,3334.2
2023-06-26,14,2023-06-26T13:00,gcl,Grand Coulee,129.7,129.7,0.0,1286.0,963.2,322.8,3194.5
2023-06-26,15,2023-06-26T14:00,gcl,Grand Coulee,123.6,123.6,0.0,1286.0,962.7,323.3,3048.9
2023-06-26,16,2023-06-26T15:00,gcl,Grand Coulee,123.5,123.5,0.0,1286.0,962.6,323.4,3047.4
2023-06-26,17,2023-06-26T16:00,gcl,Grand Coulee,119.1,119.1,0.0,1286.1,962.4,323.7,2941.6
2023-06-26,18,2023-06-26T17:00,gcl,Grand Coulee,126.1,126.1,0.0,1286.0,962.8,323.2,3109.6
2023-06-26,19,2023-06-26T18:00,gcl,Grand Coulee,134.1,134.1,0.0,1285.9,963.6,322.3,3297.7
2023-06-26,20,2023-06-26T19:00,gcl,Grand Coulee,127.3,127.3,0.0,1285.9,963.2,322.7,3134.4
2023-06-26,21,2023-06-26T20:00,gcl,Grand Coulee,118.5,118.5,0.0,1285.9,962.3,323.6,2925.8
2023-06-26,22,2023-06-26T21:00,gcl,Grand Coulee,100.5,100.3,0.2,1286.0,960.8,325.2,2488.7
2023-06-26,23,2023-06-26T22:00,gcl,Grand Coulee,88.8,87.2,1.6,1286.0,959.8,326.2,2170.3
2023-06-26,24,2023-06-26T23:00,gcl,Grand Coulee,63.1,63.1,0.0,1286.1,957.5,328.6,1582.1
2023-06-27,1,2023-06-27T00:00,gcl,Grand Coulee,50.9,50.9,0.0,1286.1,955.9,330.2,1282.4
2023-06-27,2,2023-06-27T01:00,gcl,Grand Coulee,41.1,41.1,0.0,1286.1,955.1,331.0,1038.0
2023-06-27,3,2023-06-27T02:00,gcl,Grand Coulee,49.2,49.2,0.0,1286.1,955.5,330.6,1241.1
2023-06-27,4,2023-06-27T03:00,gcl,Grand Coulee,47.0,47.0,0.0,1286.2,955.6,330.6,1185.6
2023-06-27,5,2023-06-27T04:00,gcl,Grand Coulee,47.7,47.7,0.0,1286.2,955.5,330.7,1203.6
2023-06-27,6,2023-06-27T05:00,gcl,Grand Coulee,56.5,56.5,0.0,1286.3,956.2,330.1,1423.0
2023-06-27,7,2023-06-27T06:00,gcl,Grand Coulee,91.6,91.6,0.0,1286.3,958.9,327.4,2288.2
2023-06-27,8,2023-06-27T07:00,gcl,Grand Coulee,107.1,107.1,0.0,1286.2,960.9,325.3,2658.3
2023-06-27,9,2023-06-27T08:00,gcl,Grand Coulee,108.3,108.3,0.0,1286.3,961.3,325.0,2685.6
2023-06-27,10,2023-06-27T09:00,gcl,Grand Coulee,111.6,111.6,0.0,1286.3,961.5,324.8,2765.7
2023-06-27,11,2023-06-27T10:00,gcl,Grand Coulee,116.4,116.4,0.0,1286.3,962.1,324.2,2879.3
2023-06-27,12,2023-06-27T11:00,gcl,Grand Coulee,120.4,120.4,0.0,1286.3,962.8,323.5,2971.8
2023-06-27,13,2023-06-27T12:00,gcl,Grand Coulee,111.2,111.2,0.0,1286.3,962.2,324.1,2749.8
2023-06-27,14,2023-06-27T13:00,gcl,Grand Coulee,125.5,125.5,0.0,1286.2,962.9,323.3,3095.8
2023-06-27,15,2023-06-27T14:00,gcl,Grand Coulee,129.2,129.2,0.0,1286.1,963.6,322.5,3179.2
2023-06-27,16,2023-06-27T15:00,gcl,Grand Coulee,119.0,119.0,0.0,1286.2,963.0,323.2,2934.6
2023-06-27,17,2023-06-27T16:00,gcl,Grand Coulee,119.0,119.0,0.0,1286.2,962.5,323.7,2939.1
2023-06-27,18,2023-06-27T17:00,gcl,Grand Coulee,119.0,119.0,0.0,1286.2,962.2,324.0,2941.8
2023-06-27,19,2023-06-27T18:00,gcl,Grand Coulee,116.5,116.5,0.0,1286.2,962.1,324.1,2880.9
2023-06-27,20,2023-06-27T19:00,gcl,Grand Coulee,112.4,112.4,0.0,1286.2,961.8,324.4,2782.1
2023-06-27,21,2023-06-27T20:00,gcl,Grand Coulee,107.7,107.7,0.0,1286.1,961.4,324.7,2668.2
2023-06-27,22,2023-06-27T21:00,gcl,Grand Coulee,94.1,93.9,0.2,1286.1,960.1,326.0,2335.6
2023-06-27,23,2023-06-27T22:00,gcl,Grand Coulee,82.4,80.8,1.6,1286.2,959.0,327.2,2017.2
2023-06-27,24,2023-06-27T23:00,gcl,Grand Coulee,66.0,66.0,0.0,1286.3,957.1,329.2,1657.8
2023-06-28,1,2023-06-28T00:00,gcl,Grand Coulee,60.2,60.2,0.0,1286.3,956.5,329.8,1514.9
2023-06-28,2,2023-06-28T01:00,gcl,Grand Coulee,49.4,49.4,0.0,1286.4,955.9,330.5,1245.7
2023-06-28,3,2023-06-28T02:00,gcl,Grand Coulee,47.2,47.2,0.0,1286.4,955.8,330.6,1190.6
2023-06-28,4,2023-06-28T03:00,gcl,Grand Coulee,47.5,47.5,0.0,1286.4,956.0,330.4,1197.5
2023-06-28,5,2023-06-28T04:00,gcl,Grand Coulee,46.6,46.6,0.0,1286.3,956.0,330.3,1174.4
2023-06-28,6,2023-06-28T05:00,gcl,Grand Coulee,45.8,45.8,0.0,1286.3,956.0,330.3,1154.2
2023-06-28,7,2023-06-28T06:00,gcl,Grand Coulee,59.7,59.7,0.0,1286.5,957.0,329.5,1500.9
2023-06-28,8,2023-06-28T07:00,gcl,Grand Coulee,81.4,81.4,0.0,1286.5,958.8,327.7,2035.3
2023-06-28,9,2023-06-28T08:00,gcl,Grand Coulee,87.7,87.7,0.0,1286.6,959.5,327.1,2188.8
2023-06-28,10,2023-06-28T09:00,gcl,Grand Coulee,80.3,80.3,0.0,1286.6,958.9,327.7,2007.8
2023-06-28,11,2023-06-28T10:00,gcl,Grand Coulee,86.5,86.5,0.0,1286.5,959.2,327.3,2160.2
2023-06-28,12,2023-06-28T11:00,gcl,Grand Coulee,92.7,92.7,0.0,1286.5,959.8,326.7,2310.8
2023-06-28,13,2023-06-28T12:00,gcl,Grand Coulee,105.6,105.6,0.0,1286.5,960.9,325.6,2623.5
2023-06-28,14,2023-06-28T13:00,gcl,Grand Coulee,102.7,102.7,0.0,1286.5,960.9,325.6,2551.4
2023-06-28,15,2023-06-28T14:00,gcl,Grand Coulee,112.7,112.7,0.0,1286.4,961.4,325.0,2794.7
2023-06-28,16,2023-06-28T15:00,gcl,Grand Coulee,116.0,116.0,0.0,1286.4,961.9,324.5,2872.1
2023-06-28,17,2023-06-28T16:00,gcl,Grand Coulee,118.9,118.9,0.0,1286.5,962.2,324.3,2942.1
2023-06-28,18,2023-06-28T17:00,gcl,Grand Coulee,124.8,124.8,0.0,1286.4,962.7,323.7,3082.3
2023-06-28,19,2023-06-28T18:00,gcl,Grand Coulee,125.0,125.0,0.0,1286.4,962.8,323.6,3086.3
2023-06-28,20,2023-06-28T19:00,gcl,Grand Coulee,126.2,126.2,0.0,1286.3,962.9,323.4,3114.0
2023-06-28,21,2023-06-28T20:00,gcl,Grand Coulee,112.1,112.1,0.0,1286.4,962.0,324.4,2774.7
2023-06-28,22,2023-06-28T21:00,gcl,Grand Coulee,92.2,91.9,0.3,1286.4,960.3,326.1,2286.6
2023-06-28,23,2023-06-28T22:00,gcl,Grand Coulee,82.1,80.4,1.7,1286.4,959.1,327.3,2007.8
2023-06-28,24,2023-06-28T23:00,gcl,Grand Coulee,73.0,73.0,0.0,1286.4,957.9,328.5,1829.7
2023-06-29,1,2023-06-29T00:00,gcl,Grand Coulee,66.4,66.4,0.0,1286.4,957.2,329.2,1667.8
2023-06-29,2,2023-06-29T01:00,gcl,Grand Coulee,54.4,54.4,0.0,1286.4,956.3,330.1,1370.2
2023-06-29,3,2023-06-29T02:00,gcl,Grand Coulee,47.2,47.2,0.0,1286.5,955.5,331.0,1192.1
2023-06-29,4,2023-06-29T03:00,gcl,Grand Coulee,45.0,45.0,0.0,1286.5,955.3,331.2,1137.2
2023-06-29,5,2023-06-29T04:00,gcl,Grand Coulee,49.4,49.4,0.0,1286.5,955.7,330.8,1246.9
2023-06-29,6,2023-06-29T05:00,gcl,Grand Coulee,55.8,55.8,0.0,1286.6,956.3,330.3,1406.3
2023-06-29,7,2023-06-29T06:00,gcl,Grand Coulee,74.6,74.6,0.0,1286.6,957.6,329.0,1872.7
2023-06-29,8,2023-06-29T07:00,gcl,Grand Coulee,89.1,89.1,0.0,1286.6,959.1,327.5,2226.5
2023-06-29,9,2023-06-29T08:00,gcl,Grand Coulee,104.1,104.1,0.0,1286.6,960.5,326.1,2590.2
2023-06-29,10,2023-06-29T09:00,gcl,Grand Coulee,114.1,114.1,0.0,1286.6,961.4,325.2,2831.1
2023-06-29,11,2023-06-29T10:00,gcl,Grand Coulee,124.7,124.7,0.0,1286.6,962.5,324.1,3083.7
2023-06-29,12,2023-06-29T11:00,gcl,Grand Coulee,134.5,134.5,0.0,1286.6,963.4,323.2,3316.8
2023-06-29,13,2023-06-29T12:00,gcl,Grand Coulee,141.9,141.9,0.0,1286.5,964.2,322.3,3489.5
2023-06-29,14,2023-06-29T13:00,gcl,Grand Coulee,143.3,143.3,0.0,1286.5,964.5,322.0,3520.7
2023-06-29,15,2023-06-29T14:00,gcl,Grand Coulee,149.8,149.8,0.0,1286.4,965.0,321.4,3673.5
2023-06-29,16,2023-06-29T15:00,gcl,Grand Coulee,148.3,148.3,0.0,1286.3,965.2,321.1,3633.3
2023-06-29,17,2023-06-29T16:00,gcl,Grand Coulee,147.6,147.6,0.0,1286.3,965.1,321.2,3617.3
2023-06-29,18,2023-06-29T17:00,gcl,Grand Coulee,147.6,147.6,0.0,1286.3,965.2,321.1,3616.2
2023-06-29,19,2023-06-29T18:00,gcl,Grand Coulee,144.5,144.5,0.0,1286.3,965.0,321.3,3542.4
2023-06-29,20,2023-06-29T19:00,gcl,Grand Coulee,143.7,143.7,0.0,1286.3,964.7,321.6,3526.1
2023-06-29,21,2023-06-29T20:00,gcl,Grand Coulee,120.0,120.0,0.0,1286.3,963.3,323.0,2957.4
2023-06-29,22,2023-06-29T21:00,gcl,Grand Coulee,119.8,119.5,0.3,1286.2,962.5,323.7,2951.4
2023-06-29,23,2023-06-29T22:00,gcl,Grand Coulee,98.1,96.4,1.7,1286.2,961.2,325.0,2390.5
2023-06-29,24,2023-06-29T23:00,gcl,Grand Coulee,88.8,88.8,0.0,1286.3,959.8,326.5,2212.2
2023-06-30,1,2023-06-30T00:00,gcl,Grand Coulee,79.3,79.3,0.0,1286.3,959.2,327.1,1979.1
2023-06-30,2,2023-06-30T01:00,gcl,Grand Coulee,71.4,71.4,0.0,1286.3,958.4,327.9,1786.3
2023-06-30,3,2023-06-30T02:00,gcl,Grand Coulee,61.3,61.3,0.0,1286.3,957.6,328.7,1537.4
2023-06-30,4,2023-06-30T03:00,gcl,Grand Coulee,56.5,56.5,0.0,1286.4,957.3,329.1,1418.7
2023-06-30,5,2023-06-30T04:00,gcl,Grand Coulee,59.8,59.8,0.0,1286.3,957.5,328.8,1500.2
2023-06-30,6,2023-06-30T05:00,gcl,Grand Coulee,59.4,59.4,0.0,1286.3,957.5,328.8,1490.2
2023-06-30,7,2023-06-30T06:00,gcl,Grand Coulee,81.4,81.4,0.0,1286.3,959.0,327.3,2032.8
2023-06-30,8,2023-06-30T07:00,gcl,Grand Coulee,97.1,97.1,0.0,1286.3,960.5,325.8,2413.8
2023-06-30,9,2023-06-30T08:00,gcl,Grand Coulee,104.0,104.0,0.0,1286.3,960.5,325.8,2585.3
2023-06-30,10,2023-06-30T09:00,gcl,Grand Coulee,107.1,107.1,0.0,1286.4,961.3,325.1,2656.6
2023-06-30,11,2023-06-30T10:00,gcl,Grand Coulee,117.8,117.8,0.0,1286.4,962.1,324.3,2914.9
2023-06-30,12,2023-06-30T11:00,gcl,Grand Coulee,127.5,127.5,0.0,1286.3,962.8,323.5,3147.1
2023-06-30,13,2023-06-30T12:00,gcl,Grand Coulee,131.4,131.4,0.0,1286.3,963.5,322.8,3236.3
2023-06-30,14,2023-06-30T13:00,gcl,Grand Coulee,134.0,134.0,0.0,1286.3,963.7,322.6,3298.3
2023-06-30,15,2023-06-30T14:00,gcl,Grand Coulee,140.3,140.3,0.0,1286.3,964.3,322.0,3447.0
2023-06-30,16,2023-06-30T15:00,gcl,Grand Coulee,137.4,137.4,0.0,1286.2,964.2,322.0,3375.7
2023-06-30,17,2023-06-30T16:00,gcl,Grand Coulee,146.4,146.4,0.0,1286.2,964.8,321.4,3590.1
2023-06-30,18,2023-06-30T17:00,gcl,Grand Coulee,146.7,146.7,0.0,1286.2,964.9,321.3,3596.4
2023-06-30,19,2023-06-30T18:00,gcl,Grand Coulee,148.5,148.5,0.0,1286.2,965.1,321.1,3638.2
2023-06-30,20,2023-06-30T19:00,gcl,Grand Coulee,134.3,134.3,0.0,1286.2,964.1,322.1,3300.6
2023-06-30,21,2023-06-30T20:00,gcl,Grand Coulee,122.5,122.5,0.0,1286.2,962.9,323.3,3021.8
2023-06-30,22,2023-06-30T21:00,gcl,Grand Coulee,111.8,111.4,0.4,1286.2,961.8,324.4,2757.3
2023-06-30,23,2023-06-30T22:00,gcl,Grand Coulee,91.5,89.7,1.8,1286.2,959.9,326.3,2233.2
2023-06-30,24,2023-06-30T23:00,gcl,Grand Coulee,84.1,84.1,0.0,1286.2,958.5,327.7,2102.8
2023-07-01,1,2023-07-01T00:00,gcl,Grand Coulee,67.1,67.1,0.0,1286.2,956.9,329.3,1685.9
2023-07-01,2,2023-07-01T01:00,gcl,Grand Coulee,61.7,61.7,0.0,1286.2,956.0,330.2,1554.5
2023-07-01,3,2023-07-01T02:00,gcl,Grand Coulee,54.3,54.3,0.0,1286.3,955.8,330.5,1369.3
2023-07-01,4,2023-07-01T03:00,gcl,Grand Coulee,50.9,50.9,0.0,1286.3,955.7,330.6,1283.9
2023-07-01,5,2023-07-01T04:00,gcl,Grand Coulee,47.5,47.5,0.0,1286.3,955.3,331.0,1199.6
2023-07-01,6,2023-07-01T05:00,gcl,Grand Coulee,46.7,46.7,0.0,1286.3,955.2,331.1,1179.8
2023-07-01,7,2023-07-01T06:00,gcl,Grand Coulee,59.4,59.4,0.0,1286.4,956.2,330.2,1496.5
2023-07-01,8,2023-07-01T07:00,gcl,Grand Coulee,64.2,64.2,0.0,1286.4,956.9,329.5,1614.0
2023-07-01,9,2023-07-01T08:00,gcl,Grand Coulee,73.4,73.4,0.0,1286.4,957.4,329.0,1842.5
2023-07-01,10,2023-07-01T09:00,gcl,Grand Coulee,92.2,92.2,0.0,1286.4,959.1,327.3,2302.5
2023-07-01,11,2023-07-01T10:00,gcl,Grand Coulee,96.2,96.2,0.0,1286.4,960.2,326.2,2394.3
2023-07-01,12,2023-07-01T11:00,gcl,Grand Coulee,93.6,93.6,0.0,1286.4,960.2,326.2,2329.6
2023-07-01,13,2023-07-01T12:00,gcl,Grand Coulee,94.2,94.2,0.0,1286.4,960.4,326.0,2343.1
2023-07-01,14,2023-07-01T13:00,gcl,Grand Coulee,92.0,92.0,0.0,1286.4,960.5,325.9,2287.7
2023-07-01,15,2023-07-01T14:00,gcl,Grand Coulee,74.4,74.4,0.0,1286.5,959.2,327.3,1858.0
2023-07-01,16,2023-07-01T15:00,gcl,Grand Coulee,79.7,79.7,0.0,1286.5,959.2,327.3,1990.3
2023-07-01,17,2023-07-01T16:00,gcl,Grand Coulee,96.5,96.5,0.0,1286.4,960.4,326.0,2400.3
2023-07-01,18,2023-07-01T17:00,gcl,Grand Coulee,98.6,98.6,0.0,1286.4,961.0,325.4,2448.0
2023-07-01,19,2023-07-01T18:00,gcl,Grand Coulee,96.9,96.9,0.0,1286.5,960.8,325.7,2408.1
2023-07-01,20,2023-07-01T19:00,gcl,Grand Coulee,96.1,96.1,0.0,1286.5,960.4,326.1,2391.1
2023-07-01,21,2023-07-01T20:00,gcl,Grand Coulee,85.2,85.2,0.0,1286.6,959.6,327.0,2125.7
2023-07-01,22,2023-07-01T21:00,gcl,Grand Coulee,86.4,86.0,0.4,1286.6,959.2,327.4,2148.3
2023-07-01,23,2023-07-01T22:00,gcl,Grand Coulee,91.1,89.4,1.7,1286.6,959.9,326.7,2228.5
2023-07-01,24,2023-07-01T23:00,gcl,Grand Coulee,83.3,83.3,0.0,1286.6,959.1,327.5,2081.5
2023-07-02,1,2023-07-02T00:00,gcl,Grand Coulee,59.8,59.8,0.0,1286.7,957.5,329.2,1502.1
2023-07-02,2,2023-07-02T01:00,gcl,Grand Coulee,61.5,61.5,0.0,1286.7,957.2,329.5,1546.2
2023-07-02,3,2023-07-02T02:00,gcl,Grand Coulee,57.6,57.6,0.0,1286.8,957.2,329.6,1448.6
2023-07-02,4,2023-07-02T03:00,gcl,Grand Coulee,59.1,59.1,0.0,1286.8,957.3,329.5,1485.8
2023-07-02,5,2023-07-02T04:00,gcl,Grand Coulee,68.0,68.0,0.0,1286.8,957.8,329.0,1707.0
2023-07-02,6,2023-07-02T05:00,gcl,Grand Coulee,67.9,67.9,0.0,1286.7,958.3,328.4,1701.4
2023-07-02,7,2023-07-02T06:00,gcl,Grand Coulee,66.6,66.6,0.0,1286.8,958.1,328.7,1670.3
2023-07-02,8,2023-07-02T07:00,gcl,Grand Coulee,71.4,71.4,0.0,1286.8,958.5,328.3,1788.5
2023-07-02,9,2023-07-02T08:00,gcl,Grand Coulee,81.7,81.7,0.0,1286.8,959.5,327.3,2040.3
2023-07-02,10,2023-07-02T09:00,gcl,Grand Coulee,87.5,87.5,0.0,1286.8,960.1,326.7,2181.1
2023-07-02,11,2023-07-02T10:00,gcl,Grand Coulee,92.1,92.1,0.0,1286.8,960.4,326.4,2293.7
2023-07-02,12,2023-07-02T11:00,gcl,Grand Coulee,96.0,96.0,0.0,1286.8,960.7,326.1,2388.6
2023-07-02,13,2023-07-02T12:00,gcl,Grand Coulee,100.4,100.4,0.0,1286.8,961.0,325.8,2495.8
2023-07-02,14,2023-07-02T13:00,gcl,Grand Coulee,97.3,97.3,0.0,1286.8,961.0,325.8,2418.7
2023-07-02,15,2023-07-02T14:00,gcl,Grand Coulee,97.6,97.6,0.0,1286.8,960.9,325.9,2426.9
2023-07-02,16,2023-07-02T15:00,gcl,Grand Coulee,103.1,103.1,0.0,1286.8,961.2,325.6,2561.3
2023-07-02,17,2023-07-02T16:00,gcl,Grand Coulee,112.7,112.7,0.0,1286.8,962.0,324.8,2793.0
2023-07-02,18,2023-07-02T17:00,gcl,Grand Coulee,122.8,122.8,0.0,1286.8,962.9,323.9,3034.8
2023-07-02,19,2023-07-02T18:00,gcl,Grand Coulee,125.9,125.9,0.0,1286.7,963.2,323.5,3107.6
2023-07-02,20,2023-07-02T19:00,gcl,Grand Coulee,124.7,124.7,0.0,1286.7,963.1,323.6,3078.9
2023-07-02,21,2023-07-02T20:00,gcl,Grand Coulee,104.6,104.6,0.0,1286.8,961.5,325.3,2596.2
2023-07-02,22,2023-07-02T21:00,gcl,Grand Coulee,96.8,96.5,0.3,1286.8,960.1,326.7,2405.5
2023-07-02,23,2023-07-02T22:00,gcl,Grand Coulee,80.3,78.6,1.7,1286.8,958.9,327.9,1966.5
2023-07-02,24,2023-07-02T23:00,gcl,Grand Coulee,65.5,65.5,0.0,1286.9,957.3,329.6,1647.2
2023-07-03,1,2023-07-03T00:00,gcl,Grand Coulee,62.1,62.1,0.0,1286.9,957.2,329.7,1562.2
2023-07-03,2,2023-07-03T01:00,gcl,Grand Coulee,52.9,52.9,0.0,1286.9,957.0,329.9,1331.6
2023-07-03,3,2023-07-03T02:00,gcl,Grand Coulee,43.0,43.0,0.0,1287.0,956.4,330.6,1084.7
2023-07-03,4,2023-07-03T03:00,gcl,Grand Coulee,41.3,41.3,0.0,1287.0,956.3,330.7,1042.1
2023-07-03,5,2023-07-03T04:00,gcl,Grand Coulee,46.7,46.7,0.0,1287.0,957.0,330.0,1175.9
2023-07-03,6,2023-07-03T05:00,gcl,Grand Coulee,52.0,52.0,0.0,1287.1,957.5,329.6,1307.7
2023-07-03,7,2023-07-03T06:00,gcl,Grand Coulee,46.4,46.4,0.0,1287.1,956.9,330.2,1169.0
2023-07-03,8,2023-07-03T07:00,gcl,Grand Coulee,49.7,49.7,0.0,1287.1,957.1,330.0,1251.4
2023-07-03,9,2023-07-03T08:00,gcl,Grand Coulee,55.5,55.5,0.0,1287.2,957.6,329.6,1395.7
2023-07-03,10,2023-07-03T09:00,gcl,Grand Coulee,61.4,61.4,0.0,1287.2,958.2,329.0,1541.3
2023-07-03,11,2023-07-03T10:00,gcl,Grand Coulee,70.9,70.9,0.0,1287.2,958.7,328.5,1777.1
2023-07-03,12,2023-07-03T11:00,gcl,Grand Coulee,75.7,75.7,0.0,1287.2,959.2,328.0,1894.5
2023-07-03,13,2023-07-03T12:00,gcl,Grand Coulee,78.2,78.2,0.0,1287.3,959.4,327.9,1956.5
2023-07-03,14,2023-07-03T13:00,gcl,Grand Coulee,82.8,82.8,0.0,1287.3,959.6,327.7,2070.3
2023-07-03,15,2023-07-03T14:00,gcl,Grand Coulee,92.8,92.8,0.0,1287.4,960.4,327.0,2315.4
2023-07-03,16,2023-07-03T15:00,gcl,Grand Coulee,100.6,100.6,0.0,1287.4,961.2,326.2,2503.8
2023-07-03,17,2023-07-03T16:00,gcl,Grand Coulee,117.8,117.8,0.0,1287.4,962.4,325.0,2921.1
2023-07-03,18,2023-07-03T17:00,gcl,Grand Coulee,123.2,123.2,0.0,1287.3,963.2,324.1,3046.6
2023-07-03,19,2023-07-03T18:00,gcl,Grand Coulee,132.2,132.2,0.0,1287.3,964.0,323.3,3261.1
2023-07-03,20,2023-07-03T19:00,gcl,Grand Coulee,124.4,124.4,0.0,1287.4,963.6,323.8,3073.4
2023-07-03,21,2023-07-03T20:00,gcl,Grand Coulee,122.1,122.1,0.0,1287.4,963.1,324.3,3021.3
2023-07-03,22,2023-07-03T21:00,gcl,Grand Coulee,119.2,118.8,0.4,1287.3,963.0,324.3,2939.6
2023-07-03,23,2023-07-03T22:00,gcl,Grand Coulee,116.5,114.9,1.6,1287.3,963.1,324.2,2842.2
2023-07-03,24,2023-07-03T23:00,gcl,Grand Coulee,89.7,89.7,0.0,1287.3,961.3,326.0,2231.2
2023-07-04,1,2023-07-04T00:00,gcl,Grand Coulee,73.1,73.1,0.0,1287.4,959.4,328.0,1829.4
2023-07-04,2,2023-07-04T01:00,gcl,Grand Coulee,53.6,53.6,0.0,1287.4,957.8,329.6,1348.0
2023-07-04,3,2023-07-04T02:00,gcl,Grand Coulee,46.1,46.1,0.0,1287.5,957.7,329.8,1160.0
2023-07-04,4,2023-07-04T03:00,gcl,Grand Coulee,36.4,36.4,0.0,1287.5,956.5,331.0,919.3
2023-07-04,5,2023-07-04T04:00,gcl,Grand Coulee,35.5,35.5,0.0,1287.5,956.4,331.1,896.8
2023-07-04,6,2023-07-04T05:00,gcl,Grand Coulee,36.2,36.2,0.0,1287.5,956.6,330.9,914.0
2023-07-04,7,2023-07-04T06:00,gcl,Grand Coulee,39.0,39.0,0.0,1287.6,956.8,330.8,984.4
2023-07-04,8,2023-07-04T07:00,gcl,Grand Coulee,54.8,54.8,0.0,1287.6,957.5,330.1,1380.2
2023-07-04,9,2023-07-04T08:00,gcl,Grand Coulee,66.8,66.8,0.0,1287.6,958.2,329.4,1678.9
2023-07-04,10,2023-07-04T09:00,gcl,Grand Coulee,74.8,74.8,0.0,1287.6,959.0,328.6,1875.4
2023-07-04,11,2023-07-04T10:00,gcl,Grand Coulee,86.0,86.0,0.0,1287.7,959.8,327.9,2151.6
2023-07-04,12,2023-07-04T11:00,gcl,Grand Coulee,97.7,97.7,0.0,1287.6,960.8,326.8,2436.1
2023-07-04,13,2023-07-04T12:00,gcl,Grand Coulee,103.5,103.5,0.0,1287.6,961.6,326.0,2574.4
2023-07-04,14,2023-07-04T13:00,gcl,Grand Coulee,101.1,101.1,0.0,1287.6,961.8,325.8,2513.2
2023-07-04,15,2023-07-04T14:00,gcl,Grand Coulee,99.0,99.0,0.0,1287.6,961.7,325.9,2461.8
2023-07-04,16,2023-07-04T15:00,gcl,Grand Coulee,109.2,109.2,0.0,1287.6,962.4,325.2,2709.6
2023-07-04,17,2023-07-04T16:00,gcl,Grand Coulee,112.3,112.3,0.0,1287.6,962.9,324.7,2782.2
2023-07-04,18,2023-07-04T17:00,gcl,Grand Coulee,96.0,96.0,0.0,1287.6,961.9,325.7,2385.7
2023-07-04,19,2023-07-04T18:00,gcl,Grand Coulee,92.4,92.4,0.0,1287.6,961.2,326.4,2301.2
2023-07-04,20,2023-07-04T19:00,gcl,Grand Coulee,90.3,90.3,0.0,1287.6,961.0,326.6,2250.2
2023-07-04,21,2023-07-04T20:00,gcl,Grand Coulee,80.0,80.0,0.0,1287.6,960.4,327.2,1997.2
2023-07-04,22,2023-07-04T21:00,gcl,Grand Coulee,70.6,70.2,0.4,1287.7,959.4,328.3,1758.5
2023-07-04,23,2023-07-04T22:00,gcl,Grand Coulee,62.8,60.6,2.2,1287.7,958.9,328.8,1520.3
2023-07-04,24,2023-07-04T23:00,gcl,Grand Coulee,52.3,52.3,0.0,1287.7,958.1,329.6,1315.3
2023-07-05,1,2023-07-05T00:00,gcl,Grand Coulee,46.2,46.2,0.0,1287.8,957.6,330.2,1164.0
2023-07-05,2,2023-07-05T01:00,gcl,Grand Coulee,39.5,39.5,0.0,1287.8,957.1,330.7,996.7
2023-07-05,3,2023-07-05T02:00,gcl,Grand Coulee,35.6,35.6,0.0,1287.9,957.2,330.7,898.3
2023-07-05,4,2023-07-05T03:00,gcl,Grand Coulee,34.0,34.0,0.0,1287.9,957.0,330.9,858.4
2023-07-05,5,2023-07-05T04:00,gcl,Grand Coulee,33.2,33.2,0.0,1288.0,956.9,331.1,838.7
2023-07-05,6,2023-07-05T05:00,gcl,Grand Coulee,37.7,37.7,0.0,1288.0,957.2,330.8,951.5
2023-07-05,7,2023-07-05T06:00,gcl,Grand Coulee,36.5,36.5,0.0,1288.1,957.1,331.0,921.8
2023-07-05,8,2023-07-05T07:00,gcl,Grand Coulee,41.0,41.0,0.0,1288.1,957.1,331.0,1035.5
2023-07-05,9,2023-07-05T08:00,gcl,Grand Coulee,40.5,40.5,0.0,1288.1,956.9,331.2,1023.5
2023-07-05,10,2023-07-05T09:00,gcl,Grand Coulee,37.0,37.0,0.0,1288.2,956.8,331.4,935.6
2023-07-05,11,2023-07-05T10:00,gcl,Grand Coulee,44.9,44.9,0.0,1288.2,957.1,331.1,1134.3
2023-07-05,12,2023-07-05T11:00,gcl,Grand Coulee,65.9,65.9,0.0,1288.2,958.9,329.3,1655.8
2023-07-05,13,2023-07-05T12:00,gcl,Grand Coulee,80.4,80.4,0.0,1288.2,959.5,328.7,2016.4
2023-07-05,14,2023-07-05T13:00,gcl,Grand Coulee,91.6,91.6,0.0,1288.3,960.2,328.1,2293.1
2023-07-05,15,2023-07-05T14:00,gcl,Grand Coulee,91.5,91.5,0.0,1288.3,960.2,328.1,2290.6
2023-07-05,16,2023-07-05T15:00,gcl,Grand Coulee,101.0,101.0,0.0,1288.3,960.7,327.6,2524.6
2023-07-05,17,2023-07-05T16:00,gcl,Grand Coulee,119.7,119.7,0.0,1288.3,962.5,325.8,2975.6
2023-07-05,18,2023-07-05T17:00,gcl,Grand Coulee,137.7,137.7,0.0,1288.3,964.1,324.2,3406.2
2023-07-05,19,2023-07-05T18:00,gcl,Grand Coulee,119.1,119.1,0.0,1288.3,963.6,324.7,2950.7
2023-07-05,20,2023-07-05T19:00,gcl,Grand Coulee,101.8,101.8,0.0,1288.3,962.1,326.2,2533.7
2023-07-05,21,2023-07-05T20:00,gcl,Grand Coulee,82.7,82.7,0.0,1288.4,960.2,328.2,2070.9
2023-07-05,22,2023-07-05T21:00,gcl,Grand Coulee,71.5,71.4,0.1,1288.5,958.6,329.9,1797.2
2023-07-05,23,2023-07-05T22:00,gcl,Grand Coulee,63.4,61.7,1.7,1288.5,957.7,330.8,1557.3
2023-07-05,24,2023-07-05T23:00,gcl,Grand Coulee,49.2,49.2,0.0,1288.5,956.2,332.3,1247.4
2023-07-06,1,2023-07-06T00:00,gcl,Grand Coulee,45.9,45.9,0.0,1288.5,955.3,333.2,1166.9
2023-07-06,2,2023-07-06T01:00,gcl,Grand Coulee,42.8,42.8,0.0,1288.5,954.9,333.6,1089.4
2023-07-06,3,2023-07-06T02:00,gcl,Grand Coulee,42.0,42.0,0.0,1288.6,955.1,333.5,1068.7
2023-07-06,4,2023-07-06T03:00,gcl,Grand Coulee,40.4,40.4,0.0,1288.7,955.0,333.7,1028.6
2023-07-06,5,2023-07-06T04:00,gcl,Grand Coulee,41.2,41.2,0.0,1288.7,955.1,333.6,1048.7
2023-07-06,6,2023-07-06T05:00,gcl,Grand Coulee,40.5,40.5,0.0,1288.7,955.2,333.5,1030.6
2023-07-06,7,2023-07-06T06:00,gcl,Grand Coulee,41.4,41.4,0.0,1288.8,955.4,333.4,1053.2
2023-07-06,8,2023-07-06T07:00,gcl,Grand Coulee,37.1,37.1,0.0,1288.8,954.4,334.4,946.6
2023-07-06,9,2023-07-06T08:00,gcl,Grand Coulee,47.3,47.3,0.0,1288.8,955.5,333.3,1202.9
2023-07-06,10,2023-07-06T09:00,gcl,Grand Coulee,57.3,57.3,0.0,1288.9,956.8,332.1,1451.9
2023-07-06,11,2023-07-06T10:00,gcl,Grand Coulee,64.8,64.8,0.0,1288.9,957.3,331.6,1639.5
2023-07-06,12,2023-07-06T11:00,gcl,Grand Coulee,80.1,80.1,0.0,1288.9,958.3,330.6,2020.5
2023-07-06,13,2023-07-06T12:00,gcl,Grand Coulee,91.7,91.7,0.0,1288.9,959.4,329.5,2305.4
2023-07-06,14,2023-07-06T13:00,gcl,Grand Coulee,106.6,106.6,0.0,1288.9,960.7,328.2,2669.4
2023-07-06,15,2023-07-06T14:00,gcl,Grand Coulee,124.4,124.4,0.0,1288.9,962.3,326.6,3100.0
2023-07-06,16,2023-07-06T15:00,gcl,Grand Coulee,123.6,123.6,0.0,1288.9,962.8,326.1,3075.3
2023-07-06,17,2023-07-06T16:00,gcl,Grand Coulee,143.7,143.7,0.0,1288.9,964.3,324.6,3559.0
2023-07-06,18,2023-07-06T17:00,gcl,Grand Coulee,147.8,147.8,0.0,1288.9,965.2,323.7,3650.4
2023-07-06,19,2023-07-06T18:00,gcl,Grand Coulee,133.5,133.5,0.0,1288.8,964.6,324.2,3302.3
2023-07-06,20,2023-07-06T19:00,gcl,Grand Coulee,114.9,114.9,0.0,1288.8,963.2,325.6,2854.5
2023-07-06,21,2023-07-06T20:00,gcl,Grand Coulee,84.5,84.5,0.0,1288.9,960.5,328.4,2117.3
2023-07-06,22,2023-07-06T21:00,gcl,Grand Coulee,76.6,76.4,0.2,1288.9,959.1,329.8,1922.5
2023-07-06,23,2023-07-06T22:00,gcl,Grand Coulee,56.3,54.7,1.6,1288.8,957.0,331.8,1384.8
2023-07-06,24,2023-07-06T23:00,gcl,Grand Coulee,58.3,58.3,0.0,1288.8,956.4,332.4,1478.6
2023-07-07,1,2023-07-07T00:00,gcl,Grand Coulee,43.6,43.6,0.0,1288.9,955.5,333.4,1109.1
2023-07-07,2,2023-07-07T01:00,gcl,Grand Coulee,42.4,42.4,0.0,1288.9,955.3,333.6,1079.2
2023-07-07,3,2023-07-07T02:00,gcl,Grand Coulee,38.9,38.9,0.0,1289.0,954.8,334.2,991.9
2023-07-07,4,2023-07-07T03:00,gcl,Grand Coulee,39.0,39.0,0.0,1289.1,955.2,333.9,993.6
2023-07-07,5,2023-07-07T04:00,gcl,Grand Coulee,37.7,37.7,0.0,1289.1,955.0,334.1,961.0
2023-07-07,6,2023-07-07T05:00,gcl,Grand Coulee,37.0,37.0,0.0,1289.1,954.8,334.3,943.8
2023-07-07,7,2023-07-07T06:00,gcl,Grand Coulee,49.4,49.4,0.0,1289.1,955.8,333.3,1256.3
2023-07-07,8,2023-07-07T07:00,gcl,Grand Coulee,52.5,52.5,0.0,1289.1,956.3,332.8,1333.1
2023-07-07,9,2023-07-07T08:00,gcl,Grand Coulee,64.9,64.9,0.0,1289.1,957.0,332.1,1644.5
2023-07-07,10,2023-07-07T09:00,gcl,Grand Coulee,80.1,80.1,0.0,1289.1,958.1,331.0,2022.9
2023-07-07,11,2023-07-07T10:00,gcl,Grand Coulee,83.9,83.9,0.0,1289.2,958.7,330.5,2115.7
2023-07-07,12,2023-07-07T11:00,gcl,Grand Coulee,96.4,96.4,0.0,1289.1,959.4,329.7,2425.0
2023-07-07,13,2023-07-07T12:00,gcl,Grand Coulee,96.4,96.4,0.0,1289.1,959.4,329.7,2425.0
2023-07-07,14,2023-07-07T13:00,gcl,Grand Coulee,97.5,97.5,0.0,1289.1,960.2,328.9,2446.8
2023-07-07,15,2023-07-07T14:00,gcl,Grand Coulee,105.8,105.8,0.0,1289.1,960.6,328.5,2651.8
2023-07-07,16,2023-07-07T15:00,gcl,Grand Coulee,113.2,113.2,0.0,1289.0,961.3,327.7,2830.4
2023-07-07,17,2023-07-07T16:00,gcl,Grand Coulee,137.6,137.6,0.0,1289.0,963.2,325.8,3420.5
2023-07-07,18,2023-07-07T17:00,gcl,Grand Coulee,143.5,143.5,0.0,1288.9,964.3,324.6,3554.1
2023-07-07,19,2023-07-07T18:00,gcl,Grand Coulee,140.2,140.2,0.0,1288.9,964.4,324.5,3471.3
2023-07-07,20,2023-07-07T19:00,gcl,Grand Coulee,119.5,119.5,0.0,1289.0,962.7,326.3,2975.2
2023-07-07,21,2023-07-07T20:00,gcl,Grand Coulee,105.6,105.6,0.0,1289.0,961.2,327.8,2641.2
2023-07-07,22,2023-07-07T21:00,gcl,Grand Coulee,87.4,87.3,0.1,1289.0,959.4,329.6,2195.5
2023-07-07,23,2023-07-07T22:00,gcl,Grand Coulee,73.4,71.8,1.6,1288.9,958.2,330.7,1811.7
2023-07-07,24,2023-07-07T23:00,gcl,Grand Coulee,50.8,50.8,0.0,1288.9,956.1,332.8,1289.9
2023-07-08,1,2023-07-08T00:00,gcl,Grand Coulee,55.9,55.9,0.0,1288.8,956.4,332.4,1417.7
2023-07-08,2,2023-07-08T01:00,gcl,Grand Coulee,49.0,49.0,0.0,1288.9,956.2,332.7,1243.9
2023-07-08,3,2023-07-08T02:00,gcl,Grand Coulee,45.5,45.5,0.0,1289.0,955.5,333.5,1157.8
2023-07-08,4,2023-07-08T03:00,gcl,Grand Coulee,50.6,50.6,0.0,1289.0,955.6,333.4,1287.2
2023-07-08,5,2023-07-08T04:00,gcl,Grand Coulee,49.4,49.4,0.0,1289.0,955.8,333.2,1255.9
2023-07-08,6,2023-07-08T05:00,gcl,Grand Coulee,51.2,51.2,0.0,1289.0,956.0,333.0,1300.9
2023-07-08,7,2023-07-08T06:00,gcl,Grand Coulee,51.9,51.9,0.0,1289.0,955.9,333.1,1319.1
2023-07-08,8,2023-07-08T07:00,gcl,Grand Coulee,45.6,45.6,0.0,1289.0,955.4,333.6,1160.7
2023-07-08,9,2023-07-08T08:00,gcl,Grand Coulee,57.9,57.9,0.0,1289.0,956.2,332.8,1470.2
2023-07-08,10,2023-07-08T09:00,gcl,Grand Coulee,61.7,61.7,0.0,1289.1,956.8,332.3,1564.4
2023-07-08,11,2023-07-08T10:00,gcl,Grand Coulee,66.9,66.9,0.0,1289.1,957.0,332.1,1695.2
2023-07-08,12,2023-07-08T11:00,gcl,Grand Coulee,75.1,75.1,0.0,1289.0,957.7,331.3,1898.4
2023-07-08,13,2023-07-08T12:00,gcl,Grand Coulee,78.9,78.9,0.0,1289.0,958.2,330.8,1991.4
2023-07-08,14,2023-07-08T13:00,gcl,Grand Coulee,76.6,76.6,0.0,1289.0,957.9,331.1,1935.1
2023-07-08,15,2023-07-08T14:00,gcl,Grand Coulee,77.9,77.9,0.0,1289.0,957.9,331.1,1968.0
2023-07-08,16,2023-07-08T15:00,gcl,Grand Coulee,78.5,78.5,0.0,1289.0,957.9,331.1,1983.1
2023-07-08,17,2023-07-08T16:00,gcl,Grand Coulee,86.1,86.1,0.0,1289.1,958.4,330.7,2172.5
2023-07-08,18,2023-07-08T17:00,gcl,Grand Coulee,109.9,109.9,0.0,1289.0,960.3,328.7,2756.3
2023-07-08,19,2023-07-08T18:00,gcl,Grand Coulee,113.4,113.4,0.0,1289.0,961.2,327.8,2836.3
2023-07-08,20,2023-07-08T19:00,gcl,Grand Coulee,99.3,99.3,0.0,1289.0,960.3,328.7,2490.4
2023-07-08,21,2023-07-08T20:00,gcl,Grand Coulee,90.3,90.3,0.0,1289.0,959.3,329.7,2271.6
2023-07-08,22,2023-07-08T21:00,gcl,Grand Coulee,84.9,84.8,0.1,1289.1,958.5,330.6,2139.1
2023-07-08,23,2023-07-08T22:00,gcl,Grand Coulee,73.4,71.7,1.6,1289.1,957.8,331.3,1812.4
2023-07-08,24,2023-07-08T23:00,gcl,Grand Coulee,62.4,62.4,0.0,1289.1,956.6,332.5,1583.1
2023-07-09,1,2023-07-09T00:00,gcl,Grand Coulee,42.2,42.2,0.0,1289.1,955.0,334.1,1075.8
2023-07-09,2,2023-07-09T01:00,gcl,Grand Coulee,43.1,43.1,0.0,1289.1,955.5,333.6,1097.1
2023-07-09,3,2023-07-09T02:00,gcl,Grand Coulee,45.4,45.4,0.0,1289.2,955.6,333.6,1155.6
2023-07-09,4,2023-07-09T03:00,gcl,Grand Coulee,45.2,45.2,0.0,1289.2,955.9,333.3,1149.5
2023-07-09,5,2023-07-09T04:00,gcl,Grand Coulee,44.5,44.5,0.0,1289.2,955.6,333.6,1132.7
2023-07-09,6,2023-07-09T05:00,gcl,Grand Coulee,48.0,48.0,0.0,1289.3,955.7,333.6,1221.8
2023-07-09,7,2023-07-09T06:00,gcl,Grand Coulee,40.1,40.1,0.0,1289.3,955.4,333.9,1021.6
2023-07-09,8,2023-07-09T07:00,gcl,Grand Coulee,39.2,39.2,0.0,1289.3,955.4,333.9,998.7
2023-07-09,9,2023-07-09T08:00,gcl,Grand Coulee,36.9,36.9,0.0,1289.4,955.4,334.0,940.4
2023-07-09,10,2023-07-09T09:00,gcl,Grand Coulee,41.9,41.9,0.0,1289.4,955.6,333.8,1067.1
2023-07-09,11,2023-07-09T10:00,gcl,Grand Coulee,42.1,42.1,0.0,1289.5,955.4,334.1,1073.2
2023-07-09,12,2023-07-09T11:00,gcl,Grand Coulee,46.2,46.2,0.0,1289.5,955.4,334.1,1177.7
2023-07-09,13,2023-07-09T12:00,gcl,Grand Coulee,50.0,50.0,0.0,1289.5,955.5,334.0,1274.2
2023-07-09,14,2023-07-09T13:00,gcl,Grand Coulee,55.1,55.1,0.0,1289.6,955.4,334.2,1405.0
2023-07-09,15,2023-07-09T14:00,gcl,Grand Coulee,62.6,62.6,0.0,1289.6,955.5,334.1,1595.8
2023-07-09,16,2023-07-09T15:00,gcl,Grand Coulee,93.0,93.0,0.0,1289.5,958.1,331.4,2351.6
2023-07-09,17,2023-07-09T16:00,gcl,Grand Coulee,117.1,117.1,0.0,1289.5,960.8,328.7,2936.8
2023-07-09,18,2023-07-09T17:00,gcl,Grand Coulee,129.9,129.9,0.0,1289.5,960.8,328.7,3257.9
2023-07-09,19,2023-07-09T18:00,gcl,Grand Coulee,137.2,137.2,0.0,1289.5,963.2,326.3,3415.8
2023-07-09,20,2023-07-09T19:00,gcl,Grand Coulee,145.6,145.6,0.0,1289.5,964.1,325.4,3615.0
2023-07-09,21,2023-07-09T20:00,gcl,Grand Coulee,141.4,141.4,0.0,1289.6,964.3,325.3,3509.6
2023-07-09,22,2023-07-09T21:00,gcl,Grand Coulee,139.1,139.0,0.1,1289.5,963.9,325.6,3453.2
2023-07-09,23,2023-07-09T22:00,gcl,Grand Coulee,132.2,130.4,1.8,1289.4,964.0,325.4,3237.6
2023-07-09,24,2023-07-09T23:00,gcl,Grand Coulee,111.1,111.1,0.0,1289.3,962.6,326.7,2769.4
2023-07-10,1,2023-07-10T00:00,gcl,Grand Coulee,94.9,94.9,0.0,1289.4,961.4,328.0,2375.0
2023-07-10,2,2023-07-10T01:00,gcl,Grand Coulee,83.7,83.7,0.0,1289.4,960.3,329.1,2101.7
2023-07-10,3,2023-07-10T02:00,gcl,Grand Coulee,69.4,69.4,0.0,1289.4,958.9,330.5,1750.1
2023-07-10,4,2023-07-10T03:00,gcl,Grand Coulee,65.6,65.6,0.0,1289.4,958.4,331.0,1656.7
2023-07-10,5,2023-07-10T04:00,gcl,Grand Coulee,64.3,64.3,0.0,1289.4,958.3,331.1,1624.4
2023-07-10,6,2023-07-10T05:00,gcl,Grand Coulee,71.1,71.1,0.0,1289.3,958.9,330.4,1792.4
2023-07-10,7,2023-07-10T06:00,gcl,Grand Coulee,81.9,81.9,0.0,1289.3,959.8,329.5,2059.0
2023-07-10,8,2023-07-10T07:00,gcl,Grand Coulee,94.7,94.7,0.0,1289.2,960.7,328.5,2373.6
2023-07-10,9,2023-07-10T08:00,gcl,Grand Coulee,97.5,97.5,0.0,1289.3,961.0,328.3,2442.3
2023-07-10,10,2023-07-10T09:00,gcl,Grand Coulee,91.8,91.8,0.0,1289.4,960.4,329.0,2304.4
2023-07-10,11,2023-07-10T10:00,gcl,Grand Coulee,98.5,98.5,0.0,1289.3,960.5,328.8,2471.1
2023-07-10,12,2023-07-10T11:00,gcl,Grand Coulee,102.4,102.4,0.0,1289.2,960.8,328.4,2565.8
2023-07-10,13,2023-07-10T12:00,gcl,Grand Coulee,106.2,106.2,0.0,1289.2,960.9,328.3,2660.2
2023-07-10,14,2023-07-10T13:00,gcl,Grand Coulee,104.5,104.5,0.0,1289.2,961.0,328.2,2616.9
2023-07-10,15,2023-07-10T14:00,gcl,Grand Coulee,104.5,104.5,0.0,1289.2,961.0,328.2,2616.9
2023-07-10,16,2023-07-10T15:00,gcl,Grand Coulee,106.8,106.8,0.0,1289.4,961.2,328.2,2674.4
2023-07-10,17,2023-07-10T16:00,gcl,Grand Coulee,116.4,116.4,0.0,1289.5,961.9,327.6,2909.5
2023-07-10,18,2023-07-10T17:00,gcl,Grand Coulee,113.8,113.8,0.0,1289.4,962.0,327.4,2842.8
2023-07-10,19,2023-07-10T18:00,gcl,Grand Coulee,111.8,111.8,0.0,1289.3,961.8,327.5,2793.7
2023-07-10,20,2023-07-10T19:00,gcl,Grand Coulee,121.4,121.4,0.0,1289.2,962.5,326.7,3026.2
2023-07-10,21,2023-07-10T20:00,gcl,Grand Coulee,120.5,120.5,0.0,1289.2,962.8,326.4,3001.0
2023-07-10,22,2023-07-10T21:00,gcl,Grand Coulee,108.4,108.4,0.0,1289.2,961.9,327.3,2707.1
2023-07-10,23,2023-07-10T22:00,gcl,Grand Coulee,99.2,97.5,1.7,1289.4,960.9,328.5,2443.8
2023-07-10,24,2023-07-10T23:00,gcl,Grand Coulee,84.7,84.7,0.0,1289.4,959.4,330.0,2132.7
2023-07-11,1,2023-07-11T00:00,gcl,Grand Coulee,94.6,94.6,0.0,1289.3,960.0,329.3,2376.9
2023-07-11,2,2023-07-11T01:00,gcl,Grand Coulee,86.9,86.9,0.0,1289.2,959.9,329.3,2183.4
2023-07-11,3,2023-07-11T02:00,gcl,Grand Coulee,82.8,82.8,0.0,1289.2,959.6,329.6,2082.3
2023-07-11,4,2023-07-11T03:00,gcl,Grand Coulee,79.5,79.5,0.0,1289.2,959.2,330.0,2001.7
2023-07-11,5,2023-07-11T04:00,gcl,Grand Coulee,79.7,79.7,0.0,1289.2,959.3,329.9,2006.2
2023-07-11,6,2023-07-11T05:00,gcl,Grand Coulee,85.1,85.1,0.0,1289.3,959.8,329.5,2139.5
2023-07-11,7,2023-07-11T06:00,gcl,Grand Coulee,96.9,96.9,0.0,1289.3,960.7,328.6,2429.5
2023-07-11,8,2023-07-11T07:00,gcl,Grand Coulee,99.3,99.3,0.0,1289.2,961.1,328.1,2485.9
2023-07-11,9,2023-07-11T08:00,gcl,Grand Coulee,103.7,103.7,0.0,1289.2,961.3,327.9,2594.4
2023-07-11,10,2023-07-11T09:00,gcl,Grand Coulee,110.0,110.0,0.0,1289.1,962.0,327.1,2745.4
2023-07-11,11,2023-07-11T10:00,gcl,Grand Coulee,109.8,109.8,0.0,1289.1,962.1,327.0,2739.5
2023-07-11,12,2023-07-11T11:00,gcl,Grand Coulee,112.5,112.5,0.0,1289.2,962.1,327.1,2807.7
2023-07-11,13,2023-07-11T12:00,gcl,Grand Coulee,122.8,122.8,0.0,1289.2,962.9,326.3,3057.3
2023-07-11,14,2023-07-11T13:00,gcl,Grand Coulee,135.6,135.6,0.0,1289.2,964.1,325.1,3363.6
2023-07-11,15,2023-07-11T14:00,gcl,Grand Coulee,139.8,139.8,0.0,1289.1,964.5,324.6,3462.4
2023-07-11,16,2023-07-11T15:00,gcl,Grand Coulee,145.6,145.6,0.0,1289.0,965.0,324.0,3599.4
2023-07-11,17,2023-07-11T16:00,gcl,Grand Coulee,149.8,149.8,0.0,1289.0,965.2,323.8,3700.9
2023-07-11,18,2023-07-11T17:00,gcl,Grand Coulee,156.6,156.6,0.0,1289.0,965.8,323.2,3861.8
2023-07-11,19,2023-07-11T18:00,gcl,Grand Coulee,157.9,157.9,0.0,1289.0,966.0,323.0,3891.4
2023-07-11,20,2023-07-11T19:00,gcl,Grand Coulee,154.8,154.8,0.0,1288.9,965.8,323.1,3816.2
2023-07-11,21,2023-07-11T20:00,gcl,Grand Coulee,143.1,143.1,0.0,1288.9,964.9,324.0,3537.6
2023-07-11,22,2023-07-11T21:00,gcl,Grand Coulee,135.0,134.8,0.2,1288.9,964.0,324.9,3341.7
2023-07-11,23,2023-07-11T22:00,gcl,Grand Coulee,119.3,117.6,1.7,1288.8,962.8,326.0,2925.2
2023-07-11,24,2023-07-11T23:00,gcl,Grand Coulee,94.8,94.8,0.0,1288.8,960.4,328.4,2375.4
2023-07-12,1,2023-07-12T00:00,gcl,Grand Coulee,85.5,85.5,0.0,1288.8,958.9,329.9,2152.2
2023-07-12,2,2023-07-12T01:00,gcl,Grand Coulee,71.4,71.4,0.0,1288.9,957.8,331.1,1803.8
2023-07-12,3,2023-07-12T02:00,gcl,Grand Coulee,61.0,61.0,0.0,1288.9,957.2,331.7,1543.8
2023-07-12,4,2023-07-12T03:00,gcl,Grand Coulee,59.8,59.8,0.0,1288.8,956.9,331.9,1514.4
2023-07-12,5,2023-07-12T04:00,gcl,Grand Coulee,66.7,66.7,0.0,1288.8,957.5,331.3,1686.1
2023-07-12,6,2023-07-12T05:00,gcl,Grand Coulee,80.4,80.4,0.0,1288.8,958.7,330.1,2025.0
2023-07-12,7,2023-07-12T06:00,gcl,Grand Coulee,109.2,109.2,0.0,1288.7,961.1,327.6,2729.6
2023-07-12,8,2023-07-12T07:00,gcl,Grand Coulee,111.8,111.8,0.0,1288.7,961.9,326.8,2787.7
2023-07-12,9,2023-07-12T08:00,gcl,Grand Coulee,110.6,110.6,0.0,1288.8,961.8,327.0,2759.5
2023-07-12,10,2023-07-12T09:00,gcl,Grand Coulee,112.1,112.1,0.0,1288.8,961.9,326.9,2796.1
2023-07-12,11,2023-07-12T10:00,gcl,Grand Coulee,108.2,108.2,0.0,1288.7,961.8,326.9,2698.8
2023-07-12,12,2023-07-12T11:00,gcl,Grand Coulee,119.1,119.1,0.0,1288.7,962.5,326.2,2964.3
2023-07-12,13,2023-07-12T12:00,gcl,Grand Coulee,126.1,126.1,0.0,1288.6,963.3,325.3,3129.9
2023-07-12,14,2023-07-12T13:00,gcl,Grand Coulee,130.4,130.4,0.0,1288.5,963.6,324.9,3232.6
2023-07-12,15,2023-07-12T14:00,gcl,Grand Coulee,138.0,138.0,0.0,1288.5,964.2,324.3,3414.7
2023-07-12,16,2023-07-12T15:00,gcl,Grand Coulee,141.5,141.5,0.0,1288.5,964.5,324.0,3498.0
2023-07-12,17,2023-07-12T16:00,gcl,Grand Coulee,159.5,159.5,0.0,1288.4,965.8,322.6,3926.0
2023-07-12,18,2023-07-12T17:00,gcl,Grand Coulee,161.0,161.0,0.0,1288.4,966.4,322.0,3955.5
2023-07-12,19,2023-07-12T18:00,gcl,Grand Coulee,152.7,152.7,0.0,1288.4,965.9,322.5,3757.5
2023-07-12,20,2023-07-12T19:00,gcl,Grand Coulee,155.2,155.2,0.0,1288.3,966.0,322.3,3816.6
2023-07-12,21,2023-07-12T20:00,gcl,Grand Coulee,137.9,137.9,0.0,1288.2,964.9,323.3,3401.7
2023-07-12,22,2023-07-12T21:00,gcl,Grand Coulee,109.6,109.6,0.0,1288.3,962.4,325.9,2725.3
2023-07-12,23,2023-07-12T22:00,gcl,Grand Coulee,104.7,104.7,1.7,1288.4,961.3,327.1,2613.1
2023-07-12,24,2023-07-12T23:00,gcl,Grand Coulee,85.6,85.6,0.0,1288.3,959.5,328.8,2147.5
2023-07-13,1,2023-07-13T00:00,gcl,Grand Coulee,88.7,88.7,0.0,1288.3,959.1,329.2,2228.0
2023-07-13,2,2023-07-13T01:00,gcl,Grand Coulee,81.8,81.8,0.0,1288.2,958.8,329.4,2055.9
2023-07-13,3,2023-07-13T02:00,gcl,Grand Coulee,79.3,79.3,0.0,1288.2,958.5,329.7,1994.9
2023-07-13,4,2023-07-13T03:00,gcl,Grand Coulee,66.2,66.2,0.0,1288.2,957.6,330.6,1669.9
2023-07-13,5,2023-07-13T04:00,gcl,Grand Coulee,80.1,80.1,0.0,1288.3,958.6,329.7,2015.0
2023-07-13,6,2023-07-13T05:00,gcl,Grand Coulee,80.1,80.1,0.0,1288.3,958.6,329.7,2015.0
2023-07-13,7,2023-07-13T06:00,gcl,Grand Coulee,85.9,85.9,0.0,1288.3,959.2,329.1,2157.0
2023-07-13,8,2023-07-13T07:00,gcl,Grand Coulee,89.4,89.4,0.0,1288.2,959.5,328.7,2242.1
2023-07-13,9,2023-07-13T08:00,gcl,Grand Coulee,98.6,98.6,0.0,1288.2,959.9,328.3,2469.9
2023-07-13,10,2023-07-13T09:00,gcl,Grand Coulee,109.8,109.8,0.0,1288.1,960.9,327.2,2741.2
2023-07-13,11,2023-07-13T10:00,gcl,Grand Coulee,114.6,114.6,0.0,1288.2,961.5,326.7,2856.7
2023-07-13,12,2023-07-13T11:00,gcl,Grand Coulee,124.8,124.8,0.0,1288.2,962.3,325.9,3103.3
2023-07-13,13,2023-07-13T12:00,gcl,Grand Coulee,130.7,130.7,0.0,1288.2,963.0,325.2,3243.0
2023-07-13,14,2023-07-13T13:00,gcl,Grand Coulee,134.7,134.7,0.0,1288.1,963.5,324.6,3336.1
2023-07-13,15,2023-07-13T14:00,gcl,Grand Coulee,148.0,148.0,0.0,1288.1,964.6,323.5,3653.1
2023-07-13,16,2023-07-13T15:00,gcl,Grand Coulee,142.0,142.0,0.0,1288.1,964.8,323.3,3502.8
2023-07-13,17,2023-07-13T16:00,gcl,Grand Coulee,142.4,142.4,0.0,1288.0,964.7,323.3,3512.7
2023-07-13,18,2023-07-13T17:00,gcl,Grand Coulee,147.7,147.7,0.0,1287.9,965.1,322.8,3637.8
2023-07-13,19,2023-07-13T18:00,gcl,Grand Coulee,154.0,154.0,0.0,1287.9,965.7,322.2,3785.9
2023-07-13,20,2023-07-13T19:00,gcl,Grand Coulee,153.5,153.5,0.0,1287.9,965.9,322.0,3771.3
2023-07-13,21,2023-07-13T20:00,gcl,Grand Coulee,149.8,149.8,0.0,1287.8,965.7,322.1,3681.5
2023-07-13,22,2023-07-13T21:00,gcl,Grand Coulee,120.1,120.1,0.1,1287.8,963.4,324.4,2972.7
2023-07-13,23,2023-07-13T22:00,gcl,Grand Coulee,111.6,111.6,1.7,1287.8,962.2,325.6,2772.5
2023-07-13,24,2023-07-13T23:00,gcl,Grand Coulee,82.7,82.7,0.0,1287.8,959.6,328.2,2070.9
2023-07-14,1,2023-07-14T00:00,gcl,Grand Coulee,66.7,66.7,0.0,1287.9,957.9,330.0,1679.4
2023-07-14,2,2023-07-14T01:00,gcl,Grand Coulee,55.4,55.4,0.0,1287.8,956.8,331.0,1399.1
2023-07-14,3,2023-07-14T02:00,gcl,Grand Coulee,53.4,53.4,0.0,1287.8,957.0,330.8,1347.8
2023-07-14,4,2023-07-14T03:00,gcl,Grand Coulee,54.2,54.2,0.0,1287.9,956.9,331.0,1368.8
2023-07-14,5,2023-07-14T04:00,gcl,Grand Coulee,54.8,54.8,0.0,1287.9,957.0,330.9,1383.6
2023-07-14,6,2023-07-14T05:00,gcl,Grand Coulee,44.4,44.4,0.0,1287.9,956.4,331.5,1123.0
2023-07-14,7,2023-07-14T06:00,gcl,Grand Coulee,80.0,80.0,0.0,1287.9,958.9,329.0,2008.2
2023-07-14,8,2023-07-14T07:00,gcl,Grand Coulee,95.6,95.6,0.0,1287.9,960.6,327.3,2387.4
2023-07-14,9,2023-07-14T08:00,gcl,Grand Coulee,105.7,105.7,0.0,1287.9,961.4,326.5,2633.2
2023-07-14,10,2023-07-14T09:00,gcl,Grand Coulee,128.5,128.5,0.0,1287.9,963.0,324.9,3185.5
2023-07-14,11,2023-07-14T10:00,gcl,Grand Coulee,131.5,131.5,0.0,1287.8,963.9,323.9,3249.8
2023-07-14,12,2023-07-14T11:00,gcl,Grand Coulee,140.6,140.6,0.0,1287.8,964.6,323.2,3467.2
2023-07-14,13,2023-07-14T12:00,gcl,Grand Coulee,135.9,135.9,0.0,1287.8,964.4,323.4,3353.4
2023-07-14,14,2023-07-14T13:00,gcl,Grand Coulee,136.8,136.8,0.0,1287.7,964.4,323.3,3374.6
2023-07-14,15,2023-07-14T14:00,gcl,Grand Coulee,137.4,137.4,0.0,1287.7,964.4,323.3,3389.4
2023-07-14,16,2023-07-14T15:00,gcl,Grand Coulee,135.6,135.6,0.0,1287.6,964.3,323.3,3345.0
2023-07-14,17,2023-07-14T16:00,gcl,Grand Coulee,142.7,142.7,0.0,1287.5,964.7,322.8,3514.6
2023-07-14,18,2023-07-14T17:00,gcl,Grand Coulee,145.7,145.7,0.0,1287.5,965.1,322.4,3584.1
2023-07-14,19,2023-07-14T18:00,gcl,Grand Coulee,157.1,157.1,0.0,1287.5,965.9,321.6,3854.9
2023-07-14,20,2023-07-14T19:00,gcl,Grand Coulee,168.9,168.9,0.0,1287.4,967.0,320.4,4129.0
2023-07-14,21,2023-07-14T20:00,gcl,Grand Coulee,158.8,158.8,0.0,1287.4,966.7,320.7,3885.7
2023-07-14,22,2023-07-14T21:00,gcl,Grand Coulee,135.7,135.7,0.0,1287.4,965.0,322.4,3338.1
2023-07-14,23,2023-07-14T22:00,gcl,Grand Coulee,118.7,118.7,1.7,1287.4,963.2,324.2,2936.2
2023-07-14,24,2023-07-14T23:00,gcl,Grand Coulee,91.8,91.8,0.0,1287.4,960.8,326.6,2287.6
2023-07-15,1,2023-07-15T00:00,gcl,Grand Coulee,75.2,75.2,0.0,1287.4,959.2,328.2,1883.1
2023-07-15,2,2023-07-15T01:00,gcl,Grand Coulee,58.9,58.9,0.0,1287.4,957.9,329.5,1480.8
2023-07-15,3,2023-07-15T02:00,gcl,Grand Coulee,47.6,47.6,0.0,1287.4,956.9,330.5,1200.3
2023-07-15,4,2023-07-15T03:00,gcl,Grand Coulee,45.2,45.2,0.0,1287.4,956.6,330.8,1140.8
2023-07-15,5,2023-07-15T04:00,gcl,Grand Coulee,45.1,45.1,0.0,1287.4,956.4,331.0,1139.0
2023-07-15,6,2023-07-15T05:00,gcl,Grand Coulee,47.0,47.0,0.0,1287.4,956.4,331.0,1187.0
2023-07-15,7,2023-07-15T06:00,gcl,Grand Coulee,51.5,51.5,0.0,1287.5,956.5,331.0,1300.6
2023-07-15,8,2023-07-15T07:00,gcl,Grand Coulee,66.5,66.5,0.0,1287.5,957.5,330.0,1674.4
2023-07-15,9,2023-07-15T08:00,gcl,Grand Coulee,82.2,82.2,0.0,1287.4,959.7,327.7,2055.3
2023-07-15,10,2023-07-15T09:00,gcl,Grand Coulee,104.6,104.6,0.0,1287.4,960.5,326.9,2609.0
2023-07-15,11,2023-07-15T10:00,gcl,Grand Coulee,120.2,120.2,0.0,1287.4,961.9,325.5,2985.2
2023-07-15,12,2023-07-15T11:00,gcl,Grand Coulee,132.1,132.1,0.0,1287.4,963.0,324.4,3269.7
2023-07-15,13,2023-07-15T12:00,gcl,Grand Coulee,144.4,144.4,0.0,1287.3,964.2,323.1,3559.8
2023-07-15,14,2023-07-15T13:00,gcl,Grand Coulee,154.1,154.1,0.0,1287.3,965.3,322.0,3786.0
2023-07-15,15,2023-07-15T14:00,gcl,Grand Coulee,177.0,177.0,0.0,1287.2,967.2,320.0,4321.6
2023-07-15,16,2023-07-15T15:00,gcl,Grand Coulee,181.6,181.6,0.0,1287.1,968.3,318.8,4417.3
2023-07-15,17,2023-07-15T16:00,gcl,Grand Coulee,193.4,193.4,0.0,1286.9,969.2,317.7,4688.1
2023-07-15,18,2023-07-15T17:00,gcl,Grand Coulee,193.8,193.8,0.0,1286.9,969.6,317.3,4691.9
2023-07-15,19,2023-07-15T18:00,gcl,Grand Coulee,199.5,199.5,0.0,1286.8,970.1,316.7,4820.8
2023-07-15,20,2023-07-15T19:00,gcl,Grand Coulee,193.5,193.5,0.0,1286.8,970.0,316.8,4677.3
2023-07-15,21,2023-07-15T20:00,gcl,Grand Coulee,165.9,165.9,0.0,1286.8,968.1,318.7,4034.2
2023-07-15,22,2023-07-15T21:00,gcl,Grand Coulee,140.4,140.4,0.0,1286.8,965.7,321.1,3439.8
2023-07-15,23,2023-07-15T22:00,gcl,Grand Coulee,104.6,104.6,1.7,1286.7,962.8,323.9,2585.0
2023-07-15,24,2023-07-15T23:00,gcl,Grand Coulee,80.2,80.2,0.0,1286.8,960.0,326.8,1999.8
2023-07-16,1,2023-07-16T00:00,gcl,Grand Coulee,54.6,54.6,0.0,1286.8,957.8,329.0,1370.6
2023-07-16,2,2023-07-16T01:00,gcl,Grand Coulee,49.4,49.4,0.0,1286.8,956.6,330.2,1244.6
2023-07-16,3,2023-07-16T02:00,gcl,Grand Coulee,50.6,50.6,0.0,1286.8,956.3,330.5,1276.0
2023-07-16,4,2023-07-16T03:00,gcl,Grand Coulee,49.9,49.9,0.0,1286.8,956.0,330.8,1259.5
2023-07-16,5,2023-07-16T04:00,gcl,Grand Coulee,56.7,56.7,0.0,1286.8,956.6,330.2,1428.5
2023-07-16,6,2023-07-16T05:00,gcl,Grand Coulee,55.4,55.4,0.0,1286.8,956.7,330.1,1395.3
2023-07-16,7,2023-07-16T06:00,gcl,Grand Coulee,54.6,54.6,0.0,1286.9,956.4,330.5,1376.9
2023-07-16,8,2023-07-16T07:00,gcl,Grand Coulee,53.7,53.7,0.0,1286.9,956.2,330.7,1355.0
2023-07-16,9,2023-07-16T08:00,gcl,Grand Coulee,69.7,69.7,0.0,1286.9,957.5,329.4,1751.8
2023-07-16,10,2023-07-16T09:00,gcl,Grand Coulee,101.9,101.9,0.0,1286.8,960.1,326.7,2540.1
2023-07-16,11,2023-07-16T10:00,gcl,Grand Coulee,114.7,114.7,0.0,1286.8,961.6,325.2,2846.0
2023-07-16,12,2023-07-16T11:00,gcl,Grand Coulee,126.9,126.9,0.0,1286.8,962.6,324.2,3139.1
2023-07-16,13,2023-07-16T12:00,gcl,Grand Coulee,140.0,140.0,0.0,1286.7,963.8,322.9,3449.2
2023-07-16,14,2023-07-16T13:00,gcl,Grand Coulee,150.7,150.7,0.0,1286.7,965.0,321.7,3699.0
2023-07-16,15,2023-07-16T14:00,gcl,Grand Coulee,157.5,157.5,0.0,1286.7,965.8,320.9,3856.3
2023-07-16,16,2023-07-16T15:00,gcl,Grand Coulee,158.7,158.7,0.0,1286.6,966.1,320.5,3880.9
2023-07-16,17,2023-07-16T16:00,gcl,Grand Coulee,166.6,166.6,0.0,1286.5,966.8,319.7,4063.9
2023-07-16,18,2023-07-16T17:00,gcl,Grand Coulee,182.0,182.0,0.0,1286.4,968.0,318.4,4421.5
2023-07-16,19,2023-07-16T18:00,gcl,Grand Coulee,188.5,188.5,0.0,1286.3,968.9,317.4,4565.0
2023-07-16,20,2023-07-16T19:00,gcl,Grand Coulee,182.1,182.1,0.0,1286.2,968.8,317.4,4410.0
2023-07-16,21,2023-07-16T20:00,gcl,Grand Coulee,148.9,148.9,0.0,1286.2,966.7,319.5,3629.9
2023-07-16,22,2023-07-16T21:00,gcl,Grand Coulee,124.2,124.2,0.0,1286.2,964.0,322.2,3053.3
2023-07-16,23,2023-07-16T22:00,gcl,Grand Coulee,89.5,89.5,1.8,1286.3,961.0,325.3,2221.4
2023-07-16,24,2023-07-16T23:00,gcl,Grand Coulee,66.0,66.0,0.0,1286.3,958.6,327.7,1650.2
2023-07-17,1,2023-07-17T00:00,gcl,Grand Coulee,58.2,58.2,0.0,1286.2,958.0,328.2,1457.4
2023-07-17,2,2023-07-17T01:00,gcl,Grand Coulee,46.5,46.5,0.0,1286.3,957.3,329.0,1167.3
2023-07-17,3,2023-07-17T02:00,gcl,Grand Coulee,41.3,41.3,0.0,1286.3,956.6,329.7,1038.9
2023-07-17,4,2023-07-17T03:00,gcl,Grand Coulee,39.9,39.9,0.0,1286.3,956.5,329.8,1004.0
2023-07-17,5,2023-07-17T04:00,gcl,Grand Coulee,40.3,40.3,0.0,1286.4,956.5,329.9,1014.4
2023-07-17,6,2023-07-17T05:00,gcl,Grand Coulee,43.2,43.2,0.0,1286.4,956.5,329.9,1087.4
2023-07-17,7,2023-07-17T06:00,gcl,Grand Coulee,39.4,39.4,0.0,1286.4,956.0,330.4,993.3
2023-07-17,8,2023-07-17T07:00,gcl,Grand Coulee,54.6,54.6,0.0,1286.4,956.8,329.6,1373.1
2023-07-17,9,2023-07-17T08:00,gcl,Grand Coulee,60.4,60.4,0.0,1286.4,957.5,328.9,1515.7
2023-07-17,10,2023-07-17T09:00,gcl,Grand Coulee,63.8,63.8,0.0,1286.5,957.7,328.8,1600.6
2023-07-17,11,2023-07-17T10:00,gcl,Grand Coulee,78.2,78.2,0.0,1286.4,958.5,327.9,1956.5
2023-07-17,12,2023-07-17T11:00,gcl,Grand Coulee,88.7,88.7,0.0,1286.5,959.3,327.2,2214.4
2023-07-17,13,2023-07-17T12:00,gcl,Grand Coulee,91.7,91.7,0.0,1286.5,960.0,326.5,2284.4
2023-07-17,14,2023-07-17T13:00,gcl,Grand Coulee,97.8,97.8,0.0,1286.5,960.4,326.1,2433.4
2023-07-17,15,2023-07-17T14:00,gcl,Grand Coulee,115.0,115.0,0.0,1286.4,961.6,324.8,2850.0
2023-07-17,16,2023-07-17T15:00,gcl,Grand Coulee,120.4,120.4,0.0,1286.4,962.4,324.0,2976.4
2023-07-17,17,2023-07-17T16:00,gcl,Grand Coulee,136.9,136.9,0.0,1286.3,963.6,322.7,3370.8
2023-07-17,18,2023-07-17T17:00,gcl,Grand Coulee,145.1,145.1,0.0,1286.3,964.6,321.7,3561.6
2023-07-17,19,2023-07-17T18:00,gcl,Grand Coulee,144.3,144.3,0.0,1286.2,964.8,321.4,3538.6
2023-07-17,20,2023-07-17T19:00,gcl,Grand Coulee,132.9,132.9,0.0,1286.2,964.1,322.1,3266.2
2023-07-17,21,2023-07-17T20:00,gcl,Grand Coulee,117.3,117.3,0.0,1286.2,962.7,323.5,2895.3
2023-07-17,22,2023-07-17T21:00,gcl,Grand Coulee,98.7,98.7,0.0,1286.2,961.0,325.2,2449.0
2023-07-17,23,2023-07-17T22:00,gcl,Grand Coulee,83.8,83.8,1.7,1286.3,959.7,326.6,2088.3
2023-07-17,24,2023-07-17T23:00,gcl,Grand Coulee,64.6,64.6,0.0,1286.3,957.7,328.6,1619.7
2023-07-18,1,2023-07-18T00:00,gcl,Grand Coulee,54.6,54.6,0.0,1286.3,957.0,329.3,1371.9
2023-07-18,2,2023-07-18T01:00,gcl,Grand Coulee,42.0,42.0,0.0,1286.4,956.2,330.2,1058.2
2023-07-18,3,2023-07-18T02:00,gcl,Grand Coulee,35.6,35.6,0.0,1286.4,956.0,330.4,897.5
2023-07-18,4,2023-07-18T03:00,gcl,Grand Coulee,35.0,35.0,0.0,1286.42,956.1,330.32,882.1
2023-07-18,5,2023-07-18T04:00,gcl,Grand Coulee,41.8,41.8,0.0,1286.4,956.6,329.8,1051.8
2023-07-18,6,2023-07-18T05:00,gcl,Grand Coulee,43.1,43.1,0.0,1286.5,956.6,329.9,1084.9
2023-07-18,7,2023-07-18T06:00,gcl,Grand Coulee,56.4,56.4,0.0,1286.5,957.3,329.2,1416.7
2023-07-18,8,2023-07-18T07:00,gcl,Grand Coulee,59.8,59.8,0.0,1286.5,957.6,328.9,1500.7
2023-07-18,9,2023-07-18T08:00,gcl,Grand Coulee,68.1,68.1,0.0,1286.6,958.4,328.2,1705.3
2023-07-18,10,2023-07-18T09:00,gcl,Grand Coulee,78.2,78.2,0.0,1286.6,959.1,327.5,1954.1
2023-07-18,11,2023-07-18T10:00,gcl,Grand Coulee,81.4,81.4,0.0,1286.6,959.4,327.2,2032.2
2023-07-18,12,2023-07-18T11:00,gcl,Grand Coulee,85.6,85.6,0.0,1286.6,959.6,327.0,2135.7
2023-07-18,13,2023-07-18T12:00,gcl,Grand Coulee,94.6,94.6,0.0,1286.6,960.2,326.4,2355.9
2023-07-18,14,2023-07-18T13:00,gcl,Grand Coulee,111.4,111.4,0.0,1286.6,961.5,325.1,2763.3
2023-07-18,15,2023-07-18T14:00,gcl,Grand Coulee,122.9,122.9,0.0,1286.5,962.6,323.9,3037.3
2023-07-18,16,2023-07-18T15:00,gcl,Grand Coulee,126.5,126.5,0.0,1286.5,963.0,323.5,3122.4
2023-07-18,17,2023-07-18T16:00,gcl,Grand Coulee,131.0,131.0,0.0,1286.5,963.4,323.1,3229.5
2023-07-18,18,2023-07-18T17:00,gcl,Grand Coulee,145.7,145.7,0.0,1286.5,964.4,322.1,3580.8
2023-07-18,19,2023-07-18T18:00,gcl,Grand Coulee,142.8,142.8,0.0,1286.5,964.5,322.0,3508.4
2023-07-18,20,2023-07-18T19:00,gcl,Grand Coulee,146.7,146.7,0.0,1286.5,964.8,321.7,3600.9
2023-07-18,21,2023-07-18T20:00,gcl,Grand Coulee,117.6,117.6,0.0,1286.5,962.8,323.7,2904.5
2023-07-18,22,2023-07-18T21:00,gcl,Grand Coulee,113.1,113.1,0.0,1286.5,961.6,324.9,2803.7
2023-07-18,23,2023-07-18T22:00,gcl,Grand Coulee,84.0,84.0,1.5,1286.5,959.4,327.1,2096.4
2023-07-18,24,2023-07-18T23:00,gcl,Grand Coulee,76.7,76.7,0.0,1286.5,958.1,328.4,1921.9
2023-07-19,1,2023-07-19T00:00,gcl,Grand Coulee,64.8,64.8,0.0,1286.5,957.1,329.4,1628.6
2023-07-19,2,2023-07-19T01:00,gcl,Grand Coulee,59.3,59.3,0.0,1286.6,956.9,329.7,1491.8
2023-07-19,3,2023-07-19T02:00,gcl,Grand Coulee,51.9,51.9,0.0,1286.6,956.4,330.2,1307.6
2023-07-19,4,2023-07-19T03:00,gcl,Grand Coulee,50.7,50.7,0.0,1286.6,956.3,330.3,1277.7
2023-07-19,5,2023-07-19T04:00,gcl,Grand Coulee,51.6,51.6,0.0,1286.6,956.4,330.2,1300.0
2023-07-19,6,2023-07-19T05:00,gcl,Grand Coulee,47.8,47.8,0.0,1286.6,956.5,330.1,1203.9
2023-07-19,7,2023-07-19T06:00,gcl,Grand Coulee,49.1,49.1,0.0,1286.7,956.4,330.3,1237.4
2023-07-19,8,2023-07-19T07:00,gcl,Grand Coulee,49.6,49.6,0.0,1286.7,956.5,330.2,1249.6
2023-07-19,9,2023-07-19T08:00,gcl,Grand Coulee,60.8,60.8,0.0,1286.7,957.3,329.4,1528.1
2023-07-19,10,2023-07-19T09:00,gcl,Grand Coulee,73.9,73.9,0.0,1286.7,958.4,328.3,1851.1
2023-07-19,11,2023-07-19T10:00,gcl,Grand Coulee,81.1,81.1,0.0,1286.7,959.0,327.7,2027.8
2023-07-19,12,2023-07-19T11:00,gcl,Grand Coulee,82.1,82.1,0.0,1286.7,959.1,327.6,2052.2
2023-07-19,13,2023-07-19T12:00,gcl,Grand Coulee,99.9,99.9,0.0,1286.7,960.3,326.4,2487.9
2023-07-19,14,2023-07-19T13:00,gcl,Grand Coulee,118.7,118.7,0.0,1286.7,962.0,324.7,2940.7
2023-07-19,15,2023-07-19T14:00,gcl,Grand Coulee,134.0,134.0,0.0,1286.7,963.7,323.0,3302.4
2023-07-19,16,2023-07-19T15:00,gcl,Grand Coulee,145.7,145.7,0.0,1286.6,964.9,321.7,3576.3
2023-07-19,17,2023-07-19T16:00,gcl,Grand Coulee,168.9,168.9,0.0,1286.5,966.8,319.7,4120.0
2023-07-19,18,2023-07-19T17:00,gcl,Grand Coulee,154.2,154.2,0.0,1286.6,966.6,320.0,3764.9
2023-07-19,19,2023-07-19T18:00,gcl,Grand Coulee,147.2,147.2,0.0,1286.6,965.7,320.9,3604.1
2023-07-19,20,2023-07-19T19:00,gcl,Grand Coulee,151.4,151.4,0.0,1286.5,965.9,320.6,3703.5
2023-07-19,21,2023-07-19T20:00,gcl,Grand Coulee,136.8,136.8,0.0,1286.5,965.0,321.5,3355.8
2023-07-19,22,2023-07-19T21:00,gcl,Grand Coulee,108.8,108.8,0.0,1286.5,962.7,323.8,2688.0
2023-07-19,23,2023-07-19T22:00,gcl,Grand Coulee,102.8,101.2,1.6,1286.5,961.6,324.9,2508.7
2023-07-19,24,2023-07-19T23:00,gcl,Grand Coulee,77.5,77.5,0.0,1286.4,959.5,326.9,1933.0
2023-07-20,1,2023-07-20T00:00,gcl,Grand Coulee,70.4,70.4,0.0,1286.5,958.7,327.8,1760.8
2023-07-20,2,2023-07-20T01:00,gcl,Grand Coulee,60.0,60.0,0.0,1286.6,957.8,328.8,1505.2
2023-07-20,3,2023-07-20T02:00,gcl,Grand Coulee,49.4,49.4,0.0,1286.6,957.3,329.3,1241.2
2023-07-20,4,2023-07-20T03:00,gcl,Grand Coulee,42.0,42.0,0.0,1286.6,956.6,330.0,1057.5
2023-07-20,5,2023-07-20T04:00,gcl,Grand Coulee,46.7,46.7,0.0,1286.6,956.9,329.7,1174.8
2023-07-20,6,2023-07-20T05:00,gcl,Grand Coulee,52.8,52.8,0.0,1286.6,957.4,329.2,1326.2
2023-07-20,7,2023-07-20T06:00,gcl,Grand Coulee,82.1,82.1,0.0,1286.6,959.3,327.3,2050.3
2023-07-20,8,2023-07-20T07:00,gcl,Grand Coulee,80.7,80.7,0.0,1286.6,959.6,327.0,2013.5
2023-07-20,9,2023-07-20T08:00,gcl,Grand Coulee,101.0,101.0,0.0,1286.6,960.4,326.2,2513.8
2023-07-20,10,2023-07-20T09:00,gcl,Grand Coulee,108.3,108.3,0.0,1286.6,961.4,325.2,2687.2
2023-07-20,11,2023-07-20T10:00,gcl,Grand Coulee,107.9,107.9,0.0,1286.6,961.7,324.9,2674.8
2023-07-20,12,2023-07-20T11:00,gcl,Grand Coulee,119.1,119.1,0.0,1286.6,962.4,324.2,2946.1
2023-07-20,13,2023-07-20T12:00,gcl,Grand Coulee,127.1,127.1,0.0,1286.5,963.2,323.3,3135.3
2023-07-20,14,2023-07-20T13:00,gcl,Grand Coulee,136.8,136.8,0.0,1286.5,964.0,322.5,3366.2
2023-07-20,15,2023-07-20T14:00,gcl,Grand Coulee,145.5,145.5,0.0,1286.5,965.0,321.5,3569.2
2023-07-20,16,2023-07-20T15:00,gcl,Grand Coulee,150.4,150.4,0.0,1286.4,965.5,320.9,3682.5
2023-07-20,17,2023-07-20T16:00,gcl,Grand Coulee,155.0,155.0,0.0,1286.4,965.9,320.5,3790.4
2023-07-20,18,2023-07-20T17:00,gcl,Grand Coulee,157.5,157.5,0.0,1286.4,966.3,320.1,3846.7
2023-07-20,19,2023-07-20T18:00,gcl,Grand Coulee,162.1,162.1,0.0,1286.3,966.6,319.7,3954.1
2023-07-20,20,2023-07-20T19:00,gcl,Grand Coulee,169.7,169.7,0.0,1286.2,967.3,318.9,4129.2
2023-07-20,21,2023-07-20T20:00,gcl,Grand Coulee,151.9,151.9,0.0,1286.2,966.3,319.9,3707.6
2023-07-20,22,2023-07-20T21:00,gcl,Grand Coulee,123.0,123.0,0.0,1286.2,963.8,322.4,3025.7
2023-07-20,23,2023-07-20T22:00,gcl,Grand Coulee,107.6,105.3,2.3,1286.2,962.4,323.8,2601.5
2023-07-20,24,2023-07-20T23:00,gcl,Grand Coulee,79.9,79.9,0.0,1286.2,959.8,326.4,1989.9
2023-07-21,1,2023-07-21T00:00,gcl,Grand Coulee,65.9,65.9,0.0,1286.2,958.1,328.1,1649.7
2023-07-21,2,2023-07-21T01:00,gcl,Grand Coulee,48.3,48.3,0.0,1286.3,956.4,329.9,1215.8
2023-07-21,3,2023-07-21T02:00,gcl,Grand Coulee,41.1,41.1,0.0,1286.3,956.3,330.0,1034.9
2023-07-21,4,2023-07-21T03:00,gcl,Grand Coulee,41.9,41.9,0.0,1286.3,956.1,330.2,1055.6
2023-07-21,5,2023-07-21T04:00,gcl,Grand Coulee,50.5,50.5,0.0,1286.3,956.6,329.7,1270.4
2023-07-21,6,2023-07-21T05:00,gcl,Grand Coulee,52.8,52.8,0.0,1286.3,956.8,329.5,1327.4
2023-07-21,7,2023-07-21T06:00,gcl,Grand Coulee,59.6,59.6,0.0,1286.4,957.1,329.3,1497.5
2023-07-21,8,2023-07-21T07:00,gcl,Grand Coulee,74.1,74.1,0.0,1286.4,958.1,328.3,1856.2
2023-07-21,9,2023-07-21T08:00,gcl,Grand Coulee,76.9,76.9,0.0,1286.4,958.7,327.7,1922.8
2023-07-21,10,2023-07-21T09:00,gcl,Grand Coulee,95.9,95.9,0.0,1286.4,960.1,326.3,2387.6
2023-07-21,11,2023-07-21T10:00,gcl,Grand Coulee,107.6,107.6,0.0,1286.4,961.3,325.1,2669.0
2023-07-21,12,2023-07-21T11:00,gcl,Grand Coulee,110.1,110.1,0.0,1286.4,961.9,324.5,2726.0
2023-07-21,13,2023-07-21T12:00,gcl,Grand Coulee,126.4,126.4,0.0,1286.3,962.9,323.4,3119.0
2023-07-21,14,2023-07-21T13:00,gcl,Grand Coulee,135.7,135.7,0.0,1286.3,964.0,322.3,3337.1
2023-07-21,15,2023-07-21T14:00,gcl,Grand Coulee,149.2,149.2,0.0,1286.3,965.0,321.3,3657.7
2023-07-21,16,2023-07-21T15:00,gcl,Grand Coulee,148.5,148.5,0.0,1286.2,965.5,320.7,3633.7
2023-07-21,17,2023-07-21T16:00,gcl,Grand Coulee,156.3,156.3,0.0,1286.1,966.0,320.1,3817.4
2023-07-21,18,2023-07-21T17:00,gcl,Grand Coulee,158.8,158.8,0.0,1286.1,966.4,319.7,3873.6
2023-07-21,19,2023-07-21T18:00,gcl,Grand Coulee,172.2,172.2,0.0,1286.0,967.3,318.7,4187.4
2023-07-21,20,2023-07-21T19:00,gcl,Grand Coulee,176.2,176.2,0.0,1286.0,968.0,318.0,4275.2
2023-07-21,21,2023-07-21T20:00,gcl,Grand Coulee,166.5,166.5,0.0,1285.9,967.6,318.3,4043.7
2023-07-21,22,2023-07-21T21:00,gcl,Grand Coulee,154.8,154.8,0.3,1285.9,966.5,319.4,3772.5
2023-07-21,23,2023-07-21T22:00,gcl,Grand Coulee,127.2,125.4,1.8,1285.9,964.6,321.3,3074.2
2023-07-21,24,2023-07-21T23:00,gcl,Grand Coulee,95.7,95.7,0.0,1285.9,961.6,324.3,2368.0
2023-07-22,1,2023-07-22T00:00,gcl,Grand Coulee,77.6,77.6,0.0,1285.9,959.7,326.2,1931.4
2023-07-22,2,2023-07-22T01:00,gcl,Grand Coulee,66.7,66.7,0.0,1285.9,959.2,326.7,1662.6
2023-07-22,3,2023-07-22T02:00,gcl,Grand Coulee,54.6,54.6,0.0,1285.9,958.6,327.3,1363.5
2023-07-22,4,2023-07-22T03:00,gcl,Grand Coulee,48.9,48.9,0.0,1285.9,958.1,327.8,1223.0
2023-07-22,5,2023-07-22T04:00,gcl,Grand Coulee,46.0,46.0,0.0,1285.9,958.0,327.9,1150.9
2023-07-22,6,2023-07-22T05:00,gcl,Grand Coulee,45.2,45.2,0.0,1286.0,958.0,328.0,1131.2
2023-07-22,7,2023-07-22T06:00,gcl,Grand Coulee,47.3,47.3,0.0,1286.0,958.0,328.0,1183.7
2023-07-22,8,2023-07-22T07:00,gcl,Grand Coulee,60.5,60.5,0.0,1286.0,958.7,327.3,1510.9
2023-07-22,9,2023-07-22T08:00,gcl,Grand Coulee,66.9,66.9,0.0,1286.0,959.1,326.9,1668.7
2023-07-22,10,2023-07-22T09:00,gcl,Grand Coulee,88.1,88.1,0.0,1286.0,960.1,325.9,2190.7
2023-07-22,11,2023-07-22T10:00,gcl,Grand Coulee,109.7,109.7,0.0,1285.9,961.7,324.2,2713.6
2023-07-22,12,2023-07-22T11:00,gcl,Grand Coulee,120.7,120.7,0.0,1285.9,962.9,323.0,2974.6
2023-07-22,13,2023-07-22T12:00,gcl,Grand Coulee,126.5,126.5,0.0,1285.9,963.2,322.7,3114.7
2023-07-22,14,2023-07-22T13:00,gcl,Grand Coulee,145.5,145.5,0.0,1285.8,964.4,321.4,3568.1
2023-07-22,15,2023-07-22T14:00,gcl,Grand Coulee,164.8,164.8,0.0,1285.8,966.1,319.7,4020.0
2023-07-22,16,2023-07-22T15:00,gcl,Grand Coulee,164.3,164.3,0.0,1285.7,966.5,319.2,4001.5
2023-07-22,17,2023-07-22T16:00,gcl,Grand Coulee,168.5,168.5,0.0,1285.7,966.9,318.8,4098.7
2023-07-22,18,2023-07-22T17:00,gcl,Grand Coulee,167.6,167.6,0.0,1285.6,966.9,318.7,4075.5
2023-07-22,19,2023-07-22T18:00,gcl,Grand Coulee,176.0,176.0,0.0,1285.5,967.3,318.2,4273.0
2023-07-22,20,2023-07-22T19:00,gcl,Grand Coulee,165.0,165.0,0.0,1285.5,967.1,318.4,4008.5
2023-07-22,21,2023-07-22T20:00,gcl,Grand Coulee,157.7,157.7,0.0,1285.4,966.5,318.9,3837.2
2023-07-22,22,2023-07-22T21:00,gcl,Grand Coulee,132.6,132.3,0.3,1285.4,964.4,321.0,3240.3
2023-07-22,23,2023-07-22T22:00,gcl,Grand Coulee,121.1,119.4,1.7,1285.4,963.3,322.1,2934.4
2023-07-22,24,2023-07-22T23:00,gcl,Grand Coulee,90.6,90.6,0.0,1285.4,960.6,324.8,2245.3
2023-07-23,1,2023-07-23T00:00,gcl,Grand Coulee,88.8,88.8,0.0,1285.3,960.0,325.3,2204.1
2023-07-23,2,2023-07-23T01:00,gcl,Grand Coulee,73.7,73.7,0.0,1285.4,958.9,326.5,1836.0
2023-07-23,3,2023-07-23T02:00,gcl,Grand Coulee,65.9,65.9,0.0,1285.4,958.1,327.3,1645.7
2023-07-23,4,2023-07-23T03:00,gcl,Grand Coulee,58.4,58.4,0.0,1285.4,957.4,328.0,1461.5
2023-07-23,5,2023-07-23T04:00,gcl,Grand Coulee,56.6,56.6,0.0,1285.5,957.3,328.2,1417.4
2023-07-23,6,2023-07-23T05:00,gcl,Grand Coulee,59.7,59.7,0.0,1285.5,957.3,328.2,1495.0
2023-07-23,7,2023-07-23T06:00,gcl,Grand Coulee,68.6,68.6,0.0,1285.5,958.0,327.5,1714.2
2023-07-23,8,2023-07-23T07:00,gcl,Grand Coulee,73.4,73.4,0.0,1285.5,958.3,327.2,1832.5
2023-07-23,9,2023-07-23T08:00,gcl,Grand Coulee,82.4,82.4,0.0,1285.5,959.0,326.5,2052.7
2023-07-23,10,2023-07-23T09:00,gcl,Grand Coulee,93.8,93.8,0.0,1285.5,959.8,325.7,2331.0
2023-07-23,11,2023-07-23T10:00,gcl,Grand Coulee,103.6,103.6,0.0,1285.5,960.7,324.8,2567.4
2023-07-23,12,2023-07-23T11:00,gcl,Grand Coulee,132.2,132.2,0.0,1285.4,962.7,322.7,3255.0
2023-07-23,13,2023-07-23T12:00,gcl,Grand Coulee,158.1,158.1,0.0,1285.3,965.2,320.1,3861.4
2023-07-23,14,2023-07-23T13:00,gcl,Grand Coulee,166.0,166.0,0.0,1285.3,966.5,318.8,4037.9
2023-07-23,15,2023-07-23T14:00,gcl,Grand Coulee,167.0,167.0,0.0,1285.2,966.9,318.3,4055.8
2023-07-23,16,2023-07-23T15:00,gcl,Grand Coulee,166.3,166.3,0.0,1285.2,966.9,318.3,4038.8
2023-07-23,17,2023-07-23T16:00,gcl,Grand Coulee,171.7,171.7,0.0,1285.1,967.3,317.8,4163.4
2023-07-23,18,2023-07-23T17:00,gcl,Grand Coulee,174.5,174.5,0.0,1285.1,967.7,317.4,4226.0
2023-07-23,19,2023-07-23T18:00,gcl,Grand Coulee,173.1,173.1,0.0,1285.0,967.7,317.3,4190.7
2023-07-23,20,2023-07-23T19:00,gcl,Grand Coulee,163.3,163.3,0.0,1284.9,967.1,317.8,3959.7
2023-07-23,21,2023-07-23T20:00,gcl,Grand Coulee,146.9,146.9,0.0,1284.9,965.8,319.1,3576.6
2023-07-23,22,2023-07-23T21:00,gcl,Grand Coulee,130.9,130.5,0.4,1284.9,964.2,320.7,3193.3
2023-07-23,23,2023-07-23T22:00,gcl,Grand Coulee,100.9,99.2,1.7,1284.9,961.8,323.1,2445.5
2023-07-23,24,2023-07-23T23:00,gcl,Grand Coulee,84.5,84.5,0.0,1284.9,959.5,325.4,2098.0
2023-07-24,1,2023-07-24T00:00,gcl,Grand Coulee,75.0,75.0,0.0,1284.9,958.5,326.4,1867.8
2023-07-24,2,2023-07-24T01:00,gcl,Grand Coulee,63.0,63.0,0.0,1285.0,958.0,327.0,1571.9
2023-07-24,3,2023-07-24T02:00,gcl,Grand Coulee,46.0,46.0,0.0,1285.0,956.8,328.2,1151.9
2023-07-24,4,2023-07-24T03:00,gcl,Grand Coulee,42.2,42.2,0.0,1285.0,956.4,328.6,1058.0
2023-07-24,5,2023-07-24T04:00,gcl,Grand Coulee,47.0,47.0,0.0,1285.1,957.0,328.1,1176.6
2023-07-24,6,2023-07-24T05:00,gcl,Grand Coulee,50.4,50.4,0.0,1285.1,957.6,327.5,1259.4
2023-07-24,7,2023-07-24T06:00,gcl,Grand Coulee,89.9,89.9,0.0,1285.1,960.0,325.1,2230.0
2023-07-24,8,2023-07-24T07:00,gcl,Grand Coulee,102.1,102.1,0.0,1285.0,961.7,323.3,2518.6
2023-07-24,9,2023-07-24T08:00,gcl,Grand Coulee,104.9,104.9,0.0,1285.0,962.1,322.9,2584.4
2023-07-24,10,2023-07-24T09:00,gcl,Grand Coulee,110.7,110.7,0.0,1285.0,962.5,322.5,2724.0
2023-07-24,11,2023-07-24T10:00,gcl,Grand Coulee,125.2,125.2,0.0,1285.0,963.6,321.4,3070.3
2023-07-24,12,2023-07-24T11:00,gcl,Grand Coulee,124.2,124.2,0.0,1285.0,964.0,321.0,3041.9
2023-07-24,13,2023-07-24T12:00,gcl,Grand Coulee,131.8,131.8,0.0,1285.0,964.4,320.6,3224.1
2023-07-24,14,2023-07-24T13:00,gcl,Grand Coulee,134.2,134.2,0.0,1285.0,964.6,320.4,3280.7
2023-07-24,15,2023-07-24T14:00,gcl,Grand Coulee,142.0,142.0,0.0,1284.8,965.2,319.6,3462.7
2023-07-24,16,2023-07-24T15:00,gcl,Grand Coulee,146.0,146.0,0.0,1284.8,965.6,319.2,3555.8
2023-07-24,17,2023-07-24T16:00,gcl,Grand Coulee,146.2,146.2,0.0,1284.8,956.6,328.2,3661.1
2023-07-24,18,2023-07-24T17:00,gcl,Grand Coulee,145.1,145.1,0.0,1284.7,965.5,319.2,3533.9
2023-07-24,19,2023-07-24T18:00,gcl,Grand Coulee,146.4,146.4,0.0,1284.7,965.6,319.1,3564.4
2023-07-24,20,2023-07-24T19:00,gcl,Grand Coulee,136.0,136.0,0.0,1284.7,965.2,319.5,3315.4
2023-07-24,21,2023-07-24T20:00,gcl,Grand Coulee,123.6,123.6,0.0,1284.7,964.3,320.4,3021.6
2023-07-24,22,2023-07-24T21:00,gcl,Grand Coulee,108.2,107.8,0.4,1284.7,962.7,322.0,2648.5
2023-07-24,23,2023-07-24T22:00,gcl,Grand Coulee,91.0,89.4,1.6,1284.7,961.3,323.4,2206.0
2023-07-24,24,2023-07-24T23:00,gcl,Grand Coulee,70.1,70.1,0.0,1284.7,959.0,325.7,1742.0
2023-07-25,1,2023-07-25T00:00,gcl,Grand Coulee,66.8,66.8,0.0,1284.7,958.4,326.3,1663.1
2023-07-25,2,2023-07-25T01:00,gcl,Grand Coulee,60.3,60.3,0.0,1284.7,958.1,326.6,1502.7
2023-07-25,3,2023-07-25T02:00,gcl,Grand Coulee,56.8,56.8,0.0,1284.8,957.8,327.0,1417.2
2023-07-25,4,2023-07-25T03:00,gcl,Grand Coulee,56.5,56.5,0.0,1284.8,957.5,327.3,1411.0
2023-07-25,5,2023-07-25T04:00,gcl,Grand Coulee,53.5,53.5,0.0,1284.8,957.5,327.3,1336.1
2023-07-25,6,2023-07-25T05:00,gcl,Grand Coulee,57.5,57.5,0.0,1284.9,957.6,327.3,1435.9
2023-07-25,7,2023-07-25T06:00,gcl,Grand Coulee,84.4,84.4,0.0,1284.9,959.5,325.4,2095.5
2023-07-25,8,2023-07-25T07:00,gcl,Grand Coulee,99.5,99.5,0.0,1284.8,961.0,323.8,2458.2
2023-07-25,9,2023-07-25T08:00,gcl,Grand Coulee,111.5,111.5,0.0,1284.8,961.7,323.1,2748.8
2023-07-25,10,2023-07-25T09:00,gcl,Grand Coulee,130.1,130.1,0.0,1284.8,962.9,321.9,3195.4
2023-07-25,11,2023-07-25T10:00,gcl,Grand Coulee,133.3,133.3,0.0,1284.7,963.7,321.0,3264.8
2023-07-25,12,2023-07-25T11:00,gcl,Grand Coulee,135.3,135.3,0.0,1284.8,964.0,320.8,3311.7
2023-07-25,13,2023-07-25T12:00,gcl,Grand Coulee,131.0,131.0,0.0,1284.8,963.4,321.4,3212.5
2023-07-25,14,2023-07-25T13:00,gcl,Grand Coulee,131.4,131.4,0.0,1284.7,963.3,321.4,3222.3
2023-07-25,15,2023-07-25T14:00,gcl,Grand Coulee,134.3,134.3,0.0,1284.6,963.5,321.1,3290.3
2023-07-25,16,2023-07-25T15:00,gcl,Grand Coulee,134.7,134.7,0.0,1284.6,963.6,321.0,3299.1
2023-07-25,17,2023-07-25T16:00,gcl,Grand Coulee,136.8,136.8,0.0,1284.6,963.9,320.7,3347.4
2023-07-25,18,2023-07-25T17:00,gcl,Grand Coulee,137.4,137.4,0.0,1284.5,964.3,320.2,3356.9
2023-07-25,19,2023-07-25T18:00,gcl,Grand Coulee,140.3,140.3,0.0,1284.6,964.4,320.2,3427.7
2023-07-25,20,2023-07-25T19:00,gcl,Grand Coulee,142.6,142.6,0.0,1284.6,964.7,319.9,3480.6
2023-07-25,21,2023-07-25T20:00,gcl,Grand Coulee,139.8,139.8,0.0,1284.5,964.6,319.9,3412.3
2023-07-25,22,2023-07-25T21:00,gcl,Grand Coulee,120.6,120.2,0.4,1284.5,963.3,321.2,2945.8
2023-07-25,23,2023-07-25T22:00,gcl,Grand Coulee,108.7,107.1,1.6,1284.5,961.8,322.7,2637.0
2023-07-25,24,2023-07-25T23:00,gcl,Grand Coulee,84.0,84.0,0.0,1284.5,959.6,324.9,2082.3
2023-07-26,1,2023-07-26T00:00,gcl,Grand Coulee,77.6,77.6,0.0,1284.6,958.2,326.4,1932.6
2023-07-26,2,2023-07-26T01:00,gcl,Grand Coulee,75.1,75.1,0.0,1284.6,957.7,326.9,1873.2
2023-07-26,3,2023-07-26T02:00,gcl,Grand Coulee,65.0,65.0,0.0,1284.6,957.5,327.1,1622.3
2023-07-26,4,2023-07-26T03:00,gcl,Grand Coulee,58.9,58.9,0.0,1284.6,957.0,327.6,1472.3
2023-07-26,5,2023-07-26T04:00,gcl,Grand Coulee,57.6,57.6,0.0,1284.6,956.8,327.8,1440.6
2023-07-26,6,2023-07-26T05:00,gcl,Grand Coulee,63.5,63.5,0.0,1284.7,957.2,327.5,1586.8
2023-07-26,7,2023-07-26T06:00,gcl,Grand Coulee,109.7,109.7,0.0,1284.6,960.7,323.9,2711.1
2023-07-26,8,2023-07-26T07:00,gcl,Grand Coulee,121.6,121.6,0.0,1284.6,962.5,322.1,2988.5
2023-07-26,9,2023-07-26T08:00,gcl,Grand Coulee,137.8,137.8,0.0,1284.6,963.8,320.8,3372.9
2023-07-26,10,2023-07-26T09:00,gcl,Grand Coulee,144.9,144.9,0.0,1284.5,964.7,319.8,3535.7
2023-07-26,11,2023-07-26T10:00,gcl,Grand Coulee,143.4,143.4,0.0,1284.5,965.0,319.5,3495.8
2023-07-26,12,2023-07-26T11:00,gcl,Grand Coulee,142.7,142.7,0.0,1284.5,965.1,319.4,3477.6
2023-07-26,13,2023-07-26T12:00,gcl,Grand Coulee,145.2,145.2,0.0,1284.5,965.0,319.5,3539.7
2023-07-26,14,2023-07-26T13:00,gcl,Grand Coulee,144.7,144.7,0.0,1284.4,964.9,319.5,3527.5
2023-07-26,15,2023-07-26T14:00,gcl,Grand Coulee,138.8,138.8,0.0,1284.3,964.7,319.6,3384.7
2023-07-26,16,2023-07-26T15:00,gcl,Grand Coulee,135.3,135.3,0.0,1284.3,964.5,319.8,3301.4
2023-07-26,17,2023-07-26T16:00,gcl,Grand Coulee,140.9,140.9,0.0,1284.3,964.7,319.6,3435.9
2023-07-26,18,2023-07-26T17:00,gcl,Grand Coulee,146.3,146.3,0.0,1284.2,965.1,319.1,3562.0
2023-07-26,19,2023-07-26T18:00,gcl,Grand Coulee,158.9,158.9,0.0,1284.2,966.1,318.1,3856.7
2023-07-26,20,2023-07-26T19:00,gcl,Grand Coulee,168.4,168.4,0.0,1284.1,967.1,317.0,4073.1
2023-07-26,21,2023-07-26T20:00,gcl,Grand Coulee,158.2,158.2,0.0,1284.1,966.7,317.4,3831.2
2023-07-26,22,2023-07-26T21:00,gcl,Grand Coulee,138.2,137.8,0.4,1284.1,965.1,319.0,3354.0
2023-07-26,23,2023-07-26T22:00,gcl,Grand Coulee,111.3,109.5,1.8,1284.1,963.1,321.0,2681.9
2023-07-26,24,2023-07-26T23:00,gcl,Grand Coulee,84.1,84.1,0.0,1284.2,960.2,324.0,2079.1
2023-07-27,1,2023-07-27T00:00,gcl,Grand Coulee,66.9,66.9,0.0,1284.2,958.7,325.5,1661.5
2023-07-27,2,2023-07-27T01:00,gcl,Grand Coulee,53.3,53.3,0.0,1284.2,958.0,326.2,1326.6
2023-07-27,3,2023-07-27T02:00,gcl,Grand Coulee,46.4,46.4,0.0,1284.2,957.7,326.5,1155.9
2023-07-27,4,2023-07-27T03:00,gcl,Grand Coulee,40.9,40.9,0.0,1284.2,957.2,327.0,1020.5
2023-07-27,5,2023-07-27T04:00,gcl,Grand Coulee,43.1,43.1,0.0,1284.6,957.2,327.4,1076.7
2023-07-27,6,2023-07-27T05:00,gcl,Grand Coulee,51.0,51.0,0.0,1284.3,957.6,326.7,1271.3
2023-07-27,7,2023-07-27T06:00,gcl,Grand Coulee,100.6,100.6,0.0,1284.2,960.8,323.4,2482.3
2023-07-27,8,2023-07-27T07:00,gcl,Grand Coulee,113.9,113.9,0.0,1284.2,962.6,321.6,2794.9
2023-07-27,9,2023-07-27T08:00,gcl,Grand Coulee,102.7,102.7,0.0,1284.3,961.9,322.4,2526.3
2023-07-27,10,2023-07-27T09:00,gcl,Grand Coulee,102.1,102.1,0.0,1284.3,961.8,322.5,2512.3
2023-07-27,11,2023-07-27T10:00,gcl,Grand Coulee,121.0,121.0,0.0,1284.3,963.0,321.3,2966.3
2023-07-27,12,2023-07-27T11:00,gcl,Grand Coulee,140.1,140.1,0.0,1284.3,964.7,319.6,3416.4
2023-07-27,13,2023-07-27T12:00,gcl,Grand Coulee,140.6,140.6,0.0,1284.2,965.1,319.1,3423.2
2023-07-27,14,2023-07-27T13:00,gcl,Grand Coulee,143.0,143.0,0.0,1284.1,965.4,318.7,3477.3
2023-07-27,15,2023-07-27T14:00,gcl,Grand Coulee,147.1,147.1,0.0,1284.0,965.7,318.3,3572.5
2023-07-27,16,2023-07-27T15:00,gcl,Grand Coulee,143.2,143.2,0.0,1284.1,965.5,318.6,3481.1
2023-07-27,17,2023-07-27T16:00,gcl,Grand Coulee,140.4,140.4,0.0,1284.1,965.3,318.8,3415.2
2023-07-27,18,2023-07-27T17:00,gcl,Grand Coulee,131.2,131.2,0.0,1284.0,964.6,319.4,3197.4
2023-07-27,19,2023-07-27T18:00,gcl,Grand Coulee,138.6,138.6,0.0,1284.0,964.8,319.2,3375.6
2023-07-27,20,2023-07-27T19:00,gcl,Grand Coulee,141.4,141.4,0.0,1283.9,965.1,318.8,3439.5
2023-07-27,21,2023-07-27T20:00,gcl,Grand Coulee,125.0,125.0,0.0,1283.9,964.1,319.8,3050.1
2023-07-27,22,2023-07-27T21:00,gcl,Grand Coulee,112.4,112.0,0.4,1283.9,962.7,321.2,2744.8
2023-07-27,23,2023-07-27T22:00,gcl,Grand Coulee,86.9,85.2,1.7,1284.0,960.8,323.2,2101.0
2023-07-27,24,2023-07-27T23:00,gcl,Grand Coulee,64.0,64.0,0.0,1284.1,958.0,326.1,1592.4
2023-07-28,1,2023-07-28T00:00,gcl,Grand Coulee,57.9,57.9,0.0,1284.1,957.1,327.0,1444.6
2023-07-28,2,2023-07-28T01:00,gcl,Grand Coulee,47.4,47.4,0.0,1284.1,956.9,327.2,1183.4
2023-07-28,3,2023-07-28T02:00,gcl,Grand Coulee,40.9,40.9,0.0,1284.1,956.5,327.6,1022.3
2023-07-28,4,2023-07-28T03:00,gcl,Grand Coulee,37.4,37.4,0.0,1284.1,956.1,328.0,936.0
2023-07-28,5,2023-07-28T04:00,gcl,Grand Coulee,35.0,35.0,0.0,1284.2,956.2,328.0,875.9
2023-07-28,6,2023-07-28T05:00,gcl,Grand Coulee,47.8,47.8,0.0,1284.2,957.1,327.1,1193.0
2023-07-28,7,2023-07-28T06:00,gcl,Grand Coulee,73.3,73.3,0.0,1284.3,958.8,325.5,1820.5
2023-07-28,8,2023-07-28T07:00,gcl,Grand Coulee,87.6,87.6,0.0,1284.2,959.1,325.1,2172.9
2023-07-28,9,2023-07-28T08:00,gcl,Grand Coulee,111.2,111.2,0.0,1284.2,961.4,322.8,2738.8
2023-07-28,10,2023-07-28T09:00,gcl,Grand Coulee,130.7,130.7,0.0,1284.2,963.1,321.1,3202.1
2023-07-28,11,2023-07-28T10:00,gcl,Grand Coulee,132.8,132.8,0.0,1284.2,963.8,320.4,3246.5
2023-07-28,12,2023-07-28T11:00,gcl,Grand Coulee,133.4,133.4,0.0,1284.2,963.8,320.4,3261.2
2023-07-28,13,2023-07-28T12:00,gcl,Grand Coulee,141.4,141.4,0.0,1284.2,964.3,319.9,3451.3
2023-07-28,14,2023-07-28T13:00,gcl,Grand Coulee,150.6,150.6,0.0,1284.1,965.1,319.0,3665.6
2023-07-28,15,2023-07-28T14:00,gcl,Grand Coulee,163.5,163.5,0.0,1284.1,966.4,317.7,3963.3
2023-07-28,16,2023-07-28T15:00,gcl,Grand Coulee,164.7,164.7,0.0,1283.9,966.8,317.1,3984.9
2023-07-28,17,2023-07-28T16:00,gcl,Grand Coulee,164.1,164.1,0.0,1283.8,966.9,316.9,3967.9
2023-07-28,18,2023-07-28T17:00,gcl,Grand Coulee,158.0,158.0,0.0,1283.8,966.4,317.4,3826.4
2023-07-28,19,2023-07-28T18:00,gcl,Grand Coulee,154.6,154.6,0.0,1283.8,966.2,317.6,3746.4
2023-07-28,20,2023-07-28T19:00,gcl,Grand Coulee,146.1,146.1,0.0,1283.7,965.6,318.1,3546.0
2023-07-28,21,2023-07-28T20:00,gcl,Grand Coulee,130.8,130.8,0.0,1283.6,964.4,319.2,3185.6
2023-07-28,22,2023-07-28T21:00,gcl,Grand Coulee,108.8,108.5,0.3,1283.6,962.5,321.1,2658.2
2023-07-28,23,2023-07-28T22:00,gcl,Grand Coulee,97.2,95.6,1.6,1283.6,961.3,322.3,2350.9
2023-07-28,24,2023-07-28T23:00,gcl,Grand Coulee,71.9,71.9,0.0,1283.6,958.6,325.0,1782.9
2023-07-29,1,2023-07-29T00:00,gcl,Grand Coulee,54.6,54.6,0.0,1283.7,957.0,326.7,1361.0
2023-07-29,2,2023-07-29T01:00,gcl,Grand Coulee,40.9,40.9,0.0,1283.7,956.6,327.1,1020.8
2023-07-29,3,2023-07-29T02:00,gcl,Grand Coulee,43.7,43.7,0.0,1283.7,956.8,326.9,1090.0
2023-07-29,4,2023-07-29T03:00,gcl,Grand Coulee,43.0,43.0,0.0,1283.8,956.7,327.1,1073.2
2023-07-29,5,2023-07-29T04:00,gcl,Grand Coulee,30.9,30.9,0.0,1283.8,956.0,327.8,772.8
2023-07-29,6,2023-07-29T05:00,gcl,Grand Coulee,43.8,43.8,0.0,1283.8,956.6,327.2,1093.5
2023-07-29,7,2023-07-29T06:00,gcl,Grand Coulee,53.5,53.5,0.0,1283.9,957.5,326.4,1332.4
2023-07-29,8,2023-07-29T07:00,gcl,Grand Coulee,67.5,67.5,0.0,1283.9,958.5,325.4,1675.9
2023-07-29,9,2023-07-29T08:00,gcl,Grand Coulee,78.2,78.2,0.0,1284.0,958.9,325.1,1939.8
2023-07-29,10,2023-07-29T09:00,gcl,Grand Coulee,82.2,82.2,0.0,1284.0,959.4,324.6,2035.8
2023-07-29,11,2023-07-29T10:00,gcl,Grand Coulee,99.3,99.3,0.0,1283.9,960.5,323.4,2450.3
2023-07-29,12,2023-07-29T11:00,gcl,Grand Coulee,105.1,105.1,0.0,1283.9,961.1,322.8,2588.6
2023-07-29,13,2023-07-29T12:00,gcl,Grand Coulee,116.9,116.9,0.0,1283.9,962.0,321.9,2871.2
2023-07-29,14,2023-07-29T13:00,gcl,Grand Coulee,127.6,127.6,0.0,1283.8,963.0,320.8,3123.3
2023-07-29,15,2023-07-29T14:00,gcl,Grand Coulee,132.2,132.2,0.0,1283.8,963.6,320.2,3229.8
2023-07-29,16,2023-07-29T15:00,gcl,Grand Coulee,135.8,135.8,0.0,1283.8,963.8,320.0,3315.7
2023-07-29,17,2023-07-29T16:00,gcl,Grand Coulee,150.6,150.6,0.0,1283.7,964.9,318.8,3663.3
2023-07-29,18,2023-07-29T17:00,gcl,Grand Coulee,140.1,140.1,0.0,1283.6,964.6,319.0,3410.0
2023-07-29,19,2023-07-29T18:00,gcl,Grand Coulee,137.1,137.1,0.0,1283.6,964.1,319.5,3342.2
2023-07-29,20,2023-07-29T19:00,gcl,Grand Coulee,133.6,133.6,0.0,1283.6,963.7,319.9,3261.0
2023-07-29,21,2023-07-29T20:00,gcl,Grand Coulee,116.7,116.7,0.0,1283.6,962.5,321.1,2859.1
2023-07-29,22,2023-07-29T21:00,gcl,Grand Coulee,112.8,112.5,0.3,1283.5,961.6,321.9,2763.1
2023-07-29,23,2023-07-29T22:00,gcl,Grand Coulee,84.9,83.2,1.7,1283.6,959.5,324.1,2057.4
2023-07-29,24,2023-07-29T23:00,gcl,Grand Coulee,72.1,72.1,0.0,1283.6,957.9,325.7,1791.8
2023-07-30,1,2023-07-30T00:00,gcl,Grand Coulee,71.6,71.6,0.0,1283.6,958.1,325.5,1778.2
2023-07-30,2,2023-07-30T01:00,gcl,Grand Coulee,65.0,65.0,0.0,1283.6,958.1,325.5,1614.3
2023-07-30,3,2023-07-30T02:00,gcl,Grand Coulee,50.9,50.9,0.0,1283.6,957.0,326.6,1268.4
2023-07-30,4,2023-07-30T03:00,gcl,Grand Coulee,47.3,47.3,0.0,1283.7,956.7,327.0,1180.1
2023-07-30,5,2023-07-30T04:00,gcl,Grand Coulee,47.2,47.2,0.0,1283.7,957.0,326.7,1176.6
2023-07-30,6,2023-07-30T05:00,gcl,Grand Coulee,35.0,35.0,0.0,1283.8,956.2,327.6,874.9
2023-07-30,7,2023-07-30T06:00,gcl,Grand Coulee,51.5,51.5,0.0,1283.8,957.0,326.8,1284.1
2023-07-30,8,2023-07-30T07:00,gcl,Grand Coulee,48.2,48.2,0.0,1283.8,957.2,326.6,1201.1
2023-07-30,9,2023-07-30T08:00,gcl,Grand Coulee,51.8,51.8,0.0,1283.8,957.2,326.6,1290.8
2023-07-30,10,2023-07-30T09:00,gcl,Grand Coulee,55.4,55.4,0.0,1283.9,957.2,326.7,1381.0
2023-07-30,11,2023-07-30T10:00,gcl,Grand Coulee,61.3,61.3,0.0,1283.9,957.9,326.0,1524.8
2023-07-30,12,2023-07-30T11:00,gcl,Grand Coulee,67.7,67.7,0.0,1283.9,959.5,324.4,1675.7
2023-07-30,13,2023-07-30T12:00,gcl,Grand Coulee,94.2,94.2,0.0,1283.7,960.5,323.2,2323.0
2023-07-30,14,2023-07-30T13:00,gcl,Grand Coulee,103.0,103.0,0.0,1283.7,961.9,321.8,2529.0
2023-07-30,15,2023-07-30T14:00,gcl,Grand Coulee,130.9,130.9,0.0,1283.8,962.8,321.0,3206.0
2023-07-30,16,2023-07-30T15:00,gcl,Grand Coulee,145.9,145.9,0.0,1283.8,964.1,319.7,3559.0
2023-07-30,17,2023-07-30T16:00,gcl,Grand Coulee,147.8,147.8,0.0,1283.8,965.2,318.6,3592.9
2023-07-30,18,2023-07-30T17:00,gcl,Grand Coulee,150.8,150.8,0.0,1283.7,965.8,317.9,3657.8
2023-07-30,19,2023-07-30T18:00,gcl,Grand Coulee,157.1,157.1,0.0,1283.7,966.2,317.5,3805.8
2023-07-30,20,2023-07-30T19:00,gcl,Grand Coulee,155.6,155.6,0.0,1283.6,966.3,317.3,3767.1
2023-07-30,21,2023-07-30T20:00,gcl,Grand Coulee,123.9,123.9,0.0,1283.6,964.2,319.4,3019.5
2023-07-30,22,2023-07-30T21:00,gcl,Grand Coulee,103.8,103.5,0.3,1283.6,962.0,321.6,2539.7
2023-07-30,23,2023-07-30T22:00,gcl,Grand Coulee,90.1,88.5,1.6,1283.6,960.5,323.1,2181.7
2023-07-30,24,2023-07-30T23:00,gcl,Grand Coulee,74.2,74.2,0.0,1283.6,958.6,325.0,1840.0
2023-07-31,1,2023-07-31T00:00,gcl,Grand Coulee,64.2,64.2,0.0,1283.6,957.4,326.2,1597.9
2023-07-31,2,2023-07-31T01:00,gcl,Grand Coulee,56.9,56.9,0.0,1283.6,956.6,327.0,1419.7
2023-07-31,3,2023-07-31T02:00,gcl,Grand Coulee,55.7,55.7,0.0,1283.6,956.7,326.9,1389.3
2023-07-31,4,2023-07-31T03:00,gcl,Grand Coulee,53.4,53.4,0.0,1283.7,956.8,326.9,1331.9
2023-07-31,5,2023-07-31T04:00,gcl,Grand Coulee,49.7,49.7,0.0,1283.7,956.4,327.3,1241.2
2023-07-31,6,2023-07-31T05:00,gcl,Grand Coulee,59.5,59.5,0.0,1283.7,957.0,326.7,1483.2
2023-07-31,7,2023-07-31T06:00,gcl,Grand Coulee,73.3,73.3,0.0,1283.7,958.3,325.4,1819.9
2023-07-31,8,2023-07-31T07:00,gcl,Grand Coulee,82.7,82.7,0.0,1283.7,959.3,324.4,2047.0
2023-07-31,9,2023-07-31T08:00,gcl,Grand Coulee,96.1,96.1,0.0,1283.7,960.3,323.4,2371.3
2023-07-31,10,2023-07-31T09:00,gcl,Grand Coulee,103.3,103.3,0.0,1283.7,961.2,322.5,2541.9
2023-07-31,11,2023-07-31T10:00,gcl,Grand Coulee,110.2,110.2,0.0,1283.7,962.1,321.6,2704.1
2023-07-31,12,2023-07-31T11:00,gcl,Grand Coulee,117.0,117.0,0.0,1283.7,962.5,321.2,2867.4
2023-07-31,13,2023-07-31T12:00,gcl,Grand Coulee,123.4,123.4,0.0,1283.6,962.9,320.7,3019.5
2023-07-31,14,2023-07-31T13:00,gcl,Grand Coulee,138.4,138.4,0.0,1283.6,964.1,319.5,3373.9
2023-07-31,15,2023-07-31T14:00,gcl,Grand Coulee,144.3,144.3,0.0,1283.5,964.8,318.7,3508.9
2023-07-31,16,2023-07-31T15:00,gcl,Grand Coulee,146.5,146.5,0.0,1283.4,965.1,318.3,3557.9
2023-07-31,17,2023-07-31T16:00,gcl,Grand Coulee,159.1,159.1,0.0,1283.3,966.0,317.3,3851.8
2023-07-31,18,2023-07-31T17:00,gcl,Grand Coulee,158.1,158.1,0.0,1283.3,966.3,317.0,3824.0
2023-07-31,19,2023-07-31T18:00,gcl,Grand Coulee,159.4,159.4,0.0,1283.3,966.3,317.0,3855.4
2023-07-31,20,2023-07-31T19:00,gcl,Grand Coulee,153.2,153.2,0.0,1283.2,966.0,317.2,3707.8
2023-07-31,21,2023-07-31T20:00,gcl,Grand Coulee,126.8,126.8,0.0,1283.2,964.1,319.1,3087.2
2023-07-31,22,2023-07-31T21:00,gcl,Grand Coulee,111.1,110.8,0.3,1283.2,962.1,321.1,2714.6
2023-07-31,23,2023-07-31T22:00,gcl,Grand Coulee,98.3,96.6,1.7,1283.1,960.7,322.4,2376.3
2023-07-31,24,2023-07-31T23:00,gcl,Grand Coulee,76.5,76.5,0.0,1283.2,958.8,324.4,1893.5
2023-08-01,1,2023-08-01T00:00,gcl,Grand Coulee,56.8,56.8,0.0,1283.2,957.3,325.9,1412.4
2023-08-01,2,2023-08-01T01:00,gcl,Grand Coulee,54.4,54.4,0.0,1283.2,957.5,325.7,1351.9
2023-08-01,3,2023-08-01T02:00,gcl,Grand Coulee,49.5,49.5,0.0,1283.2,957.5,325.7,1230.1
2023-08-01,4,2023-08-01T03:00,gcl,Grand Coulee,43.6,43.6,0.0,1283.2,957.0,326.2,1085.2
2023-08-01,5,2023-08-01T04:00,gcl,Grand Coulee,45.8,45.8,0.0,1283.3,957.0,326.3,1140.3
2023-08-01,6,2023-08-01T05:00,gcl,Grand Coulee,56.0,56.0,0.0,1283.3,958.0,325.3,1389.9
2023-08-01,7,2023-08-01T06:00,gcl,Grand Coulee,66.2,66.2,0.0,1283.3,958.5,324.8,1640.6
2023-08-01,8,2023-08-01T07:00,gcl,Grand Coulee,76.2,76.2,0.0,1283.3,959.0,324.3,1885.5
2023-08-01,9,2023-08-01T08:00,gcl,Grand Coulee,83.3,83.3,0.0,1283.3,959.6,323.7,2057.4
2023-08-01,10,2023-08-01T09:00,gcl,Grand Coulee,98.9,98.9,0.0,1283.3,960.9,322.4,2432.9
2023-08-01,11,2023-08-01T10:00,gcl,Grand Coulee,97.9,97.9,0.0,1283.3,961.0,322.3,2407.5
2023-08-01,12,2023-08-01T11:00,gcl,Grand Coulee,98.2,98.2,2.0,1283.3,960.9,322.4,2415.6
2023-08-01,13,2023-08-01T12:00,gcl,Grand Coulee,113.7,113.7,0.0,1283.3,961.8,321.5,2789.1
2023-08-01,14,2023-08-01T13:00,gcl,Grand Coulee,116.4,116.4,0.0,1283.3,962.3,321.0,2850.9
2023-08-01,15,2023-08-01T14:00,gcl,Grand Coulee,149.3,149.3,0.0,1283.3,964.6,318.7,3630.5
2023-08-01,16,2023-08-01T15:00,gcl,Grand Coulee,151.0,151.0,0.0,1283.1,965.6,317.5,3658.0
2023-08-01,17,2023-08-01T16:00,gcl,Grand Coulee,149.9,149.9,0.0,1283.1,965.5,317.6,3632.5
2023-08-01,18,2023-08-01T17:00,gcl,Grand Coulee,149.7,149.7,0.0,1283.1,965.1,318.0,3632.2
2023-08-01,19,2023-08-01T18:00,gcl,Grand Coulee,154.7,154.7,0.0,1283.0,965.9,317.1,3742.9
2023-08-01,20,2023-08-01T19:00,gcl,Grand Coulee,143.4,143.4,0.0,1283.0,965.3,317.7,3476.1
2023-08-01,21,2023-08-01T20:00,gcl,Grand Coulee,139.3,139.3,0.0,1283.0,964.9,318.1,3381.0
2023-08-01,22,2023-08-01T21:00,gcl,Grand Coulee,121.9,120.1,1.8,1282.9,963.6,319.3,2925.9
2023-08-01,23,2023-08-01T22:00,gcl,Grand Coulee,100.9,100.8,0.1,1282.9,961.8,321.1,2469.6
2023-08-01,24,2023-08-01T23:00,gcl,Grand Coulee,79.6,79.6,0.0,1283.0,959.7,323.3,1963.6
2023-08-02,1,2023-08-02T00:00,gcl,Grand Coulee,66.4,66.4,0.0,1283.0,958.3,324.7,1645.0
2023-08-02,2,2023-08-02T01:00,gcl,Grand Coulee,61.0,61.0,0.0,1283.0,958.0,325.0,1512.6
2023-08-02,3,2023-08-02T02:00,gcl,Grand Coulee,42.6,42.6,0.0,1283.0,957.1,325.9,1059.3
2023-08-02,4,2023-08-02T03:00,gcl,Grand Coulee,38.7,38.7,0.0,1283.1,956.9,326.2,963.2
2023-08-02,5,2023-08-02T04:00,gcl,Grand Coulee,41.4,41.4,0.0,1283.1,956.8,326.3,1030.7
2023-08-02,6,2023-08-02T05:00,gcl,Grand Coulee,49.3,49.3,0.0,1283.1,957.4,325.7,1225.1
2023-08-02,7,2023-08-02T06:00,gcl,Grand Coulee,46.8,46.8,0.0,1283.1,956.9,326.2,1164.8
2023-08-02,8,2023-08-02T07:00,gcl,Grand Coulee,54.2,54.2,0.0,1283.1,957.5,325.6,1346.5
2023-08-02,9,2023-08-02T08:00,gcl,Grand Coulee,71.3,71.3,0.0,1283.2,958.6,324.6,1765.9
2023-08-02,10,2023-08-02T09:00,gcl,Grand Coulee,81.3,81.3,0.0,1283.2,959.3,323.9,2009.2
2023-08-02,11,2023-08-02T10:00,gcl,Grand Coulee,89.5,89.5,0.0,1283.2,960.0,323.2,2207.1
2023-08-02,12,2023-08-02T11:00,gcl,Grand Coulee,99.1,99.1,0.0,1283.2,960.8,322.4,2437.8
2023-08-02,13,2023-08-02T12:00,gcl,Grand Coulee,96.0,96.0,0.0,1283.2,960.6,322.6,2363.0
2023-08-02,14,2023-08-02T13:00,gcl,Grand Coulee,98.2,98.2,0.0,1283.2,960.7,322.5,2416.4
2023-08-02,15,2023-08-02T14:00,gcl,Grand Coulee,120.6,120.6,0.0,1283.2,962.1,321.1,2954.7
2023-08-02,16,2023-08-02T15:00,gcl,Grand Coulee,130.7,130.7,0.0,1283.1,963.4,319.7,3188.2
2023-08-02,17,2023-08-02T16:00,gcl,Grand Coulee,134.1,134.1,0.0,1283.1,963.7,319.4,3268.0
2023-08-02,18,2023-08-02T17:00,gcl,Grand Coulee,142.3,142.3,0.0,1283.0,964.3,318.7,3460.3
2023-08-02,19,2023-08-02T18:00,gcl,Grand Coulee,143.5,143.5,0.0,1283.0,964.7,318.3,3485.1
2023-08-02,20,2023-08-02T19:00,gcl,Grand Coulee,144.4,144.4,0.0,1283.0,964.9,318.1,3504.7
2023-08-02,21,2023-08-02T20:00,gcl,Grand Coulee,123.3,123.3,0.0,1283.0,963.4,319.6,3006.7
2023-08-02,22,2023-08-02T21:00,gcl,Grand Coulee,106.4,104.8,1.6,1283.0,961.6,321.4,2570.0
2023-08-02,23,2023-08-02T22:00,gcl,Grand Coulee,98.7,98.6,0.1,1283.0,960.5,322.5,2426.2
2023-08-02,24,2023-08-02T23:00,gcl,Grand Coulee,76.2,76.2,0.0,1283.0,958.6,324.4,1886.1
2023-08-03,1,2023-08-03T00:00,gcl,Grand Coulee,64.8,64.8,0.0,1283.0,957.3,325.7,1610.3
2023-08-03,2,2023-08-03T01:00,gcl,Grand Coulee,61.1,61.1,0.0,1283.0,956.7,326.3,1521.2
2023-08-03,3,2023-08-03T02:00,gcl,Grand Coulee,54.3,54.3,0.0,1283.0,956.3,326.7,1353.5
2023-08-03,4,2023-08-03T03:00,gcl,Grand Coulee,38.5,38.5,0.0,1283.2,955.3,327.9,963.2
2023-08-03,5,2023-08-03T04:00,gcl,Grand Coulee,46.8,46.8,0.0,1283.2,955.9,327.3,1168.7
2023-08-03,6,2023-08-03T05:00,gcl,Grand Coulee,44.3,44.3,0.0,1283.1,955.8,327.3,1106.3
2023-08-03,7,2023-08-03T06:00,gcl,Grand Coulee,45.7,45.7,0.0,1283.2,955.6,327.6,1142.3
2023-08-03,8,2023-08-03T07:00,gcl,Grand Coulee,49.2,49.2,0.0,1283.2,954.9,328.3,1232.4
2023-08-03,9,2023-08-03T08:00,gcl,Grand Coulee,47.1,47.1,0.0,1283.3,955.3,328.0,1178.7
2023-08-03,10,2023-08-03T09:00,gcl,Grand Coulee,60.5,60.5,0.0,1283.3,956.2,327.1,1509.9
2023-08-03,11,2023-08-03T10:00,gcl,Grand Coulee,72.6,72.6,0.0,1283.4,956.6,326.8,1810.3
2023-08-03,12,2023-08-03T11:00,gcl,Grand Coulee,77.3,77.3,0.0,1283.3,957.5,325.8,1921.6
2023-08-03,13,2023-08-03T12:00,gcl,Grand Coulee,97.5,97.5,0.0,1283.3,959.3,324.0,2410.3
2023-08-03,14,2023-08-03T13:00,gcl,Grand Coulee,104.6,104.6,0.0,1283.3,960.4,322.9,2577.1
2023-08-03,15,2023-08-03T14:00,gcl,Grand Coulee,124.5,124.5,0.0,1283.3,961.9,321.4,3053.1
2023-08-03,16,2023-08-03T15:00,gcl,Grand Coulee,141.1,141.1,0.0,1283.3,963.7,319.6,3440.8
2023-08-03,17,2023-08-03T16:00,gcl,Grand Coulee,137.0,137.0,0.0,1283.3,963.9,319.4,3338.7
2023-08-03,18,2023-08-03T17:00,gcl,Grand Coulee,149.8,149.8,0.0,1283.3,964.4,318.9,3644.9
2023-08-03,19,2023-08-03T18:00,gcl,Grand Coulee,154.6,154.6,0.0,1283.2,965.6,317.6,3746.4
2023-08-03,20,2023-08-03T19:00,gcl,Grand Coulee,138.8,138.8,0.0,1283.1,964.8,318.3,3370.9
2023-08-03,21,2023-08-03T20:00,gcl,Grand Coulee,126.5,126.5,0.0,1283.2,963.5,319.7,3085.7
2023-08-03,22,2023-08-03T21:00,gcl,Grand Coulee,118.0,116.3,1.7,1283.1,962.5,320.6,2844.9
2023-08-03,23,2023-08-03T22:00,gcl,Grand Coulee,103.8,103.7,0.1,1283.1,961.4,321.7,2545.4
2023-08-03,24,2023-08-03T23:00,gcl,Grand Coulee,83.3,83.3,0.0,1283.1,959.6,323.5,2056.1
2023-08-04,1,2023-08-04T00:00,gcl,Grand Coulee,63.2,63.2,0.0,1283.1,957.9,325.2,1568.2
2023-08-04,2,2023-08-04T01:00,gcl,Grand Coulee,54.3,54.3,0.0,1283.2,957.0,326.2,1351.5
2023-08-04,3,2023-08-04T02:00,gcl,Grand Coulee,50.8,50.8,0.0,1283.2,956.7,326.5,1265.5
2023-08-04,4,2023-08-04T03:00,gcl,Grand Coulee,50.2,50.2,0.0,1283.2,956.5,326.7,1251.3
2023-08-04,5,2023-08-04T04:00,gcl,Grand Coulee,52.3,52.3,0.0,1283.2,956.5,326.7,1303.7
2023-08-04,6,2023-08-04T05:00,gcl,Grand Coulee,60.0,60.0,0.0,1283.2,957.0,326.2,1493.3
2023-08-04,7,2023-08-04T06:00,gcl,Grand Coulee,62.4,62.4,0.0,1283.3,957.0,326.3,1553.6
2023-08-04,8,2023-08-04T07:00,gcl,Grand Coulee,66.9,66.9,0.0,1283.3,957.3,326.0,1664.1
2023-08-04,9,2023-08-04T08:00,gcl,Grand Coulee,81.1,81.1,0.0,1283.3,958.6,324.7,2009.2
2023-08-04,10,2023-08-04T09:00,gcl,Grand Coulee,90.9,90.9,0.0,1283.3,959.5,323.8,2245.8
2023-08-04,11,2023-08-04T10:00,gcl,Grand Coulee,95.7,95.7,0.0,1283.3,960.0,323.3,2360.7
2023-08-04,12,2023-08-04T11:00,gcl,Grand Coulee,102.0,102.0,0.0,1283.3,960.5,322.8,2512.2
2023-08-04,13,2023-08-04T12:00,gcl,Grand Coulee,107.8,107.8,0.0,1283.3,961.0,322.3,2651.0
2023-08-04,14,2023-08-04T13:00,gcl,Grand Coulee,113.1,113.1,0.0,1283.3,961.5,321.8,2777.0
2023-08-04,15,2023-08-04T14:00,gcl,Grand Coulee,115.9,115.9,0.0,1283.3,961.7,321.6,2844.0
2023-08-04,16,2023-08-04T15:00,gcl,Grand Coulee,125.3,125.3,0.0,1283.2,962.5,320.7,3066.0
2023-08-04,17,2023-08-04T16:00,gcl,Grand Coulee,128.1,128.1,0.0,1283.1,962.9,320.2,3129.6
2023-08-04,18,2023-08-04T17:00,gcl,Grand Coulee,149.8,149.8,0.0,1283.1,964.5,318.6,3641.5
2023-08-04,19,2023-08-04T18:00,gcl,Grand Coulee,155.7,155.7,0.0,1283.0,965.5,317.5,3771.9
2023-08-04,20,2023-08-04T19:00,gcl,Grand Coulee,151.6,151.6,0.0,1283.0,965.4,317.6,3673.7
2023-08-04,21,2023-08-04T20:00,gcl,Grand Coulee,146.0,146.0,0.0,1282.9,964.9,318.0,3542.5
2023-08-04,22,2023-08-04T21:00,gcl,Grand Coulee,125.9,124.3,1.6,1282.9,963.3,319.6,3031.1
2023-08-04,23,2023-08-04T22:00,gcl,Grand Coulee,111.0,110.9,0.1,1282.9,961.7,321.2,2717.9
2023-08-04,24,2023-08-04T23:00,gcl,Grand Coulee,95.1,95.1,0.0,1282.9,960.0,322.9,2343.0
2023-08-05,1,2023-08-05T00:00,gcl,Grand Coulee,86.2,86.2,0.0,1282.9,958.9,324.0,2131.0
2023-08-05,2,2023-08-05T01:00,gcl,Grand Coulee,76.9,76.9,0.0,1282.9,958.2,324.7,1905.2
2023-08-05,3,2023-08-05T02:00,gcl,Grand Coulee,67.6,67.6,0.0,1282.9,957.5,325.4,1678.4
2023-08-05,4,2023-08-05T03:00,gcl,Grand Coulee,62.9,62.9,0.0,1283.0,957.0,326.0,1564.6
2023-08-05,5,2023-08-05T04:00,gcl,Grand Coulee,60.8,60.8,0.0,1283.0,956.9,326.1,1512.8
2023-08-05,6,2023-08-05T05:00,gcl,Grand Coulee,61.7,61.7,0.0,1283.0,956.9,326.1,1535.2
2023-08-05,7,2023-08-05T06:00,gcl,Grand Coulee,64.1,64.1,0.0,1283.0,957.1,325.9,1593.9
2023-08-05,8,2023-08-05T07:00,gcl,Grand Coulee,73.8,73.8,0.0,1283.0,957.8,325.2,1831.2
2023-08-05,9,2023-08-05T08:00,gcl,Grand Coulee,86.5,86.5,0.0,1283.0,959.1,323.9,2137.7
2023-08-05,10,2023-08-05T09:00,gcl,Grand Coulee,94.9,94.9,0.0,1282.9,960.0,322.9,2338.1
2023-08-05,11,2023-08-05T10:00,gcl,Grand Coulee,98.6,98.6,0.0,1282.9,960.5,322.4,2425.5
2023-08-05,12,2023-08-05T11:00,gcl,Grand Coulee,103.1,103.1,0.0,1283.0,961.0,322.0,2533.0
2023-08-05,13,2023-08-05T12:00,gcl,Grand Coulee,101.9,101.9,0.0,1283.0,961.2,321.8,2502.0
2023-08-05,14,2023-08-05T13:00,gcl,Grand Coulee,102.4,102.4,0.0,1282.9,961.3,321.6,2512.7
2023-08-05,15,2023-08-05T14:00,gcl,Grand Coulee,103.4,103.4,0.0,1282.9,961.5,321.4,2535.7
2023-08-05,16,2023-08-05T15:00,gcl,Grand Coulee,109.9,109.9,0.0,1282.9,962.0,320.9,2690.9
2023-08-05,17,2023-08-05T16:00,gcl,Grand Coulee,119.1,119.1,0.0,1282.8,962.8,320.0,2907.9
2023-08-05,18,2023-08-05T17:00,gcl,Grand Coulee,128.2,128.2,0.0,1282.8,963.6,319.2,3122.3
2023-08-05,19,2023-08-05T18:00,gcl,Grand Coulee,123.7,123.7,0.0,1282.8,963.5,319.3,3013.7
2023-08-05,20,2023-08-05T19:00,gcl,Grand Coulee,117.0,117.0,0.0,1282.8,962.7,320.1,2857.6
2023-08-05,21,2023-08-05T20:00,gcl,Grand Coulee,111.7,111.7,0.0,1282.8,962.2,320.6,2732.4
2023-08-05,22,2023-08-05T21:00,gcl,Grand Coulee,103.2,101.6,1.6,1282.8,961.5,321.3,2490.7
2023-08-05,23,2023-08-05T22:00,gcl,Grand Coulee,85.7,85.6,0.1,1282.9,960.0,322.9,2109.0
2023-08-05,24,2023-08-05T23:00,gcl,Grand Coulee,72.8,72.8,0.0,1282.9,958.5,324.4,1801.9
2023-08-06,1,2023-08-06T00:00,gcl,Grand Coulee,67.4,67.4,0.0,1282.9,957.8,325.1,1671.9
2023-08-06,2,2023-08-06T01:00,gcl,Grand Coulee,62.7,62.7,0.0,1282.9,957.3,325.6,1557.7
2023-08-06,3,2023-08-06T02:00,gcl,Grand Coulee,60.8,60.8,0.0,1283.0,957.2,325.8,1511.4
2023-08-06,4,2023-08-06T03:00,gcl,Grand Coulee,57.7,57.7,0.0,1283.0,956.9,326.1,1435.7
2023-08-06,5,2023-08-06T04:00,gcl,Grand Coulee,57.8,57.8,0.0,1283.0,956.9,326.1,1438.1
2023-08-06,6,2023-08-06T05:00,gcl,Grand Coulee,58.3,58.3,0.0,1283.0,956.9,326.1,1450.6
2023-08-06,7,2023-08-06T06:00,gcl,Grand Coulee,59.2,59.2,0.0,1283.1,957.0,326.1,1473.0
2023-08-06,8,2023-08-06T07:00,gcl,Grand Coulee,62.6,62.6,0.0,1283.1,957.2,325.9,1556.6
2023-08-06,9,2023-08-06T08:00,gcl,Grand Coulee,68.4,68.4,0.0,1283.1,957.7,325.4,1698.2
2023-08-06,10,2023-08-06T09:00,gcl,Grand Coulee,75.8,75.8,0.0,1283.1,958.2,324.9,1879.1
2023-08-06,11,2023-08-06T10:00,gcl,Grand Coulee,81.1,81.1,0.0,1283.1,958.7,324.4,2007.4
2023-08-06,12,2023-08-06T11:00,gcl,Grand Coulee,84.2,84.2,0.0,1283.1,959.3,323.8,2080.2
2023-08-06,13,2023-08-06T12:00,gcl,Grand Coulee,86.4,86.4,0.0,1283.1,959.6,323.5,2132.6
2023-08-06,14,2023-08-06T13:00,gcl,Grand Coulee,90.5,90.5,0.0,1283.1,959.9,323.2,2231.7
2023-08-06,15,2023-08-06T14:00,gcl,Grand Coulee,88.1,88.1,0.0,1283.2,959.7,323.5,2174.6
2023-08-06,16,2023-08-06T15:00,gcl,Grand Coulee,108.3,108.3,0.0,1283.2,961.2,322.0,2660.8
2023-08-06,17,2023-08-06T16:00,gcl,Grand Coulee,110.8,110.8,0.0,1283.1,961.9,321.2,2715.4
2023-08-06,18,2023-08-06T17:00,gcl,Grand Coulee,122.5,122.5,0.0,1283.1,962.6,320.5,2995.6
2023-08-06,19,2023-08-06T18:00,gcl,Grand Coulee,131.2,131.2,0.0,1283.0,963.5,319.5,3198.4
2023-08-06,20,2023-08-06T19:00,gcl,Grand Coulee,126.4,126.4,0.0,1283.0,963.5,319.5,3081.4
2023-08-06,21,2023-08-06T20:00,gcl,Grand Coulee,104.6,104.6,0.0,1283.1,961.7,321.4,2565.1
2023-08-06,22,2023-08-06T21:00,gcl,Grand Coulee,98.2,96.6,1.5,1283.1,960.7,322.4,2376.3
2023-08-06,23,2023-08-06T22:00,gcl,Grand Coulee,87.4,87.3,0.1,1283.1,959.5,323.6,2155.5
2023-08-06,24,2023-08-06T23:00,gcl,Grand Coulee,74.5,74.5,0.0,1283.1,958.3,324.8,1846.3
2023-08-07,1,2023-08-07T00:00,gcl,Grand Coulee,52.7,52.7,0.0,1283.1,956.4,326.7,1313.7
2023-08-07,2,2023-08-07T01:00,gcl,Grand Coulee,53.2,53.2,0.0,1283.1,956.1,327.0,1327.3
2023-08-07,3,2023-08-07T02:00,gcl,Grand Coulee,48.8,48.8,0.0,1283.2,955.9,327.3,1218.7
2023-08-07,4,2023-08-07T03:00,gcl,Grand Coulee,43.8,43.8,0.0,1283.3,955.5,327.8,1095.5
2023-08-07,5,2023-08-07T04:00,gcl,Grand Coulee,50.5,50.5,0.0,1283.3,955.7,327.6,1262.3
2023-08-07,6,2023-08-07T05:00,gcl,Grand Coulee,60.8,60.8,0.0,1283.3,956.6,326.7,1515.6
2023-08-07,7,2023-08-07T06:00,gcl,Grand Coulee,54.7,54.7,0.0,1283.4,956.2,327.2,1365.6
2023-08-07,8,2023-08-07T07:00,gcl,Grand Coulee,62.1,62.1,0.0,1283.4,956.4,327.0,1549.4
2023-08-07,9,2023-08-07T08:00,gcl,Grand Coulee,68.9,68.9,0.0,1283.4,956.9,326.5,1716.4
2023-08-07,10,2023-08-07T09:00,gcl,Grand Coulee,68.9,68.9,0.0,1283.4,958.0,325.4,1710.7
2023-08-07,11,2023-08-07T10:00,gcl,Grand Coulee,82.8,82.8,0.0,1283.4,958.4,325.0,2053.2
2023-08-07,12,2023-08-07T11:00,gcl,Grand Coulee,91.7,91.7,0.0,1283.4,959.4,324.0,2266.9
2023-08-07,13,2023-08-07T12:00,gcl,Grand Coulee,96.9,96.9,0.0,1283.4,959.7,323.7,2393.3
2023-08-07,14,2023-08-07T13:00,gcl,Grand Coulee,105.3,105.3,0.0,1283.3,960.5,322.8,2593.5
2023-08-07,15,2023-08-07T14:00,gcl,Grand Coulee,106.6,106.6,0.0,1283.3,960.7,322.6,2623.9
2023-08-07,16,2023-08-07T15:00,gcl,Grand Coulee,123.1,123.1,0.0,1283.3,962.0,321.3,3017.8
2023-08-07,17,2023-08-07T16:00,gcl,Grand Coulee,130.2,130.2,0.0,1283.3,963.0,320.3,3181.9
2023-08-07,18,2023-08-07T17:00,gcl,Grand Coulee,131.3,131.3,0.0,1283.3,963.5,319.8,3203.8
2023-08-07,19,2023-08-07T18:00,gcl,Grand Coulee,141.2,141.2,0.0,1283.2,964.2,319.0,3436.8
2023-08-07,20,2023-08-07T19:00,gcl,Grand Coulee,137.2,137.2,0.0,1283.2,964.4,318.8,3337.3
2023-08-07,21,2023-08-07T20:00,gcl,Grand Coulee,124.7,124.7,0.0,1283.2,963.4,319.8,3042.8
2023-08-07,22,2023-08-07T21:00,gcl,Grand Coulee,114.6,113.0,1.6,1283.2,962.2,321.0,2767.6
2023-08-07,23,2023-08-07T22:00,gcl,Grand Coulee,91.9,91.8,0.1,1283.2,960.2,323.0,2262.4
2023-08-07,24,2023-08-07T23:00,gcl,Grand Coulee,78.2,78.2,0.0,1283.2,958.3,324.9,1938.6
2023-08-08,1,2023-08-08T00:00,gcl,Grand Coulee,85.3,85.3,0.0,1283.2,958.5,324.7,2113.3
2023-08-08,2,2023-08-08T01:00,gcl,Grand Coulee,83.0,83.0,0.0,1283.2,959.1,324.1,2052.5
2023-08-08,3,2023-08-08T02:00,gcl,Grand Coulee,65.7,65.7,0.0,1283.2,957.7,325.5,1631.7
2023-08-08,4,2023-08-08T03:00,gcl,Grand Coulee,61.4,61.4,0.0,1283.3,956.9,326.4,1529.1
2023-08-08,5,2023-08-08T04:00,gcl,Grand Coulee,63.1,63.1,0.0,1283.3,957.0,326.3,1571.0
2023-08-08,6,2023-08-08T05:00,gcl,Grand Coulee,79.5,79.5,0.0,1283.3,958.3,325.0,1971.4
2023-08-08,7,2023-08-08T06:00,gcl,Grand Coulee,76.5,76.5,0.0,1283.3,958.3,325.0,1897.0
2023-08-08,8,2023-08-08T07:00,gcl,Grand Coulee,73.9,73.9,0.0,1283.3,958.1,325.2,1833.7
2023-08-08,9,2023-08-08T08:00,gcl,Grand Coulee,94.8,94.8,0.0,1283.3,959.7,323.6,2340.7
2023-08-08,10,2023-08-08T09:00,gcl,Grand Coulee,94.8,94.8,0.0,1283.3,959.7,323.6,2340.7
2023-08-08,11,2023-08-08T10:00,gcl,Grand Coulee,98.0,98.0,0.0,1283.3,960.1,323.2,2416.7
2023-08-08,12,2023-08-08T11:00,gcl,Grand Coulee,108.7,108.7,0.0,1283.3,960.8,322.5,2674.8
2023-08-08,13,2023-08-08T12:00,gcl,Grand Coulee,114.0,114.0,0.0,1283.3,961.4,321.9,2800.0
2023-08-08,14,2023-08-08T13:00,gcl,Grand Coulee,123.2,123.2,0.0,1283.2,962.3,320.9,3016.5
2023-08-08,15,2023-08-08T14:00,gcl,Grand Coulee,126.4,126.4,0.0,1283.2,962.7,320.5,3091.0
2023-08-08,16,2023-08-08T15:00,gcl,Grand Coulee,140.7,140.7,0.0,1283.1,963.8,319.3,3427.8
2023-08-08,17,2023-08-08T16:00,gcl,Grand Coulee,151.2,151.2,0.0,1283.1,964.9,318.2,3670.9
2023-08-08,18,2023-08-08T17:00,gcl,Grand Coulee,152.9,152.9,0.0,1283.1,965.4,317.7,3706.4
2023-08-08,19,2023-08-08T18:00,gcl,Grand Coulee,156.1,156.1,0.0,1283.0,965.7,317.3,3779.2
2023-08-08,20,2023-08-08T19:00,gcl,Grand Coulee,155.3,155.3,0.0,1283.0,965.9,317.1,3757.4
2023-08-08,21,2023-08-08T20:00,gcl,Grand Coulee,139.4,139.4,0.0,1283.0,964.7,318.3,3385.5
2023-08-08,22,2023-08-08T21:00,gcl,Grand Coulee,117.8,116.2,1.6,1283.0,963.0,320.0,2837.1
2023-08-08,23,2023-08-08T22:00,gcl,Grand Coulee,110.7,110.5,0.1,1283.0,961.8,321.2,2708.1
2023-08-08,24,2023-08-08T23:00,gcl,Grand Coulee,97.7,97.7,0.0,1283.0,960.5,322.5,2404.1
2023-08-09,1,2023-08-09T00:00,gcl,Grand Coulee,94.3,94.3,0.0,1283.0,960.1,322.9,2323.3
2023-08-09,2,2023-08-09T01:00,gcl,Grand Coulee,86.0,86.0,0.0,1282.9,959.5,323.4,2122.1
2023-08-09,3,2023-08-09T02:00,gcl,Grand Coulee,80.7,80.7,0.0,1282.9,958.9,324.0,1995.0
2023-08-09,4,2023-08-09T03:00,gcl,Grand Coulee,76.6,76.6,0.0,1283.0,958.5,324.5,1896.6
2023-08-09,5,2023-08-09T04:00,gcl,Grand Coulee,76.0,76.0,0.0,1283.0,958.4,324.6,1882.3
2023-08-09,6,2023-08-09T05:00,gcl,Grand Coulee,91.6,91.6,0.0,1283.0,959.5,323.5,2261.0
2023-08-09,7,2023-08-09T06:00,gcl,Grand Coulee,84.4,84.4,0.0,1283.0,959.4,323.6,2083.9
2023-08-09,8,2023-08-09T07:00,gcl,Grand Coulee,74.9,74.9,0.0,1283.1,958.5,324.6,1855.0
2023-08-09,9,2023-08-09T08:00,gcl,Grand Coulee,88.0,88.0,0.0,1283.1,959.1,324.0,2175.5
2023-08-09,10,2023-08-09T09:00,gcl,Grand Coulee,94.6,94.6,0.0,1283.1,960.1,323.0,2331.4
2023-08-09,11,2023-08-09T10:00,gcl,Grand Coulee,99.2,99.2,0.0,1283.1,960.4,322.7,2442.5
2023-08-09,12,2023-08-09T11:00,gcl,Grand Coulee,104.7,104.7,0.0,1283.1,960.8,322.3,2574.7
2023-08-09,13,2023-08-09T12:00,gcl,Grand Coulee,116.4,116.4,0.0,1283.0,961.7,321.3,2853.6
2023-08-09,14,2023-08-09T13:00,gcl,Grand Coulee,118.0,118.0,0.0,1283.1,962.1,321.0,2890.1
2023-08-09,15,2023-08-09T14:00,gcl,Grand Coulee,125.2,125.2,0.0,1283.1,962.7,320.4,3060.7
2023-08-09,16,2023-08-09T15:00,gcl,Grand Coulee,129.3,129.3,0.0,1283.0,963.2,319.8,3155.0
2023-08-09,17,2023-08-09T16:00,gcl,Grand Coulee,136.7,136.7,0.0,1283.0,963.8,319.2,3329.3
2023-08-09,18,2023-08-09T17:00,gcl,Grand Coulee,139.7,139.7,0.0,1283.0,964.2,318.8,3398.1
2023-08-09,19,2023-08-09T18:00,gcl,Grand Coulee,153.1,153.1,0.0,1282.9,965.1,317.8,3712.4
2023-08-09,20,2023-08-09T19:00,gcl,Grand Coulee,158.3,158.3,0.0,1282.9,966.0,316.9,3827.6
2023-08-09,21,2023-08-09T20:00,gcl,Grand Coulee,152.0,152.0,0.0,1282.9,965.9,317.0,3676.4
2023-08-09,22,2023-08-09T21:00,gcl,Grand Coulee,126.0,124.4,1.6,1283.0,964.1,318.9,3026.9
2023-08-09,23,2023-08-09T22:00,gcl,Grand Coulee,122.2,122.1,0.1,1282.9,963.2,319.7,2978.4
2023-08-09,24,2023-08-09T23:00,gcl,Grand Coulee,110.3,110.3,0.0,1282.9,962.1,320.8,2699.8
2023-08-10,1,2023-08-10T00:00,gcl,Grand Coulee,105.9,105.9,0.0,1282.9,961.7,321.2,2595.4
2023-08-10,2,2023-08-10T01:00,gcl,Grand Coulee,94.3,94.3,0.0,1282.8,960.8,322.0,2316.8
2023-08-10,3,2023-08-10T02:00,gcl,Grand Coulee,86.4,86.4,0.0,1282.8,960.0,322.8,2128.0
2023-08-10,4,2023-08-10T03:00,gcl,Grand Coulee,84.5,84.5,0.0,1282.9,959.6,323.3,2084.4
2023-08-10,5,2023-08-10T04:00,gcl,Grand Coulee,85.2,85.2,0.0,1282.9,959.6,323.3,2101.7
2023-08-10,6,2023-08-10T05:00,gcl,Grand Coulee,93.0,93.0,0.0,1282.9,960.0,322.9,2291.3
2023-08-10,7,2023-08-10T06:00,gcl,Grand Coulee,87.9,87.9,0.0,1282.9,959.7,323.2,2167.6
2023-08-10,8,2023-08-10T07:00,gcl,Grand Coulee,88.3,88.3,0.0,1282.9,959.4,323.5,2179.5
2023-08-10,9,2023-08-10T08:00,gcl,Grand Coulee,95.4,95.4,0.0,1282.9,959.8,323.1,2351.9
2023-08-10,10,2023-08-10T09:00,gcl,Grand Coulee,103.8,103.8,0.0,1282.9,960.4,322.5,2554.2
2023-08-10,11,2023-08-10T10:00,gcl,Grand Coulee,114.7,114.7,0.0,1282.9,961.3,321.6,2814.5
2023-08-10,12,2023-08-10T11:00,gcl,Grand Coulee,122.7,122.7,0.0,1282.9,962.0,320.9,3004.3
2023-08-10,13,2023-08-10T12:00,gcl,Grand Coulee,131.8,131.8,0.0,1282.8,962.8,320.0,3218.0
2023-08-10,14,2023-08-10T13:00,gcl,Grand Coulee,138.3,138.3,0.0,1282.8,963.5,319.3,3369.3
2023-08-10,15,2023-08-10T14:00,gcl,Grand Coulee,144.5,144.5,0.0,1282.8,964.2,318.6,3512.7
2023-08-10,16,2023-08-10T15:00,gcl,Grand Coulee,146.9,146.9,0.0,1282.7,964.6,318.1,3565.4
2023-08-10,17,2023-08-10T16:00,gcl,Grand Coulee,145.4,145.4,0.0,1282.7,964.7,318.0,3527.9
2023-08-10,18,2023-08-10T17:00,gcl,Grand Coulee,145.3,145.3,0.0,1282.7,964.6,318.1,3526.6
2023-08-10,19,2023-08-10T18:00,gcl,Grand Coulee,153.6,153.6,0.0,1282.6,965.1,317.5,3721.0
2023-08-10,20,2023-08-10T19:00,gcl,Grand Coulee,158.2,158.2,0.0,1282.6,965.7,316.9,3825.2
2023-08-10,21,2023-08-10T20:00,gcl,Grand Coulee,155.4,155.4,0.0,1282.5,965.6,316.9,3757.5
2023-08-10,22,2023-08-10T21:00,gcl,Grand Coulee,144.2,142.7,1.5,1282.5,964.9,317.6,3458.0
2023-08-10,23,2023-08-10T22:00,gcl,Grand Coulee,119.4,119.0,0.4,1282.5,962.9,319.6,2901.9
2023-08-10,24,2023-08-10T23:00,gcl,Grand Coulee,98.2,98.2,0.0,1282.6,960.6,322.0,2412.6
2023-08-11,1,2023-08-11T00:00,gcl,Grand Coulee,86.1,86.1,0.0,1282.6,959.0,323.6,2125.9
2023-08-11,2,2023-08-11T01:00,gcl,Grand Coulee,80.8,80.8,0.0,1282.6,958.1,324.5,2000.6
2023-08-11,3,2023-08-11T02:00,gcl,Grand Coulee,81.3,81.3,0.0,1282.5,958.1,324.4,2012.3
2023-08-11,4,2023-08-11T03:00,gcl,Grand Coulee,79.6,79.6,0.0,1282.5,958.0,324.5,1970.8
2023-08-11,5,2023-08-11T04:00,gcl,Grand Coulee,80.9,80.9,0.0,1282.5,958.1,324.4,2002.4
2023-08-11,6,2023-08-11T05:00,gcl,Grand Coulee,86.5,86.5,0.0,1282.5,958.4,324.1,2139.0
2023-08-11,7,2023-08-11T06:00,gcl,Grand Coulee,117.4,117.4,0.0,1282.5,960.9,321.6,2880.8
2023-08-11,8,2023-08-11T07:00,gcl,Grand Coulee,128.8,128.8,0.0,1282.5,962.7,319.8,3142.8
2023-08-11,9,2023-08-11T08:00,gcl,Grand Coulee,128.2,128.2,0.0,1282.5,963.0,319.5,3125.2
2023-08-11,10,2023-08-11T09:00,gcl,Grand Coulee,134.3,134.3,0.0,1282.4,963.5,318.9,3267.8
2023-08-11,11,2023-08-11T10:00,gcl,Grand Coulee,136.6,136.6,0.0,1282.4,963.9,318.5,3319.6
2023-08-11,12,2023-08-11T11:00,gcl,Grand Coulee,142.0,142.0,0.0,1282.4,964.5,317.9,3444.3
2023-08-11,13,2023-08-11T12:00,gcl,Grand Coulee,141.6,141.6,0.0,1282.3,964.8,317.5,3430.3
2023-08-11,14,2023-08-11T13:00,gcl,Grand Coulee,141.9,141.9,0.0,1282.2,964.9,317.3,3435.4
2023-08-11,15,2023-08-11T14:00,gcl,Grand Coulee,142.6,142.6,0.0,1282.2,965.1,317.1,3450.2
2023-08-11,16,2023-08-11T15:00,gcl,Grand Coulee,143.0,143.0,0.0,1282.2,965.2,317.0,3458.8
2023-08-11,17,2023-08-11T16:00,gcl,Grand Coulee,129.0,129.0,0.0,1282.2,964.3,317.9,3129.0
2023-08-11,18,2023-08-11T17:00,gcl,Grand Coulee,128.6,128.6,0.0,1282.2,964.0,318.2,3122.2
2023-08-11,19,2023-08-11T18:00,gcl,Grand Coulee,145.2,145.2,0.0,1282.1,964.9,317.2,3514.2
2023-08-11,20,2023-08-11T19:00,gcl,Grand Coulee,139.5,139.5,0.0,1282.1,965.1,317.0,3374.1
2023-08-11,21,2023-08-11T20:00,gcl,Grand Coulee,132.2,132.2,0.0,1282.1,964.4,317.7,3204.6
2023-08-11,22,2023-08-11T21:00,gcl,Grand Coulee,118.5,116.9,1.6,1282.1,963.2,318.9,2844.4
2023-08-11,23,2023-08-11T22:00,gcl,Grand Coulee,95.8,95.7,0.1,1282.2,961.1,321.1,2344.6
2023-08-11,24,2023-08-11T23:00,gcl,Grand Coulee,85.2,85.2,0.0,1282.2,959.7,322.5,2096.5
2023-08-12,1,2023-08-12T00:00,gcl,Grand Coulee,71.2,71.2,0.0,1282.2,958.2,324.0,1760.1
2023-08-12,2,2023-08-12T01:00,gcl,Grand Coulee,61.5,61.5,0.0,1282.2,957.4,324.8,1524.1
2023-08-12,3,2023-08-12T02:00,gcl,Grand Coulee,56.2,56.2,0.0,1282.2,957.0,325.2,1394.5
2023-08-12,4,2023-08-12T03:00,gcl,Grand Coulee,56.9,56.9,0.0,1282.2,957.0,325.2,1411.8
2023-08-12,5,2023-08-12T04:00,gcl,Grand Coulee,56.6,56.6,0.0,1282.2,956.9,325.3,1404.8
2023-08-12,6,2023-08-12T05:00,gcl,Grand Coulee,51.9,51.9,0.0,1282.3,956.5,325.8,1290.2
2023-08-12,7,2023-08-12T06:00,gcl,Grand Coulee,71.0,71.0,0.0,1282.3,957.8,324.5,1757.9
2023-08-12,8,2023-08-12T07:00,gcl,Grand Coulee,80.0,80.0,0.0,1282.3,958.9,323.4,1974.0
2023-08-12,9,2023-08-12T08:00,gcl,Grand Coulee,89.2,89.2,0.0,1282.3,959.8,322.5,2194.9
2023-08-12,10,2023-08-12T09:00,gcl,Grand Coulee,103.6,103.6,0.0,1282.3,960.8,321.5,2541.4
2023-08-12,11,2023-08-12T10:00,gcl,Grand Coulee,110.6,110.6,0.0,1282.3,961.7,320.6,2705.5
2023-08-12,12,2023-08-12T11:00,gcl,Grand Coulee,118.7,118.7,0.0,1282.3,962.5,319.8,2896.4
2023-08-12,13,2023-08-12T12:00,gcl,Grand Coulee,123.2,123.2,0.0,1282.3,963.0,319.3,3001.5
2023-08-12,14,2023-08-12T13:00,gcl,Grand Coulee,134.0,134.0,0.0,1282.3,963.9,318.4,3255.4
2023-08-12,15,2023-08-12T14:00,gcl,Grand Coulee,138.6,138.6,0.0,1282.2,964.4,317.8,3360.8
2023-08-12,16,2023-08-12T15:00,gcl,Grand Coulee,143.5,143.5,0.0,1282.2,965.0,317.2,3473.0
2023-08-12,17,2023-08-12T16:00,gcl,Grand Coulee,143.4,143.4,0.0,1282.2,965.1,317.1,3469.5
2023-08-12,18,2023-08-12T17:00,gcl,Grand Coulee,142.1,142.1,0.0,1282.1,965.1,317.0,3437.0
2023-08-12,19,2023-08-12T18:00,gcl,Grand Coulee,155.5,155.5,0.0,1282.1,966.0,316.1,3750.4
2023-08-12,20,2023-08-12T19:00,gcl,Grand Coulee,149.3,149.3,0.0,1282.1,966.0,316.1,3600.9
2023-08-12,21,2023-08-12T20:00,gcl,Grand Coulee,138.8,138.8,0.0,1282.1,965.1,317.0,3357.2
2023-08-12,22,2023-08-12T21:00,gcl,Grand Coulee,134.1,132.6,1.5,1282.0,964.5,317.5,3212.3
2023-08-12,23,2023-08-12T22:00,gcl,Grand Coulee,118.4,118.3,0.1,1282.0,963.3,318.7,2876.7
2023-08-12,24,2023-08-12T23:00,gcl,Grand Coulee,102.4,102.4,0.0,1282.0,961.8,320.2,2501.8
2023-08-13,1,2023-08-13T00:00,gcl,Grand Coulee,91.8,91.8,0.0,1282.0,960.7,321.3,2250.5
2023-08-13,2,2023-08-13T01:00,gcl,Grand Coulee,70.9,70.9,0.0,1282.1,959.2,322.9,1746.8
2023-08-13,3,2023-08-13T02:00,gcl,Grand Coulee,57.1,57.1,0.0,1282.1,958.2,323.9,1411.1
2023-08-13,4,2023-08-13T03:00,gcl,Grand Coulee,53.0,53.0,0.0,1282.1,958.0,324.1,1310.6
2023-08-13,5,2023-08-13T04:00,gcl,Grand Coulee,51.2,51.2,0.0,1282.1,957.3,324.8,1268.9
2023-08-13,6,2023-08-13T05:00,gcl,Grand Coulee,50.7,50.7,0.0,1282.2,957.1,325.1,1257.6
2023-08-13,7,2023-08-13T06:00,gcl,Grand Coulee,46.8,46.8,0.0,1282.2,956.5,325.7,1163.0
2023-08-13,8,2023-08-13T07:00,gcl,Grand Coulee,55.9,55.9,0.0,1282.3,956.7,325.6,1388.7
2023-08-13,9,2023-08-13T08:00,gcl,Grand Coulee,64.4,64.4,0.0,1282.3,957.3,325.0,1597.0
2023-08-13,10,2023-08-13T09:00,gcl,Grand Coulee,75.4,75.4,0.0,1282.4,958.4,324.0,1864.0
2023-08-13,11,2023-08-13T10:00,gcl,Grand Coulee,92.5,92.5,0.0,1282.4,959.7,322.7,2277.5
2023-08-13,12,2023-08-13T11:00,gcl,Grand Coulee,106.9,106.9,0.0,1282.3,961.0,321.3,2620.7
2023-08-13,13,2023-08-13T12:00,gcl,Grand Coulee,106.9,106.9,0.0,1282.3,961.3,321.0,2618.2
2023-08-13,14,2023-08-13T13:00,gcl,Grand Coulee,130.7,130.7,0.0,1282.3,963.0,319.3,3184.2
2023-08-13,15,2023-08-13T14:00,gcl,Grand Coulee,146.0,146.0,0.0,1282.3,964.7,317.6,3538.0
2023-08-13,16,2023-08-13T15:00,gcl,Grand Coulee,154.7,154.7,0.0,1282.2,965.7,316.5,3735.8
2023-08-13,17,2023-08-13T16:00,gcl,Grand Coulee,165.1,165.1,0.0,1282.2,966.6,315.6,3975.7
2023-08-13,18,2023-08-13T17:00,gcl,Grand Coulee,164.4,164.4,0.0,1282.1,966.9,315.2,3953.8
2023-08-13,19,2023-08-13T18:00,gcl,Grand Coulee,162.9,162.9,0.0,1282.1,966.9,315.2,3917.7
2023-08-13,20,2023-08-13T19:00,gcl,Grand Coulee,159.4,159.4,0.0,1282.0,966.7,315.3,3834.7
2023-08-13,21,2023-08-13T20:00,gcl,Grand Coulee,147.7,147.7,0.0,1282.0,965.9,316.1,3562.3
2023-08-13,22,2023-08-13T21:00,gcl,Grand Coulee,143.6,143.6,0.0,1281.9,965.3,316.6,3468.9
2023-08-13,23,2023-08-13T22:00,gcl,Grand Coulee,105.2,105.2,0.0,1282.0,962.7,319.3,2562.9
2023-08-13,24,2023-08-13T23:00,gcl,Grand Coulee,96.9,96.9,0.0,1282.0,961.0,321.0,2373.3
2023-08-14,1,2023-08-14T00:00,gcl,Grand Coulee,91.3,91.3,0.0,1281.9,960.2,321.7,2241.0
2023-08-14,2,2023-08-14T01:00,gcl,Grand Coulee,69.7,69.7,0.0,1282.0,959.0,323.0,1717.7
2023-08-14,3,2023-08-14T02:00,gcl,Grand Coulee,58.1,58.1,0.0,1282.0,957.8,324.2,1437.2
2023-08-14,4,2023-08-14T03:00,gcl,Grand Coulee,65.7,65.7,0.0,1282.0,957.7,324.3,1625.7
2023-08-14,5,2023-08-14T04:00,gcl,Grand Coulee,72.3,72.3,0.0,1282.0,958.2,323.8,1786.2
2023-08-14,6,2023-08-14T05:00,gcl,Grand Coulee,74.5,74.5,0.0,1282.0,958.6,323.4,1838.3
2023-08-14,7,2023-08-14T06:00,gcl,Grand Coulee,74.5,74.5,0.0,1282.1,958.5,323.6,1839.5
2023-08-14,8,2023-08-14T07:00,gcl,Grand Coulee,81.9,81.9,0.0,1282.1,958.8,323.3,2020.3
2023-08-14,9,2023-08-14T08:00,gcl,Grand Coulee,95.8,95.8,0.0,1282.1,960.0,322.1,2354.4
2023-08-14,10,2023-08-14T09:00,gcl,Grand Coulee,109.6,109.6,0.0,1282.1,961.3,320.8,2682.7
2023-08-14,11,2023-08-14T10:00,gcl,Grand Coulee,126.9,126.9,0.0,1282.0,962.7,319.3,3091.6
2023-08-14,12,2023-08-14T11:00,gcl,Grand Coulee,142.1,142.1,0.0,1281.9,964.3,317.6,3443.5
2023-08-14,13,2023-08-14T12:00,gcl,Grand Coulee,145.8,145.8,0.0,1281.9,965.0,316.9,3525.4
2023-08-14,14,2023-08-14T13:00,gcl,Grand Coulee,153.1,153.1,0.0,1281.9,965.7,316.2,3693.7
2023-08-14,15,2023-08-14T14:00,gcl,Grand Coulee,156.0,156.0,0.0,1281.9,966.1,315.8,3758.9
2023-08-14,16,2023-08-14T15:00,gcl,Grand Coulee,157.0,157.0,0.0,1281.8,966.2,315.6,3780.6
2023-08-14,17,2023-08-14T16:00,gcl,Grand Coulee,163.5,163.5,0.0,1281.8,966.7,315.1,3930.9
2023-08-14,18,2023-08-14T17:00,gcl,Grand Coulee,167.9,167.9,0.0,1281.6,961.2,320.4,4104.6
2023-08-14,19,2023-08-14T18:00,gcl,Grand Coulee,167.4,167.4,0.0,1281.5,967.3,314.2,4013.2
2023-08-14,20,2023-08-14T19:00,gcl,Grand Coulee,158.7,158.7,0.0,1281.5,966.8,314.7,3810.6
2023-08-14,21,2023-08-14T20:00,gcl,Grand Coulee,150.1,150.1,0.0,1281.5,966.1,315.4,3612.2
2023-08-14,22,2023-08-14T21:00,gcl,Grand Coulee,132.0,130.5,1.5,1281.5,964.6,316.9,3155.4
2023-08-14,23,2023-08-14T22:00,gcl,Grand Coulee,123.6,123.5,0.1,1281.5,963.6,317.9,2995.6
2023-08-14,24,2023-08-14T23:00,gcl,Grand Coulee,97.2,97.2,0.0,1281.6,961.4,320.2,2374.7
2023-08-15,1,2023-08-15T00:00,gcl,Grand Coulee,86.3,86.3,0.0,1281.6,959.8,321.8,2119.0
2023-08-15,2,2023-08-15T01:00,gcl,Grand Coulee,67.5,67.5,0.0,1281.6,958.1,323.5,1666.1
2023-08-15,3,2023-08-15T02:00,gcl,Grand Coulee,60.9,60.9,0.0,1281.6,957.6,324.0,1505.5
2023-08-15,4,2023-08-15T03:00,gcl,Grand Coulee,57.5,57.5,0.0,1281.6,957.3,324.3,1422.8
2023-08-15,5,2023-08-15T04:00,gcl,Grand Coulee,56.2,56.2,0.0,1281.6,957.4,324.2,1390.2
2023-08-15,6,2023-08-15T05:00,gcl,Grand Coulee,60.8,60.8,0.0,1281.7,957.3,324.4,1504.9
2023-08-15,7,2023-08-15T06:00,gcl,Grand Coulee,77.6,77.6,0.0,1281.7,959.0,322.7,1910.7
2023-08-15,8,2023-08-15T07:00,gcl,Grand Coulee,81.0,81.0,0.0,1281.7,959.6,322.1,1990.7
2023-08-15,9,2023-08-15T08:00,gcl,Grand Coulee,92.5,92.5,0.0,1281.7,960.3,321.4,2268.4
2023-08-15,10,2023-08-15T09:00,gcl,Grand Coulee,102.9,102.9,0.0,1281.7,961.1,320.6,2517.1
2023-08-15,11,2023-08-15T10:00,gcl,Grand Coulee,112.1,112.1,0.0,1281.7,961.9,319.8,2735.3
2023-08-15,12,2023-08-15T11:00,gcl,Grand Coulee,124.1,124.1,0.0,1281.6,962.8,318.8,3018.7
2023-08-15,13,2023-08-15T12:00,gcl,Grand Coulee,139.9,139.9,0.0,1281.6,964.0,317.6,3390.2
2023-08-15,14,2023-08-15T13:00,gcl,Grand Coulee,157.7,157.7,0.0,1281.5,965.5,316.0,3802.3
2023-08-15,15,2023-08-15T14:00,gcl,Grand Coulee,168.5,168.5,0.0,1281.5,966.6,314.9,4048.5
2023-08-15,16,2023-08-15T15:00,gcl,Grand Coulee,161.9,161.9,0.0,1281.5,966.4,315.1,3892.4
2023-08-15,17,2023-08-15T16:00,gcl,Grand Coulee,163.8,163.8,0.0,1281.4,966.4,315.0,3936.9
2023-08-15,18,2023-08-15T17:00,gcl,Grand Coulee,172.7,172.7,0.0,1281.3,967.0,314.3,4141.5
2023-08-15,19,2023-08-15T18:00,gcl,Grand Coulee,168.2,168.2,0.0,1281.3,967.0,314.3,4033.6
2023-08-15,20,2023-08-15T19:00,gcl,Grand Coulee,169.4,169.4,0.0,1281.2,967.0,314.2,4061.1
2023-08-15,21,2023-08-15T20:00,gcl,Grand Coulee,153.6,153.6,0.0,1281.2,966.0,315.2,3694.0
2023-08-15,22,2023-08-15T21:00,gcl,Grand Coulee,122.2,120.7,1.5,1281.3,963.5,317.8,2926.8
2023-08-15,23,2023-08-15T22:00,gcl,Grand Coulee,108.2,108.1,0.1,1281.3,961.7,319.6,2636.1
2023-08-15,24,2023-08-15T23:00,gcl,Grand Coulee,93.3,93.3,0.0,1281.3,959.9,321.4,2288.0
2023-08-16,1,2023-08-16T00:00,gcl,Grand Coulee,78.2,78.2,0.0,1281.3,958.6,322.7,1925.4
2023-08-16,2,2023-08-16T01:00,gcl,Grand Coulee,65.5,65.5,0.0,1281.3,957.4,323.9,1618.7
2023-08-16,3,2023-08-16T02:00,gcl,Grand Coulee,58.0,58.0,0.0,1281.3,956.6,324.7,1436.9
2023-08-16,4,2023-08-16T03:00,gcl,Grand Coulee,56.2,56.2,0.0,1281.3,956.7,324.6,1391.9
2023-08-16,5,2023-08-16T04:00,gcl,Grand Coulee,56.6,56.6,0.0,1281.4,956.7,324.7,1402.2
2023-08-16,6,2023-08-16T05:00,gcl,Grand Coulee,55.8,55.8,0.0,1281.4,957.2,324.2,1380.3
2023-08-16,7,2023-08-16T06:00,gcl,Grand Coulee,94.0,94.0,0.0,1281.3,959.5,321.8,2308.0
2023-08-16,8,2023-08-16T07:00,gcl,Grand Coulee,110.2,110.2,0.0,1281.3,961.2,320.1,2691.5
2023-08-16,9,2023-08-16T08:00,gcl,Grand Coulee,113.5,113.5,0.0,1281.4,961.8,319.6,2767.8
2023-08-16,10,2023-08-16T09:00,gcl,Grand Coulee,120.4,120.4,0.0,1281.3,962.4,318.9,2929.6
2023-08-16,11,2023-08-16T10:00,gcl,Grand Coulee,131.3,131.3,0.0,1281.3,963.3,318.0,3185.8
2023-08-16,12,2023-08-16T11:00,gcl,Grand Coulee,148.8,148.8,0.0,1281.3,965.1,316.2,3590.0
2023-08-16,13,2023-08-16T12:00,gcl,Grand Coulee,154.3,154.3,0.0,1281.2,965.8,315.4,3713.2
2023-08-16,14,2023-08-16T13:00,gcl,Grand Coulee,161.1,161.1,0.0,1281.1,966.4,314.7,3868.3
2023-08-16,15,2023-08-16T14:00,gcl,Grand Coulee,159.8,159.8,0.0,1281.1,966.5,314.6,3835.8
2023-08-16,16,2023-08-16T15:00,gcl,Grand Coulee,150.1,150.1,0.0,1281.1,965.6,315.5,3613.3
2023-08-16,17,2023-08-16T16:00,gcl,Grand Coulee,163.5,163.5,0.0,1281.0,966.4,314.6,3924.7
2023-08-16,18,2023-08-16T17:00,gcl,Grand Coulee,168.1,168.1,0.0,1280.9,967.0,313.9,4026.1
2023-08-16,19,2023-08-16T18:00,gcl,Grand Coulee,168.5,168.5,0.0,1280.9,967.2,313.7,4033.1
2023-08-16,20,2023-08-16T19:00,gcl,Grand Coulee,163.6,163.6,0.0,1280.8,966.9,313.9,3918.3
2023-08-16,21,2023-08-16T20:00,gcl,Grand Coulee,147.5,147.5,0.0,1280.8,965.8,315.0,3545.1
2023-08-16,22,2023-08-16T21:00,gcl,Grand Coulee,122.0,121.6,1.4,1280.9,963.7,317.2,2943.0
2023-08-16,23,2023-08-16T22:00,gcl,Grand Coulee,102.8,102.6,0.2,1280.9,961.6,319.3,2499.6
2023-08-16,24,2023-08-16T23:00,gcl,Grand Coulee,97.7,97.7,0.0,1280.9,960.5,320.4,2388.4
2023-08-17,1,2023-08-17T00:00,gcl,Grand Coulee,80.1,80.1,0.0,1280.9,959.0,321.9,1967.3
2023-08-17,2,2023-08-17T01:00,gcl,Grand Coulee,75.7,75.7,0.0,1280.9,958.4,322.5,1862.7
2023-08-17,3,2023-08-17T02:00,gcl,Grand Coulee,71.1,71.1,0.0,1280.9,958.1,322.8,1751.2
2023-08-17,4,2023-08-17T03:00,gcl,Grand Coulee,65.8,65.8,0.0,1280.9,957.7,323.2,1622.6
2023-08-17,5,2023-08-17T04:00,gcl,Grand Coulee,65.7,65.7,0.0,1280.9,957.5,323.4,1621.2
2023-08-17,6,2023-08-17T05:00,gcl,Grand Coulee,69.1,69.1,0.0,1280.9,957.9,323.0,1703.0
2023-08-17,7,2023-08-17T06:00,gcl,Grand Coulee,102.5,102.5,0.0,1280.9,960.3,320.6,2507.3
2023-08-17,8,2023-08-17T07:00,gcl,Grand Coulee,115.8,115.8,0.0,1280.8,961.7,319.1,2819.4
2023-08-17,9,2023-08-17T08:00,gcl,Grand Coulee,143.6,143.6,0.0,1280.8,961.7,319.1,3496.3
2023-08-17,10,2023-08-17T09:00,gcl,Grand Coulee,137.6,137.6,0.0,1280.8,964.4,316.4,3321.8
2023-08-17,11,2023-08-17T10:00,gcl,Grand Coulee,150.7,150.7,0.0,1280.8,965.3,315.5,3627.7
2023-08-17,12,2023-08-17T11:00,gcl,Grand Coulee,155.8,155.8,0.0,1280.7,965.9,314.8,3742.2
2023-08-17,13,2023-08-17T12:00,gcl,Grand Coulee,164.5,164.5,0.0,1280.7,966.8,313.9,3939.9
2023-08-17,14,2023-08-17T13:00,gcl,Grand Coulee,170.0,170.0,0.0,1280.6,967.4,313.2,4062.5
2023-08-17,15,2023-08-17T14:00,gcl,Grand Coulee,170.4,170.4,0.0,1280.5,967.7,312.8,4066.9
2023-08-17,16,2023-08-17T15:00,gcl,Grand Coulee,164.3,164.3,0.0,1280.4,967.3,313.1,3925.0
2023-08-17,17,2023-08-17T16:00,gcl,Grand Coulee,167.2,167.2,0.0,1280.4,967.3,313.1,3994.3
2023-08-17,18,2023-08-17T17:00,gcl,Grand Coulee,163.9,163.9,0.0,1280.3,967.1,313.2,3916.7
2023-08-17,19,2023-08-17T18:00,gcl,Grand Coulee,169.7,169.7,0.0,1280.2,967.5,312.7,4048.9
2023-08-17,20,2023-08-17T19:00,gcl,Grand Coulee,161.2,161.2,0.0,1280.2,967.3,312.9,3848.5
2023-08-17,21,2023-08-17T20:00,gcl,Grand Coulee,146.5,146.5,0.0,1280.2,966.1,314.1,3511.0
2023-08-17,22,2023-08-17T21:00,gcl,Grand Coulee,131.5,129.9,1.6,1280.2,964.8,315.4,3126.0
2023-08-17,23,2023-08-17T22:00,gcl,Grand Coulee,111.3,111.0,0.3,1280.2,963.2,317.0,2684.8
2023-08-17,24,2023-08-17T23:00,gcl,Grand Coulee,87.6,87.6,0.0,1280.2,960.9,319.3,2134.2
2023-08-18,1,2023-08-18T00:00,gcl,Grand Coulee,93.8,93.8,0.0,1280.2,960.9,319.3,2285.2
2023-08-18,2,2023-08-18T01:00,gcl,Grand Coulee,85.0,85.0,0.0,1280.2,960.8,319.4,2071.5
2023-08-18,3,2023-08-18T02:00,gcl,Grand Coulee,80.0,80.0,0.0,1280.2,960.0,320.2,1954.5
2023-08-18,4,2023-08-18T03:00,gcl,Grand Coulee,76.1,76.1,0.0,1280.2,959.4,320.8,1862.7
2023-08-18,5,2023-08-18T04:00,gcl,Grand Coulee,77.2,77.2,0.0,1280.2,959.4,320.8,1889.6
2023-08-18,6,2023-08-18T05:00,gcl,Grand Coulee,82.9,82.9,0.0,1280.2,959.7,320.5,2027.2
2023-08-18,7,2023-08-18T06:00,gcl,Grand Coulee,91.6,91.6,0.0,1280.2,960.2,320.0,2236.5
2023-08-18,8,2023-08-18T07:00,gcl,Grand Coulee,100.0,100.0,0.0,1280.2,960.9,319.3,2436.3
2023-08-18,9,2023-08-18T08:00,gcl,Grand Coulee,106.6,106.6,0.0,1280.1,961.3,318.8,2593.0
2023-08-18,10,2023-08-18T09:00,gcl,Grand Coulee,117.1,117.1,0.0,1280.1,962.2,317.9,2840.4
2023-08-18,11,2023-08-18T10:00,gcl,Grand Coulee,119.7,119.7,0.0,1280.1,962.7,317.4,2898.8
2023-08-18,12,2023-08-18T11:00,gcl,Grand Coulee,122.9,122.9,0.0,1280.0,963.1,316.9,2971.7
2023-08-18,13,2023-08-18T12:00,gcl,Grand Coulee,126.8,126.8,0.0,1280.0,963.5,316.5,3062.1
2023-08-18,14,2023-08-18T13:00,gcl,Grand Coulee,125.2,125.2,0.0,1280.0,963.5,316.5,3023.4
2023-08-18,15,2023-08-18T14:00,gcl,Grand Coulee,126.7,126.7,0.0,1280.0,963.6,316.4,3058.7
2023-08-18,16,2023-08-18T15:00,gcl,Grand Coulee,137.0,137.0,0.0,1280.0,964.2,315.8,3301.1
2023-08-18,17,2023-08-18T16:00,gcl,Grand Coulee,148.5,148.5,0.0,1279.8,965.3,314.5,3563.5
2023-08-18,18,2023-08-18T17:00,gcl,Grand Coulee,164.0,164.0,0.0,1279.8,960.6,319.2,3994.2
2023-08-18,19,2023-08-18T18:00,gcl,Grand Coulee,164.0,164.0,0.0,1279.8,960.6,319.2,3994.2
2023-08-18,20,2023-08-18T19:00,gcl,Grand Coulee,154.8,154.8,0.0,1279.8,966.4,313.4,3701.6
2023-08-18,21,2023-08-18T20:00,gcl,Grand Coulee,142.6,142.6,0.0,1279.9,965.2,314.7,3424.1
2023-08-18,22,2023-08-18T21:00,gcl,Grand Coulee,130.9,129.3,0.0,1279.8,964.2,315.6,3113.6
2023-08-18,23,2023-08-18T22:00,gcl,Grand Coulee,106.1,105.9,0.2,1279.8,962.4,317.4,2564.6
2023-08-18,24,2023-08-18T23:00,gcl,Grand Coulee,96.9,96.9,0.0,1279.8,960.9,318.9,2357.8
2023-08-19,1,2023-08-19T00:00,gcl,Grand Coulee,73.9,73.9,0.0,1279.8,959.2,320.6,1807.7
2023-08-19,2,2023-08-19T01:00,gcl,Grand Coulee,67.2,67.2,0.0,1279.8,958.2,321.6,1649.0
2023-08-19,3,2023-08-19T02:00,gcl,Grand Coulee,64.7,64.7,0.0,1279.8,956.0,323.8,1598.5
2023-08-19,4,2023-08-19T03:00,gcl,Grand Coulee,59.8,59.8,0.0,1279.8,957.6,322.2,1470.1
2023-08-19,5,2023-08-19T04:00,gcl,Grand Coulee,59.6,59.6,0.0,1279.9,957.4,322.5,1466.6
2023-08-19,6,2023-08-19T05:00,gcl,Grand Coulee,59.1,59.1,0.0,1279.9,957.4,322.5,1454.3
2023-08-19,7,2023-08-19T06:00,gcl,Grand Coulee,76.3,76.3,0.0,1279.9,958.3,321.6,1872.3
2023-08-19,8,2023-08-19T07:00,gcl,Grand Coulee,111.3,111.3,0.0,1279.8,961.1,318.7,2706.5
2023-08-19,9,2023-08-19T08:00,gcl,Grand Coulee,125.5,125.5,0.0,1279.8,962.5,317.3,3038.4
2023-08-19,10,2023-08-19T09:00,gcl,Grand Coulee,127.3,127.3,0.0,1279.8,963.1,316.7,3076.1
2023-08-19,11,2023-08-19T10:00,gcl,Grand Coulee,132.3,132.3,0.0,1279.8,963.5,316.3,3192.9
2023-08-19,12,2023-08-19T11:00,gcl,Grand Coulee,133.8,133.8,0.0,1279.8,963.9,315.9,3225.0
2023-08-19,13,2023-08-19T12:00,gcl,Grand Coulee,137.6,137.6,0.0,1279.7,964.2,315.5,3312.4
2023-08-19,14,2023-08-19T13:00,gcl,Grand Coulee,149.3,149.3,0.0,1279.7,965.1,314.6,3583.8
2023-08-19,15,2023-08-19T14:00,gcl,Grand Coulee,158.3,158.3,0.0,1279.6,966.1,313.5,3786.5
2023-08-19,16,2023-08-19T15:00,gcl,Grand Coulee,138.3,138.3,0.0,1279.6,964.9,314.7,3320.8
2023-08-19,17,2023-08-19T16:00,gcl,Grand Coulee,146.6,146.6,0.0,1279.6,964.8,314.8,3521.2
2023-08-19,18,2023-08-19T17:00,gcl,Grand Coulee,164.6,164.6,0.0,1279.5,966.4,313.1,3932.2
2023-08-19,19,2023-08-19T18:00,gcl,Grand Coulee,164.3,164.3,0.0,1279.4,966.9,312.5,3917.5
2023-08-19,20,2023-08-19T19:00,gcl,Grand Coulee,161.4,161.4,0.0,1279.4,966.7,312.7,3850.8
2023-08-19,21,2023-08-19T20:00,gcl,Grand Coulee,149.9,149.9,0.0,1279.3,965.9,313.4,3584.5
2023-08-19,22,2023-08-19T21:00,gcl,Grand Coulee,138.7,137.1,1.6,1279.2,964.9,314.3,3287.8
2023-08-19,23,2023-08-19T22:00,gcl,Grand Coulee,112.2,112.0,0.2,1279.3,962.8,316.5,2704.7
2023-08-19,24,2023-08-19T23:00,gcl,Grand Coulee,101.6,101.6,0.0,1279.3,961.2,318.1,2465.9
2023-08-20,1,2023-08-20T00:00,gcl,Grand Coulee,82.3,82.3,0.0,1279.3,959.6,319.7,2007.6
2023-08-20,2,2023-08-20T01:00,gcl,Grand Coulee,82.0,82.0,0.0,1279.2,959.1,320.1,2002.7
2023-08-20,3,2023-08-20T02:00,gcl,Grand Coulee,79.4,79.4,0.0,1279.2,959.0,320.2,1939.8
2023-08-20,4,2023-08-20T03:00,gcl,Grand Coulee,73.5,73.5,0.0,1279.2,958.6,320.6,1797.9
2023-08-20,5,2023-08-20T04:00,gcl,Grand Coulee,65.5,65.5,0.0,1279.2,957.8,321.4,1606.2
2023-08-20,6,2023-08-20T05:00,gcl,Grand Coulee,70.4,70.4,0.0,1279.2,958.0,321.2,1725.3
2023-08-20,7,2023-08-20T06:00,gcl,Grand Coulee,65.3,65.3,0.0,1279.3,957.9,321.4,1601.3
2023-08-20,8,2023-08-20T07:00,gcl,Grand Coulee,71.0,71.0,0.0,1279.2,958.3,320.9,1738.4
2023-08-20,9,2023-08-20T08:00,gcl,Grand Coulee,77.1,77.1,0.0,1279.2,958.8,320.4,1884.8
2023-08-20,10,2023-08-20T09:00,gcl,Grand Coulee,74.8,74.8,0.0,1279.2,958.8,320.4,1828.6
2023-08-20,11,2023-08-20T10:00,gcl,Grand Coulee,71.8,71.8,0.0,1279.2,958.6,320.6,1756.4
2023-08-20,12,2023-08-20T11:00,gcl,Grand Coulee,70.8,70.8,0.0,1279.2,958.5,320.7,1732.4
2023-08-20,13,2023-08-20T12:00,gcl,Grand Coulee,72.6,72.6,0.0,1279.2,958.7,320.5,1775.4
2023-08-20,14,2023-08-20T13:00,gcl,Grand Coulee,72.8,72.8,0.0,1279.2,958.7,320.5,1780.3
2023-08-20,15,2023-08-20T14:00,gcl,Grand Coulee,74.2,74.2,0.0,1279.2,958.8,320.4,1813.9
2023-08-20,16,2023-08-20T15:00,gcl,Grand Coulee,77.5,77.5,0.0,1279.2,958.9,320.3,1894.0
2023-08-20,17,2023-08-20T16:00,gcl,Grand Coulee,116.4,116.4,0.0,1279.1,961.7,317.4,2818.9
2023-08-20,18,2023-08-20T17:00,gcl,Grand Coulee,128.2,128.2,0.0,1279.1,963.1,316.0,3091.0
2023-08-20,19,2023-08-20T18:00,gcl,Grand Coulee,125.0,125.0,0.0,1279.1,963.2,315.9,3012.9
2023-08-20,20,2023-08-20T19:00,gcl,Grand Coulee,111.8,111.8,0.0,1279.1,962.1,317.0,2704.1
2023-08-20,21,2023-08-20T20:00,gcl,Grand Coulee,97.6,97.6,0.0,1279.1,960.7,318.4,2371.1
2023-08-20,22,2023-08-20T21:00,gcl,Grand Coulee,79.8,78.3,1.5,1279.2,959.2,320.0,1911.8
2023-08-20,23,2023-08-20T22:00,gcl,Grand Coulee,63.4,63.2,0.2,1279.2,957.6,321.6,1550.8
2023-08-20,24,2023-08-20T23:00,gcl,Grand Coulee,54.2,54.2,0.0,1279.1,956.2,322.9,1335.3
2023-08-21,1,2023-08-21T00:00,gcl,Grand Coulee,48.5,48.5,0.0,1279.1,956.1,323.0,1195.3
2023-08-21,2,2023-08-21T01:00,gcl,Grand Coulee,40.5,40.5,0.0,1279.2,955.4,323.8,1000.6
2023-08-21,3,2023-08-21T02:00,gcl,Grand Coulee,37.1,37.1,0.0,1279.2,954.8,324.4,918.3
2023-08-21,4,2023-08-21T03:00,gcl,Grand Coulee,35.9,35.9,0.0,1279.3,955.0,324.3,888.3
2023-08-21,5,2023-08-21T04:00,gcl,Grand Coulee,41.2,41.2,0.0,1279.3,955.4,323.9,1018.2
2023-08-21,6,2023-08-21T05:00,gcl,Grand Coulee,56.7,56.7,0.0,1279.3,956.3,323.0,1397.4
2023-08-21,7,2023-08-21T06:00,gcl,Grand Coulee,85.9,85.9,0.0,1279.2,958.5,320.7,2101.9
2023-08-21,8,2023-08-21T07:00,gcl,Grand Coulee,94.1,94.1,0.0,1279.2,959.7,319.5,2294.0
2023-08-21,9,2023-08-21T08:00,gcl,Grand Coulee,102.7,102.7,0.0,1279.2,960.3,318.9,2498.9
2023-08-21,10,2023-08-21T09:00,gcl,Grand Coulee,109.2,109.2,0.0,1279.2,960.9,318.3,2652.1
2023-08-21,11,2023-08-21T10:00,gcl,Grand Coulee,108.3,108.3,0.0,1279.2,961.2,318.0,2627.7
2023-08-21,12,2023-08-21T11:00,gcl,Grand Coulee,101.4,101.4,0.0,1279.2,960.8,318.4,2463.4
2023-08-21,13,2023-08-21T12:00,gcl,Grand Coulee,100.1,100.1,0.0,1279.1,960.8,318.3,2431.1
2023-08-21,14,2023-08-21T13:00,gcl,Grand Coulee,98.9,98.9,0.0,1279.1,960.7,318.4,2402.7
2023-08-21,15,2023-08-21T14:00,gcl,Grand Coulee,97.1,97.1,0.0,1279.0,960.6,318.4,2358.9
2023-08-21,16,2023-08-21T15:00,gcl,Grand Coulee,97.6,97.6,0.0,1279.0,960.5,318.5,2371.8
2023-08-21,17,2023-08-21T16:00,gcl,Grand Coulee,105.3,105.3,0.0,1279.0,961.0,318.0,2554.9
2023-08-21,18,2023-08-21T17:00,gcl,Grand Coulee,118.0,118.0,0.0,1279.0,962.1,316.9,2853.2
2023-08-21,19,2023-08-21T18:00,gcl,Grand Coulee,119.7,119.7,0.0,1279.0,962.3,316.7,2892.5
2023-08-21,20,2023-08-21T19:00,gcl,Grand Coulee,97.0,97.0,0.0,1279.0,960.7,318.3,2355.8
2023-08-21,21,2023-08-21T20:00,gcl,Grand Coulee,86.7,86.7,0.0,1279.0,959.3,319.7,2114.9
2023-08-21,22,2023-08-21T21:00,gcl,Grand Coulee,81.4,79.8,1.6,1279.0,958.5,320.5,1951.4
2023-08-21,23,2023-08-21T22:00,gcl,Grand Coulee,65.4,65.2,0.2,1279.0,957.1,321.9,1601.4
2023-08-21,24,2023-08-21T23:00,gcl,Grand Coulee,68.4,68.4,0.0,1279.0,956.6,322.4,1682.6
2023-08-22,1,2023-08-22T00:00,gcl,Grand Coulee,70.4,70.4,0.0,1279.0,957.4,321.6,1727.5
2023-08-22,2,2023-08-22T01:00,gcl,Grand Coulee,60.5,60.5,0.0,1279.0,957.4,321.6,1484.6
2023-08-22,3,2023-08-22T02:00,gcl,Grand Coulee,56.1,56.1,0.0,1279.1,956.3,322.8,1381.7
2023-08-22,4,2023-08-22T03:00,gcl,Grand Coulee,55.5,55.5,0.0,1279.1,956.1,323.0,1367.8
2023-08-22,5,2023-08-22T04:00,gcl,Grand Coulee,58.8,58.8,0.0,1279.1,956.4,322.7,1447.8
2023-08-22,6,2023-08-22T05:00,gcl,Grand Coulee,65.1,65.1,0.0,1279.1,956.8,322.3,1600.9
2023-08-22,7,2023-08-22T06:00,gcl,Grand Coulee,70.1,70.1,0.0,1279.1,957.1,322.0,1722.3
2023-08-22,8,2023-08-22T07:00,gcl,Grand Coulee,79.2,79.2,0.0,1279.1,957.9,321.2,1941.0
2023-08-22,9,2023-08-22T08:00,gcl,Grand Coulee,84.3,84.3,0.0,1279.1,958.3,320.8,2063.4
2023-08-22,10,2023-08-22T09:00,gcl,Grand Coulee,81.7,81.7,0.0,1279.2,958.3,320.9,2000.4
2023-08-22,11,2023-08-22T10:00,gcl,Grand Coulee,82.0,82.0,0.0,1279.1,958.2,320.9,2007.7
2023-08-22,12,2023-08-22T11:00,gcl,Grand Coulee,80.8,80.8,0.0,1279.1,958.3,320.8,1977.7
2023-08-22,13,2023-08-22T12:00,gcl,Grand Coulee,86.1,86.1,0.0,1279.1,958.7,320.4,2104.8
2023-08-22,14,2023-08-22T13:00,gcl,Grand Coulee,84.5,84.5,0.0,1279.1,958.8,320.3,2065.1
2023-08-22,15,2023-08-22T14:00,gcl,Grand Coulee,105.7,105.7,0.0,1279.1,960.2,318.9,2571.9
2023-08-22,16,2023-08-22T15:00,gcl,Grand Coulee,114.2,114.2,0.0,1279.1,961.4,317.7,2768.3
2023-08-22,17,2023-08-22T16:00,gcl,Grand Coulee,117.0,117.0,0.0,1279.1,962.0,317.1,2830.8
2023-08-22,18,2023-08-22T17:00,gcl,Grand Coulee,118.8,118.8,0.0,1279.1,962.3,316.8,2871.6
2023-08-22,19,2023-08-22T18:00,gcl,Grand Coulee,116.1,116.1,0.0,1279.1,962.3,316.8,2806.4
2023-08-22,20,2023-08-22T19:00,gcl,Grand Coulee,111.5,111.5,0.0,1279.1,961.7,317.4,2700.3
2023-08-22,21,2023-08-22T20:00,gcl,Grand Coulee,95.0,95.0,0.0,1279.1,960.5,318.6,2309.4
2023-08-22,22,2023-08-22T21:00,gcl,Grand Coulee,85.2,83.6,1.6,1279.0,959.5,319.5,2038.0
2023-08-22,23,2023-08-22T22:00,gcl,Grand Coulee,71.2,70.4,0.8,1279.0,958.3,320.7,1722.6
2023-08-22,24,2023-08-22T23:00,gcl,Grand Coulee,64.7,64.7,0.0,1279.0,957.3,321.7,1588.1
2023-08-23,1,2023-08-23T00:00,gcl,Grand Coulee,54.2,54.2,0.0,1279.0,956.7,322.3,1332.9
2023-08-23,2,2023-08-23T01:00,gcl,Grand Coulee,52.3,52.3,0.0,1279.1,956.3,322.8,1288.1
2023-08-23,3,2023-08-23T02:00,gcl,Grand Coulee,46.8,46.8,0.0,1279.1,956.2,322.9,1153.0
2023-08-23,4,2023-08-23T03:00,gcl,Grand Coulee,46.3,46.3,0.0,1279.2,956.2,323.0,1141.1
2023-08-23,5,2023-08-23T04:00,gcl,Grand Coulee,50.2,50.2,0.0,1279.1,956.4,322.7,1236.0
2023-08-23,6,2023-08-23T05:00,gcl,Grand Coulee,61.6,61.6,0.0,1279.1,957.3,321.8,1512.5
2023-08-23,7,2023-08-23T06:00,gcl,Grand Coulee,71.3,71.3,0.0,1279.1,958.2,320.9,1745.8
2023-08-23,8,2023-08-23T07:00,gcl,Grand Coulee,82.7,82.7,0.0,1279.1,959.0,320.1,2019.8
2023-08-23,9,2023-08-23T08:00,gcl,Grand Coulee,84.2,84.2,0.0,1279.2,959.3,319.9,2055.2
2023-08-23,10,2023-08-23T09:00,gcl,Grand Coulee,84.7,84.7,0.0,1279.2,959.4,319.8,2066.7
2023-08-23,11,2023-08-23T10:00,gcl,Grand Coulee,85.5,85.5,0.0,1279.2,959.4,319.8,2086.3
2023-08-23,12,2023-08-23T11:00,gcl,Grand Coulee,88.8,88.8,0.0,1279.2,959.7,319.5,2164.8
2023-08-23,13,2023-08-23T12:00,gcl,Grand Coulee,97.2,97.2,0.0,1279.2,960.4,318.8,2364.3
2023-08-23,14,2023-08-23T13:00,gcl,Grand Coulee,99.2,99.2,0.0,1279.2,960.6,318.6,2411.5
2023-08-23,15,2023-08-23T14:00,gcl,Grand Coulee,106.4,106.4,0.0,1279.2,961.2,318.0,2581.6
2023-08-23,16,2023-08-23T15:00,gcl,Grand Coulee,112.5,112.5,0.0,1279.1,961.7,317.4,2724.5
2023-08-23,17,2023-08-23T16:00,gcl,Grand Coulee,120.7,120.7,0.0,1279.1,962.6,316.5,2914.8
2023-08-23,18,2023-08-23T17:00,gcl,Grand Coulee,119.8,119.8,0.0,1279.1,962.7,316.4,2892.1
2023-08-23,19,2023-08-23T18:00,gcl,Grand Coulee,123.5,123.5,0.0,1279.1,963.0,316.1,2978.6
2023-08-23,20,2023-08-23T19:00,gcl,Grand Coulee,123.5,123.5,0.0,1279.0,963.1,315.9,2976.7
2023-08-23,21,2023-08-23T20:00,gcl,Grand Coulee,116.7,116.7,0.0,1279.0,962.8,316.2,2815.5
2023-08-23,22,2023-08-23T21:00,gcl,Grand Coulee,93.7,92.0,1.7,1279.0,961.0,318.0,2232.2
2023-08-23,23,2023-08-23T22:00,gcl,Grand Coulee,80.6,80.5,0.1,1279.0,959.3,319.7,1963.6
2023-08-23,24,2023-08-23T23:00,gcl,Grand Coulee,67.3,67.3,0.0,1279.1,957.9,321.2,1649.4
2023-08-24,1,2023-08-24T00:00,gcl,Grand Coulee,55.5,55.5,0.0,1279.1,957.0,322.1,1364.0
2023-08-24,2,2023-08-24T01:00,gcl,Grand Coulee,56.6,56.6,0.0,1279.1,957.1,322.0,1390.6
2023-08-24,3,2023-08-24T02:00,gcl,Grand Coulee,53.9,53.9,0.0,1279.0,956.8,322.2,1325.1
2023-08-24,4,2023-08-24T03:00,gcl,Grand Coulee,53.0,53.0,0.0,1279.0,956.6,322.4,1303.8
2023-08-24,5,2023-08-24T04:00,gcl,Grand Coulee,56.5,56.5,0.0,1279.1,956.7,322.4,1389.9
2023-08-24,6,2023-08-24T05:00,gcl,Grand Coulee,62.1,62.1,0.0,1279.1,957.1,322.0,1525.7
2023-08-24,7,2023-08-24T06:00,gcl,Grand Coulee,90.4,90.4,0.0,1279.1,959.1,320.0,2207.2
2023-08-24,8,2023-08-24T07:00,gcl,Grand Coulee,91.2,91.2,0.0,1279.1,959.7,319.4,2222.6
2023-08-24,9,2023-08-24T08:00,gcl,Grand Coulee,92.8,92.8,0.0,1279.1,959.8,319.3,2260.8
2023-08-24,10,2023-08-24T09:00,gcl,Grand Coulee,99.3,99.3,0.0,1279.0,960.1,318.9,2416.2
2023-08-24,11,2023-08-24T10:00,gcl,Grand Coulee,101.6,101.6,0.0,1279.0,960.5,318.5,2469.0
2023-08-24,12,2023-08-24T11:00,gcl,Grand Coulee,94.9,94.9,0.0,1279.1,960.1,319.0,2309.8
2023-08-24,13,2023-08-24T12:00,gcl,Grand Coulee,93.1,93.1,0.0,1279.0,959.7,319.3,2268.2
2023-08-24,14,2023-08-24T13:00,gcl,Grand Coulee,101.8,101.8,0.0,1279.0,960.3,318.7,2475.5
2023-08-24,15,2023-08-24T14:00,gcl,Grand Coulee,109.6,109.6,0.0,1279.0,961.2,317.8,2657.6
2023-08-24,16,2023-08-24T15:00,gcl,Grand Coulee,100.8,100.8,0.0,1279.0,960.7,318.3,2448.1
2023-08-24,17,2023-08-24T16:00,gcl,Grand Coulee,105.6,105.6,0.0,1279.0,960.8,318.2,2563.8
2023-08-24,18,2023-08-24T17:00,gcl,Grand Coulee,105.4,105.4,0.0,1279.0,960.9,318.1,2558.2
2023-08-24,19,2023-08-24T18:00,gcl,Grand Coulee,107.4,107.4,0.0,1279.0,961.2,317.8,2604.3
2023-08-24,20,2023-08-24T19:00,gcl,Grand Coulee,108.4,108.4,0.0,1279.0,961.3,317.7,2627.7
2023-08-24,21,2023-08-24T20:00,gcl,Grand Coulee,98.6,98.6,0.0,1278.9,960.7,318.2,2393.9
2023-08-24,22,2023-08-24T21:00,gcl,Grand Coulee,84.7,82.9,1.8,1278.9,959.5,319.4,2020.3
2023-08-24,23,2023-08-24T22:00,gcl,Grand Coulee,67.4,67.3,0.1,1279.0,957.6,321.4,1650.4
2023-08-24,24,2023-08-24T23:00,gcl,Grand Coulee,60.3,60.3,0.0,1279.0,956.5,322.5,1483.8
2023-08-25,1,2023-08-25T00:00,gcl,Grand Coulee,53.1,53.1,0.0,1279.0,956.1,322.9,1308.2
2023-08-25,2,2023-08-25T01:00,gcl,Grand Coulee,47.5,47.5,0.0,1279.1,955.9,323.2,1171.4
2023-08-25,3,2023-08-25T02:00,gcl,Grand Coulee,43.0,43.0,0.0,1279.1,955.5,323.6,1061.7
2023-08-25,4,2023-08-25T03:00,gcl,Grand Coulee,43.0,43.0,0.0,1279.1,955.4,323.7,1062.0
2023-08-25,5,2023-08-25T04:00,gcl,Grand Coulee,44.0,44.0,0.0,1279.1,955.5,323.6,1086.4
2023-08-25,6,2023-08-25T05:00,gcl,Grand Coulee,53.8,53.8,0.0,1279.1,956.1,323.0,1325.9
2023-08-25,7,2023-08-25T06:00,gcl,Grand Coulee,77.9,77.9,0.0,1279.1,957.8,321.3,1909.7
2023-08-25,8,2023-08-25T07:00,gcl,Grand Coulee,91.5,91.5,0.0,1279.1,959.3,319.8,2232.7
2023-08-25,9,2023-08-25T08:00,gcl,Grand Coulee,107.4,107.4,0.0,1279.1,960.5,318.6,2610.8
2023-08-25,10,2023-08-25T09:00,gcl,Grand Coulee,112.4,112.4,0.0,1279.1,961.2,317.9,2726.3
2023-08-25,11,2023-08-25T10:00,gcl,Grand Coulee,100.9,100.9,0.0,1279.1,960.7,318.4,2451.3
2023-08-25,12,2023-08-25T11:00,gcl,Grand Coulee,101.6,101.6,0.0,1279.0,960.6,318.4,2468.3
2023-08-25,13,2023-08-25T12:00,gcl,Grand Coulee,99.0,99.0,0.0,1279.0,960.4,318.6,2406.6
2023-08-25,14,2023-08-25T13:00,gcl,Grand Coulee,109.1,109.1,0.0,1278.9,961.3,317.6,2643.8
2023-08-25,15,2023-08-25T14:00,gcl,Grand Coulee,117.7,117.7,0.0,1278.9,962.2,316.7,2844.1
2023-08-25,16,2023-08-25T15:00,gcl,Grand Coulee,109.9,109.9,0.0,1278.9,961.9,317.0,2658.2
2023-08-25,17,2023-08-25T16:00,gcl,Grand Coulee,121.6,121.6,0.0,1278.9,962.4,316.5,2936.5
2023-08-25,18,2023-08-25T17:00,gcl,Grand Coulee,118.0,118.0,0.0,1278.9,962.4,316.5,2849.6
2023-08-25,19,2023-08-25T18:00,gcl,Grand Coulee,112.9,112.9,0.0,1278.9,962.0,316.9,2729.9
2023-08-25,20,2023-08-25T19:00,gcl,Grand Coulee,106.7,106.7,0.0,1278.9,961.5,317.4,2584.0
2023-08-25,21,2023-08-25T20:00,gcl,Grand Coulee,100.3,100.3,0.0,1278.8,961.0,317.8,2432.1
2023-08-25,22,2023-08-25T21:00,gcl,Grand Coulee,93.3,91.6,1.7,1278.8,960.2,318.6,2226.7
2023-08-25,23,2023-08-25T22:00,gcl,Grand Coulee,77.4,77.2,0.2,1278.9,959.0,319.9,1884.3
2023-08-25,24,2023-08-25T23:00,gcl,Grand Coulee,70.9,70.9,0.0,1278.9,957.9,321.0,1736.5
2023-08-26,1,2023-08-26T00:00,gcl,Grand Coulee,55.1,55.1,0.0,1278.9,956.7,322.2,1354.6
2023-08-26,2,2023-08-26T01:00,gcl,Grand Coulee,45.2,45.2,0.0,1278.9,956.2,322.7,1112.9
2023-08-26,3,2023-08-26T02:00,gcl,Grand Coulee,42.0,42.0,0.0,1278.9,955.8,323.1,1035.4
2023-08-26,4,2023-08-26T03:00,gcl,Grand Coulee,41.1,41.1,0.0,1278.9,955.9,323.0,1012.9
2023-08-26,5,2023-08-26T04:00,gcl,Grand Coulee,40.0,40.0,0.0,1278.9,956.0,322.9,985.5
2023-08-26,6,2023-08-26T05:00,gcl,Grand Coulee,41.8,41.8,0.0,1279.0,955.9,323.1,1030.5
2023-08-26,7,2023-08-26T06:00,gcl,Grand Coulee,66.2,66.2,0.0,1279.0,957.6,321.4,1623.4
2023-08-26,8,2023-08-26T07:00,gcl,Grand Coulee,79.9,79.9,0.0,1279.0,959.0,320.0,1950.8
2023-08-26,9,2023-08-26T08:00,gcl,Grand Coulee,94.3,94.3,0.0,1279.0,959.9,319.1,2296.0
2023-08-26,10,2023-08-26T09:00,gcl,Grand Coulee,98.1,98.1,0.0,1279.0,960.4,318.6,2384.7
2023-08-26,11,2023-08-26T10:00,gcl,Grand Coulee,100.2,100.2,0.0,1279.0,960.8,318.2,2432.7
2023-08-26,12,2023-08-26T11:00,gcl,Grand Coulee,102.2,102.2,0.0,1279.0,960.8,318.2,2481.3
2023-08-26,13,2023-08-26T12:00,gcl,Grand Coulee,113.1,113.1,0.0,1278.9,961.6,317.3,2738.1
2023-08-26,14,2023-08-26T13:00,gcl,Grand Coulee,117.7,117.7,0.0,1278.9,962.1,316.8,2845.0
2023-08-26,15,2023-08-26T14:00,gcl,Grand Coulee,114.9,114.9,0.0,1278.8,962.0,316.8,2777.3
2023-08-26,16,2023-08-26T15:00,gcl,Grand Coulee,117.2,117.2,0.0,1278.8,962.2,316.6,2831.2
2023-08-26,17,2023-08-26T16:00,gcl,Grand Coulee,126.7,126.7,0.0,1278.7,962.9,315.8,3052.9
2023-08-26,18,2023-08-26T17:00,gcl,Grand Coulee,130.0,130.0,0.0,1278.7,963.4,315.3,3127.5
2023-08-26,19,2023-08-26T18:00,gcl,Grand Coulee,123.0,123.0,0.0,1278.6,963.0,315.6,2961.9
2023-08-26,20,2023-08-26T19:00,gcl,Grand Coulee,115.1,115.1,0.0,1278.6,962.2,316.4,2778.7
2023-08-26,21,2023-08-26T20:00,gcl,Grand Coulee,115.3,115.3,0.0,1278.6,962.0,316.6,2785.3
2023-08-26,22,2023-08-26T21:00,gcl,Grand Coulee,95.9,94.1,1.8,1278.6,960.7,317.9,2282.5
2023-08-26,23,2023-08-26T22:00,gcl,Grand Coulee,73.0,72.9,0.1,1278.7,958.5,320.2,1781.0
2023-08-26,24,2023-08-26T23:00,gcl,Grand Coulee,64.4,64.4,0.0,1278.7,956.8,321.9,1581.7
2023-08-27,1,2023-08-27T00:00,gcl,Grand Coulee,54.6,54.6,0.0,1278.6,955.9,322.7,1344.4
2023-08-27,2,2023-08-27T01:00,gcl,Grand Coulee,46.7,46.7,0.0,1278.7,955.4,323.3,1152.0
2023-08-27,3,2023-08-27T02:00,gcl,Grand Coulee,44.3,44.3,0.0,1278.7,955.4,323.3,1092.8
2023-08-27,4,2023-08-27T03:00,gcl,Grand Coulee,45.1,45.1,0.0,1278.7,955.4,323.3,1112.5
2023-08-27,5,2023-08-27T04:00,gcl,Grand Coulee,45.0,45.0,0.0,1278.7,955.4,323.3,1110.1
2023-08-27,6,2023-08-27T05:00,gcl,Grand Coulee,44.6,44.6,0.0,1278.7,955.4,323.3,1100.2
2023-08-27,7,2023-08-27T06:00,gcl,Grand Coulee,57.2,57.2,0.0,1278.7,956.5,322.2,1406.2
2023-08-27,8,2023-08-27T07:00,gcl,Grand Coulee,62.3,62.3,0.0,1278.7,957.1,321.6,1528.7
2023-08-27,9,2023-08-27T08:00,gcl,Grand Coulee,67.7,67.7,0.0,1278.7,957.6,321.1,1658.6
2023-08-27,10,2023-08-27T09:00,gcl,Grand Coulee,72.0,72.0,0.0,1278.8,957.9,320.9,1762.9
2023-08-27,11,2023-08-27T10:00,gcl,Grand Coulee,72.0,72.0,0.0,1278.7,958.1,320.6,1761.2
2023-08-27,12,2023-08-27T11:00,gcl,Grand Coulee,79.9,79.9,0.0,1278.7,958.7,320.0,1950.8
2023-08-27,13,2023-08-27T12:00,gcl,Grand Coulee,90.8,90.8,0.0,1278.7,959.7,319.0,2210.0
2023-08-27,14,2023-08-27T13:00,gcl,Grand Coulee,93.1,93.1,0.0,1278.7,960.2,318.5,2262.5
2023-08-27,15,2023-08-27T14:00,gcl,Grand Coulee,102.4,102.4,0.0,1278.6,960.9,317.7,2482.2
2023-08-27,16,2023-08-27T15:00,gcl,Grand Coulee,107.5,107.5,0.0,1278.6,961.5,317.1,2600.9
2023-08-27,17,2023-08-27T16:00,gcl,Grand Coulee,118.5,118.5,0.0,1278.6,962.4,316.2,2858.9
2023-08-27,18,2023-08-27T17:00,gcl,Grand Coulee,129.3,129.3,0.0,1278.5,963.2,315.3,3110.6
2023-08-27,19,2023-08-27T18:00,gcl,Grand Coulee,151.8,151.8,0.0,1278.4,965.1,313.3,3628.7
2023-08-27,20,2023-08-27T19:00,gcl,Grand Coulee,142.5,142.5,0.0,1278.4,965.1,313.3,3406.4
2023-08-27,21,2023-08-27T20:00,gcl,Grand Coulee,126.2,126.2,0.0,1278.4,964.0,314.4,3027.4
2023-08-27,22,2023-08-27T21:00,gcl,Grand Coulee,98.2,96.4,1.8,1278.4,961.6,316.8,2330.2
2023-08-27,23,2023-08-27T22:00,gcl,Grand Coulee,72.7,72.5,0.2,1278.5,959.2,319.3,1766.3
2023-08-27,24,2023-08-27T23:00,gcl,Grand Coulee,55.4,55.4,0.0,1278.5,957.5,321.0,1356.9
2023-08-28,1,2023-08-28T00:00,gcl,Grand Coulee,49.5,49.5,0.0,1278.5,957.2,321.3,1213.5
2023-08-28,2,2023-08-28T01:00,gcl,Grand Coulee,53.8,53.8,0.0,1278.4,957.4,321.0,1317.7
2023-08-28,3,2023-08-28T02:00,gcl,Grand Coulee,50.3,50.3,0.0,1278.4,957.2,321.2,1232.7
2023-08-28,4,2023-08-28T03:00,gcl,Grand Coulee,48.4,48.4,0.0,1278.4,956.9,321.5,1187.3
2023-08-28,5,2023-08-28T04:00,gcl,Grand Coulee,38.3,38.3,0.0,1278.5,956.1,322.4,942.1
2023-08-28,6,2023-08-28T05:00,gcl,Grand Coulee,55.6,55.6,0.0,1278.5,957.2,321.3,1363.0
2023-08-28,7,2023-08-28T06:00,gcl,Grand Coulee,78.2,78.2,0.0,1278.5,959.0,319.5,1906.3
2023-08-28,8,2023-08-28T07:00,gcl,Grand Coulee,85.6,85.6,0.0,1278.5,959.8,318.7,2081.5
2023-08-28,9,2023-08-28T08:00,gcl,Grand Coulee,87.7,87.7,0.0,1278.4,959.8,318.6,2131.9
2023-08-28,10,2023-08-28T09:00,gcl,Grand Coulee,88.8,88.8,0.0,1278.4,960.0,318.4,2157.3
2023-08-28,11,2023-08-28T10:00,gcl,Grand Coulee,82.0,82.0,0.0,1278.5,959.6,318.9,1995.2
2023-08-28,12,2023-08-28T11:00,gcl,Grand Coulee,91.7,91.7,0.0,1278.5,960.1,318.4,2227.8
2023-08-28,13,2023-08-28T12:00,gcl,Grand Coulee,109.0,109.0,0.0,1278.4,961.5,316.9,2635.6
2023-08-28,14,2023-08-28T13:00,gcl,Grand Coulee,113.5,113.5,0.0,1278.4,962.1,316.3,2739.2
2023-08-28,15,2023-08-28T14:00,gcl,Grand Coulee,120.0,120.0,0.0,1278.3,962.6,315.7,2890.5
2023-08-28,16,2023-08-28T15:00,gcl,Grand Coulee,120.1,120.1,0.0,1278.3,962.7,315.6,2892.0
2023-08-28,17,2023-08-28T16:00,gcl,Grand Coulee,126.5,126.5,0.0,1278.3,963.1,315.2,3042.3
2023-08-28,18,2023-08-28T17:00,gcl,Grand Coulee,134.8,134.8,0.0,1278.3,963.9,314.4,3233.7
2023-08-28,19,2023-08-28T18:00,gcl,Grand Coulee,133.1,133.1,0.0,1278.2,964.1,314.1,3189.9
2023-08-28,20,2023-08-28T19:00,gcl,Grand Coulee,107.1,107.1,0.0,1278.2,962.3,315.9,2581.4
2023-08-28,21,2023-08-28T20:00,gcl,Grand Coulee,96.9,96.9,0.0,1278.2,961.1,317.1,2344.5
2023-08-28,22,2023-08-28T21:00,gcl,Grand Coulee,75.6,73.9,1.7,1278.2,959.4,318.8,1797.6
2023-08-28,23,2023-08-28T22:00,gcl,Grand Coulee,68.1,68.0,0.1,1278.2,958.1,320.1,1660.8
2023-08-28,24,2023-08-28T23:00,gcl,Grand Coulee,54.0,54.0,0.0,1278.3,956.6,321.7,1325.5
2023-08-29,1,2023-08-29T00:00,gcl,Grand Coulee,46.0,46.0,0.0,1278.3,955.7,322.6,1132.3
2023-08-29,2,2023-08-29T01:00,gcl,Grand Coulee,42.2,42.2,0.0,1278.3,955.5,322.8,1039.4
2023-08-29,3,2023-08-29T02:00,gcl,Grand Coulee,40.8,40.8,0.0,1278.3,955.3,323.0,1005.5
2023-08-29,4,2023-08-29T03:00,gcl,Grand Coulee,40.4,40.4,0.0,1278.3,955.1,323.2,996.3
2023-08-29,5,2023-08-29T04:00,gcl,Grand Coulee,47.1,47.1,0.0,1278.3,955.5,322.8,1160.1
2023-08-29,6,2023-08-29T05:00,gcl,Grand Coulee,59.1,59.1,0.0,1278.3,956.4,321.9,1451.6
2023-08-29,7,2023-08-29T06:00,gcl,Grand Coulee,98.8,98.8,0.0,1278.2,959.4,318.8,2403.3
2023-08-29,8,2023-08-29T07:00,gcl,Grand Coulee,102.9,102.9,0.0,1278.2,960.7,317.5,2492.8
2023-08-29,9,2023-08-29T08:00,gcl,Grand Coulee,105.8,105.8,0.0,1278.2,960.9,317.3,2561.4
2023-08-29,10,2023-08-29T09:00,gcl,Grand Coulee,112.9,112.9,0.0,1278.2,961.4,316.8,2729.0
2023-08-29,11,2023-08-29T10:00,gcl,Grand Coulee,113.4,113.4,0.0,1278.2,961.8,316.4,2737.6
2023-08-29,12,2023-08-29T11:00,gcl,Grand Coulee,119.5,119.5,0.0,1278.1,962.2,315.9,2880.3
2023-08-29,13,2023-08-29T12:00,gcl,Grand Coulee,122.7,122.7,0.0,1278.1,962.5,315.6,2954.7
2023-08-29,14,2023-08-29T13:00,gcl,Grand Coulee,124.0,124.0,0.0,1278.0,962.8,315.2,2982.2
2023-08-29,15,2023-08-29T14:00,gcl,Grand Coulee,121.8,121.8,0.0,1277.9,962.7,315.2,2929.3
2023-08-29,16,2023-08-29T15:00,gcl,Grand Coulee,122.0,122.0,0.0,1277.8,962.7,315.1,2933.1
2023-08-29,17,2023-08-29T16:00,gcl,Grand Coulee,118.7,118.7,0.0,1277.8,962.3,315.5,2857.4
2023-08-29,18,2023-08-29T17:00,gcl,Grand Coulee,121.3,121.3,0.0,1277.8,962.5,315.3,2918.2
2023-08-29,19,2023-08-29T18:00,gcl,Grand Coulee,126.3,126.3,0.0,1277.8,962.9,314.9,3034.6
2023-08-29,20,2023-08-29T19:00,gcl,Grand Coulee,109.5,109.5,0.0,1277.8,962.0,315.8,2638.5
2023-08-29,21,2023-08-29T20:00,gcl,Grand Coulee,106.7,106.7,0.0,1277.7,961.3,316.4,2575.9
2023-08-29,22,2023-08-29T21:00,gcl,Grand Coulee,97.4,95.6,1.8,1277.7,960.5,317.2,2313.7
2023-08-29,23,2023-08-29T22:00,gcl,Grand Coulee,76.4,76.3,0.1,1277.8,959.9,317.9,1850.7
2023-08-29,24,2023-08-29T23:00,gcl,Grand Coulee,69.0,69.0,0.0,1277.8,957.5,320.3,1686.3
2023-08-30,1,2023-08-30T00:00,gcl,Grand Coulee,67.5,67.5,0.0,1277.8,957.3,320.5,1650.7
2023-08-30,2,2023-08-30T01:00,gcl,Grand Coulee,62.7,62.7,0.0,1277.9,957.3,320.6,1533.8
2023-08-30,3,2023-08-30T02:00,gcl,Grand Coulee,56.7,56.7,0.0,1277.9,956.8,321.1,1389.1
2023-08-30,4,2023-08-30T03:00,gcl,Grand Coulee,54.9,54.9,0.0,1277.8,956.7,321.1,1345.0
2023-08-30,5,2023-08-30T04:00,gcl,Grand Coulee,59.9,59.9,0.0,1277.7,957.3,320.4,1464.3
2023-08-30,6,2023-08-30T05:00,gcl,Grand Coulee,69.2,69.2,0.0,1277.7,958.0,319.7,1688.0
2023-08-30,7,2023-08-30T06:00,gcl,Grand Coulee,97.5,97.5,0.0,1277.7,959.9,317.8,2364.2
2023-08-30,8,2023-08-30T07:00,gcl,Grand Coulee,109.8,109.8,0.0,1277.6,961.4,316.2,2649.0
2023-08-30,9,2023-08-30T08:00,gcl,Grand Coulee,108.0,108.0,0.0,1277.7,961.5,316.2,2605.6
2023-08-30,10,2023-08-30T09:00,gcl,Grand Coulee,102.5,102.5,0.0,1277.8,961.1,316.7,2476.8
2023-08-30,11,2023-08-30T10:00,gcl,Grand Coulee,101.1,101.1,0.0,1277.7,960.9,316.8,2443.8
2023-08-30,12,2023-08-30T11:00,gcl,Grand Coulee,109.7,109.7,0.0,1277.6,961.4,316.2,2646.6
2023-08-30,13,2023-08-30T12:00,gcl,Grand Coulee,116.4,116.4,0.0,1277.5,962.1,315.4,2801.2
2023-08-30,14,2023-08-30T13:00,gcl,Grand Coulee,113.0,113.0,0.0,1277.5,962.2,315.3,2718.5
2023-08-30,15,2023-08-30T14:00,gcl,Grand Coulee,115.8,115.8,0.0,1277.5,962.1,315.4,2786.7
2023-08-30,16,2023-08-30T15:00,gcl,Grand Coulee,114.7,114.7,0.0,1277.5,962.1,315.4,2760.3
2023-08-30,17,2023-08-30T16:00,gcl,Grand Coulee,109.5,109.5,0.0,1277.6,961.7,315.9,2639.3
2023-08-30,18,2023-08-30T17:00,gcl,Grand Coulee,115.7,115.7,0.0,1277.5,962.0,315.5,2785.2
2023-08-30,19,2023-08-30T18:00,gcl,Grand Coulee,110.1,110.1,0.0,1277.4,961.8,315.6,2651.2
2023-08-30,20,2023-08-30T19:00,gcl,Grand Coulee,95.0,95.0,0.0,1277.4,960.6,316.8,2296.3
2023-08-30,21,2023-08-30T20:00,gcl,Grand Coulee,95.8,95.8,0.0,1277.4,960.2,317.2,2318.6
2023-08-30,22,2023-08-30T21:00,gcl,Grand Coulee,91.6,90.0,1.6,1277.4,959.9,317.5,2180.3
2023-08-30,23,2023-08-30T22:00,gcl,Grand Coulee,79.0,78.9,0.1,1277.5,958.6,318.9,1919.8
2023-08-30,24,2023-08-30T23:00,gcl,Grand Coulee,67.7,67.7,0.0,1277.6,957.2,320.4,1655.0
2023-08-31,1,2023-08-31T00:00,gcl,Grand Coulee,59.4,59.4,0.0,1277.6,956.2,321.4,1456.7
2023-08-31,2,2023-08-31T01:00,gcl,Grand Coulee,56.8,56.8,0.0,1277.5,955.8,321.7,1394.2
2023-08-31,3,2023-08-31T02:00,gcl,Grand Coulee,51.9,51.9,0.0,1277.5,956.0,321.5,1273.1
2023-08-31,4,2023-08-31T03:00,gcl,Grand Coulee,56.6,56.6,0.0,1277.5,956.0,321.5,1388.4
2023-08-31,5,2023-08-31T04:00,gcl,Grand Coulee,56.5,56.5,0.0,1277.5,956.1,321.4,1385.5
2023-08-31,6,2023-08-31T05:00,gcl,Grand Coulee,60.9,60.9,0.0,1277.6,956.9,320.7,1490.2
2023-08-31,7,2023-08-31T06:00,gcl,Grand Coulee,100.1,100.1,0.0,1277.5,960.0,317.5,2424.9
2023-08-31,8,2023-08-31T07:00,gcl,Grand Coulee,110.0,110.0,0.0,1277.5,961.3,316.2,2653.9
2023-08-31,9,2023-08-31T08:00,gcl,Grand Coulee,115.8,115.8,0.0,1277.4,961.9,315.5,2787.6
2023-08-31,10,2023-08-31T09:00,gcl,Grand Coulee,114.3,114.3,0.0,1277.4,962.0,315.4,2750.6
2023-08-31,11,2023-08-31T10:00,gcl,Grand Coulee,117.8,117.8,0.0,1277.3,962.4,314.9,2830.4
2023-08-31,12,2023-08-31T11:00,gcl,Grand Coulee,121.0,121.0,0.0,1277.3,962.8,314.5,2903.6
2023-08-31,13,2023-08-31T12:00,gcl,Grand Coulee,109.5,109.5,0.0,1277.4,962.1,315.3,2634.3
2023-08-31,14,2023-08-31T13:00,gcl,Grand Coulee,107.2,107.2,0.0,1277.4,961.8,315.6,2581.4
2023-08-31,15,2023-08-31T14:00,gcl,Grand Coulee,108.2,108.2,0.0,1277.3,961.8,315.5,2604.7
2023-08-31,16,2023-08-31T15:00,gcl,Grand Coulee,115.9,115.9,0.0,1277.2,962.3,314.9,2784.7
2023-08-31,17,2023-08-31T16:00,gcl,Grand Coulee,125.8,125.8,0.0,1277.1,963.0,314.1,3014.9
2023-08-31,18,2023-08-31T17:00,gcl,Grand Coulee,129.8,129.8,0.0,1277.1,963.4,313.7,3106.8
2023-08-31,19,2023-08-31T18:00,gcl,Grand Coulee,149.2,149.2,0.0,1277.0,964.8,312.2,3554.1
2023-08-31,20,2023-08-31T19:00,gcl,Grand Coulee,138.8,138.8,0.0,1277.1,964.8,312.3,3307.4
2023-08-31,21,2023-08-31T20:00,gcl,Grand Coulee,122.2,122.2,0.0,1277.1,963.3,313.8,2925.8
2023-08-31,22,2023-08-31T21:00,gcl,Grand Coulee,90.2,89.9,0.3,1277.0,960.7,316.3,2169.6
2023-08-31,23,2023-08-31T22:00,gcl,Grand Coulee,90.2,89.9,0.3,1277.0,960.7,316.3,2169.6
2023-08-31,24,2023-08-31T23:00,gcl,Grand Coulee,76.1,76.1,0.0,1277.0,959.2,317.8,1845.3
2023-09-01,1,2023-09-01T00:00,gcl,Grand Coulee,57.8,57.8,0.0,1276.9,958.0,318.9,1406.4
2023-09-01,2,2023-09-01T01:00,gcl,Grand Coulee,47.6,47.6,0.0,1277.0,957.2,319.8,1161.5
2023-09-01,3,2023-09-01T02:00,gcl,Grand Coulee,39.8,39.8,0.0,1277.0,956.4,320.6,973.6
2023-09-01,4,2023-09-01T03:00,gcl,Grand Coulee,38.1,38.1,0.0,1277.0,956.4,320.6,932.0
2023-09-01,5,2023-09-01T04:00,gcl,Grand Coulee,38.1,38.1,0.0,1277.1,956.5,320.6,932.0
2023-09-01,6,2023-09-01T05:00,gcl,Grand Coulee,43.5,43.5,0.0,1277.1,956.7,320.4,1063.4
2023-09-01,7,2023-09-01T06:00,gcl,Grand Coulee,63.9,63.9,0.0,1277.0,958.0,319.0,1555.3
2023-09-01,8,2023-09-01T07:00,gcl,Grand Coulee,71.9,71.9,0.0,1277.0,958.8,318.2,1745.6
2023-09-01,9,2023-09-01T08:00,gcl,Grand Coulee,69.2,69.2,0.0,1277.1,958.6,318.5,1681.7
2023-09-01,10,2023-09-01T09:00,gcl,Grand Coulee,53.9,53.9,0.0,1277.1,957.3,319.8,1315.2
2023-09-01,11,2023-09-01T10:00,gcl,Grand Coulee,61.7,61.7,0.0,1277.1,957.7,319.4,1503.6
2023-09-01,12,2023-09-01T11:00,gcl,Grand Coulee,62.1,62.1,0.0,1277.1,958.0,319.1,1512.0
2023-09-01,13,2023-09-01T12:00,gcl,Grand Coulee,64.4,64.4,0.0,1277.1,958.2,318.9,1567.0
2023-09-01,14,2023-09-01T13:00,gcl,Grand Coulee,56.5,56.5,0.0,1277.1,957.5,319.6,1377.8
2023-09-01,15,2023-09-01T14:00,gcl,Grand Coulee,65.2,65.2,0.0,1277.0,957.9,319.1,1587.4
2023-09-01,16,2023-09-01T15:00,gcl,Grand Coulee,66.2,66.2,0.0,1277.1,958.3,318.8,1610.3
2023-09-01,17,2023-09-01T16:00,gcl,Grand Coulee,68.6,68.6,0.0,1277.2,958.4,318.8,1668.7
2023-09-01,18,2023-09-01T17:00,gcl,Grand Coulee,76.9,76.9,0.0,1277.1,958.7,318.4,1868.2
2023-09-01,19,2023-09-01T18:00,gcl,Grand Coulee,79.7,79.7,0.0,1277.1,959.2,317.9,1933.2
2023-09-01,20,2023-09-01T19:00,gcl,Grand Coulee,67.1,67.1,0.0,1277.1,958.3,318.8,1632.2
2023-09-01,21,2023-09-01T20:00,gcl,Grand Coulee,60.4,58.8,1.6,1277.1,957.5,319.6,1433.9
2023-09-01,22,2023-09-01T21:00,gcl,Grand Coulee,50.6,50.4,0.2,1277.1,956.8,320.3,1231.7
2023-09-01,23,2023-09-01T22:00,gcl,Grand Coulee,45.8,45.8,0.0,1277.2,956.4,320.8,1121.0
2023-09-01,24,2023-09-01T23:00,gcl,Grand Coulee,41.9,41.9,0.0,1277.2,956.1,321.1,1026.5
2023-09-02,1,2023-09-02T00:00,gcl,Grand Coulee,45.3,45.3,0.0,1277.2,956.4,320.8,1108.8
2023-09-02,2,2023-09-02T01:00,gcl,Grand Coulee,38.5,38.5,0.0,1277.2,956.0,321.2,943.5
2023-09-02,3,2023-09-02T02:00,gcl,Grand Coulee,39.1,39.1,0.0,1277.2,956.0,321.2,958.2
2023-09-02,4,2023-09-02T03:00,gcl,Grand Coulee,37.0,37.0,0.0,1277.3,956.0,321.3,907.1
2023-09-02,5,2023-09-02T04:00,gcl,Grand Coulee,36.3,36.3,0.0,1277.3,956.1,321.2,889.6
2023-09-02,6,2023-09-02T05:00,gcl,Grand Coulee,37.4,37.4,0.0,1277.3,956.1,321.2,916.6
2023-09-02,7,2023-09-02T06:00,gcl,Grand Coulee,40.9,40.9,0.0,1277.3,956.4,320.9,1001.4
2023-09-02,8,2023-09-02T07:00,gcl,Grand Coulee,45.9,45.9,0.0,1277.3,956.8,320.5,1122.4
2023-09-02,9,2023-09-02T08:00,gcl,Grand Coulee,58.9,58.9,0.0,1277.3,957.7,319.6,1436.3
2023-09-02,10,2023-09-02T09:00,gcl,Grand Coulee,63.5,63.5,0.0,1277.3,958.1,319.2,1546.5
2023-09-02,11,2023-09-02T10:00,gcl,Grand Coulee,61.4,61.4,0.0,1277.3,958.0,319.3,1495.9
2023-09-02,12,2023-09-02T11:00,gcl,Grand Coulee,64.3,64.3,0.0,1277.3,958.1,319.2,1566.0
2023-09-02,13,2023-09-02T12:00,gcl,Grand Coulee,73.3,73.3,0.0,1277.3,958.8,318.5,1781.3
2023-09-02,14,2023-09-02T13:00,gcl,Grand Coulee,71.8,71.8,0.0,1277.3,958.8,318.5,1744.9
2023-09-02,15,2023-09-02T14:00,gcl,Grand Coulee,80.7,80.7,0.0,1277.3,959.3,318.0,1958.1
2023-09-02,16,2023-09-02T15:00,gcl,Grand Coulee,83.5,83.5,0.0,1277.3,959.7,317.6,2023.4
2023-09-02,17,2023-09-02T16:00,gcl,Grand Coulee,92.0,92.0,0.0,1277.3,960.4,316.9,2224.5
2023-09-02,18,2023-09-02T17:00,gcl,Grand Coulee,93.2,93.2,0.0,1277.3,960.6,316.7,2252.1
2023-09-02,19,2023-09-02T18:00,gcl,Grand Coulee,95.0,95.0,0.0,1277.2,960.7,316.5,2294.2
2023-09-02,20,2023-09-02T19:00,gcl,Grand Coulee,81.1,81.1,0.0,1277.3,960.0,317.3,1963.4
2023-09-02,21,2023-09-02T20:00,gcl,Grand Coulee,79.5,78.1,1.4,1277.3,959.5,317.8,1893.8
2023-09-02,22,2023-09-02T21:00,gcl,Grand Coulee,70.4,70.3,0.1,1277.2,958.9,318.3,1707.3
2023-09-02,23,2023-09-02T22:00,gcl,Grand Coulee,60.7,60.7,0.0,1277.3,957.8,319.5,1479.7
2023-09-02,24,2023-09-02T23:00,gcl,Grand Coulee,52.8,52.8,0.0,1277.3,957.1,320.2,1290.0
2023-09-03,1,2023-09-03T00:00,gcl,Grand Coulee,57.6,57.6,0.0,1277.2,957.4,319.8,1405.5
2023-09-03,2,2023-09-03T01:00,gcl,Grand Coulee,54.3,54.3,0.0,1277.2,957.3,319.9,1325.4
2023-09-03,3,2023-09-03T02:00,gcl,Grand Coulee,54.0,54.0,0.0,1277.2,957.0,320.2,1319.3
2023-09-03,4,2023-09-03T03:00,gcl,Grand Coulee,48.9,48.9,0.0,1277.2,956.7,320.5,1195.8
2023-09-03,5,2023-09-03T04:00,gcl,Grand Coulee,46.7,46.7,0.0,1277.2,956.6,320.6,1142.4
2023-09-03,6,2023-09-03T05:00,gcl,Grand Coulee,45.6,45.6,0.0,1277.3,956.4,320.9,1116.5
2023-09-03,7,2023-09-03T06:00,gcl,Grand Coulee,53.5,53.5,0.0,1277.3,957.0,320.3,1307.5
2023-09-03,8,2023-09-03T07:00,gcl,Grand Coulee,56.6,56.6,0.0,1277.2,957.3,319.9,1381.5
2023-09-03,9,2023-09-03T08:00,gcl,Grand Coulee,63.2,63.2,0.0,1277.2,957.7,319.5,1540.7
2023-09-03,10,2023-09-03T09:00,gcl,Grand Coulee,63.8,63.8,0.0,1277.2,957.6,319.6,1555.8
2023-09-03,11,2023-09-03T10:00,gcl,Grand Coulee,63.0,63.0,0.0,1277.2,957.7,319.5,1535.8
2023-09-03,12,2023-09-03T11:00,gcl,Grand Coulee,65.5,65.5,0.0,1277.2,957.6,319.6,1597.2
2023-09-03,13,2023-09-03T12:00,gcl,Grand Coulee,61.2,61.2,0.0,1277.2,957.4,319.8,1493.3
2023-09-03,14,2023-09-03T13:00,gcl,Grand Coulee,59.9,59.9,0.0,1277.2,957.2,320.0,1462.5
2023-09-03,15,2023-09-03T14:00,gcl,Grand Coulee,58.8,58.8,0.0,1277.1,957.1,320.0,1435.7
2023-09-03,16,2023-09-03T15:00,gcl,Grand Coulee,64.1,64.1,0.0,1277.1,957.4,319.7,1563.6
2023-09-03,17,2023-09-03T16:00,gcl,Grand Coulee,63.9,63.9,0.0,1277.1,957.6,319.5,1557.7
2023-09-03,18,2023-09-03T17:00,gcl,Grand Coulee,69.0,69.0,0.0,1277.1,957.8,319.3,1681.0
2023-09-03,19,2023-09-03T18:00,gcl,Grand Coulee,67.5,67.5,0.0,1277.1,957.8,319.3,1644.5
2023-09-03,20,2023-09-03T19:00,gcl,Grand Coulee,64.1,64.1,0.0,1277.2,957.3,319.9,1564.6
2023-09-03,21,2023-09-03T20:00,gcl,Grand Coulee,61.4,59.9,1.5,1277.3,957.2,320.1,1463.0
2023-09-03,22,2023-09-03T21:00,gcl,Grand Coulee,56.4,56.3,0.1,1277.3,956.8,320.5,1376.8
2023-09-03,23,2023-09-03T22:00,gcl,Grand Coulee,53.1,53.1,0.0,1277.2,956.4,320.8,1299.7
2023-09-03,24,2023-09-03T23:00,gcl,Grand Coulee,57.2,57.2,0.0,1277.1,956.5,320.6,1399.2
2023-09-04,1,2023-09-04T00:00,gcl,Grand Coulee,54.7,54.7,0.0,1277.1,956.5,320.6,1338.1
2023-09-04,2,2023-09-04T01:00,gcl,Grand Coulee,55.5,55.5,0.0,1277.2,956.6,320.6,1357.6
2023-09-04,3,2023-09-04T02:00,gcl,Grand Coulee,53.5,53.5,0.0,1277.2,956.3,320.9,1309.9
2023-09-04,4,2023-09-04T03:00,gcl,Grand Coulee,52.1,52.1,0.0,1277.2,956.2,321.0,1276.0
2023-09-04,5,2023-09-04T04:00,gcl,Grand Coulee,43.8,43.8,0.0,1277.2,955.6,321.6,1074.8
2023-09-04,6,2023-09-04T05:00,gcl,Grand Coulee,55.3,55.3,0.0,1277.2,956.2,321.0,1354.4
2023-09-04,7,2023-09-04T06:00,gcl,Grand Coulee,50.5,50.5,0.0,1277.1,956.2,320.9,1236.5
2023-09-04,8,2023-09-04T07:00,gcl,Grand Coulee,51.4,51.4,0.0,1277.1,956.1,321.0,1258.9
2023-09-04,9,2023-09-04T08:00,gcl,Grand Coulee,48.7,48.7,0.0,1277.2,955.8,321.4,1194.3
2023-09-04,10,2023-09-04T09:00,gcl,Grand Coulee,55.4,55.4,0.0,1277.2,956.4,320.8,1356.0
2023-09-04,11,2023-09-04T10:00,gcl,Grand Coulee,57.8,57.8,0.0,1277.2,956.7,320.5,1413.4
2023-09-04,12,2023-09-04T11:00,gcl,Grand Coulee,52.1,52.1,0.0,1277.2,956.2,321.0,1276.0
2023-09-04,13,2023-09-04T12:00,gcl,Grand Coulee,54.2,54.2,0.0,1277.2,956.3,320.9,1327.1
2023-09-04,14,2023-09-04T13:00,gcl,Grand Coulee,54.8,54.8,0.0,1277.1,956.5,320.6,1340.5
2023-09-04,15,2023-09-04T14:00,gcl,Grand Coulee,53.3,53.3,0.0,1277.1,956.3,320.8,1304.6
2023-09-04,16,2023-09-04T15:00,gcl,Grand Coulee,59.7,59.7,0.0,1277.2,956.7,320.5,1459.9
2023-09-04,17,2023-09-04T16:00,gcl,Grand Coulee,54.4,54.4,0.0,1277.2,956.4,320.8,1331.6
2023-09-04,18,2023-09-04T17:00,gcl,Grand Coulee,64.4,64.4,0.0,1277.2,957.1,320.1,1572.9
2023-09-04,19,2023-09-04T18:00,gcl,Grand Coulee,66.4,66.4,0.0,1277.2,957.5,319.7,1619.7
2023-09-04,20,2023-09-04T19:00,gcl,Grand Coulee,66.0,66.0,0.0,1277.2,957.4,319.8,1610.4
2023-09-04,21,2023-09-04T20:00,gcl,Grand Coulee,63.6,62.1,1.5,1277.2,957.1,320.1,1516.7
2023-09-04,22,2023-09-04T21:00,gcl,Grand Coulee,56.2,56.1,0.1,1277.2,956.6,320.6,1372.3
2023-09-04,23,2023-09-04T22:00,gcl,Grand Coulee,56.0,56.0,0.0,1277.2,956.4,320.8,1370.7
2023-09-04,24,2023-09-04T23:00,gcl,Grand Coulee,53.4,53.4,0.0,1277.2,956.3,320.9,1307.5
2023-09-05,1,2023-09-05T00:00,gcl,Grand Coulee,51.0,51.0,0.0,1277.2,956.0,321.2,1249.9
2023-09-05,2,2023-09-05T01:00,gcl,Grand Coulee,48.5,48.5,0.0,1277.2,955.6,321.6,1190.1
2023-09-05,3,2023-09-05T02:00,gcl,Grand Coulee,47.9,47.9,0.0,1277.2,955.8,321.4,1174.6
2023-09-05,4,2023-09-05T03:00,gcl,Grand Coulee,49.0,49.0,0.0,1277.2,955.8,321.4,1201.6
2023-09-05,5,2023-09-05T04:00,gcl,Grand Coulee,53.8,53.8,0.0,1277.2,956.1,321.1,1318.1
2023-09-05,6,2023-09-05T05:00,gcl,Grand Coulee,64.1,64.1,0.0,1277.2,956.7,320.5,1567.5
2023-09-05,7,2023-09-05T06:00,gcl,Grand Coulee,64.5,64.5,0.0,1277.2,957.3,319.9,1574.3
2023-09-05,8,2023-09-05T07:00,gcl,Grand Coulee,63.1,63.1,0.0,1277.2,957.1,320.1,1541.1
2023-09-05,9,2023-09-05T08:00,gcl,Grand Coulee,63.2,63.2,0.0,1277.2,957.1,320.1,1543.6
2023-09-05,10,2023-09-05T09:00,gcl,Grand Coulee,62.3,62.3,0.0,1277.2,957.1,320.1,1521.6
2023-09-05,11,2023-09-05T10:00,gcl,Grand Coulee,59.4,59.4,0.0,1277.1,956.7,320.4,1452.1
2023-09-05,12,2023-09-05T11:00,gcl,Grand Coulee,55.1,55.1,0.0,1277.1,956.5,320.6,1347.8
2023-09-05,13,2023-09-05T12:00,gcl,Grand Coulee,66.8,66.8,0.0,1277.0,957.4,319.6,1629.0
2023-09-05,14,2023-09-05T13:00,gcl,Grand Coulee,59.0,59.0,0.0,1277.0,957.2,319.8,1439.6
2023-09-05,15,2023-09-05T14:00,gcl,Grand Coulee,65.5,65.5,0.0,1277.0,957.4,319.6,1597.2
2023-09-05,16,2023-09-05T15:00,gcl,Grand Coulee,77.8,77.8,0.0,1277.0,958.3,318.7,1891.8
2023-09-05,17,2023-09-05T16:00,gcl,Grand Coulee,82.6,82.6,0.0,1277.0,958.7,318.3,2006.0
2023-09-05,18,2023-09-05T17:00,gcl,Grand Coulee,67.6,67.6,0.0,1277.0,958.0,319.0,1645.4
2023-09-05,19,2023-09-05T18:00,gcl,Grand Coulee,83.1,83.1,0.0,1277.0,958.9,318.1,2016.9
2023-09-05,20,2023-09-05T19:00,gcl,Grand Coulee,71.5,71.5,0.0,1277.0,958.7,318.3,1736.5
2023-09-05,21,2023-09-05T20:00,gcl,Grand Coulee,61.3,59.9,1.4,1277.0,957.5,319.5,1460.2
2023-09-05,22,2023-09-05T21:00,gcl,Grand Coulee,52.0,51.9,0.1,1277.0,956.6,320.4,1268.8
2023-09-05,23,2023-09-05T22:00,gcl,Grand Coulee,60.5,60.5,0.0,1277.0,957.4,319.6,1475.3
2023-09-05,24,2023-09-05T23:00,gcl,Grand Coulee,67.9,67.9,0.0,1277.0,958.4,318.6,1650.6
2023-09-06,1,2023-09-06T00:00,gcl,Grand Coulee,58.8,58.8,0.0,1277.0,957.7,319.3,1432.5
2023-09-06,2,2023-09-06T01:00,gcl,Grand Coulee,51.2,51.2,0.0,1277.0,957.0,320.0,1250.1
2023-09-06,3,2023-09-06T02:00,gcl,Grand Coulee,48.1,48.1,0.0,1277.0,957.2,319.8,1173.7
2023-09-06,4,2023-09-06T03:00,gcl,Grand Coulee,43.4,43.4,0.0,1277.1,957.1,320.0,1059.7
2023-09-06,5,2023-09-06T04:00,gcl,Grand Coulee,51.1,51.1,0.0,1277.1,957.4,319.7,1246.5
2023-09-06,6,2023-09-06T05:00,gcl,Grand Coulee,51.9,51.9,0.0,1277.0,957.5,319.5,1265.2
2023-09-06,7,2023-09-06T06:00,gcl,Grand Coulee,61.4,61.4,0.0,1277.0,958.1,318.9,1494.0
2023-09-06,8,2023-09-06T07:00,gcl,Grand Coulee,60.6,60.6,0.0,1277.0,958.1,318.9,1474.5
2023-09-06,9,2023-09-06T08:00,gcl,Grand Coulee,56.0,56.0,0.0,1277.1,957.4,319.7,1366.0
2023-09-06,10,2023-09-06T09:00,gcl,Grand Coulee,42.0,42.0,0.0,1277.1,956.3,320.8,1028.0
2023-09-06,11,2023-09-06T10:00,gcl,Grand Coulee,40.4,40.4,0.0,1277.1,956.7,320.4,987.6
2023-09-06,12,2023-09-06T11:00,gcl,Grand Coulee,41.0,41.0,0.0,1277.1,956.5,320.6,1002.9
2023-09-06,13,2023-09-06T12:00,gcl,Grand Coulee,39.1,39.1,0.0,1277.1,956.0,321.1,957.9
2023-09-06,14,2023-09-06T13:00,gcl,Grand Coulee,38.4,38.4,0.0,1277.1,956.0,321.1,940.8
2023-09-06,15,2023-09-06T14:00,gcl,Grand Coulee,40.1,40.1,0.0,1277.2,956.1,321.1,982.4
2023-09-06,16,2023-09-06T15:00,gcl,Grand Coulee,53.3,53.3,0.0,1277.2,956.6,320.6,1303.8
2023-09-06,17,2023-09-06T16:00,gcl,Grand Coulee,64.3,64.3,0.0,1277.2,957.9,319.3,1566.5
2023-09-06,18,2023-09-06T17:00,gcl,Grand Coulee,68.1,68.1,0.0,1277.3,957.9,319.4,1659.6
2023-09-06,19,2023-09-06T18:00,gcl,Grand Coulee,73.1,73.1,0.0,1277.3,958.0,319.3,1780.9
2023-09-06,20,2023-09-06T19:00,gcl,Grand Coulee,77.4,77.4,0.0,1277.3,958.6,318.7,1882.1
2023-09-06,21,2023-09-06T20:00,gcl,Grand Coulee,70.4,69.0,1.4,1277.3,958.5,318.8,1678.4
2023-09-06,22,2023-09-06T21:00,gcl,Grand Coulee,60.1,60.0,0.1,1277.4,957.5,319.9,1464.5
2023-09-06,23,2023-09-06T22:00,gcl,Grand Coulee,62.7,62.7,0.0,1277.3,957.9,319.4,1528.0
2023-09-06,24,2023-09-06T23:00,gcl,Grand Coulee,49.5,49.5,0.0,1277.3,957.2,320.1,1209.0
2023-09-07,1,2023-09-07T00:00,gcl,Grand Coulee,43.1,43.1,0.0,1277.4,956.4,321.0,1055.6
2023-09-07,2,2023-09-07T01:00,gcl,Grand Coulee,40.5,40.5,0.0,1277.4,956.0,321.4,993.2
2023-09-07,3,2023-09-07T02:00,gcl,Grand Coulee,38.8,38.8,0.0,1277.4,956.3,321.1,950.6
2023-09-07,4,2023-09-07T03:00,gcl,Grand Coulee,40.6,40.6,0.0,1277.4,956.1,321.3,995.3
2023-09-07,5,2023-09-07T04:00,gcl,Grand Coulee,41.6,41.6,0.0,1277.4,956.0,321.4,1020.1
2023-09-07,6,2023-09-07T05:00,gcl,Grand Coulee,43.6,43.6,0.0,1277.4,956.4,321.0,1067.9
2023-09-07,7,2023-09-07T06:00,gcl,Grand Coulee,44.3,44.3,0.0,1277.4,956.4,321.0,1085.0
2023-09-07,8,2023-09-07T07:00,gcl,Grand Coulee,48.9,48.9,0.0,1277.5,956.6,320.9,1197.3
2023-09-07,9,2023-09-07T08:00,gcl,Grand Coulee,46.9,46.9,0.0,1277.5,956.1,321.4,1150.1
2023-09-07,10,2023-09-07T09:00,gcl,Grand Coulee,52.3,52.3,0.0,1277.5,956.2,321.3,1282.1
2023-09-07,11,2023-09-07T10:00,gcl,Grand Coulee,52.4,52.4,0.0,1277.5,956.3,321.2,1284.2
2023-09-07,12,2023-09-07T11:00,gcl,Grand Coulee,52.6,52.6,0.0,1277.5,956.3,321.2,1289.1
2023-09-07,13,2023-09-07T12:00,gcl,Grand Coulee,57.4,57.4,0.0,1277.5,956.5,321.0,1405.9
2023-09-07,14,2023-09-07T13:00,gcl,Grand Coulee,57.0,57.0,0.0,1277.5,956.5,321.0,1396.1
2023-09-07,15,2023-09-07T14:00,gcl,Grand Coulee,58.4,58.4,0.0,1277.5,956.7,320.8,1429.5
2023-09-07,16,2023-09-07T15:00,gcl,Grand Coulee,62.7,62.7,0.0,1277.5,957.0,320.5,1533.3
2023-09-07,17,2023-09-07T16:00,gcl,Grand Coulee,67.4,67.4,0.0,1277.5,957.4,320.1,1646.2
2023-09-07,18,2023-09-07T17:00,gcl,Grand Coulee,83.1,83.1,0.0,1277.5,958.5,319.0,2022.6
2023-09-07,19,2023-09-07T18:00,gcl,Grand Coulee,91.8,91.8,0.0,1277.5,958.9,318.6,2231.6
2023-09-07,20,2023-09-07T19:00,gcl,Grand Coulee,84.5,84.5,0.0,1277.5,958.3,319.2,2058.0
2023-09-07,21,2023-09-07T20:00,gcl,Grand Coulee,75.9,74.5,1.4,1277.6,957.5,320.1,1819.6
2023-09-07,22,2023-09-07T21:00,gcl,Grand Coulee,75.9,75.9,0.0,1277.6,957.5,320.1,1853.8
2023-09-07,23,2023-09-07T22:00,gcl,Grand Coulee,59.2,59.2,0.0,1277.6,956.0,321.6,1452.7
2023-09-07,24,2023-09-07T23:00,gcl,Grand Coulee,59.9,59.9,0.0,1277.6,956.0,321.6,1469.8
2023-09-08,1,2023-09-08T00:00,gcl,Grand Coulee,55.3,55.3,0.0,1277.6,955.9,321.7,1357.4
2023-09-08,2,2023-09-08T01:00,gcl,Grand Coulee,54.0,54.0,0.0,1277.6,955.7,321.9,1326.3
2023-09-08,3,2023-09-08T02:00,gcl,Grand Coulee,51.7,51.7,0.0,1277.6,955.7,321.9,1269.8
2023-09-08,4,2023-09-08T03:00,gcl,Grand Coulee,51.2,51.2,0.0,1277.6,955.8,321.8,1257.1
2023-09-08,5,2023-09-08T04:00,gcl,Grand Coulee,50.4,50.4,0.0,1277.7,955.8,321.9,1237.9
2023-09-08,6,2023-09-08T05:00,gcl,Grand Coulee,52.6,52.6,0.0,1277.6,956.2,321.4,1289.9
2023-09-08,7,2023-09-08T06:00,gcl,Grand Coulee,40.2,40.2,0.0,1277.7,955.8,321.9,987.4
2023-09-08,8,2023-09-08T07:00,gcl,Grand Coulee,40.2,40.2,0.0,1277.7,955.8,321.9,987.4
2023-09-08,9,2023-09-08T08:00,gcl,Grand Coulee,36.4,36.4,0.0,1277.7,955.8,321.9,894.0
2023-09-08,10,2023-09-08T09:00,gcl,Grand Coulee,32.0,32.0,0.0,1277.7,955.6,322.1,786.4
2023-09-08,11,2023-09-08T10:00,gcl,Grand Coulee,33.3,33.3,0.0,1277.8,955.5,322.3,818.9
2023-09-08,12,2023-09-08T11:00,gcl,Grand Coulee,36.1,36.1,0.0,1277.8,955.8,322.0,886.9
2023-09-08,13,2023-09-08T12:00,gcl,Grand Coulee,35.5,35.5,0.0,1277.8,955.7,322.1,872.5
2023-09-08,14,2023-09-08T13:00,gcl,Grand Coulee,34.8,34.8,0.0,1277.8,955.5,322.3,855.8
2023-09-08,15,2023-09-08T14:00,gcl,Grand Coulee,45.0,45.0,0.0,1277.9,956.1,321.8,1104.9
2023-09-08,16,2023-09-08T15:00,gcl,Grand Coulee,46.6,46.6,0.0,1277.9,956.3,321.6,1143.5
2023-09-08,17,2023-09-08T16:00,gcl,Grand Coulee,62.9,62.9,0.0,1277.9,957.4,320.5,1538.2
2023-09-08,18,2023-09-08T17:00,gcl,Grand Coulee,68.7,68.7,0.0,1277.9,957.8,320.1,1677.9
2023-09-08,19,2023-09-08T18:00,gcl,Grand Coulee,75.6,75.6,0.0,1277.9,958.3,319.6,1843.5
2023-09-08,20,2023-09-08T19:00,gcl,Grand Coulee,65.1,65.1,0.0,1278.0,957.7,320.3,1591.0
2023-09-08,21,2023-09-08T20:00,gcl,Grand Coulee,57.4,56.0,1.4,1278.0,956.6,321.4,1373.3
2023-09-08,22,2023-09-08T21:00,gcl,Grand Coulee,47.3,47.2,0.1,1278.1,955.4,322.7,1162.2
2023-09-08,23,2023-09-08T22:00,gcl,Grand Coulee,49.8,49.8,0.0,1278.1,955.5,322.6,1225.8
2023-09-08,24,2023-09-08T23:00,gcl,Grand Coulee,40.1,40.1,0.0,1278.1,954.8,323.3,989.2
2023-09-09,1,2023-09-09T00:00,gcl,Grand Coulee,42.0,42.0,0.0,1278.1,954.7,323.4,1036.4
2023-09-09,2,2023-09-09T01:00,gcl,Grand Coulee,35.9,35.9,0.0,1278.1,954.3,323.8,886.9
2023-09-09,3,2023-09-09T02:00,gcl,Grand Coulee,41.2,41.2,0.0,1278.1,954.4,323.7,1017.6
2023-09-09,4,2023-09-09T03:00,gcl,Grand Coulee,42.0,42.0,0.0,1278.1,954.5,323.6,1037.0
2023-09-09,5,2023-09-09T04:00,gcl,Grand Coulee,45.1,45.1,0.0,1278.1,954.7,323.4,1112.9
2023-09-09,6,2023-09-09T05:00,gcl,Grand Coulee,46.7,46.7,0.0,1278.1,954.8,323.3,1152.0
2023-09-09,7,2023-09-09T06:00,gcl,Grand Coulee,32.5,32.5,0.0,1278.1,953.9,324.2,803.9
2023-09-09,8,2023-09-09T07:00,gcl,Grand Coulee,39.9,39.9,0.0,1278.1,954.2,323.9,986.1
2023-09-09,9,2023-09-09T08:00,gcl,Grand Coulee,38.2,38.2,0.0,1278.1,954.6,323.5,942.9
2023-09-09,10,2023-09-09T09:00,gcl,Grand Coulee,51.4,51.4,0.0,1278.1,955.4,322.7,1265.6
2023-09-09,11,2023-09-09T10:00,gcl,Grand Coulee,44.9,44.9,0.0,1278.1,954.9,323.2,1107.2
2023-09-09,12,2023-09-09T11:00,gcl,Grand Coulee,36.6,36.6,0.0,1278.2,954.5,323.7,904.0
2023-09-09,13,2023-09-09T12:00,gcl,Grand Coulee,39.1,39.1,0.0,1278.2,954.6,323.6,965.4
2023-09-09,14,2023-09-09T13:00,gcl,Grand Coulee,39.1,39.1,0.0,1278.2,954.8,323.4,964.8
2023-09-09,15,2023-09-09T14:00,gcl,Grand Coulee,37.9,37.9,0.0,1278.2,954.7,323.5,935.5
2023-09-09,16,2023-09-09T15:00,gcl,Grand Coulee,45.4,45.4,0.0,1278.2,955.0,323.2,1119.6
2023-09-09,17,2023-09-09T16:00,gcl,Grand Coulee,60.1,60.1,0.0,1278.2,956.3,321.9,1476.1
2023-09-09,18,2023-09-09T17:00,gcl,Grand Coulee,89.9,89.9,0.0,1278.1,958.8,319.3,2190.2
2023-09-09,19,2023-09-09T18:00,gcl,Grand Coulee,93.1,93.1,0.0,1278.1,959.6,318.5,2262.5
2023-09-09,20,2023-09-09T19:00,gcl,Grand Coulee,83.5,83.5,0.0,1278.2,959.0,319.2,2033.6
2023-09-09,21,2023-09-09T20:00,gcl,Grand Coulee,73.2,71.8,1.4,1278.2,957.7,320.5,1755.8
2023-09-09,22,2023-09-09T21:00,gcl,Grand Coulee,62.4,62.2,0.2,1278.2,956.7,321.5,1525.8
2023-09-09,23,2023-09-09T22:00,gcl,Grand Coulee,58.7,58.7,0.0,1278.2,956.4,321.8,1441.3
2023-09-09,24,2023-09-09T23:00,gcl,Grand Coulee,52.2,52.2,0.0,1278.2,956.1,322.1,1282.9
2023-09-10,1,2023-09-10T00:00,gcl,Grand Coulee,52.9,52.9,0.0,1278.1,956.0,322.1,1300.1
2023-09-10,2,2023-09-10T01:00,gcl,Grand Coulee,48.8,48.8,0.0,1278.1,955.8,322.3,1200.1
2023-09-10,3,2023-09-10T02:00,gcl,Grand Coulee,48.3,48.3,0.0,1278.1,955.8,322.3,1187.8
2023-09-10,4,2023-09-10T03:00,gcl,Grand Coulee,48.2,48.2,0.0,1278.1,955.8,322.3,1185.3
2023-09-10,5,2023-09-10T04:00,gcl,Grand Coulee,47.6,47.6,0.0,1278.1,955.7,322.4,1170.9
2023-09-10,6,2023-09-10T05:00,gcl,Grand Coulee,47.1,47.1,0.0,1278.1,955.7,322.4,1158.6
2023-09-10,7,2023-09-10T06:00,gcl,Grand Coulee,49.4,49.4,0.0,1278.1,955.9,322.2,1214.4
2023-09-10,8,2023-09-10T07:00,gcl,Grand Coulee,45.2,45.2,0.0,1278.1,955.7,322.4,1111.9
2023-09-10,9,2023-09-10T08:00,gcl,Grand Coulee,50.9,50.9,0.0,1278.1,956.0,322.1,1250.9
2023-09-10,10,2023-09-10T09:00,gcl,Grand Coulee,45.6,45.6,0.0,1278.1,955.8,322.3,1121.4
2023-09-10,11,2023-09-10T10:00,gcl,Grand Coulee,46.4,46.4,0.0,1278.1,955.7,322.4,1141.4
2023-09-10,12,2023-09-10T11:00,gcl,Grand Coulee,47.2,47.2,0.0,1278.1,955.8,322.3,1160.7
2023-09-10,13,2023-09-10T12:00,gcl,Grand Coulee,51.0,51.0,0.0,1278.1,956.1,322.0,1253.0
2023-09-10,14,2023-09-10T13:00,gcl,Grand Coulee,53.6,53.6,0.0,1278.1,956.3,321.8,1316.1
2023-09-10,15,2023-09-10T14:00,gcl,Grand Coulee,49.5,49.5,0.0,1278.0,956.0,322.0,1216.1
2023-09-10,16,2023-09-10T15:00,gcl,Grand Coulee,55.4,55.4,0.0,1278.0,956.4,321.6,1359.4
2023-09-10,17,2023-09-10T16:00,gcl,Grand Coulee,56.9,56.9,0.0,1278.0,956.6,321.4,1395.3
2023-09-10,18,2023-09-10T17:00,gcl,Grand Coulee,61.0,61.0,0.0,1278.1,956.8,321.3,1495.4
2023-09-10,19,2023-09-10T18:00,gcl,Grand Coulee,57.5,57.5,0.0,1278.1,956.5,321.6,1410.9
2023-09-10,20,2023-09-10T19:00,gcl,Grand Coulee,50.1,50.1,0.0,1278.1,955.9,322.2,1231.7
2023-09-10,21,2023-09-10T20:00,gcl,Grand Coulee,47.3,45.9,1.4,1278.1,955.3,322.8,1130.5
2023-09-10,22,2023-09-10T21:00,gcl,Grand Coulee,41.0,40.9,0.1,1278.1,955.4,322.7,1007.0
2023-09-10,23,2023-09-10T22:00,gcl,Grand Coulee,40.7,40.7,0.0,1278.2,955.2,323.0,1003.0
2023-09-10,24,2023-09-10T23:00,gcl,Grand Coulee,38.9,38.9,0.0,1278.2,955.0,323.2,959.3
2023-09-11,1,2023-09-11T00:00,gcl,Grand Coulee,44.0,44.0,0.0,1278.2,955.6,322.6,1083.0
2023-09-11,2,2023-09-11T01:00,gcl,Grand Coulee,38.0,38.0,0.0,1278.2,955.3,322.9,936.2
2023-09-11,3,2023-09-11T02:00,gcl,Grand Coulee,41.2,41.2,0.0,1278.2,955.3,322.9,1015.1
2023-09-11,4,2023-09-11T03:00,gcl,Grand Coulee,37.6,37.6,0.0,1278.2,955.2,323.0,926.6
2023-09-11,5,2023-09-11T04:00,gcl,Grand Coulee,41.5,41.5,0.0,1278.2,955.6,322.6,1021.5
2023-09-11,6,2023-09-11T05:00,gcl,Grand Coulee,49.4,49.4,0.0,1278.2,956.2,322.0,1213.7
2023-09-11,7,2023-09-11T06:00,gcl,Grand Coulee,42.5,42.5,0.0,1278.2,955.9,322.3,1045.1
2023-09-11,8,2023-09-11T07:00,gcl,Grand Coulee,45.9,45.9,0.0,1278.2,956.0,322.2,1128.4
2023-09-11,9,2023-09-11T08:00,gcl,Grand Coulee,39.9,39.9,0.0,1278.2,955.6,322.6,982.1
2023-09-11,10,2023-09-11T09:00,gcl,Grand Coulee,35.2,35.2,0.0,1278.3,955.5,322.8,867.0
2023-09-11,11,2023-09-11T10:00,gcl,Grand Coulee,37.3,37.3,0.0,1278.3,955.6,322.7,918.4
2023-09-11,12,2023-09-11T11:00,gcl,Grand Coulee,47.0,47.0,0.0,1278.2,956.4,321.8,1154.0
2023-09-11,13,2023-09-11T12:00,gcl,Grand Coulee,49.4,49.4,0.0,1278.2,956.6,321.6,1212.2
2023-09-11,14,2023-09-11T13:00,gcl,Grand Coulee,51.7,51.7,0.0,1278.3,956.5,321.8,1269.4
2023-09-11,15,2023-09-11T14:00,gcl,Grand Coulee,58.8,58.8,0.0,1278.3,957.1,321.2,1441.0
2023-09-11,16,2023-09-11T15:00,gcl,Grand Coulee,58.1,58.1,0.0,1278.3,957.1,321.2,1423.9
2023-09-11,17,2023-09-11T16:00,gcl,Grand Coulee,67.5,67.5,0.0,1278.3,957.6,320.7,1651.7
2023-09-11,18,2023-09-11T17:00,gcl,Grand Coulee,87.3,87.3,0.0,1278.3,959.2,319.1,2125.5
2023-09-11,19,2023-09-11T18:00,gcl,Grand Coulee,82.7,82.7,0.0,1278.3,959.1,319.2,2014.2
2023-09-11,20,2023-09-11T19:00,gcl,Grand Coulee,74.5,74.5,0.0,1278.3,958.2,320.1,1819.6
2023-09-11,21,2023-09-11T20:00,gcl,Grand Coulee,63.3,61.9,1.4,1278.3,957.2,321.1,1516.5
2023-09-11,22,2023-09-11T21:00,gcl,Grand Coulee,39.1,39.0,0.1,1278.4,955.8,322.6,960.0
2023-09-11,23,2023-09-11T22:00,gcl,Grand Coulee,35.4,35.4,0.0,1278.5,955.2,323.3,873.2
2023-09-11,24,2023-09-11T23:00,gcl,Grand Coulee,36.1,36.1,0.0,1278.4,955.8,322.6,888.6
2023-09-12,1,2023-09-12T00:00,gcl,Grand Coulee,37.2,37.2,0.0,1278.4,956.1,322.3,914.8
2023-09-12,2,2023-09-12T01:00,gcl,Grand Coulee,38.2,38.2,0.0,1278.4,955.8,322.6,940.3
2023-09-12,3,2023-09-12T02:00,gcl,Grand Coulee,38.4,38.4,0.0,1278.4,956.0,322.4,944.6
2023-09-12,4,2023-09-12T03:00,gcl,Grand Coulee,37.3,37.3,0.0,1278.4,956.0,322.4,917.5
2023-09-12,5,2023-09-12T04:00,gcl,Grand Coulee,41.5,41.5,0.0,1278.4,956.2,322.2,1020.2
2023-09-12,6,2023-09-12T05:00,gcl,Grand Coulee,57.6,57.6,0.0,1278.4,957.4,321.0,1410.8
2023-09-12,7,2023-09-12T06:00,gcl,Grand Coulee,50.6,50.6,0.0,1278.4,957.3,321.1,1239.7
2023-09-12,8,2023-09-12T07:00,gcl,Grand Coulee,44.8,44.8,0.0,1278.4,956.7,321.7,1099.6
2023-09-12,9,2023-09-12T08:00,gcl,Grand Coulee,36.0,36.0,0.0,1278.4,956.1,322.3,885.3
2023-09-12,10,2023-09-12T09:00,gcl,Grand Coulee,35.0,35.0,0.0,1278.5,956.3,322.2,860.4
2023-09-12,11,2023-09-12T10:00,gcl,Grand Coulee,44.6,44.6,0.0,1278.6,956.7,321.9,1095.4
2023-09-12,12,2023-09-12T11:00,gcl,Grand Coulee,46.8,46.8,0.0,1278.5,956.8,321.7,1148.7
2023-09-12,13,2023-09-12T12:00,gcl,Grand Coulee,48.8,48.8,0.0,1278.5,956.7,321.8,1198.2
2023-09-12,14,2023-09-12T13:00,gcl,Grand Coulee,39.2,39.2,0.0,1278.5,956.2,322.3,964.0
2023-09-12,15,2023-09-12T14:00,gcl,Grand Coulee,39.9,39.9,0.0,1278.6,956.2,322.4,981.5
2023-09-12,16,2023-09-12T15:00,gcl,Grand Coulee,41.9,41.9,0.0,1278.6,956.2,322.4,1030.7
2023-09-12,17,2023-09-12T16:00,gcl,Grand Coulee,57.4,57.4,0.0,1278.7,957.1,321.6,1408.5
2023-09-12,18,2023-09-12T17:00,gcl,Grand Coulee,64.0,64.0,0.0,1278.6,957.5,321.1,1568.0
2023-09-12,19,2023-09-12T18:00,gcl,Grand Coulee,60.9,60.9,0.0,1278.6,957.5,321.1,1492.0
2023-09-12,20,2023-09-12T19:00,gcl,Grand Coulee,57.9,57.9,0.0,1278.7,957.7,321.0,1418.1
2023-09-12,21,2023-09-12T20:00,gcl,Grand Coulee,58.7,57.2,1.5,1278.7,957.4,321.3,1402.3
2023-09-12,22,2023-09-12T21:00,gcl,Grand Coulee,50.6,50.5,0.1,1278.7,956.8,321.9,1240.3
2023-09-12,23,2023-09-12T22:00,gcl,Grand Coulee,47.6,47.6,0.0,1278.7,956.4,322.3,1170.6
2023-09-12,24,2023-09-12T23:00,gcl,Grand Coulee,46.5,46.5,0.0,1278.7,956.3,322.4,1143.9
2023-09-13,1,2023-09-13T00:00,gcl,Grand Coulee,40.6,40.6,0.0,1278.7,956.2,322.5,999.0
2023-09-13,2,2023-09-13T01:00,gcl,Grand Coulee,36.7,36.7,0.0,1278.7,955.8,322.9,904.2
2023-09-13,3,2023-09-13T02:00,gcl,Grand Coulee,32.5,32.5,0.0,1278.7,955.6,323.1,801.2
2023-09-13,4,2023-09-13T03:00,gcl,Grand Coulee,30.8,30.8,0.0,1278.7,955.7,323.0,759.1
2023-09-13,5,2023-09-13T04:00,gcl,Grand Coulee,35.6,35.6,0.0,1278.7,955.9,322.8,876.8
2023-09-13,6,2023-09-13T05:00,gcl,Grand Coulee,48.8,48.8,0.0,1278.7,956.8,321.9,1198.6
2023-09-13,7,2023-09-13T06:00,gcl,Grand Coulee,37.6,37.6,0.0,1278.7,955.9,322.8,926.1
2023-09-13,8,2023-09-13T07:00,gcl,Grand Coulee,39.0,39.0,0.0,1278.7,955.5,323.2,961.7
2023-09-13,9,2023-09-13T08:00,gcl,Grand Coulee,45.7,45.7,0.0,1278.7,955.8,322.9,1125.9
2023-09-13,10,2023-09-13T09:00,gcl,Grand Coulee,43.9,43.9,0.0,1278.8,956.0,322.8,1081.2
2023-09-13,11,2023-09-13T10:00,gcl,Grand Coulee,47.7,47.7,0.0,1278.8,955.7,323.1,1175.9
2023-09-13,12,2023-09-13T11:00,gcl,Grand Coulee,47.7,47.7,0.0,1278.8,955.7,323.1,1175.9
2023-09-13,13,2023-09-13T12:00,gcl,Grand Coulee,53.7,53.7,0.0,1278.8,956.3,322.5,1321.4
2023-09-13,14,2023-09-13T13:00,gcl,Grand Coulee,48.0,48.0,0.0,1278.8,955.9,322.9,1182.6
2023-09-13,15,2023-09-13T14:00,gcl,Grand Coulee,51.8,51.8,0.0,1278.9,956.1,322.8,1275.8
2023-09-13,16,2023-09-13T15:00,gcl,Grand Coulee,60.8,60.8,0.0,1278.9,956.6,322.3,1495.2
2023-09-13,17,2023-09-13T16:00,gcl,Grand Coulee,68.3,68.3,0.0,1278.9,957.2,321.7,1676.5
2023-09-13,18,2023-09-13T17:00,gcl,Grand Coulee,69.2,69.2,0.0,1278.9,957.2,321.7,1698.6
2023-09-13,19,2023-09-13T18:00,gcl,Grand Coulee,57.8,57.8,0.0,1278.9,956.9,322.0,1420.1
2023-09-13,20,2023-09-13T19:00,gcl,Grand Coulee,54.7,54.7,0.0,1278.9,956.4,322.5,1346.0
2023-09-13,21,2023-09-13T20:00,gcl,Grand Coulee,47.4,46.0,1.4,1278.9,955.9,323.0,1133.7
2023-09-13,22,2023-09-13T21:00,gcl,Grand Coulee,37.3,37.1,0.2,1279.0,955.1,323.9,916.9
2023-09-13,23,2023-09-13T22:00,gcl,Grand Coulee,33.5,33.5,0.0,1279.0,954.4,324.6,829.7
2023-09-13,24,2023-09-13T23:00,gcl,Grand Coulee,35.9,35.9,0.0,1279.0,954.7,324.3,888.3
2023-09-14,1,2023-09-14T00:00,gcl,Grand Coulee,42.1,42.1,0.0,1279.0,955.1,323.9,1040.4
2023-09-14,2,2023-09-14T01:00,gcl,Grand Coulee,37.4,37.1,0.0,1279.1,954.5,324.6,918.9
2023-09-14,3,2023-09-14T02:00,gcl,Grand Coulee,34.9,34.9,0.0,1279.1,954.5,324.6,864.4
2023-09-14,4,2023-09-14T03:00,gcl,Grand Coulee,34.3,34.3,0.0,1279.1,954.8,324.3,848.7
2023-09-14,5,2023-09-14T04:00,gcl,Grand Coulee,39.0,39.0,0.0,1279.1,955.2,323.9,963.8
2023-09-14,6,2023-09-14T05:00,gcl,Grand Coulee,48.6,48.6,0.0,1279.1,955.5,323.6,1200.0
2023-09-14,7,2023-09-14T06:00,gcl,Grand Coulee,54.0,54.0,0.0,1279.0,955.8,323.2,1331.6
2023-09-14,8,2023-09-14T07:00,gcl,Grand Coulee,52.6,52.6,0.0,1279.1,955.8,323.3,1297.5
2023-09-14,9,2023-09-14T08:00,gcl,Grand Coulee,50.9,50.9,0.0,1279.1,955.9,323.2,1255.2
2023-09-14,10,2023-09-14T09:00,gcl,Grand Coulee,53.5,53.5,0.0,1279.1,956.4,322.7,1317.3
2023-09-14,11,2023-09-14T10:00,gcl,Grand Coulee,51.6,51.6,0.0,1279.1,956.4,322.7,1270.5
2023-09-14,12,2023-09-14T11:00,gcl,Grand Coulee,39.5,39.5,0.0,1279.2,955.9,323.3,974.4
2023-09-14,13,2023-09-14T12:00,gcl,Grand Coulee,39.5,39.5,0.0,1279.2,955.9,323.3,974.4
2023-09-14,14,2023-09-14T13:00,gcl,Grand Coulee,38.0,38.0,0.0,1279.2,956.0,323.2,937.1
2023-09-14,15,2023-09-14T14:00,gcl,Grand Coulee,32.3,32.3,0.0,1279.2,955.7,323.5,797.3
2023-09-14,16,2023-09-14T15:00,gcl,Grand Coulee,36.9,36.9,0.0,1279.3,955.9,323.4,910.5
2023-09-14,17,2023-09-14T16:00,gcl,Grand Coulee,56.9,56.9,0.0,1279.3,957.3,322.0,1398.0
2023-09-14,18,2023-09-14T17:00,gcl,Grand Coulee,62.8,62.8,0.0,1279.2,957.9,321.3,1539.6
2023-09-14,19,2023-09-14T18:00,gcl,Grand Coulee,64.7,64.7,0.0,1279.3,957.6,321.7,1588.1
2023-09-14,20,2023-09-14T19:00,gcl,Grand Coulee,61.2,61.2,0.0,1279.3,957.3,322.0,1503.6
2023-09-14,21,2023-09-14T20:00,gcl,Grand Coulee,55.6,54.1,1.5,1279.4,957.1,322.3,1330.4
2023-09-14,22,2023-09-14T21:00,gcl,Grand Coulee,39.8,39.5,0.3,1279.5,955.9,323.6,975.3
2023-09-14,23,2023-09-14T22:00,gcl,Grand Coulee,36.7,36.7,0.0,1279.5,955.6,323.9,907.0
2023-09-14,24,2023-09-14T23:00,gcl,Grand Coulee,33.5,33.5,0.0,1279.4,955.3,324.1,828.4
2023-09-15,1,2023-09-15T00:00,gcl,Grand Coulee,34.6,34.6,0.0,1279.4,955.3,324.1,855.6
2023-09-15,2,2023-09-15T01:00,gcl,Grand Coulee,34.6,34.6,0.0,1279.4,954.9,324.5,856.7
2023-09-15,3,2023-09-15T02:00,gcl,Grand Coulee,39.4,39.4,0.0,1279.4,955.4,324.0,974.0
2023-09-15,4,2023-09-15T03:00,gcl,Grand Coulee,38.1,38.1,0.0,1279.5,955.3,324.2,942.5
2023-09-15,5,2023-09-15T04:00,gcl,Grand Coulee,41.7,41.7,0.0,1279.5,955.8,323.7,1029.9
2023-09-15,6,2023-09-15T05:00,gcl,Grand Coulee,50.7,50.7,0.0,1279.4,956.8,322.6,1247.9
2023-09-15,7,2023-09-15T06:00,gcl,Grand Coulee,50.7,50.7,0.0,1279.4,956.8,322.6,1247.9
2023-09-15,8,2023-09-15T07:00,gcl,Grand Coulee,45.3,45.3,0.0,1279.4,956.4,323.0,1116.4
2023-09-15,9,2023-09-15T08:00,gcl,Grand Coulee,41.9,41.9,0.0,1279.4,956.2,323.2,1033.3
2023-09-15,10,2023-09-15T09:00,gcl,Grand Coulee,40.8,40.8,0.0,1279.4,956.5,322.9,1005.2
2023-09-15,11,2023-09-15T10:00,gcl,Grand Coulee,40.3,40.3,0.0,1279.5,956.5,323.0,993.2
2023-09-15,12,2023-09-15T11:00,gcl,Grand Coulee,43.7,43.7,0.0,1279.5,956.7,322.8,1076.3
2023-09-15,13,2023-09-15T12:00,gcl,Grand Coulee,38.7,38.7,0.0,1279.5,956.6,322.9,953.5
2023-09-15,14,2023-09-15T13:00,gcl,Grand Coulee,41.7,41.7,0.0,1279.5,956.8,322.7,1026.7
2023-09-15,15,2023-09-15T14:00,gcl,Grand Coulee,43.8,43.8,0.0,1279.6,957.0,322.6,1078.1
2023-09-15,16,2023-09-15T15:00,gcl,Grand Coulee,50.9,50.9,0.0,1279.6,957.5,322.1,1250.9
2023-09-15,17,2023-09-15T16:00,gcl,Grand Coulee,50.7,50.7,0.0,1279.6,957.3,322.3,1246.8
2023-09-15,18,2023-09-15T17:00,gcl,Grand Coulee,61.1,61.1,0.0,1279.6,958.0,321.6,1499.3
2023-09-15,19,2023-09-15T18:00,gcl,Grand Coulee,62.6,62.6,0.0,1279.6,958.3,321.3,1534.7
2023-09-15,20,2023-09-15T19:00,gcl,Grand Coulee,54.0,54.0,0.0,1279.7,957.5,322.2,1327.5
2023-09-15,21,2023-09-15T20:00,gcl,Grand Coulee,50.8,50.8,1.6,1279.7,957.1,322.6,1250.4
2023-09-15,22,2023-09-15T21:00,gcl,Grand Coulee,43.8,43.6,0.2,1279.7,956.7,323.0,1074.5
2023-09-15,23,2023-09-15T22:00,gcl,Grand Coulee,38.0,38.0,0.0,1279.8,956.3,323.5,938.0
2023-09-15,24,2023-09-15T23:00,gcl,Grand Coulee,36.5,36.5,0.0,1279.7,956.1,323.6,901.2
2023-09-16,1,2023-09-16T00:00,gcl,Grand Coulee,39.7,39.7,0.0,1279.7,956.3,323.4,979.6
2023-09-16,2,2023-09-16T01:00,gcl,Grand Coulee,34.5,34.5,0.0,1279.7,955.9,323.8,852.4
2023-09-16,3,2023-09-16T02:00,gcl,Grand Coulee,31.4,31.4,0.0,1279.8,955.6,324.2,776.7
2023-09-16,4,2023-09-16T03:00,gcl,Grand Coulee,32.6,32.6,0.0,1279.8,955.8,324.0,805.9
2023-09-16,5,2023-09-16T04:00,gcl,Grand Coulee,33.4,33.4,0.0,1279.8,956.0,323.8,825.2
2023-09-16,6,2023-09-16T05:00,gcl,Grand Coulee,36.2,36.2,0.0,1279.8,956.0,323.8,894.4
2023-09-16,7,2023-09-16T06:00,gcl,Grand Coulee,42.8,42.8,0.0,1279.8,956.3,323.5,1056.4
2023-09-16,8,2023-09-16T07:00,gcl,Grand Coulee,45.3,45.3,0.0,1279.7,956.6,323.1,1116.8
2023-09-16,9,2023-09-16T08:00,gcl,Grand Coulee,40.9,40.9,0.0,1279.7,956.2,323.5,1009.5
2023-09-16,10,2023-09-16T09:00,gcl,Grand Coulee,43.7,43.7,0.0,1279.8,956.2,323.6,1079.0
2023-09-16,11,2023-09-16T10:00,gcl,Grand Coulee,48.1,48.1,0.0,1279.8,956.8,323.0,1185.4
2023-09-16,12,2023-09-16T11:00,gcl,Grand Coulee,53.8,53.8,0.0,1279.8,957.2,322.6,1324.3
2023-09-16,13,2023-09-16T12:00,gcl,Grand Coulee,54.4,54.4,0.0,1279.7,957.1,322.6,1339.0
2023-09-16,14,2023-09-16T13:00,gcl,Grand Coulee,55.9,55.9,0.0,1279.7,957.2,322.5,1375.5
2023-09-16,15,2023-09-16T14:00,gcl,Grand Coulee,57.5,57.5,0.0,1279.7,957.4,322.3,1414.0
2023-09-16,16,2023-09-16T15:00,gcl,Grand Coulee,64.4,64.4,0.0,1279.7,957.9,321.8,1581.2
2023-09-16,17,2023-09-16T16:00,gcl,Grand Coulee,64.8,64.8,0.0,1279.7,958.0,321.7,1590.6
2023-09-16,18,2023-09-16T17:00,gcl,Grand Coulee,70.5,70.5,0.0,1279.7,958.3,321.4,1728.9
2023-09-16,19,2023-09-16T18:00,gcl,Grand Coulee,64.7,64.7,0.0,1279.7,958.1,321.6,1587.6
2023-09-16,20,2023-09-16T19:00,gcl,Grand Coulee,57.0,57.0,0.0,1279.7,957.5,322.2,1401.3
2023-09-16,21,2023-09-16T20:00,gcl,Grand Coulee,53.2,51.7,1.5,1279.7,957.2,322.5,1272.2
2023-09-16,22,2023-09-16T21:00,gcl,Grand Coulee,42.2,42.0,0.2,1279.7,956.5,323.2,1035.7
2023-09-16,23,2023-09-16T22:00,gcl,Grand Coulee,40.5,40.5,0.0,1279.7,956.6,323.1,998.4
2023-09-16,24,2023-09-16T23:00,gcl,Grand Coulee,37.2,37.2,0.0,1279.7,956.1,323.6,918.5
2023-09-17,1,2023-09-17T00:00,gcl,Grand Coulee,38.3,38.3,0.0,1279.7,956.3,323.4,945.1
2023-09-17,2,2023-09-17T01:00,gcl,Grand Coulee,33.4,33.4,0.0,1279.7,955.9,323.8,825.2
2023-09-17,3,2023-09-17T02:00,gcl,Grand Coulee,33.6,33.6,0.0,1279.7,955.9,323.8,830.1
2023-09-17,4,2023-09-17T03:00,gcl,Grand Coulee,33.0,33.0,0.0,1279.7,955.9,323.8,815.3
2023-09-17,5,2023-09-17T04:00,gcl,Grand Coulee,40.4,40.4,0.0,1279.7,956.4,323.3,996.6
2023-09-17,6,2023-09-17T05:00,gcl,Grand Coulee,40.1,40.1,0.0,1279.7,956.3,323.4,989.5
2023-09-17,7,2023-09-17T06:00,gcl,Grand Coulee,43.3,43.3,0.0,1279.7,956.3,323.4,1068.4
2023-09-17,8,2023-09-17T07:00,gcl,Grand Coulee,41.3,41.3,0.0,1279.7,956.2,323.5,1019.4
2023-09-17,9,2023-09-17T08:00,gcl,Grand Coulee,40.2,40.2,0.0,1279.6,956.1,323.5,992.3
2023-09-17,10,2023-09-17T09:00,gcl,Grand Coulee,47.4,47.4,0.0,1279.6,956.6,323.0,1168.2
2023-09-17,11,2023-09-17T10:00,gcl,Grand Coulee,54.0,54.0,0.0,1279.6,957.2,322.4,1328.4
2023-09-17,12,2023-09-17T11:00,gcl,Grand Coulee,53.1,53.1,0.0,1279.6,957.1,322.5,1306.6
2023-09-17,13,2023-09-17T12:00,gcl,Grand Coulee,52.8,52.8,0.0,1279.6,956.8,322.8,1300.4
2023-09-17,14,2023-09-17T13:00,gcl,Grand Coulee,60.4,60.4,0.0,1279.6,957.6,322.0,1483.9
2023-09-17,15,2023-09-17T14:00,gcl,Grand Coulee,58.1,58.1,0.0,1279.6,957.7,321.9,1427.0
2023-09-17,16,2023-09-17T15:00,gcl,Grand Coulee,59.6,59.6,0.0,1279.6,957.5,322.1,1464.7
2023-09-17,17,2023-09-17T16:00,gcl,Grand Coulee,60.5,60.5,0.0,1279.6,957.6,322.0,1486.4
2023-09-17,18,2023-09-17T17:00,gcl,Grand Coulee,61.8,61.8,0.0,1279.5,957.9,321.6,1516.5
2023-09-17,19,2023-09-17T18:00,gcl,Grand Coulee,70.0,70.0,0.0,1279.5,958.6,320.9,1713.9
2023-09-17,20,2023-09-17T19:00,gcl,Grand Coulee,69.4,69.4,0.0,1279.5,958.7,320.8,1698.7
2023-09-17,21,2023-09-17T20:00,gcl,Grand Coulee,66.1,64.5,1.6,1279.5,958.4,321.1,1580.2
2023-09-17,22,2023-09-17T21:00,gcl,Grand Coulee,62.2,61.5,0.7,1279.5,957.9,321.6,1509.1
2023-09-17,23,2023-09-17T22:00,gcl,Grand Coulee,51.4,51.4,0.0,1279.6,957.0,322.6,1265.2
2023-09-17,24,2023-09-17T23:00,gcl,Grand Coulee,28.4,28.4,0.0,1279.6,956.1,323.5,701.0
2023-09-18,1,2023-09-18T00:00,gcl,Grand Coulee,37.3,37.3,0.0,1279.6,956.8,322.8,918.7
2023-09-18,2,2023-09-18T01:00,gcl,Grand Coulee,20.3,20.3,0.0,1279.6,955.8,323.8,501.5
2023-09-18,3,2023-09-18T02:00,gcl,Grand Coulee,23.1,23.1,0.0,1279.5,955.3,324.2,571.4
2023-09-18,4,2023-09-18T03:00,gcl,Grand Coulee,18.3,18.3,0.0,1279.5,955.1,324.4,453.0
2023-09-18,5,2023-09-18T04:00,gcl,Grand Coulee,22.0,22.0,0.0,1279.6,955.6,324.0,543.9
2023-09-18,6,2023-09-18T05:00,gcl,Grand Coulee,38.0,38.0,0.0,1279.6,955.9,323.7,938.5
2023-09-18,7,2023-09-18T06:00,gcl,Grand Coulee,30.7,30.7,0.0,1279.7,955.0,324.7,760.6
2023-09-18,8,2023-09-18T07:00,gcl,Grand Coulee,41.0,41.0,0.0,1279.6,955.8,323.8,1012.9
2023-09-18,9,2023-09-18T08:00,gcl,Grand Coulee,42.4,42.4,0.0,1279.6,955.9,323.7,1047.2
2023-09-18,10,2023-09-18T09:00,gcl,Grand Coulee,45.4,45.4,0.0,1279.6,956.3,323.3,1119.9
2023-09-18,11,2023-09-18T10:00,gcl,Grand Coulee,45.6,45.6,0.0,1279.6,956.1,323.5,1125.5
2023-09-18,12,2023-09-18T11:00,gcl,Grand Coulee,49.4,49.4,0.0,1279.6,956.4,323.2,1218.2
2023-09-18,13,2023-09-18T12:00,gcl,Grand Coulee,51.8,51.8,0.0,1279.6,956.8,322.8,1275.8
2023-09-18,14,2023-09-18T13:00,gcl,Grand Coulee,50.3,50.3,0.0,1279.6,956.9,322.7,1238.5
2023-09-18,15,2023-09-18T14:00,gcl,Grand Coulee,52.6,52.6,0.0,1279.6,957.0,322.6,1294.7
2023-09-18,16,2023-09-18T15:00,gcl,Grand Coulee,51.9,51.9,0.0,1279.7,957.3,322.4,1276.7
2023-09-18,17,2023-09-18T16:00,gcl,Grand Coulee,52.6,52.6,0.0,1279.7,957.5,322.2,1293.1
2023-09-18,18,2023-09-18T17:00,gcl,Grand Coulee,48.3,48.3,0.0,1279.7,957.3,322.4,1188.1
2023-09-18,19,2023-09-18T18:00,gcl,Grand Coulee,51.5,51.5,0.0,1279.8,957.5,322.3,1266.5
2023-09-18,20,2023-09-18T19:00,gcl,Grand Coulee,48.9,48.9,0.0,1279.8,957.4,322.4,1202.9
2023-09-18,21,2023-09-18T20:00,gcl,Grand Coulee,43.5,42.1,1.4,1279.8,956.8,323.0,1037.6
2023-09-18,22,2023-09-18T21:00,gcl,Grand Coulee,40.4,40.3,0.1,1279.8,956.5,323.3,994.1
2023-09-18,23,2023-09-18T22:00,gcl,Grand Coulee,39.3,39.3,0.0,1279.8,956.6,323.2,969.1
2023-09-18,24,2023-09-18T23:00,gcl,Grand Coulee,39.7,39.7,0.0,1279.8,956.4,323.4,979.6
2023-09-19,1,2023-09-19T00:00,gcl,Grand Coulee,40.0,40.0,0.0,1279.8,956.7,323.1,986.1
2023-09-19,2,2023-09-19T01:00,gcl,Grand Coulee,39.4,39.4,0.0,1279.8,956.2,323.6,972.8
2023-09-19,3,2023-09-19T02:00,gcl,Grand Coulee,39.7,39.7,0.0,1279.8,956.2,323.6,980.2
2023-09-19,4,2023-09-19T03:00,gcl,Grand Coulee,38.4,38.4,0.0,1279.8,956.0,323.8,948.7
2023-09-19,5,2023-09-19T04:00,gcl,Grand Coulee,40.1,40.1,0.0,1279.8,956.1,323.7,990.4
2023-09-19,6,2023-09-19T05:00,gcl,Grand Coulee,42.4,42.4,0.0,1279.8,956.3,323.5,1046.6
2023-09-19,7,2023-09-19T06:00,gcl,Grand Coulee,48.7,48.7,0.0,1279.8,956.7,323.1,1200.6
2023-09-19,8,2023-09-19T07:00,gcl,Grand Coulee,53.4,53.4,0.0,1279.8,957.0,322.8,1315.2
2023-09-19,9,2023-09-19T08:00,gcl,Grand Coulee,57.3,57.3,0.0,1279.8,957.2,322.6,1410.4
2023-09-19,10,2023-09-19T09:00,gcl,Grand Coulee,55.0,55.0,0.0,1279.8,957.0,322.8,1354.6
2023-09-19,11,2023-09-19T10:00,gcl,Grand Coulee,49.1,49.1,0.0,1279.8,956.6,323.2,1210.8
2023-09-19,12,2023-09-19T11:00,gcl,Grand Coulee,44.5,44.5,0.0,1279.8,956.2,323.6,1098.7
2023-09-19,13,2023-09-19T12:00,gcl,Grand Coulee,42.9,42.9,0.0,1279.8,956.3,323.5,1058.9
2023-09-19,14,2023-09-19T13:00,gcl,Grand Coulee,43.4,43.4,0.0,1279.9,956.4,323.5,1071.2
2023-09-19,15,2023-09-19T14:00,gcl,Grand Coulee,45.1,45.1,0.0,1279.9,956.6,323.3,1112.5
2023-09-19,16,2023-09-19T15:00,gcl,Grand Coulee,44.0,44.0,0.0,1279.9,956.6,323.3,1085.4
2023-09-19,17,2023-09-19T16:00,gcl,Grand Coulee,49.3,49.3,0.0,1279.9,957.0,322.9,1214.6
2023-09-19,18,2023-09-19T17:00,gcl,Grand Coulee,46.7,46.7,0.0,1280.0,956.9,323.1,1151.3
2023-09-19,19,2023-09-19T18:00,gcl,Grand Coulee,47.5,47.5,0.0,1280.0,956.9,323.1,1171.0
2023-09-19,20,2023-09-19T19:00,gcl,Grand Coulee,49.9,49.9,0.0,1280.1,957.1,323.0,1229.8
2023-09-19,21,2023-09-19T20:00,gcl,Grand Coulee,52.5,51.0,1.5,1280.1,957.4,322.7,1255.7
2023-09-19,22,2023-09-19T21:00,gcl,Grand Coulee,50.6,50.3,0.3,1280.0,957.2,322.8,1238.9
2023-09-19,23,2023-09-19T22:00,gcl,Grand Coulee,47.7,47.7,0.0,1280.0,956.8,323.2,1176.3
2023-09-19,24,2023-09-19T23:00,gcl,Grand Coulee,48.7,48.7,0.0,1280.1,956.0,324.1,1204.3
2023-09-20,1,2023-09-20T00:00,gcl,Grand Coulee,46.5,46.5,0.0,1280.0,957.0,323.0,1146.0
2023-09-20,2,2023-09-20T01:00,gcl,Grand Coulee,43.9,43.9,0.0,1280.0,956.6,323.4,1083.3
2023-09-20,3,2023-09-20T02:00,gcl,Grand Coulee,44.5,44.5,0.0,1280.0,956.7,323.3,1097.7
2023-09-20,4,2023-09-20T03:00,gcl,Grand Coulee,44.2,44.2,0.0,1280.0,956.8,323.2,1090.0
2023-09-20,5,2023-09-20T04:00,gcl,Grand Coulee,42.9,42.9,0.0,1280.0,956.7,323.3,1058.2
2023-09-20,6,2023-09-20T05:00,gcl,Grand Coulee,47.9,47.9,0.0,1280.0,956.9,323.1,1180.9
2023-09-20,7,2023-09-20T06:00,gcl,Grand Coulee,40.8,40.8,0.0,1280.0,956.3,323.7,1007.7
2023-09-20,8,2023-09-20T07:00,gcl,Grand Coulee,40.5,40.5,0.0,1280.1,955.8,324.3,1002.1
2023-09-20,9,2023-09-20T08:00,gcl,Grand Coulee,45.6,45.6,0.0,1280.1,956.3,323.8,1126.6
2023-09-20,10,2023-09-20T09:00,gcl,Grand Coulee,41.3,41.3,0.0,1280.1,956.2,323.9,1020.7
2023-09-20,11,2023-09-20T10:00,gcl,Grand Coulee,46.5,46.5,0.0,1280.0,956.3,323.7,1148.5
2023-09-20,12,2023-09-20T11:00,gcl,Grand Coulee,49.6,49.6,0.0,1280.0,956.6,323.4,1223.9
2023-09-20,13,2023-09-20T12:00,gcl,Grand Coulee,49.0,49.0,0.0,1280.1,956.6,323.5,1209.5
2023-09-20,14,2023-09-20T13:00,gcl,Grand Coulee,48.8,48.8,0.0,1280.1,956.4,323.7,1205.3
2023-09-20,15,2023-09-20T14:00,gcl,Grand Coulee,43.8,43.8,0.0,1280.1,956.1,324.0,1082.8
2023-09-20,16,2023-09-20T15:00,gcl,Grand Coulee,41.9,41.9,0.0,1280.1,956.0,324.1,1036.1
2023-09-20,17,2023-09-20T16:00,gcl,Grand Coulee,37.6,37.6,0.0,1280.2,955.8,324.4,930.7
2023-09-20,18,2023-09-20T17:00,gcl,Grand Coulee,43.2,43.2,0.0,1280.2,956.3,323.9,1067.6
2023-09-20,19,2023-09-20T18:00,gcl,Grand Coulee,45.6,45.6,0.0,1280.2,956.5,323.7,1126.2
2023-09-20,20,2023-09-20T19:00,gcl,Grand Coulee,46.5,46.5,0.0,1280.3,956.5,323.8,1148.8
2023-09-20,21,2023-09-20T20:00,gcl,Grand Coulee,43.8,42.4,1.4,1280.3,956.2,324.1,1048.5
2023-09-20,22,2023-09-20T21:00,gcl,Grand Coulee,51.0,50.9,0.1,1280.3,956.8,323.5,1256.4
2023-09-20,23,2023-09-20T22:00,gcl,Grand Coulee,44.1,44.1,0.0,1280.3,956.4,323.9,1089.9
2023-09-20,24,2023-09-20T23:00,gcl,Grand Coulee,48.9,48.9,0.0,1280.3,956.5,323.8,1208.1
2023-09-21,1,2023-09-21T00:00,gcl,Grand Coulee,49.9,49.9,0.0,1280.3,956.8,323.5,1231.7
2023-09-21,2,2023-09-21T01:00,gcl,Grand Coulee,47.9,47.9,0.0,1280.3,956.7,323.6,1182.7
2023-09-21,3,2023-09-21T02:00,gcl,Grand Coulee,47.2,47.2,0.0,1280.3,956.4,323.9,1166.5
2023-09-21,4,2023-09-21T03:00,gcl,Grand Coulee,47.6,47.6,0.0,1280.3,956.5,323.8,1176.0
2023-09-21,5,2023-09-21T04:00,gcl,Grand Coulee,51.2,51.2,0.0,1280.3,956.9,323.4,1263.4
2023-09-21,6,2023-09-21T05:00,gcl,Grand Coulee,51.8,51.8,0.0,1280.3,956.8,323.5,1278.6
2023-09-21,7,2023-09-21T06:00,gcl,Grand Coulee,44.4,44.4,0.0,1280.3,956.2,324.1,1098.0
2023-09-21,8,2023-09-21T07:00,gcl,Grand Coulee,51.8,51.8,0.0,1280.3,956.6,323.7,1279.4
2023-09-21,9,2023-09-21T08:00,gcl,Grand Coulee,49.2,49.2,0.0,1280.3,956.6,323.7,1215.2
2023-09-21,10,2023-09-21T09:00,gcl,Grand Coulee,47.9,47.9,0.0,1280.3,956.4,323.9,1183.8
2023-09-21,11,2023-09-21T10:00,gcl,Grand Coulee,44.2,44.2,0.0,1280.3,956.1,324.2,1093.4
2023-09-21,12,2023-09-21T11:00,gcl,Grand Coulee,38.8,38.8,0.0,1280.3,955.9,324.4,960.4
2023-09-21,13,2023-09-21T12:00,gcl,Grand Coulee,35.9,35.9,0.0,1280.4,955.8,324.6,889.1
2023-09-21,14,2023-09-21T13:00,gcl,Grand Coulee,30.4,30.4,0.0,1280.5,955.5,325.0,753.8
2023-09-21,15,2023-09-21T14:00,gcl,Grand Coulee,34.3,34.3,0.0,1280.4,955.8,324.6,849.5
2023-09-21,16,2023-09-21T15:00,gcl,Grand Coulee,36.3,36.3,0.0,1280.4,956.1,324.3,898.2
2023-09-21,17,2023-09-21T16:00,gcl,Grand Coulee,35.4,35.4,0.0,1280.4,955.8,324.6,876.8
2023-09-21,18,2023-09-21T17:00,gcl,Grand Coulee,41.5,41.5,0.0,1280.4,956.0,324.4,1027.2
2023-09-21,19,2023-09-21T18:00,gcl,Grand Coulee,50.0,50.0,0.0,1280.4,956.8,323.6,1234.5
2023-09-21,20,2023-09-21T19:00,gcl,Grand Coulee,56.5,56.5,0.0,1280.5,957.2,323.3,1393.7
2023-09-21,21,2023-09-21T20:00,gcl,Grand Coulee,57.2,55.7,1.5,1280.6,957.2,323.4,1374.4
2023-09-21,22,2023-09-21T21:00,gcl,Grand Coulee,54.6,54.3,0.3,1280.5,957.1,323.4,1339.9
2023-09-21,23,2023-09-21T22:00,gcl,Grand Coulee,67.8,67.8,0.0,1280.5,958.0,322.5,1668.3
2023-09-21,24,2023-09-21T23:00,gcl,Grand Coulee,62.8,62.8,0.0,1280.5,957.8,322.7,1546.3
2023-09-22,1,2023-09-22T00:00,gcl,Grand Coulee,55.9,55.9,0.0,1280.5,957.3,323.2,1378.5
2023-09-22,2,2023-09-22T01:00,gcl,Grand Coulee,46.7,46.7,0.0,1280.5,956.6,323.9,1154.1
2023-09-22,3,2023-09-22T02:00,gcl,Grand Coulee,43.6,43.6,0.0,1280.6,956.6,324.0,1077.8
2023-09-22,4,2023-09-22T03:00,gcl,Grand Coulee,44.5,44.5,0.0,1280.6,956.8,323.8,1099.4
2023-09-22,5,2023-09-22T04:00,gcl,Grand Coulee,48.7,48.7,0.0,1280.5,957.1,323.4,1201.7
2023-09-22,6,2023-09-22T05:00,gcl,Grand Coulee,45.3,45.3,0.0,1280.5,956.9,323.6,1118.5
2023-09-22,7,2023-09-22T06:00,gcl,Grand Coulee,48.8,48.8,0.0,1280.5,957.1,323.4,1204.2
2023-09-22,8,2023-09-22T07:00,gcl,Grand Coulee,51.8,51.8,0.0,1280.5,957.5,323.0,1276.6
2023-09-22,9,2023-09-22T08:00,gcl,Grand Coulee,49.1,49.1,0.0,1280.5,957.2,323.3,1211.2
2023-09-22,10,2023-09-22T09:00,gcl,Grand Coulee,46.1,46.1,0.0,1280.5,956.9,323.6,1138.2
2023-09-22,11,2023-09-22T10:00,gcl,Grand Coulee,37.8,37.8,0.0,1280.6,956.5,324.1,934.7
2023-09-22,12,2023-09-22T11:00,gcl,Grand Coulee,35.2,35.2,0.0,1280.6,956.4,324.2,870.7
2023-09-22,13,2023-09-22T12:00,gcl,Grand Coulee,33.2,33.2,0.0,1280.6,956.3,324.3,821.5
2023-09-22,14,2023-09-22T13:00,gcl,Grand Coulee,38.2,38.2,0.0,1280.5,956.6,323.9,944.1
2023-09-22,15,2023-09-22T14:00,gcl,Grand Coulee,45.1,45.1,0.0,1280.5,957.1,323.4,1112.9
2023-09-22,16,2023-09-22T15:00,gcl,Grand Coulee,45.8,45.8,0.0,1280.6,957.1,323.5,1130.5
2023-09-22,17,2023-09-22T16:00,gcl,Grand Coulee,54.8,54.8,0.0,1280.7,957.6,323.1,1351.0
2023-09-22,18,2023-09-22T17:00,gcl,Grand Coulee,54.6,54.6,0.0,1280.7,957.8,322.9,1345.2
2023-09-22,19,2023-09-22T18:00,gcl,Grand Coulee,54.0,54.0,0.0,1280.7,957.7,323.0,1330.8
2023-09-22,20,2023-09-22T19:00,gcl,Grand Coulee,43.3,43.3,0.0,1280.7,956.7,324.0,1070.4
2023-09-22,21,2023-09-22T20:00,gcl,Grand Coulee,39.3,37.8,1.5,1280.8,956.3,324.5,935.9
2023-09-22,22,2023-09-22T21:00,gcl,Grand Coulee,38.7,38.4,0.3,1280.8,956.4,324.4,950.5
2023-09-22,23,2023-09-22T22:00,gcl,Grand Coulee,38.3,38.3,0.0,1280.8,956.2,324.6,948.6
2023-09-22,24,2023-09-22T23:00,gcl,Grand Coulee,40.0,40.0,0.0,1280.8,956.0,324.8,991.3
2023-09-23,1,2023-09-23T00:00,gcl,Grand Coulee,39.7,39.7,0.0,1280.8,955.8,325.0,984.5
2023-09-23,2,2023-09-23T01:00,gcl,Grand Coulee,37.0,37.0,0.0,1280.8,955.6,325.2,918.1
2023-09-23,3,2023-09-23T02:00,gcl,Grand Coulee,39.0,39.0,0.0,1280.9,955.6,325.3,968.0
2023-09-23,4,2023-09-23T03:00,gcl,Grand Coulee,32.3,32.3,0.0,1280.9,955.2,325.7,802.7
2023-09-23,5,2023-09-23T04:00,gcl,Grand Coulee,37.8,37.8,0.0,1280.9,955.6,325.3,938.2
2023-09-23,6,2023-09-23T05:00,gcl,Grand Coulee,42.7,42.7,0.0,1280.9,955.7,325.2,1059.5
2023-09-23,7,2023-09-23T06:00,gcl,Grand Coulee,40.5,40.5,0.0,1280.9,955.7,325.2,1004.9
2023-09-23,8,2023-09-23T07:00,gcl,Grand Coulee,32.1,32.1,0.0,1280.9,955.0,325.9,798.2
2023-09-23,9,2023-09-23T08:00,gcl,Grand Coulee,34.4,34.4,0.0,1280.9,955.3,325.6,854.6
2023-09-23,10,2023-09-23T09:00,gcl,Grand Coulee,34.4,34.4,0.0,1280.9,955.3,325.6,854.6
2023-09-23,11,2023-09-23T10:00,gcl,Grand Coulee,34.4,34.4,0.0,1280.9,955.3,325.6,854.6
2023-09-23,12,2023-09-23T11:00,gcl,Grand Coulee,27.7,27.7,0.0,1280.9,954.8,326.1,689.2
2023-09-23,13,2023-09-23T12:00,gcl,Grand Coulee,24.2,24.2,0.0,1280.9,954.6,326.3,602.5
2023-09-23,14,2023-09-23T13:00,gcl,Grand Coulee,23.4,23.4,0.0,1280.9,954.8,326.1,582.2
2023-09-23,15,2023-09-23T14:00,gcl,Grand Coulee,24.1,24.1,0.0,1280.9,954.8,326.1,599.6
2023-09-23,16,2023-09-23T15:00,gcl,Grand Coulee,23.1,23.1,0.0,1281.0,954.7,326.3,575.1
2023-09-23,17,2023-09-23T16:00,gcl,Grand Coulee,26.8,26.8,0.0,1281.1,954.9,326.2,667.0
2023-09-23,18,2023-09-23T17:00,gcl,Grand Coulee,43.1,43.1,0.0,1281.0,955.9,325.1,1069.1
2023-09-23,19,2023-09-23T18:00,gcl,Grand Coulee,42.2,42.2,0.0,1281.0,955.9,325.1,1046.8
2023-09-23,20,2023-09-23T19:00,gcl,Grand Coulee,40.3,40.3,0.0,1281.03,955.4,325.63,1001.3
2023-09-23,21,2023-09-23T20:00,gcl,Grand Coulee,38.7,37.3,1.4,1281.0,955.2,325.8,927.2
2023-09-23,22,2023-09-23T21:00,gcl,Grand Coulee,35.7,35.5,0.2,1281.1,955.3,325.8,882.5
2023-09-23,23,2023-09-23T22:00,gcl,Grand Coulee,37.7,37.7,0.0,1281.1,955.2,325.9,937.5
2023-09-23,24,2023-09-23T23:00,gcl,Grand Coulee,39.9,39.9,0.0,1281.1,955.2,325.9,992.2
2023-09-24,1,2023-09-24T00:00,gcl,Grand Coulee,35.2,35.2,0.0,1281.1,954.9,326.2,876.1
2023-09-24,2,2023-09-24T01:00,gcl,Grand Coulee,35.3,35.3,0.0,1281.1,954.7,326.4,879.1
2023-09-24,3,2023-09-24T02:00,gcl,Grand Coulee,33.5,33.5,0.0,1281.1,954.7,326.4,834.3
2023-09-24,4,2023-09-24T03:00,gcl,Grand Coulee,34.8,34.8,0.0,1281.1,954.7,326.4,866.7
2023-09-24,5,2023-09-24T04:00,gcl,Grand Coulee,36.8,36.8,0.0,1281.1,954.8,326.3,916.2
2023-09-24,6,2023-09-24T05:00,gcl,Grand Coulee,39.1,39.1,0.0,1281.1,954.9,326.2,973.2
2023-09-24,7,2023-09-24T06:00,gcl,Grand Coulee,43.8,43.8,0.0,1281.1,955.2,325.9,1089.1
2023-09-24,8,2023-09-24T07:00,gcl,Grand Coulee,40.6,40.6,0.0,1281.1,955.0,326.1,1010.2
2023-09-24,9,2023-09-24T08:00,gcl,Grand Coulee,46.0,46.0,0.0,1281.1,955.4,325.7,1143.1
2023-09-24,10,2023-09-24T09:00,gcl,Grand Coulee,44.4,44.4,0.0,1281.1,955.2,325.9,1104.1
2023-09-24,11,2023-09-24T10:00,gcl,Grand Coulee,47.5,47.5,0.0,1281.1,955.4,325.7,1180.4
2023-09-24,12,2023-09-24T11:00,gcl,Grand Coulee,48.7,48.7,0.0,1281.1,955.5,325.6,1209.9
2023-09-24,13,2023-09-24T12:00,gcl,Grand Coulee,55.5,55.5,0.0,1281.1,956.1,325.0,1376.3
2023-09-24,14,2023-09-24T13:00,gcl,Grand Coulee,59.5,59.5,0.0,1281.1,956.5,324.6,1473.6
2023-09-24,15,2023-09-24T14:00,gcl,Grand Coulee,65.2,65.2,0.0,1281.1,957.1,324.0,1611.8
2023-09-24,16,2023-09-24T15:00,gcl,Grand Coulee,65.8,65.8,0.0,1281.1,957.3,323.8,1625.7
2023-09-24,17,2023-09-24T16:00,gcl,Grand Coulee,58.9,58.9,0.0,1281.1,956.9,324.2,1457.0
2023-09-24,18,2023-09-24T17:00,gcl,Grand Coulee,62.9,62.9,0.0,1281.1,957.2,323.9,1554.5
2023-09-24,19,2023-09-24T18:00,gcl,Grand Coulee,61.6,61.6,0.0,1281.1,957.2,323.9,1522.4
2023-09-24,20,2023-09-24T19:00,gcl,Grand Coulee,59.6,59.6,0.0,1281.1,957.1,324.0,1473.4
2023-09-24,21,2023-09-24T20:00,gcl,Grand Coulee,50.0,48.5,1.5,1281.1,956.2,324.9,1202.3
2023-09-24,22,2023-09-24T21:00,gcl,Grand Coulee,38.7,38.5,0.2,1281.1,955.2,325.9,957.3
2023-09-24,23,2023-09-24T22:00,gcl,Grand Coulee,36.4,36.4,0.0,1281.1,955.0,326.1,905.7
2023-09-24,24,2023-09-24T23:00,gcl,Grand Coulee,34.1,34.1,0.0,1281.1,955.1,326.0,848.2
2023-09-25,1,2023-09-25T00:00,gcl,Grand Coulee,34.2,34.2,0.0,1281.1,955.1,326.0,850.7
2023-09-25,2,2023-09-25T01:00,gcl,Grand Coulee,32.0,32.0,0.0,1281.1,954.9,326.2,796.4
2023-09-25,3,2023-09-25T02:00,gcl,Grand Coulee,29.8,29.8,0.0,1281.2,954.8,326.4,742.1
2023-09-25,4,2023-09-25T03:00,gcl,Grand Coulee,27.8,27.8,0.0,1281.1,954.7,326.4,692.3
2023-09-25,5,2023-09-25T04:00,gcl,Grand Coulee,29.4,29.4,0.0,1281.1,954.8,326.3,732.0
2023-09-25,6,2023-09-25T05:00,gcl,Grand Coulee,28.4,28.4,0.0,1281.2,954.6,326.6,707.7
2023-09-25,7,2023-09-25T06:00,gcl,Grand Coulee,49.7,49.7,0.0,1281.1,956.0,325.1,1232.8
2023-09-25,8,2023-09-25T07:00,gcl,Grand Coulee,49.0,49.0,0.0,1281.2,956.2,325.0,1215.1
2023-09-25,9,2023-09-25T08:00,gcl,Grand Coulee,46.2,46.2,0.0,1281.2,955.7,325.5,1147.4
2023-09-25,10,2023-09-25T09:00,gcl,Grand Coulee,45.7,45.7,0.0,1281.3,955.6,325.7,1135.7
2023-09-25,11,2023-09-25T10:00,gcl,Grand Coulee,47.2,47.2,0.0,1281.2,955.2,326.0,1174.0
2023-09-25,12,2023-09-25T11:00,gcl,Grand Coulee,46.1,46.1,0.0,1281.2,956.7,324.5,1141.4
2023-09-25,13,2023-09-25T12:00,gcl,Grand Coulee,46.0,46.0,0.0,1281.3,956.2,325.1,1141.0
2023-09-25,14,2023-09-25T13:00,gcl,Grand Coulee,44.2,44.2,0.0,1281.4,956.4,325.0,1096.0
2023-09-25,15,2023-09-25T14:00,gcl,Grand Coulee,52.3,52.3,0.0,1281.4,957.2,324.2,1293.7
2023-09-25,16,2023-09-25T15:00,gcl,Grand Coulee,48.3,48.3,0.0,1281.4,957.1,324.3,1195.1
2023-09-25,17,2023-09-25T16:00,gcl,Grand Coulee,46.3,46.3,0.0,1281.4,956.9,324.5,1146.4
2023-09-25,18,2023-09-25T17:00,gcl,Grand Coulee,51.4,51.4,0.0,1281.3,957.0,324.3,1271.8
2023-09-25,19,2023-09-25T18:00,gcl,Grand Coulee,58.1,58.1,0.0,1281.3,957.6,323.7,1435.0
2023-09-25,20,2023-09-25T19:00,gcl,Grand Coulee,52.0,52.0,0.0,1281.4,956.8,324.6,1287.9
2023-09-25,21,2023-09-25T20:00,gcl,Grand Coulee,58.1,58.1,1.4,1281.4,956.6,324.8,1439.8
2023-09-25,22,2023-09-25T21:00,gcl,Grand Coulee,48.9,48.9,0.01,1281.5,955.9,325.6,1214.8
2023-09-25,23,2023-09-25T22:00,gcl,Grand Coulee,45.4,45.4,0.0,1281.5,955.4,326.1,1129.6
2023-09-25,24,2023-09-25T23:00,gcl,Grand Coulee,36.5,36.5,0.0,1281.5,954.7,326.8,910.1
2023-09-26,1,2023-09-26T00:00,gcl,Grand Coulee,38.8,38.8,0.0,1281.5,955.2,326.3,966.0
2023-09-26,2,2023-09-26T01:00,gcl,Grand Coulee,35.1,35.1,0.0,1281.6,955.1,326.5,874.4
2023-09-26,3,2023-09-26T02:00,gcl,Grand Coulee,31.4,31.4,0.0,1281.6,954.5,327.1,783.7
2023-09-26,4,2023-09-26T03:00,gcl,Grand Coulee,30.9,30.9,0.0,1281.5,954.5,327.0,771.0
2023-09-26,5,2023-09-26T04:00,gcl,Grand Coulee,32.7,32.7,0.0,1281.5,955.0,326.5,814.6
2023-09-26,6,2023-09-26T05:00,gcl,Grand Coulee,38.7,38.7,0.0,1281.5,955.3,326.2,963.2
2023-09-26,7,2023-09-26T06:00,gcl,Grand Coulee,56.3,56.3,0.0,1281.4,956.4,325.0,1396.1
2023-09-26,8,2023-09-26T07:00,gcl,Grand Coulee,58.3,58.3,0.0,1281.4,956.6,324.8,1444.8
2023-09-26,9,2023-09-26T08:00,gcl,Grand Coulee,58.4,58.4,0.0,1281.5,956.3,325.2,1449.1
2023-09-26,10,2023-09-26T09:00,gcl,Grand Coulee,54.8,54.8,0.0,1281.5,955.9,325.6,1361.4
2023-09-26,11,2023-09-26T10:00,gcl,Grand Coulee,47.3,47.3,0.0,1281.5,955.8,325.7,1175.4
2023-09-26,12,2023-09-26T11:00,gcl,Grand Coulee,30.0,30.0,0.0,1281.6,954.8,326.8,748.0
2023-09-26,13,2023-09-26T12:00,gcl,Grand Coulee,28.2,28.2,0.0,1281.6,954.6,327.0,703.6
2023-09-26,14,2023-09-26T13:00,gcl,Grand Coulee,29.8,29.8,0.0,1281.6,955.2,326.4,742.1
2023-09-26,15,2023-09-26T14:00,gcl,Grand Coulee,36.7,36.7,0.0,1281.6,955.7,325.9,912.6
2023-09-26,16,2023-09-26T15:00,gcl,Grand Coulee,46.2,46.2,0.0,1281.6,955.8,325.8,1148.5
2023-09-26,17,2023-09-26T16:00,gcl,Grand Coulee,62.6,62.6,0.0,1281.6,957.0,324.6,1550.4
2023-09-26,18,2023-09-26T17:00,gcl,Grand Coulee,61.0,61.0,0.0,1281.7,957.3,324.4,1509.9
2023-09-26,19,2023-09-26T18:00,gcl,Grand Coulee,61.0,61.0,0.0,1281.7,957.1,324.6,1510.8
2023-09-26,20,2023-09-26T19:00,gcl,Grand Coulee,63.4,63.4,0.0,1281.7,957.2,324.5,1569.7
2023-09-26,21,2023-09-26T20:00,gcl,Grand Coulee,60.7,59.3,1.4,1281.7,957.0,324.7,1469.1
2023-09-26,22,2023-09-26T21:00,gcl,Grand Coulee,53.5,53.0,0.5,1281.7,956.6,325.1,1314.7
2023-09-26,23,2023-09-26T22:00,gcl,Grand Coulee,44.2,44.2,0.0,1281.7,955.9,325.8,1098.7
2023-09-26,24,2023-09-26T23:00,gcl,Grand Coulee,37.2,37.2,0.0,1281.7,955.5,326.2,925.9
2023-09-27,1,2023-09-27T00:00,gcl,Grand Coulee,43.7,43.7,0.0,1281.7,956.0,325.7,1086.0
2023-09-27,2,2023-09-27T01:00,gcl,Grand Coulee,40.0,40.0,0.0,1281.8,956.0,325.8,994.3
2023-09-27,3,2023-09-27T02:00,gcl,Grand Coulee,33.1,33.1,0.0,1281.8,955.3,326.5,824.6
2023-09-27,4,2023-09-27T03:00,gcl,Grand Coulee,31.8,31.8,0.0,1281.8,955.2,326.6,792.4
2023-09-27,5,2023-09-27T04:00,gcl,Grand Coulee,33.2,33.2,0.0,1281.8,955.9,325.9,825.6
2023-09-27,6,2023-09-27T05:00,gcl,Grand Coulee,43.2,43.2,0.0,1281.8,956.4,325.4,1072.6
2023-09-27,7,2023-09-27T06:00,gcl,Grand Coulee,47.7,47.7,0.0,1281.8,956.5,325.3,1183.9
2023-09-27,8,2023-09-27T07:00,gcl,Grand Coulee,49.6,49.6,0.0,1281.8,956.6,325.2,1230.7
2023-09-27,9,2023-09-27T08:00,gcl,Grand Coulee,44.1,44.1,0.0,1281.9,956.2,325.7,1095.9
2023-09-27,10,2023-09-27T09:00,gcl,Grand Coulee,37.1,37.1,0.0,1281.9,955.4,326.5,924.2
2023-09-27,11,2023-09-27T10:00,gcl,Grand Coulee,29.2,29.2,0.0,1281.9,954.8,327.1,728.8
2023-09-27,12,2023-09-27T11:00,gcl,Grand Coulee,26.2,26.2,0.0,1282.0,954.8,327.2,654.1
2023-09-27,13,2023-09-27T12:00,gcl,Grand Coulee,32.5,32.5,0.0,1282.0,955.3,326.7,810.1
2023-09-27,14,2023-09-27T13:00,gcl,Grand Coulee,32.1,32.1,0.0,1282.0,955.3,326.7,800.2
2023-09-27,15,2023-09-27T14:00,gcl,Grand Coulee,37.4,37.4,0.0,1282.0,955.3,326.7,932.3
2023-09-27,16,2023-09-27T15:00,gcl,Grand Coulee,41.4,41.4,0.0,1282.1,955.5,326.6,1031.7
2023-09-27,17,2023-09-27T16:00,gcl,Grand Coulee,50.9,50.9,0.0,1282.1,956.4,325.7,1264.9
2023-09-27,18,2023-09-27T17:00,gcl,Grand Coulee,50.2,50.2,0.0,1282.2,956.4,325.8,1247.9
2023-09-27,19,2023-09-27T18:00,gcl,Grand Coulee,54.3,54.3,0.0,1282.1,956.7,325.4,1348.2
2023-09-27,20,2023-09-27T19:00,gcl,Grand Coulee,58.3,58.3,0.0,1282.1,957.1,325.0,1445.7
2023-09-27,21,2023-09-27T20:00,gcl,Grand Coulee,56.3,54.7,1.5,1282.2,956.5,325.7,1359.3
2023-09-27,22,2023-09-27T21:00,gcl,Grand Coulee,50.0,49.8,0.2,1282.2,955.9,326.3,1239.9
2023-09-27,23,2023-09-27T22:00,gcl,Grand Coulee,47.0,47.0,0.0,1282.2,955.3,326.9,1172.3
2023-09-27,24,2023-09-27T23:00,gcl,Grand Coulee,44.4,44.4,0.0,1282.2,954.9,327.3,1108.8
2023-09-28,1,2023-09-28T00:00,gcl,Grand Coulee,43.7,43.7,0.0,1282.2,955.1,327.1,1090.7
2023-09-28,2,2023-09-28T01:00,gcl,Grand Coulee,43.9,43.9,0.0,1282.2,955.1,327.1,1095.6
2023-09-28,3,2023-09-28T02:00,gcl,Grand Coulee,44.3,44.3,0.0,1282.2,955.0,327.2,1106.0
2023-09-28,4,2023-09-28T03:00,gcl,Grand Coulee,45.2,45.2,0.0,1282.2,955.1,327.1,1128.1
2023-09-28,5,2023-09-28T04:00,gcl,Grand Coulee,48.3,48.3,0.0,1282.1,955.5,326.6,1203.6
2023-09-28,6,2023-09-28T05:00,gcl,Grand Coulee,51.7,51.7,0.0,1282.2,955.8,326.4,1287.6
2023-09-28,7,2023-09-28T06:00,gcl,Grand Coulee,50.8,50.8,0.0,1282.2,955.9,326.3,1264.8
2023-09-28,8,2023-09-28T07:00,gcl,Grand Coulee,59.9,59.9,0.0,1282.2,956.5,325.7,1488.6
2023-09-28,9,2023-09-28T08:00,gcl,Grand Coulee,53.2,53.2,0.0,1282.2,956.4,325.8,1322.5
2023-09-28,10,2023-09-28T09:00,gcl,Grand Coulee,41.9,41.9,0.0,1282.2,955.7,326.5,1043.8
2023-09-28,11,2023-09-28T10:00,gcl,Grand Coulee,32.9,32.9,0.0,1282.2,955.3,326.9,820.6
2023-09-28,12,2023-09-28T11:00,gcl,Grand Coulee,32.8,32.8,0.0,1282.2,955.7,326.5,817.1
2023-09-28,13,2023-09-28T12:00,gcl,Grand Coulee,32.0,32.0,0.0,1282.3,955.7,326.6,797.4
2023-09-28,14,2023-09-28T13:00,gcl,Grand Coulee,30.8,30.8,0.0,1282.4,955.4,327.0,768.5
2023-09-28,15,2023-09-28T14:00,gcl,Grand Coulee,44.1,44.1,0.0,1282.4,956.0,326.4,1098.3
2023-09-28,16,2023-09-28T15:00,gcl,Grand Coulee,32.7,32.7,0.0,1282.4,956.0,326.4,814.4
2023-09-28,17,2023-09-28T16:00,gcl,Grand Coulee,42.8,42.8,0.0,1282.5,956.4,326.1,1064.9
2023-09-28,18,2023-09-28T17:00,gcl,Grand Coulee,64.1,64.1,0.0,1282.4,957.4,325.0,1589.5
2023-09-28,19,2023-09-28T18:00,gcl,Grand Coulee,59.0,59.0,0.0,1282.4,957.8,324.6,1461.3
2023-09-28,20,2023-09-28T19:00,gcl,Grand Coulee,55.9,55.9,0.0,1282.5,957.4,325.1,1386.6
2023-09-28,21,2023-09-28T20:00,gcl,Grand Coulee,57.5,56.0,1.5,1282.5,957.3,325.2,1389.5
2023-09-28,22,2023-09-28T21:00,gcl,Grand Coulee,50.4,50.3,0.1,1282.5,957.2,325.3,1248.5
2023-09-28,23,2023-09-28T22:00,gcl,Grand Coulee,44.1,44.1,0.0,1282.5,956.5,326.0,1096.9
2023-09-28,24,2023-09-28T23:00,gcl,Grand Coulee,47.5,47.5,0.0,1282.6,956.6,326.0,1181.5
2023-09-29,1,2023-09-29T00:00,gcl,Grand Coulee,49.2,49.2,0.0,1282.5,957.0,325.5,1221.9
2023-09-29,2,2023-09-29T01:00,gcl,Grand Coulee,42.3,42.3,0.0,1282.5,956.4,326.1,1052.5
2023-09-29,3,2023-09-29T02:00,gcl,Grand Coulee,50.0,50.0,0.0,1282.5,956.6,325.9,1243.3
2023-09-29,4,2023-09-29T03:00,gcl,Grand Coulee,51.7,51.7,0.0,1282.5,957.2,325.3,1283.2
2023-09-29,5,2023-09-29T04:00,gcl,Grand Coulee,52.4,52.4,0.0,1282.5,957.2,325.3,1300.6
2023-09-29,6,2023-09-29T05:00,gcl,Grand Coulee,49.1,49.1,0.0,1282.5,956.9,325.6,1219.8
2023-09-29,7,2023-09-29T06:00,gcl,Grand Coulee,55.7,55.7,0.0,1282.5,957.5,325.0,1381.2
2023-09-29,8,2023-09-29T07:00,gcl,Grand Coulee,56.8,56.8,0.0,1282.4,957.5,324.9,1408.1
2023-09-29,9,2023-09-29T08:00,gcl,Grand Coulee,56.3,56.3,0.0,1282.5,957.3,325.2,1397.0
2023-09-29,10,2023-09-29T09:00,gcl,Grand Coulee,48.1,48.1,0.0,1282.6,956.6,326.0,1196.4
2023-09-29,11,2023-09-29T10:00,gcl,Grand Coulee,45.5,45.5,0.0,1282.6,956.4,326.2,1132.5
2023-09-29,12,2023-09-29T11:00,gcl,Grand Coulee,45.9,45.9,0.0,1282.6,956.4,326.2,1142.4
2023-09-29,13,2023-09-29T12:00,gcl,Grand Coulee,44.8,44.8,0.0,1282.7,956.3,326.4,1115.7
2023-09-29,14,2023-09-29T13:00,gcl,Grand Coulee,37.7,37.7,0.0,1282.7,956.0,326.7,939.8
2023-09-29,15,2023-09-29T14:00,gcl,Grand Coulee,35.5,35.5,0.0,1282.7,956.0,326.7,884.9
2023-09-29,16,2023-09-29T15:00,gcl,Grand Coulee,37.2,37.2,0.0,1282.7,956.1,326.6,927.0
2023-09-29,17,2023-09-29T16:00,gcl,Grand Coulee,37.0,37.0,0.0,1282.8,956.1,326.7,922.3
2023-09-29,18,2023-09-29T17:00,gcl,Grand Coulee,44.3,44.3,0.0,1282.8,956.5,326.3,1102.9
2023-09-29,19,2023-09-29T18:00,gcl,Grand Coulee,54.9,54.9,0.0,1282.8,957.4,325.4,1363.1
2023-09-29,20,2023-09-29T19:00,gcl,Grand Coulee,49.0,49.0,0.0,1282.8,976.8,306.0,1144.0
2023-09-29,21,2023-09-29T20:00,gcl,Grand Coulee,47.3,45.8,1.5,1282.9,956.5,326.4,1140.6
2023-09-29,22,2023-09-29T21:00,gcl,Grand Coulee,49.1,49.0,0.1,1282.8,956.6,326.2,1219.6
2023-09-29,23,2023-09-29T22:00,gcl,Grand Coulee,53.4,53.4,0.0,1282.9,957.1,325.8,1327.4
2023-09-29,24,2023-09-29T23:00,gcl,Grand Coulee,52.7,52.7,0.0,1282.9,956.8,326.1,1311.3
2023-09-30,1,2023-09-30T00:00,gcl,Grand Coulee,53.4,53.4,0.0,1282.9,956.7,326.2,1329.1
2023-09-30,2,2023-09-30T01:00,gcl,Grand Coulee,54.8,54.8,0.0,1282.9,956.8,326.1,1363.5
2023-09-30,3,2023-09-30T02:00,gcl,Grand Coulee,54.2,54.2,0.0,1283.0,956.7,326.3,1349.4
2023-09-30,4,2023-09-30T03:00,gcl,Grand Coulee,47.6,47.6,0.0,1283.0,956.1,326.9,1187.3
2023-09-30,5,2023-09-30T04:00,gcl,Grand Coulee,52.1,52.1,0.0,1282.9,956.3,326.6,1298.3
2023-09-30,6,2023-09-30T05:00,gcl,Grand Coulee,58.0,58.0,0.0,1282.9,957.0,325.9,1442.2
2023-09-30,7,2023-09-30T06:00,gcl,Grand Coulee,54.2,54.2,0.0,1282.9,956.8,326.1,1348.6
2023-09-30,8,2023-09-30T07:00,gcl,Grand Coulee,55.3,55.3,0.0,1282.8,956.6,326.2,1376.4
2023-09-30,9,2023-09-30T08:00,gcl,Grand Coulee,55.0,55.0,0.0,1282.8,956.7,326.1,1368.5
2023-09-30,10,2023-09-30T09:00,gcl,Grand Coulee,54.9,54.9,0.0,1282.9,957.2,325.7,1364.3
2023-09-30,11,2023-09-30T10:00,gcl,Grand Coulee,57.3,57.3,0.0,1282.8,957.1,325.7,1424.0
2023-09-30,12,2023-09-30T11:00,gcl,Grand Coulee,54.6,54.6,0.0,1282.9,956.9,326.0,1358.1
2023-09-30,13,2023-09-30T12:00,gcl,Grand Coulee,47.1,47.1,0.0,1283.0,956.3,326.7,1174.1
2023-09-30,14,2023-09-30T13:00,gcl,Grand Coulee,48.6,48.6,0.0,1283.0,956.3,326.7,1211.5
2023-09-30,15,2023-09-30T14:00,gcl,Grand Coulee,51.1,51.1,0.0,1283.0,956.5,326.5,1273.0
2023-09-30,16,2023-09-30T15:00,gcl,Grand Coulee,54.5,54.5,0.0,1282.9,956.8,326.1,1356.0
2023-09-30,17,2023-09-30T16:00,gcl,Grand Coulee,42.8,42.8,0.0,1283.0,955.8,327.2,1068.5
2023-09-30,18,2023-09-30T17:00,gcl,Grand Coulee,48.1,48.1,0.0,1283.0,955.9,327.1,1200.5
2023-09-30,19,2023-09-30T18:00,gcl,Grand Coulee,50.5,50.5,0.0,1282.9,956.4,326.5,1258.1
2023-09-30,20,2023-09-30T19:00,gcl,Grand Coulee,53.5,53.5,0.0,1283.0,956.7,326.3,1332.0
2023-09-30,21,2023-09-30T20:00,gcl,Grand Coulee,53.0,51.5,1.5,1283.0,956.5,326.5,1283.0
2023-09-30,22,2023-09-30T21:00,gcl,Grand Coulee,46.9,46.8,0.1,1282.9,956.0,326.9,1167.3
2023-09-30,23,2023-09-30T22:00,gcl,Grand Coulee,41.3,41.3,0.0,1282.9,955.5,327.4,1031.7
2023-09-30,24,2023-09-30T23:00,gcl,Grand Coulee,41.0,41.0,0.0,1283.0,955.2,327.8,1025.5
2023-10-01,1,2023-10-01T00:00,gcl,Grand Coulee,50.8,50.8,0.0,1283.0,955.7,327.3,1268.6
2023-10-01,2,2023-10-01T01:00,gcl,Grand Coulee,58.4,58.4,0.0,1283.0,956.1,326.9,1456.6
2023-10-01,3,2023-10-01T02:00,gcl,Grand Coulee,58.6,58.6,0.0,1283.0,956.2,326.8,1461.2
2023-10-01,4,2023-10-01T03:00,gcl,Grand Coulee,60.0,60.0,0.0,1283.0,956.3,326.7,1495.6
2023-10-01,5,2023-10-01T04:00,gcl,Grand Coulee,64.2,64.2,0.0,1283.0,956.9,326.1,1597.4
2023-10-01,6,2023-10-01T05:00,gcl,Grand Coulee,69.4,69.4,0.0,1282.9,957.5,325.4,1723.1
2023-10-01,7,2023-10-01T06:00,gcl,Grand Coulee,70.0,70.0,0.0,1282.9,957.7,325.2,1736.9
2023-10-01,8,2023-10-01T07:00,gcl,Grand Coulee,67.8,67.8,0.0,1282.9,957.7,325.2,1682.3
2023-10-01,9,2023-10-01T08:00,gcl,Grand Coulee,73.0,73.0,0.0,1282.8,958.2,324.6,1808.0
2023-10-01,10,2023-10-01T09:00,gcl,Grand Coulee,64.1,64.1,0.0,1282.8,958.0,324.8,1588.5
2023-10-01,11,2023-10-01T10:00,gcl,Grand Coulee,55.6,55.6,0.0,1282.8,957.2,325.6,1381.3
2023-10-01,12,2023-10-01T11:00,gcl,Grand Coulee,54.3,54.3,0.0,1282.8,957.2,325.6,1349.0
2023-10-01,13,2023-10-01T12:00,gcl,Grand Coulee,50.6,50.6,0.0,1282.8,957.3,325.5,1256.7
2023-10-01,14,2023-10-01T13:00,gcl,Grand Coulee,52.3,52.3,0.0,1282.8,957.3,325.5,1298.9
2023-10-01,15,2023-10-01T14:00,gcl,Grand Coulee,51.6,51.6,0.0,1282.8,957.2,325.6,1281.9
2023-10-01,16,2023-10-01T15:00,gcl,Grand Coulee,50.4,50.4,0.0,1282.8,957.0,325.8,1252.9
2023-10-01,17,2023-10-01T16:00,gcl,Grand Coulee,44.6,44.6,0.0,1282.8,956.4,326.4,1110.7
2023-10-01,18,2023-10-01T17:00,gcl,Grand Coulee,47.5,47.5,0.0,1282.8,956.5,326.3,1182.6
2023-10-01,19,2023-10-01T18:00,gcl,Grand Coulee,60.7,60.7,0.0,1282.9,957.6,325.3,1506.6
2023-10-01,20,2023-10-01T19:00,gcl,Grand Coulee,63.5,63.5,0.0,1282.8,957.9,324.9,1574.2
2023-10-01,21,2023-10-01T20:00,gcl,Grand Coulee,52.3,52.3,0.0,1282.8,956.9,325.9,1300.5
2023-10-01,22,2023-10-01T21:00,gcl,Grand Coulee,37.7,37.7,0.0,1282.8,955.8,327.0,940.6
2023-10-01,23,2023-10-01T22:00,gcl,Grand Coulee,29.2,29.2,0.0,1282.9,955.4,327.5,729.7
2023-10-01,24,2023-10-01T23:00,gcl,Grand Coulee,33.3,33.3,0.0,1282.9,955.8,327.1,831.1
2023-10-02,1,2023-10-02T00:00,gcl,Grand Coulee,39.6,39.6,0.0,1282.9,956.2,326.7,987.1
2023-10-02,2,2023-10-02T01:00,gcl,Grand Coulee,40.9,40.9,0.0,1282.9,956.0,326.9,1020.1
2023-10-02,3,2023-10-02T02:00,gcl,Grand Coulee,40.0,40.0,0.0,1282.9,955.8,327.1,998.3
2023-10-02,4,2023-10-02T03:00,gcl,Grand Coulee,43.9,43.9,0.0,1282.9,956.3,326.6,1094.0
2023-10-02,5,2023-10-02T04:00,gcl,Grand Coulee,48.7,48.7,0.0,1282.9,956.7,326.2,1212.1
2023-10-02,6,2023-10-02T05:00,gcl,Grand Coulee,58.9,58.9,0.0,1282.9,957.5,325.4,1462.4
2023-10-02,7,2023-10-02T06:00,gcl,Grand Coulee,52.6,52.6,0.0,1283.0,957.1,325.9,1308.0
2023-10-02,8,2023-10-02T07:00,gcl,Grand Coulee,60.2,60.2,0.0,1282.9,957.1,325.8,1496.5
2023-10-02,9,2023-10-02T08:00,gcl,Grand Coulee,50.1,50.1,0.0,1282.9,957.0,325.9,1245.8
2023-10-02,10,2023-10-02T09:00,gcl,Grand Coulee,37.7,37.7,0.0,1282.9,956.1,326.8,940.0
2023-10-02,11,2023-10-02T10:00,gcl,Grand Coulee,40.0,40.0,0.0,1282.9,956.2,326.7,997.1
2023-10-02,12,2023-10-02T11:00,gcl,Grand Coulee,34.4,34.4,0.0,1283.0,956.1,326.9,858.0
2023-10-02,13,2023-10-02T12:00,gcl,Grand Coulee,36.1,36.1,0.0,1283.0,955.9,327.1,901.0
2023-10-02,14,2023-10-02T13:00,gcl,Grand Coulee,36.1,36.1,0.0,1283.0,955.8,327.2,901.2
2023-10-02,15,2023-10-02T14:00,gcl,Grand Coulee,39.5,39.5,0.0,1283.0,956.1,326.9,985.2
2023-10-02,16,2023-10-02T15:00,gcl,Grand Coulee,35.6,35.6,0.0,1283.1,955.7,327.4,889.3
2023-10-02,17,2023-10-02T16:00,gcl,Grand Coulee,38.2,38.2,0.0,1283.1,955.6,327.5,954.6
2023-10-02,18,2023-10-02T17:00,gcl,Grand Coulee,46.9,46.9,0.0,1283.1,956.2,326.9,1169.8
2023-10-02,19,2023-10-02T18:00,gcl,Grand Coulee,51.1,51.1,0.0,1283.1,956.5,326.6,1273.4
2023-10-02,20,2023-10-02T19:00,gcl,Grand Coulee,49.8,49.8,0.0,1283.2,956.3,326.9,1242.1
2023-10-02,21,2023-10-02T20:00,gcl,Grand Coulee,40.6,40.6,0.0,1283.2,955.5,327.7,1015.1
2023-10-02,22,2023-10-02T21:00,gcl,Grand Coulee,40.7,40.7,0.0,1283.2,955.3,327.9,1018.3
2023-10-02,23,2023-10-02T22:00,gcl,Grand Coulee,42.2,42.2,0.0,1283.2,955.3,327.9,1055.8
2023-10-02,24,2023-10-02T23:00,gcl,Grand Coulee,46.3,46.3,0.0,1283.2,955.7,327.5,1157.0
2023-10-03,1,2023-10-03T00:00,gcl,Grand Coulee,44.8,44.8,0.0,1283.2,955.3,327.9,1120.8
2023-10-03,2,2023-10-03T01:00,gcl,Grand Coulee,44.3,44.3,0.0,1283.2,955.4,327.8,1108.0
2023-10-03,3,2023-10-03T02:00,gcl,Grand Coulee,44.5,44.5,0.0,1283.3,955.5,327.8,1113.0
2023-10-03,4,2023-10-03T03:00,gcl,Grand Coulee,44.2,44.2,0.0,1283.3,955.5,327.8,1105.5
2023-10-03,5,2023-10-03T04:00,gcl,Grand Coulee,44.6,44.6,0.0,1283.2,955.6,327.6,1114.8
2023-10-03,6,2023-10-03T05:00,gcl,Grand Coulee,48.0,48.0,0.0,1283.2,955.9,327.3,1198.7
2023-10-03,7,2023-10-03T06:00,gcl,Grand Coulee,52.6,52.6,0.0,1283.2,956.3,326.9,1312.0
2023-10-03,8,2023-10-03T07:00,gcl,Grand Coulee,57.8,57.8,0.0,1283.1,956.6,326.5,1439.9
2023-10-03,9,2023-10-03T08:00,gcl,Grand Coulee,57.5,57.5,0.0,1283.1,956.7,326.4,1432.0
2023-10-03,10,2023-10-03T09:00,gcl,Grand Coulee,52.9,52.9,0.0,1283.2,956.3,326.9,1319.5
2023-10-03,11,2023-10-03T10:00,gcl,Grand Coulee,50.8,50.8,0.0,1283.2,956.2,327.0,1267.5
2023-10-03,12,2023-10-03T11:00,gcl,Grand Coulee,50.8,50.8,0.0,1283.2,956.3,326.9,1267.1
2023-10-03,13,2023-10-03T12:00,gcl,Grand Coulee,48.1,48.1,0.0,1283.2,956.2,327.0,1200.1
2023-10-03,14,2023-10-03T13:00,gcl,Grand Coulee,42.9,42.9,0.0,1283.2,955.8,327.4,1071.7
2023-10-03,15,2023-10-03T14:00,gcl,Grand Coulee,35.4,35.4,0.0,1283.2,955.4,327.8,885.4
2023-10-03,16,2023-10-03T15:00,gcl,Grand Coulee,30.2,30.2,0.0,1283.3,955.2,328.1,756.0
2023-10-03,17,2023-10-03T16:00,gcl,Grand Coulee,26.1,26.1,0.0,1283.3,955.1,328.2,653.6
2023-10-03,18,2023-10-03T17:00,gcl,Grand Coulee,47.9,47.9,0.0,1283.3,956.5,326.8,1194.4
2023-10-03,19,2023-10-03T18:00,gcl,Grand Coulee,60.9,60.9,0.0,1283.3,957.7,325.6,1513.0
2023-10-03,20,2023-10-03T19:00,gcl,Grand Coulee,55.5,55.5,0.0,1283.3,957.1,326.2,1381.3
2023-10-03,21,2023-10-03T20:00,gcl,Grand Coulee,47.2,47.2,0.0,1283.3,956.0,327.3,1178.7
2023-10-03,22,2023-10-03T21:00,gcl,Grand Coulee,41.9,41.9,0.0,1283.3,955.8,327.5,1047.0
2023-10-03,23,2023-10-03T22:00,gcl,Grand Coulee,39.0,39.0,0.0,1283.4,955.8,327.6,974.8
2023-10-03,24,2023-10-03T23:00,gcl,Grand Coulee,35.1,35.1,0.0,1283.4,955.4,328.0,878.4
2023-10-04,1,2023-10-04T00:00,gcl,Grand Coulee,34.7,34.7,0.0,1283.43,955.4,328.03,868.5
2023-10-04,2,2023-10-04T01:00,gcl,Grand Coulee,33.2,33.2,0.0,1283.4,955.4,328.0,830.9
2023-10-04,3,2023-10-04T02:00,gcl,Grand Coulee,37.6,37.6,0.0,1283.4,955.7,327.7,940.1
2023-10-04,4,2023-10-04T03:00,gcl,Grand Coulee,36.6,36.6,0.0,1283.5,955.5,328.0,916.0
2023-10-04,5,2023-10-04T04:00,gcl,Grand Coulee,39.2,39.2,0.0,1283.5,955.6,327.9,980.7
2023-10-04,6,2023-10-04T05:00,gcl,Grand Coulee,49.8,49.8,0.0,1283.5,956.3,327.2,1243.3
2023-10-04,7,2023-10-04T06:00,gcl,Grand Coulee,54.8,54.8,0.0,1283.5,956.8,326.7,1366.0
2023-10-04,8,2023-10-04T07:00,gcl,Grand Coulee,61.6,61.6,0.0,1283.4,957.3,326.1,1532.7
2023-10-04,9,2023-10-04T08:00,gcl,Grand Coulee,55.6,55.6,0.0,1283.4,956.8,326.6,1385.5
2023-10-04,10,2023-10-04T09:00,gcl,Grand Coulee,49.4,49.4,0.0,1283.4,956.3,327.1,1232.9
2023-10-04,11,2023-10-04T10:00,gcl,Grand Coulee,44.0,44.0,0.0,1283.4,955.9,327.5,1099.5
2023-10-04,12,2023-10-04T11:00,gcl,Grand Coulee,42.8,42.8,0.0,1283.5,956.1,327.4,1069.2
2023-10-04,13,2023-10-04T12:00,gcl,Grand Coulee,44.5,44.5,0.0,1283.5,956.3,327.2,1111.0
2023-10-04,14,2023-10-04T13:00,gcl,Grand Coulee,43.3,43.3,0.0,1283.5,956.4,327.1,1080.7
2023-10-04,15,2023-10-04T14:00,gcl,Grand Coulee,40.7,40.7,0.0,1283.5,956.2,327.3,1016.4
2023-10-04,16,2023-10-04T15:00,gcl,Grand Coulee,47.5,47.5,0.0,1283.5,956.5,327.0,1185.1
2023-10-04,17,2023-10-04T16:00,gcl,Grand Coulee,50.0,50.0,0.0,1283.5,956.7,326.8,1246.7
2023-10-04,18,2023-10-04T17:00,gcl,Grand Coulee,65.1,65.1,0.0,1283.5,957.7,325.8,1618.3
2023-10-04,19,2023-10-04T18:00,gcl,Grand Coulee,65.8,65.8,0.0,1283.5,958.1,325.4,1633.7
2023-10-04,20,2023-10-04T19:00,gcl,Grand Coulee,64.9,64.9,0.0,1283.5,957.9,325.6,1612.3
2023-10-04,21,2023-10-04T20:00,gcl,Grand Coulee,58.4,58.4,0.0,1283.5,957.2,326.3,1454.0
2023-10-04,22,2023-10-04T21:00,gcl,Grand Coulee,54.9,54.9,0.0,1283.5,956.8,326.7,1368.5
2023-10-04,23,2023-10-04T22:00,gcl,Grand Coulee,40.5,40.5,0.0,1283.5,955.7,327.8,1013.0
2023-10-04,24,2023-10-04T23:00,gcl,Grand Coulee,37.3,37.3,0.0,1283.5,955.5,328.0,933.5
2023-10-05,1,2023-10-05T00:00,gcl,Grand Coulee,39.1,39.1,0.0,1283.5,955.6,327.9,978.2
2023-10-05,2,2023-10-05T01:00,gcl,Grand Coulee,39.0,39.0,0.0,1283.5,955.6,327.9,975.7
2023-10-05,3,2023-10-05T02:00,gcl,Grand Coulee,37.7,37.7,0.0,1283.6,955.4,328.2,944.1
2023-10-05,4,2023-10-05T03:00,gcl,Grand Coulee,41.2,41.2,0.0,1283.6,955.5,328.1,1031.4
2023-10-05,5,2023-10-05T04:00,gcl,Grand Coulee,45.4,45.4,0.0,1283.6,955.9,327.7,1135.2
2023-10-05,6,2023-10-05T05:00,gcl,Grand Coulee,46.5,46.5,0.0,1283.6,956.0,327.6,1162.3
2023-10-05,7,2023-10-05T06:00,gcl,Grand Coulee,76.9,76.9,0.0,1283.5,957.9,325.6,1910.4
2023-10-05,8,2023-10-05T07:00,gcl,Grand Coulee,83.6,83.6,0.0,1283.4,959.0,324.4,2069.2
2023-10-05,9,2023-10-05T08:00,gcl,Grand Coulee,76.1,76.1,0.0,1283.5,958.5,325.0,1887.1
2023-10-05,10,2023-10-05T09:00,gcl,Grand Coulee,69.7,69.7,0.0,1283.5,957.7,325.8,1732.6
2023-10-05,11,2023-10-05T10:00,gcl,Grand Coulee,67.5,67.5,0.0,1283.5,957.8,325.7,1677.4
2023-10-05,12,2023-10-05T11:00,gcl,Grand Coulee,69.5,69.5,0.0,1283.5,958.1,325.4,1725.5
2023-10-05,13,2023-10-05T12:00,gcl,Grand Coulee,68.0,68.0,0.0,1283.5,958.0,325.5,1688.8
2023-10-05,14,2023-10-05T13:00,gcl,Grand Coulee,73.9,73.9,0.0,1283.4,958.4,325.0,1832.5
2023-10-05,15,2023-10-05T14:00,gcl,Grand Coulee,69.8,69.8,0.0,1283.4,958.1,325.3,1732.5
2023-10-05,16,2023-10-05T15:00,gcl,Grand Coulee,69.1,69.1,0.0,1283.4,957.9,325.5,1716.1
2023-10-05,17,2023-10-05T16:00,gcl,Grand Coulee,66.4,66.4,0.0,1283.5,957.7,325.8,1650.6
2023-10-05,18,2023-10-05T17:00,gcl,Grand Coulee,70.9,70.9,0.0,1283.5,958.0,325.5,1760.8
2023-10-05,19,2023-10-05T18:00,gcl,Grand Coulee,80.8,80.8,0.0,1283.4,958.9,324.5,2000.6
2023-10-05,20,2023-10-05T19:00,gcl,Grand Coulee,73.2,73.2,0.0,1283.4,958.6,324.8,1814.1
2023-10-05,21,2023-10-05T20:00,gcl,Grand Coulee,54.4,54.4,0.0,1283.4,956.9,326.5,1355.2
2023-10-05,22,2023-10-05T21:00,gcl,Grand Coulee,49.3,49.3,0.0,1283.4,956.2,327.2,1230.8
2023-10-05,23,2023-10-05T22:00,gcl,Grand Coulee,43.1,43.1,0.0,1283.4,956.0,327.4,1076.7
2023-10-05,24,2023-10-05T23:00,gcl,Grand Coulee,38.9,38.9,0.0,1283.4,955.8,327.6,972.3
2023-10-06,1,2023-10-06T00:00,gcl,Grand Coulee,37.4,37.4,0.0,1283.4,955.6,327.8,935.4
2023-10-06,2,2023-10-06T01:00,gcl,Grand Coulee,34.8,34.8,0.0,1283.4,955.5,327.9,870.7
2023-10-06,3,2023-10-06T02:00,gcl,Grand Coulee,33.8,33.8,0.0,1283.5,955.4,328.1,846.2
2023-10-06,4,2023-10-06T03:00,gcl,Grand Coulee,33.8,33.8,0.0,1283.5,955.5,328.0,845.9
2023-10-06,5,2023-10-06T04:00,gcl,Grand Coulee,31.3,31.3,0.0,1283.5,955.2,328.3,784.0
2023-10-06,6,2023-10-06T05:00,gcl,Grand Coulee,33.3,33.3,0.0,1283.5,955.3,328.2,833.9
2023-10-06,7,2023-10-06T06:00,gcl,Grand Coulee,45.8,45.8,0.0,1283.5,956.1,327.4,1144.1
2023-10-06,8,2023-10-06T07:00,gcl,Grand Coulee,56.8,56.8,0.0,1283.5,957.0,326.5,1415.0
2023-10-06,9,2023-10-06T08:00,gcl,Grand Coulee,60.4,60.4,0.0,1283.5,957.0,326.5,1504.7
2023-10-06,10,2023-10-06T09:00,gcl,Grand Coulee,57.9,57.9,0.0,1283.5,956.9,326.6,1442.8
2023-10-06,11,2023-10-06T10:00,gcl,Grand Coulee,53.6,53.6,0.0,1283.5,956.7,326.8,1336.5
2023-10-06,12,2023-10-06T11:00,gcl,Grand Coulee,52.1,52.1,0.0,1283.5,956.8,326.7,1298.7
2023-10-06,13,2023-10-06T12:00,gcl,Grand Coulee,48.5,48.5,0.0,1283.6,956.8,326.8,1209.3
2023-10-06,14,2023-10-06T13:00,gcl,Grand Coulee,53.3,53.3,0.0,1283.5,957.2,326.3,1327.0
2023-10-06,15,2023-10-06T14:00,gcl,Grand Coulee,57.7,57.7,0.0,1283.4,957.5,325.9,1434.8
2023-10-06,16,2023-10-06T15:00,gcl,Grand Coulee,64.7,64.7,0.0,1283.4,958.3,325.1,1604.9
2023-10-06,17,2023-10-06T16:00,gcl,Grand Coulee,63.0,63.0,0.0,1283.5,958.3,325.2,1563.2
2023-10-06,18,2023-10-06T17:00,gcl,Grand Coulee,68.2,68.2,0.0,1283.5,958.6,324.9,1690.7
2023-10-06,19,2023-10-06T18:00,gcl,Grand Coulee,93.2,93.2,0.0,1283.4,960.3,323.1,2297.6
2023-10-06,20,2023-10-06T19:00,gcl,Grand Coulee,79.7,79.7,0.0,1283.5,959.7,323.8,1969.1
2023-10-06,21,2023-10-06T20:00,gcl,Grand Coulee,61.4,61.4,0.0,1283.5,957.9,325.6,1525.4
2023-10-06,22,2023-10-06T21:00,gcl,Grand Coulee,62.1,62.1,0.0,1283.4,957.6,325.8,1543.7
2023-10-06,23,2023-10-06T22:00,gcl,Grand Coulee,53.1,53.1,0.0,1283.4,957.1,326.3,1322.0
2023-10-06,24,2023-10-06T23:00,gcl,Grand Coulee,48.4,48.4,0.0,1283.5,956.7,326.8,1206.8
2023-10-07,1,2023-10-07T00:00,gcl,Grand Coulee,49.6,49.6,0.0,1283.4,956.8,326.6,1236.0
2023-10-07,2,2023-10-07T01:00,gcl,Grand Coulee,41.2,41.2,0.0,1283.4,956.6,326.8,1027.3
2023-10-07,3,2023-10-07T02:00,gcl,Grand Coulee,34.0,34.0,0.0,1283.5,956.0,327.5,849.6
2023-10-07,4,2023-10-07T03:00,gcl,Grand Coulee,29.3,29.3,0.0,1283.5,955.7,327.8,732.8
2023-10-07,5,2023-10-07T04:00,gcl,Grand Coulee,29.9,29.9,0.0,1283.5,956.0,327.5,747.1
2023-10-07,6,2023-10-07T05:00,gcl,Grand Coulee,27.5,27.5,0.0,1283.5,955.8,327.7,687.6
2023-10-07,7,2023-10-07T06:00,gcl,Grand Coulee,44.4,44.4,0.0,1283.5,956.6,326.9,1107.4
2023-10-07,8,2023-10-07T07:00,gcl,Grand Coulee,47.5,47.5,0.0,1283.5,956.9,326.6,1183.7
2023-10-07,9,2023-10-07T08:00,gcl,Grand Coulee,48.4,48.4,0.0,1283.5,956.8,326.7,1206.5
2023-10-07,10,2023-10-07T09:00,gcl,Grand Coulee,47.8,47.8,0.0,1283.5,956.6,326.9,1192.3
2023-10-07,11,2023-10-07T10:00,gcl,Grand Coulee,47.9,47.9,0.0,1283.6,956.8,326.8,1194.4
2023-10-07,12,2023-10-07T11:00,gcl,Grand Coulee,48.7,48.7,0.0,1283.6,956.8,326.8,1214.3
2023-10-07,13,2023-10-07T12:00,gcl,Grand Coulee,52.3,52.3,0.0,1283.6,957.0,326.6,1303.3
2023-10-07,14,2023-10-07T13:00,gcl,Grand Coulee,54.5,54.5,0.0,1283.6,957.2,326.4,1357.3
2023-10-07,15,2023-10-07T14:00,gcl,Grand Coulee,55.3,55.3,0.0,1283.5,957.3,326.2,1376.4
2023-10-07,16,2023-10-07T15:00,gcl,Grand Coulee,58.1,58.1,0.0,1283.5,957.4,326.1,1445.6
2023-10-07,17,2023-10-07T16:00,gcl,Grand Coulee,58.3,58.3,0.0,1283.6,957.4,326.2,1451.0
2023-10-07,18,2023-10-07T17:00,gcl,Grand Coulee,82.6,82.6,0.0,1283.5,959.0,324.5,2045.1
2023-10-07,19,2023-10-07T18:00,gcl,Grand Coulee,91.1,91.1,0.0,1283.5,960.2,323.3,2247.2
2023-10-07,20,2023-10-07T19:00,gcl,Grand Coulee,75.9,75.9,0.0,1283.5,959.1,324.4,1878.7
2023-10-07,21,2023-10-07T20:00,gcl,Grand Coulee,68.8,68.8,0.0,1283.6,958.1,325.5,1708.7
2023-10-07,22,2023-10-07T21:00,gcl,Grand Coulee,55.4,55.4,0.0,1283.5,957.1,326.4,1379.7
2023-10-07,23,2023-10-07T22:00,gcl,Grand Coulee,44.2,44.2,0.0,1283.6,956.1,327.5,1104.5
2023-10-07,24,2023-10-07T23:00,gcl,Grand Coulee,35.6,35.6,0.0,1283.6,955.4,328.2,891.5
2023-10-08,1,2023-10-08T00:00,gcl,Grand Coulee,35.9,35.9,0.0,1283.5,955.4,328.1,898.7
2023-10-08,2,2023-10-08T01:00,gcl,Grand Coulee,35.2,35.2,0.0,1283.5,955.8,327.7,880.1
2023-10-08,3,2023-10-08T02:00,gcl,Grand Coulee,33.3,33.3,0.0,1283.6,955.2,328.4,834.4
2023-10-08,4,2023-10-08T03:00,gcl,Grand Coulee,33.4,33.4,0.0,1283.6,955.1,328.5,837.2
2023-10-08,5,2023-10-08T04:00,gcl,Grand Coulee,32.5,32.5,0.0,1283.6,955.3,328.3,814.1
2023-10-08,6,2023-10-08T05:00,gcl,Grand Coulee,32.9,32.9,0.0,1283.6,955.4,328.2,823.9
2023-10-08,7,2023-10-08T06:00,gcl,Grand Coulee,37.6,37.6,0.0,1283.6,955.5,328.1,941.3
2023-10-08,8,2023-10-08T07:00,gcl,Grand Coulee,40.4,40.4,0.0,1283.5,955.8,327.7,1010.1
2023-10-08,9,2023-10-08T08:00,gcl,Grand Coulee,37.6,37.6,0.0,1283.6,955.7,327.9,940.7
2023-10-08,10,2023-10-08T09:00,gcl,Grand Coulee,42.5,42.5,0.0,1283.6,955.7,327.9,1063.3
2023-10-08,11,2023-10-08T10:00,gcl,Grand Coulee,43.2,43.2,0.0,1283.6,955.8,327.8,1080.5
2023-10-08,12,2023-10-08T11:00,gcl,Grand Coulee,50.3,50.3,0.0,1283.6,956.1,327.5,1256.9
2023-10-08,13,2023-10-08T12:00,gcl,Grand Coulee,51.3,51.3,0.0,1283.6,956.2,327.4,1281.5
2023-10-08,14,2023-10-08T13:00,gcl,Grand Coulee,53.0,53.0,0.0,1283.6,956.4,327.2,1323.2
2023-10-08,15,2023-10-08T14:00,gcl,Grand Coulee,55.9,55.9,0.0,1283.6,956.6,327.0,1394.7
2023-10-08,16,2023-10-08T15:00,gcl,Grand Coulee,66.4,66.4,0.0,1283.6,957.4,326.2,1652.6
2023-10-08,17,2023-10-08T16:00,gcl,Grand Coulee,71.7,71.7,0.0,1283.5,957.8,325.7,1781.8
2023-10-08,18,2023-10-08T17:00,gcl,Grand Coulee,105.2,105.2,0.0,1283.4,960.2,323.2,2594.2
2023-10-08,19,2023-10-08T18:00,gcl,Grand Coulee,104.0,104.0,0.0,1283.4,960.9,322.5,2559.1
2023-10-08,20,2023-10-08T19:00,gcl,Grand Coulee,96.4,96.4,0.0,1283.4,960.3,323.1,2376.5
2023-10-08,21,2023-10-08T20:00,gcl,Grand Coulee,82.2,82.2,0.0,1283.4,959.1,324.3,2034.0
2023-10-08,22,2023-10-08T21:00,gcl,Grand Coulee,57.6,57.6,0.0,1283.4,957.1,326.3,1434.0
2023-10-08,23,2023-10-08T22:00,gcl,Grand Coulee,45.7,45.7,0.0,1283.4,955.8,327.6,1142.3
2023-10-08,24,2023-10-08T23:00,gcl,Grand Coulee,38.7,38.7,0.0,1283.4,955.4,328.0,968.5
2023-10-09,1,2023-10-09T00:00,gcl,Grand Coulee,42.6,42.6,0.0,1283.3,956.1,327.2,1063.5
2023-10-09,2,2023-10-09T01:00,gcl,Grand Coulee,44.0,44.0,0.0,1283.3,956.0,327.3,1098.8
2023-10-09,3,2023-10-09T02:00,gcl,Grand Coulee,39.5,39.5,0.0,1283.3,955.6,327.7,987.6
2023-10-09,4,2023-10-09T03:00,gcl,Grand Coulee,35.3,35.3,0.0,1283.4,955.2,328.2,884.0
2023-10-09,5,2023-10-09T04:00,gcl,Grand Coulee,37.3,37.3,0.0,1283.4,955.6,327.8,932.9
2023-10-09,6,2023-10-09T05:00,gcl,Grand Coulee,42.0,42.0,0.0,1283.5,955.9,327.6,1049.8
2023-10-09,7,2023-10-09T06:00,gcl,Grand Coulee,40.2,40.2,0.0,1283.4,955.6,327.8,1005.4
2023-10-09,8,2023-10-09T07:00,gcl,Grand Coulee,49.1,49.1,0.0,1283.4,956.0,327.4,1226.5
2023-10-09,9,2023-10-09T08:00,gcl,Grand Coulee,44.4,44.4,0.0,1283.4,955.8,327.6,1109.8
2023-10-09,10,2023-10-09T09:00,gcl,Grand Coulee,42.4,42.4,0.0,1283.4,955.6,327.8,1060.5
2023-10-09,11,2023-10-09T10:00,gcl,Grand Coulee,43.5,43.5,0.0,1283.4,955.9,327.5,1087.0
2023-10-09,12,2023-10-09T11:00,gcl,Grand Coulee,49.3,49.3,0.0,1283.5,956.5,327.0,1230.0
2023-10-09,13,2023-10-09T12:00,gcl,Grand Coulee,48.3,48.3,0.0,1283.5,956.3,327.2,1205.8
2023-10-09,14,2023-10-09T13:00,gcl,Grand Coulee,45.6,45.6,0.0,1283.5,956.0,327.5,1139.5
2023-10-09,15,2023-10-09T14:00,gcl,Grand Coulee,44.4,44.4,0.0,1283.5,956.1,327.4,1109.1
2023-10-09,16,2023-10-09T15:00,gcl,Grand Coulee,40.9,40.9,0.0,1283.5,955.9,327.6,1022.3
2023-10-09,17,2023-10-09T16:00,gcl,Grand Coulee,47.8,47.8,0.0,1283.5,956.3,327.2,1193.3
2023-10-09,18,2023-10-09T17:00,gcl,Grand Coulee,72.5,72.5,0.0,1283.4,958.2,325.2,1798.9
2023-10-09,19,2023-10-09T18:00,gcl,Grand Coulee,87.1,87.1,0.0,1283.4,959.7,323.7,2151.2
2023-10-09,20,2023-10-09T19:00,gcl,Grand Coulee,78.0,78.0,0.0,1283.5,959.1,324.4,1930.6
2023-10-09,21,2023-10-09T20:00,gcl,Grand Coulee,61.4,61.4,0.0,1283.5,957.5,326.0,1527.3
2023-10-09,22,2023-10-09T21:00,gcl,Grand Coulee,54.7,54.7,0.0,1283.5,957.0,326.5,1362.7
2023-10-09,23,2023-10-09T22:00,gcl,Grand Coulee,55.0,55.0,0.0,1283.5,957.2,326.3,1369.3
2023-10-09,24,2023-10-09T23:00,gcl,Grand Coulee,39.3,39.3,0.0,1283.6,956.2,327.4,981.7
2023-10-10,1,2023-10-10T00:00,gcl,Grand Coulee,34.9,34.9,0.0,1283.4,956.1,327.3,871.6
2023-10-10,2,2023-10-10T01:00,gcl,Grand Coulee,34.9,34.9,0.0,1283.4,956.1,327.3,871.6
2023-10-10,3,2023-10-10T02:00,gcl,Grand Coulee,36.5,36.5,0.0,1283.5,956.3,327.2,911.2
2023-10-10,4,2023-10-10T03:00,gcl,Grand Coulee,35.5,35.5,0.0,1283.6,956.0,327.6,887.4
2023-10-10,5,2023-10-10T04:00,gcl,Grand Coulee,39.9,39.9,0.0,1283.5,956.3,327.2,996.1
2023-10-10,6,2023-10-10T05:00,gcl,Grand Coulee,41.9,41.9,0.0,1283.6,956.6,327.0,1045.4
2023-10-10,7,2023-10-10T06:00,gcl,Grand Coulee,50.4,50.4,0.0,1283.6,957.1,326.5,1255.6
2023-10-10,8,2023-10-10T07:00,gcl,Grand Coulee,60.9,60.9,0.0,1283.5,957.7,325.8,1513.9
2023-10-10,9,2023-10-10T08:00,gcl,Grand Coulee,65.5,65.5,0.0,1283.5,958.0,325.5,1626.7
2023-10-10,10,2023-10-10T09:00,gcl,Grand Coulee,68.8,68.8,0.0,1283.5,958.2,325.3,1707.6
2023-10-10,11,2023-10-10T10:00,gcl,Grand Coulee,61.5,61.5,0.0,1283.6,957.7,325.9,1529.3
2023-10-10,12,2023-10-10T11:00,gcl,Grand Coulee,56.4,56.4,0.0,1283.6,957.5,326.1,1403.3
2023-10-10,13,2023-10-10T12:00,gcl,Grand Coulee,41.9,41.9,0.0,1283.7,956.5,327.2,1046.0
2023-10-10,14,2023-10-10T13:00,gcl,Grand Coulee,39.0,39.0,0.0,1283.7,956.2,327.5,974.5
2023-10-10,15,2023-10-10T14:00,gcl,Grand Coulee,52.9,52.9,0.0,1283.6,956.8,326.8,1319.1
2023-10-10,16,2023-10-10T15:00,gcl,Grand Coulee,47.1,47.1,0.0,1283.6,956.1,327.5,1176.9
2023-10-10,17,2023-10-10T16:00,gcl,Grand Coulee,49.6,49.6,0.0,1283.6,956.5,327.1,1237.9
2023-10-10,18,2023-10-10T17:00,gcl,Grand Coulee,67.8,67.8,0.0,1283.6,957.9,325.7,1684.9
2023-10-10,19,2023-10-10T18:00,gcl,Grand Coulee,84.1,84.1,0.0,1283.6,959.5,324.1,2079.7
2023-10-10,20,2023-10-10T19:00,gcl,Grand Coulee,78.6,78.6,0.0,1283.7,958.9,324.8,1947.9
2023-10-10,21,2023-10-10T20:00,gcl,Grand Coulee,73.9,73.9,0.0,1283.7,958.0,325.7,1836.5
2023-10-10,22,2023-10-10T21:00,gcl,Grand Coulee,61.9,61.9,0.0,1283.6,957.1,326.5,1542.0
2023-10-10,23,2023-10-10T22:00,gcl,Grand Coulee,58.7,58.7,0.0,1283.6,956.5,327.1,1465.0
2023-10-10,24,2023-10-10T23:00,gcl,Grand Coulee,42.4,42.4,0.0,1283.7,955.5,328.2,1061.8
2023-10-11,1,2023-10-11T00:00,gcl,Grand Coulee,39.6,39.6,0.0,1283.7,955.2,328.5,992.6
2023-10-11,2,2023-10-11T01:00,gcl,Grand Coulee,41.8,41.8,0.0,1283.6,955.5,328.1,1046.4
2023-10-11,3,2023-10-11T02:00,gcl,Grand Coulee,38.4,38.4,0.0,1283.7,955.4,328.3,961.9
2023-10-11,4,2023-10-11T03:00,gcl,Grand Coulee,39.6,39.6,0.0,1283.7,955.2,328.5,992.6
2023-10-11,5,2023-10-11T04:00,gcl,Grand Coulee,47.3,47.3,0.0,1283.7,955.9,327.8,1183.0
2023-10-11,6,2023-10-11T05:00,gcl,Grand Coulee,52.3,52.3,0.0,1283.6,956.3,327.3,1306.1
2023-10-11,7,2023-10-11T06:00,gcl,Grand Coulee,53.0,53.0,0.0,1283.7,956.2,327.5,1324.4
2023-10-11,8,2023-10-11T07:00,gcl,Grand Coulee,56.7,56.7,0.0,1283.6,956.2,327.4,1416.4
2023-10-11,9,2023-10-11T08:00,gcl,Grand Coulee,54.3,54.3,0.0,1283.6,956.1,327.5,1356.9
2023-10-11,10,2023-10-11T09:00,gcl,Grand Coulee,50.2,50.2,0.0,1283.7,955.5,328.2,1257.1
2023-10-11,11,2023-10-11T10:00,gcl,Grand Coulee,55.1,55.1,0.0,1283.7,955.7,328.0,1379.0
2023-10-11,12,2023-10-11T11:00,gcl,Grand Coulee,52.3,52.3,0.0,1283.7,955.7,328.0,1308.9
2023-10-11,13,2023-10-11T12:00,gcl,Grand Coulee,48.1,48.1,0.0,1283.8,955.5,328.3,1204.9
2023-10-11,14,2023-10-11T13:00,gcl,Grand Coulee,49.4,49.4,0.0,1283.8,955.5,328.3,1237.4
2023-10-11,15,2023-10-11T14:00,gcl,Grand Coulee,43.4,43.4,0.0,1283.7,955.5,328.2,1086.8
2023-10-11,16,2023-10-11T15:00,gcl,Grand Coulee,41.3,41.3,0.0,1283.8,955.5,328.3,1034.5
2023-10-11,17,2023-10-11T16:00,gcl,Grand Coulee,45.3,45.3,0.0,1283.8,955.6,328.2,1134.4
2023-10-11,18,2023-10-11T17:00,gcl,Grand Coulee,66.6,66.6,0.0,1283.8,957.4,326.4,1658.6
2023-10-11,19,2023-10-11T18:00,gcl,Grand Coulee,79.1,79.1,0.0,1283.7,958.7,325.0,1961.5
2023-10-11,20,2023-10-11T19:00,gcl,Grand Coulee,71.8,71.8,0.0,1283.8,958.2,325.6,1783.7
2023-10-11,21,2023-10-11T20:00,gcl,Grand Coulee,63.2,63.2,0.0,1283.8,957.3,326.5,1574.4
2023-10-11,22,2023-10-11T21:00,gcl,Grand Coulee,62.7,62.7,0.0,1283.8,957.4,326.4,1561.5
2023-10-11,23,2023-10-11T22:00,gcl,Grand Coulee,59.9,59.9,0.0,1283.8,957.3,326.5,1492.2
2023-10-11,24,2023-10-11T23:00,gcl,Grand Coulee,54.5,54.5,0.0,1283.8,956.9,326.9,1359.4
2023-10-12,1,2023-10-12T00:00,gcl,Grand Coulee,40.8,40.8,0.0,1283.8,955.8,328.0,1021.1
2023-10-12,2,2023-10-12T01:00,gcl,Grand Coulee,42.0,42.0,0.0,1283.7,955.9,327.8,1050.5
2023-10-12,3,2023-10-12T02:00,gcl,Grand Coulee,40.7,40.7,0.0,1283.8,956.4,327.4,1016.7
2023-10-12,4,2023-10-12T03:00,gcl,Grand Coulee,43.5,43.5,0.0,1283.8,956.4,327.4,1086.7
2023-10-12,5,2023-10-12T04:00,gcl,Grand Coulee,45.6,45.6,0.0,1283.8,956.4,327.4,1139.1
2023-10-12,6,2023-10-12T05:00,gcl,Grand Coulee,53.1,53.1,0.0,1283.8,957.1,326.7,1323.6
2023-10-12,7,2023-10-12T06:00,gcl,Grand Coulee,65.4,65.4,0.0,1283.7,958.0,325.7,1625.2
2023-10-12,8,2023-10-12T07:00,gcl,Grand Coulee,77.9,77.9,0.0,1283.7,958.8,324.9,1931.1
2023-10-12,9,2023-10-12T08:00,gcl,Grand Coulee,82.3,82.3,0.0,1283.6,959.3,324.3,2036.4
2023-10-12,10,2023-10-12T09:00,gcl,Grand Coulee,81.6,81.6,0.0,1283.7,959.0,324.7,2021.6
2023-10-12,11,2023-10-12T10:00,gcl,Grand Coulee,79.2,79.2,0.0,1283.7,958.7,325.0,1964.0
2023-10-12,12,2023-10-12T11:00,gcl,Grand Coulee,61.4,61.4,0.0,1283.7,957.5,326.2,1528.2
2023-10-12,13,2023-10-12T12:00,gcl,Grand Coulee,64.3,64.3,0.0,1283.7,957.4,326.3,1600.9
2023-10-12,14,2023-10-12T13:00,gcl,Grand Coulee,53.4,53.4,0.0,1283.7,956.8,326.9,1331.9
2023-10-12,15,2023-10-12T14:00,gcl,Grand Coulee,47.7,47.7,0.0,1283.7,956.6,327.1,1190.5
2023-10-12,16,2023-10-12T15:00,gcl,Grand Coulee,46.0,46.0,0.0,1283.7,956.3,327.4,1149.1
2023-10-12,17,2023-10-12T16:00,gcl,Grand Coulee,49.4,49.4,0.0,1283.7,956.5,327.2,1233.3
2023-10-12,18,2023-10-12T17:00,gcl,Grand Coulee,55.6,55.6,0.0,1283.7,956.8,326.9,1386.8
2023-10-12,19,2023-10-12T18:00,gcl,Grand Coulee,70.8,70.8,0.0,1283.7,958.0,325.7,1759.4
2023-10-12,20,2023-10-12T19:00,gcl,Grand Coulee,63.3,63.3,0.0,1283.7,957.6,326.1,1575.0
2023-10-12,21,2023-10-12T20:00,gcl,Grand Coulee,57.9,57.9,0.0,1283.7,956.8,326.9,1444.2
2023-10-12,22,2023-10-12T21:00,gcl,Grand Coulee,58.4,58.4,0.0,1283.7,956.6,327.1,1457.5
2023-10-12,23,2023-10-12T22:00,gcl,Grand Coulee,47.6,47.6,0.0,1283.7,955.9,327.8,1190.5
2023-10-12,24,2023-10-12T23:00,gcl,Grand Coulee,43.4,43.4,0.0,1283.8,955.4,328.4,1087.5
2023-10-13,1,2023-10-13T00:00,gcl,Grand Coulee,44.6,44.6,0.0,1283.8,955.5,328.3,1117.2
2023-10-13,2,2023-10-13T01:00,gcl,Grand Coulee,39.0,39.0,0.0,1283.8,955.5,328.3,976.9
2023-10-13,3,2023-10-13T02:00,gcl,Grand Coulee,42.8,42.8,0.0,1283.8,955.7,328.1,1071.5
2023-10-13,4,2023-10-13T03:00,gcl,Grand Coulee,42.5,42.5,0.0,1283.8,955.6,328.2,1064.3
2023-10-13,5,2023-10-13T04:00,gcl,Grand Coulee,51.9,51.9,0.0,1283.8,956.4,327.4,1296.5
2023-10-13,6,2023-10-13T05:00,gcl,Grand Coulee,61.0,61.0,0.0,1283.8,957.2,326.6,1520.1
2023-10-13,7,2023-10-13T06:00,gcl,Grand Coulee,77.8,77.8,0.0,1283.7,958.5,325.2,1930.4
2023-10-13,8,2023-10-13T07:00,gcl,Grand Coulee,71.7,71.7,0.0,1283.7,958.5,325.2,1779.1
2023-10-13,9,2023-10-13T08:00,gcl,Grand Coulee,56.8,56.8,0.0,1283.8,957.3,326.5,1415.0
2023-10-13,10,2023-10-13T09:00,gcl,Grand Coulee,55.4,55.4,0.0,1283.8,956.7,327.1,1382.7
2023-10-13,11,2023-10-13T10:00,gcl,Grand Coulee,49.0,49.0,0.0,1283.8,956.3,327.5,1224.4
2023-10-13,12,2023-10-13T11:00,gcl,Grand Coulee,46.2,46.2,0.0,1283.8,956.0,327.8,1155.5
2023-10-13,13,2023-10-13T12:00,gcl,Grand Coulee,43.8,43.8,0.0,1283.8,955.6,328.2,1096.8
2023-10-13,14,2023-10-13T13:00,gcl,Grand Coulee,48.2,48.2,0.0,1283.8,956.2,327.6,1204.8
2023-10-13,15,2023-10-13T14:00,gcl,Grand Coulee,47.4,47.4,0.0,1283.8,956.3,327.5,1184.4
2023-10-13,16,2023-10-13T15:00,gcl,Grand Coulee,59.5,59.5,0.0,1283.8,956.8,327.0,1484.5
2023-10-13,17,2023-10-13T16:00,gcl,Grand Coulee,62.4,62.4,0.0,1283.8,957.2,326.6,1555.0
2023-10-13,18,2023-10-13T17:00,gcl,Grand Coulee,73.3,73.3,0.0,1283.8,958.2,325.6,1821.0
2023-10-13,19,2023-10-13T18:00,gcl,Grand Coulee,74.0,74.0,0.0,1283.8,958.4,325.4,1837.3
2023-10-13,20,2023-10-13T19:00,gcl,Grand Coulee,69.9,69.9,0.0,1283.8,958.1,325.7,1737.1
2023-10-13,21,2023-10-13T20:00,gcl,Grand Coulee,64.2,64.2,0.0,1283.8,957.4,326.4,1598.9
2023-10-13,22,2023-10-13T21:00,gcl,Grand Coulee,55.1,55.1,0.0,1283.8,956.8,327.0,1374.8
2023-10-13,23,2023-10-13T22:00,gcl,Grand Coulee,47.6,47.6,0.0,1283.8,956.1,327.7,1190.2
2023-10-13,24,2023-10-13T23:00,gcl,Grand Coulee,44.2,44.2,0.0,1283.8,955.7,328.1,1106.5
2023-10-14,1,2023-10-14T00:00,gcl,Grand Coulee,42.7,42.7,0.0,1283.8,955.6,328.2,1069.3
2023-10-14,2,2023-10-14T01:00,gcl,Grand Coulee,43.0,43.0,0.0,1283.8,955.6,328.2,1076.8
2023-10-14,3,2023-10-14T02:00,gcl,Grand Coulee,40.9,40.9,0.0,1283.8,955.5,328.3,1024.5
2023-10-14,4,2023-10-14T03:00,gcl,Grand Coulee,41.8,41.8,0.0,1283.8,955.5,328.3,1047.1
2023-10-14,5,2023-10-14T04:00,gcl,Grand Coulee,42.1,42.1,0.0,1283.8,955.7,328.1,1053.9
2023-10-14,6,2023-10-14T05:00,gcl,Grand Coulee,42.5,42.5,0.0,1283.8,955.7,328.1,1063.9
2023-10-14,7,2023-10-14T06:00,gcl,Grand Coulee,41.4,41.4,0.0,1283.8,955.7,328.1,1036.4
2023-10-14,8,2023-10-14T07:00,gcl,Grand Coulee,44.8,44.8,0.0,1283.8,956.2,327.6,1119.8
2023-10-14,9,2023-10-14T08:00,gcl,Grand Coulee,51.8,51.8,0.0,1283.8,956.8,327.0,1292.4
2023-10-14,10,2023-10-14T09:00,gcl,Grand Coulee,60.8,60.8,0.0,1283.8,957.6,326.2,1513.3
2023-10-14,11,2023-10-14T10:00,gcl,Grand Coulee,53.0,53.0,0.0,1283.8,957.1,326.7,1321.1
2023-10-14,12,2023-10-14T11:00,gcl,Grand Coulee,50.4,50.4,0.0,1283.8,956.7,327.1,1257.9
2023-10-14,13,2023-10-14T12:00,gcl,Grand Coulee,40.0,40.0,0.0,1283.8,956.1,327.7,1000.1
2023-10-14,14,2023-10-14T13:00,gcl,Grand Coulee,43.3,43.3,0.0,1283.8,956.5,327.3,1081.3
2023-10-14,15,2023-10-14T14:00,gcl,Grand Coulee,41.1,41.1,0.0,1283.8,956.6,327.2,1026.1
2023-10-14,16,2023-10-14T15:00,gcl,Grand Coulee,41.7,41.7,0.0,1283.8,956.6,327.2,1041.1
2023-10-14,17,2023-10-14T16:00,gcl,Grand Coulee,56.9,56.9,0.0,1283.7,957.3,326.4,1417.1
2023-10-14,18,2023-10-14T17:00,gcl,Grand Coulee,67.0,67.0,0.0,1283.7,957.9,325.8,1665.5
2023-10-14,19,2023-10-14T18:00,gcl,Grand Coulee,71.4,71.4,0.0,1283.7,958.2,325.5,1773.3
2023-10-14,20,2023-10-14T19:00,gcl,Grand Coulee,64.5,64.5,0.0,1283.7,957.7,326.0,1604.4
2023-10-14,21,2023-10-14T20:00,gcl,Grand Coulee,61.5,61.5,0.0,1283.8,957.1,326.7,1533.0
2023-10-14,22,2023-10-14T21:00,gcl,Grand Coulee,45.1,45.1,0.0,1283.8,956.0,327.8,1128.0
2023-10-14,23,2023-10-14T22:00,gcl,Grand Coulee,56.0,56.0,0.0,1283.8,956.6,327.2,1398.1
2023-10-14,24,2023-10-14T23:00,gcl,Grand Coulee,49.5,49.5,0.0,1283.8,956.5,327.3,1236.2
2023-10-15,1,2023-10-15T00:00,gcl,Grand Coulee,53.4,53.4,0.0,1283.7,956.6,327.1,1332.7
2023-10-15,2,2023-10-15T01:00,gcl,Grand Coulee,51.8,51.8,0.0,1283.7,956.4,327.3,1293.6
2023-10-15,3,2023-10-15T02:00,gcl,Grand Coulee,51.7,51.7,0.0,1283.7,956.6,327.1,1290.3
2023-10-15,4,2023-10-15T03:00,gcl,Grand Coulee,50.8,50.8,0.0,1283.7,956.4,327.3,1268.6
2023-10-15,5,2023-10-15T04:00,gcl,Grand Coulee,48.8,48.8,0.0,1283.8,956.3,327.5,1219.4
2023-10-15,6,2023-10-15T05:00,gcl,Grand Coulee,50.3,50.3,0.0,1283.8,956.4,327.4,1256.5
2023-10-15,7,2023-10-15T06:00,gcl,Grand Coulee,48.1,48.1,0.0,1283.7,956.4,327.3,1201.2
2023-10-15,8,2023-10-15T07:00,gcl,Grand Coulee,47.0,47.0,0.0,1283.7,956.3,327.4,1174.1
2023-10-15,9,2023-10-15T08:00,gcl,Grand Coulee,46.7,46.7,0.0,1283.7,956.3,327.4,1166.6
2023-10-15,10,2023-10-15T09:00,gcl,Grand Coulee,51.0,51.0,0.0,1283.7,956.7,327.0,1272.5
2023-10-15,11,2023-10-15T10:00,gcl,Grand Coulee,51.2,51.2,0.0,1283.7,956.8,326.9,1277.1
2023-10-15,12,2023-10-15T11:00,gcl,Grand Coulee,45.0,45.0,0.0,1283.8,955.9,327.9,1125.8
2023-10-15,13,2023-10-15T12:00,gcl,Grand Coulee,40.5,40.5,0.0,1283.8,955.8,328.0,1013.6
2023-10-15,14,2023-10-15T13:00,gcl,Grand Coulee,33.3,33.3,0.0,1283.8,955.6,328.2,833.9
2023-10-15,15,2023-10-15T14:00,gcl,Grand Coulee,30.3,30.3,0.0,1283.9,955.3,328.6,759.7
2023-10-15,16,2023-10-15T15:00,gcl,Grand Coulee,37.5,37.5,0.0,1283.9,955.8,328.1,938.8
2023-10-15,17,2023-10-15T16:00,gcl,Grand Coulee,62.3,62.3,0.0,1283.8,957.6,326.2,1550.6
2023-10-15,18,2023-10-15T17:00,gcl,Grand Coulee,83.8,83.8,0.0,1283.8,959.4,324.4,2074.2
2023-10-15,19,2023-10-15T18:00,gcl,Grand Coulee,79.1,79.1,0.0,1283.8,959.3,324.5,1958.5
2023-10-15,20,2023-10-15T19:00,gcl,Grand Coulee,66.9,66.9,0.0,1283.8,958.1,325.7,1662.5
2023-10-15,21,2023-10-15T20:00,gcl,Grand Coulee,58.8,58.8,0.0,1283.8,957.2,326.6,1465.3
2023-10-15,22,2023-10-15T21:00,gcl,Grand Coulee,58.1,58.1,0.0,1283.9,957.0,326.9,1449.2
2023-10-15,23,2023-10-15T22:00,gcl,Grand Coulee,57.0,57.0,0.0,1283.8,957.0,326.8,1421.3
2023-10-15,24,2023-10-15T23:00,gcl,Grand Coulee,49.1,49.1,0.0,1283.8,956.3,327.5,1226.9
2023-10-16,1,2023-10-16T00:00,gcl,Grand Coulee,40.6,40.6,0.0,1283.8,955.7,328.1,1016.4
2023-10-16,2,2023-10-16T01:00,gcl,Grand Coulee,35.1,35.1,0.0,1283.9,955.5,328.4,879.5
2023-10-16,3,2023-10-16T02:00,gcl,Grand Coulee,34.0,34.0,0.0,1283.9,955.5,328.4,851.9
2023-10-16,4,2023-10-16T03:00,gcl,Grand Coulee,34.8,34.8,0.0,1284.0,955.6,328.4,872.0
2023-10-16,5,2023-10-16T04:00,gcl,Grand Coulee,37.9,37.9,0.0,1284.0,955.8,328.2,949.1
2023-10-16,6,2023-10-16T05:00,gcl,Grand Coulee,44.8,44.8,0.0,1283.9,956.1,327.8,1120.5
2023-10-16,7,2023-10-16T06:00,gcl,Grand Coulee,69.0,69.0,0.0,1283.8,957.9,325.9,1715.8
2023-10-16,8,2023-10-16T07:00,gcl,Grand Coulee,85.4,85.4,0.0,1283.8,959.2,324.6,2115.1
2023-10-16,9,2023-10-16T08:00,gcl,Grand Coulee,77.3,77.3,0.0,1283.9,958.7,325.2,1918.0
2023-10-16,10,2023-10-16T09:00,gcl,Grand Coulee,83.5,83.5,0.0,1283.9,959.0,324.9,2070.0
2023-10-16,11,2023-10-16T10:00,gcl,Grand Coulee,76.4,76.4,0.0,1283.9,959.0,324.9,1893.9
2023-10-16,12,2023-10-16T11:00,gcl,Grand Coulee,73.9,73.9,0.0,1283.9,958.9,325.0,1832.5
2023-10-16,13,2023-10-16T12:00,gcl,Grand Coulee,67.6,67.6,0.0,1283.8,958.5,325.3,1677.9
2023-10-16,14,2023-10-16T13:00,gcl,Grand Coulee,69.9,69.9,0.0,1283.8,958.7,325.1,1733.9
2023-10-16,15,2023-10-16T14:00,gcl,Grand Coulee,63.3,63.3,0.0,1283.7,958.3,325.4,1571.6
2023-10-16,16,2023-10-16T15:00,gcl,Grand Coulee,65.3,65.3,0.0,1283.8,958.3,325.5,1621.8
2023-10-16,17,2023-10-16T16:00,gcl,Grand Coulee,76.4,76.4,0.0,1283.8,959.1,324.7,1892.8
2023-10-16,18,2023-10-16T17:00,gcl,Grand Coulee,89.2,89.2,0.0,1283.7,960.3,323.4,2201.0
2023-10-16,19,2023-10-16T18:00,gcl,Grand Coulee,97.9,97.9,0.0,1283.7,960.9,322.8,2411.2
2023-10-16,20,2023-10-16T19:00,gcl,Grand Coulee,83.8,83.8,0.0,1283.7,960.1,323.6,2069.1
2023-10-16,21,2023-10-16T20:00,gcl,Grand Coulee,62.3,62.3,0.0,1283.7,958.3,325.4,1546.8
2023-10-16,22,2023-10-16T21:00,gcl,Grand Coulee,54.6,54.6,0.0,1283.6,957.5,326.1,1358.5
2023-10-16,23,2023-10-16T22:00,gcl,Grand Coulee,42.3,42.3,0.0,1283.7,956.9,326.8,1054.7
2023-10-16,24,2023-10-16T23:00,gcl,Grand Coulee,36.0,36.0,0.0,1283.7,956.3,327.4,899.3
2023-10-17,1,2023-10-17T00:00,gcl,Grand Coulee,38.3,38.3,0.0,1283.6,956.4,327.2,956.2
2023-10-17,2,2023-10-17T01:00,gcl,Grand Coulee,37.8,37.8,0.0,1283.6,956.4,327.2,943.7
2023-10-17,3,2023-10-17T02:00,gcl,Grand Coulee,39.5,39.5,0.0,1283.7,956.2,327.5,987.0
2023-10-17,4,2023-10-17T03:00,gcl,Grand Coulee,39.1,39.1,0.0,1283.7,956.0,327.7,977.6
2023-10-17,5,2023-10-17T04:00,gcl,Grand Coulee,46.1,46.1,0.0,1283.7,956.8,326.9,1149.8
2023-10-17,6,2023-10-17T05:00,gcl,Grand Coulee,55.4,55.4,0.0,1283.7,957.3,326.4,1379.7
2023-10-17,7,2023-10-17T06:00,gcl,Grand Coulee,62.7,62.7,0.0,1283.7,957.8,325.9,1559.1
2023-10-17,8,2023-10-17T07:00,gcl,Grand Coulee,78.5,78.5,0.0,1283.7,958.7,325.0,1946.6
2023-10-17,9,2023-10-17T08:00,gcl,Grand Coulee,67.5,67.5,0.0,1283.7,958.1,325.6,1676.9
2023-10-17,10,2023-10-17T09:00,gcl,Grand Coulee,62.1,62.1,0.0,1283.7,957.4,326.3,1546.1
2023-10-17,11,2023-10-17T10:00,gcl,Grand Coulee,59.9,59.9,0.0,1283.7,957.0,326.7,1493.1
2023-10-17,12,2023-10-17T11:00,gcl,Grand Coulee,52.3,52.3,0.0,1283.7,956.7,327.0,1304.9
2023-10-17,13,2023-10-17T12:00,gcl,Grand Coulee,50.4,50.4,0.0,1283.8,956.5,327.3,1258.6
2023-10-17,14,2023-10-17T13:00,gcl,Grand Coulee,49.7,49.7,0.0,1283.7,956.5,327.2,1240.8
2023-10-17,15,2023-10-17T14:00,gcl,Grand Coulee,48.0,48.0,0.0,1283.7,956.6,327.1,1198.0
2023-10-17,16,2023-10-17T15:00,gcl,Grand Coulee,60.5,60.5,0.0,1283.7,957.5,326.2,1505.8
2023-10-17,17,2023-10-17T16:00,gcl,Grand Coulee,76.4,76.4,0.0,1283.6,956.6,327.0,1906.2
2023-10-17,18,2023-10-17T17:00,gcl,Grand Coulee,79.2,79.2,0.0,1283.6,959.2,324.4,1960.3
2023-10-17,19,2023-10-17T18:00,gcl,Grand Coulee,80.3,80.3,0.0,1283.7,959.3,324.4,1987.6
2023-10-17,20,2023-10-17T19:00,gcl,Grand Coulee,65.1,65.1,0.0,1283.7,958.3,325.4,1616.3
2023-10-17,21,2023-10-17T20:00,gcl,Grand Coulee,60.7,60.7,0.0,1283.7,957.7,326.0,1509.8
2023-10-17,22,2023-10-17T21:00,gcl,Grand Coulee,50.1,50.1,0.0,1283.7,956.8,326.9,1249.6
2023-10-17,23,2023-10-17T22:00,gcl,Grand Coulee,45.7,45.7,0.0,1283.7,956.4,327.3,1141.3
2023-10-17,24,2023-10-17T23:00,gcl,Grand Coulee,37.6,37.6,0.0,1283.6,955.6,328.0,941.0
2023-10-18,1,2023-10-18T00:00,gcl,Grand Coulee,38.4,38.4,0.0,1283.7,955.7,328.0,961.0
2023-10-18,2,2023-10-18T01:00,gcl,Grand Coulee,40.3,40.3,0.0,1283.7,955.8,327.9,1008.3
2023-10-18,3,2023-10-18T02:00,gcl,Grand Coulee,42.2,42.2,0.0,1283.7,956.1,327.6,1054.8
2023-10-18,4,2023-10-18T03:00,gcl,Grand Coulee,42.4,42.4,0.0,1283.8,955.9,327.9,1060.8
2023-10-18,5,2023-10-18T04:00,gcl,Grand Coulee,47.3,47.3,0.0,1283.8,956.3,327.5,1181.9
2023-10-18,6,2023-10-18T05:00,gcl,Grand Coulee,56.8,56.8,0.0,1283.8,957.0,326.8,1416.3
2023-10-18,7,2023-10-18T06:00,gcl,Grand Coulee,78.0,78.0,0.0,1283.7,958.5,325.2,1935.4
2023-10-18,8,2023-10-18T07:00,gcl,Grand Coulee,80.9,80.9,0.0,1283.7,959.2,324.5,2003.0
2023-10-18,9,2023-10-18T08:00,gcl,Grand Coulee,60.6,60.6,0.0,1283.8,957.7,326.1,1507.8
2023-10-18,10,2023-10-18T09:00,gcl,Grand Coulee,51.6,51.6,0.0,1283.8,956.5,327.3,1288.6
2023-10-18,11,2023-10-18T10:00,gcl,Grand Coulee,52.0,52.0,0.0,1283.8,956.8,327.0,1297.4
2023-10-18,12,2023-10-18T11:00,gcl,Grand Coulee,50.8,50.8,0.0,1283.8,957.1,326.7,1266.3
2023-10-18,13,2023-10-18T12:00,gcl,Grand Coulee,44.9,44.9,0.0,1283.8,956.4,327.4,1121.6
2023-10-18,14,2023-10-18T13:00,gcl,Grand Coulee,46.1,46.1,0.0,1283.7,956.3,327.4,1151.6
2023-10-18,15,2023-10-18T14:00,gcl,Grand Coulee,42.2,42.2,0.0,1283.7,956.2,327.5,1054.5
2023-10-18,16,2023-10-18T15:00,gcl,Grand Coulee,45.4,45.4,0.0,1283.8,956.4,327.4,1134.1
2023-10-18,17,2023-10-18T16:00,gcl,Grand Coulee,56.3,56.3,0.0,1283.8,957.0,326.8,1403.8
2023-10-18,18,2023-10-18T17:00,gcl,Grand Coulee,67.7,67.7,0.0,1283.8,958.2,325.6,1681.9
2023-10-18,19,2023-10-18T18:00,gcl,Grand Coulee,75.9,75.9,0.0,1283.8,958.7,325.1,1882.7
2023-10-18,20,2023-10-18T19:00,gcl,Grand Coulee,66.5,66.5,0.0,1283.8,958.0,325.8,1653.1
2023-10-18,21,2023-10-18T20:00,gcl,Grand Coulee,56.6,56.6,0.0,1283.8,957.0,326.8,1411.3
2023-10-18,22,2023-10-18T21:00,gcl,Grand Coulee,49.4,49.4,0.0,1283.8,956.4,327.4,1234.0
2023-10-18,23,2023-10-18T22:00,gcl,Grand Coulee,48.4,48.4,0.0,1283.8,956.5,327.3,1208.7
2023-10-18,24,2023-10-18T23:00,gcl,Grand Coulee,39.6,39.6,0.0,1283.9,956.0,327.9,990.7
2023-10-19,1,2023-10-19T00:00,gcl,Grand Coulee,41.1,41.1,0.0,1283.8,955.9,327.9,1028.3
2023-10-19,2,2023-10-19T01:00,gcl,Grand Coulee,35.4,35.4,0.0,1283.9,955.6,328.3,886.7
2023-10-19,3,2023-10-19T02:00,gcl,Grand Coulee,35.6,35.6,0.0,1283.9,955.6,328.3,891.8
2023-10-19,4,2023-10-19T03:00,gcl,Grand Coulee,37.9,37.9,0.0,1283.9,955.7,328.2,949.1
2023-10-19,5,2023-10-19T04:00,gcl,Grand Coulee,43.6,43.6,0.0,1283.9,956.2,327.7,1090.2
2023-10-19,6,2023-10-19T05:00,gcl,Grand Coulee,44.6,44.6,0.0,1283.9,956.1,327.8,1115.5
2023-10-19,7,2023-10-19T06:00,gcl,Grand Coulee,53.2,53.2,0.0,1283.9,956.6,327.3,1328.6
2023-10-19,8,2023-10-19T07:00,gcl,Grand Coulee,59.9,59.9,0.0,1283.9,957.3,326.6,1492.7
2023-10-19,9,2023-10-19T08:00,gcl,Grand Coulee,49.7,49.7,0.0,1283.9,956.4,327.5,1241.9
2023-10-19,10,2023-10-19T09:00,gcl,Grand Coulee,43.2,43.2,0.0,1284.0,955.5,328.5,1082.8
2023-10-19,11,2023-10-19T10:00,gcl,Grand Coulee,45.3,45.3,0.0,1284.0,955.8,328.2,1134.4
2023-10-19,12,2023-10-19T11:00,gcl,Grand Coulee,38.8,38.8,0.0,1284.0,955.5,328.5,972.5
2023-10-19,13,2023-10-19T12:00,gcl,Grand Coulee,36.0,36.0,0.0,1284.0,954.9,329.1,904.0
2023-10-19,14,2023-10-19T13:00,gcl,Grand Coulee,35.9,35.9,0.0,1284.1,954.7,329.4,902.3
2023-10-19,15,2023-10-19T14:00,gcl,Grand Coulee,39.5,39.5,0.0,1284.0,955.2,328.8,991.0
2023-10-19,16,2023-10-19T15:00,gcl,Grand Coulee,47.8,47.8,0.0,1284.1,955.7,328.4,1197.7
2023-10-19,17,2023-10-19T16:00,gcl,Grand Coulee,62.5,62.5,0.0,1284.0,956.8,327.2,1560.3
2023-10-19,18,2023-10-19T17:00,gcl,Grand Coulee,94.4,94.4,0.0,1283.9,959.5,324.4,2336.6
2023-10-19,19,2023-10-19T18:00,gcl,Grand Coulee,109.7,109.7,0.0,1283.9,961.2,322.7,2701.0
2023-10-19,20,2023-10-19T19:00,gcl,Grand Coulee,81.9,81.9,0.0,1284.0,959.4,324.6,2028.4
2023-10-19,21,2023-10-19T20:00,gcl,Grand Coulee,68.1,68.1,0.0,1284.0,957.7,326.3,1695.5
2023-10-19,22,2023-10-19T21:00,gcl,Grand Coulee,61.0,61.0,0.0,1284.0,957.3,326.7,1520.6
2023-10-19,23,2023-10-19T22:00,gcl,Grand Coulee,53.1,53.1,0.0,1284.0,956.9,327.1,1325.3
2023-10-19,24,2023-10-19T23:00,gcl,Grand Coulee,39.2,39.2,0.0,1284.0,955.7,328.3,981.9
2023-10-20,1,2023-10-20T00:00,gcl,Grand Coulee,40.3,40.3,0.0,1283.9,955.8,328.1,1008.9
2023-10-20,2,2023-10-20T01:00,gcl,Grand Coulee,38.5,38.5,0.0,1283.9,956.1,327.8,962.9
2023-10-20,3,2023-10-20T02:00,gcl,Grand Coulee,42.4,42.4,0.0,1284.0,956.3,327.7,1060.1
2023-10-20,4,2023-10-20T03:00,gcl,Grand Coulee,39.6,39.6,0.0,1284.0,955.9,328.1,991.3
2023-10-20,5,2023-10-20T04:00,gcl,Grand Coulee,37.4,37.4,0.0,1284.0,955.9,328.1,936.3
2023-10-20,6,2023-10-20T05:00,gcl,Grand Coulee,41.6,41.6,0.0,1284.0,956.2,327.8,1040.5
2023-10-20,7,2023-10-20T06:00,gcl,Grand Coulee,40.1,40.1,0.0,1284.0,956.2,327.8,1002.9
2023-10-20,8,2023-10-20T07:00,gcl,Grand Coulee,41.0,41.0,0.0,1284.0,956.1,327.9,1025.8
2023-10-20,9,2023-10-20T08:00,gcl,Grand Coulee,35.2,35.2,0.0,1284.0,955.5,328.5,882.3
2023-10-20,10,2023-10-20T09:00,gcl,Grand Coulee,40.2,40.2,0.0,1284.0,955.8,328.2,1006.7
2023-10-20,11,2023-10-20T10:00,gcl,Grand Coulee,39.3,39.3,0.0,1284.1,955.6,328.5,985.0
2023-10-20,12,2023-10-20T11:00,gcl,Grand Coulee,39.3,39.3,0.0,1284.2,955.3,328.9,986.2
2023-10-20,13,2023-10-20T12:00,gcl,Grand Coulee,40.4,40.4,0.0,1284.2,955.3,328.9,1013.8
2023-10-20,14,2023-10-20T13:00,gcl,Grand Coulee,38.3,38.3,0.0,1284.2,955.3,328.9,961.1
2023-10-20,15,2023-10-20T14:00,gcl,Grand Coulee,36.3,36.3,0.0,1284.2,955.1,329.1,911.5
2023-10-20,16,2023-10-20T15:00,gcl,Grand Coulee,39.7,39.7,0.0,1284.2,955.3,328.9,996.3
2023-10-20,17,2023-10-20T16:00,gcl,Grand Coulee,48.2,48.2,0.0,1284.2,956.0,328.2,1207.0
2023-10-20,18,2023-10-20T17:00,gcl,Grand Coulee,67.7,67.7,0.0,1284.2,957.5,326.7,1687.6
2023-10-20,19,2023-10-20T18:00,gcl,Grand Coulee,73.2,73.2,0.0,1284.2,958.0,326.2,1821.9
2023-10-20,20,2023-10-20T19:00,gcl,Grand Coulee,65.8,65.8,0.0,1284.2,957.3,326.9,1641.2
2023-10-20,21,2023-10-20T20:00,gcl,Grand Coulee,62.8,62.8,0.0,1284.2,956.7,327.5,1569.3
2023-10-20,22,2023-10-20T21:00,gcl,Grand Coulee,58.9,58.9,0.0,1284.2,956.6,327.6,1472.3
2023-10-20,23,2023-10-20T22:00,gcl,Grand Coulee,59.6,59.6,0.0,1284.2,956.7,327.5,1489.3
2023-10-20,24,2023-10-20T23:00,gcl,Grand Coulee,57.8,57.8,0.0,1284.2,956.4,327.8,1445.6
2023-10-21,1,2023-10-21T00:00,gcl,Grand Coulee,57.0,57.0,0.0,1284.2,956.3,327.9,1426.1
2023-10-21,2,2023-10-21T01:00,gcl,Grand Coulee,51.6,51.6,0.0,1284.2,956.0,328.2,1292.1
2023-10-21,3,2023-10-21T02:00,gcl,Grand Coulee,49.1,49.1,0.0,1284.2,955.7,328.5,1230.7
2023-10-21,4,2023-10-21T03:00,gcl,Grand Coulee,43.8,43.8,0.0,1284.2,955.4,328.8,1098.8
2023-10-21,5,2023-10-21T04:00,gcl,Grand Coulee,47.0,47.0,0.0,1284.2,955.6,328.6,1178.4
2023-10-21,6,2023-10-21T05:00,gcl,Grand Coulee,44.4,44.4,0.0,1284.2,955.4,328.8,1113.9
2023-10-21,7,2023-10-21T06:00,gcl,Grand Coulee,45.4,45.4,0.0,1284.2,955.4,328.8,1139.0
2023-10-21,8,2023-10-21T07:00,gcl,Grand Coulee,51.0,51.0,0.0,1284.2,955.7,328.5,1278.3
2023-10-21,9,2023-10-21T08:00,gcl,Grand Coulee,41.5,41.5,0.0,1284.2,955.2,329.0,1041.8
2023-10-21,10,2023-10-21T09:00,gcl,Grand Coulee,42.4,42.4,0.0,1284.2,955.0,329.2,1065.0
2023-10-21,11,2023-10-21T10:00,gcl,Grand Coulee,42.3,42.3,0.0,1284.2,955.2,329.0,1061.8
2023-10-21,12,2023-10-21T11:00,gcl,Grand Coulee,40.3,40.3,0.0,1284.3,955.2,329.1,1011.9
2023-10-21,13,2023-10-21T12:00,gcl,Grand Coulee,40.5,40.5,0.0,1284.3,955.0,329.3,1017.6
2023-10-21,14,2023-10-21T13:00,gcl,Grand Coulee,41.1,41.1,0.0,1284.3,955.1,329.2,1032.3
2023-10-21,15,2023-10-21T14:00,gcl,Grand Coulee,42.6,42.6,0.0,1284.3,955.3,329.0,1069.4
2023-10-21,16,2023-10-21T15:00,gcl,Grand Coulee,42.0,42.0,0.0,1284.3,955.2,329.1,1054.6
2023-10-21,17,2023-10-21T16:00,gcl,Grand Coulee,51.6,51.6,0.0,1284.3,955.8,328.5,1293.3
2023-10-21,18,2023-10-21T17:00,gcl,Grand Coulee,53.6,53.6,0.0,1284.3,956.2,328.1,1341.8
2023-10-21,19,2023-10-21T18:00,gcl,Grand Coulee,55.9,55.9,0.0,1284.4,956.3,328.1,1399.4
2023-10-21,20,2023-10-21T19:00,gcl,Grand Coulee,48.2,48.2,0.0,1284.4,955.6,328.8,1209.2
2023-10-21,21,2023-10-21T20:00,gcl,Grand Coulee,40.9,40.9,0.0,1284.4,955.2,329.2,1027.3
2023-10-21,22,2023-10-21T21:00,gcl,Grand Coulee,40.5,40.5,0.0,1284.4,955.3,329.1,1017.0
2023-10-21,23,2023-10-21T22:00,gcl,Grand Coulee,41.6,41.6,0.0,1284.4,955.5,328.9,1044.0
2023-10-21,24,2023-10-21T23:00,gcl,Grand Coulee,45.2,45.2,0.0,1284.4,956.0,328.4,1132.6
2023-10-22,1,2023-10-22T00:00,gcl,Grand Coulee,46.0,46.0,0.0,1284.4,956.0,328.4,1152.6
2023-10-22,2,2023-10-22T01:00,gcl,Grand Coulee,41.1,41.1,0.0,1284.5,955.6,328.9,1031.4
2023-10-22,3,2023-10-22T02:00,gcl,Grand Coulee,41.2,41.2,0.0,1284.5,955.8,328.7,1033.3
2023-10-22,4,2023-10-22T03:00,gcl,Grand Coulee,43.5,43.5,0.0,1284.4,956.1,328.3,1089.6
2023-10-22,5,2023-10-22T04:00,gcl,Grand Coulee,45.6,45.6,0.0,1284.4,956.3,328.1,1141.6
2023-10-22,6,2023-10-22T05:00,gcl,Grand Coulee,50.2,50.2,0.0,1284.4,956.6,327.8,1255.6
2023-10-22,7,2023-10-22T06:00,gcl,Grand Coulee,47.9,47.9,0.0,1284.4,956.7,327.7,1197.7
2023-10-22,8,2023-10-22T07:00,gcl,Grand Coulee,50.8,50.8,0.0,1284.4,956.8,327.6,1269.8
2023-10-22,9,2023-10-22T08:00,gcl,Grand Coulee,54.2,54.2,0.0,1284.4,957.2,327.2,1353.1
2023-10-22,10,2023-10-22T09:00,gcl,Grand Coulee,60.5,60.5,0.0,1284.4,957.7,326.7,1508.1
2023-10-22,11,2023-10-22T10:00,gcl,Grand Coulee,57.0,57.0,0.0,1284.38,957.6,326.78,1421.2
2023-10-22,12,2023-10-22T11:00,gcl,Grand Coulee,59.2,59.2,0.0,1284.4,957.8,326.6,1475.2
2023-10-22,13,2023-10-22T12:00,gcl,Grand Coulee,60.4,60.4,0.0,1284.4,957.8,326.6,1505.1
2023-10-22,14,2023-10-22T13:00,gcl,Grand Coulee,56.0,56.0,0.0,1284.4,957.8,326.6,1395.5
2023-10-22,15,2023-10-22T14:00,gcl,Grand Coulee,59.4,59.4,0.0,1284.3,957.9,326.4,1479.3
2023-10-22,16,2023-10-22T15:00,gcl,Grand Coulee,57.5,57.5,0.0,1284.4,957.8,326.6,1432.9
2023-10-22,17,2023-10-22T16:00,gcl,Grand Coulee,52.8,52.8,0.0,1284.4,957.5,326.9,1317.0
2023-10-22,18,2023-10-22T17:00,gcl,Grand Coulee,58.7,58.7,0.0,1284.3,957.7,326.6,1462.8
2023-10-22,19,2023-10-22T18:00,gcl,Grand Coulee,65.4,65.4,0.0,1284.3,958.2,326.1,1627.2
2023-10-22,20,2023-10-22T19:00,gcl,Grand Coulee,64.2,64.2,0.0,1284.3,958.2,326.1,1597.4
2023-10-22,21,2023-10-22T20:00,gcl,Grand Coulee,55.6,55.6,0.0,1284.3,957.5,326.8,1386.4
2023-10-22,22,2023-10-22T21:00,gcl,Grand Coulee,47.1,47.1,0.0,1284.3,956.9,327.4,1176.6
2023-10-22,23,2023-10-22T22:00,gcl,Grand Coulee,38.1,38.1,0.0,1284.4,956.2,328.2,954.1
2023-10-22,24,2023-10-22T23:00,gcl,Grand Coulee,31.8,31.8,0.0,1284.4,955.9,328.5,797.1
2023-10-23,1,2023-10-23T00:00,gcl,Grand Coulee,33.8,33.8,0.0,1284.4,956.0,328.4,846.9
2023-10-23,2,2023-10-23T01:00,gcl,Grand Coulee,34.1,34.1,0.0,1284.3,956.1,328.2,853.9
2023-10-23,3,2023-10-23T02:00,gcl,Grand Coulee,36.2,36.2,0.0,1284.3,956.0,328.3,906.8
2023-10-23,4,2023-10-23T03:00,gcl,Grand Coulee,39.6,39.6,0.0,1284.4,956.1,328.3,992.0
2023-10-23,5,2023-10-23T04:00,gcl,Grand Coulee,41.2,41.2,0.0,1284.4,956.1,328.3,1032.0
2023-10-23,6,2023-10-23T05:00,gcl,Grand Coulee,55.5,55.5,0.0,1284.4,957.1,327.3,1386.0
2023-10-23,7,2023-10-23T06:00,gcl,Grand Coulee,52.9,52.9,0.0,1284.4,956.9,327.5,1321.9
2023-10-23,8,2023-10-23T07:00,gcl,Grand Coulee,64.1,64.1,0.0,1284.4,957.6,326.8,1598.3
2023-10-23,9,2023-10-23T08:00,gcl,Grand Coulee,59.1,59.1,0.0,1284.3,957.4,326.9,1474.1
2023-10-23,10,2023-10-23T09:00,gcl,Grand Coulee,58.8,58.8,0.0,1284.3,957.1,327.2,1468.0
2023-10-23,11,2023-10-23T10:00,gcl,Grand Coulee,49.2,49.2,0.0,1284.4,956.4,328.0,1231.3
2023-10-23,12,2023-10-23T11:00,gcl,Grand Coulee,42.5,42.5,0.0,1284.5,956.0,328.5,1065.2
2023-10-23,13,2023-10-23T12:00,gcl,Grand Coulee,45.2,45.2,0.0,1284.5,956.2,328.3,1132.2
2023-10-23,14,2023-10-23T13:00,gcl,Grand Coulee,41.4,41.4,0.0,1284.5,956.0,328.5,1037.7
2023-10-23,15,2023-10-23T14:00,gcl,Grand Coulee,40.9,40.9,0.0,1284.5,956.0,328.5,1025.1
2023-10-23,16,2023-10-23T15:00,gcl,Grand Coulee,40.7,40.7,0.0,1284.4,955.9,328.5,1020.1
2023-10-23,17,2023-10-23T16:00,gcl,Grand Coulee,49.7,49.7,0.0,1284.4,956.7,327.7,1242.7
2023-10-23,18,2023-10-23T17:00,gcl,Grand Coulee,61.3,61.3,0.0,1284.5,957.7,326.8,1528.5
2023-10-23,19,2023-10-23T18:00,gcl,Grand Coulee,63.0,63.0,0.0,1284.5,957.6,326.9,1571.4
2023-10-23,20,2023-10-23T19:00,gcl,Grand Coulee,66.4,66.4,0.0,1284.5,957.8,326.7,1655.2
2023-10-23,21,2023-10-23T20:00,gcl,Grand Coulee,57.0,57.0,0.0,1284.5,957.3,327.2,1423.0
2023-10-23,22,2023-10-23T21:00,gcl,Grand Coulee,48.0,48.0,0.0,1284.5,956.5,328.0,1201.3
2023-10-23,23,2023-10-23T22:00,gcl,Grand Coulee,42.1,42.1,0.0,1284.5,955.9,328.6,1055.5
2023-10-23,24,2023-10-23T23:00,gcl,Grand Coulee,41.3,41.3,0.0,1284.6,956.0,328.6,1035.5
2023-10-24,1,2023-10-24T00:00,gcl,Grand Coulee,39.3,39.3,0.0,1284.6,955.7,328.9,986.2
2023-10-24,2,2023-10-24T01:00,gcl,Grand Coulee,37.7,37.7,0.0,1284.6,955.5,329.1,946.7
2023-10-24,3,2023-10-24T02:00,gcl,Grand Coulee,40.6,40.6,0.0,1284.6,956.0,328.6,1017.9
2023-10-24,4,2023-10-24T03:00,gcl,Grand Coulee,42.1,42.1,0.0,1284.5,956.1,328.4,1054.9
2023-10-24,5,2023-10-24T04:00,gcl,Grand Coulee,48.9,48.9,0.0,1284.5,956.4,328.1,1224.2
2023-10-24,6,2023-10-24T05:00,gcl,Grand Coulee,72.0,72.0,0.0,1284.5,958.3,326.2,1792.0
2023-10-24,7,2023-10-24T06:00,gcl,Grand Coulee,72.4,72.4,0.0,1284.5,958.9,325.6,1798.7
2023-10-24,8,2023-10-24T07:00,gcl,Grand Coulee,70.3,70.3,0.0,1284.5,958.9,325.6,1746.5
2023-10-24,9,2023-10-24T08:00,gcl,Grand Coulee,67.8,67.8,0.0,1284.5,959.0,325.5,1683.9
2023-10-24,10,2023-10-24T09:00,gcl,Grand Coulee,51.1,51.1,0.0,1284.6,958.0,326.6,1273.4
2023-10-24,11,2023-10-24T10:00,gcl,Grand Coulee,47.4,47.4,0.0,1284.6,957.8,326.8,1181.9
2023-10-24,12,2023-10-24T11:00,gcl,Grand Coulee,46.1,46.1,0.0,1284.5,957.6,326.9,1149.8
2023-10-24,13,2023-10-24T12:00,gcl,Grand Coulee,50.7,50.7,0.0,1284.5,957.4,327.1,1265.4
2023-10-24,14,2023-10-24T13:00,gcl,Grand Coulee,55.6,55.6,0.0,1284.5,957.3,327.2,1388.1
2023-10-24,15,2023-10-24T14:00,gcl,Grand Coulee,61.8,61.8,0.0,1284.5,957.7,326.8,1541.0
2023-10-24,16,2023-10-24T15:00,gcl,Grand Coulee,63.8,63.8,0.0,1284.5,957.7,326.8,1590.8
2023-10-24,17,2023-10-24T16:00,gcl,Grand Coulee,69.2,69.2,0.0,1284.5,957.8,326.7,1725.0
2023-10-24,18,2023-10-24T17:00,gcl,Grand Coulee,80.9,80.9,0.0,1284.5,958.6,325.9,2011.7
2023-10-24,19,2023-10-24T18:00,gcl,Grand Coulee,93.2,93.2,0.0,1284.4,959.8,324.6,2308.3
2023-10-24,20,2023-10-24T19:00,gcl,Grand Coulee,83.4,83.4,0.0,1284.4,959.2,325.2,2069.4
2023-10-24,21,2023-10-24T20:00,gcl,Grand Coulee,72.6,72.6,0.0,1284.5,958.0,326.5,1808.6
2023-10-24,22,2023-10-24T21:00,gcl,Grand Coulee,61.8,61.8,0.0,1284.5,956.9,327.6,1544.7
2023-10-24,23,2023-10-24T22:00,gcl,Grand Coulee,56.3,56.3,0.0,1284.5,956.2,328.3,1410.3
2023-10-24,24,2023-10-24T23:00,gcl,Grand Coulee,49.7,49.7,0.0,1284.5,955.8,328.7,1246.5
2023-10-25,1,2023-10-25T00:00,gcl,Grand Coulee,55.4,55.4,0.0,1284.5,956.0,328.5,1388.6
2023-10-25,2,2023-10-25T01:00,gcl,Grand Coulee,48.1,48.1,0.0,1284.4,955.5,328.9,1207.1
2023-10-25,3,2023-10-25T02:00,gcl,Grand Coulee,47.6,47.6,0.0,1284.4,955.4,329.0,1194.9
2023-10-25,4,2023-10-25T03:00,gcl,Grand Coulee,47.4,47.4,0.0,1284.5,955.6,328.9,1189.5
2023-10-25,5,2023-10-25T04:00,gcl,Grand Coulee,46.9,46.9,0.0,1284.5,955.6,328.9,1177.0
2023-10-25,6,2023-10-25T05:00,gcl,Grand Coulee,50.8,50.8,0.0,1284.5,955.7,328.8,1274.4
2023-10-25,7,2023-10-25T06:00,gcl,Grand Coulee,57.8,57.8,0.0,1284.5,956.5,328.0,1446.5
2023-10-25,8,2023-10-25T07:00,gcl,Grand Coulee,68.6,68.6,0.0,1284.4,957.3,327.1,1712.1
2023-10-25,9,2023-10-25T08:00,gcl,Grand Coulee,74.0,74.0,0.0,1284.4,957.3,327.1,1846.9
2023-10-25,10,2023-10-25T09:00,gcl,Grand Coulee,71.3,71.3,0.0,1284.4,957.8,326.6,1776.8
2023-10-25,11,2023-10-25T10:00,gcl,Grand Coulee,70.9,70.9,0.0,1284.5,957.5,327.0,1769.0
2023-10-25,12,2023-10-25T11:00,gcl,Grand Coulee,68.6,68.6,0.0,1284.5,957.5,327.0,1711.6
2023-10-25,13,2023-10-25T12:00,gcl,Grand Coulee,69.6,69.6,0.0,1284.5,957.7,326.8,1735.5
2023-10-25,14,2023-10-25T13:00,gcl,Grand Coulee,57.0,57.0,0.0,1284.5,956.9,327.6,1424.8
2023-10-25,15,2023-10-25T14:00,gcl,Grand Coulee,60.7,60.7,0.0,1284.4,956.9,327.5,1516.8
2023-10-25,16,2023-10-25T15:00,gcl,Grand Coulee,62.4,62.4,0.0,1284.3,957.2,327.1,1557.4
2023-10-25,17,2023-10-25T16:00,gcl,Grand Coulee,60.2,60.2,0.0,1284.3,957.3,327.0,1502.0
2023-10-25,18,2023-10-25T17:00,gcl,Grand Coulee,59.8,59.8,0.0,1284.4,957.1,327.3,1493.4
2023-10-25,19,2023-10-25T18:00,gcl,Grand Coulee,64.6,64.6,0.0,1284.4,957.6,326.8,1610.8
2023-10-25,20,2023-10-25T19:00,gcl,Grand Coulee,65.0,65.0,0.0,1284.4,957.8,326.6,1619.8
2023-10-25,21,2023-10-25T20:00,gcl,Grand Coulee,64.0,64.0,0.0,1284.4,957.8,326.6,1594.9
2023-10-25,22,2023-10-25T21:00,gcl,Grand Coulee,50.4,50.4,0.0,1284.4,956.7,327.7,1260.2
2023-10-25,23,2023-10-25T22:00,gcl,Grand Coulee,41.1,41.1,0.0,1284.4,955.8,328.6,1030.5
2023-10-25,24,2023-10-25T23:00,gcl,Grand Coulee,35.5,35.5,0.0,1284.5,955.4,329.1,891.4
2023-10-26,1,2023-10-26T00:00,gcl,Grand Coulee,35.0,35.0,0.0,1284.5,955.8,328.7,877.8
2023-10-26,2,2023-10-26T01:00,gcl,Grand Coulee,31.7,31.7,0.0,1284.5,955.2,329.3,796.5
2023-10-26,3,2023-10-26T02:00,gcl,Grand Coulee,28.2,28.2,0.0,1284.5,954.7,329.8,709.6
2023-10-26,4,2023-10-26T03:00,gcl,Grand Coulee,31.6,31.6,0.0,1284.5,955.0,329.5,794.5
2023-10-26,5,2023-10-26T04:00,gcl,Grand Coulee,33.6,33.6,0.0,1284.5,955.2,329.3,844.2
2023-10-26,6,2023-10-26T05:00,gcl,Grand Coulee,52.4,52.4,0.0,1284.4,956.2,328.2,1312.2
2023-10-26,7,2023-10-26T06:00,gcl,Grand Coulee,63.5,63.5,0.0,1284.4,957.1,327.3,1585.8
2023-10-26,8,2023-10-26T07:00,gcl,Grand Coulee,71.4,71.4,0.0,1284.4,957.8,326.6,1779.3
2023-10-26,9,2023-10-26T08:00,gcl,Grand Coulee,69.7,69.7,0.0,1284.4,957.8,326.6,1736.9
2023-10-26,10,2023-10-26T09:00,gcl,Grand Coulee,65.1,65.1,0.0,1284.5,957.3,327.2,1625.2
2023-10-26,11,2023-10-26T10:00,gcl,Grand Coulee,65.5,65.5,0.0,1284.5,957.0,327.5,1636.7
2023-10-26,12,2023-10-26T11:00,gcl,Grand Coulee,56.2,56.2,0.0,1284.5,956.7,327.8,1405.6
2023-10-26,13,2023-10-26T12:00,gcl,Grand Coulee,46.9,46.9,0.0,1284.5,956.1,328.4,1175.2
2023-10-26,14,2023-10-26T13:00,gcl,Grand Coulee,44.2,44.2,0.0,1284.5,955.7,328.8,1108.9
2023-10-26,15,2023-10-26T14:00,gcl,Grand Coulee,55.9,55.9,0.0,1284.5,956.3,328.2,1399.8
2023-10-26,16,2023-10-26T15:00,gcl,Grand Coulee,46.9,46.9,0.0,1284.5,956.0,328.5,1175.5
2023-10-26,17,2023-10-26T16:00,gcl,Grand Coulee,39.0,39.0,0.0,1284.5,955.3,329.2,979.6
2023-10-26,18,2023-10-26T17:00,gcl,Grand Coulee,34.4,34.4,0.0,1284.5,955.1,329.4,864.6
2023-10-26,19,2023-10-26T18:00,gcl,Grand Coulee,43.2,43.2,0.0,1284.5,956.4,328.1,1081.5
2023-10-26,20,2023-10-26T19:00,gcl,Grand Coulee,41.4,41.4,0.0,1284.6,955.9,328.7,1038.3
2023-10-26,21,2023-10-26T20:00,gcl,Grand Coulee,44.5,44.5,0.0,1284.6,955.6,329.0,1117.1
2023-10-26,22,2023-10-26T21:00,gcl,Grand Coulee,44.2,44.2,0.0,1284.6,955.7,328.9,1109.2
2023-10-26,23,2023-10-26T22:00,gcl,Grand Coulee,28.8,28.8,0.0,1284.6,955.1,329.5,724.1
2023-10-26,24,2023-10-26T23:00,gcl,Grand Coulee,25.2,25.2,0.0,1284.7,954.4,330.3,635.1
2023-10-27,1,2023-10-27T00:00,gcl,Grand Coulee,23.8,23.8,0.0,1284.8,954.8,330.0,599.3
2023-10-27,2,2023-10-27T01:00,gcl,Grand Coulee,27.6,27.6,0.0,1284.7,955.3,329.4,693.7
2023-10-27,3,2023-10-27T02:00,gcl,Grand Coulee,26.3,26.3,0.0,1284.8,954.8,330.0,662.2
2023-10-27,4,2023-10-27T03:00,gcl,Grand Coulee,25.2,25.2,0.0,1284.7,954.8,329.9,634.3
2023-10-27,5,2023-10-27T04:00,gcl,Grand Coulee,30.3,30.3,0.0,1284.7,955.3,329.4,761.5
2023-10-27,6,2023-10-27T05:00,gcl,Grand Coulee,45.2,45.2,0.0,1284.7,956.0,328.7,1133.6
2023-10-27,7,2023-10-27T06:00,gcl,Grand Coulee,75.2,75.2,0.0,1284.7,957.9,326.8,1875.1
2023-10-27,8,2023-10-27T07:00,gcl,Grand Coulee,83.8,83.8,0.0,1284.6,958.9,325.7,2082.5
2023-10-27,9,2023-10-27T08:00,gcl,Grand Coulee,77.0,77.0,0.0,1284.6,958.6,326.0,1915.3
2023-10-27,10,2023-10-27T09:00,gcl,Grand Coulee,72.1,72.1,0.0,1284.6,957.8,326.8,1797.8
2023-10-27,11,2023-10-27T10:00,gcl,Grand Coulee,66.1,66.1,0.0,1284.7,957.5,327.2,1650.2
2023-10-27,12,2023-10-27T11:00,gcl,Grand Coulee,64.4,64.4,0.0,1284.7,957.3,327.4,1608.8
2023-10-27,13,2023-10-27T12:00,gcl,Grand Coulee,53.8,53.8,0.0,1284.8,956.6,328.2,1347.2
2023-10-27,14,2023-10-27T13:00,gcl,Grand Coulee,40.3,40.3,0.0,1284.8,955.6,329.2,1012.3
2023-10-27,15,2023-10-27T14:00,gcl,Grand Coulee,29.4,29.4,0.0,1284.8,955.1,329.7,739.6
2023-10-27,16,2023-10-27T15:00,gcl,Grand Coulee,30.2,30.2,0.0,1284.8,955.3,329.5,759.3
2023-10-27,17,2023-10-27T16:00,gcl,Grand Coulee,27.3,27.3,0.0,1284.8,955.2,329.6,686.6
2023-10-27,18,2023-10-27T17:00,gcl,Grand Coulee,29.6,29.6,0.0,1284.7,955.2,329.5,744.2
2023-10-27,19,2023-10-27T18:00,gcl,Grand Coulee,30.8,30.8,0.0,1284.7,955.3,329.4,774.1
2023-10-27,20,2023-10-27T19:00,gcl,Grand Coulee,31.6,31.6,0.0,1284.8,955.3,329.5,794.5
2023-10-27,21,2023-10-27T20:00,gcl,Grand Coulee,35.4,35.4,0.0,1284.8,955.4,329.4,889.7
2023-10-27,22,2023-10-27T21:00,gcl,Grand Coulee,30.4,30.4,0.0,1284.9,955.2,329.7,764.7
2023-10-27,23,2023-10-27T22:00,gcl,Grand Coulee,40.5,40.5,0.0,1284.9,956.0,328.9,1016.4
2023-10-27,24,2023-10-27T23:00,gcl,Grand Coulee,37.6,37.6,0.0,1285.0,955.7,329.3,944.7
2023-10-28,1,2023-10-28T00:00,gcl,Grand Coulee,38.1,38.1,0.0,1284.9,955.5,329.4,957.6
2023-10-28,2,2023-10-28T01:00,gcl,Grand Coulee,33.5,33.5,0.0,1285.0,955.3,329.7,842.7
2023-10-28,3,2023-10-28T02:00,gcl,Grand Coulee,34.1,34.1,0.0,1285.0,955.4,329.6,857.6
2023-10-28,4,2023-10-28T03:00,gcl,Grand Coulee,36.6,36.6,0.0,1285.1,955.6,329.5,920.2
2023-10-28,5,2023-10-28T04:00,gcl,Grand Coulee,39.5,39.5,0.0,1285.1,955.8,329.3,992.5
2023-10-28,6,2023-10-28T05:00,gcl,Grand Coulee,46.4,46.4,0.0,1285.0,956.2,328.8,1164.1
2023-10-28,7,2023-10-28T06:00,gcl,Grand Coulee,53.4,53.4,0.0,1285.0,956.7,328.3,1337.6
2023-10-28,8,2023-10-28T07:00,gcl,Grand Coulee,65.6,65.6,0.0,1284.9,957.5,327.4,1638.7
2023-10-28,9,2023-10-28T08:00,gcl,Grand Coulee,72.6,72.6,0.0,1284.9,958.2,326.7,1809.7
2023-10-28,10,2023-10-28T09:00,gcl,Grand Coulee,58.3,58.3,0.0,1285.0,957.4,327.6,1457.3
2023-10-28,11,2023-10-28T10:00,gcl,Grand Coulee,54.4,54.4,0.0,1285.1,956.7,328.4,1363.1
2023-10-28,12,2023-10-28T11:00,gcl,Grand Coulee,45.9,45.9,0.0,1285.1,956.2,328.9,1151.9
2023-10-28,13,2023-10-28T12:00,gcl,Grand Coulee,34.2,34.2,0.0,1285.2,955.6,329.6,860.1
2023-10-28,14,2023-10-28T13:00,gcl,Grand Coulee,24.7,24.7,0.0,1285.2,955.3,329.9,621.7
2023-10-28,15,2023-10-28T14:00,gcl,Grand Coulee,25.7,25.7,0.0,1285.2,955.4,329.8,646.7
2023-10-28,16,2023-10-28T15:00,gcl,Grand Coulee,24.7,24.7,0.0,1285.2,955.5,329.7,621.4
2023-10-28,17,2023-10-28T16:00,gcl,Grand Coulee,28.5,28.5,0.0,1285.3,955.6,329.7,716.9
2023-10-28,18,2023-10-28T17:00,gcl,Grand Coulee,28.1,28.1,0.0,1285.3,955.5,329.8,707.1
2023-10-28,19,2023-10-28T18:00,gcl,Grand Coulee,46.7,46.7,0.0,1285.3,956.6,328.7,1171.2
2023-10-28,20,2023-10-28T19:00,gcl,Grand Coulee,50.0,50.0,0.0,1285.3,957.0,328.3,1252.5
2023-10-28,21,2023-10-28T20:00,gcl,Grand Coulee,48.6,48.6,0.0,1285.4,956.6,328.8,1219.2
2023-10-28,22,2023-10-28T21:00,gcl,Grand Coulee,44.7,44.7,0.0,1285.4,956.2,329.2,1122.8
2023-10-28,23,2023-10-28T22:00,gcl,Grand Coulee,43.2,43.2,0.0,1285.5,956.2,329.3,1085.4
2023-10-28,24,2023-10-28T23:00,gcl,Grand Coulee,37.4,37.4,0.0,1285.5,955.9,329.6,940.6
2023-10-29,1,2023-10-29T00:00,gcl,Grand Coulee,35.8,35.8,0.0,1285.6,955.6,330.0,901.4
2023-10-29,2,2023-10-29T01:00,gcl,Grand Coulee,30.8,30.8,0.0,1285.6,955.3,330.3,776.2
2023-10-29,3,2023-10-29T02:00,gcl,Grand Coulee,34.1,34.1,0.0,1285.6,955.4,330.2,859.1
2023-10-29,4,2023-10-29T03:00,gcl,Grand Coulee,39.9,39.9,0.0,1285.6,955.7,329.9,1004.3
2023-10-29,5,2023-10-29T04:00,gcl,Grand Coulee,44.9,44.9,0.0,1285.5,956.0,329.5,1128.8
2023-10-29,6,2023-10-29T05:00,gcl,Grand Coulee,63.6,63.6,0.0,1285.5,957.1,328.4,1593.6
2023-10-29,7,2023-10-29T06:00,gcl,Grand Coulee,74.9,74.9,0.0,1285.5,958.1,327.4,1871.0
2023-10-29,8,2023-10-29T07:00,gcl,Grand Coulee,89.0,89.0,0.0,1285.5,958.3,327.2,2221.9
2023-10-29,9,2023-10-29T08:00,gcl,Grand Coulee,95.0,95.0,0.0,1285.5,960.2,325.3,2357.9
2023-10-29,10,2023-10-29T09:00,gcl,Grand Coulee,72.7,72.7,0.0,1285.5,958.6,326.9,1813.3
2023-10-29,11,2023-10-29T10:00,gcl,Grand Coulee,56.8,56.8,0.0,1285.5,958.9,326.6,1415.4
2023-10-29,12,2023-10-29T11:00,gcl,Grand Coulee,46.9,46.9,0.0,1285.6,955.9,329.7,1179.8
2023-10-29,13,2023-10-29T12:00,gcl,Grand Coulee,43.3,43.3,0.0,1285.6,955.6,330.0,1090.3
2023-10-29,14,2023-10-29T13:00,gcl,Grand Coulee,35.0,35.0,0.0,1285.6,955.0,330.6,882.9
2023-10-29,15,2023-10-29T14:00,gcl,Grand Coulee,37.5,37.5,0.0,1285.6,954.9,330.7,946.2
2023-10-29,16,2023-10-29T15:00,gcl,Grand Coulee,31.5,31.5,0.0,1285.6,954.9,330.7,794.8
2023-10-29,17,2023-10-29T16:00,gcl,Grand Coulee,39.5,39.5,0.0,1285.6,955.4,330.2,995.2
2023-10-29,18,2023-10-29T17:00,gcl,Grand Coulee,50.7,50.7,0.0,1285.6,956.2,329.4,1274.3
2023-10-29,19,2023-10-29T18:00,gcl,Grand Coulee,57.3,57.3,0.0,1285.6,956.9,328.7,1437.1
2023-10-29,20,2023-10-29T19:00,gcl,Grand Coulee,61.6,61.6,0.0,1285.7,957.1,328.6,1544.4
2023-10-29,21,2023-10-29T20:00,gcl,Grand Coulee,58.4,58.4,0.0,1285.7,956.9,328.8,1465.1
2023-10-29,22,2023-10-29T21:00,gcl,Grand Coulee,47.5,47.5,0.0,1285.7,956.1,329.6,1194.6
2023-10-29,23,2023-10-29T22:00,gcl,Grand Coulee,34.1,34.1,0.0,1285.8,954.9,330.9,860.9
2023-10-29,24,2023-10-29T23:00,gcl,Grand Coulee,23.7,23.7,0.0,1285.9,954.3,331.6,599.6
2023-10-30,1,2023-10-30T00:00,gcl,Grand Coulee,24.7,24.7,0.0,1285.9,954.6,331.3,624.4
2023-10-30,2,2023-10-30T01:00,gcl,Grand Coulee,27.0,27.0,0.0,1285.9,954.8,331.1,682.1
2023-10-30,3,2023-10-30T02:00,gcl,Grand Coulee,32.7,32.7,0.0,1285.9,954.7,331.2,826.3
2023-10-30,4,2023-10-30T03:00,gcl,Grand Coulee,44.4,44.4,0.0,1285.9,955.1,330.8,1120.7
2023-10-30,5,2023-10-30T04:00,gcl,Grand Coulee,63.9,63.9,0.0,1285.8,956.7,329.1,1604.6
2023-10-30,6,2023-10-30T05:00,gcl,Grand Coulee,109.0,109.0,0.0,1285.8,959.9,325.9,2710.4
2023-10-30,7,2023-10-30T06:00,gcl,Grand Coulee,119.3,119.3,0.0,1285.7,961.7,324.0,2949.2
2023-10-30,8,2023-10-30T07:00,gcl,Grand Coulee,126.7,126.7,0.0,1285.7,962.9,322.8,3120.6
2023-10-30,9,2023-10-30T08:00,gcl,Grand Coulee,119.5,119.5,0.0,1285.7,962.7,323.0,2945.1
2023-10-30,10,2023-10-30T09:00,gcl,Grand Coulee,97.5,97.5,0.0,1285.7,960.7,325.0,2417.8
2023-10-30,11,2023-10-30T10:00,gcl,Grand Coulee,81.1,81.1,0.0,1285.7,959.0,326.7,2021.6
2023-10-30,12,2023-10-30T11:00,gcl,Grand Coulee,69.3,69.3,0.0,1285.7,957.7,328.0,1734.3
2023-10-30,13,2023-10-30T12:00,gcl,Grand Coulee,62.1,62.1,0.0,1285.7,956.8,328.9,1558.4
2023-10-30,14,2023-10-30T13:00,gcl,Grand Coulee,41.7,41.7,0.0,1285.7,955.6,330.1,1050.3
2023-10-30,15,2023-10-30T14:00,gcl,Grand Coulee,35.7,35.7,0.0,1285.8,955.4,330.4,900.0
2023-10-30,16,2023-10-30T15:00,gcl,Grand Coulee,35.0,35.0,0.0,1285.8,955.5,330.3,882.1
2023-10-30,17,2023-10-30T16:00,gcl,Grand Coulee,45.7,45.7,0.0,1285.8,956.2,329.6,1149.3
2023-10-30,18,2023-10-30T17:00,gcl,Grand Coulee,57.5,57.5,0.0,1285.8,957.0,328.8,1442.5
2023-10-30,19,2023-10-30T18:00,gcl,Grand Coulee,63.3,63.3,0.0,1285.8,957.7,328.1,1584.7
2023-10-30,20,2023-10-30T19:00,gcl,Grand Coulee,60.1,60.1,0.0,1285.9,957.6,328.3,1505.5
2023-10-30,21,2023-10-30T20:00,gcl,Grand Coulee,60.1,60.1,0.0,1286.0,957.7,328.3,1505.5
2023-10-30,22,2023-10-30T21:00,gcl,Grand Coulee,51.0,51.0,0.0,1286.0,957.4,328.6,1278.7
2023-10-30,23,2023-10-30T22:00,gcl,Grand Coulee,46.2,46.2,0.0,1286.0,957.0,329.0,1159.7
2023-10-30,24,2023-10-30T23:00,gcl,Grand Coulee,46.2,46.2,0.0,1286.0,956.9,329.1,1160.1
2023-10-31,1,2023-10-31T00:00,gcl,Grand Coulee,41.6,41.6,0.0,1286.1,956.4,329.7,1046.5
2023-10-31,2,2023-10-31T01:00,gcl,Grand Coulee,42.7,42.7,0.0,1286.1,956.6,329.5,1073.5
2023-10-31,3,2023-10-31T02:00,gcl,Grand Coulee,45.4,45.4,0.0,1286.1,956.9,329.2,1140.4
2023-10-31,4,2023-10-31T03:00,gcl,Grand Coulee,51.2,51.2,0.0,1286.1,957.3,328.8,1284.5
2023-10-31,5,2023-10-31T04:00,gcl,Grand Coulee,76.3,76.3,0.0,1286.1,958.9,327.2,1904.9
2023-10-31,6,2023-10-31T05:00,gcl,Grand Coulee,104.9,104.9,0.0,1286.0,961.2,324.8,2599.7
2023-10-31,7,2023-10-31T06:00,gcl,Grand Coulee,130.3,130.3,0.0,1286.0,963.6,322.4,3205.3
2023-10-31,8,2023-10-31T07:00,gcl,Grand Coulee,139.5,139.5,0.0,1285.9,965.0,320.9,3415.6
2023-10-31,9,2023-10-31T08:00,gcl,Grand Coulee,124.5,124.5,0.0,1285.9,963.8,322.1,3059.7
2023-10-31,10,2023-10-31T09:00,gcl,Grand Coulee,103.4,103.4,0.0,1286.0,961.9,324.1,2557.0
2023-10-31,11,2023-10-31T10:00,gcl,Grand Coulee,99.6,99.6,0.0,1286.0,961.0,325.0,2469.8
2023-10-31,12,2023-10-31T11:00,gcl,Grand Coulee,91.0,91.0,0.0,1285.9,960.1,325.8,2262.1
2023-10-31,13,2023-10-31T12:00,gcl,Grand Coulee,71.8,71.8,0.0,1285.9,958.5,327.4,1793.6
2023-10-31,14,2023-10-31T13:00,gcl,Grand Coulee,56.8,56.8,0.0,1285.9,957.5,328.4,1423.2
2023-10-31,15,2023-10-31T14:00,gcl,Grand Coulee,51.6,51.6,0.0,1285.9,957.0,328.9,1294.9
2023-10-31,16,2023-10-31T15:00,gcl,Grand Coulee,51.8,51.8,0.0,1285.9,956.8,329.1,1300.7
2023-10-31,17,2023-10-31T16:00,gcl,Grand Coulee,66.1,66.1,0.0,1286.0,957.5,328.5,1656.8
2023-10-31,18,2023-10-31T17:00,gcl,Grand Coulee,95.3,95.3,0.0,1285.9,959.5,326.4,2373.4
2023-10-31,19,2023-10-31T18:00,gcl,Grand Coulee,97.4,97.4,0.0,1285.9,960.1,325.8,2421.2
2023-10-31,20,2023-10-31T19:00,gcl,Grand Coulee,96.7,96.7,0.0,1285.9,960.1,325.8,2403.8
2023-10-31,21,2023-10-31T20:00,gcl,Grand Coulee,90.5,90.5,0.0,1285.9,959.6,326.3,2253.2
2023-10-31,22,2023-10-31T21:00,gcl,Grand Coulee,58.2,58.2,0.0,1286.0,957.3,328.7,1459.6
2023-10-31,23,2023-10-31T22:00,gcl,Grand Coulee,46.5,46.5,0.0,1286.1,955.7,330.4,1172.2
2023-10-31,24,2023-10-31T23:00,gcl,Grand Coulee,41.6,41.6,0.0,1286.1,955.2,330.9,1050.3
2023-11-01,1,2023-11-01T00:00,gcl,Grand Coulee,47.1,47.1,0.0,1286.1,955.9,330.2,1186.6
2023-11-01,2,2023-11-01T01:00,gcl,Grand Coulee,43.4,43.4,0.0,1286.0,955.3,330.7,1095.1
2023-11-01,3,2023-11-01T02:00,gcl,Grand Coulee,45.7,45.7,0.0,1286.1,955.1,331.0,1154.2
2023-11-01,4,2023-11-01T03:00,gcl,Grand Coulee,48.6,48.6,0.0,1286.1,955.6,330.5,1225.6
2023-11-01,5,2023-11-01T04:00,gcl,Grand Coulee,48.8,48.8,0.0,1286.2,955.7,330.5,1230.6
2023-11-01,6,2023-11-01T05:00,gcl,Grand Coulee,57.7,57.7,0.0,1286.2,956.0,330.2,1453.7
2023-11-01,7,2023-11-01T06:00,gcl,Grand Coulee,105.8,105.8,0.0,1286.1,959.6,326.5,2635.7
2023-11-01,8,2023-11-01T07:00,gcl,Grand Coulee,123.2,123.2,0.0,1286.0,962.2,323.8,3043.8
2023-11-01,9,2023-11-01T08:00,gcl,Grand Coulee,120.2,120.2,0.0,1286.0,962.2,323.8,2969.7
2023-11-01,10,2023-11-01T09:00,gcl,Grand Coulee,105.5,105.5,0.0,1286.0,961.1,324.9,2615.3
2023-11-01,11,2023-11-01T10:00,gcl,Grand Coulee,97.4,97.4,0.0,1286.0,960.1,325.9,2422.0
2023-11-01,12,2023-11-01T11:00,gcl,Grand Coulee,90.2,90.2,0.0,1286.1,959.5,326.6,2247.7
2023-11-01,13,2023-11-01T12:00,gcl,Grand Coulee,88.0,88.0,0.0,1286.1,959.3,326.8,2194.3
2023-11-01,14,2023-11-01T13:00,gcl,Grand Coulee,89.2,89.2,0.0,1286.0,959.4,326.6,2222.8
2023-11-01,15,2023-11-01T14:00,gcl,Grand Coulee,83.9,83.9,0.0,1285.9,959.0,326.9,2092.7
2023-11-01,16,2023-11-01T15:00,gcl,Grand Coulee,100.9,100.9,0.0,1285.9,959.8,326.1,2510.5
2023-11-01,17,2023-11-01T16:00,gcl,Grand Coulee,108.5,108.5,0.0,1285.9,961.1,324.8,2688.9
2023-11-01,18,2023-11-01T17:00,gcl,Grand Coulee,110.9,110.9,0.0,1285.9,961.6,324.3,2744.1
2023-11-01,19,2023-11-01T18:00,gcl,Grand Coulee,109.7,109.7,0.0,1285.9,961.6,324.3,2714.4
2023-11-01,20,2023-11-01T19:00,gcl,Grand Coulee,102.5,102.5,0.0,1285.9,960.9,325.0,2541.7
2023-11-01,21,2023-11-01T20:00,gcl,Grand Coulee,81.9,81.9,0.0,1285.8,959.3,326.5,2040.3
2023-11-01,22,2023-11-01T21:00,gcl,Grand Coulee,65.5,65.5,0.0,1285.8,957.7,328.1,1639.7
2023-11-01,23,2023-11-01T22:00,gcl,Grand Coulee,59.0,59.0,0.0,1285.8,956.7,329.1,1481.5
2023-11-01,24,2023-11-01T23:00,gcl,Grand Coulee,49.8,49.8,0.0,1285.8,956.1,329.7,1252.8
2023-11-02,1,2023-11-02T00:00,gcl,Grand Coulee,58.3,58.3,0.0,1285.8,956.8,329.0,1463.5
2023-11-02,2,2023-11-02T01:00,gcl,Grand Coulee,51.9,51.9,0.0,1285.8,956.4,329.4,1304.4
2023-11-02,3,2023-11-02T02:00,gcl,Grand Coulee,48.6,48.6,0.0,1285.9,956.1,329.8,1223.0
2023-11-02,4,2023-11-02T03:00,gcl,Grand Coulee,43.2,43.2,0.0,1285.9,955.8,330.1,1088.1
2023-11-02,5,2023-11-02T04:00,gcl,Grand Coulee,64.2,64.2,0.0,1285.9,957.2,328.7,1610.1
2023-11-02,6,2023-11-02T05:00,gcl,Grand Coulee,79.9,79.9,0.0,1285.9,958.8,327.1,1994.1
2023-11-02,7,2023-11-02T06:00,gcl,Grand Coulee,102.8,102.8,0.0,1285.8,960.5,325.3,2551.5
2023-11-02,8,2023-11-02T07:00,gcl,Grand Coulee,111.1,111.1,0.0,1285.8,961.6,324.2,2748.2
2023-11-02,9,2023-11-02T08:00,gcl,Grand Coulee,109.0,109.0,0.0,1285.8,961.7,324.1,2695.4
2023-11-02,10,2023-11-02T09:00,gcl,Grand Coulee,90.6,90.6,0.0,1285.8,960.4,325.4,2249.4
2023-11-02,11,2023-11-02T10:00,gcl,Grand Coulee,76.0,76.0,0.0,1286.0,959.1,326.9,1895.6
2023-11-02,12,2023-11-02T11:00,gcl,Grand Coulee,65.4,65.4,0.0,1285.9,958.2,327.7,1635.2
2023-11-02,13,2023-11-02T12:00,gcl,Grand Coulee,59.7,59.7,0.0,1285.8,957.6,328.2,1495.0
2023-11-02,14,2023-11-02T13:00,gcl,Grand Coulee,64.6,64.6,0.0,1285.8,957.8,328.0,1616.7
2023-11-02,15,2023-11-02T14:00,gcl,Grand Coulee,55.3,55.3,0.0,1285.8,957.2,328.6,1386.5
2023-11-02,16,2023-11-02T15:00,gcl,Grand Coulee,53.8,53.8,0.0,1285.8,956.6,329.2,1351.3
2023-11-02,17,2023-11-02T16:00,gcl,Grand Coulee,60.9,60.9,0.0,1285.9,957.2,328.7,1527.4
2023-11-02,18,2023-11-02T17:00,gcl,Grand Coulee,62.4,62.4,0.0,1286.0,957.5,328.5,1564.0
2023-11-02,19,2023-11-02T18:00,gcl,Grand Coulee,66.0,66.0,0.0,1286.0,957.6,328.4,1653.8
2023-11-02,20,2023-11-02T19:00,gcl,Grand Coulee,68.6,68.6,0.0,1285.9,957.7,328.2,1717.9
2023-11-02,21,2023-11-02T20:00,gcl,Grand Coulee,60.0,60.0,0.0,1285.9,957.2,328.7,1504.8
2023-11-02,22,2023-11-02T21:00,gcl,Grand Coulee,43.7,43.7,0.0,1286.0,955.8,330.2,1101.0
2023-11-02,23,2023-11-02T22:00,gcl,Grand Coulee,41.5,41.5,0.0,1286.1,955.6,330.5,1046.5
2023-11-02,24,2023-11-02T23:00,gcl,Grand Coulee,42.5,42.5,0.0,1286.1,956.0,330.1,1070.4
2023-11-03,1,2023-11-03T00:00,gcl,Grand Coulee,70.6,70.6,0.0,1286.0,957.7,328.3,1768.5
2023-11-03,2,2023-11-03T01:00,gcl,Grand Coulee,74.3,74.3,0.0,1286.0,958.2,327.8,1858.3
2023-11-03,3,2023-11-03T02:00,gcl,Grand Coulee,70.2,70.2,0.0,1286.0,958.0,328.0,1756.9
2023-11-03,4,2023-11-03T03:00,gcl,Grand Coulee,66.9,66.9,0.0,1286.0,958.0,328.0,1674.3
2023-11-03,5,2023-11-03T04:00,gcl,Grand Coulee,68.1,68.1,0.0,1286.0,958.4,327.6,1702.2
2023-11-03,6,2023-11-03T05:00,gcl,Grand Coulee,78.0,78.0,0.0,1286.0,959.2,326.8,1944.9
2023-11-03,7,2023-11-03T06:00,gcl,Grand Coulee,75.5,75.5,0.0,1286.0,959.0,327.0,1883.7
2023-11-03,8,2023-11-03T07:00,gcl,Grand Coulee,97.5,97.5,0.0,1285.9,960.5,325.4,2420.7
2023-11-03,9,2023-11-03T08:00,gcl,Grand Coulee,91.2,91.2,0.0,1285.9,960.5,325.4,2264.3
2023-11-03,10,2023-11-03T09:00,gcl,Grand Coulee,87.0,87.0,0.0,1285.9,960.2,325.7,2162.0
2023-11-03,11,2023-11-03T10:00,gcl,Grand Coulee,79.6,79.6,0.0,1285.9,959.5,326.4,1982.4
2023-11-03,12,2023-11-03T11:00,gcl,Grand Coulee,71.7,71.7,0.0,1286.0,959.0,327.0,1788.9
2023-11-03,13,2023-11-03T12:00,gcl,Grand Coulee,66.9,66.9,0.0,1286.0,958.5,327.5,1671.7
2023-11-03,14,2023-11-03T13:00,gcl,Grand Coulee,58.0,58.0,0.0,1285.9,957.8,328.1,1452.0
2023-11-03,15,2023-11-03T14:00,gcl,Grand Coulee,52.9,52.9,0.0,1285.9,957.3,328.6,1326.3
2023-11-03,16,2023-11-03T15:00,gcl,Grand Coulee,62.6,62.6,0.0,1285.9,957.6,328.3,1568.1
2023-11-03,17,2023-11-03T16:00,gcl,Grand Coulee,66.5,66.5,0.0,1285.9,957.8,328.1,1664.8
2023-11-03,18,2023-11-03T17:00,gcl,Grand Coulee,80.8,80.8,0.0,1286.0,958.9,327.1,2016.6
2023-11-03,19,2023-11-03T18:00,gcl,Grand Coulee,71.2,71.2,0.0,1286.0,958.4,327.6,1779.7
2023-11-03,20,2023-11-03T19:00,gcl,Grand Coulee,61.6,61.6,0.0,1286.1,957.4,328.7,1544.9
2023-11-03,21,2023-11-03T20:00,gcl,Grand Coulee,72.5,72.5,0.0,1286.0,958.0,328.0,1814.4
2023-11-03,22,2023-11-03T21:00,gcl,Grand Coulee,70.7,70.7,0.0,1286.0,958.1,327.9,1768.8
2023-11-03,23,2023-11-03T22:00,gcl,Grand Coulee,73.5,73.5,0.0,1286.0,958.3,327.7,1837.8
2023-11-03,24,2023-11-03T23:00,gcl,Grand Coulee,71.9,71.9,0.0,1286.0,958.3,327.7,1797.8
2023-11-04,1,2023-11-04T00:00,gcl,Grand Coulee,67.3,67.3,0.0,1286.0,958.1,327.9,1683.8
2023-11-04,2,2023-11-04T01:00,gcl,Grand Coulee,63.5,63.5,0.0,1286.0,957.8,328.2,1590.1
2023-11-04,3,2023-11-04T02:00,gcl,Grand Coulee,63.8,63.8,0.0,1286.0,957.9,328.1,1597.2
2023-11-04,4,2023-11-04T03:00,gcl,Grand Coulee,63.2,63.2,0.0,1285.9,958.0,327.9,1581.2
2023-11-04,5,2023-11-04T04:00,gcl,Grand Coulee,63.8,63.8,0.0,1285.9,958.0,327.9,1596.2
2023-11-04,6,2023-11-04T05:00,gcl,Grand Coulee,54.8,54.8,0.0,1285.8,957.6,328.2,1372.3
2023-11-04,7,2023-11-04T06:00,gcl,Grand Coulee,50.7,50.7,0.0,1285.9,957.3,328.6,1271.2
2023-11-04,8,2023-11-04T07:00,gcl,Grand Coulee,40.5,40.5,0.0,1286.0,956.6,329.4,1017.9
2023-11-04,9,2023-11-04T08:00,gcl,Grand Coulee,38.9,38.9,0.0,1286.1,956.6,329.5,978.0
2023-11-04,10,2023-11-04T09:00,gcl,Grand Coulee,45.0,45.0,0.0,1286.0,957.0,329.0,1129.6
2023-11-04,11,2023-11-04T10:00,gcl,Grand Coulee,51.6,51.6,0.0,1285.9,957.6,328.3,1292.5
2023-11-04,12,2023-11-04T11:00,gcl,Grand Coulee,48.2,48.2,0.0,1286.0,957.2,328.8,1209.2
2023-11-04,13,2023-11-04T12:00,gcl,Grand Coulee,46.1,46.1,0.0,1286.0,956.9,329.1,1157.6
2023-11-04,14,2023-11-04T13:00,gcl,Grand Coulee,42.9,42.9,0.0,1286.1,956.7,329.4,1078.2
2023-11-04,15,2023-11-04T14:00,gcl,Grand Coulee,41.0,41.0,0.0,1286.2,956.6,329.6,1031.1
2023-11-04,16,2023-11-04T15:00,gcl,Grand Coulee,45.5,45.5,0.0,1286.2,956.7,329.5,1143.9
2023-11-04,17,2023-11-04T16:00,gcl,Grand Coulee,43.8,43.8,0.0,1286.1,956.8,329.3,1100.5
2023-11-04,18,2023-11-04T17:00,gcl,Grand Coulee,58.0,58.0,0.0,1286.1,957.5,328.6,1454.2
2023-11-04,19,2023-11-04T18:00,gcl,Grand Coulee,53.4,53.4,0.0,1286.1,957.3,328.8,1339.7
2023-11-04,20,2023-11-04T19:00,gcl,Grand Coulee,56.6,56.6,0.0,1286.1,957.2,328.9,1420.4
2023-11-04,21,2023-11-04T20:00,gcl,Grand Coulee,58.7,58.7,0.0,1286.2,957.3,328.9,1473.1
2023-11-04,22,2023-11-04T21:00,gcl,Grand Coulee,60.4,60.4,0.0,1286.2,957.6,328.6,1514.4
2023-11-04,23,2023-11-04T22:00,gcl,Grand Coulee,56.1,56.1,0.0,1286.3,957.2,329.1,1408.7
2023-11-04,24,2023-11-04T23:00,gcl,Grand Coulee,58.8,58.8,5.0,1286.2,957.2,329.0,1476.0
2023-11-04,1,2023-11-04T00:00,gcl,Grand Coulee,47.6,47.6,0.0,1286.2,956.7,329.5,1196.7
2023-11-05,1,2023-11-05T00:00,gcl,Grand Coulee,41.1,41.1,0.0,1286.2,956.1,330.1,1035.2
2023-11-05,2,2023-11-05T01:00,gcl,Grand Coulee,46.3,46.3,0.0,1286.2,956.3,329.9,1165.4
2023-11-05,3,2023-11-05T02:00,gcl,Grand Coulee,50.0,50.0,0.0,1286.2,957.1,329.1,1255.5
2023-11-05,4,2023-11-05T03:00,gcl,Grand Coulee,54.3,54.3,0.0,1286.2,957.2,329.0,1363.1
2023-11-05,5,2023-11-05T04:00,gcl,Grand Coulee,56.9,56.9,0.0,1286.2,957.1,329.1,1428.8
2023-11-05,6,2023-11-05T05:00,gcl,Grand Coulee,62.8,62.8,0.0,1286.1,957.8,328.3,1573.1
2023-11-05,7,2023-11-05T06:00,gcl,Grand Coulee,63.8,63.8,0.0,1286.1,958.1,328.0,1596.7
2023-11-05,8,2023-11-05T07:00,gcl,Grand Coulee,63.9,63.9,0.0,1286.2,958.1,328.1,1599.7
2023-11-05,9,2023-11-05T08:00,gcl,Grand Coulee,65.8,65.8,0.0,1286.2,958.2,328.0,1646.7
2023-11-05,10,2023-11-05T09:00,gcl,Grand Coulee,67.2,67.2,0.0,1286.1,958.3,327.8,1680.7
2023-11-05,11,2023-11-05T10:00,gcl,Grand Coulee,59.2,59.2,0.0,1286.2,957.8,328.4,1483.4
2023-11-05,12,2023-11-05T11:00,gcl,Grand Coulee,57.9,57.9,0.0,1286.2,957.5,328.7,1452.1
2023-11-05,13,2023-11-05T12:00,gcl,Grand Coulee,54.6,54.6,0.0,1286.2,957.4,328.8,1369.8
2023-11-05,14,2023-11-05T13:00,gcl,Grand Coulee,51.4,51.4,0.0,1286.2,957.2,329.0,1290.3
2023-11-05,15,2023-11-05T14:00,gcl,Grand Coulee,51.4,51.4,0.0,1286.3,957.1,329.2,1291.1
2023-11-05,16,2023-11-05T15:00,gcl,Grand Coulee,61.1,61.1,0.0,1286.3,957.6,328.7,1532.4
2023-11-05,17,2023-11-05T16:00,gcl,Grand Coulee,68.2,68.2,0.0,1286.3,958.2,328.1,1707.3
2023-11-05,18,2023-11-05T17:00,gcl,Grand Coulee,80.2,80.2,0.0,1286.3,959.0,327.3,2002.8
2023-11-05,19,2023-11-05T18:00,gcl,Grand Coulee,71.1,71.1,0.0,1286.3,958.5,327.8,1778.3
2023-11-05,20,2023-11-05T19:00,gcl,Grand Coulee,68.4,68.4,0.0,1286.3,958.0,328.3,1713.4
2023-11-05,21,2023-11-05T20:00,gcl,Grand Coulee,58.4,58.4,0.0,1286.3,957.3,329.0,1466.0
2023-11-05,22,2023-11-05T21:00,gcl,Grand Coulee,48.8,48.8,0.0,1286.4,956.7,329.7,1227.6
2023-11-05,23,2023-11-05T22:00,gcl,Grand Coulee,42.4,42.4,0.0,1286.4,956.2,330.2,1068.2
2023-11-05,24,2023-11-05T23:00,gcl,Grand Coulee,44.4,44.4,0.0,1286.4,956.5,329.9,1117.6
2023-11-06,1,2023-11-06T00:00,gcl,Grand Coulee,41.2,41.2,0.0,1286.4,956.3,330.1,1037.7
2023-11-06,2,2023-11-06T01:00,gcl,Grand Coulee,42.8,42.8,0.0,1286.4,956.2,330.2,1078.3
2023-11-06,3,2023-11-06T02:00,gcl,Grand Coulee,46.0,46.0,0.0,1286.5,956.2,330.3,1159.3
2023-11-06,4,2023-11-06T03:00,gcl,Grand Coulee,56.1,56.1,0.0,1286.5,957.0,329.5,1410.4
2023-11-06,5,2023-11-06T04:00,gcl,Grand Coulee,66.5,66.5,0.0,1286.4,957.7,328.7,1667.8
2023-11-06,6,2023-11-06T05:00,gcl,Grand Coulee,75.5,75.5,0.0,1286.41,958.2,328.21,1890.7
2023-11-06,7,2023-11-06T06:00,gcl,Grand Coulee,102.6,102.6,0.0,1286.3,960.3,326.0,2552.1
2023-11-06,8,2023-11-06T07:00,gcl,Grand Coulee,118.4,118.4,0.0,1286.2,962.0,324.2,2928.8
2023-11-06,9,2023-11-06T08:00,gcl,Grand Coulee,110.5,110.5,0.0,1286.3,967.1,319.2,2691.2
2023-11-06,10,2023-11-06T09:00,gcl,Grand Coulee,91.7,91.7,0.0,1286.3,960.3,326.0,2280.9
2023-11-06,11,2023-11-06T10:00,gcl,Grand Coulee,82.2,82.2,0.0,1286.3,959.3,327.0,2050.9
2023-11-06,12,2023-11-06T11:00,gcl,Grand Coulee,73.3,73.3,0.0,1286.3,958.8,327.5,1831.6
2023-11-06,13,2023-11-06T12:00,gcl,Grand Coulee,61.4,61.4,0.0,1286.3,958.0,328.3,1538.0
2023-11-06,14,2023-11-06T13:00,gcl,Grand Coulee,61.3,61.3,0.0,1286.2,958.0,328.2,1535.1
2023-11-06,15,2023-11-06T14:00,gcl,Grand Coulee,53.8,53.8,0.0,1286.2,957.9,328.3,1347.7
2023-11-06,16,2023-11-06T15:00,gcl,Grand Coulee,62.2,62.2,0.0,1286.2,958.4,327.8,1555.7
2023-11-06,17,2023-11-06T16:00,gcl,Grand Coulee,57.4,57.4,0.0,1286.3,958.3,328.0,1436.5
2023-11-06,18,2023-11-06T17:00,gcl,Grand Coulee,70.0,70.0,0.0,1286.3,959.1,327.2,1747.6
2023-11-06,19,2023-11-06T18:00,gcl,Grand Coulee,62.4,62.4,0.0,1286.3,958.7,327.6,1559.7
2023-11-06,20,2023-11-06T19:00,gcl,Grand Coulee,56.9,56.9,0.0,1286.3,958.0,328.3,1425.3
2023-11-06,21,2023-11-06T20:00,gcl,Grand Coulee,47.2,47.2,0.0,1286.3,957.0,329.3,1185.9
2023-11-06,22,2023-11-06T21:00,gcl,Grand Coulee,38.2,38.2,0.0,1286.3,956.5,329.8,961.3
2023-11-06,23,2023-11-06T22:00,gcl,Grand Coulee,26.4,26.4,0.0,1286.4,956.0,330.4,665.5
2023-11-06,24,2023-11-06T23:00,gcl,Grand Coulee,28.6,28.6,0.0,1286.4,955.9,330.5,721.2
2023-11-07,1,2023-11-07T00:00,gcl,Grand Coulee,30.3,30.3,0.0,1286.4,955.9,330.5,764.1
2023-11-07,2,2023-11-07T01:00,gcl,Grand Coulee,30.2,30.2,0.0,1286.4,955.7,330.7,762.0
2023-11-07,3,2023-11-07T02:00,gcl,Grand Coulee,29.5,29.5,0.0,1286.4,955.7,330.7,744.4
2023-11-07,4,2023-11-07T03:00,gcl,Grand Coulee,33.3,33.3,0.0,1286.4,956.0,330.4,839.5
2023-11-07,5,2023-11-07T04:00,gcl,Grand Coulee,53.4,53.4,0.0,1286.3,957.3,329.0,1340.5
2023-11-07,6,2023-11-07T05:00,gcl,Grand Coulee,70.0,70.0,0.0,1286.3,958.5,327.8,1750.8
2023-11-07,7,2023-11-07T06:00,gcl,Grand Coulee,72.4,72.4,0.0,1286.4,958.9,327.5,1809.1
2023-11-07,8,2023-11-07T07:00,gcl,Grand Coulee,72.1,72.1,0.0,1286.4,958.7,327.7,1802.8
2023-11-07,9,2023-11-07T08:00,gcl,Grand Coulee,64.0,64.0,0.0,1286.4,958.2,328.2,1602.7
2023-11-07,10,2023-11-07T09:00,gcl,Grand Coulee,58.7,58.7,0.0,1286.4,957.9,328.5,1471.3
2023-11-07,11,2023-11-07T10:00,gcl,Grand Coulee,55.1,55.1,0.0,1286.4,957.6,328.8,1382.3
2023-11-07,12,2023-11-07T11:00,gcl,Grand Coulee,49.5,49.5,0.0,1286.4,957.2,329.2,1243.3
2023-11-07,13,2023-11-07T12:00,gcl,Grand Coulee,40.6,40.6,0.0,1286.5,956.6,329.9,1022.0
2023-11-07,14,2023-11-07T13:00,gcl,Grand Coulee,39.8,39.8,0.0,1286.5,956.4,330.1,1002.4
2023-11-07,15,2023-11-07T14:00,gcl,Grand Coulee,38.1,38.1,0.0,1286.6,956.3,330.3,960.2
2023-11-07,16,2023-11-07T15:00,gcl,Grand Coulee,42.9,42.9,0.0,1286.6,956.3,330.3,1081.2
2023-11-07,17,2023-11-07T16:00,gcl,Grand Coulee,47.8,47.8,0.0,1286.6,956.5,330.1,1203.9
2023-11-07,18,2023-11-07T17:00,gcl,Grand Coulee,70.0,70.0,0.0,1286.5,957.9,328.6,1755.1
2023-11-07,19,2023-11-07T18:00,gcl,Grand Coulee,64.2,64.2,0.0,1286.6,957.6,329.0,1611.6
2023-11-07,20,2023-11-07T19:00,gcl,Grand Coulee,61.6,61.6,0.0,1286.6,957.0,329.6,1549.1
2023-11-07,21,2023-11-07T20:00,gcl,Grand Coulee,57.6,57.6,0.0,1286.6,956.7,329.9,1449.9
2023-11-07,22,2023-11-07T21:00,gcl,Grand Coulee,54.1,54.1,0.0,1286.6,956.5,330.1,1362.6
2023-11-07,23,2023-11-07T22:00,gcl,Grand Coulee,50.1,50.1,0.0,1286.7,956.1,330.6,1263.8
2023-11-07,24,2023-11-07T23:00,gcl,Grand Coulee,42.4,42.4,0.0,1286.7,956.1,330.6,1069.5
2023-11-08,1,2023-11-08T00:00,gcl,Grand Coulee,36.1,36.1,0.0,1286.7,955.0,331.7,913.6
2023-11-08,2,2023-11-08T01:00,gcl,Grand Coulee,36.5,36.5,0.0,1286.7,955.1,331.6,923.5
2023-11-08,3,2023-11-08T02:00,gcl,Grand Coulee,36.3,36.3,0.0,1286.7,955.3,331.4,917.9
2023-11-08,4,2023-11-08T03:00,gcl,Grand Coulee,45.4,45.4,0.0,1286.7,955.7,331.0,1146.6
2023-11-08,5,2023-11-08T04:00,gcl,Grand Coulee,58.0,58.0,0.0,1286.6,956.6,330.0,1460.4
2023-11-08,6,2023-11-08T05:00,gcl,Grand Coulee,70.6,70.6,0.0,1286.6,957.5,329.1,1772.8
2023-11-08,7,2023-11-08T06:00,gcl,Grand Coulee,106.2,106.2,0.0,1286.5,960.3,326.2,2643.2
2023-11-08,8,2023-11-08T07:00,gcl,Grand Coulee,110.3,110.3,0.0,1286.5,961.4,325.1,2736.0
2023-11-08,9,2023-11-08T08:00,gcl,Grand Coulee,107.2,107.2,0.0,1286.6,961.3,325.3,2660.7
2023-11-08,10,2023-11-08T09:00,gcl,Grand Coulee,81.9,81.9,0.0,1286.6,959.7,326.9,2042.8
2023-11-08,11,2023-11-08T10:00,gcl,Grand Coulee,75.1,75.1,0.0,1286.6,958.8,327.8,1878.3
2023-11-08,12,2023-11-08T11:00,gcl,Grand Coulee,63.8,63.8,0.0,1286.6,958.4,328.2,1597.7
2023-11-08,13,2023-11-08T12:00,gcl,Grand Coulee,52.2,52.2,0.0,1286.6,957.8,328.8,1309.6
2023-11-08,14,2023-11-08T13:00,gcl,Grand Coulee,55.4,55.4,0.0,1286.5,957.9,328.6,1389.0
2023-11-08,15,2023-11-08T14:00,gcl,Grand Coulee,53.2,53.2,0.0,1286.5,957.9,328.6,1333.8
2023-11-08,16,2023-11-08T15:00,gcl,Grand Coulee,66.0,66.0,0.0,1286.6,958.5,328.1,1652.2
2023-11-08,17,2023-11-08T16:00,gcl,Grand Coulee,100.1,100.1,0.0,1286.5,960.9,325.6,2486.8
2023-11-08,18,2023-11-08T17:00,gcl,Grand Coulee,107.3,107.3,0.0,1286.5,961.8,324.7,2658.3
2023-11-08,19,2023-11-08T18:00,gcl,Grand Coulee,88.0,88.0,0.0,1286.6,960.7,325.9,2188.2
2023-11-08,20,2023-11-08T19:00,gcl,Grand Coulee,82.1,82.1,0.0,1286.6,959.8,326.8,2047.2
2023-11-08,21,2023-11-08T20:00,gcl,Grand Coulee,69.0,69.0,0.0,1286.6,958.9,327.7,1725.2
2023-11-08,22,2023-11-08T21:00,gcl,Grand Coulee,67.2,67.2,0.0,1286.6,958.5,328.1,1682.3
2023-11-08,23,2023-11-08T22:00,gcl,Grand Coulee,61.5,61.5,0.0,1286.6,957.8,328.8,1542.9
2023-11-08,24,2023-11-08T23:00,gcl,Grand Coulee,60.4,60.4,0.0,1286.6,957.7,328.9,1515.7
2023-11-09,1,2023-11-09T00:00,gcl,Grand Coulee,60.8,60.8,0.0,1286.6,957.5,329.1,1526.7
2023-11-09,2,2023-11-09T01:00,gcl,Grand Coulee,62.1,62.1,0.0,1286.6,957.6,329.0,1558.9
2023-11-09,3,2023-11-09T02:00,gcl,Grand Coulee,63.5,63.5,0.0,1286.7,957.8,328.9,1593.5
2023-11-09,4,2023-11-09T03:00,gcl,Grand Coulee,65.1,65.1,0.0,1286.7,958.5,328.2,1630.2
2023-11-09,5,2023-11-09T04:00,gcl,Grand Coulee,70.5,70.5,0.0,1286.6,958.4,328.2,1765.4
2023-11-09,6,2023-11-09T05:00,gcl,Grand Coulee,89.5,89.5,0.0,1286.5,959.9,326.6,2230.3
2023-11-09,7,2023-11-09T06:00,gcl,Grand Coulee,113.8,113.8,0.0,1286.4,962.1,324.3,2815.9
2023-11-09,8,2023-11-09T07:00,gcl,Grand Coulee,116.8,116.8,0.0,1286.3,962.8,323.5,2883.0
2023-11-09,9,2023-11-09T08:00,gcl,Grand Coulee,109.8,109.8,0.0,1286.4,962.2,324.2,2716.1
2023-11-09,10,2023-11-09T09:00,gcl,Grand Coulee,84.5,84.5,0.0,1286.5,960.3,326.2,2103.1
2023-11-09,11,2023-11-09T10:00,gcl,Grand Coulee,78.7,78.7,0.0,1286.6,959.2,327.4,1966.0
2023-11-09,12,2023-11-09T11:00,gcl,Grand Coulee,79.5,79.5,0.0,1286.6,959.1,327.5,1986.6
2023-11-09,13,2023-11-09T12:00,gcl,Grand Coulee,75.2,75.2,0.0,1286.5,958.9,327.6,1879.7
2023-11-09,14,2023-11-09T13:00,gcl,Grand Coulee,75.9,75.9,0.0,1286.3,958.7,327.6,1897.2
2023-11-09,15,2023-11-09T14:00,gcl,Grand Coulee,76.1,76.1,0.0,1286.3,958.7,327.6,1902.2
2023-11-09,16,2023-11-09T15:00,gcl,Grand Coulee,86.8,86.8,0.0,1286.3,959.4,326.9,2165.0
2023-11-09,17,2023-11-09T16:00,gcl,Grand Coulee,100.4,100.4,0.0,1286.3,960.5,325.8,2495.8
2023-11-09,18,2023-11-09T17:00,gcl,Grand Coulee,113.8,113.8,0.0,1286.3,962.0,324.3,2815.9
2023-11-09,19,2023-11-09T18:00,gcl,Grand Coulee,104.1,104.1,0.0,1286.3,961.7,324.6,2578.2
2023-11-09,20,2023-11-09T19:00,gcl,Grand Coulee,96.4,96.4,0.0,1286.2,960.8,325.4,2393.4
2023-11-09,21,2023-11-09T20:00,gcl,Grand Coulee,82.4,82.4,0.0,1286.2,959.7,326.5,2052.7
2023-11-09,22,2023-11-09T21:00,gcl,Grand Coulee,75.6,75.6,0.0,1286.2,958.9,327.3,1888.0
2023-11-09,23,2023-11-09T22:00,gcl,Grand Coulee,65.4,65.4,0.0,1286.3,958.0,328.3,1638.2
2023-11-09,24,2023-11-09T23:00,gcl,Grand Coulee,55.5,55.5,0.0,1286.3,957.1,329.2,1394.0
2023-11-10,1,2023-11-10T00:00,gcl,Grand Coulee,79.9,79.9,0.0,1286.2,958.5,327.7,1997.8
2023-11-10,2,2023-11-10T01:00,gcl,Grand Coulee,77.8,77.8,0.0,1286.2,958.8,327.4,1943.5
2023-11-10,3,2023-11-10T02:00,gcl,Grand Coulee,80.5,80.5,0.0,1286.0,958.7,327.3,2010.3
2023-11-10,4,2023-11-10T03:00,gcl,Grand Coulee,80.5,80.5,0.0,1286.0,958.7,327.3,2010.3
2023-11-10,5,2023-11-10T04:00,gcl,Grand Coulee,85.2,85.2,0.0,1285.9,959.1,326.8,2124.4
2023-11-10,6,2023-11-10T05:00,gcl,Grand Coulee,90.4,90.4,0.0,1286.0,959.5,326.5,2252.0
2023-11-10,7,2023-11-10T06:00,gcl,Grand Coulee,82.4,82.4,0.0,1286.0,959.2,326.8,2054.6
2023-11-10,8,2023-11-10T07:00,gcl,Grand Coulee,92.2,92.2,0.0,1285.9,959.6,326.3,2295.5
2023-11-10,9,2023-11-10T08:00,gcl,Grand Coulee,87.5,87.5,0.0,1285.9,959.7,326.2,2177.8
2023-11-10,10,2023-11-10T09:00,gcl,Grand Coulee,73.6,73.6,0.0,1285.9,958.7,327.2,1837.5
2023-11-10,11,2023-11-10T10:00,gcl,Grand Coulee,67.1,67.1,0.0,1285.9,957.9,328.0,1679.3
2023-11-10,12,2023-11-10T11:00,gcl,Grand Coulee,64.6,64.6,0.0,1285.9,957.8,328.1,1617.2
2023-11-10,13,2023-11-10T12:00,gcl,Grand Coulee,59.5,59.5,0.0,1286.0,957.6,328.4,1490.9
2023-11-10,14,2023-11-10T13:00,gcl,Grand Coulee,55.7,55.7,0.0,1286.1,957.2,328.9,1397.8
2023-11-10,15,2023-11-10T14:00,gcl,Grand Coulee,58.4,58.4,0.0,1286.0,957.2,328.8,1465.1
2023-11-10,16,2023-11-10T15:00,gcl,Grand Coulee,63.9,63.9,0.0,1286.0,957.6,328.4,1601.1
2023-11-10,17,2023-11-10T16:00,gcl,Grand Coulee,79.0,79.0,0.0,1286.0,958.7,327.3,1972.9
2023-11-10,18,2023-11-10T17:00,gcl,Grand Coulee,91.1,91.1,0.0,1286.0,959.8,326.2,2267.4
2023-11-10,19,2023-11-10T18:00,gcl,Grand Coulee,87.0,87.0,0.0,1286.0,959.6,326.4,2166.7
2023-11-10,20,2023-11-10T19:00,gcl,Grand Coulee,73.3,73.3,0.0,1286.1,958.4,327.7,1832.8
2023-11-10,21,2023-11-10T20:00,gcl,Grand Coulee,64.4,64.4,0.0,1286.1,957.6,328.5,1614.2
2023-11-10,22,2023-11-10T21:00,gcl,Grand Coulee,61.8,61.8,0.0,1286.1,957.2,328.9,1550.9
2023-11-10,23,2023-11-10T22:00,gcl,Grand Coulee,78.4,78.4,0.0,1286.0,958.2,327.8,1960.9
2023-11-10,24,2023-11-10T23:00,gcl,Grand Coulee,84.3,84.3,0.0,1286.0,958.8,327.2,2104.6
2023-11-11,1,2023-11-11T00:00,gcl,Grand Coulee,82.8,82.8,0.0,1285.9,958.9,327.0,2065.9
2023-11-11,2,2023-11-11T01:00,gcl,Grand Coulee,76.0,76.0,0.0,1285.9,958.3,327.6,1899.7
2023-11-11,3,2023-11-11T02:00,gcl,Grand Coulee,72.4,72.4,0.0,1285.9,957.9,328.0,1811.9
2023-11-11,4,2023-11-11T03:00,gcl,Grand Coulee,71.1,71.1,0.0,1285.9,957.8,328.1,1779.9
2023-11-11,5,2023-11-11T04:00,gcl,Grand Coulee,76.8,76.8,0.0,1285.9,958.2,327.7,1920.3
2023-11-11,6,2023-11-11T05:00,gcl,Grand Coulee,76.9,76.9,0.0,1285.8,958.4,327.4,1921.0
2023-11-11,7,2023-11-11T06:00,gcl,Grand Coulee,60.3,60.3,0.0,1285.7,957.2,328.5,1511.4
2023-11-11,8,2023-11-11T07:00,gcl,Grand Coulee,62.0,62.0,0.0,1285.8,957.0,328.8,1555.4
2023-11-11,9,2023-11-11T08:00,gcl,Grand Coulee,67.4,67.4,0.0,1285.7,957.7,328.0,1686.8
2023-11-11,10,2023-11-11T09:00,gcl,Grand Coulee,60.3,60.3,0.0,1285.7,957.3,328.4,1510.9
2023-11-11,11,2023-11-11T10:00,gcl,Grand Coulee,61.6,61.6,0.0,1285.7,957.1,328.6,1544.4
2023-11-11,12,2023-11-11T11:00,gcl,Grand Coulee,61.6,61.6,0.0,1285.7,957.3,328.4,1543.5
2023-11-11,13,2023-11-11T12:00,gcl,Grand Coulee,63.2,63.2,0.0,1285.7,957.6,328.1,1582.2
2023-11-11,14,2023-11-11T13:00,gcl,Grand Coulee,60.6,60.6,0.0,1285.7,957.4,328.3,1518.0
2023-11-11,15,2023-11-11T14:00,gcl,Grand Coulee,52.3,52.3,0.0,1285.8,956.7,329.1,1313.3
2023-11-11,16,2023-11-11T15:00,gcl,Grand Coulee,58.0,58.0,0.0,1285.8,957.1,328.7,1454.6
2023-11-11,17,2023-11-11T16:00,gcl,Grand Coulee,64.1,64.1,0.0,1285.8,957.8,328.0,1604.2
2023-11-11,18,2023-11-11T17:00,gcl,Grand Coulee,78.7,78.7,0.0,1285.7,958.7,327.0,1963.6
2023-11-11,19,2023-11-11T18:00,gcl,Grand Coulee,74.3,74.3,0.0,1285.7,958.6,327.1,1854.4
2023-11-11,20,2023-11-11T19:00,gcl,Grand Coulee,67.6,67.6,0.0,1285.8,958.1,327.7,1690.2
2023-11-11,21,2023-11-11T20:00,gcl,Grand Coulee,67.3,67.3,0.0,1285.8,958.0,327.8,1683.2
2023-11-11,22,2023-11-11T21:00,gcl,Grand Coulee,65.8,65.8,0.0,1285.9,958.0,327.9,1646.2
2023-11-11,23,2023-11-11T22:00,gcl,Grand Coulee,80.1,80.1,0.0,1285.9,958.9,327.0,1998.5
2023-11-11,24,2023-11-11T23:00,gcl,Grand Coulee,80.8,80.8,0.0,1285.8,959.3,326.5,2012.9
2023-11-12,1,2023-11-12T00:00,gcl,Grand Coulee,84.4,84.4,0.0,1285.8,959.4,326.4,2101.9
2023-11-12,2,2023-11-12T01:00,gcl,Grand Coulee,82.9,82.9,0.0,1285.7,959.3,326.4,2064.6
2023-11-12,3,2023-11-12T02:00,gcl,Grand Coulee,82.6,82.6,0.0,1285.8,959.3,326.5,2057.7
2023-11-12,4,2023-11-12T03:00,gcl,Grand Coulee,77.9,77.9,0.0,1285.8,959.0,326.8,1942.4
2023-11-12,5,2023-11-12T04:00,gcl,Grand Coulee,80.8,80.8,0.0,1285.8,959.0,326.8,2014.7
2023-11-12,6,2023-11-12T05:00,gcl,Grand Coulee,83.2,83.2,0.0,1285.7,959.4,326.3,2071.4
2023-11-12,7,2023-11-12T06:00,gcl,Grand Coulee,85.7,85.7,0.0,1285.7,959.6,326.1,2132.3
2023-11-12,8,2023-11-12T07:00,gcl,Grand Coulee,79.4,79.4,0.0,1285.6,959.2,326.4,1977.4
2023-11-12,9,2023-11-12T08:00,gcl,Grand Coulee,87.0,87.0,0.0,1285.6,959.6,326.0,2164.0
2023-11-12,10,2023-11-12T09:00,gcl,Grand Coulee,83.5,83.5,0.0,1285.6,959.5,326.1,2077.6
2023-11-12,11,2023-11-12T10:00,gcl,Grand Coulee,87.1,87.1,0.0,1285.7,959.7,326.0,2166.5
2023-11-12,12,2023-11-12T11:00,gcl,Grand Coulee,88.8,88.8,0.0,1285.7,959.9,325.8,2207.4
2023-11-12,13,2023-11-12T12:00,gcl,Grand Coulee,83.8,83.8,0.0,1285.7,959.7,326.0,2084.4
2023-11-12,14,2023-11-12T13:00,gcl,Grand Coulee,82.0,82.0,0.0,1285.7,959.4,326.3,2041.5
2023-11-12,15,2023-11-12T14:00,gcl,Grand Coulee,84.8,84.8,0.0,1285.6,959.5,326.1,2109.9
2023-11-12,16,2023-11-12T15:00,gcl,Grand Coulee,101.7,101.7,0.0,1285.6,960.6,325.0,2521.9
2023-11-12,17,2023-11-12T16:00,gcl,Grand Coulee,118.5,118.5,0.0,1285.5,962.4,323.1,2921.3
2023-11-12,18,2023-11-12T17:00,gcl,Grand Coulee,115.7,115.7,0.0,1285.5,962.8,322.7,2848.8
2023-11-12,19,2023-11-12T18:00,gcl,Grand Coulee,115.7,115.7,0.0,1285.5,962.8,322.7,2848.8
2023-11-12,20,2023-11-12T19:00,gcl,Grand Coulee,114.2,114.2,0.0,1285.5,962.5,323.0,2814.4
2023-11-12,21,2023-11-12T20:00,gcl,Grand Coulee,111.3,111.3,0.0,1285.5,962.3,323.2,2744.7
2023-11-12,22,2023-11-12T21:00,gcl,Grand Coulee,102.0,102.0,0.0,1285.4,961.7,323.7,2519.2
2023-11-12,23,2023-11-12T22:00,gcl,Grand Coulee,96.7,96.7,0.0,1285.4,961.1,324.3,2392.8
2023-11-12,24,2023-11-12T23:00,gcl,Grand Coulee,93.7,93.7,0.0,1285.4,960.8,324.6,2320.7
2023-11-13,1,2023-11-13T00:00,gcl,Grand Coulee,83.1,83.1,0.0,1285.4,960.0,325.4,2063.2
2023-11-13,2,2023-11-13T01:00,gcl,Grand Coulee,75.3,75.3,0.0,1285.4,959.2,326.2,1874.1
2023-11-13,3,2023-11-13T02:00,gcl,Grand Coulee,72.4,72.4,0.0,1285.4,958.9,326.5,1803.6
2023-11-13,4,2023-11-13T03:00,gcl,Grand Coulee,75.1,75.1,0.0,1285.4,959.0,326.4,1870.3
2023-11-13,5,2023-11-13T04:00,gcl,Grand Coulee,79.6,79.6,0.0,1285.3,959.2,326.1,1980.6
2023-11-13,6,2023-11-13T05:00,gcl,Grand Coulee,94.8,94.8,0.0,1285.2,960.3,324.9,2350.1
2023-11-13,7,2023-11-13T06:00,gcl,Grand Coulee,98.0,98.0,0.0,1285.1,960.8,324.3,2424.9
2023-11-13,8,2023-11-13T07:00,gcl,Grand Coulee,103.9,103.9,0.0,1285.1,961.1,324.0,2568.5
2023-11-13,9,2023-11-13T08:00,gcl,Grand Coulee,94.3,94.3,0.0,1285.1,960.4,324.7,2336.2
2023-11-13,10,2023-11-13T09:00,gcl,Grand Coulee,97.7,97.7,0.0,1285.1,960.6,324.5,2419.0
2023-11-13,11,2023-11-13T10:00,gcl,Grand Coulee,96.5,96.5,0.0,1285.1,960.4,324.7,2390.7
2023-11-13,12,2023-11-13T11:00,gcl,Grand Coulee,97.1,97.1,0.0,1285.0,960.4,324.6,2404.9
2023-11-13,13,2023-11-13T12:00,gcl,Grand Coulee,91.1,91.1,0.0,1285.0,960.1,324.9,2258.4
2023-11-13,14,2023-11-13T13:00,gcl,Grand Coulee,96.8,96.8,0.0,1284.9,960.5,324.4,2396.0
2023-11-13,15,2023-11-13T14:00,gcl,Grand Coulee,91.3,91.3,0.0,1284.9,960.3,324.6,2261.2
2023-11-13,16,2023-11-13T15:00,gcl,Grand Coulee,93.0,93.0,0.0,1284.9,960.3,324.6,2303.3
2023-11-13,17,2023-11-13T16:00,gcl,Grand Coulee,110.9,110.9,0.0,1284.9,961.6,323.3,2735.7
2023-11-13,18,2023-11-13T17:00,gcl,Grand Coulee,103.3,103.3,0.0,1284.9,961.6,323.3,2548.2
2023-11-13,19,2023-11-13T18:00,gcl,Grand Coulee,100.1,100.1,0.0,1284.9,961.3,323.6,2471.5
2023-11-13,20,2023-11-13T19:00,gcl,Grand Coulee,97.0,97.0,0.0,1284.8,960.8,324.0,2398.0
2023-11-13,21,2023-11-13T20:00,gcl,Grand Coulee,94.1,94.1,0.0,1284.8,960.6,324.2,2327.7
2023-11-13,22,2023-11-13T21:00,gcl,Grand Coulee,85.4,85.4,0.0,1284.9,959.8,325.1,2118.4
2023-11-13,23,2023-11-13T22:00,gcl,Grand Coulee,76.4,76.4,0.0,1284.9,958.0,326.9,1905.6
2023-11-13,24,2023-11-13T23:00,gcl,Grand Coulee,70.8,70.8,0.0,1284.9,958.1,326.8,1765.4
2023-11-14,1,2023-11-14T00:00,gcl,Grand Coulee,70.9,70.9,0.0,1284.9,957.9,327.0,1769.0
2023-11-14,2,2023-11-14T01:00,gcl,Grand Coulee,61.2,61.2,0.0,1284.9,957.0,327.9,1531.1
2023-11-14,3,2023-11-14T02:00,gcl,Grand Coulee,69.3,69.3,0.0,1284.9,957.5,327.4,1731.2
2023-11-14,4,2023-11-14T03:00,gcl,Grand Coulee,75.1,75.1,0.0,1284.8,958.1,326.7,1872.0
2023-11-14,5,2023-11-14T04:00,gcl,Grand Coulee,89.2,89.2,0.0,1284.7,959.3,325.4,2214.7
2023-11-14,6,2023-11-14T05:00,gcl,Grand Coulee,99.0,99.0,0.0,1284.7,960.3,324.4,2450.4
2023-11-14,7,2023-11-14T06:00,gcl,Grand Coulee,115.5,115.5,0.0,1284.6,961.7,322.9,2845.6
2023-11-14,8,2023-11-14T07:00,gcl,Grand Coulee,127.5,127.5,0.0,1284.6,962.9,321.7,3129.6
2023-11-14,9,2023-11-14T08:00,gcl,Grand Coulee,117.7,117.7,0.0,1284.6,962.5,322.1,2892.6
2023-11-14,10,2023-11-14T09:00,gcl,Grand Coulee,102.3,102.3,0.0,1284.6,961.3,323.3,2523.5
2023-11-14,11,2023-11-14T10:00,gcl,Grand Coulee,108.4,108.4,0.0,1284.5,961.2,323.3,2674.0
2023-11-14,12,2023-11-14T11:00,gcl,Grand Coulee,103.3,103.3,0.0,1284.5,960.8,323.7,2551.3
2023-11-14,13,2023-11-14T12:00,gcl,Grand Coulee,86.7,86.7,0.0,1284.5,959.7,324.8,2148.6
2023-11-14,14,2023-11-14T13:00,gcl,Grand Coulee,80.1,80.1,0.0,1284.5,958.9,325.6,1989.9
2023-11-14,15,2023-11-14T14:00,gcl,Grand Coulee,72.8,72.8,0.0,1284.5,958.4,326.1,1811.4
2023-11-14,16,2023-11-14T15:00,gcl,Grand Coulee,80.6,80.6,0.0,1284.5,958.7,325.8,2003.6
2023-11-14,17,2023-11-14T16:00,gcl,Grand Coulee,127.3,127.3,0.0,1284.4,961.9,322.5,3132.4
2023-11-14,18,2023-11-14T17:00,gcl,Grand Coulee,120.1,120.1,0.0,1284.3,962.5,321.8,2948.9
2023-11-14,19,2023-11-14T18:00,gcl,Grand Coulee,126.2,126.2,0.0,1284.3,962.7,321.6,3096.7
2023-11-14,20,2023-11-14T19:00,gcl,Grand Coulee,124.8,124.8,0.0,1284.3,962.6,321.7,3063.3
2023-11-14,21,2023-11-14T20:00,gcl,Grand Coulee,110.3,110.3,0.0,1284.3,961.7,322.6,2715.0
2023-11-14,22,2023-11-14T21:00,gcl,Grand Coulee,94.4,94.4,0.0,1284.3,960.1,324.2,2335.1
2023-11-14,23,2023-11-14T22:00,gcl,Grand Coulee,78.9,78.9,0.0,1284.3,958.5,325.8,1961.3
2023-11-14,24,2023-11-14T23:00,gcl,Grand Coulee,74.9,74.9,0.0,1284.2,957.7,326.5,1865.9
2023-11-15,1,2023-11-15T00:00,gcl,Grand Coulee,64.5,64.5,0.0,1284.2,957.0,327.2,1610.3
2023-11-15,2,2023-11-15T01:00,gcl,Grand Coulee,62.8,62.8,0.0,1284.2,956.8,327.4,1568.8
2023-11-15,3,2023-11-15T02:00,gcl,Grand Coulee,62.7,62.7,0.0,1284.2,956.8,327.4,1566.3
2023-11-15,4,2023-11-15T03:00,gcl,Grand Coulee,67.2,67.2,0.0,1284.2,957.0,327.2,1677.7
2023-11-15,5,2023-11-15T04:00,gcl,Grand Coulee,84.6,84.6,0.0,1284.1,958.3,325.8,2103.0
2023-11-15,6,2023-11-15T05:00,gcl,Grand Coulee,99.5,99.5,0.0,1284.1,959.6,324.5,2463.6
2023-11-15,7,2023-11-15T06:00,gcl,Grand Coulee,121.3,121.3,0.0,1284.0,961.6,322.4,2983.9
2023-11-15,8,2023-11-15T07:00,gcl,Grand Coulee,143.5,143.5,0.0,1283.9,963.9,320.0,3503.7
2023-11-15,9,2023-11-15T08:00,gcl,Grand Coulee,126.8,126.8,0.0,1283.9,963.2,320.7,3102.7
2023-11-15,10,2023-11-15T09:00,gcl,Grand Coulee,107.9,107.9,0.0,1283.9,961.4,322.5,2655.1
2023-11-15,11,2023-11-15T10:00,gcl,Grand Coulee,104.9,104.9,0.0,1283.8,960.6,323.2,2586.9
2023-11-15,12,2023-11-15T11:00,gcl,Grand Coulee,98.3,98.3,0.0,1283.8,960.1,323.7,2427.8
2023-11-15,13,2023-11-15T12:00,gcl,Grand Coulee,91.2,91.2,0.0,1283.8,959.5,324.3,2256.7
2023-11-15,14,2023-11-15T13:00,gcl,Grand Coulee,85.3,85.3,0.0,1283.7,959.1,324.6,2112.6
2023-11-15,15,2023-11-15T14:00,gcl,Grand Coulee,97.1,97.1,0.0,1283.6,960.0,323.6,2397.5
2023-11-15,16,2023-11-15T15:00,gcl,Grand Coulee,107.6,107.6,0.0,1283.6,961.2,322.4,2646.9
2023-11-15,17,2023-11-15T16:00,gcl,Grand Coulee,131.4,131.4,0.0,1283.6,962.8,320.8,3216.3
2023-11-15,18,2023-11-15T17:00,gcl,Grand Coulee,137.8,137.8,0.0,1283.5,964.1,319.4,3358.2
2023-11-15,19,2023-11-15T18:00,gcl,Grand Coulee,125.1,125.1,0.0,1283.4,963.5,319.9,3053.5
2023-11-15,20,2023-11-15T19:00,gcl,Grand Coulee,109.1,109.1,0.0,1283.4,962.0,321.4,2675.4
2023-11-15,21,2023-11-15T20:00,gcl,Grand Coulee,97.5,97.5,0.0,1283.4,960.8,322.6,2399.9
2023-11-15,22,2023-11-15T21:00,gcl,Grand Coulee,80.4,80.4,0.0,1283.4,959.3,324.1,1988.2
2023-11-15,23,2023-11-15T22:00,gcl,Grand Coulee,66.0,66.0,0.0,1283.4,957.9,325.5,1639.2
2023-11-15,24,2023-11-15T23:00,gcl,Grand Coulee,60.3,60.3,0.0,1283.3,957.3,326.0,1499.9
2023-11-16,1,2023-11-16T00:00,gcl,Grand Coulee,55.2,55.2,0.0,1283.3,956.7,326.6,1375.6
2023-11-16,2,2023-11-16T01:00,gcl,Grand Coulee,52.0,52.0,0.0,1283.4,956.6,326.8,1296.6
2023-11-16,3,2023-11-16T02:00,gcl,Grand Coulee,53.6,53.6,0.0,1283.4,956.7,326.7,1336.1
2023-11-16,4,2023-11-16T03:00,gcl,Grand Coulee,56.9,56.9,0.0,1283.4,956.9,326.5,1417.5
2023-11-16,5,2023-11-16T04:00,gcl,Grand Coulee,68.8,68.8,0.0,1283.4,957.8,325.6,1709.2
2023-11-16,6,2023-11-16T05:00,gcl,Grand Coulee,80.4,80.4,0.0,1283.3,958.7,324.6,1991.3
2023-11-16,7,2023-11-16T06:00,gcl,Grand Coulee,116.5,116.5,0.0,1283.2,961.3,321.9,2861.4
2023-11-16,8,2023-11-16T07:00,gcl,Grand Coulee,137.9,137.9,0.0,1283.1,963.8,319.3,3359.6
2023-11-16,9,2023-11-16T08:00,gcl,Grand Coulee,121.0,121.0,0.0,1283.1,963.1,320.0,2954.3
2023-11-16,10,2023-11-16T09:00,gcl,Grand Coulee,104.2,104.2,0.0,1283.2,961.4,321.8,2558.5
2023-11-16,11,2023-11-16T10:00,gcl,Grand Coulee,103.4,103.4,0.0,1283.1,960.9,322.2,2542.0
2023-11-16,12,2023-11-16T11:00,gcl,Grand Coulee,92.8,92.8,0.0,1283.1,960.1,323.0,2287.0
2023-11-16,13,2023-11-16T12:00,gcl,Grand Coulee,93.3,93.3,0.0,1283.1,959.9,323.2,2300.8
2023-11-16,14,2023-11-16T13:00,gcl,Grand Coulee,94.0,94.0,0.0,1282.9,959.9,323.0,2316.6
2023-11-16,15,2023-11-16T14:00,gcl,Grand Coulee,93.3,93.3,0.0,1282.9,960.0,322.9,2298.7
2023-11-16,16,2023-11-16T15:00,gcl,Grand Coulee,103.6,103.6,0.0,1282.9,960.8,322.1,2546.1
2023-11-16,17,2023-11-16T16:00,gcl,Grand Coulee,112.4,112.4,0.0,1282.9,961.6,321.3,2755.5
2023-11-16,18,2023-11-16T17:00,gcl,Grand Coulee,128.9,128.9,0.0,1282.8,963.2,319.6,3143.3
2023-11-16,19,2023-11-16T18:00,gcl,Grand Coulee,119.5,119.5,0.0,1282.8,963.0,319.8,2915.9
2023-11-16,20,2023-11-16T19:00,gcl,Grand Coulee,104.5,104.5,0.0,1282.8,961.9,320.9,2558.6
2023-11-16,21,2023-11-16T20:00,gcl,Grand Coulee,87.3,87.3,0.0,1282.7,960.2,322.5,2148.2
2023-11-16,22,2023-11-16T21:00,gcl,Grand Coulee,74.7,74.7,0.0,1282.8,958.9,323.9,1846.1
2023-11-16,23,2023-11-16T22:00,gcl,Grand Coulee,65.7,65.7,0.0,1282.8,957.8,325.0,1629.2
2023-11-16,24,2023-11-16T23:00,gcl,Grand Coulee,64.3,64.3,0.0,1282.8,957.3,325.5,1596.9
2023-11-17,1,2023-11-17T00:00,gcl,Grand Coulee,72.7,72.7,0.0,1282.8,958.0,324.8,1801.7
2023-11-17,2,2023-11-17T01:00,gcl,Grand Coulee,70.2,70.2,0.0,1282.8,958.0,324.8,1739.7
2023-11-17,3,2023-11-17T02:00,gcl,Grand Coulee,73.4,73.4,0.0,1282.8,958.0,324.8,1819.0
2023-11-17,4,2023-11-17T03:00,gcl,Grand Coulee,74.4,74.4,0.0,1282.7,958.2,324.5,1842.1
2023-11-17,5,2023-11-17T04:00,gcl,Grand Coulee,94.0,94.0,0.0,1282.7,959.7,323.0,2316.6
2023-11-17,6,2023-11-17T05:00,gcl,Grand Coulee,95.4,95.4,0.0,1282.7,960.2,322.5,2347.5
2023-11-17,7,2023-11-17T06:00,gcl,Grand Coulee,125.4,125.4,0.0,1282.6,962.3,320.3,3064.6
2023-11-17,8,2023-11-17T07:00,gcl,Grand Coulee,136.0,136.0,0.0,1282.5,963.9,318.6,3306.0
2023-11-17,9,2023-11-17T08:00,gcl,Grand Coulee,120.9,120.9,0.0,1282.6,963.3,319.3,2945.4
2023-11-17,10,2023-11-17T09:00,gcl,Grand Coulee,115.7,115.7,0.0,1282.5,962.5,320.0,2824.9
2023-11-17,11,2023-11-17T10:00,gcl,Grand Coulee,112.9,112.9,0.0,1282.4,962.2,320.2,2758.3
2023-11-17,12,2023-11-17T11:00,gcl,Grand Coulee,108.3,108.3,0.0,1282.4,962.1,320.3,2646.7
2023-11-17,13,2023-11-17T12:00,gcl,Grand Coulee,96.3,96.3,0.0,1282.4,961.0,321.4,2361.5
2023-11-17,14,2023-11-17T13:00,gcl,Grand Coulee,79.1,79.1,0.0,1282.4,959.6,322.8,1948.2
2023-11-17,15,2023-11-17T14:00,gcl,Grand Coulee,75.4,75.4,0.0,1282.4,958.8,323.6,1861.7
2023-11-17,16,2023-11-17T15:00,gcl,Grand Coulee,85.2,85.2,0.0,1282.4,959.2,323.2,2101.0
2023-11-17,17,2023-11-17T16:00,gcl,Grand Coulee,112.8,112.8,0.0,1282.3,961.4,320.9,2761.9
2023-11-17,18,2023-11-17T17:00,gcl,Grand Coulee,109.3,109.3,0.0,1282.2,961.8,320.4,2672.0
2023-11-17,19,2023-11-17T18:00,gcl,Grand Coulee,103.9,103.9,0.0,1282.2,961.1,321.1,2545.5
2023-11-17,20,2023-11-17T19:00,gcl,Grand Coulee,101.0,101.0,0.0,1282.2,960.7,321.5,2477.6
2023-11-17,21,2023-11-17T20:00,gcl,Grand Coulee,89.5,89.5,0.0,1282.3,960.0,322.3,2200.9
2023-11-17,22,2023-11-17T21:00,gcl,Grand Coulee,77.0,77.0,0.0,1282.3,958.8,323.5,1900.6
2023-11-17,23,2023-11-17T22:00,gcl,Grand Coulee,66.2,66.2,0.0,1282.3,957.9,324.4,1638.6
2023-11-17,24,2023-11-17T23:00,gcl,Grand Coulee,57.8,57.8,0.0,1282.3,957.3,325.0,1433.3
2023-11-18,1,2023-11-18T00:00,gcl,Grand Coulee,53.1,53.1,0.0,1282.3,956.9,325.4,1318.4
2023-11-18,2,2023-11-18T01:00,gcl,Grand Coulee,50.3,50.3,0.0,1282.3,956.7,325.6,1249.6
2023-11-18,3,2023-11-18T02:00,gcl,Grand Coulee,49.3,49.3,0.0,1282.3,956.6,325.7,1225.1
2023-11-18,4,2023-11-18T03:00,gcl,Grand Coulee,50.5,50.5,0.0,1282.3,956.5,325.8,1255.4
2023-11-18,5,2023-11-18T04:00,gcl,Grand Coulee,55.6,55.6,0.0,1282.3,956.8,325.5,1380.9
2023-11-18,6,2023-11-18T05:00,gcl,Grand Coulee,66.8,66.8,0.0,1282.3,957.4,324.9,1656.0
2023-11-18,7,2023-11-18T06:00,gcl,Grand Coulee,76.0,76.0,0.0,1282.3,958.0,324.3,1880.6
2023-11-18,8,2023-11-18T07:00,gcl,Grand Coulee,90.1,90.1,0.0,1282.2,959.2,323.0,2220.5
2023-11-18,9,2023-11-18T08:00,gcl,Grand Coulee,95.9,95.9,0.0,1282.2,959.2,323.0,2363.4
2023-11-18,10,2023-11-18T09:00,gcl,Grand Coulee,104.5,104.5,0.0,1282.2,960.6,321.6,2564.2
2023-11-18,11,2023-11-18T10:00,gcl,Grand Coulee,117.0,117.0,0.0,1282.1,961.7,320.4,2860.2
2023-11-18,12,2023-11-18T11:00,gcl,Grand Coulee,112.7,112.7,0.0,1282.1,962.0,320.1,2752.5
2023-11-18,13,2023-11-18T12:00,gcl,Grand Coulee,97.7,97.7,0.0,1282.1,960.8,321.3,2395.1
2023-11-18,14,2023-11-18T13:00,gcl,Grand Coulee,91.8,91.8,0.0,1282.1,960.1,322.0,2255.4
2023-11-18,15,2023-11-18T14:00,gcl,Grand Coulee,88.1,88.1,0.0,1282.0,959.8,322.2,2165.8
2023-11-18,16,2023-11-18T15:00,gcl,Grand Coulee,87.0,87.0,0.0,1282.0,959.7,322.3,2139.5
2023-11-18,17,2023-11-18T16:00,gcl,Grand Coulee,104.7,104.7,0.0,1282.0,960.9,321.1,2565.1
2023-11-18,18,2023-11-18T17:00,gcl,Grand Coulee,105.2,105.2,0.0,1281.9,961.4,320.5,2572.6
2023-11-18,19,2023-11-18T18:00,gcl,Grand Coulee,89.4,89.4,0.0,1282.0,960.3,321.7,2194.4
2023-11-18,20,2023-11-18T19:00,gcl,Grand Coulee,84.5,84.5,0.0,1282.0,959.5,322.5,2079.3
2023-11-18,21,2023-11-18T20:00,gcl,Grand Coulee,84.7,84.7,0.0,1282.0,959.4,322.6,2084.8
2023-11-18,22,2023-11-18T21:00,gcl,Grand Coulee,75.8,75.8,0.0,1282.0,959.0,323.0,1868.1
2023-11-18,23,2023-11-18T22:00,gcl,Grand Coulee,74.6,74.6,0.0,1282.0,958.7,323.3,1840.2
2023-11-18,24,2023-11-18T23:00,gcl,Grand Coulee,69.6,69.6,0.0,1282.0,958.3,323.7,1719.0
2023-11-19,1,2023-11-19T00:00,gcl,Grand Coulee,74.8,74.8,0.0,1281.9,958.6,323.3,1845.2
2023-11-19,2,2023-11-19T01:00,gcl,Grand Coulee,68.5,68.5,0.0,1282.0,958.4,323.6,1691.3
2023-11-19,3,2023-11-19T02:00,gcl,Grand Coulee,64.3,64.3,0.0,1282.0,957.9,324.1,1590.1
2023-11-19,4,2023-11-19T03:00,gcl,Grand Coulee,64.3,64.3,0.0,1282.0,957.9,324.1,1590.1
2023-11-19,5,2023-11-19T04:00,gcl,Grand Coulee,66.4,66.4,0.0,1282.0,958.1,323.9,1641.0
2023-11-19,6,2023-11-19T05:00,gcl,Grand Coulee,72.8,72.8,0.0,1282.0,958.5,323.5,1796.9
2023-11-19,7,2023-11-19T06:00,gcl,Grand Coulee,76.4,76.4,0.0,1281.9,958.7,323.2,1884.0
2023-11-19,8,2023-11-19T07:00,gcl,Grand Coulee,87.3,87.3,0.0,1281.9,959.6,322.3,2146.8
2023-11-19,9,2023-11-19T08:00,gcl,Grand Coulee,86.3,86.3,0.0,1282.0,959.7,322.3,2122.2
2023-11-19,10,2023-11-19T09:00,gcl,Grand Coulee,97.0,97.0,1.0,1282.0,960.3,321.7,2380.9
2023-11-19,11,2023-11-19T10:00,gcl,Grand Coulee,91.6,91.6,0.0,1281.9,960.2,321.7,2248.4
2023-11-19,12,2023-11-19T11:00,gcl,Grand Coulee,88.8,88.8,0.0,1281.9,960.0,321.9,2181.0
2023-11-19,13,2023-11-19T12:00,gcl,Grand Coulee,87.3,87.3,0.0,1281.9,959.8,322.1,2145.5
2023-11-19,14,2023-11-19T13:00,gcl,Grand Coulee,80.8,80.8,0.0,1281.8,959.4,322.4,1987.6
2023-11-19,15,2023-11-19T14:00,gcl,Grand Coulee,75.9,75.9,0.0,1281.8,958.8,323.0,1870.5
2023-11-19,16,2023-11-19T15:00,gcl,Grand Coulee,86.6,86.6,0.0,1281.8,959.3,322.5,2130.9
2023-11-19,17,2023-11-19T16:00,gcl,Grand Coulee,100.2,100.2,0.0,1281.8,960.7,321.1,2454.9
2023-11-19,18,2023-11-19T17:00,gcl,Grand Coulee,102.0,102.0,0.0,1281.8,961.1,320.7,2495.9
2023-11-19,19,2023-11-19T18:00,gcl,Grand Coulee,95.4,95.4,0.0,1281.8,960.5,321.3,2338.7
2023-11-19,20,2023-11-19T19:00,gcl,Grand Coulee,92.8,92.8,0.0,1281.8,960.2,321.6,2277.1
2023-11-19,21,2023-11-19T20:00,gcl,Grand Coulee,90.4,90.4,0.0,1281.8,960.0,321.8,2219.6
2023-11-19,22,2023-11-19T21:00,gcl,Grand Coulee,87.4,87.4,0.0,1281.8,959.7,322.1,2148.0
2023-11-19,23,2023-11-19T22:00,gcl,Grand Coulee,89.8,89.8,0.0,1281.7,959.8,321.9,2205.6
2023-11-19,24,2023-11-19T23:00,gcl,Grand Coulee,86.4,86.4,0.0,1281.7,959.6,322.1,2123.4
2023-11-20,1,2023-11-20T00:00,gcl,Grand Coulee,82.2,82.2,0.0,1281.7,959.3,322.4,2022.0
2023-11-20,2,2023-11-20T01:00,gcl,Grand Coulee,79.8,79.8,0.0,1281.7,959.0,322.7,1964.8
2023-11-20,3,2023-11-20T02:00,gcl,Grand Coulee,87.4,87.4,0.0,1281.7,959.5,322.2,2148.6
2023-11-20,4,2023-11-20T03:00,gcl,Grand Coulee,90.6,90.6,0.0,1281.6,959.9,321.7,2223.8
2023-11-20,5,2023-11-20T04:00,gcl,Grand Coulee,95.3,95.3,0.0,1281.6,960.3,321.3,2336.3
2023-11-20,6,2023-11-20T05:00,gcl,Grand Coulee,114.0,114.0,0.0,1281.5,961.7,319.8,2781.7
2023-11-20,7,2023-11-20T06:00,gcl,Grand Coulee,117.2,117.2,0.0,1281.5,962.4,319.1,2853.5
2023-11-20,8,2023-11-20T07:00,gcl,Grand Coulee,124.7,124.7,0.0,1281.5,963.0,318.5,3030.4
2023-11-20,9,2023-11-20T08:00,gcl,Grand Coulee,123.9,123.9,0.0,1281.5,963.3,318.2,3008.1
2023-11-20,10,2023-11-20T09:00,gcl,Grand Coulee,121.9,121.9,0.0,1281.4,963.2,318.2,2959.6
2023-11-20,11,2023-11-20T10:00,gcl,Grand Coulee,112.2,112.2,0.0,1281.4,962.5,318.9,2730.1
2023-11-20,12,2023-11-20T11:00,gcl,Grand Coulee,106.2,106.2,0.0,1281.3,961.8,319.5,2588.9
2023-11-20,13,2023-11-20T12:00,gcl,Grand Coulee,102.0,102.0,0.0,1281.3,961.5,319.8,2488.9
2023-11-20,14,2023-11-20T13:00,gcl,Grand Coulee,83.1,83.1,0.0,1281.3,960.1,321.2,2036.6
2023-11-20,15,2023-11-20T14:00,gcl,Grand Coulee,78.4,78.4,0.0,1281.3,959.3,322.0,1926.2
2023-11-20,16,2023-11-20T15:00,gcl,Grand Coulee,89.8,89.8,0.0,1281.3,959.9,321.4,2202.1
2023-11-20,17,2023-11-20T16:00,gcl,Grand Coulee,100.4,100.4,0.0,1281.2,961.0,320.2,2452.9
2023-11-20,18,2023-11-20T17:00,gcl,Grand Coulee,109.6,109.6,0.0,1281.2,961.7,319.5,2671.8
2023-11-20,19,2023-11-20T18:00,gcl,Grand Coulee,105.7,105.7,0.0,1281.2,961.6,319.6,2577.5
2023-11-20,20,2023-11-20T19:00,gcl,Grand Coulee,94.4,94.4,0.0,1281.2,960.7,320.5,2308.5
2023-11-20,21,2023-11-20T20:00,gcl,Grand Coulee,92.6,92.6,0.0,1281.3,960.2,321.1,2268.7
2023-11-20,22,2023-11-20T21:00,gcl,Grand Coulee,88.6,88.6,0.0,1281.3,959.9,321.4,2172.7
2023-11-20,23,2023-11-20T22:00,gcl,Grand Coulee,82.8,82.8,0.0,1281.3,959.3,322.0,2034.3
2023-11-20,24,2023-11-20T23:00,gcl,Grand Coulee,71.4,71.4,0.0,1281.3,958.4,322.9,1759.1
2023-11-21,1,2023-11-21T00:00,gcl,Grand Coulee,64.5,64.5,0.0,1281.3,957.5,323.8,1593.5
2023-11-21,2,2023-11-21T01:00,gcl,Grand Coulee,64.6,64.6,0.0,1281.2,957.4,323.8,1596.0
2023-11-21,3,2023-11-21T02:00,gcl,Grand Coulee,67.6,67.6,0.0,1281.2,957.6,323.6,1669.1
2023-11-21,4,2023-11-21T03:00,gcl,Grand Coulee,75.4,75.4,0.0,1281.2,958.1,323.1,1858.8
2023-11-21,5,2023-11-21T04:00,gcl,Grand Coulee,96.7,96.7,0.0,1281.2,959.8,321.4,2371.4
2023-11-21,6,2023-11-21T05:00,gcl,Grand Coulee,113.5,113.5,0.0,1281.1,961.5,319.6,2767.8
2023-11-21,7,2023-11-21T06:00,gcl,Grand Coulee,120.2,120.2,0.0,1281.1,962.5,318.6,2922.0
2023-11-21,8,2023-11-21T07:00,gcl,Grand Coulee,119.5,119.5,0.0,1281.1,962.7,318.4,2903.1
2023-11-21,9,2023-11-21T08:00,gcl,Grand Coulee,95.2,95.2,0.0,1281.1,961.0,320.1,2325.1
2023-11-21,10,2023-11-21T09:00,gcl,Grand Coulee,98.4,98.4,0.0,1281.1,960.5,320.6,2407.0
2023-11-21,11,2023-11-21T10:00,gcl,Grand Coulee,91.2,91.2,0.0,1281.1,960.1,321.0,2233.7
2023-11-21,12,2023-11-21T11:00,gcl,Grand Coulee,73.7,73.7,0.0,1281.1,959.0,322.1,1811.3
2023-11-21,13,2023-11-21T12:00,gcl,Grand Coulee,75.1,75.1,0.0,1281.1,958.7,322.4,1847.4
2023-11-21,14,2023-11-21T13:00,gcl,Grand Coulee,67.5,67.5,0.0,1281.0,958.3,322.7,1662.0
2023-11-21,15,2023-11-21T14:00,gcl,Grand Coulee,80.0,80.0,0.0,1281.0,958.3,322.7,1969.8
2023-11-21,16,2023-11-21T15:00,gcl,Grand Coulee,86.5,86.5,0.0,1281.0,958.7,322.3,2127.2
2023-11-21,17,2023-11-21T16:00,gcl,Grand Coulee,105.0,105.0,0.0,1281.0,960.2,320.8,2570.1
2023-11-21,18,2023-11-21T17:00,gcl,Grand Coulee,121.3,121.3,0.0,1281.0,961.5,319.5,2957.0
2023-11-21,19,2023-11-21T18:00,gcl,Grand Coulee,117.5,117.5,0.0,1281.0,961.7,319.3,2862.6
2023-11-21,20,2023-11-21T19:00,gcl,Grand Coulee,91.0,91.0,0.0,1281.0,960.3,320.7,2226.7
2023-11-21,21,2023-11-21T20:00,gcl,Grand Coulee,74.8,74.8,0.0,1281.0,958.9,322.1,1838.3
2023-11-21,22,2023-11-21T21:00,gcl,Grand Coulee,60.5,60.5,0.0,1281.1,957.5,323.6,1493.8
2023-11-21,23,2023-11-21T22:00,gcl,Grand Coulee,49.9,49.9,0.0,1281.2,956.8,324.4,1235.1
2023-11-21,24,2023-11-21T23:00,gcl,Grand Coulee,50.3,50.3,0.0,1281.1,956.8,324.3,1244.6
2023-11-22,1,2023-11-22T00:00,gcl,Grand Coulee,51.0,51.0,0.0,1281.1,956.7,324.4,1262.3
2023-11-22,2,2023-11-22T01:00,gcl,Grand Coulee,44.5,44.5,0.0,1281.1,956.3,324.8,1102.8
2023-11-22,3,2023-11-22T02:00,gcl,Grand Coulee,44.3,44.3,0.0,1281.1,956.2,324.9,1098.2
2023-11-22,4,2023-11-22T03:00,gcl,Grand Coulee,46.7,46.7,0.0,1281.1,956.6,324.5,1156.3
2023-11-22,5,2023-11-22T04:00,gcl,Grand Coulee,54.7,54.7,0.0,1281.2,957.1,324.1,1352.7
2023-11-22,6,2023-11-22T05:00,gcl,Grand Coulee,76.4,76.4,0.0,1281.2,958.5,322.7,1881.1
2023-11-22,7,2023-11-22T06:00,gcl,Grand Coulee,79.0,79.0,0.0,1281.1,959.1,322.0,1940.9
2023-11-22,8,2023-11-22T07:00,gcl,Grand Coulee,80.7,80.7,0.0,1281.1,959.1,322.0,1982.7
2023-11-22,9,2023-11-22T08:00,gcl,Grand Coulee,77.3,77.3,0.0,1281.2,958.7,322.5,1902.1
2023-11-22,10,2023-11-22T09:00,gcl,Grand Coulee,79.9,79.9,0.0,1281.2,958.8,322.4,1965.5
2023-11-22,11,2023-11-22T10:00,gcl,Grand Coulee,77.8,77.8,0.0,1281.2,958.7,322.5,1914.4
2023-11-22,12,2023-11-22T11:00,gcl,Grand Coulee,96.9,96.9,0.0,1281.1,960.0,321.1,2374.0
2023-11-22,13,2023-11-22T12:00,gcl,Grand Coulee,88.8,88.8,0.0,1281.0,959.7,321.3,2176.9
2023-11-22,14,2023-11-22T13:00,gcl,Grand Coulee,85.6,85.6,0.0,1281.0,959.2,321.8,2101.8
2023-11-22,15,2023-11-22T14:00,gcl,Grand Coulee,84.9,84.9,0.0,1281.0,958.9,322.1,2086.5
2023-11-22,16,2023-11-22T15:00,gcl,Grand Coulee,102.2,102.2,0.0,1281.0,960.2,320.8,2501.6
2023-11-22,17,2023-11-22T16:00,gcl,Grand Coulee,117.0,117.0,0.0,1280.9,961.7,319.2,2849.5
2023-11-22,18,2023-11-22T17:00,gcl,Grand Coulee,123.3,123.3,0.0,1280.9,962.4,318.5,2996.4
2023-11-22,19,2023-11-22T18:00,gcl,Grand Coulee,123.5,123.5,0.0,1280.8,962.6,318.2,2998.4
2023-11-22,20,2023-11-22T19:00,gcl,Grand Coulee,106.0,106.0,0.0,1280.8,961.4,319.4,2583.2
2023-11-22,21,2023-11-22T20:00,gcl,Grand Coulee,93.2,93.2,0.0,1280.9,960.1,320.8,2281.3
2023-11-22,22,2023-11-22T21:00,gcl,Grand Coulee,84.2,84.2,0.0,1280.9,958.9,322.0,2068.7
2023-11-22,23,2023-11-22T22:00,gcl,Grand Coulee,82.3,82.3,0.0,1280.9,958.7,322.2,2023.3
2023-11-22,24,2023-11-22T23:00,gcl,Grand Coulee,68.2,68.2,0.0,1280.9,957.7,323.2,1681.8
2023-11-23,1,2023-11-23T00:00,gcl,Grand Coulee,80.5,80.5,0.0,1280.8,958.2,322.6,1981.5
2023-11-23,2,2023-11-23T01:00,gcl,Grand Coulee,75.9,75.9,0.0,1280.8,958.4,322.4,1867.1
2023-11-23,3,2023-11-23T02:00,gcl,Grand Coulee,76.0,76.0,0.0,1280.8,958.4,322.4,1869.5
2023-11-23,4,2023-11-23T03:00,gcl,Grand Coulee,78.5,78.5,0.0,1280.8,958.5,322.3,1930.4
2023-11-23,5,2023-11-23T04:00,gcl,Grand Coulee,89.9,89.9,0.0,1280.8,959.5,321.3,2203.9
2023-11-23,6,2023-11-23T05:00,gcl,Grand Coulee,92.9,92.9,0.0,1280.8,960.8,320.0,2268.2
2023-11-23,7,2023-11-23T06:00,gcl,Grand Coulee,96.2,96.2,0.0,1280.8,960.4,320.4,2351.8
2023-11-23,8,2023-11-23T07:00,gcl,Grand Coulee,108.0,108.0,0.0,1280.7,961.4,319.3,2631.2
2023-11-23,9,2023-11-23T08:00,gcl,Grand Coulee,102.6,102.6,0.0,1280.7,961.2,319.5,2501.2
2023-11-23,10,2023-11-23T09:00,gcl,Grand Coulee,106.3,106.3,0.0,1280.7,961.3,319.4,2590.6
2023-11-23,11,2023-11-23T10:00,gcl,Grand Coulee,106.8,106.8,0.0,1280.7,961.4,319.3,2601.9
2023-11-23,12,2023-11-23T11:00,gcl,Grand Coulee,100.7,100.7,0.0,1280.7,960.8,319.9,2457.9
2023-11-23,13,2023-11-23T12:00,gcl,Grand Coulee,85.6,85.6,0.0,1280.7,959.7,321.0,2096.5
2023-11-23,14,2023-11-23T13:00,gcl,Grand Coulee,86.2,86.2,0.0,1280.7,959.3,321.4,2113.9
2023-11-23,15,2023-11-23T14:00,gcl,Grand Coulee,80.6,80.6,0.0,1280.6,959.3,321.3,1975.9
2023-11-23,16,2023-11-23T15:00,gcl,Grand Coulee,80.6,80.6,0.0,1280.6,959.2,321.4,1976.5
2023-11-23,17,2023-11-23T16:00,gcl,Grand Coulee,96.9,96.9,0.0,1280.6,960.4,320.2,2367.4
2023-11-23,18,2023-11-23T17:00,gcl,Grand Coulee,98.5,98.5,0.0,1280.5,960.9,319.6,2402.0
2023-11-23,19,2023-11-23T18:00,gcl,Grand Coulee,98.5,98.5,0.0,1280.5,960.9,319.6,2402.0
2023-11-23,20,2023-11-23T19:00,gcl,Grand Coulee,100.7,100.7,0.0,1280.6,961.0,319.6,2455.6
2023-11-23,21,2023-11-23T20:00,gcl,Grand Coulee,95.6,95.6,0.0,1280.6,960.6,320.0,2334.2
2023-11-23,22,2023-11-23T21:00,gcl,Grand Coulee,83.5,83.5,0.0,1280.6,959.7,320.9,2044.5
2023-11-23,23,2023-11-23T22:00,gcl,Grand Coulee,79.4,79.4,0.0,1280.6,959.1,321.5,1947.7
2023-11-23,24,2023-11-23T23:00,gcl,Grand Coulee,81.7,81.7,0.0,1280.5,959.2,321.3,2002.9
2023-11-24,1,2023-11-24T00:00,gcl,Grand Coulee,81.6,81.6,0.0,1280.5,959.3,321.2,1999.8
2023-11-24,2,2023-11-24T01:00,gcl,Grand Coulee,81.6,81.6,0.0,1280.5,959.2,321.3,2000.4
2023-11-24,3,2023-11-24T02:00,gcl,Grand Coulee,82.5,82.5,0.0,1280.5,959.3,321.2,2021.9
2023-11-24,4,2023-11-24T03:00,gcl,Grand Coulee,88.5,88.5,0.0,1280.5,959.7,320.8,2166.2
2023-11-24,5,2023-11-24T04:00,gcl,Grand Coulee,94.1,94.1,0.0,1280.5,960.2,320.3,2299.7
2023-11-24,6,2023-11-24T05:00,gcl,Grand Coulee,102.8,102.8,0.0,1280.5,960.9,319.6,2506.8
2023-11-24,7,2023-11-24T06:00,gcl,Grand Coulee,105.2,105.2,0.0,1280.4,961.3,319.1,2561.3
2023-11-24,8,2023-11-24T07:00,gcl,Grand Coulee,121.1,121.1,0.0,1280.3,962.4,317.9,2937.4
2023-11-24,9,2023-11-24T08:00,gcl,Grand Coulee,123.6,123.6,0.0,1280.3,963.0,317.3,2992.4
2023-11-24,10,2023-11-24T09:00,gcl,Grand Coulee,117.3,117.3,0.0,1280.3,962.7,317.6,2842.5
2023-11-24,11,2023-11-24T10:00,gcl,Grand Coulee,112.9,112.9,0.0,1280.3,962.2,318.1,2740.2
2023-11-24,12,2023-11-24T11:00,gcl,Grand Coulee,93.6,93.6,0.0,1280.4,960.9,319.5,2281.8
2023-11-24,13,2023-11-24T12:00,gcl,Grand Coulee,81.9,81.9,0.0,1280.3,959.7,320.6,2003.4
2023-11-24,14,2023-11-24T13:00,gcl,Grand Coulee,71.0,71.0,0.0,1280.3,958.8,321.5,1741.7
2023-11-24,15,2023-11-24T14:00,gcl,Grand Coulee,65.5,65.5,0.0,1280.3,958.3,322.0,1609.2
2023-11-24,16,2023-11-24T15:00,gcl,Grand Coulee,76.9,76.9,0.0,1280.2,958.8,321.4,1885.8
2023-11-24,17,2023-11-24T16:00,gcl,Grand Coulee,107.4,107.4,0.0,1280.1,961.0,319.1,2614.9
2023-11-24,18,2023-11-24T17:00,gcl,Grand Coulee,120.8,120.8,0.0,1280.1,962.6,317.5,2926.4
2023-11-24,19,2023-11-24T18:00,gcl,Grand Coulee,120.7,120.7,0.0,1280.1,962.7,317.4,2923.1
2023-11-24,20,2023-11-24T19:00,gcl,Grand Coulee,119.6,119.6,0.0,1280.2,962.7,317.5,2897.3
2023-11-24,21,2023-11-24T20:00,gcl,Grand Coulee,113.1,113.1,0.0,1280.2,962.1,318.1,2745.1
2023-11-24,22,2023-11-24T21:00,gcl,Grand Coulee,107.7,107.7,0.0,1280.3,961.6,318.7,2618.9
2023-11-24,23,2023-11-24T22:00,gcl,Grand Coulee,98.7,98.7,0.0,1280.2,960.9,319.3,2404.6
2023-11-24,24,2023-11-24T23:00,gcl,Grand Coulee,94.3,94.3,0.0,1280.1,960.4,319.7,2300.3
2023-11-25,1,2023-11-25T00:00,gcl,Grand Coulee,98.5,98.5,0.0,1280.1,960.6,319.5,2401.2
2023-11-25,2,2023-11-25T01:00,gcl,Grand Coulee,96.3,96.3,0.0,1280.1,960.6,319.5,2347.6
2023-11-25,3,2023-11-25T02:00,gcl,Grand Coulee,96.7,96.7,0.0,1280.1,960.6,319.5,2357.3
2023-11-25,4,2023-11-25T03:00,gcl,Grand Coulee,101.4,101.4,0.0,1280.0,960.9,319.1,2468.8
2023-11-25,5,2023-11-25T04:00,gcl,Grand Coulee,107.7,107.7,0.0,1280.0,961.4,318.6,2618.1
2023-11-25,6,2023-11-25T05:00,gcl,Grand Coulee,117.1,117.1,0.0,1280.0,962.1,317.9,2840.4
2023-11-25,7,2023-11-25T06:00,gcl,Grand Coulee,124.7,124.7,0.0,1279.9,962.9,317.0,3016.1
2023-11-25,8,2023-11-25T07:00,gcl,Grand Coulee,138.9,138.9,0.0,1279.8,964.1,315.7,3345.8
2023-11-25,9,2023-11-25T08:00,gcl,Grand Coulee,135.8,135.8,0.0,1279.8,964.2,315.6,3270.1
2023-11-25,10,2023-11-25T09:00,gcl,Grand Coulee,127.6,127.6,0.0,1279.8,963.6,316.2,3078.5
2023-11-25,11,2023-11-25T10:00,gcl,Grand Coulee,122.8,122.8,0.0,1279.8,963.0,316.8,2968.3
2023-11-25,12,2023-11-25T11:00,gcl,Grand Coulee,114.5,114.5,0.0,1279.7,962.4,317.3,2772.0
2023-11-25,13,2023-11-25T12:00,gcl,Grand Coulee,101.9,101.9,0.0,1279.7,962.4,317.3,2467.0
2023-11-25,14,2023-11-25T13:00,gcl,Grand Coulee,95.6,95.6,0.0,1279.6,960.6,319.0,2326.9
2023-11-25,15,2023-11-25T14:00,gcl,Grand Coulee,94.5,94.5,0.0,1279.5,960.4,319.1,2300.8
2023-11-25,16,2023-11-25T15:00,gcl,Grand Coulee,94.5,94.5,0.0,1279.5,960.4,319.1,2300.8
2023-11-25,17,2023-11-25T16:00,gcl,Grand Coulee,108.0,108.0,0.0,1279.5,961.4,318.1,2621.3
2023-11-25,18,2023-11-25T17:00,gcl,Grand Coulee,123.8,123.8,0.0,1279.4,962.8,316.6,2990.6
2023-11-25,19,2023-11-25T18:00,gcl,Grand Coulee,129.0,129.0,0.0,1279.4,963.5,315.9,3109.3
2023-11-25,20,2023-11-25T19:00,gcl,Grand Coulee,123.4,123.4,0.0,1279.4,963.3,316.1,2976.2
2023-11-25,21,2023-11-25T20:00,gcl,Grand Coulee,112.3,112.3,0.0,1279.4,962.3,317.1,2717.1
2023-11-25,22,2023-11-25T21:00,gcl,Grand Coulee,103.1,103.1,0.0,1279.5,961.4,318.1,2502.3
2023-11-25,23,2023-11-25T22:00,gcl,Grand Coulee,96.3,96.3,0.0,1279.5,960.7,318.8,2342.4
2023-11-25,24,2023-11-25T23:00,gcl,Grand Coulee,100.1,100.1,0.0,1279.5,960.7,318.8,2434.9
2023-11-26,1,2023-11-26T00:00,gcl,Grand Coulee,100.7,100.7,0.0,1279.4,960.8,318.6,2447.9
2023-11-26,2,2023-11-26T01:00,gcl,Grand Coulee,99.8,99.8,0.0,1279.4,960.8,318.6,2426.1
2023-11-26,3,2023-11-26T02:00,gcl,Grand Coulee,100.3,100.3,0.0,1279.4,960.8,318.6,2438.2
2023-11-26,4,2023-11-26T03:00,gcl,Grand Coulee,102.8,102.8,0.0,1279.4,961.0,318.4,2497.4
2023-11-26,5,2023-11-26T04:00,gcl,Grand Coulee,112.7,112.7,0.0,1279.3,961.7,317.6,2731.0
2023-11-26,6,2023-11-26T05:00,gcl,Grand Coulee,114.8,114.8,0.0,1279.3,962.1,317.2,2778.4
2023-11-26,7,2023-11-26T06:00,gcl,Grand Coulee,127.2,127.2,0.0,1279.2,963.1,316.1,3067.9
2023-11-26,8,2023-11-26T07:00,gcl,Grand Coulee,129.8,129.8,0.0,1279.1,963.6,315.5,3124.6
2023-11-26,9,2023-11-26T08:00,gcl,Grand Coulee,130.1,130.1,0.0,1279.1,963.8,315.3,3129.9
2023-11-26,10,2023-11-26T09:00,gcl,Grand Coulee,124.4,124.4,0.0,1279.1,963.4,315.7,2996.5
2023-11-26,11,2023-11-26T10:00,gcl,Grand Coulee,125.3,125.3,0.0,1279.0,963.4,315.6,3017.3
2023-11-26,12,2023-11-26T11:00,gcl,Grand Coulee,129.9,129.9,0.0,1279.0,963.8,315.2,3124.1
2023-11-26,13,2023-11-26T12:00,gcl,Grand Coulee,117.3,117.3,0.0,1279.0,963.2,315.8,2826.4
2023-11-26,14,2023-11-26T13:00,gcl,Grand Coulee,105.3,105.3,0.0,1278.9,962.1,316.8,2545.3
2023-11-26,15,2023-11-26T14:00,gcl,Grand Coulee,99.3,99.3,0.0,1278.9,961.4,317.5,2405.6
2023-11-26,16,2023-11-26T15:00,gcl,Grand Coulee,102.0,102.0,0.0,1278.9,961.4,317.5,2471.0
2023-11-26,17,2023-11-26T16:00,gcl,Grand Coulee,127.1,127.1,0.0,1278.8,963.2,315.6,3060.6
2023-11-26,18,2023-11-26T17:00,gcl,Grand Coulee,138.7,138.7,0.0,1278.7,964.4,314.3,3326.2
2023-11-26,19,2023-11-26T18:00,gcl,Grand Coulee,151.4,151.4,0.0,1278.6,965.4,313.2,3618.0
2023-11-26,20,2023-11-26T19:00,gcl,Grand Coulee,142.7,142.7,0.0,1278.7,965.0,313.7,3415.6
2023-11-26,21,2023-11-26T20:00,gcl,Grand Coulee,120.6,120.6,0.0,1278.7,963.5,315.2,2900.4
2023-11-26,22,2023-11-26T21:00,gcl,Grand Coulee,109.9,109.9,0.0,1278.8,962.4,316.4,2653.1
2023-11-26,23,2023-11-26T22:00,gcl,Grand Coulee,87.2,87.2,0.0,1278.8,960.7,318.1,2116.4
2023-11-26,24,2023-11-26T23:00,gcl,Grand Coulee,84.1,84.1,0.0,1278.8,960.0,318.8,2045.7
2023-11-27,1,2023-11-27T00:00,gcl,Grand Coulee,70.7,70.7,0.0,1278.7,959.0,319.7,1724.6
2023-11-27,2,2023-11-27T01:00,gcl,Grand Coulee,70.7,70.7,0.0,1278.6,958.6,320.0,1726.2
2023-11-27,3,2023-11-27T02:00,gcl,Grand Coulee,83.5,83.5,0.0,1278.6,959.4,319.2,2033.6
2023-11-27,4,2023-11-27T03:00,gcl,Grand Coulee,90.1,90.1,0.0,1278.6,960.0,318.6,2190.3
2023-11-27,5,2023-11-27T04:00,gcl,Grand Coulee,116.4,116.4,0.0,1278.6,961.8,316.8,2813.6
2023-11-27,6,2023-11-27T05:00,gcl,Grand Coulee,142.6,142.6,0.0,1278.5,964.1,314.4,3420.8
2023-11-27,7,2023-11-27T06:00,gcl,Grand Coulee,161.0,161.0,0.0,1278.4,966.0,312.4,3837.6
2023-11-27,8,2023-11-27T07:00,gcl,Grand Coulee,162.9,162.9,0.0,1278.3,966.9,311.4,3870.5
2023-11-27,9,2023-11-27T08:00,gcl,Grand Coulee,127.0,127.0,0.0,1278.4,964.4,314.0,3042.7
2023-11-27,10,2023-11-27T09:00,gcl,Grand Coulee,116.3,116.3,0.0,1278.4,962.7,315.7,2801.4
2023-11-27,11,2023-11-27T10:00,gcl,Grand Coulee,113.6,113.6,0.0,1278.3,962.2,316.1,2739.9
2023-11-27,12,2023-11-27T11:00,gcl,Grand Coulee,105.8,105.8,0.0,1278.3,961.7,316.6,2555.8
2023-11-27,13,2023-11-27T12:00,gcl,Grand Coulee,92.0,92.0,0.0,1278.3,960.4,317.9,2231.5
2023-11-27,14,2023-11-27T13:00,gcl,Grand Coulee,93.6,93.6,0.0,1278.3,959.9,318.4,2273.9
2023-11-27,15,2023-11-27T14:00,gcl,Grand Coulee,88.5,88.5,0.0,1278.3,959.8,318.5,2150.7
2023-11-27,16,2023-11-27T15:00,gcl,Grand Coulee,109.6,109.6,0.0,1278.2,961.1,317.1,2651.7
2023-11-27,17,2023-11-27T16:00,gcl,Grand Coulee,125.2,125.2,0.0,1278.2,962.6,315.6,3014.9
2023-11-27,18,2023-11-27T17:00,gcl,Grand Coulee,146.3,146.3,0.0,1278.1,964.8,313.3,3497.3
2023-11-27,19,2023-11-27T18:00,gcl,Grand Coulee,143.6,143.6,0.0,1278.0,965.1,312.9,3428.3
2023-11-27,20,2023-11-27T19:00,gcl,Grand Coulee,140.7,140.7,0.0,1278.0,964.8,313.2,3362.3
2023-11-27,21,2023-11-27T20:00,gcl,Grand Coulee,133.3,133.3,0.0,1278.0,964.2,313.8,3191.6
2023-11-27,22,2023-11-27T21:00,gcl,Grand Coulee,110.4,110.4,0.0,1278.0,962.5,315.5,2657.6
2023-11-27,23,2023-11-27T22:00,gcl,Grand Coulee,94.0,94.0,0.0,1278.1,960.9,317.2,2275.0
2023-11-27,24,2023-11-27T23:00,gcl,Grand Coulee,79.0,79.0,0.0,1278.0,959.2,318.8,1921.6
2023-11-28,1,2023-11-28T00:00,gcl,Grand Coulee,67.8,67.8,0.0,1278.0,958.1,319.9,1654.9
2023-11-28,2,2023-11-28T01:00,gcl,Grand Coulee,60.9,60.9,0.0,1278.0,957.3,320.7,1490.2
2023-11-28,3,2023-11-28T02:00,gcl,Grand Coulee,60.1,60.1,0.0,1278.0,957.5,320.5,1469.7
2023-11-28,4,2023-11-28T03:00,gcl,Grand Coulee,69.9,69.9,0.0,1278.0,958.0,320.0,1706.7
2023-11-28,5,2023-11-28T04:00,gcl,Grand Coulee,90.1,90.1,0.0,1278.0,959.5,318.5,2189.6
2023-11-28,6,2023-11-28T05:00,gcl,Grand Coulee,128.2,128.2,0.0,1277.9,962.5,315.4,3085.1
2023-11-28,7,2023-11-28T06:00,gcl,Grand Coulee,134.7,134.7,0.0,1277.8,963.9,313.9,3226.1
2023-11-28,8,2023-11-28T07:00,gcl,Grand Coulee,139.3,139.3,0.0,1277.8,964.7,313.1,3327.8
2023-11-28,9,2023-11-28T08:00,gcl,Grand Coulee,114.0,114.0,0.0,1277.8,963.1,314.7,2737.3
2023-11-28,10,2023-11-28T09:00,gcl,Grand Coulee,109.1,109.1,0.0,1277.8,962.2,315.6,2627.2
2023-11-28,11,2023-11-28T10:00,gcl,Grand Coulee,106.8,106.8,0.0,1277.8,961.8,316.0,2575.0
2023-11-28,12,2023-11-28T11:00,gcl,Grand Coulee,85.3,85.3,0.0,1277.9,960.1,317.8,2068.4
2023-11-28,13,2023-11-28T12:00,gcl,Grand Coulee,71.5,71.5,0.0,1277.9,958.6,319.3,1741.9
2023-11-28,14,2023-11-28T13:00,gcl,Grand Coulee,59.1,59.1,0.0,1277.8,957.5,320.3,1444.3
2023-11-28,15,2023-11-28T14:00,gcl,Grand Coulee,56.7,56.7,0.0,1277.8,957.0,320.8,1387.8
2023-11-28,16,2023-11-28T15:00,gcl,Grand Coulee,93.4,93.4,0.0,1277.8,959.3,318.5,2269.8
2023-11-28,17,2023-11-28T16:00,gcl,Grand Coulee,106.2,106.2,0.0,1277.7,961.1,316.6,2565.4
2023-11-28,18,2023-11-28T17:00,gcl,Grand Coulee,112.5,112.5,0.0,1277.7,961.6,316.1,2713.3
2023-11-28,19,2023-11-28T18:00,gcl,Grand Coulee,120.9,120.9,0.0,1277.7,962.3,315.4,2909.5
2023-11-28,20,2023-11-28T19:00,gcl,Grand Coulee,112.4,112.4,0.0,1277.8,961.9,315.9,2709.2
2023-11-28,21,2023-11-28T20:00,gcl,Grand Coulee,96.3,96.3,0.0,1277.8,960.8,317.0,2329.2
2023-11-28,22,2023-11-28T21:00,gcl,Grand Coulee,83.3,83.3,0.0,1277.8,959.4,318.4,2023.7
2023-11-28,23,2023-11-28T22:00,gcl,Grand Coulee,62.3,62.3,0.0,1277.8,957.7,320.1,1521.6
2023-11-28,24,2023-11-28T23:00,gcl,Grand Coulee,50.7,50.7,0.0,1277.8,956.5,321.3,1242.9
2023-11-29,1,2023-11-29T00:00,gcl,Grand Coulee,50.5,50.5,0.0,1277.8,956.7,321.1,1237.2
2023-11-29,2,2023-11-29T01:00,gcl,Grand Coulee,50.9,50.9,0.0,1277.8,956.7,321.1,1247.0
2023-11-29,3,2023-11-29T02:00,gcl,Grand Coulee,51.2,51.2,0.0,1277.9,956.3,321.6,1256.3
2023-11-29,4,2023-11-29T03:00,gcl,Grand Coulee,59.5,59.5,0.0,1277.9,956.7,321.2,1458.2
2023-11-29,5,2023-11-29T04:00,gcl,Grand Coulee,69.0,69.0,0.0,1277.9,957.3,320.6,1687.9
2023-11-29,6,2023-11-29T05:00,gcl,Grand Coulee,121.4,121.4,0.0,1277.8,961.2,316.6,2932.6
2023-11-29,7,2023-11-29T06:00,gcl,Grand Coulee,126.9,126.9,0.0,1277.7,962.8,314.9,3049.0
2023-11-29,8,2023-11-29T07:00,gcl,Grand Coulee,140.0,140.0,0.0,1277.7,964.0,313.7,3350.9
2023-11-29,9,2023-11-29T08:00,gcl,Grand Coulee,116.9,116.9,0.0,1277.7,962.6,315.1,2810.5
2023-11-29,10,2023-11-29T09:00,gcl,Grand Coulee,107.9,107.9,0.0,1277.7,961.4,316.3,2604.0
2023-11-29,11,2023-11-29T10:00,gcl,Grand Coulee,101.8,101.8,0.0,1277.7,960.6,317.1,2463.0
2023-11-29,12,2023-11-29T11:00,gcl,Grand Coulee,100.4,100.4,0.0,1277.7,960.5,317.2,2429.9
2023-11-29,13,2023-11-29T12:00,gcl,Grand Coulee,96.5,96.5,0.0,1277.6,960.1,317.5,2337.7
2023-11-29,14,2023-11-29T13:00,gcl,Grand Coulee,100.0,100.0,0.0,1277.5,960.2,317.3,2421.0
2023-11-29,15,2023-11-29T14:00,gcl,Grand Coulee,91.4,91.4,0.0,1277.5,959.8,317.7,2215.6
2023-11-29,16,2023-11-29T15:00,gcl,Grand Coulee,92.5,92.5,0.0,1277.5,959.6,317.9,2243.7
2023-11-29,17,2023-11-29T16:00,gcl,Grand Coulee,121.4,121.4,0.0,1277.5,961.8,315.7,2924.3
2023-11-29,18,2023-11-29T17:00,gcl,Grand Coulee,129.2,129.2,0.0,1277.5,963.1,314.4,3099.3
2023-11-29,19,2023-11-29T18:00,gcl,Grand Coulee,131.8,131.8,0.0,1277.5,963.6,313.9,3156.7
2023-11-29,20,2023-11-29T19:00,gcl,Grand Coulee,112.3,112.3,0.0,1277.4,962.3,315.1,2699.9
2023-11-29,21,2023-11-29T20:00,gcl,Grand Coulee,85.6,85.6,0.0,1277.5,959.9,317.6,2074.3
2023-11-29,22,2023-11-29T21:00,gcl,Grand Coulee,66.9,66.9,0.0,1277.6,958.0,319.6,1631.4
2023-11-29,23,2023-11-29T22:00,gcl,Grand Coulee,43.8,43.8,0.0,1277.7,956.1,321.6,1074.8
2023-11-29,24,2023-11-29T23:00,gcl,Grand Coulee,45.1,45.1,0.0,1277.6,956.0,321.6,1106.7
2023-11-30,1,2023-11-30T00:00,gcl,Grand Coulee,33.1,33.1,0.0,1277.6,955.1,322.5,814.5
2023-11-30,2,2023-11-30T01:00,gcl,Grand Coulee,27.9,27.9,0.0,1277.7,954.8,322.9,687.4
2023-11-30,3,2023-11-30T02:00,gcl,Grand Coulee,25.6,25.6,0.0,1277.7,954.8,322.9,630.7
2023-11-30,4,2023-11-30T03:00,gcl,Grand Coulee,24.4,24.4,0.0,1277.8,954.7,323.1,601.5
2023-11-30,5,2023-11-30T04:00,gcl,Grand Coulee,35.6,35.6,0.0,1277.9,955.1,322.8,876.8
2023-11-30,6,2023-11-30T05:00,gcl,Grand Coulee,85.5,85.5,0.0,1277.8,958.3,319.5,2084.3
2023-11-30,7,2023-11-30T06:00,gcl,Grand Coulee,119.6,119.6,0.0,1277.7,961.5,316.2,2885.5
2023-11-30,8,2023-11-30T07:00,gcl,Grand Coulee,134.4,134.4,0.0,1277.7,963.4,314.3,3223.1
2023-11-30,9,2023-11-30T08:00,gcl,Grand Coulee,122.4,122.4,0.0,1277.7,962.9,314.8,2940.0
2023-11-30,10,2023-11-30T09:00,gcl,Grand Coulee,100.7,100.7,0.0,1277.7,961.2,316.5,2431.8
2023-11-30,11,2023-11-30T10:00,gcl,Grand Coulee,94.7,94.7,0.0,1277.8,960.3,317.5,2294.1
2023-11-30,12,2023-11-30T11:00,gcl,Grand Coulee,89.0,89.0,0.0,1277.8,959.8,318.0,2159.4
2023-11-30,13,2023-11-30T12:00,gcl,Grand Coulee,92.4,92.4,0.0,1277.7,959.9,317.8,2240.5
2023-11-30,14,2023-11-30T13:00,gcl,Grand Coulee,101.3,101.3,0.0,1277.6,960.6,317.0,2450.2
2023-11-30,15,2023-11-30T14:00,gcl,Grand Coulee,99.6,99.6,0.0,1277.6,960.8,316.8,2407.5
2023-11-30,16,2023-11-30T15:00,gcl,Grand Coulee,110.6,110.6,0.0,1277.6,961.5,316.1,2667.5
2023-11-30,17,2023-11-30T16:00,gcl,Grand Coulee,116.6,116.6,0.0,1277.6,962.3,315.3,2805.1
2023-11-30,18,2023-11-30T17:00,gcl,Grand Coulee,122.7,122.7,0.0,1277.6,963.0,314.6,2945.3
2023-11-30,19,2023-11-30T18:00,gcl,Grand Coulee,114.1,114.1,0.0,1277.6,962.6,315.0,2742.3
2023-11-30,20,2023-11-30T19:00,gcl,Grand Coulee,103.7,103.7,0.0,1277.5,961.5,316.0,2500.3
2023-11-30,21,2023-11-30T20:00,gcl,Grand Coulee,79.0,79.0,0.0,1277.6,959.5,318.1,1917.4
2023-11-30,22,2023-11-30T21:00,gcl,Grand Coulee,60.7,60.7,0.0,1277.6,957.8,319.8,1481.1
2023-11-30,23,2023-11-30T22:00,gcl,Grand Coulee,47.6,47.6,0.0,1277.7,956.6,321.1,1166.2
2023-11-30,24,2023-11-30T23:00,gcl,Grand Coulee,31.3,31.3,0.0,1277.8,955.4,322.4,770.0
2023-12-01,1,2023-12-01T00:00,gcl,Grand Coulee,39.9,39.9,0.0,1277.8,955.9,321.9,980.0
2023-12-01,2,2023-12-01T01:00,gcl,Grand Coulee,38.4,38.4,0.0,1277.8,956.0,321.8,942.8
2023-12-01,3,2023-12-01T02:00,gcl,Grand Coulee,40.1,40.1,0.0,1277.8,955.7,322.1,985.5
2023-12-01,4,2023-12-01T03:00,gcl,Grand Coulee,43.9,43.9,0.0,1277.9,955.9,322.0,1078.6
2023-12-01,5,2023-12-01T04:00,gcl,Grand Coulee,60.6,60.6,0.0,1277.9,957.1,320.8,1483.3
2023-12-01,6,2023-12-01T05:00,gcl,Grand Coulee,81.0,81.0,0.0,1278.0,958.5,319.5,1974.6
2023-12-01,7,2023-12-01T06:00,gcl,Grand Coulee,91.1,91.1,0.0,1278.0,959.6,318.4,2213.2
2023-12-01,8,2023-12-01T07:00,gcl,Grand Coulee,107.2,107.2,0.0,1277.9,961.0,316.9,2592.0
2023-12-01,9,2023-12-01T08:00,gcl,Grand Coulee,94.5,94.5,0.0,1277.9,960.4,317.5,2289.3
2023-12-01,10,2023-12-01T09:00,gcl,Grand Coulee,85.8,85.8,0.0,1278.0,959.5,318.5,2085.1
2023-12-01,11,2023-12-01T10:00,gcl,Grand Coulee,83.9,83.9,0.0,1278.0,959.2,318.8,2040.8
2023-12-01,12,2023-12-01T11:00,gcl,Grand Coulee,75.2,75.2,0.0,1278.0,958.7,319.3,1832.1
2023-12-01,13,2023-12-01T12:00,gcl,Grand Coulee,56.5,56.5,0.0,1278.0,957.4,320.6,1382.1
2023-12-01,14,2023-12-01T13:00,gcl,Grand Coulee,48.1,48.1,0.0,1278.0,956.5,321.5,1179.9
2023-12-01,15,2023-12-01T14:00,gcl,Grand Coulee,43.1,43.1,0.0,1278.0,956.5,321.5,1057.3
2023-12-01,16,2023-12-01T15:00,gcl,Grand Coulee,35.5,35.5,0.0,1278.2,956.0,322.2,872.7
2023-12-01,17,2023-12-01T16:00,gcl,Grand Coulee,56.5,56.5,0.0,1278.2,957.3,320.9,1383.4
2023-12-01,18,2023-12-01T17:00,gcl,Grand Coulee,65.7,65.7,0.0,1278.2,958.2,320.0,1604.1
2023-12-01,19,2023-12-01T18:00,gcl,Grand Coulee,56.7,56.7,0.0,1278.3,957.4,320.9,1388.3
2023-12-01,20,2023-12-01T19:00,gcl,Grand Coulee,47.4,47.4,0.0,1278.3,956.4,321.9,1164.2
2023-12-01,21,2023-12-01T20:00,gcl,Grand Coulee,37.3,37.3,0.0,1278.3,955.9,322.4,917.5
2023-12-01,22,2023-12-01T21:00,gcl,Grand Coulee,34.7,34.7,0.0,1278.4,955.9,322.5,853.9
2023-12-01,23,2023-12-01T22:00,gcl,Grand Coulee,39.3,39.3,0.0,1278.6,956.0,322.6,967.3
2023-12-01,24,2023-12-01T23:00,gcl,Grand Coulee,34.9,34.9,0.0,1278.6,955.8,322.8,859.6
2023-12-02,1,2023-12-02T00:00,gcl,Grand Coulee,38.4,38.4,0.0,1278.7,956.0,322.7,945.5
2023-12-02,2,2023-12-02T01:00,gcl,Grand Coulee,38.8,38.8,0.0,1278.7,956.1,322.6,955.0
2023-12-02,3,2023-12-02T02:00,gcl,Grand Coulee,36.2,36.2,0.0,1278.8,955.9,322.9,891.9
2023-12-02,4,2023-12-02T03:00,gcl,Grand Coulee,30.1,30.1,0.0,1278.8,955.5,323.3,742.5
2023-12-02,5,2023-12-02T04:00,gcl,Grand Coulee,31.9,31.9,0.0,1278.9,955.7,323.2,786.7
2023-12-02,6,2023-12-02T05:00,gcl,Grand Coulee,36.5,36.5,0.0,1279.0,956.1,322.9,899.3
2023-12-02,7,2023-12-02T06:00,gcl,Grand Coulee,37.0,37.0,0.0,1279.0,956.1,322.9,911.6
2023-12-02,8,2023-12-02T07:00,gcl,Grand Coulee,44.8,44.8,0.0,1279.0,956.4,322.6,1102.7
2023-12-02,9,2023-12-02T08:00,gcl,Grand Coulee,48.9,48.9,0.0,1279.0,956.9,322.1,1201.8
2023-12-02,10,2023-12-02T09:00,gcl,Grand Coulee,44.1,44.1,0.0,1279.1,956.5,322.6,1085.5
2023-12-02,11,2023-12-02T10:00,gcl,Grand Coulee,44.9,44.9,0.0,1279.0,956.5,322.5,1104.8
2023-12-02,12,2023-12-02T11:00,gcl,Grand Coulee,40.3,40.3,0.0,1279.1,956.4,322.7,992.3
2023-12-02,13,2023-12-02T12:00,gcl,Grand Coulee,36.2,36.2,0.0,1279.2,956.2,323.0,892.1
2023-12-02,14,2023-12-02T13:00,gcl,Grand Coulee,33.1,33.1,0.0,1279.2,955.9,323.3,816.5
2023-12-02,15,2023-12-02T14:00,gcl,Grand Coulee,31.2,31.2,0.0,1279.3,955.9,323.4,769.9
2023-12-02,16,2023-12-02T15:00,gcl,Grand Coulee,30.5,30.5,0.0,1279.3,955.9,323.4,752.6
2023-12-02,17,2023-12-02T16:00,gcl,Grand Coulee,45.8,45.8,0.0,1279.4,956.7,322.7,1127.7
2023-12-02,18,2023-12-02T17:00,gcl,Grand Coulee,56.6,56.6,0.0,1279.4,957.4,322.0,1390.6
2023-12-02,19,2023-12-02T18:00,gcl,Grand Coulee,57.8,57.8,0.0,1279.4,957.6,321.8,1419.2
2023-12-02,20,2023-12-02T19:00,gcl,Grand Coulee,52.1,52.1,0.0,1279.5,957.1,322.4,1281.6
2023-12-02,21,2023-12-02T20:00,gcl,Grand Coulee,50.9,50.9,0.0,1279.5,957.1,322.4,1252.1
2023-12-02,22,2023-12-02T21:00,gcl,Grand Coulee,48.5,48.5,0.0,1279.6,957.1,322.5,1193.4
2023-12-02,23,2023-12-02T22:00,gcl,Grand Coulee,48.4,48.4,0.0,1279.6,957.0,322.6,1191.3
2023-12-02,24,2023-12-02T23:00,gcl,Grand Coulee,43.7,43.7,0.0,1279.7,956.7,323.0,1077.0
2023-12-03,1,2023-12-03T00:00,gcl,Grand Coulee,36.1,36.1,0.0,1279.7,956.2,323.5,891.1
2023-12-03,2,2023-12-03T01:00,gcl,Grand Coulee,31.7,31.7,0.0,1279.7,955.8,323.9,783.4
2023-12-03,3,2023-12-03T02:00,gcl,Grand Coulee,31.5,31.5,0.0,1279.7,955.8,323.9,778.5
2023-12-03,4,2023-12-03T03:00,gcl,Grand Coulee,33.1,33.1,0.0,1279.7,955.8,323.9,818.0
2023-12-03,5,2023-12-03T04:00,gcl,Grand Coulee,39.6,39.6,0.0,1279.8,956.0,323.8,978.4
2023-12-03,6,2023-12-03T05:00,gcl,Grand Coulee,57.8,57.8,0.0,1279.8,957.0,322.8,1423.6
2023-12-03,7,2023-12-03T06:00,gcl,Grand Coulee,62.9,62.9,0.0,1279.8,957.5,322.3,1546.8
2023-12-03,8,2023-12-03T07:00,gcl,Grand Coulee,85.0,85.0,0.0,1279.8,959.0,320.8,2080.5
2023-12-03,9,2023-12-03T08:00,gcl,Grand Coulee,85.3,85.3,0.0,1279.7,959.3,320.4,2085.3
2023-12-03,10,2023-12-03T09:00,gcl,Grand Coulee,92.3,92.3,0.0,1279.7,960.0,319.7,2251.5
2023-12-03,11,2023-12-03T10:00,gcl,Grand Coulee,96.0,96.0,0.0,1279.7,960.4,319.3,2338.8
2023-12-03,12,2023-12-03T11:00,gcl,Grand Coulee,90.6,90.6,0.0,1279.7,960.4,319.3,2207.3
2023-12-03,13,2023-12-03T12:00,gcl,Grand Coulee,74.6,74.6,0.0,1279.8,959.3,320.5,1824.3
2023-12-03,14,2023-12-03T13:00,gcl,Grand Coulee,61.3,61.3,0.0,1279.8,958.2,321.6,1504.2
2023-12-03,15,2023-12-03T14:00,gcl,Grand Coulee,53.7,53.7,0.0,1279.8,957.7,322.1,1319.7
2023-12-03,16,2023-12-03T15:00,gcl,Grand Coulee,46.3,46.3,0.0,1279.8,957.3,322.5,1139.3
2023-12-03,17,2023-12-03T16:00,gcl,Grand Coulee,48.0,48.0,0.0,1279.8,957.4,322.4,1180.8
2023-12-03,18,2023-12-03T17:00,gcl,Grand Coulee,51.7,51.7,0.0,1279.8,957.4,322.4,1271.8
2023-12-03,19,2023-12-03T18:00,gcl,Grand Coulee,50.3,50.3,0.0,1279.9,957.2,322.7,1238.5
2023-12-03,20,2023-12-03T19:00,gcl,Grand Coulee,44.4,44.4,0.0,1279.9,956.7,323.2,1094.9
2023-12-03,21,2023-12-03T20:00,gcl,Grand Coulee,32.8,32.8,0.0,1280.0,955.8,324.2,811.4
2023-12-03,22,2023-12-03T21:00,gcl,Grand Coulee,24.5,24.5,0.0,1280.0,955.2,324.8,607.2
2023-12-03,23,2023-12-03T22:00,gcl,Grand Coulee,22.3,22.3,0.0,1280.1,955.1,325.0,553.0
2023-12-03,24,2023-12-03T23:00,gcl,Grand Coulee,28.9,28.9,0.0,1280.1,955.8,324.3,715.1
2023-12-04,1,2023-12-04T00:00,gcl,Grand Coulee,31.3,31.3,0.0,1280.1,955.6,324.5,775.0
2023-12-04,2,2023-12-04T01:00,gcl,Grand Coulee,29.0,29.0,0.0,1280.2,955.2,325.0,719.1
2023-12-04,3,2023-12-04T02:00,gcl,Grand Coulee,29.0,29.0,0.0,1280.3,955.2,325.1,719.3
2023-12-04,4,2023-12-04T03:00,gcl,Grand Coulee,32.8,32.8,0.0,1280.3,955.6,324.7,812.6
2023-12-04,5,2023-12-04T04:00,gcl,Grand Coulee,43.3,43.3,0.0,1280.3,956.1,324.2,1071.1
2023-12-04,6,2023-12-04T05:00,gcl,Grand Coulee,52.9,52.9,0.0,1280.3,956.5,323.8,1306.9
2023-12-04,7,2023-12-04T06:00,gcl,Grand Coulee,61.2,61.2,0.0,1280.3,957.1,323.2,1509.2
2023-12-04,8,2023-12-04T07:00,gcl,Grand Coulee,69.5,69.5,0.0,1280.3,957.9,322.4,1709.6
2023-12-04,9,2023-12-04T08:00,gcl,Grand Coulee,64.1,64.1,0.0,1280.3,957.5,322.8,1578.8
2023-12-04,10,2023-12-04T09:00,gcl,Grand Coulee,63.3,63.3,0.0,1280.4,957.2,323.2,1561.0
2023-12-04,11,2023-12-04T10:00,gcl,Grand Coulee,64.6,64.6,0.0,1280.4,957.4,323.0,1592.1
2023-12-04,12,2023-12-04T11:00,gcl,Grand Coulee,68.5,68.5,0.0,1280.3,957.8,322.5,1685.6
2023-12-04,13,2023-12-04T12:00,gcl,Grand Coulee,65.7,65.7,0.0,1280.3,957.7,322.6,1617.2
2023-12-04,14,2023-12-04T13:00,gcl,Grand Coulee,65.1,65.1,0.0,1280.3,957.5,322.8,1603.4
2023-12-04,15,2023-12-04T14:00,gcl,Grand Coulee,68.0,68.0,0.0,1280.3,957.7,322.6,1673.8
2023-12-04,16,2023-12-04T15:00,gcl,Grand Coulee,65.7,65.7,0.0,1280.4,957.6,322.8,1618.2
2023-12-04,17,2023-12-04T16:00,gcl,Grand Coulee,84.8,84.8,0.0,1280.4,958.9,321.5,2080.2
2023-12-04,18,2023-12-04T17:00,gcl,Grand Coulee,78.0,78.0,0.0,1280.4,958.9,321.5,1913.4
2023-12-04,19,2023-12-04T18:00,gcl,Grand Coulee,63.6,63.6,0.0,1280.4,957.7,322.7,1566.0
2023-12-04,20,2023-12-04T19:00,gcl,Grand Coulee,55.9,55.9,0.0,1280.5,956.8,323.7,1380.6
2023-12-04,21,2023-12-04T20:00,gcl,Grand Coulee,47.4,47.4,0.0,1280.5,956.3,324.2,1172.5
2023-12-04,22,2023-12-04T21:00,gcl,Grand Coulee,41.3,41.3,0.0,1280.6,955.8,324.8,1023.5
2023-12-04,23,2023-12-04T22:00,gcl,Grand Coulee,40.9,40.9,0.0,1280.6,955.7,324.9,1013.9
2023-12-04,24,2023-12-04T23:00,gcl,Grand Coulee,38.6,38.6,0.0,1280.6,955.8,324.8,956.6
2023-12-05,1,2023-12-05T00:00,gcl,Grand Coulee,39.1,39.1,0.0,1280.6,955.6,325.0,969.6
2023-12-05,2,2023-12-05T01:00,gcl,Grand Coulee,37.4,37.4,0.0,1280.7,955.6,325.1,927.7
2023-12-05,3,2023-12-05T02:00,gcl,Grand Coulee,38.4,38.4,0.0,1280.7,955.8,324.9,951.9
2023-12-05,4,2023-12-05T03:00,gcl,Grand Coulee,38.9,38.9,0.0,1280.7,955.8,324.9,964.3
2023-12-05,5,2023-12-05T04:00,gcl,Grand Coulee,40.9,40.9,0.0,1280.8,956.0,324.8,1013.6
2023-12-05,6,2023-12-05T05:00,gcl,Grand Coulee,63.0,63.0,0.0,1280.8,957.6,323.2,1553.6
2023-12-05,7,2023-12-05T06:00,gcl,Grand Coulee,73.4,73.4,0.0,1280.7,958.7,322.0,1803.3
2023-12-05,8,2023-12-05T07:00,gcl,Grand Coulee,72.3,72.3,0.0,1280.7,958.8,321.9,1775.8
2023-12-05,9,2023-12-05T08:00,gcl,Grand Coulee,63.3,63.3,0.0,1280.8,958.2,322.6,1558.1
2023-12-05,10,2023-12-05T09:00,gcl,Grand Coulee,60.1,60.1,0.0,1280.8,958.1,322.7,1479.8
2023-12-05,11,2023-12-05T10:00,gcl,Grand Coulee,56.8,56.8,0.0,1280.8,958.2,322.6,1398.1
2023-12-05,12,2023-12-05T11:00,gcl,Grand Coulee,53.2,53.2,0.0,1280.8,957.8,323.0,1311.1
2023-12-05,13,2023-12-05T12:00,gcl,Grand Coulee,54.7,54.7,0.0,1280.8,957.9,322.9,1347.7
2023-12-05,14,2023-12-05T13:00,gcl,Grand Coulee,57.8,57.8,0.0,1280.8,958.1,322.7,1423.2
2023-12-05,15,2023-12-05T14:00,gcl,Grand Coulee,60.1,60.1,0.0,1280.8,958.2,322.6,1479.3
2023-12-05,16,2023-12-05T15:00,gcl,Grand Coulee,63.3,63.3,0.0,1280.8,958.3,322.5,1557.6
2023-12-05,17,2023-12-05T16:00,gcl,Grand Coulee,86.7,86.7,0.0,1280.8,959.8,321.0,2123.5
2023-12-05,18,2023-12-05T17:00,gcl,Grand Coulee,101.8,101.8,0.0,1280.7,961.1,319.6,2482.4
2023-12-05,19,2023-12-05T18:00,gcl,Grand Coulee,95.5,95.5,0.0,1280.8,960.8,320.0,2331.7
2023-12-05,20,2023-12-05T19:00,gcl,Grand Coulee,87.2,87.2,0.0,1280.7,959.9,320.8,2134.4
2023-12-05,21,2023-12-05T20:00,gcl,Grand Coulee,62.6,62.6,0.0,1280.8,958.0,322.8,1541.8
2023-12-05,22,2023-12-05T21:00,gcl,Grand Coulee,48.7,48.7,0.0,1280.8,956.5,324.3,1205.0
2023-12-05,23,2023-12-05T22:00,gcl,Grand Coulee,47.0,47.0,0.0,1280.9,956.2,324.7,1164.4
2023-12-05,24,2023-12-05T23:00,gcl,Grand Coulee,41.2,41.2,0.0,1280.9,956.0,324.9,1021.3
2023-12-06,1,2023-12-06T00:00,gcl,Grand Coulee,44.9,44.9,0.0,1280.8,955.7,325.1,1113.8
2023-12-06,2,2023-12-06T01:00,gcl,Grand Coulee,41.3,41.3,0.0,1280.9,955.9,325.0,1024.1
2023-12-06,3,2023-12-06T02:00,gcl,Grand Coulee,45.0,45.0,0.0,1280.9,956.2,324.7,1114.9
2023-12-06,4,2023-12-06T03:00,gcl,Grand Coulee,49.8,49.8,0.0,1280.9,956.4,324.5,1233.0
2023-12-06,5,2023-12-06T04:00,gcl,Grand Coulee,57.0,57.0,0.0,1280.9,956.9,324.0,1409.1
2023-12-06,6,2023-12-06T05:00,gcl,Grand Coulee,79.3,79.3,0.0,1280.9,958.9,322.0,1948.3
2023-12-06,7,2023-12-06T06:00,gcl,Grand Coulee,78.2,78.2,0.0,1280.9,959.0,321.9,1920.7
2023-12-06,8,2023-12-06T07:00,gcl,Grand Coulee,83.4,83.4,0.0,1280.9,959.3,321.6,2046.5
2023-12-06,9,2023-12-06T08:00,gcl,Grand Coulee,73.0,73.0,0.0,1280.9,958.7,322.2,1794.6
2023-12-06,10,2023-12-06T09:00,gcl,Grand Coulee,60.9,60.9,0.0,1280.9,957.7,323.2,1501.8
2023-12-06,11,2023-12-06T10:00,gcl,Grand Coulee,64.5,64.5,0.0,1280.9,957.8,323.1,1590.1
2023-12-06,12,2023-12-06T11:00,gcl,Grand Coulee,66.1,66.1,0.0,1280.9,958.1,322.8,1628.0
2023-12-06,13,2023-12-06T12:00,gcl,Grand Coulee,62.9,62.9,0.0,1280.9,957.9,323.0,1550.2
2023-12-06,14,2023-12-06T13:00,gcl,Grand Coulee,58.8,58.8,0.0,1280.9,957.3,323.6,1451.8
2023-12-06,15,2023-12-06T14:00,gcl,Grand Coulee,63.0,63.0,0.0,1280.9,957.6,323.3,1554.1
2023-12-06,16,2023-12-06T15:00,gcl,Grand Coulee,73.7,73.7,0.0,1280.9,958.3,322.6,1814.1
2023-12-06,17,2023-12-06T16:00,gcl,Grand Coulee,85.7,85.7,0.0,1280.9,959.2,321.7,2103.6
2023-12-06,18,2023-12-06T17:00,gcl,Grand Coulee,90.7,90.7,0.0,1280.9,959.8,321.1,2222.1
2023-12-06,19,2023-12-06T18:00,gcl,Grand Coulee,81.3,81.3,0.0,1280.9,959.1,321.8,1996.2
2023-12-06,20,2023-12-06T19:00,gcl,Grand Coulee,66.6,66.6,0.0,1281.1,957.8,323.3,1642.9
2023-12-06,21,2023-12-06T20:00,gcl,Grand Coulee,57.9,57.9,0.0,1281.1,956.9,324.2,1432.2
2023-12-06,22,2023-12-06T21:00,gcl,Grand Coulee,45.2,45.2,0.0,1281.2,955.9,325.3,1121.9
2023-12-06,23,2023-12-06T22:00,gcl,Grand Coulee,38.8,38.8,0.0,1281.2,955.5,325.7,964.2
2023-12-06,24,2023-12-06T23:00,gcl,Grand Coulee,31.7,31.7,0.0,1281.2,955.1,326.1,788.7
2023-12-07,1,2023-12-07T00:00,gcl,Grand Coulee,37.8,37.8,0.0,1281.2,954.9,326.3,941.1
2023-12-07,2,2023-12-07T01:00,gcl,Grand Coulee,39.2,39.2,0.0,1281.3,954.9,326.4,976.2
2023-12-07,3,2023-12-07T02:00,gcl,Grand Coulee,35.1,35.1,0.0,1281.4,954.6,326.8,875.2
2023-12-07,4,2023-12-07T03:00,gcl,Grand Coulee,37.9,37.9,0.0,1281.5,954.6,326.9,945.3
2023-12-07,5,2023-12-07T04:00,gcl,Grand Coulee,39.2,39.2,0.0,1281.5,954.7,326.8,977.4
2023-12-07,6,2023-12-07T05:00,gcl,Grand Coulee,48.4,48.4,0.0,1281.5,955.1,326.4,1205.4
2023-12-07,7,2023-12-07T06:00,gcl,Grand Coulee,52.8,52.8,0.0,1281.5,955.3,326.2,1314.1
2023-12-07,8,2023-12-07T07:00,gcl,Grand Coulee,70.5,70.5,0.0,1281.5,956.8,324.7,1746.6
2023-12-07,9,2023-12-07T08:00,gcl,Grand Coulee,71.9,71.9,0.0,1281.5,957.3,324.2,1778.6
2023-12-07,10,2023-12-07T09:00,gcl,Grand Coulee,62.9,62.9,0.0,1281.7,956.6,325.1,1560.2
2023-12-07,11,2023-12-07T10:00,gcl,Grand Coulee,74.5,74.5,0.0,1281.7,957.1,324.6,1845.1
2023-12-07,12,2023-12-07T11:00,gcl,Grand Coulee,74.9,74.9,0.0,1281.7,957.7,324.0,1851.6
2023-12-07,13,2023-12-07T12:00,gcl,Grand Coulee,73.1,73.1,0.0,1281.8,957.7,324.1,1807.7
2023-12-07,14,2023-12-07T13:00,gcl,Grand Coulee,70.2,70.2,0.0,1281.8,957.6,324.2,1736.5
2023-12-07,15,2023-12-07T14:00,gcl,Grand Coulee,54.2,54.2,0.0,1281.8,956.9,324.9,1343.6
2023-12-07,16,2023-12-07T15:00,gcl,Grand Coulee,65.8,65.8,0.0,1281.8,957.6,324.2,1627.7
2023-12-07,17,2023-12-07T16:00,gcl,Grand Coulee,74.8,74.8,0.0,1281.9,958.5,323.4,1845.7
2023-12-07,18,2023-12-07T17:00,gcl,Grand Coulee,86.7,86.7,0.0,1281.9,959.4,322.5,2133.4
2023-12-07,19,2023-12-07T18:00,gcl,Grand Coulee,78.0,78.0,0.0,1281.9,958.9,323.0,1922.3
2023-12-07,20,2023-12-07T19:00,gcl,Grand Coulee,72.8,72.8,0.0,1282.0,958.4,323.6,1797.5
2023-12-07,21,2023-12-07T20:00,gcl,Grand Coulee,56.6,56.6,0.0,1282.1,957.3,324.8,1402.7
2023-12-07,22,2023-12-07T21:00,gcl,Grand Coulee,43.7,43.7,0.0,1282.2,956.3,325.9,1086.7
2023-12-07,23,2023-12-07T22:00,gcl,Grand Coulee,56.7,56.7,0.0,1282.1,957.3,324.8,1405.2
2023-12-07,24,2023-12-07T23:00,gcl,Grand Coulee,45.2,45.2,0.0,1282.2,957.0,325.2,1121.5
2023-12-08,1,2023-12-08T00:00,gcl,Grand Coulee,42.8,42.8,0.0,1282.2,956.4,325.8,1063.9
2023-12-08,2,2023-12-08T01:00,gcl,Grand Coulee,27.0,27.0,0.0,1282.3,955.6,326.7,673.0
2023-12-08,3,2023-12-08T02:00,gcl,Grand Coulee,28.5,28.5,0.0,1282.4,956.1,326.3,709.6
2023-12-08,4,2023-12-08T03:00,gcl,Grand Coulee,28.6,28.6,0.0,1282.5,956.1,326.4,712.3
2023-12-08,5,2023-12-08T04:00,gcl,Grand Coulee,39.4,39.4,0.0,1282.6,956.7,325.9,979.7
2023-12-08,6,2023-12-08T05:00,gcl,Grand Coulee,50.6,50.6,0.0,1282.5,957.3,325.2,1255.5
2023-12-08,7,2023-12-08T06:00,gcl,Grand Coulee,68.3,68.3,0.0,1282.5,958.5,324.0,1688.5
2023-12-08,8,2023-12-08T07:00,gcl,Grand Coulee,79.9,79.9,0.0,1282.5,959.3,323.2,1970.3
2023-12-08,9,2023-12-08T08:00,gcl,Grand Coulee,76.2,76.2,0.0,1282.6,959.2,323.4,1880.3
2023-12-08,10,2023-12-08T09:00,gcl,Grand Coulee,65.6,65.6,0.0,1282.7,958.2,324.5,1624.2
2023-12-08,11,2023-12-08T10:00,gcl,Grand Coulee,46.6,46.6,0.0,1282.8,956.8,326.0,1159.1
2023-12-08,12,2023-12-08T11:00,gcl,Grand Coulee,40.2,40.2,0.0,1282.9,956.1,326.8,1002.4
2023-12-08,13,2023-12-08T12:00,gcl,Grand Coulee,34.4,34.4,0.0,1282.9,955.9,327.0,858.3
2023-12-08,14,2023-12-08T13:00,gcl,Grand Coulee,32.0,32.0,0.0,1282.9,955.8,327.1,798.6
2023-12-08,15,2023-12-08T14:00,gcl,Grand Coulee,34.7,34.7,0.0,1282.9,955.8,327.1,866.0
2023-12-08,16,2023-12-08T15:00,gcl,Grand Coulee,50.0,50.0,0.0,1283.0,956.9,326.1,1244.1
2023-12-08,17,2023-12-08T16:00,gcl,Grand Coulee,70.4,70.4,0.0,1283.1,958.3,324.8,1744.7
2023-12-08,18,2023-12-08T17:00,gcl,Grand Coulee,78.6,78.6,0.0,1283.1,959.0,324.1,1943.7
2023-12-08,19,2023-12-08T18:00,gcl,Grand Coulee,74.4,74.4,0.0,1283.2,958.7,324.5,1842.1
2023-12-08,20,2023-12-08T19:00,gcl,Grand Coulee,68.9,68.9,0.0,1283.2,958.2,325.0,1708.5
2023-12-08,21,2023-12-08T20:00,gcl,Grand Coulee,68.6,68.6,0.0,1283.2,958.2,325.0,1701.1
2023-12-08,22,2023-12-08T21:00,gcl,Grand Coulee,63.2,63.2,0.0,1283.3,957.9,325.4,1569.1
2023-12-08,23,2023-12-08T22:00,gcl,Grand Coulee,58.4,58.4,0.0,1283.4,957.4,326.0,1452.6
2023-12-08,24,2023-12-08T23:00,gcl,Grand Coulee,52.7,52.7,0.0,1283.5,956.9,326.6,1313.3
2023-12-09,1,2023-12-09T00:00,gcl,Grand Coulee,52.7,52.7,0.0,1283.6,957.0,326.6,1313.3
2023-12-09,2,2023-12-09T01:00,gcl,Grand Coulee,54.5,54.5,0.0,1283.6,957.1,326.5,1357.7
2023-12-09,3,2023-12-09T02:00,gcl,Grand Coulee,53.4,53.4,0.0,1283.6,957.0,326.6,1330.7
2023-12-09,4,2023-12-09T03:00,gcl,Grand Coulee,52.2,52.2,0.0,1283.7,956.8,326.9,1302.0
2023-12-09,5,2023-12-09T04:00,gcl,Grand Coulee,52.7,52.7,0.0,1283.6,956.9,326.7,1313.7
2023-12-09,6,2023-12-09T05:00,gcl,Grand Coulee,57.0,57.0,0.0,1283.7,957.3,326.4,1419.5
2023-12-09,7,2023-12-09T06:00,gcl,Grand Coulee,49.0,49.0,0.0,1283.8,956.7,327.1,1222.9
2023-12-09,8,2023-12-09T07:00,gcl,Grand Coulee,53.4,53.4,0.0,1283.9,957.0,326.9,1331.9
2023-12-09,9,2023-12-09T08:00,gcl,Grand Coulee,48.0,48.0,0.0,1283.9,956.0,327.9,1200.9
2023-12-09,10,2023-12-09T09:00,gcl,Grand Coulee,54.0,54.0,0.0,1283.9,957.2,326.7,1346.1
2023-12-09,11,2023-12-09T10:00,gcl,Grand Coulee,49.9,49.9,0.0,1284.0,956.8,327.2,1245.8
2023-12-09,12,2023-12-09T11:00,gcl,Grand Coulee,47.4,47.4,0.0,1284.0,956.7,327.3,1183.7
2023-12-09,13,2023-12-09T12:00,gcl,Grand Coulee,52.9,52.9,0.0,1284.1,956.9,327.2,1320.7
2023-12-09,14,2023-12-09T13:00,gcl,Grand Coulee,50.8,50.8,0.0,1284.1,956.9,327.2,1268.2
2023-12-09,15,2023-12-09T14:00,gcl,Grand Coulee,50.3,50.3,0.0,1284.2,956.8,327.4,1256.5
2023-12-09,16,2023-12-09T15:00,gcl,Grand Coulee,69.5,69.5,0.0,1284.1,957.9,326.2,1729.8
2023-12-09,17,2023-12-09T16:00,gcl,Grand Coulee,95.9,95.9,0.0,1284.1,960.2,323.9,2370.0
2023-12-09,18,2023-12-09T17:00,gcl,Grand Coulee,91.5,91.5,0.0,1284.1,960.2,323.9,2261.3
2023-12-09,19,2023-12-09T18:00,gcl,Grand Coulee,66.2,66.2,0.0,1284.2,958.2,326.0,1646.6
2023-12-09,20,2023-12-09T19:00,gcl,Grand Coulee,56.4,56.4,0.0,1284.3,957.0,327.3,1408.5
2023-12-09,21,2023-12-09T20:00,gcl,Grand Coulee,50.4,50.4,0.0,1284.3,956.6,327.7,1260.2
2023-12-09,22,2023-12-09T21:00,gcl,Grand Coulee,45.5,45.5,0.0,1284.4,956.3,328.1,1139.0
2023-12-09,23,2023-12-09T22:00,gcl,Grand Coulee,49.1,49.1,0.0,1284.4,956.4,328.0,1228.8
2023-12-09,24,2023-12-09T23:00,gcl,Grand Coulee,49.0,49.0,0.0,1284.4,956.5,327.9,1225.9
2023-12-10,1,2023-12-10T00:00,gcl,Grand Coulee,52.5,52.5,0.0,1284.5,956.6,327.9,1313.5
2023-12-10,2,2023-12-10T01:00,gcl,Grand Coulee,53.1,53.1,0.0,1284.5,956.6,327.9,1328.5
2023-12-10,3,2023-12-10T02:00,gcl,Grand Coulee,50.7,50.7,0.0,1284.6,956.5,328.1,1269.2
2023-12-10,4,2023-12-10T03:00,gcl,Grand Coulee,49.5,49.5,0.0,1284.7,956.4,328.3,1239.9
2023-12-10,5,2023-12-10T04:00,gcl,Grand Coulee,50.0,50.0,0.0,1284.7,956.4,328.3,1252.5
2023-12-10,6,2023-12-10T05:00,gcl,Grand Coulee,56.9,56.9,0.0,1284.6,956.9,327.7,1422.7
2023-12-10,7,2023-12-10T06:00,gcl,Grand Coulee,58.0,58.0,0.0,1284.6,957.1,327.5,1449.3
2023-12-10,8,2023-12-10T07:00,gcl,Grand Coulee,60.3,60.3,0.0,1284.6,957.2,327.4,1506.3
2023-12-10,9,2023-12-10T08:00,gcl,Grand Coulee,49.1,49.1,0.0,1284.6,956.5,328.1,1229.2
2023-12-10,10,2023-12-10T09:00,gcl,Grand Coulee,50.0,50.0,0.0,1284.7,956.4,328.3,1252.5
2023-12-10,11,2023-12-10T10:00,gcl,Grand Coulee,47.8,47.8,0.0,1284.8,956.5,328.3,1197.4
2023-12-10,12,2023-12-10T11:00,gcl,Grand Coulee,45.4,45.4,0.0,1284.9,956.3,328.6,1138.3
2023-12-10,13,2023-12-10T12:00,gcl,Grand Coulee,45.0,45.0,0.0,1284.8,956.1,328.7,1128.6
2023-12-10,14,2023-12-10T13:00,gcl,Grand Coulee,44.7,44.7,0.0,1284.8,956.2,328.6,1120.7
2023-12-10,15,2023-12-10T14:00,gcl,Grand Coulee,44.6,44.6,0.0,1284.8,956.2,328.6,1118.2
2023-12-10,16,2023-12-10T15:00,gcl,Grand Coulee,44.9,44.9,0.0,1284.9,956.1,328.8,1126.4
2023-12-10,17,2023-12-10T16:00,gcl,Grand Coulee,61.8,61.8,0.0,1284.9,957.3,327.6,1544.7
2023-12-10,18,2023-12-10T17:00,gcl,Grand Coulee,79.5,79.5,0.0,1284.9,958.8,326.1,1978.1
2023-12-10,19,2023-12-10T18:00,gcl,Grand Coulee,76.3,76.3,0.0,1284.9,958.7,326.2,1899.0
2023-12-10,20,2023-12-10T19:00,gcl,Grand Coulee,69.6,69.6,0.0,1284.9,958.0,326.9,1736.0
2023-12-10,21,2023-12-10T20:00,gcl,Grand Coulee,50.3,50.3,0.0,1284.9,956.7,328.2,1259.6
2023-12-10,22,2023-12-10T21:00,gcl,Grand Coulee,37.5,37.5,0.0,1285.0,955.6,329.4,942.5
2023-12-10,23,2023-12-10T22:00,gcl,Grand Coulee,35.1,35.1,0.0,1285.1,955.3,329.8,883.2
2023-12-10,24,2023-12-10T23:00,gcl,Grand Coulee,33.2,33.2,0.0,1285.1,955.2,329.9,835.7
2023-12-11,1,2023-12-11T00:00,gcl,Grand Coulee,33.4,33.4,0.0,1285.1,954.9,330.2,841.5
2023-12-11,2,2023-12-11T01:00,gcl,Grand Coulee,36.4,36.4,0.0,1285.1,954.8,330.3,917.3
2023-12-11,3,2023-12-11T02:00,gcl,Grand Coulee,36.8,36.8,0.0,1285.1,955.2,329.9,926.3
2023-12-11,4,2023-12-11T03:00,gcl,Grand Coulee,39.7,39.7,0.0,1285.2,955.3,329.9,999.3
2023-12-11,5,2023-12-11T04:00,gcl,Grand Coulee,50.6,50.6,0.0,1285.2,955.9,329.3,1271.4
2023-12-11,6,2023-12-11T05:00,gcl,Grand Coulee,67.3,67.3,0.0,1285.1,957.2,327.9,1683.8
2023-12-11,7,2023-12-11T06:00,gcl,Grand Coulee,79.9,79.9,0.0,1285.1,958.4,326.7,1991.7
2023-12-11,8,2023-12-11T07:00,gcl,Grand Coulee,87.1,87.1,0.0,1285.0,959.2,325.8,2165.2
2023-12-11,9,2023-12-11T08:00,gcl,Grand Coulee,86.1,86.1,0.0,1285.0,959.2,325.8,2140.3
2023-12-11,10,2023-12-11T09:00,gcl,Grand Coulee,82.6,82.6,0.0,1285.1,958.8,326.3,2056.5
2023-12-11,11,2023-12-11T10:00,gcl,Grand Coulee,81.0,81.0,0.0,1285.1,958.5,326.6,2018.5
2023-12-11,12,2023-12-11T11:00,gcl,Grand Coulee,78.0,78.0,0.0,1285.2,958.3,326.9,1945.5
2023-12-11,13,2023-12-11T12:00,gcl,Grand Coulee,77.3,77.3,0.0,1285.1,958.3,326.8,1927.5
2023-12-11,14,2023-12-11T13:00,gcl,Grand Coulee,77.8,77.8,0.0,1285.1,958.3,326.8,1939.9
2023-12-11,15,2023-12-11T14:00,gcl,Grand Coulee,80.8,80.8,0.0,1285.0,958.5,326.5,2012.9
2023-12-11,16,2023-12-11T15:00,gcl,Grand Coulee,94.4,94.4,0.0,1285.0,959.5,325.5,2344.5
2023-12-11,17,2023-12-11T16:00,gcl,Grand Coulee,104.8,104.8,0.0,1285.0,960.8,324.2,2592.4
2023-12-11,18,2023-12-11T17:00,gcl,Grand Coulee,99.5,99.5,0.0,1285.0,960.6,324.4,2462.8
2023-12-11,19,2023-12-11T18:00,gcl,Grand Coulee,89.6,89.6,0.0,1285.1,959.7,325.4,2224.6
2023-12-11,20,2023-12-11T19:00,gcl,Grand Coulee,79.4,79.4,0.0,1285.1,958.7,326.4,1977.4
2023-12-11,21,2023-12-11T20:00,gcl,Grand Coulee,71.1,71.1,0.0,1285.0,958.0,327.0,1774.0
2023-12-11,22,2023-12-11T21:00,gcl,Grand Coulee,51.6,51.6,0.0,1285.1,956.5,328.6,1293.7
2023-12-11,23,2023-12-11T22:00,gcl,Grand Coulee,45.9,45.9,0.0,1285.1,955.8,329.3,1153.3
2023-12-11,24,2023-12-11T23:00,gcl,Grand Coulee,37.5,37.5,0.0,1285.1,955.3,329.8,943.6
2023-12-12,1,2023-12-12T00:00,gcl,Grand Coulee,39.7,39.7,0.0,1285.1,955.9,329.2,997.2
2023-12-12,2,2023-12-12T01:00,gcl,Grand Coulee,36.4,36.4,0.0,1285.2,955.5,329.7,915.7
2023-12-12,3,2023-12-12T02:00,gcl,Grand Coulee,34.0,34.0,0.0,1285.2,955.2,330.0,856.1
2023-12-12,4,2023-12-12T03:00,gcl,Grand Coulee,41.1,41.1,0.0,1285.2,955.8,329.4,1033.0
2023-12-12,5,2023-12-12T04:00,gcl,Grand Coulee,58.3,58.3,0.0,1285.2,957.0,328.2,1459.9
2023-12-12,6,2023-12-12T05:00,gcl,Grand Coulee,91.7,91.7,0.0,1285.1,959.4,325.7,2278.8
2023-12-12,7,2023-12-12T06:00,gcl,Grand Coulee,111.3,111.3,0.0,1285.0,961.3,323.7,2748.9
2023-12-12,8,2023-12-12T07:00,gcl,Grand Coulee,127.0,127.0,0.0,1285.0,963.0,322.0,3120.2
2023-12-12,9,2023-12-12T08:00,gcl,Grand Coulee,107.3,107.3,0.0,1285.1,961.6,323.5,2648.5
2023-12-12,10,2023-12-12T09:00,gcl,Grand Coulee,107.3,107.3,0.0,1285.1,961.6,323.5,2648.5
2023-12-12,11,2023-12-12T10:00,gcl,Grand Coulee,96.5,96.5,0.0,1285.1,960.5,324.6,2390.0
2023-12-12,12,2023-12-12T11:00,gcl,Grand Coulee,87.1,87.1,0.0,1285.2,959.8,325.4,2162.5
2023-12-12,13,2023-12-12T12:00,gcl,Grand Coulee,81.9,81.9,0.0,1285.1,959.3,325.8,2035.9
2023-12-12,14,2023-12-12T13:00,gcl,Grand Coulee,76.6,76.6,0.0,1285.0,958.9,326.1,1905.9
2023-12-12,15,2023-12-12T14:00,gcl,Grand Coulee,74.7,74.7,0.0,1285.0,958.7,326.3,1859.8
2023-12-12,16,2023-12-12T15:00,gcl,Grand Coulee,83.2,83.2,0.0,1285.0,959.2,325.8,2068.2
2023-12-12,17,2023-12-12T16:00,gcl,Grand Coulee,113.1,113.1,0.0,1285.0,961.4,323.6,2792.5
2023-12-12,18,2023-12-12T17:00,gcl,Grand Coulee,119.5,119.5,0.0,1285.0,962.5,322.5,2940.5
2023-12-12,19,2023-12-12T18:00,gcl,Grand Coulee,114.0,114.0,0.0,1285.0,961.9,323.1,2810.4
2023-12-12,20,2023-12-12T19:00,gcl,Grand Coulee,103.0,103.0,0.0,1285.0,961.1,323.9,2545.5
2023-12-12,21,2023-12-12T20:00,gcl,Grand Coulee,86.1,86.1,0.0,1285.0,959.9,325.1,2135.7
2023-12-12,22,2023-12-12T21:00,gcl,Grand Coulee,74.7,74.7,0.0,1285.1,958.8,326.3,1859.8
2023-12-12,23,2023-12-12T22:00,gcl,Grand Coulee,63.9,63.9,0.0,1285.1,957.8,327.3,1595.8
2023-12-12,24,2023-12-12T23:00,gcl,Grand Coulee,50.8,50.8,0.0,1285.1,956.9,328.2,1272.1
2023-12-13,1,2023-12-13T00:00,gcl,Grand Coulee,65.0,65.0,0.0,1285.1,957.8,327.3,1623.2
2023-12-13,2,2023-12-13T01:00,gcl,Grand Coulee,64.7,64.7,0.0,1285.1,958.1,327.0,1614.3
2023-12-13,3,2023-12-13T02:00,gcl,Grand Coulee,63.8,63.8,0.0,1285.1,958.1,327.0,1591.8
2023-12-13,4,2023-12-13T03:00,gcl,Grand Coulee,68.3,68.3,0.0,1285.1,958.3,326.8,1703.0
2023-12-13,5,2023-12-13T04:00,gcl,Grand Coulee,71.5,71.5,0.0,1285.1,958.8,326.3,1780.1
2023-12-13,6,2023-12-13T05:00,gcl,Grand Coulee,102.6,102.6,0.0,1285.0,961.0,324.0,2536.4
2023-12-13,7,2023-12-13T06:00,gcl,Grand Coulee,111.8,111.8,0.0,1285.0,962.3,322.7,2752.7
2023-12-13,8,2023-12-13T07:00,gcl,Grand Coulee,126.0,126.0,0.0,1284.9,963.4,321.5,3090.8
2023-12-13,9,2023-12-13T08:00,gcl,Grand Coulee,131.0,131.0,0.0,1284.9,963.8,321.1,3209.5
2023-12-13,10,2023-12-13T09:00,gcl,Grand Coulee,119.1,119.1,0.0,1284.9,963.1,321.8,2924.3
2023-12-13,11,2023-12-13T10:00,gcl,Grand Coulee,112.1,112.1,0.0,1284.9,962.5,322.4,2757.6
2023-12-13,12,2023-12-13T11:00,gcl,Grand Coulee,99.5,99.5,0.0,1284.9,961.5,323.4,2455.2
2023-12-13,13,2023-12-13T12:00,gcl,Grand Coulee,85.2,85.2,0.0,1284.9,960.2,324.7,2110.8
2023-12-13,14,2023-12-13T13:00,gcl,Grand Coulee,82.5,82.5,0.0,1284.9,959.7,325.2,2047.1
2023-12-13,15,2023-12-13T14:00,gcl,Grand Coulee,83.0,83.0,0.0,1284.8,959.6,325.2,2059.5
2023-12-13,16,2023-12-13T15:00,gcl,Grand Coulee,77.5,77.5,0.0,1284.8,959.1,325.7,1925.9
2023-12-13,17,2023-12-13T16:00,gcl,Grand Coulee,101.5,101.5,0.0,1284.8,960.6,324.2,2510.8
2023-12-13,18,2023-12-13T17:00,gcl,Grand Coulee,113.7,113.7,0.0,1284.7,962.1,322.6,2798.7
2023-12-13,19,2023-12-13T18:00,gcl,Grand Coulee,101.7,101.7,0.0,1284.8,961.4,323.4,2509.5
2023-12-13,20,2023-12-13T19:00,gcl,Grand Coulee,83.5,83.5,0.0,1284.9,959.8,325.1,2071.2
2023-12-13,21,2023-12-13T20:00,gcl,Grand Coulee,72.7,72.7,0.0,1284.9,958.7,326.2,1809.4
2023-12-13,22,2023-12-13T21:00,gcl,Grand Coulee,70.4,70.4,0.0,1284.8,958.4,326.4,1753.3
2023-12-13,23,2023-12-13T22:00,gcl,Grand Coulee,62.4,62.4,0.0,1284.8,957.9,326.9,1556.4
2023-12-13,24,2023-12-13T23:00,gcl,Grand Coulee,54.5,54.5,0.0,1284.9,957.1,327.8,1363.1
2023-12-14,1,2023-12-14T00:00,gcl,Grand Coulee,51.9,51.9,0.0,1284.9,956.8,328.1,1299.3
2023-12-14,2,2023-12-14T01:00,gcl,Grand Coulee,49.6,49.6,0.0,1285.0,956.6,328.4,1242.8
2023-12-14,3,2023-12-14T02:00,gcl,Grand Coulee,48.9,48.9,0.0,1285.1,956.4,328.7,1226.4
2023-12-14,4,2023-12-14T03:00,gcl,Grand Coulee,50.3,50.3,0.0,1285.0,956.2,328.8,1261.9
2023-12-14,5,2023-12-14T04:00,gcl,Grand Coulee,57.1,57.1,0.0,1284.9,956.5,328.4,1430.8
2023-12-14,6,2023-12-14T05:00,gcl,Grand Coulee,81.8,81.8,0.0,1284.8,958.1,326.7,2039.0
2023-12-14,7,2023-12-14T06:00,gcl,Grand Coulee,98.4,98.4,0.0,1284.7,959.7,325.0,2440.1
2023-12-14,8,2023-12-14T07:00,gcl,Grand Coulee,116.3,116.3,0.0,1284.7,961.2,323.5,2870.6
2023-12-14,9,2023-12-14T08:00,gcl,Grand Coulee,110.4,110.4,0.0,1284.7,961.2,323.5,2725.0
2023-12-14,10,2023-12-14T09:00,gcl,Grand Coulee,97.7,97.7,0.0,1284.8,960.2,324.6,2419.7
2023-12-14,11,2023-12-14T10:00,gcl,Grand Coulee,88.2,88.2,0.0,1284.8,959.3,325.5,2190.5
2023-12-14,12,2023-12-14T11:00,gcl,Grand Coulee,88.3,88.3,0.0,1284.7,959.4,325.3,2191.6
2023-12-14,13,2023-12-14T12:00,gcl,Grand Coulee,76.1,76.1,0.0,1284.7,958.6,326.1,1893.5
2023-12-14,14,2023-12-14T13:00,gcl,Grand Coulee,74.7,74.7,0.0,1284.6,958.4,326.2,1859.2
2023-12-14,15,2023-12-14T14:00,gcl,Grand Coulee,71.7,71.7,0.0,1284.6,958.1,326.5,1786.2
2023-12-14,16,2023-12-14T15:00,gcl,Grand Coulee,82.6,82.6,0.0,1284.6,958.8,325.8,2053.3
2023-12-14,17,2023-12-14T16:00,gcl,Grand Coulee,101.9,101.9,0.0,1284.6,960.5,324.1,2519.9
2023-12-14,18,2023-12-14T17:00,gcl,Grand Coulee,111.6,111.6,0.0,1284.6,961.7,322.9,2749.5
2023-12-14,19,2023-12-14T18:00,gcl,Grand Coulee,99.6,99.6,0.0,1284.6,961.0,323.6,2459.2
2023-12-14,20,2023-12-14T19:00,gcl,Grand Coulee,87.1,87.1,0.0,1284.6,959.8,324.8,2158.5
2023-12-14,21,2023-12-14T20:00,gcl,Grand Coulee,66.8,66.8,0.0,1284.7,958.2,326.5,1664.1
2023-12-14,22,2023-12-14T21:00,gcl,Grand Coulee,51.4,51.4,0.0,1284.7,956.8,327.9,1286.0
2023-12-14,23,2023-12-14T22:00,gcl,Grand Coulee,51.0,51.0,0.0,1284.8,956.5,328.3,1277.5
2023-12-14,24,2023-12-14T23:00,gcl,Grand Coulee,47.3,47.3,0.0,1284.8,956.5,328.3,1184.8
2023-12-15,1,2023-12-15T00:00,gcl,Grand Coulee,48.0,48.0,0.0,1284.8,956.2,328.6,1203.5
2023-12-15,2,2023-12-15T01:00,gcl,Grand Coulee,47.3,47.3,0.0,1284.8,955.9,328.9,1187.0
2023-12-15,3,2023-12-15T02:00,gcl,Grand Coulee,45.9,45.9,0.0,1284.8,956.0,328.8,1151.5
2023-12-15,4,2023-12-15T03:00,gcl,Grand Coulee,48.4,48.4,0.0,1284.9,956.1,328.8,1214.2
2023-12-15,5,2023-12-15T04:00,gcl,Grand Coulee,57.7,57.7,0.0,1284.9,956.6,328.3,1445.3
2023-12-15,6,2023-12-15T05:00,gcl,Grand Coulee,91.2,91.2,0.0,1284.9,959.0,325.9,2267.8
2023-12-15,7,2023-12-15T06:00,gcl,Grand Coulee,102.8,102.8,0.0,1284.8,960.6,324.2,2542.9
2023-12-15,8,2023-12-15T07:00,gcl,Grand Coulee,122.4,122.4,0.0,1284.7,962.0,322.7,3013.7
2023-12-15,9,2023-12-15T08:00,gcl,Grand Coulee,98.9,98.39,0.0,1284.7,961.0,323.7,2430.1
2023-12-15,10,2023-12-15T09:00,gcl,Grand Coulee,81.0,81.0,0.0,1284.8,959.4,325.4,2011.1
2023-12-15,11,2023-12-15T10:00,gcl,Grand Coulee,62.8,62.8,0.0,1284.8,957.8,327.0,1566.9
2023-12-15,12,2023-12-15T11:00,gcl,Grand Coulee,48.7,48.7,0.0,1284.9,956.8,328.1,1219.2
2023-12-15,13,2023-12-15T12:00,gcl,Grand Coulee,41.5,41.5,0.0,1284.9,956.1,328.8,1041.1
2023-12-15,14,2023-12-15T13:00,gcl,Grand Coulee,37.0,37.0,0.0,1284.9,955.5,329.4,929.9
2023-12-15,15,2023-12-15T14:00,gcl,Grand Coulee,32.9,32.9,0.0,1284.9,955.1,329.8,827.9
2023-12-15,16,2023-12-15T15:00,gcl,Grand Coulee,68.9,68.9,0.0,1284.9,957.3,327.6,1722.2
2023-12-15,17,2023-12-15T16:00,gcl,Grand Coulee,104.1,104.1,0.0,1284.9,960.2,324.7,2579.0
2023-12-15,18,2023-12-15T17:00,gcl,Grand Coulee,109.1,109.1,0.0,1284.9,961.2,323.7,2694.6
2023-12-15,19,2023-12-15T18:00,gcl,Grand Coulee,101.8,101.8,0.0,1285.0,960.7,324.3,2518.9
2023-12-15,20,2023-12-15T19:00,gcl,Grand Coulee,85.1,85.1,0.0,1285.0,959.5,325.5,2113.5
2023-12-15,21,2023-12-15T20:00,gcl,Grand Coulee,74.5,74.5,0.0,1285.0,958.4,326.6,1856.5
2023-12-15,22,2023-12-15T21:00,gcl,Grand Coulee,75.2,75.2,0.0,1284.9,958.3,326.6,1874.0
2023-12-15,23,2023-12-15T22:00,gcl,Grand Coulee,71.0,71.0,0.0,1284.9,957.9,327.0,1771.5
2023-12-15,24,2023-12-15T23:00,gcl,Grand Coulee,69.3,69.3,0.0,1284.8,957.7,327.1,1729.6
2023-12-16,1,2023-12-16T00:00,gcl,Grand Coulee,58.2,58.2,0.0,1284.9,956.8,328.1,1457.0
2023-12-16,2,2023-12-16T01:00,gcl,Grand Coulee,53.9,53.9,0.0,1285.0,956.3,328.7,1351.8
2023-12-16,3,2023-12-16T02:00,gcl,Grand Coulee,48.2,48.2,0.0,1285.1,956.0,329.1,1210.3
2023-12-16,4,2023-12-16T03:00,gcl,Grand Coulee,49.7,49.7,0.0,1285.1,956.2,328.9,1247.2
2023-12-16,5,2023-12-16T04:00,gcl,Grand Coulee,60.8,60.8,0.0,1285.0,956.9,328.1,1522.1
2023-12-16,6,2023-12-16T05:00,gcl,Grand Coulee,80.8,80.8,0.0,1284.9,958.5,326.4,2012.3
2023-12-16,7,2023-12-16T06:00,gcl,Grand Coulee,79.3,79.3,0.0,1284.9,958.9,326.0,1972.5
2023-12-16,8,2023-12-16T07:00,gcl,Grand Coulee,86.2,86.2,0.0,1285.0,959.3,325.7,2142.1
2023-12-16,9,2023-12-16T08:00,gcl,Grand Coulee,77.9,77.9,0.0,1285.0,959.0,326.0,1937.7
2023-12-16,10,2023-12-16T09:00,gcl,Grand Coulee,73.3,73.3,0.0,1285.0,958.6,326.4,1825.5
2023-12-16,11,2023-12-16T10:00,gcl,Grand Coulee,81.4,81.4,0.0,1285.0,959.0,326.0,2024.7
2023-12-16,12,2023-12-16T11:00,gcl,Grand Coulee,81.4,81.4,0.0,1285.0,959.0,326.0,2024.7
2023-12-16,13,2023-12-16T12:00,gcl,Grand Coulee,69.5,69.5,0.0,1284.9,958.2,326.7,1732.4
2023-12-16,14,2023-12-16T13:00,gcl,Grand Coulee,53.8,53.8,0.0,1285.0,956.7,328.3,1347.7
2023-12-16,15,2023-12-16T14:00,gcl,Grand Coulee,50.6,50.6,0.0,1285.0,956.4,328.6,1268.7
2023-12-16,16,2023-12-16T15:00,gcl,Grand Coulee,64.9,64.9,0.0,1285.1,957.1,328.0,1624.2
2023-12-16,17,2023-12-16T16:00,gcl,Grand Coulee,102.3,102.3,0.0,1285.1,959.9,325.2,2538.3
2023-12-16,18,2023-12-16T17:00,gcl,Grand Coulee,108.2,108.2,0.0,1285.0,961.1,323.9,2674.0
2023-12-16,19,2023-12-16T18:00,gcl,Grand Coulee,98.8,98.8,0.0,1285.0,960.6,324.4,2445.5
2023-12-16,20,2023-12-16T19:00,gcl,Grand Coulee,96.2,96.2,0.0,1285.0,960.1,324.9,2384.8
2023-12-16,21,2023-12-16T20:00,gcl,Grand Coulee,86.2,86.2,0.0,1285.1,959.5,325.6,2141.5
2023-12-16,22,2023-12-16T21:00,gcl,Grand Coulee,77.4,77.4,0.0,1285.2,958.8,326.4,1927.6
2023-12-16,23,2023-12-16T22:00,gcl,Grand Coulee,76.0,76.0,0.0,1285.2,958.4,326.8,1895.0
2023-12-16,24,2023-12-16T23:00,gcl,Grand Coulee,71.1,71.1,0.0,1285.1,958.1,327.0,1774.0
2023-12-17,1,2023-12-17T00:00,gcl,Grand Coulee,65.9,65.9,0.0,1285.1,957.4,327.7,1647.7
2023-12-17,2,2023-12-17T01:00,gcl,Grand Coulee,64.1,64.1,0.0,1285.1,957.1,328.0,1604.2
2023-12-17,3,2023-12-17T02:00,gcl,Grand Coulee,62.5,62.5,0.0,1285.1,957.0,328.1,1564.6
2023-12-17,4,2023-12-17T03:00,gcl,Grand Coulee,71.6,71.6,0.0,1285.2,957.6,327.6,1789.7
2023-12-17,5,2023-12-17T04:00,gcl,Grand Coulee,70.0,70.0,0.0,1285.2,957.5,327.7,1750.2
2023-12-17,6,2023-12-17T05:00,gcl,Grand Coulee,62.4,62.4,0.0,1285.2,957.0,328.2,1562.6
2023-12-17,7,2023-12-17T06:00,gcl,Grand Coulee,73.9,73.9,0.0,1285.2,957.6,327.6,1847.2
2023-12-17,8,2023-12-17T07:00,gcl,Grand Coulee,104.0,104.0,0.0,1285.1,960.1,325.0,2578.9
2023-12-17,9,2023-12-17T08:00,gcl,Grand Coulee,99.8,99.8,0.0,1285.1,960.6,324.5,2471.0
2023-12-17,10,2023-12-17T09:00,gcl,Grand Coulee,90.0,90.0,0.0,1285.1,959.8,325.3,2233.8
2023-12-17,11,2023-12-17T10:00,gcl,Grand Coulee,90.2,90.2,0.0,1285.1,959.6,325.5,2240.2
2023-12-17,12,2023-12-17T11:00,gcl,Grand Coulee,86.1,86.1,0.0,1285.2,959.6,325.6,2139.0
2023-12-17,13,2023-12-17T12:00,gcl,Grand Coulee,76.9,76.9,0.0,1285.2,959.0,326.2,1914.0
2023-12-17,14,2023-12-17T13:00,gcl,Grand Coulee,66.6,66.6,0.0,1285.2,957.9,327.3,1663.2
2023-12-17,15,2023-12-17T14:00,gcl,Grand Coulee,74.7,74.7,0.0,1285.1,958.3,326.8,1862.6
2023-12-17,16,2023-12-17T15:00,gcl,Grand Coulee,92.7,92.7,0.0,1285.1,959.6,325.5,2302.3
2023-12-17,17,2023-12-17T16:00,gcl,Grand Coulee,125.4,125.4,0.0,1285.1,962.5,322.6,3086.6
2023-12-17,18,2023-12-17T17:00,gcl,Grand Coulee,132.7,132.7,0.0,1285.0,963.7,321.3,3253.2
2023-12-17,19,2023-12-17T18:00,gcl,Grand Coulee,125.6,125.6,0.0,1285.1,963.3,321.8,3083.9
2023-12-17,20,2023-12-17T19:00,gcl,Grand Coulee,105.4,105.4,0.0,1285.1,961.7,323.4,2600.8
2023-12-17,21,2023-12-17T20:00,gcl,Grand Coulee,102.3,102.3,0.0,1285.0,961.0,324.0,2529.0
2023-12-17,22,2023-12-17T21:00,gcl,Grand Coulee,95.5,95.5,0.0,1285.0,960.4,324.6,2365.2
2023-12-17,23,2023-12-17T22:00,gcl,Grand Coulee,83.3,83.3,0.0,1285.0,959.4,325.6,2069.4
2023-12-17,24,2023-12-17T23:00,gcl,Grand Coulee,75.0,75.0,0.0,1284.9,958.5,326.4,1867.8
2023-12-18,1,2023-12-18T00:00,gcl,Grand Coulee,65.4,65.4,0.0,1284.9,957.6,327.3,1633.2
2023-12-18,2,2023-12-18T01:00,gcl,Grand Coulee,63.1,63.1,0.0,1285.0,957.2,327.8,1578.2
2023-12-18,3,2023-12-18T02:00,gcl,Grand Coulee,63.2,63.2,0.0,1285.0,957.2,327.8,1580.7
2023-12-18,4,2023-12-18T03:00,gcl,Grand Coulee,71.5,71.5,0.0,1285.0,957.8,327.2,1785.0
2023-12-18,5,2023-12-18T04:00,gcl,Grand Coulee,70.8,70.8,0.0,1285.0,957.8,327.2,1767.5
2023-12-18,6,2023-12-18T05:00,gcl,Grand Coulee,89.5,89.5,0.0,1284.9,959.0,325.9,2225.5
2023-12-18,7,2023-12-18T06:00,gcl,Grand Coulee,93.9,93.9,0.0,1284.9,959.7,325.2,2329.9
2023-12-18,8,2023-12-18T07:00,gcl,Grand Coulee,110.0,110.0,0.0,1284.8,961.0,323.8,2717.7
2023-12-18,9,2023-12-18T08:00,gcl,Grand Coulee,96.2,96.2,0.0,1284.9,960.4,324.5,2381.8
2023-12-18,10,2023-12-18T09:00,gcl,Grand Coulee,90.1,90.1,0.0,1284.9,959.6,325.3,2236.3
2023-12-18,11,2023-12-18T10:00,gcl,Grand Coulee,90.6,90.6,0.0,1284.9,959.4,325.5,2250.1
2023-12-18,12,2023-12-18T11:00,gcl,Grand Coulee,88.8,88.8,0.0,1284.9,959.4,325.5,2205.4
2023-12-18,13,2023-12-18T12:00,gcl,Grand Coulee,82.7,82.7,0.0,1284.8,959.0,325.8,2055.8
2023-12-18,14,2023-12-18T13:00,gcl,Grand Coulee,78.6,78.6,0.0,1284.8,958.7,326.1,1955.7
2023-12-18,15,2023-12-18T14:00,gcl,Grand Coulee,71.3,71.3,0.0,1284.9,958.1,326.8,1777.9
2023-12-18,16,2023-12-18T15:00,gcl,Grand Coulee,72.2,72.2,0.0,1284.9,958.2,326.7,1799.7
2023-12-18,17,2023-12-18T16:00,gcl,Grand Coulee,103.6,103.6,0.0,1284.9,960.4,324.5,2565.1
2023-12-18,18,2023-12-18T17:00,gcl,Grand Coulee,109.6,109.6,0.0,1284.8,961.5,323.3,2703.6
2023-12-18,19,2023-12-18T18:00,gcl,Grand Coulee,95.2,95.2,0.0,1284.8,960.6,324.2,2354.9
2023-12-18,20,2023-12-18T19:00,gcl,Grand Coulee,83.8,83.8,0.0,1284.8,959.3,325.5,2081.2
2023-12-18,21,2023-12-18T20:00,gcl,Grand Coulee,77.0,77.0,0.0,1284.8,958.6,326.2,1916.5
2023-12-18,22,2023-12-18T21:00,gcl,Grand Coulee,66.6,66.6,0.0,1284.9,957.7,327.2,1662.7
2023-12-18,23,2023-12-18T22:00,gcl,Grand Coulee,62.7,62.7,0.0,1285.0,957.1,327.9,1568.7
2023-12-18,24,2023-12-18T23:00,gcl,Grand Coulee,54.4,54.4,0.0,1284.9,956.5,328.4,1363.1
2023-12-19,1,2023-12-19T00:00,gcl,Grand Coulee,51.6,51.6,0.0,1284.9,956.1,328.8,1294.5
2023-12-19,2,2023-12-19T01:00,gcl,Grand Coulee,51.6,51.6,0.0,1284.9,956.1,328.8,1294.5
2023-12-19,3,2023-12-19T02:00,gcl,Grand Coulee,50.9,50.9,0.0,1285.0,956.1,328.9,1277.3
2023-12-19,4,2023-12-19T03:00,gcl,Grand Coulee,56.3,56.3,0.0,1285.0,956.4,328.6,1411.6
2023-12-19,5,2023-12-19T04:00,gcl,Grand Coulee,63.2,63.2,0.0,1285.0,956.9,328.1,1582.2
2023-12-19,6,2023-12-19T05:00,gcl,Grand Coulee,73.1,73.1,0.0,1285.0,957.7,327.3,1825.5
2023-12-19,7,2023-12-19T06:00,gcl,Grand Coulee,83.6,83.6,0.0,1284.9,958.6,326.3,2081.4
2023-12-19,8,2023-12-19T07:00,gcl,Grand Coulee,95.2,95.2,0.0,1284.9,959.6,325.3,2362.9
2023-12-19,9,2023-12-19T08:00,gcl,Grand Coulee,101.4,101.4,0.0,1284.9,960.3,324.6,2511.4
2023-12-19,10,2023-12-19T09:00,gcl,Grand Coulee,91.2,91.2,0.0,1285.0,959.7,325.3,2263.6
2023-12-19,11,2023-12-19T10:00,gcl,Grand Coulee,82.3,82.3,0.0,1285.0,959.0,326.0,2047.1
2023-12-19,12,2023-12-19T11:00,gcl,Grand Coulee,79.8,79.8,0.0,1285.0,958.7,326.3,1986.8
2023-12-19,13,2023-12-19T12:00,gcl,Grand Coulee,75.9,75.9,0.0,1285.0,958.4,326.6,1891.4
2023-12-19,14,2023-12-19T13:00,gcl,Grand Coulee,76.4,76.4,0.0,1285.0,958.4,326.6,1903.9
2023-12-19,15,2023-12-19T14:00,gcl,Grand Coulee,77.7,77.7,0.0,1284.9,958.4,326.5,1935.7
2023-12-19,16,2023-12-19T15:00,gcl,Grand Coulee,92.9,92.9,0.0,1284.9,959.5,325.4,2306.5
2023-12-19,17,2023-12-19T16:00,gcl,Grand Coulee,101.4,101.4,0.0,1284.9,960.5,324.4,2509.8
2023-12-19,18,2023-12-19T17:00,gcl,Grand Coulee,110.6,110.6,0.0,1284.9,961.3,323.6,2730.8
2023-12-19,19,2023-12-19T18:00,gcl,Grand Coulee,106.7,106.7,0.0,1284.9,961.3,323.6,2634.5
2023-12-19,20,2023-12-19T19:00,gcl,Grand Coulee,94.2,94.2,0.0,1284.9,960.4,324.5,2332.3
2023-12-19,21,2023-12-19T20:00,gcl,Grand Coulee,83.9,83.9,0.0,1284.9,959.4,325.5,2083.7
2023-12-19,22,2023-12-19T21:00,gcl,Grand Coulee,73.9,73.9,0.0,1284.9,958.6,326.3,1839.9
2023-12-19,23,2023-12-19T22:00,gcl,Grand Coulee,58.5,58.5,0.0,1284.9,957.3,327.6,1462.3
2023-12-19,24,2023-12-19T23:00,gcl,Grand Coulee,52.4,52.4,0.0,1284.9,956.6,328.3,1312.6
2023-12-20,1,2023-12-20T00:00,gcl,Grand Coulee,53.1,53.1,0.0,1284.9,956.6,328.3,1330.1
2023-12-20,2,2023-12-20T01:00,gcl,Grand Coulee,49.5,49.5,0.0,1285.0,956.6,328.4,1240.3
2023-12-20,3,2023-12-20T02:00,gcl,Grand Coulee,49.9,49.9,0.0,1285.0,956.5,328.5,1250.7
2023-12-20,4,2023-12-20T03:00,gcl,Grand Coulee,53.2,53.2,0.0,1285.0,956.7,328.3,1332.6
2023-12-20,5,2023-12-20T04:00,gcl,Grand Coulee,68.9,68.9,0.0,1285.0,957.8,327.2,1720.1
2023-12-20,6,2023-12-20T05:00,gcl,Grand Coulee,82.7,82.7,0.0,1284.9,959.0,325.9,2056.4
2023-12-20,7,2023-12-20T06:00,gcl,Grand Coulee,99.0,99.0,0.0,1284.9,960.3,324.6,2451.9
2023-12-20,8,2023-12-20T07:00,gcl,Grand Coulee,108.6,108.6,0.0,1284.9,961.4,323.5,2680.6
2023-12-20,9,2023-12-20T08:00,gcl,Grand Coulee,111.7,111.7,0.0,1284.9,962.0,322.9,2752.0
2023-12-20,10,2023-12-20T09:00,gcl,Grand Coulee,102.9,102.9,0.0,1284.9,961.6,323.3,2538.3
2023-12-20,11,2023-12-20T10:00,gcl,Grand Coulee,84.1,84.1,0.0,1284.9,960.2,324.7,2083.5
2023-12-20,12,2023-12-20T11:00,gcl,Grand Coulee,78.8,78.8,0.0,1284.9,959.7,325.2,1955.2
2023-12-20,13,2023-12-20T12:00,gcl,Grand Coulee,62.5,62.5,0.0,1284.9,958.2,326.7,1558.0
2023-12-20,14,2023-12-20T13:00,gcl,Grand Coulee,65.6,65.6,0.0,1284.9,958.3,326.6,1634.7
2023-12-20,15,2023-12-20T14:00,gcl,Grand Coulee,64.8,64.8,0.0,1284.8,958.2,326.6,1614.8
2023-12-20,16,2023-12-20T15:00,gcl,Grand Coulee,88.4,88.4,0.0,1284.8,959.8,325.0,2192.1
2023-12-20,17,2023-12-20T16:00,gcl,Grand Coulee,93.6,93.6,0.0,1284.9,960.4,324.5,2317.5
2023-12-20,18,2023-12-20T17:00,gcl,Grand Coulee,98.6,98.6,0.0,1284.9,960.7,324.2,2439.0
2023-12-20,19,2023-12-20T18:00,gcl,Grand Coulee,94.3,94.3,0.0,1284.9,960.5,324.4,2334.1
2023-12-20,20,2023-12-20T19:00,gcl,Grand Coulee,85.7,85.7,0.0,1285.0,959.7,325.3,2127.1
2023-12-20,21,2023-12-20T20:00,gcl,Grand Coulee,79.5,79.5,0.0,1285.0,959.1,325.9,1976.9
2023-12-20,22,2023-12-20T21:00,gcl,Grand Coulee,57.4,57.4,0.0,1284.9,957.5,327.4,1433.9
2023-12-20,23,2023-12-20T22:00,gcl,Grand Coulee,53.9,53.9,0.0,1284.9,956.9,328.0,1348.9
2023-12-20,24,2023-12-20T23:00,gcl,Grand Coulee,42.8,42.8,0.0,1285.0,955.8,329.2,1075.0
2023-12-21,1,2023-12-21T00:00,gcl,Grand Coulee,38.5,38.5,0.0,1285.1,955.5,329.6,968.2
2023-12-21,2,2023-12-21T01:00,gcl,Grand Coulee,37.0,37.0,0.0,1285.1,955.3,329.8,931.1
2023-12-21,3,2023-12-21T02:00,gcl,Grand Coulee,36.7,36.7,0.0,1285.1,955.5,329.6,922.9
2023-12-21,4,2023-12-21T03:00,gcl,Grand Coulee,38.3,38.3,0.0,1285.2,955.5,329.7,963.5
2023-12-21,5,2023-12-21T04:00,gcl,Grand Coulee,47.6,47.6,0.0,1285.2,956.1,329.1,1195.3
2023-12-21,6,2023-12-21T05:00,gcl,Grand Coulee,75.7,75.7,0.0,1285.1,958.2,326.9,1888.1
2023-12-21,7,2023-12-21T06:00,gcl,Grand Coulee,96.4,96.4,0.0,1285.0,960.0,325.0,2390.5
2023-12-21,8,2023-12-21T07:00,gcl,Grand Coulee,101.7,101.7,0.0,1285.1,960.8,324.3,2516.5
2023-12-21,9,2023-12-21T08:00,gcl,Grand Coulee,101.5,101.5,0.0,1285.1,960.8,324.3,2511.5
2023-12-21,10,2023-12-21T09:00,gcl,Grand Coulee,91.5,91.5,0.0,1285.2,960.0,325.2,2270.4
2023-12-21,11,2023-12-21T10:00,gcl,Grand Coulee,71.1,71.1,0.0,1285.2,958.2,327.0,1774.0
2023-12-21,12,2023-12-21T11:00,gcl,Grand Coulee,68.4,68.4,0.0,1285.2,957.7,327.5,1709.2
2023-12-21,13,2023-12-21T12:00,gcl,Grand Coulee,55.1,55.1,0.0,1285.2,957.0,328.2,1379.8
2023-12-21,14,2023-12-21T13:00,gcl,Grand Coulee,52.5,52.5,0.0,1285.2,956.8,328.4,1315.5
2023-12-21,15,2023-12-21T14:00,gcl,Grand Coulee,56.0,56.0,0.0,1285.2,956.8,328.4,1403.2
2023-12-21,16,2023-12-21T15:00,gcl,Grand Coulee,74.6,74.6,0.0,1285.2,958.1,327.1,1861.8
2023-12-21,17,2023-12-21T16:00,gcl,Grand Coulee,92.7,92.7,0.0,1285.2,959.7,325.5,2302.3
2023-12-21,18,2023-12-21T17:00,gcl,Grand Coulee,104.1,104.1,0.0,1285.3,960.7,324.6,2578.2
2023-12-21,19,2023-12-21T18:00,gcl,Grand Coulee,100.1,100.1,0.0,1285.3,960.6,324.7,2479.9
2023-12-21,20,2023-12-21T19:00,gcl,Grand Coulee,93.5,93.5,0.0,1285.3,960.0,325.3,2320.7
2023-12-21,21,2023-12-21T20:00,gcl,Grand Coulee,86.7,86.7,0.0,1285.3,959.4,325.9,2155.9
2023-12-21,22,2023-12-21T21:00,gcl,Grand Coulee,68.3,68.3,0.0,1285.4,958.1,327.3,1705.7
2023-12-21,23,2023-12-21T22:00,gcl,Grand Coulee,52.2,52.2,0.0,1285.4,956.8,328.6,1308.8
2023-12-21,24,2023-12-21T23:00,gcl,Grand Coulee,47.7,47.7,0.0,1285.4,956.3,329.1,1197.8
2023-12-22,1,2023-12-22T00:00,gcl,Grand Coulee,49.9,49.9,0.0,1285.4,956.6,328.8,1251.9
2023-12-22,2,2023-12-22T01:00,gcl,Grand Coulee,50.0,50.0,0.0,1285.5,956.5,329.0,1255.1
2023-12-22,3,2023-12-22T02:00,gcl,Grand Coulee,51.0,51.0,0.0,1285.5,956.4,329.1,1280.6
2023-12-22,4,2023-12-22T03:00,gcl,Grand Coulee,54.3,54.3,0.0,1285.4,956.5,328.9,1362.7
2023-12-22,5,2023-12-22T04:00,gcl,Grand Coulee,56.1,56.1,0.0,1285.4,956.7,328.7,1407.0
2023-12-22,6,2023-12-22T05:00,gcl,Grand Coulee,73.8,73.8,0.0,1285.4,957.8,327.6,1844.7
2023-12-22,7,2023-12-22T06:00,gcl,Grand Coulee,88.3,88.3,0.0,1285.4,959.0,326.4,2199.1
2023-12-22,8,2023-12-22T07:00,gcl,Grand Coulee,96.7,96.7,0.0,1285.4,959.9,325.5,2401.6
2023-12-22,9,2023-12-22T08:00,gcl,Grand Coulee,102.5,102.5,0.0,1285.4,960.4,325.0,2541.7
2023-12-22,10,2023-12-22T09:00,gcl,Grand Coulee,102.5,102.5,0.0,1285.4,960.6,324.8,2540.2
2023-12-22,11,2023-12-22T10:00,gcl,Grand Coulee,82.9,82.9,0.0,1285.4,959.4,326.0,2062.0
2023-12-22,12,2023-12-22T11:00,gcl,Grand Coulee,81.4,81.4,0.0,1285.4,959.0,326.4,2027.2
2023-12-22,13,2023-12-22T12:00,gcl,Grand Coulee,78.5,78.5,0.0,1285.4,959.0,326.4,1955.0
2023-12-22,14,2023-12-22T13:00,gcl,Grand Coulee,77.5,77.5,0.0,1285.4,958.9,326.5,1930.7
2023-12-22,15,2023-12-22T14:00,gcl,Grand Coulee,61.2,61.2,0.0,1285.4,957.7,327.7,1530.2
2023-12-22,16,2023-12-22T15:00,gcl,Grand Coulee,56.9,56.9,0.0,1285.4,957.1,328.3,1425.3
2023-12-22,17,2023-12-22T16:00,gcl,Grand Coulee,75.8,75.8,0.0,1285.3,958.6,326.7,1889.5
2023-12-22,18,2023-12-22T17:00,gcl,Grand Coulee,81.1,81.1,0.0,1285.4,959.0,326.4,2019.7
2023-12-22,19,2023-12-22T18:00,gcl,Grand Coulee,81.6,81.6,0.0,1285.4,958.8,326.6,2033.4
2023-12-22,20,2023-12-22T19:00,gcl,Grand Coulee,75.1,75.1,0.0,1285.4,958.3,327.1,1874.3
2023-12-22,21,2023-12-22T20:00,gcl,Grand Coulee,72.5,72.5,0.0,1285.5,958.1,327.4,1811.1
2023-12-22,22,2023-12-22T21:00,gcl,Grand Coulee,70.2,70.2,0.0,1285.5,957.8,327.7,1755.2
2023-12-22,23,2023-12-22T22:00,gcl,Grand Coulee,53.8,53.8,0.0,1285.6,956.7,328.9,1350.1
2023-12-22,24,2023-12-22T23:00,gcl,Grand Coulee,56.1,56.1,0.0,1285.6,956.5,329.1,1408.7
2023-12-23,1,2023-12-23T00:00,gcl,Grand Coulee,65.3,65.3,0.0,1285.5,957.3,328.2,1635.2
2023-12-23,2,2023-12-23T01:00,gcl,Grand Coulee,68.6,68.6,0.0,1285.6,957.6,328.0,1716.8
2023-12-23,3,2023-12-23T02:00,gcl,Grand Coulee,71.4,71.4,0.0,1285.6,957.6,328.0,1786.9
2023-12-23,4,2023-12-23T03:00,gcl,Grand Coulee,74.8,74.8,0.0,1285.6,957.9,327.7,1870.3
2023-12-23,5,2023-12-23T04:00,gcl,Grand Coulee,76.8,76.8,0.0,1285.6,958.2,327.4,1918.5
2023-12-23,6,2023-12-23T05:00,gcl,Grand Coulee,77.7,77.7,0.0,1285.6,958.2,327.4,1941.0
2023-12-23,7,2023-12-23T06:00,gcl,Grand Coulee,73.4,73.4,0.0,1285.6,957.9,327.7,1835.3
2023-12-23,8,2023-12-23T07:00,gcl,Grand Coulee,82.3,82.3,0.0,1285.5,958.3,327.2,2054.6
2023-12-23,9,2023-12-23T08:00,gcl,Grand Coulee,79.4,79.4,0.0,1285.5,958.7,326.8,1979.8
2023-12-23,10,2023-12-23T09:00,gcl,Grand Coulee,83.2,83.2,0.0,1285.6,958.8,326.8,2074.6
2023-12-23,11,2023-12-23T10:00,gcl,Grand Coulee,84.9,84.9,0.0,1285.6,959.1,326.5,2115.0
2023-12-23,12,2023-12-23T11:00,gcl,Grand Coulee,93.6,93.6,0.0,1285.5,959.7,325.8,2326.8
2023-12-23,13,2023-12-23T12:00,gcl,Grand Coulee,89.5,89.5,0.0,1285.6,959.7,325.9,2225.5
2023-12-23,14,2023-12-23T13:00,gcl,Grand Coulee,80.6,80.6,0.0,1285.6,959.0,326.6,2008.5
2023-12-23,15,2023-12-23T14:00,gcl,Grand Coulee,77.0,77.0,0.0,1285.5,958.5,327.0,1921.2
2023-12-23,16,2023-12-23T15:00,gcl,Grand Coulee,89.0,89.0,0.0,1285.5,959.2,326.3,2215.8
2023-12-23,17,2023-12-23T16:00,gcl,Grand Coulee,120.9,120.9,0.0,1285.4,961.7,323.7,2986.0
2023-12-23,18,2023-12-23T17:00,gcl,Grand Coulee,132.1,132.1,0.0,1285.4,963.4,322.0,3245.5
2023-12-23,19,2023-12-23T18:00,gcl,Grand Coulee,132.0,132.0,0.0,1285.4,963.5,321.9,3242.0
2023-12-23,20,2023-12-23T19:00,gcl,Grand Coulee,129.4,129.4,0.0,1285.4,963.3,322.1,3180.2
2023-12-23,21,2023-12-23T20:00,gcl,Grand Coulee,123.0,123.0,0.0,1285.4,962.9,322.5,3026.6
2023-12-23,22,2023-12-23T21:00,gcl,Grand Coulee,121.0,121.0,0.0,1285.4,962.5,322.9,2981.1
2023-12-23,23,2023-12-23T22:00,gcl,Grand Coulee,118.2,118.2,0.0,1285.3,962.4,322.9,2912.1
2023-12-23,24,2023-12-23T23:00,gcl,Grand Coulee,106.5,106.5,0.0,1285.2,961.7,323.5,2628.7
2023-12-24,1,2023-12-24T00:00,gcl,Grand Coulee,98.9,98.9,0.0,1285.2,961.0,324.2,2446.4
2023-12-24,2,2023-12-24T01:00,gcl,Grand Coulee,95.1,95.1,0.0,1285.2,960.6,324.6,2355.3
2023-12-24,3,2023-12-24T02:00,gcl,Grand Coulee,102.6,102.6,0.0,1285.2,960.5,324.7,2541.9
2023-12-24,4,2023-12-24T03:00,gcl,Grand Coulee,96.7,96.7,0.0,1285.2,960.6,324.6,2395.0
2023-12-24,5,2023-12-24T04:00,gcl,Grand Coulee,97.7,97.7,0.0,1285.1,960.7,324.4,2418.2
2023-12-24,6,2023-12-24T05:00,gcl,Grand Coulee,96.1,96.1,0.0,1285.1,960.7,324.4,2378.6
2023-12-24,7,2023-12-24T06:00,gcl,Grand Coulee,103.0,103.0,0.0,1285.0,961.0,324.0,2546.3
2023-12-24,8,2023-12-24T07:00,gcl,Grand Coulee,112.9,112.9,0.0,1284.9,961.8,323.1,2783.3
2023-12-24,9,2023-12-24T08:00,gcl,Grand Coulee,113.1,113.1,0.0,1284.9,962.0,322.9,2786.5
2023-12-24,10,2023-12-24T09:00,gcl,Grand Coulee,113.1,113.1,0.0,1284.9,962.0,322.9,2786.5
2023-12-24,11,2023-12-24T10:00,gcl,Grand Coulee,108.7,108.7,0.0,1284.9,961.7,323.2,2680.6
2023-12-24,12,2023-12-24T11:00,gcl,Grand Coulee,120.6,120.6,0.0,1284.8,962.4,322.4,2966.7
2023-12-24,13,2023-12-24T12:00,gcl,Grand Coulee,118.1,118.1,0.0,1284.8,962.6,322.2,2903.4
2023-12-24,14,2023-12-24T13:00,gcl,Grand Coulee,111.3,111.3,0.0,1284.8,962.0,322.8,2741.3
2023-12-24,15,2023-12-24T14:00,gcl,Grand Coulee,107.6,107.6,0.0,1284.7,961.6,323.1,2652.6
2023-12-24,16,2023-12-24T15:00,gcl,Grand Coulee,110.3,110.3,0.0,1284.6,962.9,321.7,2707.4
2023-12-24,17,2023-12-24T16:00,gcl,Grand Coulee,127.1,127.1,0.0,1284.6,963.1,321.5,3117.8
2023-12-24,18,2023-12-24T17:00,gcl,Grand Coulee,130.1,130.1,0.0,1284.5,963.8,320.7,3183.5
2023-12-24,19,2023-12-24T18:00,gcl,Grand Coulee,124.7,127.7,0.0,1284.4,963.5,320.9,3126.7
2023-12-24,20,2023-12-24T19:00,gcl,Grand Coulee,105.6,105.6,0.0,1284.5,961.9,322.6,2599.3
2023-12-24,21,2023-12-24T20:00,gcl,Grand Coulee,97.1,97.1,0.0,1284.5,960.9,323.6,2397.5
2023-12-24,22,2023-12-24T21:00,gcl,Grand Coulee,96.6,96.6,0.0,1284.5,960.5,324.0,2388.1
2023-12-24,23,2023-12-24T22:00,gcl,Grand Coulee,98.4,98.4,0.0,1284.5,960.6,323.9,2431.8
2023-12-24,24,2023-12-24T23:00,gcl,Grand Coulee,101.1,101.1,0.0,1284.4,960.7,323.7,2497.0
2023-12-25,1,2023-12-25T00:00,gcl,Grand Coulee,96.8,96.8,0.0,1284.4,960.3,324.1,2393.8
2023-12-25,2,2023-12-25T01:00,gcl,Grand Coulee,98.5,98.5,0.0,1284.4,960.3,324.1,2435.8
2023-12-25,3,2023-12-25T02:00,gcl,Grand Coulee,96.1,96.1,0.0,1284.4,960.3,324.1,2376.4
2023-12-25,4,2023-12-25T03:00,gcl,Grand Coulee,97.2,97.2,0.0,1284.4,960.3,324.1,2403.6
2023-12-25,5,2023-12-25T04:00,gcl,Grand Coulee,104.1,104.1,0.0,1284.3,960.8,323.5,2569.5
2023-12-25,6,2023-12-25T05:00,gcl,Grand Coulee,105.3,105.3,0.0,1284.2,961.1,323.1,2595.9
2023-12-25,7,2023-12-25T06:00,gcl,Grand Coulee,91.3,91.3,0.0,1284.2,960.3,323.9,2256.3
2023-12-25,8,2023-12-25T07:00,gcl,Grand Coulee,97.0,97.0,0.0,1284.1,960.3,323.8,2396.5
2023-12-25,9,2023-12-25T08:00,gcl,Grand Coulee,96.1,96.1,0.0,1284.1,960.7,323.4,2371.3
2023-12-25,10,2023-12-25T09:00,gcl,Grand Coulee,93.8,93.8,0.0,1284.1,960.4,323.7,2316.7
2023-12-25,11,2023-12-25T10:00,gcl,Grand Coulee,76.3,76.3,0.0,1284.1,959.0,325.1,1892.6
2023-12-25,12,2023-12-25T11:00,gcl,Grand Coulee,72.4,72.4,0.0,1284.1,958.3,325.8,1799.8
2023-12-25,13,2023-12-25T12:00,gcl,Grand Coulee,74.1,74.1,0.0,1284.1,958.3,325.8,1842.0
2023-12-25,14,2023-12-25T13:00,gcl,Grand Coulee,72.2,72.2,0.0,1284.1,958.3,325.8,1794.8
2023-12-25,15,2023-12-25T14:00,gcl,Grand Coulee,70.0,70.0,0.0,1284.1,958.0,326.1,1741.7
2023-12-25,16,2023-12-25T15:00,gcl,Grand Coulee,75.6,75.6,0.0,1284.1,958.4,325.7,1878.7
2023-12-25,17,2023-12-25T16:00,gcl,Grand Coulee,82.0,82.0,0.0,1284.1,958.9,325.2,2034.6
2023-12-25,18,2023-12-25T17:00,gcl,Grand Coulee,97.7,97.7,0.0,1284.1,960.2,323.9,2414.5
2023-12-25,19,2023-12-25T18:00,gcl,Grand Coulee,95.5,95.5,0.0,1284.1,960.3,323.8,2359.4
2023-12-25,20,2023-12-25T19:00,gcl,Grand Coulee,95.0,95.0,0.0,1284.1,960.1,324.0,2348.5
2023-12-25,21,2023-12-25T20:00,gcl,Grand Coulee,92.9,92.9,0.0,1284.1,960.0,324.1,2297.3
2023-12-25,22,2023-12-25T21:00,gcl,Grand Coulee,86.8,86.8,0.0,1284.1,959.6,324.5,2149.1
2023-12-25,23,2023-12-25T22:00,gcl,Grand Coulee,92.1,92.1,0.0,1284.1,959.8,324.3,2278.9
2023-12-25,24,2023-12-25T23:00,gcl,Grand Coulee,88.8,88.8,0.0,1284.1,959.8,324.3,2197.3
2023-12-26,1,2023-12-26T00:00,gcl,Grand Coulee,92.9,92.9,0.0,1284.0,960.0,324.0,2296.6
2023-12-26,2,2023-12-26T01:00,gcl,Grand Coulee,87.1,87.1,0.0,1284.0,959.7,324.3,2155.2
2023-12-26,3,2023-12-26T02:00,gcl,Grand Coulee,86.7,86.7,0.0,1284.0,959.6,324.4,2146.0
2023-12-26,4,2023-12-26T03:00,gcl,Grand Coulee,87.6,87.6,0.0,1284.0,959.7,324.3,2167.6
2023-12-26,5,2023-12-26T04:00,gcl,Grand Coulee,87.9,87.9,0.0,1283.9,959.8,324.1,2173.7
2023-12-26,6,2023-12-26T05:00,gcl,Grand Coulee,88.6,88.6,0.0,1283.9,959.8,324.1,2191.0
2023-12-26,7,2023-12-26T06:00,gcl,Grand Coulee,90.6,90.6,0.0,1283.9,959.9,324.0,2239.7
2023-12-26,8,2023-12-26T07:00,gcl,Grand Coulee,96.2,96.2,0.0,1283.8,960.7,323.1,2371.6
2023-12-26,9,2023-12-26T08:00,gcl,Grand Coulee,96.2,96.2,0.0,1283.8,960.7,323.1,2371.6
2023-12-26,10,2023-12-26T09:00,gcl,Grand Coulee,93.1,93.1,0.0,1283.8,960.3,323.5,2298.0
2023-12-26,11,2023-12-26T10:00,gcl,Grand Coulee,90.7,90.7,0.0,1283.7,960.1,323.6,2239.4
2023-12-26,12,2023-12-26T11:00,gcl,Grand Coulee,90.7,90.7,0.0,1283.7,960.1,323.6,2239.4
2023-12-26,13,2023-12-26T12:00,gcl,Grand Coulee,82.7,82.7,0.0,1283.8,959.5,324.3,2046.3
2023-12-26,14,2023-12-26T13:00,gcl,Grand Coulee,77.3,77.3,0.0,1283.8,959.0,324.8,1915.7
2023-12-26,15,2023-12-26T14:00,gcl,Grand Coulee,78.7,78.7,0.0,1283.8,959.0,324.8,1950.4
2023-12-26,16,2023-12-26T15:00,gcl,Grand Coulee,86.4,86.4,0.0,1283.8,959.5,324.3,2137.9
2023-12-26,17,2023-12-26T16:00,gcl,Grand Coulee,108.4,108.4,0.0,1283.7,961.1,322.6,2668.2
2023-12-26,18,2023-12-26T17:00,gcl,Grand Coulee,125.0,125.0,0.0,1283.6,962.8,320.8,3059.6
2023-12-26,19,2023-12-26T18:00,gcl,Grand Coulee,123.4,123.4,0.0,1283.6,963.0,320.6,3018.6
2023-12-26,20,2023-12-26T19:00,gcl,Grand Coulee,120.6,120.6,0.0,1283.6,962.8,320.8,2951.9
2023-12-26,21,2023-12-26T20:00,gcl,Grand Coulee,116.2,116.2,0.0,1283.6,962.4,321.2,2847.8
2023-12-26,22,2023-12-26T21:00,gcl,Grand Coulee,103.3,103.3,0.0,1283.6,961.4,322.2,2539.5
2023-12-26,23,2023-12-26T22:00,gcl,Grand Coulee,95.9,95.9,0.0,1283.6,960.6,323.0,2363.4
2023-12-26,24,2023-12-26T23:00,gcl,Grand Coulee,83.9,83.9,0.0,1283.5,959.7,323.8,2072.8
2023-12-27,1,2023-12-27T00:00,gcl,Grand Coulee,72.0,72.0,0.0,1283.5,958.6,324.9,1784.9
2023-12-27,2,2023-12-27T01:00,gcl,Grand Coulee,66.4,66.4,0.0,1283.5,958.1,325.4,1648.6
2023-12-27,3,2023-12-27T02:00,gcl,Grand Coulee,66.8,66.8,0.0,1283.5,958.2,325.3,1658.0
2023-12-27,4,2023-12-27T03:00,gcl,Grand Coulee,69.1,69.1,0.0,1283.5,958.5,325.0,1713.5
2023-12-27,5,2023-12-27T04:00,gcl,Grand Coulee,71.0,71.0,0.0,1283.5,958.6,324.9,1760.1
2023-12-27,6,2023-12-27T05:00,gcl,Grand Coulee,81.3,81.3,0.0,1283.5,959.3,324.2,2011.1
2023-12-27,7,2023-12-27T06:00,gcl,Grand Coulee,96.8,96.8,0.0,1283.4,960.5,322.9,2384.9
2023-12-27,8,2023-12-27T07:00,gcl,Grand Coulee,105.2,105.2,0.0,1283.3,961.4,321.9,2583.8
2023-12-27,9,2023-12-27T08:00,gcl,Grand Coulee,98.6,98.6,0.0,1283.4,961.1,322.3,2424.7
2023-12-27,10,2023-12-27T09:00,gcl,Grand Coulee,90.5,90.5,0.0,1283.4,960.2,323.2,2231.7
2023-12-27,11,2023-12-27T10:00,gcl,Grand Coulee,92.9,92.9,0.0,1283.4,960.2,323.2,2290.9
2023-12-27,12,2023-12-27T11:00,gcl,Grand Coulee,105.3,105.3,0.0,1283.5,961.3,322.2,2588.7
2023-12-27,13,2023-12-27T12:00,gcl,Grand Coulee,99.0,99.0,0.0,1283.4,961.1,322.3,2434.6
2023-12-27,14,2023-12-27T13:00,gcl,Grand Coulee,94.6,94.6,0.0,1283.4,960.6,322.8,2330.0
2023-12-27,15,2023-12-27T14:00,gcl,Grand Coulee,96.5,96.5,0.0,1283.2,960.5,322.7,2376.0
2023-12-27,16,2023-12-27T15:00,gcl,Grand Coulee,93.9,93.9,0.0,1283.2,960.4,322.8,2312.7
2023-12-27,17,2023-12-27T16:00,gcl,Grand Coulee,113.2,113.2,0.0,1283.3,961.7,321.6,2777.7
2023-12-27,18,2023-12-27T17:00,gcl,Grand Coulee,127.1,127.1,0.0,1283.2,963.2,320.0,3103.3
2023-12-27,19,2023-12-27T18:00,gcl,Grand Coulee,122.9,122.9,0.0,1283.2,963.2,320.0,3000.7
2023-12-27,20,2023-12-27T19:00,gcl,Grand Coulee,121.1,121.1,0.0,1283.1,962.8,320.3,2959.5
2023-12-27,21,2023-12-27T20:00,gcl,Grand Coulee,116.3,116.3,0.0,1283.0,962.5,320.5,2844.0
2023-12-27,22,2023-12-27T21:00,gcl,Grand Coulee,98.7,98.7,0.0,1283.0,961.2,321.8,2423.4
2023-12-27,23,2023-12-27T22:00,gcl,Grand Coulee,85.1,85.1,0.0,1283.0,959.8,323.2,2098.6
2023-12-27,24,2023-12-27T23:00,gcl,Grand Coulee,75.0,75.0,0.0,1283.0,958.8,324.2,1855.2
2023-12-28,1,2023-12-28T00:00,gcl,Grand Coulee,66.5,66.5,0.0,1283.0,958.1,324.9,1648.5
2023-12-28,2,2023-12-28T01:00,gcl,Grand Coulee,63.3,63.3,0.0,1283.0,957.8,325.2,1570.6
2023-12-28,3,2023-12-28T02:00,gcl,Grand Coulee,64.8,64.8,0.0,1283.0,957.9,325.1,1607.4
2023-12-28,4,2023-12-28T03:00,gcl,Grand Coulee,69.9,69.9,0.0,1282.9,958.4,324.5,1730.7
2023-12-28,5,2023-12-28T04:00,gcl,Grand Coulee,82.2,82.2,0.0,1282.9,959.3,323.6,2029.6
2023-12-28,6,2023-12-28T05:00,gcl,Grand Coulee,91.5,91.5,0.0,1282.9,960.0,322.9,2254.3
2023-12-28,7,2023-12-28T06:00,gcl,Grand Coulee,104.4,104.4,0.0,1282.9,961.2,321.7,2562.6
2023-12-28,8,2023-12-28T07:00,gcl,Grand Coulee,94.5,94.5,0.0,1282.8,960.9,321.9,2321.0
2023-12-28,9,2023-12-28T08:00,gcl,Grand Coulee,91.8,91.8,0.0,1282.8,960.3,322.5,2258.9
2023-12-28,10,2023-12-28T09:00,gcl,Grand Coulee,80.8,80.8,0.0,1282.8,959.3,323.5,1994.4
2023-12-28,11,2023-12-28T10:00,gcl,Grand Coulee,78.3,78.3,0.0,1282.8,959.0,323.8,1934.5
2023-12-28,12,2023-12-28T11:00,gcl,Grand Coulee,83.1,83.1,0.0,1282.8,959.2,323.6,2051.8
2023-12-28,13,2023-12-28T12:00,gcl,Grand Coulee,82.5,82.5,0.0,1282.9,959.2,323.7,2037.6
2023-12-28,14,2023-12-28T13:00,gcl,Grand Coulee,79.5,79.5,0.0,1282.9,958.9,324.0,1965.3
2023-12-28,15,2023-12-28T14:00,gcl,Grand Coulee,71.5,71.5,0.0,1282.9,958.2,324.7,1771.4
2023-12-28,16,2023-12-28T15:00,gcl,Grand Coulee,79.6,79.6,0.0,1282.8,958.4,324.4,1970.2
2023-12-28,17,2023-12-28T16:00,gcl,Grand Coulee,105.1,105.1,0.0,1282.7,960.6,322.1,2583.0
2023-12-28,18,2023-12-28T17:00,gcl,Grand Coulee,105.9,105.9,0.0,1282.7,961.2,321.5,2597.8
2023-12-28,19,2023-12-28T18:00,gcl,Grand Coulee,94.4,94.4,0.0,1282.7,960.5,322.2,2320.7
2023-12-28,20,2023-12-28T19:00,gcl,Grand Coulee,94.1,94.1,0.0,1282.7,960.0,322.7,2316.9
2023-12-28,21,2023-12-28T20:00,gcl,Grand Coulee,73.4,73.4,0.0,1282.8,958.7,324.1,1815.1
2023-12-28,22,2023-12-28T21:00,gcl,Grand Coulee,62.5,62.5,0.0,1282.8,957.5,325.3,1551.3
2023-12-28,23,2023-12-28T22:00,gcl,Grand Coulee,48.8,48.8,0.0,1282.8,956.4,326.4,1215.3
2023-12-28,24,2023-12-28T23:00,gcl,Grand Coulee,41.8,41.8,0.0,1282.8,955.8,327.0,1042.9
2023-12-29,1,2023-12-29T00:00,gcl,Grand Coulee,43.5,43.5,0.0,1282.8,955.6,327.2,1086.0
2023-12-29,2,2023-12-29T01:00,gcl,Grand Coulee,38.3,38.3,0.0,1282.8,955.2,327.6,957.3
2023-12-29,3,2023-12-29T02:00,gcl,Grand Coulee,42.9,42.9,0.0,1282.8,955.6,327.2,1071.0
2023-12-29,4,2023-12-29T03:00,gcl,Grand Coulee,57.0,57.0,0.0,1282.8,956.6,326.2,1418.7
2023-12-29,5,2023-12-29T04:00,gcl,Grand Coulee,72.3,72.3,0.0,1282.9,958.0,324.9,1792.3
2023-12-29,6,2023-12-29T05:00,gcl,Grand Coulee,84.4,84.4,0.0,1282.8,959.1,323.7,2084.5
2023-12-29,7,2023-12-29T06:00,gcl,Grand Coulee,69.0,69.0,0.0,1282.8,958.2,324.6,1708.9
2023-12-29,8,2023-12-29T07:00,gcl,Grand Coulee,79.1,79.1,0.0,1282.8,958.8,324.0,1955.4
2023-12-29,9,2023-12-29T08:00,gcl,Grand Coulee,75.3,75.3,0.0,1282.8,958.7,324.1,1862.1
2023-12-29,10,2023-12-29T09:00,gcl,Grand Coulee,79.5,79.5,0.0,1282.7,958.9,323.8,1964.1
2023-12-29,11,2023-12-29T10:00,gcl,Grand Coulee,81.0,81.0,0.0,1282.7,959.0,323.7,2000.6
2023-12-29,12,2023-12-29T11:00,gcl,Grand Coulee,77.5,77.5,0.0,1282.7,958.9,323.8,1914.7
2023-12-29,13,2023-12-29T12:00,gcl,Grand Coulee,68.8,68.8,0.0,1282.8,958.1,324.7,1704.5
2023-12-29,14,2023-12-29T13:00,gcl,Grand Coulee,69.3,69.3,0.0,1282.8,957.9,324.9,1717.9
2023-12-29,15,2023-12-29T14:00,gcl,Grand Coulee,60.3,60.3,0.0,1282.8,957.5,325.3,1496.7
2023-12-29,16,2023-12-29T15:00,gcl,Grand Coulee,69.3,69.3,0.0,1282.8,957.9,324.9,1717.9
2023-12-29,17,2023-12-29T16:00,gcl,Grand Coulee,81.5,81.5,0.0,1282.7,959.0,323.7,2012.9
2023-12-29,18,2023-12-29T17:00,gcl,Grand Coulee,86.9,86.9,0.0,1282.7,959.7,323.0,2141.6
2023-12-29,19,2023-12-29T18:00,gcl,Grand Coulee,74.9,74.9,0.0,1282.8,958.9,323.9,1851.0
2023-12-29,20,2023-12-29T19:00,gcl,Grand Coulee,59.6,59.6,0.0,1282.8,957.5,325.3,1479.3
2023-12-29,21,2023-12-29T20:00,gcl,Grand Coulee,56.5,56.5,0.0,1282.9,957.2,325.7,1404.1
2023-12-29,22,2023-12-29T21:00,gcl,Grand Coulee,62.9,62.9,0.0,1282.8,957.7,325.1,1560.2
2023-12-29,23,2023-12-29T22:00,gcl,Grand Coulee,68.3,68.3,0.0,1282.8,958.1,324.7,1692.1
2023-12-29,24,2023-12-29T23:00,gcl,Grand Coulee,55.0,55.0,0.0,1282.8,957.1,325.7,1366.8
2023-12-30,1,2023-12-30T00:00,gcl,Grand Coulee,46.3,46.3,0.0,1282.8,956.3,326.5,1153.4
2023-12-30,2,2023-12-30T01:00,gcl,Grand Coulee,38.9,38.9,0.0,1282.9,955.9,327.0,970.6
2023-12-30,3,2023-12-30T02:00,gcl,Grand Coulee,35.7,35.7,0.0,1283.0,955.8,327.2,891.3
2023-12-30,4,2023-12-30T03:00,gcl,Grand Coulee,31.5,31.5,0.0,1283.0,955.7,327.3,786.6
2023-12-30,5,2023-12-30T04:00,gcl,Grand Coulee,39.0,39.0,0.0,1282.9,956.2,326.7,972.2
2023-12-30,6,2023-12-30T05:00,gcl,Grand Coulee,42.6,42.6,0.0,1282.9,956.4,326.5,1061.2
2023-12-30,7,2023-12-30T06:00,gcl,Grand Coulee,45.4,45.4,0.0,1282.9,956.7,326.2,1130.0
2023-12-30,8,2023-12-30T07:00,gcl,Grand Coulee,49.7,49.7,0.0,1282.9,956.9,326.0,1236.2
2023-12-30,9,2023-12-30T08:00,gcl,Grand Coulee,50.4,50.4,0.0,1283.0,956.9,326.1,1254.0
2023-12-30,10,2023-12-30T09:00,gcl,Grand Coulee,58.5,58.5,0.0,1283.0,957.4,325.6,1453.3
2023-12-30,11,2023-12-30T10:00,gcl,Grand Coulee,60.2,60.2,0.0,1283.0,957.4,325.6,1495.6
2023-12-30,12,2023-12-30T11:00,gcl,Grand Coulee,69.0,69.0,0.0,1283.0,957.8,325.2,1712.1
2023-12-30,13,2023-12-30T12:00,gcl,Grand Coulee,65.2,65.2,0.0,1283.0,957.6,325.4,1618.8
2023-12-30,14,2023-12-30T13:00,gcl,Grand Coulee,67.3,67.3,0.0,1283.0,957.6,325.4,1670.9
2023-12-30,15,2023-12-30T14:00,gcl,Grand Coulee,69.2,69.2,0.0,1283.0,957.6,325.4,1718.1
2023-12-30,16,2023-12-30T15:00,gcl,Grand Coulee,77.4,77.4,0.0,1283.0,958.1,324.9,1918.7
2023-12-30,17,2023-12-30T16:00,gcl,Grand Coulee,98.4,98.4,0.0,1283.0,959.9,323.1,2425.8
2023-12-30,18,2023-12-30T17:00,gcl,Grand Coulee,106.9,106.9,0.0,1282.9,960.9,322.0,2626.4
2023-12-30,19,2023-12-30T18:00,gcl,Grand Coulee,100.8,100.8,0.0,1282.9,960.7,322.2,2478.1
2023-12-30,20,2023-12-30T19:00,gcl,Grand Coulee,96.3,96.3,0.0,1282.8,960.2,322.6,2370.4
2023-12-30,21,2023-12-30T20:00,gcl,Grand Coulee,83.3,83.3,0.0,1282.9,959.2,323.7,2057.4
2023-12-30,22,2023-12-30T21:00,gcl,Grand Coulee,73.9,73.9,0.0,1282.9,958.5,324.4,1829.2
2023-12-30,23,2023-12-30T22:00,gcl,Grand Coulee,68.2,68.2,0.0,1282.9,957.9,325.0,1691.2
2023-12-30,24,2023-12-30T23:00,gcl,Grand Coulee,59.1,59.1,0.0,1282.9,957.3,325.6,1468.2
2023-12-31,1,2023-12-31T00:00,gcl,Grand Coulee,52.2,52.2,0.0,1282.9,956.7,326.2,1299.2
2023-12-31,2,2023-12-31T01:00,gcl,Grand Coulee,50.1,50.1,0.0,1282.9,956.6,326.3,1247.3
2023-12-31,3,2023-12-31T02:00,gcl,Grand Coulee,48.1,48.1,0.0,1282.9,956.6,326.3,1197.5
2023-12-31,4,2023-12-31T03:00,gcl,Grand Coulee,50.2,50.2,0.0,1282.9,956.7,326.2,1249.4
2023-12-31,5,2023-12-31T04:00,gcl,Grand Coulee,49.4,49.4,0.0,1282.9,956.7,326.2,1229.5
2023-12-31,6,2023-12-31T05:00,gcl,Grand Coulee,57.6,57.6,0.0,1282.9,957.2,325.7,1431.4
2023-12-31,7,2023-12-31T06:00,gcl,Grand Coulee,72.9,72.9,0.0,1282.9,958.3,324.6,1805.5
2023-12-31,8,2023-12-31T07:00,gcl,Grand Coulee,74.9,74.9,0.0,1282.8,958.8,324.0,1851.6
2023-12-31,9,2023-12-31T08:00,gcl,Grand Coulee,75.2,75.2,0.0,1282.8,958.7,324.1,1859.6
2023-12-31,10,2023-12-31T09:00,gcl,Grand Coulee,75.2,75.2,0.0,1282.8,958.8,324.0,1859.0
2023-12-31,11,2023-12-31T10:00,gcl,Grand Coulee,67.8,67.8,0.0,1282.8,958.4,324.4,1678.2
2023-12-31,12,2023-12-31T11:00,gcl,Grand Coulee,78.6,78.6,0.0,1282.8,959.0,323.8,1941.9
2023-12-31,13,2023-12-31T12:00,gcl,Grand Coulee,74.0,74.0,0.0,1282.8,958.9,323.9,1828.8
2023-12-31,14,2023-12-31T13:00,gcl,Grand Coulee,71.3,71.3,0.0,1282.8,958.5,324.3,1764.3
2023-12-31,15,2023-12-31T14:00,gcl,Grand Coulee,69.3,69.3,0.0,1282.8,958.2,324.6,1716.4
2023-12-31,16,2023-12-31T15:00,gcl,Grand Coulee,82.3,82.3,0.0,1282.8,959.0,323.8,2033.3
2023-12-31,17,2023-12-31T16:00,gcl,Grand Coulee,125.7,125.7,0.0,1282.7,962.4,320.3,3072.0
2023-12-31,18,2023-12-31T17:00,gcl,Grand Coulee,128.0,128.0,0.0,1282.6,963.4,319.2,3117.4
2023-12-31,19,2023-12-31T18:00,gcl,Grand Coulee,125.8,125.8,0.0,1282.7,963.4,319.3,3064.8
2023-12-31,20,2023-12-31T19:00,gcl,Grand Coulee,106.3,106.3,0.0,1282.7,962.0,320.7,2601.1
2023-12-31,21,2023-12-31T20:00,gcl,Grand Coulee,94.2,94.2,0.0,1282.7,960.8,321.9,2313.6
2023-12-31,22,2023-12-31T21:00,gcl,Grand Coulee,95.5,95.5,0.0,1282.7,960.7,322.0,2346.3
2023-12-31,23,2023-12-31T22:00,gcl,Grand Coulee,84.1,84.1,0.0,1282.6,960.0,322.6,2070.1
2023-12-31,24,2023-12-31T23:00,gcl,Grand Coulee,83.8,83.8,0.0,1282.5,959.8,322.7,2063.3
