step,a_km,e,i_deg,Omega_deg,omega_deg,nu_deg,period_s,r_apogee_km,r_perigee_km
0,506571.0,0.9866336604345689,0,0,0,0,3588159.227037481,1006371.0,6770.999999999995
1,506665.3461677796,0.9862637293270606,0,0,0,0,3589161.68720874,1006371.0,6959.6923355591425
2,506761.0160253173,0.9858887486912029,0,0,0,0,3590178.3073464734,1006371.0,7151.0320506346025
3,506858.0110525044,0.985508718526996,0,0,0,0,3591209.1071532723,1006371.0,7345.022105008838
4,506956.3327505828,0.9851236388344398,0,0,0,0,3592254.1066191173,1006371.0,7541.665501165603
5,507055.9826422035,0.9847335096135346,0,0,0,0,3593313.3260222925,1006371.0,7740.965284406985
6,507156.9622714864,0.9843383308642801,0,0,0,0,3594386.7859303076,1006371.0,7942.924542972784
7,507259.2732040806,0.983938102586676,0,0,0,0,3595474.5072008483,1006371.0,8147.546408161223
8,507362.9170272254,0.9835328247807229,0,0,0,0,3596576.510982719,1006371.0,8354.834054450868
9,507467.8953498129,0.983122497446421,0,0,0,0,3597692.81871682,1006371.0,8564.790699625832
10,507574.2098024511,0.9827071205837696,0,0,0,0,3598823.452137133,1006371.0,8777.4196049022
11,507681.8620375276,0.982286694192769,0,0,0,0,3599968.4332717154,1006371.0,8992.724075055165
12,507790.8537292748,0.9818612182734188,0,0,0,0,3601127.784443711,1006371.0,9210.707458549654
13,507901.18657383544,0.9814306928257199,0,0,0,0,3602301.5282723797,1006371.0,9431.373147670882
14,508012.8622893299,0.9809951178496716,0,0,0,0,3603489.6876741415,1006371.0,9654.724578659705
15,508125.8826159233,0.9805544933452737,0,0,0,0,3604692.28586363,1006371.0,9880.765231846626
16,508240.2493158944,0.9801088193125271,0,0,0,0,3605909.3463547616,1006371.0,10109.498631788712
17,508355.9641737052,0.9796580957514311,0,0,0,0,3607140.892961827,1006371.0,10340.92834741041
18,508473.0289960715,0.9792023226619859,0,0,0,0,3608386.9498005887,1006371.0,10575.05799214297
19,508591.44561203406,0.9787415000441912,0,0,0,0,3609647.5412893994,1006371.0,10811.891224068135
20,508711.2158730312,0.9782756278980476,0,0,0,0,3610922.6921503292,1006371.0,11051.431746062382
21,508832.34165297216,0.9778047062235546,0,0,0,0,3612212.427410317,1006371.0,11293.68330594433
22,508954.8248483115,0.9773287350207125,0,0,0,0,3613516.772402333,1006371.0,11538.649696622932
23,509078.6673781241,0.9768477142895211,0,0,0,0,3614835.7527665496,1006371.0,11786.33475624818
24,509203.8711841818,0.9763616440299807,0,0,0,0,3616169.3944515423,1006371.0,12036.742368363535
25,509330.4382310304,0.9758705242420909,0,0,0,0,3617517.723715495,1006371.0,12289.876462060885
26,509458.3705060681,0.975374354925852,0,0,0,0,3618880.767127424,1006371.0,12545.74101213622
27,509587.67001962446,0.9748731360812639,0,0,0,0,3620258.5515684173,1006371.0,12804.340039248893
28,509718.3388050409,0.9743668677083261,0,0,0,0,3621651.1042328984,1006371.0,13065.67761008185
29,509850.37891875167,0.9738555498070396,0,0,0,0,3623058.452629885,1006371.0,13329.757837503295
30,509983.79244036635,0.9733391823774036,0,0,0,0,3624480.624584294,1006371.0,13596.584880732675
31,510118.58147275297,0.9728177654194183,0,0,0,0,3625917.6482382338,1006371.0,13866.162945505932
32,510254.7481421223,0.9722912989330841,0,0,0,0,3627369.552052331,1006371.0,14138.496284244538
33,510392.2945981132,0.9717597829184004,0,0,0,0,3628836.36480707,1006371.0,14413.589196226467
34,510531.223013879,0.9712232173753679,0,0,0,0,3630318.115604142,1006371.0,14691.44602775798
35,510671.53558617487,0.9706816023039857,0,0,0,0,3631814.833867825,1006371.0,14972.071172349793
36,510813.23453544616,0.9701349377042545,0,0,0,0,3633326.549346362,1006371.0,15255.469070892346
37,510956.3221059181,0.9695832235761739,0,0,0,0,3634853.292113372,1006371.0,15541.644211836194
38,511100.8005656861,0.969026459919744,0,0,0,0,3636395.092569275,1006371.0,15830.601131372201
39,511246.67220680753,0.9684646467349654,0,0,0,0,3637951.981442724,1006371.0,16122.344413615047
40,511393.9393453946,0.9678977840218375,0,0,0,0,3639523.989792069,1006371.0,16416.878690789214
41,511542.60432170803,0.9673258717803599,0,0,0,0,3641111.1490068287,1006371.0,16714.208643416114
42,511692.6695002516,0.9667489100105335,0,0,0,0,3642713.4908091826,1006371.0,17014.339000503187
43,511844.13726986875,0.9661668987123575,0,0,0,0,3644331.047255481,1006371.0,17317.27453973746
44,511997.010043839,0.9655798378858325,0,0,0,0,3645963.850737772,1006371.0,17623.020087678004
45,512151.2902599768,0.9649877275309582,0,0,0,0,3647611.9339853507,1006371.0,17931.58051995363
46,512306.9803807304,0.9643905676477349,0,0,0,0,3649275.33006632,1006371.0,18242.960761460825
47,512464.08289328264,0.9637883582361622,0,0,0,0,3650954.0723891724,1006371.0,18557.165786565252
48,512622.6003096521,0.9631810992962402,0,0,0,0,3652648.1947043953,1006371.0,18874.200619304236
49,512782.53516679636,0.962568790827969,0,0,0,0,3654357.7311060852,1006371.0,19194.070333592706
50,512943.8900267154,0.9619514328313485,0,0,0,0,3656082.7160335863,1006371.0,19516.780053430848
51,513106.6674765571,0.9613290253063789,0,0,0,0,3657823.184273152,1006371.0,19842.334953114212
52,513270.870128723,0.9607015682530604,0,0,0,0,3659579.1709596165,1006371.0,20170.740257445912
53,513436.50062097615,0.9600690616713925,0,0,0,0,3661350.711578091,1006371.0,20502.001241952246
54,513603.56161654944,0.9594315055613751,0,0,0,0,3663137.84196568,1006371.0,20836.12323309891
55,513772.0558042553,0.958788899923009,0,0,0,0,3664940.598313209,1006371.0,21173.111608510582
56,513941.98589859705,0.9581412447562929,0,0,0,0,3666759.0171669894,1006371.0,21512.971797194128
57,514113.3546398804,0.9574885400612283,0,0,0,0,3668593.1354305777,1006371.0,21855.709279760806
58,514286.16479432787,0.9568307858378138,0,0,0,0,3670442.9903665814,1006371.0,22201.329588655735
59,514460.4191541923,0.9561679820860502,0,0,0,0,3672308.6195984627,1006371.0,22549.838308384657
60,514636.1205378736,0.9555001288059379,0,0,0,0,3674190.061112379,1006371.0,22901.241075747177
61,514813.2717900356,0.9548272259974762,0,0,0,0,3676087.353259033,1006371.0,23255.54358007116
62,514991.8757817243,0.9541492736606652,0,0,0,0,3678000.534755548,1006371.0,23612.751563448564
63,515171.9354104877,0.9534662717955047,0,0,0,0,3679929.6446873653,1006371.0,23972.870820975444
64,515353.4536004965,0.9527782204019957,0,0,0,0,3681874.7225101544,1006371.0,24335.907200993
65,515536.4333026669,0.9520851194801367,0,0,0,0,3683835.808051761,1006371.0,24701.866605333737
66,515720.8774947831,0.9513869690299288,0,0,0,0,3685812.9415141535,1006371.0,25070.75498956618
67,515906.78918162314,0.9506837690513716,0,0,0,0,3687806.163475413,1006371.0,25442.578363246248
68,516094.17139508436,0.9499755195444655,0,0,0,0,3689815.5148917274,1006371.0,25817.34279016869
69,516283.02719431126,0.94926222050921,0,0,0,0,3691841.0370994215,1006371.0,26195.054388622473
70,516473.35966582416,0.948543871945605,0,0,0,0,3693882.7718169997,1006371.0,26575.71933164827
71,516665.1719236489,0.9478204738536513,0,0,0,0,3695940.7611472094,1006371.0,26959.34384729778
72,516858.4671094494,0.947092026233348,0,0,0,0,3698015.0475791413,1006371.0,27345.93421889872
73,517053.24839265936,0.9463585290846952,0,0,0,0,3700105.6739903335,1006371.0,27735.496785318704
74,517249.51897061703,0.9456199824076938,0,0,0,0,3702212.683648906,1006371.0,28128.037941234048
75,517447.28206870134,0.9448763862023424,0,0,0,0,3704336.1202157317,1006371.0,28523.5641374027
76,517646.5409404677,0.9441277404686423,0,0,0,0,3706476.027746599,1006371.0,28922.08188093537
77,517847.29886778764,0.9433740452065931,0,0,0,0,3708632.4506944343,1006371.0,29323.59773557523
78,518049.55916098814,0.9426153004161943,0,0,0,0,3710805.4339115205,1006371.0,29728.118321976257
79,518253.32515899284,0.9418515060974466,0,0,0,0,3712995.0226517515,1006371.0,30135.650317985714
80,518458.60022946517,0.9410826622503496,0,0,0,0,3715201.26257291,1006371.0,30546.20045893035
81,518665.3877689522,0.9403087688749034,0,0,0,0,3717424.199738967,1006371.0,30959.775537904352
82,518873.6912030304,0.939529825971108,0,0,0,0,3719663.8806224074,1006371.0,31376.38240606081
83,519083.51398645306,0.9387458335389631,0,0,0,0,3721920.3521065773,1006371.0,31796.02797290616
84,519294.8596032985,0.9379567915784692,0,0,0,0,3724193.6614880613,1006371.0,32218.71920659701
85,519507.7315671205,0.9371627000896263,0,0,0,0,3726483.85647908,1006371.0,32644.463134241058
86,519722.13342110027,0.9363635590724337,0,0,0,0,3728790.985209917,1006371.0,33073.26684220056
87,519938.06873819884,0.9355593685268921,0,0,0,0,3731115.096231367,1006371.0,33505.13747639769
88,520155.54112131253,0.9347501284530015,0,0,0,0,3733456.238517212,1006371.0,33940.08224262512
89,520374.55420342926,0.9339358388507615,0,0,0,0,3735814.461466727,1006371.0,34378.108406858504
90,520595.11164778576,0.9331164997201724,0,0,0,0,3738189.8149072006,1006371.0,34819.22329557155
91,520817.21714802796,0.9322921110612339,0,0,0,0,3740582.3490965017,1006371.0,35263.434296055915
92,521040.87442837114,0.9314626728739464,0,0,0,0,3742992.114725647,1006371.0,35710.74885674231
93,521266.08724376344,0.9306281851583094,0,0,0,0,3745419.162921423,1006371.0,36161.174487526914
94,521492.8593800496,0.9297886479143229,0,0,0,0,3747863.5452490123,1006371.0,36614.718760099146
95,521721.19465413666,0.9289440611419879,0,0,0,0,3750325.313714657,1006371.0,37071.389308273356
96,521951.09691416274,0.9280944248413034,0,0,0,0,3752804.5207683602,1006371.0,37531.19382832544
97,522182.57003966504,0.9272397390122691,0,0,0,0,3755301.2193065924,1006371.0,37994.14007933011
98,522415.61794175097,0.9263800036548864,0,0,0,0,3757815.4626750415,1006371.0,38460.235883501984
99,522650.2445632717,0.9255152187691542,0,0,0,0,3760347.304671398,1006371.0,38929.48912654334
100,522886.4538789953,0.9246453843550728,0,0,0,0,3762896.799548146,1006371.0,39401.90775799064
101,523124.24989578384,0.923770500412642,0,0,0,0,3765464.0020154067,1006371.0,39877.499791567636
102,523363.6366527702,0.9228905669418621,0,0,0,0,3768048.9672437953,1006371.0,40356.27330554039
103,523604.6182215386,0.9220055839427328,0,0,0,0,3770651.7508673184,1006371.0,40838.236443077236
104,523847.1987063053,0.9211155514152543,0,0,0,0,3773272.4089862923,1006371.0,41323.397412610626
105,524091.38224410184,0.9202204693594267,0,0,0,0,3775910.9981702976,1006371.0,41811.76448820374
106,524264.0,0.9195882227274808,0,0,0,0,3777776.635456222,1006371.0,42157.00000000003
107,518454.4802391674,0.9186871719566342,0,0,0,0,3715156.9777561272,994751.9604783347,42157.00000000002
108,512773.62256415625,0.9177863327111263,0,0,0,0,3654262.4576872224,983390.2451283124,42157.00000000004
109,507217.200066646,0.9168857049909569,0,0,0,0,3595027.192294124,972277.400133292,42157.00000000005
110,501781.16898718127,0.9159852887961266,0,0,0,0,3537388.499819927,961405.3379743625,42157.00000000002
111,496461.6589018256,0.9150850841266345,0,0,0,0,3481286.7115972284,950766.3178036512,42157.000000000015
112,491254.9635331319,0.9141850909824816,0,0,0,0,3426664.9968659403,940352.9270662637,42157.000000000044
113,486157.5321395032,0.9132853093636673,0,0,0,0,3373469.1995027927,930158.0642790064,42157.000000000015
114,481165.9614409891,0.9123857392701911,0,0,0,0,3321647.685738416,920174.9228819782,42157.000000000015
115,476276.9880428828,0.9114863807020541,0,0,0,0,3271151.2020170367,910396.9760857656,42157.00000000005
116,471487.4813216663,0.910587233659256,0,0,0,0,3221932.7422270733,900817.9626433325,42157.00000000006
117,466794.43674076325,0.9096882981417961,0,0,0,0,3173947.423597386,891431.8734815265,42157.000000000044
118,462194.96956607956,0.9087895741496752,0,0,0,0,3127152.3706127414,882232.9391321591,42157.00000000002
119,457686.30895369116,0.9078910616828928,0,0,0,0,3081506.606356267,873215.6179073823,42157.00000000001
120,453265.7923842652,0.9069927607414491,0,0,0,0,3036970.9507363825,864374.5847685304,42157.00000000002
121,448930.86042068154,0.9060946713253444,0,0,0,0,2993507.925099346,855704.7208413631,42157.000000000044
122,444679.0517671793,0.9051967934345777,0,0,0,0,2951081.6627696296,847201.1035343586,42157.00000000001
123,440507.99861001666,0.9042991270691505,0,0,0,0,2909657.8250973606,838858.9972200333,42157.00000000003
124,436415.4222210336,0.9034016722290612,0,0,0,0,2869203.5226245723,830673.8444420672,42157.00000000005
125,432399.12880707363,0.902504428914311,0,0,0,0,2829687.2410144876,822641.2576141473,42157.00000000002
126,428457.00558927306,0.9016073971248996,0,0,0,0,2791078.771413834,814757.011178546,42157.00000000003
127,424587.0170975706,0.9007105768608269,0,0,0,0,2753349.1449455167,807017.034195141,42157.000000000015
128,420787.20166674565,0.8998139681220926,0,0,0,0,2716470.5710512074,799417.4033334913,42157.00000000004
129,417055.66812132736,0.8989175709086971,0,0,0,0,2680416.3794252174,791954.3362426547,42157.000000000044
130,413390.5926375893,0.89802138522064,0,0,0,0,2645160.9653003165,784624.1852751786,42157.00000000005
131,409790.2157717094,0.8971254110579221,0,0,0,0,2610679.737864346,777423.4315434188,42157.000000000015
132,406252.83964389696,0.8962296484205428,0,0,0,0,2576949.0716024986,770348.6792877939,42157.00000000005
133,402776.8252690431,0.8953340973085023,0,0,0,0,2543946.26037567,763396.6505380861,42157.00000000002
134,399360.59002505674,0.8944387577217997,0,0,0,0,2511649.4740586774,756564.1800501134,42157.00000000004
135,396002.6052506964,0.8935436296604367,0,0,0,0,2480037.7175753326,749848.2105013928,42157.00000000005
136,392701.3939651871,0.8926487131244122,0,0,0,0,2449090.7921783132,743245.7879303742,42157.00000000003
137,389455.5287025435,0.8917540081137261,0,0,0,0,2418789.2588336878,736754.057405087,42157.00000000005
138,386263.62945387466,0.8908595146283785,0,0,0,0,2389114.4035787,730370.2589077492,42157.00000000002
139,383124.3617114623,0.8899652326683699,0,0,0,0,2360048.2047313442,724091.7234229246,42157.000000000044
140,380036.4346087768,0.8890711622337002,0,0,0,0,2331573.3018383016,717915.8692175536,42157.00000000001
141,376998.5991509989,0.8881773033243688,0,0,0,0,2303672.9662559056,711840.1983019979,42157.000000000015
142,374009.64653094276,0.8872836559403762,0,0,0,0,2276331.0732657425,705862.2930618855,42157.00000000004
143,371068.4065256056,0.8863902200817224,0,0,0,0,2249532.0756332213,699979.8130512112,42157.00000000001
144,368173.7459688847,0.8854969957484072,0,0,0,0,2223260.978523688,694190.4919377692,42157.00000000004
145,365324.56729626877,0.8846039829404306,0,0,0,0,2197503.315696261,688492.1345925375,42157.00000000003
146,362519.8071575818,0.8837111816577927,0,0,0,0,2172245.1269008936,682882.6143151636,42157.000000000044
147,359758.43509408826,0.8828185919004939,0,0,0,0,2147472.9364089766,677359.8701881765,42157.000000000015
148,357039.45227650466,0.881926213668533,0,0,0,0,2123173.7326123896,671921.9045530093,42157.00000000003
149,354361.8903006893,0.8810340469619117,0,0,0,0,2099334.9486302896,666566.7806013786,42157.000000000015
150,351724.81003791187,0.8801420917806282,0,0,0,0,2075944.4438662028,661292.6200758237,42157.00000000003
151,349127.3005369037,0.8792503481246838,0,0,0,0,2052990.4864626823,656097.6010738075,42157.00000000001
152,346568.4779749241,0.8783588159940781,0,0,0,0,2030461.7366029092,650979.9559498482,42157.000000000044
153,344047.48465535365,0.8774674953888112,0,0,0,0,2008347.2306128303,645937.9693107072,42157.00000000003
154,341563.4880494028,0.8765763863088828,0,0,0,0,1986636.3658196563,640969.9760988055,42157.000000000015
155,339115.6798796961,0.8756854887542931,0,0,0,0,1965318.8861255995,636074.3597593922,42157.00000000003
156,336703.2752436052,0.8747948027250421,0,0,0,0,1944384.8682580579,631249.5504872104,42157.00000000005
157,334325.51177434076,0.87390432822113,0,0,0,0,1923824.7086599877,626494.0235486814,42157.00000000002
158,331981.64883791533,0.8730140652425565,0,0,0,0,1903629.110986266,621806.2976758307,42157.00000000002
159,329670.9667642004,0.8721240137893213,0,0,0,0,1883789.0741739534,617184.9335284007,42157.00000000002
160,327392.7661104087,0.871234173861425,0,0,0,0,1864295.881056337,612628.5322208174,42157.000000000044
161,325146.3669553984,0.8703445454588675,0,0,0,0,1845141.0874921938,608135.7339107968,42157.00000000004
162,322931.10822332825,0.8694551285816489,0,0,0,0,1826316.5119837504,603705.2164466564,42157.00000000002
163,320746.34703523247,0.8685659232297686,0,0,0,0,1807814.2257580196,599335.6940704648,42157.000000000044
164,318591.45808718976,0.867676929403227,0,0,0,0,1789626.543287899,595025.9161743795,42157.000000000044
165,316465.83305381425,0.8667881471020243,0,0,0,0,1771746.0132306097,590774.6661076285,42157.00000000003
166,314368.8800158797,0.8658995763261601,0,0,0,0,1754165.4097624687,586580.7600317594,42157.00000000001
167,312300.0229109464,0.8650112170756348,0,0,0,0,1736877.724290132,582443.0458218928,42157.00000000003
168,310258.7010059093,0.864123069350448,0,0,0,0,1719876.157519477,578360.4020118186,42157.00000000002
169,308244.3683904699,0.8632351331506,0,0,0,0,1703154.1118645656,574331.7367809397,42157.00000000004
170,306256.49349055404,0.8623474084760907,0,0,0,0,1686705.1841798474,570355.9869811081,42157.00000000002
171,304294.558600774,0.8614598953269196,0,0,0,0,1670523.158799885,566432.117201548,42157.00000000003
172,302358.0594350743,0.8605725937030878,0,0,0,0,1654602.0008717238,562559.1188701486,42157.00000000003
173,300446.5046947246,0.8596855036045947,0,0,0,0,1638935.8499656434,558736.0093894491,42157.000000000044
174,298559.4156529044,0.8587986250314397,0,0,0,0,1623519.0139511598,554961.8313058089,42157.00000000002
175,296696.3257551354,0.8579119579836241,0,0,0,0,1608345.9631255793,551235.6515102708,42157.00000000004
176,294856.7802348373,0.8570255024611464,0,0,0,0,1593411.3245829993,547556.5604696746,42157.00000000005
177,293040.3357433889,0.8561392584640078,0,0,0,0,1578709.8768128094,543923.6714867777,42157.00000000004
178,291246.5599940122,0.8552532259922083,0,0,0,0,1564236.544516597,540336.1199880244,42157.00000000002
179,289475.0314189121,0.8543674050457473,0,0,0,0,1549986.3936335766,536793.0628378242,42157.000000000015
180,287725.33883909066,0.8534817956246246,0,0,0,0,1535954.6265648454,533293.6776781813,42157.00000000004
181,285997.0811462888,0.8525963977288407,0,0,0,0,1522136.5775873319,529837.1622925776,42157.00000000004
182,284289.86699654185,0.8517112113583956,0,0,0,0,1508527.7084488068,526422.7339930837,42157.00000000003
183,282603.31451485783,0.8508262365132889,0,0,0,0,1495123.6041357694,523049.62902971567,42157.00000000002
184,280937.0510105517,0.849941473193521,0,0,0,0,1481919.9688064377,519717.1020211034,42157.00000000004
185,279290.7127027848,0.8490569213990922,0,0,0,0,1468912.621881411,516424.4254055696,42157.000000000015
186,277663.94445588737,0.8481725811300014,0,0,0,0,1456097.4942850154,513170.8889117747,42157.000000000044
187,276056.3995240676,0.8472884523862501,0,0,0,0,1443470.6248307289,509955.7990481352,42157.00000000002
188,274467.7393051014,0.8464045351678369,0,0,0,0,1431028.1567441963,506778.4786102028,42157.00000000002
189,272897.63310266315,0.8455208294747624,0,0,0,0,1418766.3343180306,503638.26620532625,42157.00000000004
190,271345.75789692136,0.844637335307027,0,0,0,0,1406681.4996924873,500534.51579384273,42157.00000000002
191,269811.7981230787,0.84375405266463,0,0,0,0,1394770.0897566688,497466.5962461574,42157.000000000044
192,268295.44545753824,0.8428709815475716,0,0,0,0,1383028.633165094,494433.8909150765,42157.00000000004
193,266796.398611385,0.8419881219558522,0,0,0,0,1371453.7474646552,491435.79722277005,42157.00000000003
194,265314.3631308926,0.8411054738894709,0,0,0,0,1360042.136327276,488471.72626178525,42157.00000000002
195,263849.05120478896,0.840223037348429,0,0,0,0,1348790.5868838958,485541.1024095779,42157.00000000002
196,262400.1814779946,0.8393408123327255,0,0,0,0,1337695.967155362,482643.3629559892,42157.00000000002
197,260967.47887160478,0.8384587988423602,0,0,0,0,1326755.2235763674,479777.95774320955,42157.00000000002
198,259550.67440885844,0.8375769968773342,0,0,0,0,1315965.3786084591,476944.3488177169,42157.00000000002
199,258149.50504685973,0.836695406437647,0,0,0,0,1305323.528438413,474142.0100937194,42157.00000000004
200,256763.71351384535,0.8358140275232979,0,0,0,0,1294826.8407585823,471370.42702769063,42157.00000000003
201,255393.0481517777,0.8349328601342879,0,0,0,0,1284472.5526258019,468629.0963035554,42157.00000000003
202,254037.2627640553,0.8340519042706164,0,0,0,0,1274257.968395613,465917.52552811056,42157.00000000004
203,252696.11646816196,0.8331711599322836,0,0,0,0,1264180.4577288805,463235.23293632385,42157.00000000002
204,251369.37355305624,0.8322906271192898,0,0,0,0,1254237.453667789,460581.7471061124,42157.000000000044
205,250056.80334112808,0.831410305831634,0,0,0,0,1244426.4507784783,457956.60668225616,42157.00000000002
206,248758.1800545623,0.8305301960693178,0,0,0,0,1234745.0033577431,455359.36010912457,42157.00000000002
207,247473.28268592161,0.8296502978323393,0,0,0,0,1225190.7237010738,452789.5653718432,42157.00000000004
208,246201.89487282824,0.8287706111207,0,0,0,0,1215761.280429884,450246.7897456564,42157.00000000003
209,244943.80477656046,0.8278911359343994,0,0,0,0,1206454.39687536,447730.60955312086,42157.000000000044
210,243698.8049644451,0.8270118722734376,0,0,0,0,1197267.8495168982,445240.60992889013,42157.00000000004
211,242466.69229589702,0.826132820137814,0,0,0,0,1188199.466472932,442776.384591794,42157.000000000044
212,241247.26781198144,0.8252539795275298,0,0,0,0,1179247.126042184,440337.5356239629,42157.000000000015
213,240040.3366283602,0.8243753504425836,0,0,0,0,1170408.7552933174,437923.6732567204,42157.00000000003
214,238845.70783152152,0.8234969328829764,0,0,0,0,1161682.3287012842,435534.415663043,42157.000000000044
215,237663.1943781547,0.8226187268487082,0,0,0,0,1153065.8668284465,433169.3887563094,42157.00000000002
216,236492.61299757502,0.821740732339778,0,0,0,0,1144557.435048887,430828.22599515,42157.00000000003
217,235333.78409708678,0.8208629493561869,0,0,0,0,1136155.1423142594,428510.56819417357,42157.00000000002
218,234186.53167017578,0.8199853778979347,0,0,0,0,1127857.139959579,426216.0633403515,42157.000000000044
219,233050.68320744057,0.8191080179650205,0,0,0,0,1119661.620547522,423944.3664148811,42157.00000000003
220,231926.06961017093,0.818230869557446,0,0,0,0,1111566.8167498356,421695.1392203418,42157.00000000003
221,230812.52510646317,0.8173539326752093,0,0,0,0,1103571.0002643464,419468.05021292635,42157.00000000002
222,229709.8871698152,0.8164772073183115,0,0,0,0,1095672.480766488,417262.7743396303,42157.000000000044
223,228617.9964400867,0.8156006934867527,0,0,0,0,1087869.6048938606,415078.9928801734,42157.00000000003
224,227536.69664676551,0.8147243911805322,0,0,0,0,1080160.7552627856,412916.393293531,42157.00000000004
225,226465.83453445346,0.8138483003996505,0,0,0,0,1072544.3495156292,410774.6690689069,42157.00000000004
226,225405.25979049632,0.8129724211441073,0,0,0,0,1065018.8393977925,408653.51958099264,42157.00000000004
227,224354.82497469164,0.8120967534139034,0,0,0,0,1057582.7098633351,406552.6499493833,42157.00000000002
228,223314.38545099593,0.8112212972090374,0,0,0,0,1050234.478208153,404471.7709019918,42157.00000000004
229,222283.79932118088,0.8103460525295106,0,0,0,0,1042972.6932298471,402410.5986423617,42157.00000000004
230,221262.92736035248,0.8094710193753225,0,0,0,0,1035795.9344131809,400368.85472070496,42157.00000000002
231,220251.63295429328,0.8085961977464727,0,0,0,0,1028702.811140388,398346.2659085865,42157.00000000002
232,219249.78203855554,0.8077215876429622,0,0,0,0,1021691.961925363,396342.564077111,42157.000000000044
233,218257.24303924758,0.8068471890647897,0,0,0,0,1014762.0536709068,394357.4860784951,42157.00000000004
234,217273.88681547192,0.8059730020119562,0,0,0,0,1007911.7809483177,392390.77363094385,42157.00000000003
235,216299.58660334267,0.8050990264844614,0,0,0,0,1001139.865298425,390442.17320668534,42157.00000000004
236,215334.2179615477,0.8042252624823054,0,0,0,0,994445.0545534426,388511.4359230953,42157.00000000004
237,214377.65871839775,0.8033517100054879,0,0,0,0,987826.12217887,386598.31743679545,42157.00000000003
238,213429.78892031923,0.8024783690540092,0,0,0,0,981281.8666347899,384702.57784063846,42157.00000000002
239,212490.49078174113,0.801605239627869,0,0,0,0,974811.1107558772,382823.9815634822,42157.000000000044
240,211559.6486363362,0.8007323217270678,0,0,0,0,968412.7011495179,380962.29727267235,42157.00000000003
241,210637.14888957146,0.7998596153516052,0,0,0,0,962085.5076114123,379117.2977791429,42157.00000000004
242,209722.87997252736,0.7989871205014809,0,0,0,0,955828.422558082,377288.7599450547,42157.00000000002
243,208816.7322969495,0.7981148371766955,0,0,0,0,949640.36047574,375476.46459389897,42157.00000000004
244,207918.5982114873,0.7972427653772489,0,0,0,0,943520.2573849304,373680.1964229745,42157.000000000044
245,207028.37195909148,0.7963709051031411,0,0,0,0,937467.0703204802,371899.7439181829,42157.00000000004
246,206145.94963552966,0.7954992563543718,0,0,0,0,931479.7768262188,370134.8992710593,42157.00000000004
247,205271.22914898826,0.7946278191309413,0,0,0,0,925557.374464005,368385.4582979765,42157.000000000015
248,204404.11018072552,0.7937565934328493,0,0,0,0,919698.8803365781,366651.220361451,42157.00000000004
249,203544.49414674574,0.792885579260096,0,0,0,0,913903.3306237987,364931.9882934914,42157.00000000004
250,202692.28416046454,0.7920147766126816,0,0,0,0,908169.7801318532,363227.5683209291,42157.00000000004
251,201847.38499633115,0.7911441854906057,0,0,0,0,902497.3018549754,361537.76999266224,42157.00000000003
252,201009.7030543862,0.7902738058938686,0,0,0,0,896884.9865493334,359862.4061087723,42157.00000000002
253,200179.14632571986,0.7894036378224702,0,0,0,0,891331.9423186454,358201.2926514397,42157.00000000002
254,199355.62435880827,0.78853368127641,0,0,0,0,885837.2942111829,356554.24871761655,42157.00000000004
255,198539.04822670305,0.7876639362556891,0,0,0,0,880400.1838278094,354921.0964534061,42157.00000000004
256,197729.33049504153,0.7867944027603067,0,0,0,0,875019.7689406544,353301.660990083,42157.000000000044
257,196926.38519086505,0.7859250807902628,0,0,0,0,869695.2231221682,351695.77038173005,42157.00000000002
258,196130.1277722125,0.7850559703455575,0,0,0,0,864425.7353841756,350103.25554442493,42157.00000000004
259,195340.4750984704,0.7841870714261914,0,0,0,0,859210.5098266348,348523.95019694074,42157.00000000004
260,194557.34540145626,0.7833183840321637,0,0,0,0,854048.7652958009,346957.6908029125,42157.00000000003
261,193780.65825721796,0.782449908163475,0,0,0,0,848939.7350515246,345404.3165144359,42157.00000000003
262,193010.33455852105,0.7815816438201243,0,0,0,0,843882.6664433577,343863.6691170421,42157.00000000002
263,192246.29648801565,0.7807135910021131,0,0,0,0,838876.8205952727,342335.59297603124,42157.00000000002
264,191488.46749204755,0.7798457497094399,0,0,0,0,833921.4720986242,340819.93498409505,42157.00000000002
265,190736.77225511562,0.7789781199421059,0,0,0,0,829015.9087132411,339316.54451023124,42157.00000000004
266,189991.13667493605,0.7781107017001101,0,0,0,0,824159.4310762627,337825.27334987203,42157.00000000004
267,189251.48783811502,0.7772434949834531,0,0,0,0,819351.3524186077,336345.97567623004,42157.00000000003
268,188517.75399639938,0.7763764997921352,0,0,0,0,814590.9982887607,334878.50799279875,42157.00000000002
269,187789.864543495,0.7755097161261554,0,0,0,0,809877.7062836958,333422.72908698994,42157.00000000002
270,187067.7499924401,0.7746431439855148,0,0,0,0,805210.8257867458,331978.49998488015,42157.00000000004
271,186351.34195350797,0.7737767833702126,0,0,0,0,800589.7177121433,330545.6839070159,42157.00000000002
272,185640.57311263806,0.7729106342802491,0,0,0,0,796013.754256128,329124.1462252761,42157.00000000002
273,184935.37721036893,0.7720446967156245,0,0,0,0,791482.318654346,327713.7544207378,42157.00000000004
274,184235.68902126572,0.7711789706763384,0,0,0,0,786994.8049454027,326314.3780425314,42157.00000000004
275,183541.44433382867,0.7703134561623909,0,0,0,0,782550.6177403848,324925.8886676573,42157.00000000003
276,182852.57993086704,0.769448153173782,0,0,0,0,778149.1719981686,323548.159861734,42157.00000000004
277,182169.03357032698,0.768583061710512,0,0,0,0,773789.8928063463,322181.06714065396,42157.000000000015
278,181490.74396656212,0.767718181772581,0,0,0,0,769472.2151676225,320824.4879331242,42157.00000000002
279,180817.6507720326,0.7668535133599881,0,0,0,0,765195.5837915033,319478.3015440651,42157.00000000004
280,180149.69455942587,0.765989056472734,0,0,0,0,760959.4528911605,318142.3891188517,42157.00000000004
281,179486.81680418176,0.7651248111108189,0,0,0,0,756763.2859852811,316816.63360836345,42157.00000000004
282,178828.95986741481,0.7642607772742427,0,0,0,0,752606.5557047883,315500.91973482963,42157.000000000015
283,178176.06697922363,0.7633969549630042,0,0,0,0,748488.7436042916,314195.1339584472,42157.00000000003
284,177528.08222237823,0.7625333441771054,0,0,0,0,744409.339978148,312899.16444475646,42157.00000000003
285,176884.9505163671,0.7616699449165447,0,0,0,0,740367.8436809455,311612.90103273414,42157.00000000003
286,176246.61760180895,0.7608067571813228,0,0,0,0,736363.7619523801,310336.2352036179,42157.00000000003
287,175613.03002520595,0.7599437809714394,0,0,0,0,732396.6102463161,309069.06005041185,42157.00000000002
288,174984.13512403864,0.7590810162868951,0,0,0,0,728465.9120639702,307811.2702480773,42157.00000000002
289,174359.88101218804,0.7582184631276894,0,0,0,0,724571.1987910714,306562.762024376,42157.00000000004
290,173740.21656568063,0.7573561214938223,0,0,0,0,720712.009538913,305323.43313136126,42157.00000000002
291,173125.09140874652,0.7564939913852938,0,0,0,0,716887.8909891775,304093.182817493,42157.00000000002
292,172514.4559001809,0.7556320728021041,0,0,0,0,713098.397242426,302871.9118003618,42157.00000000003
293,171908.26112000414,0.7547703657442533,0,0,0,0,709343.0896701654,301659.5222400083,42157.00000000002
294,171306.4588564104,0.7539088702117405,0,0,0,0,705621.5367703838,300455.91771282075,42157.00000000004
295,170709.0015930011,0.753047586204567,0,0,0,0,701933.314026482,299261.0031860022,42157.00000000004
296,170115.842496289,0.7521865137227318,0,0,0,0,698278.0037694671,298074.684992578,42157.00000000003
297,169526.93540347638,0.7513256527662356,0,0,0,0,694655.1950433807,296896.87080695276,42157.00000000003
298,168942.23481048987,0.7504650033350782,0,0,0,0,691064.4834738137,295727.4696209797,42157.00000000004
299,168361.69586027312,0.7496045654292589,0,0,0,0,687505.4711394719,294566.39172054623,42157.00000000003
300,167785.2743313289,0.7487443390487787,0,0,0,0,683977.7664466953,293413.54866265773,42157.00000000003
301,167212.92662650108,0.7478843241936375,0,0,0,0,680480.9840068362,292268.8532530021,42157.00000000003
302,166644.60976199489,0.7470245208638342,0,0,0,0,677014.7445164465,291132.2195239897,42157.00000000003
303,166080.28135663038,0.7461649290593702,0,0,0,0,673578.6746402024,290003.5627132607,42157.00000000004
304,165519.89962131585,0.7453055487802447,0,0,0,0,670172.4068964534,288882.7992426317,42157.00000000003
305,164963.42334874603,0.7444463800264576,0,0,0,0,666795.5795453835,287769.846697492,42157.00000000004
306,164410.81190331266,0.7435874227980099,0,0,0,0,663447.8364796814,286664.6238066253,42157.00000000002
307,163862.02521122244,0.7427286770949001,0,0,0,0,660128.8271176493,285567.0504224449,42157.00000000003
308,163317.0237508243,0.7418701429171296,0,0,0,0,656838.2062987317,284477.0475016486,42157.00000000003
309,162775.76854312938,0.7410118202646973,0,0,0,0,653575.6341813356,283394.53708625876,42157.00000000003
310,162238.2211425319,0.7401537091376043,0,0,0,0,650340.7761429524,282319.4422850638,42157.00000000003
311,161704.3436277139,0.7392958095358491,0,0,0,0,647133.3026824591,281251.68725542777,42157.000000000044
312,161174.09859274174,0.7384381214594333,0,0,0,0,643952.8893246074,280191.1971854834,42157.00000000003
313,160647.44913833664,0.7375806449083557,0,0,0,0,640799.2165265748,279137.8982766733,42157.00000000002
314,160124.35886332853,0.7367233798826172,0,0,0,0,637671.9695865976,278091.71772665705,42157.00000000003
315,159604.7918562769,0.7358663263822169,0,0,0,0,634570.8385545693,277052.5837125537,42157.00000000004
316,159088.71268726443,0.735009484407156,0,0,0,0,631495.5181446073,276020.4253745288,42157.00000000003
317,158576.08639985166,0.7341528539574333,0,0,0,0,628445.7076494944,274995.17279970326,42157.00000000003
318,158066.87850319533,0.7332964350330495,0,0,0,0,625421.110856989,273976.75700639066,42157.00000000002
319,157561.05496432167,0.7324402276340044,0,0,0,0,622421.4359679231,272965.10992864333,42157.00000000002
320,157058.58220055362,0.7315842317602977,0,0,0,0,619446.395516065,271960.16440110723,42157.00000000003
321,156559.42707208855,0.7307284474119298,0,0,0,0,616495.7062896977,270961.85414417705,42157.00000000004
322,156063.55687472117,0.7298728745889007,0,0,0,0,613569.0892548655,269970.1137494423,42157.00000000003
323,155570.93933271006,0.7290175132912103,0,0,0,0,610666.2694802552,268984.87866542005,42157.00000000002
324,155081.5425917839,0.7281623635188583,0,0,0,0,607786.9760636672,268006.0851835677,42157.00000000004
325,154595.3352122845,0.7273074252718452,0,0,0,0,604930.942060043,267033.670424569,42157.00000000003
326,154112.28616244262,0.7264526985501708,0,0,0,0,602097.9044110024,266067.5723248852,42157.00000000003
327,153632.36481178444,0.7255981833538349,0,0,0,0,599287.6038758614,265107.7296235689,42157.00000000003
328,153155.54092466645,0.7247438796828379,0,0,0,0,596499.7849640972,264154.08184933284,42157.00000000003
329,152681.78465393293,0.7238897875371795,0,0,0,0,593734.1958692105,263206.5693078658,42157.00000000003
330,152211.06653469772,0.72303590691686,0,0,0,0,590990.588403976,262265.13306939544,42157.00000000003
331,151743.35747824275,0.7221822378218791,0,0,0,0,588268.7179370201,261329.7149564855,42157.00000000003
332,151278.6287660349,0.7213287802522366,0,0,0,0,585568.3433307197,260400.25753206978,42157.00000000004
333,150816.852043856,0.7204755342079332,0,0,0,0,582889.2268803741,259476.70408771196,42157.00000000002
334,150357.99931604307,0.719622499688968,0,0,0,0,580231.1342546208,258558.99863208612,42157.00000000002
335,149902.04293984032,0.718769676695342,0,0,0,0,577593.8344370825,257647.0858796806,42157.00000000002
336,149448.95561985357,0.7179170652270541,0,0,0,0,574977.0996691855,256740.91123970711,42157.00000000004
337,148998.71040261313,0.7170646652841052,0,0,0,0,572380.7053941604,255840.42080522625,42157.00000000003
338,148551.2806712354,0.7162124768664948,0,0,0,0,569804.4302021615,254945.56134247078,42157.000000000044
339,148106.64014018554,0.7153604999742234,0,0,0,0,567248.0557765038,254056.28028037105,42157.00000000004
340,147664.76285013725,0.7145087346072906,0,0,0,0,564711.3668409771,253172.52570027445,42157.00000000003
341,147225.62316292807,0.7136571807656963,0,0,0,0,562194.1511082216,252294.24632585607,42157.00000000003
342,146789.19575660845,0.7128058384494411,0,0,0,0,559696.1992291377,251421.39151321686,42157.000000000015
343,146355.45562058064,0.7119547076585242,0,0,0,0,557217.3047432961,250553.91124116126,42157.00000000004
344,145924.3780508292,0.7111037883929465,0,0,0,0,554757.264030348,249691.75610165836,42157.00000000002
345,145495.9386452363,0.7102530806527066,0,0,0,0,552315.8762623833,248834.8772904726,42157.00000000003
346,145070.11329898614,0.709402584437806,0,0,0,0,549892.9433572497,247983.22659797224,42157.00000000004
347,144646.8782000486,0.708552299748244,0,0,0,0,547488.2699327684,247136.7564000972,42157.00000000003
348,144226.20982474933,0.7077022265840209,0,0,0,0,545101.6632618714,246295.41964949862,42157.00000000004
349,143808.08493341642,0.7068523649451361,0,0,0,0,542732.9332285996,245459.16986683282,42157.00000000002
350,143392.48056610895,0.7060027148315899,0,0,0,0,540381.892284977,244627.96113221787,42157.00000000003
351,142979.37403841992,0.705153276243383,0,0,0,0,538048.3554087114,243801.7480768398,42157.000000000015
352,142568.74293735487,0.7043040491805139,0,0,0,0,535732.1400617182,242980.4858747097,42157.00000000004
353,142160.56511728643,0.7034550336429843,0,0,0,0,533433.0661494588,242164.13023457283,42157.00000000004
354,141754.81869597713,0.7026062296307927,0,0,0,0,531150.955981042,241352.63739195422,42157.000000000044
355,141351.48205067773,0.7017576371439403,0,0,0,0,528885.6342301201,240545.96410135544,42157.00000000003
356,140950.53381428996,0.7009092561824265,0,0,0,0,526636.9278965078,239744.0676285799,42157.00000000003
357,140551.95287160075,0.7000610867462513,0,0,0,0,524404.666268556,238946.90574320147,42157.00000000003
358,140155.71835558093,0.6992131288354146,0,0,0,0,522188.68088623247,238154.43671116183,42157.00000000003
359,139761.80964375,0.698365382449917,0,0,0,0,519988.80550490884,237366.61928749995,42157.00000000004
360,139370.20635460335,0.6975178475897579,0,0,0,0,517804.8760598298,236583.41270920666,42157.00000000002
361,138980.88834410376,0.6966705242549378,0,0,0,0,515636.7306312614,235804.7766882075,42157.00000000002
362,138593.8357022318,0.6958234124454558,0,0,0,0,513484.2094102852,235030.6714044636,42157.00000000003
363,138209.0287495987,0.6949765121613125,0,0,0,0,511347.1546652501,234261.0574991974,42157.00000000004
364,137826.44803411575,0.6941298234025081,0,0,0,0,509225.41070883814,233495.8960682315,42157.00000000003
365,137446.07432772228,0.6932833461690426,0,0,0,0,507118.82386575564,232735.14865544453,42157.00000000003
366,137067.8886231693,0.6924370804609155,0,0,0,0,505027.24244101817,231978.77724633858,42157.00000000002
367,136691.87213086037,0.6915910262781277,0,0,0,0,502950.5166888391,231226.7442617207,42157.00000000004
368,136318.00627574272,0.6907451836206784,0,0,0,0,500888.4987820714,230479.01255148542,42157.00000000003
369,135946.27269425621,0.6898995524885679,0,0,0,0,498841.0427822401,229735.54538851237,42157.00000000003
370,135576.65323133022,0.6890541328817961,0,0,0,0,496808.00461010594,228996.3064626604,42157.00000000002
371,135209.12993743407,0.6882089248003628,0,0,0,0,494789.2420167826,228261.25987486815,42157.00000000003
372,134843.68506567608,0.6873639282442681,0,0,0,0,492784.614555375,227530.37013135213,42157.00000000003
373,134480.30106895245,0.6865191432135123,0,0,0,0,490793.98355314287,226803.60213790488,42157.00000000004
374,134118.9605971432,0.6856745697080955,0,0,0,0,488817.21208416304,226080.92119428635,42157.00000000002
375,133759.64649435587,0.6848302077280168,0,0,0,0,486854.1649424941,225362.2929887117,42157.00000000004
376,133402.34179621565,0.683986057273277,0,0,0,0,484904.7086158279,224647.68359243128,42157.00000000002
377,133047.02972720022,0.683142118343876,0,0,0,0,482968.7112596136,223937.0594544004,42157.00000000003
378,132693.69369801853,0.6822983909398134,0,0,0,0,481046.04267164617,223230.387396037,42157.00000000003
379,132342.31730303445,0.6814548750610896,0,0,0,0,479136.5742671183,222527.63460606887,42157.00000000003
380,131992.88431773186,0.6806115707077046,0,0,0,0,477240.1790541125,221828.7686354637,42157.00000000003
381,131645.37869622218,0.6797684778796583,0,0,0,0,475356.731609534,221133.75739244433,42157.00000000003
382,131299.78456879282,0.6789255965769508,0,0,0,0,473486.1080554719,220442.5691375856,42157.00000000003
383,130956.08623949562,0.6780829267995815,0,0,0,0,471628.186035979,219755.17247899118,42157.00000000003
384,130614.268183776,0.6772404685475513,0,0,0,0,469782.8446942688,219071.53636755198,42157.00000000002
385,130274.31504613884,0.67639822182086,0,0,0,0,467949.9646503057,218391.63009227766,42157.00000000003
386,129936.21163785359,0.6755561866195069,0,0,0,0,466129.4279787952,217715.42327570714,42157.00000000003
387,129599.94293469732,0.6747143629434926,0,0,0,0,464321.1181875663,217042.8858693946,42157.00000000002
388,129265.49407473281,0.6738727507928169,0,0,0,0,462524.92019632243,216373.9881494656,42157.00000000003
389,128932.85035612351,0.6730313501674802,0,0,0,0,460740.7203157706,215708.70071224702,42157.00000000003
390,128601.99723498341,0.6721901610674821,0,0,0,0,458968.4062271116,215046.9944699668,42157.00000000003
391,128272.92032326153,0.6713491834928225,0,0,0,0,457207.86696188815,214388.84064652302,42157.00000000003
392,127945.60538666055,0.6705084174435016,0,0,0,0,455458.9928821833,213734.21077332107,42157.00000000002
393,127620.03834258822,0.6696678629195195,0,0,0,0,453721.67566115747,213083.0766851764,42157.00000000003
394,127296.20525814181,0.6688275199208762,0,0,0,0,451995.80826392514,212435.4105162836,42157.00000000002
395,126974.09234812435,0.6679873884475712,0,0,0,0,450281.28492875735,211791.18469624865,42157.00000000003
396,126653.6859730929,0.667147468499605,0,0,0,0,448578.00114861125,211150.37194618577,42157.00000000004
397,126334.97263743683,0.6663077600769777,0,0,0,0,446885.8536529694,210512.9452748736,42157.00000000003
398,126017.93898748708,0.6654682631796891,0,0,0,0,445204.7403899937,209878.87797497414,42157.00000000002
399,125702.5718096549,0.6646289778077392,0,0,0,0,443534.5605089814,209248.14361930976,42157.00000000003
400,125388.85802859973,0.6637899039611278,0,0,0,0,441875.21434311836,208620.71605719943,42157.00000000003
401,125076.78470542627,0.6629510416398551,0,0,0,0,440226.6033925269,207996.5694108525,42157.00000000003
402,124766.33903590897,0.6621123908439213,0,0,0,0,438588.6303075966,207375.6780718179,42157.00000000002
403,124457.50834874455,0.661273951573326,0,0,0,0,436961.1988725969,206758.01669748907,42157.00000000003
404,124150.28010383161,0.6604357238280694,0,0,0,0,435344.21398956625,206143.5602076632,42157.00000000002
405,123844.64189057714,0.6595977076081514,0,0,0,0,433737.5816624712,205532.28378115426,42157.00000000002
406,123540.5814262287,0.6587599029135721,0,0,0,0,432141.2089816277,204924.16285245738,42157.00000000003
407,123238.08655423262,0.6579223097443316,0,0,0,0,430555.0041083851,204319.1731084652,42157.00000000004
408,122937.1452426173,0.6570849281004297,0,0,0,0,428978.8762600621,203717.29048523458,42157.00000000003
409,122637.74558240178,0.6562477579818667,0,0,0,0,427412.7356951368,203118.4911648035,42157.00000000003
410,122339.87578602743,0.655410799388642,0,0,0,0,425856.49369867455,202522.75157205484,42157.00000000003
411,122043.52418581561,0.6545740523207565,0,0,0,0,424310.06256800634,201930.04837163116,42157.00000000003
412,121748.67923244604,0.6537375167782092,0,0,0,0,422773.3555986304,201340.35846489202,42157.00000000003
413,121455.32949346119,0.6529011927610007,0,0,0,0,421246.28707035823,200753.65898692235,42157.00000000004
414,121163.46365179127,0.6520650802691312,0,0,0,0,419728.7722336788,200169.92730358252,42157.00000000003
415,120873.07050430188,0.6512291793026003,0,0,0,0,418220.7272963457,199589.14100860374,42157.00000000003
416,120584.13896036432,0.6503934898614077,0,0,0,0,416722.0694101886,199011.2779207286,42157.00000000004
417,120296.65804044686,0.6495580119455542,0,0,0,0,415232.71665813535,198436.31608089368,42157.00000000003
418,120010.61687472653,0.6487227455550391,0,0,0,0,413752.5880414414,197864.23374945304,42157.00000000004
419,119726.00470172291,0.6478876906898625,0,0,0,0,412281.60346713266,197295.0094034458,42157.00000000003
420,119442.81086695152,0.647052847350025,0,0,0,0,410819.68373564625,196728.621733903,42157.00000000003
421,119161.02482159696,0.6462182155355263,0,0,0,0,409366.75052866974,196165.0496431939,42157.00000000002
422,118880.63612120648,0.6453837952463659,0,0,0,0,407922.726397178,195604.27224241293,42157.00000000003
423,118601.63442440264,0.6445495864825443,0,0,0,0,406487.53474966163,195046.26884880525,42157.00000000002
424,118324.00949161472,0.6437155892440615,0,0,0,0,405061.09984054096,194491.0189832294,42157.00000000003
425,118047.75118382892,0.6428818035309172,0,0,0,0,403643.3467587662,193938.5023676578,42157.00000000002
426,117772.84946135731,0.6420482293431116,0,0,0,0,402234.2014165999,193388.6989227146,42157.00000000002
427,117499.29438262436,0.641214866680645,0,0,0,0,400833.5905385754,192841.58876524869,42157.00000000002
428,117227.076102971,0.6403817155435167,0,0,0,0,399441.4416506286,192297.15220594197,42157.00000000004
429,116956.18487347708,0.6395487759317271,0,0,0,0,398057.68306940625,191755.36974695412,42157.00000000004
430,116686.61103980028,0.6387160478452765,0,0,0,0,396682.2438917389,191216.22207960053,42157.00000000004
431,116418.34504103148,0.6378835312841644,0,0,0,0,395315.053984277,190679.69008206294,42157.00000000003
432,116151.37740856782,0.637051226248391,0,0,0,0,393956.0439732954,190145.7548171356,42157.00000000004
433,115885.69876500107,0.6362191327379564,0,0,0,0,392605.145234652,189614.3975300021,42157.00000000003
434,115621.29982302237,0.6353872507528602,0,0,0,0,391262.28988390433,189085.59964604472,42157.00000000003
435,115358.171384343,0.6345555802931028,0,0,0,0,389927.4107665822,188559.34276868598,42157.00000000003
436,115096.30433863016,0.6337241213586844,0,0,0,0,388600.4414486077,188035.6086772603,42157.00000000003
437,114835.6896624578,0.6328928739496043,0,0,0,0,387281.3162068639,187514.37932491556,42157.00000000002
438,114576.31841827369,0.6320618380658629,0,0,0,0,385969.9700199142,186995.63683654735,42157.00000000004
439,114318.1817533794,0.6312310137074603,0,0,0,0,384666.3385588564,186479.36350675873,42157.00000000003
440,114061.27089892626,0.6304004008743964,0,0,0,0,383370.35817832494,185965.5417978525,42157.00000000002
441,113805.57716892482,0.6295699995666715,0,0,0,0,382081.9659076265,185454.1543378496,42157.00000000002
442,113551.09195926803,0.6287398097842847,0,0,0,0,380801.0994420107,184945.18391853603,42157.00000000003
443,113297.80674676946,0.6279098315272367,0,0,0,0,379527.69713407994,184438.6134935389,42157.00000000003
444,113045.71308821374,0.6270800647955277,0,0,0,0,378261.697985323,183934.42617642746,42157.00000000004
445,112794.80261942057,0.6262505095891573,0,0,0,0,377003.04163777933,183432.60523884112,42157.00000000003
446,112545.06705432269,0.6254211659081255,0,0,0,0,375751.66836583294,182933.13410864535,42157.00000000004
447,112296.49818405569,0.6245920337524322,0,0,0,0,374507.5190681259,182435.99636811134,42157.00000000004
448,112049.08787606125,0.6237631131220778,0,0,0,0,373270.5352595967,181941.17575212248,42157.00000000002
449,111802.82807320243,0.6229344040170619,0,0,0,0,372040.659063637,181448.65614640483,42157.00000000004
450,111557.71079289133,0.622105906437385,0,0,0,0,370817.83320436627,180958.42158578263,42157.00000000003
451,111313.7281262289,0.6212776203830463,0,0,0,0,369602.0009990221,180470.45625245778,42157.00000000004
452,111070.87223715687,0.6204495458540469,0,0,0,0,368393.1063504664,179984.74447431372,42157.00000000003
453,110829.13536162056,0.6196216828503858,0,0,0,0,367191.0937397979,179501.2707232411,42157.00000000003
454,110588.50980674433,0.6187940313720635,0,0,0,0,365995.9082190818,179020.01961348864,42157.00000000003
455,110348.98795001743,0.61796659141908,0,0,0,0,364807.4954041812,178540.97590003483,42157.00000000003
456,110110.56223849129,0.6171393629914349,0,0,0,0,363625.80146769696,178064.12447698254,42157.00000000003
457,109873.2251879882,0.6163123460891289,0,0,0,0,362450.77313201403,177589.45037597636,42157.00000000002
458,109636.96938231979,0.6154855407121612,0,0,0,0,361282.357662445,177116.93876463955,42157.00000000003
459,109401.78747251722,0.6146589468605321,0,0,0,0,360120.50286048005,176646.5749450344,42157.00000000003
460,109167.67217607128,0.613832564534242,0,0,0,0,358965.15705713327,176178.34435214254,42157.00000000004
461,108934.61627618241,0.6130063937332904,0,0,0,0,357816.2691063848,175712.2325523648,42157.00000000004
462,108702.61262102175,0.6121804344576776,0,0,0,0,356673.7883787227,175248.22524204347,42157.00000000003
463,108471.65412300134,0.6113546867074034,0,0,0,0,355537.6647547755,174786.30824600265,42157.00000000003
464,108241.73375805459,0.6105291504824681,0,0,0,0,354407.8486190393,174326.46751610914,42157.00000000003
465,108012.84456492604,0.6097038257828712,0,0,0,0,353284.29085369396,173868.68912985205,42157.00000000003
466,107784.97964447124,0.608878712608613,0,0,0,0,352166.94283251243,173412.95928894245,42157.00000000003
467,107558.1321589652,0.6080538109596937,0,0,0,0,351055.7564148533,172959.26431793039,42157.00000000003
468,107332.2953314206,0.607229120836113,0,0,0,0,349950.68393974367,172507.59066284116,42157.00000000003
469,107107.46244491474,0.6064046422378708,0,0,0,0,348851.6782200445,172057.92488982945,42157.00000000003
470,106883.62684192597,0.6055803751649678,0,0,0,0,347758.6925367031,171610.25368385192,42157.00000000002
471,106660.7819236779,0.6047563196174031,0,0,0,0,346671.68063308246,171164.56384735578,42157.00000000002
472,106438.92114949347,0.603932475595177,0,0,0,0,345590.5967093782,170720.84229898688,42157.00000000003
473,106218.0380361565,0.6031088430982896,0,0,0,0,344515.39541710896,170279.07607231298,42157.00000000004
474,105998.12615728239,0.6022854221267409,0,0,0,0,343446.03185369004,169839.25231456474,42157.00000000003
475,105779.1791426966,0.6014622126805309,0,0,0,0,342382.4615570805,169401.35828539316,42157.00000000004
476,105561.19067782137,0.6006392147596598,0,0,0,0,341324.6405005077,168965.38135564272,42157.00000000003
477,105344.15450307068,0.5998164283641272,0,0,0,0,340272.52508726675,168531.30900614132,42157.00000000004
478,105128.0644132527,0.5989938534939333,0,0,0,0,339226.07214559155,168099.12882650536,42157.00000000003
479,104912.91425698053,0.598171490149078,0,0,0,0,338185.23892360035,167668.82851396102,42157.00000000004
480,104698.69793609006,0.5973493383295616,0,0,0,0,337149.98308431025,167240.3958721801,42157.00000000002
481,104485.40940506569,0.5965273980353838,0,0,0,0,336120.26270072244,166813.81881013134,42157.00000000004
482,104273.04267047327,0.5957056692665446,0,0,0,0,335096.0362509754,166389.0853409465,42157.00000000003
483,104061.5917904008,0.5948841520230443,0,0,0,0,334077.26261356776,165966.18358080156,42157.00000000002
484,103851.05087390548,0.5940628463048825,0,0,0,0,333063.9010626444,165545.10174781093,42157.00000000004
485,103641.41408046884,0.5932417521120594,0,0,0,0,332055.91126335063,165125.82816093764,42157.00000000004
486,103432.67561945807,0.592420869444575,0,0,0,0,331053.2532672499,164708.3512389161,42157.00000000003
487,103224.82974959488,0.5916001983024295,0,0,0,0,330055.8875078053,164292.65949918973,42157.00000000002
488,103017.87077843022,0.5907797386856222,0,0,0,0,329063.77479592065,163878.74155686042,42157.00000000002
489,102811.7930618271,0.5899594905941539,0,0,0,0,328076.87631554913,163466.58612365418,42157.00000000002
490,102606.59100344841,0.5891394540280243,0,0,0,0,327095.1536193548,163056.1820068968,42157.00000000003
491,102402.25905425232,0.5883196289872334,0,0,0,0,326118.5686244391,162647.51810850462,42157.00000000003
492,102198.79171199362,0.5875000154717811,0,0,0,0,325147.0836081229,162240.5834239872,42157.00000000004
493,101996.18352073157,0.5866806134816676,0,0,0,0,324180.6612037885,161835.36704146312,42157.00000000002
494,101794.42907034373,0.5858614230168924,0,0,0,0,323219.26439677534,161431.85814068743,42157.00000000004
495,101593.52299604611,0.5850424440774564,0,0,0,0,322262.8565203351,161030.0459920922,42157.00000000002
496,101393.45997791902,0.584223676663359,0,0,0,0,321311.40125163697,160629.919955838,42157.00000000003
497,101194.23474043912,0.5834051207745998,0,0,0,0,320364.86260783166,160231.4694808782,42157.00000000003
498,100995.84205201767,0.5825867764111797,0,0,0,0,319423.20494216715,159834.68410403532,42157.00000000003
499,100798.27672454354,0.5817686435730984,0,0,0,0,318486.3929401541,159439.55344908705,42157.00000000002
500,100601.53361293272,0.5809507222603554,0,0,0,0,317554.3916157866,159046.0672258654,42157.00000000004
501,100405.60761468342,0.5801330124729513,0,0,0,0,316627.1663078122,158654.21522936682,42157.00000000003
502,100210.49366943617,0.5793155142108859,0,0,0,0,315704.6826760509,158263.9873388723,42157.00000000003
503,100016.18675853976,0.5784982274741592,0,0,0,0,314786.90669776534,157875.37351707948,42157.00000000003
504,99822.68190462232,0.5776811522627712,0,0,0,0,313873.80466407706,157488.36380924462,42157.00000000002
505,99629.97417116803,0.5768642885767217,0,0,0,0,312965.3431764333,157102.94834233602,42157.00000000003
506,99438.05866209861,0.5760476364160113,0,0,0,0,312061.4891431186,156719.1173241972,42157.00000000003
507,99246.93052135987,0.5752311957806391,0,0,0,0,311162.209775812,156336.8610427197,42157.00000000003
508,99056.58493251423,0.5744149666706059,0,0,0,0,310267.47258619417,155956.16986502844,42157.00000000003
509,98867.01711833682,0.5735989490859112,0,0,0,0,309377.2453825929,155577.03423667361,42157.00000000002
510,98678.22234041773,0.5727831430265552,0,0,0,0,308491.4962666788,155199.44468083544,42157.00000000003
511,98490.19589876842,0.571967548492538,0,0,0,0,307610.1936302006,154823.3917975368,42157.00000000003
512,98302.93313143306,0.5711521654838595,0,0,0,0,306733.3061517647,154448.8662628661,42157.00000000003
513,98116.42941410461,0.5703369940005196,0,0,0,0,305860.8027936568,154075.8588282092,42157.00000000002
514,97930.68015974568,0.5695220340425182,0,0,0,0,304992.6527987057,153704.36031949133,42157.00000000004
515,97745.68081821367,0.5687072856098558,0,0,0,0,304128.82568718656,153334.36163642732,42157.00000000002
516,97561.42687589065,0.567892748702532,0,0,0,0,303269.2912537659,152965.85375178128,42157.00000000003
517,97377.91385531751,0.5670784233205468,0,0,0,0,302414.01956448524,152598.827710635,42157.00000000003
518,97195.13731483277,0.5662643094639002,0,0,0,0,301562.9809537847,152233.2746296655,42157.00000000004
519,97013.09284821551,0.5654504071325928,0,0,0,0,300716.1460215656,151869.185696431,42157.00000000003
520,96831.77608433228,0.5646367163266235,0,0,0,0,299873.4856302873,151506.55216866452,42157.00000000003
521,96651.18268678912,0.5638232370459931,0,0,0,0,299034.97090210853,151145.3653735782,42157.00000000003
522,96471.3083535866,0.5630099692907014,0,0,0,0,298200.5732160576,150785.61670717318,42157.00000000003
523,96292.14881677985,0.5621969130607483,0,0,0,0,297370.2642052453,150427.29763355968,42157.00000000004
524,96113.69984214204,0.561384068356134,0,0,0,0,296544.0157541092,150070.39968428406,42157.00000000003
525,95935.95722883215,0.5605714351768583,0,0,0,0,295721.7999956954,149714.91445766427,42157.00000000002
526,95758.9168090667,0.5597590135229213,0,0,0,0,294903.5893089757,149360.83361813336,42157.00000000003
527,95582.57444779488,0.558946803394323,0,0,0,0,294089.3563161951,149008.14889558972,42157.00000000003
528,95406.92604237823,0.5581348047910635,0,0,0,0,293279.07388025837,148656.85208475642,42157.00000000002
529,95231.96752227341,0.5573230177131423,0,0,0,0,292472.71510214533,148306.9350445468,42157.00000000004
530,95057.69484871921,0.5565114421605601,0,0,0,0,291670.2533183619,147958.3896974384,42157.00000000004
531,94884.10401442667,0.5557000781333166,0,0,0,0,290871.6620984204,147611.20802885332,42157.00000000004
532,94711.19104327339,0.5548889256314118,0,0,0,0,290076.91524235497,147265.38208654674,42157.00000000003
533,94538.95199000098,0.5540779846548456,0,0,0,0,289285.986778266,146920.90398000192,42157.00000000003
534,94367.38293991624,0.5532672552036182,0,0,0,0,288498.8509598956,146577.76587983244,42157.00000000004
535,94196.48000859564,0.5524567372777294,0,0,0,0,287715.48226423474,146235.96001719125,42157.00000000003
536,94026.2393415935,0.5516464308771792,0,0,0,0,286935.85538915906,145895.47868318696,42157.00000000003
537,93856.6571141532,0.5508363360019678,0,0,0,0,286159.9452510949,145556.31422830638,42157.00000000003
538,93687.72953092193,0.5500264526520948,0,0,0,0,285387.72698271397,145218.45906184384,42157.00000000004
539,93519.45282566879,0.549216780827561,0,0,0,0,284619.17593065783,144881.90565133755,42157.00000000003
540,93351.82326100573,0.5484073205283655,0,0,0,0,283854.26765328826,144546.64652201143,42157.00000000004
541,93184.83712811228,0.5475980717545088,0,0,0,0,283092.97791846853,144212.67425622453,42157.00000000004
542,93018.49074646297,0.5467890345059909,0,0,0,0,282335.2827013701,143879.9814929259,42157.00000000003
543,92852.78046355797,0.5459802087828115,0,0,0,0,281581.1581823065,143548.5609271159,42157.00000000003
544,92687.70265465703,0.5451715945849708,0,0,0,0,280830.58074459556,143218.40530931402,42157.00000000003
545,92523.2537225161,0.5443631919124687,0,0,0,0,280083.5269724458,142889.50744503218,42157.00000000004
546,92359.43009712723,0.5435550007653058,0,0,0,0,279339.9736488702,142561.86019425443,42157.00000000003
547,92196.22823546098,0.5427470211434811,0,0,0,0,278599.89775362413,142235.45647092193,42157.00000000004
548,92033.64462121257,0.5419392530469951,0,0,0,0,277863.2764611714,141910.28924242512,42157.00000000004
549,91871.67576455002,0.5411316964758479,0,0,0,0,277130.0871386717,141586.3515291,42157.00000000002
550,91710.3182018656,0.5403243514300394,0,0,0,0,276400.30734399485,141263.63640373116,42157.00000000003
551,91549.56849552991,0.5395172179095696,0,0,0,0,275673.9148237575,140942.1369910598,42157.00000000003
552,91389.42323364885,0.5387102959144383,0,0,0,0,274950.8875113858,140621.84646729767,42157.00000000004
553,91229.87902982334,0.5379035854446461,0,0,0,0,274231.2035252002,140302.75805964664,42157.00000000003
554,91070.9325229113,0.5370970865001923,0,0,0,0,273514.84116652247,139984.86504582257,42157.00000000004
555,90912.58037679298,0.536290799081077,0,0,0,0,272801.7789178083,139668.16075358592,42157.00000000003
556,90754.8192801385,0.5354847231873008,0,0,0,0,272091.9954408003,139352.63856027697,42157.00000000003
557,90597.64594617771,0.5346788588188629,0,0,0,0,271385.46957470285,139038.2918923554,42157.00000000003
558,90441.05711247333,0.5338732059757638,0,0,0,0,270682.18033438106,138725.11422494662,42157.00000000004
559,90285.04954069585,0.5330677646580033,0,0,0,0,269982.1069085792,138413.09908139167,42157.00000000002
560,90129.62001640163,0.5322625348655816,0,0,0,0,269285.2286581621,138102.24003280324,42157.00000000004
561,89974.7653488127,0.5314575165984989,0,0,0,0,268591.52511437587,137792.53069762536,42157.00000000003
562,89820.48237059951,0.5306527098567546,0,0,0,0,267900.97597713023,137483.964741199,42157.00000000002
563,89666.76793766611,0.529848114640349,0,0,0,0,267213.56111330225,137176.5358753322,42157.00000000003
564,89513.61892893726,0.5290437309492819,0,0,0,0,266529.260555058,136870.23785787448,42157.00000000002
565,89361.0322461483,0.5282395587835534,0,0,0,0,265848.05449819664,136565.06449229657,42157.00000000003
566,89209.00481363715,0.5274355981431642,0,0,0,0,265169.92330051214,136261.00962727427,42157.00000000002
567,89057.53357813827,0.5266318490281132,0,0,0,0,264494.84748017427,135958.06715627652,42157.00000000004
568,88906.61550857962,0.5258283114384011,0,0,0,0,263822.80771413085,135656.2310171592,42157.00000000003
569,88756.24759588102,0.5250249853740274,0,0,0,0,263153.78483652655,135355.49519176202,42157.00000000004
570,88606.42685275544,0.5242218708349928,0,0,0,0,262487.7598371419,135055.85370551085,42157.00000000004
571,88457.15031351152,0.5234189678212967,0,0,0,0,261824.71385984818,134757.300627023,42157.00000000003
572,88308.41503385932,0.522616276332939,0,0,0,0,261164.62820108395,134459.8300677186,42157.00000000004
573,88160.21809071742,0.5218137963699203,0,0,0,0,260507.48430834673,134163.4361814348,42157.00000000004
574,88012.55658202211,0.5210115279322401,0,0,0,0,259853.26377870215,133868.1131640442,42157.00000000003
575,87865.42762653923,0.520209471019899,0,0,0,0,259201.94835731314,133573.85525307842,42157.00000000004
576,87718.82836367708,0.5194076256328961,0,0,0,0,258553.51993598178,133280.65672735413,42157.00000000003
577,87572.75595330259,0.5186059917712321,0,0,0,0,257907.96055171406,132988.51190660516,42157.00000000003
578,87427.2075755581,0.5178045694349067,0,0,0,0,257265.25238529453,132697.41515111618,42157.00000000002
579,87282.18043068118,0.51700335862392,0,0,0,0,256625.37775988335,132407.36086136234,42157.00000000003
580,87137.6717388258,0.5162023593382723,0,0,0,0,255988.31913962544,132118.34347765156,42157.00000000003
581,86993.67873988539,0.5154015715779631,0,0,0,0,255354.05912827735,131830.35747977076,42157.00000000003
582,86850.19869331825,0.5146009953429923,0,0,0,0,254722.58046785012,131543.39738663647,42157.00000000003
583,86707.22887797437,0.5138006306333602,0,0,0,0,254093.86603726773,131257.4577559487,42157.00000000004
584,86564.76659192418,0.5130004774490671,0,0,0,0,253467.8988510395,130972.53318384834,42157.00000000003
585,86422.8091522892,0.5122005357901126,0,0,0,0,252844.66205794935,130688.6183045784,42157.00000000003
586,86281.3538950744,0.5114008056564968,0,0,0,0,252224.13893975917,130405.70779014875,42157.00000000003
587,86140.39817500231,0.5106012870482195,0,0,0,0,251606.312909927,130123.79635000459,42157.00000000003
588,85999.93936534913,0.5098019799652811,0,0,0,0,250991.1675123405,129842.87873069823,42157.00000000002
589,85859.97485778212,0.5090028844076813,0,0,0,0,250378.68642006387,129562.9497155642,42157.00000000003
590,85720.50206219904,0.5082040003754202,0,0,0,0,249768.8534340993,129284.00412439805,42157.00000000003
591,85581.51840656913,0.507405327868498,0,0,0,0,249161.65248216264,129006.03681313823,42157.00000000002
592,85443.02133677574,0.5066068668869141,0,0,0,0,248557.06761747264,128729.04267355145,42157.00000000003
593,85305.00831646073,0.5058086174306688,0,0,0,0,247955.08301755422,128453.01663292144,42157.00000000002
594,85167.47682687048,0.5050105794997625,0,0,0,0,247355.6829830554,128177.95365374091,42157.00000000003
595,85030.42436670313,0.5042127530941949,0,0,0,0,246758.85193657578,127903.84873340622,42157.00000000003
596,84893.84845195786,0.5034151382139658,0,0,0,0,246164.57442151025,127630.6969039157,42157.00000000003
597,84757.74661578571,0.5026177348590755,0,0,0,0,245572.8351009053,127358.4932315714,42157.00000000003
598,84622.11640834158,0.5018205430295238,0,0,0,0,244983.61875632714,127087.23281668314,42157.00000000003
599,84486.95539663809,0.501023562725311,0,0,0,0,244396.91028674314,126816.91079327615,42157.00000000004
600,84352.26116440071,0.5002267939464367,0,0,0,0,243812.69470741518,126547.5223288014,42157.00000000003
601,84218.03131192476,0.499430236692901,0,0,0,0,243230.9571488069,126279.0626238495,42157.00000000003
602,84084.26345593337,0.4986338909647041,0,0,0,0,242651.68285550075,126011.5269118667,42157.00000000004
603,83950.95522943723,0.49783775676184605,0,0,0,0,242074.85718512864,125744.91045887444,42157.00000000003
604,83818.10428159568,0.49704183408432645,0,0,0,0,241500.46560731388,125479.20856319132,42157.00000000002
605,83685.70827757937,0.49624612293214576,0,0,0,0,240928.49370262556,125214.4165551587,42157.00000000003
606,83553.7648984339,0.49545062330530365,0,0,0,0,240358.92716154258,124950.52979686779,42157.00000000002
607,83422.27184094538,0.4946553352037999,0,0,0,0,239791.7517834314,124687.54368189073,42157.00000000003
608,83291.22681750712,0.49386025862763516,0,0,0,0,239226.95347553416,124425.4536350142,42157.00000000004
609,83160.62755598742,0.49306539357680934,0,0,0,0,238664.51825196628,124164.25511197482,42157.00000000003
610,83030.47179959908,0.4922707400513219,0,0,0,0,238104.43223272762,123903.94359919814,42157.00000000003
611,82900.75730677019,0.4914762980511732,0,0,0,0,237546.68164272333,123644.51461354033,42157.00000000003
612,82771.48185101592,0.4906820675763629,0,0,0,0,236991.25281079448,123385.9637020318,42157.00000000004
613,82642.64322081205,0.4898880486268915,0,0,0,0,236438.13216876145,123128.28644162408,42157.00000000003
614,82514.23921946928,0.4890942412027588,0,0,0,0,235887.30625047509,122871.47843893853,42157.00000000003
615,82386.26766500923,0.4883006453039651,0,0,0,0,235338.76169088043,122615.53533001844,42157.00000000003
616,82258.72639004132,0.4875072609305099,0,0,0,0,234792.4852250887,122360.45278008263,42157.00000000003
617,82131.61324164126,0.48671408808239314,0,0,0,0,234248.46368746116,122106.22648328247,42157.00000000003
618,82004.92608123051,0.4859211267596152,0,0,0,0,233706.68401070213,121852.85216246099,42157.00000000003
619,81878.66278445693,0.4851283769621758,0,0,0,0,233167.13322496068,121600.32556891382,42157.00000000004
620,81752.82124107674,0.48433583869007535,0,0,0,0,232629.79845694388,121348.64248215346,42157.00000000004
621,81627.39935483756,0.4835435119433137,0,0,0,0,232094.66692903813,121097.79870967507,42157.00000000003
622,81502.3950433626,0.4827513967218904,0,0,0,0,231561.7259584406,120847.79008672517,42157.00000000003
623,81377.80623803622,0.48195949302580576,0,0,0,0,231030.96295630027,120598.61247607242,42157.00000000003
624,81253.63088389032,0.48116780085506006,0,0,0,0,230502.36542686727,120350.26176778063,42157.00000000002
625,81129.86693949191,0.4803763202096527,0,0,0,0,229975.92096665184,120102.7338789838,42157.00000000003
626,81006.5123768321,0.4795850510895844,0,0,0,0,229451.61726359278,119856.02475366417,42157.00000000003
627,80883.56518121564,0.47879399349485463,0,0,0,0,228929.44209623308,119610.13036243126,42157.00000000003
628,80761.02335115208,0.47800314742546357,0,0,0,0,228409.3833329065,119365.04670230413,42157.00000000002
629,80638.88489824769,0.4772125128814112,0,0,0,0,227891.42893093117,119120.76979649537,42157.00000000003
630,80517.14784709847,0.4764220898626974,0,0,0,0,227375.5669358123,118877.29569419692,42157.00000000003
631,80395.8102351844,0.47563187836932264,0,0,0,0,226861.78548045366,118634.62047036875,42157.00000000003
632,80274.8701127643,0.4748418784012862,0,0,0,0,226350.07278437607,118392.74022552857,42157.00000000003
633,80154.32554277235,0.4740520899585887,0,0,0,0,225840.41715294647,118151.65108554467,42157.00000000003
634,80034.1746007149,0.47326251304122946,0,0,0,0,225332.80697661228,117911.34920142978,42157.00000000003
635,79914.41537456904,0.47247314764920945,0,0,0,0,224827.23073014678,117671.83074913805,42157.00000000003
636,79795.04596468127,0.4716839937825278,0,0,0,0,224323.676971899,117433.09192936252,42157.00000000003
637,79676.06448366807,0.47089505144118493,0,0,0,0,223822.13434305516,117195.12896733612,42157.00000000003
638,79557.46905631675,0.47010632062518054,0,0,0,0,223322.5915669047,116957.93811263348,42157.00000000003
639,79439.25781948767,0.46931780133451506,0,0,0,0,222825.0374481164,116721.5156389753,42157.00000000004
640,79321.42892201703,0.46852949356918827,0,0,0,0,222329.4608720196,116485.85784403405,42157.00000000003
641,79203.980524621,0.46774139732920006,0,0,0,0,221835.85080389545,116250.96104924197,42157.00000000003
642,79086.91079980053,0.46695351261455076,0,0,0,0,221344.19628827382,116016.82159960104,42157.00000000002
643,78970.21793174697,0.4661658394252397,0,0,0,0,220854.4864482375,115783.43586349391,42157.00000000003
644,78853.90011624903,0.46537837776126756,0,0,0,0,220366.71048473543,115550.80023249802,42157.00000000003
645,78737.95556060006,0.4645911276226341,0,0,0,0,219880.8576759002,115318.91112120012,42157.00000000003
646,78622.38248350669,0.46380408900933934,0,0,0,0,219396.91737637515,115087.76496701335,42157.00000000003
647,78507.17911499804,0.4630172619213835,0,0,0,0,218914.8790166469,114857.35822999605,42157.00000000003
648,78392.34369633591,0.462230646358766,0,0,0,0,218434.73210238514,114627.6873926718,42157.00000000003
649,78277.87447992593,0.4614442423214872,0,0,0,0,217956.46621378968,114398.74895985182,42157.00000000003
650,78163.76972922935,0.4606580498095473,0,0,0,0,217480.07100494354,114170.53945845865,42157.00000000003
651,78050.02771867572,0.45987206882294607,0,0,0,0,217005.53620317293,113943.0554373514,42157.00000000003
652,77936.64673357648,0.4590862993616833,0,0,0,0,216532.8516084136,113716.29346715292,42157.00000000003
653,77823.62507003943,0.4583007414257596,0,0,0,0,216062.00709258445,113490.25014007883,42157.00000000003
654,77710.96103488364,0.45751539501517435,0,0,0,0,215592.99259896588,113264.92206976724,42157.00000000003
655,77598.65294555562,0.45673026012992757,0,0,0,0,215125.7981415863,113040.30589111122,42157.00000000003
656,77486.6991300461,0.4559453367700198,0,0,0,0,214660.4138046145,112816.39826009216,42157.00000000003
657,77375.09792680739,0.45516062493545084,0,0,0,0,214196.82974175632,112593.19585361473,42157.00000000003
658,77263.8476846717,0.45437612462622,0,0,0,0,213735.0361756595,112370.69536934335,42157.00000000003
659,77152.94676277052,0.4535918358423282,0,0,0,0,213275.02339732516,112148.893525541,42157.00000000002
660,77042.39353045408,0.4528077585837751,0,0,0,0,212816.78176552203,111927.78706090813,42157.00000000004
661,76932.18636721204,0.45202389285056055,0,0,0,0,212360.3017062095,111707.37273442406,42157.00000000003
662,76822.32366259494,0.4512402386426847,0,0,0,0,211905.57371196582,111487.64732518983,42157.00000000004
663,76712.80381613607,0.45045679596014765,0,0,0,0,211452.58834142107,111268.6076322721,42157.00000000003
664,76603.62523727438,0.4496735648029494,0,0,0,0,211001.33621869702,111050.25047454874,42157.00000000003
665,76494.78634527784,0.44889054517108984,0,0,0,0,210551.8080328518,110832.57269055565,42157.00000000003
666,76386.28556916768,0.44810773706456875,0,0,0,0,210103.99453733015,110615.57113833533,42157.00000000003
667,76278.1213476434,0.44732514048338634,0,0,0,0,209657.8865494203,110399.2426952868,42157.00000000003
668,76170.29212900824,0.44654275542754274,0,0,0,0,209213.47494971473,110183.58425801646,42157.00000000003
669,76062.79637109539,0.4457605818970376,0,0,0,0,208770.7506815767,109968.59274219075,42157.00000000003
670,75955.63254119515,0.44497861989187126,0,0,0,0,208329.70475061337,109754.26508239028,42157.00000000003
671,75848.79911598239,0.4441968694120436,0,0,0,0,207890.3282241521,109540.59823196473,42157.00000000003
672,75742.2945814449,0.4434153304575551,0,0,0,0,207452.61223072375,109327.58916288978,42157.00000000003
673,75636.11743281219,0.4426340030284046,0,0,0,0,207016.54795954915,109115.23486562434,42157.00000000003
674,75530.26617448541,0.44185288712459325,0,0,0,0,206582.1266600337,108903.5323489708,42157.00000000003
675,75424.73931996721,0.44107198274612003,0,0,0,0,206149.33964126316,108692.47863993439,42157.00000000003
676,75319.53539179299,0.44029128989298616,0,0,0,0,205718.17827150796,108482.07078358595,42157.00000000003
677,75214.65292146192,0.4395108085651904,0,0,0,0,205288.63397772895,108272.30584292382,42157.00000000003
678,75110.09044936964,0.4387305387627338,0,0,0,0,204860.69824509203,108063.18089873926,42157.00000000003
679,75005.84652474045,0.4379504804856156,0,0,0,0,204434.36261648295,107854.69304948088,42157.00000000003
680,74901.91970556107,0.43717063373383613,0,0,0,0,204009.61869203122,107646.83941112211,42157.00000000003
681,74798.30855851439,0.4363909985073955,0,0,0,0,203586.4581286356,107439.61711702874,42157.00000000003
682,74695.01165891398,0.4356115748062932,0,0,0,0,203164.87263949536,107233.02331782793,42157.00000000003
683,74592.02759063948,0.43483236263053004,0,0,0,0,202744.85399364692,107027.05518127893,42157.00000000003
684,74489.35494607195,0.43405336198010536,0,0,0,0,202326.39401550268,106821.70989214387,42157.00000000003
685,74386.9923260305,0.43327457285501936,0,0,0,0,201909.48458439717,106616.98465206096,42157.00000000003
686,74284.93833970896,0.4324959952552718,0,0,0,0,201494.11763413547,106412.87667941788,42157.00000000003
687,74183.1916046135,0.4317176291808634,0,0,0,0,201080.28515254744,106209.38320922696,42157.00000000003
688,74081.75074650036,0.4309394746317934,0,0,0,0,200667.97918104441,106006.50149300069,42157.00000000003
689,73980.6143993147,0.43016153160806214,0,0,0,0,200257.19181418276,105804.22879862935,42157.00000000003
690,73879.78120512946,0.4293838001096696,0,0,0,0,199847.91519922917,105602.5624102589,42157.00000000003
691,73779.24981408515,0.4286062801366156,0,0,0,0,199440.1415357318,105401.49962817028,42157.00000000003
692,73679.01888433,0.42782897168890033,0,0,0,0,199033.86307509488,105201.03776865997,42157.00000000003
693,73579.08708196062,0.42705187476652373,0,0,0,0,198629.07212015727,105001.17416392121,42157.00000000003
694,73479.4530809633,0.42627498936948593,0,0,0,0,198225.76102477548,104801.90616192657,42157.00000000003
695,73380.11556315573,0.42549831549778694,0,0,0,0,197823.92219341043,104603.23112631144,42157.00000000003
696,73281.07321812924,0.4247218531514264,0,0,0,0,197423.5480807179,104405.14643625845,42157.00000000003
697,73182.3247431917,0.42394560233040446,0,0,0,0,197024.63119114394,104207.64948638337,42157.00000000003
698,73083.86884331072,0.4231695630347214,0,0,0,0,196627.16407852268,104010.7376866214,42157.00000000003
699,72985.70423105743,0.4223937352643772,0,0,0,0,196231.13934567908,103814.40846211484,42157.00000000003
700,72887.82962655077,0.4216181190193713,0,0,0,0,195836.54964403468,103618.6592531015,42157.00000000003
701,72790.24375740236,0.42084271429970455,0,0,0,0,195443.3876732182,103423.48751480471,42157.00000000003
702,72692.9453586615,0.4200675211053758,0,0,0,0,195051.646180678,103228.89071732297,42157.00000000003
703,72595.93317276135,0.41929253943638656,0,0,0,0,194661.31796130099,103034.86634552268,42157.00000000003
704,72499.20594946454,0.41851776929273543,0,0,0,0,194272.39585703117,102841.41189892904,42157.00000000003
705,72402.76244581041,0.417743210674423,0,0,0,0,193884.87275649642,102648.5248916208,42157.00000000003
706,72306.60142606184,0.41696886358144936,0,0,0,0,193498.74159463498,102456.20285212364,42157.00000000003
707,72210.72166165293,0.4161947280138145,0,0,0,0,193113.99535232736,102264.44332330584,42157.00000000003
708,72115.12193113707,0.41542080397151837,0,0,0,0,192730.62705603128,102073.2438622741,42157.00000000003
709,72019.80102013536,0.4146470914545607,0,0,0,0,192348.62977741988,101882.60204027069,42157.00000000003
710,71924.75772128576,0.4138735904629417,0,0,0,0,191967.99663302384,101692.51544257149,42157.00000000003
711,71829.99083419233,0.4131003009966616,0,0,0,0,191588.72078387623,101502.98166838463,42157.00000000004
712,71735.49916537506,0.4123272230557202,0,0,0,0,191210.79543516066,101313.9983307501,42157.00000000003
713,71641.28152822025,0.4115543566401175,0,0,0,0,190834.21383586354,101125.56305644049,42157.00000000003
714,71547.33674293103,0.41078170174985307,0,0,0,0,190458.96927842838,100937.67348586202,42157.00000000003
715,71453.66363647878,0.41000925838492785,0,0,0,0,190085.05509841492,100750.32727295753,42157.00000000003
716,71360.26104255427,0.4092370265453409,0,0,0,0,189712.46467415907,100563.5220851085,42157.00000000003
717,71267.12780152,0.40846500623109294,0,0,0,0,189341.1914264389,100377.25560303996,42157.00000000003
718,71174.26276036224,0.40769319744218346,0,0,0,0,188971.22881814072,100191.52552072445,42157.00000000003
719,71081.6647726441,0.4069216001786128,0,0,0,0,188602.5703539311,100006.32954528816,42157.00000000004
720,70989.33269845847,0.4061502144403808,0,0,0,0,188235.20957992956,99821.66539691691,42157.00000000003
721,70897.26540438177,0.4053790402274876,0,0,0,0,187869.14008338592,99637.5308087635,42157.00000000003
722,70805.46176342775,0.4046080775399328,0,0,0,0,187504.35549235926,99453.92352685548,42157.00000000003
723,70713.92065500208,0.40383732637771685,0,0,0,0,187140.8494754016,99270.84131000412,42157.00000000003
724,70622.64096485687,0.4030667867408395,0,0,0,0,186778.61574124236,99088.2819297137,42157.00000000003
725,70531.621585046,0.40229645862930097,0,0,0,0,186417.6480384777,98906.24317009197,42157.00000000003
726,70440.86141388047,0.4015263420431009,0,0,0,0,186057.94015526085,98724.72282776091,42157.00000000003
727,70350.35935588449,0.40075643698223995,0,0,0,0,185699.48591899732,98543.71871176895,42157.00000000003
728,70260.11432175145,0.39998674344671725,0,0,0,0,185342.27919604056,98363.22864350287,42157.00000000003
729,70170.12522830095,0.3992172614365336,0,0,0,0,184986.31389139305,98183.25045660186,42157.00000000003
730,70080.3909984354,0.39844799095168837,0,0,0,0,184631.58394840706,98003.78199687076,42157.00000000003
731,69990.91056109767,0.39767893199218185,0,0,0,0,184278.08334849135,97824.82112219531,42157.00000000003
732,69901.68285122867,0.3969100845580139,0,0,0,0,183925.80611081782,97646.36570245732,42157.00000000003
733,69812.7068097255,0.39614144864918477,0,0,0,0,183574.74629203253,97468.41361945096,42157.00000000003
734,69723.98138339976,0.3953730242656943,0,0,0,0,183224.89798596836,97290.9627667995,42157.00000000003
735,69635.5055249365,0.3946048114075428,0,0,0,0,182876.25532336114,97114.01104987296,42157.00000000003
736,69547.2781928531,0.3938368100747296,0,0,0,0,182528.8124715672,96937.55638570618,42157.00000000004
737,69459.29835145899,0.3930690202672552,0,0,0,0,182182.5636342848,96761.59670291794,42157.00000000003
738,69371.56497081528,0.3923014419851196,0,0,0,0,181837.5030512772,96586.12994163053,42157.00000000003
739,69284.07702669487,0.3915340752283225,0,0,0,0,181493.62499809792,96411.1540533897,42157.00000000003
740,69196.8335005431,0.3907669199968644,0,0,0,0,181150.92378581993,96236.66700108617,42157.00000000003
741,69109.83337943828,0.3899999762907448,0,0,0,0,180809.39376076526,96062.66675887653,42157.00000000003
742,69023.07565605301,0.38923324410996385,0,0,0,0,180469.02930423888,95889.151312106,42157.00000000003
743,68936.55932861553,0.3884667234545215,0,0,0,0,180129.8248322637,95716.11865723103,42157.00000000003
744,68850.28340087149,0.3877004143244177,0,0,0,0,179791.77479531863,95543.56680174293,42157.00000000003
745,68764.24688204603,0.38693431671965295,0,0,0,0,179454.8736780788,95371.49376409204,42157.00000000003
746,68678.44878680617,0.386168430640227,0,0,0,0,179119.11599915774,95199.89757361231,42157.00000000003
747,68592.88813522336,0.3854027560861394,0,0,0,0,178784.49631085203,95028.7762704467,42157.00000000003
748,68507.56395273675,0.38463729305739036,0,0,0,0,178451.0091988891,94858.12790547346,42157.00000000003
749,68422.47527011632,0.38387204155398047,0,0,0,0,178118.64928217593,94687.95054023262,42157.00000000003
750,68337.62112342639,0.3831070015759086,0,0,0,0,177787.41121255007,94518.24224685275,42157.00000000003
751,68253.00055398984,0.382342173123176,0,0,0,0,177457.28967453487,94349.00110797965,42157.00000000003
752,68168.61260835193,0.38157755619578204,0,0,0,0,177128.2793850935,94180.22521670384,42157.00000000003
753,68084.45633824503,0.3808131507937266,0,0,0,0,176800.37509338834,94011.91267649003,42157.00000000003
754,68000.53080055332,0.3800489569170098,0,0,0,0,176473.5715805404,93844.0616011066,42157.00000000003
755,67916.83505727789,0.3792849745656318,0,0,0,0,176147.86365939208,93676.67011455575,42157.00000000003
756,67833.36817550204,0.37852120373959264,0,0,0,0,175823.2461742712,93509.73635100404,42157.00000000003
757,67750.12922735688,0.3777576444388918,0,0,0,0,175499.7140007572,93343.25845471374,42157.00000000003
758,67667.1172899874,0.3769942966635298,0,0,0,0,175177.26204545048,93177.23457997479,42157.00000000003
759,67584.3314455185,0.3762311604135067,0,0,0,0,174855.88524574207,93011.66289103698,42157.00000000003
760,67501.77078102139,0.3754682356888217,0,0,0,0,174535.5785695861,92846.54156204275,42157.00000000003
761,67419.4343884806,0.3747055224894761,0,0,0,0,174216.33701527526,92681.86877696119,42157.00000000003
762,67337.32136476062,0.3739430208154687,0,0,0,0,173898.1556112159,92517.64272952119,42157.00000000003
763,67255.43081157343,0.37318073066680024,0,0,0,0,173581.02941570754,92353.86162314683,42157.00000000003
764,67173.76183544591,0.37241865204347036,0,0,0,0,173264.95351672263,92190.5236708918,42157.00000000003
765,67092.31354768765,0.3716567849454794,0,0,0,0,172949.92303168887,92027.62709537528,42157.00000000003
766,67011.08506435894,0.37089512937282676,0,0,0,0,172635.9331072733,91865.17012871783,42157.00000000003
767,66930.07550623918,0.37013368532551294,0,0,0,0,172322.9789191686,91703.15101247834,42157.00000000003
768,66849.28399879535,0.3693724528035377,0,0,0,0,172011.0556718805,91541.56799759067,42157.00000000003
769,66768.70967215086,0.36861143180690137,0,0,0,0,171700.1585985178,91380.41934430168,42157.00000000003
770,66688.35166105453,0.3678506223356037,0,0,0,0,171390.28296058348,91219.70332210904,42157.00000000003
771,66608.20910484994,0.36709002438964455,0,0,0,0,171081.4240477682,91059.41820969986,42157.00000000003
772,66528.281147445,0.36632963796902396,0,0,0,0,170773.57717774544,90899.56229488997,42157.00000000003
773,66448.56693728178,0.3655694630737427,0,0,0,0,170466.73769596845,90740.13387456353,42157.00000000003
774,66369.06562730626,0.3648094997037995,0,0,0,0,170160.90097546787,90581.13125461248,42157.00000000003
775,66289.776374939,0.3640497478591951,0,0,0,0,169856.06241665347,90422.55274987797,42157.00000000003
776,66210.69834204535,0.36329020753992947,0,0,0,0,169552.21744711505,90264.39668409065,42157.00000000003
777,66131.83069490627,0.36253087874600265,0,0,0,0,169249.36152142656,90106.6613898125,42157.00000000003
778,66053.17260418925,0.3617717614774142,0,0,0,0,168947.4901209511,89949.34520837847,42157.00000000003
779,65974.72324491963,0.36101285573416453,0,0,0,0,168646.59875364852,89792.44648983923,42157.00000000003
780,65896.48179645186,0.36025416151625356,0,0,0,0,168346.68295388366,89635.96359290369,42157.00000000003
781,65818.44744244126,0.3594956788236816,0,0,0,0,168047.73828223688,89479.8948848825,42157.00000000003
782,65740.61937081574,0.358737407656448,0,0,0,0,167749.7603253153,89324.23874163145,42157.00000000003
783,65662.99677374806,0.3579793480145531,0,0,0,0,167452.7446955673,89168.9935474961,42157.00000000003
784,65585.57884762809,0.3572214998979971,0,0,0,0,167156.68703109704,89014.15769525616,42157.00000000003
785,65508.36479303518,0.3564638633067797,0,0,0,0,166861.58299548083,88859.72958607033,42157.00000000003
786,65431.353814711074,0.35570643824090065,0,0,0,0,166567.4282775858,88705.7076294221,42157.00000000003
787,65354.54512153286,0.3549492247003607,0,0,0,0,166274.21859138957,88552.09024306569,42157.00000000003
788,65277.93792648594,0.35419222268515926,0,0,0,0,165981.94967580112,88398.87585297185,42157.00000000003
789,65201.53144663761,0.3534354321952965,0,0,0,0,165690.61729448382,88246.06289327519,42157.00000000003
790,65125.32490311052,0.3526788532307725,0,0,0,0,165400.21723567962,88093.64980622102,42157.00000000003
791,65049.31752105645,0.351922485791587,0,0,0,0,165110.7453120345,87941.63504211287,42157.00000000003
792,64973.50852963041,0.35116632987774055,0,0,0,0,164822.1973604262,87790.01705926079,42157.00000000003
793,64897.89716196462,0.35041038548923253,0,0,0,0,164534.56924179193,87638.79432392922,42157.00000000003
794,64822.4826551431,0.3496546526260633,0,0,0,0,164247.85684095946,87487.96531028618,42157.00000000003
795,64747.2642501761,0.34889913128823247,0,0,0,0,163962.05606647755,87337.52850035219,42157.00000000003
796,64672.241191975,0.3481438214757404,0,0,0,0,163677.16285044973,87187.48238394997,42157.00000000003
797,64597.41272932721,0.3473887231885874,0,0,0,0,163393.173148368,87037.82545865438,42157.00000000003
798,64522.77811487128,0.3466338364267729,0,0,0,0,163110.08293894824,86888.55622974253,42157.00000000003
799,64448.33660507238,0.34587916119029705,0,0,0,0,162827.88822396784,86739.67321014474,42157.00000000003
800,64374.08746019775,0.34512469747915975,0,0,0,0,162546.58502810367,86591.17492039547,42157.00000000003
801,64300.02994429249,0.34437044529336114,0,0,0,0,162266.1693987718,86443.05988858495,42157.00000000003
802,64226.16332515545,0.34361640463290133,0,0,0,0,161986.6374059687,86295.32665031088,42157.00000000003
803,64152.48687431532,0.3428625754977802,0,0,0,0,161707.9851421131,86147.97374863061,42157.00000000003
804,64078.999867006896,0.34210895788799767,0,0,0,0,161430.20872188997,86000.99973401376,42157.00000000003
805,64005.70158214765,0.34135555180355404,0,0,0,0,161153.3042820957,85854.40316429528,42157.00000000003
806,63932.5913023142,0.340602357244449,0,0,0,0,160877.2679814834,85708.18260462837,42157.00000000003
807,63859.66831371928,0.3398493742106826,0,0,0,0,160602.09600061132,85562.33662743853,42157.00000000003
808,63786.931906188656,0.3390966027022547,0,0,0,0,160327.78454169084,85416.8638123773,42157.00000000003
809,63714.381373138385,0.33834404271916585,0,0,0,0,160054.32982843707,85271.76274627674,42157.00000000003
810,63642.016011552,0.33759169426141544,0,0,0,0,159781.72810591923,85127.03202310397,42157.00000000003
811,63569.83512195818,0.33683955732900384,0,0,0,0,159509.97564041373,84982.67024391633,42157.00000000003
812,63497.83800840838,0.3360876319219309,0,0,0,0,159239.06871925734,84838.67601681672,42157.00000000003
813,63426.02397845463,0.33533591804019647,0,0,0,0,158969.0036507021,84695.04795690923,42157.00000000003
814,63354.39234312769,0.33458441568380115,0,0,0,0,158699.77676377163,84551.78468625536,42157.00000000003
815,63282.94241691505,0.3338331248527442,0,0,0,0,158431.38440811745,84408.88483383007,42157.00000000003
816,63211.67351773944,0.3330820455470257,0,0,0,0,158163.82295387806,84266.34703547884,42157.00000000003
817,63140.584966937306,0.33233117776664634,0,0,0,0,157897.08879153826,84124.16993387458,42157.00000000003
818,63069.676089237386,0.33158052151160533,0,0,0,0,157631.17833178924,83982.35217847474,42157.00000000003
819,62998.94621273971,0.33083007678190346,0,0,0,0,157366.08800539107,83840.8924254794,42157.00000000003
820,62928.39466889436,0.3300798435775397,0,0,0,0,157101.81426303452,83699.78933778871,42157.00000000003
821,62858.02079248092,0.329329821898515,0,0,0,0,156838.35357520627,83559.04158496181,42157.00000000003
822,62787.823921587486,0.32858001174482876,0,0,0,0,156575.70243205276,83418.64784317494,42157.00000000003
823,62717.80339759034,0.32783041311648153,0,0,0,0,156313.85734324725,83278.60679518065,42157.00000000003
824,62647.95856513339,0.3270810260134728,0,0,0,0,156052.8148378562,83138.91713026675,42157.00000000003
825,62578.288772108055,0.3263318504358025,0,0,0,0,155792.57146420813,82999.57754421607,42157.00000000003
826,62508.7933696332,0.3255828863834713,0,0,0,0,155533.12378976305,82860.58673926636,42157.00000000003
827,62439.47171203502,0.3248341338564785,0,0,0,0,155274.4684009821,82721.94342406999,42157.00000000003
828,62370.32315682744,0.3240855928548245,0,0,0,0,155016.60190319968,82583.64631365486,42157.00000000003
829,62301.34706469239,0.3233372633785093,0,0,0,0,154759.52092049562,82445.69412938475,42157.00000000003
830,62232.54279946025,0.3225891454275325,0,0,0,0,154503.22209556852,82308.08559892047,42157.00000000003
831,62163.909728090664,0.32184123900189476,0,0,0,0,154247.70208961057,82170.8194561813,42157.00000000003
832,62095.44722065309,0.3210935441015954,0,0,0,0,153992.9575821825,82033.89444130615,42157.00000000003
833,62027.15465030795,0.32034606072663485,0,0,0,0,153738.98527109064,81897.30930061587,42157.00000000003
834,61959.031393287565,0.3195987888770131,0,0,0,0,153485.7818722639,81761.0627865751,42157.00000000003
835,61891.076828877376,0.3188517285527297,0,0,0,0,153233.3441196322,81625.15365775472,42157.00000000003
836,61823.290339397376,0.3181048797537851,0,0,0,0,152981.66876500632,81489.58067879472,42157.00000000003
837,61755.6713101835,0.3173582424801793,0,0,0,0,152730.75257795776,81354.34262036697,42157.00000000003
838,61688.219129569254,0.3166118167319123,0,0,0,0,152480.59234570002,81219.43825913848,42157.00000000003
839,61620.93318886751,0.3158656025089839,0,0,0,0,152231.1848729711,81084.86637773499,42157.00000000003
840,61553.81288235232,0.31511959981139404,0,0,0,0,151982.5269819163,80950.62576470461,42157.00000000003
841,61486.85760724106,0.3143738086391429,0,0,0,0,151734.61551197286,80816.71521448209,42157.00000000003
842,61420.06676367643,0.31362822899223053,0,0,0,0,151487.44731975422,80683.13352735282,42157.00000000003
843,61353.439754708794,0.31288286087065664,0,0,0,0,151241.01927893632,80549.87950941756,42157.00000000003
844,61286.975986278674,0.3121377042744218,0,0,0,0,150995.3282801445,80416.95197255732,42157.00000000003
845,61220.67486719907,0.3113927592035255,0,0,0,0,150750.37123084057,80284.34973439811,42157.00000000003
846,61154.535809138346,0.3106480256579678,0,0,0,0,150506.14505521202,80152.07161827666,42157.00000000003
847,61088.558226602894,0.3099035036377489,0,0,0,0,150262.64669406117,80020.11645320576,42157.00000000003
848,61022.74153692003,0.30915919314286844,0,0,0,0,150019.87310469526,79888.48307384003,42157.00000000003
849,60957.085160221155,0.30841509417332713,0,0,0,0,149777.82126081802,79757.17032044228,42157.00000000003
850,60891.58851942469,0.30767120672912385,0,0,0,0,149536.48815242102,79626.17703884935,42157.00000000003
851,60826.25104021963,0.3069275308102597,0,0,0,0,149295.8707856773,79495.50208043923,42157.00000000003
852,60761.072151048706,0.30618406641673424,0,0,0,0,149055.9661828344,79365.1443020974,42157.00000000003
853,60696.051283092,0.30544081354854735,0,0,0,0,148816.7713821089,79235.10256618397,42157.00000000003
854,60631.187870250586,0.30469777220569905,0,0,0,0,148578.28343758208,79105.37574050114,42157.00000000003
855,60566.481349130285,0.30395494238818965,0,0,0,0,148340.49941909578,78975.96269826056,42157.00000000003
856,60501.931159025466,0.3032123240960186,0,0,0,0,148103.41641214918,78846.8623180509,42157.00000000003
857,60437.53674190316,0.3024699173291867,0,0,0,0,147867.031517797,78718.07348380629,42157.00000000003
858,60373.29754238698,0.30172772208769316,0,0,0,0,147631.3418525473,78589.59508477393,42157.00000000003
859,60309.21300774149,0.3009857383715384,0,0,0,0,147396.34454826146,78461.42601548295,42157.00000000003
860,60245.282587856476,0.30024396618072247,0,0,0,0,147162.03675205383,78333.56517571294,42157.00000000003
861,60181.505735231316,0.2995024055152449,0,0,0,0,146928.41562619252,78206.0114704626,42157.00000000003
862,60117.88190495968,0.2987610563751064,0,0,0,0,146695.47834800146,78078.76380991933,42157.00000000003
863,60054.41055471398,0.2980199187603064,0,0,0,0,146463.222109762,77951.82110942792,42157.00000000003
864,59991.09114473029,0.2972789926708449,0,0,0,0,146231.64411861662,77825.18228946057,42157.00000000003
865,59927.92313779322,0.29653827810672206,0,0,0,0,146000.74159647265,77698.84627558642,42157.00000000003
866,59864.90599922082,0.29579777506793836,0,0,0,0,145770.51177990678,77572.81199844161,42157.00000000003
867,59802.03919684964,0.295057483554493,0,0,0,0,145540.95192007005,77447.07839369925,42157.00000000003
868,59739.32220102003,0.29431740356638647,0,0,0,0,145312.05928259433,77321.64440204004,42157.00000000003
869,59676.75448456136,0.2935775351036184,0,0,0,0,145083.83114749886,77196.50896912267,42157.00000000003
870,59614.335522777474,0.29283787816618934,0,0,0,0,144856.26480909786,77071.67104555492,42157.00000000003
871,59552.06479343208,0.29209843275409875,0,0,0,0,144629.35757590825,76947.12958686413,42157.00000000003
872,59489.94177673451,0.29135919886734696,0,0,0,0,144403.10677055898,76822.88355346899,42157.00000000003
873,59427.96595532529,0.29062017650593386,0,0,0,0,144177.5097297004,76698.93191065057,42157.00000000003
874,59366.13681426203,0.28988136566985945,0,0,0,0,143952.56380391432,76575.27362852402,42157.00000000003
875,59304.45384100524,0.2891427663591236,0,0,0,0,143728.26635762508,76451.90768201045,42157.00000000003
876,59242.91652540446,0.2884043785737266,0,0,0,0,143504.6147690112,76328.83305080888,42157.00000000003
877,59181.52435968421,0.2876662023136679,0,0,0,0,143281.6064299174,76206.0487193684,42157.00000000003
878,59120.27683843037,0.28692823757894825,0,0,0,0,143059.23874576783,76083.55367686071,42157.00000000003
879,59059.173458576246,0.28619048436956707,0,0,0,0,142837.50913547908,75961.34691715246,42157.00000000003
880,58998.213719389176,0.2854529426855249,0,0,0,0,142616.4150313751,75839.42743877832,42157.00000000003
881,58937.39712245684,0.2847156125268212,0,0,0,0,142395.95387910143,75717.79424491365,42157.00000000003
882,58876.72317167395,0.2839784938934562,0,0,0,0,142176.12313754106,75596.44634334787,42157.00000000003
883,58816.191373228896,0.2832415867854299,0,0,0,0,141956.92027873054,75475.38274645776,42157.00000000003
884,58755.80123559046,0.28250489120274225,0,0,0,0,141738.3427877764,75354.60247118089,42157.00000000003
885,58695.55226949474,0.2817684071453934,0,0,0,0,141520.3881627731,75234.10453898946,42157.00000000003
886,58635.44398793202,0.28103213461338306,0,0,0,0,141303.05391472037,75113.88797586401,42157.00000000003
887,58575.47590613389,0.2802960736067115,0,0,0,0,141086.33756744248,74993.95181226775,42157.00000000003
888,58515.64754156029,0.27956022412537873,0,0,0,0,140870.23665750687,74874.29508312055,42157.00000000003
889,58455.95841388675,0.27882458616938444,0,0,0,0,140654.7487341443,74754.91682777346,42157.00000000003
890,58396.40804499173,0.27808915973872894,0,0,0,0,140439.87135916922,74635.81608998343,42157.00000000003
891,58336.99595894395,0.277353944833412,0,0,0,0,140225.60210690065,74516.99191788788,42157.00000000003
892,58277.72168198992,0.276618941453434,0,0,0,0,140011.93856408398,74398.44336397981,42157.00000000003
893,58218.58474254142,0.2758841495987945,0,0,0,0,139798.87832981278,74280.1694850828,42157.00000000003
894,58159.58467116325,0.27514956926949374,0,0,0,0,139586.41901545206,74162.16934232647,42157.00000000003
895,58100.72100056087,0.2744152004655318,0,0,0,0,139374.55824456102,74044.44200112172,42157.00000000003
896,58041.99326556826,0.27368104318690833,0,0,0,0,139163.29365281734,73926.98653113648,42157.00000000003
897,57983.40100313579,0.27294709743362344,0,0,0,0,138952.62288794146,73809.80200627155,42157.00000000003
898,57924.94375231829,0.27221336320567757,0,0,0,0,138742.54360962182,73692.88750463656,42157.00000000003
899,57866.62105426292,0.27147984050307006,0,0,0,0,138533.0534894397,73576.24210852581,42157.00000000003
900,57808.43245219754,0.27074652932580145,0,0,0,0,138324.1502107964,73459.86490439506,42157.00000000003
901,57750.37749141877,0.27001342967387154,0,0,0,0,138115.8314688389,73343.7549828375,42157.00000000003
902,57692.45571928032,0.2692805415472802,0,0,0,0,137908.09497038752,73227.9114385606,42157.00000000003
903,57634.666685181466,0.2685478649460278,0,0,0,0,137700.93843386378,73112.3333703629,42157.00000000003
904,57577.00994055537,0.2678153998701136,0,0,0,0,137494.359589218,72997.01988111071,42157.00000000003
905,57519.4850388578,0.26708314631953856,0,0,0,0,137288.356177859,72881.97007771557,42157.00000000003
906,57462.09153555549,0.26635110429430187,0,0,0,0,137082.92595258233,72767.18307111095,42157.00000000003
907,57404.82898811512,0.2656192737944041,0,0,0,0,136878.06667750102,72652.65797623021,42157.00000000003
908,57347.696955991865,0.2648876548198448,0,0,0,0,136673.77612797526,72538.3939119837,42157.00000000003
909,57290.69500061836,0.26415624737062426,0,0,0,0,136470.05209054364,72424.3900012367,42157.00000000003
910,57233.82268539358,0.26342505144674266,0,0,0,0,136266.89236285404,72310.64537078713,42157.00000000003
911,57177.0795756718,0.26269406704819953,0,0,0,0,136064.2947535958,72197.15915134357,42157.00000000003
912,57120.46523875173,0.2619632941749951,0,0,0,0,135862.2570824319,72083.93047750344,42157.00000000003
913,57063.97924386562,0.2612327328271292,0,0,0,0,135660.7771799318,71970.95848773123,42157.00000000003
914,57007.621162168514,0.26050238300460216,0,0,0,0,135459.85288750485,71858.242324337,42157.00000000003
915,56951.39056672745,0.2597722447074138,0,0,0,0,135259.48205733372,71745.78113345488,42157.00000000003
916,56895.287032510896,0.2590423179355641,0,0,0,0,135059.66255230896,71633.57406502176,42157.00000000003
917,56839.31013637815,0.2583126026890532,0,0,0,0,134860.39224596365,71521.62027275628,42157.00000000003
918,56783.45945706884,0.2575830989678809,0,0,0,0,134661.66902240852,71409.91891413766,42157.00000000003
919,56727.7345751925,0.25685380677204717,0,0,0,0,134463.49077626772,71298.46915038498,42157.00000000003
920,56672.135073218225,0.25612472610155235,0,0,0,0,134265.855412615,71187.27014643642,42157.00000000003
921,56616.6605354643,0.255395856956396,0,0,0,0,134068.76084690992,71076.32107092858,42157.00000000003
922,56561.310548088084,0.2546671993365782,0,0,0,0,133872.2050049354,70965.62109617614,42157.00000000003
923,56506.084699075815,0.25393875324209947,0,0,0,0,133676.18582273496,70855.1693981516,42157.00000000003
924,56450.98257823247,0.2532105186729594,0,0,0,0,133480.7012465505,70744.96515646491,42157.00000000003
925,56396.00377717177,0.2524824956291578,0,0,0,0,133285.74923276098,70635.00755434351,42157.00000000003
926,56341.14788930628,0.251754684110695,0,0,0,0,133091.32774782108,70525.29577861253,42157.00000000003
927,56286.41450983745,0.2510270841175708,0,0,0,0,132897.43476820044,70415.82901967487,42157.00000000003
928,56231.80323574583,0.2502996956497854,0,0,0,0,132704.06828032352,70306.60647149163,42157.00000000003
929,56177.31366578125,0.24957251870733865,0,0,0,0,132511.2262805094,70197.62733156247,42157.00000000003
930,56122.945400453194,0.2488455532902304,0,0,0,0,132318.9067749126,70088.89080090636,42157.00000000003
931,56068.69804202117,0.24811879939846115,0,0,0,0,132127.1077794641,69980.39608404231,42157.00000000003
932,56014.57119448503,0.24739225703203038,0,0,0,0,131935.82731981235,69872.14238897004,42157.00000000003
933,55960.56446357562,0.2466659261909383,0,0,0,0,131745.06343126544,69764.1289271512,42157.00000000003
934,55906.677456745194,0.2459398068751849,0,0,0,0,131554.81415873312,69656.35491349036,42157.00000000003
935,55852.909783158146,0.2452138990847702,0,0,0,0,131365.0775566696,69548.81956631626,42157.00000000003
936,55799.2610536816,0.2444882028196942,0,0,0,0,131175.8516890162,69441.52210736317,42157.00000000003
937,55745.73088087621,0.24376271807995697,0,0,0,0,130987.13462914544,69334.46176175239,42157.00000000003
938,55692.3188789869,0.24303744486555834,0,0,0,0,130798.92445980398,69227.63775797377,42157.00000000003
939,55639.0246639338,0.2423123831764984,0,0,0,0,130611.21927305765,69121.04932786757,42157.00000000003
940,55585.8478533031,0.24158753301277713,0,0,0,0,130424.01717023562,69014.69570660616,42157.00000000003
941,55532.78806633805,0.24086289437439456,0,0,0,0,130237.31626187552,68908.57613267607,42157.00000000003
942,55479.84492393001,0.24013846726135069,0,0,0,0,130051.11466766881,68802.68984785999,42157.00000000003
943,55427.01804860952,0.2394142516736455,0,0,0,0,129865.41051640658,68697.03609721901,42157.00000000003
944,55374.30706453749,0.23869024761127922,0,0,0,0,129680.2019459258,68591.61412907495,42157.00000000003
945,55321.71159749632,0.2379664550742513,0,0,0,0,129495.4871030554,68486.42319499262,42157.00000000003
946,55269.23127488132,0.23724287406256217,0,0,0,0,129311.26414356391,68381.46254976261,42157.00000000003
947,55216.865725691874,0.23651950457621163,0,0,0,0,129127.53123210602,68276.73145138372,42157.00000000003
948,55164.61458052293,0.2357963466152,0,0,0,0,128944.28654217072,68172.22916104583,42157.00000000003
949,55112.47747155635,0.23507340017952671,0,0,0,0,128761.52825602892,68067.95494311267,42157.00000000003
950,55060.4540325525,0.23435066526919246,0,0,0,0,128579.25456468224,67963.90806510497,42157.00000000003
951,55008.54389884167,0.23362814188419667,0,0,0,0,128397.46366781123,67860.08779768331,42157.00000000003
952,54956.74670731581,0.2329058300245398,0,0,0,0,128216.15377372496,67756.4934146316,42157.00000000003
953,54905.062096420035,0.23218372969022127,0,0,0,0,128035.32309930997,67653.12419284003,42157.00000000003
954,54853.48970614448,0.23146184088124178,0,0,0,0,127854.96986998056,67549.97941228893,42157.00000000003
955,54802.02917801591,0.23074016359760074,0,0,0,0,127675.09231962837,67447.05835603179,42157.00000000003
956,54750.680155089685,0.23001869783929862,0,0,0,0,127495.68869057334,67344.36031017934,42157.00000000003
957,54699.44228194147,0.22929744360633475,0,0,0,0,127316.75723351416,67241.8845638829,42157.00000000003
958,54648.315204659295,0.2285764008987099,0,0,0,0,127138.29620747978,67139.63040931856,42157.00000000003
959,54597.29857083542,0.22785556971642362,0,0,0,0,126960.3038797806,67037.5971416708,42157.00000000003
960,54546.39202955838,0.22713495005947615,0,0,0,0,126782.7785259604,66935.78405911673,42157.00000000003
961,54495.595231405096,0.22641454192786747,0,0,0,0,126605.71842974852,66834.19046281016,42157.00000000003
962,54444.907828432886,0.22569434532159705,0,0,0,0,126429.12188301221,66732.81565686573,42157.00000000003
963,54394.32947417182,0.22497436024066575,0,0,0,0,126252.98718570985,66631.65894834361,42157.00000000003
964,54343.859823616745,0.22425458668507303,0,0,0,0,126077.31264584357,66530.71964723348,42157.00000000003
965,54293.49853321966,0.2235350246548189,0,0,0,0,125902.09657941297,66429.99706643929,42157.00000000003
966,54243.24526088201,0.22281567414990344,0,0,0,0,125727.33731036886,66329.49052176399,42157.00000000003
967,54193.09966594706,0.22209653517032668,0,0,0,0,125553.0331705674,66229.1993318941,42157.00000000003
968,54143.06140919229,0.2213776077160885,0,0,0,0,125379.18249972434,66129.12281838455,42157.00000000003
969,54093.13015282191,0.22065889178718945,0,0,0,0,125205.78364537007,66029.2603056438,42157.00000000003
970,54043.305560459245,0.21994038738362864,0,0,0,0,125032.83496280407,65929.61112091846,42157.00000000003
971,53993.58729713945,0.21922209450540653,0,0,0,0,124860.33481505084,65830.17459427887,42157.00000000003
972,53943.97502930202,0.2185040131525232,0,0,0,0,124688.28157281525,65730.95005860402,42157.00000000003
973,53894.46842478345,0.2177861433249786,0,0,0,0,124516.67361443843,65631.93684956688,42157.00000000003
974,53845.06715280995,0.21706848502277276,0,0,0,0,124345.50932585412,65533.134305619875,42157.00000000003
975,53795.77088399015,0.2163510382459055,0,0,0,0,124174.78710054504,65434.54176798028,42157.00000000003
976,53746.57929030795,0.21563380299437684,0,0,0,0,124004.50533949998,65336.15858061586,42157.00000000003
977,53697.492045115294,0.21491677926818686,0,0,0,0,123834.66245117062,65237.984090230566,42157.00000000003
978,53648.50882312509,0.21419996706733568,0,0,0,0,123665.25685142915,65140.01764625016,42157.00000000003
979,53599.6293004041,0.2134833663918232,0,0,0,0,123496.28696352587,65042.25860080817,42157.00000000003
980,53550.85315436592,0.2127669772416495,0,0,0,0,123327.75121804715,64944.70630873182,42157.00000000003
981,53502.18006376395,0.21205079961681428,0,0,0,0,123159.64805287366,64847.36012752787,42157.00000000003
982,53453.60970868457,0.21133483351731785,0,0,0,0,122991.97591313909,64750.2194173691,42157.00000000003
983,53405.14177054006,0.21061907894316,0,0,0,0,122824.7332511887,64653.28354108008,42157.00000000003
984,53356.775932061886,0.20990353589434085,0,0,0,0,122657.91852653868,64556.55186412374,42157.00000000003
985,53308.511877293815,0.2091882043708606,0,0,0,0,122491.53020583536,64460.0237545876,42157.00000000003
986,53260.34929158514,0.20847308437271894,0,0,0,0,122325.56676281481,64363.69858317025,42157.00000000003
987,53212.28786158394,0.20775817589991585,0,0,0,0,122160.02667826285,64267.57572316786,42157.00000000003
988,53164.32727523045,0.20704347895245145,0,0,0,0,121994.90843997529,64171.654550460866,42157.00000000003
989,53116.46722175032,0.20632899353032585,0,0,0,0,121830.2105427182,64075.934443500606,42157.00000000003
990,53068.70739164805,0.20561471963353883,0,0,0,0,121665.9314881887,63980.414783296066,42157.00000000003
991,53021.04747670046,0.2049006572620906,0,0,0,0,121502.06978497602,63885.0949534009,42157.00000000003
992,52973.48716995008,0.20418680641598097,0,0,0,0,121338.62394852254,63789.97433990013,42157.00000000003
993,52926.026165698706,0.20347316709521013,0,0,0,0,121175.59250108548,63695.05233139738,42157.00000000003
994,52878.66415950095,0.20275973929977786,0,0,0,0,121012.97397169842,63600.32831900186,42157.00000000003
995,52831.40084815783,0.20204652302968418,0,0,0,0,120850.7668961335,63505.801696315626,42157.00000000003
996,52784.235929710405,0.2013335182849294,0,0,0,0,120688.96981686367,63411.47185942078,42157.00000000003
997,52737.16910343343,0.20062072506551332,0,0,0,0,120527.58128302498,63317.33820686682,42157.00000000003
998,52690.200069829036,0.1999081433714356,0,0,0,0,120366.59985037943,63223.40013965804,42157.00000000003
999,52643.32853062059,0.19919577320269688,0,0,0,0,120206.02408127816,63129.65706124115,42157.00000000003
1000,52596.554188746326,0.19848361455929686,0,0,0,0,120045.85254462434,63036.108377492616,42157.00000000003
1001,52549.87674835326,0.19777166744123542,0,0,0,0,119886.0838158369,62942.75349670649,42157.00000000003
1002,52503.29591479104,0.19705993184851256,0,0,0,0,119726.71647681418,62849.59182958204,42157.00000000003
1003,52456.811394605844,0.1963484077811285,0,0,0,0,119567.74911589787,62756.62278921165,42157.00000000003
1004,52410.42289553429,0.19563709523908313,0,0,0,0,119409.18032783721,62663.845791068554,42157.00000000003
1005,52364.13012649744,0.19492599422237644,0,0,0,0,119251.00871375346,62571.26025299485,42157.00000000003
1006,52317.93279759475,0.19421510473100834,0,0,0,0,119093.23288110446,62478.865595189476,42157.00000000003
1007,52271.830620098226,0.19350442676497925,0,0,0,0,118935.85144364976,62386.66124019642,42157.00000000003
1008,52225.82330644635,0.19279396032428853,0,0,0,0,118778.86302141532,62294.64661289267,42157.00000000003
1009,52179.910570238346,0.1920837054089366,0,0,0,0,118622.26624065939,62202.82114047666,42157.00000000003
1010,52134.092126228235,0.19137366201892314,0,0,0,0,118466.05973383767,62111.18425245645,42157.00000000003
1011,52088.367690319086,0.19066383015424881,0,0,0,0,118310.24213956938,62019.73538063814,42157.00000000003
1012,52042.73697955716,0.18995420981491296,0,0,0,0,118154.8121026031,61928.473959114286,42157.00000000003
1013,51997.19971212622,0.18924480100091556,0,0,0,0,117999.76827378309,61837.399424252406,42157.00000000003
1014,51951.755607341875,0.1885356037122572,0,0,0,0,117845.10931001589,61746.51121468372,42157.00000000003
1015,51906.40438564576,0.1878266179489373,0,0,0,0,117690.83387423668,61655.80877129148,42157.00000000003
1016,51861.14576860005,0.1871178437109562,0,0,0,0,117536.94063537658,61565.29153720007,42157.00000000003
1017,51815.97947888175,0.18640928099831366,0,0,0,0,117383.42826832949,61474.95895776348,42157.00000000003
1018,51770.90524027718,0.18570092981100972,0,0,0,0,117230.29545391948,61384.810480554326,42157.00000000003
1019,51725.92277767642,0.1849927901490448,0,0,0,0,117077.5408788685,61294.845555352804,42157.00000000003
1020,51681.03181706776,0.18428486201241823,0,0,0,0,116925.16323576377,61205.063634135484,42157.00000000003
1021,51636.23208553232,0.18357714540113057,0,0,0,0,116773.16122302615,61115.46417106461,42157.00000000003
1022,51591.523311238525,0.1828696403151816,0,0,0,0,116621.53354487802,61026.04662247701,42157.00000000003
1023,51546.90522343672,0.1821623467545711,0,0,0,0,116470.2789113117,60936.81044687342,42157.00000000003
1024,51502.37755245385,0.1814552647192995,0,0,0,0,116319.39603805834,60847.75510490767,42157.00000000003
1025,51457.94002968803,0.18074839420936661,0,0,0,0,116168.88364655613,60758.880059376024,42157.00000000003
1026,51413.592387603254,0.18004173522477207,0,0,0,0,116018.74046391965,60670.18477520648,42157.00000000003
1027,51369.334359724206,0.17933528776551655,0,0,0,0,115868.96522290916,60581.66871944838,42157.00000000003
1028,51325.16568063088,0.1786290518315996,0,0,0,0,115719.55666189968,60493.331361261735,42157.00000000003
1029,51281.08608595345,0.17792302742302146,0,0,0,0,115570.51352485064,60405.172171906874,42157.00000000003
1030,51237.09531236702,0.17721721453978168,0,0,0,0,115421.83456127571,60317.19062473401,42157.00000000003
1031,51193.19309758657,0.17651161318188102,0,0,0,0,115273.51852621291,60229.38619517311,42157.00000000003
1032,51149.3791803617,0.17580622334931884,0,0,0,0,115125.56418019436,60141.75836072336,42157.00000000003
1033,51105.65330047161,0.17510104504209523,0,0,0,0,114977.97028921694,60054.306600943186,42157.00000000003
1034,51062.01519872007,0.17439607826021053,0,0,0,0,114830.73562471285,59967.03039744012,42157.00000000003
1035,51018.46461693029,0.1736913230036643,0,0,0,0,114683.8589635201,59879.929233860545,42157.00000000003
1036,50975.00129793997,0.17298677927245676,0,0,0,0,114537.33908785359,59793.0025958799,42157.00000000003
1037,50931.624985596354,0.17228244706658824,0,0,0,0,114391.17478527618,59706.24997119268,42157.00000000003
1038,50888.33542475119,0.17157832638605808,0,0,0,0,114245.36484866981,59619.67084950234,42157.00000000003
1039,50845.13236125591,0.17087441723086672,0,0,0,0,114099.9080762073,59533.2647225118,42157.00000000003
1040,50802.015541956695,0.17017071960101393,0,0,0,0,113954.80327132362,59447.03108391337,42157.00000000003
1041,50758.984714689606,0.16946723349649995,0,0,0,0,113810.04924268788,59360.96942937918,42157.00000000003
1042,50716.03962827577,0.16876395891732465,0,0,0,0,113665.64480417538,59275.079256551515,42157.00000000003
1043,50673.180032516575,0.16806089586348794,0,0,0,0,113521.58877483965,59189.36006503312,42157.00000000003
1044,50630.40567818889,0.1673580443349898,0,0,0,0,113377.8799788849,59103.811356377744,42157.00000000003
1045,50587.716317040344,0.1666554043318308,0,0,0,0,113234.5172456386,59018.43263408065,42157.00000000003
1046,50545.11170178452,0.16595297585401003,0,0,0,0,113091.49940952384,58933.223403569,42157.00000000003
1047,50502.591586096394,0.1652507589015283,0,0,0,0,112948.82531003277,58848.18317219275,42157.00000000003
1048,50460.15572460755,0.16454875347438502,0,0,0,0,112806.49379169905,58763.31144921508,42157.00000000003
1049,50417.80387290163,0.16384695957258044,0,0,0,0,112664.5037040715,58678.60774580324,42157.00000000003
1050,50375.53578750965,0.16314537719611444,0,0,0,0,112522.85390168717,58594.071575019276,42157.00000000003
1051,50333.3512259055,0.16244400634498735,0,0,0,0,112381.54324404524,58509.702451810976,42157.00000000003
1052,50291.24994650127,0.16174284701919883,0,0,0,0,112240.57059558027,58425.49989300252,42157.00000000003
1053,50249.23170864286,0.161041899218749,0,0,0,0,112099.93482563649,58341.46341728569,42157.00000000003
1054,50207.296272605345,0.16034116294363787,0,0,0,0,111959.63480844161,58257.59254521067,42157.00000000003
1055,50165.443399588585,0.15964063819386543,0,0,0,0,111819.66942308104,58173.88679917713,42157.00000000003
1056,50123.67285171274,0.1589403249694319,0,0,0,0,111680.0375534724,58090.34570342545,42157.00000000003
1057,50081.984392013816,0.1582402232703367,0,0,0,0,111540.7380883398,58006.968784027595,42157.00000000003
1058,50040.37778443932,0.15754033309658033,0,0,0,0,111401.76992118877,57923.75556887861,42157.00000000003
1059,49998.85279384384,0.15684065444816264,0,0,0,0,111263.13195028093,57840.705587687655,42157.00000000003
1060,49957.40918598472,0.15614118732508353,0,0,0,0,111124.82307860909,57757.818371969406,42157.00000000003
1061,49916.04672751772,0.15544193172734344,0,0,0,0,110986.84221387231,57675.093455035414,42157.00000000003
1062,49874.7651859927,0.15474288765494182,0,0,0,0,110849.18826845127,57592.53037198536,42157.00000000003
1063,49833.56432984937,0.15404405510787877,0,0,0,0,110711.86015938362,57510.128659698705,42157.00000000003
1064,49792.44392841304,0.15334543408615464,0,0,0,0,110574.85680833983,57427.887856826055,42157.00000000003
1065,49751.40375189036,0.15264702458976886,0,0,0,0,110438.17714159866,57345.807503780685,42157.00000000003
1066,49710.443571365155,0.151948826618722,0,0,0,0,110301.82009002326,57263.88714273028,42157.00000000003
1067,49669.563158794226,0.1512508401730137,0,0,0,0,110165.78458903724,57182.12631758842,42157.00000000003
1068,49628.7622870032,0.15055306525264445,0,0,0,0,110030.06957860076,57100.52457400638,42157.00000000003
1069,49588.04072968236,0.14985550185761354,0,0,0,0,109894.67400318684,57019.081459364694,42157.00000000003
1070,49547.39826138261,0.14915814998792132,0,0,0,0,109759.59681175808,56937.79652276519,42157.00000000003
1071,49506.83465751135,0.148461009643568,0,0,0,0,109624.83695774322,56856.66931502266,42157.00000000003
1072,49466.349694328375,0.14776408082455317,0,0,0,0,109490.39339901373,56775.69938865673,42157.00000000003
1073,49425.94314894194,0.14706736353087713,0,0,0,0,109356.26509786106,56694.88629788385,42157.00000000003
1074,49385.61479930462,0.14637085776253966,0,0,0,0,109222.45102097349,56614.229598609214,42157.00000000003
1075,49345.36442420942,0.145674563519541,0,0,0,0,109088.95013941341,56533.72884841881,42157.00000000003
1076,49305.19180328574,0.1449784808018808,0,0,0,0,108955.76142859462,56453.38360657146,42157.00000000003
1077,49265.09671699549,0.14428260960955963,0,0,0,0,108822.88386826003,56373.19343399095,42157.00000000003
1078,49225.07894662905,0.14358694994257692,0,0,0,0,108690.31644245892,56293.15789325808,42157.00000000003
1079,49185.13827430152,0.1428915018009329,0,0,0,0,108558.05813952506,56213.27654860301,42157.00000000003
1080,49145.27448294872,0.1421962651846277,0,0,0,0,108426.10795205446,56133.54896589742,42157.00000000003
1081,49105.487356323385,0.14150124009366116,0,0,0,0,108294.46487688334,56053.97471264675,42157.00000000003
1082,49065.77667899129,0.140806426528033,0,0,0,0,108163.12791506638,55974.55335798255,42157.00000000003
1083,49026.14223632752,0.14011182448774395,0,0,0,0,108032.09607185514,55895.28447265501,42157.00000000003
1084,48986.58381451253,0.13941743397279327,0,0,0,0,107901.36835667618,55816.16762902503,42157.00000000003
1085,48947.10120052853,0.1387232549831814,0,0,0,0,107770.94378310995,55737.20240105703,42157.00000000003
1086,48907.694182155625,0.1380292875189083,0,0,0,0,107640.82136886935,55658.38836431122,42157.00000000003
1087,48868.36254796811,0.1373355315799737,0,0,0,0,107511.00013577842,55579.72509593618,42157.00000000003
1088,48829.106087330794,0.136641987166378,0,0,0,0,107381.47910975164,55501.21217466156,42157.00000000003
1089,48789.92459039526,0.13594865427812086,0,0,0,0,107252.25732077258,55422.8491807905,42157.00000000003
1090,48750.81784809624,0.1352555329152022,0,0,0,0,107123.33380287343,55344.63569619244,42157.00000000003
1091,48711.78565214797,0.1345626230776228,0,0,0,0,106994.70759411433,55266.5713042959,42157.00000000003
1092,48672.827795040466,0.1338699247653815,0,0,0,0,106866.37773656244,55188.655590080896,42157.00000000003
1093,48633.94407003608,0.13317743797847903,0,0,0,0,106738.3432762721,55110.88814007213,42157.00000000003
1094,48595.13427116578,0.13248516271691535,0,0,0,0,106610.60326326409,55033.268542331534,42157.00000000003
1095,48556.398193225636,0.13179309898069047,0,0,0,0,106483.15675150561,54955.796386451235,42157.00000000003
1096,48517.735631773256,0.13110124676980417,0,0,0,0,106356.00279889024,54878.47126354649,42157.00000000003
1097,48479.146383124265,0.13040960608425634,0,0,0,0,106229.14046721799,54801.2927662485,42157.00000000003
1098,48440.63024434884,0.12971817692404752,0,0,0,0,106102.56882217548,54724.26048869764,42157.00000000003
1099,48402.187013268114,0.12902695928917718,0,0,0,0,105976.28693331627,54647.37402653619,42157.00000000003
1100,48363.81648845082,0.12833595317964552,0,0,0,0,105850.29387404124,54570.632976901616,42157.00000000003
1101,48325.51846920979,0.12764515859545267,0,0,0,0,105724.58872157914,54494.036938419544,42157.00000000003
1102,48287.2927555985,0.1269545755365984,0,0,0,0,105599.17055696734,54417.58551119697,42157.00000000003
1103,48249.139148407725,0.12626420400308314,0,0,0,0,105474.03846503248,54341.27829681543,42157.00000000003
1104,48211.05744916206,0.12557404399490624,0,0,0,0,105349.19153437135,54265.114898324086,42157.00000000003
1105,48173.04746011662,0.12488409551206803,0,0,0,0,105224.62885733203,54189.09492023321,42157.00000000003
1106,48135.10898425367,0.12419435855456862,0,0,0,0,105100.34952999488,54113.217968507306,42157.00000000003
1107,48097.24182527923,0.12350483312240768,0,0,0,0,104976.35265215379,54037.48365055842,42157.00000000003
1108,48059.44578761985,0.12281551921558564,0,0,0,0,104852.63732729763,53961.89157523968,42157.00000000003
1109,48021.72067641923,0.1221264168341023,0,0,0,0,104729.20266259155,53886.44135283843,42157.00000000003
1110,47984.06629753496,0.12143752597795743,0,0,0,0,104606.0477688585,53811.132595069896,42157.00000000003
1111,47946.48245753529,0.12074884664715135,0,0,0,0,104483.17176056116,53735.96491507055,42157.00000000003
1112,47908.968963695836,0.12006037884168408,0,0,0,0,104360.57375578347,53660.93792739164,42157.00000000003
1113,47871.52562399636,0.11937212256155527,0,0,0,0,104238.25287621256,53586.05124799269,42157.00000000003
1114,47834.152247117585,0.11868407780676515,0,0,0,0,104116.20824712086,53511.30449423513,42157.00000000003
1115,47796.84864243801,0.11799624457731417,0,0,0,0,103994.43899734816,53436.69728487599,42157.00000000003
1116,47759.61462003064,0.11730862287320143,0,0,0,0,103872.94425928358,53362.22924006125,42157.00000000003
1117,47722.44999065996,0.11662121269442738,0,0,0,0,103751.72316884826,53287.89998131988,42157.00000000003
1118,47685.35456577871,0.11593401404099224,0,0,0,0,103630.77486547754,53213.709131557385,42157.00000000003
1119,47648.328157524775,0.11524702691289579,0,0,0,0,103510.09849210351,53139.65631504952,42157.00000000003
1120,47611.37057871808,0.11456025131013792,0,0,0,0,103389.69319513763,53065.74115743613,42157.00000000003
1121,47574.4816428575,0.11387368723271862,0,0,0,0,103269.55812445346,52991.96328571497,42157.00000000003
1122,47537.661164117795,0.11318733468063791,0,0,0,0,103149.6924333695,52918.322328235554,42157.00000000003
1123,47500.908957346575,0.11250119365389633,0,0,0,0,103030.09527863226,52844.81791469313,42157.00000000003
1124,47464.22483806116,0.1118152641524931,0,0,0,0,102910.76582039885,52771.449676122305,42157.00000000003
1125,47427.608622445696,0.11112954617642867,0,0,0,0,102791.7032222206,52698.217244891355,42157.00000000003
1126,47391.060127348035,0.11044403972570305,0,0,0,0,102672.90665102599,52625.12025469604,42157.00000000003
1127,47354.5791702768,0.10975874480031589,0,0,0,0,102554.37527710402,52552.158340553564,42157.00000000003
1128,47318.165569398385,0.10907366140026753,0,0,0,0,102436.10827408769,52479.33113879673,42157.00000000003
1129,47281.81914353403,0.10838878952555775,0,0,0,0,102318.1048189375,52406.638287068025,42157.00000000003
1130,47245.539712156824,0.10770412917618666,0,0,0,0,102200.36409192499,52334.07942431362,42157.00000000003
1131,47209.32709538884,0.10701968035215437,0,0,0,0,102082.88527661654,52261.654190777655,42157.00000000003
1132,47173.18111399817,0.10633544305346077,0,0,0,0,101965.66755985713,52189.36222799631,42157.00000000003
1133,47137.10158939604,0.10565141728010563,0,0,0,0,101848.71013175415,52117.20317879205,42157.00000000003
1134,47101.08834363398,0.10496760303208952,0,0,0,0,101732.01218566162,52045.17668726792,42157.00000000003
1135,47065.14119940086,0.10428400030941187,0,0,0,0,101615.57291816393,51973.28239880169,42157.00000000003
1136,47029.25998002015,0.10360060911207292,0,0,0,0,101499.39152906039,51901.51996004027,42157.00000000003
1137,46993.444509447014,0.10291742944007265,0,0,0,0,101383.46722134922,51829.88901889399,42157.00000000003
1138,46957.694612265506,0.10223446129341107,0,0,0,0,101267.79920121196,51758.38922453098,42157.00000000003
1139,46922.010113685785,0.10155170467208818,0,0,0,0,101152.38667799807,51687.02022737154,42157.00000000003
1140,46886.39083954131,0.1008691595761041,0,0,0,0,101037.22886420928,51615.78167908259,42157.00000000003
1141,46850.83661628605,0.10018682600545858,0,0,0,0,100922.32497548423,51544.673232572066,42157.00000000003
1142,46815.34727099176,0.09950470396015176,0,0,0,0,100807.67423058333,51473.694541983496,42157.00000000003
1143,46779.92263134524,0.09882279344018374,0,0,0,0,100693.27585137352,51402.84526269045,42157.00000000003
1144,46744.562525645524,0.0981410944455543,0,0,0,0,100579.12906281294,51332.12505129102,42157.00000000003
1145,46709.266782801285,0.09745960697626355,0,0,0,0,100465.23309293624,51261.53356560255,42157.00000000003
1146,46674.03523232804,0.09677833103231137,0,0,0,0,100351.58717283938,51191.07046465605,42157.00000000003
1147,46638.867704345525,0.09609726661369833,0,0,0,0,100238.19053666503,51120.73540869102,42157.00000000003
1148,46603.764029574944,0.09541641372042353,0,0,0,0,100125.04242158745,51050.52805914985,42157.00000000003
1149,46568.72403933641,0.09473577235248742,0,0,0,0,100012.14206779815,50980.44807867279,42157.00000000003
1150,46533.747565546255,0.09405534250989023,0,0,0,0,99899.48871849118,50910.49513109248,42157.00000000003
1151,46498.834440714345,0.09337512419263161,0,0,0,0,99787.0816198485,50840.66888142867,42157.00000000003
1152,46463.98449794156,0.09269511740071146,0,0,0,0,99674.92002102568,50770.96899588308,42157.00000000003
1153,46429.19757091715,0.09201532213413033,0,0,0,0,99563.00317413762,50701.395141834284,42157.00000000003
1154,46394.47349391611,0.09133573839288767,0,0,0,0,99451.33033424398,50631.9469878322,42157.00000000003
1155,46359.81210179668,0.09065636617698392,0,0,0,0,99339.90075933536,50562.624203593325,42157.00000000003
1156,46325.21322999769,0.08997720548641852,0,0,0,0,99228.71371031893,50493.426459995346,42157.00000000003
1157,46290.676714536115,0.08929825632119215,0,0,0,0,99117.7684510046,50424.3534290722,42157.00000000003
1158,46256.20239200445,0.08861951868130413,0,0,0,0,99007.06424809084,50355.404784008875,42157.00000000003
1159,46221.79009956828,0.08794099256675514,0,0,0,0,98896.60037115116,50286.58019913653,42157.00000000003
1160,46187.43967496364,0.0872626779775445,0,0,0,0,98786.37609261989,50217.87934992726,42157.00000000003
1161,46153.15095649469,0.08658457491367277,0,0,0,0,98676.39068777885,50149.30191298936,42157.00000000003
1162,46118.92378303108,0.08590668337513974,0,0,0,0,98566.64343474356,50080.847566062126,42157.00000000003
1163,46084.757994005566,0.08522900336194528,0,0,0,0,98457.13361444962,50012.5159880111,42157.00000000003
1164,46050.65342941153,0.08455153487408962,0,0,0,0,98347.86051063935,49944.306858823045,42157.00000000003
1165,46016.60992980055,0.08387427791157254,0,0,0,0,98238.82340984835,49876.21985960108,42157.00000000003
1166,45982.62733627995,0.08319723247439426,0,0,0,0,98130.02160139219,49808.25467255986,42157.00000000003
1167,45948.70549051038,0.08252039856255444,0,0,0,0,98021.45437735309,49740.41098102073,42157.00000000003
1168,45914.84423470346,0.08184377617605343,0,0,0,0,97913.12103256688,49672.68846940688,42157.00000000003
1169,45881.04341161932,0.08116736531489133,0,0,0,0,97805.02086460973,49605.08682323862,42157.00000000003
1170,45847.302864564255,0.08049116597906769,0,0,0,0,97697.15317378523,49537.60572912848,42157.00000000003
1171,45813.62243738836,0.07981517816858275,0,0,0,0,97589.51726311143,49470.24487477669,42157.00000000003
1172,45780.00197448317,0.0791394018834366,0,0,0,0,97482.11243830796,49403.00394896632,42157.00000000003
1173,45746.44132077931,0.07846383712362903,0,0,0,0,97374.93800778313,49335.88264155859,42157.00000000003
1174,45712.940321744165,0.07778848388916015,0,0,0,0,97267.99328262133,49268.88064348831,42157.00000000003
1175,45679.49882337957,0.07711334218002985,0,0,0,0,97161.27757657024,49201.997646759104,42157.00000000003
1176,45646.11667221951,0.07643841199623846,0,0,0,0,97054.79020602844,49135.233344438995,42157.00000000003
1177,45612.793715327796,0.07576369333778554,0,0,0,0,96948.5304900325,49068.58743065557,42157.00000000003
1178,45579.529800295815,0.07508918620467153,0,0,0,0,96842.49775024498,49002.059600591594,42157.00000000003
1179,45546.324775240224,0.07441489059689599,0,0,0,0,96736.69131094165,48935.64955048042,42157.00000000003
1180,45513.17848880073,0.07374080651445925,0,0,0,0,96631.11049899951,48869.35697760143,42157.00000000003
1181,45480.090790137816,0.07306693395736108,0,0,0,0,96525.75464388424,48803.1815802756,42157.00000000003
1182,45447.06152893051,0.07239327292560183,0,0,0,0,96420.62307763832,48737.123057861,42157.00000000003
1183,45414.09055537416,0.07171982341918104,0,0,0,0,96315.71513486859,48671.1811107483,42157.00000000003
1184,45381.177720178224,0.07104658543809894,0,0,0,0,96211.03015273447,48605.35544035641,42157.00000000003
1185,45348.32287456407,0.07037355898235564,0,0,0,0,96106.56747093593,48539.64574912811,42157.00000000003
1186,45315.52587026278,0.06970074405195104,0,0,0,0,96002.32643170144,48474.05174052554,42157.00000000003
1187,45282.78655951297,0.06902814064688512,0,0,0,0,95898.30637977626,48408.57311902591,42157.00000000003
1188,45250.10479505862,0.06835574876715789,0,0,0,0,95794.50666241064,48343.20959011722,42157.00000000003
1189,45217.480430146934,0.06768356841276923,0,0,0,0,95690.92662934808,48277.96086029384,42157.00000000003
1190,45184.91331852617,0.06701159958371927,0,0,0,0,95587.56563281365,48212.826637052305,42157.00000000003
1191,45152.40331444353,0.06633984228000811,0,0,0,0,95484.42302750255,48147.80662888703,42157.00000000003
1192,45119.950272643,0.06566829650163553,0,0,0,0,95381.49817056833,48082.90054528597,42157.00000000003
1193,45087.55404836329,0.06499696224860174,0,0,0,0,95278.7904216117,48018.108096726544,42157.00000000003
1194,45055.21449733567,0.06432583952090665,0,0,0,0,95176.299142669,47953.42899467132,42157.00000000003
1195,45022.93147578192,0.06365492831855013,0,0,0,0,95074.0236982008,47888.86295156382,42157.00000000003
1196,44990.704840412254,0.06298422864153241,0,0,0,0,94971.96345508086,47824.40968082449,42157.00000000003
1197,44958.5344484232,0.062313740489853164,0,0,0,0,94870.11778258462,47760.06889684636,42157.00000000003
1198,44926.420157495595,0.061643463863512604,0,0,0,0,94768.48605237836,47695.84031499116,42157.00000000003
1199,44894.36182579253,0.060973398762511066,0,0,0,0,94667.06763850791,47631.72365158504,42157.00000000003
1200,44862.359311957254,0.060303545186847995,0,0,0,0,94565.86191738762,47567.71862391447,42157.00000000003
1201,44830.41247511121,0.059633903136523614,0,0,0,0,94464.86826778956,47503.82495022239,42157.00000000003
1202,44798.521174851994,0.05896447261153803,0,0,0,0,94364.08607083249,47440.04234970396,42157.00000000003
1203,44766.68527125133,0.05829525361189092,0,0,0,0,94263.51470997096,47376.37054250262,42157.00000000003
1204,44734.904624853094,0.057626246137582604,0,0,0,0,94163.15357098472,47312.809249706166,42157.00000000003
1205,44703.17909667133,0.05695745018861298,0,0,0,0,94063.00204196783,47249.35819334263,42157.00000000003
1206,44671.50854818824,0.05628886576498193,0,0,0,0,93963.05951331803,47186.01709637645,42157.00000000003
1207,44639.89284135226,0.0556204928666898,0,0,0,0,93863.32537772619,47122.785682704496,42157.00000000003
1208,44608.33183857605,0.05495233149373624,0,0,0,0,93763.79903016562,47059.663677152064,42157.00000000003
1209,44576.8254027346,0.05428438164612148,0,0,0,0,93664.4798678818,46996.65080546916,42157.00000000003
1210,44545.37339716323,0.05361664332384519,0,0,0,0,93565.36729038165,46933.746794326435,42157.00000000003
1211,44513.97568565574,0.05294911652690748,0,0,0,0,93466.46069942343,46870.95137131146,42157.00000000003
1212,44482.632132462444,0.05228180125530879,0,0,0,0,93367.75949900632,46808.26426492486,42157.00000000003
1213,44451.34260228822,0.05161469750904857,0,0,0,0,93269.26309535997,46745.68520457641,42157.00000000003
1214,44420.1069602907,0.050947805288127146,0,0,0,0,93170.97089693461,46683.21392058137,42157.00000000003
1215,44388.925072078324,0.050281124592544524,0,0,0,0,93072.88231439066,46620.85014415662,42157.00000000003
1216,44357.796803708436,0.04961465542230026,0,0,0,0,92974.99676058859,46558.59360741684,42157.00000000003
1217,44326.72202168551,0.048948397777395125,0,0,0,0,92877.31365057922,46496.444043371004,42157.00000000003
1218,44295.70059295916,0.04828235165782835,0,0,0,0,92779.83240159322,46434.401185918294,42157.00000000003
1219,44264.73238492238,0.04761651706360026,0,0,0,0,92682.55243303157,46372.46476984474,42157.00000000003
1220,44233.81726540969,0.04695089399471086,0,0,0,0,92585.47316645557,46310.634530819356,42157.00000000003
1221,44202.95510269525,0.04628548245116004,0,0,0,0,92488.59402557687,46248.910205390464,42157.00000000003
1222,44172.14576549109,0.045620282432948245,0,0,0,0,92391.9144362479,46187.29153098215,42157.00000000003
1223,44141.38912294526,0.044955293940074914,0,0,0,0,92295.4338264519,46125.778245890484,42157.00000000003
1224,44110.68504464004,0.044290516972540384,0,0,0,0,92199.15162629355,46064.37008928006,42157.00000000003
1225,44080.03340059014,0.04362595153034443,0,0,0,0,92103.06726798903,46003.06680118024,42157.00000000003
1226,44049.43406124091,0.04296159761348739,0,0,0,0,92007.18018585669,45941.868122481785,42157.00000000003
1227,44018.886897466524,0.042297455221968705,0,0,0,0,91911.48981630732,45880.77379493301,42157.00000000003
1228,43988.391780568294,0.04163352435578871,0,0,0,0,91815.99559783495,45819.78356113655,42157.00000000003
1229,43957.94858227284,0.040969805014947624,0,0,0,0,91720.69697100722,45758.89716454565,42157.00000000003
1230,43927.55717473033,0.04030629719944523,0,0,0,0,91625.59337845602,45698.11434946064,42157.00000000003
1231,43897.21743051277,0.03964300090928141,0,0,0,0,91530.68426486825,45637.43486102551,42157.00000000003
1232,43866.929222612256,0.038979916144456284,0,0,0,0,91435.96907697656,45576.858445224476,42157.00000000003
1233,43836.692424439236,0.038317042904969845,0,0,0,0,91341.44726355003,45516.38484887844,42157.00000000003
1234,43806.5069098208,0.037654381190821984,0,0,0,0,91247.11827538507,45456.013819641565,42157.00000000003
1235,43776.37255299898,0.036991931002013034,0,0,0,0,91152.98156529643,45395.745105997936,42157.00000000003
1236,43746.28922862902,0.03632969233854266,0,0,0,0,91059.03658810779,45335.57845725802,42157.00000000003
1237,43716.2568117777,0.03566766520041087,0,0,0,0,90965.28280064302,45275.513623555365,42157.00000000003
1238,43686.275177921634,0.035005849587617766,0,0,0,0,90871.71966171716,45215.55035584324,42157.00000000003
1239,43656.344202945635,0.03434424550016357,0,0,0,0,90778.3466321274,45155.68840589125,42157.00000000003
1240,43626.463763140986,0.03368285293804796,0,0,0,0,90685.16317464427,45095.92752628194,42157.00000000003
1241,43596.63373520381,0.03302167190127092,0,0,0,0,90592.16875400276,45036.26747040758,42157.00000000003
1242,43566.85399623344,0.03236070238983291,0,0,0,0,90499.36283689362,44976.70799246685,42157.00000000003
1243,43537.124423730704,0.03169994440373314,0,0,0,0,90406.74489195438,44917.24884746138,42157.00000000003
1244,43507.44489559638,0.03103939794297228,0,0,0,0,90314.31438976113,44857.889791192734,42157.00000000003
1245,43477.815290129496,0.03037906300755,0,0,0,0,90222.07080281927,44798.63058025896,42157.00000000003
1246,43448.23548602573,0.02971893959746663,0,0,0,0,90130.01360555542,44739.47097205144,42157.00000000003
1247,43418.705362375804,0.02905902771272162,0,0,0,0,90038.14227430848,44680.41072475158,42157.00000000003
1248,43389.22479866388,0.02839932735331563,0,0,0,0,89946.45628732147,44621.44959732774,42157.00000000003
1249,43359.79367476595,0.027739838519247995,0,0,0,0,89854.9551247327,44562.58734953187,42157.00000000003
1250,43330.41187094826,0.027080561210519383,0,0,0,0,89763.63826856767,44503.823741896485,42157.00000000003
1251,43301.079267865694,0.026421495427129016,0,0,0,0,89672.50520273038,44445.15853573137,42157.00000000003
1252,43271.79574656029,0.025762641169077782,0,0,0,0,89581.5554129954,44386.59149312054,42157.00000000003
1253,43242.56118845954,0.025103998436365127,0,0,0,0,89490.78838699909,44328.12237691906,42157.00000000003
1254,43213.37547537493,0.024445567228990828,0,0,0,0,89400.20361423171,44269.75095074984,42157.00000000003
1255,43184.23848950039,0.02378734754695566,0,0,0,0,89309.80058602917,44211.476979000756,42157.00000000003
1256,43155.15011341068,0.023129339390259074,0,0,0,0,89219.5787955647,44153.30022682133,42157.00000000003
1257,43126.1102300599,0.022471542758901064,0,0,0,0,89129.53773784083,44095.22046011977,42157.00000000003
1258,43097.118722779975,0.021813957652881855,0,0,0,0,89039.67690968141,44037.23744555991,42157.00000000003
1259,43068.17547527908,0.021156584072201112,0,0,0,0,88949.99580972333,43979.35095055814,42157.00000000003
1260,43039.280371640205,0.02049942201685917,0,0,0,0,88860.49393840886,43921.56074328039,42157.00000000003
1261,43010.43329631956,0.019842471486855806,0,0,0,0,88771.1707979774,43863.866592639104,42157.00000000003
1262,42981.634134145155,0.01918573248219113,0,0,0,0,88682.0258924577,43806.26826829028,42157.00000000003
1263,42952.88277031525,0.01852920500286548,0,0,0,0,88593.05872766004,43748.76554063046,42157.00000000003
1264,42924.17909039687,0.017872889048878293,0,0,0,0,88504.26881116821,43691.358180793715,42157.00000000003
1265,42895.522980324386,0.017216784620229686,0,0,0,0,88415.65565233199,43634.04596064874,42157.00000000003
1266,42866.91432639799,0.01656089171691999,0,0,0,0,88327.21876225922,43576.82865279596,42157.00000000003
1267,42838.353015282235,0.01590521033894876,0,0,0,0,88238.95765380809,43519.70603056444,42157.00000000003
1268,42809.838934004605,0.015249740486316443,0,0,0,0,88150.8718415796,43462.67786800919,42157.00000000003
1269,42781.37196995403,0.014594482159022593,0,0,0,0,88062.96084190978,43405.74393990804,42157.00000000003
1270,42752.95201087949,0.013939435357067431,0,0,0,0,87975.22417286226,43348.90402175895,42157.00000000003
1271,42724.57894488853,0.01328460008045107,0,0,0,0,87887.66135422059,43292.157889777045,42157.00000000003
1272,42696.25266044587,0.012629976329173398,0,0,0,0,87800.2719074808,43235.50532089171,42157.00000000003
1273,42667.97304637193,0.011975564103234304,0,0,0,0,87713.05535584387,43178.946092743834,42157.00000000003
1274,42639.739991841496,0.011321363402634121,0,0,0,0,87626.01122420841,43122.47998368296,42157.00000000003
1275,42611.55338638223,0.010667374227372406,0,0,0,0,87539.13903916316,43066.106772764426,42157.00000000003
1276,42583.41311987331,0.01001359657744949,0,0,0,0,87452.43832897962,43009.82623974659,42157.00000000003
1277,42555.31908254403,0.009360030452865042,0,0,0,0,87365.90862360488,42953.638165088036,42157.00000000003
1278,42527.27116497243,0.008706675853619616,0,0,0,0,87279.54945465419,42897.54232994483,42157.00000000003
1279,42499.269258083834,0.008053532779712436,0,0,0,0,87193.36035540371,42841.53851616764,42157.00000000003
1280,42471.313253149616,0.00740060123114461,0,0,0,0,87107.34086078357,42785.626506299195,42157.00000000003
1281,42443.40304178565,0.006747881207914808,0,0,0,0,87021.4905073702,42729.806083571275,42157.00000000003
1282,42415.53851595113,0.006095372710023916,0,0,0,0,86935.80883337974,42674.07703190223,42157.00000000003
1283,42387.71956794708,0.005443075737471825,0,0,0,0,86850.29537866058,42618.43913589414,42157.00000000003
1284,42359.94609041508,0.004790990290258423,0,0,0,0,86764.94968468645,42562.89218083013,42157.00000000003
1285,42332.217976335865,0.0041391163683836,0,0,0,0,86679.77129454937,42507.4359526717,42157.00000000003
1286,42304.53511902804,0.003487453971847354,0,0,0,0,86594.75975295262,42452.070238056054,42157.00000000003
1287,42276.89741214674,0.0028360031006500197,0,0,0,0,86509.91460620394,42396.79482429345,42157.00000000003
1288,42249.30474968227,0.0021847637547913745,0,0,0,0,86425.23540220837,42341.60949936451,42157.00000000003
1289,42221.75702595881,0.0015337359342711965,0,0,0,0,86340.72169046156,42286.514051917584,42157.00000000003
1290,42194.25413563313,0.0008829196390898186,0,0,0,0,86256.3730220429,42231.508271266226,42157.00000000003
1291,42166.79597369323,0.00023231486924724098,0,0,0,0,86172.18894960864,42176.591947386434,42157.00000000003
1292,42157.00000000043,9.547918011776346e-15,0,0,0,0,86142.16207248833,42157.00000000083,42157.00000000003
