step,a_km,e,i_deg,Omega_deg,omega_deg,nu_deg,period_s,r_apogee_km,r_perigee_km
0,4131571.0,0.9983611560832429,0,0,0,0,83576475.34450276,8256371.0,6770.999999999884
1,4132375.8252170268,0.9979719534745819,0,0,0,0,83600897.43378568,8256371.0,8380.65043405316
2,4133266.6817609956,0.9975413240169488,0,0,0,0,83627932.88148013,8256371.0,10162.363521991329
3,4134243.6807242003,0.997069267710345,0,0,0,0,83657585.90342298,8256371.0,12116.361448400607
4,4135306.9440236883,0.9965557845547692,0,0,0,0,83689861.1271091,8256371.0,14242.88804737644
5,4136456.6044393564,0.9960008745502227,0,0,0,0,83724763.59337911,8256371.0,16542.208878712903
6,4137692.805655504,0.9954045376967042,0,0,0,0,83762298.7582608,8256371.0,19014.61131100799
7,4139015.702305831,0.9947667739942143,0,0,0,0,83802472.49496378,8256371.0,21660.404611662176
8,4140425.460021939,0.9940875834427536,0,0,0,0,83845291.0960303,8256371.0,24479.92004387822
9,4141922.25548535,0.9933669660423212,0,0,0,0,83890761.27564259,8256371.0,27473.51097069981
10,4143506.276483065,0.9926049217929174,0,0,0,0,83938890.17208858,8256371.0,30641.552966130002
11,4145177.7219667155,0.9918014506945418,0,0,0,0,83989685.35038762,8256371.0,33984.44393343085
12,4146936.802115322,0.9909565527471953,0,0,0,0,84043154.80507806,8256371.0,37502.60423064453
13,4148783.7384017184,0.9900702279508771,0,0,0,0,84099306.96316847,8256371.0,41196.47680343713
14,4149264.0000000005,0.9898398848566876,0,0,0,0,84113910.34055829,8256371.0,42157.00000000093
15,3805639.4322168278,0.9889224923299043,0,0,0,0,73884387.734014,7569121.864433655,42157.00000000072
16,3514638.950156843,0.9880053113284596,0,0,0,0,65574093.819710776,6987120.900313685,42157.00000000096
17,3265033.7793899123,0.9870883418523535,0,0,0,0,58714144.76755888,6487910.558779824,42157.0000000008
18,3048577.6317387647,0.9861715839015861,0,0,0,0,52973309.872759484,6054998.2634775285,42157.00000000085
19,2859078.1381664416,0.9852550374761577,0,0,0,0,48111650.76131121,5675999.276332882,42157.00000000093
20,2691794.865959219,0.9843387025760678,0,0,0,0,43951546.59122111,5341432.731918437,42157.000000001004
21,2543037.3344536587,0.9834225792013164,0,0,0,0,40358993.35018788,5043917.668907316,42157.000000001055
22,2409889.5761059434,0.9825066673519037,0,0,0,0,37231191.5741882,4777622.152211886,42157.00000000098
23,2290017.083663858,0.9815909670278299,0,0,0,0,34488102.810486615,4537877.167327715,42157.00000000081
24,2181528.759147479,0.980675478229095,0,0,0,0,32066579.382831596,4320900.5182949575,42157.00000000093
25,2082876.4113579323,0.9797602009556983,0,0,0,0,29916203.142224208,4123595.8227158636,42157.000000000895
26,1992780.403646275,0.9788451352076403,0,0,0,0,27996283.77430821,3943403.807292549,42157.00000000099
27,1910173.8436813634,0.9779302809849211,0,0,0,0,26273659.183504853,3778190.687362726,42157.00000000098
28,1834160.135808732,0.9770156382875409,0,0,0,0,24721060.43747782,3626163.2716174624,42157.000000001004
29,1763980.306609577,0.976101207115499,0,0,0,0,23315880.43657887,3485803.613219153,42157.0000000009
30,1698987.5754500274,0.9751869874687963,0,0,0,0,22039235.499221064,3355818.150900054,42157.000000000946
31,1638627.3626204813,0.9742729793474315,0,0,0,0,20875242.30427363,3235097.7252409616,42157.00000000095
32,1582421.4252370766,0.9733591827514058,0,0,0,0,19810455.11140292,3122685.8504741522,42157.00000000099
33,1529955.1596697862,0.9724455976807191,0,0,0,0,18833423.618309308,3017753.3193395715,42157.00000000087
34,1480867.3568482217,0.9715322241353709,0,0,0,0,17934342.570288576,2919577.7136964425,42157.000000000924
35,1434841.8748756722,0.9706190621153611,0,0,0,0,17104771.8328832,2827526.7497513434,42157.00000000096
36,1391600.8229829383,0.9697061116206901,0,0,0,0,16337411.068595095,2741044.6459658756,42157.00000000094
37,1350898.946208464,0.9687933726513578,0,0,0,0,15625917.085958922,2659640.892416927,42157.000000001
38,1312518.9710678929,0.9678808452073641,0,0,0,0,14964754.800418345,2582880.942135785,42157.0000000009
39,1276267.7256629374,0.9669685292887092,0,0,0,0,14349074.866698768,2510378.451325874,42157.00000000098
40,1241972.887949552,0.9660564248953932,0,0,0,0,13774612.622959418,2441788.775899103,42157.00000000098
41,1209480.2466333078,0.9651445320274155,0,0,0,0,13237604.175798047,2376803.4932666146,42157.00000000091
42,1178651.382822335,0.9642328506847766,0,0,0,0,12734716.35676767,2315145.765644669,42157.000000001
43,1149361.6989146536,0.9633213808674763,0,0,0,0,12262987.970243126,2256566.3978293063,42157.00000000094
44,1121498.7355223657,0.9624101225755147,0,0,0,0,11819780.283224706,2200840.4710447304,42157.00000000095
45,1094960.7284943447,0.9614990758088922,0,0,0,0,11402735.119262999,2147764.4569886886,42157.00000000098
46,1069655.3670058383,0.9605882405676082,0,0,0,0,11009739.240044408,2097153.7340116757,42157.000000000895
47,1045498.7207704041,0.9596776168516625,0,0,0,0,10638893.950646343,2048840.4415408073,42157.000000000924
48,1022414.310100969,0.9587672046610559,0,0,0,0,10288489.064018987,2002671.6202019372,42157.00000000097
49,1000332.2971102333,0.9578570039957879,0,0,0,0,9956980.518877571,1958507.5942204657,42157.000000000895
50,979188.7800313772,0.9569470148558585,0,0,0,0,9642971.071972027,1916220.5600627535,42157.00000000089
51,958925.175639183,0.9560372372412679,0,0,0,0,9345193.587551912,1875693.3512783651,42157.00000000093
52,939487.6772011956,0.9551276711520158,0,0,0,0,9062496.529085914,1836818.3544023903,42157.00000000088
53,920826.7773972956,0.9542183165881024,0,0,0,0,8793831.325005144,1799496.5547945902,42157.00000000088
54,902896.8473008206,0.953309173549528,0,0,0,0,8538241.33460187,1763636.6946016403,42157.000000000895
55,885655.7638831483,0.9524002420362918,0,0,0,0,8294852.184708575,1729154.5277662957,42157.000000000946
56,869064.5796402651,0.9514915220483947,0,0,0,0,8062863.284348276,1695972.1592805292,42157.00000000092
57,853087.228886909,0.9505830135858363,0,0,0,0,7841540.354713673,1664017.457773817,42157.00000000094
58,837690.2660567313,0.9496747166486164,0,0,0,0,7630208.836827481,1633223.5321134618,42157.00000000095
59,822842.632011893,0.9487666312367349,0,0,0,0,7428248.060006531,1603528.264023785,42157.000000000975
60,808515.4449259483,0.9478587573501925,0,0,0,0,7235086.071585187,1574873.8898518956,42157.00000000091
61,794681.8127772919,0.9469510949889886,0,0,0,0,7050195.042861182,1547206.6255545828,42157.00000000094
62,781316.6648918801,0.9460436441531237,0,0,0,0,6873087.178413344,1520476.3297837593,42157.00000000089
63,768396.6003148928,0.9451364048425972,0,0,0,0,6703311.066203427,1494636.2006297847,42157.00000000093
64,755899.7510821559,0.9442293770574095,0,0,0,0,6540448.41455317,1469642.5021643108,42157.000000000924
65,743805.6587106083,0.9433225607975605,0,0,0,0,6384111.129437399,1445454.3174212156,42157.00000000097
66,732095.162440477,0.9424159560630501,0,0,0,0,6233938.691786024,1422033.3248809532,42157.00000000093
67,720750.2979450076,0.9415095628538783,0,0,0,0,6089595.7998135025,1399343.5958900142,42157.00000000094
68,709754.2053814769,0.9406033811700454,0,0,0,0,5950770.245946083,1377351.4107629529,42157.00000000091
69,699091.0457936758,0.9396974110115511,0,0,0,0,5817171.001817889,1356025.0915873507,42157.00000000092
70,688745.9249940742,0.9387916523783953,0,0,0,0,5688526.488155841,1335334.8499881474,42157.00000000094
71,678704.8241563914,0.937886105270578,0,0,0,0,5564583.009257677,1315252.648312782,42157.000000000946
72,668954.5364383865,0.9369807696881001,0,0,0,0,5445103.33425567,1295752.0728767721,42157.00000000094
73,659482.6090323204,0.9360756456309602,0,0,0,0,5329865.409510732,1276808.21806464,42157.00000000095
74,650277.2901085262,0.9351707330991595,0,0,0,0,5218661.188349128,1258397.5802170516,42157.00000000091
75,641327.4801766144,0.9342660320926972,0,0,0,0,5111295.565971425,1240497.9603532278,42157.00000000094
76,632622.6874411816,0.9333615426115737,0,0,0,0,5007585.408777548,1223088.3748823623,42157.00000000093
77,624152.9867743811,0.9324572646557889,0,0,0,0,4907358.668579293,1206148.9735487613,42157.000000000895
78,615908.98196809,0.9315531982253425,0,0,0,0,4810453.573248554,1189660.9639361792,42157.00000000093
79,607881.770963844,0.9306493433202353,0,0,0,0,4716717.886290244,1173606.5419276871,42157.0000000009
80,600062.9137900011,0.9297456999404662,0,0,0,0,4626008.228654132,1157968.8275800012,42157.00000000091
81,592444.402963443,0.9288422680860363,0,0,0,0,4538189.456826769,1142731.805926885,42157.000000000946
82,585018.6361374891,0.9279390477569447,0,0,0,0,4453134.091880984,1127880.2722749773,42157.00000000095
83,577778.390799759,0.9270360389531922,0,0,0,0,4370721.794726542,1113399.781599517,42157.00000000091
84,570716.8008428271,0.9261332416747781,0,0,0,0,4290838.883299652,1099276.6016856532,42157.000000000924
85,563827.3348480196,0.9252306559217027,0,0,0,0,4213377.887871792,1085497.6696960384,42157.00000000091
86,557103.7759379044,0.9243282816939661,0,0,0,0,4138237.1410460086,1072050.5518758078,42157.00000000094
87,550540.2030668753,0.9234261189915679,0,0,0,0,4065320.3993559107,1058923.4061337498,42157.00000000096
88,544130.9736314861,0.9225241678145089,0,0,0,0,3994536.4936895235,1046104.9472629712,42157.000000000924
89,537870.7072931519,0.9216224281627882,0,0,0,0,3925799.006033392,1033584.4145863027,42157.00000000095
90,531754.2709157898,0.920720900036406,0,0,0,0,3859025.9702769043,1021351.5418315786,42157.00000000092
91,525776.7645297308,0.9198195834353629,0,0,0,0,3794139.5950334547,1009396.5290594606,42157.00000000095
92,519933.50824124005,0.9189184783596582,0,0,0,0,3731066.006629855,997710.0164824792,42157.000000000924
93,514220.03001418296,0.9180175848092923,0,0,0,0,3669735.0105897966,986283.0600283651,42157.000000000924
94,508632.05425674736,0.9171169027842652,0,0,0,0,3610079.8700920944,975107.1085134938,42157.00000000091
95,503165.49115203717,0.9162164322845767,0,0,0,0,3552037.1000251225,964173.9823040734,42157.00000000092
96,497816.4266765707,0.9153161733102267,0,0,0,0,3495546.2753839823,953475.8533531405,42157.00000000093
97,492581.11325549864,0.9144161258612156,0,0,0,0,3440549.852870092,943005.2265109963,42157.00000000092
98,487455.9610076387,0.9135162899375431,0,0,0,0,3386993.0046543493,932754.9220152765,42157.00000000093
99,482437.52953736286,0.9126166655392094,0,0,0,0,3334823.463356979,922718.0590747248,42157.000000000924
100,477522.520233889,0.9117172526662144,0,0,0,0,3283991.377379642,912888.040467777,42157.000000000946
101,472707.7690417569,0.910818051318558,0,0,0,0,3234449.175800213,903258.5380835129,42157.00000000092
102,467990.2396691991,0.9099190614962402,0,0,0,0,3186151.442108236,893823.4793383973,42157.00000000092
103,463367.0172037577,0.9090202831992612,0,0,0,0,3139054.796120048,884577.0344075145,42157.00000000094
104,458835.30210695276,0.9081217164276207,0,0,0,0,3093117.7834682856,875513.6042139046,42157.00000000091
105,454392.4045620041,0.9072233611813192,0,0,0,0,3048300.7721106354,866627.8091240072,42157.000000000946
106,450035.73915060656,0.9063252174603562,0,0,0,0,3004565.855348149,857914.4783012122,42157.000000000924
107,445762.81983665784,0.9054272852647319,0,0,0,0,2961876.760885515,849368.6396733148,42157.00000000094
108,441571.2552364523,0.9045295645944464,0,0,0,0,2920198.765502739,840985.5104729037,42157.000000000924
109,437458.7441564554,0.9036320554494994,0,0,0,0,2879498.6149426373,832760.4883129098,42157.00000000091
110,433423.07138115994,0.9027347578298911,0,0,0,0,2839744.44864966,824689.142762319,42157.00000000092
111,429462.10369481577,0.9018376717356218,0,0,0,0,2800905.729024089,816767.2073896306,42157.00000000094
112,425573.78612202377,0.9009407971666907,0,0,0,0,2762953.1748818886,808990.5722440466,42157.00000000093
113,421756.13837329525,0.9000441341230987,0,0,0,0,2725858.698834535,801355.2767465896,42157.00000000093
114,418007.2514826141,0.8991476826048451,0,0,0,0,2689595.348324322,793857.5029652272,42157.00000000092
115,414325.28462505696,0.8982514426119302,0,0,0,0,2654137.250071563,786493.569250113,42157.000000000946
116,410708.4621032854,0.8973554141443542,0,0,0,0,2619459.5577075346,779259.9242065698,42157.000000000946
117,407155.0704925674,0.8964595972021169,0,0,0,0,2585538.402384397,772153.1409851338,42157.000000000924
118,403663.45593467425,0.8955639917852181,0,0,0,0,2552350.8461684105,765169.9118693476,42157.00000000091
119,400232.0215716822,0.8946685978936582,0,0,0,0,2519874.8380370857,758307.0431433634,42157.00000000094
120,396859.2251112948,0.8937734155274368,0,0,0,0,2488089.172313675,751561.4502225887,42157.000000000924
121,393543.57651591446,0.8928784446865539,0,0,0,0,2456973.449384759,744930.153031828,42157.00000000095
122,390283.6358081645,0.8919836853710098,0,0,0,0,2426508.0385572477,738410.271616328,42157.00000000092
123,387078.0109860818,0.8910891375808047,0,0,0,0,2396674.0429215194,731999.0219721626,42157.00000000094
124,383925.3560416337,0.8901948013159378,0,0,0,0,2367453.2660966786,725693.7120832665,42157.000000000924
125,380824.3690766527,0.8893006765764101,0,0,0,0,2338828.180742703,719491.7381533044,42157.000000000946
126,377773.79051060614,0.8884067633622207,0,0,0,0,2310781.89873167,713390.5810212113,42157.00000000094
127,374772.4013750737,0.88751306167337,0,0,0,0,2283298.1428784775,707387.8027501465,42157.00000000095
128,371819.02169003064,0.8866195715098584,0,0,0,0,2256361.220137308,701481.0433800603,42157.00000000094
129,368912.5089174188,0.8857262928716853,0,0,0,0,2229955.9961770354,695668.0178348366,42157.00000000092
130,366051.75648775,0.8848332257588505,0,0,0,0,2204067.8712543957,689946.512975499,42157.00000000094
131,363235.6923957376,0.8839403701713549,0,0,0,0,2178682.7573089562,684314.3847914743,42157.000000000924
132,360463.27786121255,0.8830477261091976,0,0,0,0,2153787.05620905,678769.5557224242,42157.00000000095
133,357733.5060518258,0.8821552935723792,0,0,0,0,2129367.639082589,673310.0121036507,42157.000000000924
134,355045.4008642173,0.8812630725608994,0,0,0,0,2105411.826670611,667933.8017284337,42157.00000000095
135,352398.01576056454,0.8803710630747582,0,0,0,0,2081907.370645735,662639.0315211281,42157.00000000094
136,349790.4326575967,0.8794792651139558,0,0,0,0,2058842.435841224,657423.8653151925,42157.00000000091
137,347221.7608653273,0.878587678678492,0,0,0,0,2036205.5833397629,652286.5217306537,42157.000000000946
138,344691.1360729368,0.877696303768367,0,0,0,0,2013985.7543743833,647225.2721458727,42157.000000000924
139,342197.7193793743,0.8768051403835805,0,0,0,0,1992172.2549968117,642238.4387587477,42157.00000000094
140,339740.6963664004,0.875914188524133,0,0,0,0,1970754.7414713926,637324.3927327999,42157.00000000092
141,337319.2762119064,0.875023448190024,0,0,0,0,1949723.2063551277,632481.5524238119,42157.00000000093
142,334932.6908415018,0.8741329193812537,0,0,0,0,1929067.9652270842,627708.3816830027,42157.00000000094
143,332580.19411643856,0.8732426020978222,0,0,0,0,1908779.644032294,623003.3882328762,42157.000000000924
144,330261.0610560802,0.8723524963397291,0,0,0,0,1888849.167007644,618365.1221121595,42157.000000000946
145,327974.5870932129,0.8714626021069749,0,0,0,0,1869267.7451590833,613792.1741864248,42157.00000000092
146,325720.0873605843,0.8705729193995593,0,0,0,0,1850026.8652612385,609283.1747211677,42157.00000000094
147,323496.8960071621,0.8696834482174828,0,0,0,0,1831118.2793523783,604836.7920143233,42157.00000000093
148,321304.365542668,0.8687941885607444,0,0,0,0,1812533.9946990756,600451.731085335,42157.000000000946
149,319141.86620904744,0.8679051404293449,0,0,0,0,1794266.2642066348,596126.732418094,42157.00000000093
150,317008.78537757375,0.8670163038232843,0,0,0,0,1776307.5772524192,591860.5707551466,42157.00000000094
151,314904.5269703849,0.8661276787425619,0,0,0,0,1758650.6509208016,587652.0539407688,42157.00000000094
152,312828.5109053148,0.8652392651871786,0,0,0,0,1741288.42161963,583500.0218106287,42157.000000000924
153,310780.1725629083,0.8643510631571341,0,0,0,0,1724214.0370589872,579403.3451258157,42157.00000000093
154,308758.9622746149,0.8634630726524276,0,0,0,0,1707420.8485744777,575360.9245492289,42157.00000000094
155,306764.34483117965,0.8625752936730603,0,0,0,0,1690902.403778027,571371.6896623584,42157.00000000093
156,304795.7990102945,0.8616877262190314,0,0,0,0,1674652.4395200666,567434.598020588,42157.00000000092
157,302852.81712265813,0.8608003702903415,0,0,0,0,1658664.8751481688,563548.6342453153,42157.00000000093
158,300934.9045755905,0.8599132258869902,0,0,0,0,1642933.8060476296,559712.8091511801,42157.000000000924
159,299041.5794534342,0.8590262930089778,0,0,0,0,1627453.4974506374,555926.1589068675,42157.00000000092
160,297172.3721139763,0.8581395716563038,0,0,0,0,1612218.3785010728,552187.7442279516,42157.000000000946
161,295326.82480019797,0.8572530618289684,0,0,0,0,1597223.0365629776,548496.649600395,42157.00000000093
162,293504.4912666663,0.8563667635269717,0,0,0,0,1582462.2117611233,544851.9825333316,42157.00000000094
163,291704.93641992944,0.8554806767503138,0,0,0,0,1567930.7917428485,541252.8728398579,42157.00000000094
164,289927.7359723109,0.8545948014989947,0,0,0,0,1553623.8066509042,537698.4719446208,42157.000000000924
165,288172.4761085206,0.8537091377730143,0,0,0,0,1539536.4242975402,534187.9522170402,42157.000000000924
166,286438.7531645334,0.8528236855723725,0,0,0,0,1525663.9455305953,530720.5063290659,42157.00000000094
167,284726.17331821134,0.8519384448970694,0,0,0,0,1512001.7997828252,527295.3466364217,42157.000000000924
168,283034.35229117394,0.8510534157471049,0,0,0,0,1498545.5407961847,523911.704582347,42157.00000000093
169,281362.91506143706,0.8501685981224791,0,0,0,0,1485290.8425131226,520568.8301228732,42157.000000000946
170,279711.4955863745,0.8492839920231919,0,0,0,0,1472233.4951274574,517265.991172748,42157.00000000093
171,278079.7365355718,0.8483995974492438,0,0,0,0,1459369.401287716,514002.4730711427,42157.000000000924
172,276467.2890331554,0.8475154144006337,0,0,0,0,1446694.5724461235,510777.57806631,42157.00000000093
173,274873.81240922253,0.8466314428773627,0,0,0,0,1434205.12534696,507590.62481844414,42157.00000000094
174,273298.9739599784,0.8457476828794301,0,0,0,0,1421897.278648017,504440.9479199558,42157.000000000946
175,271742.44871624757,0.8448641344068364,0,0,0,0,1409767.3496695212,501327.8974324942,42157.00000000094
176,270203.9192200059,0.8439807974595817,0,0,0,0,1397811.7512649049,498250.8384400109,42157.00000000094
177,268683.0753086144,0.8430976720376652,0,0,0,0,1386026.9888082047,495209.15061722795,42157.000000000924
178,267179.6139064561,0.8422147581410879,0,0,0,0,1374409.6572931767,492202.22781291127,42157.000000000924
179,265693.23882366135,0.8413320557698488,0,0,0,0,1362956.438539215,489229.4776473217,42157.00000000094
180,264223.6605616671,0.8404495649239485,0,0,0,0,1351664.0984997582,486290.3211233333,42157.00000000094
181,262770.59612531826,0.839567285603387,0,0,0,0,1340529.4846686993,483384.1922506356,42157.000000000924
182,261333.76884126887,0.8386852178081639,0,0,0,0,1329549.5235808012,480510.5376825368,42157.000000000946
183,259912.90818243657,0.8378033615382798,0,0,0,0,1318721.2184021939,477668.8163648722,42157.00000000093
184,258507.74959826894,0.8369217167937343,0,0,0,0,1308041.6466071787,474858.499196537,42157.000000000924
185,257118.03435061045,0.8360402835745278,0,0,0,0,1297507.9577378756,472079.06870122,42157.000000000924
186,255743.50935494195,0.8351590618806597,0,0,0,0,1287117.3712432268,469330.018709883,42157.00000000092
187,254383.92702680174,0.83427805171213,0,0,0,0,1276867.1743942238,466610.85405360255,42157.00000000094
188,253039.0451331832,0.8333972530689394,0,0,0,0,1266754.7202722076,463921.0902663654,42157.00000000094
189,251708.62664872146,0.832516665951087,0,0,0,0,1256777.425827301,461260.253297442,42157.000000000946
190,250392.4396165013,0.8316362903585739,0,0,0,0,1246932.7700042492,458627.8792330017,42157.000000000946
191,249090.2570132943,0.830756126291399,0,0,0,0,1237218.2919328376,456023.51402658765,42157.00000000093
192,247801.85661908492,0.8298761737495629,0,0,0,0,1227631.5891805012,453446.7132381689,42157.00000000093
193,246527.02089070712,0.8289964327330658,0,0,0,0,1218170.316064531,450897.0417814133,42157.00000000093
194,245265.5368394509,0.8281169032419071,0,0,0,0,1208832.1820216088,448374.0736789009,42157.00000000093
195,244017.19591249575,0.8272375852760869,0,0,0,0,1199614.9500324507,445877.39182499057,42157.00000000094
196,242781.79387802692,0.8263584788356061,0,0,0,0,1190516.4350993845,443406.5877560529,42157.00000000093
197,241559.13071389924,0.8254795839204632,0,0,0,0,1181534.502774797,440961.26142779755,42157.000000000924
198,240349.01049973659,0.8246009005306592,0,0,0,0,1172667.0677386122,438541.02099947224,42157.000000000946
199,239151.2413123215,0.8237224286661944,0,0,0,0,1163912.0924227654,436145.4826246421,42157.00000000092
200,237965.63512417613,0.8228441683270679,0,0,0,0,1155267.5856810112,433774.27024835127,42157.00000000093
201,236792.00770521603,0.8219661195132799,0,0,0,0,1146731.6015023172,431427.01541043114,42157.00000000093
202,235630.1785273664,0.8210882822248307,0,0,0,0,1138302.237766183,429103.35705473187,42157.000000000946
203,234479.97067203873,0.8202106564617202,0,0,0,0,1129977.635038327,426802.94134407653,42157.000000000946
204,233341.21074036922,0.8193332422239482,0,0,0,0,1121755.9754052474,424525.4214807375,42157.00000000094
205,232213.72876612406,0.8184560395115152,0,0,0,0,1113635.4813462193,422270.4575322472,42157.00000000094
206,231097.35813117446,0.8175790483244211,0,0,0,0,1105614.4146413105,420037.716262348,42157.00000000093
207,229991.93548346005,0.816702268662665,0,0,0,0,1097691.0753141434,417826.8709669192,42157.00000000094
208,228897.30065735424,0.8158257005262484,0,0,0,0,1089863.8006081262,415637.60131470754,42157.000000000924
209,227813.29659634075,0.8149493439151696,0,0,0,0,1082130.9639948653,413469.59319268056,42157.00000000092
210,226739.76927794222,0.8140731988294297,0,0,0,0,1074490.974213738,411322.5385558835,42157.00000000094
211,225676.56764080288,0.813197265269029,0,0,0,0,1066942.2743413395,409196.13528160483,42157.00000000093
212,224623.54351386943,0.8123215432339668,0,0,0,0,1059483.3408898537,407090.0870277379,42157.00000000093
213,223580.55154759495,0.811446032724243,0,0,0,0,1052112.6829332788,405004.10309518897,42157.000000000924
214,222547.44914709762,0.8105707337398582,0,0,0,0,1044828.8412605097,402937.8982941943,42157.00000000092
215,221524.09640720845,0.8096956462808118,0,0,0,0,1037630.3875543203,400891.19281441596,42157.00000000094
216,220510.3560493527,0.8088207703471046,0,0,0,0,1030515.9235953859,398863.7120987045,42157.000000000924
217,219506.09336019502,0.8079461059387355,0,0,0,0,1023484.0804903945,396855.1867203891,42157.00000000093
218,218511.1761320027,0.8070716530557052,0,0,0,0,1016533.517923496,394865.35226400447,42157.00000000093
219,217525.47460465934,0.8061974116980138,0,0,0,0,1009662.9234301905,392893.94920931774,42157.00000000094
220,216548.86140928295,0.8053233818656608,0,0,0,0,1002871.0116929389,390940.72281856503,42157.000000000924
221,215581.21151339923,0.8044495635586466,0,0,0,0,996156.5238577585,389005.42302679754,42157.00000000094
222,214622.4021676103,0.8035759567769714,0,0,0,0,989518.2268710227,387087.80433521967,42157.000000000924
223,213672.31285372213,0.8027025615206347,0,0,0,0,982954.9128358484,385187.62570744334,42157.00000000094
224,212730.82523427793,0.8018293777896366,0,0,0,0,976465.3983873617,383304.65046855493,42157.00000000094
225,211797.8231034562,0.800956405583977,0,0,0,0,970048.5240862315,381438.6462069115,42157.00000000093
226,210873.1923392893,0.8000836449036564,0,0,0,0,963703.1538298404,379589.38467857765,42157.00000000093
227,209956.82085715933,0.7992110957486742,0,0,0,0,957428.1742804983,377756.6417143177,42157.000000000924
228,209048.5985645383,0.7983387581190311,0,0,0,0,951222.4943101703,375940.19712907565,42157.000000000924
229,208148.41731692437,0.7974666320147265,0,0,0,0,945085.044461113,374139.8346338478,42157.00000000093
230,207256.1708749472,0.7965947174357605,0,0,0,0,939014.7764219536,372355.3417498934,42157.00000000094
231,206371.75486259852,0.7957230143821334,0,0,0,0,933010.662518658,370586.5097251961,42157.000000000924
232,205495.06672655794,0.7948515228538446,0,0,0,0,927071.695219927,368833.13345311495,42157.000000000946
233,204626.00569658045,0.7939802428508947,0,0,0,0,921196.8866565494,367095.01139316,42157.00000000093
234,203764.4727469108,0.7931091743732835,0,0,0,0,915385.268154243,365371.94549382065,42157.00000000094
235,202910.37055869662,0.7922383174210111,0,0,0,0,909635.8897795681,363663.7411173923,42157.00000000093
236,202063.60348336882,0.7913676719940772,0,0,0,0,903947.8198984792,361970.2069667367,42157.000000000924
237,201224.07750696162,0.790497238092482,0,0,0,0,898320.144747127,360291.1550139223,42157.00000000094
238,200391.70021534173,0.7896270157162255,0,0,0,0,892751.968014494,358626.4004306825,42157.00000000093
239,199566.3807603222,0.7887570048653075,0,0,0,0,887242.4104365136,356975.7615206435,42157.00000000093
240,198748.02982663503,0.7878872055397286,0,0,0,0,881790.6094013059,355339.0596532691,42157.00000000093
241,197936.55959973298,0.7870176177394881,0,0,0,0,876395.7185651532,353716.119199465,42157.00000000093
242,197131.88373440364,0.7861482414645863,0,0,0,0,871056.9074789288,352106.76746880636,42157.00000000094
243,196333.91732416474,0.7852790767150233,0,0,0,0,865773.361224603,350510.83464832854,42157.00000000094
244,195542.57687142235,0.7844101234907987,0,0,0,0,860544.2800615418,348928.1537428438,42157.00000000094
245,194757.7802583699,0.7835413817919133,0,0,0,0,855368.8790822955,347358.56051673886,42157.000000000924
246,193979.44671860247,0.7826728516183663,0,0,0,0,850246.3878775599,345801.893437204,42157.000000000924
247,193207.49680943295,0.781804532970158,0,0,0,0,845176.0502100677,344257.993618865,42157.00000000094
248,192441.8523848825,0.7809364258472882,0,0,0,0,840157.1236970981,342726.7047697641,42157.00000000093
249,191682.43656933244,0.7800685302497574,0,0,0,0,835188.8795013755,341207.87313866394,42157.00000000093
250,190929.17373181306,0.7792008461775655,0,0,0,0,830270.6020300691,339701.3474636252,42157.00000000092
251,190181.9894609165,0.7783333736307115,0,0,0,0,825401.588641681,338206.97892183205,42157.00000000093
252,189440.8105403149,0.7774661126091967,0,0,0,0,820581.149360578,336724.6210806289,42157.00000000093
253,188705.56492486203,0.7765990631130204,0,0,0,0,815808.6065989063,335254.12984972313,42157.00000000093
254,187976.18171727064,0.7757322251421831,0,0,0,0,811083.2948857247,333795.36343454034,42157.00000000093
255,187252.5911453411,0.7748655986966843,0,0,0,0,806404.5606030859,332348.1822906813,42157.00000000093
256,186534.72453973297,0.7739991837765239,0,0,0,0,801771.7617289058,330912.449079465,42157.00000000093
257,185822.51431226035,0.7731329803817025,0,0,0,0,797184.2675863941,329488.02862451976,42157.00000000093
258,185115.89393469636,0.7722669885122196,0,0,0,0,792641.4585998493,328074.7878693918,42157.00000000094
259,184414.79791807715,0.7714012081680756,0,0,0,0,788142.7260566637,326672.59583615337,42157.00000000093
260,183719.16179248662,0.7705356393492702,0,0,0,0,783687.4718753203,325281.3235849723,42157.00000000093
261,183028.92208731224,0.7696702820558036,0,0,0,0,779275.1083792315,323900.84417462355,42157.00000000093
262,182344.01631195782,0.7688051362876757,0,0,0,0,774905.0580762415,322531.0326239147,42157.00000000093
263,181664.3829370011,0.767940202044886,0,0,0,0,770576.7534436301,321171.76587400126,42157.00000000093
264,180989.96137578593,0.7670754793274354,0,0,0,0,766289.6367184705,319822.92275157094,42157.000000000924
265,180320.69196643302,0.7662109681353235,0,0,0,0,762043.1596931609,318484.3839328651,42157.000000000924
266,179656.5159542633,0.7653466684685503,0,0,0,0,757836.7835160155,317156.0319085257,42157.00000000094
267,178997.37547461997,0.7644825803271156,0,0,0,0,753669.9784967505,315837.750949239,42157.00000000094
268,178343.21353607965,0.7636187037110197,0,0,0,0,749542.223916736,314529.4270721584,42157.000000000924
269,177693.9740040416,0.7627550386202625,0,0,0,0,745453.0078438724,313230.9480080823,42157.00000000093
270,177049.6015846857,0.7618915850548438,0,0,0,0,741401.8269519646,311942.2031693705,42157.00000000093
271,176410.04180929065,0.7610283430147641,0,0,0,0,737388.1863444787,310663.08361858036,42157.00000000093
272,175775.24101889954,0.760165312500023,0,0,0,0,733411.5993825335,309393.48203779815,42157.00000000092
273,175145.1463493289,0.7593024935106204,0,0,0,0,729471.5875170432,308133.29269865685,42157.00000000093
274,174519.70571650745,0.7584398860465567,0,0,0,0,725567.6801248671,306882.411433014,42157.00000000094
275,173898.8678021389,0.7575774901078314,0,0,0,0,721699.4143488703,305640.7356042769,42157.000000000946
276,173282.58203968048,0.7567153056944449,0,0,0,0,717866.3349417915,304408.16407936,42157.00000000094
277,172670.79860062734,0.7558533328063974,0,0,0,0,714067.9941138013,303184.59720125375,42157.00000000094
278,172063.46838109582,0.7549915714436882,0,0,0,0,710303.9513836539,301969.9367621907,42157.000000000924
279,171460.5429887011,0.754130021606318,0,0,0,0,706573.7734333575,300764.0859774013,42157.00000000092
280,170861.9747297148,0.7532686832942862,0,0,0,0,702877.03396622,299566.94945942867,42157.00000000093
281,170267.71659650348,0.7524075565075932,0,0,0,0,699213.3135682348,298378.433193006,42157.00000000093
282,169677.72225523516,0.7515466412462392,0,0,0,0,695582.1995726739,297198.4445104694,42157.00000000093
283,169091.94603384883,0.7506859375102233,0,0,0,0,691983.2859278194,296026.8920676967,42157.00000000094
284,168510.3429102835,0.7498254452995463,0,0,0,0,688416.1730677638,294863.6858205661,42157.00000000093
285,167932.86850095453,0.7489651646142083,0,0,0,0,684880.4677861657,293708.7370019081,42157.00000000093
286,167359.47904947528,0.7481050954542088,0,0,0,0,681375.7831129049,292561.95809894963,42157.000000000924
287,166790.131415618,0.7472452378195475,0,0,0,0,677901.7381935631,291423.2628312351,42157.00000000094
288,166224.78306450628,0.7463855917102252,0,0,0,0,674457.9581716429,290292.5661290116,42157.00000000093
289,165663.39205603383,0.7455261571262419,0,0,0,0,671044.0740734567,289169.7841120667,42157.00000000093
290,165105.91703450412,0.7446669340675969,0,0,0,0,667659.7226956169,288054.8340690073,42157.000000000924
291,164552.31721848852,0.7438079225342911,0,0,0,0,664304.5464950767,286947.6344369761,42157.000000000924
292,164002.55239089014,0.7429491225263234,0,0,0,0,660978.1934816111,285848.10478177934,42157.00000000093
293,163456.58288921852,0.7420905340436945,0,0,0,0,657680.3171127347,284756.1657784361,42157.00000000093
294,162914.36959606103,0.7412321570864047,0,0,0,0,654410.5761909413,283671.73919212114,42157.00000000093
295,162375.87392975084,0.7403739916544533,0,0,0,0,651168.6347632312,282594.74785950076,42157.00000000093
296,161841.05783522732,0.7395160377478405,0,0,0,0,647954.1620228713,281525.1156704537,42157.00000000092
297,161309.8837750819,0.7386582953665666,0,0,0,0,644766.8322133186,280462.76755016285,42157.000000000924
298,160782.314720785,0.737800764510631,0,0,0,0,641606.3245342486,279407.6294415691,42157.000000000946
299,160258.31414409328,0.7369434451800345,0,0,0,0,638472.3230496611,278359.62828818563,42157.000000000924
300,159737.84600862797,0.7360863373747766,0,0,0,0,635364.5165979785,277318.692017255,42157.00000000093
301,159220.87476162397,0.7352294410948572,0,0,0,0,632282.5987041075,276284.749523247,42157.000000000924
302,158707.36532584476,0.7343727563402764,0,0,0,0,629226.2674934119,275257.7306516886,42157.00000000093
303,158197.28309165806,0.7335162831110345,0,0,0,0,626195.2256075413,274237.5661833152,42157.000000000946
304,157690.59390926978,0.7326600214071313,0,0,0,0,623189.1801220746,273224.18781853863,42157.00000000094
305,157187.26408111243,0.7318039712285667,0,0,0,0,620207.8424659364,272217.5281622239,42157.00000000092
306,156687.2603543846,0.7309481325753409,0,0,0,0,617250.9283425398,271217.5207087683,42157.00000000094
307,156190.5499137361,0.7300925054474537,0,0,0,0,614318.1576526023,270224.09982747125,42157.00000000093
308,155697.10037409895,0.7292370898449052,0,0,0,0,611409.2544186193,269237.200748197,42157.00000000093
309,155206.8797736578,0.7283818857676956,0,0,0,0,608523.9467109274,268256.75954731466,42157.000000000924
310,154719.85656695737,0.7275268932158243,0,0,0,0,605661.9665753325,267282.7131339138,42157.000000000924
311,154235.99961814558,0.7266721121892918,0,0,0,0,602823.0499622694,266314.9992362902,42157.000000000924
312,153755.27819434617,0.725817542688098,0,0,0,0,600006.9366574391,265353.5563886914,42157.000000000946
313,153277.66195916085,0.7249631847122433,0,0,0,0,597213.3702139057,264398.32391832076,42157.00000000093
314,152803.12096629536,0.7241090382617268,0,0,0,0,594442.0978856022,263449.2419325898,42157.000000000924
315,152331.62565331053,0.723255103336549,0,0,0,0,591692.8705622326,262506.25130662014,42157.00000000093
316,151863.14683549042,0.7224013799367099,0,0,0,0,588965.442705508,261569.2936709799,42157.00000000094
317,151397.65569982896,0.7215478680622096,0,0,0,0,586259.5722867098,260638.311399657,42157.00000000094
318,150935.1237991312,0.7206945677130481,0,0,0,0,583575.0207255371,259713.24759826146,42157.000000000946
319,150475.5230462259,0.7198414788892253,0,0,0,0,580911.5528302082,258794.04609245085,42157.00000000094
320,150018.82570828797,0.7189886015907407,0,0,0,0,578268.9367387887,257880.651416575,42157.00000000094
321,149565.00440126896,0.7181359358175952,0,0,0,0,575646.9438617239,256973.008802537,42157.00000000094
322,149114.0320844299,0.7172834815697882,0,0,0,0,573045.3488255235,256071.06416885887,42157.000000000924
323,148665.88205497936,0.71643123884732,0,0,0,0,570463.9294176084,255174.7641099578,42157.000000000946
324,148220.5279428094,0.7155792076501905,0,0,0,0,567902.4665322541,254284.05588561782,42157.00000000093
325,147777.94370533162,0.7147273879783999,0,0,0,0,565360.7441176395,253398.8874106623,42157.00000000094
326,147338.10362240722,0.7138757798319477,0,0,0,0,562838.5491239446,252519.2072448135,42157.000000000946
327,146900.98229137243,0.7130243832108342,0,0,0,0,560335.6714525002,251644.9645827439,42157.00000000093
328,146466.55462215526,0.7121731981150593,0,0,0,0,557851.9039059466,250776.10924430963,42157.00000000093
329,146034.7958324816,0.7113222245446231,0,0,0,0,555387.0421393842,249912.5916649623,42157.00000000093
330,145605.68144316995,0.7104714624995259,0,0,0,0,552940.8846124943,249054.36288633896,42157.000000000924
331,145179.18727351175,0.7096209119797672,0,0,0,0,550513.2325426084,248201.37454702257,42157.00000000093
332,144755.28943673632,0.7087705729853473,0,0,0,0,548103.8898587015,247353.5788734717,42157.00000000093
333,144333.96433555795,0.707920445516266,0,0,0,0,545712.6631562903,246510.92867111496,42157.00000000092
334,143915.18865780384,0.7070705295725229,0,0,0,0,543339.3616532172,245673.37731560675,42157.00000000093
335,143498.93937212141,0.7062208251541191,0,0,0,0,540983.7971462979,244840.8787442419,42157.00000000092
336,143085.1937237617,0.7053713322610539,0,0,0,0,538645.7839688096,244013.3874475225,42157.00000000093
337,142673.9292304398,0.7045220508933272,0,0,0,0,536325.1389488105,243190.85846087866,42157.000000000924
338,142265.12367826916,0.7036729810509392,0,0,0,0,534021.6813682668,242373.24735653738,42157.00000000094
339,141858.75511776787,0.70282412273389,0,0,0,0,531735.2329229634,241560.5102355348,42157.00000000093
340,141454.80185993662,0.7019754759421793,0,0,0,0,529465.6176831924,240752.6037198723,42157.00000000093
341,141053.2424724062,0.7011270406758074,0,0,0,0,527212.662055194,239949.48494481144,42157.000000000924
342,140654.05577565296,0.7002788169347745,0,0,0,0,524976.1947433351,239151.111551305,42157.000000000924
343,140257.22083928072,0.6994308047190797,0,0,0,0,522756.0467130075,238357.44167856054,42157.00000000093
344,139862.71697836966,0.6985830040287242,0,0,0,0,520552.0511542415,237568.4339567384,42157.00000000094
345,139470.52374988646,0.6977354148637069,0,0,0,0,518364.0434459936,236784.047499772,42157.00000000094
346,139080.62094916045,0.6968880372240285,0,0,0,0,516191.8611211284,236004.24189831998,42157.00000000093
347,138692.98860641883,0.6960408711096888,0,0,0,0,514035.34383204696,235228.97721283673,42157.000000000924
348,138307.6069833828,0.6951939165206875,0,0,0,0,511894.3333169665,234458.21396676468,42157.000000000924
349,137924.45656992364,0.6943471734570252,0,0,0,0,509768.67336683645,233691.91313984635,42157.000000000924
350,137543.5180807747,0.6935006419187014,0,0,0,0,507658.20979286364,232930.0361615485,42157.00000000093
351,137164.7724523023,0.6926543219057166,0,0,0,0,505562.7903946549,232172.54490460368,42157.00000000093
352,136788.20083933003,0.6918082134180703,0,0,0,0,503482.26492894,231419.40167865914,42157.00000000094
353,136413.78461201937,0.6909623164557631,0,0,0,0,501416.4850788857,230670.5692240378,42157.00000000093
354,136041.50535280188,0.6901166310187946,0,0,0,0,499365.3044239669,229926.01070560285,42157.00000000093
355,135671.3448533651,0.6892711571071649,0,0,0,0,497328.5784104015,229185.68970672923,42157.00000000093
356,135303.28511168866,0.6884258947208737,0,0,0,0,495306.16432212223,228449.5702233764,42157.000000000924
357,134937.3083291316,0.6875808438599211,0,0,0,0,493297.9212522874,227717.61665826227,42157.00000000093
358,134573.39690756786,0.6867360045243074,0,0,0,0,491303.7100753052,226989.7938151348,42157.000000000924
359,134211.53344657068,0.6858913767140322,0,0,0,0,489323.39341937244,226266.06689314044,42157.00000000094
360,133851.70074064416,0.6850469604290957,0,0,0,0,487356.8356395114,225546.40148128735,42157.00000000093
361,133493.88177650128,0.684202755669498,0,0,0,0,485403.90279109543,224830.76355300166,42157.00000000093
362,133138.05973038732,0.6833587624352389,0,0,0,0,483464.46260385256,224119.1194607737,42157.00000000093
363,132784.21796544772,0.6825149807263182,0,0,0,0,481538.38445633755,223411.4359308945,42157.00000000093
364,132432.3400291403,0.6816714105427364,0,0,0,0,479625.53935086535,222707.68005827966,42157.00000000094
365,132082.40965068951,0.6808280518844936,0,0,0,0,477725.79988888983,222007.8193013781,42157.00000000094
366,131734.4107385831,0.6799849047515893,0,0,0,0,475839.0402468239,221311.82147716527,42157.000000000924
367,131388.3273781105,0.6791419691440235,0,0,0,0,473965.1361522939,220619.65475622006,42157.000000000924
368,131044.1438289413,0.6782992450617966,0,0,0,0,472103.9648608138,219931.28765788168,42157.000000000924
369,130701.8445227428,0.6774567325049081,0,0,0,0,470255.40513286914,219246.68904548467,42157.00000000094
370,130361.41406083776,0.6766144314733585,0,0,0,0,468419.33721141395,218565.8281216746,42157.00000000093
371,130022.83721189936,0.6757723419671477,0,0,0,0,466595.64279975824,217888.67442379778,42157.000000000924
372,129686.09890968393,0.6749304639862755,0,0,0,0,464784.2050398469,217215.1978193669,42157.00000000093
373,129351.18425080045,0.6740887975307419,0,0,0,0,462984.9084909184,216545.36850159997,42157.00000000093
374,129018.07849251636,0.673247342600547,0,0,0,0,461197.6391085392,215879.1569850318,42157.00000000094
375,128686.76705059828,0.6724060991956908,0,0,0,0,459422.2842240008,215216.53410119563,42157.00000000094
376,128357.23549718763,0.6715650673161732,0,0,0,0,457658.73252407566,214557.47099437437,42157.00000000093
377,128029.4695587109,0.6707242469619945,0,0,0,0,455906.8740311288,213901.93911742087,42157.00000000093
378,127703.45511382195,0.6698836381331543,0,0,0,0,454166.60008356464,213249.91022764298,42157.00000000093
379,127379.17819137895,0.6690432408296529,0,0,0,0,452437.80331662134,212601.35638275696,42157.000000000924
380,127056.62496845191,0.6682030550514899,0,0,0,0,450720.37764348823,211956.2499369029,42157.00000000093
381,126735.7817683632,0.6673630807986659,0,0,0,0,449014.2182367527,211314.56353672547,42157.00000000094
382,126416.63505875751,0.6665233180711805,0,0,0,0,447319.22151015827,210676.2701175141,42157.00000000093
383,126099.17144970404,0.6656837668690339,0,0,0,0,445635.28510068194,210041.34289940714,42157.000000000924
384,125783.37769182715,0.6648444271922258,0,0,0,0,443962.30785091093,209409.75538365336,42157.00000000093
385,125469.24067446716,0.6640052990407566,0,0,0,0,442300.18979172135,208781.4813489334,42157.00000000094
386,125156.74742386954,0.6631663824146259,0,0,0,0,440648.83212524885,208156.49484773815,42157.00000000093
387,124845.88510140298,0.6623276773138342,0,0,0,0,439008.1372081505,207534.77020280503,42157.000000000924
388,124536.641001804,0.6614891837383806,0,0,0,0,437378.0085351417,206916.28200360708,42157.00000000093
389,124229.00255145085,0.6606509016882661,0,0,0,0,435758.3507228207,206301.00510290076,42157.00000000093
390,123922.95730666169,0.6598128311634901,0,0,0,0,434149.069493751,205688.91461332244,42157.000000000924
391,123618.49295202148,0.6589749721640531,0,0,0,0,432550.0716608235,205079.98590404203,42157.00000000093
392,123315.59729873248,0.6581373246899542,0,0,0,0,430961.2651118667,204474.19459746403,42157.00000000094
393,123014.25828299239,0.6572998887411945,0,0,0,0,429382.5587945255,203871.51656598385,42157.00000000093
394,122714.46396439521,0.6564626643177734,0,0,0,0,427813.86270138016,203271.9279287895,42157.00000000093
395,122416.20252435787,0.655625651419691,0,0,0,0,426255.08785531716,202675.4050487148,42157.000000000924
396,122119.46226457079,0.6547888500469471,0,0,0,0,424706.14629514195,202081.92452914064,42157.00000000093
397,121824.2316054715,0.653952260199542,0,0,0,0,423166.95106142614,201491.46321094208,42157.00000000093
398,121530.49908474188,0.6531158818774757,0,0,0,0,421637.4161825882,200903.9981694828,42157.00000000093
399,121238.25335582784,0.6522797150807479,0,0,0,0,420117.4566612023,200319.50671165477,42157.00000000093
400,120947.48318648191,0.6514437598093588,0,0,0,0,418606.9884605321,199737.9663729629,42157.00000000093
401,120658.17745732715,0.6506080160633084,0,0,0,0,417105.9284912819,199159.35491465338,42157.00000000093
402,120370.32516044303,0.6497724838425969,0,0,0,0,415614.1945985647,198583.65032088512,42157.000000000924
403,120083.91539797228,0.6489371631472237,0,0,0,0,414131.7055490803,198010.83079594362,42157.00000000093
404,119798.93738074922,0.6481020539771896,0,0,0,0,412658.3810185047,197440.87476149751,42157.00000000094
405,119515.38042694727,0.6472671563324937,0,0,0,0,411194.1415790756,196873.76085389362,42157.00000000094
406,119233.23396074839,0.6464324702131368,0,0,0,0,409738.9086873882,196309.46792149585,42157.00000000094
407,118952.48751103043,0.6455979956191187,0,0,0,0,408292.60467237607,195747.97502205992,42157.00000000094
408,118673.13071007507,0.6447637325504391,0,0,0,0,406855.1527234921,195189.2614201492,42157.00000000093
409,118395.15329229482,0.6439296810070981,0,0,0,0,405426.4768790766,194633.30658458872,42157.00000000093
410,118118.54509297821,0.643095840989096,0,0,0,0,404006.5020149089,194080.0901859555,42157.00000000093
411,117843.29604705375,0.6422622124964323,0,0,0,0,402595.15383294265,193529.59209410657,42157.00000000093
412,117569.39618787236,0.6414287955291076,0,0,0,0,401192.35885022103,192981.7923757438,42157.00000000094
413,117296.83564600669,0.6405955900871214,0,0,0,0,399798.04438796296,192436.67129201244,42157.00000000094
414,117025.60464806913,0.639762596170474,0,0,0,0,398412.1385608279,191894.20929613733,42157.00000000093
415,116755.69351554601,0.638929813779165,0,0,0,0,397034.5702663438,191354.3870310911,42157.00000000093
416,116487.09266364964,0.638097242913195,0,0,0,0,395665.2691745065,190817.18532729836,42157.00000000094
417,116219.79260018587,0.6372648835725636,0,0,0,0,394304.1657175356,190282.5852003708,42157.00000000093
418,115953.7839244393,0.636432735757271,0,0,0,0,392951.19107979833,189750.56784887766,42157.000000000924
419,115689.05732607353,0.635600799467317,0,0,0,0,391606.27718788374,189221.11465214612,42157.00000000093
420,115425.60358404781,0.6347690747027017,0,0,0,0,390269.3567008358,188694.2071680947,42157.00000000093
421,115163.41356554895,0.6339375614634251,0,0,0,0,388940.36300053523,188169.82713109697,42157.000000000924
422,114902.47822493882,0.633106259749487,0,0,0,0,387619.230182233,187647.9564498767,42157.00000000093
423,114642.78860271645,0.6322751695608875,0,0,0,0,386305.89304522704,187128.57720543197,42157.00000000093
424,114384.33582449555,0.631444290897627,0,0,0,0,385000.2870836867,186611.67164899016,42157.000000000924
425,114127.1110999956,0.6306136237597049,0,0,0,0,383702.34847761213,186097.22219999027,42157.00000000094
426,113871.1057220485,0.629783168147122,0,0,0,0,382412.01408394,185585.21144409606,42157.000000000924
427,113616.31106561793,0.6289529240598775,0,0,0,0,381129.22142777796,185075.62213123494,42157.000000000924
428,113362.71858683387,0.6281228914979716,0,0,0,0,379853.908693779,184568.43717366684,42157.00000000093
429,113110.31982203957,0.6272930704614043,0,0,0,0,378586.01471764286,184063.6396440782,42157.00000000093
430,112859.10638685284,0.6264634609501757,0,0,0,0,377325.47897774976,183561.21277370473,42157.00000000093
431,112609.06997523976,0.6256340629642859,0,0,0,0,376072.24158691824,183061.1399504786,42157.00000000093
432,112360.20235860176,0.6248048765037348,0,0,0,0,374826.2432842892,182563.4047172026,42157.00000000093
433,112112.49538487526,0.6239759015685222,0,0,0,0,373587.42542733223,182067.9907697496,42157.00000000093
434,111865.94097764425,0.6231471381586486,0,0,0,0,372355.7299839731,181574.88195528756,42157.00000000093
435,111620.53113526427,0.6223185862741136,0,0,0,0,371131.0995248365,181084.06227052762,42157.00000000093
436,111376.25792999969,0.6214902459149172,0,0,0,0,369913.4772156093,180595.51585999844,42157.00000000094
437,111133.11350717195,0.6206621170810593,0,0,0,0,368702.806809514,180109.22701434296,42157.00000000094
438,110891.09008432031,0.6198341997725405,0,0,0,0,367499.0326398986,179625.1801686397,42157.00000000093
439,110650.17995037329,0.6190064939893601,0,0,0,0,366302.0996129312,179143.35990074568,42157.00000000093
440,110410.37546483244,0.6181789997315185,0,0,0,0,365111.9532004092,178663.75092966392,42157.00000000093
441,110171.66905696655,0.6173517169990157,0,0,0,0,363928.53943267046,178186.33811393217,42157.000000000924
442,109934.05322501714,0.6165246457918512,0,0,0,0,362751.804891611,177711.10645003335,42157.00000000093
443,109697.52053541502,0.6156977861100255,0,0,0,0,361581.69670380675,177238.04107082912,42157.00000000094
444,109462.06362200706,0.6148711379535386,0,0,0,0,360418.1625337341,176767.1272440132,42157.00000000093
445,109227.67518529366,0.6140447013223904,0,0,0,0,359261.1505770912,176298.35037058638,42157.00000000094
446,108994.34799167668,0.6132184762165811,0,0,0,0,358110.609554218,175831.69598335243,42157.00000000093
447,108762.07487271723,0.6123924626361101,0,0,0,0,356966.48870361,175367.14974543353,42157.00000000093
448,108530.84872440394,0.611566660580978,0,0,0,0,355828.73777553026,174904.69744880695,42157.00000000093
449,108300.66250643048,0.6107410700511845,0,0,0,0,354697.30702571024,174444.32501286003,42157.00000000093
450,108071.50924148322,0.6099156910467298,0,0,0,0,353572.147209145,173986.0184829655,42157.00000000093
451,107843.38201453812,0.6090905235676136,0,0,0,0,352453.2095739766,173529.7640290753,42157.00000000093
452,107616.27397216749,0.6082655676138362,0,0,0,0,351340.4458554678,173075.54794433404,42157.000000000924
453,107390.17832185539,0.6074408231853974,0,0,0,0,350233.80827006034,172623.35664370985,42157.00000000094
454,107165.0883313225,0.6066162902822974,0,0,0,0,349133.24950952013,172173.17666264408,42157.00000000094
455,106940.99732785996,0.6057919689045361,0,0,0,0,348038.72273516643,171724.994655719,42157.00000000094
456,106717.89869767171,0.6049678590521135,0,0,0,0,346950.1815721825,171278.7973953425,42157.00000000093
457,106495.78588522613,0.6041439607250294,0,0,0,0,345867.58010401006,170834.57177045132,42157.00000000093
458,106274.65239261556,0.6033202739232841,0,0,0,0,344790.8728668211,170392.3047852302,42157.00000000094
459,106054.49177892455,0.6024967986468774,0,0,0,0,343720.014844069,169951.98355784817,42157.000000000924
460,105835.29765960672,0.6016735348958097,0,0,0,0,342654.9614611191,169513.5953192125,42157.00000000093
461,105617.06370586886,0.6008504826700803,0,0,0,0,341595.668579951,169077.1274117368,42157.00000000093
462,105399.78364406433,0.6000276419696897,0,0,0,0,340542.09249394096,168642.56728812773,42157.00000000094
463,105183.4512550933,0.599205012794638,0,0,0,0,339494.18992271397,168209.90251018567,42157.00000000094
464,104968.06037381124,0.5983825951449248,0,0,0,0,338451.9180070693,167779.12074762155,42157.00000000093
465,104753.60488844532,0.5975603890205501,0,0,0,0,337415.23430397926,167350.2097768897,42157.00000000094
466,104540.0787400179,0.5967383944215143,0,0,0,0,336384.09678165487,166923.15748003486,42157.00000000093
467,104327.47592177769,0.5959166113478173,0,0,0,0,335358.4638146826,166497.95184355445,42157.00000000093
468,104115.79047863827,0.5950950397994587,0,0,0,0,334338.29417922854,166074.5809572756,42157.00000000093
469,103905.01650662406,0.5942736797764392,0,0,0,0,333323.5470483099,165653.0330132472,42157.000000000924
470,103695.14815232254,0.5934525312787577,0,0,0,0,332314.1819871294,165233.29630464414,42157.00000000093
471,103486.17961234502,0.5926315943064153,0,0,0,0,331310.1589484802,164815.3592246891,42157.00000000094
472,103278.10513279258,0.5918108688594117,0,0,0,0,330311.4382682073,164399.21026558423,42157.00000000094
473,103070.91900873002,0.5909903549377467,0,0,0,0,329317.9806607363,163984.83801745911,42157.00000000093
474,102864.6155836663,0.5901700525414205,0,0,0,0,328329.74721466383,163572.23116733166,42157.00000000093
475,102659.18924904091,0.589349961670433,0,0,0,0,327346.6993884042,163161.37849808089,42157.000000000924
476,102454.63444371779,0.5885300823247838,0,0,0,0,326368.7990059018,162752.26888743465,42157.00000000093
477,102250.94565348502,0.5877104145044736,0,0,0,0,325396.00825239834,162344.8913069691,42157.00000000094
478,102048.1174105606,0.5868909582095019,0,0,0,0,324428.28967025754,161939.23482112028,42157.00000000094
479,101846.14429310529,0.586071713439869,0,0,0,0,323465.60615484975,161535.28858620964,42157.00000000094
480,101645.02092474075,0.5852526801955749,0,0,0,0,322507.9209504898,161133.04184948056,42157.00000000094
481,101444.74197407412,0.5844338584766192,0,0,0,0,321555.19764643087,160732.4839481473,42157.00000000093
482,101245.30215422869,0.5836152482830022,0,0,0,0,320607.40017291356,160333.60430845644,42157.00000000094
483,101046.69622238008,0.582796849614724,0,0,0,0,319664.492797267,159936.39244475923,42157.00000000094
484,100848.91897929837,0.5819786624717846,0,0,0,0,318726.44012006297,159540.8379585958,42157.000000000924
485,100651.96526889599,0.5811606868541839,0,0,0,0,317793.20707132225,159146.93053779105,42157.00000000094
486,100455.82997778106,0.5803429227619217,0,0,0,0,316864.7589067709,158754.6599555612,42157.00000000093
487,100260.5080348167,0.5795253701949985,0,0,0,0,315941.06120414933,158364.01606963246,42157.00000000093
488,100065.99441068486,0.5787080291534135,0,0,0,0,315022.0798595658,157974.98882136878,42157.00000000094
489,99872.28411745689,0.5778908996371674,0,0,0,0,314107.7810839052,157587.56823491285,42157.00000000094
490,99679.37220816805,0.5770739816462602,0,0,0,0,313198.1313992791,157201.74441633516,42157.00000000094
491,99487.25377639802,0.5762572751806916,0,0,0,0,312293.0976355274,156817.5075527951,42157.00000000093
492,99295.92395585658,0.5754407802404615,0,0,0,0,311392.6469267654,156434.84791171222,42157.00000000093
493,99105.37791997386,0.5746244968255699,0,0,0,0,310496.74670797505,156053.7558399468,42157.00000000093
494,98915.61088149634,0.5738084249360175,0,0,0,0,309605.36471164436,155674.22176299174,42157.00000000093
495,98726.61809208669,0.5729925645718035,0,0,0,0,308718.4689644463,155296.23618417245,42157.000000000924
496,98538.3948419298,0.5721769157329282,0,0,0,0,307836.02778396715,154919.78968385866,42157.000000000924
497,98350.93645934251,0.5713614784193917,0,0,0,0,306958.0097754734,154544.8729186841,42157.000000000924
498,98164.23831038865,0.5705462526311939,0,0,0,0,306084.38382872276,154171.47662077638,42157.00000000093
499,97978.29579849842,0.5697312383683345,0,0,0,0,305215.119114817,153799.59159699592,42157.00000000093
500,97793.10436409287,0.5689164356308143,0,0,0,0,304350.1850830962,153429.2087281848,42157.000000000924
501,97608.65948421195,0.5681018444186321,0,0,0,0,303489.5514580708,153060.31896842297,42157.00000000094
502,97424.95667214839,0.567287464731789,0,0,0,0,302633.1882363989,152692.91334429584,42157.00000000093
503,97241.99147708455,0.5664732965702848,0,0,0,0,301781.0656838963,152326.98295416817,42157.00000000093
504,97059.75948373455,0.5656593399341189,0,0,0,0,300933.15433258994,151962.51896746818,42157.00000000093
505,96878.25631199057,0.5648455948232918,0,0,0,0,300089.42497780826,151599.5126239802,42157.00000000093
506,96697.47761657291,0.5640320612378035,0,0,0,0,299249.84867530817,151237.9552331449,42157.00000000093
507,96517.41908668472,0.5632187391776537,0,0,0,0,298414.3967384397,150877.8381733685,42157.00000000094
508,96338.07644567046,0.5624056286428427,0,0,0,0,297583.0407353468,150519.15289134,42157.00000000093
509,96159.44545067883,0.5615927296333703,0,0,0,0,296755.7524862052,150161.89090135673,42157.00000000094
510,95981.52189232917,0.5607800421492367,0,0,0,0,295932.5040604933,149806.0437846574,42157.00000000093
511,95804.30159438212,0.5599675661904415,0,0,0,0,295113.2677742999,149451.6031887633,42157.00000000093
512,95627.7804134144,0.5591553017569855,0,0,0,0,294298.0161876665,149098.56082682786,42157.000000000924
513,95451.95423849653,0.5583432488488678,0,0,0,0,293486.7221019605,148746.90847699213,42157.000000000924
514,95276.81899087556,0.5575314074660889,0,0,0,0,292679.3585572856,148396.6379817502,42157.000000000924
515,95102.37062366046,0.5567197776086487,0,0,0,0,291875.89882992243,148047.74124732,42157.00000000093
516,94928.60512151172,0.5559083592765469,0,0,0,0,291076.316429802,147700.2102430225,42157.00000000093
517,94755.51850033467,0.5550971524697843,0,0,0,0,290280.58509801276,147354.0370006684,42157.00000000093
518,94583.10680697573,0.55428615718836,0,0,0,0,289488.6788043354,147009.21361395053,42157.00000000093
519,94411.36611892303,0.5534753734322744,0,0,0,0,288700.5717448129,146665.73223784514,42157.00000000093
520,94240.29254401007,0.5526648012015276,0,0,0,0,287916.23833934875,146323.5850880192,42157.00000000094
521,94069.88222012247,0.5518544404961194,0,0,0,0,287135.6532293343,145982.764440244,42157.00000000093
522,93900.13131490898,0.55104429131605,0,0,0,0,286358.79127530876,145643.26262981704,42157.000000000924
523,93731.036025495,0.5502343536613192,0,0,0,0,285585.6275546455,145305.07205098908,42157.00000000093
524,93562.59257819984,0.5494246275319272,0,0,0,0,284816.13735926914,144968.18515639874,42157.00000000093
525,93394.79722825708,0.548615112927874,0,0,0,0,284050.2961933995,144632.59445651324,42157.00000000093
526,93227.64625953819,0.5478058098491592,0,0,0,0,283288.07977132493,144298.29251907545,42157.00000000094
527,93061.13598427932,0.546996718295783,0,0,0,0,282529.46401520213,143965.2719685577,42157.00000000093
528,92895.26274281135,0.5461878382677461,0,0,0,0,281774.4250528846,143633.52548562177,42157.000000000924
529,92730.0229032923,0.5453791697650472,0,0,0,0,281022.9392157745,143303.04580658366,42157.00000000093
530,92565.41286144407,0.5445707127876871,0,0,0,0,280274.9830367061,142973.8257228872,42157.00000000093
531,92401.42904029103,0.5437624673356658,0,0,0,0,279530.533247851,142645.85808058112,42157.00000000094
532,92238.06788990203,0.5429544334089833,0,0,0,0,278789.56677865074,142319.13577980312,42157.00000000094
533,92075.32588713527,0.5421466110076392,0,0,0,0,278052.06075377384,141993.65177426962,42157.00000000094
534,91913.19953538637,0.5413390001316342,0,0,0,0,277317.99249110033,141669.39907077182,42157.00000000093
535,91751.6853643385,0.5405316007809676,0,0,0,0,276587.3394997265,141346.37072867606,42157.00000000093
536,91590.77992971621,0.5397244129556398,0,0,0,0,275860.0794779985,141024.5598594315,42157.00000000094
537,91430.47981304146,0.5389174366556508,0,0,0,0,275136.19031156664,140703.95962608198,42157.000000000924
538,91270.78162139248,0.5381106718810001,0,0,0,0,274415.6500714642,140384.56324278403,42157.00000000093
539,91111.68198716563,0.5373041186316883,0,0,0,0,273698.43701221095,140066.36397433034,42157.00000000094
540,90953.17756783948,0.5364977769077152,0,0,0,0,272984.5295699372,139749.35513567802,42157.00000000093
541,90795.2650457418,0.5356916467090809,0,0,0,0,272273.9063605319,139433.53009148268,42157.000000000924
542,90637.94112781908,0.5348857280357853,0,0,0,0,271566.54617781274,139118.88225563723,42157.00000000093
543,90481.20254540851,0.534080020887828,0,0,0,0,270862.42799171794,138805.4050908161,42157.00000000093
544,90325.04605401283,0.5332745252652098,0,0,0,0,270161.5309465209,138493.09210802472,42157.000000000924
545,90169.46843307714,0.5324692411679302,0,0,0,0,269463.8343590644,138181.93686615335,42157.000000000924
546,90014.4664857686,0.5316641685959889,0,0,0,0,268769.3177170171,137871.93297153627,42157.00000000093
547,89860.03703875853,0.5308593075493868,0,0,0,0,268077.96067715104,137563.07407751612,42157.000000000924
548,89706.17694200648,0.5300546580281231,0,0,0,0,267389.7430636383,137255.35388401203,42157.00000000093
549,89552.88306854731,0.5292502200321982,0,0,0,0,266704.6448663694,136948.76613709368,42157.000000000924
550,89400.15231428016,0.528445993561612,0,0,0,0,266022.646239291,136643.3046285594,42157.00000000093
551,89247.98159775976,0.5276419786163643,0,0,0,0,265343.72749876283,136338.9631955186,42157.00000000093
552,89096.36785999038,0.5268381751964554,0,0,0,0,264667.8691219353,136035.73571997983,42157.00000000093
553,88945.30806422149,0.5260345833018851,0,0,0,0,263995.05174514453,135733.61612844205,42157.00000000094
554,88794.79919574608,0.5252312029326538,0,0,0,0,263325.2561623281,135432.59839149122,42157.000000000924
555,88644.83826170093,0.524428034088761,0,0,0,0,262658.4633234578,135132.67652340094,42157.000000000924
556,88495.42229086917,0.5236250767702069,0,0,0,0,261994.65433299163,134833.84458173742,42157.000000000924
557,88346.54833348497,0.5228223309769913,0,0,0,0,261333.8104483442,134536.096666969,42157.00000000094
558,88198.21346104026,0.5220197967091146,0,0,0,0,260675.91307837432,134239.42692207958,42157.00000000093
559,88050.41476609354,0.5212174739665764,0,0,0,0,260020.94378189035,133943.82953218615,42157.00000000093
560,87903.14936208098,0.520415362749377,0,0,0,0,259368.8842661738,133649.29872416102,42157.00000000093
561,87756.41438312906,0.5196134630575163,0,0,0,0,258719.71638551814,133355.82876625718,42157.00000000093
562,87610.20698386982,0.5188117748909944,0,0,0,0,258073.42213978735,133063.4139677387,42157.000000000924
563,87464.52433925764,0.518010298249811,0,0,0,0,257429.98367298866,132772.04867851434,42157.00000000093
564,87319.36364438811,0.5172090331339663,0,0,0,0,256789.38327186307,132481.7272887753,42157.00000000093
565,87174.72211431907,0.5164079795434605,0,0,0,0,256151.6033644925,132192.4442286372,42157.00000000093
566,87030.59698389296,0.5156071374782932,0,0,0,0,255516.62651892085,131904.193967785,42157.00000000093
567,86886.9855075618,0.5148065069384644,0,0,0,0,254884.435441794,131616.97101512266,42157.000000000924
568,86743.88495921362,0.5140060879239745,0,0,0,0,254255.01297701374,131330.76991842632,42157.00000000094
569,86601.29263200055,0.5132058804348233,0,0,0,0,253628.34210440583,131045.58526400018,42157.00000000093
570,86459.20583816917,0.5124058844710107,0,0,0,0,253004.40593840627,130761.41167633742,42157.00000000093
571,86317.62190889247,0.5116061000325369,0,0,0,0,252383.1877267607,130478.24381778401,42157.00000000093
572,86176.53819410334,0.5108065271194018,0,0,0,0,251764.67084923814,130196.07638820575,42157.00000000093
573,86035.95206233022,0.5100071657316052,0,0,0,0,251148.83881636107,129914.90412465952,42157.00000000093
574,85895.86090053424,0.5092080158691473,0,0,0,0,250535.67526814895,129634.72180106757,42157.00000000093
575,85756.2621139481,0.5084090775320282,0,0,0,0,249925.163972876,129355.52422789528,42157.000000000924
576,85617.15312591665,0.5076103507202478,0,0,0,0,249317.28882584293,129077.30625183237,42157.00000000094
577,85478.53137773907,0.5068118354338063,0,0,0,0,248712.03384816297,128800.0627554772,42157.00000000093
578,85340.39432851283,0.5060135316727031,0,0,0,0,248109.38318556137,128523.78865702472,42157.00000000093
579,85202.7394549793,0.5052154394369388,0,0,0,0,247509.32110718873,128248.47890995766,42157.000000000924
580,85065.56425137067,0.5044175587265132,0,0,0,0,246911.832004447,127974.12850274041,42157.000000000924
581,84928.86622925877,0.5036198895414259,0,0,0,0,246316.90038982907,127700.7324585166,42157.00000000093
582,84792.64291740542,0.5028224318816774,0,0,0,0,245724.5108957719,127428.28583480991,42157.00000000094
583,84656.89186161417,0.5020251857472681,0,0,0,0,245134.64827352148,127156.7837232274,42157.00000000093
584,84521.6106245835,0.5012281511381969,0,0,0,0,244547.29739201016,126886.22124916606,42157.00000000093
585,84386.7967857621,0.5004313280544648,0,0,0,0,243962.4432367494,126616.59357152326,42157.00000000093
586,84252.4479412048,0.4996347164960713,0,0,0,0,243380.0709087302,126347.89588240866,42157.00000000093
587,84118.56170343058,0.498838316463016,0,0,0,0,242800.16562333956,126080.1234068602,42157.00000000093
588,83985.13570128214,0.4980421279553001,0,0,0,0,242222.71270928852,125813.27140256333,42157.00000000094
589,83852.16757978604,0.4972461509729228,0,0,0,0,241647.69760754853,125547.33515957114,42157.000000000924
590,83719.65500001532,0.4964503855158837,0,0,0,0,241075.10587030463,125282.31000002971,42157.00000000093
591,83587.59563895302,0.49565483158418344,0,0,0,0,240504.92315991703,125018.19127790509,42157.00000000093
592,83455.98718935704,0.4948594891778223,0,0,0,0,239937.13524789497,124754.97437871313,42157.00000000093
593,83324.82735962627,0.4940643582967993,0,0,0,0,239371.72801388046,124492.6547192516,42157.00000000093
594,83194.1138736688,0.4932694389411153,0,0,0,0,238808.68744464716,124231.22774733666,42157.00000000093
595,83063.84447077037,0.4924747311107698,0,0,0,0,238247.9996331047,123970.68894153982,42157.00000000093
596,82934.01690546516,0.49168023480576306,0,0,0,0,237689.6507773189,123711.0338109294,42157.00000000093
597,82804.62894740721,0.49088595002609503,0,0,0,0,237133.62717953947,123452.2578948135,42157.00000000093
598,82675.67838124342,0.4900918767717657,0,0,0,0,236579.9152452393,123194.3567624859,42157.00000000093
599,82547.1630064878,0.48929801504277504,0,0,0,0,236028.5014821649,122937.32601297466,42157.00000000093
600,82419.08063739706,0.4885043648391232,0,0,0,0,235479.3724993963,122681.16127479318,42157.00000000093
601,82291.42910284709,0.4877109261608097,0,0,0,0,234932.51500641683,122425.85820569325,42157.00000000093
602,82164.20624621135,0.4869176990078351,0,0,0,0,234387.91581219473,122171.41249242179,42157.00000000093
603,82037.4099252397,0.4861246833801993,0,0,0,0,233845.56182427247,121917.81985047847,42157.00000000093
604,81911.0380119389,0.485331879277902,0,0,0,0,233305.44004786704,121665.07602387687,42157.00000000093
605,81785.08839245437,0.4845392867009434,0,0,0,0,232767.53758498037,121413.17678490782,42157.00000000093
606,81659.55896695284,0.48374690564932354,0,0,0,0,232231.8416335186,121162.11793390475,42157.00000000093
607,81534.44764950618,0.4829547361230422,0,0,0,0,231698.33948642024,120911.89529901143,42157.000000000924
608,81409.75236797685,0.48216277812209984,0,0,0,0,231167.0185307961,120662.50473595277,42157.00000000094
609,81285.4710639036,0.481371031646496,0,0,0,0,230637.86624707436,120413.94212780627,42157.00000000093
610,81161.60169238938,0.4805794966962309,0,0,0,0,230110.87020815958,120166.20338477782,42157.00000000093
611,81038.14222198936,0.4797881732713043,0,0,0,0,229586.0180785966,119919.28444397778,42157.000000000924
612,80915.09063460084,0.4789970613717166,0,0,0,0,229063.2976137461,119673.18126920077,42157.00000000093
613,80792.4449253536,0.4782061609974675,0,0,0,0,228542.69665896686,119427.88985070627,42157.00000000093
614,80670.20310250185,0.4774154721485572,0,0,0,0,228024.20314880862,119183.40620500279,42157.00000000093
615,80548.36318731689,0.47662499482498544,0,0,0,0,227507.80510621183,118939.72637463285,42157.00000000093
616,80426.92321398103,0.4758347290267526,0,0,0,0,226993.49064171728,118696.84642796114,42157.00000000093
617,80305.88122948233,0.47504467475385814,0,0,0,0,226481.2479526826,118454.76245896373,42157.00000000093
618,80185.23529351068,0.4742548320063025,0,0,0,0,225971.06532250872,118213.47058702042,42157.00000000093
619,80064.98347835457,0.4734652007840855,0,0,0,0,225462.93111987296,117972.96695670819,42157.00000000093
620,79945.12386879904,0.4726757810872071,0,0,0,0,224956.833797971,117733.24773759715,42157.00000000093
621,79825.6545620247,0.4718865729156677,0,0,0,0,224452.76189376696,117494.3091240485,42157.00000000093
622,79706.57366750734,0.4710975762694668,0,0,0,0,223950.70402725006,117256.14733501375,42157.00000000093
623,79587.87930691909,0.4703087911486046,0,0,0,0,223450.64890070114,117018.75861383724,42157.00000000093
624,79469.56961402998,0.4695202175530807,0,0,0,0,222952.5852979648,116782.13922805902,42157.00000000093
625,79351.64273461103,0.4687318554828961,0,0,0,0,222456.50208373112,116546.28546922113,42157.00000000093
626,79234.09682633745,0.4679437049380498,0,0,0,0,221962.38820282198,116311.19365267396,42157.00000000093
627,79116.9300586938,0.4671557659185427,0,0,0,0,221470.2326794888,116076.86011738669,42157.00000000093
628,79000.14061287901,0.4663680384243737,0,0,0,0,220980.02461671305,115843.28122575709,42157.00000000093
629,78883.72668171333,0.4655805224555437,0,0,0,0,220491.75319551866,115610.45336342575,42157.000000000924
630,78767.68646954524,0.4647932180120521,0,0,0,0,220005.4076742872,115378.37293908955,42157.00000000093
631,78652.01819215994,0.46400612509389927,0,0,0,0,219520.9773880835,115147.03638431894,42157.00000000094
632,78536.72007668836,0.46321924370108536,0,0,0,0,219038.45174798617,114916.44015337579,42157.00000000093
633,78421.79036151707,0.46243257383361014,0,0,0,0,218557.82024042585,114686.5807230332,42157.00000000093
634,78307.22729619911,0.4616461154914733,0,0,0,0,218079.07242653004,114457.45459239729,42157.00000000093
635,78193.02914136589,0.46085986867467543,0,0,0,0,217602.19794147537,114229.05828273084,42157.00000000093
636,78079.19416863921,0.46007383338321595,0,0,0,0,217127.1864938445,114001.38833727749,42157.000000000924
637,77965.72066054518,0.45928800961709537,0,0,0,0,216654.02786499282,113774.44132108943,42157.00000000093
638,77852.60691042787,0.4585023973763136,0,0,0,0,216182.71190841816,113548.21382085481,42157.00000000093
639,77739.85122236445,0.45771699666086996,0,0,0,0,215713.2285491389,113322.70244472795,42157.00000000093
640,77627.45191108121,0.45693180747076567,0,0,0,0,215245.5677830795,113097.9038221615,42157.00000000093
641,77515.40730186956,0.4561468298059995,0,0,0,0,214779.71967645828,112873.81460373818,42157.00000000094
642,77403.71573050394,0.4553620636665725,0,0,0,0,214315.67436518642,112650.43146100696,42157.000000000924
643,77292.37554315955,0.4545775090524842,0,0,0,0,213853.42205426903,112427.75108631817,42157.00000000093
644,77181.38509633124,0.453793165963734,0,0,0,0,213392.953017214,112205.77019266156,42157.00000000094
645,77070.74275675352,0.4530090344003228,0,0,0,0,212934.25759544803,111984.48551350611,42157.00000000093
646,76960.44690132051,0.45222511436225055,0,0,0,0,212477.32619773556,111763.8938026401,42157.00000000093
647,76850.4959170072,0.45144140584951664,0,0,0,0,212022.14929960572,111543.99183401346,42157.00000000093
648,76740.88820079147,0.45065790886212154,0,0,0,0,211568.717442785,111324.77640158201,42157.000000000924
649,76631.62215957652,0.44987462340006534,0,0,0,0,211117.02123463486,111106.2443191521,42157.00000000093
650,76522.69621011414,0.44909154946334773,0,0,0,0,210667.05134759453,110888.39242022735,42157.00000000093
651,76414.10877892881,0.4483086870519686,0,0,0,0,210218.79851863117,110671.2175578567,42157.00000000093
652,76305.8583022425,0.44752603616592823,0,0,0,0,209772.25354869413,110454.71660448409,42157.00000000093
653,76197.94322589989,0.44674359680522646,0,0,0,0,209327.4073021748,110238.88645179884,42157.00000000093
654,76090.3620052946,0.4459613689698636,0,0,0,0,208884.2507063721,110023.72401058828,42157.00000000093
655,75983.11310529594,0.44517935265983943,0,0,0,0,208442.7747509633,109809.22621059096,42157.00000000093
656,75876.19500017626,0.44439754787515373,0,0,0,0,208002.97048747962,109595.39000035157,42157.00000000093
657,75769.60617353929,0.4436159546158067,0,0,0,0,207564.82902878834,109382.21234707764,42157.00000000093
658,75663.34511824872,0.4428345728817985,0,0,0,0,207128.3415485784,109169.69023649649,42157.00000000093
659,75557.4103363577,0.442053402673129,0,0,0,0,206693.4992808517,108957.82067271447,42157.00000000093
660,75451.8003390389,0.44127244398979815,0,0,0,0,206260.29351942017,108746.60067807688,42157.000000000924
661,75346.51364651529,0.4404916968318061,0,0,0,0,205828.71561740688,108536.02729302965,42157.00000000093
662,75241.54878799127,0.43971116119915266,0,0,0,0,205398.7569867518,108326.0975759816,42157.00000000093
663,75136.90430158487,0.43893083709183756,0,0,0,0,204970.4090977238,108116.80860316881,42157.00000000093
664,75032.57873426029,0.43815072450986126,0,0,0,0,204543.66347843647,107908.15746851964,42157.00000000093
665,74928.57064176102,0.4373708234532241,0,0,0,0,204118.5117143686,107700.14128352111,42157.00000000093
666,74824.87858854355,0.4365911339219253,0,0,0,0,203694.94544788904,107492.75717708617,42157.00000000093
667,74721.501147712,0.43581165591596527,0,0,0,0,203272.9563777879,107286.00229542307,42157.00000000093
668,74618.43690095293,0.43503238943534406,0,0,0,0,202852.5362588103,107079.87380190493,42157.00000000093
669,74515.68443847095,0.4342533344800613,0,0,0,0,202433.67690119558,106874.368876941,42157.000000000924
670,74413.24235892494,0.43347449105011715,0,0,0,0,202016.3701702215,106669.48471784894,42157.00000000093
671,74311.10926936471,0.4326958591455119,0,0,0,0,201600.60798575182,106465.21853872848,42157.00000000093
672,74209.28378516827,0.43191743876624533,0,0,0,0,201186.38232178858,106261.56757033562,42157.00000000093
673,74107.76452997973,0.43113922991231723,0,0,0,0,200773.6852060293,106058.52905995851,42157.00000000093
674,74006.55013564776,0.43036123258372794,0,0,0,0,200362.50871942803,105856.10027129458,42157.00000000093
675,73905.63924216443,0.42958344678047733,0,0,0,0,199952.84499576018,105654.27848432792,42157.00000000093
676,73805.03049760482,0.4288058725025655,0,0,0,0,199544.68622119268,105453.06099520871,42157.00000000093
677,73704.72255806699,0.4280285097499924,0,0,0,0,199138.0246338569,105252.44511613305,42157.00000000093
678,73604.71408761258,0.42725135852275786,0,0,0,0,198732.85252342682,105052.42817522422,42157.00000000093
679,73505.00375820794,0.426474418820862,0,0,0,0,198329.1622307008,104853.00751641495,42157.00000000093
680,73405.59024966574,0.42569769064430485,0,0,0,0,197926.94614718738,104654.18049933054,42157.00000000093
681,73306.47224958705,0.42492117399308615,0,0,0,0,197526.19671469452,104455.94449917317,42157.00000000093
682,73207.6484533042,0.4241448688672066,0,0,0,0,197126.90642492447,104258.29690660747,42157.000000000924
683,73109.11756382357,0.4233687752666654,0,0,0,0,196729.06781906958,104061.23512764623,42157.00000000093
684,73010.87829176965,0.4225928931914631,0,0,0,0,196332.67348741533,103864.75658353837,42157.00000000093
685,72912.92935532892,0.4218172226415994,0,0,0,0,195937.71606894452,103668.85871065689,42157.00000000093
686,72815.26948019458,0.42104176361707424,0,0,0,0,195544.18825094643,103473.53896038822,42157.00000000093
687,72717.89739951174,0.4202665161178878,0,0,0,0,195152.08276862965,103278.79479902255,42157.00000000093
688,72620.81185382299,0.41949148014404014,0,0,0,0,194761.39240473826,103084.62370764505,42157.00000000093
689,72524.01159101444,0.4187166556955312,0,0,0,0,194372.1099891716,102891.02318202793,42157.00000000093
690,72427.49536626227,0.4179420427723607,0,0,0,0,193984.22839860767,102697.99073252363,42157.00000000093
691,72331.26194197997,0.41716764137452933,0,0,0,0,193597.74055613115,102505.52388395902,42157.00000000093
692,72235.31008776545,0.4163934515020363,0,0,0,0,193212.63943086236,102313.62017552998,42157.00000000093
693,72139.63858034933,0.4156194731548821,0,0,0,0,192828.91803759287,102122.27716069773,42157.00000000093
694,72044.24620354311,0.4148457063330664,0,0,0,0,192446.56943642188,101931.49240708529,42157.00000000093
695,71949.13174818821,0.4140721510365897,0,0,0,0,192065.5867323981,101741.2634963755,42157.00000000093
696,71854.29401210499,0.41329880726545143,0,0,0,0,191685.9630751627,101551.58802420906,42157.00000000093
697,71759.73180004275,0.41252567501965187,0,0,0,0,191307.69165859823,101362.46360008455,42157.00000000094
698,71665.44392362969,0.4117527542991911,0,0,0,0,190930.76572047855,101173.88784725843,42157.00000000094
699,71571.42920132357,0.41098004510406894,0,0,0,0,190555.17854212326,100985.85840264619,42157.00000000093
700,71477.68645836275,0.41020754743428545,0,0,0,0,190180.9234480552,100798.37291672456,42157.00000000093
701,71384.21452671758,0.40943526128984065,0,0,0,0,189807.99380566066,100611.42905343423,42157.00000000093
702,71291.01224504226,0.40866318667073465,0,0,0,0,189436.38302485322,100425.0244900836,42157.00000000093
703,71198.0784586271,0.40789132357696734,0,0,0,0,189066.08455774048,100239.15691725328,42157.00000000093
704,71105.41201935118,0.4071196720085386,0,0,0,0,188697.09189829385,100053.82403870142,42157.000000000924
705,71013.01178563545,0.40634823196544845,0,0,0,0,188329.39858202162,99869.02357126998,42157.00000000093
706,70920.87662239623,0.4055770034476971,0,0,0,0,187962.99818564492,99684.75324479153,42157.00000000093
707,70829.00540099903,0.40480598645528465,0,0,0,0,187597.88432677655,99501.01080199712,42157.00000000093
708,70737.39699921275,0.40403518098821045,0,0,0,0,187234.0506636024,99317.79399842457,42157.00000000093
709,70646.05030116458,0.40326458704647516,0,0,0,0,186871.49089456745,99135.10060232821,42157.00000000093
710,70554.96419729476,0.40249420463007857,0,0,0,0,186510.19875806215,98952.92839458858,42157.00000000093
711,70464.13758431215,0.40172403373902077,0,0,0,0,186150.1680321138,98771.27516862335,42157.00000000093
712,70373.56936514999,0.40095407437330177,0,0,0,0,185791.39253407955,98590.13873029905,42157.00000000093
713,70283.25844892203,0.40018432653292113,0,0,0,0,185433.86612034249,98409.51689784313,42157.00000000093
714,70193.2037508792,0.3994147902178792,0,0,0,0,185077.58268601124,98229.40750175747,42157.00000000093
715,70103.40419236638,0.398645465428176,0,0,0,0,184722.53616462095,98049.80838473182,42157.00000000094
716,70013.85870077969,0.39787635216381145,0,0,0,0,184368.720527838,97870.71740155845,42157.00000000093
717,69924.5662095242,0.39710745042478557,0,0,0,0,184016.1297851671,97692.13241904747,42157.00000000093
718,69835.52565797187,0.3963387602110986,0,0,0,0,183664.75798366117,97514.05131594281,42157.00000000093
719,69746.7359914198,0.3955702815227503,0,0,0,0,183314.59920763326,97336.47198283867,42157.00000000093
720,69658.19616104905,0.3948020143597407,0,0,0,0,182965.64757837207,97159.39232209719,42157.00000000093
721,69569.90512388352,0.39403395872206926,0,0,0,0,182617.89725385892,96982.81024776612,42157.00000000093
722,69481.86184274961,0.39326611460973704,0,0,0,0,182271.34242848906,96806.72368549829,42157.00000000093
723,69394.06528623552,0.3924984820227433,0,0,0,0,181925.97733279254,96631.13057247011,42157.00000000093
724,69306.51442865162,0.39173106096108845,0,0,0,0,181581.79623316083,96456.0288573023,42157.00000000093
725,69219.20824999061,0.39096385142477197,0,0,0,0,181238.79343157343,96281.41649998029,42157.00000000093
726,69132.1457358885,0.3901968534137945,0,0,0,0,180896.9632653288,96107.29147177606,42157.00000000093
727,69045.32587758527,0.3894300669281555,0,0,0,0,180556.3001067759,95933.6517551696,42157.00000000093
728,68958.74767188655,0.388663491967855,0,0,0,0,180216.79836304954,95760.49534377217,42157.00000000093
729,68872.4101211252,0.3878971285328937,0,0,0,0,179878.452475808,95587.82024224948,42157.000000000924
730,68786.31223312311,0.3871309766232707,0,0,0,0,179541.25692097147,95415.6244662453,42157.00000000093
731,68700.45302115381,0.38636503623898644,0,0,0,0,179205.206208465,95243.9060423067,42157.00000000093
732,68614.83150390485,0.3855993073800409,0,0,0,0,178870.29488196212,95072.66300780878,42157.00000000093
733,68529.44670544086,0.38483379004643414,0,0,0,0,178536.51751863165,94901.89341088077,42157.00000000093
734,68444.29765516662,0.38406848423816575,0,0,0,0,178203.86872888572,94731.5953103323,42157.00000000093
735,68359.38338779085,0.3833033899552366,0,0,0,0,177872.34315613186,94561.76677558078,42157.00000000093
736,68274.70294328968,0.3825385071976458,0,0,0,0,177541.93547652487,94392.40588657843,42157.00000000093
737,68190.25536687106,0.3817738359653935,0,0,0,0,177212.64039872293,94223.51073374119,42157.00000000094
738,68106.0397089391,0.3810093762584802,0,0,0,0,176884.452663645,94055.07941787726,42157.00000000093
739,68022.05502505868,0.38024512807690547,0,0,0,0,176557.3670442301,93887.11005011643,42157.00000000093
740,67938.30037592053,0.37948109142066944,0,0,0,0,176231.37834519937,93719.60075184013,42157.00000000093
741,67854.7748273065,0.3787172662897722,0,0,0,0,175906.48140281966,93552.54965461206,42157.00000000093
742,67771.47745005504,0.37795365268421355,0,0,0,0,175582.6710846695,93385.95490010915,42157.00000000093
743,67688.40732002717,0.37719025060399347,0,0,0,0,175259.9422894072,93219.8146400534,42157.00000000093
744,67605.5635180725,0.3764270600491124,0,0,0,0,174938.2899465407,93054.12703614405,42157.00000000094
745,67522.94512999551,0.3756640810195695,0,0,0,0,174617.70901619917,92888.89025999009,42157.00000000093
746,67440.55124652258,0.3749013135153657,0,0,0,0,174298.19448890802,92724.10249304422,42157.00000000093
747,67358.38096326844,0.3741387575365003,0,0,0,0,173979.74138536368,92559.76192653595,42157.00000000093
748,67276.43338070373,0.37337641308297376,0,0,0,0,173662.34475621232,92395.86676140653,42157.00000000093
749,67194.70760412229,0.37261428015478615,0,0,0,0,173345.9996818293,92232.41520824365,42157.00000000093
750,67113.20274360882,0.3718523587519368,0,0,0,0,173030.70127210076,92069.40548721672,42157.00000000093
751,67031.91791400712,0.37109064887442644,0,0,0,0,172716.444666208,91906.83582801331,42157.00000000093
752,66950.85223488798,0.37032915052225446,0,0,0,0,172403.22503241195,91744.70446977502,42157.00000000093
753,66870.00483051798,0.3695678636954215,0,0,0,0,172091.0375678416,91583.00966103502,42157.00000000093
754,66789.37482982795,0.3688067883939269,0,0,0,0,171779.87749828195,91421.74965965498,42157.00000000093
755,66708.96136638228,0.3680459246177713,0,0,0,0,171469.74007796665,91260.92273276363,42157.00000000093
756,66628.76357834779,0.3672852723669541,0,0,0,0,171160.62058936906,91100.52715669465,42157.00000000093
757,66548.78060846355,0.36652483164147587,0,0,0,0,170852.51434299842,90940.56121692616,42157.00000000093
758,66469.0116040103,0.3657646024413359,0,0,0,0,170545.41667719485,90781.02320801967,42157.00000000093
759,66389.45571678075,0.36500458476653497,0,0,0,0,170239.32295792873,90621.91143356057,42157.00000000093
760,66310.11210304944,0.3642447786170726,0,0,0,0,169934.2285785995,90463.22420609795,42157.00000000093
761,66230.97992354343,0.36348518399294905,0,0,0,0,169630.1289598379,90304.95984708593,42157.00000000093
762,66152.05834341282,0.3627258008941642,0,0,0,0,169327.01954930872,90147.11668682471,42157.00000000093
763,66073.34653220174,0.3619666293207179,0,0,0,0,169024.8958215161,89989.69306440256,42157.00000000093
764,65994.84366381944,0.3612076692726103,0,0,0,0,168723.75327761003,89832.68732763795,42157.00000000093
765,65916.54891651172,0.3604489207498416,0,0,0,0,168423.5874451947,89676.0978330225,42157.00000000093
766,65838.46147283234,0.35969038375241125,0,0,0,0,168124.3938781377,89519.92294566374,42157.00000000093
767,65760.58051961503,0.3589320582803194,0,0,0,0,167826.1681563825,89364.16103922913,42157.00000000093
768,65682.9052479455,0.35817394433356675,0,0,0,0,167528.9058857612,89208.81049589007,42157.00000000093
769,65605.4348531335,0.3574160419121527,0,0,0,0,167232.60269780853,89053.86970626605,42157.00000000093
770,65528.168534685436,0.35665835101607724,0,0,0,0,166937.25424957887,88899.33706936994,42157.00000000093
771,65451.10549627707,0.35590087164534046,0,0,0,0,166642.85622346378,88745.21099255321,42157.00000000093
772,65374.24494572633,0.35514360379994203,0,0,0,0,166349.40432701123,88591.48989145173,42157.00000000093
773,65297.58609496652,0.35438654747988285,0,0,0,0,166056.8942927468,88438.17218993211,42157.00000000093
774,65221.12816001946,0.35362970268516203,0,0,0,0,165765.32187799521,88285.256320038,42157.00000000093
775,65144.87036096923,0.3528730694157802,0,0,0,0,165474.6828647053,88132.74072193753,42157.00000000093
776,65068.811921935645,0.35211664767173667,0,0,0,0,165184.97305927408,87980.62384387036,42157.00000000093
777,64992.95207104847,0.35136043745303214,0,0,0,0,164896.18829237492,87828.90414209601,42157.00000000093
778,64917.29004042129,0.35060443875966596,0,0,0,0,164608.3244187844,87677.58008084165,42157.00000000093
779,64841.825066126046,0.3498486515916387,0,0,0,0,164321.3773172131,87526.65013225116,42157.00000000093
780,64766.55638816742,0.3490930759489501,0,0,0,0,164035.34289013591,87376.1127763339,42157.00000000093
781,64691.48325045764,0.3483377118316002,0,0,0,0,163750.21706362502,87225.96650091435,42157.00000000093
782,64616.604900791346,0.3475825592395888,0,0,0,0,163465.99578718332,87076.20980158176,42157.00000000093
783,64541.92059082082,0.3468276181729163,0,0,0,0,163182.67503358042,86926.8411816407,42157.00000000093
784,64467.429576031136,0.34607288863158236,0,0,0,0,162900.25079868853,86777.85915206134,42157.00000000093
785,64393.131115715776,0.34531837061558723,0,0,0,0,162618.7191013209,86629.26223143062,42157.00000000093
786,64319.024472952246,0.3445640641249309,0,0,0,0,162338.07598307097,86481.04894590356,42157.00000000093
787,64245.108914577955,0.3438099691596129,0,0,0,0,162058.31750815312,86333.21782915496,42157.00000000093
788,64171.383711166316,0.34305608571963386,0,0,0,0,161779.4397632447,86185.7674223317,42157.00000000093
789,64097.84813700294,0.3423024138049935,0,0,0,0,161501.43885732925,86038.69627400495,42157.00000000093
790,64024.50147006204,0.3415489534156917,0,0,0,0,161224.31092154092,85892.00294012314,42157.00000000093
791,63951.342991983016,0.34079570455172836,0,0,0,0,160948.05210901058,85745.68598396512,42157.00000000093
792,63878.37198804741,0.34004266721310417,0,0,0,0,160672.6585947132,85599.7439760939,42157.00000000093
793,63805.587747155536,0.33928984139981855,0,0,0,0,160398.1265753153,85454.17549431016,42157.00000000093
794,63732.989561803835,0.3385372271118713,0,0,0,0,160124.4522690255,85308.97912360674,42157.00000000093
795,63660.57672806221,0.33778482434926305,0,0,0,0,159851.63191544512,85164.15345612349,42157.00000000093
796,63588.34854555127,0.3370326331119934,0,0,0,0,159579.66177541998,85019.69709110161,42157.00000000093
797,63516.304317420196,0.3362806534000623,0,0,0,0,159308.53813089384,84875.60863483946,42157.00000000093
798,63444.44335032446,0.33552888521347013,0,0,0,0,159038.25728476324,84731.88670064798,42157.00000000093
799,63372.76495440374,0.3347773285522164,0,0,0,0,158768.8155607324,84588.52990880655,42157.00000000093
800,63301.26844326024,0.33402598341630174,0,0,0,0,158500.20930317094,84445.53688651955,42157.00000000093
801,63229.95313393677,0.3332748498057254,0,0,0,0,158232.43487697106,84302.9062678726,42157.00000000093
802,63158.81834689541,0.332523927720488,0,0,0,0,157965.4886674074,84160.6366937899,42157.00000000093
803,63087.86340599602,0.33177321716058894,0,0,0,0,157699.36707999677,84018.7268119911,42157.00000000093
804,63017.087638475125,0.33102271812602857,0,0,0,0,157434.06654036007,83877.17527694932,42157.00000000093
805,62946.490374924826,0.33027243061680744,0,0,0,0,157169.5834940846,83735.98074984872,42157.00000000093
806,62876.07094927178,0.32952235463292434,0,0,0,0,156905.91440658728,83595.14189854261,42157.00000000093
807,62805.82869875675,0.32877249017438037,0,0,0,0,156643.05576298054,83454.65739751258,42157.00000000093
808,62735.762963913745,0.328022837241175,0,0,0,0,156381.004067937,83314.52592782654,42157.00000000093
809,62665.87308854972,0.32727339583330817,0,0,0,0,156119.7558455569,83174.74617709851,42157.00000000093
810,62596.15841972432,0.32652416595078015,0,0,0,0,155859.30763923636,83035.31683944771,42157.00000000093
811,62526.61830772969,0.32577514759359083,0,0,0,0,155599.6560115359,82896.23661545845,42157.00000000093
812,62457.25210607051,0.3250263407617401,0,0,0,0,155340.7975440509,82757.50421214009,42157.00000000093
813,62388.05917144421,0.3242777454552279,0,0,0,0,155082.72883728272,82619.1183428875,42157.00000000093
814,62319.038863721304,0.3235293616740549,0,0,0,0,154825.44651051084,82481.07772744168,42157.00000000093
815,62250.190545925645,0.32278118941822,0,0,0,0,154568.9472016656,82343.38109185036,42157.00000000093
816,62181.51358421539,0.3220332286877241,0,0,0,0,154313.22756720358,82206.02716842985,42157.00000000093
817,62113.00734786345,0.321285479482567,0,0,0,0,154058.28428198147,82069.01469572597,42157.00000000093
818,62044.67120923845,0.3205379418027481,0,0,0,0,153804.11403913298,81932.34241847596,42157.00000000093
819,61976.50454378595,0.3197906156482685,0,0,0,0,153550.71354994632,81796.00908757097,42157.00000000093
820,61908.50673000929,0.31904350101912715,0,0,0,0,153298.07954374142,81660.01346001765,42157.00000000093
821,61840.677149451214,0.3182965979153247,0,0,0,0,153046.20876775,81524.3542989015,42157.00000000093
822,61773.01518667509,0.31754990633686087,0,0,0,0,152795.09798699513,81389.03037334925,42157.00000000093
823,61705.52022924663,0.3168034262837357,0,0,0,0,152544.74398417247,81254.04045849232,42157.00000000093
824,61638.19166771554,0.3160571577559492,0,0,0,0,152295.14355953207,81119.38333543015,42157.00000000093
825,61571.02889559738,0.3153111007535013,0,0,0,0,152046.29353076144,80985.05779119383,42157.00000000093
826,61504.03130935559,0.3145652552763921,0,0,0,0,151798.19073286938,80851.06261871023,42157.00000000093
827,61437.19830838357,0.31381962132462204,0,0,0,0,151550.8320180708,80717.39661676621,42157.00000000093
828,61370.52929498684,0.31307419889819,0,0,0,0,151304.2142556717,80584.05858997274,42157.00000000093
829,61304.023674365635,0.3123289879970972,0,0,0,0,151058.334331957,80451.04734873034,42157.00000000093
830,61237.680854597165,0.31158398862134296,0,0,0,0,150813.18915007674,80318.3617091934,42157.00000000093
831,61171.50024661836,0.3108392007709272,0,0,0,0,150568.77562993494,80186.00049323578,42157.00000000093
832,61105.48126420865,0.31009462444585023,0,0,0,0,150325.0907080789,80053.96252841636,42157.00000000093
833,61039.62332397279,0.30935025964611196,0,0,0,0,150082.1313375891,79922.24664794464,42157.00000000093
834,60973.925845323836,0.30860610637171226,0,0,0,0,149839.89448796993,79790.85169064674,42157.00000000093
835,60908.38825046636,0.30786216462265126,0,0,0,0,149598.3771450418,79659.7765009318,42157.00000000093
836,60843.00996437965,0.30711843439892905,0,0,0,0,149357.5763108337,79529.01992875837,42157.00000000093
837,60777.79041480101,0.30637491570054554,0,0,0,0,149117.48900347634,79398.5808296011,42157.00000000093
838,60712.729032209376,0.3056316085275007,0,0,0,0,148878.11225709668,79268.45806441782,42157.00000000093
839,60647.82524980878,0.30488851287979446,0,0,0,0,148639.44312171295,79138.65049961663,42157.00000000093
840,60583.07850351221,0.304145628757427,0,0,0,0,148401.47866313066,79009.1570070235,42157.00000000093
841,60518.48823192535,0.30340295616039814,0,0,0,0,148164.21596283914,78879.97646384977,42157.00000000093
842,60454.05387633055,0.30266049508870785,0,0,0,0,147927.65211790905,78751.10775266017,42157.00000000093
843,60389.77488067099,0.3019182455423566,0,0,0,0,147691.7842408911,78622.54976134106,42157.00000000093
844,60325.65069153467,0.30117620752134366,0,0,0,0,147456.60945971427,78494.30138306839,42157.00000000093
845,60261.68075813893,0.30043438102567,0,0,0,0,147222.12491758677,78366.36151627693,42157.00000000093
846,60197.864532314605,0.29969276605533446,0,0,0,0,146988.32777289546,78238.72906462829,42157.00000000093
847,60134.20146849085,0.29895136261033783,0,0,0,0,146755.21519910844,78111.40293698077,42157.00000000093
848,60070.691023679465,0.2982101706906797,0,0,0,0,146522.7843846763,77984.382047358,42157.00000000093
849,60007.33265745986,0.29746919029636043,0,0,0,0,146291.03253293558,77857.66531491879,42157.00000000093
850,59944.125831963735,0.29672842142737954,0,0,0,0,146059.956862012,77731.25166392654,42157.00000000093
851,59881.0700118602,0.2959878640837379,0,0,0,0,145829.55460472536,77605.14002371948,42157.00000000093
852,59818.164664340606,0.2952475182654345,0,0,0,0,145599.82300849384,77479.32932868027,42157.00000000093
853,59755.409259103944,0.29450738397247,0,0,0,0,145370.75933524076,77353.81851820697,42157.00000000093
854,59692.803268341944,0.29376746120484376,0,0,0,0,145142.36086130043,77228.60653668296,42157.00000000093
855,59630.34616672461,0.29302774996255665,0,0,0,0,144914.62487732604,77103.69233344829,42157.00000000093
856,59568.0374313855,0.29228825024560834,0,0,0,0,144687.54868819696,76979.07486277007,42157.00000000093
857,59505.876541907404,0.2915489620539984,0,0,0,0,144461.1296129277,76854.75308381388,42157.00000000093
858,59443.862980308084,0.29080988538772723,0,0,0,0,144235.36498457758,76730.72596061524,42157.00000000093
859,59381.99623102595,0.29007102024679476,0,0,0,0,144010.25215016032,76606.99246205097,42157.00000000093
860,59320.27578090596,0.2893323666312009,0,0,0,0,143785.7884705549,76483.551561811,42157.00000000093
861,59258.70111918567,0.288593924540946,0,0,0,0,143561.97132041721,76360.40223837043,42157.00000000093
862,59197.27173748115,0.28785569397602917,0,0,0,0,143338.79808809163,76237.54347496135,42157.00000000093
863,59135.98712977341,0.2871176749364518,0,0,0,0,143116.26617552454,76114.9742595459,42157.00000000093
864,59074.846792394346,0.28637986742221266,0,0,0,0,142894.37299817664,75992.69358478776,42157.00000000093
865,59013.850224013404,0.2856422714333122,0,0,0,0,142673.11598493808,75870.70044802588,42157.00000000093
866,58952.99692562385,0.2849048869697506,0,0,0,0,142452.49257804238,75748.99385124676,42157.00000000093
867,58892.286400529396,0.28416771403152774,0,0,0,0,142232.5002329822,75627.57280105786,42157.00000000093
868,58831.71815433081,0.28343075261864326,0,0,0,0,142013.1364184249,75506.43630866069,42157.00000000093
869,58771.29169491273,0.2826940027310977,0,0,0,0,141794.39861612982,75385.58338982453,42157.00000000093
870,58711.00653243038,0.2819574643688907,0,0,0,0,141576.2843208646,75265.01306485983,42157.00000000093
871,58650.86217929659,0.2812211375320225,0,0,0,0,141358.79104032373,75144.72435859227,42157.00000000093
872,58590.85815016876,0.2804850222204929,0,0,0,0,141141.91629504674,75024.71630033659,42157.00000000093
873,58530.99396193598,0.27974911843430206,0,0,0,0,140925.6576183372,74904.98792387103,42157.00000000093
874,58471.26913370616,0.2790134261734497,0,0,0,0,140710.01255618234,74785.53826741141,42157.00000000093
875,58411.68318679346,0.27827794543793627,0,0,0,0,140494.97866717374,74666.36637358599,42157.00000000093
876,58352.23564470546,0.2775426762277615,0,0,0,0,140280.55352242757,74547.47128941,42157.00000000093
877,58292.926033130745,0.27680761854292524,0,0,0,0,140066.73470550633,74428.85206626054,42157.00000000093
878,58233.75387992641,0.27607277238342776,0,0,0,0,139853.51981234096,74310.50775985188,42157.00000000093
879,58174.71871510568,0.2753381377492691,0,0,0,0,139640.9064511533,74192.43743021043,42157.00000000093
880,58115.820070825604,0.27460371464044897,0,0,0,0,139428.89224237928,74074.64014165028,42157.00000000093
881,58057.05748137487,0.27386950305696756,0,0,0,0,139217.4748185926,73957.1149627488,42157.00000000093
882,57998.43048316167,0.27313550299882483,0,0,0,0,139006.6518244292,73839.8609663224,42157.00000000093
883,57939.93861470168,0.2724017144660209,0,0,0,0,138796.42091651197,73722.87722940242,42157.00000000093
884,57881.58141660603,0.27166813745855545,0,0,0,0,138586.77976337614,73606.16283321113,42157.00000000093
885,57823.35843156953,0.2709347719764288,0,0,0,0,138377.72604539542,73489.71686313814,42157.00000000093
886,57765.269204358825,0.27020161801964093,0,0,0,0,138169.25745470833,73373.53840871672,42157.00000000093
887,57707.31328180059,0.26946867558819154,0,0,0,0,137961.37169514515,73257.62656360025,42157.00000000093
888,57649.49021277008,0.26873594468208095,0,0,0,0,137754.06648215596,73141.98042553922,42157.00000000093
889,57591.79954817939,0.26800342530130905,0,0,0,0,137547.33954273813,73026.59909635785,42157.00000000093
890,57534.24084096608,0.2672711174458757,0,0,0,0,137341.1886153654,72911.48168193123,42157.00000000093
891,57476.81364608173,0.2665390211157812,0,0,0,0,137135.61144991685,72796.62729216254,42157.00000000093
892,57419.51752048064,0.26580713631102537,0,0,0,0,136930.6058076066,72682.03504096034,42157.00000000093
893,57362.35202310854,0.26507546303160834,0,0,0,0,136726.169460914,72567.70404621615,42157.00000000093
894,57305.316714891436,0.26434400127752966,0,0,0,0,136522.30019351424,72453.63342978193,42157.00000000093
895,57248.41115872456,0.26361275104879,0,0,0,0,136318.99580020978,72339.82231744818,42157.00000000093
896,57191.63491946124,0.26288171234538893,0,0,0,0,136116.2540868618,72226.26983892155,42157.00000000093
897,57134.98756390205,0.26215088516732654,0,0,0,0,135914.07287032236,72112.97512780316,42157.00000000093
898,57078.468660783845,0.2614202695146026,0,0,0,0,135712.4499783673,71999.93732156676,42157.00000000093
899,57022.07778076907,0.2606898653872175,0,0,0,0,135511.3832496294,71887.1555615372,42157.00000000093
900,56965.81449643492,0.2599596727851713,0,0,0,0,135310.87053353182,71774.62899286891,42157.00000000093
901,56909.678382262704,0.25922969170846355,0,0,0,0,135110.9096902222,71662.35676452448,42157.00000000093
902,56853.66901462731,0.2584999221570946,0,0,0,0,134911.49859050772,71550.3380292537,42157.00000000093
903,56797.78597178663,0.25777036413106436,0,0,0,0,134712.63511578963,71438.57194357233,42157.00000000093
904,56742.02883387111,0.2570410176303727,0,0,0,0,134514.31715799903,71327.05766774129,42157.00000000093
905,56686.397182873414,0.2563118826550196,0,0,0,0,134316.542619533,71215.7943657459,42157.00000000093
906,56630.8906026381,0.2555829592050053,0,0,0,0,134119.30941319087,71104.78120527527,42157.00000000093
907,56575.50867885135,0.2548542472803297,0,0,0,0,133922.61546211122,70994.01735770177,42157.00000000093
908,56520.250999030824,0.2541257468809929,0,0,0,0,133726.45869970927,70883.5019980607,42157.00000000093
909,56465.11715251552,0.25339745800699476,0,0,0,0,133530.83706961456,70773.23430503011,42157.00000000093
910,56410.10673045578,0.2526693806583352,0,0,0,0,133335.74852560947,70663.21346091063,42157.00000000093
911,56355.21932580329,0.25194151483501437,0,0,0,0,133141.1910315677,70553.43865160565,42157.00000000093
912,56300.45453330117,0.2512138605370321,0,0,0,0,132947.16256139358,70443.90906660141,42157.00000000093
913,56245.81194947416,0.25048641776438874,0,0,0,0,132753.66109896154,70334.62389894741,42157.00000000093
914,56191.291172618796,0.24975918651708384,0,0,0,0,132560.68463805615,70225.58234523666,42157.00000000093
915,56136.89180279375,0.24903216679511786,0,0,0,0,132368.23118231262,70116.78360558656,42157.00000000093
916,56082.61344181011,0.24830535859849034,0,0,0,0,132176.29874515743,70008.22688361927,42157.00000000093
917,56028.45569322188,0.24757876192720163,0,0,0,0,131984.88534975,69899.91138644282,42157.00000000093
918,55974.4181623164,0.24685237678125171,0,0,0,0,131793.98902892394,69791.83632463186,42157.00000000093
919,55920.50045610487,0.24612620316064016,0,0,0,0,131603.60782512947,69684.00091220881,42157.00000000093
920,55866.70218331305,0.2454002410653675,0,0,0,0,131413.73979037596,69576.40436662517,42157.00000000093
921,55813.02295437179,0.24467449049543355,0,0,0,0,131224.38298617452,69469.04590874263,42157.00000000093
922,55759.46238140783,0.24394895145083817,0,0,0,0,131035.53548348165,69361.92476281473,42157.00000000093
923,55706.02007823461,0.2432236239315817,0,0,0,0,130847.19536264292,69255.04015646828,42157.00000000093
924,55652.69566034301,0.2424985079376638,0,0,0,0,130659.36071333678,69148.39132068508,42157.00000000093
925,55599.48874489236,0.2417736034690845,0,0,0,0,130472.02963451954,69041.97748978379,42157.00000000093
926,55546.398950701376,0.24104891052584387,0,0,0,0,130285.20023437,68935.79790140182,42157.00000000093
927,55493.42589823913,0.24032442910794194,0,0,0,0,130098.87063023474,68829.85179647732,42157.00000000093
928,55440.5692096162,0.2396001592153788,0,0,0,0,129913.03894857387,68724.13841923147,42157.00000000093
929,55387.828508575745,0.23887610084815425,0,0,0,0,129727.70332490705,68618.65701715054,42157.00000000093
930,55335.20342048475,0.2381522540062685,0,0,0,0,129542.86190375988,68513.40684096857,42157.00000000093
931,55282.69357232526,0.23742861868972143,0,0,0,0,129358.5128386109,68408.38714464959,42157.00000000093
932,55230.298592685656,0.23670519489851294,0,0,0,0,129174.65429183835,68303.59718537038,42157.00000000093
933,55178.01811175209,0.23598198263264336,0,0,0,0,128991.28443466825,68199.03622350327,42157.00000000093
934,55125.851761299826,0.23525898189211214,0,0,0,0,128808.40144712184,68094.70352259872,42157.00000000093
935,55073.799174684784,0.23453619267691972,0,0,0,0,128626.00351796419,67990.59834936864,42157.00000000093
936,55021.859986835036,0.2338136149870661,0,0,0,0,128444.08884465268,67886.71997366914,42157.00000000093
937,54970.03383424236,0.23309124882255083,0,0,0,0,128262.65563328585,67783.06766848378,42157.00000000093
938,54918.32035495397,0.2323690941833746,0,0,0,0,128081.70209855313,67679.640709907,42157.00000000093
939,54866.71918856411,0.23164715106953704,0,0,0,0,127901.22646368417,67576.43837712728,42157.00000000093
940,54815.22997620584,0.23092541948103806,0,0,0,0,127721.22696039897,67473.45995241073,42157.00000000093
941,54763.852360542856,0.2302038994178779,0,0,0,0,127541.70182885844,67370.70472108478,42157.00000000093
942,54712.58598576129,0.2294825908800563,0,0,0,0,127362.64931761478,67268.17197152166,42157.00000000093
943,54661.43049756166,0.22876149386757316,0,0,0,0,127184.06768356297,67165.86099512238,42157.00000000093
944,54610.385543150835,0.22804060838042906,0,0,0,0,127005.95519189199,67063.77108630074,42157.00000000093
945,54559.45077123394,0.2273199344186233,0,0,0,0,126828.31011603633,66961.90154246695,42157.00000000093
946,54508.62583200657,0.22659947198215669,0,0,0,0,126651.13073762855,66860.2516640122,42157.00000000093
947,54457.91037714671,0.22587922107102854,0,0,0,0,126474.41534645113,66758.8207542925,42157.00000000093
948,54407.30405980707,0.22515918168523896,0,0,0,0,126298.16224038959,66657.60811961321,42157.00000000093
949,54356.8065346072,0.2244393538247883,0,0,0,0,126122.36972538556,66556.61306921348,42157.00000000093
950,54306.41745762572,0.2237197374896761,0,0,0,0,125947.03611538978,66455.83491525051,42157.00000000093
951,54256.136486392716,0.2230003326799027,0,0,0,0,125772.15973231623,66355.2729727845,42157.00000000093
952,54205.963279881995,0.2222811393954679,0,0,0,0,125597.73890599581,66254.92655976306,42157.00000000093
953,54155.897498503575,0.22156215763637177,0,0,0,0,125423.77197413093,66154.79499700622,42157.00000000093
954,54105.93880409607,0.22084338740261444,0,0,0,0,125250.25728224989,66054.87760819121,42157.00000000093
955,54056.08685991921,0.2201248286941957,0,0,0,0,125077.19318366198,65955.17371983749,42157.00000000093
956,54006.34133064641,0.21940648151111586,0,0,0,0,124904.57803941277,65855.6826612919,42157.00000000093
957,53956.701882357316,0.2186883458533746,0,0,0,0,124732.41021823941,65756.4037647137,42157.00000000093
958,53907.16818253045,0.2179704217209718,0,0,0,0,124560.68809652679,65657.33636505995,42157.00000000093
959,53857.73990003596,0.21725270911390793,0,0,0,0,124389.41005826363,65558.47980007097,42157.00000000093
960,53808.41670512825,0.21653520803218262,0,0,0,0,124218.5744949987,65459.83341025556,42157.00000000093
961,53759.198269438835,0.215817918475796,0,0,0,0,124048.17980579783,65361.39653887674,42157.00000000093
962,53710.08426596914,0.2151008404447482,0,0,0,0,123878.22439720093,65263.16853193734,42157.00000000093
963,53661.07436908333,0.21438397393903919,0,0,0,0,123708.70668317912,65165.148738165735,42157.00000000093
964,53612.16825450125,0.21366731895866853,0,0,0,0,123539.62508509246,65067.336509001565,42157.00000000093
965,53563.36559929141,0.21295087550363656,0,0,0,0,123370.97803164799,64969.731198581874,42157.00000000093
966,53514.666081863936,0.21223464357394362,0,0,0,0,123202.76395885776,64872.33216372693,42157.00000000093
967,53466.0693819636,0.21151862316958914,0,0,0,0,123034.9813099972,64775.13876392627,42157.00000000093
968,53417.575180662956,0.21080281429057324,0,0,0,0,122867.62853556407,64678.15036132499,42157.00000000093
969,53369.183160355475,0.21008721693689614,0,0,0,0,122700.70409323758,64581.36632071002,42157.00000000093
970,53320.89300474866,0.20937183110855795,0,0,0,0,122534.20644783734,64484.78600949638,42157.00000000093
971,53272.704398857226,0.208656656805558,0,0,0,0,122368.134071283,64388.40879771351,42157.00000000093
972,53224.61702899653,0.20794169402789708,0,0,0,0,122202.4854425545,64292.23405799213,42157.00000000093
973,53176.63058277566,0.20722694277557474,0,0,0,0,122037.2590476516,64196.26116555039,42157.00000000093
974,53128.7447490909,0.20651240304859098,0,0,0,0,121872.45337955473,64100.489498180876,42157.00000000093
975,53080.9592181191,0.205798074846946,0,0,0,0,121708.06693818535,64004.91843623726,42157.00000000093
976,53033.273681311,0.20508395817063962,0,0,0,0,121544.09823036694,63909.54736262107,42157.00000000093
977,52985.68783138485,0.20437005301967215,0,0,0,0,121380.54576978623,63814.37566276877,42157.00000000093
978,52938.201362319756,0.20365635939404325,0,0,0,0,121217.40807695445,63719.40272463858,42157.00000000093
979,52890.81396934931,0.20294287729375304,0,0,0,0,121054.68367916917,63624.627938697675,42157.00000000093
980,52843.52534895515,0.20222960671880152,0,0,0,0,120892.37111047613,63530.05069790936,42157.00000000093
981,52796.33519886059,0.2015165476691887,0,0,0,0,120730.46891163163,63435.67039772024,42157.00000000093
982,52749.24321802423,0.20080370014491444,0,0,0,0,120568.97563006451,63341.48643604754,42157.00000000093
983,52702.249106633746,0.200091064145979,0,0,0,0,120407.8898198394,63247.49821326656,42157.00000000093
984,52655.35256609953,0.19937863967238212,0,0,0,0,120247.21004161923,63153.70513219812,42157.00000000093
985,52608.553299048515,0.19866642672412382,0,0,0,0,120086.93486262856,63060.1065980961,42157.00000000093
986,52561.851009318016,0.19795442530120455,0,0,0,0,119927.06285661714,62966.70201863511,42157.00000000093
987,52515.24540194948,0.19724263540362375,0,0,0,0,119767.59260382316,62873.49080389803,42157.00000000093
988,52468.73618318249,0.19653105703138174,0,0,0,0,119608.52269093759,62780.47236636405,42157.00000000093
989,52422.32306044861,0.1958196901844783,0,0,0,0,119449.85171106801,62687.64612089628,42157.00000000093
990,52376.0057423654,0.19510853486291369,0,0,0,0,119291.57826370327,62595.011484729876,42157.00000000093
991,52329.783938730354,0.19439759106668764,0,0,0,0,119133.70095467767,62502.56787745977,42157.00000000093
992,52283.65736051501,0.1936868587958004,0,0,0,0,118976.2183961363,62410.314721029084,42157.00000000093
993,52237.62571985896,0.19297633805025172,0,0,0,0,118819.12920649971,62318.25143971698,42157.00000000093
994,52191.68873006399,0.19226602883004185,0,0,0,0,118662.43201042942,62226.37746012704,42157.00000000093
995,52145.84610558818,0.19155593113517044,0,0,0,0,118506.12543879324,62134.692211175425,42157.00000000093
996,52100.09756204017,0.19084604496563795,0,0,0,0,118350.20812863136,62043.195124079415,42157.00000000093
997,52054.44281617329,0.19013637032144404,0,0,0,0,118194.67872312198,61951.88563234564,42157.00000000093
998,52008.88158587982,0.1894269072025888,0,0,0,0,118039.53587154766,61860.7631717587,42157.00000000093
999,51963.41359018531,0.18871765560907228,0,0,0,0,117884.77822926168,61769.82718036969,42157.00000000093
1000,51918.03854924287,0.18800861554089443,0,0,0,0,117730.40445765472,61679.077098484806,42157.00000000093
1001,51872.756184327525,0.18729978699805516,0,0,0,0,117576.41322412169,61588.51236865411,42157.00000000093
1002,51827.56621783062,0.1865911699805548,0,0,0,0,117422.80320202881,61498.13243566032,42157.00000000093
1003,51782.468373254196,0.18588276448839292,0,0,0,0,117269.5730706808,61407.93674650746,42157.00000000093
1004,51737.46237520549,0.18517457052156994,0,0,0,0,117116.72151528852,61317.92475041005,42157.00000000093
1005,51692.54794939137,0.18446658808008543,0,0,0,0,116964.24722693642,61228.09589878182,42157.00000000093
1006,51647.72482261293,0.18375881716393971,0,0,0,0,116812.14890255082,61138.44964522493,42157.00000000093
1007,51602.992722759955,0.1830512577731327,0,0,0,0,116660.42524486766,61048.98544551898,42157.00000000093
1008,51558.35137880555,0.18234390990766425,0,0,0,0,116509.07496240098,60959.70275761017,42157.00000000093
1009,51513.800520800774,0.18163677356753472,0,0,0,0,116358.09676941155,60870.60104160061,42157.00000000093
1010,51469.33987986923,0.18092984875274365,0,0,0,0,116207.4893858753,60781.67975973752,42157.00000000093
1011,51424.969188201816,0.1802231354632915,0,0,0,0,116057.25153745266,60692.9383764027,42157.00000000093
1012,51380.688179051365,0.1795166336991777,0,0,0,0,115907.38195545721,60604.37635810179,42157.00000000093
1013,51336.496586727466,0.1788103434604028,0,0,0,0,115757.87937682547,60515.99317345399,42157.00000000093
1014,51292.39414659116,0.1781042647469666,0,0,0,0,115608.74254408611,60427.788293181395,42157.00000000093
1015,51248.380595049806,0.177398397558869,0,0,0,0,115459.97020532971,60339.76119009868,42157.00000000093
1016,51204.45566955187,0.17669274189611006,0,0,0,0,115311.56111417882,60251.9113391028,42157.00000000093
1017,51160.61910858184,0.17598729775868982,0,0,0,0,115163.51402975798,60164.238217162754,42157.00000000093
1018,51116.870651655096,0.17528206514660838,0,0,0,0,115015.82771666393,60076.74130330925,42157.00000000093
1019,51073.21003931281,0.17457704405986563,0,0,0,0,114868.50094493621,59989.4200786247,42157.00000000093
1020,51029.63701311697,0.17387223449846134,0,0,0,0,114721.5324900278,59902.274026233004,42157.00000000093
1021,50986.151315645315,0.17316763646239608,0,0,0,0,114574.92113277598,59815.30263128969,42157.00000000093
1022,50942.75269048635,0.17246324995166917,0,0,0,0,114428.6656593733,59728.505380971765,42157.00000000093
1023,50899.44088223443,0.17175907496628107,0,0,0,0,114282.76486133896,59641.881764467915,42157.00000000093
1024,50856.215636484805,0.17105511150623176,0,0,0,0,114137.21753549014,59555.43127296868,42157.00000000093
1025,50813.07669982873,0.17035135957152092,0,0,0,0,113992.0224839135,59469.15339965653,42157.00000000093
1026,50770.023819848604,0.169647819162149,0,0,0,0,113847.17851393715,59383.047639696284,42157.00000000093
1027,50727.056745113114,0.16894449027811564,0,0,0,0,113702.68443810241,59297.113490225296,42157.00000000093
1028,50684.175225172454,0.1682413729194211,0,0,0,0,113558.53907413609,59211.35045034398,42157.00000000093
1029,50641.37901055349,0.167538467086065,0,0,0,0,113414.74124492267,59125.75802110605,42157.00000000093
1030,50598.66785275509,0.16683577277804773,0,0,0,0,113271.2897784769,59040.33570550924,42157.00000000093
1031,50556.0415042433,0.16613328999536914,0,0,0,0,113128.18350791633,58955.08300848567,42157.00000000093
1032,50513.499718446736,0.16543101873802935,0,0,0,0,112985.42127143432,58869.99943689253,42157.00000000093
1033,50471.04224975181,0.16472895900602813,0,0,0,0,112843.0019122727,58785.084499502686,42157.00000000093
1034,50428.6688534982,0.16402711079936572,0,0,0,0,112700.92427869541,58700.337706995466,42157.00000000093
1035,50386.37928597413,0.16332547411804166,0,0,0,0,112559.18722396131,58615.75857194733,42157.00000000093
1036,50344.17330441186,0.1626240489620564,0,0,0,0,112417.78960629819,58531.34660882278,42157.00000000093
1037,50302.05066698308,0.16192283533141005,0,0,0,0,112276.73028887613,58447.10133396522,42157.00000000093
1038,50260.01113279434,0.16122183322610217,0,0,0,0,112136.00813978125,58363.022265587744,42157.00000000093
1039,50218.05446188263,0.1605210426461332,0,0,0,0,111995.6220319901,58279.10892376433,42157.00000000093
1040,50176.1804152108,0.1598204635915027,0,0,0,0,111855.57084334335,58195.36083042068,42157.00000000093
1041,50134.38875466316,0.1591200960622109,0,0,0,0,111715.85345652052,58111.77750932538,42157.00000000093
1042,50092.67924304104,0.1584199400582581,0,0,0,0,111576.46875901423,58028.35848608116,42157.00000000093
1043,50051.05164405832,0.15771999557964356,0,0,0,0,111437.41564310477,57945.103288115715,42157.00000000093
1044,50009.505722337155,0.1570202626263678,0,0,0,0,111298.69300583522,57862.011444673386,42157.00000000093
1045,49968.04124340354,0.15632074119843098,0,0,0,0,111160.2997489861,57779.08248680615,42157.00000000093
1046,49926.657973682966,0.1556214312958326,0,0,0,0,111022.23477905052,57696.315947365,42157.00000000093
1047,49885.35568049618,0.15492233291857282,0,0,0,0,110884.49700720966,57613.711360991416,42157.00000000093
1048,49844.13413205486,0.15422344606665195,0,0,0,0,110747.08534930799,57531.268264108796,42157.00000000093
1049,49802.993097457336,0.15352477074006954,0,0,0,0,110609.99872582882,57448.98619491374,42157.00000000093
1050,49761.93234668442,0.15282630693882604,0,0,0,0,110473.23606187018,57366.86469336791,42157.00000000093
1051,49720.95165059513,0.15212805466292123,0,0,0,0,110336.79628712057,57284.903301189326,42157.00000000093
1052,49680.05078092254,0.1514300139123551,0,0,0,0,110200.67833583501,57203.10156184415,42157.00000000093
1053,49639.2295102696,0.15073218468712757,0,0,0,0,110064.88114681124,57121.45902053826,42157.00000000093
1054,49598.48761210503,0.15003456698723872,0,0,0,0,109929.40366336599,57039.975224209134,42157.00000000093
1055,49557.824860759174,0.14933716081268844,0,0,0,0,109794.2448333115,56958.649721517424,42157.00000000093
1056,49517.24103141992,0.14863996616347697,0,0,0,0,109659.4036089321,56877.48206283891,42157.00000000093
1057,49476.73590012864,0.14794298303960418,0,0,0,0,109524.87894696095,56796.471800256346,42157.00000000093
1058,49436.30924377612,0.1472462114410702,0,0,0,0,109390.66980855691,56715.61848755131,42157.00000000093
1059,49395.96084009857,0.14654965136787468,0,0,0,0,109256.77515928159,56634.921680196196,42157.00000000093
1060,49355.690467673616,0.14585330282001818,0,0,0,0,109123.1939690767,56554.3809353463,42157.00000000093
1061,49315.49790591629,0.14515716579750004,0,0,0,0,108989.92521224095,56473.995811831635,42157.00000000093
1062,49275.38293507514,0.1444612403003206,0,0,0,0,108856.967867408,56393.76587014935,42157.00000000093
1063,49235.34533622826,0.14376552632847994,0,0,0,0,108724.32091752371,56313.69067245559,42157.00000000093
1064,49195.38489127937,0.14307002388197798,0,0,0,0,108591.98334982403,56233.76978255781,42157.00000000093
1065,49155.50138295396,0.1423747329608147,0,0,0,0,108459.95415581275,56154.00276590699,42157.00000000093
1066,49115.694594795394,0.14167965356499002,0,0,0,0,108328.23233123963,56074.389189589856,42157.00000000093
1067,49075.964311161115,0.14098478569450412,0,0,0,0,108196.81687607849,55994.9286223213,42157.00000000093
1068,49036.31031721876,0.14029012934935703,0,0,0,0,108065.70679450539,55915.62063443659,42157.00000000093
1069,48996.7323989424,0.1395956845295484,0,0,0,0,107934.90109487713,55836.46479788387,42157.00000000093
1070,48957.23034310876,0.13890145123507847,0,0,0,0,107804.39878970977,55757.460686216575,42157.00000000093
1071,48917.80393729346,0.13820742946594733,0,0,0,0,107674.19889565732,55678.60787458598,42157.00000000093
1072,48878.452969867256,0.13751361922215477,0,0,0,0,107544.30043349035,55599.90593973357,42157.00000000093
1073,48839.17722999238,0.13682002050370112,0,0,0,0,107414.70242807525,55521.354459983835,42157.00000000093
1074,48799.97650761876,0.13612663331058594,0,0,0,0,107285.40390835289,55442.95301523659,42157.00000000093
1075,48760.85059348043,0.13543345764280956,0,0,0,0,107156.40390731806,55364.70118695992,42157.00000000093
1076,48721.79927909181,0.13474049350037154,0,0,0,0,107027.70146199864,55286.59855818268,42157.00000000093
1077,48682.82235674416,0.13404774088327254,0,0,0,0,106899.29561343526,55208.64471348739,42157.00000000093
1078,48643.919619501874,0.13335519979151245,0,0,0,0,106771.18540666047,55130.839239002824,42157.00000000093
1079,48605.0908611989,0.1326628702250906,0,0,0,0,106643.36989067857,55053.18172239686,42157.00000000093
1080,48566.335876435245,0.13197075218400756,0,0,0,0,106515.84811844563,54975.67175286955,42157.00000000093
1081,48527.65446057334,0.1312788456682632,0,0,0,0,106388.61914684909,54898.308921145755,42157.00000000093
1082,48489.04640973457,0.13058715067785753,0,0,0,0,106261.68203668795,54821.092819468206,42157.00000000093
1083,48450.51152079569,0.12989566721279078,0,0,0,0,106135.03585265292,54744.02304159045,42157.00000000093
1084,48412.04959138538,0.12920439527306227,0,0,0,0,106008.67966330663,54667.09918276984,42157.00000000093
1085,48373.660419880805,0.1285133348586729,0,0,0,0,105882.6125410642,54590.32083976068,42157.00000000093
1086,48335.343805404045,0.12782248596962198,0,0,0,0,105756.8335621734,54513.68761080716,42157.00000000093
1087,48297.099547818776,0.12713184860590965,0,0,0,0,105631.34180669565,54437.19909563662,42157.00000000093
1088,48258.92744772681,0.12644142276753612,0,0,0,0,105506.13635848665,54360.85489545269,42157.00000000093
1089,48220.82730646468,0.12575120845450127,0,0,0,0,105381.2163051771,54284.65461292843,42157.00000000093
1090,48182.79892610027,0.12506120566680512,0,0,0,0,105256.5807381538,54208.59785219961,42157.00000000093
1091,48144.84210942949,0.12437141440444766,0,0,0,0,105132.22875254073,54132.68421885805,42157.00000000093
1092,48106.95665997286,0.12368183466742877,0,0,0,0,105008.15944718018,54056.91331994479,42157.00000000093
1093,48069.14238197226,0.12299246645574868,0,0,0,0,104884.37192461421,53981.28476394359,42157.00000000093
1094,48031.3990803876,0.12230330976940729,0,0,0,0,104760.86529106586,53905.79816077427,42157.00000000093
1095,47993.726560893505,0.12161436460840458,0,0,0,0,104637.63865642085,53830.45312178607,42157.00000000093
1096,47956.124629876074,0.12092563097274045,0,0,0,0,104514.69113420908,53755.24925975122,42157.00000000093
1097,47918.59309442964,0.12023710886241512,0,0,0,0,104392.02184158661,53680.186188858344,42157.00000000093
1098,47881.1317623535,0.11954879827742837,0,0,0,0,104269.62989931722,53605.26352470607,42157.00000000093
1099,47843.74044214872,0.11886069921778031,0,0,0,0,104147.51443175464,53530.480884296514,42157.00000000093
1100,47806.41894301498,0.11817281168347138,0,0,0,0,104025.67456682447,53455.83788602903,42157.00000000093
1101,47769.16707484724,0.11748513567450047,0,0,0,0,103904.10943600624,53381.33414969354,42157.00000000093
1102,47731.984648232814,0.11679767119086859,0,0,0,0,103782.81817431614,53306.969296464704,42157.00000000093
1103,47694.871474448024,0.1161104182325754,0,0,0,0,103661.7999202889,53232.74294889512,42157.00000000093
1104,47657.827365455145,0.11542337679962089,0,0,0,0,103541.05381596056,53158.65473090936,42157.00000000093
1105,47620.8521338993,0.11473654689200496,0,0,0,0,103420.57900685092,53084.70426779767,42157.00000000093
1106,47583.94559310537,0.11404992850972762,0,0,0,0,103300.37464194644,53010.8911862098,42157.00000000093
1107,47547.10755707489,0.11336352165278918,0,0,0,0,103180.4398736829,52937.215114148836,42157.00000000093
1108,47510.337840482985,0.11267732632118943,0,0,0,0,103060.77385792822,52863.67568096503,42157.00000000093
1109,47473.63625867536,0.11199134251492826,0,0,0,0,102941.37575396555,52790.27251734978,42157.00000000093
1110,47437.00262766524,0.11130557023400578,0,0,0,0,102822.24472447646,52717.00525532955,42157.00000000093
1111,47400.43676413037,0.11062000947842188,0,0,0,0,102703.37993552396,52643.87352825981,42157.00000000093
1112,47363.93848541004,0.10993466024817711,0,0,0,0,102584.78055653603,52570.876970819154,42157.00000000093
1113,47327.50760950203,0.10924952254327047,0,0,0,0,102466.44576028855,52498.01521900313,42157.00000000093
1114,47291.14395505976,0.10856459636370275,0,0,0,0,102348.37472288946,52425.28791011858,42157.00000000093
1115,47254.84734138925,0.10787988170947382,0,0,0,0,102230.5666237618,52352.69468277757,42157.00000000093
1116,47218.61758844621,0.10719537858058337,0,0,0,0,102113.0206456275,52280.235176891496,42157.00000000093
1117,47182.4545168332,0.10651108697703171,0,0,0,0,101995.73597449152,52207.909033665455,42157.00000000093
1118,47146.35794779658,0.10582700689881885,0,0,0,0,101878.71179962513,52135.71589559224,42157.00000000093
1119,47110.327703223775,0.10514313834594458,0,0,0,0,101761.9473135504,52063.65540644661,42157.00000000093
1120,47074.363605640305,0.10445948131840899,0,0,0,0,101645.44171202386,51991.72721127968,42157.00000000093
1121,47038.465478207,0.10377603581621209,0,0,0,0,101529.19419402105,51919.93095641307,42157.00000000093
1122,47002.63314471709,0.10309280183935365,0,0,0,0,101413.20396172028,51848.266289433246,42157.00000000093
1123,46966.86642959348,0.10240977938783424,0,0,0,0,101297.4702204875,51776.73285918603,42157.00000000093
1124,46931.16515788584,0.10172696846165352,0,0,0,0,101181.99217886025,51705.33031577074,42157.00000000093
1125,46895.529155267854,0.10104436906081127,0,0,0,0,101066.76904853241,51634.05831053477,42157.00000000093
1126,46859.958248034476,0.10036198118530781,0,0,0,0,100951.80004433883,51562.91649606802,42157.00000000093
1127,46824.45226309913,0.09967980483514305,0,0,0,0,100837.08438423993,51491.90452619732,42157.00000000093
1128,46789.01102799093,0.09899784001031686,0,0,0,0,100722.62128930644,51421.022055980924,42157.00000000093
1129,46753.634370852036,0.09831608671082948,0,0,0,0,100608.40998370443,51350.26874170314,42157.00000000093
1130,46718.32212043485,0.09763454493668067,0,0,0,0,100494.44969468014,51279.64424086877,42157.00000000093
1131,46683.07410609935,0.09695321468787055,0,0,0,0,100380.73965254502,51209.14821219778,42157.00000000093
1132,46647.890157810405,0.09627209596439912,0,0,0,0,100267.2790906609,51138.78031561987,42157.00000000093
1133,46612.770106135074,0.09559118876626649,0,0,0,0,100154.06724542525,51068.54021226921,42157.00000000093
1134,46577.71378223996,0.09491049309347255,0,0,0,0,100041.10335625634,50998.42756447899,42157.00000000093
1135,46542.72101788855,0.09423000894601719,0,0,0,0,99928.38666557868,50928.44203577618,42157.00000000093
1136,46507.791645438614,0.0935497363239004,0,0,0,0,99815.9164188086,50858.5832908763,42157.00000000093
1137,46472.92549783956,0.09286967522712275,0,0,0,0,99703.69186433966,50788.85099567819,42157.00000000093
1138,46438.122408629795,0.09218982565568334,0,0,0,0,99591.71225352825,50719.24481725865,42157.00000000093
1139,46403.38221193421,0.09151018760958274,0,0,0,0,99479.97684067949,50649.764423867484,42157.00000000093
1140,46368.70474246153,0.09083076108882093,0,0,0,0,99368.48488303283,50580.40948492213,42157.00000000093
1141,46334.0898355018,0.0901515460933977,0,0,0,0,99257.23564074803,50511.17967100267,42157.00000000093
1142,46299.5373269238,0.08947254262331306,0,0,0,0,99146.22837689107,50442.07465384666,42157.00000000093
1143,46265.04705317251,0.0887937506785671,0,0,0,0,99035.4623574202,50373.09410634409,42157.00000000093
1144,46230.618851266634,0.08811517025916027,0,0,0,0,98924.93685117218,50304.23770253234,42157.00000000093
1145,46196.25255879598,0.08743680136509169,0,0,0,0,98814.65112984809,50235.505117591034,42157.00000000093
1146,46161.9480139191,0.0867586439963618,0,0,0,0,98704.6044680001,50166.89602783726,42157.00000000093
1147,46127.705055360704,0.08608069815297081,0,0,0,0,98594.79614301752,50098.41011072048,42157.00000000093
1148,46093.5235224092,0.08540296383491841,0,0,0,0,98485.22543511319,50030.047044817475,42157.00000000093
1149,46059.40325491431,0.08472544104220481,0,0,0,0,98375.89162731022,49961.80650982768,42157.00000000093
1150,46025.3440932845,0.08404812977482967,0,0,0,0,98266.79400542831,49893.68818656806,42157.00000000093
1151,45991.34587848466,0.08337103003279323,0,0,0,0,98157.93185807062,49825.69175696839,42157.00000000093
1152,45957.40845203364,0.0826941418160958,0,0,0,0,98049.30447661037,49757.81690406635,42157.00000000093
1153,45923.5316560018,0.08201746512473662,0,0,0,0,97940.91115517763,49690.063312002654,42157.00000000093
1154,45889.7153330087,0.08134099995871646,0,0,0,0,97832.75119064636,49622.43066601647,42157.00000000093
1155,45855.95932622064,0.08066474631803477,0,0,0,0,97724.82388262113,49554.91865244035,42157.00000000093
1156,45822.26347934833,0.07998870420269177,0,0,0,0,97617.1285334244,49487.52695869574,42157.00000000093
1157,45788.62763664453,0.07931287361268757,0,0,0,0,97509.6644480834,49420.25527328813,42157.00000000093
1158,45755.05164290168,0.07863725454802195,0,0,0,0,97402.43093431741,49353.10328580243,42157.00000000093
1159,45721.5353434496,0.07796184700869524,0,0,0,0,97295.42730252503,49286.070686898274,42157.00000000093
1160,45688.078584153125,0.0772866509947071,0,0,0,0,97188.65286577141,49219.15716830531,42157.00000000093
1161,45654.68121140983,0.07661166650605744,0,0,0,0,97082.10693977562,49152.362422818725,42157.00000000093
1162,45621.343072147734,0.07593689354274658,0,0,0,0,96975.78884289833,49085.68614429453,42157.00000000093
1163,45588.064013822994,0.0752623321047744,0,0,0,0,96869.69789612903,49019.12802764505,42157.00000000093
1164,45554.84388441764,0.07458798219214113,0,0,0,0,96763.83342307385,48952.68776883435,42157.00000000093
1165,45521.682532437306,0.07391384380484634,0,0,0,0,96658.1947499431,48886.36506487368,42157.00000000093
1166,45488.57980690898,0.07323991694289023,0,0,0,0,96552.78120553904,48820.15961381702,42157.00000000093
1167,45455.53555737878,0.0725662016062728,0,0,0,0,96447.59212124374,48754.071114756625,42157.00000000093
1168,45422.54963390972,0.07189269779499408,0,0,0,0,96342.62683100688,48688.099267818514,42157.00000000093
1169,45389.62188707949,0.07121940550905426,0,0,0,0,96237.88467133374,48622.24377415805,42157.00000000093
1170,45356.75216797822,0.07054632474845302,0,0,0,0,96133.3649812731,48556.50433595551,42157.00000000093
1171,45323.94032820634,0.06987345551319013,0,0,0,0,96029.06710240545,48490.880656411755,42157.00000000093
1172,45291.1862198724,0.06920079780326616,0,0,0,0,95924.99037883108,48425.37243974386,42157.00000000093
1173,45258.48969559083,0.0685283516186811,0,0,0,0,95821.13415715826,48359.979391180736,42157.00000000093
1174,45225.85060847984,0.06785611695943428,0,0,0,0,95717.49778649144,48294.701216958754,42157.00000000093
1175,45193.26881215927,0.06718409382552637,0,0,0,0,95614.08061841979,48229.537624317614,42157.00000000093
1176,45160.74416074843,0.06651228221695715,0,0,0,0,95510.88200700539,48164.48832149593,42157.00000000093
1177,45128.276508863964,0.06584068213372662,0,0,0,0,95407.9013087718,48099.553017727,42157.00000000093
1178,45095.86571161777,0.06516929357583479,0,0,0,0,95305.13788269255,48034.73142323461,42157.00000000093
1179,45063.51162461486,0.06449811654328153,0,0,0,0,95202.59109017972,47970.0232492288,42157.00000000093
1180,45031.21410395131,0.06382715103606718,0,0,0,0,95100.26029507267,47905.428207901685,42157.00000000093
1181,44998.9730062121,0.0631563970541914,0,0,0,0,94998.14486362661,47840.94601242328,42157.00000000093
1182,44966.78818846912,0.0624858545976541,0,0,0,0,94896.2441645015,47776.576376937315,42157.00000000093
1183,44934.65950827909,0.06181552366645571,0,0,0,0,94794.55756875093,47712.319016557245,42157.00000000093
1184,44902.58682368145,0.061145404260596115,0,0,0,0,94693.08444981082,47648.17364736197,42157.00000000093
1185,44870.56999319638,0.06047549638007499,0,0,0,0,94591.8241834885,47584.139986391834,42157.00000000093
1186,44838.60887582277,0.059805800024892775,0,0,0,0,94490.77614795181,47520.21775164462,42157.00000000093
1187,44806.70333103613,0.059136315195048805,0,0,0,0,94389.93972371801,47456.40666207133,42157.00000000093
1188,44774.853218786695,0.05846704189054408,0,0,0,0,94289.31429364315,47392.706437572466,42157.00000000093
1189,44743.05839949728,0.05779798011137749,0,0,0,0,94188.89924291092,47329.11679899362,42157.00000000093
1190,44711.31873406143,0.05712912985754992,0,0,0,0,94088.69395902235,47265.637468121924,42157.00000000093
1191,44679.63408384135,0.05646049112906115,0,0,0,0,93988.69783178474,47202.268167681774,42157.00000000093
1192,44648.00431066595,0.05579206392591085,0,0,0,0,93888.91025330122,47139.00862133097,42157.00000000093
1193,44616.42927682891,0.05512384824809946,0,0,0,0,93789.3306179602,47075.85855365688,42157.00000000093
1194,44584.908845086684,0.054455844095626316,0,0,0,0,93689.95832242469,47012.81769017243,42157.00000000093
1195,44553.44287865664,0.05378805146849219,0,0,0,0,93590.79276562219,46949.885757312346,42157.00000000093
1196,44522.03124121504,0.05312047036669665,0,0,0,0,93491.8333487339,46887.06248242914,42157.00000000093
1197,44490.673796895164,0.052453100790240015,0,0,0,0,93393.07947518464,46824.347593789396,42157.00000000093
1198,44459.37041028537,0.05178594273912174,0,0,0,0,93294.53055063241,46761.74082056981,42157.00000000093
1199,44428.12094642726,0.05111899621334237,0,0,0,0,93196.18598295836,46699.24189285359,42157.00000000093
1200,44396.92527081369,0.05045226121290147,0,0,0,0,93098.04518225636,46636.85054162645,42157.00000000093
1201,44365.783249386965,0.049785737737799374,0,0,0,0,93000.10756082319,46574.56649877299,42157.00000000093
1202,44334.694748536924,0.049119425788036075,0,0,0,0,92902.37253314815,46512.389497072916,42157.00000000093
1203,44303.65963509908,0.048453325363611355,0,0,0,0,92804.83951590328,46450.31927019724,42157.00000000093
1204,44272.677776352786,0.04778743646452521,0,0,0,0,92707.50792793334,46388.35555270464,42157.00000000093
1205,44241.74904001938,0.04712175909077787,0,0,0,0,92610.37719024596,46326.49808003783,42157.00000000093
1206,44210.87329426032,0.04645629324236922,0,0,0,0,92513.44672600162,46264.7465885197,42157.00000000093
1207,44180.0504076754,0.045791038919299254,0,0,0,0,92416.71596050412,46203.10081534987,42157.00000000093
1208,44149.2802493009,0.04512599612156798,0,0,0,0,92320.18432119055,46141.56049860087,42157.00000000093
1209,44118.5626886078,0.044461164849175394,0,0,0,0,92223.85123762189,46080.12537721467,42157.00000000093
1210,44087.89759549996,0.04379654510212161,0,0,0,0,92127.71614147312,46018.79519099899,42157.00000000093
1211,44057.28484031233,0.04313213688040618,0,0,0,0,92031.77846652381,45957.56968062372,42157.00000000093
1212,44026.72429380919,0.04246794018402966,0,0,0,0,91936.03764864856,45896.44858761744,42157.00000000093
1213,43996.21582718234,0.041803955012991834,0,0,0,0,91840.4931258074,45835.431654363754,42157.00000000093
1214,43965.75931204938,0.04114018136729258,0,0,0,0,91745.14433803648,45774.51862409783,42157.00000000093
1215,43935.3546204519,0.04047661924693202,0,0,0,0,91649.99072743865,45713.70924090286,42157.00000000093
1216,43905.0016248538,0.03981326865191048,0,0,0,0,91555.03173817418,45653.00324970668,42157.00000000093
1217,43874.700198139464,0.0391501295822273,0,0,0,0,91460.26681645127,45592.400396278004,42157.00000000093
1218,43844.450213612115,0.038487202037882806,0,0,0,0,91365.69541051715,45531.9004272233,42157.00000000093
1219,43814.25154499205,0.03782448601887711,0,0,0,0,91271.31697064865,45471.50308998317,42157.00000000093
1220,43784.10406641491,0.037161981525209886,0,0,0,0,91177.13094914312,45411.208132828884,42157.00000000093
1221,43754.007652430046,0.03649968855688168,0,0,0,0,91083.13680030942,45351.01530485917,42157.00000000093
1222,43723.96217799872,0.035837607113891945,0,0,0,0,90989.33398045879,45290.92435599651,42157.00000000093
1223,43693.96751849251,0.035175737196240786,0,0,0,0,90895.72194789586,45230.935036984076,42157.00000000093
1224,43664.02354969158,0.03451407880392854,0,0,0,0,90802.30016290984,45171.04709938222,42157.00000000093
1225,43634.13014778302,0.03385263193695498,0,0,0,0,90709.06808776551,45111.26029556511,42157.00000000093
1226,43604.28718935918,0.03319139659531989,0,0,0,0,90616.0251866943,45051.57437871743,42157.00000000093
1227,43574.49455141603,0.0325303727790236,0,0,0,0,90523.1709258857,44991.989102831125,42157.00000000093
1228,43544.752111351496,0.03186956048806622,0,0,0,0,90430.5047734784,44932.50422270205,42157.00000000093
1229,43515.059746963816,0.031208959722447416,0,0,0,0,90338.0261995515,44873.1194939267,42157.00000000093
1230,43485.41733644992,0.03054857048216708,0,0,0,0,90245.73467611593,44813.83467289891,42157.00000000093
1231,43455.82475840383,0.029888392767225658,0,0,0,0,90153.62967710591,44754.649516806734,42157.00000000093
1232,43426.28189181499,0.0292284265776227,0,0,0,0,90061.71067837023,44695.56378362906,42157.00000000093
1233,43396.78861606671,0.028568671913358434,0,0,0,0,89969.97715766384,44636.57723213249,42157.00000000093
1234,43367.34481093455,0.02790912877443308,0,0,0,0,89878.42859463934,44577.689621868165,42157.00000000093
1235,43337.95035658469,0.0272497971608463,0,0,0,0,89787.06447083844,44518.90071316845,42157.00000000093
1236,43308.60513357242,0.0265906770725981,0,0,0,0,89695.88426968375,44460.210267143906,42157.00000000093
1237,43279.30902284052,0.025931768509688813,0,0,0,0,89604.88747647038,44401.6180456801,42157.00000000093
1238,43250.06190571766,0.02527307147211799,0,0,0,0,89514.07357835745,44343.12381143439,42157.00000000093
1239,43220.86366391693,0.02461458595988597,0,0,0,0,89423.44206436019,44284.72732783293,42157.00000000093
1240,43191.71417953418,0.02395631197299264,0,0,0,0,89332.9924253413,44226.42835906743,42157.00000000093
1241,43162.61333504657,0.023298249511437996,0,0,0,0,89242.72415400317,44168.226670092205,42157.00000000093
1242,43133.56101331095,0.022640398575222043,0,0,0,0,89152.63674487946,44110.12202662097,42157.00000000093
1243,43104.55709756239,0.02198275916434478,0,0,0,0,89062.72969432718,44052.11419512385,42157.00000000093
1244,43075.60147141263,0.02132533127880598,0,0,0,0,88973.00250051856,43994.202942824326,42157.00000000093
1245,43046.69401884857,0.020668114918606095,0,0,0,0,88883.45466343312,43936.388037696204,42157.00000000093
1246,43017.834624230745,0.0200111100837449,0,0,0,0,88794.08568484962,43878.66924846057,42157.00000000093
1247,42989.02317229185,0.01935431677422217,0,0,0,0,88704.8950683382,43821.04634458276,42157.00000000093
1248,42960.25954813523,0.01869773499003846,0,0,0,0,88615.88231925252,43763.51909626954,42157.00000000093
1249,42931.5436372334,0.018041364731193332,0,0,0,0,88527.04694472179,43706.08727446588,42157.00000000093
1250,42902.87532542654,0.01738520599768667,0,0,0,0,88438.38845364313,43648.75065085215,42157.00000000093
1251,42874.25449892107,0.01672925878951881,0,0,0,0,88349.90635667382,43591.50899784122,42157.00000000093
1252,42845.681044288154,0.016073523106689747,0,0,0,0,88261.60016622339,43534.36208857538,42157.00000000093
1253,42817.154848462225,0.015417998949199263,0,0,0,0,88173.46939644613,43477.30969692351,42157.00000000093
1254,42788.67579873957,0.01476268631704758,0,0,0,0,88085.51356323338,43420.351597478206,42157.00000000093
1255,42760.24378277686,0.014107585210234586,0,0,0,0,87997.73218420598,43363.48756555279,42157.00000000093
1256,42731.85868858972,0.013452695628760059,0,0,0,0,87910.12477870657,43306.717377178495,42157.00000000093
1257,42703.5204045513,0.012798017572624332,0,0,0,0,87822.6908677923,43250.04080910167,42157.00000000093
1258,42675.22881939087,0.012143551041827405,0,0,0,0,87735.42997422718,43193.4576387808,42157.00000000093
1259,42646.98382219234,0.011489296036369057,0,0,0,0,87648.34162247465,43136.96764438375,42157.00000000093
1260,42618.78530239293,0.010835252556249397,0,0,0,0,87561.42533869023,43080.57060478492,42157.00000000093
1261,42590.63314978171,0.010181420601468538,0,0,0,0,87474.68065071417,43024.266299562485,42157.00000000093
1262,42562.52725449821,0.009527800172026146,0,0,0,0,87388.10708806403,42968.05450899549,42157.00000000093
1263,42534.46750703107,0.008874391267922666,0,0,0,0,87301.7041819275,42911.9350140612,42157.00000000093
1264,42506.45379821659,0.008221193889157652,0,0,0,0,87215.47146515506,42855.907596432255,42157.00000000093
1265,42478.48601923743,0.0075682080357315495,0,0,0,0,87129.4084722528,42799.972038473934,42157.00000000093
1266,42450.56406162117,0.006915433707644025,0,0,0,0,87043.51473937528,42744.128123241404,42157.00000000093
1267,42422.68781723896,0.006262870904895079,0,0,0,0,86957.78980431832,42688.37563447699,42157.00000000093
1268,42394.85717830423,0.005610519627484933,0,0,0,0,86872.23320651196,42632.714356607525,42157.00000000093
1269,42367.07203737122,0.004958379875413255,0,0,0,0,86786.84448701325,42577.144074741496,42157.00000000093
1270,42339.33228733376,0.004306451648680709,0,0,0,0,86701.62318849955,42521.664574666596,42157.00000000093
1271,42311.63782142382,0.00365473494728652,0,0,0,0,86616.56885526104,42466.27564284671,42157.00000000093
1272,42283.988533210264,0.0030032297712311307,0,0,0,0,86531.68103319423,42410.97706641959,42157.00000000093
1273,42256.38431659747,0.0023519361205142086,0,0,0,0,86446.95926979471,42355.768633194006,42157.00000000093
1274,42228.82506582405,0.0017008539951363089,0,0,0,0,86362.40311415053,42300.65013164718,42157.00000000093
1275,42201.31067546149,0.0010499833950969872,0,0,0,0,86278.01211693506,42245.621350922054,42157.00000000093
1276,42173.841040412895,0.00039932432039624377,0,0,0,0,86193.78583040037,42190.68208082485,42157.00000000093
1277,42157.00000000018,1.7763568394002505e-14,0,0,0,0,86142.16207248758,42157.00000000093,42156.99999999943
