step,a_km,e,i_deg,Omega_deg,omega_deg,nu_deg,period_s,r_apogee_km,r_perigee_km
0,41571.0,0.8371220321858989,45,0,0,0,84352.29997792745,76371.0,6770.999999999998
1,41571.0,0.8371220321858989,44.93793103448276,0,0,0,84352.29997792745,76371.0,6770.999999999998
2,41571.0,0.8371220321858989,44.87586206896552,0,0,0,84352.29997792745,76371.0,6770.999999999998
3,41571.0,0.8371220321858989,44.813793103448276,0,0,0,84352.29997792745,76371.0,6770.999999999998
4,41571.0,0.8371220321858989,44.751724137931035,0,0,0,84352.29997792745,76371.0,6770.999999999998
5,41571.0,0.8371220321858989,44.689655172413794,0,0,0,84352.29997792745,76371.0,6770.999999999998
6,41571.0,0.8371220321858989,44.62758620689655,0,0,0,84352.29997792745,76371.0,6770.999999999998
7,41571.0,0.8371220321858989,44.56551724137931,0,0,0,84352.29997792745,76371.0,6770.999999999998
8,41571.0,0.8371220321858989,44.50344827586207,0,0,0,84352.29997792745,76371.0,6770.999999999998
9,41571.0,0.8371220321858989,44.44137931034483,0,0,0,84352.29997792745,76371.0,6770.999999999998
10,41571.0,0.8371220321858989,44.37931034482759,0,0,0,84352.29997792745,76371.0,6770.999999999998
11,41571.0,0.8371220321858989,44.317241379310346,0,0,0,84352.29997792745,76371.0,6770.999999999998
12,41571.0,0.8371220321858989,44.255172413793105,0,0,0,84352.29997792745,76371.0,6770.999999999998
13,41571.0,0.8371220321858989,44.19310344827586,0,0,0,84352.29997792745,76371.0,6770.999999999998
14,41571.0,0.8371220321858989,44.13103448275862,0,0,0,84352.29997792745,76371.0,6770.999999999998
15,41571.0,0.8371220321858989,44.06896551724138,0,0,0,84352.29997792745,76371.0,6770.999999999998
16,41571.0,0.8371220321858989,44.00689655172414,0,0,0,84352.29997792745,76371.0,6770.999999999998
17,41571.0,0.8371220321858989,43.9448275862069,0,0,0,84352.29997792745,76371.0,6770.999999999998
18,41571.0,0.8371220321858989,43.88275862068966,0,0,0,84352.29997792745,76371.0,6770.999999999998
19,41571.0,0.8371220321858989,43.820689655172416,0,0,0,84352.29997792745,76371.0,6770.999999999998
20,41571.0,0.8371220321858989,43.758620689655174,0,0,0,84352.29997792745,76371.0,6770.999999999998
21,41571.0,0.8371220321858989,43.69655172413793,0,0,0,84352.29997792745,76371.0,6770.999999999998
22,41571.0,0.8371220321858989,43.63448275862069,0,0,0,84352.29997792745,76371.0,6770.999999999998
23,41571.0,0.8371220321858989,43.57241379310345,0,0,0,84352.29997792745,76371.0,6770.999999999998
24,41571.0,0.8371220321858989,43.51034482758621,0,0,0,84352.29997792745,76371.0,6770.999999999998
25,41571.0,0.8371220321858989,43.44827586206897,0,0,0,84352.29997792745,76371.0,6770.999999999998
26,41571.0,0.8371220321858989,43.38620689655173,0,0,0,84352.29997792745,76371.0,6770.999999999998
27,41571.0,0.8371220321858989,43.324137931034485,0,0,0,84352.29997792745,76371.0,6770.999999999998
28,41571.0,0.8371220321858989,43.262068965517244,0,0,0,84352.29997792745,76371.0,6770.999999999998
29,41571.0,0.8371220321858989,43.2,0,0,0,84352.29997792745,76371.0,6770.999999999998
30,41571.0,0.8371220321858989,43.13793103448276,0,0,0,84352.29997792745,76371.0,6770.999999999998
31,41571.0,0.8371220321858989,43.07586206896552,0,0,0,84352.29997792745,76371.0,6770.999999999998
32,41571.0,0.8371220321858989,43.01379310344828,0,0,0,84352.29997792745,76371.0,6770.999999999998
33,41571.0,0.8371220321858989,42.95172413793104,0,0,0,84352.29997792745,76371.0,6770.999999999998
34,41571.0,0.8371220321858989,42.889655172413796,0,0,0,84352.29997792745,76371.0,6770.999999999998
35,41571.0,0.8371220321858989,42.827586206896555,0,0,0,84352.29997792745,76371.0,6770.999999999998
36,41571.0,0.8371220321858989,42.765517241379314,0,0,0,84352.29997792745,76371.0,6770.999999999998
37,41571.0,0.8371220321858989,42.70344827586207,0,0,0,84352.29997792745,76371.0,6770.999999999998
38,41571.0,0.8371220321858989,42.64137931034483,0,0,0,84352.29997792745,76371.0,6770.999999999998
39,41571.0,0.8371220321858989,42.57931034482759,0,0,0,84352.29997792745,76371.0,6770.999999999998
40,41571.0,0.8371220321858989,42.51724137931035,0,0,0,84352.29997792745,76371.0,6770.999999999998
41,41571.0,0.8371220321858989,42.45517241379311,0,0,0,84352.29997792745,76371.0,6770.999999999998
42,41571.0,0.8371220321858989,42.393103448275866,0,0,0,84352.29997792745,76371.0,6770.999999999998
43,41571.0,0.8371220321858989,42.331034482758625,0,0,0,84352.29997792745,76371.0,6770.999999999998
44,41571.0,0.8371220321858989,42.268965517241384,0,0,0,84352.29997792745,76371.0,6770.999999999998
45,41571.0,0.8371220321858989,42.20689655172414,0,0,0,84352.29997792745,76371.0,6770.999999999998
46,41571.0,0.8371220321858989,42.1448275862069,0,0,0,84352.29997792745,76371.0,6770.999999999998
47,41571.0,0.8371220321858989,42.08275862068966,0,0,0,84352.29997792745,76371.0,6770.999999999998
48,41571.0,0.8371220321858989,42.02068965517242,0,0,0,84352.29997792745,76371.0,6770.999999999998
49,41571.0,0.8371220321858989,41.95862068965518,0,0,0,84352.29997792745,76371.0,6770.999999999998
50,41571.0,0.8371220321858989,41.896551724137936,0,0,0,84352.29997792745,76371.0,6770.999999999998
51,41571.0,0.8371220321858989,41.834482758620695,0,0,0,84352.29997792745,76371.0,6770.999999999998
52,41571.0,0.8371220321858989,41.77241379310345,0,0,0,84352.29997792745,76371.0,6770.999999999998
53,41571.0,0.8371220321858989,41.71034482758621,0,0,0,84352.29997792745,76371.0,6770.999999999998
54,41571.0,0.8371220321858989,41.64827586206897,0,0,0,84352.29997792745,76371.0,6770.999999999998
55,41571.0,0.8371220321858989,41.58620689655173,0,0,0,84352.29997792745,76371.0,6770.999999999998
56,41571.0,0.8371220321858989,41.52413793103449,0,0,0,84352.29997792745,76371.0,6770.999999999998
57,41571.0,0.8371220321858989,41.46206896551725,0,0,0,84352.29997792745,76371.0,6770.999999999998
58,41571.0,0.8371220321858989,41.400000000000006,0,0,0,84352.29997792745,76371.0,6770.999999999998
59,41571.0,0.8371220321858989,41.337931034482764,0,0,0,84352.29997792745,76371.0,6770.999999999998
60,41571.0,0.8371220321858989,41.27586206896552,0,0,0,84352.29997792745,76371.0,6770.999999999998
61,41571.0,0.8371220321858989,41.21379310344828,0,0,0,84352.29997792745,76371.0,6770.999999999998
62,41571.0,0.8371220321858989,41.15172413793104,0,0,0,84352.29997792745,76371.0,6770.999999999998
63,41571.0,0.8371220321858989,41.0896551724138,0,0,0,84352.29997792745,76371.0,6770.999999999998
64,41571.0,0.8371220321858989,41.02758620689656,0,0,0,84352.29997792745,76371.0,6770.999999999998
65,41571.0,0.8371220321858989,40.96551724137932,0,0,0,84352.29997792745,76371.0,6770.999999999998
66,41571.0,0.8371220321858989,40.903448275862075,0,0,0,84352.29997792745,76371.0,6770.999999999998
67,41571.0,0.8371220321858989,40.841379310344834,0,0,0,84352.29997792745,76371.0,6770.999999999998
68,41571.0,0.8371220321858989,40.77931034482759,0,0,0,84352.29997792745,76371.0,6770.999999999998
69,41571.0,0.8371220321858989,40.71724137931035,0,0,0,84352.29997792745,76371.0,6770.999999999998
70,41571.0,0.8371220321858989,40.65517241379311,0,0,0,84352.29997792745,76371.0,6770.999999999998
71,41571.0,0.8371220321858989,40.59310344827587,0,0,0,84352.29997792745,76371.0,6770.999999999998
72,41571.0,0.8371220321858989,40.53103448275863,0,0,0,84352.29997792745,76371.0,6770.999999999998
73,41571.0,0.8371220321858989,40.46896551724139,0,0,0,84352.29997792745,76371.0,6770.999999999998
74,41571.0,0.8371220321858989,40.406896551724145,0,0,0,84352.29997792745,76371.0,6770.999999999998
75,41571.0,0.8371220321858989,40.344827586206904,0,0,0,84352.29997792745,76371.0,6770.999999999998
76,41571.0,0.8371220321858989,40.28275862068966,0,0,0,84352.29997792745,76371.0,6770.999999999998
77,41571.0,0.8371220321858989,40.22068965517242,0,0,0,84352.29997792745,76371.0,6770.999999999998
78,41571.0,0.8371220321858989,40.15862068965518,0,0,0,84352.29997792745,76371.0,6770.999999999998
79,41571.0,0.8371220321858989,40.09655172413794,0,0,0,84352.29997792745,76371.0,6770.999999999998
80,41571.0,0.8371220321858989,40.0344827586207,0,0,0,84352.29997792745,76371.0,6770.999999999998
81,41571.0,0.8371220321858989,39.972413793103456,0,0,0,84352.29997792745,76371.0,6770.999999999998
82,41571.0,0.8371220321858989,39.910344827586215,0,0,0,84352.29997792745,76371.0,6770.999999999998
83,41571.0,0.8371220321858989,39.848275862068974,0,0,0,84352.29997792745,76371.0,6770.999999999998
84,41571.0,0.8371220321858989,39.78620689655173,0,0,0,84352.29997792745,76371.0,6770.999999999998
85,41571.0,0.8371220321858989,39.72413793103449,0,0,0,84352.29997792745,76371.0,6770.999999999998
86,41571.0,0.8371220321858989,39.66206896551725,0,0,0,84352.29997792745,76371.0,6770.999999999998
87,41571.0,0.8371220321858989,39.60000000000001,0,0,0,84352.29997792745,76371.0,6770.999999999998
88,41571.0,0.8371220321858989,39.53793103448277,0,0,0,84352.29997792745,76371.0,6770.999999999998
89,41571.0,0.8371220321858989,39.475862068965526,0,0,0,84352.29997792745,76371.0,6770.999999999998
90,41571.0,0.8371220321858989,39.413793103448285,0,0,0,84352.29997792745,76371.0,6770.999999999998
91,41571.0,0.8371220321858989,39.35172413793104,0,0,0,84352.29997792745,76371.0,6770.999999999998
92,41571.0,0.8371220321858989,39.2896551724138,0,0,0,84352.29997792745,76371.0,6770.999999999998
93,41571.0,0.8371220321858989,39.22758620689656,0,0,0,84352.29997792745,76371.0,6770.999999999998
94,41571.0,0.8371220321858989,39.16551724137932,0,0,0,84352.29997792745,76371.0,6770.999999999998
95,41571.0,0.8371220321858989,39.10344827586208,0,0,0,84352.29997792745,76371.0,6770.999999999998
96,41571.0,0.8371220321858989,39.04137931034484,0,0,0,84352.29997792745,76371.0,6770.999999999998
97,41571.0,0.8371220321858989,38.979310344827596,0,0,0,84352.29997792745,76371.0,6770.999999999998
98,41571.0,0.8371220321858989,38.917241379310354,0,0,0,84352.29997792745,76371.0,6770.999999999998
99,41571.0,0.8371220321858989,38.85517241379311,0,0,0,84352.29997792745,76371.0,6770.999999999998
100,41571.0,0.8371220321858989,38.79310344827587,0,0,0,84352.29997792745,76371.0,6770.999999999998
101,41571.0,0.8371220321858989,38.73103448275863,0,0,0,84352.29997792745,76371.0,6770.999999999998
102,41571.0,0.8371220321858989,38.66896551724139,0,0,0,84352.29997792745,76371.0,6770.999999999998
103,41571.0,0.8371220321858989,38.60689655172415,0,0,0,84352.29997792745,76371.0,6770.999999999998
104,41571.0,0.8371220321858989,38.54482758620691,0,0,0,84352.29997792745,76371.0,6770.999999999998
105,41571.0,0.8371220321858989,38.482758620689665,0,0,0,84352.29997792745,76371.0,6770.999999999998
106,41571.0,0.8371220321858989,38.420689655172424,0,0,0,84352.29997792745,76371.0,6770.999999999998
107,41571.0,0.8371220321858989,38.35862068965518,0,0,0,84352.29997792745,76371.0,6770.999999999998
108,41571.0,0.8371220321858989,38.29655172413794,0,0,0,84352.29997792745,76371.0,6770.999999999998
109,41571.0,0.8371220321858989,38.2344827586207,0,0,0,84352.29997792745,76371.0,6770.999999999998
110,41571.0,0.8371220321858989,38.17241379310346,0,0,0,84352.29997792745,76371.0,6770.999999999998
111,41571.0,0.8371220321858989,38.11034482758622,0,0,0,84352.29997792745,76371.0,6770.999999999998
112,41571.0,0.8371220321858989,38.04827586206898,0,0,0,84352.29997792745,76371.0,6770.999999999998
113,41571.0,0.8371220321858989,37.986206896551735,0,0,0,84352.29997792745,76371.0,6770.999999999998
114,41571.0,0.8371220321858989,37.924137931034494,0,0,0,84352.29997792745,76371.0,6770.999999999998
115,41571.0,0.8371220321858989,37.86206896551725,0,0,0,84352.29997792745,76371.0,6770.999999999998
116,41571.0,0.8371220321858989,37.80000000000001,0,0,0,84352.29997792745,76371.0,6770.999999999998
117,41571.0,0.8371220321858989,37.73793103448277,0,0,0,84352.29997792745,76371.0,6770.999999999998
118,41571.0,0.8371220321858989,37.67586206896553,0,0,0,84352.29997792745,76371.0,6770.999999999998
119,41571.0,0.8371220321858989,37.61379310344829,0,0,0,84352.29997792745,76371.0,6770.999999999998
120,41571.0,0.8371220321858989,37.551724137931046,0,0,0,84352.29997792745,76371.0,6770.999999999998
121,41571.0,0.8371220321858989,37.489655172413805,0,0,0,84352.29997792745,76371.0,6770.999999999998
122,41571.0,0.8371220321858989,37.427586206896564,0,0,0,84352.29997792745,76371.0,6770.999999999998
123,41571.0,0.8371220321858989,37.36551724137932,0,0,0,84352.29997792745,76371.0,6770.999999999998
124,41571.0,0.8371220321858989,37.30344827586208,0,0,0,84352.29997792745,76371.0,6770.999999999998
125,41571.0,0.8371220321858989,37.24137931034484,0,0,0,84352.29997792745,76371.0,6770.999999999998
126,41571.0,0.8371220321858989,37.1793103448276,0,0,0,84352.29997792745,76371.0,6770.999999999998
127,41571.0,0.8371220321858989,37.11724137931036,0,0,0,84352.29997792745,76371.0,6770.999999999998
128,41571.0,0.8371220321858989,37.055172413793116,0,0,0,84352.29997792745,76371.0,6770.999999999998
129,41571.0,0.8371220321858989,36.993103448275875,0,0,0,84352.29997792745,76371.0,6770.999999999998
130,41571.0,0.8371220321858989,36.93103448275863,0,0,0,84352.29997792745,76371.0,6770.999999999998
131,41571.0,0.8371220321858989,36.86896551724139,0,0,0,84352.29997792745,76371.0,6770.999999999998
132,41571.0,0.8371220321858989,36.80689655172415,0,0,0,84352.29997792745,76371.0,6770.999999999998
133,41571.0,0.8371220321858989,36.74482758620691,0,0,0,84352.29997792745,76371.0,6770.999999999998
134,41571.0,0.8371220321858989,36.68275862068967,0,0,0,84352.29997792745,76371.0,6770.999999999998
135,41571.0,0.8371220321858989,36.62068965517243,0,0,0,84352.29997792745,76371.0,6770.999999999998
136,41571.0,0.8371220321858989,36.558620689655186,0,0,0,84352.29997792745,76371.0,6770.999999999998
137,41571.0,0.8371220321858989,36.496551724137944,0,0,0,84352.29997792745,76371.0,6770.999999999998
138,41571.0,0.8371220321858989,36.4344827586207,0,0,0,84352.29997792745,76371.0,6770.999999999998
139,41571.0,0.8371220321858989,36.37241379310346,0,0,0,84352.29997792745,76371.0,6770.999999999998
140,41571.0,0.8371220321858989,36.31034482758622,0,0,0,84352.29997792745,76371.0,6770.999999999998
141,41571.0,0.8371220321858989,36.24827586206898,0,0,0,84352.29997792745,76371.0,6770.999999999998
142,41571.0,0.8371220321858989,36.18620689655174,0,0,0,84352.29997792745,76371.0,6770.999999999998
143,41571.0,0.8371220321858989,36.1241379310345,0,0,0,84352.29997792745,76371.0,6770.999999999998
144,41571.0,0.8371220321858989,36.062068965517255,0,0,0,84352.29997792745,76371.0,6770.999999999998
145,41571.0,0.8371220321858989,36.000000000000014,0,0,0,84352.29997792745,76371.0,6770.999999999998
146,41571.0,0.8371220321858989,35.93793103448277,0,0,0,84352.29997792745,76371.0,6770.999999999998
147,41571.0,0.8371220321858989,35.87586206896553,0,0,0,84352.29997792745,76371.0,6770.999999999998
148,41571.0,0.8371220321858989,35.81379310344829,0,0,0,84352.29997792745,76371.0,6770.999999999998
149,41571.0,0.8371220321858989,35.75172413793105,0,0,0,84352.29997792745,76371.0,6770.999999999998
150,41571.0,0.8371220321858989,35.68965517241381,0,0,0,84352.29997792745,76371.0,6770.999999999998
151,41571.0,0.8371220321858989,35.62758620689657,0,0,0,84352.29997792745,76371.0,6770.999999999998
152,41571.0,0.8371220321858989,35.565517241379325,0,0,0,84352.29997792745,76371.0,6770.999999999998
153,41571.0,0.8371220321858989,35.503448275862084,0,0,0,84352.29997792745,76371.0,6770.999999999998
154,41571.0,0.8371220321858989,35.44137931034484,0,0,0,84352.29997792745,76371.0,6770.999999999998
155,41571.0,0.8371220321858989,35.3793103448276,0,0,0,84352.29997792745,76371.0,6770.999999999998
156,41571.0,0.8371220321858989,35.31724137931036,0,0,0,84352.29997792745,76371.0,6770.999999999998
157,41571.0,0.8371220321858989,35.25517241379312,0,0,0,84352.29997792745,76371.0,6770.999999999998
158,41571.0,0.8371220321858989,35.19310344827588,0,0,0,84352.29997792745,76371.0,6770.999999999998
159,41571.0,0.8371220321858989,35.131034482758636,0,0,0,84352.29997792745,76371.0,6770.999999999998
160,41571.0,0.8371220321858989,35.068965517241395,0,0,0,84352.29997792745,76371.0,6770.999999999998
161,41571.0,0.8371220321858989,35.006896551724154,0,0,0,84352.29997792745,76371.0,6770.999999999998
162,41571.0,0.8371220321858989,34.94482758620691,0,0,0,84352.29997792745,76371.0,6770.999999999998
163,41571.0,0.8371220321858989,34.88275862068967,0,0,0,84352.29997792745,76371.0,6770.999999999998
164,41571.0,0.8371220321858989,34.82068965517243,0,0,0,84352.29997792745,76371.0,6770.999999999998
165,41571.0,0.8371220321858989,34.75862068965519,0,0,0,84352.29997792745,76371.0,6770.999999999998
166,41571.0,0.8371220321858989,34.69655172413795,0,0,0,84352.29997792745,76371.0,6770.999999999998
167,41571.0,0.8371220321858989,34.634482758620706,0,0,0,84352.29997792745,76371.0,6770.999999999998
168,41571.0,0.8371220321858989,34.572413793103465,0,0,0,84352.29997792745,76371.0,6770.999999999998
169,41571.0,0.8371220321858989,34.51034482758622,0,0,0,84352.29997792745,76371.0,6770.999999999998
170,41571.0,0.8371220321858989,34.44827586206898,0,0,0,84352.29997792745,76371.0,6770.999999999998
171,41571.0,0.8371220321858989,34.38620689655174,0,0,0,84352.29997792745,76371.0,6770.999999999998
172,41571.0,0.8371220321858989,34.3241379310345,0,0,0,84352.29997792745,76371.0,6770.999999999998
173,41571.0,0.8371220321858989,34.26206896551726,0,0,0,84352.29997792745,76371.0,6770.999999999998
174,41571.0,0.8371220321858989,34.20000000000002,0,0,0,84352.29997792745,76371.0,6770.999999999998
175,41571.0,0.8371220321858989,34.137931034482776,0,0,0,84352.29997792745,76371.0,6770.999999999998
176,41571.0,0.8371220321858989,34.075862068965534,0,0,0,84352.29997792745,76371.0,6770.999999999998
177,41571.0,0.8371220321858989,34.01379310344829,0,0,0,84352.29997792745,76371.0,6770.999999999998
178,41571.0,0.8371220321858989,33.95172413793105,0,0,0,84352.29997792745,76371.0,6770.999999999998
179,41571.0,0.8371220321858989,33.88965517241381,0,0,0,84352.29997792745,76371.0,6770.999999999998
180,41571.0,0.8371220321858989,33.82758620689657,0,0,0,84352.29997792745,76371.0,6770.999999999998
181,41571.0,0.8371220321858989,33.76551724137933,0,0,0,84352.29997792745,76371.0,6770.999999999998
182,41571.0,0.8371220321858989,33.70344827586209,0,0,0,84352.29997792745,76371.0,6770.999999999998
183,41571.0,0.8371220321858989,33.641379310344846,0,0,0,84352.29997792745,76371.0,6770.999999999998
184,41571.0,0.8371220321858989,33.579310344827604,0,0,0,84352.29997792745,76371.0,6770.999999999998
185,41571.0,0.8371220321858989,33.51724137931036,0,0,0,84352.29997792745,76371.0,6770.999999999998
186,41571.0,0.8371220321858989,33.45517241379312,0,0,0,84352.29997792745,76371.0,6770.999999999998
187,41571.0,0.8371220321858989,33.39310344827588,0,0,0,84352.29997792745,76371.0,6770.999999999998
188,41571.0,0.8371220321858989,33.33103448275864,0,0,0,84352.29997792745,76371.0,6770.999999999998
189,41571.0,0.8371220321858989,33.2689655172414,0,0,0,84352.29997792745,76371.0,6770.999999999998
190,41571.0,0.8371220321858989,33.20689655172416,0,0,0,84352.29997792745,76371.0,6770.999999999998
191,41571.0,0.8371220321858989,33.144827586206915,0,0,0,84352.29997792745,76371.0,6770.999999999998
192,41571.0,0.8371220321858989,33.082758620689674,0,0,0,84352.29997792745,76371.0,6770.999999999998
193,41571.0,0.8371220321858989,33.02068965517243,0,0,0,84352.29997792745,76371.0,6770.999999999998
194,41571.0,0.8371220321858989,32.95862068965519,0,0,0,84352.29997792745,76371.0,6770.999999999998
195,41571.0,0.8371220321858989,32.89655172413795,0,0,0,84352.29997792745,76371.0,6770.999999999998
196,41571.0,0.8371220321858989,32.83448275862071,0,0,0,84352.29997792745,76371.0,6770.999999999998
197,41571.0,0.8371220321858989,32.77241379310347,0,0,0,84352.29997792745,76371.0,6770.999999999998
198,41571.0,0.8371220321858989,32.710344827586226,0,0,0,84352.29997792745,76371.0,6770.999999999998
199,41571.0,0.8371220321858989,32.648275862068985,0,0,0,84352.29997792745,76371.0,6770.999999999998
200,41571.0,0.8371220321858989,32.586206896551744,0,0,0,84352.29997792745,76371.0,6770.999999999998
201,41571.0,0.8371220321858989,32.5241379310345,0,0,0,84352.29997792745,76371.0,6770.999999999998
202,41571.0,0.8371220321858989,32.46206896551726,0,0,0,84352.29997792745,76371.0,6770.999999999998
203,41571.0,0.8371220321858989,32.40000000000002,0,0,0,84352.29997792745,76371.0,6770.999999999998
204,41571.0,0.8371220321858989,32.33793103448278,0,0,0,84352.29997792745,76371.0,6770.999999999998
205,41571.0,0.8371220321858989,32.27586206896554,0,0,0,84352.29997792745,76371.0,6770.999999999998
206,41571.0,0.8371220321858989,32.213793103448296,0,0,0,84352.29997792745,76371.0,6770.999999999998
207,41571.0,0.8371220321858989,32.151724137931055,0,0,0,84352.29997792745,76371.0,6770.999999999998
208,41571.0,0.8371220321858989,32.08965517241381,0,0,0,84352.29997792745,76371.0,6770.999999999998
209,41571.0,0.8371220321858989,32.02758620689657,0,0,0,84352.29997792745,76371.0,6770.999999999998
210,41571.0,0.8371220321858989,31.96551724137933,0,0,0,84352.29997792745,76371.0,6770.999999999998
211,41571.0,0.8371220321858989,31.90344827586209,0,0,0,84352.29997792745,76371.0,6770.999999999998
212,41571.0,0.8371220321858989,31.84137931034485,0,0,0,84352.29997792745,76371.0,6770.999999999998
213,41571.0,0.8371220321858989,31.779310344827607,0,0,0,84352.29997792745,76371.0,6770.999999999998
214,41571.0,0.8371220321858989,31.717241379310366,0,0,0,84352.29997792745,76371.0,6770.999999999998
215,41571.0,0.8371220321858989,31.655172413793125,0,0,0,84352.29997792745,76371.0,6770.999999999998
216,41571.0,0.8371220321858989,31.593103448275883,0,0,0,84352.29997792745,76371.0,6770.999999999998
217,41571.0,0.8371220321858989,31.531034482758642,0,0,0,84352.29997792745,76371.0,6770.999999999998
218,41571.0,0.8371220321858989,31.4689655172414,0,0,0,84352.29997792745,76371.0,6770.999999999998
219,41571.0,0.8371220321858989,31.40689655172416,0,0,0,84352.29997792745,76371.0,6770.999999999998
220,41571.0,0.8371220321858989,31.344827586206918,0,0,0,84352.29997792745,76371.0,6770.999999999998
221,41571.0,0.8371220321858989,31.282758620689677,0,0,0,84352.29997792745,76371.0,6770.999999999998
222,41571.0,0.8371220321858989,31.220689655172436,0,0,0,84352.29997792745,76371.0,6770.999999999998
223,41571.0,0.8371220321858989,31.158620689655194,0,0,0,84352.29997792745,76371.0,6770.999999999998
224,41571.0,0.8371220321858989,31.096551724137953,0,0,0,84352.29997792745,76371.0,6770.999999999998
225,41571.0,0.8371220321858989,31.03448275862071,0,0,0,84352.29997792745,76371.0,6770.999999999998
226,41571.0,0.8371220321858989,30.97241379310347,0,0,0,84352.29997792745,76371.0,6770.999999999998
227,41571.0,0.8371220321858989,30.91034482758623,0,0,0,84352.29997792745,76371.0,6770.999999999998
228,41571.0,0.8371220321858989,30.848275862068988,0,0,0,84352.29997792745,76371.0,6770.999999999998
229,41571.0,0.8371220321858989,30.786206896551747,0,0,0,84352.29997792745,76371.0,6770.999999999998
230,41571.0,0.8371220321858989,30.724137931034505,0,0,0,84352.29997792745,76371.0,6770.999999999998
231,41571.0,0.8371220321858989,30.662068965517264,0,0,0,84352.29997792745,76371.0,6770.999999999998
232,41571.0,0.8371220321858989,30.600000000000023,0,0,0,84352.29997792745,76371.0,6770.999999999998
233,41571.0,0.8371220321858989,30.53793103448278,0,0,0,84352.29997792745,76371.0,6770.999999999998
234,41571.0,0.8371220321858989,30.47586206896554,0,0,0,84352.29997792745,76371.0,6770.999999999998
235,41571.0,0.8371220321858989,30.4137931034483,0,0,0,84352.29997792745,76371.0,6770.999999999998
236,41571.0,0.8371220321858989,30.351724137931058,0,0,0,84352.29997792745,76371.0,6770.999999999998
237,41571.0,0.8371220321858989,30.289655172413816,0,0,0,84352.29997792745,76371.0,6770.999999999998
238,41571.0,0.8371220321858989,30.227586206896575,0,0,0,84352.29997792745,76371.0,6770.999999999998
239,41571.0,0.8371220321858989,30.165517241379334,0,0,0,84352.29997792745,76371.0,6770.999999999998
240,41571.0,0.8371220321858989,30.103448275862092,0,0,0,84352.29997792745,76371.0,6770.999999999998
241,41571.0,0.8371220321858989,30.04137931034485,0,0,0,84352.29997792745,76371.0,6770.999999999998
242,41571.0,0.8371220321858989,29.97931034482761,0,0,0,84352.29997792745,76371.0,6770.999999999998
243,41571.0,0.8371220321858989,29.91724137931037,0,0,0,84352.29997792745,76371.0,6770.999999999998
244,41571.0,0.8371220321858989,29.855172413793127,0,0,0,84352.29997792745,76371.0,6770.999999999998
245,41571.0,0.8371220321858989,29.793103448275886,0,0,0,84352.29997792745,76371.0,6770.999999999998
246,41571.0,0.8371220321858989,29.731034482758645,0,0,0,84352.29997792745,76371.0,6770.999999999998
247,41571.0,0.8371220321858989,29.668965517241404,0,0,0,84352.29997792745,76371.0,6770.999999999998
248,41571.0,0.8371220321858989,29.606896551724162,0,0,0,84352.29997792745,76371.0,6770.999999999998
249,41571.0,0.8371220321858989,29.54482758620692,0,0,0,84352.29997792745,76371.0,6770.999999999998
250,41571.0,0.8371220321858989,29.48275862068968,0,0,0,84352.29997792745,76371.0,6770.999999999998
251,41571.0,0.8371220321858989,29.42068965517244,0,0,0,84352.29997792745,76371.0,6770.999999999998
252,41571.0,0.8371220321858989,29.358620689655197,0,0,0,84352.29997792745,76371.0,6770.999999999998
253,41571.0,0.8371220321858989,29.296551724137956,0,0,0,84352.29997792745,76371.0,6770.999999999998
254,41571.0,0.8371220321858989,29.234482758620715,0,0,0,84352.29997792745,76371.0,6770.999999999998
255,41571.0,0.8371220321858989,29.172413793103473,0,0,0,84352.29997792745,76371.0,6770.999999999998
256,41571.0,0.8371220321858989,29.110344827586232,0,0,0,84352.29997792745,76371.0,6770.999999999998
257,41571.0,0.8371220321858989,29.04827586206899,0,0,0,84352.29997792745,76371.0,6770.999999999998
258,41571.0,0.8371220321858989,28.98620689655175,0,0,0,84352.29997792745,76371.0,6770.999999999998
259,41571.0,0.8371220321858989,28.924137931034508,0,0,0,84352.29997792745,76371.0,6770.999999999998
260,41571.0,0.8371220321858989,28.862068965517267,0,0,0,84352.29997792745,76371.0,6770.999999999998
261,41571.0,0.8371220321858989,28.800000000000026,0,0,0,84352.29997792745,76371.0,6770.999999999998
262,41571.0,0.8371220321858989,28.737931034482784,0,0,0,84352.29997792745,76371.0,6770.999999999998
263,41571.0,0.8371220321858989,28.675862068965543,0,0,0,84352.29997792745,76371.0,6770.999999999998
264,41571.0,0.8371220321858989,28.6137931034483,0,0,0,84352.29997792745,76371.0,6770.999999999998
265,41571.0,0.8371220321858989,28.55172413793106,0,0,0,84352.29997792745,76371.0,6770.999999999998
266,41571.0,0.8371220321858989,28.48965517241382,0,0,0,84352.29997792745,76371.0,6770.999999999998
267,41571.0,0.8371220321858989,28.427586206896578,0,0,0,84352.29997792745,76371.0,6770.999999999998
268,41571.0,0.8371220321858989,28.365517241379337,0,0,0,84352.29997792745,76371.0,6770.999999999998
269,41571.0,0.8371220321858989,28.303448275862095,0,0,0,84352.29997792745,76371.0,6770.999999999998
270,41571.0,0.8371220321858989,28.241379310344854,0,0,0,84352.29997792745,76371.0,6770.999999999998
271,41571.0,0.8371220321858989,28.179310344827613,0,0,0,84352.29997792745,76371.0,6770.999999999998
272,41571.0,0.8371220321858989,28.11724137931037,0,0,0,84352.29997792745,76371.0,6770.999999999998
273,41571.0,0.8371220321858989,28.05517241379313,0,0,0,84352.29997792745,76371.0,6770.999999999998
274,41571.0,0.8371220321858989,27.99310344827589,0,0,0,84352.29997792745,76371.0,6770.999999999998
275,41571.0,0.8371220321858989,27.931034482758648,0,0,0,84352.29997792745,76371.0,6770.999999999998
276,41571.0,0.8371220321858989,27.868965517241406,0,0,0,84352.29997792745,76371.0,6770.999999999998
277,41571.0,0.8371220321858989,27.806896551724165,0,0,0,84352.29997792745,76371.0,6770.999999999998
278,41571.0,0.8371220321858989,27.744827586206924,0,0,0,84352.29997792745,76371.0,6770.999999999998
279,41571.0,0.8371220321858989,27.682758620689683,0,0,0,84352.29997792745,76371.0,6770.999999999998
280,41571.0,0.8371220321858989,27.62068965517244,0,0,0,84352.29997792745,76371.0,6770.999999999998
281,41571.0,0.8371220321858989,27.5586206896552,0,0,0,84352.29997792745,76371.0,6770.999999999998
282,41571.0,0.8371220321858989,27.49655172413796,0,0,0,84352.29997792745,76371.0,6770.999999999998
283,41571.0,0.8371220321858989,27.434482758620717,0,0,0,84352.29997792745,76371.0,6770.999999999998
284,41571.0,0.8371220321858989,27.372413793103476,0,0,0,84352.29997792745,76371.0,6770.999999999998
285,41571.0,0.8371220321858989,27.310344827586235,0,0,0,84352.29997792745,76371.0,6770.999999999998
286,41571.0,0.8371220321858989,27.248275862068994,0,0,0,84352.29997792745,76371.0,6770.999999999998
287,41571.0,0.8371220321858989,27.186206896551752,0,0,0,84352.29997792745,76371.0,6770.999999999998
288,41571.0,0.8371220321858989,27.12413793103451,0,0,0,84352.29997792745,76371.0,6770.999999999998
289,41571.0,0.8371220321858989,27.06206896551727,0,0,0,84352.29997792745,76371.0,6770.999999999998
290,41571.0,0.8371220321858989,27.00000000000003,0,0,0,84352.29997792745,76371.0,6770.999999999998
291,41571.0,0.8371220321858989,26.937931034482787,0,0,0,84352.29997792745,76371.0,6770.999999999998
292,41571.0,0.8371220321858989,26.875862068965546,0,0,0,84352.29997792745,76371.0,6770.999999999998
293,41571.0,0.8371220321858989,26.813793103448305,0,0,0,84352.29997792745,76371.0,6770.999999999998
294,41571.0,0.8371220321858989,26.751724137931063,0,0,0,84352.29997792745,76371.0,6770.999999999998
295,41571.0,0.8371220321858989,26.689655172413822,0,0,0,84352.29997792745,76371.0,6770.999999999998
296,41571.0,0.8371220321858989,26.62758620689658,0,0,0,84352.29997792745,76371.0,6770.999999999998
297,41571.0,0.8371220321858989,26.56551724137934,0,0,0,84352.29997792745,76371.0,6770.999999999998
298,41571.0,0.8371220321858989,26.503448275862098,0,0,0,84352.29997792745,76371.0,6770.999999999998
299,41571.0,0.8371220321858989,26.441379310344857,0,0,0,84352.29997792745,76371.0,6770.999999999998
300,41571.0,0.8371220321858989,26.379310344827616,0,0,0,84352.29997792745,76371.0,6770.999999999998
301,41571.0,0.8371220321858989,26.317241379310374,0,0,0,84352.29997792745,76371.0,6770.999999999998
302,41571.0,0.8371220321858989,26.255172413793133,0,0,0,84352.29997792745,76371.0,6770.999999999998
303,41571.0,0.8371220321858989,26.19310344827589,0,0,0,84352.29997792745,76371.0,6770.999999999998
304,41571.0,0.8371220321858989,26.13103448275865,0,0,0,84352.29997792745,76371.0,6770.999999999998
305,41571.0,0.8371220321858989,26.06896551724141,0,0,0,84352.29997792745,76371.0,6770.999999999998
306,41571.0,0.8371220321858989,26.006896551724168,0,0,0,84352.29997792745,76371.0,6770.999999999998
307,41571.0,0.8371220321858989,25.944827586206927,0,0,0,84352.29997792745,76371.0,6770.999999999998
308,41571.0,0.8371220321858989,25.882758620689685,0,0,0,84352.29997792745,76371.0,6770.999999999998
309,41571.0,0.8371220321858989,25.820689655172444,0,0,0,84352.29997792745,76371.0,6770.999999999998
310,41571.0,0.8371220321858989,25.758620689655203,0,0,0,84352.29997792745,76371.0,6770.999999999998
311,41571.0,0.8371220321858989,25.69655172413796,0,0,0,84352.29997792745,76371.0,6770.999999999998
312,41571.0,0.8371220321858989,25.63448275862072,0,0,0,84352.29997792745,76371.0,6770.999999999998
313,41571.0,0.8371220321858989,25.57241379310348,0,0,0,84352.29997792745,76371.0,6770.999999999998
314,41571.0,0.8371220321858989,25.510344827586238,0,0,0,84352.29997792745,76371.0,6770.999999999998
315,41571.0,0.8371220321858989,25.448275862068996,0,0,0,84352.29997792745,76371.0,6770.999999999998
316,41571.0,0.8371220321858989,25.386206896551755,0,0,0,84352.29997792745,76371.0,6770.999999999998
317,41571.0,0.8371220321858989,25.324137931034514,0,0,0,84352.29997792745,76371.0,6770.999999999998
318,41571.0,0.8371220321858989,25.262068965517273,0,0,0,84352.29997792745,76371.0,6770.999999999998
319,41571.0,0.8371220321858989,25.20000000000003,0,0,0,84352.29997792745,76371.0,6770.999999999998
320,41571.0,0.8371220321858989,25.13793103448279,0,0,0,84352.29997792745,76371.0,6770.999999999998
321,41571.0,0.8371220321858989,25.07586206896555,0,0,0,84352.29997792745,76371.0,6770.999999999998
322,41571.0,0.8371220321858989,25.013793103448307,0,0,0,84352.29997792745,76371.0,6770.999999999998
323,41571.0,0.8371220321858989,24.951724137931066,0,0,0,84352.29997792745,76371.0,6770.999999999998
324,41571.0,0.8371220321858989,24.889655172413825,0,0,0,84352.29997792745,76371.0,6770.999999999998
325,41571.0,0.8371220321858989,24.827586206896584,0,0,0,84352.29997792745,76371.0,6770.999999999998
326,41571.0,0.8371220321858989,24.765517241379342,0,0,0,84352.29997792745,76371.0,6770.999999999998
327,41571.0,0.8371220321858989,24.7034482758621,0,0,0,84352.29997792745,76371.0,6770.999999999998
328,41571.0,0.8371220321858989,24.64137931034486,0,0,0,84352.29997792745,76371.0,6770.999999999998
329,41571.0,0.8371220321858989,24.57931034482762,0,0,0,84352.29997792745,76371.0,6770.999999999998
330,41571.0,0.8371220321858989,24.517241379310377,0,0,0,84352.29997792745,76371.0,6770.999999999998
331,41571.0,0.8371220321858989,24.455172413793136,0,0,0,84352.29997792745,76371.0,6770.999999999998
332,41571.0,0.8371220321858989,24.393103448275895,0,0,0,84352.29997792745,76371.0,6770.999999999998
333,41571.0,0.8371220321858989,24.331034482758653,0,0,0,84352.29997792745,76371.0,6770.999999999998
334,41571.0,0.8371220321858989,24.268965517241412,0,0,0,84352.29997792745,76371.0,6770.999999999998
335,41571.0,0.8371220321858989,24.20689655172417,0,0,0,84352.29997792745,76371.0,6770.999999999998
336,41571.0,0.8371220321858989,24.14482758620693,0,0,0,84352.29997792745,76371.0,6770.999999999998
337,41571.0,0.8371220321858989,24.082758620689688,0,0,0,84352.29997792745,76371.0,6770.999999999998
338,41571.0,0.8371220321858989,24.020689655172447,0,0,0,84352.29997792745,76371.0,6770.999999999998
339,41571.0,0.8371220321858989,23.958620689655206,0,0,0,84352.29997792745,76371.0,6770.999999999998
340,41571.0,0.8371220321858989,23.896551724137964,0,0,0,84352.29997792745,76371.0,6770.999999999998
341,41571.0,0.8371220321858989,23.834482758620723,0,0,0,84352.29997792745,76371.0,6770.999999999998
342,41571.0,0.8371220321858989,23.772413793103482,0,0,0,84352.29997792745,76371.0,6770.999999999998
343,41571.0,0.8371220321858989,23.71034482758624,0,0,0,84352.29997792745,76371.0,6770.999999999998
344,41571.0,0.8371220321858989,23.648275862069,0,0,0,84352.29997792745,76371.0,6770.999999999998
345,41571.0,0.8371220321858989,23.586206896551758,0,0,0,84352.29997792745,76371.0,6770.999999999998
346,41571.0,0.8371220321858989,23.524137931034517,0,0,0,84352.29997792745,76371.0,6770.999999999998
347,41571.0,0.8371220321858989,23.462068965517275,0,0,0,84352.29997792745,76371.0,6770.999999999998
348,41571.0,0.8371220321858989,23.400000000000034,0,0,0,84352.29997792745,76371.0,6770.999999999998
349,41571.0,0.8371220321858989,23.337931034482793,0,0,0,84352.29997792745,76371.0,6770.999999999998
350,41571.0,0.8371220321858989,23.27586206896555,0,0,0,84352.29997792745,76371.0,6770.999999999998
351,41571.0,0.8371220321858989,23.21379310344831,0,0,0,84352.29997792745,76371.0,6770.999999999998
352,41571.0,0.8371220321858989,23.15172413793107,0,0,0,84352.29997792745,76371.0,6770.999999999998
353,41571.0,0.8371220321858989,23.089655172413828,0,0,0,84352.29997792745,76371.0,6770.999999999998
354,41571.0,0.8371220321858989,23.027586206896586,0,0,0,84352.29997792745,76371.0,6770.999999999998
355,41571.0,0.8371220321858989,22.965517241379345,0,0,0,84352.29997792745,76371.0,6770.999999999998
356,41571.0,0.8371220321858989,22.903448275862104,0,0,0,84352.29997792745,76371.0,6770.999999999998
357,41571.0,0.8371220321858989,22.841379310344863,0,0,0,84352.29997792745,76371.0,6770.999999999998
358,41571.0,0.8371220321858989,22.77931034482762,0,0,0,84352.29997792745,76371.0,6770.999999999998
359,41571.0,0.8371220321858989,22.71724137931038,0,0,0,84352.29997792745,76371.0,6770.999999999998
360,41571.0,0.8371220321858989,22.65517241379314,0,0,0,84352.29997792745,76371.0,6770.999999999998
361,41571.0,0.8371220321858989,22.593103448275897,0,0,0,84352.29997792745,76371.0,6770.999999999998
362,41571.0,0.8371220321858989,22.531034482758656,0,0,0,84352.29997792745,76371.0,6770.999999999998
363,41571.0,0.8371220321858989,22.468965517241415,0,0,0,84352.29997792745,76371.0,6770.999999999998
364,41571.0,0.8371220321858989,22.406896551724174,0,0,0,84352.29997792745,76371.0,6770.999999999998
365,41571.0,0.8371220321858989,22.344827586206932,0,0,0,84352.29997792745,76371.0,6770.999999999998
366,41571.0,0.8371220321858989,22.28275862068969,0,0,0,84352.29997792745,76371.0,6770.999999999998
367,41571.0,0.8371220321858989,22.22068965517245,0,0,0,84352.29997792745,76371.0,6770.999999999998
368,41571.0,0.8371220321858989,22.15862068965521,0,0,0,84352.29997792745,76371.0,6770.999999999998
369,41571.0,0.8371220321858989,22.096551724137967,0,0,0,84352.29997792745,76371.0,6770.999999999998
370,41571.0,0.8371220321858989,22.034482758620726,0,0,0,84352.29997792745,76371.0,6770.999999999998
371,41571.0,0.8371220321858989,21.972413793103485,0,0,0,84352.29997792745,76371.0,6770.999999999998
372,41571.0,0.8371220321858989,21.910344827586243,0,0,0,84352.29997792745,76371.0,6770.999999999998
373,41571.0,0.8371220321858989,21.848275862069002,0,0,0,84352.29997792745,76371.0,6770.999999999998
374,41571.0,0.8371220321858989,21.78620689655176,0,0,0,84352.29997792745,76371.0,6770.999999999998
375,41571.0,0.8371220321858989,21.72413793103452,0,0,0,84352.29997792745,76371.0,6770.999999999998
376,41571.0,0.8371220321858989,21.66206896551728,0,0,0,84352.29997792745,76371.0,6770.999999999998
377,41571.0,0.8371220321858989,21.600000000000037,0,0,0,84352.29997792745,76371.0,6770.999999999998
378,41571.0,0.8371220321858989,21.537931034482796,0,0,0,84352.29997792745,76371.0,6770.999999999998
379,41571.0,0.8371220321858989,21.475862068965554,0,0,0,84352.29997792745,76371.0,6770.999999999998
380,41571.0,0.8371220321858989,21.413793103448313,0,0,0,84352.29997792745,76371.0,6770.999999999998
381,41571.0,0.8371220321858989,21.351724137931072,0,0,0,84352.29997792745,76371.0,6770.999999999998
382,41571.0,0.8371220321858989,21.28965517241383,0,0,0,84352.29997792745,76371.0,6770.999999999998
383,41571.0,0.8371220321858989,21.22758620689659,0,0,0,84352.29997792745,76371.0,6770.999999999998
384,41571.0,0.8371220321858989,21.165517241379348,0,0,0,84352.29997792745,76371.0,6770.999999999998
385,41571.0,0.8371220321858989,21.103448275862107,0,0,0,84352.29997792745,76371.0,6770.999999999998
386,41571.0,0.8371220321858989,21.041379310344865,0,0,0,84352.29997792745,76371.0,6770.999999999998
387,41571.0,0.8371220321858989,20.979310344827624,0,0,0,84352.29997792745,76371.0,6770.999999999998
388,41571.0,0.8371220321858989,20.917241379310383,0,0,0,84352.29997792745,76371.0,6770.999999999998
389,41571.0,0.8371220321858989,20.85517241379314,0,0,0,84352.29997792745,76371.0,6770.999999999998
390,41571.0,0.8371220321858989,20.7931034482759,0,0,0,84352.29997792745,76371.0,6770.999999999998
391,41571.0,0.8371220321858989,20.73103448275866,0,0,0,84352.29997792745,76371.0,6770.999999999998
392,41571.0,0.8371220321858989,20.668965517241418,0,0,0,84352.29997792745,76371.0,6770.999999999998
393,41571.0,0.8371220321858989,20.606896551724176,0,0,0,84352.29997792745,76371.0,6770.999999999998
394,41571.0,0.8371220321858989,20.544827586206935,0,0,0,84352.29997792745,76371.0,6770.999999999998
395,41571.0,0.8371220321858989,20.482758620689694,0,0,0,84352.29997792745,76371.0,6770.999999999998
396,41571.0,0.8371220321858989,20.420689655172453,0,0,0,84352.29997792745,76371.0,6770.999999999998
397,41571.0,0.8371220321858989,20.35862068965521,0,0,0,84352.29997792745,76371.0,6770.999999999998
398,41571.0,0.8371220321858989,20.29655172413797,0,0,0,84352.29997792745,76371.0,6770.999999999998
399,41571.0,0.8371220321858989,20.23448275862073,0,0,0,84352.29997792745,76371.0,6770.999999999998
400,41571.0,0.8371220321858989,20.172413793103487,0,0,0,84352.29997792745,76371.0,6770.999999999998
401,41571.0,0.8371220321858989,20.110344827586246,0,0,0,84352.29997792745,76371.0,6770.999999999998
402,41571.0,0.8371220321858989,20.048275862069005,0,0,0,84352.29997792745,76371.0,6770.999999999998
403,41571.0,0.8371220321858989,19.986206896551764,0,0,0,84352.29997792745,76371.0,6770.999999999998
404,41571.0,0.8371220321858989,19.924137931034522,0,0,0,84352.29997792745,76371.0,6770.999999999998
405,41571.0,0.8371220321858989,19.86206896551728,0,0,0,84352.29997792745,76371.0,6770.999999999998
406,41571.0,0.8371220321858989,19.80000000000004,0,0,0,84352.29997792745,76371.0,6770.999999999998
407,41571.0,0.8371220321858989,19.7379310344828,0,0,0,84352.29997792745,76371.0,6770.999999999998
408,41571.0,0.8371220321858989,19.675862068965557,0,0,0,84352.29997792745,76371.0,6770.999999999998
409,41571.0,0.8371220321858989,19.613793103448316,0,0,0,84352.29997792745,76371.0,6770.999999999998
410,41571.0,0.8371220321858989,19.551724137931075,0,0,0,84352.29997792745,76371.0,6770.999999999998
411,41571.0,0.8371220321858989,19.489655172413833,0,0,0,84352.29997792745,76371.0,6770.999999999998
412,41571.0,0.8371220321858989,19.427586206896592,0,0,0,84352.29997792745,76371.0,6770.999999999998
413,41571.0,0.8371220321858989,19.36551724137935,0,0,0,84352.29997792745,76371.0,6770.999999999998
414,41571.0,0.8371220321858989,19.30344827586211,0,0,0,84352.29997792745,76371.0,6770.999999999998
415,41571.0,0.8371220321858989,19.24137931034487,0,0,0,84352.29997792745,76371.0,6770.999999999998
416,41571.0,0.8371220321858989,19.179310344827627,0,0,0,84352.29997792745,76371.0,6770.999999999998
417,41571.0,0.8371220321858989,19.117241379310386,0,0,0,84352.29997792745,76371.0,6770.999999999998
418,41571.0,0.8371220321858989,19.055172413793144,0,0,0,84352.29997792745,76371.0,6770.999999999998
419,41571.0,0.8371220321858989,18.993103448275903,0,0,0,84352.29997792745,76371.0,6770.999999999998
420,41571.0,0.8371220321858989,18.931034482758662,0,0,0,84352.29997792745,76371.0,6770.999999999998
421,41571.0,0.8371220321858989,18.86896551724142,0,0,0,84352.29997792745,76371.0,6770.999999999998
422,41571.0,0.8371220321858989,18.80689655172418,0,0,0,84352.29997792745,76371.0,6770.999999999998
423,41571.0,0.8371220321858989,18.744827586206938,0,0,0,84352.29997792745,76371.0,6770.999999999998
424,41571.0,0.8371220321858989,18.682758620689697,0,0,0,84352.29997792745,76371.0,6770.999999999998
425,41571.0,0.8371220321858989,18.620689655172455,0,0,0,84352.29997792745,76371.0,6770.999999999998
426,41571.0,0.8371220321858989,18.558620689655214,0,0,0,84352.29997792745,76371.0,6770.999999999998
427,41571.0,0.8371220321858989,18.496551724137973,0,0,0,84352.29997792745,76371.0,6770.999999999998
428,41571.0,0.8371220321858989,18.43448275862073,0,0,0,84352.29997792745,76371.0,6770.999999999998
429,41571.0,0.8371220321858989,18.37241379310349,0,0,0,84352.29997792745,76371.0,6770.999999999998
430,41571.0,0.8371220321858989,18.31034482758625,0,0,0,84352.29997792745,76371.0,6770.999999999998
431,41571.0,0.8371220321858989,18.248275862069008,0,0,0,84352.29997792745,76371.0,6770.999999999998
432,41571.0,0.8371220321858989,18.186206896551766,0,0,0,84352.29997792745,76371.0,6770.999999999998
433,41571.0,0.8371220321858989,18.124137931034525,0,0,0,84352.29997792745,76371.0,6770.999999999998
434,41571.0,0.8371220321858989,18.062068965517284,0,0,0,84352.29997792745,76371.0,6770.999999999998
435,41571.0,0.8371220321858989,18.000000000000043,0,0,0,84352.29997792745,76371.0,6770.999999999998
436,41571.0,0.8371220321858989,17.9379310344828,0,0,0,84352.29997792745,76371.0,6770.999999999998
437,41571.0,0.8371220321858989,17.87586206896556,0,0,0,84352.29997792745,76371.0,6770.999999999998
438,41571.0,0.8371220321858989,17.81379310344832,0,0,0,84352.29997792745,76371.0,6770.999999999998
439,41571.0,0.8371220321858989,17.751724137931078,0,0,0,84352.29997792745,76371.0,6770.999999999998
440,41571.0,0.8371220321858989,17.689655172413836,0,0,0,84352.29997792745,76371.0,6770.999999999998
441,41571.0,0.8371220321858989,17.627586206896595,0,0,0,84352.29997792745,76371.0,6770.999999999998
442,41571.0,0.8371220321858989,17.565517241379354,0,0,0,84352.29997792745,76371.0,6770.999999999998
443,41571.0,0.8371220321858989,17.503448275862112,0,0,0,84352.29997792745,76371.0,6770.999999999998
444,41571.0,0.8371220321858989,17.44137931034487,0,0,0,84352.29997792745,76371.0,6770.999999999998
445,41571.0,0.8371220321858989,17.37931034482763,0,0,0,84352.29997792745,76371.0,6770.999999999998
446,41571.0,0.8371220321858989,17.31724137931039,0,0,0,84352.29997792745,76371.0,6770.999999999998
447,41571.0,0.8371220321858989,17.255172413793147,0,0,0,84352.29997792745,76371.0,6770.999999999998
448,41571.0,0.8371220321858989,17.193103448275906,0,0,0,84352.29997792745,76371.0,6770.999999999998
449,41571.0,0.8371220321858989,17.131034482758665,0,0,0,84352.29997792745,76371.0,6770.999999999998
450,41571.0,0.8371220321858989,17.068965517241423,0,0,0,84352.29997792745,76371.0,6770.999999999998
451,41571.0,0.8371220321858989,17.006896551724182,0,0,0,84352.29997792745,76371.0,6770.999999999998
452,41571.0,0.8371220321858989,16.94482758620694,0,0,0,84352.29997792745,76371.0,6770.999999999998
453,41571.0,0.8371220321858989,16.8827586206897,0,0,0,84352.29997792745,76371.0,6770.999999999998
454,41571.0,0.8371220321858989,16.82068965517246,0,0,0,84352.29997792745,76371.0,6770.999999999998
455,41571.0,0.8371220321858989,16.758620689655217,0,0,0,84352.29997792745,76371.0,6770.999999999998
456,41571.0,0.8371220321858989,16.696551724137976,0,0,0,84352.29997792745,76371.0,6770.999999999998
457,41571.0,0.8371220321858989,16.634482758620734,0,0,0,84352.29997792745,76371.0,6770.999999999998
458,41571.0,0.8371220321858989,16.572413793103493,0,0,0,84352.29997792745,76371.0,6770.999999999998
459,41571.0,0.8371220321858989,16.510344827586252,0,0,0,84352.29997792745,76371.0,6770.999999999998
460,41571.0,0.8371220321858989,16.44827586206901,0,0,0,84352.29997792745,76371.0,6770.999999999998
461,41571.0,0.8371220321858989,16.38620689655177,0,0,0,84352.29997792745,76371.0,6770.999999999998
462,41571.0,0.8371220321858989,16.324137931034528,0,0,0,84352.29997792745,76371.0,6770.999999999998
463,41571.0,0.8371220321858989,16.262068965517287,0,0,0,84352.29997792745,76371.0,6770.999999999998
464,41571.0,0.8371220321858989,16.200000000000045,0,0,0,84352.29997792745,76371.0,6770.999999999998
465,41571.0,0.8371220321858989,16.137931034482804,0,0,0,84352.29997792745,76371.0,6770.999999999998
466,41571.0,0.8371220321858989,16.075862068965563,0,0,0,84352.29997792745,76371.0,6770.999999999998
467,41571.0,0.8371220321858989,16.01379310344832,0,0,0,84352.29997792745,76371.0,6770.999999999998
468,41571.0,0.8371220321858989,15.95172413793108,0,0,0,84352.29997792745,76371.0,6770.999999999998
469,41571.0,0.8371220321858989,15.889655172413839,0,0,0,84352.29997792745,76371.0,6770.999999999998
470,41571.0,0.8371220321858989,15.827586206896598,0,0,0,84352.29997792745,76371.0,6770.999999999998
471,41571.0,0.8371220321858989,15.765517241379357,0,0,0,84352.29997792745,76371.0,6770.999999999998
472,41571.0,0.8371220321858989,15.703448275862115,0,0,0,84352.29997792745,76371.0,6770.999999999998
473,41571.0,0.8371220321858989,15.641379310344874,0,0,0,84352.29997792745,76371.0,6770.999999999998
474,41571.0,0.8371220321858989,15.579310344827633,0,0,0,84352.29997792745,76371.0,6770.999999999998
475,41571.0,0.8371220321858989,15.517241379310391,0,0,0,84352.29997792745,76371.0,6770.999999999998
476,41571.0,0.8371220321858989,15.45517241379315,0,0,0,84352.29997792745,76371.0,6770.999999999998
477,41571.0,0.8371220321858989,15.393103448275909,0,0,0,84352.29997792745,76371.0,6770.999999999998
478,41571.0,0.8371220321858989,15.331034482758668,0,0,0,84352.29997792745,76371.0,6770.999999999998
479,41571.0,0.8371220321858989,15.268965517241426,0,0,0,84352.29997792745,76371.0,6770.999999999998
480,41571.0,0.8371220321858989,15.206896551724185,0,0,0,84352.29997792745,76371.0,6770.999999999998
481,41571.0,0.8371220321858989,15.144827586206944,0,0,0,84352.29997792745,76371.0,6770.999999999998
482,41571.0,0.8371220321858989,15.082758620689702,0,0,0,84352.29997792745,76371.0,6770.999999999998
483,41571.0,0.8371220321858989,15.020689655172461,0,0,0,84352.29997792745,76371.0,6770.999999999998
484,41571.0,0.8371220321858989,14.95862068965522,0,0,0,84352.29997792745,76371.0,6770.999999999998
485,41571.0,0.8371220321858989,14.896551724137979,0,0,0,84352.29997792745,76371.0,6770.999999999998
486,41571.0,0.8371220321858989,14.834482758620737,0,0,0,84352.29997792745,76371.0,6770.999999999998
487,41571.0,0.8371220321858989,14.772413793103496,0,0,0,84352.29997792745,76371.0,6770.999999999998
488,41571.0,0.8371220321858989,14.710344827586255,0,0,0,84352.29997792745,76371.0,6770.999999999998
489,41571.0,0.8371220321858989,14.648275862069013,0,0,0,84352.29997792745,76371.0,6770.999999999998
490,41571.0,0.8371220321858989,14.586206896551772,0,0,0,84352.29997792745,76371.0,6770.999999999998
491,41571.0,0.8371220321858989,14.52413793103453,0,0,0,84352.29997792745,76371.0,6770.999999999998
492,41571.0,0.8371220321858989,14.46206896551729,0,0,0,84352.29997792745,76371.0,6770.999999999998
493,41571.0,0.8371220321858989,14.400000000000048,0,0,0,84352.29997792745,76371.0,6770.999999999998
494,41571.0,0.8371220321858989,14.337931034482807,0,0,0,84352.29997792745,76371.0,6770.999999999998
495,41571.0,0.8371220321858989,14.275862068965566,0,0,0,84352.29997792745,76371.0,6770.999999999998
496,41571.0,0.8371220321858989,14.213793103448324,0,0,0,84352.29997792745,76371.0,6770.999999999998
497,41571.0,0.8371220321858989,14.151724137931083,0,0,0,84352.29997792745,76371.0,6770.999999999998
498,41571.0,0.8371220321858989,14.089655172413842,0,0,0,84352.29997792745,76371.0,6770.999999999998
499,41571.0,0.8371220321858989,14.0275862068966,0,0,0,84352.29997792745,76371.0,6770.999999999998
500,41571.0,0.8371220321858989,13.96551724137936,0,0,0,84352.29997792745,76371.0,6770.999999999998
501,41571.0,0.8371220321858989,13.903448275862118,0,0,0,84352.29997792745,76371.0,6770.999999999998
502,41571.0,0.8371220321858989,13.841379310344877,0,0,0,84352.29997792745,76371.0,6770.999999999998
503,41571.0,0.8371220321858989,13.779310344827636,0,0,0,84352.29997792745,76371.0,6770.999999999998
504,41571.0,0.8371220321858989,13.717241379310394,0,0,0,84352.29997792745,76371.0,6770.999999999998
505,41571.0,0.8371220321858989,13.655172413793153,0,0,0,84352.29997792745,76371.0,6770.999999999998
506,41571.0,0.8371220321858989,13.593103448275912,0,0,0,84352.29997792745,76371.0,6770.999999999998
507,41571.0,0.8371220321858989,13.53103448275867,0,0,0,84352.29997792745,76371.0,6770.999999999998
508,41571.0,0.8371220321858989,13.468965517241429,0,0,0,84352.29997792745,76371.0,6770.999999999998
509,41571.0,0.8371220321858989,13.406896551724188,0,0,0,84352.29997792745,76371.0,6770.999999999998
510,41571.0,0.8371220321858989,13.344827586206947,0,0,0,84352.29997792745,76371.0,6770.999999999998
511,41571.0,0.8371220321858989,13.282758620689705,0,0,0,84352.29997792745,76371.0,6770.999999999998
512,41571.0,0.8371220321858989,13.220689655172464,0,0,0,84352.29997792745,76371.0,6770.999999999998
513,41571.0,0.8371220321858989,13.158620689655223,0,0,0,84352.29997792745,76371.0,6770.999999999998
514,41571.0,0.8371220321858989,13.096551724137981,0,0,0,84352.29997792745,76371.0,6770.999999999998
515,41571.0,0.8371220321858989,13.03448275862074,0,0,0,84352.29997792745,76371.0,6770.999999999998
516,41571.0,0.8371220321858989,12.972413793103499,0,0,0,84352.29997792745,76371.0,6770.999999999998
517,41571.0,0.8371220321858989,12.910344827586258,0,0,0,84352.29997792745,76371.0,6770.999999999998
518,41571.0,0.8371220321858989,12.848275862069016,0,0,0,84352.29997792745,76371.0,6770.999999999998
519,41571.0,0.8371220321858989,12.786206896551775,0,0,0,84352.29997792745,76371.0,6770.999999999998
520,41571.0,0.8371220321858989,12.724137931034534,0,0,0,84352.29997792745,76371.0,6770.999999999998
521,41571.0,0.8371220321858989,12.662068965517292,0,0,0,84352.29997792745,76371.0,6770.999999999998
522,41571.0,0.8371220321858989,12.600000000000051,0,0,0,84352.29997792745,76371.0,6770.999999999998
523,41571.0,0.8371220321858989,12.53793103448281,0,0,0,84352.29997792745,76371.0,6770.999999999998
524,41571.0,0.8371220321858989,12.475862068965569,0,0,0,84352.29997792745,76371.0,6770.999999999998
525,41571.0,0.8371220321858989,12.413793103448327,0,0,0,84352.29997792745,76371.0,6770.999999999998
526,41571.0,0.8371220321858989,12.351724137931086,0,0,0,84352.29997792745,76371.0,6770.999999999998
527,41571.0,0.8371220321858989,12.289655172413845,0,0,0,84352.29997792745,76371.0,6770.999999999998
528,41571.0,0.8371220321858989,12.227586206896603,0,0,0,84352.29997792745,76371.0,6770.999999999998
529,41571.0,0.8371220321858989,12.165517241379362,0,0,0,84352.29997792745,76371.0,6770.999999999998
530,41571.0,0.8371220321858989,12.103448275862121,0,0,0,84352.29997792745,76371.0,6770.999999999998
531,41571.0,0.8371220321858989,12.04137931034488,0,0,0,84352.29997792745,76371.0,6770.999999999998
532,41571.0,0.8371220321858989,11.979310344827638,0,0,0,84352.29997792745,76371.0,6770.999999999998
533,41571.0,0.8371220321858989,11.917241379310397,0,0,0,84352.29997792745,76371.0,6770.999999999998
534,41571.0,0.8371220321858989,11.855172413793156,0,0,0,84352.29997792745,76371.0,6770.999999999998
535,41571.0,0.8371220321858989,11.793103448275915,0,0,0,84352.29997792745,76371.0,6770.999999999998
536,41571.0,0.8371220321858989,11.731034482758673,0,0,0,84352.29997792745,76371.0,6770.999999999998
537,41571.0,0.8371220321858989,11.668965517241432,0,0,0,84352.29997792745,76371.0,6770.999999999998
538,41571.0,0.8371220321858989,11.60689655172419,0,0,0,84352.29997792745,76371.0,6770.999999999998
539,41571.0,0.8371220321858989,11.54482758620695,0,0,0,84352.29997792745,76371.0,6770.999999999998
540,41571.0,0.8371220321858989,11.482758620689708,0,0,0,84352.29997792745,76371.0,6770.999999999998
541,41571.0,0.8371220321858989,11.420689655172467,0,0,0,84352.29997792745,76371.0,6770.999999999998
542,41571.0,0.8371220321858989,11.358620689655226,0,0,0,84352.29997792745,76371.0,6770.999999999998
543,41571.0,0.8371220321858989,11.296551724137984,0,0,0,84352.29997792745,76371.0,6770.999999999998
544,41571.0,0.8371220321858989,11.234482758620743,0,0,0,84352.29997792745,76371.0,6770.999999999998
545,41571.0,0.8371220321858989,11.172413793103502,0,0,0,84352.29997792745,76371.0,6770.999999999998
546,41571.0,0.8371220321858989,11.11034482758626,0,0,0,84352.29997792745,76371.0,6770.999999999998
547,41571.0,0.8371220321858989,11.04827586206902,0,0,0,84352.29997792745,76371.0,6770.999999999998
548,41571.0,0.8371220321858989,10.986206896551778,0,0,0,84352.29997792745,76371.0,6770.999999999998
549,41571.0,0.8371220321858989,10.924137931034537,0,0,0,84352.29997792745,76371.0,6770.999999999998
550,41571.0,0.8371220321858989,10.862068965517295,0,0,0,84352.29997792745,76371.0,6770.999999999998
551,41571.0,0.8371220321858989,10.800000000000054,0,0,0,84352.29997792745,76371.0,6770.999999999998
552,41571.0,0.8371220321858989,10.737931034482813,0,0,0,84352.29997792745,76371.0,6770.999999999998
553,41571.0,0.8371220321858989,10.675862068965571,0,0,0,84352.29997792745,76371.0,6770.999999999998
554,41571.0,0.8371220321858989,10.61379310344833,0,0,0,84352.29997792745,76371.0,6770.999999999998
555,41571.0,0.8371220321858989,10.551724137931089,0,0,0,84352.29997792745,76371.0,6770.999999999998
556,41571.0,0.8371220321858989,10.489655172413848,0,0,0,84352.29997792745,76371.0,6770.999999999998
557,41571.0,0.8371220321858989,10.427586206896606,0,0,0,84352.29997792745,76371.0,6770.999999999998
558,41571.0,0.8371220321858989,10.365517241379365,0,0,0,84352.29997792745,76371.0,6770.999999999998
559,41571.0,0.8371220321858989,10.303448275862124,0,0,0,84352.29997792745,76371.0,6770.999999999998
560,41571.0,0.8371220321858989,10.241379310344882,0,0,0,84352.29997792745,76371.0,6770.999999999998
561,41571.0,0.8371220321858989,10.179310344827641,0,0,0,84352.29997792745,76371.0,6770.999999999998
562,41571.0,0.8371220321858989,10.1172413793104,0,0,0,84352.29997792745,76371.0,6770.999999999998
563,41571.0,0.8371220321858989,10.055172413793159,0,0,0,84352.29997792745,76371.0,6770.999999999998
564,41571.0,0.8371220321858989,9.993103448275917,0,0,0,84352.29997792745,76371.0,6770.999999999998
565,41571.0,0.8371220321858989,9.931034482758676,0,0,0,84352.29997792745,76371.0,6770.999999999998
566,41571.0,0.8371220321858989,9.868965517241435,0,0,0,84352.29997792745,76371.0,6770.999999999998
567,41571.0,0.8371220321858989,9.806896551724194,0,0,0,84352.29997792745,76371.0,6770.999999999998
568,41571.0,0.8371220321858989,9.744827586206952,0,0,0,84352.29997792745,76371.0,6770.999999999998
569,41571.0,0.8371220321858989,9.682758620689711,0,0,0,84352.29997792745,76371.0,6770.999999999998
570,41571.0,0.8371220321858989,9.62068965517247,0,0,0,84352.29997792745,76371.0,6770.999999999998
571,41571.0,0.8371220321858989,9.558620689655228,0,0,0,84352.29997792745,76371.0,6770.999999999998
572,41571.0,0.8371220321858989,9.496551724137987,0,0,0,84352.29997792745,76371.0,6770.999999999998
573,41571.0,0.8371220321858989,9.434482758620746,0,0,0,84352.29997792745,76371.0,6770.999999999998
574,41571.0,0.8371220321858989,9.372413793103505,0,0,0,84352.29997792745,76371.0,6770.999999999998
575,41571.0,0.8371220321858989,9.310344827586263,0,0,0,84352.29997792745,76371.0,6770.999999999998
576,41571.0,0.8371220321858989,9.248275862069022,0,0,0,84352.29997792745,76371.0,6770.999999999998
577,41571.0,0.8371220321858989,9.18620689655178,0,0,0,84352.29997792745,76371.0,6770.999999999998
578,41571.0,0.8371220321858989,9.12413793103454,0,0,0,84352.29997792745,76371.0,6770.999999999998
579,41571.0,0.8371220321858989,9.062068965517298,0,0,0,84352.29997792745,76371.0,6770.999999999998
580,41571.0,0.8371220321858989,9.000000000000057,0,0,0,84352.29997792745,76371.0,6770.999999999998
581,41571.0,0.8371220321858989,8.937931034482816,0,0,0,84352.29997792745,76371.0,6770.999999999998
582,41571.0,0.8371220321858989,8.875862068965574,0,0,0,84352.29997792745,76371.0,6770.999999999998
583,41571.0,0.8371220321858989,8.813793103448333,0,0,0,84352.29997792745,76371.0,6770.999999999998
584,41571.0,0.8371220321858989,8.751724137931092,0,0,0,84352.29997792745,76371.0,6770.999999999998
585,41571.0,0.8371220321858989,8.68965517241385,0,0,0,84352.29997792745,76371.0,6770.999999999998
586,41571.0,0.8371220321858989,8.62758620689661,0,0,0,84352.29997792745,76371.0,6770.999999999998
587,41571.0,0.8371220321858989,8.565517241379368,0,0,0,84352.29997792745,76371.0,6770.999999999998
588,41571.0,0.8371220321858989,8.503448275862127,0,0,0,84352.29997792745,76371.0,6770.999999999998
589,41571.0,0.8371220321858989,8.441379310344885,0,0,0,84352.29997792745,76371.0,6770.999999999998
590,41571.0,0.8371220321858989,8.379310344827644,0,0,0,84352.29997792745,76371.0,6770.999999999998
591,41571.0,0.8371220321858989,8.317241379310403,0,0,0,84352.29997792745,76371.0,6770.999999999998
592,41571.0,0.8371220321858989,8.255172413793161,0,0,0,84352.29997792745,76371.0,6770.999999999998
593,41571.0,0.8371220321858989,8.19310344827592,0,0,0,84352.29997792745,76371.0,6770.999999999998
594,41571.0,0.8371220321858989,8.131034482758679,0,0,0,84352.29997792745,76371.0,6770.999999999998
595,41571.0,0.8371220321858989,8.068965517241438,0,0,0,84352.29997792745,76371.0,6770.999999999998
596,41571.0,0.8371220321858989,8.006896551724196,0,0,0,84352.29997792745,76371.0,6770.999999999998
597,41571.0,0.8371220321858989,7.944827586206955,0,0,0,84352.29997792745,76371.0,6770.999999999998
598,41571.0,0.8371220321858989,7.882758620689714,0,0,0,84352.29997792745,76371.0,6770.999999999998
599,41571.0,0.8371220321858989,7.8206896551724725,0,0,0,84352.29997792745,76371.0,6770.999999999998
600,41571.0,0.8371220321858989,7.758620689655231,0,0,0,84352.29997792745,76371.0,6770.999999999998
601,41571.0,0.8371220321858989,7.69655172413799,0,0,0,84352.29997792745,76371.0,6770.999999999998
602,41571.0,0.8371220321858989,7.634482758620749,0,0,0,84352.29997792745,76371.0,6770.999999999998
603,41571.0,0.8371220321858989,7.572413793103507,0,0,0,84352.29997792745,76371.0,6770.999999999998
604,41571.0,0.8371220321858989,7.510344827586266,0,0,0,84352.29997792745,76371.0,6770.999999999998
605,41571.0,0.8371220321858989,7.448275862069025,0,0,0,84352.29997792745,76371.0,6770.999999999998
606,41571.0,0.8371220321858989,7.3862068965517835,0,0,0,84352.29997792745,76371.0,6770.999999999998
607,41571.0,0.8371220321858989,7.324137931034542,0,0,0,84352.29997792745,76371.0,6770.999999999998
608,41571.0,0.8371220321858989,7.262068965517301,0,0,0,84352.29997792745,76371.0,6770.999999999998
609,41571.0,0.8371220321858989,7.20000000000006,0,0,0,84352.29997792745,76371.0,6770.999999999998
610,41571.0,0.8371220321858989,7.137931034482818,0,0,0,84352.29997792745,76371.0,6770.999999999998
611,41571.0,0.8371220321858989,7.075862068965577,0,0,0,84352.29997792745,76371.0,6770.999999999998
612,41571.0,0.8371220321858989,7.013793103448336,0,0,0,84352.29997792745,76371.0,6770.999999999998
613,41571.0,0.8371220321858989,6.951724137931095,0,0,0,84352.29997792745,76371.0,6770.999999999998
614,41571.0,0.8371220321858989,6.889655172413853,0,0,0,84352.29997792745,76371.0,6770.999999999998
615,41571.0,0.8371220321858989,6.827586206896612,0,0,0,84352.29997792745,76371.0,6770.999999999998
616,41571.0,0.8371220321858989,6.765517241379371,0,0,0,84352.29997792745,76371.0,6770.999999999998
617,41571.0,0.8371220321858989,6.703448275862129,0,0,0,84352.29997792745,76371.0,6770.999999999998
618,41571.0,0.8371220321858989,6.641379310344888,0,0,0,84352.29997792745,76371.0,6770.999999999998
619,41571.0,0.8371220321858989,6.579310344827647,0,0,0,84352.29997792745,76371.0,6770.999999999998
620,41571.0,0.8371220321858989,6.517241379310406,0,0,0,84352.29997792745,76371.0,6770.999999999998
621,41571.0,0.8371220321858989,6.455172413793164,0,0,0,84352.29997792745,76371.0,6770.999999999998
622,41571.0,0.8371220321858989,6.393103448275923,0,0,0,84352.29997792745,76371.0,6770.999999999998
623,41571.0,0.8371220321858989,6.331034482758682,0,0,0,84352.29997792745,76371.0,6770.999999999998
624,41571.0,0.8371220321858989,6.2689655172414405,0,0,0,84352.29997792745,76371.0,6770.999999999998
625,41571.0,0.8371220321858989,6.206896551724199,0,0,0,84352.29997792745,76371.0,6770.999999999998
626,41571.0,0.8371220321858989,6.144827586206958,0,0,0,84352.29997792745,76371.0,6770.999999999998
627,41571.0,0.8371220321858989,6.082758620689717,0,0,0,84352.29997792745,76371.0,6770.999999999998
628,41571.0,0.8371220321858989,6.020689655172475,0,0,0,84352.29997792745,76371.0,6770.999999999998
629,41571.0,0.8371220321858989,5.958620689655234,0,0,0,84352.29997792745,76371.0,6770.999999999998
630,41571.0,0.8371220321858989,5.896551724137993,0,0,0,84352.29997792745,76371.0,6770.999999999998
631,41571.0,0.8371220321858989,5.8344827586207515,0,0,0,84352.29997792745,76371.0,6770.999999999998
632,41571.0,0.8371220321858989,5.77241379310351,0,0,0,84352.29997792745,76371.0,6770.999999999998
633,41571.0,0.8371220321858989,5.710344827586269,0,0,0,84352.29997792745,76371.0,6770.999999999998
634,41571.0,0.8371220321858989,5.648275862069028,0,0,0,84352.29997792745,76371.0,6770.999999999998
635,41571.0,0.8371220321858989,5.586206896551786,0,0,0,84352.29997792745,76371.0,6770.999999999998
636,41571.0,0.8371220321858989,5.524137931034545,0,0,0,84352.29997792745,76371.0,6770.999999999998
637,41571.0,0.8371220321858989,5.462068965517304,0,0,0,84352.29997792745,76371.0,6770.999999999998
638,41571.0,0.8371220321858989,5.4000000000000625,0,0,0,84352.29997792745,76371.0,6770.999999999998
639,41571.0,0.8371220321858989,5.337931034482821,0,0,0,84352.29997792745,76371.0,6770.999999999998
640,41571.0,0.8371220321858989,5.27586206896558,0,0,0,84352.29997792745,76371.0,6770.999999999998
641,41571.0,0.8371220321858989,5.213793103448339,0,0,0,84352.29997792745,76371.0,6770.999999999998
642,41571.0,0.8371220321858989,5.151724137931097,0,0,0,84352.29997792745,76371.0,6770.999999999998
643,41571.0,0.8371220321858989,5.089655172413856,0,0,0,84352.29997792745,76371.0,6770.999999999998
644,41571.0,0.8371220321858989,5.027586206896615,0,0,0,84352.29997792745,76371.0,6770.999999999998
645,41571.0,0.8371220321858989,4.965517241379374,0,0,0,84352.29997792745,76371.0,6770.999999999998
646,41571.0,0.8371220321858989,4.903448275862132,0,0,0,84352.29997792745,76371.0,6770.999999999998
647,41571.0,0.8371220321858989,4.841379310344891,0,0,0,84352.29997792745,76371.0,6770.999999999998
648,41571.0,0.8371220321858989,4.77931034482765,0,0,0,84352.29997792745,76371.0,6770.999999999998
649,41571.0,0.8371220321858989,4.717241379310408,0,0,0,84352.29997792745,76371.0,6770.999999999998
650,41571.0,0.8371220321858989,4.655172413793167,0,0,0,84352.29997792745,76371.0,6770.999999999998
651,41571.0,0.8371220321858989,4.593103448275926,0,0,0,84352.29997792745,76371.0,6770.999999999998
652,41571.0,0.8371220321858989,4.531034482758685,0,0,0,84352.29997792745,76371.0,6770.999999999998
653,41571.0,0.8371220321858989,4.468965517241443,0,0,0,84352.29997792745,76371.0,6770.999999999998
654,41571.0,0.8371220321858989,4.406896551724202,0,0,0,84352.29997792745,76371.0,6770.999999999998
655,41571.0,0.8371220321858989,4.344827586206961,0,0,0,84352.29997792745,76371.0,6770.999999999998
656,41571.0,0.8371220321858989,4.2827586206897195,0,0,0,84352.29997792745,76371.0,6770.999999999998
657,41571.0,0.8371220321858989,4.220689655172478,0,0,0,84352.29997792745,76371.0,6770.999999999998
658,41571.0,0.8371220321858989,4.158620689655237,0,0,0,84352.29997792745,76371.0,6770.999999999998
659,41571.0,0.8371220321858989,4.096551724137996,0,0,0,84352.29997792745,76371.0,6770.999999999998
660,41571.0,0.8371220321858989,4.034482758620754,0,0,0,84352.29997792745,76371.0,6770.999999999998
661,41571.0,0.8371220321858989,3.972413793103513,0,0,0,84352.29997792745,76371.0,6770.999999999998
662,41571.0,0.8371220321858989,3.9103448275862718,0,0,0,84352.29997792745,76371.0,6770.999999999998
663,41571.0,0.8371220321858989,3.8482758620690305,0,0,0,84352.29997792745,76371.0,6770.999999999998
664,41571.0,0.8371220321858989,3.786206896551789,0,0,0,84352.29997792745,76371.0,6770.999999999998
665,41571.0,0.8371220321858989,3.724137931034548,0,0,0,84352.29997792745,76371.0,6770.999999999998
666,41571.0,0.8371220321858989,3.6620689655173067,0,0,0,84352.29997792745,76371.0,6770.999999999998
667,41571.0,0.8371220321858989,3.6000000000000654,0,0,0,84352.29997792745,76371.0,6770.999999999998
668,41571.0,0.8371220321858989,3.537931034482824,0,0,0,84352.29997792745,76371.0,6770.999999999998
669,41571.0,0.8371220321858989,3.475862068965583,0,0,0,84352.29997792745,76371.0,6770.999999999998
670,41571.0,0.8371220321858989,3.4137931034483415,0,0,0,84352.29997792745,76371.0,6770.999999999998
671,41571.0,0.8371220321858989,3.3517241379311002,0,0,0,84352.29997792745,76371.0,6770.999999999998
672,41571.0,0.8371220321858989,3.289655172413859,0,0,0,84352.29997792745,76371.0,6770.999999999998
673,41571.0,0.8371220321858989,3.2275862068966177,0,0,0,84352.29997792745,76371.0,6770.999999999998
674,41571.0,0.8371220321858989,3.1655172413793764,0,0,0,84352.29997792745,76371.0,6770.999999999998
675,41571.0,0.8371220321858989,3.103448275862135,0,0,0,84352.29997792745,76371.0,6770.999999999998
676,41571.0,0.8371220321858989,3.041379310344894,0,0,0,84352.29997792745,76371.0,6770.999999999998
677,41571.0,0.8371220321858989,2.9793103448276526,0,0,0,84352.29997792745,76371.0,6770.999999999998
678,41571.0,0.8371220321858989,2.9172413793104113,0,0,0,84352.29997792745,76371.0,6770.999999999998
679,41571.0,0.8371220321858989,2.85517241379317,0,0,0,84352.29997792745,76371.0,6770.999999999998
680,41571.0,0.8371220321858989,2.7931034482759287,0,0,0,84352.29997792745,76371.0,6770.999999999998
681,41571.0,0.8371220321858989,2.7310344827586874,0,0,0,84352.29997792745,76371.0,6770.999999999998
682,41571.0,0.8371220321858989,2.668965517241446,0,0,0,84352.29997792745,76371.0,6770.999999999998
683,41571.0,0.8371220321858989,2.606896551724205,0,0,0,84352.29997792745,76371.0,6770.999999999998
684,41571.0,0.8371220321858989,2.5448275862069636,0,0,0,84352.29997792745,76371.0,6770.999999999998
685,41571.0,0.8371220321858989,2.4827586206897223,0,0,0,84352.29997792745,76371.0,6770.999999999998
686,41571.0,0.8371220321858989,2.420689655172481,0,0,0,84352.29997792745,76371.0,6770.999999999998
687,41571.0,0.8371220321858989,2.3586206896552397,0,0,0,84352.29997792745,76371.0,6770.999999999998
688,41571.0,0.8371220321858989,2.2965517241379985,0,0,0,84352.29997792745,76371.0,6770.999999999998
689,41571.0,0.8371220321858989,2.234482758620757,0,0,0,84352.29997792745,76371.0,6770.999999999998
690,41571.0,0.8371220321858989,2.172413793103516,0,0,0,84352.29997792745,76371.0,6770.999999999998
691,41571.0,0.8371220321858989,2.1103448275862746,0,0,0,84352.29997792745,76371.0,6770.999999999998
692,41571.0,0.8371220321858989,2.0482758620690333,0,0,0,84352.29997792745,76371.0,6770.999999999998
693,41571.0,0.8371220321858989,1.986206896551792,0,0,0,84352.29997792745,76371.0,6770.999999999998
694,41571.0,0.8371220321858989,1.9241379310345508,0,0,0,84352.29997792745,76371.0,6770.999999999998
695,41571.0,0.8371220321858989,1.8620689655173095,0,0,0,84352.29997792745,76371.0,6770.999999999998
696,41571.0,0.8371220321858989,1.8000000000000682,0,0,0,84352.29997792745,76371.0,6770.999999999998
697,41571.0,0.8371220321858989,1.737931034482827,0,0,0,84352.29997792745,76371.0,6770.999999999998
698,41571.0,0.8371220321858989,1.6758620689655856,0,0,0,84352.29997792745,76371.0,6770.999999999998
699,41571.0,0.8371220321858989,1.6137931034483444,0,0,0,84352.29997792745,76371.0,6770.999999999998
700,41571.0,0.8371220321858989,1.551724137931103,0,0,0,84352.29997792745,76371.0,6770.999999999998
701,41571.0,0.8371220321858989,1.4896551724138618,0,0,0,84352.29997792745,76371.0,6770.999999999998
702,41571.0,0.8371220321858989,1.4275862068966205,0,0,0,84352.29997792745,76371.0,6770.999999999998
703,41571.0,0.8371220321858989,1.3655172413793792,0,0,0,84352.29997792745,76371.0,6770.999999999998
704,41571.0,0.8371220321858989,1.303448275862138,0,0,0,84352.29997792745,76371.0,6770.999999999998
705,41571.0,0.8371220321858989,1.2413793103448967,0,0,0,84352.29997792745,76371.0,6770.999999999998
706,41571.0,0.8371220321858989,1.1793103448276554,0,0,0,84352.29997792745,76371.0,6770.999999999998
707,41571.0,0.8371220321858989,1.1172413793104141,0,0,0,84352.29997792745,76371.0,6770.999999999998
708,41571.0,0.8371220321858989,1.0551724137931728,0,0,0,84352.29997792745,76371.0,6770.999999999998
709,41571.0,0.8371220321858989,0.9931034482759314,0,0,0,84352.29997792745,76371.0,6770.999999999998
710,41571.0,0.8371220321858989,0.93103448275869,0,0,0,84352.29997792745,76371.0,6770.999999999998
711,41571.0,0.8371220321858989,0.8689655172414487,0,0,0,84352.29997792745,76371.0,6770.999999999998
712,41571.0,0.8371220321858989,0.8068965517242073,0,0,0,84352.29997792745,76371.0,6770.999999999998
713,41571.0,0.8371220321858989,0.7448275862069659,0,0,0,84352.29997792745,76371.0,6770.999999999998
714,41571.0,0.8371220321858989,0.6827586206897245,0,0,0,84352.29997792745,76371.0,6770.999999999998
715,41571.0,0.8371220321858989,0.6206896551724831,0,0,0,84352.29997792745,76371.0,6770.999999999998
716,41571.0,0.8371220321858989,0.5586206896552417,0,0,0,84352.29997792745,76371.0,6770.999999999998
717,41571.0,0.8371220321858989,0.4965517241380003,0,0,0,84352.29997792745,76371.0,6770.999999999998
718,41571.0,0.8371220321858989,0.4344827586207589,0,0,0,84352.29997792745,76371.0,6770.999999999998
719,41571.0,0.8371220321858989,0.3724137931035175,0,0,0,84352.29997792745,76371.0,6770.999999999998
720,41571.0,0.8371220321858989,0.31034482758627613,0,0,0,84352.29997792745,76371.0,6770.999999999998
721,41571.0,0.8371220321858989,0.24827586206903474,0,0,0,84352.29997792745,76371.0,6770.999999999998
722,41571.0,0.8371220321858989,0.18620689655179334,0,0,0,84352.29997792745,76371.0,6770.999999999998
723,41571.0,0.8371220321858989,0.12413793103455197,0,0,0,84352.29997792745,76371.0,6770.999999999998
724,41571.0,0.8371220321858989,0.06206896551731059,0,0,0,84352.29997792745,76371.0,6770.999999999998
725,41571.0,0.8371220321858989,6.92085277975707e-14,0,0,0,84352.29997792745,76371.0,6770.999999999998
726,41579.00070488519,0.8367685299138763,6.92085277975707e-14,0,0,0,84376.65266353817,76371.0,6787.001409770383
727,41587.01316774407,0.8364146444456668,6.92085277975707e-14,0,0,0,84401.04348654882,76371.0,6803.02633548815
728,41595.03740039214,0.8360603757812708,6.92085277975707e-14,0,0,0,84425.47249305101,76371.0,6819.074800784274
729,41603.073414668725,0.8357057239206884,6.92085277975707e-14,0,0,0,84449.93972923605,76371.0,6835.146829337451
730,41611.12122243712,0.8353506888639188,6.92085277975707e-14,0,0,0,84474.4452413954,76371.0,6851.2424448742395
731,41619.180835584506,0.8349952706109631,6.92085277975707e-14,0,0,0,84498.98907592059,76371.0,6867.361671169011
732,41627.252266022115,0.8346394691618204,6.92085277975707e-14,0,0,0,84523.57127930372,76371.0,6883.504532044231
733,41635.3355256852,0.8342832845164911,6.92085277975707e-14,0,0,0,84548.19189813756,76371.0,6899.671051370403
734,41643.43062653312,0.8339267166749755,6.92085277975707e-14,0,0,0,84572.85097911573,76371.0,6915.861253066236
735,41651.53758054938,0.8335697656372729,6.92085277975707e-14,0,0,0,84597.54856903305,76371.0,6932.075161098768
736,41659.656399741696,0.8332124314033835,6.92085277975707e-14,0,0,0,84622.2847147857,76371.0,6948.31279948339
737,41667.78709614198,0.8328547139733078,6.92085277975707e-14,0,0,0,84647.0594633713,76371.0,6964.574192283966
738,41675.92968180649,0.8324966133470453,6.92085277975707e-14,0,0,0,84671.8728618895,76371.0,6980.859363612984
739,41684.084168815796,0.832138129524596,6.92085277975707e-14,0,0,0,84696.7249575418,76371.0,6997.168337631596
740,41692.25056927485,0.8317792625059606,6.92085277975707e-14,0,0,0,84721.61579763207,76371.0,7013.501138549701
741,41700.42889531308,0.8314200122911377,6.92085277975707e-14,0,0,0,84746.54542956666,76371.0,7029.857790626165
742,41708.61915908436,0.8310603788801287,6.92085277975707e-14,0,0,0,84771.5139008546,76371.0,7046.2383181687155
743,41716.82137276712,0.8307003622729332,6.92085277975707e-14,0,0,0,84796.52125910787,76371.0,7062.64274553423
744,41725.03554856438,0.8303399624695507,6.92085277975707e-14,0,0,0,84821.56755204174,76371.0,7079.071097128765
745,41733.26169870381,0.8299791794699813,6.92085277975707e-14,0,0,0,84846.65282747481,76371.0,7095.523397407623
746,41741.49983543773,0.8296180132742257,6.92085277975707e-14,0,0,0,84871.7771333293,76371.0,7111.9996708754625
747,41749.74997104323,0.8292564638822832,6.92085277975707e-14,0,0,0,84896.94051763137,76371.0,7128.499942086464
748,41758.012117822174,0.8288945312941542,6.92085277975707e-14,0,0,0,84922.14302851129,76371.0,7145.02423564435
749,41766.28628810127,0.8285322155098385,6.92085277975707e-14,0,0,0,84947.38471420365,76371.0,7161.572576202538
750,41774.572494232096,0.8281695165293363,6.92085277975707e-14,0,0,0,84972.66562304764,76371.0,7178.144988464189
751,41782.870748591195,0.8278064343526474,6.92085277975707e-14,0,0,0,84997.98580348729,76371.0,7194.741497182385
752,41791.18106358009,0.8274429689797715,6.92085277975707e-14,0,0,0,85023.34530407168,76371.0,7211.362127160173
753,41799.50345162532,0.8270791204107093,6.92085277975707e-14,0,0,0,85048.74417345512,76371.0,7228.0069032506435
754,41807.83792517855,0.8267148886454605,6.92085277975707e-14,0,0,0,85074.18246039755,76371.0,7244.675850357105
755,41816.18449671658,0.8263502736840247,6.92085277975707e-14,0,0,0,85099.66021376464,76371.0,7261.368993433164
756,41824.54317874138,0.8259852755264023,6.92085277975707e-14,0,0,0,85125.177482528,76371.0,7278.086357482771
757,41832.91398378019,0.8256198941725934,6.92085277975707e-14,0,0,0,85150.7343157656,76371.0,7294.827967560387
758,41841.29692438553,0.8252541296225979,6.92085277975707e-14,0,0,0,85176.33076266183,76371.0,7311.593848771066
759,41849.69201313528,0.8248879818764159,6.92085277975707e-14,0,0,0,85201.96687250784,76371.0,7328.384026270559
760,41858.09926263271,0.824521450934047,6.92085277975707e-14,0,0,0,85227.6426947017,76371.0,7345.198525265424
761,41866.518685506555,0.8241545367954914,6.92085277975707e-14,0,0,0,85253.35827874878,76371.0,7362.0373710131125
762,41874.95029441104,0.823787239460749,6.92085277975707e-14,0,0,0,85279.11367426187,76371.0,7378.900588822089
763,41883.39410202595,0.8234195589298203,6.92085277975707e-14,0,0,0,85304.9089309614,76371.0,7395.788204051904
764,41891.85012105668,0.8230514952027048,6.92085277975707e-14,0,0,0,85330.74409867586,76371.0,7412.700242113369
765,41900.31836423429,0.8226830482794028,6.92085277975707e-14,0,0,0,85356.61922734183,76371.0,7429.636728468587
766,41908.79884431555,0.8223142181599141,6.92085277975707e-14,0,0,0,85382.53436700438,76371.0,7446.5976886310955
767,41917.291574083,0.8219450048442383,6.92085277975707e-14,0,0,0,85408.4895678173,76371.0,7463.583148166001
768,41925.79656634498,0.8215754083323763,6.92085277975707e-14,0,0,0,85434.48488004321,76371.0,7480.593132689963
769,41934.31383393573,0.8212054286243278,6.92085277975707e-14,0,0,0,85460.520354054,76371.0,7497.627667871461
770,41942.84338971541,0.8208350657200925,6.92085277975707e-14,0,0,0,85486.59604033096,76371.0,7514.6867794308155
771,41951.38524657015,0.8204643196196704,6.92085277975707e-14,0,0,0,85512.71198946508,76371.0,7531.770493140294
772,41959.93941741211,0.8200931903230617,6.92085277975707e-14,0,0,0,85538.86825215723,76371.0,7548.8788348242215
773,41968.505915179565,0.8197216778302661,6.92085277975707e-14,0,0,0,85565.06487921857,76371.0,7566.011830359126
774,41977.08475283688,0.8193497821412841,6.92085277975707e-14,0,0,0,85591.30192157051,76371.0,7583.169505673766
775,41985.67594337466,0.8189775032561155,6.92085277975707e-14,0,0,0,85617.57943024531,76371.0,7600.351886749329
776,41994.27949980975,0.8186048411747602,6.92085277975707e-14,0,0,0,85643.89745638616,76371.0,7617.558999619503
777,42002.89543518528,0.8182317958972181,6.92085277975707e-14,0,0,0,85670.25605124736,76371.0,7634.790870370566
778,42011.52376257075,0.8178583674234894,6.92085277975707e-14,0,0,0,85696.65526619472,76371.0,7652.047525141506
779,42020.164495062076,0.8174845557535739,6.92085277975707e-14,0,0,0,85723.09515270573,76371.0,7669.328990124155
780,42028.817645781615,0.8171103608874724,6.92085277975707e-14,0,0,0,85749.57576236982,76371.0,7686.635291563233
781,42037.48322787829,0.8167357828251838,6.92085277975707e-14,0,0,0,85776.09714688874,76371.0,7703.966455756582
782,42046.16125452757,0.8163608215667084,6.92085277975707e-14,0,0,0,85802.6593580766,76371.0,7721.32250905514
783,42054.85173893155,0.8159854771120467,6.92085277975707e-14,0,0,0,85829.26244786031,76371.0,7738.703477863102
784,42063.55469431905,0.8156097494611978,6.92085277975707e-14,0,0,0,85855.90646827979,76371.0,7756.109388638099
785,42072.270133945574,0.815233638614163,6.92085277975707e-14,0,0,0,85882.59147148812,76371.0,7773.540267891146
786,42080.99807109349,0.8148571445709407,6.92085277975707e-14,0,0,0,85909.31750975207,76371.0,7790.996142186985
787,42089.738519071965,0.8144802673315326,6.92085277975707e-14,0,0,0,85936.08463545196,76371.0,7808.4770381439275
788,42098.491491217115,0.8141030068959374,6.92085277975707e-14,0,0,0,85962.89290108238,76371.0,7825.982982434226
789,42107.257000892,0.8137253632641555,6.92085277975707e-14,0,0,0,85989.7423592521,76371.0,7843.514001784005
790,42116.03506148671,0.8133473364361872,6.92085277975707e-14,0,0,0,86016.63306268443,76371.0,7861.070122973424
791,42124.82568641843,0.8129689264120319,6.92085277975707e-14,0,0,0,86043.56506421763,76371.0,7878.6513728368545
792,42133.62888913145,0.8125901331916898,6.92085277975707e-14,0,0,0,86070.538416805,76371.0,7896.257778262894
793,42142.44468309725,0.8122109567751619,6.92085277975707e-14,0,0,0,86097.55317351513,76371.0,7913.8893661945
794,42151.273081814616,0.8118313971624467,6.92085277975707e-14,0,0,0,86124.6093875324,76371.0,7931.546163629227
795,42160.11409880958,0.8114514543535447,6.92085277975707e-14,0,0,0,86151.707112157,76371.0,7949.228197619162
796,42168.96774763556,0.8110711283484566,6.92085277975707e-14,0,0,0,86178.84640080527,76371.0,7966.93549527111
797,42177.8340418734,0.8106904191471813,6.92085277975707e-14,0,0,0,86206.02730701007,76371.0,7984.668083746801
798,42186.71299513141,0.8103093267497197,6.92085277975707e-14,0,0,0,86233.24988442086,76371.0,8002.425990262828
799,42195.60462104546,0.8099278511560712,6.92085277975707e-14,0,0,0,86260.51418680424,76371.0,8020.20924209092
800,42204.50893327898,0.8095459923662365,6.92085277975707e-14,0,0,0,86287.82026804391,76371.0,8038.017866557955
801,42213.42594552308,0.8091637503802149,6.92085277975707e-14,0,0,0,86315.16818214118,76371.0,8055.8518910461535
802,42222.355671496574,0.8087811251980064,6.92085277975707e-14,0,0,0,86342.55798321517,76371.0,8073.711342993149
803,42231.29812494604,0.8083981168196113,6.92085277975707e-14,0,0,0,86369.98972550305,76371.0,8091.596249892082
804,42240.253319645875,0.8080147252450298,6.92085277975707e-14,0,0,0,86397.46346336028,76371.0,8109.506639291754
805,42249.22126939839,0.8076309504742616,6.92085277975707e-14,0,0,0,86424.97925126113,76371.0,8127.442538796779
806,42258.20198803381,0.8072467925073068,6.92085277975707e-14,0,0,0,86452.53714379853,76371.0,8145.403976067621
807,42267.19548941039,0.806862251344165,6.92085277975707e-14,0,0,0,86480.13719568483,76371.0,8163.390978820787
808,42276.20178741443,0.8064773269848369,6.92085277975707e-14,0,0,0,86507.77946175168,76371.0,8181.403574828858
809,42285.22089596035,0.806092019429322,6.92085277975707e-14,0,0,0,86535.46399695054,76371.0,8199.44179192071
810,42294.25282899077,0.8057063286776207,6.92085277975707e-14,0,0,0,86563.19085635284,76371.0,8217.505657981543
811,42303.297600476544,0.8053202547297327,6.92085277975707e-14,0,0,0,86590.96009515043,76371.0,8235.595200953085
812,42312.355224416824,0.8049337975856576,6.92085277975707e-14,0,0,0,86618.77176865558,76371.0,8253.710448833648
813,42321.42571483912,0.8045469572453963,6.92085277975707e-14,0,0,0,86646.62593230157,76371.0,8271.851429678236
814,42330.50908579937,0.8041597337089481,6.92085277975707e-14,0,0,0,86674.52264164275,76371.0,8290.01817159874
815,42339.60535138199,0.8037721269763134,6.92085277975707e-14,0,0,0,86702.46195235492,76371.0,8308.210702763989
816,42348.71452569995,0.8033841370474921,6.92085277975707e-14,0,0,0,86730.44392023562,76371.0,8326.4290513999
817,42357.836622894814,0.8029957639224838,6.92085277975707e-14,0,0,0,86758.46860120443,76371.0,8344.67324578963
818,42366.9716571368,0.8026070076012892,6.92085277975707e-14,0,0,0,86786.5360513031,76371.0,8362.943314273598
819,42376.11964262487,0.8022178680839076,6.92085277975707e-14,0,0,0,86814.64632669614,76371.0,8381.239285249747
820,42385.28059358676,0.8018283453703396,6.92085277975707e-14,0,0,0,86842.79948367075,76371.0,8399.56118717352
821,42394.454524279055,0.8014384394605851,6.92085277975707e-14,0,0,0,86870.99557863743,76371.0,8417.909048558105
822,42403.641448987255,0.8010481503546436,6.92085277975707e-14,0,0,0,86899.23466813007,76371.0,8436.282897974515
823,42412.84138202582,0.800657478052516,6.92085277975707e-14,0,0,0,86927.51680880631,76371.0,8454.68276405164
824,42422.054337738264,0.8002664225542013,6.92085277975707e-14,0,0,0,86955.84205744782,76371.0,8473.108675476526
825,42431.280330497175,0.7998749838596997,6.92085277975707e-14,0,0,0,86984.21047096065,76371.0,8491.560660994355
826,42440.519374704294,0.7994831619690119,6.92085277975707e-14,0,0,0,87012.62210637536,76371.0,8510.038749408592
827,42449.77148479061,0.7990909568821372,6.92085277975707e-14,0,0,0,87041.07702084757,76371.0,8528.542969581222
828,42459.03667521635,0.7986983685990763,6.92085277975707e-14,0,0,0,87069.57527165797,76371.0,8547.073350432704
829,42468.31496047114,0.7983053971198282,6.92085277975707e-14,0,0,0,87098.11691621288,76371.0,8565.629920942287
830,42477.60635507398,0.7979120424443933,6.92085277975707e-14,0,0,0,87126.70201204439,76371.0,8584.21271014796
831,42486.910873573324,0.7975183045727721,6.92085277975707e-14,0,0,0,87155.33061681064,76371.0,8602.821747146652
832,42496.22853054719,0.7971241835049647,6.92085277975707e-14,0,0,0,87184.0027882962,76371.0,8621.457061094374
833,42505.5593406032,0.7967296792409699,6.92085277975707e-14,0,0,0,87212.71858441245,76371.0,8640.118681206399
834,42514.90331837861,0.7963347917807886,6.92085277975707e-14,0,0,0,87241.47806319763,76371.0,8658.806636757221
835,42524.26047854041,0.7959395211244209,6.92085277975707e-14,0,0,0,87270.28128281738,76371.0,8677.520957080818
836,42533.63083578538,0.7955438672718669,6.92085277975707e-14,0,0,0,87299.12830156484,76371.0,8696.261671570752
837,42543.01440484017,0.7951478302231254,6.92085277975707e-14,0,0,0,87328.0191778613,76371.0,8715.02880968034
838,42552.41120046132,0.7947514099781976,6.92085277975707e-14,0,0,0,87356.95397025599,76371.0,8733.822400922638
839,42561.82123743537,0.794354606537083,6.92085277975707e-14,0,0,0,87385.93273742685,76371.0,8752.642474870732
840,42571.24453057888,0.7939574198997823,6.92085277975707e-14,0,0,0,87414.95553818057,76371.0,8771.489061157754
841,42580.68109473857,0.7935598500662944,6.92085277975707e-14,0,0,0,87444.02243145304,76371.0,8790.362189477135
842,42590.13094479129,0.7931618970366199,6.92085277975707e-14,0,0,0,87473.13347630957,76371.0,8809.261889582584
843,42599.594095644155,0.792763560810759,6.92085277975707e-14,0,0,0,87502.28873194514,76371.0,8828.188191288307
844,42609.070562234585,0.7923648413887112,6.92085277975707e-14,0,0,0,87531.48825768499,76371.0,8847.141124469174
845,42618.56035953038,0.7919657387704766,6.92085277975707e-14,0,0,0,87560.73211298464,76371.0,8866.120719060753
846,42628.06350252974,0.7915662529560556,6.92085277975707e-14,0,0,0,87590.02035743018,76371.0,8885.12700505948
847,42637.580006261414,0.7911663839454481,6.92085277975707e-14,0,0,0,87619.3530507389,76371.0,8904.160012522832
848,42647.10988578472,0.7907661317386538,6.92085277975707e-14,0,0,0,87648.73025275933,76371.0,8923.219771569433
849,42656.653156189575,0.790365496335673,6.92085277975707e-14,0,0,0,87678.15202347162,76371.0,8942.306312379149
850,42666.20983259665,0.7899644777365051,6.92085277975707e-14,0,0,0,87707.61842298791,76371.0,8961.419665193298
851,42675.77993015733,0.7895630759411512,6.92085277975707e-14,0,0,0,87737.12951155251,76371.0,8980.559860314665
852,42685.3634640539,0.7891612909496102,6.92085277975707e-14,0,0,0,87766.68534954247,76371.0,8999.7269281078
853,42694.9604494995,0.7887591227618826,6.92085277975707e-14,0,0,0,87796.28599746762,76371.0,9018.920898999
854,42704.57090173827,0.7883565713779683,6.92085277975707e-14,0,0,0,87825.9315159711,76371.0,9038.141803476534
855,42714.19483604537,0.7879536367978672,6.92085277975707e-14,0,0,0,87855.62196582949,76371.0,9057.38967209074
856,42723.83226772708,0.7875503190215798,6.92085277975707e-14,0,0,0,87885.35740795331,76371.0,9076.664535454152
857,42733.483212120846,0.7871466180491056,6.92085277975707e-14,0,0,0,87915.13790338727,76371.0,9095.966424241693
858,42743.14768459537,0.7867425338804448,6.92085277975707e-14,0,0,0,87944.96351331058,76371.0,9115.295369190742
859,42752.82570055066,0.7863380665155972,6.92085277975707e-14,0,0,0,87974.83429903728,76371.0,9134.65140110132
860,42762.51727541809,0.7859332159545633,6.92085277975707e-14,0,0,0,88004.75032201655,76371.0,9154.034550836179
861,42772.22242466052,0.785527982197342,6.92085277975707e-14,0,0,0,88034.71164383319,76371.0,9173.444849321038
862,42781.94116377226,0.785122365243935,6.92085277975707e-14,0,0,0,88064.71832620757,76371.0,9192.88232754452
863,42791.67350827929,0.7847163650943405,6.92085277975707e-14,0,0,0,88094.77043099649,76371.0,9212.347016558579
864,42801.419473739166,0.7843099817485601,6.92085277975707e-14,0,0,0,88124.86802019297,76371.0,9231.838947478334
865,42811.179075741245,0.7839032152065923,6.92085277975707e-14,0,0,0,88155.01115592709,76371.0,9251.358151482493
866,42820.95232990661,0.7834960654684382,6.92085277975707e-14,0,0,0,88185.19990046581,76371.0,9270.90465981323
867,42830.73925188825,0.7830885325340979,6.92085277975707e-14,0,0,0,88215.43431621374,76371.0,9290.478503776492
868,42840.53985737108,0.7826806164035705,6.92085277975707e-14,0,0,0,88245.71446571324,76371.0,9310.079714742154
869,42850.35416207201,0.7822723170768562,6.92085277975707e-14,0,0,0,88276.04041164483,76371.0,9329.70832414403
870,42860.18218174005,0.7818636345539554,6.92085277975707e-14,0,0,0,88306.41221682745,76371.0,9349.3643634801
871,42870.023932156306,0.7814545688348684,6.92085277975707e-14,0,0,0,88336.82994421886,76371.0,9369.04786431261
872,42879.87942913416,0.7810451199195942,6.92085277975707e-14,0,0,0,88367.29365691605,76371.0,9388.758858268327
873,42889.748688519256,0.7806352878081335,6.92085277975707e-14,0,0,0,88397.80341815544,76371.0,9408.49737703851
874,42899.631726189575,0.7802250725004864,6.92085277975707e-14,0,0,0,88428.35929131325,76371.0,9428.263452379146
875,42909.528558055565,0.7798144739966524,6.92085277975707e-14,0,0,0,88458.96133990592,76371.0,9448.057116111131
876,42919.43920006016,0.7794034922966318,6.92085277975707e-14,0,0,0,88489.60962759037,76371.0,9467.878400120317
877,42929.363668178856,0.7789921274004246,6.92085277975707e-14,0,0,0,88520.30421816438,76371.0,9487.727336357715
878,42939.301978419826,0.7785803793080306,6.92085277975707e-14,0,0,0,88551.045175567,76371.0,9507.60395683965
879,42949.25414682392,0.7781682480194503,6.92085277975707e-14,0,0,0,88581.83256387863,76371.0,9527.508293647841
880,42959.22018946483,0.7777557335346827,6.92085277975707e-14,0,0,0,88612.66644732181,76371.0,9547.44037892966
881,42969.20012244906,0.7773428358537287,6.92085277975707e-14,0,0,0,88643.54689026113,76371.0,9567.400244898123
882,42979.19396191607,0.7769295549765884,6.92085277975707e-14,0,0,0,88674.4739572038,76371.0,9587.38792383214
883,42989.20172403834,0.7765158909032615,6.92085277975707e-14,0,0,0,88705.44771280001,76371.0,9607.403448076686
884,42999.22342502144,0.7761018436337475,6.92085277975707e-14,0,0,0,88736.46822184324,76371.0,9627.44685004288
885,43009.25908110406,0.7756874131680471,6.92085277975707e-14,0,0,0,88767.53554927056,76371.0,9647.51816220811
886,43019.30870855815,0.7752725995061596,6.92085277975707e-14,0,0,0,88798.64976016305,76371.0,9667.617417116306
887,43029.37232368895,0.7748574026480859,6.92085277975707e-14,0,0,0,88829.8109197461,76371.0,9687.744647377898
888,43039.44994283508,0.7744418225938254,6.92085277975707e-14,0,0,0,88861.01909338984,76371.0,9707.899885670166
889,43049.54158236862,0.7740258593433786,6.92085277975707e-14,0,0,0,88892.27434660941,76371.0,9728.083164737236
890,43059.64725869518,0.7736095128967446,6.92085277975707e-14,0,0,0,88923.57674506542,76371.0,9748.294517390357
891,43069.76698825394,0.7731927832539245,6.92085277975707e-14,0,0,0,88954.92635456417,76371.0,9768.533976507879
892,43079.90078751781,0.7727756704149171,6.92085277975707e-14,0,0,0,88986.32324105815,76371.0,9788.801575035617
893,43090.0486729934,0.7723581743797234,6.92085277975707e-14,0,0,0,89017.76747064631,76371.0,9809.097345986793
894,43100.210661221165,0.7719402951483432,6.92085277975707e-14,0,0,0,89049.2591095744,76371.0,9829.421322442331
895,43110.38676877548,0.7715220327207764,6.92085277975707e-14,0,0,0,89080.79822423548,76371.0,9849.77353755096
896,43120.577012264686,0.7711033870970228,6.92085277975707e-14,0,0,0,89112.38488117006,76371.0,9870.154024529369
897,43130.78140833118,0.7706843582770819,6.92085277975707e-14,0,0,0,89144.01914706675,76371.0,9890.56281666237
898,43140.99997365147,0.7702649462609554,6.92085277975707e-14,0,0,0,89175.70108876225,76371.0,9910.999947302942
899,43151.232724936315,0.7698451510486417,6.92085277975707e-14,0,0,0,89207.43077324213,76371.0,9931.465449872627
900,43161.479678930715,0.7694249726401414,6.92085277975707e-14,0,0,0,89239.20826764086,76371.0,9951.95935786143
901,43171.74085241406,0.7690044110354544,6.92085277975707e-14,0,0,0,89271.0336392424,76371.0,9972.481704828122
902,43182.01626220016,0.768583466234581,6.92085277975707e-14,0,0,0,89302.90695548043,76371.0,9993.032524400318
903,43192.305925137356,0.7681621382375206,6.92085277975707e-14,0,0,0,89334.82828393883,76371.0,10013.611850274716
904,43202.609858108575,0.7677404270442736,6.92085277975707e-14,0,0,0,89366.79769235195,76371.0,10034.219716217154
905,43212.928078031415,0.7673183326548401,6.92085277975707e-14,0,0,0,89398.81524860505,76371.0,10054.856156062828
906,43223.260601858216,0.76689585506922,6.92085277975707e-14,0,0,0,89430.88102073467,76371.0,10075.521203716431
907,43233.60744657617,0.7664729942874129,6.92085277975707e-14,0,0,0,89462.995076929,76371.0,10096.214893152342
908,43243.968629207346,0.7660497503094195,6.92085277975707e-14,0,0,0,89495.15748552822,76371.0,10116.93725841469
909,43254.34416680881,0.7656261231352395,6.92085277975707e-14,0,0,0,89527.36831502496,76371.0,10137.688333617622
910,43264.73407647271,0.7652021127648723,6.92085277975707e-14,0,0,0,89559.62763406457,76371.0,10158.468152945428
911,43275.1383753263,0.7647777191983192,6.92085277975707e-14,0,0,0,89591.9355114456,76371.0,10179.276750652598
912,43285.55708053209,0.7643529424355788,6.92085277975707e-14,0,0,0,89624.29201612013,76371.0,10200.114161064184
913,43295.99020928788,0.7639277824766519,6.92085277975707e-14,0,0,0,89656.69721719419,76371.0,10220.980418575755
914,43306.43777882683,0.7635022393215387,6.92085277975707e-14,0,0,0,89689.15118392803,76371.0,10241.875557653662
915,43316.899806417605,0.7630763129702387,6.92085277975707e-14,0,0,0,89721.65398573672,76371.0,10262.799612835212
916,43327.37630936439,0.7626500034227519,6.92085277975707e-14,0,0,0,89754.20569219033,76371.0,10283.752618728777
917,43337.867305006985,0.7622233106790786,6.92085277975707e-14,0,0,0,89786.80637301442,76371.0,10304.734610013964
918,43348.3728107209,0.7617962347392184,6.92085277975707e-14,0,0,0,89819.45609809039,76371.0,10325.745621441809
919,43358.89284391745,0.7613687756031717,6.92085277975707e-14,0,0,0,89852.15493745594,76371.0,10346.785687834896
920,43369.42742204378,0.7609409332709383,6.92085277975707e-14,0,0,0,89884.90296130531,76371.0,10367.854844087564
921,43379.97656258301,0.7605127077425182,6.92085277975707e-14,0,0,0,89917.70023998989,76371.0,10388.953125166028
922,43390.54028305428,0.7600840990179119,6.92085277975707e-14,0,0,0,89950.5468440184,76371.0,10410.080566108558
923,43401.11860101285,0.7596551070971183,6.92085277975707e-14,0,0,0,89983.44284405747,76371.0,10431.237202025703
924,43411.711534050155,0.7592257319801383,6.92085277975707e-14,0,0,0,90016.38831093181,76371.0,10452.423068100312
925,43422.319099793924,0.7587959736669718,6.92085277975707e-14,0,0,0,90049.38331562489,76371.0,10473.638199587846
926,43432.94131590823,0.7583658321576188,6.92085277975707e-14,0,0,0,90082.42792927907,76371.0,10494.882631816465
927,43443.578200093616,0.7579353074520789,6.92085277975707e-14,0,0,0,90115.52222319625,76371.0,10516.156400187227
928,43454.22977008712,0.7575043995503521,6.92085277975707e-14,0,0,0,90148.66626883807,76371.0,10537.459540174243
929,43464.8960436624,0.7570731084524389,6.92085277975707e-14,0,0,0,90181.86013782636,76371.0,10558.792087324791
930,43475.577038629795,0.7566414341583392,6.92085277975707e-14,0,0,0,90215.10390194358,76371.0,10580.154077259587
931,43486.27277283645,0.7562093766680524,6.92085277975707e-14,0,0,0,90248.39763313328,76371.0,10601.545545672898
932,43496.98326416633,0.7557769359815794,6.92085277975707e-14,0,0,0,90281.74140350037,76371.0,10622.966528332665
933,43507.70853054038,0.7553441120989197,6.92085277975707e-14,0,0,0,90315.13528531164,76371.0,10644.417061080761
934,43518.44858991657,0.7549109050200731,6.92085277975707e-14,0,0,0,90348.57935099611,76371.0,10665.897179833128
935,43529.203460289944,0.7544773147450399,6.92085277975707e-14,0,0,0,90382.07367314542,76371.0,10687.40692057989
936,43539.973159692796,0.7540433412738201,6.92085277975707e-14,0,0,0,90415.61832451436,76371.0,10708.946319385594
937,43550.75770619468,0.7536089846064138,6.92085277975707e-14,0,0,0,90449.21337802113,76371.0,10730.515412389357
938,43561.55711790253,0.7531742447428205,6.92085277975707e-14,0,0,0,90482.85890674786,76371.0,10752.114235805057
939,43572.37141296071,0.752739121683041,6.92085277975707e-14,0,0,0,90516.55498394098,76371.0,10773.74282592142
940,43583.200609551175,0.7523036154270746,6.92085277975707e-14,0,0,0,90550.30168301164,76371.0,10795.401219102345
941,43594.04472589347,0.7518677259749211,6.92085277975707e-14,0,0,0,90584.09907753617,76371.0,10817.089451786944
942,43604.90378024486,0.7514314533265816,6.92085277975707e-14,0,0,0,90617.94724125638,76371.0,10838.807560489713
943,43615.777790900414,0.7509947974820554,6.92085277975707e-14,0,0,0,90651.84624808011,76371.0,10860.555581800827
944,43626.66677619312,0.7505577584413423,6.92085277975707e-14,0,0,0,90685.79617208168,76371.0,10882.33355238623
945,43637.57075449389,0.7501203362044426,6.92085277975707e-14,0,0,0,90719.79708750213,76371.0,10904.141508987781
946,43648.48974421175,0.7496825307713562,6.92085277975707e-14,0,0,0,90753.84906874978,76371.0,10925.979488423502
947,43659.42376379385,0.7492443421420831,6.92085277975707e-14,0,0,0,90787.95219040065,76371.0,10947.847527587695
948,43670.37283172558,0.7488057703166235,6.92085277975707e-14,0,0,0,90822.10652719886,76371.0,10969.745663451158
949,43681.336966530675,0.7483668152949774,6.92085277975707e-14,0,0,0,90856.31215405703,76371.0,10991.673933061345
950,43692.316186771284,0.7479274770771442,6.92085277975707e-14,0,0,0,90890.56914605682,76371.0,11013.632373542567
951,43703.31051104805,0.7474877556631248,6.92085277975707e-14,0,0,0,90924.87757844917,76371.0,11035.621022096093
952,43714.31995800022,0.7470476510529185,6.92085277975707e-14,0,0,0,90959.23752665494,76371.0,11057.63991600044
953,43725.344546305736,0.7466071632465257,6.92085277975707e-14,0,0,0,90993.64906626524,76371.0,11079.689092611468
954,43736.3842946813,0.746166292243946,6.92085277975707e-14,0,0,0,91028.11227304183,76371.0,11101.768589362602
955,43747.439221882494,0.7457250380451796,6.92085277975707e-14,0,0,0,91062.62722291762,76371.0,11123.878443764987
956,43758.50934670383,0.7452834006502269,6.92085277975707e-14,0,0,0,91097.19399199712,76371.0,11146.018693407661
957,43769.5946879789,0.7448413800590874,6.92085277975707e-14,0,0,0,91131.81265655682,76371.0,11168.189375957794
958,43780.695264580405,0.7443989762717611,6.92085277975707e-14,0,0,0,91166.48329304565,76371.0,11190.390529160812
959,43791.811095420286,0.7439561892882485,6.92085277975707e-14,0,0,0,91201.20597808543,76371.0,11212.622190840571
960,43802.94219944981,0.7435130191085488,6.92085277975707e-14,0,0,0,91235.9807884714,76371.0,11234.884398899623
961,43814.08859565964,0.7430694657326629,6.92085277975707e-14,0,0,0,91270.80780117243,76371.0,11257.177191319275
962,43825.25030307995,0.7426255291605899,6.92085277975707e-14,0,0,0,91305.68709333174,76371.0,11279.5006061599
963,43836.4273407805,0.7421812093923306,6.92085277975707e-14,0,0,0,91340.61874226714,76371.0,11301.854681561004
964,43847.619727870755,0.7417365064278847,6.92085277975707e-14,0,0,0,91375.60282547165,76371.0,11324.239455741505
965,43858.827483499954,0.7412914202672516,6.92085277975707e-14,0,0,0,91410.6394206138,76371.0,11346.654966999906
966,43870.050626857184,0.7408459509104321,6.92085277975707e-14,0,0,0,91445.72860553813,76371.0,11369.101253714374
967,43881.28917717153,0.7404000983574264,6.92085277975707e-14,0,0,0,91480.87045826571,76371.0,11391.578354343059
968,43892.543153712126,0.7399538626082338,6.92085277975707e-14,0,0,0,91516.06505699451,76371.0,11414.08630742425
969,43903.812575788266,0.7395072436628543,6.92085277975707e-14,0,0,0,91551.31248009994,76371.0,11436.625151576529
970,43915.097462749465,0.7390602415212884,6.92085277975707e-14,0,0,0,91586.61280613515,76371.0,11459.194925498929
971,43926.39783398561,0.7386128561835357,6.92085277975707e-14,0,0,0,91621.96611383169,76371.0,11481.795667971224
972,43937.71370892702,0.7381650876495962,6.92085277975707e-14,0,0,0,91657.37248209985,76371.0,11504.427417854042
973,43949.04510704452,0.7377169359194704,6.92085277975707e-14,0,0,0,91692.83199002911,76371.0,11527.090214089043
974,43960.3920478496,0.7372684009931576,6.92085277975707e-14,0,0,0,91728.34471688874,76371.0,11549.784095699204
975,43971.75455089443,0.7368194828706587,6.92085277975707e-14,0,0,0,91763.91074212804,76371.0,11572.509101788864
976,43983.132635772046,0.7363701815519725,6.92085277975707e-14,0,0,0,91799.53014537704,76371.0,11595.265271544096
977,43994.526322116355,0.7359204970371,6.92085277975707e-14,0,0,0,91835.20300644678,76371.0,11618.052644232706
978,44005.93562960229,0.7354704293260408,6.92085277975707e-14,0,0,0,91870.92940532991,76371.0,11640.871259204578
979,44017.360577945896,0.735019978418795,6.92085277975707e-14,0,0,0,91906.70942220112,76371.0,11663.721155891788
980,44028.80118690442,0.7345691443153621,6.92085277975707e-14,0,0,0,91942.54313741754,76371.0,11686.602373808839
981,44040.25747627639,0.7341179270157432,6.92085277975707e-14,0,0,0,91978.43063151931,76371.0,11709.514952552781
982,44051.729465901764,0.7336663265199375,6.92085277975707e-14,0,0,0,92014.37198523006,76371.0,11732.45893180353
983,44063.21717566199,0.7332143428279447,6.92085277975707e-14,0,0,0,92050.36727945732,76371.0,11755.434351323976
984,44074.72062548008,0.7327619759397657,6.92085277975707e-14,0,0,0,92086.41659529302,76371.0,11778.441250960152
985,44086.23983532077,0.7323092258553996,6.92085277975707e-14,0,0,0,92122.52001401396,76371.0,11801.479670641536
986,44097.77482519056,0.7318560925748476,6.92085277975707e-14,0,0,0,92158.67761708234,76371.0,11824.549650381112
987,44109.32561513788,0.7314025760981082,6.92085277975707e-14,0,0,0,92194.88948614623,76371.0,11847.651230275764
988,44120.89222525311,0.7309486764251825,6.92085277975707e-14,0,0,0,92231.15570303999,76371.0,11870.784450506226
989,44132.474675668745,0.7304943935560699,6.92085277975707e-14,0,0,0,92267.47634978485,76371.0,11893.949351337491
990,44144.07298655944,0.7300397274907711,6.92085277975707e-14,0,0,0,92303.85150858926,76371.0,11917.145973118879
991,44155.687178142165,0.7295846782292854,6.92085277975707e-14,0,0,0,92340.28126184955,76371.0,11940.37435628433
992,44167.31727067627,0.729129245771613,6.92085277975707e-14,0,0,0,92376.7656921504,76371.0,11963.634541352545
993,44178.9632844636,0.7286734301177538,6.92085277975707e-14,0,0,0,92413.30488226512,76371.0,11986.926568927203
994,44190.625239848574,0.728217231267708,6.92085277975707e-14,0,0,0,92449.8989151564,76371.0,12010.250479697152
995,44202.30315721832,0.7277606492214757,6.92085277975707e-14,0,0,0,92486.54787397667,76371.0,12033.606314436633
996,44213.997057002736,0.7273036839790568,6.92085277975707e-14,0,0,0,92523.2518420686,76371.0,12056.994114005473
997,44225.706959674644,0.7268463355404515,6.92085277975707e-14,0,0,0,92560.01090296567,76371.0,12080.413919349285
998,44237.43288574987,0.7263886039056588,6.92085277975707e-14,0,0,0,92596.82514039268,76371.0,12103.86577149974
999,44249.1748557873,0.7259304890746798,6.92085277975707e-14,0,0,0,92633.69463826608,76371.0,12127.3497115746
1000,44260.93289038905,0.7254719910475143,6.92085277975707e-14,0,0,0,92670.61948069466,76371.0,12150.865780778096
1001,44272.70701020053,0.7250131098241621,6.92085277975707e-14,0,0,0,92707.59975197999,76371.0,12174.414020401062
1002,44284.49723591058,0.7245538454046232,6.92085277975707e-14,0,0,0,92744.63553661689,76371.0,12197.994471821163
1003,44296.30358825153,0.7240941977888977,6.92085277975707e-14,0,0,0,92781.726919294,76371.0,12221.607176503068
1004,44308.12608799936,0.7236341669769852,6.92085277975707e-14,0,0,0,92818.87398489434,76371.0,12245.252175998714
1005,44319.96475597371,0.7231737529688864,6.92085277975707e-14,0,0,0,92856.07681849555,76371.0,12268.929511947426
1006,44331.81961303811,0.722712955764601,6.92085277975707e-14,0,0,0,92893.33550537073,76371.0,12292.639226076226
1007,44343.6906801,0.7222517753641289,6.92085277975707e-14,0,0,0,92930.65013098888,76371.0,12316.3813602
1008,44355.57797811084,0.7217902117674702,6.92085277975707e-14,0,0,0,92968.02078101524,76371.0,12340.155956221683
1009,44367.481528066266,0.7213282649746244,6.92085277975707e-14,0,0,0,93005.447541312,76371.0,12363.963056132528
1010,44379.40135100611,0.7208659349855926,6.92085277975707e-14,0,0,0,93042.93049793864,76371.0,12387.80270201222
1011,44391.33746801462,0.7204032218003737,6.92085277975707e-14,0,0,0,93080.46973715271,76371.0,12411.674936029243
1012,44403.28990022047,0.7199401254189681,6.92085277975707e-14,0,0,0,93118.06534541017,76371.0,12435.579800440944
1013,44415.2586687969,0.7194766458413762,6.92085277975707e-14,0,0,0,93155.71740936581,76371.0,12459.517337593801
1014,44427.24379496185,0.7190127830675972,6.92085277975707e-14,0,0,0,93193.42601587411,76371.0,12483.48758992369
1015,44439.24529997799,0.7185485370976321,6.92085277975707e-14,0,0,0,93231.19125198938,76371.0,12507.490599955983
1016,44451.26320515296,0.71808390793148,6.92085277975707e-14,0,0,0,93269.01320496664,76371.0,12531.526410305916
1017,44463.29753183934,0.7176188955691412,6.92085277975707e-14,0,0,0,93306.89196226199,76371.0,12555.595063678671
1018,44475.348301434824,0.7171535000106157,6.92085277975707e-14,0,0,0,93344.82761153298,76371.0,12579.696602869646
1019,44487.41553538234,0.7166877212559037,6.92085277975707e-14,0,0,0,93382.82024063946,76371.0,12603.83107076468
1020,44499.499255170136,0.716221559305005,6.92085277975707e-14,0,0,0,93420.86993764399,76371.0,12627.998510340274
1021,44511.59948233188,0.7157550141579199,6.92085277975707e-14,0,0,0,93458.9767908122,76371.0,12652.198964663767
1022,44523.71623844682,0.715288085814648,6.92085277975707e-14,0,0,0,93497.14088861368,76371.0,12676.432476893635
1023,44535.84954513982,0.7148207742751893,6.92085277975707e-14,0,0,0,93535.36231972223,76371.0,12700.699090279637
1024,44547.999424081536,0.7143530795395436,6.92085277975707e-14,0,0,0,93573.64117301651,76371.0,12724.998848163075
1025,44560.16589698847,0.7138850016077123,6.92085277975707e-14,0,0,0,93611.97753758055,76371.0,12749.33179397693
1026,44572.34898562316,0.7134165404796933,6.92085277975707e-14,0,0,0,93650.37150270444,76371.0,12773.69797124632
1027,44584.548711794196,0.7129476961554881,6.92085277975707e-14,0,0,0,93688.82315788463,76371.0,12798.097423588388
1028,44596.7650973564,0.7124784686350962,6.92085277975707e-14,0,0,0,93727.3325928247,76371.0,12822.530194712805
1029,44608.99816421092,0.712008857918518,6.92085277975707e-14,0,0,0,93765.89989743584,76371.0,12846.996328421837
1030,44621.24793430534,0.7115388640057525,6.92085277975707e-14,0,0,0,93804.52516183737,76371.0,12871.49586861069
1031,44633.51442963378,0.7110684868968007,6.92085277975707e-14,0,0,0,93843.20847635731,76371.0,12896.028859267568
1032,44645.79767223704,0.7105977265916623,6.92085277975707e-14,0,0,0,93881.94993153296,76371.0,12920.59534447407
1033,44658.09768420267,0.7101265830903369,6.92085277975707e-14,0,0,0,93920.74961811148,76371.0,12945.19536840534
1034,44670.41448766513,0.709655056392825,6.92085277975707e-14,0,0,0,93959.60762705037,76371.0,12969.828975330267
1035,44682.748104805876,0.7091831464991267,6.92085277975707e-14,0,0,0,93998.5240495181,76371.0,12994.496209611754
1036,44695.09855785349,0.7087108534092417,6.92085277975707e-14,0,0,0,94037.49897689473,76371.0,13019.197115706977
1037,44707.465869083775,0.7082381771231698,6.92085277975707e-14,0,0,0,94076.53250077233,76371.0,13043.93173816755
1038,44719.85006081989,0.7077651176409114,6.92085277975707e-14,0,0,0,94115.62471295566,76371.0,13068.70012163978
1039,44732.25115543245,0.7072916749624665,6.92085277975707e-14,0,0,0,94154.77570546269,76371.0,13093.502310864907
1040,44744.66917533967,0.7068178490878347,6.92085277975707e-14,0,0,0,94193.98557052524,76371.0,13118.338350679345
1041,44757.10414300745,0.7063436400170162,6.92085277975707e-14,0,0,0,94233.25440058947,76371.0,13143.20828601489
1042,44769.55608094947,0.7058690477500114,6.92085277975707e-14,0,0,0,94272.58228831645,76371.0,13168.112161898938
1043,44782.025011727404,0.7053940722868195,6.92085277975707e-14,0,0,0,94311.9693265829,76371.0,13193.050023454805
1044,44794.51095795092,0.7049187136274411,6.92085277975707e-14,0,0,0,94351.41560848155,76371.0,13218.021915901845
1045,44807.01394227789,0.7044429717718759,6.92085277975707e-14,0,0,0,94390.92122732187,76371.0,13243.027884555777
1046,44819.53398741443,0.7039668467201243,6.92085277975707e-14,0,0,0,94430.4862766306,76371.0,13268.067974828853
1047,44832.07111611508,0.703490338472186,6.92085277975707e-14,0,0,0,94470.11085015234,76371.0,13293.14223223017
1048,44844.62535118292,0.7030134470280611,6.92085277975707e-14,0,0,0,94509.7950418502,76371.0,13318.25070236584
1049,44857.19671546963,0.7025361723877497,6.92085277975707e-14,0,0,0,94549.53894590624,76371.0,13343.39343093926
1050,44869.785231875685,0.7020585145512512,6.92085277975707e-14,0,0,0,94589.34265672223,76371.0,13368.570463751372
1051,44882.39092335041,0.7015804735185664,6.92085277975707e-14,0,0,0,94629.20626892014,76371.0,13393.78184670082
1052,44895.01381289215,0.7011020492896949,6.92085277975707e-14,0,0,0,94669.12987734281,76371.0,13419.027625784307
1053,44907.653923548365,0.7006232418646368,6.92085277975707e-14,0,0,0,94709.11357705439,76371.0,13444.307847096736
1054,44920.311278415764,0.7001440512433919,6.92085277975707e-14,0,0,0,94749.15746334124,76371.0,13469.622556831524
1055,44932.98590064039,0.6996644774259604,6.92085277975707e-14,0,0,0,94789.26163171213,76371.0,13494.971801280786
1056,44945.677813417824,0.6991845204123419,6.92085277975707e-14,0,0,0,94829.42617789927,76371.0,13520.355626835646
1057,44958.387039993184,0.6987041802025373,6.92085277975707e-14,0,0,0,94869.65119785852,76371.0,13545.774079986368
1058,44971.11360366139,0.6982234567965455,6.92085277975707e-14,0,0,0,94909.93678777035,76371.0,13571.227207322781
1059,44983.857527767155,0.6977423501943676,6.92085277975707e-14,0,0,0,94950.28304404013,76371.0,13596.715055534307
1060,44996.61883570521,0.6972608603960027,6.92085277975707e-14,0,0,0,94990.69006329901,76371.0,13622.237671410416
1061,45009.39755092035,0.6967789874014514,6.92085277975707e-14,0,0,0,95031.15794240439,76371.0,13647.795101840704
1062,45022.193696907634,0.6962967312107133,6.92085277975707e-14,0,0,0,95071.68677844052,76371.0,13673.387393815266
1063,45035.00729721244,0.6958140918237885,6.92085277975707e-14,0,0,0,95112.27666871923,76371.0,13699.014594424878
1064,45047.83837543062,0.6953310692406771,6.92085277975707e-14,0,0,0,95152.92771078042,76371.0,13724.67675086124
1065,45060.686955208635,0.6948476634613792,6.92085277975707e-14,0,0,0,95193.64000239281,76371.0,13750.373910417267
1066,45073.55306024367,0.6943638744858942,6.92085277975707e-14,0,0,0,95234.41364155446,76371.0,13776.106120487342
1067,45086.436714283744,0.6938797023142229,6.92085277975707e-14,0,0,0,95275.2487264934,76371.0,13801.87342856749
1068,45099.33794112787,0.6933951469463648,6.92085277975707e-14,0,0,0,95316.14535566838,76371.0,13827.675882255744
1069,45112.25676462615,0.6929102083823204,6.92085277975707e-14,0,0,0,95357.10362776932,76371.0,13853.513529252301
1070,45125.193208679935,0.692424886622089,6.92085277975707e-14,0,0,0,95398.12364171814,76371.0,13879.38641735987
1071,45138.147297241914,0.691939181665671,6.92085277975707e-14,0,0,0,95439.2054966692,76371.0,13905.294594483823
1072,45151.11905431627,0.6914530935130663,6.92085277975707e-14,0,0,0,95480.34929201005,76371.0,13931.238108632533
1073,45164.108503958785,0.6909666221642752,6.92085277975707e-14,0,0,0,95521.55512736205,76371.0,13957.217007917568
1074,45177.11567027702,0.6904797676192971,6.92085277975707e-14,0,0,0,95562.82310258107,76371.0,13983.231340554037
1075,45190.140577430364,0.6899925298781326,6.92085277975707e-14,0,0,0,95604.15331775795,76371.0,14009.28115486073
1076,45203.183249630245,0.6895049089407814,6.92085277975707e-14,0,0,0,95645.54587321938,76371.0,14035.366499260486
1077,45216.243711140196,0.6890169048072434,6.92085277975707e-14,0,0,0,95687.00086952832,76371.0,14061.487422280392
1078,45229.32198627603,0.6885285174775186,6.92085277975707e-14,0,0,0,95728.5184074849,76371.0,14087.643972552056
1079,45242.41809940592,0.6880397469516075,6.92085277975707e-14,0,0,0,95770.09858812674,76371.0,14113.836198811843
1080,45255.532074950606,0.6875505932295096,6.92085277975707e-14,0,0,0,95811.74151272999,76371.0,14140.064149901216
1081,45268.663937383455,0.6870610563112252,6.92085277975707e-14,0,0,0,95853.44728280969,76371.0,14166.327874766914
1082,45281.81371123063,0.6865711361967541,6.92085277975707e-14,0,0,0,95895.21600012056,76371.0,14192.627422461255
1083,45294.98142107121,0.6860808328860963,6.92085277975707e-14,0,0,0,95937.04776665759,76371.0,14218.962842142413
1084,45308.167091537325,0.6855901463792518,6.92085277975707e-14,0,0,0,95978.94268465682,76371.0,14245.334183074654
1085,45321.37074731429,0.6850990766762208,6.92085277975707e-14,0,0,0,96020.90085659584,76371.0,14271.741494628586
1086,45334.59241314076,0.6846076237770029,6.92085277975707e-14,0,0,0,96062.92238519462,76371.0,14298.18482628152
1087,45347.83211380881,0.6841157876815984,6.92085277975707e-14,0,0,0,96105.00737341604,76371.0,14324.66422761761
1088,45361.08987416411,0.6836235683900074,6.92085277975707e-14,0,0,0,96147.15592446667,76371.0,14351.17974832821
1089,45374.36571910606,0.6831309659022295,6.92085277975707e-14,0,0,0,96189.36814179736,76371.0,14377.731438212126
1090,45387.65967358793,0.6826379802182652,6.92085277975707e-14,0,0,0,96231.644129104,76371.0,14404.31934717586
1091,45400.97176261695,0.6821446113381144,6.92085277975707e-14,0,0,0,96273.98399032811,76371.0,14430.943525233903
1092,45414.30201125453,0.6816508592617765,6.92085277975707e-14,0,0,0,96316.38782965764,76371.0,14457.604022509055
1093,45427.65044461628,0.6811567239892522,6.92085277975707e-14,0,0,0,96358.85575152744,76371.0,14484.300889232558
1094,45441.01708787227,0.6806622055205409,6.92085277975707e-14,0,0,0,96401.38786062023,76371.0,14511.034175744544
1095,45454.40196624707,0.6801673038556435,6.92085277975707e-14,0,0,0,96443.98426186698,76371.0,14537.803932494138
1096,45467.80510501996,0.6796720189945593,6.92085277975707e-14,0,0,0,96486.64506044792,76371.0,14564.610210039911
1097,45481.22652952501,0.6791763509372883,6.92085277975707e-14,0,0,0,96529.37036179294,76371.0,14591.453059050024
1098,45494.666265151274,0.6786802996838306,6.92085277975707e-14,0,0,0,96572.16027158251,76371.0,14618.33253030255
1099,45508.12433734287,0.6781838652341861,6.92085277975707e-14,0,0,0,96615.01489574825,76371.0,14645.248674685752
1100,45521.600771599165,0.6776870475883552,6.92085277975707e-14,0,0,0,96657.93434047356,76371.0,14672.201543198336
1101,45535.09559347489,0.677189846746338,6.92085277975707e-14,0,0,0,96700.91871219454,76371.0,14699.19118694978
1102,45548.60882858031,0.6766922627081338,6.92085277975707e-14,0,0,0,96743.96811760057,76371.0,14726.217657160623
1103,45562.14050258134,0.6761942954737428,6.92085277975707e-14,0,0,0,96787.08266363497,76371.0,14753.28100516267
1104,45575.69064119966,0.675695945043165,6.92085277975707e-14,0,0,0,96830.26245749577,76371.0,14780.381282399325
1105,45589.259270212926,0.6751972114164009,6.92085277975707e-14,0,0,0,96873.50760663641,76371.0,14807.518540425855
1106,45602.84641545486,0.6746980945934502,6.92085277975707e-14,0,0,0,96916.81821876644,76371.0,14834.692830909715
1107,45616.452102815405,0.6741985945743127,6.92085277975707e-14,0,0,0,96960.1944018523,76371.0,14861.904205630806
1108,45630.076358240876,0.6736987113589885,6.92085277975707e-14,0,0,0,97003.63626411793,76371.0,14889.15271648175
1109,45643.71920773409,0.6731984449474777,6.92085277975707e-14,0,0,0,97047.14391404555,76371.0,14916.438415468181
1110,45657.38067735453,0.6726977953397801,6.92085277975707e-14,0,0,0,97090.71746037644,76371.0,14943.76135470906
1111,45671.06079321846,0.672196762535896,6.92085277975707e-14,0,0,0,97134.35701211148,76371.0,14971.12158643692
1112,45684.75958149909,0.6716953465358255,6.92085277975707e-14,0,0,0,97178.0626785121,76371.0,14998.519162998184
1113,45698.47706842675,0.671193547339568,6.92085277975707e-14,0,0,0,97221.83456910092,76371.0,15025.954136853496
1114,45712.21328028896,0.6706913649471238,6.92085277975707e-14,0,0,0,97265.67279366242,76371.0,15053.426560577918
1115,45725.96824343063,0.6701887993584934,6.92085277975707e-14,0,0,0,97309.57746224372,76371.0,15080.93648686126
1116,45739.74198425424,0.6696858505736758,6.92085277975707e-14,0,0,0,97353.54868515542,76371.0,15108.483968508468
1117,45753.53452921987,0.6691825185926719,6.92085277975707e-14,0,0,0,97397.58657297211,76371.0,15136.06905843974
1118,45767.3459048455,0.6686788034154811,6.92085277975707e-14,0,0,0,97441.69123653338,76371.0,15163.691809690989
1119,45781.176137707014,0.6681747050421039,6.92085277975707e-14,0,0,0,97485.86278694436,76371.0,15191.352275414027
1120,45795.025254438464,0.6676702234725398,6.92085277975707e-14,0,0,0,97530.10133557655,76371.0,15219.050508876931
1121,45808.89328173215,0.6671653587067892,6.92085277975707e-14,0,0,0,97574.4069940686,76371.0,15246.786563464295
1122,45822.78024633878,0.666660110744852,6.92085277975707e-14,0,0,0,97618.77987432695,76371.0,15274.560492677552
1123,45836.68617506765,0.6661544795867278,6.92085277975707e-14,0,0,0,97663.22008852675,76371.0,15302.372350135298
1124,45850.61109478676,0.6656484652324173,6.92085277975707e-14,0,0,0,97707.72774911247,76371.0,15330.22218957351
1125,45864.55503242298,0.66514206768192,6.92085277975707e-14,0,0,0,97752.30296879873,76371.0,15358.11006484595
1126,45878.518014962196,0.6646352869352363,6.92085277975707e-14,0,0,0,97796.94586057104,76371.0,15386.036029924388
1127,45892.500069449496,0.6641281229923657,6.92085277975707e-14,0,0,0,97841.65653768662,76371.0,15414.000138898991
1128,45906.50122298927,0.6636205758533082,6.92085277975707e-14,0,0,0,97886.43511367515,76371.0,15442.00244597853
1129,45920.52150274536,0.6631126455180645,6.92085277975707e-14,0,0,0,97931.28170233934,76371.0,15470.043005490717
1130,45934.560935941285,0.6626043319866342,6.92085277975707e-14,0,0,0,97976.1964177561,76371.0,15498.12187188257
1131,45948.61954986034,0.6620956352590168,6.92085277975707e-14,0,0,0,98021.17937427701,76371.0,15526.239099720678
1132,45962.69737184573,0.6615865553352132,6.92085277975707e-14,0,0,0,98066.23068652912,76371.0,15554.394743691459
1133,45976.7944293008,0.6610770922152223,6.92085277975707e-14,0,0,0,98111.35046941592,76371.0,15582.588858601597
1134,45990.91074968908,0.6605672458990455,6.92085277975707e-14,0,0,0,98156.53883811786,76371.0,15610.82149937816
1135,46005.04636053458,0.6600570163866817,6.92085277975707e-14,0,0,0,98201.79590809342,76371.0,15639.092721069155
1136,46019.20128942182,0.6595464036781311,6.92085277975707e-14,0,0,0,98247.12179507969,76371.0,15667.402578843645
1137,46033.37556399606,0.6590354077733942,6.92085277975707e-14,0,0,0,98292.51661509316,76371.0,15695.751127992116
1138,46047.56921196343,0.6585240286724703,6.92085277975707e-14,0,0,0,98337.98048443075,76371.0,15724.138423926865
1139,46061.7822610911,0.6580122663753598,6.92085277975707e-14,0,0,0,98383.51351967029,76371.0,15752.564522182201
1140,46076.014739207414,0.6575001208820628,6.92085277975707e-14,0,0,0,98429.11583767152,76371.0,15781.029478414834
1141,46090.266674202096,0.6569875921925792,6.92085277975707e-14,0,0,0,98474.7875555769,76371.0,15809.533348404186
1142,46104.53809402635,0.6564746803069088,6.92085277975707e-14,0,0,0,98520.52879081227,76371.0,15838.076188052702
1143,46118.82902669308,0.6559613852250519,6.92085277975707e-14,0,0,0,98566.33966108783,76371.0,15866.658053386156
1144,46133.139500277,0.6554477069470079,6.92085277975707e-14,0,0,0,98612.22028439885,76371.0,15895.279000554005
1145,46147.46954291481,0.6549336454727779,6.92085277975707e-14,0,0,0,98658.17077902643,76371.0,15923.939085829628
1146,46161.819182805404,0.6544192008023606,6.92085277975707e-14,0,0,0,98704.19126353857,76371.0,15952.638365610814
1147,46176.188448209934,0.653904372935757,6.92085277975707e-14,0,0,0,98750.28185679059,76371.0,15981.376896419872
1148,46190.57736745206,0.653389161872967,6.92085277975707e-14,0,0,0,98796.44267792632,76371.0,16010.15473490412
1149,46204.985968918096,0.6528735676139898,6.92085277975707e-14,0,0,0,98842.67384637879,76371.0,16038.971937836195
1150,46219.41428105713,0.6523575901588263,6.92085277975707e-14,0,0,0,98888.97548187096,76371.0,16067.828562114257
1151,46233.86233238123,0.6518412295074762,6.92085277975707e-14,0,0,0,98935.34770441668,76371.0,16096.724664762454
1152,46248.330151465605,0.6513244856599392,6.92085277975707e-14,0,0,0,98981.79063432156,76371.0,16125.660302931214
1153,46262.81776694875,0.6508073586162157,6.92085277975707e-14,0,0,0,99028.30439218358,76371.0,16154.635533897497
1154,46277.32520753262,0.6502898483763055,6.92085277975707e-14,0,0,0,99074.88909889423,76371.0,16183.65041506525
1155,46291.85250198283,0.6497719549402086,6.92085277975707e-14,0,0,0,99121.54487563911,76371.0,16212.705003965662
1156,46306.399679128735,0.6492536783079252,6.92085277975707e-14,0,0,0,99168.27184389888,76371.0,16241.799358257475
1157,46320.96676786371,0.6487350184794549,6.92085277975707e-14,0,0,0,99215.07012545019,76371.0,16270.93353572743
1158,46335.55379714522,0.6482159754547985,6.92085277975707e-14,0,0,0,99261.9398423663,76371.0,16300.10759429044
1159,46350.16079599506,0.6476965492339548,6.92085277975707e-14,0,0,0,99308.88111701819,76371.0,16329.321591990125
1160,46364.78779349947,0.6471767398169246,6.92085277975707e-14,0,0,0,99355.89407207523,76371.0,16358.575586998943
1161,46379.43481880933,0.646656547203708,6.92085277975707e-14,0,0,0,99402.97883050614,76371.0,16387.869637618656
1162,46394.10190114034,0.6461359713943045,6.92085277975707e-14,0,0,0,99450.13551557984,76371.0,16417.20380228068
1163,46408.78906977317,0.6456150123887141,6.92085277975707e-14,0,0,0,99497.3642508663,76371.0,16446.578139546345
1164,46423.49635405363,0.6450936701869376,6.92085277975707e-14,0,0,0,99544.66516023736,76371.0,16475.992708107253
1165,46438.22378339286,0.6445719447889744,6.92085277975707e-14,0,0,0,99592.0383678677,76371.0,16505.44756678572
1166,46452.971387267506,0.6440498361948241,6.92085277975707e-14,0,0,0,99639.48399823572,76371.0,16534.942774535015
1167,46467.73919521985,0.6435273444044876,6.92085277975707e-14,0,0,0,99687.00217612427,76371.0,16564.4783904397
1168,46482.52723685803,0.6430044694179642,6.92085277975707e-14,0,0,0,99734.59302662167,76371.0,16594.054473716064
1169,46497.3355418562,0.642481211235254,6.92085277975707e-14,0,0,0,99782.25667512258,76371.0,16623.6710837124
1170,46512.16413995467,0.6419575698563578,6.92085277975707e-14,0,0,0,99829.99324732879,76371.0,16653.328279909343
1171,46527.01306096017,0.6414335452812743,6.92085277975707e-14,0,0,0,99877.80286925033,76371.0,16683.026121920335
1172,46541.882334745904,0.6409091375100042,6.92085277975707e-14,0,0,0,99925.68566720604,76371.0,16712.764669491804
1173,46556.771991251815,0.6403843465425478,6.92085277975707e-14,0,0,0,99973.64176782472,76371.0,16742.543982503626
1174,46571.68206048475,0.6398591723789044,6.92085277975707e-14,0,0,0,100021.67129804603,76371.0,16772.36412096951
1175,46586.612572518614,0.6393336150190745,6.92085277975707e-14,0,0,0,100069.77438512121,76371.0,16802.225145037224
1176,46601.563557494526,0.638807674463058,6.92085277975707e-14,0,0,0,100117.95115661409,76371.0,16832.127114989056
1177,46616.53504562109,0.6382813507108545,6.92085277975707e-14,0,0,0,100166.20174040213,76371.0,16862.070091242178
1178,46631.52706717443,0.637754643762465,6.92085277975707e-14,0,0,0,100214.52626467703,76371.0,16892.054134348855
1179,46646.53965249853,0.6372275536178884,6.92085277975707e-14,0,0,0,100262.924857946,76371.0,16922.079304997067
1180,46661.5728320053,0.6367000802771252,6.92085277975707e-14,0,0,0,100311.39764903237,76371.0,16952.1456640106
1181,46676.626636174784,0.6361722237401755,6.92085277975707e-14,0,0,0,100359.9447670767,76371.0,16982.253272349564
1182,46691.70109555537,0.6356439840070387,6.92085277975707e-14,0,0,0,100408.56634153768,76371.0,17012.40219111074
1183,46706.79624076392,0.6351153610777158,6.92085277975707e-14,0,0,0,100457.26250219291,76371.0,17042.592481527845
1184,46721.91210248603,0.6345863549522062,6.92085277975707e-14,0,0,0,100506.0333791401,76371.0,17072.824204972054
1185,46737.048711476134,0.6340569656305093,6.92085277975707e-14,0,0,0,100554.87910279781,76371.0,17103.097422952273
1186,46752.20609855771,0.6335271931126265,6.92085277975707e-14,0,0,0,100603.79980390632,76371.0,17133.412197115427
1187,46767.38429462352,0.6329970373985567,6.92085277975707e-14,0,0,0,100652.7956135289,76371.0,17163.768589247044
1188,46782.58333063571,0.6324664984883002,6.92085277975707e-14,0,0,0,100701.86666305234,76371.0,17194.16666127142
1189,46797.80323762604,0.6319355763818575,6.92085277975707e-14,0,0,0,100751.0130841882,76371.0,17224.606475252072
1190,46813.04404669609,0.6314042710792274,6.92085277975707e-14,0,0,0,100800.23500897373,76371.0,17255.088093392184
1191,46828.30578901739,0.6308725825804111,6.92085277975707e-14,0,0,0,100849.53256977256,76371.0,17285.61157803477
1192,46843.588495831646,0.6303405108854083,6.92085277975707e-14,0,0,0,100898.90589927604,76371.0,17316.17699166329
1193,46858.89219845096,0.6298080559942183,6.92085277975707e-14,0,0,0,100948.355130504,76371.0,17346.78439690192
1194,46874.21692825792,0.6292752179068419,6.92085277975707e-14,0,0,0,100997.88039680566,76371.0,17377.43385651584
1195,46889.56271670588,0.6287419966232792,6.92085277975707e-14,0,0,0,101047.48183186066,76371.0,17408.12543341175
1196,46904.929595319125,0.6282083921435293,6.92085277975707e-14,0,0,0,101097.15956968015,76371.0,17438.859190638253
1197,46920.317595693035,0.6276744044675933,6.92085277975707e-14,0,0,0,101146.91374460762,76371.0,17469.63519138607
1198,46935.72674949432,0.6271400335954702,6.92085277975707e-14,0,0,0,101196.74449131989,76371.0,17500.45349898864
1199,46951.157088461165,0.6266052795271606,6.92085277975707e-14,0,0,0,101246.65194482816,76371.0,17531.31417692233
1200,46966.60864440345,0.6260701422626642,6.92085277975707e-14,0,0,0,101296.63624047893,76371.0,17562.217288806907
1201,46982.081449202946,0.6255346218019815,6.92085277975707e-14,0,0,0,101346.69751395502,76371.0,17593.16289840589
1202,46997.57553481349,0.624998718145112,6.92085277975707e-14,0,0,0,101396.8359012766,76371.0,17624.151069626983
1203,47013.09093326121,0.6244624312920557,6.92085277975707e-14,0,0,0,101447.05153880217,76371.0,17655.181866522413
1204,47028.62767664466,0.6239257612428128,6.92085277975707e-14,0,0,0,101497.34456322946,76371.0,17686.255353289325
1205,47044.1857971351,0.6233887079973834,6.92085277975707e-14,0,0,0,101547.71511159657,76371.0,17717.371594270193
1206,47059.76532697661,0.6228512715557672,6.92085277975707e-14,0,0,0,101598.16332128289,76371.0,17748.53065395322
1207,47075.36629848635,0.6223134519179645,6.92085277975707e-14,0,0,0,101648.68933001018,76371.0,17779.7325969727
1208,47090.98874405472,0.621775249083975,6.92085277975707e-14,0,0,0,101699.29327584355,76371.0,17810.977488109434
1209,47106.63269614556,0.6212366630537987,6.92085277975707e-14,0,0,0,101749.97529719243,76371.0,17842.265392291127
1210,47122.29818729637,0.620697693827436,6.92085277975707e-14,0,0,0,101800.73553281165,76371.0,17873.596374592747
1211,47137.9852501185,0.6201583414048866,6.92085277975707e-14,0,0,0,101851.57412180248,76371.0,17904.970500237003
1212,47153.693917297336,0.6196186057861506,6.92085277975707e-14,0,0,0,101902.49120361361,76371.0,17936.387834594672
1213,47169.42422159252,0.6190784869712278,6.92085277975707e-14,0,0,0,101953.48691804221,76371.0,17967.848443185037
1214,47185.17619583813,0.6185379849601185,6.92085277975707e-14,0,0,0,102004.56140523497,76371.0,17999.352391676264
1215,47200.949872942925,0.6179970997528224,6.92085277975707e-14,0,0,0,102055.71480568915,76371.0,18030.89974588585
1216,47216.74528589048,0.6174558313493397,6.92085277975707e-14,0,0,0,102106.94726025351,76371.0,18062.49057178096
1217,47232.56246773945,0.6169141797496702,6.92085277975707e-14,0,0,0,102158.25891012956,76371.0,18094.124935478907
1218,47248.40145162375,0.6163721449538144,6.92085277975707e-14,0,0,0,102209.64989687246,76371.0,18125.8029032475
1219,47264.26227075276,0.6158297269617716,6.92085277975707e-14,0,0,0,102261.12036239213,76371.0,18157.524541505525
1220,47280.144958411525,0.6152869257735423,6.92085277975707e-14,0,0,0,102312.67044895426,76371.0,18189.289916823054
1221,47296.04954796097,0.6147437413891266,6.92085277975707e-14,0,0,0,102364.30029918143,76371.0,18221.099095921934
1222,47311.976072838115,0.6142001738085237,6.92085277975707e-14,0,0,0,102416.01005605425,76371.0,18252.952145676234
1223,47327.92456655625,0.6136562230317346,6.92085277975707e-14,0,0,0,102467.79986291211,76371.0,18284.849133112497
1224,47343.89506270519,0.6131118890587586,6.92085277975707e-14,0,0,0,102519.66986345475,76371.0,18316.790125410378
1225,47359.88759495143,0.6125671718895962,6.92085277975707e-14,0,0,0,102571.62020174289,76371.0,18348.775189902863
1226,47375.90219703843,0.6120220715242468,6.92085277975707e-14,0,0,0,102623.65102219953,76371.0,18380.804394076855
1227,47391.938902786715,0.6114765879627111,6.92085277975707e-14,0,0,0,102675.762469611,76371.0,18412.877805573426
1228,47407.99774609421,0.6109307212049881,6.92085277975707e-14,0,0,0,102727.9546891281,76371.0,18444.99549218842
1229,47424.07876093634,0.6103844712510791,6.92085277975707e-14,0,0,0,102780.22782626702,76371.0,18477.157521872683
1230,47440.18198136634,0.609837838100983,6.92085277975707e-14,0,0,0,102832.58202691069,76371.0,18509.36396273268
1231,47456.307441515375,0.6092908217547008,6.92085277975707e-14,0,0,0,102885.01743730962,76371.0,18541.614883030747
1232,47472.45517559285,0.6087434222122314,6.92085277975707e-14,0,0,0,102937.53420408326,76371.0,18573.9103511857
1233,47488.625217886525,0.6081956394735759,6.92085277975707e-14,0,0,0,102990.13247422087,76371.0,18606.250435773047
1234,47504.81760276282,0.6076474735387334,6.92085277975707e-14,0,0,0,103042.81239508282,76371.0,18638.635205525643
1235,47521.03236466697,0.6070989244077045,6.92085277975707e-14,0,0,0,103095.5741144016,76371.0,18671.06472933394
1236,47537.26953812327,0.6065499920804889,6.92085277975707e-14,0,0,0,103148.41778028298,76371.0,18703.539076246536
1237,47553.52915773529,0.6060006765570862,6.92085277975707e-14,0,0,0,103201.34354120717,76371.0,18736.05831547058
1238,47569.81125818607,0.605450977837497,6.92085277975707e-14,0,0,0,103254.35154602981,76371.0,18768.62251637214
1239,47586.11587423837,0.6049008959217212,6.92085277975707e-14,0,0,0,103307.4419439833,76371.0,18801.231748476737
1240,47602.44304073487,0.6043504308097589,6.92085277975707e-14,0,0,0,103360.61488467778,76371.0,18833.88608146974
1241,47618.792792598404,0.60379958250161,6.92085277975707e-14,0,0,0,103413.87051810234,76371.0,18866.58558519681
1242,47635.165164832186,0.6032483509972741,6.92085277975707e-14,0,0,0,103467.20899462626,76371.0,18899.33032966437
1243,47651.56019251998,0.6026967362967519,6.92085277975707e-14,0,0,0,103520.63046499985,76371.0,18932.120385039965
1244,47667.977910826405,0.6021447384000431,6.92085277975707e-14,0,0,0,103574.135080356,76371.0,18964.955821652806
1245,47684.4183549971,0.6015923573071471,6.92085277975707e-14,0,0,0,103627.72299221113,76371.0,18997.8367099942
1246,47700.88156035894,0.601039593018065,6.92085277975707e-14,0,0,0,103681.39435246622,76371.0,19030.763120717882
1247,47717.36756232032,0.6004864455327961,6.92085277975707e-14,0,0,0,103735.14931340828,76371.0,19063.73512464065
1248,47733.876396371335,0.5999329148513406,6.92085277975707e-14,0,0,0,103788.98802771134,76371.0,19096.752792742675
1249,47750.40809808401,0.5993790009736983,6.92085277975707e-14,0,0,0,103842.91064843767,76371.0,19129.81619616802
1250,47766.962703112535,0.5988247038998693,6.92085277975707e-14,0,0,0,103896.91732903887,76371.0,19162.92540622507
1251,47783.54024719349,0.5982700236298537,6.92085277975707e-14,0,0,0,103951.00822335719,76371.0,19196.080494386973
1252,47800.14076614607,0.5977149601636516,6.92085277975707e-14,0,0,0,104005.18348562665,76371.0,19229.281532292134
1253,47816.76429587233,0.5971595135012626,6.92085277975707e-14,0,0,0,104059.4432704742,76371.0,19262.528591744664
1254,47833.41087235741,0.5966036836426871,6.92085277975707e-14,0,0,0,104113.78773292108,76371.0,19295.82174471482
1255,47850.08053166974,0.5960474705879251,6.92085277975707e-14,0,0,0,104168.2170283837,76371.0,19329.161063339474
1256,47866.77330996131,0.595490874336976,6.92085277975707e-14,0,0,0,104222.73131267526,76371.0,19362.54661992262
1257,47883.48924346787,0.5949338948898406,6.92085277975707e-14,0,0,0,104277.33074200658,76371.0,19395.978486935743
1258,47900.22836850919,0.5943765322465187,6.92085277975707e-14,0,0,0,104332.01547298754,76371.0,19429.45673701838
1259,47916.99072148928,0.5938187864070099,6.92085277975707e-14,0,0,0,104386.78566262824,76371.0,19462.981442978562
1260,47933.77633889663,0.5932606573713144,6.92085277975707e-14,0,0,0,104441.64146834024,76371.0,19496.552677793257
1261,47950.585257304425,0.5927021451394323,6.92085277975707e-14,0,0,0,104496.58304793772,76371.0,19530.170514608853
1262,47967.41751337083,0.5921432497113635,6.92085277975707e-14,0,0,0,104551.61055963876,76371.0,19563.835026741657
1263,47984.27314383915,0.5915839710871085,6.92085277975707e-14,0,0,0,104606.72416206663,76371.0,19597.546287678295
1264,48001.15218553818,0.591024309266666,6.92085277975707e-14,0,0,0,104661.92401425098,76371.0,19631.30437107636
1265,48018.054675382315,0.5904642642500373,6.92085277975707e-14,0,0,0,104717.210275629,76371.0,19665.109350764633
1266,48034.98065037189,0.5899038360372222,6.92085277975707e-14,0,0,0,104772.58310604679,76371.0,19698.96130074377
1267,48051.93014759337,0.5893430246282201,6.92085277975707e-14,0,0,0,104828.04266576064,76371.0,19732.86029518674
1268,48068.90320421961,0.5887818300230316,6.92085277975707e-14,0,0,0,104883.5891154382,76371.0,19766.80640843922
1269,48085.89985751011,0.5882202522216562,6.92085277975707e-14,0,0,0,104939.22261615974,76371.0,19800.79971502021
1270,48102.92014481119,0.5876582912240942,6.92085277975707e-14,0,0,0,104994.94332941945,76371.0,19834.84028962239
1271,48119.96410355635,0.5870959470303456,6.92085277975707e-14,0,0,0,105050.75141712678,76371.0,19868.928207112698
1272,48137.0317712664,0.5865332196404103,6.92085277975707e-14,0,0,0,105106.64704160759,76371.0,19903.063542532796
1273,48154.12318554977,0.5859701090542884,6.92085277975707e-14,0,0,0,105162.63036560554,76371.0,19937.246371099536
1274,48171.23838410275,0.5854066152719797,6.92085277975707e-14,0,0,0,105218.70155228327,76371.0,19971.47676820549
1275,48188.3774047097,0.5848427382934844,6.92085277975707e-14,0,0,0,105274.86076522384,76371.0,20005.754809419406
1276,48205.54028524337,0.5842784781188026,6.92085277975707e-14,0,0,0,105331.10816843188,76371.0,20040.08057048674
1277,48222.72706366507,0.5837138347479343,6.92085277975707e-14,0,0,0,105387.44392633502,76371.0,20074.45412733014
1278,48239.93777802498,0.5831488081808789,6.92085277975707e-14,0,0,0,105443.8682037851,76371.0,20108.875556049956
1279,48257.17246646234,0.5825833984176372,6.92085277975707e-14,0,0,0,105500.38116605947,76371.0,20143.34493292468
1280,48274.43116720578,0.5820176054582085,6.92085277975707e-14,0,0,0,105556.98297886243,76371.0,20177.862334411566
1281,48291.71391857349,0.5814514293025936,6.92085277975707e-14,0,0,0,105613.67380832639,76371.0,20212.42783714698
1282,48309.02075897355,0.5808848699507918,6.92085277975707e-14,0,0,0,105670.45382101336,76371.0,20247.0415179471
1283,48326.351726904126,0.580317927402803,6.92085277975707e-14,0,0,0,105727.3231839162,76371.0,20281.703453808255
1284,48343.70686095373,0.579750601658628,6.92085277975707e-14,0,0,0,105784.28206445985,76371.0,20316.413721907462
1285,48361.086199801524,0.5791828927182663,6.92085277975707e-14,0,0,0,105841.3306305029,76371.0,20351.17239960305
1286,48378.489782217526,0.578614800581718,6.92085277975707e-14,0,0,0,105898.4690503387,76371.0,20385.979564435052
1287,48395.917647062895,0.5780463252489827,6.92085277975707e-14,0,0,0,105955.69749269699,76371.0,20420.835294125794
1288,48413.36983329017,0.5774774667200611,6.92085277975707e-14,0,0,0,106013.01612674487,76371.0,20455.73966658034
1289,48430.84637994354,0.5769082249949526,6.92085277975707e-14,0,0,0,106070.42512208855,76371.0,20490.692759887086
1290,48448.34732615912,0.5763386000736577,6.92085277975707e-14,0,0,0,106127.9246487745,76371.0,20525.694652318238
1291,48465.872711165175,0.5757685919561759,6.92085277975707e-14,0,0,0,106185.51487729086,76371.0,20560.745422330354
1292,48483.42257428241,0.5751982006425078,6.92085277975707e-14,0,0,0,106243.19597856881,76371.0,20595.845148564826
1293,48500.99695492425,0.5746274261326527,6.92085277975707e-14,0,0,0,106300.968123984,76371.0,20630.9939098485
1294,48518.59589259705,0.5740562684266108,6.92085277975707e-14,0,0,0,106358.83148535789,76371.0,20666.1917851941
1295,48536.21942690039,0.5734847275243826,6.92085277975707e-14,0,0,0,106416.78623495915,76371.0,20701.438853800773
1296,48553.86759752735,0.5729128034259676,6.92085277975707e-14,0,0,0,106474.83254550502,76371.0,20736.735195054705
1297,48571.54044426478,0.5723404961313663,6.92085277975707e-14,0,0,0,106532.97059016279,76371.0,20772.080888529552
1298,48589.23800699353,0.5717678056405782,6.92085277975707e-14,0,0,0,106591.20054255123,76371.0,20807.47601398706
1299,48606.960325688786,0.5711947319536028,6.92085277975707e-14,0,0,0,106649.52257674192,76371.0,20842.92065137757
1300,48624.70744042023,0.5706212750704414,6.92085277975707e-14,0,0,0,106707.93686726056,76371.0,20878.41488084046
1301,48642.47939135243,0.5700474349910931,6.92085277975707e-14,0,0,0,106766.4435890887,76371.0,20913.95878270487
1302,48660.27621874505,0.5694732117155583,6.92085277975707e-14,0,0,0,106825.04291766486,76371.0,20949.552437490103
1303,48678.09796295312,0.5688986052438367,6.92085277975707e-14,0,0,0,106883.73502888622,76371.0,20985.195925906242
1304,48695.94466442732,0.5683236155759286,6.92085277975707e-14,0,0,0,106942.5200991098,76371.0,21020.889328854635
1305,48713.81636371426,0.5677482427118339,6.92085277975707e-14,0,0,0,107001.39830515414,76371.0,21056.63272742851
1306,48731.71310145674,0.5671724866515524,6.92085277975707e-14,0,0,0,107060.36982430062,76371.0,21092.426202913488
1307,48749.63491839407,0.5665963473950841,6.92085277975707e-14,0,0,0,107119.434834295,76371.0,21128.26983678814
1308,48767.58185536225,0.5660198249424295,6.92085277975707e-14,0,0,0,107178.59351334868,76371.0,21164.163710724508
1309,48785.55395329439,0.5654429192935879,6.92085277975707e-14,0,0,0,107237.84604014052,76371.0,21200.10790658877
1310,48803.55125322082,0.5648656304485598,6.92085277975707e-14,0,0,0,107297.19259381786,76371.0,21236.102506441646
1311,48821.57379626953,0.5642879584073452,6.92085277975707e-14,0,0,0,107356.63335399845,76371.0,21272.14759253905
1312,48839.62162366635,0.5637099031699437,6.92085277975707e-14,0,0,0,107416.1685007717,76371.0,21308.243247332703
1313,48857.69477673527,0.5631314647363559,6.92085277975707e-14,0,0,0,107475.79821470006,76371.0,21344.389553470533
1314,48875.793296898715,0.562552643106581,6.92085277975707e-14,0,0,0,107535.52267682081,76371.0,21380.586593797427
1315,48893.91722567782,0.5619734382806196,6.92085277975707e-14,0,0,0,107595.3420686473,76371.0,21416.83445135564
1316,48912.06660469274,0.5613938502584714,6.92085277975707e-14,0,0,0,107655.2565721706,76371.0,21453.133209385483
1317,48930.2414756629,0.5608138790401369,6.92085277975707e-14,0,0,0,107715.2663698609,76371.0,21489.482951325797
1318,48948.441880407314,0.5602335246256156,6.92085277975707e-14,0,0,0,107775.37164466917,76371.0,21525.883760814628
1319,48966.667860844864,0.5596527870149077,6.92085277975707e-14,0,0,0,107835.57258002856,76371.0,21562.335721689728
1320,48984.919458994584,0.5590716662080129,6.92085277975707e-14,0,0,0,107895.86935985606,76371.0,21598.83891798917
1321,49003.19671697594,0.5584901622049316,6.92085277975707e-14,0,0,0,107956.2621685538,76371.0,21635.39343395187
1322,49021.49967700913,0.5579082750056639,6.92085277975707e-14,0,0,0,108016.75119101084,76371.0,21671.99935401826
1323,49039.828381415406,0.5573260046102093,6.92085277975707e-14,0,0,0,108077.33661260459,76371.0,21708.65676283081
1324,49058.18287261732,0.556743351018568,6.92085277975707e-14,0,0,0,108138.01861920241,76371.0,21745.365745234634
1325,49076.56319313903,0.5561603142307399,6.92085277975707e-14,0,0,0,108198.79739716309,76371.0,21782.126386278065
1326,49094.96938560661,0.5555768942467256,6.92085277975707e-14,0,0,0,108259.6731333385,76371.0,21818.938771213212
1327,49113.40149274835,0.5549930910665242,6.92085277975707e-14,0,0,0,108320.64601507517,76371.0,21855.802985496703
1328,49131.859557395015,0.5544089046901366,6.92085277975707e-14,0,0,0,108381.71623021571,76371.0,21892.719114790027
1329,49150.343622480206,0.5538243351175618,6.92085277975707e-14,0,0,0,108442.88396710063,76371.0,21929.687244960412
1330,49168.85373104057,0.5532393823488011,6.92085277975707e-14,0,0,0,108504.14941456965,76371.0,21966.707462081144
1331,49187.38992621623,0.552654046383853,6.92085277975707e-14,0,0,0,108565.51276196366,76371.0,22003.779852432464
1332,49205.952251250936,0.5520683272227185,6.92085277975707e-14,0,0,0,108626.97419912589,76371.0,22040.90450250187
1333,49224.54074949247,0.5514822248653974,6.92085277975707e-14,0,0,0,108688.53391640383,76371.0,22078.081498984946
1334,49243.15546439294,0.5508957393118894,6.92085277975707e-14,0,0,0,108750.19210465078,76371.0,22115.310928785886
1335,49261.796439509024,0.550308870562195,6.92085277975707e-14,0,0,0,108811.94895522729,76371.0,22152.59287901805
1336,49280.463718502346,0.5497216186163141,6.92085277975707e-14,0,0,0,108873.80466000306,76371.0,22189.927437004695
1337,49299.157345139756,0.5491339834742464,6.92085277975707e-14,0,0,0,108935.7594113584,76371.0,22227.31469027951
1338,49317.87736329361,0.5485459651359921,6.92085277975707e-14,0,0,0,108997.81340218584,76371.0,22264.754726587224
1339,49336.62381694214,0.5479575636015508,6.92085277975707e-14,0,0,0,109059.96682589194,76371.0,22302.247633884283
1340,49355.39675016969,0.5473687788709232,6.92085277975707e-14,0,0,0,109122.2198763987,76371.0,22339.793500339376
1341,49374.19620716708,0.546779610944109,6.92085277975707e-14,0,0,0,109184.5727481454,76371.0,22377.39241433416
1342,49393.02223223193,0.5461900598211078,6.92085277975707e-14,0,0,0,109247.02563609031,76371.0,22415.044464463866
1343,49411.87486976891,0.5456001255019203,6.92085277975707e-14,0,0,0,109309.57873571214,76371.0,22452.749739537812
1344,49430.7541642901,0.545009807986546,6.92085277975707e-14,0,0,0,109372.23224301181,76371.0,22490.508328580196
1345,49449.66016041531,0.5444191072749849,6.92085277975707e-14,0,0,0,109434.98635451427,76371.0,22528.320320830622
1346,49468.59290287237,0.5438280233672375,6.92085277975707e-14,0,0,0,109497.84126726993,76371.0,22566.18580574474
1347,49487.55243649747,0.5432365562633032,6.92085277975707e-14,0,0,0,109560.79717885659,76371.0,22604.104872994943
1348,49506.53880623548,0.542644705963182,6.92085277975707e-14,0,0,0,109623.85428738112,76371.0,22642.07761247097
1349,49525.55205714023,0.5420524724668747,6.92085277975707e-14,0,0,0,109687.01279148085,76371.0,22680.104114280457
1350,49544.59223437489,0.5414598557743804,6.92085277975707e-14,0,0,0,109750.27289032572,76371.0,22718.184468749776
1351,49563.659383212245,0.5408668558856995,6.92085277975707e-14,0,0,0,109813.63478361974,76371.0,22756.31876642449
1352,49582.75354903506,0.5402734728008318,6.92085277975707e-14,0,0,0,109877.0986716028,76371.0,22794.507098070117
1353,49601.87477733635,0.5396797065197778,6.92085277975707e-14,0,0,0,109940.66475505236,76371.0,22832.7495546727
1354,49621.02311371978,0.5390855570425368,6.92085277975707e-14,0,0,0,110004.33323528524,76371.0,22871.046227439558
1355,49640.1986038999,0.5384910243691095,6.92085277975707e-14,0,0,0,110068.1043141593,76371.0,22909.397207799808
1356,49659.40129370258,0.5378961084994953,6.92085277975707e-14,0,0,0,110131.97819407526,76371.0,22947.802587405156
1357,49678.631229065235,0.5373008094336946,6.92085277975707e-14,0,0,0,110195.95507797848,76371.0,22986.262458130466
1358,49697.88845603723,0.5367051271717069,6.92085277975707e-14,0,0,0,110260.03516936059,76371.0,23024.776912074463
1359,49717.17302078017,0.5361090617135331,6.92085277975707e-14,0,0,0,110324.21867226138,76371.0,23063.34604156033
1360,49736.48496956826,0.5355126130591723,6.92085277975707e-14,0,0,0,110388.50579127063,76371.0,23101.96993913651
1361,49755.824348788614,0.5349157812086249,6.92085277975707e-14,0,0,0,110452.89673152973,76371.0,23140.64869757723
1362,49775.19120494163,0.5343185661618908,6.92085277975707e-14,0,0,0,110517.39169873364,76371.0,23179.38240988326
1363,49794.58558464127,0.5337209679189701,6.92085277975707e-14,0,0,0,110581.99089913256,76371.0,23218.171169282537
1364,49814.00753461544,0.5331229864798626,6.92085277975707e-14,0,0,0,110646.69453953387,76371.0,23257.01506923088
1365,49833.45710170631,0.5325246218445685,6.92085277975707e-14,0,0,0,110711.50282730376,76371.0,23295.91420341263
1366,49852.93433287069,0.5319258740130877,6.92085277975707e-14,0,0,0,110776.41597036927,76371.0,23334.868665741382
1367,49872.43927518028,0.5313267429854207,6.92085277975707e-14,0,0,0,110841.43417721994,76371.0,23373.878550360565
1368,49891.97197582216,0.5307272287615665,6.92085277975707e-14,0,0,0,110906.55765690983,76371.0,23412.943951644327
1369,49911.53248209897,0.5301273313415262,6.92085277975707e-14,0,0,0,110971.78661905913,76371.0,23452.06496419794
1370,49931.120841429394,0.5295270507252987,6.92085277975707e-14,0,0,0,111037.12127385628,76371.0,23491.241682858792
1371,49950.7371013484,0.5289263869128848,6.92085277975707e-14,0,0,0,111102.5618320595,76371.0,23530.474202696805
1372,49970.38130950766,0.5283253399042844,6.92085277975707e-14,0,0,0,111168.10850499898,76371.0,23569.762619015324
1373,49990.05351367589,0.5277239096994968,6.92085277975707e-14,0,0,0,111233.76150457867,76371.0,23609.107027351783
1374,50009.75376173912,0.5271220962985232,6.92085277975707e-14,0,0,0,111299.52104327784,76371.0,23648.507523478238
1375,50029.48210170118,0.5265198997013627,6.92085277975707e-14,0,0,0,111365.38733415352,76371.0,23687.964203402353
1376,50049.238581683945,0.5259173199080152,6.92085277975707e-14,0,0,0,111431.36059084198,76371.0,23727.477163367894
1377,50069.023249927726,0.5253143569184813,6.92085277975707e-14,0,0,0,111497.44102756075,76371.0,23767.046499855456
1378,50088.83615479163,0.5247110107327608,6.92085277975707e-14,0,0,0,111563.62885911057,76371.0,23806.67230958326
1379,50108.67734475391,0.5241072813508538,6.92085277975707e-14,0,0,0,111629.92430087725,76371.0,23846.354689507818
1380,50128.546868412326,0.52350316877276,6.92085277975707e-14,0,0,0,111696.32756883366,76371.0,23886.093736824656
1381,50148.44477448452,0.5228986729984795,6.92085277975707e-14,0,0,0,111762.8388795416,76371.0,23925.88954896903
1382,50168.37111180831,0.5222937940280123,6.92085277975707e-14,0,0,0,111829.45845015375,76371.0,23965.742223616617
1383,50188.32592934214,0.5216885318613587,6.92085277975707e-14,0,0,0,111896.1864984156,76371.0,24005.651858684283
1384,50208.309276165404,0.5210828864985182,6.92085277975707e-14,0,0,0,111963.02324266754,76371.0,24045.61855233081
1385,50228.32120147879,0.5204768579394912,6.92085277975707e-14,0,0,0,112029.96890184666,76371.0,24085.642402957583
1386,50248.36175460469,0.5198704461842774,6.92085277975707e-14,0,0,0,112097.02369548874,76371.0,24125.723509209372
1387,50268.430984987506,0.5192636512328768,6.92085277975707e-14,0,0,0,112164.18784373032,76371.0,24165.861969975016
1388,50288.52894219409,0.5186564730852898,6.92085277975707e-14,0,0,0,112231.46156731057,76371.0,24206.05788438818
1389,50308.65567591407,0.5180489117415159,6.92085277975707e-14,0,0,0,112298.84508757349,76371.0,24246.31135182815
1390,50328.81123596022,0.5174409672015559,6.92085277975707e-14,0,0,0,112366.33862646954,76371.0,24286.62247192043
1391,50348.99567226885,0.5168326394654086,6.92085277975707e-14,0,0,0,112433.9424065581,76371.0,24326.991344537706
1392,50369.209034900174,0.516223928533075,6.92085277975707e-14,0,0,0,112501.65665100915,76371.0,24367.41806980035
1393,50389.45137403868,0.5156148344045548,6.92085277975707e-14,0,0,0,112569.48158360542,76371.0,24407.902748077362
1394,50409.72273999351,0.5150053570798481,6.92085277975707e-14,0,0,0,112637.41742874439,76371.0,24448.445479987015
1395,50430.02318319885,0.5143954965589543,6.92085277975707e-14,0,0,0,112705.4644114405,76371.0,24489.0463663977
1396,50450.352754214284,0.5137852528418738,6.92085277975707e-14,0,0,0,112773.6227573269,76371.0,24529.70550842857
1397,50470.711503725186,0.513174625928607,6.92085277975707e-14,0,0,0,112841.89269265768,76371.0,24570.423007450372
1398,50491.09948254312,0.5125636158191533,6.92085277975707e-14,0,0,0,112910.27444431,76371.0,24611.198965086238
1399,50511.51674160619,0.5119522225135131,6.92085277975707e-14,0,0,0,112978.76823978596,76371.0,24652.033483212374
1400,50531.963331979445,0.5113404460116864,6.92085277975707e-14,0,0,0,113047.37430721495,76371.0,24692.926663958893
1401,50552.4393048553,0.5107282863136726,6.92085277975707e-14,0,0,0,113116.09287535553,76371.0,24733.878609710606
1402,50572.94471155383,0.5101157434194727,6.92085277975707e-14,0,0,0,113184.92417359754,76371.0,24774.889423107656
1403,50593.479603523265,0.5095028173290856,6.92085277975707e-14,0,0,0,113253.86843196438,76371.0,24815.95920704653
1404,50614.044032340295,0.5088895080425122,6.92085277975707e-14,0,0,0,113322.92588111488,76371.0,24857.088064680593
1405,50634.63804971053,0.508275815559752,6.92085277975707e-14,0,0,0,113392.09675234565,76371.0,24898.27609942106
1406,50655.26170746884,0.5076617398808052,6.92085277975707e-14,0,0,0,113461.38127759307,76371.0,24939.52341493768
1407,50675.91505757978,0.5070472810056719,6.92085277975707e-14,0,0,0,113530.77968943544,76371.0,24980.83011515957
1408,50696.598152138,0.5064324389343517,6.92085277975707e-14,0,0,0,113600.29222109525,76371.0,25022.196304276004
1409,50717.31104336859,0.5058172136668451,6.92085277975707e-14,0,0,0,113669.9191064412,76371.0,25063.622086737178
1410,50738.05378362753,0.5052016052031516,6.92085277975707e-14,0,0,0,113739.66057999045,76371.0,25105.107567255065
1411,50758.82642540207,0.5045856135432716,6.92085277975707e-14,0,0,0,113809.51687691068,76371.0,25146.652850804137
1412,50779.629021311135,0.5039692386872048,6.92085277975707e-14,0,0,0,113879.48823302248,76371.0,25188.258042622274
1413,50800.46162410572,0.5033524806349516,6.92085277975707e-14,0,0,0,113949.5748848013,76371.0,25229.923248211442
1414,50821.32428666933,0.5027353393865115,6.92085277975707e-14,0,0,0,114019.77706937992,76371.0,25271.648573338665
1415,50842.21706201834,0.5021178149418848,6.92085277975707e-14,0,0,0,114090.09502455033,76371.0,25313.434124036678
1416,50863.140003302426,0.5014999073010713,6.92085277975707e-14,0,0,0,114160.52898876628,76371.0,25355.280006604848
1417,50884.09316380496,0.5008816164640715,6.92085277975707e-14,0,0,0,114231.07920114524,76371.0,25397.18632760992
1418,50905.07659694348,0.5002629424308849,6.92085277975707e-14,0,0,0,114301.7459014709,76371.0,25439.15319388696
1419,50926.09035627002,0.4996438852015115,6.92085277975707e-14,0,0,0,114372.52933019516,76371.0,25481.18071254004
1420,50947.13449547157,0.49902444477595154,6.92085277975707e-14,0,0,0,114443.4297284405,76371.0,25523.26899094314
1421,50968.209068370496,0.4984046211542048,6.92085277975707e-14,0,0,0,114514.44733800236,76371.0,25565.41813674099
1422,50989.314128924925,0.49778441433627174,6.92085277975707e-14,0,0,0,114585.58240135106,76371.0,25607.628257849847
1423,51010.44973122921,0.49716382432215167,6.92085277975707e-14,0,0,0,114656.83516163458,76371.0,25649.89946245842
1424,51031.61592951431,0.49654285111184526,6.92085277975707e-14,0,0,0,114728.20586268042,76371.0,25692.231859028612
1425,51052.81277814823,0.4959214947053521,6.92085277975707e-14,0,0,0,114799.69474899814,76371.0,25734.62555629646
1426,51074.04033163646,0.4952997551026721,6.92085277975707e-14,0,0,0,114871.30206578152,76371.0,25777.080663272925
1427,51095.29864462236,0.4946776323038058,6.92085277975707e-14,0,0,0,114943.02805891108,76371.0,25819.597289244713
1428,51116.58777188763,0.4940551263087525,6.92085277975707e-14,0,0,0,115014.8729749562,76371.0,25862.175543775254
1429,51137.9077683527,0.4934322371175126,6.92085277975707e-14,0,0,0,115086.83706117753,76371.0,25904.8155367054
1430,51159.2586890772,0.4928089647300862,6.92085277975707e-14,0,0,0,115158.92056552939,76371.0,25947.5173781544
1431,51180.64058926036,0.4921853091464732,6.92085277975707e-14,0,0,0,115231.12373666209,76371.0,25990.281178520716
1432,51202.05352424147,0.4915612703666732,6.92085277975707e-14,0,0,0,115303.44682392431,76371.0,26033.107048482936
1433,51223.497549500265,0.49093684839068685,6.92085277975707e-14,0,0,0,115375.89007736537,76371.0,26075.995099000535
1434,51244.972720657446,0.49031204321851374,6.92085277975707e-14,0,0,0,115448.45374773783,76371.0,26118.945441314896
1435,51266.47909347504,0.48968685485015384,6.92085277975707e-14,0,0,0,115521.13808649968,76371.0,26161.958186950083
1436,51288.01672385686,0.4890612832856076,6.92085277975707e-14,0,0,0,115593.9433458168,76371.0,26205.03344771372
1437,51309.585667848994,0.48843532852487437,6.92085277975707e-14,0,0,0,115666.86977856555,76371.0,26248.171335697985
1438,51331.18598164016,0.4878089905679548,6.92085277975707e-14,0,0,0,115739.91763833481,76371.0,26291.371963280322
1439,51352.817721562256,0.48718226941484843,6.92085277975707e-14,0,0,0,115813.08717942887,76371.0,26334.63544312451
1440,51374.48094409071,0.4865551650655555,6.92085277975707e-14,0,0,0,115886.37865686955,76371.0,26377.96188818142
1441,51396.175705845,0.4859276775200756,6.92085277975707e-14,0,0,0,115959.79232639876,76371.0,26421.351411690008
1442,51417.90206358906,0.4852998067784091,6.92085277975707e-14,0,0,0,116033.32844448101,76371.0,26464.804127178126
1443,51439.66007423173,0.4846715528405565,6.92085277975707e-14,0,0,0,116106.98726830573,76371.0,26508.320148463463
1444,51461.44979482728,0.4840429157065167,6.92085277975707e-14,0,0,0,116180.76905578999,76371.0,26551.899589654557
1445,51483.27128257575,0.48341389537629054,6.92085277975707e-14,0,0,0,116254.67406558078,76371.0,26595.542565151492
1446,51505.1245948235,0.4827844918498776,6.92085277975707e-14,0,0,0,116328.70255705765,76371.0,26639.249189647006
1447,51527.009789063646,0.4821547051272781,6.92085277975707e-14,0,0,0,116402.85479033513,76371.0,26683.019578127292
1448,51548.926922936495,0.4815245352084918,6.92085277975707e-14,0,0,0,116477.13102626533,76371.0,26726.85384587299
1449,51570.87605423002,0.48089398209351897,6.92085277975707e-14,0,0,0,116551.5315264404,76371.0,26770.752108460045
1450,51592.85724088035,0.48026304578235934,6.92085277975707e-14,0,0,0,116626.05655319522,76371.0,26814.7144817607
1451,51614.87054097219,0.47963172627501316,6.92085277975707e-14,0,0,0,116700.70636960973,76371.0,26858.741081944376
1452,51636.91601273932,0.4790000235714802,6.92085277975707e-14,0,0,0,116775.48123951168,76371.0,26902.83202547864
1453,51658.993714565055,0.4783679376717609,6.92085277975707e-14,0,0,0,116850.38142747921,76371.0,26946.98742913011
1454,51681.103704982736,0.4777354685758546,6.92085277975707e-14,0,0,0,116925.40719884327,76371.0,26991.207409965475
1455,51703.24604267615,0.4771026162837617,6.92085277975707e-14,0,0,0,117000.55881969041,76371.0,27035.49208535231
1456,51725.42078648007,0.4764693807954823,6.92085277975707e-14,0,0,0,117075.83655686527,76371.0,27079.841572960144
1457,51747.62799538067,0.4758357621110163,6.92085277975707e-14,0,0,0,117151.24067797321,76371.0,27124.255990761347
1458,51769.867728516074,0.47520176023036353,6.92085277975707e-14,0,0,0,117226.77145138304,76371.0,27168.735457032144
1459,51792.14004517675,0.4745673751535242,6.92085277975707e-14,0,0,0,117302.42914622951,76371.0,27213.28009035349
1460,51814.44500480607,0.4739326068804979,6.92085277975707e-14,0,0,0,117378.21403241609,76371.0,27257.890009612136
1461,51836.78266700074,0.473297455411285,6.92085277975707e-14,0,0,0,117454.12638061754,76371.0,27302.565334001487
1462,51859.15309151132,0.47266192074588576,6.92085277975707e-14,0,0,0,117530.16646228264,76371.0,27347.30618302264
1463,51881.556338242684,0.47202600288429997,6.92085277975707e-14,0,0,0,117606.33454963689,76371.0,27392.112676485373
1464,51903.99246725456,0.4713897018265272,6.92085277975707e-14,0,0,0,117682.63091568518,76371.0,27436.98493450912
1465,51926.46153876193,0.47075301757256804,6.92085277975707e-14,0,0,0,117759.0558342144,76371.0,27481.923077523854
1466,51948.963613135624,0.4701159501224219,6.92085277975707e-14,0,0,0,117835.60957979644,76371.0,27526.927226271247
1467,51971.49875090274,0.4694784994760892,6.92085277975707e-14,0,0,0,117912.29242779053,76371.0,27571.997501805476
1468,51994.067012747175,0.46884066563356996,6.92085277975707e-14,0,0,0,117989.10465434627,76371.0,27617.134025494346
1469,52016.66845951013,0.46820244859486393,6.92085277975707e-14,0,0,0,118066.04653640636,76371.0,27662.33691902026
1470,52039.30315219059,0.46756384835997133,6.92085277975707e-14,0,0,0,118143.11835170916,76371.0,27707.60630438117
1471,52061.97115194582,0.4669248649288922,6.92085277975707e-14,0,0,0,118220.32037879172,76371.0,27752.94230389164
1472,52084.672520091925,0.466285498301626,6.92085277975707e-14,0,0,0,118297.65289699244,76371.0,27798.345040183853
1473,52107.40731810428,0.4656457484781735,6.92085277975707e-14,0,0,0,118375.1161864538,76371.0,27843.814636208554
1474,52130.17560761808,0.46500561545853425,6.92085277975707e-14,0,0,0,118452.71052812536,76371.0,27889.351215236165
1475,52152.977450428865,0.4643650992427084,6.92085277975707e-14,0,0,0,118530.4362037664,76371.0,27934.95490085773
1476,52175.812908493,0.4637241998306958,6.92085277975707e-14,0,0,0,118608.29349594883,76371.0,27980.625816985994
1477,52198.68204392818,0.46308291722249684,6.92085277975707e-14,0,0,0,118686.28268806,76371.0,28026.364087856353
1478,52221.584919014014,0.4624412514181109,6.92085277975707e-14,0,0,0,118764.4040643057,76371.0,28072.16983802803
1479,52244.521596192455,0.4617992024175386,6.92085277975707e-14,0,0,0,118842.6579097128,76371.0,28118.04319238491
1480,52267.4921380684,0.4611567702207793,6.92085277975707e-14,0,0,0,118921.04451013234,76371.0,28163.984276136805
1481,52290.49660741015,0.4605139548278334,6.92085277975707e-14,0,0,0,118999.56415224222,76371.0,28209.993214820293
1482,52313.53506714995,0.459870756238701,6.92085277975707e-14,0,0,0,119078.21712355026,76371.0,28256.0701342999
1483,52336.60758038455,0.459227174453382,6.92085277975707e-14,0,0,0,119157.00371239717,76371.0,28302.2151607691
1484,52359.7142103757,0.45858320947187625,6.92085277975707e-14,0,0,0,119235.92420795918,76371.0,28348.428420751403
1485,52382.8550205507,0.4579388612941837,6.92085277975707e-14,0,0,0,119314.97890025142,76371.0,28394.710041101396
1486,52406.03007450288,0.4572941299203048,6.92085277975707e-14,0,0,0,119394.16808013039,76371.0,28441.06014900576
1487,52429.239435992225,0.45664901535023916,6.92085277975707e-14,0,0,0,119473.49203929737,76371.0,28487.478871984447
1488,52452.48316894584,0.4560035175839867,6.92085277975707e-14,0,0,0,119552.9510703011,76371.0,28533.966337891678
1489,52475.76133745851,0.4553576366215475,6.92085277975707e-14,0,0,0,119632.5454665409,76371.0,28580.52267491703
1490,52499.07400579324,0.4547113724629219,6.92085277975707e-14,0,0,0,119712.27552226961,76371.0,28627.148011586487
1491,52522.42123838182,0.4540647251081096,6.92085277975707e-14,0,0,0,119792.14153259672,76371.0,28673.842476763642
1492,52545.80309982532,0.4534176945571107,6.92085277975707e-14,0,0,0,119872.14379349118,76371.0,28720.606199650647
1493,52569.2196548947,0.452770280809925,6.92085277975707e-14,0,0,0,119952.28260178475,76371.0,28767.4393097894
1494,52592.67096853129,0.45212248386655296,6.92085277975707e-14,0,0,0,120032.55825517472,76371.0,28814.341937062574
1495,52616.157105847415,0.45147430372699393,6.92085277975707e-14,0,0,0,120112.97105222731,76371.0,28861.31421169483
1496,52639.67813212689,0.45082574039124834,6.92085277975707e-14,0,0,0,120193.52129238048,76371.0,28908.356264253784
1497,52663.23411282561,0.45017679385931597,6.92085277975707e-14,0,0,0,120274.20927594713,76371.0,28955.468225651217
1498,52686.82511357207,0.44952746413119726,6.92085277975707e-14,0,0,0,120355.03530411818,76371.0,29002.65022714414
1499,52710.451200168,0.44887775120689133,6.92085277975707e-14,0,0,0,120435.99967896579,76371.0,29049.902400336
1500,52734.1124385888,0.4482276550863995,6.92085277975707e-14,0,0,0,120517.10270344632,76371.0,29097.22487717761
1501,52757.80889498429,0.44757717576972045,6.92085277975707e-14,0,0,0,120598.34468140375,76371.0,29144.617789968586
1502,52781.54063567908,0.44692631325685483,6.92085277975707e-14,0,0,0,120679.72591757237,76371.0,29192.081271358158
1503,52805.30772717325,0.4462750675478029,6.92085277975707e-14,0,0,0,120761.24671758048,76371.0,29239.615454346487
1504,52829.110236142915,0.44562343864256415,6.92085277975707e-14,0,0,0,120842.90738795321,76371.0,29287.220472285826
1505,52852.94822944079,0.4449714265411384,6.92085277975707e-14,0,0,0,120924.70823611594,76371.0,29334.896458881587
1506,52876.82177409674,0.44431903124352634,6.92085277975707e-14,0,0,0,121006.64957039733,76371.0,29382.643548193475
1507,52900.73093731837,0.4436662527497277,6.92085277975707e-14,0,0,0,121088.73170003264,76371.0,29430.461874636738
1508,52924.67578649164,0.4430130910597423,6.92085277975707e-14,0,0,0,121170.9549351671,76371.0,29478.351572983283
1509,52948.65638918141,0.4423595461735701,6.92085277975707e-14,0,0,0,121253.31958685884,76371.0,29526.31277836282
1510,52972.67281313201,0.44170561809121134,6.92085277975707e-14,0,0,0,121335.82596708245,76371.0,29574.34562626403
1511,52996.7251262679,0.4410513068126658,6.92085277975707e-14,0,0,0,121418.47438873217,76371.0,29622.4502525358
1512,53020.81339669415,0.4403966123379339,6.92085277975707e-14,0,0,0,121501.26516562507,76371.0,29670.626793388306
1513,53044.93769269715,0.43974153466701527,6.92085277975707e-14,0,0,0,121584.1986125046,76371.0,29718.8753853943
1514,53069.09808274512,0.4390860737999098,6.92085277975707e-14,0,0,0,121667.27504504367,76371.0,29767.196165490244
1515,53093.29463548873,0.4384302297366178,6.92085277975707e-14,0,0,0,121750.49477984817,76371.0,29815.589270977467
1516,53117.52741976172,0.43777400247713927,6.92085277975707e-14,0,0,0,121833.85813446021,76371.0,29864.05483952344
1517,53141.79650458148,0.4371173920214737,6.92085277975707e-14,0,0,0,121917.36542736154,76371.0,29912.593009162956
1518,53166.10195914962,0.4364603983696218,6.92085277975707e-14,0,0,0,122001.01697797682,76371.0,29961.20391829925
1519,53190.44385285267,0.43580302152158334,6.92085277975707e-14,0,0,0,122084.81310667728,76371.0,30009.88770570535
1520,53214.82225526262,0.4351452614773581,6.92085277975707e-14,0,0,0,122168.75413478381,76371.0,30058.64451052523
1521,53239.237236137495,0.4344871182369463,6.92085277975707e-14,0,0,0,122252.84038457059,76371.0,30107.47447227499
1522,53263.68886542208,0.4338285918003477,6.92085277975707e-14,0,0,0,122337.07217926854,76371.0,30156.37773084416
1523,53288.17721324844,0.43316968216756235,6.92085277975707e-14,0,0,0,122421.44984306859,76371.0,30205.354426496873
1524,53312.70234993656,0.4325103893385902,6.92085277975707e-14,0,0,0,122505.97370112535,76371.0,30254.404699873125
1525,53337.26434599499,0.4318507133134317,6.92085277975707e-14,0,0,0,122590.64407956038,76371.0,30303.528691989985
1526,53361.86327212146,0.43119065409208646,6.92085277975707e-14,0,0,0,122675.46130546599,76371.0,30352.726544242923
1527,53386.49919920348,0.43053021167455485,6.92085277975707e-14,0,0,0,122760.42570690847,76371.0,30401.99839840695
1528,53411.172198319,0.42986938606083647,6.92085277975707e-14,0,0,0,122845.53761293176,76371.0,30451.344396637993
1529,53435.88234073703,0.4292081772509313,6.92085277975707e-14,0,0,0,122930.79735356095,76371.0,30500.764681474062
1530,53460.62969791827,0.42854658524483935,6.92085277975707e-14,0,0,0,123016.20525980592,76371.0,30550.25939583655
1531,53485.41434151574,0.42788461004256106,6.92085277975707e-14,0,0,0,123101.76166366469,76371.0,30599.828683031472
1532,53510.236343375414,0.427222251644096,6.92085277975707e-14,0,0,0,123187.46689812733,76371.0,30649.472686750833
1533,53535.09577553691,0.42655951004944415,6.92085277975707e-14,0,0,0,123273.32129717934,76371.0,30699.191551073818
1534,53559.99271023405,0.4258963852586055,6.92085277975707e-14,0,0,0,123359.3251958053,76371.0,30748.985420468107
1535,53584.927219895566,0.42523287727158077,6.92085277975707e-14,0,0,0,123445.47892999255,76371.0,30798.85443979113
1536,53609.899377145746,0.424568986088369,6.92085277975707e-14,0,0,0,123531.78283673486,76371.0,30848.798754291493
1537,53634.90925480506,0.4239047117089707,6.92085277975707e-14,0,0,0,123618.23725403605,76371.0,30898.818509610115
1538,53659.95692589083,0.4232400541333856,6.92085277975707e-14,0,0,0,123704.84252091368,76371.0,30948.913851781654
1539,53685.042463617865,0.42257501336161396,6.92085277975707e-14,0,0,0,123791.59897740277,76371.0,30999.084927235734
1540,53710.16594139917,0.4219095893936555,6.92085277975707e-14,0,0,0,123878.5069645596,76371.0,31049.331882798346
1541,53735.32743284655,0.42124378222951053,6.92085277975707e-14,0,0,0,123965.56682446515,76371.0,31099.654865693094
1542,53760.527011771286,0.420577591869179,6.92085277975707e-14,0,0,0,124052.77890022917,76371.0,31150.05402354257
1543,53785.76475218485,0.41991101831266064,6.92085277975707e-14,0,0,0,124140.14353599389,76371.0,31200.5295043697
1544,53811.040728299515,0.41924406155995575,6.92085277975707e-14,0,0,0,124227.66107693758,76371.0,31251.081456599026
1545,53836.35501452906,0.4185767216110641,6.92085277975707e-14,0,0,0,124315.33186927866,76371.0,31301.710029058115
1546,53861.707685489426,0.41790899846598584,6.92085277975707e-14,0,0,0,124403.15626027921,76371.0,31352.415370978848
1547,53887.09881599941,0.41724089212472104,6.92085277975707e-14,0,0,0,124491.13459824897,76371.0,31403.197631998817
1548,53912.52848108136,0.41657240258726924,6.92085277975707e-14,0,0,0,124579.26723254935,76371.0,31454.05696216272
1549,53937.99675596179,0.4159035298536311,6.92085277975707e-14,0,0,0,124667.55451359678,76371.0,31504.993511923578
1550,53963.50371607216,0.4152342739238062,6.92085277975707e-14,0,0,0,124755.9967928672,76371.0,31556.00743214432
1551,53989.04943704949,0.4145646347977947,6.92085277975707e-14,0,0,0,124844.5944228995,76371.0,31607.098874098985
1552,54014.6339947371,0.41389461247559667,6.92085277975707e-14,0,0,0,124933.34775729972,76371.0,31658.2679894742
1553,54040.25746518527,0.41322420695721185,6.92085277975707e-14,0,0,0,125022.25715074483,76371.0,31709.51493037054
1554,54065.91992465196,0.41255341824264047,6.92085277975707e-14,0,0,0,125111.32295898667,76371.0,31760.83984930391
1555,54091.621449603495,0.4118822463318821,6.92085277975707e-14,0,0,0,125200.54553885608,76371.0,31812.24289920699
1556,54117.36211671527,0.4112106912249376,6.92085277975707e-14,0,0,0,125289.92524826662,76371.0,31863.72423343053
1557,54143.142002872475,0.4105387529218061,6.92085277975707e-14,0,0,0,125379.46244621888,76371.0,31915.28400574495
1558,54168.961185170796,0.4098664314224878,6.92085277975707e-14,0,0,0,125469.15749280427,76371.0,31966.92237034159
1559,54194.81974091707,0.4091937267269832,6.92085277975707e-14,0,0,0,125559.010749209,76371.0,32018.639481834136
1560,54220.71774763011,0.40852063883529177,6.92085277975707e-14,0,0,0,125649.02257771847,76371.0,32070.435495260215
1561,54246.65528304132,0.4078471677474138,6.92085277975707e-14,0,0,0,125739.19334172105,76371.0,32122.310566082637
1562,54272.63242509548,0.40717331346334906,6.92085277975707e-14,0,0,0,125829.52340571221,76371.0,32174.264850190953
1563,54298.64925195143,0.40649907598309754,6.92085277975707e-14,0,0,0,125920.01313529874,76371.0,32226.298503902864
1564,54324.70584198281,0.40582445530665967,6.92085277975707e-14,0,0,0,126010.66289720272,76371.0,32278.411683965624
1565,54350.80227377882,0.4051494514340348,6.92085277975707e-14,0,0,0,126101.47305926587,76371.0,32330.60454755764
1566,54376.93862614487,0.4044740643652236,6.92085277975707e-14,0,0,0,126192.44399045347,76371.0,32382.877252289734
1567,54403.11497810341,0.4037982941002256,6.92085277975707e-14,0,0,0,126283.57606085874,76371.0,32435.229956206822
1568,54429.33140889461,0.40312214063904106,6.92085277975707e-14,0,0,0,126374.8696417069,76371.0,32487.662817789223
1569,54455.58799797712,0.40244560398166995,6.92085277975707e-14,0,0,0,126466.32510535952,76371.0,32540.17599595424
1570,54481.88482502882,0.40176868412811184,6.92085277975707e-14,0,0,0,126557.94282531872,76371.0,32592.769650057646
1571,54508.22196994754,0.4010913810783674,6.92085277975707e-14,0,0,0,126649.72317623126,76371.0,32645.443939895074
1572,54534.59951285183,0.40041369483243594,6.92085277975707e-14,0,0,0,126741.66653389302,76371.0,32698.19902570367
1573,54561.01753408172,0.39973562539031837,6.92085277975707e-14,0,0,0,126833.77327525322,76371.0,32751.035068163437
1574,54587.47611419948,0.3990571727520136,6.92085277975707e-14,0,0,0,126926.04377841877,76371.0,32803.952228398965
1575,54613.97533399035,0.3983783369175222,6.92085277975707e-14,0,0,0,127018.4784226585,76371.0,32856.950667980695
1576,54640.51527446329,0.39769911788684476,6.92085277975707e-14,0,0,0,127111.0775884075,76371.0,32910.030548926574
1577,54667.09601685186,0.39701951565997984,6.92085277975707e-14,0,0,0,127203.84165727186,76371.0,32963.19203370372
1578,54693.717642614814,0.3963395302369288,6.92085277975707e-14,0,0,0,127296.77101203239,76371.0,33016.435285229636
1579,54720.38023343703,0.3956591616176912,6.92085277975707e-14,0,0,0,127389.86603664963,76371.0,33069.76046687405
1580,54747.08387123018,0.39497840980226684,6.92085277975707e-14,0,0,0,127483.127116268,76371.0,33123.16774246035
1581,54773.82863813357,0.39429727479065546,6.92085277975707e-14,0,0,0,127576.55463722031,76371.0,33176.65727626714
1582,54800.61461651488,0.39361575658285775,6.92085277975707e-14,0,0,0,127670.14898703218,76371.0,33230.229233029764
1583,54827.441888970985,0.39293385517887325,6.92085277975707e-14,0,0,0,127763.91055442656,76371.0,33283.88377794197
1584,54854.31053832871,0.3922515705787022,6.92085277975707e-14,0,0,0,127857.8397293283,76371.0,33337.62107665742
1585,54881.22064764565,0.39156890278234435,6.92085277975707e-14,0,0,0,127951.93690286858,76371.0,33391.4412952913
1586,54908.17230021093,0.3908858517898004,6.92085277975707e-14,0,0,0,128046.2024673894,76371.0,33445.34460042186
1587,54935.16557954608,0.390202417601069,6.92085277975707e-14,0,0,0,128140.63681644858,76371.0,33499.33115909217
1588,54962.20056940572,0.3895186002161515,6.92085277975707e-14,0,0,0,128235.24034482357,76371.0,33553.401138811445
1589,54989.27735377846,0.3888343996350472,6.92085277975707e-14,0,0,0,128330.0134485168,76371.0,33607.55470755692
1590,55016.396016887666,0.3881498158577561,6.92085277975707e-14,0,0,0,128424.95652475997,76371.0,33661.79203377533
1591,55043.55664319228,0.38746484888427846,6.92085277975707e-14,0,0,0,128520.06997201865,76371.0,33716.11328638456
1592,55070.75931738763,0.3867794987146145,6.92085277975707e-14,0,0,0,128615.35418999716,76371.0,33770.51863477526
1593,55098.00412440629,0.3860937653487633,6.92085277975707e-14,0,0,0,128710.80957964319,76371.0,33825.00824881258
1594,55125.2911494188,0.38540764878672573,6.92085277975707e-14,0,0,0,128806.43654315226,76371.0,33879.5822988376
1595,55152.62047783462,0.3847211490285012,6.92085277975707e-14,0,0,0,128902.23548397292,76371.0,33934.240955669244
1596,55179.99219530283,0.3840342660740905,6.92085277975707e-14,0,0,0,128998.20680681105,76371.0,33988.98439060566
1597,55207.4063877131,0.3833469999234931,6.92085277975707e-14,0,0,0,129094.35091763505,76371.0,34043.812775426195
1598,55234.8631411964,0.38265935057670863,6.92085277975707e-14,0,0,0,129190.6682236803,76371.0,34098.7262823928
1599,55262.36254212591,0.38197131803373763,6.92085277975707e-14,0,0,0,129287.15913345419,76371.0,34153.725084251826
1600,55289.904677117825,0.3812829022945803,6.92085277975707e-14,0,0,0,129383.82405674076,76371.0,34208.80935423565
1601,55317.48963303225,0.38059410335923616,6.92085277975707e-14,0,0,0,129480.66340460593,76371.0,34263.9792660645
1602,55345.117496973995,0.37990492122770547,6.92085277975707e-14,0,0,0,129577.67758940194,76371.0,34319.23499394798
1603,55372.78835629347,0.3792153558999878,6.92085277975707e-14,0,0,0,129674.86702477261,76371.0,34374.576712586946
1604,55400.502298587504,0.37852540737608376,6.92085277975707e-14,0,0,0,129772.23212565805,76371.0,34430.00459717501
1605,55428.259411700245,0.3778350756559927,6.92085277975707e-14,0,0,0,129869.77330829977,76371.0,34485.51882340049
1606,55456.059783723984,0.37714436073971536,6.92085277975707e-14,0,0,0,129967.49099024551,76371.0,34541.11956744797
1607,55483.90350300006,0.3764532626272512,6.92085277975707e-14,0,0,0,130065.38559035437,76371.0,34596.80700600011
1608,55511.79065811969,0.3757617813186007,6.92085277975707e-14,0,0,0,130163.4575288017,76371.0,34652.581316239375
1609,55539.72133792492,0.375069916813763,6.92085277975707e-14,0,0,0,130261.70722708444,76371.0,34708.442675849845
1610,55567.695631509385,0.37437766911273895,6.92085277975707e-14,0,0,0,130360.13510802564,76371.0,34764.39126301878
1611,55595.7136282193,0.37368503821552834,6.92085277975707e-14,0,0,0,130458.74159578013,76371.0,34820.427256438605
1612,55623.77541765428,0.3729920241221314,6.92085277975707e-14,0,0,0,130557.52711583926,76371.0,34876.55083530855
1613,55651.881089668306,0.372298626832547,6.92085277975707e-14,0,0,0,130656.4920950363,76371.0,34932.762179336605
1614,55680.03073437048,0.37160484634677626,6.92085277975707e-14,0,0,0,130755.63696155122,76371.0,34989.061468740954
1615,55708.22444212606,0.3709106826648192,6.92085277975707e-14,0,0,0,130854.96214491632,76371.0,35045.44888425212
1616,55736.46230355733,0.3702161357866749,6.92085277975707e-14,0,0,0,130954.46807602118,76371.0,35101.92460711466
1617,55764.74440954442,0.3695212057123445,6.92085277975707e-14,0,0,0,131054.15518711784,76371.0,35158.488819088845
1618,55793.07085122635,0.36882589244182706,6.92085277975707e-14,0,0,0,131154.02391182634,76371.0,35215.1417024527
1619,55821.44172000182,0.3681301959751231,6.92085277975707e-14,0,0,0,131254.07468513967,76371.0,35271.883440003636
1620,55849.85710753019,0.36743411631223255,6.92085277975707e-14,0,0,0,131354.30794342922,76371.0,35328.714215060376
1621,55878.31710573239,0.36673765345315523,6.92085277975707e-14,0,0,0,131454.72412445024,76371.0,35385.63421146479
1622,55906.821806791864,0.36604080739789135,6.92085277975707e-14,0,0,0,131555.3236673469,76371.0,35442.64361358373
1623,55935.371303155436,0.36534357814644114,6.92085277975707e-14,0,0,0,131656.1070126579,76371.0,35499.742606310865
1624,55963.96568753433,0.3646459656988037,6.92085277975707e-14,0,0,0,131757.0746023219,76371.0,35556.931375068656
1625,55992.60505290501,0.3639479700549799,6.92085277975707e-14,0,0,0,131858.22687968265,76371.0,35614.21010581002
1626,56021.289492510215,0.36324959121496914,6.92085277975707e-14,0,0,0,131959.56428949477,76371.0,35671.57898502043
1627,56050.01909985981,0.362550829178772,6.92085277975707e-14,0,0,0,132061.08727792898,76371.0,35729.03819971963
1628,56078.79396873182,0.36185168394638834,6.92085277975707e-14,0,0,0,132162.79629257787,76371.0,35786.58793746364
1629,56107.614193173344,0.36115215551781765,6.92085277975707e-14,0,0,0,132264.69178246116,76371.0,35844.228386346695
1630,56136.47986750146,0.36045224389306085,6.92085277975707e-14,0,0,0,132366.77419803134,76371.0,35901.95973500292
1631,56165.39108630431,0.35975194907211705,6.92085277975707e-14,0,0,0,132469.04399117944,76371.0,35959.782172608626
1632,56194.34794444194,0.3590512710549867,6.92085277975707e-14,0,0,0,132571.50161524024,76371.0,36017.695888883885
1633,56223.35053704734,0.35835020984166954,6.92085277975707e-14,0,0,0,132674.14752499832,76371.0,36075.701074094686
1634,56252.39895952738,0.35764876543216584,6.92085277975707e-14,0,0,0,132776.98217669333,76371.0,36133.79791905476
1635,56281.493307563826,0.35694693782647535,6.92085277975707e-14,0,0,0,132880.00602802605,76371.0,36191.98661512765
1636,56310.63367711427,0.35624472702459853,6.92085277975707e-14,0,0,0,132983.21953816377,76371.0,36250.26735422853
1637,56339.82016441317,0.3555421330265347,6.92085277975707e-14,0,0,0,133086.6231677463,76371.0,36308.64032882634
1638,56369.0528659728,0.3548391558322843,6.92085277975707e-14,0,0,0,133190.21737889148,76371.0,36367.10573194561
1639,56398.33187858427,0.35413579544184715,6.92085277975707e-14,0,0,0,133294.00263520115,76371.0,36425.66375716854
1640,56427.65729931848,0.35343205185522364,6.92085277975707e-14,0,0,0,133397.97940176682,76371.0,36484.31459863696
1641,56457.02922552719,0.35272792507241335,6.92085277975707e-14,0,0,0,133502.14814517568,76371.0,36543.058451054385
1642,56486.44775484398,0.3520234150934163,6.92085277975707e-14,0,0,0,133606.5093335164,76371.0,36601.895509687965
1643,56515.91298518525,0.3513185219182329,6.92085277975707e-14,0,0,0,133711.0634363849,76371.0,36660.825970370504
1644,56545.4250147513,0.35061324554686246,6.92085277975707e-14,0,0,0,133815.81092489054,76371.0,36719.8500295026
1645,56574.98394202727,0.3499075859793055,6.92085277975707e-14,0,0,0,133920.75227166177,76371.0,36778.96788405454
1646,56604.5898657842,0.34920154321556196,6.92085277975707e-14,0,0,0,134025.88795085222,76371.0,36838.179731568394
1647,56634.24288508008,0.34849511725563187,6.92085277975707e-14,0,0,0,134131.21843814693,76371.0,36897.485770160165
1648,56663.943099260876,0.347788308099515,6.92085277975707e-14,0,0,0,134236.7442107681,76371.0,36956.886198521745
1649,56693.69060796152,0.34708111574721134,6.92085277975707e-14,0,0,0,134342.46574748124,76371.0,37016.381215923044
1650,56723.48551110699,0.34637354019872135,6.92085277975707e-14,0,0,0,134448.3835286012,76371.0,37075.971022213984
1651,56753.32790891341,0.34566558145404436,6.92085277975707e-14,0,0,0,134554.49803599858,76371.0,37135.65581782681
1652,56783.21790188895,0.3449572395131808,6.92085277975707e-14,0,0,0,134660.80975310536,76371.0,37195.43580377791
1653,56813.15559083506,0.3442485143761309,6.92085277975707e-14,0,0,0,134767.31916492168,76371.0,37255.31118167011
1654,56843.14107684741,0.343539406042894,6.92085277975707e-14,0,0,0,134874.02675802153,76371.0,37315.28215369482
1655,56873.174461317,0.34282991451347056,6.92085277975707e-14,0,0,0,134980.93302055937,76371.0,37375.348922633995
1656,56903.25584593121,0.3421200397878603,6.92085277975707e-14,0,0,0,135088.03844227604,76371.0,37435.51169186243
1657,56933.385332674916,0.3414097818660635,6.92085277975707e-14,0,0,0,135195.34351450545,76371.0,37495.77066534983
1658,56963.5630238315,0.34069914074808016,6.92085277975707e-14,0,0,0,135302.84873018056,76371.0,37556.126047663
1659,56993.789021984,0.33998811643391,6.92085277975707e-14,0,0,0,135410.55458383984,76371.0,37616.578043968
1660,57024.06343001616,0.3392767089235533,6.92085277975707e-14,0,0,0,135518.46157163393,76371.0,37677.126860032324
1661,57054.38635111355,0.33856491821701007,6.92085277975707e-14,0,0,0,135626.5701913315,76371.0,37737.77270222709
1662,57084.75788876462,0.33785274431428003,6.92085277975707e-14,0,0,0,135734.88094232618,76371.0,37798.51577752925
1663,57115.17814676187,0.33714018721536343,6.92085277975707e-14,0,0,0,135843.3943256429,76371.0,37859.35629352374
1664,57145.64722920289,0.3364272469202598,6.92085277975707e-14,0,0,0,135952.1108439443,76371.0,37920.29445840579
1665,57176.16524049149,0.3357139234289701,6.92085277975707e-14,0,0,0,136061.0310015372,76371.0,37981.33048098299
1666,57206.73228533888,0.3350002167414934,6.92085277975707e-14,0,0,0,136170.1553043796,76371.0,38042.464570677774
1667,57237.34846876471,0.3342861268578299,6.92085277975707e-14,0,0,0,136279.48426008664,76371.0,38103.696937529414
1668,57268.01389609818,0.33357165377798026,6.92085277975707e-14,0,0,0,136389.0183779377,76371.0,38165.02779219636
1669,57298.72867297931,0.33285679750194364,6.92085277975707e-14,0,0,0,136498.758168883,76371.0,38226.457345958625
1670,57329.49290535994,0.33214155802972045,6.92085277975707e-14,0,0,0,136608.70414555012,76371.0,38287.98581071988
1671,57360.30669950494,0.3314259353613105,6.92085277975707e-14,0,0,0,136718.8568222509,76371.0,38349.61339900987
1672,57391.17016199328,0.3307099294967142,6.92085277975707e-14,0,0,0,136829.216714988,76371.0,38411.34032398656
1673,57422.08339971933,0.32999354043593065,6.92085277975707e-14,0,0,0,136939.78434146193,76371.0,38473.166799438666
1674,57453.046519893855,0.329276768178961,6.92085277975707e-14,0,0,0,137050.5602210776,76371.0,38535.0930397877
1675,57484.05963004529,0.32855961272580414,6.92085277975707e-14,0,0,0,137161.5448749516,76371.0,38597.11926009058
1676,57515.12283802083,0.32784207407646093,6.92085277975707e-14,0,0,0,137272.7388259184,76371.0,38659.24567604165
1677,57546.236251987655,0.32712415223093116,6.92085277975707e-14,0,0,0,137384.142598538,76371.0,38721.47250397532
1678,57577.39998043412,0.32640584718921484,6.92085277975707e-14,0,0,0,137495.7567191025,76371.0,38783.799960868244
1679,57608.61413217087,0.32568715895131195,6.92085277975707e-14,0,0,0,137607.58171564306,76371.0,38846.22826434174
1680,57639.87881633211,0.32496808751722206,6.92085277975707e-14,0,0,0,137719.61811793706,76371.0,38908.75763266422
1681,57671.19414237672,0.3242486328869456,6.92085277975707e-14,0,0,0,137831.86645751516,76371.0,38971.38828475344
1682,57702.56022008952,0.32352879506048215,6.92085277975707e-14,0,0,0,137944.3272676683,76371.0,39034.12044017905
1683,57733.9771595824,0.3228085740378328,6.92085277975707e-14,0,0,0,138057.00108345458,76371.0,39096.9543191648
1684,57765.44507129564,0.32208796981899646,6.92085277975707e-14,0,0,0,138169.88844170707,76371.0,39159.89014259127
1685,57796.96406599902,0.3213669824039733,6.92085277975707e-14,0,0,0,138282.98988104047,76371.0,39222.92813199804
1686,57828.53425479309,0.3206456117927634,6.92085277975707e-14,0,0,0,138396.3059418584,76371.0,39286.068509586185
1687,57860.155749110374,0.3199238579853674,6.92085277975707e-14,0,0,0,138509.83716636072,76371.0,39349.31149822075
1688,57891.82866071667,0.3192017209817841,6.92085277975707e-14,0,0,0,138623.58409855107,76371.0,39412.65732143333
1689,57923.55310171214,0.3184792007820145,6.92085277975707e-14,0,0,0,138737.5472842436,76371.0,39476.10620342428
1690,57955.32918453272,0.3177562973860584,6.92085277975707e-14,0,0,0,138851.72727107097,76371.0,39539.65836906543
1691,57987.15702195127,0.317033010793915,6.92085277975707e-14,0,0,0,138966.1246084914,76371.0,39603.31404390255
1692,58019.03672707883,0.3163093410055857,6.92085277975707e-14,0,0,0,139080.73984779613,76371.0,39667.073454157646
1693,58050.96841336592,0.31558528802106944,6.92085277975707e-14,0,0,0,139195.573542117,76371.0,39730.93682673183
1694,58082.95219460377,0.3148608518403666,6.92085277975707e-14,0,0,0,139310.62624643385,76371.0,39794.904389207535
1695,58114.98818492563,0.314136032463477,6.92085277975707e-14,0,0,0,139425.89851758225,76371.0,39858.97636985125
1696,58147.07649880798,0.3134108298904006,6.92085277975707e-14,0,0,0,139541.39091426073,76371.0,39923.152997615965
1697,58179.21725107188,0.31268524412113763,6.92085277975707e-14,0,0,0,139657.1039970387,76371.0,39987.43450214377
1698,58211.41055688422,0.31195927515568833,6.92085277975707e-14,0,0,0,139773.0383283641,76371.0,40051.821113768434
1699,58243.656531759036,0.3112329229940518,6.92085277975707e-14,0,0,0,139889.1944725709,76371.0,40116.31306351807
1700,58275.95529155875,0.3105061876362294,6.92085277975707e-14,0,0,0,140005.57299588685,76371.0,40180.91058311749
1701,58308.3069524956,0.3097790690822195,6.92085277975707e-14,0,0,0,140122.17446644162,76371.0,40245.6139049912
1702,58340.7116311328,0.3090515673320233,6.92085277975707e-14,0,0,0,140238.99945427396,76371.0,40310.423262265605
1703,58373.16944438595,0.3083236823856408,6.92085277975707e-14,0,0,0,140356.04853134006,76371.0,40375.338888771905
1704,58405.68050952438,0.307595414243071,6.92085277975707e-14,0,0,0,140473.32227152135,76371.0,40440.361019048774
1705,58438.244944172366,0.30686676290431514,6.92085277975707e-14,0,0,0,140590.82125063206,76371.0,40505.48988834473
1706,58470.862866310585,0.3061377283693725,6.92085277975707e-14,0,0,0,140708.5460464277,76371.0,40570.72573262117
1707,58503.5343942774,0.30540831063824303,6.92085277975707e-14,0,0,0,140826.49723861273,76371.0,40636.06878855479
1708,58536.259646770195,0.3046785097109268,6.92085277975707e-14,0,0,0,140944.67540884862,76371.0,40701.51929354039
1709,58569.03874284675,0.30394832558742424,6.92085277975707e-14,0,0,0,141063.0811407619,76371.0,40767.0774856935
1710,58601.87180192662,0.3032177582677349,6.92085277975707e-14,0,0,0,141181.71501995245,76371.0,40832.74360385325
1711,58634.75894379246,0.302486807751859,6.92085277975707e-14,0,0,0,141300.57763400153,76371.0,40898.517887584916
1712,58667.70028859142,0.3017554740397961,6.92085277975707e-14,0,0,0,141419.66957248002,76371.0,40964.40057718283
1713,58700.69595683648,0.30102375713154705,6.92085277975707e-14,0,0,0,141538.99142695643,76371.0,41030.391913672946
1714,58733.746069407935,0.3002916570271108,6.92085277975707e-14,0,0,0,141658.5437910056,76371.0,41096.49213881587
1715,58766.850747554665,0.2995591737264882,6.92085277975707e-14,0,0,0,141778.32726021652,76371.0,41162.70149510933
1716,58800.01011289563,0.29882630722967884,6.92085277975707e-14,0,0,0,141898.34243220132,76371.0,41229.02022579126
1717,58833.22428742119,0.2980930575366829,6.92085277975707e-14,0,0,0,142018.5899066028,76371.0,41295.448574842376
1718,58866.493393494566,0.2973594246475004,6.92085277975707e-14,0,0,0,142139.0702851037,76371.0,41361.98678698914
1719,58899.817553853296,0.29662540856213093,6.92085277975707e-14,0,0,0,142259.78417143482,76371.0,41428.63510770659
1720,58933.1968916105,0.2958910092805753,6.92085277975707e-14,0,0,0,142380.73217138328,76371.0,41495.39378322101
1721,58966.63153025654,0.2951562268028325,6.92085277975707e-14,0,0,0,142501.9148928017,76371.0,41562.26306051309
1722,59000.121593660224,0.29442106112890354,6.92085277975707e-14,0,0,0,142623.33294561613,76371.0,41629.24318732045
1723,59033.66720607042,0.2936855122587876,6.92085277975707e-14,0,0,0,142744.98694183535,76371.0,41696.33441214084
1724,59067.26849211741,0.29294958019248507,6.92085277975707e-14,0,0,0,142866.87749555896,76371.0,41763.536984234815
1725,59100.92557681437,0.292213264929996,6.92085277975707e-14,0,0,0,142989.00522298657,76371.0,41830.85115362873
1726,59134.638585558874,0.2914765664713199,6.92085277975707e-14,0,0,0,143111.37074242628,76371.0,41898.27717111774
1727,59168.40764413426,0.2907394848164575,6.92085277975707e-14,0,0,0,143233.97467430367,76371.0,41965.81528826852
1728,59202.23287871123,0.29000201996540853,6.92085277975707e-14,0,0,0,143356.8176411706,76371.0,42033.46575742245
1729,59236.114415849246,0.28926417191817255,6.92085277975707e-14,0,0,0,143479.90026771417,76371.0,42101.22883169849
1730,59263.99999999654,0.2886575323974836,6.92085277975707e-14,0,0,0,143581.2276009158,76371.0,42156.999999993066
1731,59202.55812248977,0.2879192836098321,6.92085277975707e-14,0,0,0,143357.99899805916,76248.11624498646,42156.999999993066
1732,59141.261062480124,0.2871812463475193,6.92085277975707e-14,0,0,0,143135.41193824788,76125.52212496717,42156.999999993066
1733,59080.10831609756,0.28644342061054506,6.92085277975707e-14,0,0,0,142913.46383578193,76003.21663220205,42156.999999993066
1734,59019.09938181067,0.28570580639890963,6.92085277975707e-14,0,0,0,142692.15211839785,75881.19876362827,42156.999999993066
1735,58958.23376041306,0.2849684037126129,6.92085277975707e-14,0,0,0,142471.47422718306,75759.46752083304,42156.999999993066
1736,58897.5109550099,0.28423121255165473,6.92085277975707e-14,0,0,0,142251.4276164911,75638.02191002673,42156.999999993066
1737,58836.93047100462,0.28349423291603526,6.92085277975707e-14,0,0,0,142032.00975385786,75516.86094201618,42156.999999993066
1738,58776.49181608562,0.2827574648057546,6.92085277975707e-14,0,0,0,141813.2181199179,75395.98363217816,42156.999999993066
1739,58716.19450021303,0.2820209082208127,6.92085277975707e-14,0,0,0,141595.0502083216,75275.389000433,42156.999999993066
1740,58656.038035605685,0.2812845631612092,6.92085277975707e-14,0,0,0,141377.5035256529,75155.0760712183,42156.999999993066
1741,58596.02193672814,0.2805484296269446,6.92085277975707e-14,0,0,0,141160.57559134794,75035.04387346322,42156.999999993066
1742,58536.145720277724,0.27981250761801857,6.92085277975707e-14,0,0,0,140944.26393761387,74915.29144056237,42156.999999993066
1743,58476.408905171724,0.27907679713443123,6.92085277975707e-14,0,0,0,140728.56610934853,74795.81781035037,42156.999999993066
1744,58416.811012534694,0.2783412981761826,6.92085277975707e-14,0,0,0,140513.47966406055,74676.62202507631,42156.999999993066
1745,58357.35156568577,0.2776060107432726,6.92085277975707e-14,0,0,0,140299.00217179026,74557.70313137847,42156.999999993066
1746,58298.03009012616,0.2768709348357016,6.92085277975707e-14,0,0,0,140085.13121503117,74439.06018025924,42156.999999993066
1747,58238.84611352658,0.276136070453469,6.92085277975707e-14,0,0,0,139871.86438865153,74320.69222706009,42156.999999993066
1748,58179.79916571502,0.2754014175965751,6.92085277975707e-14,0,0,0,139659.19929981747,74202.59833143698,42156.999999993066
1749,58120.88877866432,0.2746669762650199,6.92085277975707e-14,0,0,0,139447.13356791565,74084.77755733556,42156.999999993066
1750,58062.114486480015,0.2739327464588035,6.92085277975707e-14,0,0,0,139235.6648244772,73967.22897296697,42156.999999993066
1751,58003.47582538815,0.27319872817792545,6.92085277975707e-14,0,0,0,139024.79071310168,73849.95165078323,42156.999999993066
1752,57944.97233372336,0.27246492142238643,6.92085277975707e-14,0,0,0,138814.5088893825,73732.94466745364,42156.999999993066
1753,57886.6035519167,0.2717313261921861,6.92085277975707e-14,0,0,0,138604.81702083143,73616.20710384034,42156.999999993066
1754,57828.36902248393,0.27099794248732423,6.92085277975707e-14,0,0,0,138395.7127868052,73499.73804497479,42156.999999993066
1755,57770.26829001365,0.27026477030780105,6.92085277975707e-14,0,0,0,138187.19387843163,73383.53658003424,42156.999999993066
1756,57712.30090115559,0.2695318096536168,6.92085277975707e-14,0,0,0,137979.25799853686,73267.60180231811,42156.999999993066
1757,57654.46640460891,0.268799060524771,6.92085277975707e-14,0,0,0,137771.9028615725,73151.93280922476,42156.999999993066
1758,57596.76435111074,0.2680665229212641,6.92085277975707e-14,0,0,0,137565.12619354413,73036.52870222842,42156.999999993066
1759,57539.194293424545,0.26733419684309556,6.92085277975707e-14,0,0,0,137358.92573193947,72921.38858685602,42156.999999993066
1760,57481.7557863289,0.26660208229026605,6.92085277975707e-14,0,0,0,137153.29922565792,72806.51157266472,42156.999999993066
1761,57424.44838660597,0.265870179262775,6.92085277975707e-14,0,0,0,136948.24443493978,72691.89677321886,42156.999999993066
1762,57367.27165303038,0.26513848776062277,6.92085277975707e-14,0,0,0,136743.75913129668,72577.5433060677,42156.999999993066
1763,57310.22514635801,0.2644070077838093,6.92085277975707e-14,0,0,0,136539.84109744208,72463.45029272296,42156.999999993066
1764,57253.30842931483,0.26367573933233446,6.92085277975707e-14,0,0,0,136336.48812722243,72349.6168586366,42156.999999993066
1765,57196.52106658593,0.26294468240619817,6.92085277975707e-14,0,0,0,136133.69802554886,72236.0421331788,42156.999999993066
1766,57139.86262480454,0.26221383700540046,6.92085277975707e-14,0,0,0,135931.46860832928,72122.72524961602,42156.999999993066
1767,57083.33267254119,0.26148320312994167,6.92085277975707e-14,0,0,0,135729.7977024012,72009.6653450893,42156.999999993066
1768,57026.93078029281,0.26075278077982145,6.92085277975707e-14,0,0,0,135528.68314546454,71896.86156059254,42156.999999993066
1769,56970.65652047208,0.26002256995504014,6.92085277975707e-14,0,0,0,135328.12278601553,71784.3130409511,42156.999999993066
1770,56914.50946739668,0.2592925706555973,6.92085277975707e-14,0,0,0,135128.11448328057,71672.01893480029,42156.999999993066
1771,56858.48919727879,0.25856278288149326,6.92085277975707e-14,0,0,0,134928.65610715095,71559.97839456452,42156.999999993066
1772,56802.59528821446,0.2578332066327276,6.92085277975707e-14,0,0,0,134729.74553811777,71448.19057643587,42156.999999993066
1773,56746.8273201733,0.2571038419093009,6.92085277975707e-14,0,0,0,134531.3806672078,71336.65464035353,42156.999999993066
1774,56691.184874987914,0.25637468871121294,6.92085277975707e-14,0,0,0,134333.5593959187,71225.36974998277,42156.999999993066
1775,56635.6675363437,0.25564574703846343,6.92085277975707e-14,0,0,0,134136.27963615628,71114.33507269435,42156.999999993066
1776,56580.27488976863,0.25491701689105284,6.92085277975707e-14,0,0,0,133939.53931017086,71003.54977954419,42156.999999993066
1777,56525.006522622934,0.2541884982689808,6.92085277975707e-14,0,0,0,133743.3363504947,70893.01304525281,42156.999999993066
1778,56469.86202408915,0.2534601911722476,6.92085277975707e-14,0,0,0,133547.66869987993,70782.72404818522,42156.999999993066
1779,56414.84098516193,0.25273209560085297,6.92085277975707e-14,0,0,0,133352.53431123664,70672.68197033078,42156.999999993066
1780,56359.94299863819,0.252004211554797,6.92085277975707e-14,0,0,0,133157.93114757162,70562.88599728332,42156.999999993066
1781,56305.1676591071,0.25127653903407987,6.92085277975707e-14,0,0,0,132963.8571819274,70453.33531822114,42156.999999993066
1782,56250.51456294029,0.2505490780387012,6.92085277975707e-14,0,0,0,132770.31039732188,70344.02912588752,42156.999999993066
1783,56195.98330828206,0.2498218285686613,6.92085277975707e-14,0,0,0,132577.28878668824,70234.96661657105,42156.999999993066
1784,56141.573495039636,0.24909479062396023,6.92085277975707e-14,0,0,0,132384.79035281533,70126.14699008621,42156.999999993066
1785,56087.28472487353,0.2483679642045976,6.92085277975707e-14,0,0,0,132192.81310828854,70017.56944975398,42156.999999993066
1786,56033.11660118797,0.2476413493105738,6.92085277975707e-14,0,0,0,132001.355075431,69909.23320238286,42156.999999993066
1787,55979.068729121325,0.24691494594188856,6.92085277975707e-14,0,0,0,131810.41428624527,69801.13745824959,42156.999999993066
1788,55925.140715536705,0.24618875409854224,6.92085277975707e-14,0,0,0,131619.98878235545,69693.28143108035,42156.999999993066
1789,55871.33216901246,0.24546277378053427,6.92085277975707e-14,0,0,0,131430.0766149494,69585.66433803184,42156.999999993066
1790,55817.64269983298,0.24473700498786544,6.92085277975707e-14,0,0,0,131240.6758447222,69478.2853996729,42156.999999993066
1791,55764.07191997922,0.24401144772053485,6.92085277975707e-14,0,0,0,131051.78454181858,69371.14383996537,42156.999999993066
1792,55710.61944311969,0.24328610197854317,6.92085277975707e-14,0,0,0,130863.40078577757,69264.23888624633,42156.999999993066
1793,55657.28488460113,0.24256096776189007,6.92085277975707e-14,0,0,0,130675.52266547587,69157.56976920919,42156.999999993066
1794,55604.0678614395,0.24183604507057577,6.92085277975707e-14,0,0,0,130488.14827907261,69051.13572288594,42156.999999993066
1795,55550.96799231089,0.24111133390460016,6.92085277975707e-14,0,0,0,130301.27573395426,68944.93598462871,42156.999999993066
1796,55497.98489754256,0.24038683426396323,6.92085277975707e-14,0,0,0,130114.90314667973,68838.96979509207,42156.999999993066
1797,55445.11819910401,0.2396625461486649,6.92085277975707e-14,0,0,0,129929.0286429261,68733.23639821495,42156.999999993066
1798,55392.36752059812,0.23893846955870535,6.92085277975707e-14,0,0,0,129743.65035743476,68627.73504120317,42156.999999993066
1799,55339.73248725231,0.23821460449408438,6.92085277975707e-14,0,0,0,129558.76643395747,68522.46497451155,42156.999999993066
1800,55287.21272590982,0.237490950954802,6.92085277975707e-14,0,0,0,129374.37502520348,68417.42545182657,42156.999999993066
1801,55234.80786502104,0.23676750894085852,6.92085277975707e-14,0,0,0,129190.47429278668,68312.615730049,42156.999999993066
1802,55182.51753463477,0.23604427845225373,6.92085277975707e-14,0,0,0,129007.06240717268,68208.03506927648,42156.999999993066
1803,55130.34136638972,0.23532125948898752,6.92085277975707e-14,0,0,0,128824.13754762716,68103.68273278639,42156.999999993066
1804,55078.27899350598,0.2345984520510599,6.92085277975707e-14,0,0,0,128641.69790216393,67999.55798701888,42156.999999993066
1805,55026.3300507765,0.23387585613847117,6.92085277975707e-14,0,0,0,128459.74166749348,67895.66010155993,42156.999999993066
1806,54974.4941745587,0.23315347175122092,6.92085277975707e-14,0,0,0,128278.26704897206,67791.98834912432,42156.999999993066
1807,54922.771002766094,0.23243129888930958,6.92085277975707e-14,0,0,0,128097.27226055086,67688.54200553913,42156.999999993066
1808,54871.16017485999,0.23170933755273693,6.92085277975707e-14,0,0,0,127916.75552472581,67585.32034972691,42156.999999993066
1809,54819.6613318412,0.23098758774150274,6.92085277975707e-14,0,0,0,127736.71507248741,67482.32266368934,42156.999999993066
1810,54768.27411624189,0.23026604945560747,6.92085277975707e-14,0,0,0,127557.14914327137,67379.5482324907,42156.999999993066
1811,54716.998172117346,0.22954472269505088,6.92085277975707e-14,0,0,0,127378.05598490895,67276.99634424163,42156.999999993066
1812,54665.83314503794,0.22882360745983277,6.92085277975707e-14,0,0,0,127199.43385357826,67174.66629008282,42156.999999993066
1813,54614.77868208109,0.22810270374995356,6.92085277975707e-14,0,0,0,127021.28101375572,67072.55736416912,42156.999999993066
1814,54563.83443182314,0.2273820115654127,6.92085277975707e-14,0,0,0,126843.59573816726,66970.6688636532,42156.999999993066
1815,54513.00004433161,0.22666153090621088,6.92085277975707e-14,0,0,0,126666.37630774114,66869.00008867016,42156.999999993066
1816,54462.27517115709,0.2259412617723474,6.92085277975707e-14,0,0,0,126489.62101155955,66767.55034232112,42156.999999993066
1817,54411.65946532555,0.22522120416382274,6.92085277975707e-14,0,0,0,126313.32814681188,66666.31893065803,42156.999999993066
1818,54361.15258133048,0.22450135808063698,6.92085277975707e-14,0,0,0,126137.49601874754,66565.30516266791,42156.999999993066
1819,54310.75417512512,0.2237817235227898,6.92085277975707e-14,0,0,0,125962.12294062911,66464.50835025718,42156.999999993066
1820,54260.46390411478,0.2230623004902813,6.92085277975707e-14,0,0,0,125787.20723368636,66363.92780823649,42156.999999993066
1821,54210.28142714922,0.2223430889831114,6.92085277975707e-14,0,0,0,125612.74722706995,66263.56285430538,42156.999999993066
1822,54160.20640451501,0.22162408900128028,6.92085277975707e-14,0,0,0,125438.74125780593,66163.41280903696,42156.999999993066
1823,54110.238497928,0.22090530054478785,6.92085277975707e-14,0,0,0,125265.18767075022,66063.47699586293,42156.999999993066
1824,54060.377370525784,0.22018672361363412,6.92085277975707e-14,0,0,0,125092.08481854353,65963.75474105851,42156.999999993066
1825,54010.62268686026,0.21946835820781885,6.92085277975707e-14,0,0,0,124919.43106156665,65864.24537372746,42156.999999993066
1826,53960.97411289025,0.2187502043273426,6.92085277975707e-14,0,0,0,124747.22476789601,65764.94822578745,42156.999999993066
1827,53911.43131597405,0.21803226197220482,6.92085277975707e-14,0,0,0,124575.4643132593,65665.86263195502,42156.999999993066
1828,53861.99396486217,0.21731453114240562,6.92085277975707e-14,0,0,0,124404.14808099178,65566.98792973127,42156.999999993066
1829,53812.6617296901,0.21659701183794533,6.92085277975707e-14,0,0,0,124233.27446199283,65468.323459387146,42156.999999993066
1830,53763.43428197097,0.21587970405882362,6.92085277975707e-14,0,0,0,124062.84185468226,65369.868563948876,42156.999999993066
1831,53714.31129458847,0.2151626078050407,6.92085277975707e-14,0,0,0,123892.84866495783,65271.622589183884,42156.999999993066
1832,53665.29244178964,0.21444572307659626,6.92085277975707e-14,0,0,0,123723.29330615207,65173.58488358623,42156.999999993066
1833,53616.37739917786,0.21372904987349084,6.92085277975707e-14,0,0,0,123554.17419899031,65075.75479836266,42156.999999993066
1834,53567.56584370567,0.213012588195724,6.92085277975707e-14,0,0,0,123385.48977154815,64978.13168741828,42156.999999993066
1835,53518.85745366789,0.2122963380432955,6.92085277975707e-14,0,0,0,123217.23845920993,64880.71490734271,42156.999999993066
1836,53470.25190869464,0.21158029941620604,6.92085277975707e-14,0,0,0,123049.41870462713,64783.503817396224,42156.999999993066
1837,53421.74888974434,0.21086447231445526,6.92085277975707e-14,0,0,0,122882.02895767688,64686.497779495614,42156.999999993066
1838,53373.348079096904,0.21014885673804296,6.92085277975707e-14,0,0,0,122715.06767542125,64589.69615820074,42156.999999993066
1839,53325.0491603469,0.20943345268696945,6.92085277975707e-14,0,0,0,122548.53332206626,64493.09832070073,42156.999999993066
1840,53276.85181839674,0.20871826016123451,6.92085277975707e-14,0,0,0,122382.42436892164,64396.70363680041,42156.999999993066
1841,53228.75573944996,0.2080032791608385,6.92085277975707e-14,0,0,0,122216.7392943606,64300.51147890686,42156.999999993066
1842,53180.76061100447,0.20728850968578105,6.92085277975707e-14,0,0,0,122051.4765837797,64204.52122201588,42156.999999993066
1843,53132.866121845924,0.2065739517360623,6.92085277975707e-14,0,0,0,121886.63472955955,64108.73224369878,42156.999999993066
1844,53085.0719620411,0.20585960531168224,6.92085277975707e-14,0,0,0,121722.2122310252,64013.143924089134,42156.999999993066
1845,53037.37782293126,0.20514547041264075,6.92085277975707e-14,0,0,0,121558.20759440701,63917.75564586945,42156.999999993066
1846,52989.78339712571,0.20443154703893807,6.92085277975707e-14,0,0,0,121394.61933280202,63822.56679425836,42156.999999993066
1847,52942.2883784952,0.20371783519057418,6.92085277975707e-14,0,0,0,121231.44596613501,63727.57675699733,42156.999999993066
1848,52894.89246216548,0.20300433486754865,6.92085277975707e-14,0,0,0,121068.6860211204,63632.7849243379,42156.999999993066
1849,52847.595344510955,0.20229104606986203,6.92085277975707e-14,0,0,0,120906.33803122418,63538.190689028845,42156.999999993066
1850,52800.396723148195,0.201577968797514,6.92085277975707e-14,0,0,0,120744.4005366259,63443.79344630333,42156.999999993066
1851,52753.29629692966,0.20086510305050487,6.92085277975707e-14,0,0,0,120582.87208418117,63349.59259386625,42156.999999993066
1852,52706.29376593734,0.2001524488288342,6.92085277975707e-14,0,0,0,120421.75122738427,63255.58753188162,42156.999999993066
1853,52659.38883147657,0.19944000613250223,6.92085277975707e-14,0,0,0,120261.03652633124,63161.77766296007,42156.999999993066
1854,52612.58119606975,0.19872777496150917,6.92085277975707e-14,0,0,0,120100.72654768285,63068.16239214642,42156.999999993066
1855,52565.87056345007,0.19801575531585447,6.92085277975707e-14,0,0,0,119940.8198646279,62974.74112690709,42156.999999993066
1856,52519.25663855558,0.19730394719553856,6.92085277975707e-14,0,0,0,119781.31505684728,62881.51327711809,42156.999999993066
1857,52472.73912752284,0.19659235060056146,6.92085277975707e-14,0,0,0,119622.21071047737,62788.4782550526,42156.999999993066
1858,52426.31773768097,0.19588096553092305,6.92085277975707e-14,0,0,0,119463.50541807443,62695.63547536887,42156.999999993066
1859,52379.992177545595,0.19516979198662332,6.92085277975707e-14,0,0,0,119305.1977785789,62602.984355098124,42156.999999993066
1860,52333.7621568128,0.19445882996766217,6.92085277975707e-14,0,0,0,119147.28639727988,62510.52431363254,42156.999999993066
1861,52287.627386353204,0.1937480794740397,6.92085277975707e-14,0,0,0,118989.76988578009,62418.254772713335,42156.999999993066
1862,52241.587578206,0.19303754050575594,6.92085277975707e-14,0,0,0,118832.64686196085,62326.17515641895,42156.999999993066
1863,52195.642445573096,0.19232721306281086,6.92085277975707e-14,0,0,0,118675.91594994738,62234.284891153125,42156.999999993066
1864,52149.7917028132,0.19161709714520447,6.92085277975707e-14,0,0,0,118519.57578007426,62142.58340563333,42156.999999993066
1865,52104.035065436045,0.19090719275293688,6.92085277975707e-14,0,0,0,118363.62498885121,62051.07013087902,42156.999999993066
1866,52058.37225009656,0.19019749988600787,6.92085277975707e-14,0,0,0,118208.06221892894,61959.74450020005,42156.999999993066
1867,52012.80297458915,0.18948801854441744,6.92085277975707e-14,0,0,0,118052.8861190655,61868.60594918523,42156.999999993066
1868,51967.32695784195,0.1887787487281658,6.92085277975707e-14,0,0,0,117898.09534409251,61777.65391569083,42156.999999993066
1869,51921.94391991116,0.18806969043725286,6.92085277975707e-14,0,0,0,117743.68855488177,61686.88783982925,42156.999999993066
1870,51876.65358197538,0.1873608436716785,6.92085277975707e-14,0,0,0,117589.66441831233,61596.30716395769,42156.999999993066
1871,51831.455666329995,0.18665220843144315,6.92085277975707e-14,0,0,0,117436.02160723724,61505.91133266693,42156.999999993066
1872,51786.349896381565,0.18594378471654605,6.92085277975707e-14,0,0,0,117282.75880045083,61415.69979277006,42156.999999993066
1873,51741.33599664237,0.18523557252698797,6.92085277975707e-14,0,0,0,117129.87468265653,61325.671993291675,42156.999999993066
1874,51696.41369272474,0.18452757186276847,6.92085277975707e-14,0,0,0,116977.36794443404,61235.8273854564,42156.999999993066
1875,51651.5827113357,0.18381978272388755,6.92085277975707e-14,0,0,0,116825.23728220757,61146.16542267834,42156.999999993066
1876,51606.842780271494,0.18311220511034554,6.92085277975707e-14,0,0,0,116673.48139821392,61056.68556054992,42156.999999993066
1877,51562.1936284121,0.1824048390221421,6.92085277975707e-14,0,0,0,116522.09900047057,60967.38725683112,42156.999999993066
1878,51517.634985715886,0.18169768445927714,6.92085277975707e-14,0,0,0,116371.08880274434,60878.2699714387,42156.999999993066
1879,51473.16658321434,0.1809907414217513,6.92085277975707e-14,0,0,0,116220.44952452026,60789.333166435616,42156.999999993066
1880,51428.78815300656,0.18028400990956384,6.92085277975707e-14,0,0,0,116070.17989097002,60700.57630602005,42156.999999993066
1881,51384.49942825412,0.17957748992271494,6.92085277975707e-14,0,0,0,115920.27863292155,60611.99885651518,42156.999999993066
1882,51340.30014317579,0.17887118146120495,6.92085277975707e-14,0,0,0,115770.74448682809,60523.60028635851,42156.999999993066
1883,51296.19003304222,0.17816508452503366,6.92085277975707e-14,0,0,0,115621.57619473778,60435.38006609137,42156.999999993066
1884,51252.16883417083,0.17745919911420094,6.92085277975707e-14,0,0,0,115472.7725042632,60347.33766834859,42156.999999993066
1885,51208.23628392062,0.17675352522870702,6.92085277975707e-14,0,0,0,115324.33216855157,60259.47256784816,42156.999999993066
1886,51164.392120687,0.17604806286855168,6.92085277975707e-14,0,0,0,115176.25394625452,60171.784241380934,42156.999999993066
1887,51120.636083896745,0.17534281203373503,6.92085277975707e-14,0,0,0,115028.5366014986,60084.27216780042,42156.999999993066
1888,51076.96791400286,0.17463777272425696,6.92085277975707e-14,0,0,0,114881.17890385554,59996.935828012654,42156.999999993066
1889,51033.38735247961,0.1739329449401178,6.92085277975707e-14,0,0,0,114734.17962831324,59909.774704966156,42156.999999993066
1890,50989.894141817385,0.17322832868131732,6.92085277975707e-14,0,0,0,114587.53755524616,59822.7882836417,42156.999999993066
1891,50946.48802551783,0.17252392394785543,6.92085277975707e-14,0,0,0,114441.25147038663,59735.9760510426,42156.999999993066
1892,50903.16874808884,0.17181973073973222,6.92085277975707e-14,0,0,0,114295.32016479614,59649.33749618462,42156.999999993066
1893,50859.93605503963,0.1711157490569476,6.92085277975707e-14,0,0,0,114149.74243483653,59562.87211008619,42156.999999993066
1894,50816.78969287585,0.17041197889950188,6.92085277975707e-14,0,0,0,114004.51708214167,59476.57938575864,42156.999999993066
1895,50773.72940909469,0.16970842026739474,6.92085277975707e-14,0,0,0,113859.64291358915,59390.458818196304,42156.999999993066
1896,50730.75495218007,0.1690050731606264,6.92085277975707e-14,0,0,0,113715.11874127237,59304.50990436706,42156.999999993066
1897,50687.86607159779,0.16830193757919654,6.92085277975707e-14,0,0,0,113570.94338247238,59218.73214320251,42156.999999993066
1898,50645.062517790815,0.16759901352310558,6.92085277975707e-14,0,0,0,113427.1156596306,59133.125035588564,42156.999999993066
1899,50602.344042174416,0.1668963009923532,6.92085277975707e-14,0,0,0,113283.63440032073,59047.68808435577,42156.999999993066
1900,50559.71039713152,0.1661937999869394,6.92085277975707e-14,0,0,0,113140.49843722186,58962.42079426998,42156.999999993066
1901,50517.161336008,0.1654915105068645,6.92085277975707e-14,0,0,0,112997.7066080911,58877.32267202294,42156.999999993066
1902,50474.696613107946,0.16478943255212808,6.92085277975707e-14,0,0,0,112855.25775573647,58792.39322622283,42156.999999993066
1903,50432.315983689085,0.16408756612273045,6.92085277975707e-14,0,0,0,112713.15072799023,58707.631967385096,42156.999999993066
1904,50390.019203958116,0.1633859112186714,6.92085277975707e-14,0,0,0,112571.3843776821,58623.038407923166,42156.999999993066
1905,50347.806031066146,0.16268446783995116,6.92085277975707e-14,0,0,0,112429.95756261275,58538.61206213923,42156.999999993066
1906,50305.67622310411,0.16198323598656972,6.92085277975707e-14,0,0,0,112288.86914552753,58454.35244621514,42156.999999993066
1907,50263.6295390982,0.16128221565852674,6.92085277975707e-14,0,0,0,112148.11799409009,58370.25907820333,42156.999999993066
1908,50221.6657390054,0.16058140685582223,6.92085277975707e-14,0,0,0,112007.70298085659,58286.33147801774,42156.999999993066
1909,50179.784583709035,0.15988080957845685,6.92085277975707e-14,0,0,0,111867.62298324988,58202.56916742501,42156.999999993066
1910,50137.98583501417,0.15918042382643016,6.92085277975707e-14,0,0,0,111727.8768835335,58118.97167003527,42156.999999993066
1911,50096.269255643296,0.15848024959974194,6.92085277975707e-14,0,0,0,111588.46356878638,58035.538511293526,42156.999999993066
1912,50054.63460923187,0.1577802868983924,6.92085277975707e-14,0,0,0,111449.38193087744,57952.269218470676,42156.999999993066
1913,50013.08166032397,0.15708053572238156,6.92085277975707e-14,0,0,0,111310.63086644042,57869.16332065489,42156.999999993066
1914,49971.61017436789,0.15638099607170952,6.92085277975707e-14,0,0,0,111172.20927684863,57786.22034874271,42156.999999993066
1915,49930.21991771182,0.15568166794637617,6.92085277975707e-14,0,0,0,111034.1160681903,57703.43983543057,42156.999999993066
1916,49888.91065759952,0.1549825513463814,6.92085277975707e-14,0,0,0,110896.35015124362,57620.82131520597,42156.999999993066
1917,49847.68216216609,0.1542836462717253,6.92085277975707e-14,0,0,0,110758.91044145222,57538.36432433912,42156.999999993066
1918,49806.534200433656,0.1535849527224078,6.92085277975707e-14,0,0,0,110621.79585890082,57456.06840087425,42156.999999993066
1919,49765.46654230717,0.1528864706984292,6.92085277975707e-14,0,0,0,110485.00532829086,57373.933084621276,42156.999999993066
1920,49724.47895857015,0.1521882001997893,6.92085277975707e-14,0,0,0,110348.53777891629,57291.95791714724,42156.999999993066
1921,49683.57122088053,0.15149014122648785,6.92085277975707e-14,0,0,0,110212.39214463964,57210.14244176798,42156.999999993066
1922,49642.74310176651,0.15079229377852543,6.92085277975707e-14,0,0,0,110076.56736386831,57128.48620353996,42156.999999993066
1923,49601.99437462235,0.15009465785590137,6.92085277975707e-14,0,0,0,109941.06237953059,57046.98874925164,42156.999999993066
1924,49561.32481370436,0.1493972334586161,6.92085277975707e-14,0,0,0,109805.8761390524,56965.64962741565,42156.999999993066
1925,49520.73419412669,0.14870002058666953,6.92085277975707e-14,0,0,0,109671.00759433367,56884.46838826032,42156.999999993066
1926,49480.22229185736,0.14800301924006165,6.92085277975707e-14,0,0,0,109536.45570172524,56803.444583721655,42156.999999993066
1927,49439.78888371413,0.14730622941879257,6.92085277975707e-14,0,0,0,109402.2194220056,56722.57776743519,42156.999999993066
1928,49399.43374736052,0.14660965112286184,6.92085277975707e-14,0,0,0,109268.29772035796,56641.86749472797,42156.999999993066
1929,49359.15666130185,0.14591328435227013,6.92085277975707e-14,0,0,0,109134.68956634756,56561.31332261064,42156.999999993066
1930,49318.95740488116,0.1452171291070169,6.92085277975707e-14,0,0,0,109001.39393389874,56480.91480976925,42156.999999993066
1931,49278.83575827536,0.14452118538710257,6.92085277975707e-14,0,0,0,108868.40980127252,56400.67151655766,42156.999999993066
1932,49238.79150249121,0.14382545319252693,6.92085277975707e-14,0,0,0,108735.73615104416,56320.58300498935,42156.999999993066
1933,49198.82441936145,0.14312993252328976,6.92085277975707e-14,0,0,0,108603.37197008086,56240.64883872984,42156.999999993066
1934,49158.934291540936,0.14243462337939117,6.92085277975707e-14,0,0,0,108471.31624951962,56160.868583088806,42156.999999993066
1935,49119.12090250276,0.1417395257608316,6.92085277975707e-14,0,0,0,108339.56798474534,56081.24180501245,42156.999999993066
1936,49079.38403653432,0.14104463966761038,6.92085277975707e-14,0,0,0,108208.1261753687,56001.768073075575,42156.999999993066
1937,49039.72347873366,0.1403499650997282,6.92085277975707e-14,0,0,0,108076.98982520468,55922.44695747425,42156.999999993066
1938,49000.1390150055,0.1396555020571847,6.92085277975707e-14,0,0,0,107946.15794225073,55843.27803001793,42156.999999993066
1939,48960.630432057565,0.13896125053997954,6.92085277975707e-14,0,0,0,107815.62953866541,55764.260864122065,42156.999999993066
1940,48921.19751739681,0.1382672105481133,6.92085277975707e-14,0,0,0,107685.4036307471,55685.39503480055,42156.999999993066
1941,48881.84005932562,0.13757338208158554,6.92085277975707e-14,0,0,0,107555.47923891257,55606.68011865819,42156.999999993066
1942,48842.55784693821,0.13687976514039668,6.92085277975707e-14,0,0,0,107425.85538767617,55528.11569388335,42156.999999993066
1943,48803.35067011678,0.1361863597245465,6.92085277975707e-14,0,0,0,107296.53110562862,55449.70134024049,42156.999999993066
1944,48764.21831952795,0.13549316583403492,6.92085277975707e-14,0,0,0,107167.50542541621,55371.43663906283,42156.999999993066
1945,48725.16058661908,0.13480018346886202,6.92085277975707e-14,0,0,0,107038.77738372031,55293.3211732451,42156.999999993066
1946,48686.17726361463,0.1341074126290278,6.92085277975707e-14,0,0,0,106910.34602123652,55215.35452723619,42156.999999993066
1947,48647.26814351251,0.1334148533145324,6.92085277975707e-14,0,0,0,106782.21038265433,55137.536287031966,42156.999999993066
1948,48608.433020080556,0.13272250552537557,6.92085277975707e-14,0,0,0,106654.36951663675,55059.866040168046,42156.999999993066
1949,48569.6716878529,0.13203036926155742,6.92085277975707e-14,0,0,0,106526.82247580013,54982.34337571273,42156.999999993066
1950,48530.983942126426,0.13133844452307797,6.92085277975707e-14,0,0,0,106399.56831669403,54904.96788425978,42156.999999993066
1951,48492.369578957274,0.13064673130993731,6.92085277975707e-14,0,0,0,106272.60609978125,54827.73915792148,42156.999999993066
1952,48453.82839515726,0.12995522962213513,6.92085277975707e-14,0,0,0,106145.934889418,54750.65679032145,42156.999999993066
1953,48415.36018829045,0.12926393945967185,6.92085277975707e-14,0,0,0,106019.55375383419,54673.72037658782,42156.999999993066
1954,48376.964756669615,0.12857286082254715,6.92085277975707e-14,0,0,0,105893.4617651137,54596.929513346164,42156.999999993066
1955,48338.64189935284,0.12788199371076114,6.92085277975707e-14,0,0,0,105767.65799917499,54520.28379871262,42156.999999993066
1956,48300.39141614004,0.12719133812431382,6.92085277975707e-14,0,0,0,105642.14153575167,54443.782832287005,42156.999999993066
1957,48262.21310756955,0.12650089406320508,6.92085277975707e-14,0,0,0,105516.91145837329,54367.426215146035,42156.999999993066
1958,48224.10677491476,0.12581066152743525,6.92085277975707e-14,0,0,0,105391.96685434612,54291.21354983646,42156.999999993066
1959,48186.07222018068,0.1251206405170039,6.92085277975707e-14,0,0,0,105267.30681473407,54215.14444036829,42156.999999993066
1960,48148.10924610062,0.12443083103191133,6.92085277975707e-14,0,0,0,105142.93043433999,54139.21849220817,42156.999999993066
1961,48110.21765613282,0.12374123307215745,6.92085277975707e-14,0,0,0,105018.83681168655,54063.43531227258,42156.999999993066
1962,48072.397254457144,0.12305184663774216,6.92085277975707e-14,0,0,0,104895.0250489977,53987.79450892122,42156.999999993066
1963,48034.64784597177,0.12236267172866566,6.92085277975707e-14,0,0,0,104771.49425218027,53912.29569195047,42156.999999993066
1964,47996.96923628988,0.12167370834492797,6.92085277975707e-14,0,0,0,104648.24353080505,53836.93847258669,42156.999999993066
1965,47959.36123173641,0.12098495648652874,6.92085277975707e-14,0,0,0,104525.27199808876,53761.722463479746,42156.999999993066
1966,47921.8236393448,0.12029641615346831,6.92085277975707e-14,0,0,0,104402.57877087579,53686.64727869654,42156.999999993066
1967,47884.356266853756,0.11960808734574657,6.92085277975707e-14,0,0,0,104280.16296961982,53611.712533714446,42156.999999993066
1968,47846.958922704,0.1189199700633633,6.92085277975707e-14,0,0,0,104158.02371836596,53536.91784541494,42156.999999993066
1969,47809.63141603513,0.11823206430631883,6.92085277975707e-14,0,0,0,104036.16014473284,53462.2628320772,42156.999999993066
1970,47772.3735566824,0.11754437007461316,6.92085277975707e-14,0,0,0,103914.57137989464,53387.74711337175,42156.999999993066
1971,47735.18515517355,0.11685688736824607,6.92085277975707e-14,0,0,0,103793.2565585634,53313.37031035404,42156.999999993066
1972,47698.06602272568,0.11616961618721777,6.92085277975707e-14,0,0,0,103672.21481897145,53239.132045458304,42156.999999993066
1973,47661.015971242094,0.11548255653152806,6.92085277975707e-14,0,0,0,103551.44530285391,53165.03194249112,42156.999999993066
1974,47624.03481330922,0.11479570840117714,6.92085277975707e-14,0,0,0,103430.94715543122,53091.06962662538,42156.999999993066
1975,47587.12236219349,0.11410907179616503,6.92085277975707e-14,0,0,0,103310.71952539177,53017.24472439392,42156.999999993066
1976,47550.278431838255,0.11342264671649138,6.92085277975707e-14,0,0,0,103190.76156487482,52943.55686368344,42156.999999993066
1977,47513.502836860745,0.11273643316215642,6.92085277975707e-14,0,0,0,103071.07242945333,52870.005673728425,42156.999999993066
1978,47476.795392549,0.11205043113315993,6.92085277975707e-14,0,0,0,102951.6512781169,52796.590785104934,42156.999999993066
1979,47440.155914858886,0.11136464062950235,6.92085277975707e-14,0,0,0,102832.49727325507,52723.311829724706,42156.999999993066
1980,47403.58422041101,0.11067906165118357,6.92085277975707e-14,0,0,0,102713.60958064014,52650.168440828944,42156.999999993066
1981,47367.08012648776,0.10999369419820337,6.92085277975707e-14,0,0,0,102594.98736941077,52577.16025298245,42156.999999993066
1982,47330.64345103033,0.10930853827056175,6.92085277975707e-14,0,0,0,102476.62981205521,52504.28690206759,42156.999999993066
1983,47294.27401263577,0.10862359386825893,6.92085277975707e-14,0,0,0,102358.53608439489,52431.54802527847,42156.999999993066
1984,47257.97163055399,0.1079388609912949,6.92085277975707e-14,0,0,0,102240.70536556796,52358.943261114924,42156.999999993066
1985,47221.73612468487,0.10725433963966946,6.92085277975707e-14,0,0,0,102123.13683801284,52286.47224937667,42156.999999993066
1986,47185.567315575296,0.1065700298133826,6.92085277975707e-14,0,0,0,102005.8296874521,52214.13463115752,42156.999999993066
1987,47149.46502441635,0.10588593151243464,6.92085277975707e-14,0,0,0,101888.7831028765,52141.930048839626,42156.999999993066
1988,47113.42907304029,0.10520204473682526,6.92085277975707e-14,0,0,0,101771.9962765285,52069.858146087514,42156.999999993066
1989,47077.459283917815,0.10451836948655457,6.92085277975707e-14,0,0,0,101655.46840388673,51997.918567842564,42156.999999993066
1990,47041.555480155104,0.10383490576162246,6.92085277975707e-14,0,0,0,101539.19868364993,51926.11096031715,42156.999999993066
1991,47005.71748549106,0.10315165356202927,6.92085277975707e-14,0,0,0,101423.18631772127,51854.43497098907,42156.999999993066
1992,46969.9451242944,0.10246861288777442,6.92085277975707e-14,0,0,0,101307.43051119248,51782.89024859572,42156.999999993066
1993,46934.23822156094,0.1017857837388586,6.92085277975707e-14,0,0,0,101191.93047232866,51711.47644312882,42156.999999993066
1994,46898.59660291071,0.10110316611528114,6.92085277975707e-14,0,0,0,101076.68541255228,51640.19320582836,42156.999999993066
1995,46863.020094585256,0.10042076001704259,6.92085277975707e-14,0,0,0,100961.69454642829,51569.040189177445,42156.999999993066
1996,46827.50852344481,0.09973856544414261,6.92085277975707e-14,0,0,0,100846.95709164835,51498.01704689655,42156.999999993066
1997,46792.061716965596,0.09905658239658155,6.92085277975707e-14,0,0,0,100732.47226901595,51427.12343393813,42156.999999993066
1998,46756.67950323702,0.09837481087435884,6.92085277975707e-14,0,0,0,100618.23930243099,51356.359006480976,42156.999999993066
1999,46721.36171095904,0.09769325087747494,6.92085277975707e-14,0,0,0,100504.25741887499,51285.72342192501,42156.999999993066
2000,46686.108169439416,0.09701190240593005,6.92085277975707e-14,0,0,0,100390.52584839595,51215.21633888577,42156.999999993066
2001,46650.918708590965,0.09633076545972341,6.92085277975707e-14,0,0,0,100277.04382409342,51144.837417188864,42156.999999993066
2002,46615.793158929,0.09564984003885557,6.92085277975707e-14,0,0,0,100163.81058210395,51074.586317864945,42156.999999993066
2003,46580.73135156859,0.09496912614332653,6.92085277975707e-14,0,0,0,100050.82536158619,51004.46270314411,42156.999999993066
2004,46545.733118221884,0.09428862377313596,6.92085277975707e-14,0,0,0,99938.08740470622,50934.4662364507,42156.999999993066
2005,46510.79829119558,0.0936083329282843,6.92085277975707e-14,0,0,0,99825.59595662322,50864.59658239808,42156.999999993066
2006,46475.926703388184,0.09292825360877122,6.92085277975707e-14,0,0,0,99713.35026547476,50794.8534067833,42156.999999993066
2007,46441.1181882875,0.09224838581459682,6.92085277975707e-14,0,0,0,99601.34958236263,50725.23637658194,42156.999999993066
2008,46406.37257996799,0.09156872954576134,6.92085277975707e-14,0,0,0,99489.59316133845,50655.745159942904,42156.999999993066
2009,46371.68971308816,0.09088928480226421,6.92085277975707e-14,0,0,0,99378.08025938939,50586.37942618326,42156.999999993066
2010,46337.0694228881,0.09021005158410589,6.92085277975707e-14,0,0,0,99266.81013642425,50517.13884578312,42156.999999993066
2011,46302.51154518681,0.08953102989128625,6.92085277975707e-14,0,0,0,99155.78205525914,50448.023090380564,42156.999999993066
2012,46268.015916379765,0.08885221972380541,6.92085277975707e-14,0,0,0,99044.99528160378,50379.03183276647,42156.999999993066
2013,46233.5823734363,0.08817362108166316,6.92085277975707e-14,0,0,0,98934.44908404736,50310.16474687954,42156.999999993066
2014,46199.21075389715,0.08749523396485948,6.92085277975707e-14,0,0,0,98824.14273404483,50241.421507801235,42156.999999993066
2015,46164.90089587196,0.0868170583733946,6.92085277975707e-14,0,0,0,98714.07550590328,50172.80179175084,42156.999999993066
2016,46130.65263803676,0.08613909430726852,6.92085277975707e-14,0,0,0,98604.24667676809,50104.30527608045,42156.999999993066
2017,46096.46581963149,0.08546134176648079,6.92085277975707e-14,0,0,0,98494.65552660942,50035.931639269926,42156.999999993066
2018,46062.34028045762,0.08478380075103198,6.92085277975707e-14,0,0,0,98385.3013382088,49967.68056092217,42156.999999993066
2019,46028.275860875576,0.08410647126092174,6.92085277975707e-14,0,0,0,98276.18339714555,49899.55172175808,42156.999999993066
2020,45994.272401802424,0.08342935329615042,6.92085277975707e-14,0,0,0,98167.30099178357,49831.544803611774,42156.999999993066
2021,45960.32974470935,0.08275244685671779,6.92085277975707e-14,0,0,0,98058.65341325791,49763.659489425634,42156.999999993066
2022,45926.447731619315,0.08207575194262351,6.92085277975707e-14,0,0,0,97950.23995546169,49695.895463245564,42156.999999993066
2023,45892.626205104665,0.08139926855386814,6.92085277975707e-14,0,0,0,97842.05991503298,49628.25241021627,42156.999999993066
2024,45858.865008284694,0.08072299669045147,6.92085277975707e-14,0,0,0,97734.1125913417,49560.73001657632,42156.999999993066
2025,45825.16398482329,0.08004693635237337,6.92085277975707e-14,0,0,0,97626.39728647655,49493.3279696535,42156.999999993066
2026,45791.52297892661,0.07937108753963396,6.92085277975707e-14,0,0,0,97518.91330523233,49426.045957860144,42156.999999993066
2027,45757.94183534071,0.07869545025223335,6.92085277975707e-14,0,0,0,97411.65995509693,49358.88367068836,42156.999999993066
2028,45724.420399349176,0.07802002449017131,6.92085277975707e-14,0,0,0,97304.63654623853,49291.840798705285,42156.999999993066
2029,45690.95851677087,0.07734481025344797,6.92085277975707e-14,0,0,0,97197.8423914931,49224.91703354868,42156.999999993066
2030,45657.55603395757,0.07666980754206343,6.92085277975707e-14,0,0,0,97091.27680635167,49158.11206792207,42156.999999993066
2031,45624.21279779167,0.07599501635601758,6.92085277975707e-14,0,0,0,96984.93910894773,49091.42559559028,42156.999999993066
2032,45590.928655683914,0.0753204366953103,6.92085277975707e-14,0,0,0,96878.82862004479,49024.857311374755,42156.999999993066
2033,45557.70345557112,0.07464606855994171,6.92085277975707e-14,0,0,0,96772.94466302406,48958.40691114918,42156.999999993066
2034,45524.537045913916,0.07397191194991193,6.92085277975707e-14,0,0,0,96667.28656387198,48892.07409183476,42156.999999993066
2035,45491.42927569445,0.07329796686522072,6.92085277975707e-14,0,0,0,96561.85365116801,48825.85855139583,42156.999999993066
2036,45458.37999441421,0.07262423330586809,6.92085277975707e-14,0,0,0,96456.64525607243,48759.75998883536,42156.999999993066
2037,45425.38905209178,0.07195071127185437,6.92085277975707e-14,0,0,0,96351.66071231425,48693.77810419049,42156.999999993066
2038,45392.45629926056,0.07127740076317912,6.92085277975707e-14,0,0,0,96246.89935617895,48627.91259852805,42156.999999993066
2039,45359.581586966655,0.07060430177984267,6.92085277975707e-14,0,0,0,96142.36052649679,48562.16317394025,42156.999999993066
2040,45326.764766766624,0.06993141432184491,6.92085277975707e-14,0,0,0,96038.04356463057,48496.529533540175,42156.999999993066
2041,45294.0056907253,0.06925873838918584,6.92085277975707e-14,0,0,0,95933.94781446394,48431.01138145754,42156.999999993066
2042,45261.30421141365,0.06858627398186556,6.92085277975707e-14,0,0,0,95830.07262238962,48365.60842283422,42156.999999993066
2043,45228.66018190655,0.06791402109988398,6.92085277975707e-14,0,0,0,95726.41733729748,48300.320363820036,42156.999999993066
2044,45196.07345578069,0.06724197974324075,6.92085277975707e-14,0,0,0,95622.981310563,48235.14691156833,42156.999999993066
2045,45163.543887112464,0.06657014991193644,6.92085277975707e-14,0,0,0,95519.76389603577,48170.08777423186,42156.999999993066
2046,45131.071330475745,0.06589853160597081,6.92085277975707e-14,0,0,0,95416.7644500277,48105.14266095842,42156.999999993066
2047,45098.65564093984,0.06522712482534365,6.92085277975707e-14,0,0,0,95313.9823313017,48040.31128188661,42156.999999993066
2048,45066.296674067395,0.06455592957005563,6.92085277975707e-14,0,0,0,95211.41690106032,47975.593348141716,42156.999999993066
2049,45033.99428591221,0.06388494584010596,6.92085277975707e-14,0,0,0,95109.0675229341,47910.98857183136,42156.999999993066
2050,45001.74833301727,0.06321417363549509,6.92085277975707e-14,0,0,0,95006.93356297069,47846.49666604148,42156.999999993066
2051,44969.5586724126,0.0625436129562229,6.92085277975707e-14,0,0,0,94905.0143896233,47782.11734483213,42156.999999993066
2052,44937.4251616132,0.061873263802289524,6.92085277975707e-14,0,0,0,94803.30937373971,47717.850323233346,42156.999999993066
2053,44905.34765861703,0.06120312617369472,6.92085277975707e-14,0,0,0,94701.81788855103,47653.69531724099,42156.999999993066
2054,44873.326021902925,0.06053320007043839,6.92085277975707e-14,0,0,0,94600.53930966074,47589.652043812785,42156.999999993066
2055,44841.360110428606,0.05986348549252074,6.92085277975707e-14,0,0,0,94499.47301503377,47525.720220864154,42156.999999993066
2056,44809.44978362865,0.05919398243994212,6.92085277975707e-14,0,0,0,94398.61838498552,47461.89956726423,42156.999999993066
2057,44777.594901412405,0.05852469091270196,6.92085277975707e-14,0,0,0,94297.97480217075,47398.189802831745,42156.999999993066
2058,44745.7953241621,0.05785561091080038,6.92085277975707e-14,0,0,0,94197.54165157324,47334.590648331134,42156.999999993066
2059,44714.050912730796,0.057186742434237714,6.92085277975707e-14,0,0,0,94097.31832049471,47271.101825468526,42156.999999993066
2060,44682.36152844038,0.056518085483013625,6.92085277975707e-14,0,0,0,93997.3041985442,47207.72305688769,42156.999999993066
2061,44650.72703307966,0.05584964005712845,6.92085277975707e-14,0,0,0,93897.49867762755,47144.454066166254,42156.999999993066
2062,44619.14728890233,0.055181406156581736,6.92085277975707e-14,0,0,0,93797.90115193659,47081.2945778116,42156.999999993066
2063,44587.622158625076,0.054513383781373714,6.92085277975707e-14,0,0,0,93698.5110179389,47018.24431725709,42156.999999993066
2064,44556.15150542562,0.05384557293150449,6.92085277975707e-14,0,0,0,93599.32767436723,46955.30301085818,42156.999999993066
2065,44524.73519294077,0.05317797360697374,6.92085277975707e-14,0,0,0,93500.35052220905,46892.47038588847,42156.999999993066
2066,44493.373085264495,0.052510585807781784,6.92085277975707e-14,0,0,0,93401.5789646963,46829.74617053592,42156.999999993066
2067,44462.06504694606,0.05184340953392852,6.92085277975707e-14,0,0,0,93303.01240729504,46767.130093899046,42156.999999993066
2068,44430.810942988064,0.051176444785414055,6.92085277975707e-14,0,0,0,93204.65025769523,46704.62188598307,42156.999999993066
2069,44399.61063884457,0.05050969156223806,6.92085277975707e-14,0,0,0,93106.49192580061,46642.22127769607,42156.999999993066
2070,44368.46400041924,0.04984314986440097,6.92085277975707e-14,0,0,0,93008.53682371847,46579.928000845415,42156.999999993066
2071,44337.370894063424,0.04917681969190235,6.92085277975707e-14,0,0,0,92910.78436574967,46517.74178813378,42156.999999993066
2072,44306.33118657433,0.04851070104474264,6.92085277975707e-14,0,0,0,92813.23396837863,46455.66237315559,42156.999999993066
2073,44275.34474519314,0.047844793922921625,6.92085277975707e-14,0,0,0,92715.8850502633,46393.68949039322,42156.999999993066
2074,44244.411437603165,0.04717909832643896,6.92085277975707e-14,0,0,0,92618.7370322253,46331.82287521326,42156.999999993066
2075,44213.53113192805,0.04651361425529521,6.92085277975707e-14,0,0,0,92521.78933724012,46270.06226386304,42156.999999993066
2076,44182.703696729885,0.04584834170949004,6.92085277975707e-14,0,0,0,92425.04139042724,46208.4073934667,42156.999999993066
2077,44151.929001007426,0.04518328068902355,6.92085277975707e-14,0,0,0,92328.4926190404,46146.858002021785,42156.999999993066
2078,44121.20691419426,0.04451843119389576,6.92085277975707e-14,0,0,0,92232.14245245796,46085.41382839546,42156.999999993066
2079,44090.53730615704,0.04385379322410676,6.92085277975707e-14,0,0,0,92135.99032217318,46024.07461232102,42156.999999993066
2080,44059.92004719366,0.04318936677965657,6.92085277975707e-14,0,0,0,92040.03566178474,45962.84009439425,42156.999999993066
2081,44029.35500803145,0.04252515186054506,6.92085277975707e-14,0,0,0,91944.27790698704,45901.71001606983,42156.999999993066
2082,43998.842059825474,0.041861148466772025,6.92085277975707e-14,0,0,0,91848.71649556085,45840.68411965789,42156.999999993066
2083,43968.3810741567,0.041197356598337675,6.92085277975707e-14,0,0,0,91753.35086736381,45779.76214832033,42156.999999993066
2084,43937.97192303028,0.040533776255242016,6.92085277975707e-14,0,0,0,91658.18046432115,45718.943846067494,42156.999999993066
2085,43907.61447887378,0.039870407437485045,6.92085277975707e-14,0,0,0,91563.2047304162,45658.2289577545,42156.999999993066
2086,43877.308614535454,0.039207250145066874,6.92085277975707e-14,0,0,0,91468.42311168119,45597.61722907784,42156.999999993066
2087,43847.054203282496,0.03854430437798739,6.92085277975707e-14,0,0,0,91373.83505618798,45537.108406571926,42156.999999993066
2088,43816.85111879933,0.03788157013624638,6.92085277975707e-14,0,0,0,91279.4400140389,45476.70223760558,42156.999999993066
2089,43786.699235185915,0.03721904741984439,6.92085277975707e-14,0,0,0,91185.23743735767,45416.398470378765,42156.999999993066
2090,43756.59842695598,0.03655673622878075,6.92085277975707e-14,0,0,0,91091.22678028012,45356.19685391888,42156.999999993066
2091,43726.54856903541,0.035894636563056026,6.92085277975707e-14,0,0,0,90997.40749894541,45296.09713807775,42156.999999993066
2092,43696.54953676048,0.03523274842266988,6.92085277975707e-14,0,0,0,90903.77905148677,45236.09907352789,42156.999999993066
2093,43666.60120587623,0.03457107180762253,6.92085277975707e-14,0,0,0,90810.3408980228,45176.2024117594,42156.999999993066
2094,43636.70345253475,0.033909606717913765,6.92085277975707e-14,0,0,0,90717.09250064837,45116.40690507642,42156.999999993066
2095,43606.85615329355,0.033248353153543686,6.92085277975707e-14,0,0,0,90624.03332342593,45056.71230659403,42156.999999993066
2096,43577.05918511389,0.032587311114512296,6.92085277975707e-14,0,0,0,90531.16283237659,44997.11837023471,42156.999999993066
2097,43547.31242535912,0.031926480600819596,6.92085277975707e-14,0,0,0,90438.48049547143,44937.62485072517,42156.999999993066
2098,43517.615751793084,0.031265861612465695,6.92085277975707e-14,0,0,0,90345.98578262278,44878.2315035931,42156.999999993066
2099,43487.969042578414,0.030605454149450262,6.92085277975707e-14,0,0,0,90253.67816567545,44818.93808516376,42156.999999993066
2100,43458.37217627498,0.02994525821177363,6.92085277975707e-14,0,0,0,90161.55711839831,44759.74435255689,42156.999999993066
2101,43428.825031838234,0.029285273799435685,6.92085277975707e-14,0,0,0,90069.62211647557,44700.65006368341,42156.999999993066
2102,43399.327488617615,0.02862550091243643,6.92085277975707e-14,0,0,0,89977.8726374983,44641.654977242164,42156.999999993066
2103,43369.87942635495,0.027965939550775976,6.92085277975707e-14,0,0,0,89886.30816095592,44582.758852716834,42156.999999993066
2104,43340.48072518283,0.027306589714453877,6.92085277975707e-14,0,0,0,89794.92816822772,44523.9614503726,42156.999999993066
2105,43311.13126562309,0.026647451403470468,6.92085277975707e-14,0,0,0,89703.73214257465,44465.26253125311,42156.999999993066
2106,43281.83092858519,0.02598852461782608,6.92085277975707e-14,0,0,0,89612.7195691308,44406.66185717731,42156.999999993066
2107,43252.57959536463,0.025329809357520383,6.92085277975707e-14,0,0,0,89521.88993489511,44348.15919073619,42156.999999993066
2108,43223.37714764141,0.024671305622553263,6.92085277975707e-14,0,0,0,89431.24272872307,44289.75429528975,42156.999999993066
2109,43194.22346747849,0.02401301341292461,6.92085277975707e-14,0,0,0,89340.77744131866,44231.44693496392,42156.999999993066
2110,43165.118437320234,0.02335493272863476,6.92085277975707e-14,0,0,0,89250.49356522606,44173.236874647395,42156.999999993066
2111,43136.06193999086,0.02269706356968393,6.92085277975707e-14,0,0,0,89160.39059482155,44115.123879988656,42156.999999993066
2112,43107.053858692896,0.022039405936071454,6.92085277975707e-14,0,0,0,89070.46802630532,44057.10771739272,42156.999999993066
2113,43078.09407700569,0.02138195982779767,6.92085277975707e-14,0,0,0,88980.72535769353,43999.18815401831,42156.999999993066
2114,43049.18247888389,0.020724725244862685,6.92085277975707e-14,0,0,0,88891.16208881035,43941.36495777472,42156.999999993066
2115,43020.3189486559,0.02006770218726628,6.92085277975707e-14,0,0,0,88801.77772127982,43883.63789731873,42156.999999993066
2116,42991.503371022416,0.01941089065500856,6.92085277975707e-14,0,0,0,88712.57175851811,43826.006742051766,42156.999999993066
2117,42962.73563105491,0.018754290648089644,6.92085277975707e-14,0,0,0,88623.54370572547,43768.47126211674,42156.999999993066
2118,42934.01561419413,0.018097902166509305,6.92085277975707e-14,0,0,0,88534.69306987851,43711.0312283952,42156.999999993066
2119,42905.343206248675,0.017441725210267545,6.92085277975707e-14,0,0,0,88446.01935972237,43653.68641250429,42156.999999993066
2120,42876.71829339347,0.016785759779364806,6.92085277975707e-14,0,0,0,88357.52208576295,43596.43658679387,42156.999999993066
2121,42848.14076216827,0.016130005873800424,6.92085277975707e-14,0,0,0,88269.2007602591,43539.281524343474,42156.999999993066
2122,42819.61049947631,0.015474463493574842,6.92085277975707e-14,0,0,0,88181.05489721519,43482.22099895955,42156.999999993066
2123,42791.12739258275,0.01481913263868806,6.92085277975707e-14,0,0,0,88093.08401237318,43425.25478517244,42156.999999993066
2124,42762.691329113266,0.014164013309139856,6.92085277975707e-14,0,0,0,88005.28762320515,43368.382658233466,42156.999999993066
2125,42734.302197052624,0.013509105504930341,6.92085277975707e-14,0,0,0,87917.6652489058,43311.60439411218,42156.999999993066
2126,42705.959884743235,0.012854409226059516,6.92085277975707e-14,0,0,0,87830.21641038482,43254.91976949341,42156.999999993066
2127,42677.66428088372,0.012199924472527268,6.92085277975707e-14,0,0,0,87742.94063025946,43198.328561774375,42156.999999993066
2128,42649.41527452753,0.011545651244333932,6.92085277975707e-14,0,0,0,87655.8374328471,43141.83054906199,42156.999999993066
2129,42621.21275508147,0.010891589541479174,6.92085277975707e-14,0,0,0,87568.90634415773,43085.42551016987,42156.999999993066
2130,42593.05661230436,0.010237739363962994,6.92085277975707e-14,0,0,0,87482.14689188675,43029.113224615656,42156.999999993066
2131,42564.94673630561,0.009584100711785615,6.92085277975707e-14,0,0,0,87395.55860540754,42972.893472618154,42156.999999993066
2132,42536.88301754382,0.008930673584946924,6.92085277975707e-14,0,0,0,87309.14101576415,42916.76603509457,42156.999999993066
2133,42508.86534682542,0.008277457983447034,6.92085277975707e-14,0,0,0,87222.89365566417,42860.73069365777,42156.999999993066
2134,42480.89361530325,0.007624453907285611,6.92085277975707e-14,0,0,0,87136.81605947128,42804.78723061343,42156.999999993066
2135,42452.967714475235,0.006971661356462766,6.92085277975707e-14,0,0,0,87050.90776319832,42748.935428957404,42156.999999993066
2136,42425.08753618302,0.006319080330978943,6.92085277975707e-14,0,0,0,86965.16830450002,42693.17507237297,42156.999999993066
2137,42397.25297261056,0.005666710830833699,6.92085277975707e-14,0,0,0,86879.59722266588,42637.50594522805,42156.999999993066
2138,42369.463916282795,0.0050145528560270325,6.92085277975707e-14,0,0,0,86794.1940586131,42581.927832572524,42156.999999993066
2139,42341.72026006436,0.004362606406559166,6.92085277975707e-14,0,0,0,86708.95835487965,42526.44052013565,42156.999999993066
2140,42314.02189715815,0.0037108714824299893,6.92085277975707e-14,0,0,0,86623.88965561715,42471.04379432324,42156.999999993066
2141,42286.368721104045,0.0030593480836393905,6.92085277975707e-14,0,0,0,86538.98750658393,42415.737442215024,42156.999999993066
2142,42258.760625777584,0.002408036210187481,6.92085277975707e-14,0,0,0,86454.25145513813,42360.5212515621,42156.999999993066
2143,42231.19750538863,0.0017569358620743714,6.92085277975707e-14,0,0,0,86369.68105023082,42305.39501078419,42156.999999993066
2144,42203.67925448005,0.001106047039299951,6.92085277975707e-14,0,0,0,86285.27584239913,42250.35850896704,42156.999999993066
2145,42176.20576792641,0.0004553697418639979,6.92085277975707e-14,0,0,0,86201.03538375933,42195.41153585975,42156.999999993066
2146,42156.999999997795,1.1213252548714081e-13,6.92085277975707e-14,0,0,0,86142.16207248026,42157.000000002525,42156.999999993066
