step,a_km,e,i_deg,Omega_deg,omega_deg,nu_deg,period_s,r_apogee_km,r_perigee_km
0,24464.0,0.7232259646827992,45,0,0,0,38080.48081546757,42157.0,6771.0
1,24464.0,0.7232259646827992,44.96459480723839,0,0,0,38080.48081546757,42157.0,6771.0
2,24464.0,0.7232259646827992,44.92918961447678,0,0,0,38080.48081546757,42157.0,6771.0
3,24464.0,0.7232259646827992,44.893784421715175,0,0,0,38080.48081546757,42157.0,6771.0
4,24464.0,0.7232259646827992,44.85837922895357,0,0,0,38080.48081546757,42157.0,6771.0
5,24464.0,0.7232259646827992,44.82297403619196,0,0,0,38080.48081546757,42157.0,6771.0
6,24464.0,0.7232259646827992,44.78756884343035,0,0,0,38080.48081546757,42157.0,6771.0
7,24464.0,0.7232259646827992,44.75216365066874,0,0,0,38080.48081546757,42157.0,6771.0
8,24464.0,0.7232259646827992,44.71675845790713,0,0,0,38080.48081546757,42157.0,6771.0
9,24464.0,0.7232259646827992,44.681353265145525,0,0,0,38080.48081546757,42157.0,6771.0
10,24464.0,0.7232259646827992,44.645948072383916,0,0,0,38080.48081546757,42157.0,6771.0
11,24464.0,0.7232259646827992,44.61054287962231,0,0,0,38080.48081546757,42157.0,6771.0
12,24464.0,0.7232259646827992,44.5751376868607,0,0,0,38080.48081546757,42157.0,6771.0
13,24464.0,0.7232259646827992,44.53973249409909,0,0,0,38080.48081546757,42157.0,6771.0
14,24464.0,0.7232259646827992,44.50432730133748,0,0,0,38080.48081546757,42157.0,6771.0
15,24464.0,0.7232259646827992,44.468922108575875,0,0,0,38080.48081546757,42157.0,6771.0
16,24464.0,0.7232259646827992,44.433516915814266,0,0,0,38080.48081546757,42157.0,6771.0
17,24464.0,0.7232259646827992,44.39811172305266,0,0,0,38080.48081546757,42157.0,6771.0
18,24464.0,0.7232259646827992,44.36270653029105,0,0,0,38080.48081546757,42157.0,6771.0
19,24464.0,0.7232259646827992,44.32730133752944,0,0,0,38080.48081546757,42157.0,6771.0
20,24464.0,0.7232259646827992,44.29189614476783,0,0,0,38080.48081546757,42157.0,6771.0
21,24464.0,0.7232259646827992,44.256490952006224,0,0,0,38080.48081546757,42157.0,6771.0
22,24464.0,0.7232259646827992,44.221085759244616,0,0,0,38080.48081546757,42157.0,6771.0
23,24464.0,0.7232259646827992,44.18568056648301,0,0,0,38080.48081546757,42157.0,6771.0
24,24464.0,0.7232259646827992,44.1502753737214,0,0,0,38080.48081546757,42157.0,6771.0
25,24464.0,0.7232259646827992,44.11487018095979,0,0,0,38080.48081546757,42157.0,6771.0
26,24464.0,0.7232259646827992,44.07946498819818,0,0,0,38080.48081546757,42157.0,6771.0
27,24464.0,0.7232259646827992,44.044059795436574,0,0,0,38080.48081546757,42157.0,6771.0
28,24464.0,0.7232259646827992,44.008654602674966,0,0,0,38080.48081546757,42157.0,6771.0
29,24464.0,0.7232259646827992,43.97324940991336,0,0,0,38080.48081546757,42157.0,6771.0
30,24464.0,0.7232259646827992,43.93784421715175,0,0,0,38080.48081546757,42157.0,6771.0
31,24464.0,0.7232259646827992,43.90243902439014,0,0,0,38080.48081546757,42157.0,6771.0
32,24464.0,0.7232259646827992,43.86703383162853,0,0,0,38080.48081546757,42157.0,6771.0
33,24464.0,0.7232259646827992,43.831628638866924,0,0,0,38080.48081546757,42157.0,6771.0
34,24464.0,0.7232259646827992,43.796223446105316,0,0,0,38080.48081546757,42157.0,6771.0
35,24464.0,0.7232259646827992,43.76081825334371,0,0,0,38080.48081546757,42157.0,6771.0
36,24464.0,0.7232259646827992,43.7254130605821,0,0,0,38080.48081546757,42157.0,6771.0
37,24464.0,0.7232259646827992,43.69000786782049,0,0,0,38080.48081546757,42157.0,6771.0
38,24464.0,0.7232259646827992,43.65460267505888,0,0,0,38080.48081546757,42157.0,6771.0
39,24464.0,0.7232259646827992,43.619197482297274,0,0,0,38080.48081546757,42157.0,6771.0
40,24464.0,0.7232259646827992,43.583792289535666,0,0,0,38080.48081546757,42157.0,6771.0
41,24464.0,0.7232259646827992,43.54838709677406,0,0,0,38080.48081546757,42157.0,6771.0
42,24464.0,0.7232259646827992,43.51298190401245,0,0,0,38080.48081546757,42157.0,6771.0
43,24464.0,0.7232259646827992,43.47757671125084,0,0,0,38080.48081546757,42157.0,6771.0
44,24464.0,0.7232259646827992,43.44217151848923,0,0,0,38080.48081546757,42157.0,6771.0
45,24464.0,0.7232259646827992,43.406766325727624,0,0,0,38080.48081546757,42157.0,6771.0
46,24464.0,0.7232259646827992,43.371361132966015,0,0,0,38080.48081546757,42157.0,6771.0
47,24464.0,0.7232259646827992,43.33595594020441,0,0,0,38080.48081546757,42157.0,6771.0
48,24464.0,0.7232259646827992,43.3005507474428,0,0,0,38080.48081546757,42157.0,6771.0
49,24464.0,0.7232259646827992,43.26514555468119,0,0,0,38080.48081546757,42157.0,6771.0
50,24464.0,0.7232259646827992,43.22974036191958,0,0,0,38080.48081546757,42157.0,6771.0
51,24464.0,0.7232259646827992,43.194335169157974,0,0,0,38080.48081546757,42157.0,6771.0
52,24464.0,0.7232259646827992,43.158929976396365,0,0,0,38080.48081546757,42157.0,6771.0
53,24464.0,0.7232259646827992,43.12352478363476,0,0,0,38080.48081546757,42157.0,6771.0
54,24464.0,0.7232259646827992,43.08811959087315,0,0,0,38080.48081546757,42157.0,6771.0
55,24464.0,0.7232259646827992,43.05271439811154,0,0,0,38080.48081546757,42157.0,6771.0
56,24464.0,0.7232259646827992,43.01730920534993,0,0,0,38080.48081546757,42157.0,6771.0
57,24464.0,0.7232259646827992,42.98190401258832,0,0,0,38080.48081546757,42157.0,6771.0
58,24464.0,0.7232259646827992,42.946498819826715,0,0,0,38080.48081546757,42157.0,6771.0
59,24464.0,0.7232259646827992,42.91109362706511,0,0,0,38080.48081546757,42157.0,6771.0
60,24464.0,0.7232259646827992,42.8756884343035,0,0,0,38080.48081546757,42157.0,6771.0
61,24464.0,0.7232259646827992,42.84028324154189,0,0,0,38080.48081546757,42157.0,6771.0
62,24464.0,0.7232259646827992,42.80487804878028,0,0,0,38080.48081546757,42157.0,6771.0
63,24464.0,0.7232259646827992,42.76947285601867,0,0,0,38080.48081546757,42157.0,6771.0
64,24464.0,0.7232259646827992,42.734067663257065,0,0,0,38080.48081546757,42157.0,6771.0
65,24464.0,0.7232259646827992,42.69866247049546,0,0,0,38080.48081546757,42157.0,6771.0
66,24464.0,0.7232259646827992,42.66325727773385,0,0,0,38080.48081546757,42157.0,6771.0
67,24464.0,0.7232259646827992,42.62785208497224,0,0,0,38080.48081546757,42157.0,6771.0
68,24464.0,0.7232259646827992,42.59244689221063,0,0,0,38080.48081546757,42157.0,6771.0
69,24464.0,0.7232259646827992,42.55704169944902,0,0,0,38080.48081546757,42157.0,6771.0
70,24464.0,0.7232259646827992,42.521636506687415,0,0,0,38080.48081546757,42157.0,6771.0
71,24464.0,0.7232259646827992,42.486231313925806,0,0,0,38080.48081546757,42157.0,6771.0
72,24464.0,0.7232259646827992,42.4508261211642,0,0,0,38080.48081546757,42157.0,6771.0
73,24464.0,0.7232259646827992,42.41542092840259,0,0,0,38080.48081546757,42157.0,6771.0
74,24464.0,0.7232259646827992,42.38001573564098,0,0,0,38080.48081546757,42157.0,6771.0
75,24464.0,0.7232259646827992,42.34461054287937,0,0,0,38080.48081546757,42157.0,6771.0
76,24464.0,0.7232259646827992,42.309205350117765,0,0,0,38080.48081546757,42157.0,6771.0
77,24464.0,0.7232259646827992,42.273800157356156,0,0,0,38080.48081546757,42157.0,6771.0
78,24464.0,0.7232259646827992,42.23839496459455,0,0,0,38080.48081546757,42157.0,6771.0
79,24464.0,0.7232259646827992,42.20298977183294,0,0,0,38080.48081546757,42157.0,6771.0
80,24464.0,0.7232259646827992,42.16758457907133,0,0,0,38080.48081546757,42157.0,6771.0
81,24464.0,0.7232259646827992,42.13217938630972,0,0,0,38080.48081546757,42157.0,6771.0
82,24464.0,0.7232259646827992,42.096774193548114,0,0,0,38080.48081546757,42157.0,6771.0
83,24464.0,0.7232259646827992,42.061369000786506,0,0,0,38080.48081546757,42157.0,6771.0
84,24464.0,0.7232259646827992,42.0259638080249,0,0,0,38080.48081546757,42157.0,6771.0
85,24464.0,0.7232259646827992,41.99055861526329,0,0,0,38080.48081546757,42157.0,6771.0
86,24464.0,0.7232259646827992,41.95515342250168,0,0,0,38080.48081546757,42157.0,6771.0
87,24464.0,0.7232259646827992,41.91974822974007,0,0,0,38080.48081546757,42157.0,6771.0
88,24464.0,0.7232259646827992,41.884343036978464,0,0,0,38080.48081546757,42157.0,6771.0
89,24464.0,0.7232259646827992,41.848937844216856,0,0,0,38080.48081546757,42157.0,6771.0
90,24464.0,0.7232259646827992,41.81353265145525,0,0,0,38080.48081546757,42157.0,6771.0
91,24464.0,0.7232259646827992,41.77812745869364,0,0,0,38080.48081546757,42157.0,6771.0
92,24464.0,0.7232259646827992,41.74272226593203,0,0,0,38080.48081546757,42157.0,6771.0
93,24464.0,0.7232259646827992,41.70731707317042,0,0,0,38080.48081546757,42157.0,6771.0
94,24464.0,0.7232259646827992,41.671911880408814,0,0,0,38080.48081546757,42157.0,6771.0
95,24464.0,0.7232259646827992,41.636506687647206,0,0,0,38080.48081546757,42157.0,6771.0
96,24464.0,0.7232259646827992,41.6011014948856,0,0,0,38080.48081546757,42157.0,6771.0
97,24464.0,0.7232259646827992,41.56569630212399,0,0,0,38080.48081546757,42157.0,6771.0
98,24464.0,0.7232259646827992,41.53029110936238,0,0,0,38080.48081546757,42157.0,6771.0
99,24464.0,0.7232259646827992,41.49488591660077,0,0,0,38080.48081546757,42157.0,6771.0
100,24464.0,0.7232259646827992,41.459480723839164,0,0,0,38080.48081546757,42157.0,6771.0
101,24464.0,0.7232259646827992,41.424075531077555,0,0,0,38080.48081546757,42157.0,6771.0
102,24464.0,0.7232259646827992,41.38867033831595,0,0,0,38080.48081546757,42157.0,6771.0
103,24464.0,0.7232259646827992,41.35326514555434,0,0,0,38080.48081546757,42157.0,6771.0
104,24464.0,0.7232259646827992,41.31785995279273,0,0,0,38080.48081546757,42157.0,6771.0
105,24464.0,0.7232259646827992,41.28245476003112,0,0,0,38080.48081546757,42157.0,6771.0
106,24464.0,0.7232259646827992,41.247049567269514,0,0,0,38080.48081546757,42157.0,6771.0
107,24464.0,0.7232259646827992,41.211644374507905,0,0,0,38080.48081546757,42157.0,6771.0
108,24464.0,0.7232259646827992,41.1762391817463,0,0,0,38080.48081546757,42157.0,6771.0
109,24464.0,0.7232259646827992,41.14083398898469,0,0,0,38080.48081546757,42157.0,6771.0
110,24464.0,0.7232259646827992,41.10542879622308,0,0,0,38080.48081546757,42157.0,6771.0
111,24464.0,0.7232259646827992,41.07002360346147,0,0,0,38080.48081546757,42157.0,6771.0
112,24464.0,0.7232259646827992,41.03461841069986,0,0,0,38080.48081546757,42157.0,6771.0
113,24464.0,0.7232259646827992,40.999213217938255,0,0,0,38080.48081546757,42157.0,6771.0
114,24464.0,0.7232259646827992,40.96380802517665,0,0,0,38080.48081546757,42157.0,6771.0
115,24464.0,0.7232259646827992,40.92840283241504,0,0,0,38080.48081546757,42157.0,6771.0
116,24464.0,0.7232259646827992,40.89299763965343,0,0,0,38080.48081546757,42157.0,6771.0
117,24464.0,0.7232259646827992,40.85759244689182,0,0,0,38080.48081546757,42157.0,6771.0
118,24464.0,0.7232259646827992,40.82218725413021,0,0,0,38080.48081546757,42157.0,6771.0
119,24464.0,0.7232259646827992,40.786782061368605,0,0,0,38080.48081546757,42157.0,6771.0
120,24464.0,0.7232259646827992,40.751376868607,0,0,0,38080.48081546757,42157.0,6771.0
121,24464.0,0.7232259646827992,40.71597167584539,0,0,0,38080.48081546757,42157.0,6771.0
122,24464.0,0.7232259646827992,40.68056648308378,0,0,0,38080.48081546757,42157.0,6771.0
123,24464.0,0.7232259646827992,40.64516129032217,0,0,0,38080.48081546757,42157.0,6771.0
124,24464.0,0.7232259646827992,40.60975609756056,0,0,0,38080.48081546757,42157.0,6771.0
125,24464.0,0.7232259646827992,40.574350904798955,0,0,0,38080.48081546757,42157.0,6771.0
126,24464.0,0.7232259646827992,40.538945712037346,0,0,0,38080.48081546757,42157.0,6771.0
127,24464.0,0.7232259646827992,40.50354051927574,0,0,0,38080.48081546757,42157.0,6771.0
128,24464.0,0.7232259646827992,40.46813532651413,0,0,0,38080.48081546757,42157.0,6771.0
129,24464.0,0.7232259646827992,40.43273013375252,0,0,0,38080.48081546757,42157.0,6771.0
130,24464.0,0.7232259646827992,40.39732494099091,0,0,0,38080.48081546757,42157.0,6771.0
131,24464.0,0.7232259646827992,40.361919748229305,0,0,0,38080.48081546757,42157.0,6771.0
132,24464.0,0.7232259646827992,40.326514555467696,0,0,0,38080.48081546757,42157.0,6771.0
133,24464.0,0.7232259646827992,40.29110936270609,0,0,0,38080.48081546757,42157.0,6771.0
134,24464.0,0.7232259646827992,40.25570416994448,0,0,0,38080.48081546757,42157.0,6771.0
135,24464.0,0.7232259646827992,40.22029897718287,0,0,0,38080.48081546757,42157.0,6771.0
136,24464.0,0.7232259646827992,40.18489378442126,0,0,0,38080.48081546757,42157.0,6771.0
137,24464.0,0.7232259646827992,40.149488591659654,0,0,0,38080.48081546757,42157.0,6771.0
138,24464.0,0.7232259646827992,40.114083398898046,0,0,0,38080.48081546757,42157.0,6771.0
139,24464.0,0.7232259646827992,40.07867820613644,0,0,0,38080.48081546757,42157.0,6771.0
140,24464.0,0.7232259646827992,40.04327301337483,0,0,0,38080.48081546757,42157.0,6771.0
141,24464.0,0.7232259646827992,40.00786782061322,0,0,0,38080.48081546757,42157.0,6771.0
142,24464.0,0.7232259646827992,39.97246262785161,0,0,0,38080.48081546757,42157.0,6771.0
143,24464.0,0.7232259646827992,39.937057435090004,0,0,0,38080.48081546757,42157.0,6771.0
144,24464.0,0.7232259646827992,39.901652242328396,0,0,0,38080.48081546757,42157.0,6771.0
145,24464.0,0.7232259646827992,39.86624704956679,0,0,0,38080.48081546757,42157.0,6771.0
146,24464.0,0.7232259646827992,39.83084185680518,0,0,0,38080.48081546757,42157.0,6771.0
147,24464.0,0.7232259646827992,39.79543666404357,0,0,0,38080.48081546757,42157.0,6771.0
148,24464.0,0.7232259646827992,39.76003147128196,0,0,0,38080.48081546757,42157.0,6771.0
149,24464.0,0.7232259646827992,39.724626278520354,0,0,0,38080.48081546757,42157.0,6771.0
150,24464.0,0.7232259646827992,39.689221085758746,0,0,0,38080.48081546757,42157.0,6771.0
151,24464.0,0.7232259646827992,39.65381589299714,0,0,0,38080.48081546757,42157.0,6771.0
152,24464.0,0.7232259646827992,39.61841070023553,0,0,0,38080.48081546757,42157.0,6771.0
153,24464.0,0.7232259646827992,39.58300550747392,0,0,0,38080.48081546757,42157.0,6771.0
154,24464.0,0.7232259646827992,39.54760031471231,0,0,0,38080.48081546757,42157.0,6771.0
155,24464.0,0.7232259646827992,39.512195121950704,0,0,0,38080.48081546757,42157.0,6771.0
156,24464.0,0.7232259646827992,39.476789929189096,0,0,0,38080.48081546757,42157.0,6771.0
157,24464.0,0.7232259646827992,39.44138473642749,0,0,0,38080.48081546757,42157.0,6771.0
158,24464.0,0.7232259646827992,39.40597954366588,0,0,0,38080.48081546757,42157.0,6771.0
159,24464.0,0.7232259646827992,39.37057435090427,0,0,0,38080.48081546757,42157.0,6771.0
160,24464.0,0.7232259646827992,39.33516915814266,0,0,0,38080.48081546757,42157.0,6771.0
161,24464.0,0.7232259646827992,39.299763965381054,0,0,0,38080.48081546757,42157.0,6771.0
162,24464.0,0.7232259646827992,39.264358772619445,0,0,0,38080.48081546757,42157.0,6771.0
163,24464.0,0.7232259646827992,39.22895357985784,0,0,0,38080.48081546757,42157.0,6771.0
164,24464.0,0.7232259646827992,39.19354838709623,0,0,0,38080.48081546757,42157.0,6771.0
165,24464.0,0.7232259646827992,39.15814319433462,0,0,0,38080.48081546757,42157.0,6771.0
166,24464.0,0.7232259646827992,39.12273800157301,0,0,0,38080.48081546757,42157.0,6771.0
167,24464.0,0.7232259646827992,39.087332808811404,0,0,0,38080.48081546757,42157.0,6771.0
168,24464.0,0.7232259646827992,39.051927616049795,0,0,0,38080.48081546757,42157.0,6771.0
169,24464.0,0.7232259646827992,39.01652242328819,0,0,0,38080.48081546757,42157.0,6771.0
170,24464.0,0.7232259646827992,38.98111723052658,0,0,0,38080.48081546757,42157.0,6771.0
171,24464.0,0.7232259646827992,38.94571203776497,0,0,0,38080.48081546757,42157.0,6771.0
172,24464.0,0.7232259646827992,38.91030684500336,0,0,0,38080.48081546757,42157.0,6771.0
173,24464.0,0.7232259646827992,38.87490165224175,0,0,0,38080.48081546757,42157.0,6771.0
174,24464.0,0.7232259646827992,38.839496459480145,0,0,0,38080.48081546757,42157.0,6771.0
175,24464.0,0.7232259646827992,38.80409126671854,0,0,0,38080.48081546757,42157.0,6771.0
176,24464.0,0.7232259646827992,38.76868607395693,0,0,0,38080.48081546757,42157.0,6771.0
177,24464.0,0.7232259646827992,38.73328088119532,0,0,0,38080.48081546757,42157.0,6771.0
178,24464.0,0.7232259646827992,38.69787568843371,0,0,0,38080.48081546757,42157.0,6771.0
179,24464.0,0.7232259646827992,38.6624704956721,0,0,0,38080.48081546757,42157.0,6771.0
180,24464.0,0.7232259646827992,38.627065302910495,0,0,0,38080.48081546757,42157.0,6771.0
181,24464.0,0.7232259646827992,38.59166011014889,0,0,0,38080.48081546757,42157.0,6771.0
182,24464.0,0.7232259646827992,38.55625491738728,0,0,0,38080.48081546757,42157.0,6771.0
183,24464.0,0.7232259646827992,38.52084972462567,0,0,0,38080.48081546757,42157.0,6771.0
184,24464.0,0.7232259646827992,38.48544453186406,0,0,0,38080.48081546757,42157.0,6771.0
185,24464.0,0.7232259646827992,38.45003933910245,0,0,0,38080.48081546757,42157.0,6771.0
186,24464.0,0.7232259646827992,38.414634146340845,0,0,0,38080.48081546757,42157.0,6771.0
187,24464.0,0.7232259646827992,38.379228953579236,0,0,0,38080.48081546757,42157.0,6771.0
188,24464.0,0.7232259646827992,38.34382376081763,0,0,0,38080.48081546757,42157.0,6771.0
189,24464.0,0.7232259646827992,38.30841856805602,0,0,0,38080.48081546757,42157.0,6771.0
190,24464.0,0.7232259646827992,38.27301337529441,0,0,0,38080.48081546757,42157.0,6771.0
191,24464.0,0.7232259646827992,38.2376081825328,0,0,0,38080.48081546757,42157.0,6771.0
192,24464.0,0.7232259646827992,38.202202989771195,0,0,0,38080.48081546757,42157.0,6771.0
193,24464.0,0.7232259646827992,38.166797797009586,0,0,0,38080.48081546757,42157.0,6771.0
194,24464.0,0.7232259646827992,38.13139260424798,0,0,0,38080.48081546757,42157.0,6771.0
195,24464.0,0.7232259646827992,38.09598741148637,0,0,0,38080.48081546757,42157.0,6771.0
196,24464.0,0.7232259646827992,38.06058221872476,0,0,0,38080.48081546757,42157.0,6771.0
197,24464.0,0.7232259646827992,38.02517702596315,0,0,0,38080.48081546757,42157.0,6771.0
198,24464.0,0.7232259646827992,37.989771833201544,0,0,0,38080.48081546757,42157.0,6771.0
199,24464.0,0.7232259646827992,37.954366640439936,0,0,0,38080.48081546757,42157.0,6771.0
200,24464.0,0.7232259646827992,37.91896144767833,0,0,0,38080.48081546757,42157.0,6771.0
201,24464.0,0.7232259646827992,37.88355625491672,0,0,0,38080.48081546757,42157.0,6771.0
202,24464.0,0.7232259646827992,37.84815106215511,0,0,0,38080.48081546757,42157.0,6771.0
203,24464.0,0.7232259646827992,37.8127458693935,0,0,0,38080.48081546757,42157.0,6771.0
204,24464.0,0.7232259646827992,37.777340676631894,0,0,0,38080.48081546757,42157.0,6771.0
205,24464.0,0.7232259646827992,37.741935483870286,0,0,0,38080.48081546757,42157.0,6771.0
206,24464.0,0.7232259646827992,37.70653029110868,0,0,0,38080.48081546757,42157.0,6771.0
207,24464.0,0.7232259646827992,37.67112509834707,0,0,0,38080.48081546757,42157.0,6771.0
208,24464.0,0.7232259646827992,37.63571990558546,0,0,0,38080.48081546757,42157.0,6771.0
209,24464.0,0.7232259646827992,37.60031471282385,0,0,0,38080.48081546757,42157.0,6771.0
210,24464.0,0.7232259646827992,37.564909520062244,0,0,0,38080.48081546757,42157.0,6771.0
211,24464.0,0.7232259646827992,37.529504327300636,0,0,0,38080.48081546757,42157.0,6771.0
212,24464.0,0.7232259646827992,37.49409913453903,0,0,0,38080.48081546757,42157.0,6771.0
213,24464.0,0.7232259646827992,37.45869394177742,0,0,0,38080.48081546757,42157.0,6771.0
214,24464.0,0.7232259646827992,37.42328874901581,0,0,0,38080.48081546757,42157.0,6771.0
215,24464.0,0.7232259646827992,37.3878835562542,0,0,0,38080.48081546757,42157.0,6771.0
216,24464.0,0.7232259646827992,37.352478363492594,0,0,0,38080.48081546757,42157.0,6771.0
217,24464.0,0.7232259646827992,37.317073170730986,0,0,0,38080.48081546757,42157.0,6771.0
218,24464.0,0.7232259646827992,37.28166797796938,0,0,0,38080.48081546757,42157.0,6771.0
219,24464.0,0.7232259646827992,37.24626278520777,0,0,0,38080.48081546757,42157.0,6771.0
220,24464.0,0.7232259646827992,37.21085759244616,0,0,0,38080.48081546757,42157.0,6771.0
221,24464.0,0.7232259646827992,37.17545239968455,0,0,0,38080.48081546757,42157.0,6771.0
222,24464.0,0.7232259646827992,37.140047206922944,0,0,0,38080.48081546757,42157.0,6771.0
223,24464.0,0.7232259646827992,37.104642014161335,0,0,0,38080.48081546757,42157.0,6771.0
224,24464.0,0.7232259646827992,37.06923682139973,0,0,0,38080.48081546757,42157.0,6771.0
225,24464.0,0.7232259646827992,37.03383162863812,0,0,0,38080.48081546757,42157.0,6771.0
226,24464.0,0.7232259646827992,36.99842643587651,0,0,0,38080.48081546757,42157.0,6771.0
227,24464.0,0.7232259646827992,36.9630212431149,0,0,0,38080.48081546757,42157.0,6771.0
228,24464.0,0.7232259646827992,36.92761605035329,0,0,0,38080.48081546757,42157.0,6771.0
229,24464.0,0.7232259646827992,36.892210857591685,0,0,0,38080.48081546757,42157.0,6771.0
230,24464.0,0.7232259646827992,36.85680566483008,0,0,0,38080.48081546757,42157.0,6771.0
231,24464.0,0.7232259646827992,36.82140047206847,0,0,0,38080.48081546757,42157.0,6771.0
232,24464.0,0.7232259646827992,36.78599527930686,0,0,0,38080.48081546757,42157.0,6771.0
233,24464.0,0.7232259646827992,36.75059008654525,0,0,0,38080.48081546757,42157.0,6771.0
234,24464.0,0.7232259646827992,36.71518489378364,0,0,0,38080.48081546757,42157.0,6771.0
235,24464.0,0.7232259646827992,36.679779701022035,0,0,0,38080.48081546757,42157.0,6771.0
236,24464.0,0.7232259646827992,36.64437450826043,0,0,0,38080.48081546757,42157.0,6771.0
237,24464.0,0.7232259646827992,36.60896931549882,0,0,0,38080.48081546757,42157.0,6771.0
238,24464.0,0.7232259646827992,36.57356412273721,0,0,0,38080.48081546757,42157.0,6771.0
239,24464.0,0.7232259646827992,36.5381589299756,0,0,0,38080.48081546757,42157.0,6771.0
240,24464.0,0.7232259646827992,36.50275373721399,0,0,0,38080.48081546757,42157.0,6771.0
241,24464.0,0.7232259646827992,36.467348544452385,0,0,0,38080.48081546757,42157.0,6771.0
242,24464.0,0.7232259646827992,36.43194335169078,0,0,0,38080.48081546757,42157.0,6771.0
243,24464.0,0.7232259646827992,36.39653815892917,0,0,0,38080.48081546757,42157.0,6771.0
244,24464.0,0.7232259646827992,36.36113296616756,0,0,0,38080.48081546757,42157.0,6771.0
245,24464.0,0.7232259646827992,36.32572777340595,0,0,0,38080.48081546757,42157.0,6771.0
246,24464.0,0.7232259646827992,36.29032258064434,0,0,0,38080.48081546757,42157.0,6771.0
247,24464.0,0.7232259646827992,36.254917387882735,0,0,0,38080.48081546757,42157.0,6771.0
248,24464.0,0.7232259646827992,36.219512195121126,0,0,0,38080.48081546757,42157.0,6771.0
249,24464.0,0.7232259646827992,36.18410700235952,0,0,0,38080.48081546757,42157.0,6771.0
250,24464.0,0.7232259646827992,36.14870180959791,0,0,0,38080.48081546757,42157.0,6771.0
251,24464.0,0.7232259646827992,36.1132966168363,0,0,0,38080.48081546757,42157.0,6771.0
252,24464.0,0.7232259646827992,36.07789142407469,0,0,0,38080.48081546757,42157.0,6771.0
253,24464.0,0.7232259646827992,36.042486231313084,0,0,0,38080.48081546757,42157.0,6771.0
254,24464.0,0.7232259646827992,36.007081038551476,0,0,0,38080.48081546757,42157.0,6771.0
255,24464.0,0.7232259646827992,35.97167584578987,0,0,0,38080.48081546757,42157.0,6771.0
256,24464.0,0.7232259646827992,35.93627065302826,0,0,0,38080.48081546757,42157.0,6771.0
257,24464.0,0.7232259646827992,35.90086546026665,0,0,0,38080.48081546757,42157.0,6771.0
258,24464.0,0.7232259646827992,35.86546026750504,0,0,0,38080.48081546757,42157.0,6771.0
259,24464.0,0.7232259646827992,35.830055074743434,0,0,0,38080.48081546757,42157.0,6771.0
260,24464.0,0.7232259646827992,35.794649881981826,0,0,0,38080.48081546757,42157.0,6771.0
261,24464.0,0.7232259646827992,35.75924468922022,0,0,0,38080.48081546757,42157.0,6771.0
262,24464.0,0.7232259646827992,35.72383949645861,0,0,0,38080.48081546757,42157.0,6771.0
263,24464.0,0.7232259646827992,35.688434303697,0,0,0,38080.48081546757,42157.0,6771.0
264,24464.0,0.7232259646827992,35.65302911093539,0,0,0,38080.48081546757,42157.0,6771.0
265,24464.0,0.7232259646827992,35.617623918173784,0,0,0,38080.48081546757,42157.0,6771.0
266,24464.0,0.7232259646827992,35.582218725412176,0,0,0,38080.48081546757,42157.0,6771.0
267,24464.0,0.7232259646827992,35.54681353265057,0,0,0,38080.48081546757,42157.0,6771.0
268,24464.0,0.7232259646827992,35.51140833988896,0,0,0,38080.48081546757,42157.0,6771.0
269,24464.0,0.7232259646827992,35.47600314712735,0,0,0,38080.48081546757,42157.0,6771.0
270,24464.0,0.7232259646827992,35.44059795436574,0,0,0,38080.48081546757,42157.0,6771.0
271,24464.0,0.7232259646827992,35.405192761604134,0,0,0,38080.48081546757,42157.0,6771.0
272,24464.0,0.7232259646827992,35.369787568842526,0,0,0,38080.48081546757,42157.0,6771.0
273,24464.0,0.7232259646827992,35.33438237608092,0,0,0,38080.48081546757,42157.0,6771.0
274,24464.0,0.7232259646827992,35.29897718331931,0,0,0,38080.48081546757,42157.0,6771.0
275,24464.0,0.7232259646827992,35.2635719905577,0,0,0,38080.48081546757,42157.0,6771.0
276,24464.0,0.7232259646827992,35.22816679779609,0,0,0,38080.48081546757,42157.0,6771.0
277,24464.0,0.7232259646827992,35.192761605034484,0,0,0,38080.48081546757,42157.0,6771.0
278,24464.0,0.7232259646827992,35.157356412272875,0,0,0,38080.48081546757,42157.0,6771.0
279,24464.0,0.7232259646827992,35.12195121951127,0,0,0,38080.48081546757,42157.0,6771.0
280,24464.0,0.7232259646827992,35.08654602674966,0,0,0,38080.48081546757,42157.0,6771.0
281,24464.0,0.7232259646827992,35.05114083398805,0,0,0,38080.48081546757,42157.0,6771.0
282,24464.0,0.7232259646827992,35.01573564122644,0,0,0,38080.48081546757,42157.0,6771.0
283,24464.0,0.7232259646827992,34.980330448464834,0,0,0,38080.48081546757,42157.0,6771.0
284,24464.0,0.7232259646827992,34.944925255703225,0,0,0,38080.48081546757,42157.0,6771.0
285,24464.0,0.7232259646827992,34.90952006294162,0,0,0,38080.48081546757,42157.0,6771.0
286,24464.0,0.7232259646827992,34.87411487018001,0,0,0,38080.48081546757,42157.0,6771.0
287,24464.0,0.7232259646827992,34.8387096774184,0,0,0,38080.48081546757,42157.0,6771.0
288,24464.0,0.7232259646827992,34.80330448465679,0,0,0,38080.48081546757,42157.0,6771.0
289,24464.0,0.7232259646827992,34.76789929189518,0,0,0,38080.48081546757,42157.0,6771.0
290,24464.0,0.7232259646827992,34.732494099133575,0,0,0,38080.48081546757,42157.0,6771.0
291,24464.0,0.7232259646827992,34.69708890637197,0,0,0,38080.48081546757,42157.0,6771.0
292,24464.0,0.7232259646827992,34.66168371361036,0,0,0,38080.48081546757,42157.0,6771.0
293,24464.0,0.7232259646827992,34.62627852084875,0,0,0,38080.48081546757,42157.0,6771.0
294,24464.0,0.7232259646827992,34.59087332808714,0,0,0,38080.48081546757,42157.0,6771.0
295,24464.0,0.7232259646827992,34.55546813532553,0,0,0,38080.48081546757,42157.0,6771.0
296,24464.0,0.7232259646827992,34.520062942563925,0,0,0,38080.48081546757,42157.0,6771.0
297,24464.0,0.7232259646827992,34.48465774980232,0,0,0,38080.48081546757,42157.0,6771.0
298,24464.0,0.7232259646827992,34.44925255704071,0,0,0,38080.48081546757,42157.0,6771.0
299,24464.0,0.7232259646827992,34.4138473642791,0,0,0,38080.48081546757,42157.0,6771.0
300,24464.0,0.7232259646827992,34.37844217151749,0,0,0,38080.48081546757,42157.0,6771.0
301,24464.0,0.7232259646827992,34.34303697875588,0,0,0,38080.48081546757,42157.0,6771.0
302,24464.0,0.7232259646827992,34.307631785994275,0,0,0,38080.48081546757,42157.0,6771.0
303,24464.0,0.7232259646827992,34.272226593232666,0,0,0,38080.48081546757,42157.0,6771.0
304,24464.0,0.7232259646827992,34.23682140047106,0,0,0,38080.48081546757,42157.0,6771.0
305,24464.0,0.7232259646827992,34.20141620770945,0,0,0,38080.48081546757,42157.0,6771.0
306,24464.0,0.7232259646827992,34.16601101494784,0,0,0,38080.48081546757,42157.0,6771.0
307,24464.0,0.7232259646827992,34.13060582218623,0,0,0,38080.48081546757,42157.0,6771.0
308,24464.0,0.7232259646827992,34.095200629424625,0,0,0,38080.48081546757,42157.0,6771.0
309,24464.0,0.7232259646827992,34.059795436663016,0,0,0,38080.48081546757,42157.0,6771.0
310,24464.0,0.7232259646827992,34.02439024390141,0,0,0,38080.48081546757,42157.0,6771.0
311,24464.0,0.7232259646827992,33.9889850511398,0,0,0,38080.48081546757,42157.0,6771.0
312,24464.0,0.7232259646827992,33.95357985837819,0,0,0,38080.48081546757,42157.0,6771.0
313,24464.0,0.7232259646827992,33.91817466561658,0,0,0,38080.48081546757,42157.0,6771.0
314,24464.0,0.7232259646827992,33.882769472854974,0,0,0,38080.48081546757,42157.0,6771.0
315,24464.0,0.7232259646827992,33.847364280093366,0,0,0,38080.48081546757,42157.0,6771.0
316,24464.0,0.7232259646827992,33.81195908733176,0,0,0,38080.48081546757,42157.0,6771.0
317,24464.0,0.7232259646827992,33.77655389457015,0,0,0,38080.48081546757,42157.0,6771.0
318,24464.0,0.7232259646827992,33.74114870180854,0,0,0,38080.48081546757,42157.0,6771.0
319,24464.0,0.7232259646827992,33.70574350904693,0,0,0,38080.48081546757,42157.0,6771.0
320,24464.0,0.7232259646827992,33.670338316285324,0,0,0,38080.48081546757,42157.0,6771.0
321,24464.0,0.7232259646827992,33.634933123523716,0,0,0,38080.48081546757,42157.0,6771.0
322,24464.0,0.7232259646827992,33.59952793076211,0,0,0,38080.48081546757,42157.0,6771.0
323,24464.0,0.7232259646827992,33.5641227380005,0,0,0,38080.48081546757,42157.0,6771.0
324,24464.0,0.7232259646827992,33.52871754523889,0,0,0,38080.48081546757,42157.0,6771.0
325,24464.0,0.7232259646827992,33.49331235247728,0,0,0,38080.48081546757,42157.0,6771.0
326,24464.0,0.7232259646827992,33.457907159715674,0,0,0,38080.48081546757,42157.0,6771.0
327,24464.0,0.7232259646827992,33.422501966954066,0,0,0,38080.48081546757,42157.0,6771.0
328,24464.0,0.7232259646827992,33.38709677419246,0,0,0,38080.48081546757,42157.0,6771.0
329,24464.0,0.7232259646827992,33.35169158143085,0,0,0,38080.48081546757,42157.0,6771.0
330,24464.0,0.7232259646827992,33.31628638866924,0,0,0,38080.48081546757,42157.0,6771.0
331,24464.0,0.7232259646827992,33.28088119590763,0,0,0,38080.48081546757,42157.0,6771.0
332,24464.0,0.7232259646827992,33.245476003146024,0,0,0,38080.48081546757,42157.0,6771.0
333,24464.0,0.7232259646827992,33.210070810384416,0,0,0,38080.48081546757,42157.0,6771.0
334,24464.0,0.7232259646827992,33.17466561762281,0,0,0,38080.48081546757,42157.0,6771.0
335,24464.0,0.7232259646827992,33.1392604248612,0,0,0,38080.48081546757,42157.0,6771.0
336,24464.0,0.7232259646827992,33.10385523209959,0,0,0,38080.48081546757,42157.0,6771.0
337,24464.0,0.7232259646827992,33.06845003933798,0,0,0,38080.48081546757,42157.0,6771.0
338,24464.0,0.7232259646827992,33.033044846576374,0,0,0,38080.48081546757,42157.0,6771.0
339,24464.0,0.7232259646827992,32.997639653814765,0,0,0,38080.48081546757,42157.0,6771.0
340,24464.0,0.7232259646827992,32.96223446105316,0,0,0,38080.48081546757,42157.0,6771.0
341,24464.0,0.7232259646827992,32.92682926829155,0,0,0,38080.48081546757,42157.0,6771.0
342,24464.0,0.7232259646827992,32.89142407552994,0,0,0,38080.48081546757,42157.0,6771.0
343,24464.0,0.7232259646827992,32.85601888276833,0,0,0,38080.48081546757,42157.0,6771.0
344,24464.0,0.7232259646827992,32.820613690006724,0,0,0,38080.48081546757,42157.0,6771.0
345,24464.0,0.7232259646827992,32.785208497245115,0,0,0,38080.48081546757,42157.0,6771.0
346,24464.0,0.7232259646827992,32.74980330448351,0,0,0,38080.48081546757,42157.0,6771.0
347,24464.0,0.7232259646827992,32.7143981117219,0,0,0,38080.48081546757,42157.0,6771.0
348,24464.0,0.7232259646827992,32.67899291896029,0,0,0,38080.48081546757,42157.0,6771.0
349,24464.0,0.7232259646827992,32.64358772619868,0,0,0,38080.48081546757,42157.0,6771.0
350,24464.0,0.7232259646827992,32.60818253343707,0,0,0,38080.48081546757,42157.0,6771.0
351,24464.0,0.7232259646827992,32.572777340675465,0,0,0,38080.48081546757,42157.0,6771.0
352,24464.0,0.7232259646827992,32.53737214791386,0,0,0,38080.48081546757,42157.0,6771.0
353,24464.0,0.7232259646827992,32.50196695515225,0,0,0,38080.48081546757,42157.0,6771.0
354,24464.0,0.7232259646827992,32.46656176239064,0,0,0,38080.48081546757,42157.0,6771.0
355,24464.0,0.7232259646827992,32.43115656962903,0,0,0,38080.48081546757,42157.0,6771.0
356,24464.0,0.7232259646827992,32.39575137686742,0,0,0,38080.48081546757,42157.0,6771.0
357,24464.0,0.7232259646827992,32.360346184105815,0,0,0,38080.48081546757,42157.0,6771.0
358,24464.0,0.7232259646827992,32.32494099134421,0,0,0,38080.48081546757,42157.0,6771.0
359,24464.0,0.7232259646827992,32.2895357985826,0,0,0,38080.48081546757,42157.0,6771.0
360,24464.0,0.7232259646827992,32.25413060582099,0,0,0,38080.48081546757,42157.0,6771.0
361,24464.0,0.7232259646827992,32.21872541305938,0,0,0,38080.48081546757,42157.0,6771.0
362,24464.0,0.7232259646827992,32.18332022029777,0,0,0,38080.48081546757,42157.0,6771.0
363,24464.0,0.7232259646827992,32.147915027536165,0,0,0,38080.48081546757,42157.0,6771.0
364,24464.0,0.7232259646827992,32.112509834774556,0,0,0,38080.48081546757,42157.0,6771.0
365,24464.0,0.7232259646827992,32.07710464201295,0,0,0,38080.48081546757,42157.0,6771.0
366,24464.0,0.7232259646827992,32.04169944925134,0,0,0,38080.48081546757,42157.0,6771.0
367,24464.0,0.7232259646827992,32.00629425648973,0,0,0,38080.48081546757,42157.0,6771.0
368,24464.0,0.7232259646827992,31.970889063728126,0,0,0,38080.48081546757,42157.0,6771.0
369,24464.0,0.7232259646827992,31.93548387096652,0,0,0,38080.48081546757,42157.0,6771.0
370,24464.0,0.7232259646827992,31.900078678204917,0,0,0,38080.48081546757,42157.0,6771.0
371,24464.0,0.7232259646827992,31.864673485443312,0,0,0,38080.48081546757,42157.0,6771.0
372,24464.0,0.7232259646827992,31.829268292681707,0,0,0,38080.48081546757,42157.0,6771.0
373,24464.0,0.7232259646827992,31.793863099920102,0,0,0,38080.48081546757,42157.0,6771.0
374,24464.0,0.7232259646827992,31.758457907158498,0,0,0,38080.48081546757,42157.0,6771.0
375,24464.0,0.7232259646827992,31.723052714396893,0,0,0,38080.48081546757,42157.0,6771.0
376,24464.0,0.7232259646827992,31.687647521635288,0,0,0,38080.48081546757,42157.0,6771.0
377,24464.0,0.7232259646827992,31.652242328873683,0,0,0,38080.48081546757,42157.0,6771.0
378,24464.0,0.7232259646827992,31.61683713611208,0,0,0,38080.48081546757,42157.0,6771.0
379,24464.0,0.7232259646827992,31.581431943350474,0,0,0,38080.48081546757,42157.0,6771.0
380,24464.0,0.7232259646827992,31.54602675058887,0,0,0,38080.48081546757,42157.0,6771.0
381,24464.0,0.7232259646827992,31.510621557827264,0,0,0,38080.48081546757,42157.0,6771.0
382,24464.0,0.7232259646827992,31.47521636506566,0,0,0,38080.48081546757,42157.0,6771.0
383,24464.0,0.7232259646827992,31.439811172304054,0,0,0,38080.48081546757,42157.0,6771.0
384,24464.0,0.7232259646827992,31.40440597954245,0,0,0,38080.48081546757,42157.0,6771.0
385,24464.0,0.7232259646827992,31.369000786780845,0,0,0,38080.48081546757,42157.0,6771.0
386,24464.0,0.7232259646827992,31.33359559401924,0,0,0,38080.48081546757,42157.0,6771.0
387,24464.0,0.7232259646827992,31.298190401257635,0,0,0,38080.48081546757,42157.0,6771.0
388,24464.0,0.7232259646827992,31.26278520849603,0,0,0,38080.48081546757,42157.0,6771.0
389,24464.0,0.7232259646827992,31.227380015734425,0,0,0,38080.48081546757,42157.0,6771.0
390,24464.0,0.7232259646827992,31.19197482297282,0,0,0,38080.48081546757,42157.0,6771.0
391,24464.0,0.7232259646827992,31.156569630211216,0,0,0,38080.48081546757,42157.0,6771.0
392,24464.0,0.7232259646827992,31.12116443744961,0,0,0,38080.48081546757,42157.0,6771.0
393,24464.0,0.7232259646827992,31.085759244688006,0,0,0,38080.48081546757,42157.0,6771.0
394,24464.0,0.7232259646827992,31.0503540519264,0,0,0,38080.48081546757,42157.0,6771.0
395,24464.0,0.7232259646827992,31.014948859164797,0,0,0,38080.48081546757,42157.0,6771.0
396,24464.0,0.7232259646827992,30.979543666403192,0,0,0,38080.48081546757,42157.0,6771.0
397,24464.0,0.7232259646827992,30.944138473641587,0,0,0,38080.48081546757,42157.0,6771.0
398,24464.0,0.7232259646827992,30.908733280879982,0,0,0,38080.48081546757,42157.0,6771.0
399,24464.0,0.7232259646827992,30.873328088118377,0,0,0,38080.48081546757,42157.0,6771.0
400,24464.0,0.7232259646827992,30.837922895356773,0,0,0,38080.48081546757,42157.0,6771.0
401,24464.0,0.7232259646827992,30.802517702595168,0,0,0,38080.48081546757,42157.0,6771.0
402,24464.0,0.7232259646827992,30.767112509833563,0,0,0,38080.48081546757,42157.0,6771.0
403,24464.0,0.7232259646827992,30.731707317071958,0,0,0,38080.48081546757,42157.0,6771.0
404,24464.0,0.7232259646827992,30.696302124310353,0,0,0,38080.48081546757,42157.0,6771.0
405,24464.0,0.7232259646827992,30.66089693154875,0,0,0,38080.48081546757,42157.0,6771.0
406,24464.0,0.7232259646827992,30.625491738787144,0,0,0,38080.48081546757,42157.0,6771.0
407,24464.0,0.7232259646827992,30.59008654602554,0,0,0,38080.48081546757,42157.0,6771.0
408,24464.0,0.7232259646827992,30.554681353263934,0,0,0,38080.48081546757,42157.0,6771.0
409,24464.0,0.7232259646827992,30.51927616050233,0,0,0,38080.48081546757,42157.0,6771.0
410,24464.0,0.7232259646827992,30.483870967740724,0,0,0,38080.48081546757,42157.0,6771.0
411,24464.0,0.7232259646827992,30.44846577497912,0,0,0,38080.48081546757,42157.0,6771.0
412,24464.0,0.7232259646827992,30.413060582217515,0,0,0,38080.48081546757,42157.0,6771.0
413,24464.0,0.7232259646827992,30.37765538945591,0,0,0,38080.48081546757,42157.0,6771.0
414,24464.0,0.7232259646827992,30.342250196694305,0,0,0,38080.48081546757,42157.0,6771.0
415,24464.0,0.7232259646827992,30.3068450039327,0,0,0,38080.48081546757,42157.0,6771.0
416,24464.0,0.7232259646827992,30.271439811171096,0,0,0,38080.48081546757,42157.0,6771.0
417,24464.0,0.7232259646827992,30.23603461840949,0,0,0,38080.48081546757,42157.0,6771.0
418,24464.0,0.7232259646827992,30.200629425647886,0,0,0,38080.48081546757,42157.0,6771.0
419,24464.0,0.7232259646827992,30.16522423288628,0,0,0,38080.48081546757,42157.0,6771.0
420,24464.0,0.7232259646827992,30.129819040124676,0,0,0,38080.48081546757,42157.0,6771.0
421,24464.0,0.7232259646827992,30.09441384736307,0,0,0,38080.48081546757,42157.0,6771.0
422,24464.0,0.7232259646827992,30.059008654601467,0,0,0,38080.48081546757,42157.0,6771.0
423,24464.0,0.7232259646827992,30.023603461839862,0,0,0,38080.48081546757,42157.0,6771.0
424,24464.0,0.7232259646827992,29.988198269078257,0,0,0,38080.48081546757,42157.0,6771.0
425,24464.0,0.7232259646827992,29.952793076316652,0,0,0,38080.48081546757,42157.0,6771.0
426,24464.0,0.7232259646827992,29.917387883555048,0,0,0,38080.48081546757,42157.0,6771.0
427,24464.0,0.7232259646827992,29.881982690793443,0,0,0,38080.48081546757,42157.0,6771.0
428,24464.0,0.7232259646827992,29.846577498031838,0,0,0,38080.48081546757,42157.0,6771.0
429,24464.0,0.7232259646827992,29.811172305270233,0,0,0,38080.48081546757,42157.0,6771.0
430,24464.0,0.7232259646827992,29.77576711250863,0,0,0,38080.48081546757,42157.0,6771.0
431,24464.0,0.7232259646827992,29.740361919747023,0,0,0,38080.48081546757,42157.0,6771.0
432,24464.0,0.7232259646827992,29.70495672698542,0,0,0,38080.48081546757,42157.0,6771.0
433,24464.0,0.7232259646827992,29.669551534223814,0,0,0,38080.48081546757,42157.0,6771.0
434,24464.0,0.7232259646827992,29.63414634146221,0,0,0,38080.48081546757,42157.0,6771.0
435,24464.0,0.7232259646827992,29.598741148700604,0,0,0,38080.48081546757,42157.0,6771.0
436,24464.0,0.7232259646827992,29.563335955939,0,0,0,38080.48081546757,42157.0,6771.0
437,24464.0,0.7232259646827992,29.527930763177395,0,0,0,38080.48081546757,42157.0,6771.0
438,24464.0,0.7232259646827992,29.49252557041579,0,0,0,38080.48081546757,42157.0,6771.0
439,24464.0,0.7232259646827992,29.457120377654185,0,0,0,38080.48081546757,42157.0,6771.0
440,24464.0,0.7232259646827992,29.42171518489258,0,0,0,38080.48081546757,42157.0,6771.0
441,24464.0,0.7232259646827992,29.386309992130975,0,0,0,38080.48081546757,42157.0,6771.0
442,24464.0,0.7232259646827992,29.35090479936937,0,0,0,38080.48081546757,42157.0,6771.0
443,24464.0,0.7232259646827992,29.315499606607766,0,0,0,38080.48081546757,42157.0,6771.0
444,24464.0,0.7232259646827992,29.28009441384616,0,0,0,38080.48081546757,42157.0,6771.0
445,24464.0,0.7232259646827992,29.244689221084556,0,0,0,38080.48081546757,42157.0,6771.0
446,24464.0,0.7232259646827992,29.20928402832295,0,0,0,38080.48081546757,42157.0,6771.0
447,24464.0,0.7232259646827992,29.173878835561347,0,0,0,38080.48081546757,42157.0,6771.0
448,24464.0,0.7232259646827992,29.13847364279974,0,0,0,38080.48081546757,42157.0,6771.0
449,24464.0,0.7232259646827992,29.103068450038137,0,0,0,38080.48081546757,42157.0,6771.0
450,24464.0,0.7232259646827992,29.067663257276532,0,0,0,38080.48081546757,42157.0,6771.0
451,24464.0,0.7232259646827992,29.032258064514927,0,0,0,38080.48081546757,42157.0,6771.0
452,24464.0,0.7232259646827992,28.996852871753322,0,0,0,38080.48081546757,42157.0,6771.0
453,24464.0,0.7232259646827992,28.961447678991718,0,0,0,38080.48081546757,42157.0,6771.0
454,24464.0,0.7232259646827992,28.926042486230113,0,0,0,38080.48081546757,42157.0,6771.0
455,24464.0,0.7232259646827992,28.890637293468508,0,0,0,38080.48081546757,42157.0,6771.0
456,24464.0,0.7232259646827992,28.855232100706903,0,0,0,38080.48081546757,42157.0,6771.0
457,24464.0,0.7232259646827992,28.8198269079453,0,0,0,38080.48081546757,42157.0,6771.0
458,24464.0,0.7232259646827992,28.784421715183694,0,0,0,38080.48081546757,42157.0,6771.0
459,24464.0,0.7232259646827992,28.74901652242209,0,0,0,38080.48081546757,42157.0,6771.0
460,24464.0,0.7232259646827992,28.713611329660484,0,0,0,38080.48081546757,42157.0,6771.0
461,24464.0,0.7232259646827992,28.67820613689888,0,0,0,38080.48081546757,42157.0,6771.0
462,24464.0,0.7232259646827992,28.642800944137274,0,0,0,38080.48081546757,42157.0,6771.0
463,24464.0,0.7232259646827992,28.60739575137567,0,0,0,38080.48081546757,42157.0,6771.0
464,24464.0,0.7232259646827992,28.571990558614065,0,0,0,38080.48081546757,42157.0,6771.0
465,24464.0,0.7232259646827992,28.53658536585246,0,0,0,38080.48081546757,42157.0,6771.0
466,24464.0,0.7232259646827992,28.501180173090855,0,0,0,38080.48081546757,42157.0,6771.0
467,24464.0,0.7232259646827992,28.46577498032925,0,0,0,38080.48081546757,42157.0,6771.0
468,24464.0,0.7232259646827992,28.430369787567646,0,0,0,38080.48081546757,42157.0,6771.0
469,24464.0,0.7232259646827992,28.39496459480604,0,0,0,38080.48081546757,42157.0,6771.0
470,24464.0,0.7232259646827992,28.359559402044436,0,0,0,38080.48081546757,42157.0,6771.0
471,24464.0,0.7232259646827992,28.32415420928283,0,0,0,38080.48081546757,42157.0,6771.0
472,24464.0,0.7232259646827992,28.288749016521226,0,0,0,38080.48081546757,42157.0,6771.0
473,24464.0,0.7232259646827992,28.25334382375962,0,0,0,38080.48081546757,42157.0,6771.0
474,24464.0,0.7232259646827992,28.217938630998017,0,0,0,38080.48081546757,42157.0,6771.0
475,24464.0,0.7232259646827992,28.182533438236412,0,0,0,38080.48081546757,42157.0,6771.0
476,24464.0,0.7232259646827992,28.147128245474807,0,0,0,38080.48081546757,42157.0,6771.0
477,24464.0,0.7232259646827992,28.111723052713202,0,0,0,38080.48081546757,42157.0,6771.0
478,24464.0,0.7232259646827992,28.076317859951597,0,0,0,38080.48081546757,42157.0,6771.0
479,24464.0,0.7232259646827992,28.040912667189993,0,0,0,38080.48081546757,42157.0,6771.0
480,24464.0,0.7232259646827992,28.005507474428388,0,0,0,38080.48081546757,42157.0,6771.0
481,24464.0,0.7232259646827992,27.970102281666783,0,0,0,38080.48081546757,42157.0,6771.0
482,24464.0,0.7232259646827992,27.934697088905178,0,0,0,38080.48081546757,42157.0,6771.0
483,24464.0,0.7232259646827992,27.899291896143573,0,0,0,38080.48081546757,42157.0,6771.0
484,24464.0,0.7232259646827992,27.86388670338197,0,0,0,38080.48081546757,42157.0,6771.0
485,24464.0,0.7232259646827992,27.828481510620364,0,0,0,38080.48081546757,42157.0,6771.0
486,24464.0,0.7232259646827992,27.79307631785876,0,0,0,38080.48081546757,42157.0,6771.0
487,24464.0,0.7232259646827992,27.757671125097154,0,0,0,38080.48081546757,42157.0,6771.0
488,24464.0,0.7232259646827992,27.72226593233555,0,0,0,38080.48081546757,42157.0,6771.0
489,24464.0,0.7232259646827992,27.686860739573945,0,0,0,38080.48081546757,42157.0,6771.0
490,24464.0,0.7232259646827992,27.65145554681234,0,0,0,38080.48081546757,42157.0,6771.0
491,24464.0,0.7232259646827992,27.616050354050735,0,0,0,38080.48081546757,42157.0,6771.0
492,24464.0,0.7232259646827992,27.58064516128913,0,0,0,38080.48081546757,42157.0,6771.0
493,24464.0,0.7232259646827992,27.545239968527525,0,0,0,38080.48081546757,42157.0,6771.0
494,24464.0,0.7232259646827992,27.50983477576592,0,0,0,38080.48081546757,42157.0,6771.0
495,24464.0,0.7232259646827992,27.474429583004316,0,0,0,38080.48081546757,42157.0,6771.0
496,24464.0,0.7232259646827992,27.43902439024271,0,0,0,38080.48081546757,42157.0,6771.0
497,24464.0,0.7232259646827992,27.403619197481106,0,0,0,38080.48081546757,42157.0,6771.0
498,24464.0,0.7232259646827992,27.3682140047195,0,0,0,38080.48081546757,42157.0,6771.0
499,24464.0,0.7232259646827992,27.332808811957896,0,0,0,38080.48081546757,42157.0,6771.0
500,24464.0,0.7232259646827992,27.29740361919629,0,0,0,38080.48081546757,42157.0,6771.0
501,24464.0,0.7232259646827992,27.261998426434687,0,0,0,38080.48081546757,42157.0,6771.0
502,24464.0,0.7232259646827992,27.226593233673082,0,0,0,38080.48081546757,42157.0,6771.0
503,24464.0,0.7232259646827992,27.191188040911477,0,0,0,38080.48081546757,42157.0,6771.0
504,24464.0,0.7232259646827992,27.155782848149872,0,0,0,38080.48081546757,42157.0,6771.0
505,24464.0,0.7232259646827992,27.120377655388268,0,0,0,38080.48081546757,42157.0,6771.0
506,24464.0,0.7232259646827992,27.084972462626663,0,0,0,38080.48081546757,42157.0,6771.0
507,24464.0,0.7232259646827992,27.049567269865058,0,0,0,38080.48081546757,42157.0,6771.0
508,24464.0,0.7232259646827992,27.014162077103453,0,0,0,38080.48081546757,42157.0,6771.0
509,24464.0,0.7232259646827992,26.97875688434185,0,0,0,38080.48081546757,42157.0,6771.0
510,24464.0,0.7232259646827992,26.943351691580244,0,0,0,38080.48081546757,42157.0,6771.0
511,24464.0,0.7232259646827992,26.90794649881864,0,0,0,38080.48081546757,42157.0,6771.0
512,24464.0,0.7232259646827992,26.872541306057034,0,0,0,38080.48081546757,42157.0,6771.0
513,24464.0,0.7232259646827992,26.83713611329543,0,0,0,38080.48081546757,42157.0,6771.0
514,24464.0,0.7232259646827992,26.801730920533824,0,0,0,38080.48081546757,42157.0,6771.0
515,24464.0,0.7232259646827992,26.76632572777222,0,0,0,38080.48081546757,42157.0,6771.0
516,24464.0,0.7232259646827992,26.730920535010615,0,0,0,38080.48081546757,42157.0,6771.0
517,24464.0,0.7232259646827992,26.69551534224901,0,0,0,38080.48081546757,42157.0,6771.0
518,24464.0,0.7232259646827992,26.660110149487405,0,0,0,38080.48081546757,42157.0,6771.0
519,24464.0,0.7232259646827992,26.6247049567258,0,0,0,38080.48081546757,42157.0,6771.0
520,24464.0,0.7232259646827992,26.589299763964195,0,0,0,38080.48081546757,42157.0,6771.0
521,24464.0,0.7232259646827992,26.55389457120259,0,0,0,38080.48081546757,42157.0,6771.0
522,24464.0,0.7232259646827992,26.518489378440986,0,0,0,38080.48081546757,42157.0,6771.0
523,24464.0,0.7232259646827992,26.48308418567938,0,0,0,38080.48081546757,42157.0,6771.0
524,24464.0,0.7232259646827992,26.447678992917776,0,0,0,38080.48081546757,42157.0,6771.0
525,24464.0,0.7232259646827992,26.41227380015617,0,0,0,38080.48081546757,42157.0,6771.0
526,24464.0,0.7232259646827992,26.376868607394567,0,0,0,38080.48081546757,42157.0,6771.0
527,24464.0,0.7232259646827992,26.341463414632962,0,0,0,38080.48081546757,42157.0,6771.0
528,24464.0,0.7232259646827992,26.306058221871357,0,0,0,38080.48081546757,42157.0,6771.0
529,24464.0,0.7232259646827992,26.270653029109752,0,0,0,38080.48081546757,42157.0,6771.0
530,24464.0,0.7232259646827992,26.235247836348147,0,0,0,38080.48081546757,42157.0,6771.0
531,24464.0,0.7232259646827992,26.199842643586543,0,0,0,38080.48081546757,42157.0,6771.0
532,24464.0,0.7232259646827992,26.164437450824938,0,0,0,38080.48081546757,42157.0,6771.0
533,24464.0,0.7232259646827992,26.129032258063333,0,0,0,38080.48081546757,42157.0,6771.0
534,24464.0,0.7232259646827992,26.093627065301728,0,0,0,38080.48081546757,42157.0,6771.0
535,24464.0,0.7232259646827992,26.058221872540123,0,0,0,38080.48081546757,42157.0,6771.0
536,24464.0,0.7232259646827992,26.02281667977852,0,0,0,38080.48081546757,42157.0,6771.0
537,24464.0,0.7232259646827992,25.987411487016914,0,0,0,38080.48081546757,42157.0,6771.0
538,24464.0,0.7232259646827992,25.95200629425531,0,0,0,38080.48081546757,42157.0,6771.0
539,24464.0,0.7232259646827992,25.916601101493704,0,0,0,38080.48081546757,42157.0,6771.0
540,24464.0,0.7232259646827992,25.8811959087321,0,0,0,38080.48081546757,42157.0,6771.0
541,24464.0,0.7232259646827992,25.845790715970494,0,0,0,38080.48081546757,42157.0,6771.0
542,24464.0,0.7232259646827992,25.81038552320889,0,0,0,38080.48081546757,42157.0,6771.0
543,24464.0,0.7232259646827992,25.774980330447285,0,0,0,38080.48081546757,42157.0,6771.0
544,24464.0,0.7232259646827992,25.73957513768568,0,0,0,38080.48081546757,42157.0,6771.0
545,24464.0,0.7232259646827992,25.704169944924075,0,0,0,38080.48081546757,42157.0,6771.0
546,24464.0,0.7232259646827992,25.66876475216247,0,0,0,38080.48081546757,42157.0,6771.0
547,24464.0,0.7232259646827992,25.633359559400866,0,0,0,38080.48081546757,42157.0,6771.0
548,24464.0,0.7232259646827992,25.59795436663926,0,0,0,38080.48081546757,42157.0,6771.0
549,24464.0,0.7232259646827992,25.562549173877656,0,0,0,38080.48081546757,42157.0,6771.0
550,24464.0,0.7232259646827992,25.52714398111605,0,0,0,38080.48081546757,42157.0,6771.0
551,24464.0,0.7232259646827992,25.491738788354446,0,0,0,38080.48081546757,42157.0,6771.0
552,24464.0,0.7232259646827992,25.45633359559284,0,0,0,38080.48081546757,42157.0,6771.0
553,24464.0,0.7232259646827992,25.420928402831237,0,0,0,38080.48081546757,42157.0,6771.0
554,24464.0,0.7232259646827992,25.385523210069632,0,0,0,38080.48081546757,42157.0,6771.0
555,24464.0,0.7232259646827992,25.350118017308027,0,0,0,38080.48081546757,42157.0,6771.0
556,24464.0,0.7232259646827992,25.314712824546422,0,0,0,38080.48081546757,42157.0,6771.0
557,24464.0,0.7232259646827992,25.279307631784818,0,0,0,38080.48081546757,42157.0,6771.0
558,24464.0,0.7232259646827992,25.243902439023213,0,0,0,38080.48081546757,42157.0,6771.0
559,24464.0,0.7232259646827992,25.208497246261608,0,0,0,38080.48081546757,42157.0,6771.0
560,24464.0,0.7232259646827992,25.173092053500003,0,0,0,38080.48081546757,42157.0,6771.0
561,24464.0,0.7232259646827992,25.1376868607384,0,0,0,38080.48081546757,42157.0,6771.0
562,24464.0,0.7232259646827992,25.102281667976793,0,0,0,38080.48081546757,42157.0,6771.0
563,24464.0,0.7232259646827992,25.06687647521519,0,0,0,38080.48081546757,42157.0,6771.0
564,24464.0,0.7232259646827992,25.031471282453584,0,0,0,38080.48081546757,42157.0,6771.0
565,24464.0,0.7232259646827992,24.99606608969198,0,0,0,38080.48081546757,42157.0,6771.0
566,24464.0,0.7232259646827992,24.960660896930374,0,0,0,38080.48081546757,42157.0,6771.0
567,24464.0,0.7232259646827992,24.92525570416877,0,0,0,38080.48081546757,42157.0,6771.0
568,24464.0,0.7232259646827992,24.889850511407165,0,0,0,38080.48081546757,42157.0,6771.0
569,24464.0,0.7232259646827992,24.85444531864556,0,0,0,38080.48081546757,42157.0,6771.0
570,24464.0,0.7232259646827992,24.819040125883955,0,0,0,38080.48081546757,42157.0,6771.0
571,24464.0,0.7232259646827992,24.78363493312235,0,0,0,38080.48081546757,42157.0,6771.0
572,24464.0,0.7232259646827992,24.748229740360745,0,0,0,38080.48081546757,42157.0,6771.0
573,24464.0,0.7232259646827992,24.71282454759914,0,0,0,38080.48081546757,42157.0,6771.0
574,24464.0,0.7232259646827992,24.677419354837536,0,0,0,38080.48081546757,42157.0,6771.0
575,24464.0,0.7232259646827992,24.64201416207593,0,0,0,38080.48081546757,42157.0,6771.0
576,24464.0,0.7232259646827992,24.606608969314326,0,0,0,38080.48081546757,42157.0,6771.0
577,24464.0,0.7232259646827992,24.57120377655272,0,0,0,38080.48081546757,42157.0,6771.0
578,24464.0,0.7232259646827992,24.535798583791117,0,0,0,38080.48081546757,42157.0,6771.0
579,24464.0,0.7232259646827992,24.50039339102951,0,0,0,38080.48081546757,42157.0,6771.0
580,24464.0,0.7232259646827992,24.464988198267907,0,0,0,38080.48081546757,42157.0,6771.0
581,24464.0,0.7232259646827992,24.429583005506302,0,0,0,38080.48081546757,42157.0,6771.0
582,24464.0,0.7232259646827992,24.394177812744697,0,0,0,38080.48081546757,42157.0,6771.0
583,24464.0,0.7232259646827992,24.358772619983093,0,0,0,38080.48081546757,42157.0,6771.0
584,24464.0,0.7232259646827992,24.323367427221488,0,0,0,38080.48081546757,42157.0,6771.0
585,24464.0,0.7232259646827992,24.287962234459883,0,0,0,38080.48081546757,42157.0,6771.0
586,24464.0,0.7232259646827992,24.252557041698278,0,0,0,38080.48081546757,42157.0,6771.0
587,24464.0,0.7232259646827992,24.217151848936673,0,0,0,38080.48081546757,42157.0,6771.0
588,24464.0,0.7232259646827992,24.18174665617507,0,0,0,38080.48081546757,42157.0,6771.0
589,24464.0,0.7232259646827992,24.146341463413464,0,0,0,38080.48081546757,42157.0,6771.0
590,24464.0,0.7232259646827992,24.11093627065186,0,0,0,38080.48081546757,42157.0,6771.0
591,24464.0,0.7232259646827992,24.075531077890254,0,0,0,38080.48081546757,42157.0,6771.0
592,24464.0,0.7232259646827992,24.04012588512865,0,0,0,38080.48081546757,42157.0,6771.0
593,24464.0,0.7232259646827992,24.004720692367044,0,0,0,38080.48081546757,42157.0,6771.0
594,24464.0,0.7232259646827992,23.96931549960544,0,0,0,38080.48081546757,42157.0,6771.0
595,24464.0,0.7232259646827992,23.933910306843835,0,0,0,38080.48081546757,42157.0,6771.0
596,24464.0,0.7232259646827992,23.89850511408223,0,0,0,38080.48081546757,42157.0,6771.0
597,24464.0,0.7232259646827992,23.863099921320625,0,0,0,38080.48081546757,42157.0,6771.0
598,24464.0,0.7232259646827992,23.82769472855902,0,0,0,38080.48081546757,42157.0,6771.0
599,24464.0,0.7232259646827992,23.792289535797416,0,0,0,38080.48081546757,42157.0,6771.0
600,24464.0,0.7232259646827992,23.75688434303581,0,0,0,38080.48081546757,42157.0,6771.0
601,24464.0,0.7232259646827992,23.721479150274206,0,0,0,38080.48081546757,42157.0,6771.0
602,24464.0,0.7232259646827992,23.6860739575126,0,0,0,38080.48081546757,42157.0,6771.0
603,24464.0,0.7232259646827992,23.650668764750996,0,0,0,38080.48081546757,42157.0,6771.0
604,24464.0,0.7232259646827992,23.61526357198939,0,0,0,38080.48081546757,42157.0,6771.0
605,24464.0,0.7232259646827992,23.579858379227787,0,0,0,38080.48081546757,42157.0,6771.0
606,24464.0,0.7232259646827992,23.544453186466182,0,0,0,38080.48081546757,42157.0,6771.0
607,24464.0,0.7232259646827992,23.509047993704577,0,0,0,38080.48081546757,42157.0,6771.0
608,24464.0,0.7232259646827992,23.473642800942972,0,0,0,38080.48081546757,42157.0,6771.0
609,24464.0,0.7232259646827992,23.438237608181367,0,0,0,38080.48081546757,42157.0,6771.0
610,24464.0,0.7232259646827992,23.402832415419763,0,0,0,38080.48081546757,42157.0,6771.0
611,24464.0,0.7232259646827992,23.367427222658158,0,0,0,38080.48081546757,42157.0,6771.0
612,24464.0,0.7232259646827992,23.332022029896553,0,0,0,38080.48081546757,42157.0,6771.0
613,24464.0,0.7232259646827992,23.29661683713495,0,0,0,38080.48081546757,42157.0,6771.0
614,24464.0,0.7232259646827992,23.261211644373343,0,0,0,38080.48081546757,42157.0,6771.0
615,24464.0,0.7232259646827992,23.22580645161174,0,0,0,38080.48081546757,42157.0,6771.0
616,24464.0,0.7232259646827992,23.190401258850134,0,0,0,38080.48081546757,42157.0,6771.0
617,24464.0,0.7232259646827992,23.15499606608853,0,0,0,38080.48081546757,42157.0,6771.0
618,24464.0,0.7232259646827992,23.119590873326924,0,0,0,38080.48081546757,42157.0,6771.0
619,24464.0,0.7232259646827992,23.08418568056532,0,0,0,38080.48081546757,42157.0,6771.0
620,24464.0,0.7232259646827992,23.048780487803715,0,0,0,38080.48081546757,42157.0,6771.0
621,24464.0,0.7232259646827992,23.01337529504211,0,0,0,38080.48081546757,42157.0,6771.0
622,24464.0,0.7232259646827992,22.977970102280505,0,0,0,38080.48081546757,42157.0,6771.0
623,24464.0,0.7232259646827992,22.9425649095189,0,0,0,38080.48081546757,42157.0,6771.0
624,24464.0,0.7232259646827992,22.907159716757295,0,0,0,38080.48081546757,42157.0,6771.0
625,24464.0,0.7232259646827992,22.87175452399569,0,0,0,38080.48081546757,42157.0,6771.0
626,24464.0,0.7232259646827992,22.836349331234086,0,0,0,38080.48081546757,42157.0,6771.0
627,24464.0,0.7232259646827992,22.80094413847248,0,0,0,38080.48081546757,42157.0,6771.0
628,24464.0,0.7232259646827992,22.765538945710876,0,0,0,38080.48081546757,42157.0,6771.0
629,24464.0,0.7232259646827992,22.73013375294927,0,0,0,38080.48081546757,42157.0,6771.0
630,24464.0,0.7232259646827992,22.694728560187666,0,0,0,38080.48081546757,42157.0,6771.0
631,24464.0,0.7232259646827992,22.65932336742606,0,0,0,38080.48081546757,42157.0,6771.0
632,24464.0,0.7232259646827992,22.623918174664457,0,0,0,38080.48081546757,42157.0,6771.0
633,24464.0,0.7232259646827992,22.588512981902852,0,0,0,38080.48081546757,42157.0,6771.0
634,24464.0,0.7232259646827992,22.553107789141247,0,0,0,38080.48081546757,42157.0,6771.0
635,24464.0,0.7232259646827992,22.517702596379642,0,0,0,38080.48081546757,42157.0,6771.0
636,24464.0,0.7232259646827992,22.482297403618038,0,0,0,38080.48081546757,42157.0,6771.0
637,24464.0,0.7232259646827992,22.446892210856433,0,0,0,38080.48081546757,42157.0,6771.0
638,24464.0,0.7232259646827992,22.411487018094828,0,0,0,38080.48081546757,42157.0,6771.0
639,24464.0,0.7232259646827992,22.376081825333223,0,0,0,38080.48081546757,42157.0,6771.0
640,24464.0,0.7232259646827992,22.34067663257162,0,0,0,38080.48081546757,42157.0,6771.0
641,24464.0,0.7232259646827992,22.305271439810014,0,0,0,38080.48081546757,42157.0,6771.0
642,24464.0,0.7232259646827992,22.26986624704841,0,0,0,38080.48081546757,42157.0,6771.0
643,24464.0,0.7232259646827992,22.234461054286804,0,0,0,38080.48081546757,42157.0,6771.0
644,24464.0,0.7232259646827992,22.1990558615252,0,0,0,38080.48081546757,42157.0,6771.0
645,24464.0,0.7232259646827992,22.163650668763594,0,0,0,38080.48081546757,42157.0,6771.0
646,24464.0,0.7232259646827992,22.12824547600199,0,0,0,38080.48081546757,42157.0,6771.0
647,24464.0,0.7232259646827992,22.092840283240385,0,0,0,38080.48081546757,42157.0,6771.0
648,24464.0,0.7232259646827992,22.05743509047878,0,0,0,38080.48081546757,42157.0,6771.0
649,24464.0,0.7232259646827992,22.022029897717175,0,0,0,38080.48081546757,42157.0,6771.0
650,24464.0,0.7232259646827992,21.98662470495557,0,0,0,38080.48081546757,42157.0,6771.0
651,24464.0,0.7232259646827992,21.951219512193965,0,0,0,38080.48081546757,42157.0,6771.0
652,24464.0,0.7232259646827992,21.91581431943236,0,0,0,38080.48081546757,42157.0,6771.0
653,24464.0,0.7232259646827992,21.880409126670756,0,0,0,38080.48081546757,42157.0,6771.0
654,24464.0,0.7232259646827992,21.84500393390915,0,0,0,38080.48081546757,42157.0,6771.0
655,24464.0,0.7232259646827992,21.809598741147546,0,0,0,38080.48081546757,42157.0,6771.0
656,24464.0,0.7232259646827992,21.77419354838594,0,0,0,38080.48081546757,42157.0,6771.0
657,24464.0,0.7232259646827992,21.738788355624337,0,0,0,38080.48081546757,42157.0,6771.0
658,24464.0,0.7232259646827992,21.703383162862732,0,0,0,38080.48081546757,42157.0,6771.0
659,24464.0,0.7232259646827992,21.667977970101127,0,0,0,38080.48081546757,42157.0,6771.0
660,24464.0,0.7232259646827992,21.632572777339522,0,0,0,38080.48081546757,42157.0,6771.0
661,24464.0,0.7232259646827992,21.597167584577917,0,0,0,38080.48081546757,42157.0,6771.0
662,24464.0,0.7232259646827992,21.561762391816313,0,0,0,38080.48081546757,42157.0,6771.0
663,24464.0,0.7232259646827992,21.526357199054708,0,0,0,38080.48081546757,42157.0,6771.0
664,24464.0,0.7232259646827992,21.490952006293103,0,0,0,38080.48081546757,42157.0,6771.0
665,24464.0,0.7232259646827992,21.455546813531498,0,0,0,38080.48081546757,42157.0,6771.0
666,24464.0,0.7232259646827992,21.420141620769893,0,0,0,38080.48081546757,42157.0,6771.0
667,24464.0,0.7232259646827992,21.38473642800829,0,0,0,38080.48081546757,42157.0,6771.0
668,24464.0,0.7232259646827992,21.349331235246684,0,0,0,38080.48081546757,42157.0,6771.0
669,24464.0,0.7232259646827992,21.31392604248508,0,0,0,38080.48081546757,42157.0,6771.0
670,24464.0,0.7232259646827992,21.278520849723474,0,0,0,38080.48081546757,42157.0,6771.0
671,24464.0,0.7232259646827992,21.24311565696187,0,0,0,38080.48081546757,42157.0,6771.0
672,24464.0,0.7232259646827992,21.207710464200265,0,0,0,38080.48081546757,42157.0,6771.0
673,24464.0,0.7232259646827992,21.17230527143866,0,0,0,38080.48081546757,42157.0,6771.0
674,24464.0,0.7232259646827992,21.136900078677055,0,0,0,38080.48081546757,42157.0,6771.0
675,24464.0,0.7232259646827992,21.10149488591545,0,0,0,38080.48081546757,42157.0,6771.0
676,24464.0,0.7232259646827992,21.066089693153845,0,0,0,38080.48081546757,42157.0,6771.0
677,24464.0,0.7232259646827992,21.03068450039224,0,0,0,38080.48081546757,42157.0,6771.0
678,24464.0,0.7232259646827992,20.995279307630636,0,0,0,38080.48081546757,42157.0,6771.0
679,24464.0,0.7232259646827992,20.95987411486903,0,0,0,38080.48081546757,42157.0,6771.0
680,24464.0,0.7232259646827992,20.924468922107426,0,0,0,38080.48081546757,42157.0,6771.0
681,24464.0,0.7232259646827992,20.88906372934582,0,0,0,38080.48081546757,42157.0,6771.0
682,24464.0,0.7232259646827992,20.853658536584216,0,0,0,38080.48081546757,42157.0,6771.0
683,24464.0,0.7232259646827992,20.81825334382261,0,0,0,38080.48081546757,42157.0,6771.0
684,24464.0,0.7232259646827992,20.782848151061007,0,0,0,38080.48081546757,42157.0,6771.0
685,24464.0,0.7232259646827992,20.747442958299402,0,0,0,38080.48081546757,42157.0,6771.0
686,24464.0,0.7232259646827992,20.712037765537797,0,0,0,38080.48081546757,42157.0,6771.0
687,24464.0,0.7232259646827992,20.676632572776192,0,0,0,38080.48081546757,42157.0,6771.0
688,24464.0,0.7232259646827992,20.641227380014588,0,0,0,38080.48081546757,42157.0,6771.0
689,24464.0,0.7232259646827992,20.605822187252983,0,0,0,38080.48081546757,42157.0,6771.0
690,24464.0,0.7232259646827992,20.570416994491378,0,0,0,38080.48081546757,42157.0,6771.0
691,24464.0,0.7232259646827992,20.535011801729773,0,0,0,38080.48081546757,42157.0,6771.0
692,24464.0,0.7232259646827992,20.49960660896817,0,0,0,38080.48081546757,42157.0,6771.0
693,24464.0,0.7232259646827992,20.464201416206564,0,0,0,38080.48081546757,42157.0,6771.0
694,24464.0,0.7232259646827992,20.42879622344496,0,0,0,38080.48081546757,42157.0,6771.0
695,24464.0,0.7232259646827992,20.393391030683354,0,0,0,38080.48081546757,42157.0,6771.0
696,24464.0,0.7232259646827992,20.35798583792175,0,0,0,38080.48081546757,42157.0,6771.0
697,24464.0,0.7232259646827992,20.322580645160144,0,0,0,38080.48081546757,42157.0,6771.0
698,24464.0,0.7232259646827992,20.28717545239854,0,0,0,38080.48081546757,42157.0,6771.0
699,24464.0,0.7232259646827992,20.251770259636935,0,0,0,38080.48081546757,42157.0,6771.0
700,24464.0,0.7232259646827992,20.21636506687533,0,0,0,38080.48081546757,42157.0,6771.0
701,24464.0,0.7232259646827992,20.180959874113725,0,0,0,38080.48081546757,42157.0,6771.0
702,24464.0,0.7232259646827992,20.14555468135212,0,0,0,38080.48081546757,42157.0,6771.0
703,24464.0,0.7232259646827992,20.110149488590515,0,0,0,38080.48081546757,42157.0,6771.0
704,24464.0,0.7232259646827992,20.07474429582891,0,0,0,38080.48081546757,42157.0,6771.0
705,24464.0,0.7232259646827992,20.039339103067306,0,0,0,38080.48081546757,42157.0,6771.0
706,24464.0,0.7232259646827992,20.0039339103057,0,0,0,38080.48081546757,42157.0,6771.0
707,24464.0,0.7232259646827992,19.968528717544096,0,0,0,38080.48081546757,42157.0,6771.0
708,24464.0,0.7232259646827992,19.93312352478249,0,0,0,38080.48081546757,42157.0,6771.0
709,24464.0,0.7232259646827992,19.897718332020887,0,0,0,38080.48081546757,42157.0,6771.0
710,24464.0,0.7232259646827992,19.86231313925928,0,0,0,38080.48081546757,42157.0,6771.0
711,24464.0,0.7232259646827992,19.826907946497677,0,0,0,38080.48081546757,42157.0,6771.0
712,24464.0,0.7232259646827992,19.791502753736072,0,0,0,38080.48081546757,42157.0,6771.0
713,24464.0,0.7232259646827992,19.756097560974467,0,0,0,38080.48081546757,42157.0,6771.0
714,24464.0,0.7232259646827992,19.720692368212863,0,0,0,38080.48081546757,42157.0,6771.0
715,24464.0,0.7232259646827992,19.685287175451258,0,0,0,38080.48081546757,42157.0,6771.0
716,24464.0,0.7232259646827992,19.649881982689653,0,0,0,38080.48081546757,42157.0,6771.0
717,24464.0,0.7232259646827992,19.614476789928048,0,0,0,38080.48081546757,42157.0,6771.0
718,24464.0,0.7232259646827992,19.579071597166443,0,0,0,38080.48081546757,42157.0,6771.0
719,24464.0,0.7232259646827992,19.54366640440484,0,0,0,38080.48081546757,42157.0,6771.0
720,24464.0,0.7232259646827992,19.508261211643234,0,0,0,38080.48081546757,42157.0,6771.0
721,24464.0,0.7232259646827992,19.47285601888163,0,0,0,38080.48081546757,42157.0,6771.0
722,24464.0,0.7232259646827992,19.437450826120024,0,0,0,38080.48081546757,42157.0,6771.0
723,24464.0,0.7232259646827992,19.40204563335842,0,0,0,38080.48081546757,42157.0,6771.0
724,24464.0,0.7232259646827992,19.366640440596814,0,0,0,38080.48081546757,42157.0,6771.0
725,24464.0,0.7232259646827992,19.33123524783521,0,0,0,38080.48081546757,42157.0,6771.0
726,24464.0,0.7232259646827992,19.295830055073605,0,0,0,38080.48081546757,42157.0,6771.0
727,24464.0,0.7232259646827992,19.260424862312,0,0,0,38080.48081546757,42157.0,6771.0
728,24464.0,0.7232259646827992,19.225019669550395,0,0,0,38080.48081546757,42157.0,6771.0
729,24464.0,0.7232259646827992,19.18961447678879,0,0,0,38080.48081546757,42157.0,6771.0
730,24464.0,0.7232259646827992,19.154209284027186,0,0,0,38080.48081546757,42157.0,6771.0
731,24464.0,0.7232259646827992,19.11880409126558,0,0,0,38080.48081546757,42157.0,6771.0
732,24464.0,0.7232259646827992,19.083398898503976,0,0,0,38080.48081546757,42157.0,6771.0
733,24464.0,0.7232259646827992,19.04799370574237,0,0,0,38080.48081546757,42157.0,6771.0
734,24464.0,0.7232259646827992,19.012588512980766,0,0,0,38080.48081546757,42157.0,6771.0
735,24464.0,0.7232259646827992,18.97718332021916,0,0,0,38080.48081546757,42157.0,6771.0
736,24464.0,0.7232259646827992,18.941778127457557,0,0,0,38080.48081546757,42157.0,6771.0
737,24464.0,0.7232259646827992,18.906372934695952,0,0,0,38080.48081546757,42157.0,6771.0
738,24464.0,0.7232259646827992,18.870967741934347,0,0,0,38080.48081546757,42157.0,6771.0
739,24464.0,0.7232259646827992,18.835562549172742,0,0,0,38080.48081546757,42157.0,6771.0
740,24464.0,0.7232259646827992,18.800157356411137,0,0,0,38080.48081546757,42157.0,6771.0
741,24464.0,0.7232259646827992,18.764752163649533,0,0,0,38080.48081546757,42157.0,6771.0
742,24464.0,0.7232259646827992,18.729346970887928,0,0,0,38080.48081546757,42157.0,6771.0
743,24464.0,0.7232259646827992,18.693941778126323,0,0,0,38080.48081546757,42157.0,6771.0
744,24464.0,0.7232259646827992,18.65853658536472,0,0,0,38080.48081546757,42157.0,6771.0
745,24464.0,0.7232259646827992,18.623131392603113,0,0,0,38080.48081546757,42157.0,6771.0
746,24464.0,0.7232259646827992,18.58772619984151,0,0,0,38080.48081546757,42157.0,6771.0
747,24464.0,0.7232259646827992,18.552321007079904,0,0,0,38080.48081546757,42157.0,6771.0
748,24464.0,0.7232259646827992,18.5169158143183,0,0,0,38080.48081546757,42157.0,6771.0
749,24464.0,0.7232259646827992,18.481510621556694,0,0,0,38080.48081546757,42157.0,6771.0
750,24464.0,0.7232259646827992,18.44610542879509,0,0,0,38080.48081546757,42157.0,6771.0
751,24464.0,0.7232259646827992,18.410700236033485,0,0,0,38080.48081546757,42157.0,6771.0
752,24464.0,0.7232259646827992,18.37529504327188,0,0,0,38080.48081546757,42157.0,6771.0
753,24464.0,0.7232259646827992,18.339889850510275,0,0,0,38080.48081546757,42157.0,6771.0
754,24464.0,0.7232259646827992,18.30448465774867,0,0,0,38080.48081546757,42157.0,6771.0
755,24464.0,0.7232259646827992,18.269079464987065,0,0,0,38080.48081546757,42157.0,6771.0
756,24464.0,0.7232259646827992,18.23367427222546,0,0,0,38080.48081546757,42157.0,6771.0
757,24464.0,0.7232259646827992,18.198269079463856,0,0,0,38080.48081546757,42157.0,6771.0
758,24464.0,0.7232259646827992,18.16286388670225,0,0,0,38080.48081546757,42157.0,6771.0
759,24464.0,0.7232259646827992,18.127458693940646,0,0,0,38080.48081546757,42157.0,6771.0
760,24464.0,0.7232259646827992,18.09205350117904,0,0,0,38080.48081546757,42157.0,6771.0
761,24464.0,0.7232259646827992,18.056648308417437,0,0,0,38080.48081546757,42157.0,6771.0
762,24464.0,0.7232259646827992,18.02124311565583,0,0,0,38080.48081546757,42157.0,6771.0
763,24464.0,0.7232259646827992,17.985837922894227,0,0,0,38080.48081546757,42157.0,6771.0
764,24464.0,0.7232259646827992,17.950432730132622,0,0,0,38080.48081546757,42157.0,6771.0
765,24464.0,0.7232259646827992,17.915027537371017,0,0,0,38080.48081546757,42157.0,6771.0
766,24464.0,0.7232259646827992,17.879622344609412,0,0,0,38080.48081546757,42157.0,6771.0
767,24464.0,0.7232259646827992,17.844217151847808,0,0,0,38080.48081546757,42157.0,6771.0
768,24464.0,0.7232259646827992,17.808811959086203,0,0,0,38080.48081546757,42157.0,6771.0
769,24464.0,0.7232259646827992,17.773406766324598,0,0,0,38080.48081546757,42157.0,6771.0
770,24464.0,0.7232259646827992,17.738001573562993,0,0,0,38080.48081546757,42157.0,6771.0
771,24464.0,0.7232259646827992,17.70259638080139,0,0,0,38080.48081546757,42157.0,6771.0
772,24464.0,0.7232259646827992,17.667191188039784,0,0,0,38080.48081546757,42157.0,6771.0
773,24464.0,0.7232259646827992,17.63178599527818,0,0,0,38080.48081546757,42157.0,6771.0
774,24464.0,0.7232259646827992,17.596380802516574,0,0,0,38080.48081546757,42157.0,6771.0
775,24464.0,0.7232259646827992,17.56097560975497,0,0,0,38080.48081546757,42157.0,6771.0
776,24464.0,0.7232259646827992,17.525570416993364,0,0,0,38080.48081546757,42157.0,6771.0
777,24464.0,0.7232259646827992,17.49016522423176,0,0,0,38080.48081546757,42157.0,6771.0
778,24464.0,0.7232259646827992,17.454760031470155,0,0,0,38080.48081546757,42157.0,6771.0
779,24464.0,0.7232259646827992,17.41935483870855,0,0,0,38080.48081546757,42157.0,6771.0
780,24464.0,0.7232259646827992,17.383949645946945,0,0,0,38080.48081546757,42157.0,6771.0
781,24464.0,0.7232259646827992,17.34854445318534,0,0,0,38080.48081546757,42157.0,6771.0
782,24464.0,0.7232259646827992,17.313139260423736,0,0,0,38080.48081546757,42157.0,6771.0
783,24464.0,0.7232259646827992,17.27773406766213,0,0,0,38080.48081546757,42157.0,6771.0
784,24464.0,0.7232259646827992,17.242328874900526,0,0,0,38080.48081546757,42157.0,6771.0
785,24464.0,0.7232259646827992,17.20692368213892,0,0,0,38080.48081546757,42157.0,6771.0
786,24464.0,0.7232259646827992,17.171518489377316,0,0,0,38080.48081546757,42157.0,6771.0
787,24464.0,0.7232259646827992,17.13611329661571,0,0,0,38080.48081546757,42157.0,6771.0
788,24464.0,0.7232259646827992,17.100708103854107,0,0,0,38080.48081546757,42157.0,6771.0
789,24464.0,0.7232259646827992,17.065302911092502,0,0,0,38080.48081546757,42157.0,6771.0
790,24464.0,0.7232259646827992,17.029897718330897,0,0,0,38080.48081546757,42157.0,6771.0
791,24464.0,0.7232259646827992,16.994492525569292,0,0,0,38080.48081546757,42157.0,6771.0
792,24464.0,0.7232259646827992,16.959087332807687,0,0,0,38080.48081546757,42157.0,6771.0
793,24464.0,0.7232259646827992,16.923682140046083,0,0,0,38080.48081546757,42157.0,6771.0
794,24464.0,0.7232259646827992,16.888276947284478,0,0,0,38080.48081546757,42157.0,6771.0
795,24464.0,0.7232259646827992,16.852871754522873,0,0,0,38080.48081546757,42157.0,6771.0
796,24464.0,0.7232259646827992,16.817466561761268,0,0,0,38080.48081546757,42157.0,6771.0
797,24464.0,0.7232259646827992,16.782061368999663,0,0,0,38080.48081546757,42157.0,6771.0
798,24464.0,0.7232259646827992,16.74665617623806,0,0,0,38080.48081546757,42157.0,6771.0
799,24464.0,0.7232259646827992,16.711250983476454,0,0,0,38080.48081546757,42157.0,6771.0
800,24464.0,0.7232259646827992,16.67584579071485,0,0,0,38080.48081546757,42157.0,6771.0
801,24464.0,0.7232259646827992,16.640440597953244,0,0,0,38080.48081546757,42157.0,6771.0
802,24464.0,0.7232259646827992,16.60503540519164,0,0,0,38080.48081546757,42157.0,6771.0
803,24464.0,0.7232259646827992,16.569630212430035,0,0,0,38080.48081546757,42157.0,6771.0
804,24464.0,0.7232259646827992,16.53422501966843,0,0,0,38080.48081546757,42157.0,6771.0
805,24464.0,0.7232259646827992,16.498819826906825,0,0,0,38080.48081546757,42157.0,6771.0
806,24464.0,0.7232259646827992,16.46341463414522,0,0,0,38080.48081546757,42157.0,6771.0
807,24464.0,0.7232259646827992,16.428009441383615,0,0,0,38080.48081546757,42157.0,6771.0
808,24464.0,0.7232259646827992,16.39260424862201,0,0,0,38080.48081546757,42157.0,6771.0
809,24464.0,0.7232259646827992,16.357199055860406,0,0,0,38080.48081546757,42157.0,6771.0
810,24464.0,0.7232259646827992,16.3217938630988,0,0,0,38080.48081546757,42157.0,6771.0
811,24464.0,0.7232259646827992,16.286388670337196,0,0,0,38080.48081546757,42157.0,6771.0
812,24464.0,0.7232259646827992,16.25098347757559,0,0,0,38080.48081546757,42157.0,6771.0
813,24464.0,0.7232259646827992,16.215578284813986,0,0,0,38080.48081546757,42157.0,6771.0
814,24464.0,0.7232259646827992,16.18017309205238,0,0,0,38080.48081546757,42157.0,6771.0
815,24464.0,0.7232259646827992,16.144767899290777,0,0,0,38080.48081546757,42157.0,6771.0
816,24464.0,0.7232259646827992,16.109362706529172,0,0,0,38080.48081546757,42157.0,6771.0
817,24464.0,0.7232259646827992,16.073957513767567,0,0,0,38080.48081546757,42157.0,6771.0
818,24464.0,0.7232259646827992,16.038552321005962,0,0,0,38080.48081546757,42157.0,6771.0
819,24464.0,0.7232259646827992,16.003147128244358,0,0,0,38080.48081546757,42157.0,6771.0
820,24464.0,0.7232259646827992,15.967741935482753,0,0,0,38080.48081546757,42157.0,6771.0
821,24464.0,0.7232259646827992,15.932336742721148,0,0,0,38080.48081546757,42157.0,6771.0
822,24464.0,0.7232259646827992,15.896931549959543,0,0,0,38080.48081546757,42157.0,6771.0
823,24464.0,0.7232259646827992,15.861526357197938,0,0,0,38080.48081546757,42157.0,6771.0
824,24464.0,0.7232259646827992,15.826121164436334,0,0,0,38080.48081546757,42157.0,6771.0
825,24464.0,0.7232259646827992,15.790715971674729,0,0,0,38080.48081546757,42157.0,6771.0
826,24464.0,0.7232259646827992,15.755310778913124,0,0,0,38080.48081546757,42157.0,6771.0
827,24464.0,0.7232259646827992,15.71990558615152,0,0,0,38080.48081546757,42157.0,6771.0
828,24464.0,0.7232259646827992,15.684500393389914,0,0,0,38080.48081546757,42157.0,6771.0
829,24464.0,0.7232259646827992,15.64909520062831,0,0,0,38080.48081546757,42157.0,6771.0
830,24464.0,0.7232259646827992,15.613690007866705,0,0,0,38080.48081546757,42157.0,6771.0
831,24464.0,0.7232259646827992,15.5782848151051,0,0,0,38080.48081546757,42157.0,6771.0
832,24464.0,0.7232259646827992,15.542879622343495,0,0,0,38080.48081546757,42157.0,6771.0
833,24464.0,0.7232259646827992,15.50747442958189,0,0,0,38080.48081546757,42157.0,6771.0
834,24464.0,0.7232259646827992,15.472069236820285,0,0,0,38080.48081546757,42157.0,6771.0
835,24464.0,0.7232259646827992,15.43666404405868,0,0,0,38080.48081546757,42157.0,6771.0
836,24464.0,0.7232259646827992,15.401258851297076,0,0,0,38080.48081546757,42157.0,6771.0
837,24464.0,0.7232259646827992,15.365853658535471,0,0,0,38080.48081546757,42157.0,6771.0
838,24464.0,0.7232259646827992,15.330448465773866,0,0,0,38080.48081546757,42157.0,6771.0
839,24464.0,0.7232259646827992,15.295043273012261,0,0,0,38080.48081546757,42157.0,6771.0
840,24464.0,0.7232259646827992,15.259638080250657,0,0,0,38080.48081546757,42157.0,6771.0
841,24464.0,0.7232259646827992,15.224232887489052,0,0,0,38080.48081546757,42157.0,6771.0
842,24464.0,0.7232259646827992,15.188827694727447,0,0,0,38080.48081546757,42157.0,6771.0
843,24464.0,0.7232259646827992,15.153422501965842,0,0,0,38080.48081546757,42157.0,6771.0
844,24464.0,0.7232259646827992,15.118017309204237,0,0,0,38080.48081546757,42157.0,6771.0
845,24464.0,0.7232259646827992,15.082612116442633,0,0,0,38080.48081546757,42157.0,6771.0
846,24464.0,0.7232259646827992,15.047206923681028,0,0,0,38080.48081546757,42157.0,6771.0
847,24464.0,0.7232259646827992,15.011801730919423,0,0,0,38080.48081546757,42157.0,6771.0
848,24464.0,0.7232259646827992,14.976396538157818,0,0,0,38080.48081546757,42157.0,6771.0
849,24464.0,0.7232259646827992,14.940991345396213,0,0,0,38080.48081546757,42157.0,6771.0
850,24464.0,0.7232259646827992,14.905586152634609,0,0,0,38080.48081546757,42157.0,6771.0
851,24464.0,0.7232259646827992,14.870180959873004,0,0,0,38080.48081546757,42157.0,6771.0
852,24464.0,0.7232259646827992,14.834775767111399,0,0,0,38080.48081546757,42157.0,6771.0
853,24464.0,0.7232259646827992,14.799370574349794,0,0,0,38080.48081546757,42157.0,6771.0
854,24464.0,0.7232259646827992,14.76396538158819,0,0,0,38080.48081546757,42157.0,6771.0
855,24464.0,0.7232259646827992,14.728560188826584,0,0,0,38080.48081546757,42157.0,6771.0
856,24464.0,0.7232259646827992,14.69315499606498,0,0,0,38080.48081546757,42157.0,6771.0
857,24464.0,0.7232259646827992,14.657749803303375,0,0,0,38080.48081546757,42157.0,6771.0
858,24464.0,0.7232259646827992,14.62234461054177,0,0,0,38080.48081546757,42157.0,6771.0
859,24464.0,0.7232259646827992,14.586939417780165,0,0,0,38080.48081546757,42157.0,6771.0
860,24464.0,0.7232259646827992,14.55153422501856,0,0,0,38080.48081546757,42157.0,6771.0
861,24464.0,0.7232259646827992,14.516129032256956,0,0,0,38080.48081546757,42157.0,6771.0
862,24464.0,0.7232259646827992,14.48072383949535,0,0,0,38080.48081546757,42157.0,6771.0
863,24464.0,0.7232259646827992,14.445318646733746,0,0,0,38080.48081546757,42157.0,6771.0
864,24464.0,0.7232259646827992,14.409913453972141,0,0,0,38080.48081546757,42157.0,6771.0
865,24464.0,0.7232259646827992,14.374508261210536,0,0,0,38080.48081546757,42157.0,6771.0
866,24464.0,0.7232259646827992,14.339103068448932,0,0,0,38080.48081546757,42157.0,6771.0
867,24464.0,0.7232259646827992,14.303697875687327,0,0,0,38080.48081546757,42157.0,6771.0
868,24464.0,0.7232259646827992,14.268292682925722,0,0,0,38080.48081546757,42157.0,6771.0
869,24464.0,0.7232259646827992,14.232887490164117,0,0,0,38080.48081546757,42157.0,6771.0
870,24464.0,0.7232259646827992,14.197482297402512,0,0,0,38080.48081546757,42157.0,6771.0
871,24464.0,0.7232259646827992,14.162077104640908,0,0,0,38080.48081546757,42157.0,6771.0
872,24464.0,0.7232259646827992,14.126671911879303,0,0,0,38080.48081546757,42157.0,6771.0
873,24464.0,0.7232259646827992,14.091266719117698,0,0,0,38080.48081546757,42157.0,6771.0
874,24464.0,0.7232259646827992,14.055861526356093,0,0,0,38080.48081546757,42157.0,6771.0
875,24464.0,0.7232259646827992,14.020456333594488,0,0,0,38080.48081546757,42157.0,6771.0
876,24464.0,0.7232259646827992,13.985051140832883,0,0,0,38080.48081546757,42157.0,6771.0
877,24464.0,0.7232259646827992,13.949645948071279,0,0,0,38080.48081546757,42157.0,6771.0
878,24464.0,0.7232259646827992,13.914240755309674,0,0,0,38080.48081546757,42157.0,6771.0
879,24464.0,0.7232259646827992,13.878835562548069,0,0,0,38080.48081546757,42157.0,6771.0
880,24464.0,0.7232259646827992,13.843430369786464,0,0,0,38080.48081546757,42157.0,6771.0
881,24464.0,0.7232259646827992,13.80802517702486,0,0,0,38080.48081546757,42157.0,6771.0
882,24464.0,0.7232259646827992,13.772619984263255,0,0,0,38080.48081546757,42157.0,6771.0
883,24464.0,0.7232259646827992,13.73721479150165,0,0,0,38080.48081546757,42157.0,6771.0
884,24464.0,0.7232259646827992,13.701809598740045,0,0,0,38080.48081546757,42157.0,6771.0
885,24464.0,0.7232259646827992,13.66640440597844,0,0,0,38080.48081546757,42157.0,6771.0
886,24464.0,0.7232259646827992,13.630999213216835,0,0,0,38080.48081546757,42157.0,6771.0
887,24464.0,0.7232259646827992,13.59559402045523,0,0,0,38080.48081546757,42157.0,6771.0
888,24464.0,0.7232259646827992,13.560188827693626,0,0,0,38080.48081546757,42157.0,6771.0
889,24464.0,0.7232259646827992,13.524783634932021,0,0,0,38080.48081546757,42157.0,6771.0
890,24464.0,0.7232259646827992,13.489378442170416,0,0,0,38080.48081546757,42157.0,6771.0
891,24464.0,0.7232259646827992,13.453973249408811,0,0,0,38080.48081546757,42157.0,6771.0
892,24464.0,0.7232259646827992,13.418568056647207,0,0,0,38080.48081546757,42157.0,6771.0
893,24464.0,0.7232259646827992,13.383162863885602,0,0,0,38080.48081546757,42157.0,6771.0
894,24464.0,0.7232259646827992,13.347757671123997,0,0,0,38080.48081546757,42157.0,6771.0
895,24464.0,0.7232259646827992,13.312352478362392,0,0,0,38080.48081546757,42157.0,6771.0
896,24464.0,0.7232259646827992,13.276947285600787,0,0,0,38080.48081546757,42157.0,6771.0
897,24464.0,0.7232259646827992,13.241542092839182,0,0,0,38080.48081546757,42157.0,6771.0
898,24464.0,0.7232259646827992,13.206136900077578,0,0,0,38080.48081546757,42157.0,6771.0
899,24464.0,0.7232259646827992,13.170731707315973,0,0,0,38080.48081546757,42157.0,6771.0
900,24464.0,0.7232259646827992,13.135326514554368,0,0,0,38080.48081546757,42157.0,6771.0
901,24464.0,0.7232259646827992,13.099921321792763,0,0,0,38080.48081546757,42157.0,6771.0
902,24464.0,0.7232259646827992,13.064516129031158,0,0,0,38080.48081546757,42157.0,6771.0
903,24464.0,0.7232259646827992,13.029110936269554,0,0,0,38080.48081546757,42157.0,6771.0
904,24464.0,0.7232259646827992,12.993705743507949,0,0,0,38080.48081546757,42157.0,6771.0
905,24464.0,0.7232259646827992,12.958300550746344,0,0,0,38080.48081546757,42157.0,6771.0
906,24464.0,0.7232259646827992,12.92289535798474,0,0,0,38080.48081546757,42157.0,6771.0
907,24464.0,0.7232259646827992,12.887490165223134,0,0,0,38080.48081546757,42157.0,6771.0
908,24464.0,0.7232259646827992,12.85208497246153,0,0,0,38080.48081546757,42157.0,6771.0
909,24464.0,0.7232259646827992,12.816679779699925,0,0,0,38080.48081546757,42157.0,6771.0
910,24464.0,0.7232259646827992,12.78127458693832,0,0,0,38080.48081546757,42157.0,6771.0
911,24464.0,0.7232259646827992,12.745869394176715,0,0,0,38080.48081546757,42157.0,6771.0
912,24464.0,0.7232259646827992,12.71046420141511,0,0,0,38080.48081546757,42157.0,6771.0
913,24464.0,0.7232259646827992,12.675059008653506,0,0,0,38080.48081546757,42157.0,6771.0
914,24464.0,0.7232259646827992,12.6396538158919,0,0,0,38080.48081546757,42157.0,6771.0
915,24464.0,0.7232259646827992,12.604248623130296,0,0,0,38080.48081546757,42157.0,6771.0
916,24464.0,0.7232259646827992,12.568843430368691,0,0,0,38080.48081546757,42157.0,6771.0
917,24464.0,0.7232259646827992,12.533438237607086,0,0,0,38080.48081546757,42157.0,6771.0
918,24464.0,0.7232259646827992,12.498033044845481,0,0,0,38080.48081546757,42157.0,6771.0
919,24464.0,0.7232259646827992,12.462627852083877,0,0,0,38080.48081546757,42157.0,6771.0
920,24464.0,0.7232259646827992,12.427222659322272,0,0,0,38080.48081546757,42157.0,6771.0
921,24464.0,0.7232259646827992,12.391817466560667,0,0,0,38080.48081546757,42157.0,6771.0
922,24464.0,0.7232259646827992,12.356412273799062,0,0,0,38080.48081546757,42157.0,6771.0
923,24464.0,0.7232259646827992,12.321007081037457,0,0,0,38080.48081546757,42157.0,6771.0
924,24464.0,0.7232259646827992,12.285601888275853,0,0,0,38080.48081546757,42157.0,6771.0
925,24464.0,0.7232259646827992,12.250196695514248,0,0,0,38080.48081546757,42157.0,6771.0
926,24464.0,0.7232259646827992,12.214791502752643,0,0,0,38080.48081546757,42157.0,6771.0
927,24464.0,0.7232259646827992,12.179386309991038,0,0,0,38080.48081546757,42157.0,6771.0
928,24464.0,0.7232259646827992,12.143981117229433,0,0,0,38080.48081546757,42157.0,6771.0
929,24464.0,0.7232259646827992,12.108575924467829,0,0,0,38080.48081546757,42157.0,6771.0
930,24464.0,0.7232259646827992,12.073170731706224,0,0,0,38080.48081546757,42157.0,6771.0
931,24464.0,0.7232259646827992,12.037765538944619,0,0,0,38080.48081546757,42157.0,6771.0
932,24464.0,0.7232259646827992,12.002360346183014,0,0,0,38080.48081546757,42157.0,6771.0
933,24464.0,0.7232259646827992,11.96695515342141,0,0,0,38080.48081546757,42157.0,6771.0
934,24464.0,0.7232259646827992,11.931549960659805,0,0,0,38080.48081546757,42157.0,6771.0
935,24464.0,0.7232259646827992,11.8961447678982,0,0,0,38080.48081546757,42157.0,6771.0
936,24464.0,0.7232259646827992,11.860739575136595,0,0,0,38080.48081546757,42157.0,6771.0
937,24464.0,0.7232259646827992,11.82533438237499,0,0,0,38080.48081546757,42157.0,6771.0
938,24464.0,0.7232259646827992,11.789929189613385,0,0,0,38080.48081546757,42157.0,6771.0
939,24464.0,0.7232259646827992,11.75452399685178,0,0,0,38080.48081546757,42157.0,6771.0
940,24464.0,0.7232259646827992,11.719118804090176,0,0,0,38080.48081546757,42157.0,6771.0
941,24464.0,0.7232259646827992,11.683713611328571,0,0,0,38080.48081546757,42157.0,6771.0
942,24464.0,0.7232259646827992,11.648308418566966,0,0,0,38080.48081546757,42157.0,6771.0
943,24464.0,0.7232259646827992,11.612903225805361,0,0,0,38080.48081546757,42157.0,6771.0
944,24464.0,0.7232259646827992,11.577498033043756,0,0,0,38080.48081546757,42157.0,6771.0
945,24464.0,0.7232259646827992,11.542092840282152,0,0,0,38080.48081546757,42157.0,6771.0
946,24464.0,0.7232259646827992,11.506687647520547,0,0,0,38080.48081546757,42157.0,6771.0
947,24464.0,0.7232259646827992,11.471282454758942,0,0,0,38080.48081546757,42157.0,6771.0
948,24464.0,0.7232259646827992,11.435877261997337,0,0,0,38080.48081546757,42157.0,6771.0
949,24464.0,0.7232259646827992,11.400472069235732,0,0,0,38080.48081546757,42157.0,6771.0
950,24464.0,0.7232259646827992,11.365066876474128,0,0,0,38080.48081546757,42157.0,6771.0
951,24464.0,0.7232259646827992,11.329661683712523,0,0,0,38080.48081546757,42157.0,6771.0
952,24464.0,0.7232259646827992,11.294256490950918,0,0,0,38080.48081546757,42157.0,6771.0
953,24464.0,0.7232259646827992,11.258851298189313,0,0,0,38080.48081546757,42157.0,6771.0
954,24464.0,0.7232259646827992,11.223446105427708,0,0,0,38080.48081546757,42157.0,6771.0
955,24464.0,0.7232259646827992,11.188040912666104,0,0,0,38080.48081546757,42157.0,6771.0
956,24464.0,0.7232259646827992,11.152635719904499,0,0,0,38080.48081546757,42157.0,6771.0
957,24464.0,0.7232259646827992,11.117230527142894,0,0,0,38080.48081546757,42157.0,6771.0
958,24464.0,0.7232259646827992,11.08182533438129,0,0,0,38080.48081546757,42157.0,6771.0
959,24464.0,0.7232259646827992,11.046420141619684,0,0,0,38080.48081546757,42157.0,6771.0
960,24464.0,0.7232259646827992,11.01101494885808,0,0,0,38080.48081546757,42157.0,6771.0
961,24464.0,0.7232259646827992,10.975609756096475,0,0,0,38080.48081546757,42157.0,6771.0
962,24464.0,0.7232259646827992,10.94020456333487,0,0,0,38080.48081546757,42157.0,6771.0
963,24464.0,0.7232259646827992,10.904799370573265,0,0,0,38080.48081546757,42157.0,6771.0
964,24464.0,0.7232259646827992,10.86939417781166,0,0,0,38080.48081546757,42157.0,6771.0
965,24464.0,0.7232259646827992,10.833988985050055,0,0,0,38080.48081546757,42157.0,6771.0
966,24464.0,0.7232259646827992,10.79858379228845,0,0,0,38080.48081546757,42157.0,6771.0
967,24464.0,0.7232259646827992,10.763178599526846,0,0,0,38080.48081546757,42157.0,6771.0
968,24464.0,0.7232259646827992,10.727773406765241,0,0,0,38080.48081546757,42157.0,6771.0
969,24464.0,0.7232259646827992,10.692368214003636,0,0,0,38080.48081546757,42157.0,6771.0
970,24464.0,0.7232259646827992,10.656963021242031,0,0,0,38080.48081546757,42157.0,6771.0
971,24464.0,0.7232259646827992,10.621557828480427,0,0,0,38080.48081546757,42157.0,6771.0
972,24464.0,0.7232259646827992,10.586152635718822,0,0,0,38080.48081546757,42157.0,6771.0
973,24464.0,0.7232259646827992,10.550747442957217,0,0,0,38080.48081546757,42157.0,6771.0
974,24464.0,0.7232259646827992,10.515342250195612,0,0,0,38080.48081546757,42157.0,6771.0
975,24464.0,0.7232259646827992,10.479937057434007,0,0,0,38080.48081546757,42157.0,6771.0
976,24464.0,0.7232259646827992,10.444531864672403,0,0,0,38080.48081546757,42157.0,6771.0
977,24464.0,0.7232259646827992,10.409126671910798,0,0,0,38080.48081546757,42157.0,6771.0
978,24464.0,0.7232259646827992,10.373721479149193,0,0,0,38080.48081546757,42157.0,6771.0
979,24464.0,0.7232259646827992,10.338316286387588,0,0,0,38080.48081546757,42157.0,6771.0
980,24464.0,0.7232259646827992,10.302911093625983,0,0,0,38080.48081546757,42157.0,6771.0
981,24464.0,0.7232259646827992,10.267505900864379,0,0,0,38080.48081546757,42157.0,6771.0
982,24464.0,0.7232259646827992,10.232100708102774,0,0,0,38080.48081546757,42157.0,6771.0
983,24464.0,0.7232259646827992,10.196695515341169,0,0,0,38080.48081546757,42157.0,6771.0
984,24464.0,0.7232259646827992,10.161290322579564,0,0,0,38080.48081546757,42157.0,6771.0
985,24464.0,0.7232259646827992,10.12588512981796,0,0,0,38080.48081546757,42157.0,6771.0
986,24464.0,0.7232259646827992,10.090479937056354,0,0,0,38080.48081546757,42157.0,6771.0
987,24464.0,0.7232259646827992,10.05507474429475,0,0,0,38080.48081546757,42157.0,6771.0
988,24464.0,0.7232259646827992,10.019669551533145,0,0,0,38080.48081546757,42157.0,6771.0
989,24464.0,0.7232259646827992,9.98426435877154,0,0,0,38080.48081546757,42157.0,6771.0
990,24464.0,0.7232259646827992,9.948859166009935,0,0,0,38080.48081546757,42157.0,6771.0
991,24464.0,0.7232259646827992,9.91345397324833,0,0,0,38080.48081546757,42157.0,6771.0
992,24464.0,0.7232259646827992,9.878048780486726,0,0,0,38080.48081546757,42157.0,6771.0
993,24464.0,0.7232259646827992,9.84264358772512,0,0,0,38080.48081546757,42157.0,6771.0
994,24464.0,0.7232259646827992,9.807238394963516,0,0,0,38080.48081546757,42157.0,6771.0
995,24464.0,0.7232259646827992,9.771833202201911,0,0,0,38080.48081546757,42157.0,6771.0
996,24464.0,0.7232259646827992,9.736428009440306,0,0,0,38080.48081546757,42157.0,6771.0
997,24464.0,0.7232259646827992,9.701022816678702,0,0,0,38080.48081546757,42157.0,6771.0
998,24464.0,0.7232259646827992,9.665617623917097,0,0,0,38080.48081546757,42157.0,6771.0
999,24464.0,0.7232259646827992,9.630212431155492,0,0,0,38080.48081546757,42157.0,6771.0
1000,24464.0,0.7232259646827992,9.594807238393887,0,0,0,38080.48081546757,42157.0,6771.0
1001,24464.0,0.7232259646827992,9.559402045632282,0,0,0,38080.48081546757,42157.0,6771.0
1002,24464.0,0.7232259646827992,9.523996852870678,0,0,0,38080.48081546757,42157.0,6771.0
1003,24464.0,0.7232259646827992,9.488591660109073,0,0,0,38080.48081546757,42157.0,6771.0
1004,24464.0,0.7232259646827992,9.453186467347468,0,0,0,38080.48081546757,42157.0,6771.0
1005,24464.0,0.7232259646827992,9.417781274585863,0,0,0,38080.48081546757,42157.0,6771.0
1006,24464.0,0.7232259646827992,9.382376081824258,0,0,0,38080.48081546757,42157.0,6771.0
1007,24464.0,0.7232259646827992,9.346970889062653,0,0,0,38080.48081546757,42157.0,6771.0
1008,24464.0,0.7232259646827992,9.311565696301049,0,0,0,38080.48081546757,42157.0,6771.0
1009,24464.0,0.7232259646827992,9.276160503539444,0,0,0,38080.48081546757,42157.0,6771.0
1010,24464.0,0.7232259646827992,9.240755310777839,0,0,0,38080.48081546757,42157.0,6771.0
1011,24464.0,0.7232259646827992,9.205350118016234,0,0,0,38080.48081546757,42157.0,6771.0
1012,24464.0,0.7232259646827992,9.16994492525463,0,0,0,38080.48081546757,42157.0,6771.0
1013,24464.0,0.7232259646827992,9.134539732493025,0,0,0,38080.48081546757,42157.0,6771.0
1014,24464.0,0.7232259646827992,9.09913453973142,0,0,0,38080.48081546757,42157.0,6771.0
1015,24464.0,0.7232259646827992,9.063729346969815,0,0,0,38080.48081546757,42157.0,6771.0
1016,24464.0,0.7232259646827992,9.02832415420821,0,0,0,38080.48081546757,42157.0,6771.0
1017,24464.0,0.7232259646827992,8.992918961446605,0,0,0,38080.48081546757,42157.0,6771.0
1018,24464.0,0.7232259646827992,8.957513768685,0,0,0,38080.48081546757,42157.0,6771.0
1019,24464.0,0.7232259646827992,8.922108575923396,0,0,0,38080.48081546757,42157.0,6771.0
1020,24464.0,0.7232259646827992,8.886703383161791,0,0,0,38080.48081546757,42157.0,6771.0
1021,24464.0,0.7232259646827992,8.851298190400186,0,0,0,38080.48081546757,42157.0,6771.0
1022,24464.0,0.7232259646827992,8.815892997638581,0,0,0,38080.48081546757,42157.0,6771.0
1023,24464.0,0.7232259646827992,8.780487804876977,0,0,0,38080.48081546757,42157.0,6771.0
1024,24464.0,0.7232259646827992,8.745082612115372,0,0,0,38080.48081546757,42157.0,6771.0
1025,24464.0,0.7232259646827992,8.709677419353767,0,0,0,38080.48081546757,42157.0,6771.0
1026,24464.0,0.7232259646827992,8.674272226592162,0,0,0,38080.48081546757,42157.0,6771.0
1027,24464.0,0.7232259646827992,8.638867033830557,0,0,0,38080.48081546757,42157.0,6771.0
1028,24464.0,0.7232259646827992,8.603461841068953,0,0,0,38080.48081546757,42157.0,6771.0
1029,24464.0,0.7232259646827992,8.568056648307348,0,0,0,38080.48081546757,42157.0,6771.0
1030,24464.0,0.7232259646827992,8.532651455545743,0,0,0,38080.48081546757,42157.0,6771.0
1031,24464.0,0.7232259646827992,8.497246262784138,0,0,0,38080.48081546757,42157.0,6771.0
1032,24464.0,0.7232259646827992,8.461841070022533,0,0,0,38080.48081546757,42157.0,6771.0
1033,24464.0,0.7232259646827992,8.426435877260928,0,0,0,38080.48081546757,42157.0,6771.0
1034,24464.0,0.7232259646827992,8.391030684499324,0,0,0,38080.48081546757,42157.0,6771.0
1035,24464.0,0.7232259646827992,8.355625491737719,0,0,0,38080.48081546757,42157.0,6771.0
1036,24464.0,0.7232259646827992,8.320220298976114,0,0,0,38080.48081546757,42157.0,6771.0
1037,24464.0,0.7232259646827992,8.28481510621451,0,0,0,38080.48081546757,42157.0,6771.0
1038,24464.0,0.7232259646827992,8.249409913452904,0,0,0,38080.48081546757,42157.0,6771.0
1039,24464.0,0.7232259646827992,8.2140047206913,0,0,0,38080.48081546757,42157.0,6771.0
1040,24464.0,0.7232259646827992,8.178599527929695,0,0,0,38080.48081546757,42157.0,6771.0
1041,24464.0,0.7232259646827992,8.14319433516809,0,0,0,38080.48081546757,42157.0,6771.0
1042,24464.0,0.7232259646827992,8.107789142406485,0,0,0,38080.48081546757,42157.0,6771.0
1043,24464.0,0.7232259646827992,8.07238394964488,0,0,0,38080.48081546757,42157.0,6771.0
1044,24464.0,0.7232259646827992,8.036978756883276,0,0,0,38080.48081546757,42157.0,6771.0
1045,24464.0,0.7232259646827992,8.00157356412167,0,0,0,38080.48081546757,42157.0,6771.0
1046,24464.0,0.7232259646827992,7.966168371360066,0,0,0,38080.48081546757,42157.0,6771.0
1047,24464.0,0.7232259646827992,7.930763178598461,0,0,0,38080.48081546757,42157.0,6771.0
1048,24464.0,0.7232259646827992,7.895357985836856,0,0,0,38080.48081546757,42157.0,6771.0
1049,24464.0,0.7232259646827992,7.8599527930752515,0,0,0,38080.48081546757,42157.0,6771.0
1050,24464.0,0.7232259646827992,7.824547600313647,0,0,0,38080.48081546757,42157.0,6771.0
1051,24464.0,0.7232259646827992,7.789142407552042,0,0,0,38080.48081546757,42157.0,6771.0
1052,24464.0,0.7232259646827992,7.753737214790437,0,0,0,38080.48081546757,42157.0,6771.0
1053,24464.0,0.7232259646827992,7.718332022028832,0,0,0,38080.48081546757,42157.0,6771.0
1054,24464.0,0.7232259646827992,7.6829268292672275,0,0,0,38080.48081546757,42157.0,6771.0
1055,24464.0,0.7232259646827992,7.647521636505623,0,0,0,38080.48081546757,42157.0,6771.0
1056,24464.0,0.7232259646827992,7.612116443744018,0,0,0,38080.48081546757,42157.0,6771.0
1057,24464.0,0.7232259646827992,7.576711250982413,0,0,0,38080.48081546757,42157.0,6771.0
1058,24464.0,0.7232259646827992,7.541306058220808,0,0,0,38080.48081546757,42157.0,6771.0
1059,24464.0,0.7232259646827992,7.505900865459203,0,0,0,38080.48081546757,42157.0,6771.0
1060,24464.0,0.7232259646827992,7.470495672697599,0,0,0,38080.48081546757,42157.0,6771.0
1061,24464.0,0.7232259646827992,7.435090479935994,0,0,0,38080.48081546757,42157.0,6771.0
1062,24464.0,0.7232259646827992,7.399685287174389,0,0,0,38080.48081546757,42157.0,6771.0
1063,24464.0,0.7232259646827992,7.364280094412784,0,0,0,38080.48081546757,42157.0,6771.0
1064,24464.0,0.7232259646827992,7.328874901651179,0,0,0,38080.48081546757,42157.0,6771.0
1065,24464.0,0.7232259646827992,7.293469708889575,0,0,0,38080.48081546757,42157.0,6771.0
1066,24464.0,0.7232259646827992,7.25806451612797,0,0,0,38080.48081546757,42157.0,6771.0
1067,24464.0,0.7232259646827992,7.222659323366365,0,0,0,38080.48081546757,42157.0,6771.0
1068,24464.0,0.7232259646827992,7.18725413060476,0,0,0,38080.48081546757,42157.0,6771.0
1069,24464.0,0.7232259646827992,7.151848937843155,0,0,0,38080.48081546757,42157.0,6771.0
1070,24464.0,0.7232259646827992,7.1164437450815505,0,0,0,38080.48081546757,42157.0,6771.0
1071,24464.0,0.7232259646827992,7.081038552319946,0,0,0,38080.48081546757,42157.0,6771.0
1072,24464.0,0.7232259646827992,7.045633359558341,0,0,0,38080.48081546757,42157.0,6771.0
1073,24464.0,0.7232259646827992,7.010228166796736,0,0,0,38080.48081546757,42157.0,6771.0
1074,24464.0,0.7232259646827992,6.974822974035131,0,0,0,38080.48081546757,42157.0,6771.0
1075,24464.0,0.7232259646827992,6.9394177812735265,0,0,0,38080.48081546757,42157.0,6771.0
1076,24464.0,0.7232259646827992,6.904012588511922,0,0,0,38080.48081546757,42157.0,6771.0
1077,24464.0,0.7232259646827992,6.868607395750317,0,0,0,38080.48081546757,42157.0,6771.0
1078,24464.0,0.7232259646827992,6.833202202988712,0,0,0,38080.48081546757,42157.0,6771.0
1079,24464.0,0.7232259646827992,6.797797010227107,0,0,0,38080.48081546757,42157.0,6771.0
1080,24464.0,0.7232259646827992,6.762391817465502,0,0,0,38080.48081546757,42157.0,6771.0
1081,24464.0,0.7232259646827992,6.726986624703898,0,0,0,38080.48081546757,42157.0,6771.0
1082,24464.0,0.7232259646827992,6.691581431942293,0,0,0,38080.48081546757,42157.0,6771.0
1083,24464.0,0.7232259646827992,6.656176239180688,0,0,0,38080.48081546757,42157.0,6771.0
1084,24464.0,0.7232259646827992,6.620771046419083,0,0,0,38080.48081546757,42157.0,6771.0
1085,24464.0,0.7232259646827992,6.585365853657478,0,0,0,38080.48081546757,42157.0,6771.0
1086,24464.0,0.7232259646827992,6.549960660895874,0,0,0,38080.48081546757,42157.0,6771.0
1087,24464.0,0.7232259646827992,6.514555468134269,0,0,0,38080.48081546757,42157.0,6771.0
1088,24464.0,0.7232259646827992,6.479150275372664,0,0,0,38080.48081546757,42157.0,6771.0
1089,24464.0,0.7232259646827992,6.443745082611059,0,0,0,38080.48081546757,42157.0,6771.0
1090,24464.0,0.7232259646827992,6.408339889849454,0,0,0,38080.48081546757,42157.0,6771.0
1091,24464.0,0.7232259646827992,6.3729346970878495,0,0,0,38080.48081546757,42157.0,6771.0
1092,24464.0,0.7232259646827992,6.337529504326245,0,0,0,38080.48081546757,42157.0,6771.0
1093,24464.0,0.7232259646827992,6.30212431156464,0,0,0,38080.48081546757,42157.0,6771.0
1094,24464.0,0.7232259646827992,6.266719118803035,0,0,0,38080.48081546757,42157.0,6771.0
1095,24464.0,0.7232259646827992,6.23131392604143,0,0,0,38080.48081546757,42157.0,6771.0
1096,24464.0,0.7232259646827992,6.1959087332798255,0,0,0,38080.48081546757,42157.0,6771.0
1097,24464.0,0.7232259646827992,6.160503540518221,0,0,0,38080.48081546757,42157.0,6771.0
1098,24464.0,0.7232259646827992,6.125098347756616,0,0,0,38080.48081546757,42157.0,6771.0
1099,24464.0,0.7232259646827992,6.089693154995011,0,0,0,38080.48081546757,42157.0,6771.0
1100,24464.0,0.7232259646827992,6.054287962233406,0,0,0,38080.48081546757,42157.0,6771.0
1101,24464.0,0.7232259646827992,6.0188827694718015,0,0,0,38080.48081546757,42157.0,6771.0
1102,24464.0,0.7232259646827992,5.983477576710197,0,0,0,38080.48081546757,42157.0,6771.0
1103,24464.0,0.7232259646827992,5.948072383948592,0,0,0,38080.48081546757,42157.0,6771.0
1104,24464.0,0.7232259646827992,5.912667191186987,0,0,0,38080.48081546757,42157.0,6771.0
1105,24464.0,0.7232259646827992,5.877261998425382,0,0,0,38080.48081546757,42157.0,6771.0
1106,24464.0,0.7232259646827992,5.841856805663777,0,0,0,38080.48081546757,42157.0,6771.0
1107,24464.0,0.7232259646827992,5.806451612902173,0,0,0,38080.48081546757,42157.0,6771.0
1108,24464.0,0.7232259646827992,5.771046420140568,0,0,0,38080.48081546757,42157.0,6771.0
1109,24464.0,0.7232259646827992,5.735641227378963,0,0,0,38080.48081546757,42157.0,6771.0
1110,24464.0,0.7232259646827992,5.700236034617358,0,0,0,38080.48081546757,42157.0,6771.0
1111,24464.0,0.7232259646827992,5.664830841855753,0,0,0,38080.48081546757,42157.0,6771.0
1112,24464.0,0.7232259646827992,5.6294256490941486,0,0,0,38080.48081546757,42157.0,6771.0
1113,24464.0,0.7232259646827992,5.594020456332544,0,0,0,38080.48081546757,42157.0,6771.0
1114,24464.0,0.7232259646827992,5.558615263570939,0,0,0,38080.48081546757,42157.0,6771.0
1115,24464.0,0.7232259646827992,5.523210070809334,0,0,0,38080.48081546757,42157.0,6771.0
1116,24464.0,0.7232259646827992,5.487804878047729,0,0,0,38080.48081546757,42157.0,6771.0
1117,24464.0,0.7232259646827992,5.4523996852861245,0,0,0,38080.48081546757,42157.0,6771.0
1118,24464.0,0.7232259646827992,5.41699449252452,0,0,0,38080.48081546757,42157.0,6771.0
1119,24464.0,0.7232259646827992,5.381589299762915,0,0,0,38080.48081546757,42157.0,6771.0
1120,24464.0,0.7232259646827992,5.34618410700131,0,0,0,38080.48081546757,42157.0,6771.0
1121,24464.0,0.7232259646827992,5.310778914239705,0,0,0,38080.48081546757,42157.0,6771.0
1122,24464.0,0.7232259646827992,5.2753737214781005,0,0,0,38080.48081546757,42157.0,6771.0
1123,24464.0,0.7232259646827992,5.239968528716496,0,0,0,38080.48081546757,42157.0,6771.0
1124,24464.0,0.7232259646827992,5.204563335954891,0,0,0,38080.48081546757,42157.0,6771.0
1125,24464.0,0.7232259646827992,5.169158143193286,0,0,0,38080.48081546757,42157.0,6771.0
1126,24464.0,0.7232259646827992,5.133752950431681,0,0,0,38080.48081546757,42157.0,6771.0
1127,24464.0,0.7232259646827992,5.098347757670076,0,0,0,38080.48081546757,42157.0,6771.0
1128,24464.0,0.7232259646827992,5.062942564908472,0,0,0,38080.48081546757,42157.0,6771.0
1129,24464.0,0.7232259646827992,5.027537372146867,0,0,0,38080.48081546757,42157.0,6771.0
1130,24464.0,0.7232259646827992,4.992132179385262,0,0,0,38080.48081546757,42157.0,6771.0
1131,24464.0,0.7232259646827992,4.956726986623657,0,0,0,38080.48081546757,42157.0,6771.0
1132,24464.0,0.7232259646827992,4.921321793862052,0,0,0,38080.48081546757,42157.0,6771.0
1133,24464.0,0.7232259646827992,4.885916601100448,0,0,0,38080.48081546757,42157.0,6771.0
1134,24464.0,0.7232259646827992,4.850511408338843,0,0,0,38080.48081546757,42157.0,6771.0
1135,24464.0,0.7232259646827992,4.815106215577238,0,0,0,38080.48081546757,42157.0,6771.0
1136,24464.0,0.7232259646827992,4.779701022815633,0,0,0,38080.48081546757,42157.0,6771.0
1137,24464.0,0.7232259646827992,4.744295830054028,0,0,0,38080.48081546757,42157.0,6771.0
1138,24464.0,0.7232259646827992,4.7088906372924235,0,0,0,38080.48081546757,42157.0,6771.0
1139,24464.0,0.7232259646827992,4.673485444530819,0,0,0,38080.48081546757,42157.0,6771.0
1140,24464.0,0.7232259646827992,4.638080251769214,0,0,0,38080.48081546757,42157.0,6771.0
1141,24464.0,0.7232259646827992,4.602675059007609,0,0,0,38080.48081546757,42157.0,6771.0
1142,24464.0,0.7232259646827992,4.567269866246004,0,0,0,38080.48081546757,42157.0,6771.0
1143,24464.0,0.7232259646827992,4.5318646734843995,0,0,0,38080.48081546757,42157.0,6771.0
1144,24464.0,0.7232259646827992,4.496459480722795,0,0,0,38080.48081546757,42157.0,6771.0
1145,24464.0,0.7232259646827992,4.46105428796119,0,0,0,38080.48081546757,42157.0,6771.0
1146,24464.0,0.7232259646827992,4.425649095199585,0,0,0,38080.48081546757,42157.0,6771.0
1147,24464.0,0.7232259646827992,4.39024390243798,0,0,0,38080.48081546757,42157.0,6771.0
1148,24464.0,0.7232259646827992,4.354838709676375,0,0,0,38080.48081546757,42157.0,6771.0
1149,24464.0,0.7232259646827992,4.319433516914771,0,0,0,38080.48081546757,42157.0,6771.0
1150,24464.0,0.7232259646827992,4.284028324153166,0,0,0,38080.48081546757,42157.0,6771.0
1151,24464.0,0.7232259646827992,4.248623131391561,0,0,0,38080.48081546757,42157.0,6771.0
1152,24464.0,0.7232259646827992,4.213217938629956,0,0,0,38080.48081546757,42157.0,6771.0
1153,24464.0,0.7232259646827992,4.177812745868351,0,0,0,38080.48081546757,42157.0,6771.0
1154,24464.0,0.7232259646827992,4.142407553106747,0,0,0,38080.48081546757,42157.0,6771.0
1155,24464.0,0.7232259646827992,4.107002360345142,0,0,0,38080.48081546757,42157.0,6771.0
1156,24464.0,0.7232259646827992,4.071597167583537,0,0,0,38080.48081546757,42157.0,6771.0
1157,24464.0,0.7232259646827992,4.036191974821932,0,0,0,38080.48081546757,42157.0,6771.0
1158,24464.0,0.7232259646827992,4.000786782060327,0,0,0,38080.48081546757,42157.0,6771.0
1159,24464.0,0.7232259646827992,3.965381589298722,0,0,0,38080.48081546757,42157.0,6771.0
1160,24464.0,0.7232259646827992,3.929976396537117,0,0,0,38080.48081546757,42157.0,6771.0
1161,24464.0,0.7232259646827992,3.8945712037755116,0,0,0,38080.48081546757,42157.0,6771.0
1162,24464.0,0.7232259646827992,3.8591660110139063,0,0,0,38080.48081546757,42157.0,6771.0
1163,24464.0,0.7232259646827992,3.823760818252301,0,0,0,38080.48081546757,42157.0,6771.0
1164,24464.0,0.7232259646827992,3.788355625490696,0,0,0,38080.48081546757,42157.0,6771.0
1165,24464.0,0.7232259646827992,3.7529504327290906,0,0,0,38080.48081546757,42157.0,6771.0
1166,24464.0,0.7232259646827992,3.7175452399674853,0,0,0,38080.48081546757,42157.0,6771.0
1167,24464.0,0.7232259646827992,3.68214004720588,0,0,0,38080.48081546757,42157.0,6771.0
1168,24464.0,0.7232259646827992,3.646734854444275,0,0,0,38080.48081546757,42157.0,6771.0
1169,24464.0,0.7232259646827992,3.6113296616826696,0,0,0,38080.48081546757,42157.0,6771.0
1170,24464.0,0.7232259646827992,3.5759244689210643,0,0,0,38080.48081546757,42157.0,6771.0
1171,24464.0,0.7232259646827992,3.540519276159459,0,0,0,38080.48081546757,42157.0,6771.0
1172,24464.0,0.7232259646827992,3.505114083397854,0,0,0,38080.48081546757,42157.0,6771.0
1173,24464.0,0.7232259646827992,3.4697088906362485,0,0,0,38080.48081546757,42157.0,6771.0
1174,24464.0,0.7232259646827992,3.4343036978746433,0,0,0,38080.48081546757,42157.0,6771.0
1175,24464.0,0.7232259646827992,3.398898505113038,0,0,0,38080.48081546757,42157.0,6771.0
1176,24464.0,0.7232259646827992,3.363493312351433,0,0,0,38080.48081546757,42157.0,6771.0
1177,24464.0,0.7232259646827992,3.3280881195898275,0,0,0,38080.48081546757,42157.0,6771.0
1178,24464.0,0.7232259646827992,3.2926829268282223,0,0,0,38080.48081546757,42157.0,6771.0
1179,24464.0,0.7232259646827992,3.257277734066617,0,0,0,38080.48081546757,42157.0,6771.0
1180,24464.0,0.7232259646827992,3.2218725413050118,0,0,0,38080.48081546757,42157.0,6771.0
1181,24464.0,0.7232259646827992,3.1864673485434065,0,0,0,38080.48081546757,42157.0,6771.0
1182,24464.0,0.7232259646827992,3.1510621557818013,0,0,0,38080.48081546757,42157.0,6771.0
1183,24464.0,0.7232259646827992,3.115656963020196,0,0,0,38080.48081546757,42157.0,6771.0
1184,24464.0,0.7232259646827992,3.0802517702585908,0,0,0,38080.48081546757,42157.0,6771.0
1185,24464.0,0.7232259646827992,3.0448465774969855,0,0,0,38080.48081546757,42157.0,6771.0
1186,24464.0,0.7232259646827992,3.0094413847353803,0,0,0,38080.48081546757,42157.0,6771.0
1187,24464.0,0.7232259646827992,2.974036191973775,0,0,0,38080.48081546757,42157.0,6771.0
1188,24464.0,0.7232259646827992,2.9386309992121697,0,0,0,38080.48081546757,42157.0,6771.0
1189,24464.0,0.7232259646827992,2.9032258064505645,0,0,0,38080.48081546757,42157.0,6771.0
1190,24464.0,0.7232259646827992,2.8678206136889592,0,0,0,38080.48081546757,42157.0,6771.0
1191,24464.0,0.7232259646827992,2.832415420927354,0,0,0,38080.48081546757,42157.0,6771.0
1192,24464.0,0.7232259646827992,2.7970102281657487,0,0,0,38080.48081546757,42157.0,6771.0
1193,24464.0,0.7232259646827992,2.7616050354041435,0,0,0,38080.48081546757,42157.0,6771.0
1194,24464.0,0.7232259646827992,2.7261998426425382,0,0,0,38080.48081546757,42157.0,6771.0
1195,24464.0,0.7232259646827992,2.690794649880933,0,0,0,38080.48081546757,42157.0,6771.0
1196,24464.0,0.7232259646827992,2.6553894571193277,0,0,0,38080.48081546757,42157.0,6771.0
1197,24464.0,0.7232259646827992,2.6199842643577225,0,0,0,38080.48081546757,42157.0,6771.0
1198,24464.0,0.7232259646827992,2.584579071596117,0,0,0,38080.48081546757,42157.0,6771.0
1199,24464.0,0.7232259646827992,2.549173878834512,0,0,0,38080.48081546757,42157.0,6771.0
1200,24464.0,0.7232259646827992,2.5137686860729067,0,0,0,38080.48081546757,42157.0,6771.0
1201,24464.0,0.7232259646827992,2.4783634933113015,0,0,0,38080.48081546757,42157.0,6771.0
1202,24464.0,0.7232259646827992,2.442958300549696,0,0,0,38080.48081546757,42157.0,6771.0
1203,24464.0,0.7232259646827992,2.407553107788091,0,0,0,38080.48081546757,42157.0,6771.0
1204,24464.0,0.7232259646827992,2.3721479150264857,0,0,0,38080.48081546757,42157.0,6771.0
1205,24464.0,0.7232259646827992,2.3367427222648804,0,0,0,38080.48081546757,42157.0,6771.0
1206,24464.0,0.7232259646827992,2.301337529503275,0,0,0,38080.48081546757,42157.0,6771.0
1207,24464.0,0.7232259646827992,2.26593233674167,0,0,0,38080.48081546757,42157.0,6771.0
1208,24464.0,0.7232259646827992,2.2305271439800647,0,0,0,38080.48081546757,42157.0,6771.0
1209,24464.0,0.7232259646827992,2.1951219512184594,0,0,0,38080.48081546757,42157.0,6771.0
1210,24464.0,0.7232259646827992,2.159716758456854,0,0,0,38080.48081546757,42157.0,6771.0
1211,24464.0,0.7232259646827992,2.124311565695249,0,0,0,38080.48081546757,42157.0,6771.0
1212,24464.0,0.7232259646827992,2.0889063729336437,0,0,0,38080.48081546757,42157.0,6771.0
1213,24464.0,0.7232259646827992,2.0535011801720384,0,0,0,38080.48081546757,42157.0,6771.0
1214,24464.0,0.7232259646827992,2.018095987410433,0,0,0,38080.48081546757,42157.0,6771.0
1215,24464.0,0.7232259646827992,1.9826907946488281,0,0,0,38080.48081546757,42157.0,6771.0
1216,24464.0,0.7232259646827992,1.947285601887223,0,0,0,38080.48081546757,42157.0,6771.0
1217,24464.0,0.7232259646827992,1.911880409125618,0,0,0,38080.48081546757,42157.0,6771.0
1218,24464.0,0.7232259646827992,1.876475216364013,0,0,0,38080.48081546757,42157.0,6771.0
1219,24464.0,0.7232259646827992,1.841070023602408,0,0,0,38080.48081546757,42157.0,6771.0
1220,24464.0,0.7232259646827992,1.805664830840803,0,0,0,38080.48081546757,42157.0,6771.0
1221,24464.0,0.7232259646827992,1.770259638079198,0,0,0,38080.48081546757,42157.0,6771.0
1222,24464.0,0.7232259646827992,1.734854445317593,0,0,0,38080.48081546757,42157.0,6771.0
1223,24464.0,0.7232259646827992,1.6994492525559879,0,0,0,38080.48081546757,42157.0,6771.0
1224,24464.0,0.7232259646827992,1.6640440597943829,0,0,0,38080.48081546757,42157.0,6771.0
1225,24464.0,0.7232259646827992,1.6286388670327778,0,0,0,38080.48081546757,42157.0,6771.0
1226,24464.0,0.7232259646827992,1.5932336742711728,0,0,0,38080.48081546757,42157.0,6771.0
1227,24464.0,0.7232259646827992,1.5578284815095678,0,0,0,38080.48081546757,42157.0,6771.0
1228,24464.0,0.7232259646827992,1.5224232887479627,0,0,0,38080.48081546757,42157.0,6771.0
1229,24464.0,0.7232259646827992,1.4870180959863577,0,0,0,38080.48081546757,42157.0,6771.0
1230,24464.0,0.7232259646827992,1.4516129032247527,0,0,0,38080.48081546757,42157.0,6771.0
1231,24464.0,0.7232259646827992,1.4162077104631476,0,0,0,38080.48081546757,42157.0,6771.0
1232,24464.0,0.7232259646827992,1.3808025177015426,0,0,0,38080.48081546757,42157.0,6771.0
1233,24464.0,0.7232259646827992,1.3453973249399376,0,0,0,38080.48081546757,42157.0,6771.0
1234,24464.0,0.7232259646827992,1.3099921321783325,0,0,0,38080.48081546757,42157.0,6771.0
1235,24464.0,0.7232259646827992,1.2745869394167275,0,0,0,38080.48081546757,42157.0,6771.0
1236,24464.0,0.7232259646827992,1.2391817466551225,0,0,0,38080.48081546757,42157.0,6771.0
1237,24464.0,0.7232259646827992,1.2037765538935175,0,0,0,38080.48081546757,42157.0,6771.0
1238,24464.0,0.7232259646827992,1.1683713611319124,0,0,0,38080.48081546757,42157.0,6771.0
1239,24464.0,0.7232259646827992,1.1329661683703074,0,0,0,38080.48081546757,42157.0,6771.0
1240,24464.0,0.7232259646827992,1.0975609756087024,0,0,0,38080.48081546757,42157.0,6771.0
1241,24464.0,0.7232259646827992,1.0621557828470973,0,0,0,38080.48081546757,42157.0,6771.0
1242,24464.0,0.7232259646827992,1.0267505900854923,0,0,0,38080.48081546757,42157.0,6771.0
1243,24464.0,0.7232259646827992,0.9913453973238873,0,0,0,38080.48081546757,42157.0,6771.0
1244,24464.0,0.7232259646827992,0.9559402045622822,0,0,0,38080.48081546757,42157.0,6771.0
1245,24464.0,0.7232259646827992,0.9205350118006772,0,0,0,38080.48081546757,42157.0,6771.0
1246,24464.0,0.7232259646827992,0.8851298190390722,0,0,0,38080.48081546757,42157.0,6771.0
1247,24464.0,0.7232259646827992,0.8497246262774671,0,0,0,38080.48081546757,42157.0,6771.0
1248,24464.0,0.7232259646827992,0.8143194335158621,0,0,0,38080.48081546757,42157.0,6771.0
1249,24464.0,0.7232259646827992,0.7789142407542571,0,0,0,38080.48081546757,42157.0,6771.0
1250,24464.0,0.7232259646827992,0.743509047992652,0,0,0,38080.48081546757,42157.0,6771.0
1251,24464.0,0.7232259646827992,0.708103855231047,0,0,0,38080.48081546757,42157.0,6771.0
1252,24464.0,0.7232259646827992,0.672698662469442,0,0,0,38080.48081546757,42157.0,6771.0
1253,24464.0,0.7232259646827992,0.637293469707837,0,0,0,38080.48081546757,42157.0,6771.0
1254,24464.0,0.7232259646827992,0.6018882769462319,0,0,0,38080.48081546757,42157.0,6771.0
1255,24464.0,0.7232259646827992,0.5664830841846269,0,0,0,38080.48081546757,42157.0,6771.0
1256,24464.0,0.7232259646827992,0.5310778914230219,0,0,0,38080.48081546757,42157.0,6771.0
1257,24464.0,0.7232259646827992,0.49567269866141683,0,0,0,38080.48081546757,42157.0,6771.0
1258,24464.0,0.7232259646827992,0.4602675058998118,0,0,0,38080.48081546757,42157.0,6771.0
1259,24464.0,0.7232259646827992,0.42486231313820677,0,0,0,38080.48081546757,42157.0,6771.0
1260,24464.0,0.7232259646827992,0.38945712037660174,0,0,0,38080.48081546757,42157.0,6771.0
1261,24464.0,0.7232259646827992,0.3540519276149967,0,0,0,38080.48081546757,42157.0,6771.0
1262,24464.0,0.7232259646827992,0.3186467348533917,0,0,0,38080.48081546757,42157.0,6771.0
1263,24464.0,0.7232259646827992,0.28324154209178665,0,0,0,38080.48081546757,42157.0,6771.0
1264,24464.0,0.7232259646827992,0.24783634933018162,0,0,0,38080.48081546757,42157.0,6771.0
1265,24464.0,0.7232259646827992,0.21243115656857658,0,0,0,38080.48081546757,42157.0,6771.0
1266,24464.0,0.7232259646827992,0.17702596380697155,0,0,0,38080.48081546757,42157.0,6771.0
1267,24464.0,0.7232259646827992,0.14162077104536652,0,0,0,38080.48081546757,42157.0,6771.0
1268,24464.0,0.7232259646827992,0.10621557828376149,0,0,0,38080.48081546757,42157.0,6771.0
1269,24464.0,0.7232259646827992,0.07081038552215646,0,0,0,38080.48081546757,42157.0,6771.0
1270,24464.0,0.7232259646827992,0.03540519276055142,0,0,0,38080.48081546757,42157.0,6771.0
1271,24464.0,0.7232259646827992,-1.0536155281570814e-12,0,0,0,38080.48081546757,42157.0,6771.0
1272,24468.8603169809,0.7228836755729029,-1.0536155281570814e-12,0,0,0,38091.82967910188,42157.0,6780.720633961801
1273,24473.725570899926,0.7225411749376678,-1.0536155281570814e-12,0,0,0,38103.191199412504,42157.0,6790.451141799849
1274,24478.595766495255,0.7221984627770937,-1.0536155281570814e-12,0,0,0,38114.56539079177,42157.0,6800.19153299051
1275,24483.470908512478,0.7218555390911809,-1.0536155281570814e-12,0,0,0,38125.95226765657,42157.0,6809.941817024957
1276,24488.35100170461,0.7215124038799301,-1.0536155281570814e-12,0,0,0,38137.351844448385,42157.0,6819.702003409223
1277,24493.236050832125,0.7211690571433402,-1.0536155281570814e-12,0,0,0,38148.76413563341,42157.0,6829.472101664252
1278,24498.12606066293,0.7208254988814118,-1.0536155281570814e-12,0,0,0,38160.1891557025,42157.0,6839.252121325858
1279,24503.021035972408,0.7204817290941443,-1.0536155281570814e-12,0,0,0,38171.62691917129,42157.0,6849.042071944816
1280,24507.920981543415,0.7201377477815385,-1.0536155281570814e-12,0,0,0,38183.07744058021,42157.0,6858.8419630868275
1281,24512.825902166307,0.7197935549435939,-1.0536155281570814e-12,0,0,0,38194.54073449453,42157.0,6868.651804332612
1282,24517.735802638945,0.7194491505803104,-1.0536155281570814e-12,0,0,0,38206.01681550443,42157.0,6878.47160527789
1283,24522.65068776671,0.7191045346916884,-1.0536155281570814e-12,0,0,0,38217.50569822507,42157.0,6888.301375533416
1284,24527.57056236251,0.7187597072777276,-1.0536155281570814e-12,0,0,0,38229.00739729658,42157.0,6898.141124725023
1285,24532.49543124681,0.7184146683384285,-1.0536155281570814e-12,0,0,0,38240.52192738412,42157.0,6907.9908624936215
1286,24537.42529924764,0.7180694178737901,-1.0536155281570814e-12,0,0,0,38252.04930317801,42157.0,6917.850598495277
1287,24542.360171200577,0.7177239558838135,-1.0536155281570814e-12,0,0,0,38263.58953939365,42157.0,6927.720342401151
1288,24547.300051948816,0.717378282368498,-1.0536155281570814e-12,0,0,0,38275.1426507717,42157.0,6937.600103897633
1289,24552.24494634314,0.7170323973278439,-1.0536155281570814e-12,0,0,0,38286.708652078014,42157.0,6947.48989268628
1290,24557.194859241943,0.7166863007618511,-1.0536155281570814e-12,0,0,0,38298.28755810377,42157.0,6957.389718483887
1291,24562.149795511257,0.7163399926705198,-1.0536155281570814e-12,0,0,0,38309.879383665495,42157.0,6967.299591022513
1292,24567.109760024756,0.7159934730538493,-1.0536155281570814e-12,0,0,0,38321.48414360511,42157.0,6977.2195200495125
1293,24572.074757663755,0.7156467419118406,-1.0536155281570814e-12,0,0,0,38333.101852789965,42157.0,6987.149515327508
1294,24577.044793317255,0.7152997992444932,-1.0536155281570814e-12,0,0,0,38344.73252611294,42157.0,6997.089586634506
1295,24582.019871881934,0.7149526450518069,-1.0536155281570814e-12,0,0,0,38356.37617849242,42157.0,7007.039743763866
1296,24586.999998262167,0.714605279333782,-1.0536155281570814e-12,0,0,0,38368.03282487243,42157.0,7016.999996524332
1297,24591.985177370047,0.7142577020904182,-1.0536155281570814e-12,0,0,0,38379.70248022265,42157.0,7026.970354740092
1298,24596.975414125376,0.7139099133217159,-1.0536155281570814e-12,0,0,0,38391.385159538404,42157.0,7036.95082825075
1299,24601.97071345571,0.7135619130276749,-1.0536155281570814e-12,0,0,0,38403.0808778408,42157.0,7046.941426911421
1300,24606.971080296356,0.7132137012082951,-1.0536155281570814e-12,0,0,0,38414.789650176775,42157.0,7056.942160592713
1301,24611.97651959038,0.7128652778635767,-1.0536155281570814e-12,0,0,0,38426.51149161906,42157.0,7066.953039180758
1302,24616.98703628863,0.7125166429935199,-1.0536155281570814e-12,0,0,0,38438.24641726634,42157.0,7076.974072577256
1303,24622.00263534976,0.7121677965981239,-1.0536155281570814e-12,0,0,0,38449.99444224324,42157.0,7087.005270699521
1304,24627.02332174022,0.7118187386773895,-1.0536155281570814e-12,0,0,0,38461.75558170037,42157.0,7097.04664348044
1305,24632.049100434284,0.7114694692313168,-1.0536155281570814e-12,0,0,0,38473.52985081441,42157.0,7107.098200868569
1306,24637.079976414083,0.7111199882599049,-1.0536155281570814e-12,0,0,0,38485.31726478821,42157.0,7117.159952828163
1307,24642.115954669564,0.7107702957631545,-1.0536155281570814e-12,0,0,0,38497.117838850674,42157.0,7127.231909339129
1308,24647.157040198577,0.710420391741065,-1.0536155281570814e-12,0,0,0,38508.93158825703,42157.0,7137.314080397156
1309,24652.20323800682,0.7100702761936373,-1.0536155281570814e-12,0,0,0,38520.75852828866,42157.0,7147.406476013638
1310,24657.254553107898,0.709719949120871,-1.0536155281570814e-12,0,0,0,38532.59867425334,42157.0,7157.509106215796
1311,24662.310990523336,0.7093694105227657,-1.0536155281570814e-12,0,0,0,38544.45204148522,42157.0,7167.621981046671
1312,24667.372555282564,0.7090186603993216,-1.0536155281570814e-12,0,0,0,38556.31864534485,42157.0,7177.74511056513
1313,24672.43925242295,0.7086676987505394,-1.0536155281570814e-12,0,0,0,38568.19850121924,42157.0,7187.8785048459
1314,24677.51108698983,0.7083165255764179,-1.0536155281570814e-12,0,0,0,38580.09162452196,42157.0,7198.0221739796625
1315,24682.58806403649,0.7079651408769578,-1.0536155281570814e-12,0,0,0,38591.99803069316,42157.0,7208.176128072978
1316,24687.670188624194,0.7076135446521592,-1.0536155281570814e-12,0,0,0,38603.9177351996,42157.0,7218.340377248388
1317,24692.75746582221,0.707261736902022,-1.0536155281570814e-12,0,0,0,38615.85075353473,42157.0,7228.514931644423
1318,24697.849900707817,0.7069097176265462,-1.0536155281570814e-12,0,0,0,38627.797101218785,42157.0,7238.6998014156325
1319,24702.947498366313,0.7065574868257312,-1.0536155281570814e-12,0,0,0,38639.75679379875,42157.0,7248.894996732628
1320,24708.05026389103,0.7062050444995778,-1.0536155281570814e-12,0,0,0,38651.72984684847,42157.0,7259.10052778206
1321,24713.158202383354,0.705852390648086,-1.0536155281570814e-12,0,0,0,38663.71627596868,42157.0,7269.316404766708
1322,24718.27131895275,0.7054995252712553,-1.0536155281570814e-12,0,0,0,38675.71609678711,42157.0,7279.5426379055
1323,24723.389618716756,0.7051464483690857,-1.0536155281570814e-12,0,0,0,38687.72932495847,42157.0,7289.779237433512
1324,24728.513106801,0.7047931599415778,-1.0536155281570814e-12,0,0,0,38699.75597616451,42157.0,7300.026213602001
1325,24733.641788339242,0.7044396599887308,-1.0536155281570814e-12,0,0,0,38711.796066114155,42157.0,7310.283576678483
1326,24738.775668473347,0.7040859485105453,-1.0536155281570814e-12,0,0,0,38723.84961054347,42157.0,7320.551336946692
1327,24743.91475235333,0.7037320255070212,-1.0536155281570814e-12,0,0,0,38735.916625215716,42157.0,7330.829504706658
1328,24749.059045137365,0.7033778909781585,-1.0536155281570814e-12,0,0,0,38747.997125921494,42157.0,7341.118090274727
1329,24754.208551991796,0.703023544923957,-1.0536155281570814e-12,0,0,0,38760.091128478714,42157.0,7351.417103983591
1330,24759.363278091158,0.7026689873444163,-1.0536155281570814e-12,0,0,0,38772.198648732694,42157.0,7361.726556182316
1331,24764.523228618167,0.7023142182395374,-1.0536155281570814e-12,0,0,0,38784.319702556146,42157.0,7372.0464572363335
1332,24769.68840876377,0.7019592376093202,-1.0536155281570814e-12,0,0,0,38796.45430584932,42157.0,7382.376817527538
1333,24774.85882372715,0.701604045453764,-1.0536155281570814e-12,0,0,0,38808.60247454004,42157.0,7392.717647454301
1334,24780.034478715734,0.7012486417728687,-1.0536155281570814e-12,0,0,0,38820.764224583734,42157.0,7403.068957431468
1335,24785.215378945195,0.7008930265666351,-1.0536155281570814e-12,0,0,0,38832.939571963456,42157.0,7413.430757890387
1336,24790.401529639494,0.7005371998350627,-1.0536155281570814e-12,0,0,0,38845.12853269002,42157.0,7423.803059278988
1337,24795.59293603088,0.7001811615781519,-1.0536155281570814e-12,0,0,0,38857.331122802,42157.0,7434.18587206176
1338,24800.789603359917,0.6998249117959021,-1.0536155281570814e-12,0,0,0,38869.54735836583,42157.0,7444.579206719837
1339,24805.99153687548,0.6994684504883137,-1.0536155281570814e-12,0,0,0,38881.77725547582,42157.0,7454.983073750964
1340,24811.19874183479,0.6991117776553866,-1.0536155281570814e-12,0,0,0,38894.020830254216,42157.0,7465.397483669579
1341,24816.411223503408,0.6987548932971206,-1.0536155281570814e-12,0,0,0,38906.278098851275,42157.0,7475.822447006818
1342,24821.62898715527,0.6983977974135163,-1.0536155281570814e-12,0,0,0,38918.549077445314,42157.0,7486.257974310541
1343,24826.852038072695,0.6980404900045734,-1.0536155281570814e-12,0,0,0,38930.83378224277,42157.0,7496.70407614539
1344,24832.080381546406,0.6976829710702914,-1.0536155281570814e-12,0,0,0,38943.13222947826,42157.0,7507.160763092814
1345,24837.31402287553,0.6973252406106709,-1.0536155281570814e-12,0,0,0,38955.4444354146,42157.0,7517.62804575106
1346,24842.552967367625,0.6969672986257118,-1.0536155281570814e-12,0,0,0,38967.77041634294,42157.0,7528.10593473525
1347,24847.797220338703,0.6966091451154137,-1.0536155281570814e-12,0,0,0,38980.11018858272,42157.0,7538.594440677406
1348,24853.04678711322,0.6962507800797773,-1.0536155281570814e-12,0,0,0,38992.46376848182,42157.0,7549.093574226439
1349,24858.301673024118,0.6958922035188022,-1.0536155281570814e-12,0,0,0,39004.83117241657,42157.0,7559.603346048237
1350,24863.56188341284,0.6955334154324881,-1.0536155281570814e-12,0,0,0,39017.212416791815,42157.0,7570.12376682568
1351,24868.827423629315,0.6951744158208357,-1.0536155281570814e-12,0,0,0,39029.60751804096,42157.0,7580.654847258626
1352,24874.09829903201,0.6948152046838443,-1.0536155281570814e-12,0,0,0,39042.016492626084,42157.0,7591.196598064022
1353,24879.37451498793,0.6944557820215143,-1.0536155281570814e-12,0,0,0,39054.439357037896,42157.0,7601.749029975855
1354,24884.65607687262,0.6940961478338454,-1.0536155281570814e-12,0,0,0,39066.8761277959,42157.0,7612.312153745242
1355,24889.942990070213,0.6937363021208383,-1.0536155281570814e-12,0,0,0,39079.32682144839,42157.0,7622.885980140423
1356,24895.23525997342,0.693376244882492,-1.0536155281570814e-12,0,0,0,39091.79145457252,42157.0,7633.470519946839
1357,24900.53289198355,0.6930159761188075,-1.0536155281570814e-12,0,0,0,39104.27004377438,42157.0,7644.065783967097
1358,24905.83589151054,0.6926554958297839,-1.0536155281570814e-12,0,0,0,39116.76260568904,42157.0,7654.671783021078
1359,24911.14426397295,0.6922948040154218,-1.0536155281570814e-12,0,0,0,39129.269156980605,42157.0,7665.288527945899
1360,24916.458014797994,0.691933900675721,-1.0536155281570814e-12,0,0,0,39141.78971434227,42157.0,7675.9160295959855
1361,24921.777149421552,0.6915727858106815,-1.0536155281570814e-12,0,0,0,39154.32429449641,42157.0,7686.554298843104
1362,24927.101673288184,0.6912114594203036,-1.0536155281570814e-12,0,0,0,39166.8729141946,42157.0,7697.203346576366
1363,24932.431591851153,0.6908499215045867,-1.0536155281570814e-12,0,0,0,39179.43559021773,42157.0,7707.863183702307
1364,24937.766910572434,0.690488172063531,-1.0536155281570814e-12,0,0,0,39192.01233937599,42157.0,7718.533821144866
1365,24943.10763492272,0.6901262110971369,-1.0536155281570814e-12,0,0,0,39204.603178508965,42157.0,7729.215269845436
1366,24948.453770381464,0.689764038605404,-1.0536155281570814e-12,0,0,0,39217.20812448573,42157.0,7739.907540762926
1367,24953.80532243688,0.6894016545883324,-1.0536155281570814e-12,0,0,0,39229.82719420486,42157.0,7750.610644873761
1368,24959.162296585953,0.6890390590459223,-1.0536155281570814e-12,0,0,0,39242.46040459448,42157.0,7761.324593171907
1369,24964.52469833448,0.6886762519781731,-1.0536155281570814e-12,0,0,0,39255.10777261243,42157.0,7772.049396668959
1370,24969.892533197042,0.6883132333850854,-1.0536155281570814e-12,0,0,0,39267.76931524615,42157.0,7782.785066394084
1371,24975.26580669707,0.6879500032666592,-1.0536155281570814e-12,0,0,0,39280.44504951291,42157.0,7793.531613394138
1372,24980.64452436683,0.6875865616228942,-1.0536155281570814e-12,0,0,0,39293.13499245978,42157.0,7804.289048733662
1373,24986.028691747455,0.6872229084537906,-1.0536155281570814e-12,0,0,0,39305.83916116371,42157.0,7815.057383494907
1374,24991.41831438895,0.686859043759348,-1.0536155281570814e-12,0,0,0,39318.55757273159,42157.0,7825.836628777898
1375,24996.81339785021,0.6864949675395671,-1.0536155281570814e-12,0,0,0,39331.29024430032,42157.0,7836.626795700415
1376,25002.21394769904,0.6861306797944475,-1.0536155281570814e-12,0,0,0,39344.03719303684,42157.0,7847.42789539808
1377,25007.619969512194,0.6857661805239887,-1.0536155281570814e-12,0,0,0,39356.79843613827,42157.0,7858.239939024389
1378,25013.031468875335,0.6854014697281918,-1.0536155281570814e-12,0,0,0,39369.57399083186,42157.0,7869.0629377506675
1379,25018.448451383112,0.6850365474070557,-1.0536155281570814e-12,0,0,0,39382.36387437515,42157.0,7879.896902766227
1380,25023.870922639133,0.6846714135605814,-1.0536155281570814e-12,0,0,0,39395.168104055956,42157.0,7890.741845278269
1381,25029.298888256017,0.6843060681887683,-1.0536155281570814e-12,0,0,0,39407.98669719251,42157.0,7901.597776512033
1382,25034.73235385538,0.6839405112916164,-1.0536155281570814e-12,0,0,0,39420.819671133446,42157.0,7912.46470771076
1383,25040.171325067873,0.6835747428691257,-1.0536155281570814e-12,0,0,0,39433.66704325794,42157.0,7923.342650135748
1384,25045.615807533184,0.6832087629212966,-1.0536155281570814e-12,0,0,0,39446.528830975665,42157.0,7934.2316150663655
1385,25051.065806900067,0.6828425714481288,-1.0536155281570814e-12,0,0,0,39459.405051726964,42157.0,7945.131613800133
1386,25056.521328826355,0.6824761684496221,-1.0536155281570814e-12,0,0,0,39472.29572298286,42157.0,7956.042657652711
1387,25061.982378978977,0.6821095539257767,-1.0536155281570814e-12,0,0,0,39485.200862245154,42157.0,7966.964757957952
1388,25067.44896303396,0.6817427278765928,-1.0536155281570814e-12,0,0,0,39498.12048704637,42157.0,7977.897926067919
1389,25072.921086676484,0.68137569030207,-1.0536155281570814e-12,0,0,0,39511.05461495002,42157.0,7988.842173352968
1390,25078.39875560085,0.6810084412022088,-1.0536155281570814e-12,0,0,0,39524.00326355048,42157.0,7999.797511201702
1391,25083.881975510543,0.6806409805770091,-1.0536155281570814e-12,0,0,0,39536.96645047318,42157.0,8010.763951021084
1392,25089.370752118222,0.68027330842647,-1.0536155281570814e-12,0,0,0,39549.94419337458,42157.0,8021.741504236446
1393,25094.865091145737,0.6799054247505927,-1.0536155281570814e-12,0,0,0,39562.936509942294,42157.0,8032.730182291474
1394,25100.36499832416,0.6795373295493765,-1.0536155281570814e-12,0,0,0,39575.943417895134,42157.0,8043.72999664832
1395,25105.870479393794,0.6791690228228215,-1.0536155281570814e-12,0,0,0,39588.96493498316,42157.0,8054.740958787589
1396,25111.381540104183,0.6788005045709284,-1.0536155281570814e-12,0,0,0,39602.00107898775,42157.0,8065.763080208365
1397,25116.89818621416,0.6784317747936961,-1.0536155281570814e-12,0,0,0,39615.05186772171,42157.0,8076.796372428321
1398,25122.42042349182,0.6780628334911252,-1.0536155281570814e-12,0,0,0,39628.117319029276,42157.0,8087.840846983644
1399,25127.94825771457,0.6776936806632157,-1.0536155281570814e-12,0,0,0,39641.197450786196,42157.0,8098.896515429146
1400,25133.48169466914,0.6773243163099676,-1.0536155281570814e-12,0,0,0,39654.292280899805,42157.0,8109.963389338279
1401,25139.020740151587,0.6769547404313807,-1.0536155281570814e-12,0,0,0,39667.40182730912,42157.0,8121.041480303174
1402,25144.56539996733,0.676584953027455,-1.0536155281570814e-12,0,0,0,39680.526107984835,42157.0,8132.130799934664
1403,25150.11567993116,0.6762149540981908,-1.0536155281570814e-12,0,0,0,39693.66514092946,42157.0,8143.231359862323
1404,25155.671585867254,0.6758447436435879,-1.0536155281570814e-12,0,0,0,39706.818944177314,42157.0,8154.343171734511
1405,25161.233123609203,0.6754743216636463,-1.0536155281570814e-12,0,0,0,39719.987535794666,42157.0,8165.466247218408
1406,25166.80029900002,0.6751036881583659,-1.0536155281570814e-12,0,0,0,39733.17093387975,42157.0,8176.600598000042
1407,25172.373117892155,0.6747328431277471,-1.0536155281570814e-12,0,0,0,39746.36915656284,42157.0,8187.746235784311
1408,25177.95158614753,0.6743617865717895,-1.0536155281570814e-12,0,0,0,39759.58222200633,42157.0,8198.903172295062
1409,25183.535709637545,0.6739905184904931,-1.0536155281570814e-12,0,0,0,39772.810148404795,42157.0,8210.07141927509
1410,25189.12549424309,0.6736190388838579,-1.0536155281570814e-12,0,0,0,39786.05295398507,42157.0,8221.250988486177
1411,25194.72094585457,0.6732473477518841,-1.0536155281570814e-12,0,0,0,39799.31065700627,42157.0,8232.441891709139
1412,25200.32207037193,0.6728754450945715,-1.0536155281570814e-12,0,0,0,39812.58327575991,42157.0,8243.644140743863
1413,25205.92887370466,0.6725033309119206,-1.0536155281570814e-12,0,0,0,39825.87082856995,42157.0,8254.85774740932
1414,25211.541361771826,0.6721310052039307,-1.0536155281570814e-12,0,0,0,39839.173333792874,42157.0,8266.082723543654
1415,25217.159540502074,0.6717584679706021,-1.0536155281570814e-12,0,0,0,39852.49080981775,42157.0,8277.319081004149
1416,25222.78341583365,0.6713857192119352,-1.0536155281570814e-12,0,0,0,39865.82327506626,42157.0,8288.566831667304
1417,25228.412993714446,0.6710127589279293,-1.0536155281570814e-12,0,0,0,39879.17074799286,42157.0,8299.825987428894
1418,25234.048280101975,0.6706395871185848,-1.0536155281570814e-12,0,0,0,39892.53324708475,42157.0,8311.09656020395
1419,25239.68928096342,0.6702662037839016,-1.0536155281570814e-12,0,0,0,39905.91079086203,42157.0,8322.378561926836
1420,25245.33600227563,0.6698926089238797,-1.0536155281570814e-12,0,0,0,39919.303397877666,42157.0,8333.672004551261
1421,25250.988450025172,0.669518802538519,-1.0536155281570814e-12,0,0,0,39932.71108671766,42157.0,8344.976900050344
1422,25256.64663020831,0.6691447846278198,-1.0536155281570814e-12,0,0,0,39946.13387600106,42157.0,8356.29326041662
1423,25262.31054883105,0.668770555191782,-1.0536155281570814e-12,0,0,0,39959.57178438005,42157.0,8367.621097662099
1424,25267.980211909155,0.6683961142304051,-1.0536155281570814e-12,0,0,0,39973.024830540024,42157.0,8378.960423818307
1425,25273.65562546814,0.6680214617436899,-1.0536155281570814e-12,0,0,0,39986.4930331996,42157.0,8390.311250936282
1426,25279.33679554334,0.6676465977316357,-1.0536155281570814e-12,0,0,0,39999.97641111081,42157.0,8401.67359108668
1427,25285.023728179865,0.6672715221942431,-1.0536155281570814e-12,0,0,0,40013.474983059015,42157.0,8413.04745635973
1428,25290.71642943268,0.6668962351315115,-1.0536155281570814e-12,0,0,0,40026.98876786311,42157.0,8424.43285886536
1429,25296.414905366575,0.6665207365434416,-1.0536155281570814e-12,0,0,0,40040.51778437552,42157.0,8435.829810733152
1430,25302.119162056217,0.666145026430033,-1.0536155281570814e-12,0,0,0,40054.06205148229,42157.0,8447.238324112433
1431,25307.829205586157,0.6657691047912855,-1.0536155281570814e-12,0,0,0,40067.62158810315,42157.0,8458.658411172311
1432,25313.54504205084,0.6653929716271991,-1.0536155281570814e-12,0,0,0,40081.19641319161,42157.0,8470.090084101677
1433,25319.266677554628,0.6650166269377746,-1.0536155281570814e-12,0,0,0,40094.78654573497,42157.0,8481.533355109254
1434,25324.994118211845,0.6646400707230109,-1.0536155281570814e-12,0,0,0,40108.39200475449,42157.0,8492.98823642369
1435,25330.727370146753,0.6642633029829086,-1.0536155281570814e-12,0,0,0,40122.012809305335,42157.0,8504.454740293506
1436,25336.466439493593,0.6638863237174679,-1.0536155281570814e-12,0,0,0,40135.648978476755,42157.0,8515.932878987187
1437,25342.211332396622,0.6635091329266882,-1.0536155281570814e-12,0,0,0,40149.30053139214,42157.0,8527.422664793246
1438,25347.96205501009,0.6631317306105702,-1.0536155281570814e-12,0,0,0,40162.96748720901,42157.0,8538.924110020185
1439,25353.71861349831,0.6627541167691129,-1.0536155281570814e-12,0,0,0,40176.6498651192,42157.0,8550.43722699662
1440,25359.48101403561,0.6623762914023175,-1.0536155281570814e-12,0,0,0,40190.34768434882,42157.0,8561.96202807122
1441,25365.249262806432,0.6619982545101832,-1.0536155281570814e-12,0,0,0,40204.06096415844,42157.0,8573.498525612862
1442,25371.023366005287,0.6616200060927102,-1.0536155281570814e-12,0,0,0,40217.78972384305,42157.0,8585.046732010576
1443,25376.803329836814,0.6612415461498984,-1.0536155281570814e-12,0,0,0,40231.53398273226,42157.0,8596.60665967363
1444,25382.58916051577,0.660862874681748,-1.0536155281570814e-12,0,0,0,40245.29376019023,42157.0,8608.178321031543
1445,25388.38086426707,0.6604839916882592,-1.0536155281570814e-12,0,0,0,40259.069075615844,42157.0,8619.761728534138
1446,25394.17844732581,0.6601048971694312,-1.0536155281570814e-12,0,0,0,40272.85994844279,42157.0,8631.356894651619
1447,25399.981915937253,0.6597255911252651,-1.0536155281570814e-12,0,0,0,40286.666398139525,42157.0,8642.963831874506
1448,25405.7912763569,0.6593460735557599,-1.0536155281570814e-12,0,0,0,40300.48844420949,42157.0,8654.5825527138
1449,25411.606534850464,0.6589663444609162,-1.0536155281570814e-12,0,0,0,40314.32610619107,42157.0,8666.213069700925
1450,25417.427697693907,0.6585864038407339,-1.0536155281570814e-12,0,0,0,40328.17940365773,42157.0,8677.855395387813
1451,25423.254771173477,0.6582062516952125,-1.0536155281570814e-12,0,0,0,40342.04835621807,42157.0,8689.509542346956
1452,25429.08776158569,0.6578258880243528,-1.0536155281570814e-12,0,0,0,40355.93298351589,42157.0,8701.175523171381
1453,25434.92667523739,0.6574453128281541,-1.0536155281570814e-12,0,0,0,40369.83330523032,42157.0,8712.853350474783
1454,25440.771518445734,0.657064526106617,-1.0536155281570814e-12,0,0,0,40383.749341075774,42157.0,8724.543036891468
1455,25446.62229753824,0.6566835278597409,-1.0536155281570814e-12,0,0,0,40397.68111080217,42157.0,8736.244595076483
1456,25452.479018852784,0.6563023180875265,-1.0536155281570814e-12,0,0,0,40411.62863419491,42157.0,8747.95803770557
1457,25458.341688737644,0.6559208967899732,-1.0536155281570814e-12,0,0,0,40425.591931074974,42157.0,8759.683377475287
1458,25464.210313551495,0.6555392639670812,-1.0536155281570814e-12,0,0,0,40439.57102129901,42157.0,8771.42062710299
1459,25470.084899663445,0.6551574196188505,-1.0536155281570814e-12,0,0,0,40453.565924759394,42157.0,8783.169799326892
1460,25475.965453453056,0.6547753637452813,-1.0536155281570814e-12,0,0,0,40467.57666138436,42157.0,8794.930906906111
1461,25481.851981310352,0.6543930963463733,-1.0536155281570814e-12,0,0,0,40481.60325113795,42157.0,8806.703962620702
1462,25487.744489635854,0.6540106174221265,-1.0536155281570814e-12,0,0,0,40495.64571402026,42157.0,8818.488979271706
1463,25493.642984840582,0.6536279269725411,-1.0536155281570814e-12,0,0,0,40509.704070067346,42157.0,8830.285969681167
1464,25499.547473346098,0.6532450249976174,-1.0536155281570814e-12,0,0,0,40523.77833935143,42157.0,8842.094946692196
1465,25505.457961584518,0.6528619114973544,-1.0536155281570814e-12,0,0,0,40537.86854198095,42157.0,8853.915923169034
1466,25511.374455998506,0.652478586471753,-1.0536155281570814e-12,0,0,0,40551.97469810052,42157.0,8865.748911997012
1467,25517.296963041346,0.6520950499208129,-1.0536155281570814e-12,0,0,0,40566.096827891226,42157.0,8877.593926082693
1468,25523.22548917692,0.651711301844534,-1.0536155281570814e-12,0,0,0,40580.2349515705,42157.0,8889.450978353836
1469,25529.160040879735,0.6513273422429167,-1.0536155281570814e-12,0,0,0,40594.38908939228,42157.0,8901.320081759468
1470,25535.10062463497,0.6509431711159603,-1.0536155281570814e-12,0,0,0,40608.559261647126,42157.0,8913.201249269943
1471,25541.047246938473,0.6505587884636652,-1.0536155281570814e-12,0,0,0,40622.74548866224,42157.0,8925.094493876948
1472,25546.999914296768,0.6501741942860322,-1.0536155281570814e-12,0,0,0,40636.94779080153,42157.0,8936.999828593534
1473,25552.958633227125,0.6497893885830599,-1.0536155281570814e-12,0,0,0,40651.16618846578,42157.0,8948.91726645425
1474,25558.923410257536,0.6494043713547486,-1.0536155281570814e-12,0,0,0,40665.40070209264,42157.0,8960.846820515073
1475,25564.894251926737,0.6490191426010994,-1.0536155281570814e-12,0,0,0,40679.651352156696,42157.0,8972.788503853471
1476,25570.87116478427,0.6486337023221109,-1.0536155281570814e-12,0,0,0,40693.91815916966,42157.0,8984.742329568538
1477,25576.854155390454,0.6482480505177841,-1.0536155281570814e-12,0,0,0,40708.20114368033,42157.0,8996.708310780907
1478,25582.843230316445,0.6478621871881183,-1.0536155281570814e-12,0,0,0,40722.50032627472,42157.0,9008.686460632887
1479,25588.838396144227,0.6474761123331136,-1.0536155281570814e-12,0,0,0,40736.81572757614,42157.0,9020.676792288456
1480,25594.83965946665,0.6470898259527709,-1.0536155281570814e-12,0,0,0,40751.14736824526,42157.0,9032.679318933298
1481,25600.84702688745,0.6467033280470893,-1.0536155281570814e-12,0,0,0,40765.49526898022,42157.0,9044.694053774905
1482,25606.860505021286,0.6463166186160687,-1.0536155281570814e-12,0,0,0,40779.859450516706,42157.0,9056.721010042571
1483,25612.880100493705,0.6459296976597098,-1.0536155281570814e-12,0,0,0,40794.23993362796,42157.0,9068.76020098741
1484,25618.905819941236,0.645542565178012,-1.0536155281570814e-12,0,0,0,40808.63673912496,42157.0,9080.81163988247
1485,25624.93767001136,0.6451552211709755,-1.0536155281570814e-12,0,0,0,40823.04988785646,42157.0,9092.875340022722
1486,25630.975657362553,0.6447676656386006,-1.0536155281570814e-12,0,0,0,40837.47940070903,42157.0,9104.951314725104
1487,25637.019788664307,0.6443798985808868,-1.0536155281570814e-12,0,0,0,40851.92529860722,42157.0,9117.039577328613
1488,25643.070070597147,0.6439919199978341,-1.0536155281570814e-12,0,0,0,40866.38760251358,42157.0,9129.140141194295
1489,25649.12650985265,0.6436037298894428,-1.0536155281570814e-12,0,0,0,40880.866333428756,42157.0,9141.253019705298
1490,25655.189113133463,0.6432153282557131,-1.0536155281570814e-12,0,0,0,40895.36151239156,42157.0,9153.378226266925
1491,25661.25788715335,0.6428267150966445,-1.0536155281570814e-12,0,0,0,40909.87316047909,42157.0,9165.515774306703
1492,25667.33283863719,0.642437890412237,-1.0536155281570814e-12,0,0,0,40924.4012988068,42157.0,9177.665677274379
1493,25673.413974320985,0.6420488542024911,-1.0536155281570814e-12,0,0,0,40938.94594852851,42157.0,9189.827948641972
1494,25679.50130095193,0.6416596064674065,-1.0536155281570814e-12,0,0,0,40953.507130836646,42157.0,9202.002601903861
1495,25685.59482528839,0.641270147206983,-1.0536155281570814e-12,0,0,0,40968.08486696215,42157.0,9214.189650576782
1496,25691.694554099937,0.6408804764212213,-1.0536155281570814e-12,0,0,0,40982.67917817465,42157.0,9226.389108199874
1497,25697.800494167383,0.6404905941101207,-1.0536155281570814e-12,0,0,0,40997.29008578258,42157.0,9238.600988334763
1498,25703.912652282783,0.6401005002736813,-1.0536155281570814e-12,0,0,0,41011.917611133176,42157.0,9250.825304565567
1499,25710.031035249478,0.6397101949119031,-1.0536155281570814e-12,0,0,0,41026.56177561262,42157.0,9263.062070498958
1500,25716.15564988209,0.6393196780247865,-1.0536155281570814e-12,0,0,0,41041.222600646106,42157.0,9275.311299764178
1501,25722.286503006573,0.6389289496123309,-1.0536155281570814e-12,0,0,0,41055.900107697904,42157.0,9287.573006013146
1502,25728.423601460214,0.638538009674537,-1.0536155281570814e-12,0,0,0,41070.59431827148,42157.0,9299.847202920426
1503,25734.56695209167,0.638146858211404,-1.0536155281570814e-12,0,0,0,41085.305253909566,42157.0,9312.133904183343
1504,25740.716561760983,0.6377554952229325,-1.0536155281570814e-12,0,0,0,41100.03293619424,42157.0,9324.433123521967
1505,25746.872437339596,0.6373639207091224,-1.0536155281570814e-12,0,0,0,41114.77738674703,42157.0,9336.744874679192
1506,25753.03458571039,0.6369721346699737,-1.0536155281570814e-12,0,0,0,41129.53862722895,42157.0,9349.06917142078
1507,25759.203013767703,0.6365801371054862,-1.0536155281570814e-12,0,0,0,41144.31667934067,42157.0,9361.406027535404
1508,25765.37772841734,0.6361879280156599,-1.0536155281570814e-12,0,0,0,41159.11156482251,42157.0,9373.755456834682
1509,25771.55873657661,0.6357955074004951,-1.0536155281570814e-12,0,0,0,41173.923305454584,42157.0,9386.117473153223
1510,25777.746045174346,0.6354028752599914,-1.0536155281570814e-12,0,0,0,41188.751923056865,42157.0,9398.492090348695
1511,25783.939661150922,0.6350100315941489,-1.0536155281570814e-12,0,0,0,41203.59743948929,42157.0,9410.879322301846
1512,25790.13959145827,0.6346169764029681,-1.0536155281570814e-12,0,0,0,41218.459876651825,42157.0,9423.279182916544
1513,25796.345843059935,0.6342237096864485,-1.0536155281570814e-12,0,0,0,41233.339256484556,42157.0,9435.691686119868
1514,25802.55842293105,0.6338302314445903,-1.0536155281570814e-12,0,0,0,41248.23560096779,42157.0,9448.116845862101
1515,25808.777338058408,0.633436541677393,-1.0536155281570814e-12,0,0,0,41263.14893212213,42157.0,9460.554676116815
1516,25815.002595440437,0.6330426403848575,-1.0536155281570814e-12,0,0,0,41278.07927200856,42157.0,9473.005190880875
1517,25821.234202087267,0.6326485275669831,-1.0536155281570814e-12,0,0,0,41293.026642728546,42157.0,9485.468404174535
1518,25827.472165020725,0.6322542032237699,-1.0536155281570814e-12,0,0,0,41307.99106642412,42157.0,9497.944330041451
1519,25833.716491274365,0.6318596673552181,-1.0536155281570814e-12,0,0,0,41322.97256527796,42157.0,9510.432982548731
1520,25839.967187893493,0.631464919961328,-1.0536155281570814e-12,0,0,0,41337.971161513466,42157.0,9522.934375786986
1521,25846.224261935207,0.6310699610420984,-1.0536155281570814e-12,0,0,0,41352.98687739493,42157.0,9535.448523870416
1522,25852.487720468373,0.6306747905975307,-1.0536155281570814e-12,0,0,0,41368.01973522746,42157.0,9547.975440936747
1523,25858.7575705737,0.6302794086276244,-1.0536155281570814e-12,0,0,0,41383.06975735726,42157.0,9560.515141147402
1524,25865.033819343746,0.6298838151323793,-1.0536155281570814e-12,0,0,0,41398.136966171594,42157.0,9573.06763868749
1525,25871.31647388293,0.6294880101117952,-1.0536155281570814e-12,0,0,0,41413.22138409892,42157.0,9585.632947765858
1526,25877.605541307556,0.6290919935658728,-1.0536155281570814e-12,0,0,0,41428.323033608955,42157.0,9598.21108261511
1527,25883.901028745862,0.6286957654946113,-1.0536155281570814e-12,0,0,0,41443.4419372128,42157.0,9610.802057491726
1528,25890.202943338012,0.6282993258980116,-1.0536155281570814e-12,0,0,0,41458.578117463,42157.0,9623.405886676022
1529,25896.511292236148,0.6279026747760728,-1.0536155281570814e-12,0,0,0,41473.73159695368,42157.0,9636.022584472299
1530,25902.826082604384,0.6275058121287957,-1.0536155281570814e-12,0,0,0,41488.902398320555,42157.0,9648.652165208767
1531,25909.147321618864,0.6271087379561795,-1.0536155281570814e-12,0,0,0,41504.090544241095,42157.0,9661.29464323773
1532,25915.47501646775,0.6267114522582249,-1.0536155281570814e-12,0,0,0,41519.2960574346,42157.0,9673.950032935501
1533,25921.809174351274,0.6263139550349317,-1.0536155281570814e-12,0,0,0,41534.518960662244,42157.0,9686.61834870255
1534,25928.14980248176,0.6259162462862995,-1.0536155281570814e-12,0,0,0,41549.75927672727,42157.0,9699.299604963519
1535,25934.496908083613,0.6255183260123292,-1.0536155281570814e-12,0,0,0,41565.017028474955,42157.0,9711.993816167225
1536,25940.85049839341,0.6251201942130193,-1.0536155281570814e-12,0,0,0,41580.292238792805,42157.0,9724.700996786822
1537,25947.21058065985,0.6247218508883714,-1.0536155281570814e-12,0,0,0,41595.58493061057,42157.0,9737.421161319693
1538,25953.57716214382,0.6243232960383847,-1.0536155281570814e-12,0,0,0,41610.895126900396,42157.0,9750.154324287645
1539,25959.950250118436,0.6239245296630593,-1.0536155281570814e-12,0,0,0,41626.222850676924,42157.0,9762.900500236872
1540,25966.32985186902,0.623525551762395,-1.0536155281570814e-12,0,0,0,41641.568124997306,42157.0,9775.659703738042
1541,25972.715974693154,0.6231263623363921,-1.0536155281570814e-12,0,0,0,41656.93097296137,42157.0,9788.43194938631
1542,25979.108625900702,0.6227269613850503,-1.0536155281570814e-12,0,0,0,41672.311417711695,42157.0,9801.217251801407
1543,25985.507812813827,0.6223273489083703,-1.0536155281570814e-12,0,0,0,41687.70948243369,42157.0,9814.015625627655
1544,25991.913542767026,0.6219275249063514,-1.0536155281570814e-12,0,0,0,41703.12519035572,42157.0,9826.827085534054
1545,25998.325823107145,0.6215274893789942,-1.0536155281570814e-12,0,0,0,41718.55856474916,42157.0,9839.65164621429
1546,26004.744661193417,0.6211272423262979,-1.0536155281570814e-12,0,0,0,41734.00962892854,42157.0,9852.489322386831
1547,26011.17006439747,0.6207267837482626,-1.0536155281570814e-12,0,0,0,41749.478406251576,42157.0,9865.340128794938
1548,26017.602040103353,0.620326113644889,-1.0536155281570814e-12,0,0,0,41764.96492011931,42157.0,9878.204080206704
1549,26024.040595707578,0.6199252320161768,-1.0536155281570814e-12,0,0,0,41780.4691939762,42157.0,9891.081191415155
1550,26030.485738619136,0.6195241388621258,-1.0536155281570814e-12,0,0,0,41795.991251310224,42157.0,9903.97147723827
1551,26036.93747625951,0.6191228341827364,-1.0536155281570814e-12,0,0,0,41811.53111565294,42157.0,9916.874952519018
1552,26043.395816062737,0.6187213179780076,-1.0536155281570814e-12,0,0,0,41827.08881057965,42157.0,9929.791632125472
1553,26049.860765475365,0.6183195902479408,-1.0536155281570814e-12,0,0,0,41842.664359709364,42157.0,9942.721530950728
1554,26056.33233195656,0.617917650992535,-1.0536155281570814e-12,0,0,0,41858.25778670508,42157.0,9955.66466391312
1555,26062.810522978078,0.6175155002117905,-1.0536155281570814e-12,0,0,0,41873.869115273745,42157.0,9968.621045956153
1556,26069.295346024293,0.6171131379057073,-1.0536155281570814e-12,0,0,0,41889.49836916639,42157.0,9981.59069204859
1557,26075.786808592256,0.6167105640742856,-1.0536155281570814e-12,0,0,0,41905.14557217823,42157.0,9994.573617184511
1558,26082.284918191683,0.6163077787175248,-1.0536155281570814e-12,0,0,0,41920.81074814879,42157.0,10007.569836383367
1559,26088.789682344996,0.615904781835426,-1.0536155281570814e-12,0,0,0,41936.49392096194,42157.0,10020.57936468999
1560,26095.30110858736,0.6155015734279881,-1.0536155281570814e-12,0,0,0,41952.195114546055,42157.0,10033.602217174719
1561,26101.81920446669,0.6150981534952114,-1.0536155281570814e-12,0,0,0,41967.91435287409,42157.0,10046.638408933382
1562,26108.343977543682,0.6146945220370965,-1.0536155281570814e-12,0,0,0,41983.65165996364,42157.0,10059.687955087362
1563,26114.875435391852,0.6142906790536424,-1.0536155281570814e-12,0,0,0,41999.40705987714,42157.0,10072.750870783706
1564,26121.413585597544,0.6138866245448498,-1.0536155281570814e-12,0,0,0,42015.18057672184,42157.0,10085.827171195086
1565,26127.95843575996,0.6134823585107183,-1.0536155281570814e-12,0,0,0,42030.972234650006,42157.0,10098.916871519921
1566,26134.509993491192,0.6130778809512485,-1.0536155281570814e-12,0,0,0,42046.78205785895,42157.0,10112.019986982385
1567,26141.068266416256,0.6126731918664396,-1.0536155281570814e-12,0,0,0,42062.610070591196,42157.0,10125.136532832512
1568,26147.633262173087,0.6122682912562925,-1.0536155281570814e-12,0,0,0,42078.45629713449,42157.0,10138.266524346174
1569,26154.204988412606,0.6118631791208065,-1.0536155281570814e-12,0,0,0,42094.32076182201,42157.0,10151.409976825214
1570,26160.783452798718,0.6114578554599819,-1.0536155281570814e-12,0,0,0,42110.2034890324,42157.0,10164.566905597434
1571,26167.368663008347,0.6110523202738183,-1.0536155281570814e-12,0,0,0,42126.104503189854,42157.0,10177.737326016695
1572,26173.960626731456,0.6106465735623166,-1.0536155281570814e-12,0,0,0,42142.02382876428,42157.0,10190.92125346291
1573,26180.559351671098,0.6102406153254756,-1.0536155281570814e-12,0,0,0,42157.96149027135,42157.0,10204.118703342194
1574,26187.1648455434,0.6098344455632962,-1.0536155281570814e-12,0,0,0,42173.917512272616,42157.0,10217.3296910868
1575,26193.777116077636,0.6094280642757781,-1.0536155281570814e-12,0,0,0,42189.89191937565,42157.0,10230.554232155268
1576,26200.396171016215,0.6090214714629214,-1.0536155281570814e-12,0,0,0,42205.88473623408,42157.0,10243.792342032428
1577,26207.02201811474,0.6086146671247257,-1.0536155281570814e-12,0,0,0,42221.89598754776,42157.0,10257.044036229481
1578,26213.654665142007,0.6082076512611914,-1.0536155281570814e-12,0,0,0,42237.92569806278,42157.0,10270.309330284015
1579,26220.294119880047,0.6078004238723185,-1.0536155281570814e-12,0,0,0,42253.9738925717,42157.0,10283.588239760094
1580,26226.940390124153,0.607392984958107,-1.0536155281570814e-12,0,0,0,42270.04059591355,42157.0,10296.880780248304
1581,26233.5934836829,0.606985334518557,-1.0536155281570814e-12,0,0,0,42286.12583297395,42157.0,10310.186967365798
1582,26240.253408378194,0.6065774725536677,-1.0536155281570814e-12,0,0,0,42302.22962868531,42157.0,10323.506816756386
1583,26246.920172045247,0.6061693990634403,-1.0536155281570814e-12,0,0,0,42318.352008026726,42157.0,10336.840344090491
1584,26253.593782532676,0.6057611140478736,-1.0536155281570814e-12,0,0,0,42334.49299602434,42157.0,10350.187565065355
1585,26260.274247702466,0.6053526175069688,-1.0536155281570814e-12,0,0,0,42350.652617751235,42157.0,10363.548495404933
1586,26266.96157543004,0.6049439094407252,-1.0536155281570814e-12,0,0,0,42366.83089832769,42157.0,10376.923150860082
1587,26273.65577360427,0.6045349898491428,-1.0536155281570814e-12,0,0,0,42383.02786292118,42157.0,10390.311547208541
1588,26280.356850127497,0.6041258587322218,-1.0536155281570814e-12,0,0,0,42399.24353674654,42157.0,10403.713700254995
1589,26287.064812915578,0.603716516089962,-1.0536155281570814e-12,0,0,0,42415.47794506605,42157.0,10417.129625831156
1590,26293.779669897896,0.6033069619223634,-1.0536155281570814e-12,0,0,0,42431.73111318956,42157.0,10430.559339795793
1591,26300.50142901739,0.6028971962294265,-1.0536155281570814e-12,0,0,0,42448.00306647455,42157.0,10444.00285803478
1592,26307.230098230604,0.6024872190111505,-1.0536155281570814e-12,0,0,0,42464.293830326314,42157.0,10457.46019646121
1593,26313.965685507683,0.6020770302675362,-1.0536155281570814e-12,0,0,0,42480.603430197996,42157.0,10470.931371015364
1594,26320.70819883242,0.6016666299985831,-1.0536155281570814e-12,0,0,0,42496.93189159073,42157.0,10484.416397664841
1595,26327.45764620229,0.6012560182042912,-1.0536155281570814e-12,0,0,0,42513.27924005375,42157.0,10497.91529240458
1596,26334.214035628458,0.6008451948846605,-1.0536155281570814e-12,0,0,0,42529.64550118451,42157.0,10511.428071256916
1597,26340.97737513581,0.6004341600396914,-1.0536155281570814e-12,0,0,0,42546.03070062872,42157.0,10524.954750271625
1598,26347.747672763016,0.6000229136693835,-1.0536155281570814e-12,0,0,0,42562.43486408057,42157.0,10538.495345526031
1599,26354.524936562502,0.5996114557737371,-1.0536155281570814e-12,0,0,0,42578.85801728275,42157.0,10552.049873125005
1600,26361.30917460053,0.5991997863527516,-1.0536155281570814e-12,0,0,0,42595.300186026594,42157.0,10565.618349201062
1601,26368.100394957186,0.5987879054064278,-1.0536155281570814e-12,0,0,0,42611.76139615217,42157.0,10579.200789914372
1602,26374.898605726437,0.5983758129347652,-1.0536155281570814e-12,0,0,0,42628.241673548444,42157.0,10592.797211452877
1603,26381.70381501615,0.597963508937764,-1.0536155281570814e-12,0,0,0,42644.7410441533,42157.0,10606.4076300323
1604,26388.516030948118,0.5975509934154237,-1.0536155281570814e-12,0,0,0,42661.25953395376,42157.0,10620.032061896236
1605,26395.335261658078,0.5971382663677454,-1.0536155281570814e-12,0,0,0,42677.797168985955,42157.0,10633.670523316156
1606,26402.161515295782,0.5967253277947275,-1.0536155281570814e-12,0,0,0,42694.35397533543,42157.0,10647.323030591566
1607,26408.99480002496,0.5963121776963716,-1.0536155281570814e-12,0,0,0,42710.929979137014,42157.0,10660.989600049923
1608,26415.83512402341,0.595898816072677,-1.0536155281570814e-12,0,0,0,42727.52520657517,42157.0,10674.670248046823
1609,26422.682495483,0.5954852429236435,-1.0536155281570814e-12,0,0,0,42744.13968388395,42157.0,10688.364990966003
1610,26429.536922609692,0.5950714582492713,-1.0536155281570814e-12,0,0,0,42760.77343734716,42157.0,10702.073845219384
1611,26436.398413623578,0.5946574620495604,-1.0536155281570814e-12,0,0,0,42777.42649329848,42157.0,10715.796827247157
1612,26443.26697675891,0.5942432543245111,-1.0536155281570814e-12,0,0,0,42794.098878121535,42157.0,10729.53395351782
1613,26450.142620264138,0.593828835074123,-1.0536155281570814e-12,0,0,0,42810.790618250074,42157.0,10743.285240528274
1614,26457.02535240192,0.5934142042983961,-1.0536155281570814e-12,0,0,0,42827.501740168045,42157.0,10757.050704803843
1615,26463.915181449174,0.5929993619973304,-1.0536155281570814e-12,0,0,0,42844.23227040971,42157.0,10770.830362898349
1616,26470.812115697074,0.5925843081709263,-1.0536155281570814e-12,0,0,0,42860.982235559735,42157.0,10784.62423139415
1617,26477.716163451125,0.5921690428191835,-1.0536155281570814e-12,0,0,0,42877.75166225337,42157.0,10798.43232690225
1618,26484.62733303116,0.5917535659421016,-1.0536155281570814e-12,0,0,0,42894.540577176536,42157.0,10812.25466606232
1619,26491.545632771365,0.5913378775396814,-1.0536155281570814e-12,0,0,0,42911.349007065866,42157.0,10826.091265542731
1620,26498.471071020344,0.5909219776119223,-1.0536155281570814e-12,0,0,0,42928.17697870894,42157.0,10839.942142040689
1621,26505.403656141112,0.5905058661588247,-1.0536155281570814e-12,0,0,0,42945.024518944345,42157.0,10853.807312282224
1622,26512.343396511147,0.5900895431803885,-1.0536155281570814e-12,0,0,0,42961.89165466177,42157.0,10867.686793022294
1623,26519.290300522414,0.5896730086766135,-1.0536155281570814e-12,0,0,0,42978.77841280214,42157.0,10881.580601044827
1624,26526.244376581395,0.5892562626474995,-1.0536155281570814e-12,0,0,0,42995.68482035779,42157.0,10895.488753162792
1625,26533.205633109108,0.5888393050930472,-1.0536155281570814e-12,0,0,0,43012.61090437245,42157.0,10909.411266218216
1626,26540.174078541157,0.5884221360132562,-1.0536155281570814e-12,0,0,0,43029.55669194149,42157.0,10923.348157082315
1627,26547.149721327758,0.5880047554081265,-1.0536155281570814e-12,0,0,0,43046.52221021202,42157.0,10937.299442655518
1628,26554.132569933758,0.5875871632776579,-1.0536155281570814e-12,0,0,0,43063.5074863829,42157.0,10951.265139867517
1629,26561.122632838673,0.5871693596218506,-1.0536155281570814e-12,0,0,0,43080.51254770502,42157.0,10965.245265677348
1630,26568.119918536715,0.5867513444407049,-1.0536155281570814e-12,0,0,0,43097.537421481255,42157.0,10979.239837073426
1631,26575.12443553683,0.5863331177342204,-1.0536155281570814e-12,0,0,0,43114.58213506673,42157.0,10993.248871073656
1632,26582.136192362723,0.5859146795023973,-1.0536155281570814e-12,0,0,0,43131.64671586884,42157.0,11007.272384725442
1633,26589.155197552893,0.5854960297452354,-1.0536155281570814e-12,0,0,0,43148.73119134741,42157.0,11021.310395105784
1634,26596.18145966066,0.5850771684627347,-1.0536155281570814e-12,0,0,0,43165.83558901483,42157.0,11035.362919321318
1635,26603.214987254192,0.5846580956548955,-1.0536155281570814e-12,0,0,0,43182.95993643612,42157.0,11049.429974508383
1636,26610.255788916547,0.5842388113217174,-1.0536155281570814e-12,0,0,0,43200.1042612291,42157.0,11063.511577833095
1637,26617.30387324569,0.583819315463201,-1.0536155281570814e-12,0,0,0,43217.268591064494,42157.0,11077.607746491383
1638,26624.359248854555,0.5833996080793455,-1.0536155281570814e-12,0,0,0,43234.45295366609,42157.0,11091.71849770911
1639,26631.42192437102,0.5829796891701515,-1.0536155281570814e-12,0,0,0,43251.657376810756,42157.0,11105.843848742044
1640,26638.491908438005,0.5825595587356187,-1.0536155281570814e-12,0,0,0,43268.88188832869,42157.0,11119.98381687601
1641,26645.569209713445,0.5821392167757473,-1.0536155281570814e-12,0,0,0,43286.12651610346,42157.0,11134.138419426892
1642,26652.65383687036,0.5817186632905376,-1.0536155281570814e-12,0,0,0,43303.39128807214,42157.0,11148.307673740717
1643,26659.745798596876,0.5812978982799888,-1.0536155281570814e-12,0,0,0,43320.67623222547,42157.0,11162.49159719375
1644,26666.84510359625,0.5808769217441012,-1.0536155281570814e-12,0,0,0,43337.98137660794,42157.0,11176.690207192501
1645,26673.951760586908,0.5804557336828751,-1.0536155281570814e-12,0,0,0,43355.306749317926,42157.0,11190.903521173817
1646,26681.065778302473,0.5800343340963103,-1.0536155281570814e-12,0,0,0,43372.65237850782,42157.0,11205.131556604943
1647,26688.1871654918,0.5796127229844068,-1.0536155281570814e-12,0,0,0,43390.01829238414,42157.0,11219.3743309836
1648,26695.31593091901,0.5791909003471647,-1.0536155281570814e-12,0,0,0,43407.404519207674,42157.0,11233.63186183802
1649,26702.452083363518,0.5787688661845838,-1.0536155281570814e-12,0,0,0,43424.81108729359,42157.0,11247.904166727038
1650,26709.595631620068,0.5783466204966643,-1.0536155281570814e-12,0,0,0,43442.23802501158,42157.0,11262.191263240135
1651,26716.746584498756,0.5779241632834062,-1.0536155281570814e-12,0,0,0,43459.685360785945,42157.0,11276.493168997511
1652,26723.904950825086,0.5775014945448091,-1.0536155281570814e-12,0,0,0,43477.15312309579,42157.0,11290.809901650175
1653,26731.070739439972,0.5770786142808737,-1.0536155281570814e-12,0,0,0,43494.64134047507,42157.0,11305.141478879943
1654,26738.243959199794,0.5766555224915992,-1.0536155281570814e-12,0,0,0,43512.15004151277,42157.0,11319.487918399589
1655,26745.424618976416,0.5762322191769864,-1.0536155281570814e-12,0,0,0,43529.67925485303,42157.0,11333.849237952829
1656,26752.61272765723,0.5758087043370346,-1.0536155281570814e-12,0,0,0,43547.229009195245,42157.0,11348.22545531446
1657,26759.808294145176,0.5753849779717444,-1.0536155281570814e-12,0,0,0,43564.79933329423,42157.0,11362.616588290352
1658,26767.011327358796,0.5749610400811151,-1.0536155281570814e-12,0,0,0,43582.39025596031,42157.0,11377.022654717592
1659,26774.221836232235,0.5745368906651476,-1.0536155281570814e-12,0,0,0,43600.00180605945,42157.0,11391.44367246447
1660,26781.439829715306,0.5741125297238412,-1.0536155281570814e-12,0,0,0,43617.634012513445,42157.0,11405.879659430613
1661,26788.66531677351,0.573687957257196,-1.0536155281570814e-12,0,0,0,43635.28690429997,42157.0,11420.330633547019
1662,26795.898306388055,0.5732631732652123,-1.0536155281570814e-12,0,0,0,43652.96051045275,42157.0,11434.796612776112
1663,26803.13880755592,0.5728381777478899,-1.0536155281570814e-12,0,0,0,43670.6548600617,42157.0,11449.277615111836
1664,26810.386829289855,0.5724129707052288,-1.0536155281570814e-12,0,0,0,43688.36998227303,42157.0,11463.77365857971
1665,26817.642380618443,0.5719875521372291,-1.0536155281570814e-12,0,0,0,43706.105906289355,42157.0,11478.284761236888
1666,26824.905470586124,0.5715619220438906,-1.0536155281570814e-12,0,0,0,43723.86266136992,42157.0,11492.810941172243
1667,26832.17610825321,0.5711360804252132,-1.0536155281570814e-12,0,0,0,43741.64027683063,42157.0,11507.352216506419
1668,26839.454302695944,0.5707100272811976,-1.0536155281570814e-12,0,0,0,43759.4387820442,42157.0,11521.908605391885
1669,26846.740063006528,0.5702837626118431,-1.0536155281570814e-12,0,0,0,43777.25820644035,42157.0,11536.480126013055
1670,26854.033398293155,0.5698572864171496,-1.0536155281570814e-12,0,0,0,43795.098579505866,42157.0,11551.06679658631
1671,26861.334317680026,0.5694305986971178,-1.0536155281570814e-12,0,0,0,43812.959930784775,42157.0,11565.668635360054
1672,26868.642830307417,0.5690036994517471,-1.0536155281570814e-12,0,0,0,43830.84228987846,42157.0,11580.285660614836
1673,26875.95894533169,0.5685765886810374,-1.0536155281570814e-12,0,0,0,43848.74568644583,42157.0,11594.917890663386
1674,26883.28267192532,0.5681492663849899,-1.0536155281570814e-12,0,0,0,43866.67015020334,42157.0,11609.56534385064
1675,26890.614019276967,0.567721732563603,-1.0536155281570814e-12,0,0,0,43884.615710925296,42157.0,11624.228038553934
1676,26897.952996591463,0.5672939872168778,-1.0536155281570814e-12,0,0,0,43902.58239844387,42157.0,11638.905993182923
1677,26905.299613089886,0.5668660303448136,-1.0536155281570814e-12,0,0,0,43920.57024264926,42157.0,11653.599226179773
1678,26912.653878009565,0.5664378619474109,-1.0536155281570814e-12,0,0,0,43938.57927348984,42157.0,11668.307756019132
1679,26920.015800604135,0.5660094820246695,-1.0536155281570814e-12,0,0,0,43956.609520972284,42157.0,11683.03160120827
1680,26927.38539014356,0.5655808905765893,-1.0536155281570814e-12,0,0,0,43974.66101516172,42157.0,11697.770780287125
1681,26934.76265591418,0.5651520876031706,-1.0536155281570814e-12,0,0,0,43992.73378618185,42157.0,11712.525311828362
1682,26942.14760721873,0.564723073104413,-1.0536155281570814e-12,0,0,0,44010.82786421509,42157.0,11727.29521443746
1683,26949.54025337638,0.5642938470803169,-1.0536155281570814e-12,0,0,0,44028.9432795027,42157.0,11742.080506752764
1684,26956.94060372279,0.563864409530882,-1.0536155281570814e-12,0,0,0,44047.08006234495,42157.0,11756.88120744558
1685,26964.348667610106,0.5634347604561087,-1.0536155281570814e-12,0,0,0,44065.2382431012,42157.0,11771.697335220211
1686,26971.764454407043,0.5630048998559962,-1.0536155281570814e-12,0,0,0,44083.41785219014,42157.0,11786.528908814087
1687,26979.18797349887,0.5625748277305456,-1.0536155281570814e-12,0,0,0,44101.618920089815,42157.0,11801.375946997736
1688,26986.61923428749,0.5621445440797559,-1.0536155281570814e-12,0,0,0,44119.84147733784,42157.0,11816.238468574977
1689,26994.058246191442,0.5617140489036279,-1.0536155281570814e-12,0,0,0,44138.08555453149,42157.0,11831.116492382884
1690,27001.50501864597,0.5612833422021608,-1.0536155281570814e-12,0,0,0,44156.35118232791,42157.0,11846.010037291942
1691,27008.959561103024,0.5608524239753552,-1.0536155281570814e-12,0,0,0,44174.63839144419,42157.0,11860.919122206047
1692,27016.421883031315,0.560421294223211,-1.0536155281570814e-12,0,0,0,44192.94721265751,42157.0,11875.843766062628
1693,27023.891993916353,0.5599899529457277,-1.0536155281570814e-12,0,0,0,44211.27767680534,42157.0,11890.783987832707
1694,27031.36990326047,0.5595584001429059,-1.0536155281570814e-12,0,0,0,44229.62981478548,42157.0,11905.739806520944
1695,27038.85562058287,0.5591266358147458,-1.0536155281570814e-12,0,0,0,44248.003657556335,42157.0,11920.711241165742
1696,27046.349155419663,0.5586946599612466,-1.0536155281570814e-12,0,0,0,44266.39923613693,42157.0,11935.698310839325
1697,27053.850517323885,0.558262472582409,-1.0536155281570814e-12,0,0,0,44284.816581607134,42157.0,11950.701034647767
1698,27061.359715865565,0.5578300736782322,-1.0536155281570814e-12,0,0,0,44303.25572510779,42157.0,11965.719431731131
1699,27068.876760631723,0.5573974632487173,-1.0536155281570814e-12,0,0,0,44321.71669784081,42157.0,11980.753521263445
1700,27076.401661226442,0.5569646412938636,-1.0536155281570814e-12,0,0,0,44340.19953106938,42157.0,11995.803322452884
1701,27083.93442727089,0.5565316078136711,-1.0536155281570814e-12,0,0,0,44358.70425611811,42157.0,12010.868854541784
1702,27091.475068403357,0.5560983628081397,-1.0536155281570814e-12,0,0,0,44377.2309043731,42157.0,12025.950136806714
1703,27099.023594279275,0.55566490627727,-1.0536155281570814e-12,0,0,0,44395.77950728214,42157.0,12041.047188558552
1704,27106.5800145713,0.5552312382210614,-1.0536155281570814e-12,0,0,0,44414.350096354894,42157.0,12056.160029142602
1705,27114.144338969298,0.5547973586395141,-1.0536155281570814e-12,0,0,0,44432.94270316296,42157.0,12071.288677938597
1706,27121.716577180414,0.5543632675326282,-1.0536155281570814e-12,0,0,0,44451.55735934007,42157.0,12086.433154360831
1707,27129.296738929104,0.5539289649004038,-1.0536155281570814e-12,0,0,0,44470.19409658226,42157.0,12101.593477858205
1708,27136.884833957163,0.5534944507428405,-1.0536155281570814e-12,0,0,0,44488.85294664794,42157.0,12116.769667914325
1709,27144.48087202377,0.5530597250599387,-1.0536155281570814e-12,0,0,0,44507.533941358095,42157.0,12131.961744047538
1710,27152.084862905536,0.5526247878516977,-1.0536155281570814e-12,0,0,0,44526.23711259648,42157.0,12147.169725811073
1711,27159.696816396503,0.5521896391181185,-1.0536155281570814e-12,0,0,0,44544.96249230962,42157.0,12162.393632793008
1712,27167.316742308234,0.5517542788592005,-1.0536155281570814e-12,0,0,0,44563.71011250712,42157.0,12177.63348461647
1713,27174.944650469824,0.5513187070749435,-1.0536155281570814e-12,0,0,0,44582.480005261765,42157.0,12192.889300939649
1714,27182.58055072792,0.5508829237653481,-1.0536155281570814e-12,0,0,0,44601.272202709566,42157.0,12208.161101455837
1715,27190.224452946786,0.5504469289304144,-1.0536155281570814e-12,0,0,0,44620.086737050064,42157.0,12223.448905893572
1716,27197.87636700836,0.5500107225701414,-1.0536155281570814e-12,0,0,0,44638.92364054644,42157.0,12238.75273401672
1717,27205.53630281223,0.5495743046845301,-1.0536155281570814e-12,0,0,0,44657.78294552554,42157.0,12254.072605624458
1718,27213.204270275728,0.5491376752735799,-1.0536155281570814e-12,0,0,0,44676.66468437823,42157.0,12269.408540551456
1719,27220.88027933395,0.548700834337291,-1.0536155281570814e-12,0,0,0,44695.568889559385,42157.0,12284.7605586679
1720,27228.56433993979,0.5482637818756633,-1.0536155281570814e-12,0,0,0,44714.495593588144,42157.0,12300.128679879577
1721,27236.256462063968,0.5478265178886972,-1.0536155281570814e-12,0,0,0,44733.444829047956,42157.0,12315.512924127937
1722,27243.95665569511,0.5473890423763925,-1.0536155281570814e-12,0,0,0,44752.416628586856,42157.0,12330.913311390219
1723,27251.66493083975,0.5469513553387488,-1.0536155281570814e-12,0,0,0,44771.41102491756,42157.0,12346.329861679498
1724,27259.38129752237,0.5465134567757666,-1.0536155281570814e-12,0,0,0,44790.42805081758,42157.0,12361.762595044738
1725,27267.105765785458,0.5460753466874457,-1.0536155281570814e-12,0,0,0,44809.46773912946,42157.0,12377.211531570914
1726,27274.838345689535,0.5456370250737861,-1.0536155281570814e-12,0,0,0,44828.530122760865,42157.0,12392.676691379073
1727,27282.579047313207,0.5451984919347874,-1.0536155281570814e-12,0,0,0,44847.615234684796,42157.0,12408.158094626417
1728,27290.327880753168,0.5447597472704508,-1.0536155281570814e-12,0,0,0,44866.72310793964,42157.0,12423.655761506334
1729,27298.084856124296,0.544320791080775,-1.0536155281570814e-12,0,0,0,44885.85377562949,42157.0,12439.169712248595
1730,27305.84998355965,0.5438816233657606,-1.0536155281570814e-12,0,0,0,44905.00727092415,42157.0,12454.699967119299
1731,27313.623273210516,0.5434422441254076,-1.0536155281570814e-12,0,0,0,44924.18362705938,42157.0,12470.24654642103
1732,27321.404735246466,0.5430026533597159,-1.0536155281570814e-12,0,0,0,44943.38287733701,42157.0,12485.80947049293
1733,27329.194379855373,0.5425628510686855,-1.0536155281570814e-12,0,0,0,44962.605055125125,42157.0,12501.388759710746
1734,27336.992217243478,0.5421228372523161,-1.0536155281570814e-12,0,0,0,44981.85019385821,42157.0,12516.98443448696
1735,27344.7982576354,0.5416826119106084,-1.0536155281570814e-12,0,0,0,45001.11832703734,42157.0,12532.596515270803
1736,27352.612511274205,0.5412421750435619,-1.0536155281570814e-12,0,0,0,45020.40948823025,42157.0,12548.225022548411
1737,27360.434988421417,0.540801526651177,-1.0536155281570814e-12,0,0,0,45039.723711071616,42157.0,12563.869976842838
1738,27368.265699357104,0.5403606667334531,-1.0536155281570814e-12,0,0,0,45059.06102926317,42157.0,12579.531398714205
1739,27376.10465437986,0.5399195952903901,-1.0536155281570814e-12,0,0,0,45078.421476573785,42157.0,12595.20930875972
1740,27383.951863806873,0.5394783123219893,-1.0536155281570814e-12,0,0,0,45097.80508683972,42157.0,12610.903727613748
1741,27391.807337974,0.5390368178282494,-1.0536155281570814e-12,0,0,0,45117.21189396483,42157.0,12626.614675948003
1742,27399.67108723575,0.538595111809171,-1.0536155281570814e-12,0,0,0,45136.64193192057,42157.0,12642.342174471503
1743,27407.543121965366,0.5381531942647535,-1.0536155281570814e-12,0,0,0,45156.09523474632,42157.0,12658.08624393073
1744,27415.423452554827,0.5377110651949975,-1.0536155281570814e-12,0,0,0,45175.5718365494,42157.0,12673.846905109656
1745,27423.31208941494,0.5372687245999028,-1.0536155281570814e-12,0,0,0,45195.071771505405,42157.0,12689.62417882988
1746,27431.209042975333,0.5368261724794698,-1.0536155281570814e-12,0,0,0,45214.59507385819,42157.0,12705.418085950665
1747,27439.11432368455,0.5363834088336974,-1.0536155281570814e-12,0,0,0,45234.141777920195,42157.0,12721.228647369098
1748,27447.027942010016,0.5359404336625868,-1.0536155281570814e-12,0,0,0,45253.71191807247,42157.0,12737.05588402003
1749,27454.94990843816,0.5354972469661374,-1.0536155281570814e-12,0,0,0,45273.305528764955,42157.0,12752.89981687632
1750,27462.880233474407,0.5350538487443492,-1.0536155281570814e-12,0,0,0,45292.922644516555,42157.0,12768.760466948814
1751,27470.818927643228,0.5346102389972227,-1.0536155281570814e-12,0,0,0,45312.5632999154,42157.0,12784.637855286452
1752,27478.766001488202,0.5341664177247569,-1.0536155281570814e-12,0,0,0,45332.22752961891,42157.0,12800.532002976406
1753,27486.721465572024,0.533722384926953,-1.0536155281570814e-12,0,0,0,45351.91536835406,42157.0,12816.44293114405
1754,27494.685330476586,0.5332781406038103,-1.0536155281570814e-12,0,0,0,45371.62685091747,42157.0,12832.370660953173
1755,27502.657606802994,0.5328336847553286,-1.0536155281570814e-12,0,0,0,45391.36201217565,42157.0,12848.315213605989
1756,27510.6383051716,0.5323890173815087,-1.0536155281570814e-12,0,0,0,45411.12088706503,42157.0,12864.276610343199
1757,27518.62743622209,0.5319441384823496,-1.0536155281570814e-12,0,0,0,45430.90351059235,42157.0,12880.254872444182
1758,27526.625010613476,0.5314990480578521,-1.0536155281570814e-12,0,0,0,45450.7099178346,42157.0,12896.250021226952
1759,27534.63103902417,0.5310537461080156,-1.0536155281570814e-12,0,0,0,45470.54014393938,42157.0,12912.262078048343
1760,27542.64553215201,0.5306082326328407,-1.0536155281570814e-12,0,0,0,45490.39422412491,42157.0,12928.291064304025
1761,27550.66850071432,0.5301625076323275,-1.0536155281570814e-12,0,0,0,45510.27219368032,42157.0,12944.33700142864
1762,27558.699955447948,0.5297165711064751,-1.0536155281570814e-12,0,0,0,45530.1740879658,42157.0,12960.399910895894
1763,27566.739907109288,0.529270423055284,-1.0536155281570814e-12,0,0,0,45550.099942412715,42157.0,12976.479814218574
1764,27574.78836647435,0.5288240634787544,-1.0536155281570814e-12,0,0,0,45570.04979252381,42157.0,12992.576732948699
1765,27582.845344338803,0.5283774923768858,-1.0536155281570814e-12,0,0,0,45590.023673873446,42157.0,13008.690688677607
1766,27590.91085151799,0.5279307097496788,-1.0536155281570814e-12,0,0,0,45610.02162210764,42157.0,13024.821703035983
1767,27598.98489884701,0.527483715597133,-1.0536155281570814e-12,0,0,0,45630.04367294439,42157.0,13040.969797694024
1768,27607.067497180735,0.5270365099192489,-1.0536155281570814e-12,0,0,0,45650.08986217373,42157.0,13057.134994361468
1769,27615.158657393866,0.5265890927160255,-1.0536155281570814e-12,0,0,0,45670.16022565798,42157.0,13073.317314787733
1770,27623.25839038096,0.526141463987464,-1.0536155281570814e-12,0,0,0,45690.25479933185,42157.0,13089.516780761924
1771,27631.36670705652,0.5256936237335634,-1.0536155281570814e-12,0,0,0,45710.37361920276,42157.0,13105.733414113038
1772,27639.483618354967,0.5252455719543243,-1.0536155281570814e-12,0,0,0,45730.51672135079,42157.0,13121.967236709936
1773,27647.609135230752,0.5247973086497466,-1.0536155281570814e-12,0,0,0,45750.68414192908,42157.0,13138.218270461506
1774,27655.743268658367,0.5243488338198301,-1.0536155281570814e-12,0,0,0,45770.87591716389,42157.0,13154.486537316736
1775,27663.8860296324,0.5239001474645748,-1.0536155281570814e-12,0,0,0,45791.09208335481,42157.0,13170.772059264795
1776,27672.037429167554,0.5234512495839809,-1.0536155281570814e-12,0,0,0,45811.33267687488,42157.0,13187.074858335107
1777,27680.19747829874,0.5230021401780482,-1.0536155281570814e-12,0,0,0,45831.5977341709,42157.0,13203.394956597485
1778,27688.36618808109,0.522552819246777,-1.0536155281570814e-12,0,0,0,45851.887291763494,42157.0,13219.732376162181
1779,27696.543569589994,0.5221032867901672,-1.0536155281570814e-12,0,0,0,45872.201386247325,42157.0,13236.08713917999
1780,27704.72963392118,0.5216535428082185,-1.0536155281570814e-12,0,0,0,45892.5400542913,42157.0,13252.459267842358
1781,27712.924392190722,0.5212035873009311,-1.0536155281570814e-12,0,0,0,45912.90333263872,42157.0,13268.848784381442
1782,27721.12785553511,0.5207534202683051,-1.0536155281570814e-12,0,0,0,45933.291258107456,42157.0,13285.255711070216
1783,27729.340035111283,0.5203030417103403,-1.0536155281570814e-12,0,0,0,45953.70386759019,42157.0,13301.68007022257
1784,27737.56094209669,0.5198524516270371,-1.0536155281570814e-12,0,0,0,45974.141198054545,42157.0,13318.121884193377
1785,27745.79058768932,0.5194016500183947,-1.0536155281570814e-12,0,0,0,45994.60328654328,42157.0,13334.581175378644
1786,27754.028983107746,0.5189506368844141,-1.0536155281570814e-12,0,0,0,46015.090170174444,42157.0,13351.057966215492
1787,27762.27613959119,0.518499412225095,-1.0536155281570814e-12,0,0,0,46035.60188614166,42157.0,13367.552279182379
1788,27770.532068399563,0.5180479760404366,-1.0536155281570814e-12,0,0,0,46056.13847171422,42157.0,13384.06413679913
1789,27778.796780813493,0.5175963283304399,-1.0536155281570814e-12,0,0,0,46076.69996423727,42157.0,13400.593561626985
1790,27787.07028813439,0.5171444690951044,-1.0536155281570814e-12,0,0,0,46097.28640113204,42157.0,13417.140576268783
1791,27795.352601684495,0.5166923983344303,-1.0536155281570814e-12,0,0,0,46117.89781989605,42157.0,13433.705203368987
1792,27803.64373280691,0.5162401160484171,-1.0536155281570814e-12,0,0,0,46138.534258103195,42157.0,13450.287465613826
1793,27811.94369286566,0.5157876222370659,-1.0536155281570814e-12,0,0,0,46159.19575340405,42157.0,13466.887385731321
1794,27820.252493245738,0.5153349169003756,-1.0536155281570814e-12,0,0,0,46179.88234352599,42157.0,13483.50498649148
1795,27828.57014535315,0.5148820000383465,-1.0536155281570814e-12,0,0,0,46200.59406627342,42157.0,13500.140290706302
1796,27836.896660614948,0.5144288716509791,-1.0536155281570814e-12,0,0,0,46221.330959527906,42157.0,13516.793321229894
1797,27845.232050479306,0.5139755317382726,-1.0536155281570814e-12,0,0,0,46242.093061248444,42157.0,13533.464100958614
1798,27853.576326415547,0.5135219803002278,-1.0536155281570814e-12,0,0,0,46262.880409471574,42157.0,13550.152652831091
1799,27861.929499914197,0.5130682173368439,-1.0536155281570814e-12,0,0,0,46283.69304231164,42157.0,13566.858999828397
1800,27870.29158248703,0.5126142428481217,-1.0536155281570814e-12,0,0,0,46304.53099796094,42157.0,13583.58316497406
1801,27878.662585667123,0.5121600568340607,-1.0536155281570814e-12,0,0,0,46325.39431468991,42157.0,13600.325171334247
1802,27887.042521008898,0.5117056592946609,-1.0536155281570814e-12,0,0,0,46346.28303084738,42157.0,13617.085042017796
1803,27895.43140008816,0.5112510502299228,-1.0536155281570814e-12,0,0,0,46367.19718486065,42157.0,13633.862800176323
1804,27903.829234502187,0.5107962296398454,-1.0536155281570814e-12,0,0,0,46388.13681523586,42157.0,13650.658469004376
1805,27912.23603586971,0.5103411975244296,-1.0536155281570814e-12,0,0,0,46409.101960558,42157.0,13667.472071739425
1806,27920.65181583103,0.5098859538836753,-1.0536155281570814e-12,0,0,0,46430.09265949122,42157.0,13684.303631662053
1807,27929.07658604801,0.5094304987175824,-1.0536155281570814e-12,0,0,0,46451.108950779,42157.0,13701.15317209602
1808,27937.51035820419,0.5089748320261502,-1.0536155281570814e-12,0,0,0,46472.15087324436,42157.0,13718.020716408379
1809,27945.953144004754,0.5085189538093797,-1.0536155281570814e-12,0,0,0,46493.218465789985,42157.0,13734.90628800951
1810,27954.40495517665,0.5080628640672706,-1.0536155281570814e-12,0,0,0,46514.31176739854,42157.0,13751.809910353299
1811,27962.8658034686,0.5076065627998227,-1.0536155281570814e-12,0,0,0,46535.430817132765,42157.0,13768.731606937201
1812,27971.335700651165,0.5071500500070363,-1.0536155281570814e-12,0,0,0,46556.575654135726,42157.0,13785.671401302328
1813,27979.814658516785,0.506693325688911,-1.0536155281570814e-12,0,0,0,46577.74631763101,42157.0,13802.629317033574
1814,27988.30268887985,0.5062363898454469,-1.0536155281570814e-12,0,0,0,46598.94284692295,42157.0,13819.605377759699
1815,27996.799803576705,0.5057792424766445,-1.0536155281570814e-12,0,0,0,46620.16528139672,42157.0,13836.599607153408
1816,28005.30601446576,0.5053218835825031,-1.0536155281570814e-12,0,0,0,46641.413660518694,42157.0,13853.61202893152
1817,28013.821333427488,0.504864313163023,-1.0536155281570814e-12,0,0,0,46662.688023836505,42157.0,13870.642666854978
1818,28022.345772364504,0.5044065312182044,-1.0536155281570814e-12,0,0,0,46683.988410979335,42157.0,13887.691544729008
1819,28030.87934320161,0.503948537748047,-1.0536155281570814e-12,0,0,0,46705.31486165811,42157.0,13904.758686403222
1820,28039.422057885844,0.5034903327525508,-1.0536155281570814e-12,0,0,0,46726.66741566566,42157.0,13921.844115771686
1821,28047.973928386513,0.5030319162317163,-1.0536155281570814e-12,0,0,0,46748.04611287694,42157.0,13938.947856773026
1822,28056.53496669529,0.5025732881855427,-1.0536155281570814e-12,0,0,0,46769.450993249295,42157.0,13956.069933390583
1823,28065.10518482621,0.5021144486140308,-1.0536155281570814e-12,0,0,0,46790.88209682256,42157.0,13973.210369652423
1824,28073.684594815768,0.5016553975171798,-1.0536155281570814e-12,0,0,0,46812.33946371936,42157.0,13990.369189631538
1825,28082.273208722927,0.5011961348949905,-1.0536155281570814e-12,0,0,0,46833.82313414526,42157.0,14007.546417445854
1826,28090.871038629208,0.5007366607474624,-1.0536155281570814e-12,0,0,0,46855.33314838899,42157.0,14024.74207725842
1827,28099.478096638722,0.5002769750745957,-1.0536155281570814e-12,0,0,0,46876.86954682269,42157.0,14041.956193277445
1828,28108.094394878226,0.4998170778763902,-1.0536155281570814e-12,0,0,0,46898.43236990203,42157.0,14059.18878975645
1829,28116.71994549717,0.49935696915284566,-1.0536155281570814e-12,0,0,0,46920.02165816652,42157.0,14076.43989099434
1830,28125.354760667742,0.498896648903963,-1.0536155281570814e-12,0,0,0,46941.63745223962,42157.0,14093.709521335482
1831,28133.99885258496,0.4984361171297411,-1.0536155281570814e-12,0,0,0,46963.27979282908,42157.0,14110.99770516992
1832,28142.652233466662,0.49797537383018087,-1.0536155281570814e-12,0,0,0,46984.948720727,42157.0,14128.304466933327
1833,28151.314915553616,0.4975144190052818,-1.0536155281570814e-12,0,0,0,47006.64427681017,42157.0,14145.629831107235
1834,28159.986911109532,0.4970532526550444,-1.0536155281570814e-12,0,0,0,47028.3665020402,42157.0,14162.973822219063
1835,28168.66823242114,0.4965918747794682,-1.0536155281570814e-12,0,0,0,47050.11543746376,42157.0,14180.336464842278
1836,28177.35889179823,0.4961302853785532,-1.0536155281570814e-12,0,0,0,47071.89112421284,42157.0,14197.717783596461
1837,28186.058901573717,0.49566848445229916,-1.0536155281570814e-12,0,0,0,47093.69360350488,42157.0,14215.117803147437
1838,28194.768274103666,0.4952064720007068,-1.0536155281570814e-12,0,0,0,47115.52291664303,42157.0,14232.536548207334
1839,28203.487021767378,0.4947442480237758,-1.0536155281570814e-12,0,0,0,47137.37910501638,42157.0,14249.974043534756
1840,28212.21515696743,0.49428181252150605,-1.0536155281570814e-12,0,0,0,47159.26221010015,42157.0,14267.430313934865
1841,28220.952692129733,0.4938191654938975,-1.0536155281570814e-12,0,0,0,47181.17227345591,42157.0,14284.90538425947
1842,28229.69963970357,0.49335630694095034,-1.0536155281570814e-12,0,0,0,47203.10933673181,42157.0,14302.39927940714
1843,28238.456012161663,0.4928932368626646,-1.0536155281570814e-12,0,0,0,47225.07344166279,42157.0,14319.912024323328
1844,28247.22182200024,0.4924299552590401,-1.0536155281570814e-12,0,0,0,47247.06463007082,42157.0,14337.443644000481
1845,28255.997081739057,0.491966462130077,-1.0536155281570814e-12,0,0,0,47269.082943865054,42157.0,14354.994163478113
1846,28264.781803921484,0.4915027574757749,-1.0536155281570814e-12,0,0,0,47291.128425042174,42157.0,14372.563607842967
1847,28273.576001114525,0.4910388412961346,-1.0536155281570814e-12,0,0,0,47313.20111568642,42157.0,14390.15200222905
1848,28282.37968590892,0.49057471359115534,-1.0536155281570814e-12,0,0,0,47335.30105797004,42157.0,14407.759371817841
1849,28291.192870919156,0.4901103743608375,-1.0536155281570814e-12,0,0,0,47357.42829415336,42157.0,14425.385741838312
1850,28300.015568783543,0.48964582360518083,-1.0536155281570814e-12,0,0,0,47379.58286658501,42157.0,14443.031137567084
1851,28308.84779216426,0.4891810613241856,-1.0536155281570814e-12,0,0,0,47401.76481770221,42157.0,14460.695584328518
1852,28317.68955374742,0.4887160875178518,-1.0536155281570814e-12,0,0,0,47423.97419003099,42157.0,14478.379107494839
1853,28326.540866243125,0.48825090218617895,-1.0536155281570814e-12,0,0,0,47446.211026186356,42157.0,14496.081732486253
1854,28335.401742385508,0.48778550532916776,-1.0536155281570814e-12,0,0,0,47468.47536887256,42157.0,14513.803484771011
1855,28344.2721949328,0.48731989694681754,-1.0536155281570814e-12,0,0,0,47490.767260883345,42157.0,14531.544389865603
1856,28353.152236667385,0.486854077039129,-1.0536155281570814e-12,0,0,0,47513.0867451021,42157.0,14549.30447333477
1857,28362.041880395856,0.4863880456061016,-1.0536155281570814e-12,0,0,0,47535.43386450217,42157.0,14567.083760791713
1858,28370.94113894907,0.48592180264773543,-1.0536155281570814e-12,0,0,0,47557.80866214704,42157.0,14584.882277898141
1859,28379.850025182204,0.48545534816403046,-1.0536155281570814e-12,0,0,0,47580.211181190585,42157.0,14602.700050364409
1860,28388.768551974797,0.48498868215498714,-1.0536155281570814e-12,0,0,0,47602.64146487722,42157.0,14620.537103949599
1861,28397.696732230856,0.4845218046206048,-1.0536155281570814e-12,0,0,0,47625.099556542315,42157.0,14638.39346446171
1862,28406.634578878835,0.48405471556088386,-1.0536155281570814e-12,0,0,0,47647.585499612185,42157.0,14656.269157757673
1863,28415.582104871766,0.48358741497582436,-1.0536155281570814e-12,0,0,0,47670.09933760453,42157.0,14674.164209743534
1864,28424.539323187273,0.4831199028654263,-1.0536155281570814e-12,0,0,0,47692.64111412855,42157.0,14692.078646374548
1865,28433.506246827645,0.4826521792296896,-1.0536155281570814e-12,0,0,0,47715.2108728852,42157.0,14710.01249365529
1866,28442.482888819894,0.48218424406861393,-1.0536155281570814e-12,0,0,0,47737.8086576675,42157.0,14727.965777639787
1867,28451.4692622158,0.48171609738219945,-1.0536155281570814e-12,0,0,0,47760.434512360625,42157.0,14745.9385244316
1868,28460.465380091973,0.4812477391704466,-1.0536155281570814e-12,0,0,0,47783.08848094224,42157.0,14763.930760183946
1869,28469.471255549928,0.4807791694333552,-1.0536155281570814e-12,0,0,0,47805.770607482766,42157.0,14781.942511099855
1870,28478.48690171613,0.48031038817092475,-1.0536155281570814e-12,0,0,0,47828.48093614552,42157.0,14799.973803432258
1871,28487.51233174204,0.47984139538315573,-1.0536155281570814e-12,0,0,0,47851.21951118701,42157.0,14818.024663484082
1872,28496.547558804203,0.4793721910700479,-1.0536155281570814e-12,0,0,0,47873.986376957175,42157.0,14836.095117608407
1873,28505.59259610427,0.4789027752316015,-1.0536155281570814e-12,0,0,0,47896.781577899616,42157.0,14854.185192208543
1874,28514.64745686909,0.47843314786781654,-1.0536155281570814e-12,0,0,0,47919.605158551785,42157.0,14872.294913738182
1875,28523.712154350756,0.47796330897869277,-1.0536155281570814e-12,0,0,0,47942.45716354537,42157.0,14890.424308701511
1876,28532.786701826648,0.47749325856423064,-1.0536155281570814e-12,0,0,0,47965.33763760631,42157.0,14908.573403653294
1877,28541.871112599536,0.47702299662442926,-1.0536155281570814e-12,0,0,0,47988.24662555531,42157.0,14926.742225199072
1878,28550.96539999758,0.4765525231592893,-1.0536155281570814e-12,0,0,0,48011.18417230784,42157.0,14944.930799995167
1879,28560.06957737444,0.476081838168811,-1.0536155281570814e-12,0,0,0,48034.15032287449,42157.0,14963.13915474888
1880,28569.183658109305,0.4756109416529941,-1.0536155281570814e-12,0,0,0,48057.14512236124,42157.0,14981.367316218608
1881,28578.307655606983,0.475139833611838,-1.0536155281570814e-12,0,0,0,48080.168615969655,42157.0,14999.615311213965
1882,28587.441583297914,0.4746685140453437,-1.0536155281570814e-12,0,0,0,48103.22084899712,42157.0,15017.883166595826
1883,28596.58545463829,0.4741969829535102,-1.0536155281570814e-12,0,0,0,48126.30186683715,42157.0,15036.17090927658
1884,28605.73928311005,0.47372524033633856,-1.0536155281570814e-12,0,0,0,48149.41171497955,42157.0,15054.478566220101
1885,28614.90308222102,0.47325328619382745,-1.0536155281570814e-12,0,0,0,48172.550439010774,42157.0,15072.80616444204
1886,28624.076865504874,0.4727811205259782,-1.0536155281570814e-12,0,0,0,48195.71808461404,42157.0,15091.15373100975
1887,28633.26064652129,0.4723087433327904,-1.0536155281570814e-12,0,0,0,48218.91469756968,42157.0,15109.521293042577
1888,28642.454438855955,0.47183615461426376,-1.0536155281570814e-12,0,0,0,48242.14032375539,42157.0,15127.908877711912
1889,28651.65825612065,0.47136335437039856,-1.0536155281570814e-12,0,0,0,48265.3950091464,42157.0,15146.316512241296
1890,28660.872111953293,0.47089034260119456,-1.0536155281570814e-12,0,0,0,48288.67879981582,42157.0,15164.744223906584
1891,28670.096020018016,0.470417119306652,-1.0536155281570814e-12,0,0,0,48311.991741934806,42157.0,15183.192040036032
1892,28679.329994005235,0.4699436844867704,-1.0536155281570814e-12,0,0,0,48335.333881772916,42157.0,15201.65998801047
1893,28688.574047631668,0.4694700381415504,-1.0536155281570814e-12,0,0,0,48358.70526569824,42157.0,15220.148095263336
1894,28697.828194640457,0.46899618027099166,-1.0536155281570814e-12,0,0,0,48382.10594017777,42157.0,15238.656389280914
1895,28707.092448801195,0.4685221108750939,-1.0536155281570814e-12,0,0,0,48405.53595177758,42157.0,15257.184897602392
1896,28716.36682390998,0.46804782995385774,-1.0536155281570814e-12,0,0,0,48428.99534716311,42157.0,15275.73364781996
1897,28725.651333789505,0.467573337507283,-1.0536155281570814e-12,0,0,0,48452.48417309941,42157.0,15294.30266757901
1898,28734.945992289115,0.4670986335353695,-1.0536155281570814e-12,0,0,0,48476.00247645145,42157.0,15312.891984578227
1899,28744.250813284845,0.4666237180381174,-1.0536155281570814e-12,0,0,0,48499.5503041843,42157.0,15331.50162656969
1900,28753.565810679524,0.4661485910155265,-1.0536155281570814e-12,0,0,0,48523.12770336344,42157.0,15350.131621359047
1901,28762.890998402803,0.46567325246759683,-1.0536155281570814e-12,0,0,0,48546.73472115502,42157.0,15368.781996805606
1902,28772.226390411226,0.4651977023943288,-1.0536155281570814e-12,0,0,0,48570.37140482607,42157.0,15387.452780822452
1903,28781.57200068832,0.4647219407957217,-1.0536155281570814e-12,0,0,0,48594.03780174488,42157.0,15406.14400137664
1904,28790.92784324462,0.46424596767177606,-1.0536155281570814e-12,0,0,0,48617.7339593811,42157.0,15424.85568648924
1905,28800.29393211776,0.46376978302249183,-1.0536155281570814e-12,0,0,0,48641.45992530611,42157.0,15443.587864235518
1906,28809.670281372528,0.4632933868478688,-1.0536155281570814e-12,0,0,0,48665.21574719332,42157.0,15462.340562745056
1907,28819.056905100933,0.4628167791479072,-1.0536155281570814e-12,0,0,0,48689.001472818294,42157.0,15481.113810201865
1908,28828.453817422265,0.462339959922607,-1.0536155281570814e-12,0,0,0,48712.81715005915,42157.0,15499.907634844529
1909,28837.86103248318,0.4618629291719676,-1.0536155281570814e-12,0,0,0,48736.66282689679,42157.0,15518.722064966356
1910,28847.27856445771,0.46138568689599,-1.0536155281570814e-12,0,0,0,48760.538551415084,42157.0,15537.55712891542
1911,28856.70642754741,0.46090823309467366,-1.0536155281570814e-12,0,0,0,48784.444371801306,42157.0,15556.41285509482
1912,28866.144635981364,0.4604305677680183,-1.0536155281570814e-12,0,0,0,48808.38033634624,42157.0,15575.289271962729
1913,28875.59320401625,0.45995269091602453,-1.0536155281570814e-12,0,0,0,48832.34649344453,42157.0,15594.186408032507
1914,28885.05214593645,0.4594746025386922,-1.0536155281570814e-12,0,0,0,48856.34289159495,42157.0,15613.104291872902
1915,28894.521476054073,0.4589963026360211,-1.0536155281570814e-12,0,0,0,48880.36957940065,42157.0,15632.042952108146
1916,28904.00120870904,0.4585177912080114,-1.0536155281570814e-12,0,0,0,48904.42660556946,42157.0,15651.00241741808
1917,28913.491358269155,0.4580390682546627,-1.0536155281570814e-12,0,0,0,48928.51401891415,42157.0,15669.98271653831
1918,28922.99193913015,0.4575601337759756,-1.0536155281570814e-12,0,0,0,48952.63186835267,42157.0,15688.983878260295
1919,28932.502965715776,0.4570809877719495,-1.0536155281570814e-12,0,0,0,48976.78020290849,42157.0,15708.005931431551
1920,28942.024452477857,0.4566016302425848,-1.0536155281570814e-12,0,0,0,49000.95907171082,42157.0,15727.048904955715
1921,28951.556413896356,0.4561220611878818,-1.0536155281570814e-12,0,0,0,49025.168523994915,42157.0,15746.112827792711
1922,28961.09886447946,0.45564228060783973,-1.0536155281570814e-12,0,0,0,49049.40860910237,42157.0,15765.197728958921
1923,28970.651818763617,0.4551622885024593,-1.0536155281570814e-12,0,0,0,49073.679376481334,42157.0,15784.303637527233
1924,28980.21529131364,0.45468208487173967,-1.0536155281570814e-12,0,0,0,49097.9808756869,42157.0,15803.430582627285
1925,28989.789296722738,0.45420166971568166,-1.0536155281570814e-12,0,0,0,49122.31315638124,42157.0,15822.578593445474
1926,28999.3738496126,0.45372104303428507,-1.0536155281570814e-12,0,0,0,49146.67626833399,42157.0,15841.7476992252
1927,29008.96896463349,0.4532402048275497,-1.0536155281570814e-12,0,0,0,49171.07026142255,42157.0,15860.937929266975
1928,29018.57465646426,0.4527591550954755,-1.0536155281570814e-12,0,0,0,49195.49518563227,42157.0,15880.149312928525
1929,29028.190939812474,0.45227789383806294,-1.0536155281570814e-12,0,0,0,49219.95109105681,42157.0,15899.381879624947
1930,29037.817829414445,0.45179642105531137,-1.0536155281570814e-12,0,0,0,49244.43802789841,42157.0,15918.635658828889
1931,29047.4553400353,0.45131473674722145,-1.0536155281570814e-12,0,0,0,49268.95604646814,42157.0,15937.910680070596
1932,29057.10348646908,0.4508328409137925,-1.0536155281570814e-12,0,0,0,49293.50519718626,42157.0,15957.20697293816
1933,29066.76228353878,0.45035073355502475,-1.0536155281570814e-12,0,0,0,49318.08553058244,42157.0,15976.524567077564
1934,29076.431746096423,0.44986841467091887,-1.0536155281570814e-12,0,0,0,49342.69709729602,42157.0,15995.863492192848
1935,29086.111889023156,0.44938588426147397,-1.0536155281570814e-12,0,0,0,49367.33994807646,42157.0,16015.223778046315
1936,29095.802727229282,0.4489031423266905,-1.0536155281570814e-12,0,0,0,49392.014133783436,42157.0,16034.605454458566
1937,29105.504275654363,0.4484201888665682,-1.0536155281570814e-12,0,0,0,49416.71970538725,42157.0,16054.008551308725
1938,29115.216549267258,0.44793702388110734,-1.0536155281570814e-12,0,0,0,49441.45671396907,42157.0,16073.433098534519
1939,29124.939563066237,0.4474536473703077,-1.0536155281570814e-12,0,0,0,49466.22521072127,42157.0,16092.879126132473
1940,29134.673332079004,0.44697005933416945,-1.0536155281570814e-12,0,0,0,49491.02524694767,42157.0,16112.346664158007
1941,29144.417871362803,0.44648625977269263,-1.0536155281570814e-12,0,0,0,49515.85687406386,42157.0,16131.835742725605
1942,29154.17319600448,0.446002248685877,-1.0536155281570814e-12,0,0,0,49540.72014359751,42157.0,16151.346392008962
1943,29163.939321120557,0.4455180260737224,-1.0536155281570814e-12,0,0,0,49565.61510718864,42157.0,16170.878642241112
1944,29173.716261857273,0.4450335919362294,-1.0536155281570814e-12,0,0,0,49590.54181658992,42157.0,16190.432523714544
1945,29183.50403339071,0.4445489462733976,-1.0536155281570814e-12,0,0,0,49615.500323666965,42157.0,16210.008066781422
1946,29193.302650926824,0.44406408908522743,-1.0536155281570814e-12,0,0,0,49640.49068039868,42157.0,16229.60530185365
1947,29203.11212970155,0.44357902037171804,-1.0536155281570814e-12,0,0,0,49665.51293887754,42157.0,16249.2242594031
1948,29212.932484980818,0.4430937401328705,-1.0536155281570814e-12,0,0,0,49690.56715130978,42157.0,16268.864969961636
1949,29222.763732060703,0.4426082483686842,-1.0536155281570814e-12,0,0,0,49715.6533700159,42157.0,16288.527464121404
1950,29232.60588626744,0.4421225450791588,-1.0536155281570814e-12,0,0,0,49740.77164743083,42157.0,16308.21177253488
1951,29242.45896295751,0.4416366302642951,-1.0536155281570814e-12,0,0,0,49765.92203610423,42157.0,16327.91792591502
1952,29252.322977517742,0.4411505039240924,-1.0536155281570814e-12,0,0,0,49791.10458870092,42157.0,16347.645955035483
1953,29262.197945365333,0.4406641660585513,-1.0536155281570814e-12,0,0,0,49816.319358000976,42157.0,16367.395890730666
1954,29272.08388194798,0.4401776166676714,-1.0536155281570814e-12,0,0,0,49841.56639690026,42157.0,16387.16776389596
1955,29281.980802743914,0.43969085575145295,-1.0536155281570814e-12,0,0,0,49866.845758410615,42157.0,16406.961605487824
1956,29291.888723261996,0.43920388330989546,-1.0536155281570814e-12,0,0,0,49892.157495660154,42157.0,16426.777446523993
1957,29301.80765904177,0.4387166993429996,-1.0536155281570814e-12,0,0,0,49917.50166189361,42157.0,16446.61531808354
1958,29311.737625653564,0.438229303850765,-1.0536155281570814e-12,0,0,0,49942.87831047267,42157.0,16466.47525130713
1959,29321.67863869855,0.43774169683319153,-1.0536155281570814e-12,0,0,0,49968.28749487624,42157.0,16486.357277397103
1960,29331.630713808812,0.43725387829027973,-1.0536155281570814e-12,0,0,0,49993.72926870075,42157.0,16506.261427617625
1961,29341.593866647447,0.4367658482220289,-1.0536155281570814e-12,0,0,0,50019.203685660555,42157.0,16526.187733294893
1962,29351.568112908604,0.43627760662843973,-1.0536155281570814e-12,0,0,0,50044.71079958814,42157.0,16546.13622581721
1963,29361.553468317605,0.43578915350951175,-1.0536155281570814e-12,0,0,0,50070.25066443451,42157.0,16566.106936635206
1964,29371.549948630978,0.43530048886524475,-1.0536155281570814e-12,0,0,0,50095.82333426948,42157.0,16586.09989726196
1965,29381.557569636556,0.4348116126956394,-1.0536155281570814e-12,0,0,0,50121.42886328198,42157.0,16606.115139273115
1966,29391.576347153554,0.43432252500069546,-1.0536155281570814e-12,0,0,0,50147.067305780416,42157.0,16626.152694307104
1967,29401.60629703264,0.4338332257804125,-1.0536155281570814e-12,0,0,0,50172.73871619294,42157.0,16646.21259406528
1968,29411.647435156014,0.43334371503479097,-1.0536155281570814e-12,0,0,0,50198.443149067825,42157.0,16666.294870312024
1969,29421.699777437472,0.4328539927638311,-1.0536155281570814e-12,0,0,0,50224.180659073696,42157.0,16686.39955487494
1970,29431.763339822523,0.43236405896753216,-1.0536155281570814e-12,0,0,0,50249.951301000016,42157.0,16706.526679645045
1971,29441.838138288425,0.43187391364589445,-1.0536155281570814e-12,0,0,0,50275.75512975724,42157.0,16726.676276576847
1972,29451.924188844263,0.4313835567989184,-1.0536155281570814e-12,0,0,0,50301.59220037718,42157.0,16746.848377688526
1973,29462.021507531077,0.4308929884266033,-1.0536155281570814e-12,0,0,0,50327.46256801346,42157.0,16767.04301506215
1974,29472.13011042187,0.4304022085289496,-1.0536155281570814e-12,0,0,0,50353.36628794166,42157.0,16787.260220843742
1975,29482.250013621746,0.42991121710595737,-1.0536155281570814e-12,0,0,0,50379.303415559756,42157.0,16807.50002724349
1976,29492.38123326796,0.4294200141576263,-1.0536155281570814e-12,0,0,0,50405.274006388434,42157.0,16827.762466535918
1977,29502.52378552999,0.4289285996839569,-1.0536155281570814e-12,0,0,0,50431.278116071386,42157.0,16848.04757105998
1978,29512.677686609655,0.4284369736849485,-1.0536155281570814e-12,0,0,0,50457.31580037571,42157.0,16868.355373219307
1979,29522.84295274114,0.4279451361606015,-1.0536155281570814e-12,0,0,0,50483.38711519213,42157.0,16888.685905482278
1980,29533.01960019112,0.4274530871109159,-1.0536155281570814e-12,0,0,0,50509.492116535446,42157.0,16909.039200382238
1981,29543.207645258823,0.4269608265358915,-1.0536155281570814e-12,0,0,0,50535.6308605448,42157.0,16929.415290517645
1982,29553.407104276113,0.42646835443552833,-1.0536155281570814e-12,0,0,0,50561.80340348406,42157.0,16949.814208552227
1983,29563.61799360756,0.42597567080982657,-1.0536155281570814e-12,0,0,0,50588.00980174208,42157.0,16970.23598721512
1984,29573.84032965054,0.4254827756587862,-1.0536155281570814e-12,0,0,0,50614.25011183313,42157.0,16990.680659301073
1985,29584.0741288353,0.42498966898240687,-1.0536155281570814e-12,0,0,0,50640.52439039717,42157.0,17011.148257670597
1986,29594.31940762504,0.42449635078068937,-1.0536155281570814e-12,0,0,0,50666.8326942002,42157.0,17031.638815250077
1987,29604.576182516026,0.4240028210536324,-1.0536155281570814e-12,0,0,0,50693.175080134664,42157.0,17052.152365032056
1988,29614.84447003761,0.4235090798012373,-1.0536155281570814e-12,0,0,0,50719.551605219676,42157.0,17072.68894007522
1989,29625.12428675237,0.4230151270235034,-1.0536155281570814e-12,0,0,0,50745.96232660147,42157.0,17093.24857350474
1990,29635.41564925616,0.42252096272043094,-1.0536155281570814e-12,0,0,0,50772.407301553685,42157.0,17113.831298512323
1991,29645.71857417821,0.4220265868920201,-1.0536155281570814e-12,0,0,0,50798.88658747775,42157.0,17134.437148356414
1992,29656.033078181208,0.4215319995382698,-1.0536155281570814e-12,0,0,0,50825.400241903226,42157.0,17155.066156362413
1993,29666.35917796135,0.42103720065918115,-1.0536155281570814e-12,0,0,0,50851.94832248806,42157.0,17175.718355922694
1994,29676.696890248462,0.42054219025475414,-1.0536155281570814e-12,0,0,0,50878.53088701908,42157.0,17196.393780496925
1995,29687.046231806093,0.4200469683249879,-1.0536155281570814e-12,0,0,0,50905.14799341227,42157.0,17217.09246361219
1996,29697.407219431545,0.4195515348698833,-1.0536155281570814e-12,0,0,0,50931.799699713134,42157.0,17237.814438863086
1997,29707.779869956,0.41905588988943987,-1.0536155281570814e-12,0,0,0,50958.486064096986,42157.0,17258.559739912
1998,29718.1642002446,0.41856003338365766,-1.0536155281570814e-12,0,0,0,50985.20714486943,42157.0,17279.3284004892
1999,29728.560227196504,0.4180639653525373,-1.0536155281570814e-12,0,0,0,51011.9630004666,42157.0,17300.120454393007
2000,29738.967967745026,0.4175676857960777,-1.0536155281570814e-12,0,0,0,51038.75368945561,42157.0,17320.93593549005
2001,29749.387438857655,0.41707119471427956,-1.0536155281570814e-12,0,0,0,51065.579270534814,42157.0,17341.77487771531
2002,29759.81865753619,0.4165744921071428,-1.0536155281570814e-12,0,0,0,51092.439802534216,42157.0,17362.637315072378
2003,29770.2616408168,0.41607757797466727,-1.0536155281570814e-12,0,0,0,51119.335344415864,42157.0,17383.523281633603
2004,29780.71640577012,0.41558045231685337,-1.0536155281570814e-12,0,0,0,51146.26595527413,42157.0,17404.43281154024
2005,29791.182969501344,0.4150831151337002,-1.0536155281570814e-12,0,0,0,51173.23169433616,42157.0,17425.365939002688
2006,29801.66134915028,0.4145855664252087,-1.0536155281570814e-12,0,0,0,51200.23262096212,42157.0,17446.322698300562
2007,29812.15156189148,0.41408780619137864,-1.0536155281570814e-12,0,0,0,51227.26879464571,42157.0,17467.303123782953
2008,29822.65362493429,0.41358983443220976,-1.0536155281570814e-12,0,0,0,51254.340275014394,42157.0,17488.307249868576
2009,29833.16755552296,0.4130916511477023,-1.0536155281570814e-12,0,0,0,51281.44712182985,42157.0,17509.33511104592
2010,29843.69337093673,0.41259325633785604,-1.0536155281570814e-12,0,0,0,51308.58939498832,42157.0,17530.386741873455
2011,29854.231088489898,0.412094650002671,-1.0536155281570814e-12,0,0,0,51335.76715452093,42157.0,17551.462176979796
2012,29864.780725531928,0.4115958321421471,-1.0536155281570814e-12,0,0,0,51362.98046059413,42157.0,17572.56145106386
2013,29875.342299447526,0.4110968027562849,-1.0536155281570814e-12,0,0,0,51390.22937351002,42157.0,17593.68459889505
2014,29885.91582765674,0.4105975618450839,-1.0536155281570814e-12,0,0,0,51417.513953706744,42157.0,17614.83165531348
2015,29896.50132761504,0.4100981094085443,-1.0536155281570814e-12,0,0,0,51444.83426175885,42157.0,17636.002655230077
2016,29907.098816813406,0.4095984454466659,-1.0536155281570814e-12,0,0,0,51472.190358377666,42157.0,17657.197633626813
2017,29917.70831277843,0.4090985699594487,-1.0536155281570814e-12,0,0,0,51499.582304411735,42157.0,17678.416625556863
2018,29928.32983307238,0.40859848294689316,-1.0536155281570814e-12,0,0,0,51527.01016084703,42157.0,17699.659666144762
2019,29938.963395293325,0.4080981844089986,-1.0536155281570814e-12,0,0,0,51554.47398880756,42157.0,17720.92679058665
2020,29949.60901707519,0.40759767434576544,-1.0536155281570814e-12,0,0,0,51581.97384955552,42157.0,17742.218034150377
2021,29960.266716087855,0.40709695275719393,-1.0536155281570814e-12,0,0,0,51609.50980449186,42157.0,17763.533432175707
2022,29970.93651003728,0.4065960196432834,-1.0536155281570814e-12,0,0,0,51637.08191515658,42157.0,17784.873020074563
2023,29981.61841666555,0.4060948750040343,-1.0536155281570814e-12,0,0,0,51664.69024322911,42157.0,17806.236833331102
2024,29992.31245375099,0.40559351883944617,-1.0536155281570814e-12,0,0,0,51692.3348505287,42157.0,17827.62490750198
2025,30003.01863910824,0.4050919511495197,-1.0536155281570814e-12,0,0,0,51720.015799014815,42157.0,17849.037278216474
2026,30013.73699058836,0.4045901719342546,-1.0536155281570814e-12,0,0,0,51747.73315078752,42157.0,17870.473981176718
2027,30024.467526078937,0.40408818119365053,-1.0536155281570814e-12,0,0,0,51775.48696808789,42157.0,17891.935052157874
2028,30035.21026350414,0.40358597892770787,-1.0536155281570814e-12,0,0,0,51803.277313298386,42157.0,17913.420527008282
2029,30045.965220824844,0.4030835651364264,-1.0536155281570814e-12,0,0,0,51831.10424894319,42157.0,17934.930441649693
2030,30056.732416038692,0.4025809398198068,-1.0536155281570814e-12,0,0,0,51858.96783768868,42157.0,17956.464832077385
2031,30067.51186718024,0.40207810297784774,-1.0536155281570814e-12,0,0,0,51886.868142343825,42157.0,17978.023734360486
2032,30078.30359232098,0.40157505461055076,-1.0536155281570814e-12,0,0,0,51914.80522586045,42157.0,17999.607184641958
2033,30089.1076095695,0.40107179471791454,-1.0536155281570814e-12,0,0,0,51942.77915133384,42157.0,18021.215219139
2034,30099.923937071533,0.40056832329993974,-1.0536155281570814e-12,0,0,0,51970.78998200297,42157.0,18042.84787414307
2035,30110.752593010067,0.4000646403566266,-1.0536155281570814e-12,0,0,0,51998.83778125091,42157.0,18064.505186020135
2036,30121.593595605453,0.3995607458879744,-1.0536155281570814e-12,0,0,0,52026.9226126054,42157.0,18086.187191210905
2037,30132.44696311547,0.39905663989398343,-1.0536155281570814e-12,0,0,0,52055.044539739,42157.0,18107.893926230947
2038,30143.312713835443,0.3985523223746543,-1.0536155281570814e-12,0,0,0,52083.20362646968,42157.0,18129.625427670882
2039,30154.19086609833,0.3980477933299862,-1.0536155281570814e-12,0,0,0,52111.39993676117,42157.0,18151.381732196667
2040,30165.08143827484,0.39754305275997903,-1.0536155281570814e-12,0,0,0,52139.63353472336,42157.0,18173.162876549683
2041,30175.984448773463,0.39703810066463374,-1.0536155281570814e-12,0,0,0,52167.904484612656,42157.0,18194.96889754692
2042,30186.899916040646,0.39653293704394965,-1.0536155281570814e-12,0,0,0,52196.21285083247,42157.0,18216.79983208129
2043,30197.827858560857,0.39602756189792654,-1.0536155281570814e-12,0,0,0,52224.55869793362,42157.0,18238.655717121717
2044,30208.76829485666,0.39552197522656507,-1.0536155281570814e-12,0,0,0,52252.9420906147,42157.0,18260.53658971332
2045,30219.721243488846,0.3950161770298648,-1.0536155281570814e-12,0,0,0,52281.36309372248,42157.0,18282.44248697769
2046,30230.686723056508,0.39451016730782595,-1.0536155281570814e-12,0,0,0,52309.82177225239,42157.0,18304.37344611301
2047,30241.664752197157,0.3940039460604481,-1.0536155281570814e-12,0,0,0,52338.31819134889,42157.0,18326.329504394314
2048,30252.655349586792,0.3934975132877321,-1.0536155281570814e-12,0,0,0,52366.85241630585,42157.0,18348.310699173584
2049,30263.65853394005,0.39299086898967683,-1.0536155281570814e-12,0,0,0,52395.424512567086,42157.0,18370.3170678801
2050,30274.67432401023,0.39248401316628323,-1.0536155281570814e-12,0,0,0,52424.034545726616,42157.0,18392.348648020463
2051,30285.702738589465,0.3919769458175508,-1.0536155281570814e-12,0,0,0,52452.68258152925,42157.0,18414.40547717893
2052,30296.743796508777,0.3914696669434796,-1.0536155281570814e-12,0,0,0,52481.36868587086,42157.0,18436.487593017555
2053,30307.79751663818,0.39096217654406984,-1.0536155281570814e-12,0,0,0,52510.09292479889,42157.0,18458.595033276364
2054,30318.863917886796,0.3904544746193219,-1.0536155281570814e-12,0,0,0,52538.855364512754,42157.0,18480.727835773592
2055,30329.94301920297,0.38994656116923454,-1.0536155281570814e-12,0,0,0,52567.65607136435,42157.0,18502.88603840594
2056,30341.034839574313,0.3894384361938086,-1.0536155281570814e-12,0,0,0,52596.49511185831,42157.0,18525.06967914863
2057,30352.13939802785,0.38893009969304426,-1.0536155281570814e-12,0,0,0,52625.37255265255,42157.0,18547.278796055703
2058,30363.256713630122,0.38842155166694114,-1.0536155281570814e-12,0,0,0,52654.28846055868,42157.0,18569.51342726024
2059,30374.38680548726,0.3879127921154992,-1.0536155281570814e-12,0,0,0,52683.242902542486,42157.0,18591.773610974516
2060,30385.5296927451,0.38740382103871873,-1.0536155281570814e-12,0,0,0,52712.23594572423,42157.0,18614.059385490204
2061,30396.6853945893,0.38689463843659966,-1.0536155281570814e-12,0,0,0,52741.267657379205,42157.0,18636.370789178603
2062,30407.853930245426,0.3863852443091418,-1.0536155281570814e-12,0,0,0,52770.33810493816,42157.0,18658.70786049085
2063,30419.035318979044,0.3858756386563451,-1.0536155281570814e-12,0,0,0,52799.44735598765,42157.0,18681.070637958088
2064,30430.229580095845,0.38536582147820986,-1.0536155281570814e-12,0,0,0,52828.59547827057,42157.0,18703.459160191687
2065,30441.43673294174,0.3848557927747358,-1.0536155281570814e-12,0,0,0,52857.782539686545,42157.0,18725.873465883484
2066,30452.656796902964,0.3843455525459234,-1.0536155281570814e-12,0,0,0,52887.008608292395,42157.0,18748.313593805924
2067,30463.889791406178,0.38383510079177197,-1.0536155281570814e-12,0,0,0,52916.27375230258,42157.0,18770.779582812356
2068,30475.135735918575,0.38332443751228173,-1.0536155281570814e-12,0,0,0,52945.57804008962,42157.0,18793.27147183715
2069,30486.394649947975,0.38281356270745315,-1.0536155281570814e-12,0,0,0,52974.92154018455,42157.0,18815.78929989595
2070,30497.66655304296,0.38230247637728554,-1.0536155281570814e-12,0,0,0,53004.3043212774,42157.0,18838.333106085924
2071,30508.95146479293,0.3817911785217796,-1.0536155281570814e-12,0,0,0,53033.7264522176,42157.0,18860.902929585864
2072,30520.24940482826,0.38127966914093503,-1.0536155281570814e-12,0,0,0,53063.18800201443,42157.0,18883.49880965652
2073,30531.560392820382,0.38076794823475146,-1.0536155281570814e-12,0,0,0,53092.68903983756,42157.0,18906.120785640764
2074,30542.884448481873,0.3802560158032293,-1.0536155281570814e-12,0,0,0,53122.22963501737,42157.0,18928.768896963742
2075,30554.221591566587,0.3797438718463686,-1.0536155281570814e-12,0,0,0,53151.80985704548,42157.0,18951.44318313318
2076,30565.571841869783,0.37923151636416885,-1.0536155281570814e-12,0,0,0,53181.429775575285,42157.0,18974.143683739563
2077,30576.93521922815,0.37871894935663075,-1.0536155281570814e-12,0,0,0,53211.089460422154,42157.0,18996.870438456306
2078,30588.311743520022,0.3782061708237541,-1.0536155281570814e-12,0,0,0,53240.788981564234,42157.0,19019.623487040044
2079,30599.701434665414,0.37769318076553837,-1.0536155281570814e-12,0,0,0,53270.528409142695,42157.0,19042.402869330825
2080,30611.10431262613,0.3771799791819843,-1.0536155281570814e-12,0,0,0,53300.30781346217,42157.0,19065.208625252257
2081,30622.52039740592,0.37666656607309124,-1.0536155281570814e-12,0,0,0,53330.12726499135,42157.0,19088.040794811837
2082,30633.949709050543,0.3761529414388596,-1.0536155281570814e-12,0,0,0,53359.98683436343,42157.0,19110.899418101086
2083,30645.392267647894,0.37563910527928934,-1.0536155281570814e-12,0,0,0,53389.88659237643,42157.0,19133.78453529579
2084,30656.84809332812,0.3751250575943803,-1.0536155281570814e-12,0,0,0,53419.82660999385,42157.0,19156.69618665624
2085,30668.317206263717,0.3746107983841327,-1.0536155281570814e-12,0,0,0,53449.806958345056,42157.0,19179.634412527434
2086,30679.799626669646,0.3740963276485463,-1.0536155281570814e-12,0,0,0,53479.827708725745,42157.0,19202.59925333929
2087,30691.29537480344,0.3735816453876213,-1.0536155281570814e-12,0,0,0,53509.88893259843,42157.0,19225.59074960688
2088,30702.80447096533,0.3730667516013575,-1.0536155281570814e-12,0,0,0,53539.99070159291,42157.0,19248.60894193066
2089,30714.32693549833,0.3725516462897549,-1.0536155281570814e-12,0,0,0,53570.13308750681,42157.0,19271.653870996666
2090,30725.862788788374,0.37203632945281395,-1.0536155281570814e-12,0,0,0,53600.31616230596,42157.0,19294.725577576744
2091,30737.412051264408,0.3715208010905342,-1.0536155281570814e-12,0,0,0,53630.53999812489,42157.0,19317.824102528815
2092,30748.97474339852,0.37100506120291565,-1.0536155281570814e-12,0,0,0,53660.804667267446,42157.0,19340.949486797046
2093,30760.550885706045,0.3704891097899585,-1.0536155281570814e-12,0,0,0,53691.11024220711,42157.0,19364.101771412094
2094,30772.14049874567,0.3699729468516628,-1.0536155281570814e-12,0,0,0,53721.45679558755,42157.0,19387.280997491336
2095,30783.743603119558,0.3694565723880283,-1.0536155281570814e-12,0,0,0,53751.84440022309,42157.0,19410.48720623911
2096,30795.360219473456,0.36893998639905523,-1.0536155281570814e-12,0,0,0,53782.27312909926,42157.0,19433.72043894691
2097,30806.990368496827,0.36842318888474335,-1.0536155281570814e-12,0,0,0,53812.74305537325,42157.0,19456.98073699365
2098,30818.63407092293,0.36790617984509266,-1.0536155281570814e-12,0,0,0,53843.25425237434,42157.0,19480.26814184586
2099,30830.29134752896,0.3673889592801034,-1.0536155281570814e-12,0,0,0,53873.806793604504,42157.0,19503.582695057918
2100,30841.96221913616,0.36687152718977556,-1.0536155281570814e-12,0,0,0,53904.400752738766,42157.0,19526.92443827232
2101,30853.646706609936,0.3663538835741089,-1.0536155281570814e-12,0,0,0,53935.036203625896,42157.0,19550.29341321987
2102,30865.34483085997,0.3658360284331035,-1.0536155281570814e-12,0,0,0,53965.71322028873,42157.0,19573.689661719938
2103,30877.05661284033,0.36531796176675946,-1.0536155281570814e-12,0,0,0,53996.43187692472,42157.0,19597.11322568066
2104,30888.7820735496,0.36479968357507686,-1.0536155281570814e-12,0,0,0,54027.192247906496,42157.0,19620.564147099198
2105,30900.521234030995,0.36428119385805546,-1.0536155281570814e-12,0,0,0,54057.99440778231,42157.0,19644.04246806199
2106,30912.274115372467,0.3637624926156955,-1.0536155281570814e-12,0,0,0,54088.83843127654,42157.0,19667.548230744935
2107,30924.04073870684,0.3632435798479967,-1.0536155281570814e-12,0,0,0,54119.72439329026,42157.0,19691.081477413678
2108,30935.82112521191,0.3627244555549589,-1.0536155281570814e-12,0,0,0,54150.65236890166,42157.0,19714.642250423825
2109,30947.615296110565,0.362205119736583,-1.0536155281570814e-12,0,0,0,54181.62243336661,42157.0,19738.23059222113
2110,30959.42327267093,0.36168557239286825,-1.0536155281570814e-12,0,0,0,54212.63466211918,42157.0,19761.846545341858
2111,30971.245076206455,0.3611658135238147,-1.0536155281570814e-12,0,0,0,54243.68913077215,42157.0,19785.49015241291
2112,30983.080728076045,0.3606458431294228,-1.0536155281570814e-12,0,0,0,54274.78591511749,42157.0,19809.161456152087
2113,30994.930249684203,0.3601256612096917,-1.0536155281570814e-12,0,0,0,54305.92509112695,42157.0,19832.860499368406
2114,31006.793662481097,0.3596052677646222,-1.0536155281570814e-12,0,0,0,54337.10673495245,42157.0,19856.58732496219
2115,31018.670987962734,0.3590846627942139,-1.0536155281570814e-12,0,0,0,54368.33092292676,42157.0,19880.34197592547
2116,31030.562247671063,0.3585638462984668,-1.0536155281570814e-12,0,0,0,54399.59773156395,42157.0,19904.12449534213
2117,31042.467463194076,0.3580428182773814,-1.0536155281570814e-12,0,0,0,54430.90723755985,42157.0,19927.934926388156
2118,31054.38665616597,0.35752157873095713,-1.0536155281570814e-12,0,0,0,54462.25951779271,42157.0,19951.773312331945
2119,31066.319848267238,0.3570001276591941,-1.0536155281570814e-12,0,0,0,54493.654649323646,42157.0,19975.63969653448
2120,31078.267061224797,0.35647846506209246,-1.0536155281570814e-12,0,0,0,54525.09270939718,42157.0,19999.534122449593
2121,31090.228316812114,0.35595659093965226,-1.0536155281570814e-12,0,0,0,54556.57377544172,42157.0,20023.45663362423
2122,31102.203636849346,0.3554345052918735,-1.0536155281570814e-12,0,0,0,54588.097925070266,42157.0,20047.40727369869
2123,31114.193043203446,0.35491220811875546,-1.0536155281570814e-12,0,0,0,54619.66523608079,42157.0,20071.386086406892
2124,31126.19655778827,0.3543896994202991,-1.0536155281570814e-12,0,0,0,54651.27578645674,42157.0,20095.39311557654
2125,31138.214202564737,0.3538669791965041,-1.0536155281570814e-12,0,0,0,54682.92965436776,42157.0,20119.42840512947
2126,31150.24599954095,0.35334404744737014,-1.0536155281570814e-12,0,0,0,54714.626918170085,42157.0,20143.491999081903
2127,31162.29197077229,0.3528209041728978,-1.0536155281570814e-12,0,0,0,54746.367656407136,42157.0,20167.583941544577
2128,31174.352138361577,0.35229754937308644,-1.0536155281570814e-12,0,0,0,54778.15194781004,42157.0,20191.704276723158
2129,31186.42652445917,0.35177398304793694,-1.0536155281570814e-12,0,0,0,54809.9798712982,42157.0,20215.85304891834
2130,31198.515151263127,0.3512502051974482,-1.0536155281570814e-12,0,0,0,54841.85150597991,42157.0,20240.03030252626
2131,31210.618041019286,0.3507262158216211,-1.0536155281570814e-12,0,0,0,54873.76693115273,42157.0,20264.236082038573
2132,31222.735216021436,0.3502020149204552,-1.0536155281570814e-12,0,0,0,54905.72622630419,42157.0,20288.470432042875
2133,31234.86669861142,0.34967760249395075,-1.0536155281570814e-12,0,0,0,54937.72947111235,42157.0,20312.733397222837
2134,31247.012511179262,0.3491529785421075,-1.0536155281570814e-12,0,0,0,54969.77674544621,42157.0,20337.025022358524
2135,31259.172676163325,0.3486281430649254,-1.0536155281570814e-12,0,0,0,55001.86812936645,42157.0,20361.34535232665
2136,31271.347216050395,0.34810309606240475,-1.0536155281570814e-12,0,0,0,55034.00370312587,42157.0,20385.69443210079
2137,31283.53615337585,0.3475778375345453,-1.0536155281570814e-12,0,0,0,55066.18354717001,42157.0,20410.072306751706
2138,31295.739510723764,0.3470523674813477,-1.0536155281570814e-12,0,0,0,55098.40774213765,42157.0,20434.47902144753
2139,31307.95731072707,0.3465266859028109,-1.0536155281570814e-12,0,0,0,55130.676368861496,42157.0,20458.91462145414
2140,31320.18957606764,0.3460007927989355,-1.0536155281570814e-12,0,0,0,55162.9895083686,42157.0,20483.379152135283
2141,31332.436329476466,0.3454746881697215,-1.0536155281570814e-12,0,0,0,55195.347241881056,42157.0,20507.872658952932
2142,31344.69759373376,0.3449483720151689,-1.0536155281570814e-12,0,0,0,55227.7496508165,42157.0,20532.395187467515
2143,31356.973391669108,0.34442184433527734,-1.0536155281570814e-12,0,0,0,55260.196816788724,42157.0,20556.946783338215
2144,31369.26374616159,0.34389510513004695,-1.0536155281570814e-12,0,0,0,55292.68882160823,42157.0,20581.527492323177
2145,31381.568680139888,0.34336815439947843,-1.0536155281570814e-12,0,0,0,55325.225747282755,42157.0,20606.13736027978
2146,31393.888216582494,0.3428409921435711,-1.0536155281570814e-12,0,0,0,55357.80767601802,42157.0,20630.776433164985
2147,31406.222378517767,0.34231361836232477,-1.0536155281570814e-12,0,0,0,55390.43469021815,42157.0,20655.444757035533
2148,31418.571189024093,0.34178603305573985,-1.0536155281570814e-12,0,0,0,55423.10687248625,42157.0,20680.14237804819
2149,31430.93467123004,0.34125823622381635,-1.0536155281570814e-12,0,0,0,55455.824305625196,42157.0,20704.86934246008
2150,31443.31284831446,0.34073022786655427,-1.0536155281570814e-12,0,0,0,55488.58707263792,42157.0,20729.625696628922
2151,31455.705743506664,0.34020200798395317,-1.0536155281570814e-12,0,0,0,55521.395256728305,42157.0,20754.411487013327
2152,31468.113380086506,0.3396735765760137,-1.0536155281570814e-12,0,0,0,55554.24894130155,42157.0,20779.22676017301
2153,31480.53578138457,0.33914493364273546,-1.0536155281570814e-12,0,0,0,55587.148209964864,42157.0,20804.07156276914
2154,31492.972970782284,0.3386160791841184,-1.0536155281570814e-12,0,0,0,55620.09314652808,42157.0,20828.94594156457
2155,31505.42497171205,0.33808701320016277,-1.0536155281570814e-12,0,0,0,55653.083835004225,42157.0,20853.849943424102
2156,31517.891807657394,0.33755773569086855,-1.0536155281570814e-12,0,0,0,55686.120359610046,42157.0,20878.783615314787
2157,31530.373502153107,0.33702824665623554,-1.0536155281570814e-12,0,0,0,55719.20280476679,42157.0,20903.747004306217
2158,31542.870078785374,0.33649854609626395,-1.0536155281570814e-12,0,0,0,55752.33125510066,42157.0,20928.740157570748
2159,31555.38156119192,0.33596863401095356,-1.0536155281570814e-12,0,0,0,55785.50579544346,42157.0,20953.76312238384
2160,31567.907973062145,0.33543851040030437,-1.0536155281570814e-12,0,0,0,55818.72651083326,42157.0,20978.815946124287
2161,31580.44933813726,0.3349081752643164,-1.0536155281570814e-12,0,0,0,55851.9934865149,42157.0,21003.898676274523
2162,31593.005680210434,0.33437762860299025,-1.0536155281570814e-12,0,0,0,55885.30680794067,42157.0,21029.011360420867
2163,31605.57702312696,0.3338468704163249,-1.0536155281570814e-12,0,0,0,55918.66656077105,42157.0,21054.15404625392
2164,31618.163390784328,0.33331590070432116,-1.0536155281570814e-12,0,0,0,55952.07283087502,42157.0,21079.326781568656
2165,31630.764807132444,0.33278471946697885,-1.0536155281570814e-12,0,0,0,55985.52570433098,42157.0,21104.529614264888
2166,31643.381296173728,0.33225332670429775,-1.0536155281570814e-12,0,0,0,56019.02526742725,42157.0,21129.76259234745
2167,31656.012881963266,0.33172172241627784,-1.0536155281570814e-12,0,0,0,56052.571606662656,42157.0,21155.025763926533
2168,31668.659588608956,0.33118990660291936,-1.0536155281570814e-12,0,0,0,56086.16480874723,42157.0,21180.31917721791
2169,31681.32144027165,0.33065787926422185,-1.0536155281570814e-12,0,0,0,56119.804960602814,42157.0,21205.642880543306
2170,31693.998461165298,0.330125640400186,-1.0536155281570814e-12,0,0,0,56153.49214936367,42157.0,21230.996922330596
2171,31706.69067555709,0.32959319001081133,-1.0536155281570814e-12,0,0,0,56187.22646237713,42157.0,21256.38135111418
2172,31719.398107767614,0.3290605280960981,-1.0536155281570814e-12,0,0,0,56221.0079872043,42157.0,21281.79621553523
2173,31732.12078217099,0.32852765465604583,-1.0536155281570814e-12,0,0,0,56254.83681162055,42157.0,21307.241564341984
2174,31744.858723195004,0.32799456969065544,-1.0536155281570814e-12,0,0,0,56288.71302361627,42157.0,21332.71744639001
2175,31757.611955321296,0.327461273199926,-1.0536155281570814e-12,0,0,0,56322.636711397514,42157.0,21358.22391064259
2176,31770.380503085456,0.326927765183858,-1.0536155281570814e-12,0,0,0,56356.60796338657,42157.0,21383.761006170913
2177,31783.164391077215,0.3263940456424512,-1.0536155281570814e-12,0,0,0,56390.62686822267,42157.0,21409.32878215443
2178,31795.96364394055,0.32586011457570585,-1.0536155281570814e-12,0,0,0,56424.69351476261,42157.0,21434.927287881106
2179,31808.778286373887,0.3253259719836219,-1.0536155281570814e-12,0,0,0,56458.807992081434,42157.0,21460.556572747773
2180,31821.608343130207,0.3247916178661989,-1.0536155281570814e-12,0,0,0,56492.97038947306,42157.0,21486.216686260414
2181,31834.45383901719,0.3242570522234376,-1.0536155281570814e-12,0,0,0,56527.1807964509,42157.0,21511.907678034382
2182,31847.31479889741,0.3237222750553377,-1.0536155281570814e-12,0,0,0,56561.439302748615,42157.0,21537.629597794814
2183,31860.191247688457,0.32318728636189853,-1.0536155281570814e-12,0,0,0,56595.74599832075,42157.0,21563.382495376914
2184,31873.08321036307,0.322652086143121,-1.0536155281570814e-12,0,0,0,56630.1009733433,42157.0,21589.166420726142
2185,31885.990711949325,0.32211667439900493,-1.0536155281570814e-12,0,0,0,56664.504318214465,42157.0,21614.981423898647
2186,31898.913777530768,0.32158105112955004,-1.0536155281570814e-12,0,0,0,56698.95612355533,42157.0,21640.827555061536
2187,31911.85243224658,0.32104521633475636,-1.0536155281570814e-12,0,0,0,56733.45648021053,42157.0,21666.704864493156
2188,31924.80670129169,0.3205091700146241,-1.0536155281570814e-12,0,0,0,56768.00547924881,42157.0,21692.61340258338
2189,31937.776609916997,0.319972912169153,-1.0536155281570814e-12,0,0,0,56802.603211963906,42157.0,21718.553219833997
2190,31950.762183429455,0.3194364427983436,-1.0536155281570814e-12,0,0,0,56837.249769875,42157.0,21744.524366858914
2191,31963.763447192287,0.3188997619021954,-1.0536155281570814e-12,0,0,0,56871.945244727605,42157.0,21770.52689438457
2192,31976.780426625097,0.3183628694807079,-1.0536155281570814e-12,0,0,0,56906.689728494115,42157.0,21796.560853250197
2193,31989.813147204026,0.3178257655338823,-1.0536155281570814e-12,0,0,0,56941.48331337449,42157.0,21822.62629440805
2194,32002.861634461944,0.31728845006171813,-1.0536155281570814e-12,0,0,0,56976.326091797026,42157.0,21848.72326892389
2195,32015.925913988583,0.3167509230642154,-1.0536155281570814e-12,0,0,0,57011.218156419,42157.0,21874.851827977167
2196,32029.006011430705,0.31621318454137337,-1.0536155281570814e-12,0,0,0,57046.1596001274,42157.0,21901.01202286141
2197,32042.101952492223,0.315675234493193,-1.0536155281570814e-12,0,0,0,57081.15051603949,42157.0,21927.203904984442
2198,32055.213762934407,0.31513707291967386,-1.0536155281570814e-12,0,0,0,57116.190997503676,42157.0,21953.427525868814
2199,32068.34146857602,0.3145986998208161,-1.0536155281570814e-12,0,0,0,57151.2811381001,42157.0,21979.682937152043
2200,32081.485095293494,0.3140601151966196,-1.0536155281570814e-12,0,0,0,57186.42103164143,42157.0,22005.970190586984
2201,32094.644669021047,0.31352131904708447,-1.0536155281570814e-12,0,0,0,57221.610772173444,42157.0,22032.28933804209
2202,32107.820215750897,0.31298231137221055,-1.0536155281570814e-12,0,0,0,57256.85045397582,42157.0,22058.640431501794
2203,32121.011761533387,0.31244309217199806,-1.0536155281570814e-12,0,0,0,57292.14017156287,42157.0,22085.02352306678
2204,32134.219332477172,0.31190366144644677,-1.0536155281570814e-12,0,0,0,57327.480019684204,42157.0,22111.43866495435
2205,32147.44295474935,0.3113640191955571,-1.0536155281570814e-12,0,0,0,57362.87009332541,42157.0,22137.885909498695
2206,32160.682654575652,0.31082416541932845,-1.0536155281570814e-12,0,0,0,57398.31048770888,42157.0,22164.365309151304
2207,32173.938458240595,0.310284100117761,-1.0536155281570814e-12,0,0,0,57433.80129829446,42157.0,22190.87691648119
2208,32187.210392087636,0.3097438232908549,-1.0536155281570814e-12,0,0,0,57469.34262078012,42157.0,22217.420784175276
2209,32200.498482519353,0.3092033349386103,-1.0536155281570814e-12,0,0,0,57504.934551102815,42157.0,22243.99696503871
2210,32213.802755997604,0.3086626350610271,-1.0536155281570814e-12,0,0,0,57540.57718543912,42157.0,22270.605511995207
2211,32227.123239043685,0.3081217236581051,-1.0536155281570814e-12,0,0,0,57576.27062020598,42157.0,22297.24647808737
2212,32240.459958238513,0.30758060072984406,-1.0536155281570814e-12,0,0,0,57612.01495206146,42157.0,22323.91991647703
2213,32253.812940222753,0.3070392662762449,-1.0536155281570814e-12,0,0,0,57647.81027790543,42157.0,22350.625880445506
2214,32267.182211697043,0.30649772029730693,-1.0536155281570814e-12,0,0,0,57683.65669488039,42157.0,22377.364423394087
2215,32280.56779942212,0.30595596279303017,-1.0536155281570814e-12,0,0,0,57719.55430037215,42157.0,22404.135598844237
2216,32293.969730218996,0.3054139937634146,-1.0536155281570814e-12,0,0,0,57755.50319201057,42157.0,22430.939460437992
2217,32307.388030969127,0.30487181320846046,-1.0536155281570814e-12,0,0,0,57791.50346767034,42157.0,22457.776061938257
2218,32320.822728614592,0.30432942112816774,-1.0536155281570814e-12,0,0,0,57827.55522547174,42157.0,22484.645457229188
2219,32334.273850158253,0.30378681752253645,-1.0536155281570814e-12,0,0,0,57863.65856378132,42157.0,22511.547700316507
2220,32347.741422663934,0.3032440023915661,-1.0536155281570814e-12,0,0,0,57899.81358121278,42157.0,22538.482845327868
2221,32361.225473256578,0.302700975735257,-1.0536155281570814e-12,0,0,0,57936.02037662758,42157.0,22565.450946513156
2222,32374.726029122423,0.3021577375536093,-1.0536155281570814e-12,0,0,0,57972.279049135796,42157.0,22592.452058244846
2223,32388.24311750917,0.3016142878466235,-1.0536155281570814e-12,0,0,0,58008.58969809684,42157.0,22619.486235018336
2224,32401.776765726205,0.3010706266142982,-1.0536155281570814e-12,0,0,0,58044.95242312036,42157.0,22646.55353145241
2225,32415.32700114467,0.30052675385663474,-1.0536155281570814e-12,0,0,0,58081.36732406672,42157.0,22673.65400228934
2226,32428.893851197743,0.2999826695736325,-1.0536155281570814e-12,0,0,0,58117.83450104811,42157.0,22700.787702395486
2227,32442.47734338075,0.2994383737652917,-1.0536155281570814e-12,0,0,0,58154.35405442908,42157.0,22727.954686761495
2228,32456.077505251356,0.29889386643161187,-1.0536155281570814e-12,0,0,0,58190.92608482742,42157.0,22755.155010502716
2229,32469.694364429743,0.29834914757259345,-1.0536155281570814e-12,0,0,0,58227.55069311491,42157.0,22782.38872885949
2230,32483.32794859878,0.29780421718823646,-1.0536155281570814e-12,0,0,0,58264.22798041812,42157.0,22809.655897197557
2231,32496.978285504203,0.2972590752785407,-1.0536155281570814e-12,0,0,0,58300.95804811917,42157.0,22836.956571008406
2232,32510.645402954804,0.2967137218435063,-1.0536155281570814e-12,0,0,0,58337.74099785661,42157.0,22864.290805909604
2233,32524.329328822583,0.29616815688313314,-1.0536155281570814e-12,0,0,0,58374.57693152603,42157.0,22891.658657645166
2234,32538.03009104296,0.29562238039742117,-1.0536155281570814e-12,0,0,0,58411.46595128108,42157.0,22919.060182085923
2235,32551.74771761491,0.29507639238637084,-1.0536155281570814e-12,0,0,0,58448.40815953404,42157.0,22946.495435229823
2236,32565.482236601194,0.2945301928499817,-1.0536155281570814e-12,0,0,0,58485.40365895683,42157.0,22973.96447320239
2237,32579.233676128504,0.293983781788254,-1.0536155281570814e-12,0,0,0,58522.45255248166,42157.0,23001.467352257005
2238,32593.002064387656,0.2934371592011873,-1.0536155281570814e-12,0,0,0,58559.554943301955,42157.0,23029.00412877531
2239,32606.787429633754,0.2928903250887822,-1.0536155281570814e-12,0,0,0,58596.71093487303,42157.0,23056.574859267508
2240,32620.58980018641,0.29234327945103833,-1.0536155281570814e-12,0,0,0,58633.92063091303,42157.0,23084.179600372823
2241,32634.409204429903,0.29179602228795587,-1.0536155281570814e-12,0,0,0,58671.184135403695,42157.0,23111.818408859803
2242,32648.24567081335,0.2912485535995344,-1.0536155281570814e-12,0,0,0,58708.50155259113,42157.0,23139.4913416267
2243,32662.099227850907,0.29070087338577455,-1.0536155281570814e-12,0,0,0,58745.87298698673,42157.0,23167.198455701815
2244,32675.96990412196,0.29015298164667613,-1.0536155281570814e-12,0,0,0,58783.2985433679,42157.0,23194.93980824392
2245,32689.8577282713,0.2896048783822387,-1.0536155281570814e-12,0,0,0,58820.77832677898,42157.0,23222.715456542606
2246,32703.76272900932,0.28905656359246223,-1.0536155281570814e-12,0,0,0,58858.31244253203,42157.0,23250.52545801864
2247,32717.684935112142,0.28850803727734786,-1.0536155281570814e-12,0,0,0,58895.900996207536,42157.0,23278.369870224284
2248,32731.62437542193,0.28795929943689424,-1.0536155281570814e-12,0,0,0,58933.54409365558,42157.0,23306.248750843857
2249,32745.58107884694,0.28741035007110227,-1.0536155281570814e-12,0,0,0,58971.24184099628,42157.0,23334.162157693878
2250,32759.555074361804,0.2868611891799715,-1.0536155281570814e-12,0,0,0,59008.99434462096,42157.0,23362.11014872361
2251,32773.54639100767,0.28631181676350215,-1.0536155281570814e-12,0,0,0,59046.80171119277,42157.0,23390.09278201535
2252,32787.55505789243,0.285762232821694,-1.0536155281570814e-12,0,0,0,59084.66404764768,42157.0,23418.110115784864
2253,32801.58110419086,0.28521243735454727,-1.0536155281570814e-12,0,0,0,59122.58146119529,42157.0,23446.162208381724
2254,32815.62455914486,0.28466243036206174,-1.0536155281570814e-12,0,0,0,59160.55405931963,42157.0,23474.249118289725
2255,32829.68545206362,0.2841122118442374,-1.0536155281570814e-12,0,0,0,59198.581949780106,42157.0,23502.37090412724
2256,32843.76381232381,0.2835617818010745,-1.0536155281570814e-12,0,0,0,59236.66524061226,42157.0,23530.527624647617
2257,32857.85966936978,0.28301114023257323,-1.0536155281570814e-12,0,0,0,59274.80404012874,42157.0,23558.719338739553
2258,32871.97305271378,0.2824602871387327,-1.0536155281570814e-12,0,0,0,59312.998456920184,42157.0,23586.94610542756
2259,32886.10399193609,0.2819092225195541,-1.0536155281570814e-12,0,0,0,59351.248599855884,42157.0,23615.207983872184
2260,32900.2525166853,0.2813579463750364,-1.0536155281570814e-12,0,0,0,59389.55457808496,42157.0,23643.505033370602
2261,32914.41865667842,0.2808064587051802,-1.0536155281570814e-12,0,0,0,59427.91650103696,42157.0,23671.83731335684
2262,32928.60244170114,0.2802547595099849,-1.0536155281570814e-12,0,0,0,59466.334478423,42157.0,23700.204883402286
2263,32942.803901607986,0.2797028487894515,-1.0536155281570814e-12,0,0,0,59504.808620236356,42157.0,23728.607803215975
2264,32957.02306632256,0.2791507265435791,-1.0536155281570814e-12,0,0,0,59543.339036753685,42157.0,23757.046132645122
2265,32971.25996583769,0.2785983927723681,-1.0536155281570814e-12,0,0,0,59581.925838535615,42157.0,23785.519931675386
2266,32985.51463021568,0.2780458474758183,-1.0536155281570814e-12,0,0,0,59620.56913642785,42157.0,23814.029260431358
2267,32999.78708958845,0.2774930906539299,-1.0536155281570814e-12,0,0,0,59659.26904156191,42157.0,23842.574179176896
2268,33014.077374157794,0.27694012230670273,-1.0536155281570814e-12,0,0,0,59698.025665356196,42157.0,23871.15474831559
2269,33028.38551419555,0.276386942434137,-1.0536155281570814e-12,0,0,0,59736.83911951674,42157.0,23899.7710283911
2270,33042.71154004381,0.27583355103623264,-1.0536155281570814e-12,0,0,0,59775.70951603823,42157.0,23928.423080087625
2271,33057.05548211513,0.2752799481129895,-1.0536155281570814e-12,0,0,0,59814.636967204846,42157.0,23957.11096423026
2272,33071.41737089272,0.27472613366440757,-1.0536155281570814e-12,0,0,0,59853.621585591216,42157.0,23985.834741785435
2273,33085.79723693063,0.2741721076904873,-1.0536155281570814e-12,0,0,0,59892.66348406328,42157.0,24014.59447386126
2274,33100.19511085402,0.27361787019122796,-1.0536155281570814e-12,0,0,0,59931.76277577934,42157.0,24043.39022170805
2275,33114.611023359306,0.27306342116663007,-1.0536155281570814e-12,0,0,0,59970.91957419081,42157.0,24072.222046718613
2276,33129.04500521437,0.2725087606166936,-1.0536155281570814e-12,0,0,0,60010.13399304328,42157.0,24101.09001042874
2277,33143.4970872588,0.2719538885414181,-1.0536155281570814e-12,0,0,0,60049.4061463774,42157.0,24129.994174517607
2278,33157.96730040407,0.27139880494080426,-1.0536155281570814e-12,0,0,0,60088.73614852976,42156.99999999999,24158.934600808137
2279,33172.455675633755,0.27084350981485183,-1.0536155281570814e-12,0,0,0,60128.12411413398,42157.0,24187.911351267507
2280,33186.96224400376,0.2702880031635604,-1.0536155281570814e-12,0,0,0,60167.570158121496,42157.0,24216.92448800751
2281,33201.48703664247,0.2697322849869306,-1.0536155281570814e-12,0,0,0,60207.074395722564,42157.0,24245.974073284946
2282,33216.030084751066,0.26917635528496175,-1.0536155281570814e-12,0,0,0,60246.63694246725,42157.0,24275.060169502136
2283,33230.591419603625,0.26862021405765435,-1.0536155281570814e-12,0,0,0,60286.25791418636,42157.0,24304.182839207246
2284,33245.17107254738,0.26806386130500837,-1.0536155281570814e-12,0,0,0,60325.9374270123,42157.0,24333.342145094764
2285,33259.76907500297,0.26750729702702336,-1.0536155281570814e-12,0,0,0,60365.67559738025,42157.0,24362.538150005945
2286,33274.385458464574,0.2669505212237002,-1.0536155281570814e-12,0,0,0,60405.472542028874,42157.0,24391.770916929145
2287,33289.020254500196,0.26639353389503806,-1.0536155281570814e-12,0,0,0,60445.32837800149,42157.0,24421.040509000388
2288,33303.67349475184,0.2658363350410371,-1.0536155281570814e-12,0,0,0,60485.243222646975,42157.0,24450.346989503683
2289,33318.34521093574,0.2652789246616978,-1.0536155281570814e-12,0,0,0,60525.21719362066,42157.0,24479.690421871477
2290,33333.035434842575,0.26472130275701966,-1.0536155281570814e-12,0,0,0,60565.250408885455,42157.0,24509.07086968515
2291,33347.74419833769,0.2641634693270025,-1.0536155281570814e-12,0,0,0,60605.34298671274,42157.0,24538.488396675388
2292,33362.4715333613,0.263605424371647,-1.0536155281570814e-12,0,0,0,60645.49504568334,42157.0,24567.9430667226
2293,33377.217471928714,0.26304716789095317,-1.0536155281570814e-12,0,0,0,60685.70670468855,42157.0,24597.434943857425
2294,33391.982046130586,0.2624886998849201,-1.0536155281570814e-12,0,0,0,60725.97808293115,42157.0,24626.964092261176
2295,33406.76528813309,0.2619300203535484,-1.0536155281570814e-12,0,0,0,60766.309299926375,42157.0,24656.530576266174
2296,33421.56723017814,0.26137112929683814,-1.0536155281570814e-12,0,0,0,60806.700475502876,42157.0,24686.13446035628
2297,33436.387904583666,0.2608120267147893,-1.0536155281570814e-12,0,0,0,60847.15172980379,42157.0,24715.77580916733
2298,33451.22734374379,0.2602527126074017,-1.0536155281570814e-12,0,0,0,60887.66318328775,42157.0,24745.45468748758
2299,33466.08558012906,0.25969318697467525,-1.0536155281570814e-12,0,0,0,60928.23495672985,42157.0,24775.17116025812
2300,33480.96264628667,0.25913344981661024,-1.0536155281570814e-12,0,0,0,60968.86717122268,42157.0,24804.92529257334
2301,33495.858574840706,0.25857350113320643,-1.0536155281570814e-12,0,0,0,61009.55994817735,42157.0,24834.71714968141
2302,33510.77339849233,0.25801334092446426,-1.0536155281570814e-12,0,0,0,61050.31340932452,42157.0,24864.54679698466
2303,33525.70715002008,0.2574529691903831,-1.0536155281570814e-12,0,0,0,61091.12767671544,42157.0,24894.414300040153
2304,33540.659862279994,0.2568923859309633,-1.0536155281570814e-12,0,0,0,61132.00287272296,42157.0,24924.31972455999
2305,33555.63156820594,0.25633159114620496,-1.0536155281570814e-12,0,0,0,61172.93912004257,42157.0,24954.26313641189
2306,33570.6223008098,0.2557705848361076,-1.0536155281570814e-12,0,0,0,61213.93654169345,42157.0,24984.244601619605
2307,33585.63209318166,0.25520936700067187,-1.0536155281570814e-12,0,0,0,61254.99526101948,42157.0,25014.264186363318
2308,33600.660978490116,0.25464793763989735,-1.0536155281570814e-12,0,0,0,61296.11540169035,42157.0,25044.32195698023
2309,33615.708989982464,0.25408629675378425,-1.0536155281570814e-12,0,0,0,61337.29708770257,42157.0,25074.41797996493
2310,33630.77616098494,0.2535244443423321,-1.0536155281570814e-12,0,0,0,61378.54044338055,42157.0,25104.552321969884
2311,33645.86252490294,0.25296238040554164,-1.0536155281570814e-12,0,0,0,61419.84559337759,42157.0,25134.725049805886
2312,33660.96811522129,0.25240010494341236,-1.0536155281570814e-12,0,0,0,61461.212662677055,42157.0,25164.936230442578
2313,33676.092965504424,0.2518376179559445,-1.0536155281570814e-12,0,0,0,61502.64177659338,42157.0,25195.18593100885
2314,33691.23710939669,0.25127491944313807,-1.0536155281570814e-12,0,0,0,61544.13306077312,42157.0,25225.47421879337
2315,33706.40058062252,0.2507120094049926,-1.0536155281570814e-12,0,0,0,61585.6866411961,42157.0,25255.801161245035
2316,33721.58341298671,0.2501488878415088,-1.0536155281570814e-12,0,0,0,61627.30264417642,42157.0,25286.16682597341
2317,33736.78564037464,0.24958555475268618,-1.0536155281570814e-12,0,0,0,61668.98119636359,42157.0,25316.57128074928
2318,33752.007296752534,0.24902201013852454,-1.0536155281570814e-12,0,0,0,61710.7224247436,42157.0,25347.01459350507
2319,33767.248416167655,0.24845825399902455,-1.0536155281570814e-12,0,0,0,61752.526456640015,42157.0,25377.496832335313
2320,33782.509032748596,0.24789428633418598,-1.0536155281570814e-12,0,0,0,61794.393419715045,42157.0,25408.018065497192
2321,33797.7891807055,0.24733010714400838,-1.0536155281570814e-12,0,0,0,61836.32344197074,42157.0,25438.578361411
2322,33813.088894330285,0.24676571642849243,-1.0536155281570814e-12,0,0,0,61878.31665174998,42157.0,25469.17778866057
2323,33828.40820799693,0.24620111418763768,-1.0536155281570814e-12,0,0,0,61920.37317773764,42157.0,25499.816415993857
2324,33843.74715616168,0.24563630042144413,-1.0536155281570814e-12,0,0,0,61962.493148961716,42157.0,25530.494312323353
2325,33859.10577336329,0.245071275129912,-1.0536155281570814e-12,0,0,0,62004.676694794434,42157.0,25561.211546726583
2326,33874.48409422333,0.24450603831304107,-1.0536155281570814e-12,0,0,0,62046.92394495335,42157.0,25591.96818844666
2327,33889.88215344634,0.24394058997083157,-1.0536155281570814e-12,0,0,0,62089.2350295025,42157.0,25622.764306892685
2328,33905.29998582016,0.24337493010328348,-1.0536155281570814e-12,0,0,0,62131.61007885354,42157.0,25653.59997164032
2329,33920.737626216134,0.24280905871039637,-1.0536155281570814e-12,0,0,0,62174.04922376687,42157.0,25684.47525243227
2330,33936.19510958935,0.24224297579217113,-1.0536155281570814e-12,0,0,0,62216.55259535275,42157.0,25715.390219178702
2331,33951.672470978956,0.24167668134860665,-1.0536155281570814e-12,0,0,0,62259.1203250725,42157.0,25746.344941957916
2332,33967.16974550832,0.2411101753797038,-1.0536155281570814e-12,0,0,0,62301.7525447396,42157.0,25777.33949101664
2333,33982.68696838536,0.24054345788546194,-1.0536155281570814e-12,0,0,0,62344.44938652089,42157.0,25808.37393677072
2334,33998.22417490274,0.23997652886588172,-1.0536155281570814e-12,0,0,0,62387.21098293765,42157.0,25839.448349805472
2335,34013.78140043816,0.23940938832096292,-1.0536155281570814e-12,0,0,0,62430.03746686686,42157.0,25870.562800876312
2336,34029.358680454614,0.2388420362507051,-1.0536155281570814e-12,0,0,0,62472.92897154233,42157.0,25901.717360909228
2337,34044.956050500616,0.2382744726551087,-1.0536155281570814e-12,0,0,0,62515.88563055583,42157.0,25932.912101001228
2338,34060.57354621047,0.23770669753417373,-1.0536155281570814e-12,0,0,0,62558.90757785833,42157.0,25964.14709242094
2339,34076.21120330455,0.23713871088789995,-1.0536155281570814e-12,0,0,0,62601.99494776112,42157.0,25995.422406609094
2340,34091.86905758951,0.2365705127162876,-1.0536155281570814e-12,0,0,0,62645.14787493704,42157.0,26026.738115179018
2341,34107.547144958604,0.23600210301933644,-1.0536155281570814e-12,0,0,0,62688.36649442172,42157.0,26058.094289917208
2342,34123.2455013919,0.23543348179704648,-1.0536155281570814e-12,0,0,0,62731.650941614644,42157.0,26089.491002783805
2343,34138.96416295655,0.23486464904941795,-1.0536155281570814e-12,0,0,0,62775.00135228039,42157.0,26120.928325913104
2344,34154.70316580707,0.23429560477645084,-1.0536155281570814e-12,0,0,0,62818.41786254996,42157.0,26152.406331614144
2345,34170.46254618559,0.23372634897814515,-1.0536155281570814e-12,0,0,0,62861.900608921846,42157.0,26183.925092371177
2346,34186.242340422126,0.23315688165450044,-1.0536155281570814e-12,0,0,0,62905.44972826328,42157.0,26215.484680844253
2347,34202.042584934825,0.23258720280551737,-1.0536155281570814e-12,0,0,0,62949.06535781147,42157.0,26247.085169869646
2348,34217.863316230265,0.23201731243119528,-1.0536155281570814e-12,0,0,0,62992.74763517485,42157.0,26278.726632460533
2349,34233.70457090369,0.23144721053153483,-1.0536155281570814e-12,0,0,0,63036.49669833422,42157.0,26310.409141807377
2350,34249.5663856393,0.23087689710653536,-1.0536155281570814e-12,0,0,0,63080.312685644094,42157.0,26342.132771278604
2351,34265.448797210505,0.23030637215619754,-1.0536155281570814e-12,0,0,0,63124.19573583382,42157.0,26373.89759442101
2352,34281.35184248022,0.2297356356805207,-1.0536155281570814e-12,0,0,0,63168.14598800895,42157.0,26405.703684960434
2353,34297.27555840108,0.22916468767950549,-1.0536155281570814e-12,0,0,0,63212.16358165234,42157.0,26437.55111680216
2354,34313.21998201579,0.22859352815315148,-1.0536155281570814e-12,0,0,0,63256.24865662555,42157.0,26469.439964031586
2355,34329.18515045735,0.22802215710145868,-1.0536155281570814e-12,0,0,0,63300.40135317001,42157.0,26501.370300914703
2356,34345.171100949316,0.22745057452442752,-1.0536155281570814e-12,0,0,0,63344.62181190828,42157.0,26533.342201898628
2357,34361.177870806125,0.22687878042205734,-1.0536155281570814e-12,0,0,0,63388.9101738454,42157.0,26565.355741612246
2358,34377.20549743332,0.22630677479434835,-1.0536155281570814e-12,0,0,0,63433.26658037003,42157.0,26597.410994866645
2359,34393.25401832786,0.22573455764130101,-1.0536155281570814e-12,0,0,0,63477.691173255866,42157.0,26629.508036655723
2360,34409.323471078395,0.22516212896291488,-1.0536155281570814e-12,0,0,0,63522.184094662836,42157.0,26661.64694215679
2361,34425.41389336552,0.22458948875919016,-1.0536155281570814e-12,0,0,0,63566.74548713841,42157.0,26693.827786731035
2362,34441.52532296209,0.22401663703012664,-1.0536155281570814e-12,0,0,0,63611.375493618885,42157.0,26726.050645924173
2363,34457.657797733475,0.22344357377572432,-1.0536155281570814e-12,0,0,0,63656.074257430715,42157.0,26758.315595466953
2364,34473.81135563786,0.22287029899598343,-1.0536155281570814e-12,0,0,0,63700.841922291766,42157.0,26790.622711275722
2365,34489.98603472651,0.22229681269090373,-1.0536155281570814e-12,0,0,0,63745.67863231269,42157.0,26822.972069453026
2366,34506.181873144065,0.2217231148604859,-1.0536155281570814e-12,0,0,0,63790.58453199808,42157.0,26855.363746288127
2367,34522.398909128846,0.2211492055047286,-1.0536155281570814e-12,0,0,0,63835.5597662481,42157.0,26887.79781825769
2368,34538.63718101308,0.22057508462363296,-1.0536155281570814e-12,0,0,0,63880.60448035941,42156.99999999999,26920.274362026164
2369,34554.89672722326,0.22000075221719873,-1.0536155281570814e-12,0,0,0,63925.718820026836,42157.0,26952.793454446524
2370,34571.17758628039,0.21942620828542592,-1.0536155281570814e-12,0,0,0,63970.902931344484,42157.0,26985.355172560783
2371,34587.47979680029,0.2188514528283143,-1.0536155281570814e-12,0,0,0,64016.15696080723,42157.0,27017.959593600575
2372,34603.80339749387,0.2182764858458639,-1.0536155281570814e-12,0,0,0,64061.48105531196,42157.0,27050.606794987743
2373,34620.148427167456,0.2177013073380747,-1.0536155281570814e-12,0,0,0,64106.87536215896,42157.0,27083.296854334912
2374,34636.51492472302,0.21712591730494712,-1.0536155281570814e-12,0,0,0,64152.3400290532,42157.0,27116.029849446044
2375,34652.90292915857,0.21655031574648054,-1.0536155281570814e-12,0,0,0,64197.87520410591,42157.0,27148.80585831714
2376,34669.31247956834,0.21597450266267537,-1.0536155281570814e-12,0,0,0,64243.48103583568,42157.0,27181.624959136683
2377,34685.74361514316,0.21539847805353163,-1.0536155281570814e-12,0,0,0,64289.15767316999,42157.0,27214.487230286322
2378,34702.19637517072,0.2148222419190493,-1.0536155281570814e-12,0,0,0,64334.90526544655,42157.0,27247.39275034144
2379,34718.67079903589,0.21424579425922796,-1.0536155281570814e-12,0,0,0,64380.72396241467,42157.0,27280.341598071784
2380,34735.16692622098,0.21366913507406826,-1.0536155281570814e-12,0,0,0,64426.61391423665,42157.0,27313.333852441963
2381,34751.6847963061,0.21309226436356954,-1.0536155281570814e-12,0,0,0,64472.575271489215,42157.0,27346.3695926122
2382,34768.22444896939,0.21251518212773246,-1.0536155281570814e-12,0,0,0,64518.60818516484,42157.0,27379.44889793878
2383,34784.785923987394,0.21193788836655658,-1.0536155281570814e-12,0,0,0,64564.712806673255,42157.0,27412.571847974785
2384,34801.36926123531,0.2113603830800419,-1.0536155281570814e-12,0,0,0,64610.88928784272,42157.0,27445.73852247062
2385,34817.97450068732,0.21078266626818865,-1.0536155281570814e-12,0,0,0,64657.137780921556,42157.0,27478.949001374644
2386,34834.6016824169,0.2102047379309968,-1.0536155281570814e-12,0,0,0,64703.458438579575,42157.0,27512.203364833793
2387,34851.250846597104,0.20962659806846595,-1.0536155281570814e-12,0,0,0,64749.8514139094,42157.0,27545.50169319421
2388,34867.92203350089,0.20904824668059696,-1.0536155281570814e-12,0,0,0,64796.31686042792,42157.0,27578.84406700177
2389,34884.615283501436,0.20846968376738872,-1.0536155281570814e-12,0,0,0,64842.854932077906,42156.99999999999,27612.230567002876
2390,34901.33063707244,0.2078909093288419,-1.0536155281570814e-12,0,0,0,64889.465783229236,42157.0,27645.66127414488
2391,34918.06813478841,0.20731192336495674,-1.0536155281570814e-12,0,0,0,64936.14956868037,42157.0,27679.136269576815
2392,34934.82781732502,0.20673272587573277,-1.0536155281570814e-12,0,0,0,64982.90644365995,42157.0,27712.655634650044
2393,34951.60972545942,0.20615331686116978,-1.0536155281570814e-12,0,0,0,65029.73656382821,42157.0,27746.21945091884
2394,34968.41390007049,0.20557369632126843,-1.0536155281570814e-12,0,0,0,65076.6400852783,42157.0,27779.827800140978
2395,34985.240382139236,0.20499386425602806,-1.0536155281570814e-12,0,0,0,65123.61716453794,42157.0,27813.480764278476
2396,35002.08921274905,0.20441382066544955,-1.0536155281570814e-12,0,0,0,65170.66795857081,42157.0,27847.1784254981
2397,35018.96043308608,0.20383356554953203,-1.0536155281570814e-12,0,0,0,65217.79262477809,42157.0,27880.92086617216
2398,35035.8540844395,0.2032530989082757,-1.0536155281570814e-12,0,0,0,65264.99132099991,42157.0,27914.708168879006
2399,35052.77020820186,0.2026724207416808,-1.0536155281570814e-12,0,0,0,65312.26420551682,42157.0,27948.540416403717
2400,35069.70884586939,0.2020915310497473,-1.0536155281570814e-12,0,0,0,65359.61143705135,42157.0,27982.417691738778
2401,35086.67003904235,0.20151042983247502,-1.0536155281570814e-12,0,0,0,65407.03317476953,42157.0,28016.340078084704
2402,35103.65382942533,0.20092911708986438,-1.0536155281570814e-12,0,0,0,65454.52957828237,42157.0,28050.307658850663
2403,35120.66025882761,0.20034759282191472,-1.0536155281570814e-12,0,0,0,65502.10080764737,42157.0,28084.32051765521
2404,35137.68936916342,0.19976585702862626,-1.0536155281570814e-12,0,0,0,65549.7470233701,42157.0,28118.37873832684
2405,35154.741202452344,0.19918390970999922,-1.0536155281570814e-12,0,0,0,65597.46838640569,42157.0,28152.482404904687
2406,35171.8158008196,0.19860175086603382,-1.0536155281570814e-12,0,0,0,65645.26505816034,42157.0,28186.63160163919
2407,35188.91320649641,0.19801938049672918,-1.0536155281570814e-12,0,0,0,65693.13720049302,42157.0,28220.826412992817
2408,35206.033461820276,0.1974367986020864,-1.0536155281570814e-12,0,0,0,65741.0849757168,42157.0,28255.066923640552
2409,35223.176609235394,0.1968540051821046,-1.0536155281570814e-12,0,0,0,65789.10854660065,42157.00000000001,28289.353218470784
2410,35240.3426912929,0.196271000236784,-1.0536155281570814e-12,0,0,0,65837.20807637078,42157.0,28323.6853825858
2411,35257.531750651266,0.19568778376612506,-1.0536155281570814e-12,0,0,0,65885.38372871235,42157.0,28358.06350130253
2412,35274.74383007663,0.1951043557701273,-1.0536155281570814e-12,0,0,0,65933.63566777104,42157.0,28392.487660153256
2413,35291.9789724431,0.19452071624879075,-1.0536155281570814e-12,0,0,0,65981.96405815457,42157.0,28426.95794488621
2414,35309.23722073315,0.19393686520211562,-1.0536155281570814e-12,0,0,0,66030.36906493438,42157.0,28461.4744414663
2415,35326.5186180379,0.19335280263010168,-1.0536155281570814e-12,0,0,0,66078.85085364716,42157.0,28496.03723607581
2416,35343.82320755751,0.19276852853274917,-1.0536155281570814e-12,0,0,0,66127.40959029645,42157.0,28530.646415115014
2417,35361.151032601476,0.19218404291005808,-1.0536155281570814e-12,0,0,0,66176.04544135432,42157.0,28565.302065202948
2418,35378.50213658903,0.1915993457620282,-1.0536155281570814e-12,0,0,0,66224.75857376294,42157.0,28600.004273178052
2419,35395.87656304943,0.19101443708865973,-1.0536155281570814e-12,0,0,0,66273.54915493616,42157.0,28634.75312609886
2420,35413.274355622365,0.19042931688995246,-1.0536155281570814e-12,0,0,0,66322.41735276132,42157.0,28669.548711244726
2421,35430.69555805824,0.1898439851659064,-1.0536155281570814e-12,0,0,0,66371.36333560059,42157.0,28704.39111611649
2422,35448.14021421859,0.18925844191652175,-1.0536155281570814e-12,0,0,0,66420.38727229294,42157.0,28739.28042843718
2423,35465.60836807638,0.18867268714179852,-1.0536155281570814e-12,0,0,0,66469.48933215553,42157.0,28774.21673615275
2424,35483.100063716374,0.1880867208417365,-1.0536155281570814e-12,0,0,0,66518.66968498552,42157.0,28809.20012743275
2425,35500.61534533553,0.18750054301633567,-1.0536155281570814e-12,0,0,0,66567.92850106175,42157.0,28844.23069067106
2426,35518.15425724327,0.1869141536655965,-1.0536155281570814e-12,0,0,0,66617.2659511462,42157.0,28879.308514486544
2427,35535.71684386194,0.1863275527895183,-1.0536155281570814e-12,0,0,0,66666.68220648599,42157.0,28914.433687723882
2428,35553.30314972707,0.1857407403881015,-1.0536155281570814e-12,0,0,0,66716.1774388148,42157.0,28949.606299454143
2429,35570.913219487804,0.18515371646134615,-1.0536155281570814e-12,0,0,0,66765.75182035468,42157.0,28984.826438975608
2430,35588.547097907234,0.184566481009252,-1.0536155281570814e-12,0,0,0,66815.40552381778,42157.0,29020.09419581447
2431,35606.204829862756,0.18397903403181926,-1.0536155281570814e-12,0,0,0,66865.13872240792,42157.0,29055.40965972551
2432,35623.886460346446,0.18339137552904772,-1.0536155281570814e-12,0,0,0,66914.95158982246,42157.0,29090.772920692893
2433,35641.59203446543,0.18280350550093738,-1.0536155281570814e-12,0,0,0,66964.84430025396,42157.0,29126.184068930863
2434,35659.32159744222,0.1822154239474889,-1.0536155281570814e-12,0,0,0,67014.81702839179,42157.0,29161.64319488444
2435,35677.07519461514,0.1816271308687012,-1.0536155281570814e-12,0,0,0,67064.86994942417,42157.0,29197.150389230286
2436,35694.852871438634,0.1810386262645749,-1.0536155281570814e-12,0,0,0,67115.00323903954,42157.0,29232.705742877268
2437,35712.65467348366,0.18044991013511003,-1.0536155281570814e-12,0,0,0,67165.21707342858,42157.0,29268.309346967315
2438,35730.480646438074,0.17986098248030635,-1.0536155281570814e-12,0,0,0,67215.51162928584,42157.0,29303.96129287615
2439,35748.330836107,0.1792718433001641,-1.0536155281570814e-12,0,0,0,67265.88708381155,42157.0,29339.661672214002
2440,35766.20528841319,0.17868249259468327,-1.0536155281570814e-12,0,0,0,67316.3436147134,42157.0,29375.41057682638
2441,35784.10404939742,0.17809293036386342,-1.0536155281570814e-12,0,0,0,67366.88140020828,42157.0,29411.208098794843
2442,35802.02716521884,0.17750315660770544,-1.0536155281570814e-12,0,0,0,67417.50061902405,42157.0,29447.054330437673
2443,35819.9746821554,0.1769131713262082,-1.0536155281570814e-12,0,0,0,67468.20145040147,42157.0,29482.9493643108
2444,35837.94664660418,0.17632297451937262,-1.0536155281570814e-12,0,0,0,67518.9840740958,42157.0,29518.893293208355
2445,35855.9431050818,0.175732566187198,-1.0536155281570814e-12,0,0,0,67569.84867037875,42156.99999999999,29554.886210163608
2446,35873.96410422481,0.17514194632968505,-1.0536155281570814e-12,0,0,0,67620.79542004026,42157.0,29590.928208449623
2447,35892.00969079005,0.17455111494683329,-1.0536155281570814e-12,0,0,0,67671.8245043903,42157.0,29627.019381580103
2448,35910.07991165506,0.17396007203864294,-1.0536155281570814e-12,0,0,0,67722.93610526074,42157.0,29663.15982331012
2449,35928.17481381847,0.17336881760511358,-1.0536155281570814e-12,0,0,0,67774.13040500715,42157.0,29699.34962763694
2450,35946.294444400344,0.17277735164624586,-1.0536155281570814e-12,0,0,0,67825.40758651066,42157.0,29735.588888800692
2451,35964.438850642655,0.17218567416203934,-1.0536155281570814e-12,0,0,0,67876.76783317987,42157.0,29771.87770128531
2452,35982.608079909594,0.17159378515249402,-1.0536155281570814e-12,0,0,0,67928.21132895259,42157.0,29808.216159819192
2453,36000.80217968802,0.17100168461761012,-1.0536155281570814e-12,0,0,0,67979.73825829785,42157.0,29844.604359376037
2454,36019.02119758781,0.17040937255738764,-1.0536155281570814e-12,0,0,0,68031.3488062176,42156.99999999999,29881.042395175627
2455,36037.26518134233,0.16981684897182636,-1.0536155281570814e-12,0,0,0,68083.04315824888,42156.99999999999,29917.53036268466
2456,36055.53417880874,0.1692241138609265,-1.0536155281570814e-12,0,0,0,68134.82150046539,42156.99999999999,29954.06835761748
2457,36073.82823796847,0.16863116722468807,-1.0536155281570814e-12,0,0,0,68186.6840194796,42157.0,29990.656475936932
2458,36092.14740692758,0.16803800906311062,-1.0536155281570814e-12,0,0,0,68238.63090244458,42157.0,30027.29481385516
2459,36110.49173391718,0.16744463937619458,-1.0536155281570814e-12,0,0,0,68290.66233705594,42157.0,30063.98346783436
2460,36128.86126729384,0.16685105816393997,-1.0536155281570814e-12,0,0,0,68342.77851155374,42157.0,30100.722534587676
2461,36147.256055539976,0.16625726542634656,-1.0536155281570814e-12,0,0,0,68394.97961472448,42157.0,30137.512111079952
2462,36165.67614726428,0.16566326116341457,-1.0536155281570814e-12,0,0,0,68447.26583590294,42157.0,30174.352294528566
2463,36184.121591202136,0.16506904537514377,-1.0536155281570814e-12,0,0,0,68499.63736497426,42157.0,30211.243182404272
2464,36202.592436215986,0.16447461806153418,-1.0536155281570814e-12,0,0,0,68552.0943923757,42157.0,30248.184872431975
2465,36221.08873129579,0.16387997922258624,-1.0536155281570814e-12,0,0,0,68604.63710909887,42157.0,30285.177462591586
2466,36239.61052555944,0.1632851288582995,-1.0536155281570814e-12,0,0,0,68657.26570669147,42157.0,30322.22105111888
2467,36258.15786825314,0.16269006696867416,-1.0536155281570814e-12,0,0,0,68709.98037725942,42157.0,30359.315736506276
2468,36276.73080875186,0.16209479355370982,-1.0536155281570814e-12,0,0,0,68762.78131346879,42157.0,30396.461617503723
2469,36295.32939655973,0.1614993086134071,-1.0536155281570814e-12,0,0,0,68815.66870854778,42157.0,30433.658793119466
2470,36313.9536813105,0.16090361214776538,-1.0536155281570814e-12,0,0,0,68868.64275628878,42157.0,30470.907362620997
2471,36332.60371276789,0.1603077041567853,-1.0536155281570814e-12,0,0,0,68921.70365105037,42157.0,30508.207425535773
2472,36351.2795408261,0.15971158464046642,-1.0536155281570814e-12,0,0,0,68974.85158775932,42157.00000000001,30545.559081652198
2473,36369.98121551019,0.15911525359880874,-1.0536155281570814e-12,0,0,0,69028.08676191268,42157.00000000001,30582.962431020376
2474,36388.708786976495,0.15851871103181248,-1.0536155281570814e-12,0,0,0,69081.40936957969,42157.0,30620.417573952993
2475,36407.46230551311,0.15792195693947741,-1.0536155281570814e-12,0,0,0,69134.8196074041,42157.0,30657.92461102622
2476,36426.24182154025,0.15732499132180378,-1.0536155281570814e-12,0,0,0,69188.31767260589,42156.99999999999,30695.483643080504
2477,36445.04738561075,0.15672781417879156,-1.0536155281570814e-12,0,0,0,69241.90376298358,42157.00000000001,30733.094771221495
2478,36463.87904841044,0.15613042551044054,-1.0536155281570814e-12,0,0,0,69295.57807691621,42157.0,30770.75809682088
2479,36482.73686075864,0.15553282531675094,-1.0536155281570814e-12,0,0,0,69349.34081336547,42157.00000000001,30808.473721517275
2480,36501.62087360855,0.15493501359772255,-1.0536155281570814e-12,0,0,0,69403.19217187774,42157.0,30846.241747217093
2481,36520.531138047714,0.15433699035335535,-1.0536155281570814e-12,0,0,0,69457.13235258631,42157.0,30884.062276095432
2482,36539.46770529846,0.15373875558364958,-1.0536155281570814e-12,0,0,0,69511.1615562133,42157.0,30921.935410596925
2483,36558.43062671834,0.153140309288605,-1.0536155281570814e-12,0,0,0,69565.27998407192,42157.0,30959.861253436684
2484,36577.419953800556,0.1525416514682223,-1.0536155281570814e-12,0,0,0,69619.48783806863,42157.0,30997.839907601112
2485,36596.43573817447,0.15194278212250034,-1.0536155281570814e-12,0,0,0,69673.78532070518,42157.0,31035.87147634894
2486,36615.47803160597,0.1513437012514398,-1.0536155281570814e-12,0,0,0,69728.17263508085,42157.0,31073.95606321194
2487,36634.54688599797,0.1507444088550407,-1.0536155281570814e-12,0,0,0,69782.64998489447,42157.0,31112.09377199593
2488,36653.64235339085,0.1501449049333028,-1.0536155281570814e-12,0,0,0,69837.21757444674,42157.0,31150.284706781702
2489,36672.76448596292,0.1495451894862263,-1.0536155281570814e-12,0,0,0,69891.87560864234,42157.0,31188.528971925847
2490,36691.91333603088,0.14894526251381102,-1.0536155281570814e-12,0,0,0,69946.62429299214,42157.0,31226.826672061754
2491,36711.088956050226,0.14834512401605715,-1.0536155281570814e-12,0,0,0,70001.46383361534,42157.0,31265.177912100447
2492,36730.29139861579,0.14774477399296426,-1.0536155281570814e-12,0,0,0,70056.39443724175,42156.99999999999,31303.58279723158
2493,36749.520716462124,0.14714421244453324,-1.0536155281570814e-12,0,0,0,70111.41631121389,42157.0,31342.041432924245
2494,36768.77696246404,0.14654343937076297,-1.0536155281570814e-12,0,0,0,70166.52966348945,42157.0,31380.55392492809
2495,36788.060189637,0.14594245477165457,-1.0536155281570814e-12,0,0,0,70221.73470264314,42157.0,31419.120379273994
2496,36807.370451137635,0.14534125864720715,-1.0536155281570814e-12,0,0,0,70277.03163786937,42157.0,31457.74090227527
2497,36826.707800264194,0.14473985099742115,-1.0536155281570814e-12,0,0,0,70332.42067898417,42157.0,31496.415600528388
2498,36846.072290457014,0.14413823182229635,-1.0536155281570814e-12,0,0,0,70387.90203642762,42157.0,31535.14458091403
2499,36865.463975299,0.14353640112183297,-1.0536155281570814e-12,0,0,0,70443.47592126607,42157.0,31573.927950597998
2500,36884.88290851608,0.142934358896031,-1.0536155281570814e-12,0,0,0,70499.14254519441,42157.0,31612.765817032167
2501,36904.32914397773,0.14233210514489003,-1.0536155281570814e-12,0,0,0,70554.90212053842,42157.0,31651.658287955463
2502,36923.802735697376,0.1417296398684107,-1.0536155281570814e-12,0,0,0,70610.75486025697,42157.0,31690.60547139475
2503,36943.30373783294,0.14112696306659256,-1.0536155281570814e-12,0,0,0,70666.70097794443,42157.0,31729.607475665878
2504,36962.83220468729,0.14052407473943584,-1.0536155281570814e-12,0,0,0,70722.74068783296,42156.99999999999,31768.66440937459
2505,36982.38819070876,0.13992097488694033,-1.0536155281570814e-12,0,0,0,70778.87420479489,42157.0,31807.776381417523
2506,37001.97175049157,0.13931766350910602,-1.0536155281570814e-12,0,0,0,70835.1017443449,42157.0,31846.943500983136
2507,37021.58293877636,0.13871414060593312,-1.0536155281570814e-12,0,0,0,70891.42352264254,42157.0,31886.16587755272
2508,37041.22181045069,0.13811040617742143,-1.0536155281570814e-12,0,0,0,70947.83975649455,42157.0,31925.443620901384
2509,37060.8884205495,0.13750646022357116,-1.0536155281570814e-12,0,0,0,71004.35066335718,42156.99999999999,31964.776841099
2510,37080.58282425561,0.13690230274438253,-1.0536155281570814e-12,0,0,0,71060.95646133865,42157.0,32004.165648511218
2511,37100.30507690026,0.13629793373985466,-1.0536155281570814e-12,0,0,0,71117.65736920151,42157.0,32043.610153800513
2512,37120.05523396351,0.13569335320998843,-1.0536155281570814e-12,0,0,0,71174.45360636493,42157.0,32083.11046792702
2513,37139.833351074856,0.1350885611547834,-1.0536155281570814e-12,0,0,0,71231.34539290734,42156.99999999999,32122.666702149716
2514,37159.639484013656,0.1344835575742398,-1.0536155281570814e-12,0,0,0,71288.33294956876,42157.0,32162.278968027313
2515,37179.47368870965,0.13387834246835717,-1.0536155281570814e-12,0,0,0,71345.4164977531,42157.0,32201.947377419307
2516,37199.33602124347,0.13327291583713619,-1.0536155281570814e-12,0,0,0,71402.59625953076,42157.0,32241.67204248694
2517,37219.22653784715,0.13266727768057662,-1.0536155281570814e-12,0,0,0,71459.87245764106,42157.0,32281.453075694295
2518,37239.145294904636,0.13206142799867826,-1.0536155281570814e-12,0,0,0,71517.24531549469,42157.0,32321.29058980927
2519,37259.092348952305,0.13145536679144088,-1.0536155281570814e-12,0,0,0,71574.71505717617,42157.0,32361.18469790461
2520,37279.06775667944,0.13084909405886536,-1.0536155281570814e-12,0,0,0,71632.2819074464,42157.0,32401.135513358877
2521,37299.07157492882,0.1302426098009506,-1.0536155281570814e-12,0,0,0,71689.94609174509,42157.0,32441.14314985764
2522,37319.10386069714,0.12963591401769747,-1.0536155281570814e-12,0,0,0,71747.70783619324,42157.0,32481.207721394287
2523,37339.16467113564,0.12902900670910578,-1.0536155281570814e-12,0,0,0,71805.56736759582,42157.0,32521.32934227127
2524,37359.254063550536,0.12842188787517506,-1.0536155281570814e-12,0,0,0,71863.5249134442,42157.0,32561.50812710107
2525,37379.37209540359,0.12781455751590598,-1.0536155281570814e-12,0,0,0,71921.58070191857,42157.0,32601.744190807174
2526,37399.51882431264,0.12720701563129788,-1.0536155281570814e-12,0,0,0,71979.73496189079,42157.0,32642.037648625283
2527,37419.694308052094,0.12659926222135165,-1.0536155281570814e-12,0,0,0,72037.98792292665,42157.0,32682.38861610419
2528,37439.89860455352,0.12599129728606617,-1.0536155281570814e-12,0,0,0,72096.3398152887,42157.0,32722.797209107044
2529,37460.131771906104,0.12538312082544234,-1.0536155281570814e-12,0,0,0,72154.79086993863,42157.0,32763.26354381221
2530,37480.393868357256,0.12477473283947949,-1.0536155281570814e-12,0,0,0,72213.34131854003,42157.0,32803.78773671451
2531,37500.68495231309,0.12416613332817827,-1.0536155281570814e-12,0,0,0,72271.9913934609,42157.0,32844.369904626175
2532,37521.005082339,0.12355732229153826,-1.0536155281570814e-12,0,0,0,72330.7413277763,42157.0,32885.010164677995
2533,37541.3543171602,0.12294829972955945,-1.0536155281570814e-12,0,0,0,72389.59135527107,42157.0,32925.7086343204
2534,37561.73271566224,0.12233906564224228,-1.0536155281570814e-12,0,0,0,72448.54171044228,42157.00000000001,32966.465431324476
2535,37582.14033689161,0.1217296200295861,-1.0536155281570814e-12,0,0,0,72507.59262850214,42157.0,33007.280673783214
2536,37602.5772400562,0.12111996289159133,-1.0536155281570814e-12,0,0,0,72566.74434538044,42157.0,33048.1544801124
2537,37623.04348452594,0.12051009422825776,-1.0536155281570814e-12,0,0,0,72625.99709772739,42157.0,33089.086969051874
2538,37643.53912983329,0.11990001403958583,-1.0536155281570814e-12,0,0,0,72685.35112291622,42157.0,33130.07825966658
2539,37664.06423567385,0.11928972232557489,-1.0536155281570814e-12,0,0,0,72744.80665904598,42157.0,33171.12847134771
2540,37684.618861906856,0.11867921908622536,-1.0536155281570814e-12,0,0,0,72804.36394494407,42157.0,33212.23772381371
2541,37705.203068555784,0.11806850432153726,-1.0536155281570814e-12,0,0,0,72864.02322016924,42157.0,33253.40613711157
2542,37725.81691580891,0.11745757803151013,-1.0536155281570814e-12,0,0,0,72923.78472501412,42157.0,33294.633831617815
2543,37746.46046401984,0.11684644021614465,-1.0536155281570814e-12,0,0,0,72983.64870050804,42157.0,33335.920928039675
2544,37767.13377370812,0.11623509087544037,-1.0536155281570814e-12,0,0,0,73043.61538841981,42156.99999999999,33377.267547416246
2545,37787.83690555979,0.11562353000939751,-1.0536155281570814e-12,0,0,0,73103.6850312605,42157.0,33418.673811119574
2546,37808.56992042794,0.11501175761801585,-1.0536155281570814e-12,0,0,0,73163.85787228623,42157.0,33460.139840855874
2547,37829.33287933329,0.11439977370129562,-1.0536155281570814e-12,0,0,0,73224.13415550087,42157.0,33501.66575866658
2548,37850.1258434648,0.11378757825923658,-1.0536155281570814e-12,0,0,0,73284.51412565909,42157.0,33543.251686929594
2549,37870.94887418018,0.11317517129183896,-1.0536155281570814e-12,0,0,0,73344.99802826894,42157.0,33584.89774836037
2550,37891.802033006556,0.11256255279910254,-1.0536155281570814e-12,0,0,0,73405.58610959479,42157.0,33626.60406601311
2551,37912.68538164097,0.11194972278102777,-1.0536155281570814e-12,0,0,0,73466.27861666027,42157.0,33668.37076328194
2552,37933.59898195104,0.11133668123761375,-1.0536155281570814e-12,0,0,0,73527.07579725105,42156.99999999999,33710.197963902094
2553,37954.542895975486,0.11072342816886138,-1.0536155281570814e-12,0,0,0,73587.97789991762,42156.99999999999,33752.08579195098
2554,37975.517185924764,0.11010996357477021,-1.0536155281570814e-12,0,0,0,73648.9851739784,42157.0,33794.03437184953
2555,37996.52191418162,0.10949628745534068,-1.0536155281570814e-12,0,0,0,73710.09786952246,42157.0,33836.04382836324
2556,38017.55714330175,0.10888239981057213,-1.0536155281570814e-12,0,0,0,73771.31623741255,42157.0,33878.11428660349
2557,38038.62293601431,0.108268300640465,-1.0536155281570814e-12,0,0,0,73832.64052928801,42157.0,33920.24587202862
2558,38059.71935522261,0.10765398994501929,-1.0536155281570814e-12,0,0,0,73894.07099756761,42157.0,33962.43871044522
2559,38080.846464004644,0.10703946772423456,-1.0536155281570814e-12,0,0,0,73955.60789545272,42157.0,34004.69292800929
2560,38102.00432561371,0.10642473397811147,-1.0536155281570814e-12,0,0,0,74017.25147693002,42157.0,34047.008651227414
2561,38123.193003479064,0.10580978870664937,-1.0536155281570814e-12,0,0,0,74079.00199677472,42157.0,34089.38600695813
2562,38144.41256120647,0.1051946319098489,-1.0536155281570814e-12,0,0,0,74140.85971055338,42157.0,34131.825122412934
2563,38165.66306257885,0.10457926358770964,-1.0536155281570814e-12,0,0,0,74202.82487462707,42157.0,34174.326125157706
2564,38186.944571556895,0.1039636837402318,-1.0536155281570814e-12,0,0,0,74264.89774615427,42157.0,34216.88914311379
2565,38208.257152279686,0.10334789236741493,-1.0536155281570814e-12,0,0,0,74327.078583094,42157.0,34259.51430455937
2566,38229.60086906527,0.10273188946925993,-1.0536155281570814e-12,0,0,0,74389.36764420873,42157.0,34302.201738130534
2567,38250.97578641136,0.10211567504576569,-1.0536155281570814e-12,0,0,0,74451.76518906772,42157.0,34344.95157282273
2568,38272.38196899591,0.10149924909693309,-1.0536155281570814e-12,0,0,0,74514.27147804975,42157.0,34387.763937991826
2569,38293.81948167776,0.10088261162276169,-1.0536155281570814e-12,0,0,0,74576.88677234652,42157.00000000001,34430.638963355515
2570,38315.28838949724,0.10026576262325171,-1.0536155281570814e-12,0,0,0,74639.61133396554,42157.0,34473.57677899448
2571,38336.788757676855,0.09964870209840293,-1.0536155281570814e-12,0,0,0,74702.44542573341,42157.0,34516.57751535371
2572,38358.32065162189,0.09903143004821535,-1.0536155281570814e-12,0,0,0,74765.38931129886,42157.0,34559.641303243785
2573,38379.884136921035,0.09841394647268942,-1.0536155281570814e-12,0,0,0,74828.44325513586,42157.0,34602.76827384207
2574,38401.47927934706,0.09779625137182446,-1.0536155281570814e-12,0,0,0,74891.60752254694,42156.99999999999,34645.95855869413
2575,38423.106144857455,0.09717834474562093,-1.0536155281570814e-12,0,0,0,74954.88237966626,42157.0,34689.21228971491
2576,38444.76479959504,0.09656022659407881,-1.0536155281570814e-12,0,0,0,75018.26809346277,42157.0,34732.52959919008
2577,38466.45530988865,0.09594189691719812,-1.0536155281570814e-12,0,0,0,75081.76493174351,42157.0,34775.91061977731
2578,38488.17774225382,0.09532335571497841,-1.0536155281570814e-12,0,0,0,75145.37316315682,42157.0,34819.35548450764
2579,38509.93216339335,0.09470460298742012,-1.0536155281570814e-12,0,0,0,75209.09305719548,42157.0,34862.8643267867
2580,38531.71864019803,0.09408563873452325,-1.0536155281570814e-12,0,0,0,75272.92488420005,42156.99999999999,34906.437280396065
2581,38553.537239747304,0.09346646295628758,-1.0536155281570814e-12,0,0,0,75336.86891536218,42157.0,34950.07447949461
2582,38575.388029309885,0.09284707565271355,-1.0536155281570814e-12,0,0,0,75400.9254227277,42157.0,34993.77605861977
2583,38597.27107634449,0.0922274768238005,-1.0536155281570814e-12,0,0,0,75465.09467920018,42157.0,35037.542152688984
2584,38619.186448500455,0.09160766646954865,-1.0536155281570814e-12,0,0,0,75529.376958544,42157.0,35081.37289700091
2585,38641.1342136184,0.09098764458995845,-1.0536155281570814e-12,0,0,0,75593.77253538785,42157.0,35125.268427236806
2586,38663.11443973098,0.09036741118502944,-1.0536155281570814e-12,0,0,0,75658.28168522796,42157.0,35169.22887946197
2587,38685.12719506347,0.08974696625476186,-1.0536155281570814e-12,0,0,0,75722.90468443152,42157.0,35213.25439012694
2588,38707.17254803452,0.08912630979915526,-1.0536155281570814e-12,0,0,0,75787.64181024005,42157.0,35257.34509606904
2589,38729.25056725677,0.0885054418182103,-1.0536155281570814e-12,0,0,0,75852.49334077272,42157.0,35301.50113451354
2590,38751.36132153762,0.08788436231192631,-1.0536155281570814e-12,0,0,0,75917.45955502984,42157.0,35345.722643075234
2591,38773.50487987983,0.08726307128030397,-1.0536155281570814e-12,0,0,0,75982.54073289625,42157.0,35390.00975975966
2592,38795.6813114823,0.08664156872334283,-1.0536155281570814e-12,0,0,0,76047.73715514473,42157.0,35434.3626229646
2593,38817.89068574069,0.08601985464104289,-1.0536155281570814e-12,0,0,0,76113.04910343948,42157.0,35478.78137148138
2594,38840.133072248165,0.08539792903340437,-1.0536155281570814e-12,0,0,0,76178.47686033955,42156.99999999999,35523.26614449634
2595,38862.40854079608,0.08477579190042728,-1.0536155281570814e-12,0,0,0,76244.0207093024,42157.0,35567.81708159216
2596,38884.7171613747,0.08415344324211138,-1.0536155281570814e-12,0,0,0,76309.68093468729,42157.0,35612.434322749396
2597,38907.059004173876,0.08353088305845668,-1.0536155281570814e-12,0,0,0,76375.4578217589,42157.0,35657.11800834775
2598,38929.43413958378,0.08290811134946363,-1.0536155281570814e-12,0,0,0,76441.35165669073,42157.0,35701.86827916755
2599,38951.84263819562,0.08228512811513178,-1.0536155281570814e-12,0,0,0,76507.36272656884,42157.0,35746.68527639125
2600,38974.28457080237,0.0816619333554609,-1.0536155281570814e-12,0,0,0,76573.49131939527,42157.0,35791.569141604734
2601,38996.76000839942,0.08103852707045167,-1.0536155281570814e-12,0,0,0,76639.73772409158,42157.0,35836.52001679884
2602,39019.269022185385,0.08041490926010386,-1.0536155281570814e-12,0,0,0,76706.10223050254,42157.00000000001,35881.53804437076
2603,39041.8116835628,0.07979107992441703,-1.0536155281570814e-12,0,0,0,76772.58512939986,42157.0,35926.623367125605
2604,39064.38806413883,0.07916703906339162,-1.0536155281570814e-12,0,0,0,76839.18671248549,42157.0,35971.77612827766
2605,39086.998235726016,0.07854278667702763,-1.0536155281570814e-12,0,0,0,76905.90727239558,42157.0,36016.99647145203
2606,39109.64227034302,0.07791832276532484,-1.0536155281570814e-12,0,0,0,76972.747102704,42157.0,36062.28454068604
2607,39132.32024021535,0.07729364732828348,-1.0536155281570814e-12,0,0,0,77039.70649792602,42157.0,36107.640480430695
2608,39155.0322177761,0.07666876036590331,-1.0536155281570814e-12,0,0,0,77106.78575352201,42157.0,36153.064435552194
2609,39177.77827566672,0.07604366187818434,-1.0536155281570814e-12,0,0,0,77173.98516590132,42157.0,36198.556551333444
2610,39200.55848673772,0.07541835186512724,-1.0536155281570814e-12,0,0,0,77241.30503242565,42157.0,36244.11697347544
2611,39223.37292404948,0.0747928303267309,-1.0536155281570814e-12,0,0,0,77308.74565141322,42157.0,36289.74584809896
2612,39246.22166087293,0.0741670972629962,-1.0536155281570814e-12,0,0,0,77376.3073221422,42157.0,36335.44332174586
2613,39269.10477069039,0.0735411526739227,-1.0536155281570814e-12,0,0,0,77443.99034485471,42157.0,36381.209541380784
2614,39292.02232719628,0.07291499655951017,-1.0536155281570814e-12,0,0,0,77511.79502076056,42156.99999999999,36427.04465439257
2615,39314.97440429787,0.07228862891975951,-1.0536155281570814e-12,0,0,0,77579.72165204096,42157.0,36472.94880859574
2616,39337.9610761161,0.07166204975466983,-1.0536155281570814e-12,0,0,0,77647.77054185253,42157.0,36518.922152232204
2617,39360.98241698632,0.07103525906424157,-1.0536155281570814e-12,0,0,0,77715.94199433105,42157.0,36564.96483397264
2618,39384.03850145906,0.07040825684847452,-1.0536155281570814e-12,0,0,0,77784.2363145954,42156.99999999999,36611.07700291812
2619,39407.12940430082,0.0697810431073691,-1.0536155281570814e-12,0,0,0,77852.65380875139,42157.00000000001,36657.258808601626
2620,39430.255200494845,0.06915361784092466,-1.0536155281570814e-12,0,0,0,77921.19478389567,42157.0,36703.51040098969
2621,39453.41596524193,0.06852598104914165,-1.0536155281570814e-12,0,0,0,77989.85954811978,42157.00000000001,36749.83193048386
2622,39476.611773961165,0.06789813273201983,-1.0536155281570814e-12,0,0,0,78058.64841051387,42157.0,36796.22354792233
2623,39499.84270229076,0.06727007288955944,-1.0536155281570814e-12,0,0,0,78127.56168117089,42156.99999999999,36842.685404581534
2624,39523.10882608885,0.06664180152176047,-1.0536155281570814e-12,0,0,0,78196.5996711905,42157.0,36889.2176521777
2625,39546.410221434235,0.06601331862862292,-1.0536155281570814e-12,0,0,0,78265.76269268297,42157.0,36935.82044286847
2626,39569.74696462727,0.06538462421014613,-1.0536155281570814e-12,0,0,0,78335.05105877342,42157.0,36982.493929254546
2627,39593.11913219058,0.0647557182663312,-1.0536155281570814e-12,0,0,0,78404.46508360557,42157.0,37029.23826438116
2628,39616.526800869935,0.06412660079717747,-1.0536155281570814e-12,0,0,0,78474.0050823461,42157.0,37076.05360173987
2629,39639.97004763503,0.06349727180268472,-1.0536155281570814e-12,0,0,0,78543.67137118857,42157.0,37122.94009527007
2630,39663.448949680314,0.06286773128285361,-1.0536155281570814e-12,0,0,0,78613.46426735744,42157.0,37169.89789936063
2631,39686.9635844258,0.062237979237683705,-1.0536155281570814e-12,0,0,0,78683.38408911241,42157.0,37216.9271688516
2632,39710.51402951788,0.06160801566717522,-1.0536155281570814e-12,0,0,0,78753.43115575233,42157.0,37264.02805903576
2633,39734.1003628302,0.060977840571327935,-1.0536155281570814e-12,0,0,0,78823.6057876196,42157.0,37311.2007256604
2634,39757.72266246441,0.06034745395014207,-1.0536155281570814e-12,0,0,0,78893.90830610407,42157.0,37358.44532492882
2635,39781.381006751086,0.059716855803617186,-1.0536155281570814e-12,0,0,0,78964.33903364748,42156.99999999999,37405.76201350218
2636,39805.07547425048,0.059086046131754166,-1.0536155281570814e-12,0,0,0,79034.89829374746,42157.0,37453.15094850096
2637,39828.80614375345,0.058455024934552124,-1.0536155281570814e-12,0,0,0,79105.58641096206,42157.0,37500.6122875069
2638,39852.57309428223,0.057823792212011504,-1.0536155281570814e-12,0,0,0,79176.40371091364,42157.0,37548.14618856445
2639,39876.37640509131,0.057192347964132084,-1.0536155281570814e-12,0,0,0,79247.35052029342,42157.0,37595.75281018262
2640,39900.216155668306,0.056560692190914086,-1.0536155281570814e-12,0,0,0,79318.42716686572,42157.0,37643.43231133661
2641,39924.092425734794,0.05592882489235729,-1.0536155281570814e-12,0,0,0,79389.63397947222,42157.0,37691.18485146959
2642,39948.005295247145,0.05529674606846191,-1.0536155281570814e-12,0,0,0,79460.97128803625,42157.0,37739.01059049429
2643,39971.95484439746,0.054664455719227734,-1.0536155281570814e-12,0,0,0,79532.4394235674,42157.0,37786.90968879493
2644,39995.94115361437,0.0540319538446552,-1.0536155281570814e-12,0,0,0,79604.03871816555,42157.00000000001,37834.88230722873
2645,40019.96430356393,0.053399240444743645,-1.0536155281570814e-12,0,0,0,79675.76950502557,42157.0,37882.92860712786
2646,40044.02437515052,0.05276631551949351,-1.0536155281570814e-12,0,0,0,79747.63211844157,42157.0,37931.04875030104
2647,40068.12144951768,0.052133179068904356,-1.0536155281570814e-12,0,0,0,79819.62689381144,42156.99999999999,37979.24289903537
2648,40092.25560804902,0.051499831092976844,-1.0536155281570814e-12,0,0,0,79891.75416764112,42156.99999999999,38027.51121609804
2649,40116.42693236909,0.050866271591710754,-1.0536155281570814e-12,0,0,0,79964.01427754943,42156.99999999999,38075.85386473819
2650,40140.63550434431,0.050232500565106086,-1.0536155281570814e-12,0,0,0,80036.40756227226,42157.00000000001,38124.271008688615
2651,40164.88140608382,0.049598518013162396,-1.0536155281570814e-12,0,0,0,80108.93436166727,42157.0,38172.76281216764
2652,40189.164719940396,0.04896432393588013,-1.0536155281570814e-12,0,0,0,80181.59501671835,42157.0,38221.32943988079
2653,40213.48552851135,0.04832991833325906,-1.0536155281570814e-12,0,0,0,80254.38986954027,42157.0,38269.9710570227
2654,40237.84391463944,0.047695301205299634,-1.0536155281570814e-12,0,0,0,80327.31926338318,42157.0,38318.687829278875
2655,40262.2399614138,0.04706047255200119,-1.0536155281570814e-12,0,0,0,80400.3835426374,42157.0,38367.479922827595
2656,40286.673752170806,0.04642543237336416,-1.0536155281570814e-12,0,0,0,80473.58305283778,42156.99999999999,38416.34750434162
2657,40311.14537049505,0.04579018066938856,-1.0536155281570814e-12,0,0,0,80546.91814066865,42157.0,38465.290740990094
2658,40335.654900220215,0.045154717440074155,-1.0536155281570814e-12,0,0,0,80620.38915396835,42157.0,38514.30980044043
2659,40360.20242543005,0.04451904268542095,-1.0536155281570814e-12,0,0,0,80693.99644173392,42157.0,38563.4048508601
2660,40384.78803045924,0.04388315640542939,-1.0536155281570814e-12,0,0,0,80767.74035412587,42156.99999999999,38612.57606091849
2661,40409.411799894435,0.04324705860009903,-1.0536155281570814e-12,0,0,0,80841.62124247305,42157.0,38661.82359978887
2662,40434.07381857508,0.04261074926942987,-1.0536155281570814e-12,0,0,0,80915.63945927715,42157.0,38711.14763715016
2663,40458.774171594436,0.04197422841342213,-1.0536155281570814e-12,0,0,0,80989.79535821774,42157.00000000001,38760.548343188864
2664,40483.5129443005,0.041337496032075594,-1.0536155281570814e-12,0,0,0,81064.08929415702,42157.0,38810.025888601
2665,40508.290222296964,0.040700552125390255,-1.0536155281570814e-12,0,0,0,81138.52162314462,42157.0,38859.58044459393
2666,40533.10609144416,0.04006339669336656,-1.0536155281570814e-12,0,0,0,81213.0927024225,42157.0,38909.212182888325
2667,40557.960637860044,0.039426029736004065,-1.0536155281570814e-12,0,0,0,81287.80289042981,42156.99999999999,38958.921275720095
2668,40582.85394792116,0.03878845125330255,-1.0536155281570814e-12,0,0,0,81362.652546808,42157.0,39008.70789584232
2669,40607.78610826355,0.038150661245262674,-1.0536155281570814e-12,0,0,0,81437.64203240536,42156.99999999999,39058.57221652711
2670,40632.75720578381,0.037512659711884444,-1.0536155281570814e-12,0,0,0,81512.77170928233,42157.0,39108.51441156762
2671,40657.76732764007,0.03687444665316675,-1.0536155281570814e-12,0,0,0,81588.0419407165,42157.0,39158.534655280135
2672,40682.81656125285,0.03623602206911092,-1.0536155281570814e-12,0,0,0,81663.45309120724,42156.99999999999,39208.6331225057
2673,40707.90499430622,0.03559738595971629,-1.0536155281570814e-12,0,0,0,81739.00552648123,42157.0,39258.80998861244
2674,40733.032714748675,0.03495853832498286,-1.0536155281570814e-12,0,0,0,81814.69961349716,42157.0,39309.06542949735
2675,40758.19981079417,0.03431947916491107,-1.0536155281570814e-12,0,0,0,81890.53572045095,42157.0,39359.39962158834
2676,40783.40637092313,0.03368020847950026,-1.0536155281570814e-12,0,0,0,81966.51421678094,42157.0,39409.81274184625
2677,40808.65248388342,0.033040726268750875,-1.0536155281570814e-12,0,0,0,82042.63547317284,42156.99999999999,39460.30496776685
2678,40833.938238691415,0.03240103253266291,-1.0536155281570814e-12,0,0,0,82118.89986156503,42157.0,39510.87647738283
2679,40859.26372463294,0.03176112727123592,-1.0536155281570814e-12,0,0,0,82195.30775515373,42157.0,39561.52744926588
2680,40884.62903126434,0.031121010484470357,-1.0536155281570814e-12,0,0,0,82271.85952839811,42157.0,39612.25806252868
2681,40910.03424841348,0.030480682172366436,-1.0536155281570814e-12,0,0,0,82348.55555702564,42157.0,39663.06849682696
2682,40935.47946618083,0.029840142334923492,-1.0536155281570814e-12,0,0,0,82425.39621803738,42157.0,39713.95893236165
2683,40960.964774940374,0.029199390972142192,-1.0536155281570814e-12,0,0,0,82502.3818897131,42157.0,39764.92954988075
2684,40986.490265340806,0.02855842808402187,-1.0536155281570814e-12,0,0,0,82579.51295161681,42157.00000000001,39815.980530681605
2685,41012.056028306426,0.02791725367056297,-1.0536155281570814e-12,0,0,0,82656.78978460183,42157.0,39867.11205661285
2686,41037.6621550383,0.02727586773176549,-1.0536155281570814e-12,0,0,0,82734.2127708165,42157.0,39918.3243100766
2687,41063.30873701524,0.02663427026762899,-1.0536155281570814e-12,0,0,0,82811.78229370929,42157.0,39969.617474030485
2688,41088.99586599489,0.025992461278154133,-1.0536155281570814e-12,0,0,0,82889.49873803426,42157.0,40020.99173198978
2689,41114.72363401479,0.025350440763340698,-1.0536155281570814e-12,0,0,0,82967.36248985672,42157.0,40072.44726802957
2690,41140.492133393425,0.024708208723188463,-1.0536155281570814e-12,0,0,0,83045.37393655842,42157.0,40123.98426678685
2691,41166.30145673133,0.024065765157697427,-1.0536155281570814e-12,0,0,0,83123.53346684326,42157.0,40175.60291346266
2692,41192.151696912115,0.023423110066867814,-1.0536155281570814e-12,0,0,0,83201.84147074269,42157.0,40227.30339382423
2693,41218.042947103604,0.022780243450699178,-1.0536155281570814e-12,0,0,0,83280.29833962134,42157.0,40279.08589420721
2694,41243.97530075886,0.022137165309192186,-1.0536155281570814e-12,0,0,0,83358.90446618256,42157.0,40330.95060151772
2695,41269.94885161734,0.021493875642346394,-1.0536155281570814e-12,0,0,0,83437.66024447406,42156.99999999999,40382.89770323468
2696,41295.96369370593,0.020850374450162024,-1.0536155281570814e-12,0,0,0,83516.56606989351,42157.0,40434.927387411866
2697,41322.01992134011,0.020206661732639075,-1.0536155281570814e-12,0,0,0,83595.62233919429,42157.0,40487.03984268021
2698,41348.117629125,0.019562737489777104,-1.0536155281570814e-12,0,0,0,83674.82945049109,42157.0,40539.23525825
2699,41374.2569119565,0.018918601721576778,-1.0536155281570814e-12,0,0,0,83754.18780326562,42157.0,40591.513823913
2700,41400.437865022424,0.01827425442803743,-1.0536155281570814e-12,0,0,0,83833.69779837255,42157.0,40643.87573004485
2701,41426.66058380357,0.017629695609159723,-1.0536155281570814e-12,0,0,0,83913.35983804497,42157.0,40696.32116760714
2702,41452.925164074906,0.016984925264943218,-1.0536155281570814e-12,0,0,0,83993.17432590053,42157.0,40748.85032814981
2703,41479.23170190666,0.016339943395387913,-1.0536155281570814e-12,0,0,0,84073.14166694705,42156.99999999999,40801.46340381333
2704,41505.58029366548,0.01569475000049425,-1.0536155281570814e-12,0,0,0,84153.26226758848,42157.0,40854.16058733096
2705,41531.97103601557,0.015049345080261567,-1.0536155281570814e-12,0,0,0,84233.53653563083,42157.0,40906.94207203115
2706,41558.40402591984,0.014403728634690083,-1.0536155281570814e-12,0,0,0,84313.96488028801,42157.0,40959.808051839675
2707,41584.87936064101,0.013757900663780465,-1.0536155281570814e-12,0,0,0,84394.54771218773,42157.00000000001,41012.758721282014
2708,41611.39713774289,0.013111861167531602,-1.0536155281570814e-12,0,0,0,84475.28544337777,42157.0,41065.79427548578
2709,41637.95745509142,0.012465610145944162,-1.0536155281570814e-12,0,0,0,84556.17848733164,42157.0,41118.91491018284
2710,41664.56041085588,0.011819147599018365,-1.0536155281570814e-12,0,0,0,84637.22725895485,42157.0,41172.12082171175
2711,41691.20610351011,0.011172473526753546,-1.0536155281570814e-12,0,0,0,84718.43217459098,42157.0,41225.412207020214
2712,41717.89463183362,0.010525587929150149,-1.0536155281570814e-12,0,0,0,84799.79365202764,42157.0,41278.78926366723
2713,41744.62609491281,0.009878490806207951,-1.0536155281570814e-12,0,0,0,84881.31211050272,42157.0,41332.252189825624
2714,41771.40059214218,0.009231182157927398,-1.0536155281570814e-12,0,0,0,84962.98797071057,42157.0,41385.801184284355
2715,41798.218223225485,0.008583661984308044,-1.0536155281570814e-12,0,0,0,85044.82165480814,42157.0,41439.43644645097
2716,41825.07908817698,0.00793593028534989,-1.0536155281570814e-12,0,0,0,85126.81358642128,42157.0,41493.15817635396
2717,41851.98328732259,0.007287987061052936,-1.0536155281570814e-12,0,0,0,85208.96419065092,42157.0,41546.96657464518
2718,41878.93092130112,0.006639832311417626,-1.0536155281570814e-12,0,0,0,85291.27389407936,42157.00000000001,41600.86184260224
2719,41905.92209106554,0.005991466036443294,-1.0536155281570814e-12,0,0,0,85373.7431247767,42157.0,41654.844182131084
2720,41932.956897884134,0.005342888236130383,-1.0536155281570814e-12,0,0,0,85456.37231230714,42157.0,41708.91379576827
2721,41960.03544334175,0.004694098910478894,-1.0536155281570814e-12,0,0,0,85539.16188773529,42157.0,41763.070886683505
2722,41987.157829341086,0.0040450980594888275,-1.0536155281570814e-12,0,0,0,85622.11228363274,42157.00000000001,41817.315658682164
2723,42014.32415810387,0.0033958856831597384,-1.0536155281570814e-12,0,0,0,85705.22393408445,42157.00000000001,41871.64831620773
2724,42041.53453217211,0.002746461781492071,-1.0536155281570814e-12,0,0,0,85788.49727469514,42157.0,41926.06906434422
2725,42068.78905440941,0.0020968263544858257,-1.0536155281570814e-12,0,0,0,85871.93274259598,42157.0,41980.57810881882
2726,42096.08782800217,0.00144697940214078,-1.0536155281570814e-12,0,0,0,85955.53077645098,42157.0,42035.17565600434
2727,42123.43095646086,0.0007969209244573783,-1.0536155281570814e-12,0,0,0,86039.29181646371,42157.0,42089.861912921726
2728,42150.81854362134,0.00014665092143495428,-1.0536155281570814e-12,0,0,0,86123.21630438391,42157.0,42144.63708724268
2729,42156.999999995605,1.0413891970983968e-13,-1.0536155281570814e-12,0,0,0,86142.16207247354,42156.99999999999,42156.99999999122
