step,a_km,e,i_deg,Omega_deg,omega_deg,nu_deg,period_s,r_apogee_km,r_perigee_km
0,26571.0,0.7451733092469234,45,0,0,0,43104.545507648785,46371.00000000001,6770.999999999999
1,26571.0,0.7451733092469234,44.96130696474635,0,0,0,43104.545507648785,46371.00000000001,6770.999999999999
2,26571.0,0.7451733092469234,44.9226139294927,0,0,0,43104.545507648785,46371.00000000001,6770.999999999999
3,26571.0,0.7451733092469234,44.88392089423905,0,0,0,43104.545507648785,46371.00000000001,6770.999999999999
4,26571.0,0.7451733092469234,44.845227858985396,0,0,0,43104.545507648785,46371.00000000001,6770.999999999999
5,26571.0,0.7451733092469234,44.806534823731745,0,0,0,43104.545507648785,46371.00000000001,6770.999999999999
6,26571.0,0.7451733092469234,44.767841788478094,0,0,0,43104.545507648785,46371.00000000001,6770.999999999999
7,26571.0,0.7451733092469234,44.72914875322444,0,0,0,43104.545507648785,46371.00000000001,6770.999999999999
8,26571.0,0.7451733092469234,44.69045571797079,0,0,0,43104.545507648785,46371.00000000001,6770.999999999999
9,26571.0,0.7451733092469234,44.65176268271714,0,0,0,43104.545507648785,46371.00000000001,6770.999999999999
10,26571.0,0.7451733092469234,44.61306964746349,0,0,0,43104.545507648785,46371.00000000001,6770.999999999999
11,26571.0,0.7451733092469234,44.57437661220984,0,0,0,43104.545507648785,46371.00000000001,6770.999999999999
12,26571.0,0.7451733092469234,44.53568357695619,0,0,0,43104.545507648785,46371.00000000001,6770.999999999999
13,26571.0,0.7451733092469234,44.49699054170254,0,0,0,43104.545507648785,46371.00000000001,6770.999999999999
14,26571.0,0.7451733092469234,44.458297506448886,0,0,0,43104.545507648785,46371.00000000001,6770.999999999999
15,26571.0,0.7451733092469234,44.419604471195235,0,0,0,43104.545507648785,46371.00000000001,6770.999999999999
16,26571.0,0.7451733092469234,44.380911435941584,0,0,0,43104.545507648785,46371.00000000001,6770.999999999999
17,26571.0,0.7451733092469234,44.34221840068793,0,0,0,43104.545507648785,46371.00000000001,6770.999999999999
18,26571.0,0.7451733092469234,44.30352536543428,0,0,0,43104.545507648785,46371.00000000001,6770.999999999999
19,26571.0,0.7451733092469234,44.26483233018063,0,0,0,43104.545507648785,46371.00000000001,6770.999999999999
20,26571.0,0.7451733092469234,44.22613929492698,0,0,0,43104.545507648785,46371.00000000001,6770.999999999999
21,26571.0,0.7451733092469234,44.18744625967333,0,0,0,43104.545507648785,46371.00000000001,6770.999999999999
22,26571.0,0.7451733092469234,44.14875322441968,0,0,0,43104.545507648785,46371.00000000001,6770.999999999999
23,26571.0,0.7451733092469234,44.11006018916603,0,0,0,43104.545507648785,46371.00000000001,6770.999999999999
24,26571.0,0.7451733092469234,44.07136715391238,0,0,0,43104.545507648785,46371.00000000001,6770.999999999999
25,26571.0,0.7451733092469234,44.032674118658726,0,0,0,43104.545507648785,46371.00000000001,6770.999999999999
26,26571.0,0.7451733092469234,43.993981083405075,0,0,0,43104.545507648785,46371.00000000001,6770.999999999999
27,26571.0,0.7451733092469234,43.955288048151424,0,0,0,43104.545507648785,46371.00000000001,6770.999999999999
28,26571.0,0.7451733092469234,43.91659501289777,0,0,0,43104.545507648785,46371.00000000001,6770.999999999999
29,26571.0,0.7451733092469234,43.87790197764412,0,0,0,43104.545507648785,46371.00000000001,6770.999999999999
30,26571.0,0.7451733092469234,43.83920894239047,0,0,0,43104.545507648785,46371.00000000001,6770.999999999999
31,26571.0,0.7451733092469234,43.80051590713682,0,0,0,43104.545507648785,46371.00000000001,6770.999999999999
32,26571.0,0.7451733092469234,43.76182287188317,0,0,0,43104.545507648785,46371.00000000001,6770.999999999999
33,26571.0,0.7451733092469234,43.72312983662952,0,0,0,43104.545507648785,46371.00000000001,6770.999999999999
34,26571.0,0.7451733092469234,43.68443680137587,0,0,0,43104.545507648785,46371.00000000001,6770.999999999999
35,26571.0,0.7451733092469234,43.645743766122216,0,0,0,43104.545507648785,46371.00000000001,6770.999999999999
36,26571.0,0.7451733092469234,43.607050730868565,0,0,0,43104.545507648785,46371.00000000001,6770.999999999999
37,26571.0,0.7451733092469234,43.568357695614914,0,0,0,43104.545507648785,46371.00000000001,6770.999999999999
38,26571.0,0.7451733092469234,43.52966466036126,0,0,0,43104.545507648785,46371.00000000001,6770.999999999999
39,26571.0,0.7451733092469234,43.49097162510761,0,0,0,43104.545507648785,46371.00000000001,6770.999999999999
40,26571.0,0.7451733092469234,43.45227858985396,0,0,0,43104.545507648785,46371.00000000001,6770.999999999999
41,26571.0,0.7451733092469234,43.41358555460031,0,0,0,43104.545507648785,46371.00000000001,6770.999999999999
42,26571.0,0.7451733092469234,43.37489251934666,0,0,0,43104.545507648785,46371.00000000001,6770.999999999999
43,26571.0,0.7451733092469234,43.33619948409301,0,0,0,43104.545507648785,46371.00000000001,6770.999999999999
44,26571.0,0.7451733092469234,43.29750644883936,0,0,0,43104.545507648785,46371.00000000001,6770.999999999999
45,26571.0,0.7451733092469234,43.258813413585706,0,0,0,43104.545507648785,46371.00000000001,6770.999999999999
46,26571.0,0.7451733092469234,43.220120378332055,0,0,0,43104.545507648785,46371.00000000001,6770.999999999999
47,26571.0,0.7451733092469234,43.181427343078404,0,0,0,43104.545507648785,46371.00000000001,6770.999999999999
48,26571.0,0.7451733092469234,43.14273430782475,0,0,0,43104.545507648785,46371.00000000001,6770.999999999999
49,26571.0,0.7451733092469234,43.1040412725711,0,0,0,43104.545507648785,46371.00000000001,6770.999999999999
50,26571.0,0.7451733092469234,43.06534823731745,0,0,0,43104.545507648785,46371.00000000001,6770.999999999999
51,26571.0,0.7451733092469234,43.0266552020638,0,0,0,43104.545507648785,46371.00000000001,6770.999999999999
52,26571.0,0.7451733092469234,42.98796216681015,0,0,0,43104.545507648785,46371.00000000001,6770.999999999999
53,26571.0,0.7451733092469234,42.9492691315565,0,0,0,43104.545507648785,46371.00000000001,6770.999999999999
54,26571.0,0.7451733092469234,42.91057609630285,0,0,0,43104.545507648785,46371.00000000001,6770.999999999999
55,26571.0,0.7451733092469234,42.871883061049196,0,0,0,43104.545507648785,46371.00000000001,6770.999999999999
56,26571.0,0.7451733092469234,42.833190025795545,0,0,0,43104.545507648785,46371.00000000001,6770.999999999999
57,26571.0,0.7451733092469234,42.794496990541894,0,0,0,43104.545507648785,46371.00000000001,6770.999999999999
58,26571.0,0.7451733092469234,42.75580395528824,0,0,0,43104.545507648785,46371.00000000001,6770.999999999999
59,26571.0,0.7451733092469234,42.71711092003459,0,0,0,43104.545507648785,46371.00000000001,6770.999999999999
60,26571.0,0.7451733092469234,42.67841788478094,0,0,0,43104.545507648785,46371.00000000001,6770.999999999999
61,26571.0,0.7451733092469234,42.63972484952729,0,0,0,43104.545507648785,46371.00000000001,6770.999999999999
62,26571.0,0.7451733092469234,42.60103181427364,0,0,0,43104.545507648785,46371.00000000001,6770.999999999999
63,26571.0,0.7451733092469234,42.56233877901999,0,0,0,43104.545507648785,46371.00000000001,6770.999999999999
64,26571.0,0.7451733092469234,42.52364574376634,0,0,0,43104.545507648785,46371.00000000001,6770.999999999999
65,26571.0,0.7451733092469234,42.48495270851269,0,0,0,43104.545507648785,46371.00000000001,6770.999999999999
66,26571.0,0.7451733092469234,42.446259673259036,0,0,0,43104.545507648785,46371.00000000001,6770.999999999999
67,26571.0,0.7451733092469234,42.407566638005385,0,0,0,43104.545507648785,46371.00000000001,6770.999999999999
68,26571.0,0.7451733092469234,42.368873602751734,0,0,0,43104.545507648785,46371.00000000001,6770.999999999999
69,26571.0,0.7451733092469234,42.33018056749808,0,0,0,43104.545507648785,46371.00000000001,6770.999999999999
70,26571.0,0.7451733092469234,42.29148753224443,0,0,0,43104.545507648785,46371.00000000001,6770.999999999999
71,26571.0,0.7451733092469234,42.25279449699078,0,0,0,43104.545507648785,46371.00000000001,6770.999999999999
72,26571.0,0.7451733092469234,42.21410146173713,0,0,0,43104.545507648785,46371.00000000001,6770.999999999999
73,26571.0,0.7451733092469234,42.17540842648348,0,0,0,43104.545507648785,46371.00000000001,6770.999999999999
74,26571.0,0.7451733092469234,42.13671539122983,0,0,0,43104.545507648785,46371.00000000001,6770.999999999999
75,26571.0,0.7451733092469234,42.09802235597618,0,0,0,43104.545507648785,46371.00000000001,6770.999999999999
76,26571.0,0.7451733092469234,42.059329320722526,0,0,0,43104.545507648785,46371.00000000001,6770.999999999999
77,26571.0,0.7451733092469234,42.020636285468875,0,0,0,43104.545507648785,46371.00000000001,6770.999999999999
78,26571.0,0.7451733092469234,41.981943250215224,0,0,0,43104.545507648785,46371.00000000001,6770.999999999999
79,26571.0,0.7451733092469234,41.94325021496157,0,0,0,43104.545507648785,46371.00000000001,6770.999999999999
80,26571.0,0.7451733092469234,41.90455717970792,0,0,0,43104.545507648785,46371.00000000001,6770.999999999999
81,26571.0,0.7451733092469234,41.86586414445427,0,0,0,43104.545507648785,46371.00000000001,6770.999999999999
82,26571.0,0.7451733092469234,41.82717110920062,0,0,0,43104.545507648785,46371.00000000001,6770.999999999999
83,26571.0,0.7451733092469234,41.78847807394697,0,0,0,43104.545507648785,46371.00000000001,6770.999999999999
84,26571.0,0.7451733092469234,41.74978503869332,0,0,0,43104.545507648785,46371.00000000001,6770.999999999999
85,26571.0,0.7451733092469234,41.71109200343967,0,0,0,43104.545507648785,46371.00000000001,6770.999999999999
86,26571.0,0.7451733092469234,41.672398968186016,0,0,0,43104.545507648785,46371.00000000001,6770.999999999999
87,26571.0,0.7451733092469234,41.633705932932365,0,0,0,43104.545507648785,46371.00000000001,6770.999999999999
88,26571.0,0.7451733092469234,41.595012897678714,0,0,0,43104.545507648785,46371.00000000001,6770.999999999999
89,26571.0,0.7451733092469234,41.55631986242506,0,0,0,43104.545507648785,46371.00000000001,6770.999999999999
90,26571.0,0.7451733092469234,41.51762682717141,0,0,0,43104.545507648785,46371.00000000001,6770.999999999999
91,26571.0,0.7451733092469234,41.47893379191776,0,0,0,43104.545507648785,46371.00000000001,6770.999999999999
92,26571.0,0.7451733092469234,41.44024075666411,0,0,0,43104.545507648785,46371.00000000001,6770.999999999999
93,26571.0,0.7451733092469234,41.40154772141046,0,0,0,43104.545507648785,46371.00000000001,6770.999999999999
94,26571.0,0.7451733092469234,41.36285468615681,0,0,0,43104.545507648785,46371.00000000001,6770.999999999999
95,26571.0,0.7451733092469234,41.32416165090316,0,0,0,43104.545507648785,46371.00000000001,6770.999999999999
96,26571.0,0.7451733092469234,41.285468615649506,0,0,0,43104.545507648785,46371.00000000001,6770.999999999999
97,26571.0,0.7451733092469234,41.246775580395855,0,0,0,43104.545507648785,46371.00000000001,6770.999999999999
98,26571.0,0.7451733092469234,41.208082545142204,0,0,0,43104.545507648785,46371.00000000001,6770.999999999999
99,26571.0,0.7451733092469234,41.16938950988855,0,0,0,43104.545507648785,46371.00000000001,6770.999999999999
100,26571.0,0.7451733092469234,41.1306964746349,0,0,0,43104.545507648785,46371.00000000001,6770.999999999999
101,26571.0,0.7451733092469234,41.09200343938125,0,0,0,43104.545507648785,46371.00000000001,6770.999999999999
102,26571.0,0.7451733092469234,41.0533104041276,0,0,0,43104.545507648785,46371.00000000001,6770.999999999999
103,26571.0,0.7451733092469234,41.01461736887395,0,0,0,43104.545507648785,46371.00000000001,6770.999999999999
104,26571.0,0.7451733092469234,40.9759243336203,0,0,0,43104.545507648785,46371.00000000001,6770.999999999999
105,26571.0,0.7451733092469234,40.93723129836665,0,0,0,43104.545507648785,46371.00000000001,6770.999999999999
106,26571.0,0.7451733092469234,40.898538263113,0,0,0,43104.545507648785,46371.00000000001,6770.999999999999
107,26571.0,0.7451733092469234,40.859845227859346,0,0,0,43104.545507648785,46371.00000000001,6770.999999999999
108,26571.0,0.7451733092469234,40.821152192605695,0,0,0,43104.545507648785,46371.00000000001,6770.999999999999
109,26571.0,0.7451733092469234,40.782459157352044,0,0,0,43104.545507648785,46371.00000000001,6770.999999999999
110,26571.0,0.7451733092469234,40.74376612209839,0,0,0,43104.545507648785,46371.00000000001,6770.999999999999
111,26571.0,0.7451733092469234,40.70507308684474,0,0,0,43104.545507648785,46371.00000000001,6770.999999999999
112,26571.0,0.7451733092469234,40.66638005159109,0,0,0,43104.545507648785,46371.00000000001,6770.999999999999
113,26571.0,0.7451733092469234,40.62768701633744,0,0,0,43104.545507648785,46371.00000000001,6770.999999999999
114,26571.0,0.7451733092469234,40.58899398108379,0,0,0,43104.545507648785,46371.00000000001,6770.999999999999
115,26571.0,0.7451733092469234,40.55030094583014,0,0,0,43104.545507648785,46371.00000000001,6770.999999999999
116,26571.0,0.7451733092469234,40.51160791057649,0,0,0,43104.545507648785,46371.00000000001,6770.999999999999
117,26571.0,0.7451733092469234,40.472914875322836,0,0,0,43104.545507648785,46371.00000000001,6770.999999999999
118,26571.0,0.7451733092469234,40.434221840069185,0,0,0,43104.545507648785,46371.00000000001,6770.999999999999
119,26571.0,0.7451733092469234,40.395528804815534,0,0,0,43104.545507648785,46371.00000000001,6770.999999999999
120,26571.0,0.7451733092469234,40.35683576956188,0,0,0,43104.545507648785,46371.00000000001,6770.999999999999
121,26571.0,0.7451733092469234,40.31814273430823,0,0,0,43104.545507648785,46371.00000000001,6770.999999999999
122,26571.0,0.7451733092469234,40.27944969905458,0,0,0,43104.545507648785,46371.00000000001,6770.999999999999
123,26571.0,0.7451733092469234,40.24075666380093,0,0,0,43104.545507648785,46371.00000000001,6770.999999999999
124,26571.0,0.7451733092469234,40.20206362854728,0,0,0,43104.545507648785,46371.00000000001,6770.999999999999
125,26571.0,0.7451733092469234,40.16337059329363,0,0,0,43104.545507648785,46371.00000000001,6770.999999999999
126,26571.0,0.7451733092469234,40.12467755803998,0,0,0,43104.545507648785,46371.00000000001,6770.999999999999
127,26571.0,0.7451733092469234,40.085984522786326,0,0,0,43104.545507648785,46371.00000000001,6770.999999999999
128,26571.0,0.7451733092469234,40.047291487532675,0,0,0,43104.545507648785,46371.00000000001,6770.999999999999
129,26571.0,0.7451733092469234,40.008598452279024,0,0,0,43104.545507648785,46371.00000000001,6770.999999999999
130,26571.0,0.7451733092469234,39.96990541702537,0,0,0,43104.545507648785,46371.00000000001,6770.999999999999
131,26571.0,0.7451733092469234,39.93121238177172,0,0,0,43104.545507648785,46371.00000000001,6770.999999999999
132,26571.0,0.7451733092469234,39.89251934651807,0,0,0,43104.545507648785,46371.00000000001,6770.999999999999
133,26571.0,0.7451733092469234,39.85382631126442,0,0,0,43104.545507648785,46371.00000000001,6770.999999999999
134,26571.0,0.7451733092469234,39.81513327601077,0,0,0,43104.545507648785,46371.00000000001,6770.999999999999
135,26571.0,0.7451733092469234,39.77644024075712,0,0,0,43104.545507648785,46371.00000000001,6770.999999999999
136,26571.0,0.7451733092469234,39.73774720550347,0,0,0,43104.545507648785,46371.00000000001,6770.999999999999
137,26571.0,0.7451733092469234,39.699054170249816,0,0,0,43104.545507648785,46371.00000000001,6770.999999999999
138,26571.0,0.7451733092469234,39.660361134996165,0,0,0,43104.545507648785,46371.00000000001,6770.999999999999
139,26571.0,0.7451733092469234,39.621668099742514,0,0,0,43104.545507648785,46371.00000000001,6770.999999999999
140,26571.0,0.7451733092469234,39.58297506448886,0,0,0,43104.545507648785,46371.00000000001,6770.999999999999
141,26571.0,0.7451733092469234,39.54428202923521,0,0,0,43104.545507648785,46371.00000000001,6770.999999999999
142,26571.0,0.7451733092469234,39.50558899398156,0,0,0,43104.545507648785,46371.00000000001,6770.999999999999
143,26571.0,0.7451733092469234,39.46689595872791,0,0,0,43104.545507648785,46371.00000000001,6770.999999999999
144,26571.0,0.7451733092469234,39.42820292347426,0,0,0,43104.545507648785,46371.00000000001,6770.999999999999
145,26571.0,0.7451733092469234,39.38950988822061,0,0,0,43104.545507648785,46371.00000000001,6770.999999999999
146,26571.0,0.7451733092469234,39.35081685296696,0,0,0,43104.545507648785,46371.00000000001,6770.999999999999
147,26571.0,0.7451733092469234,39.31212381771331,0,0,0,43104.545507648785,46371.00000000001,6770.999999999999
148,26571.0,0.7451733092469234,39.273430782459656,0,0,0,43104.545507648785,46371.00000000001,6770.999999999999
149,26571.0,0.7451733092469234,39.234737747206005,0,0,0,43104.545507648785,46371.00000000001,6770.999999999999
150,26571.0,0.7451733092469234,39.196044711952354,0,0,0,43104.545507648785,46371.00000000001,6770.999999999999
151,26571.0,0.7451733092469234,39.1573516766987,0,0,0,43104.545507648785,46371.00000000001,6770.999999999999
152,26571.0,0.7451733092469234,39.11865864144505,0,0,0,43104.545507648785,46371.00000000001,6770.999999999999
153,26571.0,0.7451733092469234,39.0799656061914,0,0,0,43104.545507648785,46371.00000000001,6770.999999999999
154,26571.0,0.7451733092469234,39.04127257093775,0,0,0,43104.545507648785,46371.00000000001,6770.999999999999
155,26571.0,0.7451733092469234,39.0025795356841,0,0,0,43104.545507648785,46371.00000000001,6770.999999999999
156,26571.0,0.7451733092469234,38.96388650043045,0,0,0,43104.545507648785,46371.00000000001,6770.999999999999
157,26571.0,0.7451733092469234,38.9251934651768,0,0,0,43104.545507648785,46371.00000000001,6770.999999999999
158,26571.0,0.7451733092469234,38.886500429923146,0,0,0,43104.545507648785,46371.00000000001,6770.999999999999
159,26571.0,0.7451733092469234,38.847807394669495,0,0,0,43104.545507648785,46371.00000000001,6770.999999999999
160,26571.0,0.7451733092469234,38.809114359415844,0,0,0,43104.545507648785,46371.00000000001,6770.999999999999
161,26571.0,0.7451733092469234,38.77042132416219,0,0,0,43104.545507648785,46371.00000000001,6770.999999999999
162,26571.0,0.7451733092469234,38.73172828890854,0,0,0,43104.545507648785,46371.00000000001,6770.999999999999
163,26571.0,0.7451733092469234,38.69303525365489,0,0,0,43104.545507648785,46371.00000000001,6770.999999999999
164,26571.0,0.7451733092469234,38.65434221840124,0,0,0,43104.545507648785,46371.00000000001,6770.999999999999
165,26571.0,0.7451733092469234,38.61564918314759,0,0,0,43104.545507648785,46371.00000000001,6770.999999999999
166,26571.0,0.7451733092469234,38.57695614789394,0,0,0,43104.545507648785,46371.00000000001,6770.999999999999
167,26571.0,0.7451733092469234,38.53826311264029,0,0,0,43104.545507648785,46371.00000000001,6770.999999999999
168,26571.0,0.7451733092469234,38.499570077386636,0,0,0,43104.545507648785,46371.00000000001,6770.999999999999
169,26571.0,0.7451733092469234,38.460877042132985,0,0,0,43104.545507648785,46371.00000000001,6770.999999999999
170,26571.0,0.7451733092469234,38.422184006879334,0,0,0,43104.545507648785,46371.00000000001,6770.999999999999
171,26571.0,0.7451733092469234,38.38349097162568,0,0,0,43104.545507648785,46371.00000000001,6770.999999999999
172,26571.0,0.7451733092469234,38.34479793637203,0,0,0,43104.545507648785,46371.00000000001,6770.999999999999
173,26571.0,0.7451733092469234,38.30610490111838,0,0,0,43104.545507648785,46371.00000000001,6770.999999999999
174,26571.0,0.7451733092469234,38.26741186586473,0,0,0,43104.545507648785,46371.00000000001,6770.999999999999
175,26571.0,0.7451733092469234,38.22871883061108,0,0,0,43104.545507648785,46371.00000000001,6770.999999999999
176,26571.0,0.7451733092469234,38.19002579535743,0,0,0,43104.545507648785,46371.00000000001,6770.999999999999
177,26571.0,0.7451733092469234,38.15133276010378,0,0,0,43104.545507648785,46371.00000000001,6770.999999999999
178,26571.0,0.7451733092469234,38.112639724850126,0,0,0,43104.545507648785,46371.00000000001,6770.999999999999
179,26571.0,0.7451733092469234,38.073946689596475,0,0,0,43104.545507648785,46371.00000000001,6770.999999999999
180,26571.0,0.7451733092469234,38.035253654342824,0,0,0,43104.545507648785,46371.00000000001,6770.999999999999
181,26571.0,0.7451733092469234,37.99656061908917,0,0,0,43104.545507648785,46371.00000000001,6770.999999999999
182,26571.0,0.7451733092469234,37.95786758383552,0,0,0,43104.545507648785,46371.00000000001,6770.999999999999
183,26571.0,0.7451733092469234,37.91917454858187,0,0,0,43104.545507648785,46371.00000000001,6770.999999999999
184,26571.0,0.7451733092469234,37.88048151332822,0,0,0,43104.545507648785,46371.00000000001,6770.999999999999
185,26571.0,0.7451733092469234,37.84178847807457,0,0,0,43104.545507648785,46371.00000000001,6770.999999999999
186,26571.0,0.7451733092469234,37.80309544282092,0,0,0,43104.545507648785,46371.00000000001,6770.999999999999
187,26571.0,0.7451733092469234,37.76440240756727,0,0,0,43104.545507648785,46371.00000000001,6770.999999999999
188,26571.0,0.7451733092469234,37.72570937231362,0,0,0,43104.545507648785,46371.00000000001,6770.999999999999
189,26571.0,0.7451733092469234,37.687016337059966,0,0,0,43104.545507648785,46371.00000000001,6770.999999999999
190,26571.0,0.7451733092469234,37.648323301806315,0,0,0,43104.545507648785,46371.00000000001,6770.999999999999
191,26571.0,0.7451733092469234,37.609630266552664,0,0,0,43104.545507648785,46371.00000000001,6770.999999999999
192,26571.0,0.7451733092469234,37.57093723129901,0,0,0,43104.545507648785,46371.00000000001,6770.999999999999
193,26571.0,0.7451733092469234,37.53224419604536,0,0,0,43104.545507648785,46371.00000000001,6770.999999999999
194,26571.0,0.7451733092469234,37.49355116079171,0,0,0,43104.545507648785,46371.00000000001,6770.999999999999
195,26571.0,0.7451733092469234,37.45485812553806,0,0,0,43104.545507648785,46371.00000000001,6770.999999999999
196,26571.0,0.7451733092469234,37.41616509028441,0,0,0,43104.545507648785,46371.00000000001,6770.999999999999
197,26571.0,0.7451733092469234,37.37747205503076,0,0,0,43104.545507648785,46371.00000000001,6770.999999999999
198,26571.0,0.7451733092469234,37.33877901977711,0,0,0,43104.545507648785,46371.00000000001,6770.999999999999
199,26571.0,0.7451733092469234,37.300085984523456,0,0,0,43104.545507648785,46371.00000000001,6770.999999999999
200,26571.0,0.7451733092469234,37.261392949269805,0,0,0,43104.545507648785,46371.00000000001,6770.999999999999
201,26571.0,0.7451733092469234,37.222699914016154,0,0,0,43104.545507648785,46371.00000000001,6770.999999999999
202,26571.0,0.7451733092469234,37.1840068787625,0,0,0,43104.545507648785,46371.00000000001,6770.999999999999
203,26571.0,0.7451733092469234,37.14531384350885,0,0,0,43104.545507648785,46371.00000000001,6770.999999999999
204,26571.0,0.7451733092469234,37.1066208082552,0,0,0,43104.545507648785,46371.00000000001,6770.999999999999
205,26571.0,0.7451733092469234,37.06792777300155,0,0,0,43104.545507648785,46371.00000000001,6770.999999999999
206,26571.0,0.7451733092469234,37.0292347377479,0,0,0,43104.545507648785,46371.00000000001,6770.999999999999
207,26571.0,0.7451733092469234,36.99054170249425,0,0,0,43104.545507648785,46371.00000000001,6770.999999999999
208,26571.0,0.7451733092469234,36.9518486672406,0,0,0,43104.545507648785,46371.00000000001,6770.999999999999
209,26571.0,0.7451733092469234,36.913155631986946,0,0,0,43104.545507648785,46371.00000000001,6770.999999999999
210,26571.0,0.7451733092469234,36.874462596733295,0,0,0,43104.545507648785,46371.00000000001,6770.999999999999
211,26571.0,0.7451733092469234,36.835769561479644,0,0,0,43104.545507648785,46371.00000000001,6770.999999999999
212,26571.0,0.7451733092469234,36.79707652622599,0,0,0,43104.545507648785,46371.00000000001,6770.999999999999
213,26571.0,0.7451733092469234,36.75838349097234,0,0,0,43104.545507648785,46371.00000000001,6770.999999999999
214,26571.0,0.7451733092469234,36.71969045571869,0,0,0,43104.545507648785,46371.00000000001,6770.999999999999
215,26571.0,0.7451733092469234,36.68099742046504,0,0,0,43104.545507648785,46371.00000000001,6770.999999999999
216,26571.0,0.7451733092469234,36.64230438521139,0,0,0,43104.545507648785,46371.00000000001,6770.999999999999
217,26571.0,0.7451733092469234,36.60361134995774,0,0,0,43104.545507648785,46371.00000000001,6770.999999999999
218,26571.0,0.7451733092469234,36.56491831470409,0,0,0,43104.545507648785,46371.00000000001,6770.999999999999
219,26571.0,0.7451733092469234,36.526225279450436,0,0,0,43104.545507648785,46371.00000000001,6770.999999999999
220,26571.0,0.7451733092469234,36.487532244196785,0,0,0,43104.545507648785,46371.00000000001,6770.999999999999
221,26571.0,0.7451733092469234,36.448839208943134,0,0,0,43104.545507648785,46371.00000000001,6770.999999999999
222,26571.0,0.7451733092469234,36.41014617368948,0,0,0,43104.545507648785,46371.00000000001,6770.999999999999
223,26571.0,0.7451733092469234,36.37145313843583,0,0,0,43104.545507648785,46371.00000000001,6770.999999999999
224,26571.0,0.7451733092469234,36.33276010318218,0,0,0,43104.545507648785,46371.00000000001,6770.999999999999
225,26571.0,0.7451733092469234,36.29406706792853,0,0,0,43104.545507648785,46371.00000000001,6770.999999999999
226,26571.0,0.7451733092469234,36.25537403267488,0,0,0,43104.545507648785,46371.00000000001,6770.999999999999
227,26571.0,0.7451733092469234,36.21668099742123,0,0,0,43104.545507648785,46371.00000000001,6770.999999999999
228,26571.0,0.7451733092469234,36.17798796216758,0,0,0,43104.545507648785,46371.00000000001,6770.999999999999
229,26571.0,0.7451733092469234,36.13929492691393,0,0,0,43104.545507648785,46371.00000000001,6770.999999999999
230,26571.0,0.7451733092469234,36.100601891660276,0,0,0,43104.545507648785,46371.00000000001,6770.999999999999
231,26571.0,0.7451733092469234,36.061908856406625,0,0,0,43104.545507648785,46371.00000000001,6770.999999999999
232,26571.0,0.7451733092469234,36.023215821152974,0,0,0,43104.545507648785,46371.00000000001,6770.999999999999
233,26571.0,0.7451733092469234,35.98452278589932,0,0,0,43104.545507648785,46371.00000000001,6770.999999999999
234,26571.0,0.7451733092469234,35.94582975064567,0,0,0,43104.545507648785,46371.00000000001,6770.999999999999
235,26571.0,0.7451733092469234,35.90713671539202,0,0,0,43104.545507648785,46371.00000000001,6770.999999999999
236,26571.0,0.7451733092469234,35.86844368013837,0,0,0,43104.545507648785,46371.00000000001,6770.999999999999
237,26571.0,0.7451733092469234,35.82975064488472,0,0,0,43104.545507648785,46371.00000000001,6770.999999999999
238,26571.0,0.7451733092469234,35.79105760963107,0,0,0,43104.545507648785,46371.00000000001,6770.999999999999
239,26571.0,0.7451733092469234,35.75236457437742,0,0,0,43104.545507648785,46371.00000000001,6770.999999999999
240,26571.0,0.7451733092469234,35.713671539123766,0,0,0,43104.545507648785,46371.00000000001,6770.999999999999
241,26571.0,0.7451733092469234,35.674978503870115,0,0,0,43104.545507648785,46371.00000000001,6770.999999999999
242,26571.0,0.7451733092469234,35.636285468616464,0,0,0,43104.545507648785,46371.00000000001,6770.999999999999
243,26571.0,0.7451733092469234,35.59759243336281,0,0,0,43104.545507648785,46371.00000000001,6770.999999999999
244,26571.0,0.7451733092469234,35.55889939810916,0,0,0,43104.545507648785,46371.00000000001,6770.999999999999
245,26571.0,0.7451733092469234,35.52020636285551,0,0,0,43104.545507648785,46371.00000000001,6770.999999999999
246,26571.0,0.7451733092469234,35.48151332760186,0,0,0,43104.545507648785,46371.00000000001,6770.999999999999
247,26571.0,0.7451733092469234,35.44282029234821,0,0,0,43104.545507648785,46371.00000000001,6770.999999999999
248,26571.0,0.7451733092469234,35.40412725709456,0,0,0,43104.545507648785,46371.00000000001,6770.999999999999
249,26571.0,0.7451733092469234,35.36543422184091,0,0,0,43104.545507648785,46371.00000000001,6770.999999999999
250,26571.0,0.7451733092469234,35.326741186587256,0,0,0,43104.545507648785,46371.00000000001,6770.999999999999
251,26571.0,0.7451733092469234,35.288048151333605,0,0,0,43104.545507648785,46371.00000000001,6770.999999999999
252,26571.0,0.7451733092469234,35.249355116079954,0,0,0,43104.545507648785,46371.00000000001,6770.999999999999
253,26571.0,0.7451733092469234,35.2106620808263,0,0,0,43104.545507648785,46371.00000000001,6770.999999999999
254,26571.0,0.7451733092469234,35.17196904557265,0,0,0,43104.545507648785,46371.00000000001,6770.999999999999
255,26571.0,0.7451733092469234,35.133276010319,0,0,0,43104.545507648785,46371.00000000001,6770.999999999999
256,26571.0,0.7451733092469234,35.09458297506535,0,0,0,43104.545507648785,46371.00000000001,6770.999999999999
257,26571.0,0.7451733092469234,35.0558899398117,0,0,0,43104.545507648785,46371.00000000001,6770.999999999999
258,26571.0,0.7451733092469234,35.01719690455805,0,0,0,43104.545507648785,46371.00000000001,6770.999999999999
259,26571.0,0.7451733092469234,34.9785038693044,0,0,0,43104.545507648785,46371.00000000001,6770.999999999999
260,26571.0,0.7451733092469234,34.939810834050746,0,0,0,43104.545507648785,46371.00000000001,6770.999999999999
261,26571.0,0.7451733092469234,34.901117798797095,0,0,0,43104.545507648785,46371.00000000001,6770.999999999999
262,26571.0,0.7451733092469234,34.862424763543444,0,0,0,43104.545507648785,46371.00000000001,6770.999999999999
263,26571.0,0.7451733092469234,34.82373172828979,0,0,0,43104.545507648785,46371.00000000001,6770.999999999999
264,26571.0,0.7451733092469234,34.78503869303614,0,0,0,43104.545507648785,46371.00000000001,6770.999999999999
265,26571.0,0.7451733092469234,34.74634565778249,0,0,0,43104.545507648785,46371.00000000001,6770.999999999999
266,26571.0,0.7451733092469234,34.70765262252884,0,0,0,43104.545507648785,46371.00000000001,6770.999999999999
267,26571.0,0.7451733092469234,34.66895958727519,0,0,0,43104.545507648785,46371.00000000001,6770.999999999999
268,26571.0,0.7451733092469234,34.63026655202154,0,0,0,43104.545507648785,46371.00000000001,6770.999999999999
269,26571.0,0.7451733092469234,34.59157351676789,0,0,0,43104.545507648785,46371.00000000001,6770.999999999999
270,26571.0,0.7451733092469234,34.55288048151424,0,0,0,43104.545507648785,46371.00000000001,6770.999999999999
271,26571.0,0.7451733092469234,34.514187446260586,0,0,0,43104.545507648785,46371.00000000001,6770.999999999999
272,26571.0,0.7451733092469234,34.475494411006935,0,0,0,43104.545507648785,46371.00000000001,6770.999999999999
273,26571.0,0.7451733092469234,34.436801375753284,0,0,0,43104.545507648785,46371.00000000001,6770.999999999999
274,26571.0,0.7451733092469234,34.39810834049963,0,0,0,43104.545507648785,46371.00000000001,6770.999999999999
275,26571.0,0.7451733092469234,34.35941530524598,0,0,0,43104.545507648785,46371.00000000001,6770.999999999999
276,26571.0,0.7451733092469234,34.32072226999233,0,0,0,43104.545507648785,46371.00000000001,6770.999999999999
277,26571.0,0.7451733092469234,34.28202923473868,0,0,0,43104.545507648785,46371.00000000001,6770.999999999999
278,26571.0,0.7451733092469234,34.24333619948503,0,0,0,43104.545507648785,46371.00000000001,6770.999999999999
279,26571.0,0.7451733092469234,34.20464316423138,0,0,0,43104.545507648785,46371.00000000001,6770.999999999999
280,26571.0,0.7451733092469234,34.16595012897773,0,0,0,43104.545507648785,46371.00000000001,6770.999999999999
281,26571.0,0.7451733092469234,34.127257093724076,0,0,0,43104.545507648785,46371.00000000001,6770.999999999999
282,26571.0,0.7451733092469234,34.088564058470425,0,0,0,43104.545507648785,46371.00000000001,6770.999999999999
283,26571.0,0.7451733092469234,34.049871023216774,0,0,0,43104.545507648785,46371.00000000001,6770.999999999999
284,26571.0,0.7451733092469234,34.01117798796312,0,0,0,43104.545507648785,46371.00000000001,6770.999999999999
285,26571.0,0.7451733092469234,33.97248495270947,0,0,0,43104.545507648785,46371.00000000001,6770.999999999999
286,26571.0,0.7451733092469234,33.93379191745582,0,0,0,43104.545507648785,46371.00000000001,6770.999999999999
287,26571.0,0.7451733092469234,33.89509888220217,0,0,0,43104.545507648785,46371.00000000001,6770.999999999999
288,26571.0,0.7451733092469234,33.85640584694852,0,0,0,43104.545507648785,46371.00000000001,6770.999999999999
289,26571.0,0.7451733092469234,33.81771281169487,0,0,0,43104.545507648785,46371.00000000001,6770.999999999999
290,26571.0,0.7451733092469234,33.77901977644122,0,0,0,43104.545507648785,46371.00000000001,6770.999999999999
291,26571.0,0.7451733092469234,33.740326741187566,0,0,0,43104.545507648785,46371.00000000001,6770.999999999999
292,26571.0,0.7451733092469234,33.701633705933915,0,0,0,43104.545507648785,46371.00000000001,6770.999999999999
293,26571.0,0.7451733092469234,33.662940670680264,0,0,0,43104.545507648785,46371.00000000001,6770.999999999999
294,26571.0,0.7451733092469234,33.62424763542661,0,0,0,43104.545507648785,46371.00000000001,6770.999999999999
295,26571.0,0.7451733092469234,33.58555460017296,0,0,0,43104.545507648785,46371.00000000001,6770.999999999999
296,26571.0,0.7451733092469234,33.54686156491931,0,0,0,43104.545507648785,46371.00000000001,6770.999999999999
297,26571.0,0.7451733092469234,33.50816852966566,0,0,0,43104.545507648785,46371.00000000001,6770.999999999999
298,26571.0,0.7451733092469234,33.46947549441201,0,0,0,43104.545507648785,46371.00000000001,6770.999999999999
299,26571.0,0.7451733092469234,33.43078245915836,0,0,0,43104.545507648785,46371.00000000001,6770.999999999999
300,26571.0,0.7451733092469234,33.39208942390471,0,0,0,43104.545507648785,46371.00000000001,6770.999999999999
301,26571.0,0.7451733092469234,33.353396388651056,0,0,0,43104.545507648785,46371.00000000001,6770.999999999999
302,26571.0,0.7451733092469234,33.314703353397405,0,0,0,43104.545507648785,46371.00000000001,6770.999999999999
303,26571.0,0.7451733092469234,33.276010318143754,0,0,0,43104.545507648785,46371.00000000001,6770.999999999999
304,26571.0,0.7451733092469234,33.2373172828901,0,0,0,43104.545507648785,46371.00000000001,6770.999999999999
305,26571.0,0.7451733092469234,33.19862424763645,0,0,0,43104.545507648785,46371.00000000001,6770.999999999999
306,26571.0,0.7451733092469234,33.1599312123828,0,0,0,43104.545507648785,46371.00000000001,6770.999999999999
307,26571.0,0.7451733092469234,33.12123817712915,0,0,0,43104.545507648785,46371.00000000001,6770.999999999999
308,26571.0,0.7451733092469234,33.0825451418755,0,0,0,43104.545507648785,46371.00000000001,6770.999999999999
309,26571.0,0.7451733092469234,33.04385210662185,0,0,0,43104.545507648785,46371.00000000001,6770.999999999999
310,26571.0,0.7451733092469234,33.0051590713682,0,0,0,43104.545507648785,46371.00000000001,6770.999999999999
311,26571.0,0.7451733092469234,32.96646603611455,0,0,0,43104.545507648785,46371.00000000001,6770.999999999999
312,26571.0,0.7451733092469234,32.927773000860896,0,0,0,43104.545507648785,46371.00000000001,6770.999999999999
313,26571.0,0.7451733092469234,32.889079965607245,0,0,0,43104.545507648785,46371.00000000001,6770.999999999999
314,26571.0,0.7451733092469234,32.850386930353594,0,0,0,43104.545507648785,46371.00000000001,6770.999999999999
315,26571.0,0.7451733092469234,32.81169389509994,0,0,0,43104.545507648785,46371.00000000001,6770.999999999999
316,26571.0,0.7451733092469234,32.77300085984629,0,0,0,43104.545507648785,46371.00000000001,6770.999999999999
317,26571.0,0.7451733092469234,32.73430782459264,0,0,0,43104.545507648785,46371.00000000001,6770.999999999999
318,26571.0,0.7451733092469234,32.69561478933899,0,0,0,43104.545507648785,46371.00000000001,6770.999999999999
319,26571.0,0.7451733092469234,32.65692175408534,0,0,0,43104.545507648785,46371.00000000001,6770.999999999999
320,26571.0,0.7451733092469234,32.61822871883169,0,0,0,43104.545507648785,46371.00000000001,6770.999999999999
321,26571.0,0.7451733092469234,32.57953568357804,0,0,0,43104.545507648785,46371.00000000001,6770.999999999999
322,26571.0,0.7451733092469234,32.540842648324386,0,0,0,43104.545507648785,46371.00000000001,6770.999999999999
323,26571.0,0.7451733092469234,32.502149613070735,0,0,0,43104.545507648785,46371.00000000001,6770.999999999999
324,26571.0,0.7451733092469234,32.463456577817084,0,0,0,43104.545507648785,46371.00000000001,6770.999999999999
325,26571.0,0.7451733092469234,32.42476354256343,0,0,0,43104.545507648785,46371.00000000001,6770.999999999999
326,26571.0,0.7451733092469234,32.38607050730978,0,0,0,43104.545507648785,46371.00000000001,6770.999999999999
327,26571.0,0.7451733092469234,32.34737747205613,0,0,0,43104.545507648785,46371.00000000001,6770.999999999999
328,26571.0,0.7451733092469234,32.30868443680248,0,0,0,43104.545507648785,46371.00000000001,6770.999999999999
329,26571.0,0.7451733092469234,32.26999140154883,0,0,0,43104.545507648785,46371.00000000001,6770.999999999999
330,26571.0,0.7451733092469234,32.23129836629518,0,0,0,43104.545507648785,46371.00000000001,6770.999999999999
331,26571.0,0.7451733092469234,32.19260533104153,0,0,0,43104.545507648785,46371.00000000001,6770.999999999999
332,26571.0,0.7451733092469234,32.153912295787876,0,0,0,43104.545507648785,46371.00000000001,6770.999999999999
333,26571.0,0.7451733092469234,32.115219260534225,0,0,0,43104.545507648785,46371.00000000001,6770.999999999999
334,26571.0,0.7451733092469234,32.076526225280574,0,0,0,43104.545507648785,46371.00000000001,6770.999999999999
335,26571.0,0.7451733092469234,32.03783319002692,0,0,0,43104.545507648785,46371.00000000001,6770.999999999999
336,26571.0,0.7451733092469234,31.99914015477327,0,0,0,43104.545507648785,46371.00000000001,6770.999999999999
337,26571.0,0.7451733092469234,31.960447119519614,0,0,0,43104.545507648785,46371.00000000001,6770.999999999999
338,26571.0,0.7451733092469234,31.92175408426596,0,0,0,43104.545507648785,46371.00000000001,6770.999999999999
339,26571.0,0.7451733092469234,31.883061049012305,0,0,0,43104.545507648785,46371.00000000001,6770.999999999999
340,26571.0,0.7451733092469234,31.84436801375865,0,0,0,43104.545507648785,46371.00000000001,6770.999999999999
341,26571.0,0.7451733092469234,31.805674978504996,0,0,0,43104.545507648785,46371.00000000001,6770.999999999999
342,26571.0,0.7451733092469234,31.76698194325134,0,0,0,43104.545507648785,46371.00000000001,6770.999999999999
343,26571.0,0.7451733092469234,31.728288907997687,0,0,0,43104.545507648785,46371.00000000001,6770.999999999999
344,26571.0,0.7451733092469234,31.689595872744032,0,0,0,43104.545507648785,46371.00000000001,6770.999999999999
345,26571.0,0.7451733092469234,31.650902837490378,0,0,0,43104.545507648785,46371.00000000001,6770.999999999999
346,26571.0,0.7451733092469234,31.612209802236723,0,0,0,43104.545507648785,46371.00000000001,6770.999999999999
347,26571.0,0.7451733092469234,31.57351676698307,0,0,0,43104.545507648785,46371.00000000001,6770.999999999999
348,26571.0,0.7451733092469234,31.534823731729414,0,0,0,43104.545507648785,46371.00000000001,6770.999999999999
349,26571.0,0.7451733092469234,31.49613069647576,0,0,0,43104.545507648785,46371.00000000001,6770.999999999999
350,26571.0,0.7451733092469234,31.457437661222105,0,0,0,43104.545507648785,46371.00000000001,6770.999999999999
351,26571.0,0.7451733092469234,31.41874462596845,0,0,0,43104.545507648785,46371.00000000001,6770.999999999999
352,26571.0,0.7451733092469234,31.380051590714796,0,0,0,43104.545507648785,46371.00000000001,6770.999999999999
353,26571.0,0.7451733092469234,31.34135855546114,0,0,0,43104.545507648785,46371.00000000001,6770.999999999999
354,26571.0,0.7451733092469234,31.302665520207487,0,0,0,43104.545507648785,46371.00000000001,6770.999999999999
355,26571.0,0.7451733092469234,31.263972484953833,0,0,0,43104.545507648785,46371.00000000001,6770.999999999999
356,26571.0,0.7451733092469234,31.225279449700178,0,0,0,43104.545507648785,46371.00000000001,6770.999999999999
357,26571.0,0.7451733092469234,31.186586414446523,0,0,0,43104.545507648785,46371.00000000001,6770.999999999999
358,26571.0,0.7451733092469234,31.14789337919287,0,0,0,43104.545507648785,46371.00000000001,6770.999999999999
359,26571.0,0.7451733092469234,31.109200343939214,0,0,0,43104.545507648785,46371.00000000001,6770.999999999999
360,26571.0,0.7451733092469234,31.07050730868556,0,0,0,43104.545507648785,46371.00000000001,6770.999999999999
361,26571.0,0.7451733092469234,31.031814273431905,0,0,0,43104.545507648785,46371.00000000001,6770.999999999999
362,26571.0,0.7451733092469234,30.99312123817825,0,0,0,43104.545507648785,46371.00000000001,6770.999999999999
363,26571.0,0.7451733092469234,30.954428202924596,0,0,0,43104.545507648785,46371.00000000001,6770.999999999999
364,26571.0,0.7451733092469234,30.91573516767094,0,0,0,43104.545507648785,46371.00000000001,6770.999999999999
365,26571.0,0.7451733092469234,30.877042132417287,0,0,0,43104.545507648785,46371.00000000001,6770.999999999999
366,26571.0,0.7451733092469234,30.838349097163633,0,0,0,43104.545507648785,46371.00000000001,6770.999999999999
367,26571.0,0.7451733092469234,30.799656061909978,0,0,0,43104.545507648785,46371.00000000001,6770.999999999999
368,26571.0,0.7451733092469234,30.760963026656324,0,0,0,43104.545507648785,46371.00000000001,6770.999999999999
369,26571.0,0.7451733092469234,30.72226999140267,0,0,0,43104.545507648785,46371.00000000001,6770.999999999999
370,26571.0,0.7451733092469234,30.683576956149015,0,0,0,43104.545507648785,46371.00000000001,6770.999999999999
371,26571.0,0.7451733092469234,30.64488392089536,0,0,0,43104.545507648785,46371.00000000001,6770.999999999999
372,26571.0,0.7451733092469234,30.606190885641706,0,0,0,43104.545507648785,46371.00000000001,6770.999999999999
373,26571.0,0.7451733092469234,30.56749785038805,0,0,0,43104.545507648785,46371.00000000001,6770.999999999999
374,26571.0,0.7451733092469234,30.528804815134396,0,0,0,43104.545507648785,46371.00000000001,6770.999999999999
375,26571.0,0.7451733092469234,30.490111779880742,0,0,0,43104.545507648785,46371.00000000001,6770.999999999999
376,26571.0,0.7451733092469234,30.451418744627087,0,0,0,43104.545507648785,46371.00000000001,6770.999999999999
377,26571.0,0.7451733092469234,30.412725709373433,0,0,0,43104.545507648785,46371.00000000001,6770.999999999999
378,26571.0,0.7451733092469234,30.37403267411978,0,0,0,43104.545507648785,46371.00000000001,6770.999999999999
379,26571.0,0.7451733092469234,30.335339638866124,0,0,0,43104.545507648785,46371.00000000001,6770.999999999999
380,26571.0,0.7451733092469234,30.29664660361247,0,0,0,43104.545507648785,46371.00000000001,6770.999999999999
381,26571.0,0.7451733092469234,30.257953568358815,0,0,0,43104.545507648785,46371.00000000001,6770.999999999999
382,26571.0,0.7451733092469234,30.21926053310516,0,0,0,43104.545507648785,46371.00000000001,6770.999999999999
383,26571.0,0.7451733092469234,30.180567497851506,0,0,0,43104.545507648785,46371.00000000001,6770.999999999999
384,26571.0,0.7451733092469234,30.14187446259785,0,0,0,43104.545507648785,46371.00000000001,6770.999999999999
385,26571.0,0.7451733092469234,30.103181427344197,0,0,0,43104.545507648785,46371.00000000001,6770.999999999999
386,26571.0,0.7451733092469234,30.064488392090542,0,0,0,43104.545507648785,46371.00000000001,6770.999999999999
387,26571.0,0.7451733092469234,30.025795356836888,0,0,0,43104.545507648785,46371.00000000001,6770.999999999999
388,26571.0,0.7451733092469234,29.987102321583233,0,0,0,43104.545507648785,46371.00000000001,6770.999999999999
389,26571.0,0.7451733092469234,29.94840928632958,0,0,0,43104.545507648785,46371.00000000001,6770.999999999999
390,26571.0,0.7451733092469234,29.909716251075924,0,0,0,43104.545507648785,46371.00000000001,6770.999999999999
391,26571.0,0.7451733092469234,29.87102321582227,0,0,0,43104.545507648785,46371.00000000001,6770.999999999999
392,26571.0,0.7451733092469234,29.832330180568615,0,0,0,43104.545507648785,46371.00000000001,6770.999999999999
393,26571.0,0.7451733092469234,29.79363714531496,0,0,0,43104.545507648785,46371.00000000001,6770.999999999999
394,26571.0,0.7451733092469234,29.754944110061306,0,0,0,43104.545507648785,46371.00000000001,6770.999999999999
395,26571.0,0.7451733092469234,29.71625107480765,0,0,0,43104.545507648785,46371.00000000001,6770.999999999999
396,26571.0,0.7451733092469234,29.677558039553997,0,0,0,43104.545507648785,46371.00000000001,6770.999999999999
397,26571.0,0.7451733092469234,29.638865004300342,0,0,0,43104.545507648785,46371.00000000001,6770.999999999999
398,26571.0,0.7451733092469234,29.600171969046688,0,0,0,43104.545507648785,46371.00000000001,6770.999999999999
399,26571.0,0.7451733092469234,29.561478933793033,0,0,0,43104.545507648785,46371.00000000001,6770.999999999999
400,26571.0,0.7451733092469234,29.52278589853938,0,0,0,43104.545507648785,46371.00000000001,6770.999999999999
401,26571.0,0.7451733092469234,29.484092863285724,0,0,0,43104.545507648785,46371.00000000001,6770.999999999999
402,26571.0,0.7451733092469234,29.44539982803207,0,0,0,43104.545507648785,46371.00000000001,6770.999999999999
403,26571.0,0.7451733092469234,29.406706792778415,0,0,0,43104.545507648785,46371.00000000001,6770.999999999999
404,26571.0,0.7451733092469234,29.36801375752476,0,0,0,43104.545507648785,46371.00000000001,6770.999999999999
405,26571.0,0.7451733092469234,29.329320722271106,0,0,0,43104.545507648785,46371.00000000001,6770.999999999999
406,26571.0,0.7451733092469234,29.29062768701745,0,0,0,43104.545507648785,46371.00000000001,6770.999999999999
407,26571.0,0.7451733092469234,29.251934651763797,0,0,0,43104.545507648785,46371.00000000001,6770.999999999999
408,26571.0,0.7451733092469234,29.213241616510143,0,0,0,43104.545507648785,46371.00000000001,6770.999999999999
409,26571.0,0.7451733092469234,29.174548581256488,0,0,0,43104.545507648785,46371.00000000001,6770.999999999999
410,26571.0,0.7451733092469234,29.135855546002833,0,0,0,43104.545507648785,46371.00000000001,6770.999999999999
411,26571.0,0.7451733092469234,29.09716251074918,0,0,0,43104.545507648785,46371.00000000001,6770.999999999999
412,26571.0,0.7451733092469234,29.058469475495524,0,0,0,43104.545507648785,46371.00000000001,6770.999999999999
413,26571.0,0.7451733092469234,29.01977644024187,0,0,0,43104.545507648785,46371.00000000001,6770.999999999999
414,26571.0,0.7451733092469234,28.981083404988215,0,0,0,43104.545507648785,46371.00000000001,6770.999999999999
415,26571.0,0.7451733092469234,28.94239036973456,0,0,0,43104.545507648785,46371.00000000001,6770.999999999999
416,26571.0,0.7451733092469234,28.903697334480906,0,0,0,43104.545507648785,46371.00000000001,6770.999999999999
417,26571.0,0.7451733092469234,28.86500429922725,0,0,0,43104.545507648785,46371.00000000001,6770.999999999999
418,26571.0,0.7451733092469234,28.826311263973597,0,0,0,43104.545507648785,46371.00000000001,6770.999999999999
419,26571.0,0.7451733092469234,28.787618228719943,0,0,0,43104.545507648785,46371.00000000001,6770.999999999999
420,26571.0,0.7451733092469234,28.748925193466288,0,0,0,43104.545507648785,46371.00000000001,6770.999999999999
421,26571.0,0.7451733092469234,28.710232158212634,0,0,0,43104.545507648785,46371.00000000001,6770.999999999999
422,26571.0,0.7451733092469234,28.67153912295898,0,0,0,43104.545507648785,46371.00000000001,6770.999999999999
423,26571.0,0.7451733092469234,28.632846087705325,0,0,0,43104.545507648785,46371.00000000001,6770.999999999999
424,26571.0,0.7451733092469234,28.59415305245167,0,0,0,43104.545507648785,46371.00000000001,6770.999999999999
425,26571.0,0.7451733092469234,28.555460017198016,0,0,0,43104.545507648785,46371.00000000001,6770.999999999999
426,26571.0,0.7451733092469234,28.51676698194436,0,0,0,43104.545507648785,46371.00000000001,6770.999999999999
427,26571.0,0.7451733092469234,28.478073946690706,0,0,0,43104.545507648785,46371.00000000001,6770.999999999999
428,26571.0,0.7451733092469234,28.439380911437052,0,0,0,43104.545507648785,46371.00000000001,6770.999999999999
429,26571.0,0.7451733092469234,28.400687876183397,0,0,0,43104.545507648785,46371.00000000001,6770.999999999999
430,26571.0,0.7451733092469234,28.361994840929743,0,0,0,43104.545507648785,46371.00000000001,6770.999999999999
431,26571.0,0.7451733092469234,28.32330180567609,0,0,0,43104.545507648785,46371.00000000001,6770.999999999999
432,26571.0,0.7451733092469234,28.284608770422434,0,0,0,43104.545507648785,46371.00000000001,6770.999999999999
433,26571.0,0.7451733092469234,28.24591573516878,0,0,0,43104.545507648785,46371.00000000001,6770.999999999999
434,26571.0,0.7451733092469234,28.207222699915125,0,0,0,43104.545507648785,46371.00000000001,6770.999999999999
435,26571.0,0.7451733092469234,28.16852966466147,0,0,0,43104.545507648785,46371.00000000001,6770.999999999999
436,26571.0,0.7451733092469234,28.129836629407816,0,0,0,43104.545507648785,46371.00000000001,6770.999999999999
437,26571.0,0.7451733092469234,28.09114359415416,0,0,0,43104.545507648785,46371.00000000001,6770.999999999999
438,26571.0,0.7451733092469234,28.052450558900507,0,0,0,43104.545507648785,46371.00000000001,6770.999999999999
439,26571.0,0.7451733092469234,28.013757523646852,0,0,0,43104.545507648785,46371.00000000001,6770.999999999999
440,26571.0,0.7451733092469234,27.975064488393198,0,0,0,43104.545507648785,46371.00000000001,6770.999999999999
441,26571.0,0.7451733092469234,27.936371453139543,0,0,0,43104.545507648785,46371.00000000001,6770.999999999999
442,26571.0,0.7451733092469234,27.89767841788589,0,0,0,43104.545507648785,46371.00000000001,6770.999999999999
443,26571.0,0.7451733092469234,27.858985382632234,0,0,0,43104.545507648785,46371.00000000001,6770.999999999999
444,26571.0,0.7451733092469234,27.82029234737858,0,0,0,43104.545507648785,46371.00000000001,6770.999999999999
445,26571.0,0.7451733092469234,27.781599312124925,0,0,0,43104.545507648785,46371.00000000001,6770.999999999999
446,26571.0,0.7451733092469234,27.74290627687127,0,0,0,43104.545507648785,46371.00000000001,6770.999999999999
447,26571.0,0.7451733092469234,27.704213241617616,0,0,0,43104.545507648785,46371.00000000001,6770.999999999999
448,26571.0,0.7451733092469234,27.66552020636396,0,0,0,43104.545507648785,46371.00000000001,6770.999999999999
449,26571.0,0.7451733092469234,27.626827171110307,0,0,0,43104.545507648785,46371.00000000001,6770.999999999999
450,26571.0,0.7451733092469234,27.588134135856652,0,0,0,43104.545507648785,46371.00000000001,6770.999999999999
451,26571.0,0.7451733092469234,27.549441100602998,0,0,0,43104.545507648785,46371.00000000001,6770.999999999999
452,26571.0,0.7451733092469234,27.510748065349343,0,0,0,43104.545507648785,46371.00000000001,6770.999999999999
453,26571.0,0.7451733092469234,27.47205503009569,0,0,0,43104.545507648785,46371.00000000001,6770.999999999999
454,26571.0,0.7451733092469234,27.433361994842034,0,0,0,43104.545507648785,46371.00000000001,6770.999999999999
455,26571.0,0.7451733092469234,27.39466895958838,0,0,0,43104.545507648785,46371.00000000001,6770.999999999999
456,26571.0,0.7451733092469234,27.355975924334725,0,0,0,43104.545507648785,46371.00000000001,6770.999999999999
457,26571.0,0.7451733092469234,27.31728288908107,0,0,0,43104.545507648785,46371.00000000001,6770.999999999999
458,26571.0,0.7451733092469234,27.278589853827416,0,0,0,43104.545507648785,46371.00000000001,6770.999999999999
459,26571.0,0.7451733092469234,27.23989681857376,0,0,0,43104.545507648785,46371.00000000001,6770.999999999999
460,26571.0,0.7451733092469234,27.201203783320107,0,0,0,43104.545507648785,46371.00000000001,6770.999999999999
461,26571.0,0.7451733092469234,27.162510748066452,0,0,0,43104.545507648785,46371.00000000001,6770.999999999999
462,26571.0,0.7451733092469234,27.123817712812798,0,0,0,43104.545507648785,46371.00000000001,6770.999999999999
463,26571.0,0.7451733092469234,27.085124677559143,0,0,0,43104.545507648785,46371.00000000001,6770.999999999999
464,26571.0,0.7451733092469234,27.04643164230549,0,0,0,43104.545507648785,46371.00000000001,6770.999999999999
465,26571.0,0.7451733092469234,27.007738607051834,0,0,0,43104.545507648785,46371.00000000001,6770.999999999999
466,26571.0,0.7451733092469234,26.96904557179818,0,0,0,43104.545507648785,46371.00000000001,6770.999999999999
467,26571.0,0.7451733092469234,26.930352536544525,0,0,0,43104.545507648785,46371.00000000001,6770.999999999999
468,26571.0,0.7451733092469234,26.89165950129087,0,0,0,43104.545507648785,46371.00000000001,6770.999999999999
469,26571.0,0.7451733092469234,26.852966466037216,0,0,0,43104.545507648785,46371.00000000001,6770.999999999999
470,26571.0,0.7451733092469234,26.81427343078356,0,0,0,43104.545507648785,46371.00000000001,6770.999999999999
471,26571.0,0.7451733092469234,26.775580395529907,0,0,0,43104.545507648785,46371.00000000001,6770.999999999999
472,26571.0,0.7451733092469234,26.736887360276253,0,0,0,43104.545507648785,46371.00000000001,6770.999999999999
473,26571.0,0.7451733092469234,26.698194325022598,0,0,0,43104.545507648785,46371.00000000001,6770.999999999999
474,26571.0,0.7451733092469234,26.659501289768944,0,0,0,43104.545507648785,46371.00000000001,6770.999999999999
475,26571.0,0.7451733092469234,26.62080825451529,0,0,0,43104.545507648785,46371.00000000001,6770.999999999999
476,26571.0,0.7451733092469234,26.582115219261635,0,0,0,43104.545507648785,46371.00000000001,6770.999999999999
477,26571.0,0.7451733092469234,26.54342218400798,0,0,0,43104.545507648785,46371.00000000001,6770.999999999999
478,26571.0,0.7451733092469234,26.504729148754326,0,0,0,43104.545507648785,46371.00000000001,6770.999999999999
479,26571.0,0.7451733092469234,26.46603611350067,0,0,0,43104.545507648785,46371.00000000001,6770.999999999999
480,26571.0,0.7451733092469234,26.427343078247016,0,0,0,43104.545507648785,46371.00000000001,6770.999999999999
481,26571.0,0.7451733092469234,26.388650042993362,0,0,0,43104.545507648785,46371.00000000001,6770.999999999999
482,26571.0,0.7451733092469234,26.349957007739707,0,0,0,43104.545507648785,46371.00000000001,6770.999999999999
483,26571.0,0.7451733092469234,26.311263972486053,0,0,0,43104.545507648785,46371.00000000001,6770.999999999999
484,26571.0,0.7451733092469234,26.2725709372324,0,0,0,43104.545507648785,46371.00000000001,6770.999999999999
485,26571.0,0.7451733092469234,26.233877901978744,0,0,0,43104.545507648785,46371.00000000001,6770.999999999999
486,26571.0,0.7451733092469234,26.19518486672509,0,0,0,43104.545507648785,46371.00000000001,6770.999999999999
487,26571.0,0.7451733092469234,26.156491831471435,0,0,0,43104.545507648785,46371.00000000001,6770.999999999999
488,26571.0,0.7451733092469234,26.11779879621778,0,0,0,43104.545507648785,46371.00000000001,6770.999999999999
489,26571.0,0.7451733092469234,26.079105760964126,0,0,0,43104.545507648785,46371.00000000001,6770.999999999999
490,26571.0,0.7451733092469234,26.04041272571047,0,0,0,43104.545507648785,46371.00000000001,6770.999999999999
491,26571.0,0.7451733092469234,26.001719690456817,0,0,0,43104.545507648785,46371.00000000001,6770.999999999999
492,26571.0,0.7451733092469234,25.963026655203162,0,0,0,43104.545507648785,46371.00000000001,6770.999999999999
493,26571.0,0.7451733092469234,25.924333619949508,0,0,0,43104.545507648785,46371.00000000001,6770.999999999999
494,26571.0,0.7451733092469234,25.885640584695853,0,0,0,43104.545507648785,46371.00000000001,6770.999999999999
495,26571.0,0.7451733092469234,25.8469475494422,0,0,0,43104.545507648785,46371.00000000001,6770.999999999999
496,26571.0,0.7451733092469234,25.808254514188544,0,0,0,43104.545507648785,46371.00000000001,6770.999999999999
497,26571.0,0.7451733092469234,25.76956147893489,0,0,0,43104.545507648785,46371.00000000001,6770.999999999999
498,26571.0,0.7451733092469234,25.730868443681235,0,0,0,43104.545507648785,46371.00000000001,6770.999999999999
499,26571.0,0.7451733092469234,25.69217540842758,0,0,0,43104.545507648785,46371.00000000001,6770.999999999999
500,26571.0,0.7451733092469234,25.653482373173926,0,0,0,43104.545507648785,46371.00000000001,6770.999999999999
501,26571.0,0.7451733092469234,25.61478933792027,0,0,0,43104.545507648785,46371.00000000001,6770.999999999999
502,26571.0,0.7451733092469234,25.576096302666617,0,0,0,43104.545507648785,46371.00000000001,6770.999999999999
503,26571.0,0.7451733092469234,25.537403267412962,0,0,0,43104.545507648785,46371.00000000001,6770.999999999999
504,26571.0,0.7451733092469234,25.498710232159308,0,0,0,43104.545507648785,46371.00000000001,6770.999999999999
505,26571.0,0.7451733092469234,25.460017196905653,0,0,0,43104.545507648785,46371.00000000001,6770.999999999999
506,26571.0,0.7451733092469234,25.421324161652,0,0,0,43104.545507648785,46371.00000000001,6770.999999999999
507,26571.0,0.7451733092469234,25.382631126398344,0,0,0,43104.545507648785,46371.00000000001,6770.999999999999
508,26571.0,0.7451733092469234,25.34393809114469,0,0,0,43104.545507648785,46371.00000000001,6770.999999999999
509,26571.0,0.7451733092469234,25.305245055891035,0,0,0,43104.545507648785,46371.00000000001,6770.999999999999
510,26571.0,0.7451733092469234,25.26655202063738,0,0,0,43104.545507648785,46371.00000000001,6770.999999999999
511,26571.0,0.7451733092469234,25.227858985383726,0,0,0,43104.545507648785,46371.00000000001,6770.999999999999
512,26571.0,0.7451733092469234,25.18916595013007,0,0,0,43104.545507648785,46371.00000000001,6770.999999999999
513,26571.0,0.7451733092469234,25.150472914876417,0,0,0,43104.545507648785,46371.00000000001,6770.999999999999
514,26571.0,0.7451733092469234,25.111779879622762,0,0,0,43104.545507648785,46371.00000000001,6770.999999999999
515,26571.0,0.7451733092469234,25.073086844369108,0,0,0,43104.545507648785,46371.00000000001,6770.999999999999
516,26571.0,0.7451733092469234,25.034393809115453,0,0,0,43104.545507648785,46371.00000000001,6770.999999999999
517,26571.0,0.7451733092469234,24.9957007738618,0,0,0,43104.545507648785,46371.00000000001,6770.999999999999
518,26571.0,0.7451733092469234,24.957007738608144,0,0,0,43104.545507648785,46371.00000000001,6770.999999999999
519,26571.0,0.7451733092469234,24.91831470335449,0,0,0,43104.545507648785,46371.00000000001,6770.999999999999
520,26571.0,0.7451733092469234,24.879621668100835,0,0,0,43104.545507648785,46371.00000000001,6770.999999999999
521,26571.0,0.7451733092469234,24.84092863284718,0,0,0,43104.545507648785,46371.00000000001,6770.999999999999
522,26571.0,0.7451733092469234,24.802235597593526,0,0,0,43104.545507648785,46371.00000000001,6770.999999999999
523,26571.0,0.7451733092469234,24.76354256233987,0,0,0,43104.545507648785,46371.00000000001,6770.999999999999
524,26571.0,0.7451733092469234,24.724849527086217,0,0,0,43104.545507648785,46371.00000000001,6770.999999999999
525,26571.0,0.7451733092469234,24.686156491832563,0,0,0,43104.545507648785,46371.00000000001,6770.999999999999
526,26571.0,0.7451733092469234,24.647463456578908,0,0,0,43104.545507648785,46371.00000000001,6770.999999999999
527,26571.0,0.7451733092469234,24.608770421325254,0,0,0,43104.545507648785,46371.00000000001,6770.999999999999
528,26571.0,0.7451733092469234,24.5700773860716,0,0,0,43104.545507648785,46371.00000000001,6770.999999999999
529,26571.0,0.7451733092469234,24.531384350817945,0,0,0,43104.545507648785,46371.00000000001,6770.999999999999
530,26571.0,0.7451733092469234,24.49269131556429,0,0,0,43104.545507648785,46371.00000000001,6770.999999999999
531,26571.0,0.7451733092469234,24.453998280310635,0,0,0,43104.545507648785,46371.00000000001,6770.999999999999
532,26571.0,0.7451733092469234,24.41530524505698,0,0,0,43104.545507648785,46371.00000000001,6770.999999999999
533,26571.0,0.7451733092469234,24.376612209803326,0,0,0,43104.545507648785,46371.00000000001,6770.999999999999
534,26571.0,0.7451733092469234,24.337919174549672,0,0,0,43104.545507648785,46371.00000000001,6770.999999999999
535,26571.0,0.7451733092469234,24.299226139296017,0,0,0,43104.545507648785,46371.00000000001,6770.999999999999
536,26571.0,0.7451733092469234,24.260533104042363,0,0,0,43104.545507648785,46371.00000000001,6770.999999999999
537,26571.0,0.7451733092469234,24.22184006878871,0,0,0,43104.545507648785,46371.00000000001,6770.999999999999
538,26571.0,0.7451733092469234,24.183147033535054,0,0,0,43104.545507648785,46371.00000000001,6770.999999999999
539,26571.0,0.7451733092469234,24.1444539982814,0,0,0,43104.545507648785,46371.00000000001,6770.999999999999
540,26571.0,0.7451733092469234,24.105760963027745,0,0,0,43104.545507648785,46371.00000000001,6770.999999999999
541,26571.0,0.7451733092469234,24.06706792777409,0,0,0,43104.545507648785,46371.00000000001,6770.999999999999
542,26571.0,0.7451733092469234,24.028374892520436,0,0,0,43104.545507648785,46371.00000000001,6770.999999999999
543,26571.0,0.7451733092469234,23.98968185726678,0,0,0,43104.545507648785,46371.00000000001,6770.999999999999
544,26571.0,0.7451733092469234,23.950988822013127,0,0,0,43104.545507648785,46371.00000000001,6770.999999999999
545,26571.0,0.7451733092469234,23.912295786759472,0,0,0,43104.545507648785,46371.00000000001,6770.999999999999
546,26571.0,0.7451733092469234,23.873602751505818,0,0,0,43104.545507648785,46371.00000000001,6770.999999999999
547,26571.0,0.7451733092469234,23.834909716252163,0,0,0,43104.545507648785,46371.00000000001,6770.999999999999
548,26571.0,0.7451733092469234,23.79621668099851,0,0,0,43104.545507648785,46371.00000000001,6770.999999999999
549,26571.0,0.7451733092469234,23.757523645744854,0,0,0,43104.545507648785,46371.00000000001,6770.999999999999
550,26571.0,0.7451733092469234,23.7188306104912,0,0,0,43104.545507648785,46371.00000000001,6770.999999999999
551,26571.0,0.7451733092469234,23.680137575237545,0,0,0,43104.545507648785,46371.00000000001,6770.999999999999
552,26571.0,0.7451733092469234,23.64144453998389,0,0,0,43104.545507648785,46371.00000000001,6770.999999999999
553,26571.0,0.7451733092469234,23.602751504730236,0,0,0,43104.545507648785,46371.00000000001,6770.999999999999
554,26571.0,0.7451733092469234,23.56405846947658,0,0,0,43104.545507648785,46371.00000000001,6770.999999999999
555,26571.0,0.7451733092469234,23.525365434222927,0,0,0,43104.545507648785,46371.00000000001,6770.999999999999
556,26571.0,0.7451733092469234,23.486672398969272,0,0,0,43104.545507648785,46371.00000000001,6770.999999999999
557,26571.0,0.7451733092469234,23.447979363715618,0,0,0,43104.545507648785,46371.00000000001,6770.999999999999
558,26571.0,0.7451733092469234,23.409286328461963,0,0,0,43104.545507648785,46371.00000000001,6770.999999999999
559,26571.0,0.7451733092469234,23.37059329320831,0,0,0,43104.545507648785,46371.00000000001,6770.999999999999
560,26571.0,0.7451733092469234,23.331900257954654,0,0,0,43104.545507648785,46371.00000000001,6770.999999999999
561,26571.0,0.7451733092469234,23.293207222701,0,0,0,43104.545507648785,46371.00000000001,6770.999999999999
562,26571.0,0.7451733092469234,23.254514187447345,0,0,0,43104.545507648785,46371.00000000001,6770.999999999999
563,26571.0,0.7451733092469234,23.21582115219369,0,0,0,43104.545507648785,46371.00000000001,6770.999999999999
564,26571.0,0.7451733092469234,23.177128116940036,0,0,0,43104.545507648785,46371.00000000001,6770.999999999999
565,26571.0,0.7451733092469234,23.13843508168638,0,0,0,43104.545507648785,46371.00000000001,6770.999999999999
566,26571.0,0.7451733092469234,23.099742046432727,0,0,0,43104.545507648785,46371.00000000001,6770.999999999999
567,26571.0,0.7451733092469234,23.061049011179072,0,0,0,43104.545507648785,46371.00000000001,6770.999999999999
568,26571.0,0.7451733092469234,23.022355975925418,0,0,0,43104.545507648785,46371.00000000001,6770.999999999999
569,26571.0,0.7451733092469234,22.983662940671763,0,0,0,43104.545507648785,46371.00000000001,6770.999999999999
570,26571.0,0.7451733092469234,22.94496990541811,0,0,0,43104.545507648785,46371.00000000001,6770.999999999999
571,26571.0,0.7451733092469234,22.906276870164454,0,0,0,43104.545507648785,46371.00000000001,6770.999999999999
572,26571.0,0.7451733092469234,22.8675838349108,0,0,0,43104.545507648785,46371.00000000001,6770.999999999999
573,26571.0,0.7451733092469234,22.828890799657145,0,0,0,43104.545507648785,46371.00000000001,6770.999999999999
574,26571.0,0.7451733092469234,22.79019776440349,0,0,0,43104.545507648785,46371.00000000001,6770.999999999999
575,26571.0,0.7451733092469234,22.751504729149836,0,0,0,43104.545507648785,46371.00000000001,6770.999999999999
576,26571.0,0.7451733092469234,22.71281169389618,0,0,0,43104.545507648785,46371.00000000001,6770.999999999999
577,26571.0,0.7451733092469234,22.674118658642527,0,0,0,43104.545507648785,46371.00000000001,6770.999999999999
578,26571.0,0.7451733092469234,22.635425623388873,0,0,0,43104.545507648785,46371.00000000001,6770.999999999999
579,26571.0,0.7451733092469234,22.596732588135218,0,0,0,43104.545507648785,46371.00000000001,6770.999999999999
580,26571.0,0.7451733092469234,22.558039552881564,0,0,0,43104.545507648785,46371.00000000001,6770.999999999999
581,26571.0,0.7451733092469234,22.51934651762791,0,0,0,43104.545507648785,46371.00000000001,6770.999999999999
582,26571.0,0.7451733092469234,22.480653482374255,0,0,0,43104.545507648785,46371.00000000001,6770.999999999999
583,26571.0,0.7451733092469234,22.4419604471206,0,0,0,43104.545507648785,46371.00000000001,6770.999999999999
584,26571.0,0.7451733092469234,22.403267411866945,0,0,0,43104.545507648785,46371.00000000001,6770.999999999999
585,26571.0,0.7451733092469234,22.36457437661329,0,0,0,43104.545507648785,46371.00000000001,6770.999999999999
586,26571.0,0.7451733092469234,22.325881341359636,0,0,0,43104.545507648785,46371.00000000001,6770.999999999999
587,26571.0,0.7451733092469234,22.287188306105982,0,0,0,43104.545507648785,46371.00000000001,6770.999999999999
588,26571.0,0.7451733092469234,22.248495270852327,0,0,0,43104.545507648785,46371.00000000001,6770.999999999999
589,26571.0,0.7451733092469234,22.209802235598673,0,0,0,43104.545507648785,46371.00000000001,6770.999999999999
590,26571.0,0.7451733092469234,22.17110920034502,0,0,0,43104.545507648785,46371.00000000001,6770.999999999999
591,26571.0,0.7451733092469234,22.132416165091364,0,0,0,43104.545507648785,46371.00000000001,6770.999999999999
592,26571.0,0.7451733092469234,22.09372312983771,0,0,0,43104.545507648785,46371.00000000001,6770.999999999999
593,26571.0,0.7451733092469234,22.055030094584055,0,0,0,43104.545507648785,46371.00000000001,6770.999999999999
594,26571.0,0.7451733092469234,22.0163370593304,0,0,0,43104.545507648785,46371.00000000001,6770.999999999999
595,26571.0,0.7451733092469234,21.977644024076746,0,0,0,43104.545507648785,46371.00000000001,6770.999999999999
596,26571.0,0.7451733092469234,21.93895098882309,0,0,0,43104.545507648785,46371.00000000001,6770.999999999999
597,26571.0,0.7451733092469234,21.900257953569437,0,0,0,43104.545507648785,46371.00000000001,6770.999999999999
598,26571.0,0.7451733092469234,21.861564918315782,0,0,0,43104.545507648785,46371.00000000001,6770.999999999999
599,26571.0,0.7451733092469234,21.822871883062128,0,0,0,43104.545507648785,46371.00000000001,6770.999999999999
600,26571.0,0.7451733092469234,21.784178847808473,0,0,0,43104.545507648785,46371.00000000001,6770.999999999999
601,26571.0,0.7451733092469234,21.74548581255482,0,0,0,43104.545507648785,46371.00000000001,6770.999999999999
602,26571.0,0.7451733092469234,21.706792777301164,0,0,0,43104.545507648785,46371.00000000001,6770.999999999999
603,26571.0,0.7451733092469234,21.66809974204751,0,0,0,43104.545507648785,46371.00000000001,6770.999999999999
604,26571.0,0.7451733092469234,21.629406706793855,0,0,0,43104.545507648785,46371.00000000001,6770.999999999999
605,26571.0,0.7451733092469234,21.5907136715402,0,0,0,43104.545507648785,46371.00000000001,6770.999999999999
606,26571.0,0.7451733092469234,21.552020636286546,0,0,0,43104.545507648785,46371.00000000001,6770.999999999999
607,26571.0,0.7451733092469234,21.51332760103289,0,0,0,43104.545507648785,46371.00000000001,6770.999999999999
608,26571.0,0.7451733092469234,21.474634565779237,0,0,0,43104.545507648785,46371.00000000001,6770.999999999999
609,26571.0,0.7451733092469234,21.435941530525582,0,0,0,43104.545507648785,46371.00000000001,6770.999999999999
610,26571.0,0.7451733092469234,21.397248495271928,0,0,0,43104.545507648785,46371.00000000001,6770.999999999999
611,26571.0,0.7451733092469234,21.358555460018273,0,0,0,43104.545507648785,46371.00000000001,6770.999999999999
612,26571.0,0.7451733092469234,21.31986242476462,0,0,0,43104.545507648785,46371.00000000001,6770.999999999999
613,26571.0,0.7451733092469234,21.281169389510964,0,0,0,43104.545507648785,46371.00000000001,6770.999999999999
614,26571.0,0.7451733092469234,21.24247635425731,0,0,0,43104.545507648785,46371.00000000001,6770.999999999999
615,26571.0,0.7451733092469234,21.203783319003655,0,0,0,43104.545507648785,46371.00000000001,6770.999999999999
616,26571.0,0.7451733092469234,21.16509028375,0,0,0,43104.545507648785,46371.00000000001,6770.999999999999
617,26571.0,0.7451733092469234,21.126397248496346,0,0,0,43104.545507648785,46371.00000000001,6770.999999999999
618,26571.0,0.7451733092469234,21.08770421324269,0,0,0,43104.545507648785,46371.00000000001,6770.999999999999
619,26571.0,0.7451733092469234,21.049011177989037,0,0,0,43104.545507648785,46371.00000000001,6770.999999999999
620,26571.0,0.7451733092469234,21.010318142735382,0,0,0,43104.545507648785,46371.00000000001,6770.999999999999
621,26571.0,0.7451733092469234,20.971625107481728,0,0,0,43104.545507648785,46371.00000000001,6770.999999999999
622,26571.0,0.7451733092469234,20.932932072228073,0,0,0,43104.545507648785,46371.00000000001,6770.999999999999
623,26571.0,0.7451733092469234,20.89423903697442,0,0,0,43104.545507648785,46371.00000000001,6770.999999999999
624,26571.0,0.7451733092469234,20.855546001720764,0,0,0,43104.545507648785,46371.00000000001,6770.999999999999
625,26571.0,0.7451733092469234,20.81685296646711,0,0,0,43104.545507648785,46371.00000000001,6770.999999999999
626,26571.0,0.7451733092469234,20.778159931213455,0,0,0,43104.545507648785,46371.00000000001,6770.999999999999
627,26571.0,0.7451733092469234,20.7394668959598,0,0,0,43104.545507648785,46371.00000000001,6770.999999999999
628,26571.0,0.7451733092469234,20.700773860706146,0,0,0,43104.545507648785,46371.00000000001,6770.999999999999
629,26571.0,0.7451733092469234,20.66208082545249,0,0,0,43104.545507648785,46371.00000000001,6770.999999999999
630,26571.0,0.7451733092469234,20.623387790198837,0,0,0,43104.545507648785,46371.00000000001,6770.999999999999
631,26571.0,0.7451733092469234,20.584694754945183,0,0,0,43104.545507648785,46371.00000000001,6770.999999999999
632,26571.0,0.7451733092469234,20.546001719691528,0,0,0,43104.545507648785,46371.00000000001,6770.999999999999
633,26571.0,0.7451733092469234,20.507308684437874,0,0,0,43104.545507648785,46371.00000000001,6770.999999999999
634,26571.0,0.7451733092469234,20.46861564918422,0,0,0,43104.545507648785,46371.00000000001,6770.999999999999
635,26571.0,0.7451733092469234,20.429922613930565,0,0,0,43104.545507648785,46371.00000000001,6770.999999999999
636,26571.0,0.7451733092469234,20.39122957867691,0,0,0,43104.545507648785,46371.00000000001,6770.999999999999
637,26571.0,0.7451733092469234,20.352536543423255,0,0,0,43104.545507648785,46371.00000000001,6770.999999999999
638,26571.0,0.7451733092469234,20.3138435081696,0,0,0,43104.545507648785,46371.00000000001,6770.999999999999
639,26571.0,0.7451733092469234,20.275150472915946,0,0,0,43104.545507648785,46371.00000000001,6770.999999999999
640,26571.0,0.7451733092469234,20.236457437662292,0,0,0,43104.545507648785,46371.00000000001,6770.999999999999
641,26571.0,0.7451733092469234,20.197764402408637,0,0,0,43104.545507648785,46371.00000000001,6770.999999999999
642,26571.0,0.7451733092469234,20.159071367154983,0,0,0,43104.545507648785,46371.00000000001,6770.999999999999
643,26571.0,0.7451733092469234,20.12037833190133,0,0,0,43104.545507648785,46371.00000000001,6770.999999999999
644,26571.0,0.7451733092469234,20.081685296647674,0,0,0,43104.545507648785,46371.00000000001,6770.999999999999
645,26571.0,0.7451733092469234,20.04299226139402,0,0,0,43104.545507648785,46371.00000000001,6770.999999999999
646,26571.0,0.7451733092469234,20.004299226140365,0,0,0,43104.545507648785,46371.00000000001,6770.999999999999
647,26571.0,0.7451733092469234,19.96560619088671,0,0,0,43104.545507648785,46371.00000000001,6770.999999999999
648,26571.0,0.7451733092469234,19.926913155633056,0,0,0,43104.545507648785,46371.00000000001,6770.999999999999
649,26571.0,0.7451733092469234,19.8882201203794,0,0,0,43104.545507648785,46371.00000000001,6770.999999999999
650,26571.0,0.7451733092469234,19.849527085125747,0,0,0,43104.545507648785,46371.00000000001,6770.999999999999
651,26571.0,0.7451733092469234,19.810834049872092,0,0,0,43104.545507648785,46371.00000000001,6770.999999999999
652,26571.0,0.7451733092469234,19.772141014618438,0,0,0,43104.545507648785,46371.00000000001,6770.999999999999
653,26571.0,0.7451733092469234,19.733447979364783,0,0,0,43104.545507648785,46371.00000000001,6770.999999999999
654,26571.0,0.7451733092469234,19.69475494411113,0,0,0,43104.545507648785,46371.00000000001,6770.999999999999
655,26571.0,0.7451733092469234,19.656061908857474,0,0,0,43104.545507648785,46371.00000000001,6770.999999999999
656,26571.0,0.7451733092469234,19.61736887360382,0,0,0,43104.545507648785,46371.00000000001,6770.999999999999
657,26571.0,0.7451733092469234,19.578675838350165,0,0,0,43104.545507648785,46371.00000000001,6770.999999999999
658,26571.0,0.7451733092469234,19.53998280309651,0,0,0,43104.545507648785,46371.00000000001,6770.999999999999
659,26571.0,0.7451733092469234,19.501289767842856,0,0,0,43104.545507648785,46371.00000000001,6770.999999999999
660,26571.0,0.7451733092469234,19.4625967325892,0,0,0,43104.545507648785,46371.00000000001,6770.999999999999
661,26571.0,0.7451733092469234,19.423903697335547,0,0,0,43104.545507648785,46371.00000000001,6770.999999999999
662,26571.0,0.7451733092469234,19.385210662081892,0,0,0,43104.545507648785,46371.00000000001,6770.999999999999
663,26571.0,0.7451733092469234,19.346517626828238,0,0,0,43104.545507648785,46371.00000000001,6770.999999999999
664,26571.0,0.7451733092469234,19.307824591574583,0,0,0,43104.545507648785,46371.00000000001,6770.999999999999
665,26571.0,0.7451733092469234,19.26913155632093,0,0,0,43104.545507648785,46371.00000000001,6770.999999999999
666,26571.0,0.7451733092469234,19.230438521067274,0,0,0,43104.545507648785,46371.00000000001,6770.999999999999
667,26571.0,0.7451733092469234,19.19174548581362,0,0,0,43104.545507648785,46371.00000000001,6770.999999999999
668,26571.0,0.7451733092469234,19.153052450559965,0,0,0,43104.545507648785,46371.00000000001,6770.999999999999
669,26571.0,0.7451733092469234,19.11435941530631,0,0,0,43104.545507648785,46371.00000000001,6770.999999999999
670,26571.0,0.7451733092469234,19.075666380052656,0,0,0,43104.545507648785,46371.00000000001,6770.999999999999
671,26571.0,0.7451733092469234,19.036973344799,0,0,0,43104.545507648785,46371.00000000001,6770.999999999999
672,26571.0,0.7451733092469234,18.998280309545347,0,0,0,43104.545507648785,46371.00000000001,6770.999999999999
673,26571.0,0.7451733092469234,18.959587274291692,0,0,0,43104.545507648785,46371.00000000001,6770.999999999999
674,26571.0,0.7451733092469234,18.920894239038038,0,0,0,43104.545507648785,46371.00000000001,6770.999999999999
675,26571.0,0.7451733092469234,18.882201203784383,0,0,0,43104.545507648785,46371.00000000001,6770.999999999999
676,26571.0,0.7451733092469234,18.84350816853073,0,0,0,43104.545507648785,46371.00000000001,6770.999999999999
677,26571.0,0.7451733092469234,18.804815133277074,0,0,0,43104.545507648785,46371.00000000001,6770.999999999999
678,26571.0,0.7451733092469234,18.76612209802342,0,0,0,43104.545507648785,46371.00000000001,6770.999999999999
679,26571.0,0.7451733092469234,18.727429062769765,0,0,0,43104.545507648785,46371.00000000001,6770.999999999999
680,26571.0,0.7451733092469234,18.68873602751611,0,0,0,43104.545507648785,46371.00000000001,6770.999999999999
681,26571.0,0.7451733092469234,18.650042992262456,0,0,0,43104.545507648785,46371.00000000001,6770.999999999999
682,26571.0,0.7451733092469234,18.6113499570088,0,0,0,43104.545507648785,46371.00000000001,6770.999999999999
683,26571.0,0.7451733092469234,18.572656921755147,0,0,0,43104.545507648785,46371.00000000001,6770.999999999999
684,26571.0,0.7451733092469234,18.533963886501493,0,0,0,43104.545507648785,46371.00000000001,6770.999999999999
685,26571.0,0.7451733092469234,18.495270851247838,0,0,0,43104.545507648785,46371.00000000001,6770.999999999999
686,26571.0,0.7451733092469234,18.456577815994184,0,0,0,43104.545507648785,46371.00000000001,6770.999999999999
687,26571.0,0.7451733092469234,18.41788478074053,0,0,0,43104.545507648785,46371.00000000001,6770.999999999999
688,26571.0,0.7451733092469234,18.379191745486875,0,0,0,43104.545507648785,46371.00000000001,6770.999999999999
689,26571.0,0.7451733092469234,18.34049871023322,0,0,0,43104.545507648785,46371.00000000001,6770.999999999999
690,26571.0,0.7451733092469234,18.301805674979565,0,0,0,43104.545507648785,46371.00000000001,6770.999999999999
691,26571.0,0.7451733092469234,18.26311263972591,0,0,0,43104.545507648785,46371.00000000001,6770.999999999999
692,26571.0,0.7451733092469234,18.224419604472256,0,0,0,43104.545507648785,46371.00000000001,6770.999999999999
693,26571.0,0.7451733092469234,18.185726569218602,0,0,0,43104.545507648785,46371.00000000001,6770.999999999999
694,26571.0,0.7451733092469234,18.147033533964947,0,0,0,43104.545507648785,46371.00000000001,6770.999999999999
695,26571.0,0.7451733092469234,18.108340498711293,0,0,0,43104.545507648785,46371.00000000001,6770.999999999999
696,26571.0,0.7451733092469234,18.06964746345764,0,0,0,43104.545507648785,46371.00000000001,6770.999999999999
697,26571.0,0.7451733092469234,18.030954428203984,0,0,0,43104.545507648785,46371.00000000001,6770.999999999999
698,26571.0,0.7451733092469234,17.99226139295033,0,0,0,43104.545507648785,46371.00000000001,6770.999999999999
699,26571.0,0.7451733092469234,17.953568357696675,0,0,0,43104.545507648785,46371.00000000001,6770.999999999999
700,26571.0,0.7451733092469234,17.91487532244302,0,0,0,43104.545507648785,46371.00000000001,6770.999999999999
701,26571.0,0.7451733092469234,17.876182287189366,0,0,0,43104.545507648785,46371.00000000001,6770.999999999999
702,26571.0,0.7451733092469234,17.83748925193571,0,0,0,43104.545507648785,46371.00000000001,6770.999999999999
703,26571.0,0.7451733092469234,17.798796216682057,0,0,0,43104.545507648785,46371.00000000001,6770.999999999999
704,26571.0,0.7451733092469234,17.760103181428402,0,0,0,43104.545507648785,46371.00000000001,6770.999999999999
705,26571.0,0.7451733092469234,17.721410146174748,0,0,0,43104.545507648785,46371.00000000001,6770.999999999999
706,26571.0,0.7451733092469234,17.682717110921093,0,0,0,43104.545507648785,46371.00000000001,6770.999999999999
707,26571.0,0.7451733092469234,17.64402407566744,0,0,0,43104.545507648785,46371.00000000001,6770.999999999999
708,26571.0,0.7451733092469234,17.605331040413784,0,0,0,43104.545507648785,46371.00000000001,6770.999999999999
709,26571.0,0.7451733092469234,17.56663800516013,0,0,0,43104.545507648785,46371.00000000001,6770.999999999999
710,26571.0,0.7451733092469234,17.527944969906475,0,0,0,43104.545507648785,46371.00000000001,6770.999999999999
711,26571.0,0.7451733092469234,17.48925193465282,0,0,0,43104.545507648785,46371.00000000001,6770.999999999999
712,26571.0,0.7451733092469234,17.450558899399166,0,0,0,43104.545507648785,46371.00000000001,6770.999999999999
713,26571.0,0.7451733092469234,17.41186586414551,0,0,0,43104.545507648785,46371.00000000001,6770.999999999999
714,26571.0,0.7451733092469234,17.373172828891857,0,0,0,43104.545507648785,46371.00000000001,6770.999999999999
715,26571.0,0.7451733092469234,17.334479793638202,0,0,0,43104.545507648785,46371.00000000001,6770.999999999999
716,26571.0,0.7451733092469234,17.295786758384548,0,0,0,43104.545507648785,46371.00000000001,6770.999999999999
717,26571.0,0.7451733092469234,17.257093723130893,0,0,0,43104.545507648785,46371.00000000001,6770.999999999999
718,26571.0,0.7451733092469234,17.21840068787724,0,0,0,43104.545507648785,46371.00000000001,6770.999999999999
719,26571.0,0.7451733092469234,17.179707652623584,0,0,0,43104.545507648785,46371.00000000001,6770.999999999999
720,26571.0,0.7451733092469234,17.14101461736993,0,0,0,43104.545507648785,46371.00000000001,6770.999999999999
721,26571.0,0.7451733092469234,17.102321582116275,0,0,0,43104.545507648785,46371.00000000001,6770.999999999999
722,26571.0,0.7451733092469234,17.06362854686262,0,0,0,43104.545507648785,46371.00000000001,6770.999999999999
723,26571.0,0.7451733092469234,17.024935511608966,0,0,0,43104.545507648785,46371.00000000001,6770.999999999999
724,26571.0,0.7451733092469234,16.98624247635531,0,0,0,43104.545507648785,46371.00000000001,6770.999999999999
725,26571.0,0.7451733092469234,16.947549441101657,0,0,0,43104.545507648785,46371.00000000001,6770.999999999999
726,26571.0,0.7451733092469234,16.908856405848002,0,0,0,43104.545507648785,46371.00000000001,6770.999999999999
727,26571.0,0.7451733092469234,16.870163370594348,0,0,0,43104.545507648785,46371.00000000001,6770.999999999999
728,26571.0,0.7451733092469234,16.831470335340693,0,0,0,43104.545507648785,46371.00000000001,6770.999999999999
729,26571.0,0.7451733092469234,16.79277730008704,0,0,0,43104.545507648785,46371.00000000001,6770.999999999999
730,26571.0,0.7451733092469234,16.754084264833384,0,0,0,43104.545507648785,46371.00000000001,6770.999999999999
731,26571.0,0.7451733092469234,16.71539122957973,0,0,0,43104.545507648785,46371.00000000001,6770.999999999999
732,26571.0,0.7451733092469234,16.676698194326075,0,0,0,43104.545507648785,46371.00000000001,6770.999999999999
733,26571.0,0.7451733092469234,16.63800515907242,0,0,0,43104.545507648785,46371.00000000001,6770.999999999999
734,26571.0,0.7451733092469234,16.599312123818766,0,0,0,43104.545507648785,46371.00000000001,6770.999999999999
735,26571.0,0.7451733092469234,16.56061908856511,0,0,0,43104.545507648785,46371.00000000001,6770.999999999999
736,26571.0,0.7451733092469234,16.521926053311457,0,0,0,43104.545507648785,46371.00000000001,6770.999999999999
737,26571.0,0.7451733092469234,16.483233018057803,0,0,0,43104.545507648785,46371.00000000001,6770.999999999999
738,26571.0,0.7451733092469234,16.444539982804148,0,0,0,43104.545507648785,46371.00000000001,6770.999999999999
739,26571.0,0.7451733092469234,16.405846947550494,0,0,0,43104.545507648785,46371.00000000001,6770.999999999999
740,26571.0,0.7451733092469234,16.36715391229684,0,0,0,43104.545507648785,46371.00000000001,6770.999999999999
741,26571.0,0.7451733092469234,16.328460877043184,0,0,0,43104.545507648785,46371.00000000001,6770.999999999999
742,26571.0,0.7451733092469234,16.28976784178953,0,0,0,43104.545507648785,46371.00000000001,6770.999999999999
743,26571.0,0.7451733092469234,16.251074806535875,0,0,0,43104.545507648785,46371.00000000001,6770.999999999999
744,26571.0,0.7451733092469234,16.21238177128222,0,0,0,43104.545507648785,46371.00000000001,6770.999999999999
745,26571.0,0.7451733092469234,16.173688736028566,0,0,0,43104.545507648785,46371.00000000001,6770.999999999999
746,26571.0,0.7451733092469234,16.134995700774912,0,0,0,43104.545507648785,46371.00000000001,6770.999999999999
747,26571.0,0.7451733092469234,16.096302665521257,0,0,0,43104.545507648785,46371.00000000001,6770.999999999999
748,26571.0,0.7451733092469234,16.057609630267603,0,0,0,43104.545507648785,46371.00000000001,6770.999999999999
749,26571.0,0.7451733092469234,16.01891659501395,0,0,0,43104.545507648785,46371.00000000001,6770.999999999999
750,26571.0,0.7451733092469234,15.980223559760294,0,0,0,43104.545507648785,46371.00000000001,6770.999999999999
751,26571.0,0.7451733092469234,15.94153052450664,0,0,0,43104.545507648785,46371.00000000001,6770.999999999999
752,26571.0,0.7451733092469234,15.902837489252985,0,0,0,43104.545507648785,46371.00000000001,6770.999999999999
753,26571.0,0.7451733092469234,15.86414445399933,0,0,0,43104.545507648785,46371.00000000001,6770.999999999999
754,26571.0,0.7451733092469234,15.825451418745676,0,0,0,43104.545507648785,46371.00000000001,6770.999999999999
755,26571.0,0.7451733092469234,15.786758383492021,0,0,0,43104.545507648785,46371.00000000001,6770.999999999999
756,26571.0,0.7451733092469234,15.748065348238367,0,0,0,43104.545507648785,46371.00000000001,6770.999999999999
757,26571.0,0.7451733092469234,15.709372312984712,0,0,0,43104.545507648785,46371.00000000001,6770.999999999999
758,26571.0,0.7451733092469234,15.670679277731058,0,0,0,43104.545507648785,46371.00000000001,6770.999999999999
759,26571.0,0.7451733092469234,15.631986242477403,0,0,0,43104.545507648785,46371.00000000001,6770.999999999999
760,26571.0,0.7451733092469234,15.593293207223748,0,0,0,43104.545507648785,46371.00000000001,6770.999999999999
761,26571.0,0.7451733092469234,15.554600171970094,0,0,0,43104.545507648785,46371.00000000001,6770.999999999999
762,26571.0,0.7451733092469234,15.51590713671644,0,0,0,43104.545507648785,46371.00000000001,6770.999999999999
763,26571.0,0.7451733092469234,15.477214101462785,0,0,0,43104.545507648785,46371.00000000001,6770.999999999999
764,26571.0,0.7451733092469234,15.43852106620913,0,0,0,43104.545507648785,46371.00000000001,6770.999999999999
765,26571.0,0.7451733092469234,15.399828030955476,0,0,0,43104.545507648785,46371.00000000001,6770.999999999999
766,26571.0,0.7451733092469234,15.361134995701821,0,0,0,43104.545507648785,46371.00000000001,6770.999999999999
767,26571.0,0.7451733092469234,15.322441960448167,0,0,0,43104.545507648785,46371.00000000001,6770.999999999999
768,26571.0,0.7451733092469234,15.283748925194512,0,0,0,43104.545507648785,46371.00000000001,6770.999999999999
769,26571.0,0.7451733092469234,15.245055889940858,0,0,0,43104.545507648785,46371.00000000001,6770.999999999999
770,26571.0,0.7451733092469234,15.206362854687203,0,0,0,43104.545507648785,46371.00000000001,6770.999999999999
771,26571.0,0.7451733092469234,15.167669819433549,0,0,0,43104.545507648785,46371.00000000001,6770.999999999999
772,26571.0,0.7451733092469234,15.128976784179894,0,0,0,43104.545507648785,46371.00000000001,6770.999999999999
773,26571.0,0.7451733092469234,15.09028374892624,0,0,0,43104.545507648785,46371.00000000001,6770.999999999999
774,26571.0,0.7451733092469234,15.051590713672585,0,0,0,43104.545507648785,46371.00000000001,6770.999999999999
775,26571.0,0.7451733092469234,15.01289767841893,0,0,0,43104.545507648785,46371.00000000001,6770.999999999999
776,26571.0,0.7451733092469234,14.974204643165276,0,0,0,43104.545507648785,46371.00000000001,6770.999999999999
777,26571.0,0.7451733092469234,14.935511607911621,0,0,0,43104.545507648785,46371.00000000001,6770.999999999999
778,26571.0,0.7451733092469234,14.896818572657967,0,0,0,43104.545507648785,46371.00000000001,6770.999999999999
779,26571.0,0.7451733092469234,14.858125537404312,0,0,0,43104.545507648785,46371.00000000001,6770.999999999999
780,26571.0,0.7451733092469234,14.819432502150658,0,0,0,43104.545507648785,46371.00000000001,6770.999999999999
781,26571.0,0.7451733092469234,14.780739466897003,0,0,0,43104.545507648785,46371.00000000001,6770.999999999999
782,26571.0,0.7451733092469234,14.742046431643349,0,0,0,43104.545507648785,46371.00000000001,6770.999999999999
783,26571.0,0.7451733092469234,14.703353396389694,0,0,0,43104.545507648785,46371.00000000001,6770.999999999999
784,26571.0,0.7451733092469234,14.66466036113604,0,0,0,43104.545507648785,46371.00000000001,6770.999999999999
785,26571.0,0.7451733092469234,14.625967325882385,0,0,0,43104.545507648785,46371.00000000001,6770.999999999999
786,26571.0,0.7451733092469234,14.58727429062873,0,0,0,43104.545507648785,46371.00000000001,6770.999999999999
787,26571.0,0.7451733092469234,14.548581255375076,0,0,0,43104.545507648785,46371.00000000001,6770.999999999999
788,26571.0,0.7451733092469234,14.509888220121422,0,0,0,43104.545507648785,46371.00000000001,6770.999999999999
789,26571.0,0.7451733092469234,14.471195184867767,0,0,0,43104.545507648785,46371.00000000001,6770.999999999999
790,26571.0,0.7451733092469234,14.432502149614113,0,0,0,43104.545507648785,46371.00000000001,6770.999999999999
791,26571.0,0.7451733092469234,14.393809114360458,0,0,0,43104.545507648785,46371.00000000001,6770.999999999999
792,26571.0,0.7451733092469234,14.355116079106804,0,0,0,43104.545507648785,46371.00000000001,6770.999999999999
793,26571.0,0.7451733092469234,14.316423043853149,0,0,0,43104.545507648785,46371.00000000001,6770.999999999999
794,26571.0,0.7451733092469234,14.277730008599494,0,0,0,43104.545507648785,46371.00000000001,6770.999999999999
795,26571.0,0.7451733092469234,14.23903697334584,0,0,0,43104.545507648785,46371.00000000001,6770.999999999999
796,26571.0,0.7451733092469234,14.200343938092185,0,0,0,43104.545507648785,46371.00000000001,6770.999999999999
797,26571.0,0.7451733092469234,14.161650902838531,0,0,0,43104.545507648785,46371.00000000001,6770.999999999999
798,26571.0,0.7451733092469234,14.122957867584876,0,0,0,43104.545507648785,46371.00000000001,6770.999999999999
799,26571.0,0.7451733092469234,14.084264832331222,0,0,0,43104.545507648785,46371.00000000001,6770.999999999999
800,26571.0,0.7451733092469234,14.045571797077567,0,0,0,43104.545507648785,46371.00000000001,6770.999999999999
801,26571.0,0.7451733092469234,14.006878761823913,0,0,0,43104.545507648785,46371.00000000001,6770.999999999999
802,26571.0,0.7451733092469234,13.968185726570258,0,0,0,43104.545507648785,46371.00000000001,6770.999999999999
803,26571.0,0.7451733092469234,13.929492691316604,0,0,0,43104.545507648785,46371.00000000001,6770.999999999999
804,26571.0,0.7451733092469234,13.89079965606295,0,0,0,43104.545507648785,46371.00000000001,6770.999999999999
805,26571.0,0.7451733092469234,13.852106620809295,0,0,0,43104.545507648785,46371.00000000001,6770.999999999999
806,26571.0,0.7451733092469234,13.81341358555564,0,0,0,43104.545507648785,46371.00000000001,6770.999999999999
807,26571.0,0.7451733092469234,13.774720550301986,0,0,0,43104.545507648785,46371.00000000001,6770.999999999999
808,26571.0,0.7451733092469234,13.736027515048331,0,0,0,43104.545507648785,46371.00000000001,6770.999999999999
809,26571.0,0.7451733092469234,13.697334479794677,0,0,0,43104.545507648785,46371.00000000001,6770.999999999999
810,26571.0,0.7451733092469234,13.658641444541022,0,0,0,43104.545507648785,46371.00000000001,6770.999999999999
811,26571.0,0.7451733092469234,13.619948409287367,0,0,0,43104.545507648785,46371.00000000001,6770.999999999999
812,26571.0,0.7451733092469234,13.581255374033713,0,0,0,43104.545507648785,46371.00000000001,6770.999999999999
813,26571.0,0.7451733092469234,13.542562338780058,0,0,0,43104.545507648785,46371.00000000001,6770.999999999999
814,26571.0,0.7451733092469234,13.503869303526404,0,0,0,43104.545507648785,46371.00000000001,6770.999999999999
815,26571.0,0.7451733092469234,13.46517626827275,0,0,0,43104.545507648785,46371.00000000001,6770.999999999999
816,26571.0,0.7451733092469234,13.426483233019095,0,0,0,43104.545507648785,46371.00000000001,6770.999999999999
817,26571.0,0.7451733092469234,13.38779019776544,0,0,0,43104.545507648785,46371.00000000001,6770.999999999999
818,26571.0,0.7451733092469234,13.349097162511786,0,0,0,43104.545507648785,46371.00000000001,6770.999999999999
819,26571.0,0.7451733092469234,13.310404127258131,0,0,0,43104.545507648785,46371.00000000001,6770.999999999999
820,26571.0,0.7451733092469234,13.271711092004477,0,0,0,43104.545507648785,46371.00000000001,6770.999999999999
821,26571.0,0.7451733092469234,13.233018056750822,0,0,0,43104.545507648785,46371.00000000001,6770.999999999999
822,26571.0,0.7451733092469234,13.194325021497168,0,0,0,43104.545507648785,46371.00000000001,6770.999999999999
823,26571.0,0.7451733092469234,13.155631986243513,0,0,0,43104.545507648785,46371.00000000001,6770.999999999999
824,26571.0,0.7451733092469234,13.116938950989859,0,0,0,43104.545507648785,46371.00000000001,6770.999999999999
825,26571.0,0.7451733092469234,13.078245915736204,0,0,0,43104.545507648785,46371.00000000001,6770.999999999999
826,26571.0,0.7451733092469234,13.03955288048255,0,0,0,43104.545507648785,46371.00000000001,6770.999999999999
827,26571.0,0.7451733092469234,13.000859845228895,0,0,0,43104.545507648785,46371.00000000001,6770.999999999999
828,26571.0,0.7451733092469234,12.96216680997524,0,0,0,43104.545507648785,46371.00000000001,6770.999999999999
829,26571.0,0.7451733092469234,12.923473774721586,0,0,0,43104.545507648785,46371.00000000001,6770.999999999999
830,26571.0,0.7451733092469234,12.884780739467931,0,0,0,43104.545507648785,46371.00000000001,6770.999999999999
831,26571.0,0.7451733092469234,12.846087704214277,0,0,0,43104.545507648785,46371.00000000001,6770.999999999999
832,26571.0,0.7451733092469234,12.807394668960622,0,0,0,43104.545507648785,46371.00000000001,6770.999999999999
833,26571.0,0.7451733092469234,12.768701633706968,0,0,0,43104.545507648785,46371.00000000001,6770.999999999999
834,26571.0,0.7451733092469234,12.730008598453313,0,0,0,43104.545507648785,46371.00000000001,6770.999999999999
835,26571.0,0.7451733092469234,12.691315563199659,0,0,0,43104.545507648785,46371.00000000001,6770.999999999999
836,26571.0,0.7451733092469234,12.652622527946004,0,0,0,43104.545507648785,46371.00000000001,6770.999999999999
837,26571.0,0.7451733092469234,12.61392949269235,0,0,0,43104.545507648785,46371.00000000001,6770.999999999999
838,26571.0,0.7451733092469234,12.575236457438695,0,0,0,43104.545507648785,46371.00000000001,6770.999999999999
839,26571.0,0.7451733092469234,12.53654342218504,0,0,0,43104.545507648785,46371.00000000001,6770.999999999999
840,26571.0,0.7451733092469234,12.497850386931386,0,0,0,43104.545507648785,46371.00000000001,6770.999999999999
841,26571.0,0.7451733092469234,12.459157351677732,0,0,0,43104.545507648785,46371.00000000001,6770.999999999999
842,26571.0,0.7451733092469234,12.420464316424077,0,0,0,43104.545507648785,46371.00000000001,6770.999999999999
843,26571.0,0.7451733092469234,12.381771281170423,0,0,0,43104.545507648785,46371.00000000001,6770.999999999999
844,26571.0,0.7451733092469234,12.343078245916768,0,0,0,43104.545507648785,46371.00000000001,6770.999999999999
845,26571.0,0.7451733092469234,12.304385210663114,0,0,0,43104.545507648785,46371.00000000001,6770.999999999999
846,26571.0,0.7451733092469234,12.265692175409459,0,0,0,43104.545507648785,46371.00000000001,6770.999999999999
847,26571.0,0.7451733092469234,12.226999140155804,0,0,0,43104.545507648785,46371.00000000001,6770.999999999999
848,26571.0,0.7451733092469234,12.18830610490215,0,0,0,43104.545507648785,46371.00000000001,6770.999999999999
849,26571.0,0.7451733092469234,12.149613069648495,0,0,0,43104.545507648785,46371.00000000001,6770.999999999999
850,26571.0,0.7451733092469234,12.11092003439484,0,0,0,43104.545507648785,46371.00000000001,6770.999999999999
851,26571.0,0.7451733092469234,12.072226999141186,0,0,0,43104.545507648785,46371.00000000001,6770.999999999999
852,26571.0,0.7451733092469234,12.033533963887532,0,0,0,43104.545507648785,46371.00000000001,6770.999999999999
853,26571.0,0.7451733092469234,11.994840928633877,0,0,0,43104.545507648785,46371.00000000001,6770.999999999999
854,26571.0,0.7451733092469234,11.956147893380223,0,0,0,43104.545507648785,46371.00000000001,6770.999999999999
855,26571.0,0.7451733092469234,11.917454858126568,0,0,0,43104.545507648785,46371.00000000001,6770.999999999999
856,26571.0,0.7451733092469234,11.878761822872914,0,0,0,43104.545507648785,46371.00000000001,6770.999999999999
857,26571.0,0.7451733092469234,11.84006878761926,0,0,0,43104.545507648785,46371.00000000001,6770.999999999999
858,26571.0,0.7451733092469234,11.801375752365605,0,0,0,43104.545507648785,46371.00000000001,6770.999999999999
859,26571.0,0.7451733092469234,11.76268271711195,0,0,0,43104.545507648785,46371.00000000001,6770.999999999999
860,26571.0,0.7451733092469234,11.723989681858296,0,0,0,43104.545507648785,46371.00000000001,6770.999999999999
861,26571.0,0.7451733092469234,11.685296646604641,0,0,0,43104.545507648785,46371.00000000001,6770.999999999999
862,26571.0,0.7451733092469234,11.646603611350987,0,0,0,43104.545507648785,46371.00000000001,6770.999999999999
863,26571.0,0.7451733092469234,11.607910576097332,0,0,0,43104.545507648785,46371.00000000001,6770.999999999999
864,26571.0,0.7451733092469234,11.569217540843677,0,0,0,43104.545507648785,46371.00000000001,6770.999999999999
865,26571.0,0.7451733092469234,11.530524505590023,0,0,0,43104.545507648785,46371.00000000001,6770.999999999999
866,26571.0,0.7451733092469234,11.491831470336368,0,0,0,43104.545507648785,46371.00000000001,6770.999999999999
867,26571.0,0.7451733092469234,11.453138435082714,0,0,0,43104.545507648785,46371.00000000001,6770.999999999999
868,26571.0,0.7451733092469234,11.41444539982906,0,0,0,43104.545507648785,46371.00000000001,6770.999999999999
869,26571.0,0.7451733092469234,11.375752364575405,0,0,0,43104.545507648785,46371.00000000001,6770.999999999999
870,26571.0,0.7451733092469234,11.33705932932175,0,0,0,43104.545507648785,46371.00000000001,6770.999999999999
871,26571.0,0.7451733092469234,11.298366294068096,0,0,0,43104.545507648785,46371.00000000001,6770.999999999999
872,26571.0,0.7451733092469234,11.259673258814441,0,0,0,43104.545507648785,46371.00000000001,6770.999999999999
873,26571.0,0.7451733092469234,11.220980223560787,0,0,0,43104.545507648785,46371.00000000001,6770.999999999999
874,26571.0,0.7451733092469234,11.182287188307132,0,0,0,43104.545507648785,46371.00000000001,6770.999999999999
875,26571.0,0.7451733092469234,11.143594153053478,0,0,0,43104.545507648785,46371.00000000001,6770.999999999999
876,26571.0,0.7451733092469234,11.104901117799823,0,0,0,43104.545507648785,46371.00000000001,6770.999999999999
877,26571.0,0.7451733092469234,11.066208082546169,0,0,0,43104.545507648785,46371.00000000001,6770.999999999999
878,26571.0,0.7451733092469234,11.027515047292514,0,0,0,43104.545507648785,46371.00000000001,6770.999999999999
879,26571.0,0.7451733092469234,10.98882201203886,0,0,0,43104.545507648785,46371.00000000001,6770.999999999999
880,26571.0,0.7451733092469234,10.950128976785205,0,0,0,43104.545507648785,46371.00000000001,6770.999999999999
881,26571.0,0.7451733092469234,10.91143594153155,0,0,0,43104.545507648785,46371.00000000001,6770.999999999999
882,26571.0,0.7451733092469234,10.872742906277896,0,0,0,43104.545507648785,46371.00000000001,6770.999999999999
883,26571.0,0.7451733092469234,10.834049871024241,0,0,0,43104.545507648785,46371.00000000001,6770.999999999999
884,26571.0,0.7451733092469234,10.795356835770587,0,0,0,43104.545507648785,46371.00000000001,6770.999999999999
885,26571.0,0.7451733092469234,10.756663800516932,0,0,0,43104.545507648785,46371.00000000001,6770.999999999999
886,26571.0,0.7451733092469234,10.717970765263278,0,0,0,43104.545507648785,46371.00000000001,6770.999999999999
887,26571.0,0.7451733092469234,10.679277730009623,0,0,0,43104.545507648785,46371.00000000001,6770.999999999999
888,26571.0,0.7451733092469234,10.640584694755969,0,0,0,43104.545507648785,46371.00000000001,6770.999999999999
889,26571.0,0.7451733092469234,10.601891659502314,0,0,0,43104.545507648785,46371.00000000001,6770.999999999999
890,26571.0,0.7451733092469234,10.56319862424866,0,0,0,43104.545507648785,46371.00000000001,6770.999999999999
891,26571.0,0.7451733092469234,10.524505588995005,0,0,0,43104.545507648785,46371.00000000001,6770.999999999999
892,26571.0,0.7451733092469234,10.48581255374135,0,0,0,43104.545507648785,46371.00000000001,6770.999999999999
893,26571.0,0.7451733092469234,10.447119518487696,0,0,0,43104.545507648785,46371.00000000001,6770.999999999999
894,26571.0,0.7451733092469234,10.408426483234042,0,0,0,43104.545507648785,46371.00000000001,6770.999999999999
895,26571.0,0.7451733092469234,10.369733447980387,0,0,0,43104.545507648785,46371.00000000001,6770.999999999999
896,26571.0,0.7451733092469234,10.331040412726733,0,0,0,43104.545507648785,46371.00000000001,6770.999999999999
897,26571.0,0.7451733092469234,10.292347377473078,0,0,0,43104.545507648785,46371.00000000001,6770.999999999999
898,26571.0,0.7451733092469234,10.253654342219424,0,0,0,43104.545507648785,46371.00000000001,6770.999999999999
899,26571.0,0.7451733092469234,10.214961306965769,0,0,0,43104.545507648785,46371.00000000001,6770.999999999999
900,26571.0,0.7451733092469234,10.176268271712114,0,0,0,43104.545507648785,46371.00000000001,6770.999999999999
901,26571.0,0.7451733092469234,10.13757523645846,0,0,0,43104.545507648785,46371.00000000001,6770.999999999999
902,26571.0,0.7451733092469234,10.098882201204805,0,0,0,43104.545507648785,46371.00000000001,6770.999999999999
903,26571.0,0.7451733092469234,10.06018916595115,0,0,0,43104.545507648785,46371.00000000001,6770.999999999999
904,26571.0,0.7451733092469234,10.021496130697496,0,0,0,43104.545507648785,46371.00000000001,6770.999999999999
905,26571.0,0.7451733092469234,9.982803095443842,0,0,0,43104.545507648785,46371.00000000001,6770.999999999999
906,26571.0,0.7451733092469234,9.944110060190187,0,0,0,43104.545507648785,46371.00000000001,6770.999999999999
907,26571.0,0.7451733092469234,9.905417024936533,0,0,0,43104.545507648785,46371.00000000001,6770.999999999999
908,26571.0,0.7451733092469234,9.866723989682878,0,0,0,43104.545507648785,46371.00000000001,6770.999999999999
909,26571.0,0.7451733092469234,9.828030954429224,0,0,0,43104.545507648785,46371.00000000001,6770.999999999999
910,26571.0,0.7451733092469234,9.78933791917557,0,0,0,43104.545507648785,46371.00000000001,6770.999999999999
911,26571.0,0.7451733092469234,9.750644883921915,0,0,0,43104.545507648785,46371.00000000001,6770.999999999999
912,26571.0,0.7451733092469234,9.71195184866826,0,0,0,43104.545507648785,46371.00000000001,6770.999999999999
913,26571.0,0.7451733092469234,9.673258813414606,0,0,0,43104.545507648785,46371.00000000001,6770.999999999999
914,26571.0,0.7451733092469234,9.634565778160951,0,0,0,43104.545507648785,46371.00000000001,6770.999999999999
915,26571.0,0.7451733092469234,9.595872742907297,0,0,0,43104.545507648785,46371.00000000001,6770.999999999999
916,26571.0,0.7451733092469234,9.557179707653642,0,0,0,43104.545507648785,46371.00000000001,6770.999999999999
917,26571.0,0.7451733092469234,9.518486672399987,0,0,0,43104.545507648785,46371.00000000001,6770.999999999999
918,26571.0,0.7451733092469234,9.479793637146333,0,0,0,43104.545507648785,46371.00000000001,6770.999999999999
919,26571.0,0.7451733092469234,9.441100601892678,0,0,0,43104.545507648785,46371.00000000001,6770.999999999999
920,26571.0,0.7451733092469234,9.402407566639024,0,0,0,43104.545507648785,46371.00000000001,6770.999999999999
921,26571.0,0.7451733092469234,9.36371453138537,0,0,0,43104.545507648785,46371.00000000001,6770.999999999999
922,26571.0,0.7451733092469234,9.325021496131715,0,0,0,43104.545507648785,46371.00000000001,6770.999999999999
923,26571.0,0.7451733092469234,9.28632846087806,0,0,0,43104.545507648785,46371.00000000001,6770.999999999999
924,26571.0,0.7451733092469234,9.247635425624406,0,0,0,43104.545507648785,46371.00000000001,6770.999999999999
925,26571.0,0.7451733092469234,9.208942390370751,0,0,0,43104.545507648785,46371.00000000001,6770.999999999999
926,26571.0,0.7451733092469234,9.170249355117097,0,0,0,43104.545507648785,46371.00000000001,6770.999999999999
927,26571.0,0.7451733092469234,9.131556319863442,0,0,0,43104.545507648785,46371.00000000001,6770.999999999999
928,26571.0,0.7451733092469234,9.092863284609788,0,0,0,43104.545507648785,46371.00000000001,6770.999999999999
929,26571.0,0.7451733092469234,9.054170249356133,0,0,0,43104.545507648785,46371.00000000001,6770.999999999999
930,26571.0,0.7451733092469234,9.015477214102479,0,0,0,43104.545507648785,46371.00000000001,6770.999999999999
931,26571.0,0.7451733092469234,8.976784178848824,0,0,0,43104.545507648785,46371.00000000001,6770.999999999999
932,26571.0,0.7451733092469234,8.93809114359517,0,0,0,43104.545507648785,46371.00000000001,6770.999999999999
933,26571.0,0.7451733092469234,8.899398108341515,0,0,0,43104.545507648785,46371.00000000001,6770.999999999999
934,26571.0,0.7451733092469234,8.86070507308786,0,0,0,43104.545507648785,46371.00000000001,6770.999999999999
935,26571.0,0.7451733092469234,8.822012037834206,0,0,0,43104.545507648785,46371.00000000001,6770.999999999999
936,26571.0,0.7451733092469234,8.783319002580551,0,0,0,43104.545507648785,46371.00000000001,6770.999999999999
937,26571.0,0.7451733092469234,8.744625967326897,0,0,0,43104.545507648785,46371.00000000001,6770.999999999999
938,26571.0,0.7451733092469234,8.705932932073242,0,0,0,43104.545507648785,46371.00000000001,6770.999999999999
939,26571.0,0.7451733092469234,8.667239896819588,0,0,0,43104.545507648785,46371.00000000001,6770.999999999999
940,26571.0,0.7451733092469234,8.628546861565933,0,0,0,43104.545507648785,46371.00000000001,6770.999999999999
941,26571.0,0.7451733092469234,8.589853826312279,0,0,0,43104.545507648785,46371.00000000001,6770.999999999999
942,26571.0,0.7451733092469234,8.551160791058624,0,0,0,43104.545507648785,46371.00000000001,6770.999999999999
943,26571.0,0.7451733092469234,8.51246775580497,0,0,0,43104.545507648785,46371.00000000001,6770.999999999999
944,26571.0,0.7451733092469234,8.473774720551315,0,0,0,43104.545507648785,46371.00000000001,6770.999999999999
945,26571.0,0.7451733092469234,8.43508168529766,0,0,0,43104.545507648785,46371.00000000001,6770.999999999999
946,26571.0,0.7451733092469234,8.396388650044006,0,0,0,43104.545507648785,46371.00000000001,6770.999999999999
947,26571.0,0.7451733092469234,8.357695614790352,0,0,0,43104.545507648785,46371.00000000001,6770.999999999999
948,26571.0,0.7451733092469234,8.319002579536697,0,0,0,43104.545507648785,46371.00000000001,6770.999999999999
949,26571.0,0.7451733092469234,8.280309544283043,0,0,0,43104.545507648785,46371.00000000001,6770.999999999999
950,26571.0,0.7451733092469234,8.241616509029388,0,0,0,43104.545507648785,46371.00000000001,6770.999999999999
951,26571.0,0.7451733092469234,8.202923473775733,0,0,0,43104.545507648785,46371.00000000001,6770.999999999999
952,26571.0,0.7451733092469234,8.164230438522079,0,0,0,43104.545507648785,46371.00000000001,6770.999999999999
953,26571.0,0.7451733092469234,8.125537403268424,0,0,0,43104.545507648785,46371.00000000001,6770.999999999999
954,26571.0,0.7451733092469234,8.08684436801477,0,0,0,43104.545507648785,46371.00000000001,6770.999999999999
955,26571.0,0.7451733092469234,8.048151332761115,0,0,0,43104.545507648785,46371.00000000001,6770.999999999999
956,26571.0,0.7451733092469234,8.00945829750746,0,0,0,43104.545507648785,46371.00000000001,6770.999999999999
957,26571.0,0.7451733092469234,7.970765262253806,0,0,0,43104.545507648785,46371.00000000001,6770.999999999999
958,26571.0,0.7451733092469234,7.932072227000152,0,0,0,43104.545507648785,46371.00000000001,6770.999999999999
959,26571.0,0.7451733092469234,7.893379191746497,0,0,0,43104.545507648785,46371.00000000001,6770.999999999999
960,26571.0,0.7451733092469234,7.854686156492843,0,0,0,43104.545507648785,46371.00000000001,6770.999999999999
961,26571.0,0.7451733092469234,7.815993121239188,0,0,0,43104.545507648785,46371.00000000001,6770.999999999999
962,26571.0,0.7451733092469234,7.777300085985534,0,0,0,43104.545507648785,46371.00000000001,6770.999999999999
963,26571.0,0.7451733092469234,7.738607050731879,0,0,0,43104.545507648785,46371.00000000001,6770.999999999999
964,26571.0,0.7451733092469234,7.699914015478225,0,0,0,43104.545507648785,46371.00000000001,6770.999999999999
965,26571.0,0.7451733092469234,7.66122098022457,0,0,0,43104.545507648785,46371.00000000001,6770.999999999999
966,26571.0,0.7451733092469234,7.622527944970916,0,0,0,43104.545507648785,46371.00000000001,6770.999999999999
967,26571.0,0.7451733092469234,7.583834909717261,0,0,0,43104.545507648785,46371.00000000001,6770.999999999999
968,26571.0,0.7451733092469234,7.5451418744636065,0,0,0,43104.545507648785,46371.00000000001,6770.999999999999
969,26571.0,0.7451733092469234,7.506448839209952,0,0,0,43104.545507648785,46371.00000000001,6770.999999999999
970,26571.0,0.7451733092469234,7.4677558039562975,0,0,0,43104.545507648785,46371.00000000001,6770.999999999999
971,26571.0,0.7451733092469234,7.429062768702643,0,0,0,43104.545507648785,46371.00000000001,6770.999999999999
972,26571.0,0.7451733092469234,7.390369733448988,0,0,0,43104.545507648785,46371.00000000001,6770.999999999999
973,26571.0,0.7451733092469234,7.351676698195334,0,0,0,43104.545507648785,46371.00000000001,6770.999999999999
974,26571.0,0.7451733092469234,7.312983662941679,0,0,0,43104.545507648785,46371.00000000001,6770.999999999999
975,26571.0,0.7451733092469234,7.274290627688025,0,0,0,43104.545507648785,46371.00000000001,6770.999999999999
976,26571.0,0.7451733092469234,7.23559759243437,0,0,0,43104.545507648785,46371.00000000001,6770.999999999999
977,26571.0,0.7451733092469234,7.196904557180716,0,0,0,43104.545507648785,46371.00000000001,6770.999999999999
978,26571.0,0.7451733092469234,7.158211521927061,0,0,0,43104.545507648785,46371.00000000001,6770.999999999999
979,26571.0,0.7451733092469234,7.119518486673407,0,0,0,43104.545507648785,46371.00000000001,6770.999999999999
980,26571.0,0.7451733092469234,7.080825451419752,0,0,0,43104.545507648785,46371.00000000001,6770.999999999999
981,26571.0,0.7451733092469234,7.042132416166098,0,0,0,43104.545507648785,46371.00000000001,6770.999999999999
982,26571.0,0.7451733092469234,7.003439380912443,0,0,0,43104.545507648785,46371.00000000001,6770.999999999999
983,26571.0,0.7451733092469234,6.964746345658789,0,0,0,43104.545507648785,46371.00000000001,6770.999999999999
984,26571.0,0.7451733092469234,6.926053310405134,0,0,0,43104.545507648785,46371.00000000001,6770.999999999999
985,26571.0,0.7451733092469234,6.8873602751514795,0,0,0,43104.545507648785,46371.00000000001,6770.999999999999
986,26571.0,0.7451733092469234,6.848667239897825,0,0,0,43104.545507648785,46371.00000000001,6770.999999999999
987,26571.0,0.7451733092469234,6.8099742046441705,0,0,0,43104.545507648785,46371.00000000001,6770.999999999999
988,26571.0,0.7451733092469234,6.771281169390516,0,0,0,43104.545507648785,46371.00000000001,6770.999999999999
989,26571.0,0.7451733092469234,6.732588134136861,0,0,0,43104.545507648785,46371.00000000001,6770.999999999999
990,26571.0,0.7451733092469234,6.693895098883207,0,0,0,43104.545507648785,46371.00000000001,6770.999999999999
991,26571.0,0.7451733092469234,6.655202063629552,0,0,0,43104.545507648785,46371.00000000001,6770.999999999999
992,26571.0,0.7451733092469234,6.616509028375898,0,0,0,43104.545507648785,46371.00000000001,6770.999999999999
993,26571.0,0.7451733092469234,6.577815993122243,0,0,0,43104.545507648785,46371.00000000001,6770.999999999999
994,26571.0,0.7451733092469234,6.539122957868589,0,0,0,43104.545507648785,46371.00000000001,6770.999999999999
995,26571.0,0.7451733092469234,6.500429922614934,0,0,0,43104.545507648785,46371.00000000001,6770.999999999999
996,26571.0,0.7451733092469234,6.46173688736128,0,0,0,43104.545507648785,46371.00000000001,6770.999999999999
997,26571.0,0.7451733092469234,6.423043852107625,0,0,0,43104.545507648785,46371.00000000001,6770.999999999999
998,26571.0,0.7451733092469234,6.384350816853971,0,0,0,43104.545507648785,46371.00000000001,6770.999999999999
999,26571.0,0.7451733092469234,6.345657781600316,0,0,0,43104.545507648785,46371.00000000001,6770.999999999999
1000,26571.0,0.7451733092469234,6.306964746346662,0,0,0,43104.545507648785,46371.00000000001,6770.999999999999
1001,26571.0,0.7451733092469234,6.268271711093007,0,0,0,43104.545507648785,46371.00000000001,6770.999999999999
1002,26571.0,0.7451733092469234,6.2295786758393525,0,0,0,43104.545507648785,46371.00000000001,6770.999999999999
1003,26571.0,0.7451733092469234,6.190885640585698,0,0,0,43104.545507648785,46371.00000000001,6770.999999999999
1004,26571.0,0.7451733092469234,6.1521926053320435,0,0,0,43104.545507648785,46371.00000000001,6770.999999999999
1005,26571.0,0.7451733092469234,6.113499570078389,0,0,0,43104.545507648785,46371.00000000001,6770.999999999999
1006,26571.0,0.7451733092469234,6.074806534824734,0,0,0,43104.545507648785,46371.00000000001,6770.999999999999
1007,26571.0,0.7451733092469234,6.03611349957108,0,0,0,43104.545507648785,46371.00000000001,6770.999999999999
1008,26571.0,0.7451733092469234,5.997420464317425,0,0,0,43104.545507648785,46371.00000000001,6770.999999999999
1009,26571.0,0.7451733092469234,5.958727429063771,0,0,0,43104.545507648785,46371.00000000001,6770.999999999999
1010,26571.0,0.7451733092469234,5.920034393810116,0,0,0,43104.545507648785,46371.00000000001,6770.999999999999
1011,26571.0,0.7451733092469234,5.881341358556462,0,0,0,43104.545507648785,46371.00000000001,6770.999999999999
1012,26571.0,0.7451733092469234,5.842648323302807,0,0,0,43104.545507648785,46371.00000000001,6770.999999999999
1013,26571.0,0.7451733092469234,5.803955288049153,0,0,0,43104.545507648785,46371.00000000001,6770.999999999999
1014,26571.0,0.7451733092469234,5.765262252795498,0,0,0,43104.545507648785,46371.00000000001,6770.999999999999
1015,26571.0,0.7451733092469234,5.726569217541844,0,0,0,43104.545507648785,46371.00000000001,6770.999999999999
1016,26571.0,0.7451733092469234,5.687876182288189,0,0,0,43104.545507648785,46371.00000000001,6770.999999999999
1017,26571.0,0.7451733092469234,5.649183147034535,0,0,0,43104.545507648785,46371.00000000001,6770.999999999999
1018,26571.0,0.7451733092469234,5.61049011178088,0,0,0,43104.545507648785,46371.00000000001,6770.999999999999
1019,26571.0,0.7451733092469234,5.571797076527226,0,0,0,43104.545507648785,46371.00000000001,6770.999999999999
1020,26571.0,0.7451733092469234,5.533104041273571,0,0,0,43104.545507648785,46371.00000000001,6770.999999999999
1021,26571.0,0.7451733092469234,5.4944110060199165,0,0,0,43104.545507648785,46371.00000000001,6770.999999999999
1022,26571.0,0.7451733092469234,5.455717970766262,0,0,0,43104.545507648785,46371.00000000001,6770.999999999999
1023,26571.0,0.7451733092469234,5.417024935512607,0,0,0,43104.545507648785,46371.00000000001,6770.999999999999
1024,26571.0,0.7451733092469234,5.378331900258953,0,0,0,43104.545507648785,46371.00000000001,6770.999999999999
1025,26571.0,0.7451733092469234,5.339638865005298,0,0,0,43104.545507648785,46371.00000000001,6770.999999999999
1026,26571.0,0.7451733092469234,5.300945829751644,0,0,0,43104.545507648785,46371.00000000001,6770.999999999999
1027,26571.0,0.7451733092469234,5.262252794497989,0,0,0,43104.545507648785,46371.00000000001,6770.999999999999
1028,26571.0,0.7451733092469234,5.223559759244335,0,0,0,43104.545507648785,46371.00000000001,6770.999999999999
1029,26571.0,0.7451733092469234,5.18486672399068,0,0,0,43104.545507648785,46371.00000000001,6770.999999999999
1030,26571.0,0.7451733092469234,5.146173688737026,0,0,0,43104.545507648785,46371.00000000001,6770.999999999999
1031,26571.0,0.7451733092469234,5.107480653483371,0,0,0,43104.545507648785,46371.00000000001,6770.999999999999
1032,26571.0,0.7451733092469234,5.068787618229717,0,0,0,43104.545507648785,46371.00000000001,6770.999999999999
1033,26571.0,0.7451733092469234,5.030094582976062,0,0,0,43104.545507648785,46371.00000000001,6770.999999999999
1034,26571.0,0.7451733092469234,4.991401547722408,0,0,0,43104.545507648785,46371.00000000001,6770.999999999999
1035,26571.0,0.7451733092469234,4.952708512468753,0,0,0,43104.545507648785,46371.00000000001,6770.999999999999
1036,26571.0,0.7451733092469234,4.914015477215099,0,0,0,43104.545507648785,46371.00000000001,6770.999999999999
1037,26571.0,0.7451733092469234,4.875322441961444,0,0,0,43104.545507648785,46371.00000000001,6770.999999999999
1038,26571.0,0.7451733092469234,4.8366294067077895,0,0,0,43104.545507648785,46371.00000000001,6770.999999999999
1039,26571.0,0.7451733092469234,4.797936371454135,0,0,0,43104.545507648785,46371.00000000001,6770.999999999999
1040,26571.0,0.7451733092469234,4.7592433362004805,0,0,0,43104.545507648785,46371.00000000001,6770.999999999999
1041,26571.0,0.7451733092469234,4.720550300946826,0,0,0,43104.545507648785,46371.00000000001,6770.999999999999
1042,26571.0,0.7451733092469234,4.681857265693171,0,0,0,43104.545507648785,46371.00000000001,6770.999999999999
1043,26571.0,0.7451733092469234,4.643164230439517,0,0,0,43104.545507648785,46371.00000000001,6770.999999999999
1044,26571.0,0.7451733092469234,4.604471195185862,0,0,0,43104.545507648785,46371.00000000001,6770.999999999999
1045,26571.0,0.7451733092469234,4.565778159932208,0,0,0,43104.545507648785,46371.00000000001,6770.999999999999
1046,26571.0,0.7451733092469234,4.527085124678553,0,0,0,43104.545507648785,46371.00000000001,6770.999999999999
1047,26571.0,0.7451733092469234,4.488392089424899,0,0,0,43104.545507648785,46371.00000000001,6770.999999999999
1048,26571.0,0.7451733092469234,4.449699054171244,0,0,0,43104.545507648785,46371.00000000001,6770.999999999999
1049,26571.0,0.7451733092469234,4.41100601891759,0,0,0,43104.545507648785,46371.00000000001,6770.999999999999
1050,26571.0,0.7451733092469234,4.372312983663935,0,0,0,43104.545507648785,46371.00000000001,6770.999999999999
1051,26571.0,0.7451733092469234,4.333619948410281,0,0,0,43104.545507648785,46371.00000000001,6770.999999999999
1052,26571.0,0.7451733092469234,4.294926913156626,0,0,0,43104.545507648785,46371.00000000001,6770.999999999999
1053,26571.0,0.7451733092469234,4.256233877902972,0,0,0,43104.545507648785,46371.00000000001,6770.999999999999
1054,26571.0,0.7451733092469234,4.217540842649317,0,0,0,43104.545507648785,46371.00000000001,6770.999999999999
1055,26571.0,0.7451733092469234,4.1788478073956625,0,0,0,43104.545507648785,46371.00000000001,6770.999999999999
1056,26571.0,0.7451733092469234,4.140154772142008,0,0,0,43104.545507648785,46371.00000000001,6770.999999999999
1057,26571.0,0.7451733092469234,4.1014617368883535,0,0,0,43104.545507648785,46371.00000000001,6770.999999999999
1058,26571.0,0.7451733092469234,4.062768701634699,0,0,0,43104.545507648785,46371.00000000001,6770.999999999999
1059,26571.0,0.7451733092469234,4.024075666381044,0,0,0,43104.545507648785,46371.00000000001,6770.999999999999
1060,26571.0,0.7451733092469234,3.98538263112739,0,0,0,43104.545507648785,46371.00000000001,6770.999999999999
1061,26571.0,0.7451733092469234,3.9466895958737354,0,0,0,43104.545507648785,46371.00000000001,6770.999999999999
1062,26571.0,0.7451733092469234,3.907996560620081,0,0,0,43104.545507648785,46371.00000000001,6770.999999999999
1063,26571.0,0.7451733092469234,3.8693035253664263,0,0,0,43104.545507648785,46371.00000000001,6770.999999999999
1064,26571.0,0.7451733092469234,3.8306104901127718,0,0,0,43104.545507648785,46371.00000000001,6770.999999999999
1065,26571.0,0.7451733092469234,3.7919174548591172,0,0,0,43104.545507648785,46371.00000000001,6770.999999999999
1066,26571.0,0.7451733092469234,3.7532244196054627,0,0,0,43104.545507648785,46371.00000000001,6770.999999999999
1067,26571.0,0.7451733092469234,3.714531384351808,0,0,0,43104.545507648785,46371.00000000001,6770.999999999999
1068,26571.0,0.7451733092469234,3.6758383490981537,0,0,0,43104.545507648785,46371.00000000001,6770.999999999999
1069,26571.0,0.7451733092469234,3.637145313844499,0,0,0,43104.545507648785,46371.00000000001,6770.999999999999
1070,26571.0,0.7451733092469234,3.5984522785908446,0,0,0,43104.545507648785,46371.00000000001,6770.999999999999
1071,26571.0,0.7451733092469234,3.55975924333719,0,0,0,43104.545507648785,46371.00000000001,6770.999999999999
1072,26571.0,0.7451733092469234,3.5210662080835355,0,0,0,43104.545507648785,46371.00000000001,6770.999999999999
1073,26571.0,0.7451733092469234,3.482373172829881,0,0,0,43104.545507648785,46371.00000000001,6770.999999999999
1074,26571.0,0.7451733092469234,3.4436801375762265,0,0,0,43104.545507648785,46371.00000000001,6770.999999999999
1075,26571.0,0.7451733092469234,3.404987102322572,0,0,0,43104.545507648785,46371.00000000001,6770.999999999999
1076,26571.0,0.7451733092469234,3.3662940670689174,0,0,0,43104.545507648785,46371.00000000001,6770.999999999999
1077,26571.0,0.7451733092469234,3.327601031815263,0,0,0,43104.545507648785,46371.00000000001,6770.999999999999
1078,26571.0,0.7451733092469234,3.2889079965616084,0,0,0,43104.545507648785,46371.00000000001,6770.999999999999
1079,26571.0,0.7451733092469234,3.250214961307954,0,0,0,43104.545507648785,46371.00000000001,6770.999999999999
1080,26571.0,0.7451733092469234,3.2115219260542993,0,0,0,43104.545507648785,46371.00000000001,6770.999999999999
1081,26571.0,0.7451733092469234,3.172828890800645,0,0,0,43104.545507648785,46371.00000000001,6770.999999999999
1082,26571.0,0.7451733092469234,3.1341358555469903,0,0,0,43104.545507648785,46371.00000000001,6770.999999999999
1083,26571.0,0.7451733092469234,3.0954428202933357,0,0,0,43104.545507648785,46371.00000000001,6770.999999999999
1084,26571.0,0.7451733092469234,3.056749785039681,0,0,0,43104.545507648785,46371.00000000001,6770.999999999999
1085,26571.0,0.7451733092469234,3.0180567497860267,0,0,0,43104.545507648785,46371.00000000001,6770.999999999999
1086,26571.0,0.7451733092469234,2.979363714532372,0,0,0,43104.545507648785,46371.00000000001,6770.999999999999
1087,26571.0,0.7451733092469234,2.9406706792787176,0,0,0,43104.545507648785,46371.00000000001,6770.999999999999
1088,26571.0,0.7451733092469234,2.901977644025063,0,0,0,43104.545507648785,46371.00000000001,6770.999999999999
1089,26571.0,0.7451733092469234,2.8632846087714086,0,0,0,43104.545507648785,46371.00000000001,6770.999999999999
1090,26571.0,0.7451733092469234,2.824591573517754,0,0,0,43104.545507648785,46371.00000000001,6770.999999999999
1091,26571.0,0.7451733092469234,2.7858985382640995,0,0,0,43104.545507648785,46371.00000000001,6770.999999999999
1092,26571.0,0.7451733092469234,2.747205503010445,0,0,0,43104.545507648785,46371.00000000001,6770.999999999999
1093,26571.0,0.7451733092469234,2.7085124677567904,0,0,0,43104.545507648785,46371.00000000001,6770.999999999999
1094,26571.0,0.7451733092469234,2.669819432503136,0,0,0,43104.545507648785,46371.00000000001,6770.999999999999
1095,26571.0,0.7451733092469234,2.6311263972494814,0,0,0,43104.545507648785,46371.00000000001,6770.999999999999
1096,26571.0,0.7451733092469234,2.592433361995827,0,0,0,43104.545507648785,46371.00000000001,6770.999999999999
1097,26571.0,0.7451733092469234,2.5537403267421723,0,0,0,43104.545507648785,46371.00000000001,6770.999999999999
1098,26571.0,0.7451733092469234,2.515047291488518,0,0,0,43104.545507648785,46371.00000000001,6770.999999999999
1099,26571.0,0.7451733092469234,2.4763542562348633,0,0,0,43104.545507648785,46371.00000000001,6770.999999999999
1100,26571.0,0.7451733092469234,2.4376612209812087,0,0,0,43104.545507648785,46371.00000000001,6770.999999999999
1101,26571.0,0.7451733092469234,2.398968185727554,0,0,0,43104.545507648785,46371.00000000001,6770.999999999999
1102,26571.0,0.7451733092469234,2.3602751504738997,0,0,0,43104.545507648785,46371.00000000001,6770.999999999999
1103,26571.0,0.7451733092469234,2.321582115220245,0,0,0,43104.545507648785,46371.00000000001,6770.999999999999
1104,26571.0,0.7451733092469234,2.2828890799665906,0,0,0,43104.545507648785,46371.00000000001,6770.999999999999
1105,26571.0,0.7451733092469234,2.244196044712936,0,0,0,43104.545507648785,46371.00000000001,6770.999999999999
1106,26571.0,0.7451733092469234,2.2055030094592816,0,0,0,43104.545507648785,46371.00000000001,6770.999999999999
1107,26571.0,0.7451733092469234,2.166809974205627,0,0,0,43104.545507648785,46371.00000000001,6770.999999999999
1108,26571.0,0.7451733092469234,2.1281169389519725,0,0,0,43104.545507648785,46371.00000000001,6770.999999999999
1109,26571.0,0.7451733092469234,2.089423903698318,0,0,0,43104.545507648785,46371.00000000001,6770.999999999999
1110,26571.0,0.7451733092469234,2.0507308684446635,0,0,0,43104.545507648785,46371.00000000001,6770.999999999999
1111,26571.0,0.7451733092469234,2.012037833191009,0,0,0,43104.545507648785,46371.00000000001,6770.999999999999
1112,26571.0,0.7451733092469234,1.9733447979373546,0,0,0,43104.545507648785,46371.00000000001,6770.999999999999
1113,26571.0,0.7451733092469234,1.9346517626837003,0,0,0,43104.545507648785,46371.00000000001,6770.999999999999
1114,26571.0,0.7451733092469234,1.895958727430046,0,0,0,43104.545507648785,46371.00000000001,6770.999999999999
1115,26571.0,0.7451733092469234,1.8572656921763917,0,0,0,43104.545507648785,46371.00000000001,6770.999999999999
1116,26571.0,0.7451733092469234,1.8185726569227374,0,0,0,43104.545507648785,46371.00000000001,6770.999999999999
1117,26571.0,0.7451733092469234,1.779879621669083,0,0,0,43104.545507648785,46371.00000000001,6770.999999999999
1118,26571.0,0.7451733092469234,1.7411865864154288,0,0,0,43104.545507648785,46371.00000000001,6770.999999999999
1119,26571.0,0.7451733092469234,1.7024935511617745,0,0,0,43104.545507648785,46371.00000000001,6770.999999999999
1120,26571.0,0.7451733092469234,1.6638005159081202,0,0,0,43104.545507648785,46371.00000000001,6770.999999999999
1121,26571.0,0.7451733092469234,1.6251074806544659,0,0,0,43104.545507648785,46371.00000000001,6770.999999999999
1122,26571.0,0.7451733092469234,1.5864144454008116,0,0,0,43104.545507648785,46371.00000000001,6770.999999999999
1123,26571.0,0.7451733092469234,1.5477214101471573,0,0,0,43104.545507648785,46371.00000000001,6770.999999999999
1124,26571.0,0.7451733092469234,1.509028374893503,0,0,0,43104.545507648785,46371.00000000001,6770.999999999999
1125,26571.0,0.7451733092469234,1.4703353396398486,0,0,0,43104.545507648785,46371.00000000001,6770.999999999999
1126,26571.0,0.7451733092469234,1.4316423043861943,0,0,0,43104.545507648785,46371.00000000001,6770.999999999999
1127,26571.0,0.7451733092469234,1.39294926913254,0,0,0,43104.545507648785,46371.00000000001,6770.999999999999
1128,26571.0,0.7451733092469234,1.3542562338788857,0,0,0,43104.545507648785,46371.00000000001,6770.999999999999
1129,26571.0,0.7451733092469234,1.3155631986252314,0,0,0,43104.545507648785,46371.00000000001,6770.999999999999
1130,26571.0,0.7451733092469234,1.276870163371577,0,0,0,43104.545507648785,46371.00000000001,6770.999999999999
1131,26571.0,0.7451733092469234,1.2381771281179228,0,0,0,43104.545507648785,46371.00000000001,6770.999999999999
1132,26571.0,0.7451733092469234,1.1994840928642685,0,0,0,43104.545507648785,46371.00000000001,6770.999999999999
1133,26571.0,0.7451733092469234,1.1607910576106142,0,0,0,43104.545507648785,46371.00000000001,6770.999999999999
1134,26571.0,0.7451733092469234,1.1220980223569599,0,0,0,43104.545507648785,46371.00000000001,6770.999999999999
1135,26571.0,0.7451733092469234,1.0834049871033056,0,0,0,43104.545507648785,46371.00000000001,6770.999999999999
1136,26571.0,0.7451733092469234,1.0447119518496513,0,0,0,43104.545507648785,46371.00000000001,6770.999999999999
1137,26571.0,0.7451733092469234,1.006018916595997,0,0,0,43104.545507648785,46371.00000000001,6770.999999999999
1138,26571.0,0.7451733092469234,0.9673258813423427,0,0,0,43104.545507648785,46371.00000000001,6770.999999999999
1139,26571.0,0.7451733092469234,0.9286328460886883,0,0,0,43104.545507648785,46371.00000000001,6770.999999999999
1140,26571.0,0.7451733092469234,0.889939810835034,0,0,0,43104.545507648785,46371.00000000001,6770.999999999999
1141,26571.0,0.7451733092469234,0.8512467755813797,0,0,0,43104.545507648785,46371.00000000001,6770.999999999999
1142,26571.0,0.7451733092469234,0.8125537403277254,0,0,0,43104.545507648785,46371.00000000001,6770.999999999999
1143,26571.0,0.7451733092469234,0.7738607050740711,0,0,0,43104.545507648785,46371.00000000001,6770.999999999999
1144,26571.0,0.7451733092469234,0.7351676698204168,0,0,0,43104.545507648785,46371.00000000001,6770.999999999999
1145,26571.0,0.7451733092469234,0.6964746345667625,0,0,0,43104.545507648785,46371.00000000001,6770.999999999999
1146,26571.0,0.7451733092469234,0.6577815993131082,0,0,0,43104.545507648785,46371.00000000001,6770.999999999999
1147,26571.0,0.7451733092469234,0.6190885640594539,0,0,0,43104.545507648785,46371.00000000001,6770.999999999999
1148,26571.0,0.7451733092469234,0.5803955288057996,0,0,0,43104.545507648785,46371.00000000001,6770.999999999999
1149,26571.0,0.7451733092469234,0.5417024935521453,0,0,0,43104.545507648785,46371.00000000001,6770.999999999999
1150,26571.0,0.7451733092469234,0.503009458298491,0,0,0,43104.545507648785,46371.00000000001,6770.999999999999
1151,26571.0,0.7451733092469234,0.4643164230448366,0,0,0,43104.545507648785,46371.00000000001,6770.999999999999
1152,26571.0,0.7451733092469234,0.42562338779118225,0,0,0,43104.545507648785,46371.00000000001,6770.999999999999
1153,26571.0,0.7451733092469234,0.3869303525375279,0,0,0,43104.545507648785,46371.00000000001,6770.999999999999
1154,26571.0,0.7451733092469234,0.3482373172838735,0,0,0,43104.545507648785,46371.00000000001,6770.999999999999
1155,26571.0,0.7451733092469234,0.30954428203021916,0,0,0,43104.545507648785,46371.00000000001,6770.999999999999
1156,26571.0,0.7451733092469234,0.2708512467765648,0,0,0,43104.545507648785,46371.00000000001,6770.999999999999
1157,26571.0,0.7451733092469234,0.23215821152291047,0,0,0,43104.545507648785,46371.00000000001,6770.999999999999
1158,26571.0,0.7451733092469234,0.19346517626925613,0,0,0,43104.545507648785,46371.00000000001,6770.999999999999
1159,26571.0,0.7451733092469234,0.1547721410156018,0,0,0,43104.545507648785,46371.00000000001,6770.999999999999
1160,26571.0,0.7451733092469234,0.11607910576194747,0,0,0,43104.545507648785,46371.00000000001,6770.999999999999
1161,26571.0,0.7451733092469234,0.07738607050829313,0,0,0,43104.545507648785,46371.00000000001,6770.999999999999
1162,26571.0,0.7451733092469234,0.03869303525463879,0,0,0,43104.545507648785,46371.00000000001,6770.999999999999
1163,26571.0,0.7451733092469234,9.844486337229341e-13,0,0,0,43104.545507648785,46371.00000000001,6770.999999999999
1164,26576.245764621166,0.7448288374022345,9.844486337229341e-13,0,0,0,43117.31097336454,46371.00000000001,6781.491529242325
1165,26581.497146223537,0.7444841328882028,9.844486337229341e-13,0,0,0,43130.09136983947,46371.00000000001,6791.99429244707
1166,26586.75415023909,0.7441391957048282,9.844486337229341e-13,0,0,0,43142.88671422212,46371.00000000001,6802.508300478169
1167,26592.016782108574,0.743794025852111,9.844486337229341e-13,0,0,0,43155.69702369115,46371.00000000001,6813.033564217141
1168,26597.28504728157,0.7434486233300512,9.844486337229341e-13,0,0,0,43168.522315455564,46371.00000000001,6823.57009456313
1169,26602.558951216484,0.7431029881386486,9.844486337229341e-13,0,0,0,43181.362606754694,46371.00000000001,6834.11790243296
1170,26607.838499380567,0.7427571202779033,9.844486337229341e-13,0,0,0,43194.21791485826,46371.00000000001,6844.676998761129
1171,26613.123697249936,0.7424110197478153,9.844486337229341e-13,0,0,0,43207.088257066476,46371.00000000001,6855.247394499862
1172,26618.41455030957,0.7420646865483846,9.844486337229341e-13,0,0,0,43219.97365071003,46371.00000000001,6865.829100619138
1173,26623.711064053365,0.7417181206796115,9.844486337229341e-13,0,0,0,43232.87411315024,46371.00000000001,6876.422128106723
1174,26629.013243984115,0.7413713221414953,9.844486337229341e-13,0,0,0,43245.78966177905,46371.00000000001,6887.026487968224
1175,26634.321095613534,0.7410242909340368,9.844486337229341e-13,0,0,0,43258.7203140191,46371.00000000001,6897.642191227058
1176,26639.634624462295,0.7406770270572349,9.844486337229341e-13,0,0,0,43271.66608732383,46371.00000000001,6908.269248924583
1177,26644.95383606001,0.7403295305110908,9.844486337229341e-13,0,0,0,43284.62699917745,46371.00000000001,6918.907672120014
1178,26650.27873594528,0.7399818012956041,9.844486337229341e-13,0,0,0,43297.603067095144,46371.00000000001,6929.557471890557
1179,26655.6093296657,0.7396338394107747,9.844486337229341e-13,0,0,0,43310.59430862299,46371.00000000001,6940.218659331394
1180,26660.945622777865,0.7392856448566023,9.844486337229341e-13,0,0,0,43323.60074133809,46371.00000000001,6950.891245555722
1181,26666.287620847397,0.7389372176330871,9.844486337229341e-13,0,0,0,43336.62238284864,46371.00000000001,6961.575241694789
1182,26671.635329448953,0.7385885577402296,9.844486337229341e-13,0,0,0,43349.65925079397,46371.00000000001,6972.270658897898
1183,26676.988754166257,0.7382396651780292,9.844486337229341e-13,0,0,0,43362.711362844624,46371.00000000001,6982.977508332509
1184,26682.347900592104,0.7378905399464863,9.844486337229341e-13,0,0,0,43375.77873670238,46371.00000000001,6993.6958011842
1185,26687.71277432838,0.7375411820456004,9.844486337229341e-13,0,0,0,43388.8613901004,46371.00000000001,7004.425548656758
1186,26693.083380986078,0.7371915914753719,9.844486337229341e-13,0,0,0,43401.95934080318,46371.00000000001,7015.166761972149
1187,26698.45972618531,0.7368417682358008,9.844486337229341e-13,0,0,0,43415.07260660671,46371.00000000001,7025.919452370611
1188,26703.841815555334,0.736491712326887,9.844486337229341e-13,0,0,0,43428.20120533849,46371.00000000001,7036.683631110658
1189,26709.22965473456,0.7361414237486306,9.844486337229341e-13,0,0,0,43441.34515485758,46371.00000000001,7047.459309469117
1190,26714.62324937059,0.7357909025010312,9.844486337229341e-13,0,0,0,43454.50447305475,46371.00000000001,7058.246498741173
1191,26720.02260512019,0.7354401485840893,9.844486337229341e-13,0,0,0,43467.679177852406,46371.00000000001,7069.0452102403715
1192,26725.427727649356,0.7350891619978044,9.844486337229341e-13,0,0,0,43480.869287204776,46371.00000000001,7079.855455298705
1193,26730.838622633288,0.7347379427421774,9.844486337229341e-13,0,0,0,43494.07481909788,46371.00000000001,7090.677245266566
1194,26736.25529575645,0.7343864908172073,9.844486337229341e-13,0,0,0,43507.29579154972,46371.00000000001,7101.510591512896
1195,26741.67775271256,0.7340348062228943,9.844486337229341e-13,0,0,0,43520.5322226102,46371.00000000001,7112.355505425113
1196,26747.105999204592,0.7336828889592388,9.844486337229341e-13,0,0,0,43533.784130361266,46371.00000000001,7123.211998409179
1197,26752.54004094483,0.7333307390262411,9.844486337229341e-13,0,0,0,43547.05153291697,46371.00000000001,7134.0800818896505
1198,26757.979883654876,0.7329783564239001,9.844486337229341e-13,0,0,0,43560.334448423564,46371.00000000001,7144.959767309744
1199,26763.425533065638,0.7326257411522166,9.844486337229341e-13,0,0,0,43573.63289505945,46371.00000000001,7155.851066131268
1200,26768.876994917384,0.7322728932111902,9.844486337229341e-13,0,0,0,43586.94689103539,46371.00000000001,7166.753989834761
1201,26774.334274959732,0.7319198126008213,9.844486337229341e-13,0,0,0,43600.27645459445,46371.00000000001,7177.668549919459
1202,26779.79737895169,0.7315664993211097,9.844486337229341e-13,0,0,0,43613.621604012194,46371.00000000001,7188.594757903373
1203,26785.266312661657,0.7312129533720553,9.844486337229341e-13,0,0,0,43626.9823575966,46371.00000000001,7199.532625323306
1204,26790.74108186744,0.7308591747536584,9.844486337229341e-13,0,0,0,43640.358733688234,46371.00000000001,7210.4821637348705
1205,26796.22169235629,0.7305051634659183,9.844486337229341e-13,0,0,0,43653.7507506603,46371.00000000001,7221.443384712572
1206,26801.708149924885,0.730150919508836,9.844486337229341e-13,0,0,0,43667.158426918664,46371.00000000001,7232.416299849766
1207,26807.200460379394,0.7297964428824111,9.844486337229341e-13,0,0,0,43680.581780901965,46371.00000000001,7243.40092075878
1208,26812.698629535455,0.7294417335866432,9.844486337229341e-13,0,0,0,43694.02083108166,46371.00000000001,7254.3972590709
1209,26818.202663218206,0.7290867916215324,9.844486337229341e-13,0,0,0,43707.47559596209,46371.00000000001,7265.405326436407
1210,26823.712567262304,0.7287316169870794,9.844486337229341e-13,0,0,0,43720.94609408054,46371.00000000001,7276.425134524601
1211,26829.22834751195,0.7283762096832833,9.844486337229341e-13,0,0,0,43734.43234400734,46371.00000000001,7287.456695023898
1212,26834.75000982089,0.7280205697101447,9.844486337229341e-13,0,0,0,43747.93436434591,46371.00000000001,7298.500019641774
1213,26840.27756005244,0.7276646970676637,9.844486337229341e-13,0,0,0,43761.4521737328,46371.00000000001,7309.55512010487
1214,26845.811004079518,0.7273085917558393,9.844486337229341e-13,0,0,0,43774.98579083784,46371.00000000001,7320.62200815903
1215,26851.350347784628,0.7269522537746729,9.844486337229341e-13,0,0,0,43788.53523436407,46371.00000000001,7331.700695569246
1216,26856.895597059924,0.7265956831241631,9.844486337229341e-13,0,0,0,43802.10052304799,46371.00000000001,7342.79119411984
1217,26862.446757807178,0.7262388798043109,9.844486337229341e-13,0,0,0,43815.68167565944,46371.00000000001,7353.89351561435
1218,26868.003835937838,0.725881843815116,9.844486337229341e-13,0,0,0,43829.27871100182,46371.00000000001,7365.007671875671
1219,26873.566837373022,0.7255245751565786,9.844486337229341e-13,0,0,0,43842.891647912045,46371.00000000001,7376.133674746039
1220,26879.135768043558,0.7251670738286984,9.844486337229341e-13,0,0,0,43856.52050526073,46371.00000000001,7387.271536087108
1221,26884.71063388997,0.7248093398314757,9.844486337229341e-13,0,0,0,43870.16530195212,46371.00000000001,7398.421267779927
1222,26890.291440862526,0.72445137316491,9.844486337229341e-13,0,0,0,43883.82605692429,46371.00000000001,7409.582881725041
1223,26895.878194921246,0.7240931738290015,9.844486337229341e-13,0,0,0,43897.50278914914,46371.00000000001,7420.756389842485
1224,26901.470902035908,0.7237347418237507,9.844486337229341e-13,0,0,0,43911.19551763246,46371.00000000001,7431.9418040718065
1225,26907.069568186093,0.7233760771491569,9.844486337229341e-13,0,0,0,43924.90426141407,46371.00000000001,7443.139136372179
1226,26912.674199361172,0.7230171798052205,9.844486337229341e-13,0,0,0,43938.629039567786,46371.00000000001,7454.348398722336
1227,26918.28480156035,0.7226580497919415,9.844486337229341e-13,0,0,0,43952.36987120157,46371.00000000001,7465.569603120689
1228,26923.90138079267,0.7222986871093193,9.844486337229341e-13,0,0,0,43966.12677545759,46371.00000000001,7476.802761585335
1229,26929.52394307703,0.7219390917573549,9.844486337229341e-13,0,0,0,43979.89977151223,46371.00000000001,7488.047886154056
1230,26935.15249444222,0.7215792637360479,9.844486337229341e-13,0,0,0,43993.68887857627,46371.00000000001,7499.30498888443
1231,26940.787040926916,0.7212192030453979,9.844486337229341e-13,0,0,0,44007.49411589483,46371.00000000001,7510.5740818538225
1232,26946.427588579714,0.7208589096854052,9.844486337229341e-13,0,0,0,44021.315502747544,46371.00000000001,7521.855177159418
1233,26952.07414345914,0.7204983836560699,9.844486337229341e-13,0,0,0,44035.153058448544,46371.00000000001,7533.1482869182755
1234,26957.726711633684,0.7201376249573919,9.844486337229341e-13,0,0,0,44049.00680234666,46371.00000000001,7544.453423267361
1235,26963.385299181795,0.7197766335893712,9.844486337229341e-13,0,0,0,44062.87675382532,46371.00000000001,7555.770598363583
1236,26969.04991219192,0.7194154095520078,9.844486337229341e-13,0,0,0,44076.762932302765,46371.00000000001,7567.09982438383
1237,26974.720556762513,0.7190539528453013,9.844486337229341e-13,0,0,0,44090.66535723204,46371.00000000001,7578.441113525022
1238,26980.39723900205,0.7186922634692525,9.844486337229341e-13,0,0,0,44104.58404810109,46371.00000000001,7589.794478004095
1239,26986.07996502906,0.7183303414238613,9.844486337229341e-13,0,0,0,44118.519024432855,46371.00000000001,7601.159930058112
1240,26991.768740972144,0.717968186709127,9.844486337229341e-13,0,0,0,44132.4703057853,46371.00000000001,7612.537481944279
1241,26997.46357296997,0.7176057993250502,9.844486337229341e-13,0,0,0,44146.43791175151,46371.00000000001,7623.927145939929
1242,27003.164467171326,0.7172431792716303,9.844486337229341e-13,0,0,0,44160.421861959796,46371.00000000001,7635.328934342646
1243,27008.87142973511,0.7168803265488679,9.844486337229341e-13,0,0,0,44174.42217607367,46371.00000000001,7646.742859470216
1244,27014.58446683037,0.7165172411567631,9.844486337229341e-13,0,0,0,44188.43887379202,46371.00000000001,7658.168933660728
1245,27020.303584636302,0.7161539230953156,9.844486337229341e-13,0,0,0,44202.47197484914,46371.00000000001,7669.607169272596
1246,27026.02878934231,0.7157903723645249,9.844486337229341e-13,0,0,0,44216.52149901483,46371.00000000001,7681.057578684607
1247,27031.760087147955,0.7154265889643918,9.844486337229341e-13,0,0,0,44230.58746609438,46371.00000000001,7692.5201742959025
1248,27037.49748426305,0.715062572894916,9.844486337229341e-13,0,0,0,44244.669895928775,46371.00000000001,7703.994968526094
1249,27043.240986907633,0.7146983241560976,9.844486337229341e-13,0,0,0,44258.76880839467,46371.00000000001,7715.481973815257
1250,27048.990601311994,0.7143338427479364,9.844486337229341e-13,0,0,0,44272.88422340451,46371.00000000001,7726.9812026239815
1251,27054.74633371671,0.7139691286704324,9.844486337229341e-13,0,0,0,44287.01616090659,46371.00000000001,7738.492667433416
1252,27060.508190372646,0.7136041819235857,9.844486337229341e-13,0,0,0,44301.164640885145,46371.00000000001,7750.016380745285
1253,27066.276177540974,0.7132390025073965,9.844486337229341e-13,0,0,0,44315.329683360374,46371.00000000001,7761.552355081942
1254,27072.05030149322,0.7128735904218644,9.844486337229341e-13,0,0,0,44329.51130838859,46371.00000000001,7773.100602986432
1255,27077.830568511243,0.7125079456669898,9.844486337229341e-13,0,0,0,44343.70953606224,46371.00000000001,7784.661137022478
1256,27083.616984887296,0.7121420682427722,9.844486337229341e-13,0,0,0,44357.92438651003,46371.00000000001,7796.233969774585
1257,27089.409556924,0.7117759581492122,9.844486337229341e-13,0,0,0,44372.15587989688,46371.00000000001,7807.819113847993
1258,27095.208290934414,0.7114096153863094,9.844486337229341e-13,0,0,0,44386.4040364242,46371.00000000001,7819.41658186882
1259,27101.01319324201,0.7110430399540639,9.844486337229341e-13,0,0,0,44400.66887632977,46371.00000000001,7831.026386484018
1260,27106.824270180732,0.7106762318524755,9.844486337229341e-13,0,0,0,44414.95041988795,46371.00000000001,7842.64854036146
1261,27112.641528094973,0.7103091910815447,9.844486337229341e-13,0,0,0,44429.24868740967,46371.00000000001,7854.283056189937
1262,27118.464973339625,0.7099419176412713,9.844486337229341e-13,0,0,0,44443.56369924255,46371.00000000001,7865.929946679244
1263,27124.29461228011,0.7095744115316549,9.844486337229341e-13,0,0,0,44457.895475771,46371.00000000001,7877.589224560214
1264,27130.130451292356,0.709206672752696,9.844486337229341e-13,0,0,0,44472.24403741621,46371.00000000001,7889.260902584706
1265,27135.97249676286,0.7088387013043942,9.844486337229341e-13,0,0,0,44486.609404636336,46371.00000000001,7900.944993525715
1266,27141.820755088684,0.7084704971867497,9.844486337229341e-13,0,0,0,44500.991597926506,46371.00000000001,7912.641510177362
1267,27147.67523267748,0.7081020603997625,9.844486337229341e-13,0,0,0,44515.39063781887,46371.00000000001,7924.3504653549535
1268,27153.53593594751,0.7077333909434329,9.844486337229341e-13,0,0,0,44529.80654488278,46371.00000000001,7936.0718718950175
1269,27159.402871327682,0.7073644888177606,9.844486337229341e-13,0,0,0,44544.23933972478,46371.00000000001,7947.805742655357
1270,27165.276045257546,0.7069953540227454,9.844486337229341e-13,0,0,0,44558.68904298875,46371.00000000001,7959.552090515082
1271,27171.155464187323,0.7066259865583873,9.844486337229341e-13,0,0,0,44573.15567535589,46371.00000000001,7971.310928374641
1272,27177.041134577932,0.7062563864246867,9.844486337229341e-13,0,0,0,44587.639257544906,46371.00000000001,7983.082269155854
1273,27182.933062901,0.7058865536216432,9.844486337229341e-13,0,0,0,44602.13981031201,46371.00000000001,7994.866125801996
1274,27188.831255638892,0.7055164881492575,9.844486337229341e-13,0,0,0,44616.65735445103,46371.00000000001,8006.662511277774
1275,27194.735719284734,0.7051461900075284,9.844486337229341e-13,0,0,0,44631.1919107935,46371.00000000001,8018.471438569461
1276,27200.646460342406,0.7047756591964571,9.844486337229341e-13,0,0,0,44645.743500208715,46371.00000000001,8030.292920684808
1277,27206.563485326606,0.7044048957160434,9.844486337229341e-13,0,0,0,44660.31214360382,46371.00000000001,8042.126970653205
1278,27212.486800762843,0.7040338995662865,9.844486337229341e-13,0,0,0,44674.897861923906,46371.00000000001,8053.973601525679
1279,27218.416413187453,0.7036626707471871,9.844486337229341e-13,0,0,0,44689.50067615205,46371.00000000001,8065.832826374896
1280,27224.35232914764,0.7032912092587447,9.844486337229341e-13,0,0,0,44704.120607309436,46371.00000000001,8077.704658295274
1281,27230.294555201475,0.70291951510096,9.844486337229341e-13,0,0,0,44718.7576764554,46371.00000000001,8089.589110402944
1282,27236.243097917948,0.7025475882738321,9.844486337229341e-13,0,0,0,44733.41190468758,46371.00000000001,8101.486195835888
1283,27242.197963876937,0.702175428777362,9.844486337229341e-13,0,0,0,44748.08331314185,46371.00000000001,8113.39592775387
1284,27248.1591596693,0.7018030366115491,9.844486337229341e-13,0,0,0,44762.77192299258,46371.00000000001,8125.318319338589
1285,27254.12669189683,0.7014304117763932,9.844486337229341e-13,0,0,0,44777.477755452615,46371.00000000001,8137.253383793647
1286,27260.1005671723,0.7010575542718949,9.844486337229341e-13,0,0,0,44792.200831773334,46371.00000000001,8149.201134344593
1287,27266.080792119512,0.7006844640980536,9.844486337229341e-13,0,0,0,44806.94117324483,46371.00000000001,8161.161584239018
1288,27272.06737337327,0.7003111412548699,9.844486337229341e-13,0,0,0,44821.698801195875,46371.00000000001,8173.134746746532
1289,27278.060317579435,0.6999375857423435,9.844486337229341e-13,0,0,0,44836.4737369941,46371.00000000001,8185.12063515886
1290,27284.059631394935,0.6995637975604743,9.844486337229341e-13,0,0,0,44851.26600204604,46371.00000000001,8197.11926278986
1291,27290.065321487782,0.6991897767092623,9.844486337229341e-13,0,0,0,44866.075617797156,46371.00000000001,8209.130642975557
1292,27296.077394537104,0.6988155231887077,9.844486337229341e-13,0,0,0,44880.90260573205,46371.00000000001,8221.154789074202
1293,27302.095857233155,0.6984410369988105,9.844486337229341e-13,0,0,0,44895.74698737442,46371.00000000001,8233.1917144663
1294,27308.12071627735,0.6980663181395703,9.844486337229341e-13,0,0,0,44910.60878428722,46371.00000000001,8245.241432554694
1295,27314.151978382266,0.6976913666109879,9.844486337229341e-13,0,0,0,44925.48801807269,46371.00000000001,8257.303956764525
1296,27320.18965027169,0.6973161824130625,9.844486337229341e-13,0,0,0,44940.38471037251,46371.00000000001,8269.379300543374
1297,27326.233738680625,0.6969407655457942,9.844486337229341e-13,0,0,0,44955.29888286782,46371.00000000001,8281.46747736124
1298,27332.284250355293,0.6965651160091835,9.844486337229341e-13,0,0,0,44970.23055727928,46371.00000000001,8293.56850071058
1299,27338.3411920532,0.6961892338032303,9.844486337229341e-13,0,0,0,44985.17975536728,46371.00000000001,8305.682384106394
1300,27344.404570543134,0.695813118927934,9.844486337229341e-13,0,0,0,45000.14649893188,46371.00000000001,8317.809141086263
1301,27350.474392605174,0.6954367713832952,9.844486337229341e-13,0,0,0,45015.13080981298,46371.00000000001,8329.948785210341
1302,27356.550665030736,0.6950601911693135,9.844486337229341e-13,0,0,0,45030.13270989039,46371.00000000001,8342.101330061463
1303,27362.633394622575,0.6946833782859891,9.844486337229341e-13,0,0,0,45045.15222108389,46371.00000000001,8354.26678924514
1304,27368.72258819482,0.6943063327333223,9.844486337229341e-13,0,0,0,45060.189365353326,46371.00000000001,8366.445176389634
1305,27374.818252573004,0.6939290545113124,9.844486337229341e-13,0,0,0,45075.24416469871,46371.00000000001,8378.636505146003
1306,27380.920394594054,0.6935515436199602,9.844486337229341e-13,0,0,0,45090.31664116031,46371.00000000001,8390.840789188098
1307,27387.029021106347,0.6931738000592651,9.844486337229341e-13,0,0,0,45105.40681681869,46371.00000000001,8403.058042212686
1308,27393.144138969714,0.6927958238292273,9.844486337229341e-13,0,0,0,45120.51471379485,46371.00000000001,8415.28827793942
1309,27399.26575505547,0.6924176149298469,9.844486337229341e-13,0,0,0,45135.640354250296,46371.00000000001,8427.53151011093
1310,27405.393876246428,0.6920391733611237,9.844486337229341e-13,0,0,0,45150.783760387094,46371.00000000001,8439.787752492846
1311,27411.528509436936,0.6916604991230575,9.844486337229341e-13,0,0,0,45165.944954448,46371.00000000001,8452.057018873864
1312,27417.66966153287,0.691281592215649,9.844486337229341e-13,0,0,0,45181.12395871651,46371.00000000001,8464.339323065733
1313,27423.817339451696,0.6909024526388978,9.844486337229341e-13,0,0,0,45196.32079551699,46371.00000000001,8476.634678903385
1314,27429.971550122467,0.690523080392804,9.844486337229341e-13,0,0,0,45211.53548721473,46371.00000000001,8488.943100244926
1315,27436.132300485846,0.6901434754773674,9.844486337229341e-13,0,0,0,45226.76805621604,46371.00000000001,8501.264600971685
1316,27442.299597494148,0.6897636378925878,9.844486337229341e-13,0,0,0,45242.01852496835,46371.00000000001,8513.599194988288
1317,27448.473448111323,0.6893835676384659,9.844486337229341e-13,0,0,0,45257.286915960256,46371.00000000001,8525.946896222636
1318,27454.653859313028,0.6890032647150011,9.844486337229341e-13,0,0,0,45272.57325172165,46371.00000000001,8538.307718626049
1319,27460.84083808662,0.6886227291221934,9.844486337229341e-13,0,0,0,45287.87755482385,46371.00000000001,8550.681676173232
1320,27467.03439143117,0.6882419608600434,9.844486337229341e-13,0,0,0,45303.19984787952,46371.00000000001,8563.068782862332
1321,27473.234526357523,0.6878609599285506,9.844486337229341e-13,0,0,0,45318.54015354299,46371.00000000001,8575.46905271504
1322,27479.441249888285,0.687479726327715,9.844486337229341e-13,0,0,0,45333.89849451018,46371.00000000001,8587.882499776562
1323,27485.654569057868,0.6870982600575366,9.844486337229341e-13,0,0,0,45349.274893518734,46371.00000000001,8600.309138115726
1324,27491.874490912483,0.6867165611180159,9.844486337229341e-13,0,0,0,45364.66937334809,46371.00000000001,8612.748981824958
1325,27498.10102251022,0.6863346295091519,9.844486337229341e-13,0,0,0,45380.0819568197,46371.00000000001,8625.202045020436
1326,27504.334170921007,0.6859524652309457,9.844486337229341e-13,0,0,0,45395.51266679686,46371.00000000001,8637.668341842003
1327,27510.57394322667,0.6855700682833965,9.844486337229341e-13,0,0,0,45410.96152618507,46371.00000000001,8650.147886453333
1328,27516.82034652095,0.6851874386665049,9.844486337229341e-13,0,0,0,45426.42855793197,46371.00000000001,8662.640693041893
1329,27523.07338790953,0.6848045763802701,9.844486337229341e-13,0,0,0,45441.913785027464,46371.00000000001,8675.146775819057
1330,27529.333074510043,0.6844214814246932,9.844486337229341e-13,0,0,0,45457.41723050382,46371.00000000001,8687.666149020077
1331,27535.59941345211,0.6840381537997731,9.844486337229341e-13,0,0,0,45472.93891743577,46371.00000000001,8700.198826904214
1332,27541.872411877353,0.6836545935055107,9.844486337229341e-13,0,0,0,45488.478868940554,46371.00000000001,8712.744823754701
1333,27548.15207693944,0.6832708005419055,9.844486337229341e-13,0,0,0,45504.0371081781,46371.00000000001,8725.304153878873
1334,27554.438415804078,0.6828867749089576,9.844486337229341e-13,0,0,0,45519.613658351,46371.00000000001,8737.876831608146
1335,27560.731435649053,0.6825025166066669,9.844486337229341e-13,0,0,0,45535.20854270472,46371.00000000001,8750.462871298098
1336,27567.031143664262,0.6821180256350334,9.844486337229341e-13,0,0,0,45550.821784527616,46371.00000000001,8763.062287328517
1337,27573.337547051713,0.6817333019940577,9.844486337229341e-13,0,0,0,45566.45340715102,46371.00000000001,8775.675094103417
1338,27579.650653025583,0.6813483456837386,9.844486337229341e-13,0,0,0,45582.10343394941,46371.00000000001,8788.301306051162
1339,27585.9704688122,0.6809631567040773,9.844486337229341e-13,0,0,0,45597.77188834041,46371.00000000001,8800.940937624391
1340,27592.297001650102,0.6805777350550728,9.844486337229341e-13,0,0,0,45613.45879378494,46371.00000000001,8813.594003300199
1341,27598.630258790035,0.6801920807367263,9.844486337229341e-13,0,0,0,45629.1641737873,46371.00000000001,8826.260517580065
1342,27604.97024749502,0.6798061937490365,9.844486337229341e-13,0,0,0,45644.888051895294,46371.00000000001,8838.940494990033
1343,27611.316975040307,0.6794200740920042,9.844486337229341e-13,0,0,0,45660.630451700206,46371.00000000001,8851.633950080608
1344,27617.670448713463,0.6790337217656295,9.844486337229341e-13,0,0,0,45676.39139683704,46371.00000000001,8864.340897426919
1345,27624.030675814374,0.6786471367699116,9.844486337229341e-13,0,0,0,45692.17091098456,46371.00000000001,8877.061351628743
1346,27630.397663655254,0.6782603191048513,9.844486337229341e-13,0,0,0,45707.96901786534,46371.00000000001,8889.795327310503
1347,27636.771419560693,0.6778732687704485,9.844486337229341e-13,0,0,0,45723.78574124592,46371.00000000001,8902.542839121377
1348,27643.151950867672,0.6774859857667026,9.844486337229341e-13,0,0,0,45739.62110493686,46371.00000000001,8915.303901735339
1349,27649.53926492558,0.6770984700936142,9.844486337229341e-13,0,0,0,45755.475132792875,46371.00000000001,8928.078529851155
1350,27655.933369096256,0.676710721751183,9.844486337229341e-13,0,0,0,45771.3478487129,46371.00000000001,8940.866738192504
1351,27662.33427075399,0.676322740739409,9.844486337229341e-13,0,0,0,45787.2392766402,46371.00000000001,8953.66854150797
1352,27668.741977285565,0.6759345270582924,9.844486337229341e-13,0,0,0,45803.14944056243,46371.00000000001,8966.483954571126
1353,27675.156496090283,0.6755460807078333,9.844486337229341e-13,0,0,0,45819.078364511806,46371.00000000001,8979.31299218056
1354,27681.577834579984,0.6751574016880313,9.844486337229341e-13,0,0,0,45835.02607256515,46371.00000000001,8992.155669159962
1355,27688.006000179066,0.6747684899988866,9.844486337229341e-13,0,0,0,45850.99258884397,46371.00000000001,9005.012000358125
1356,27694.441000324514,0.6743793456403995,9.844486337229341e-13,0,0,0,45866.97793751461,46371.00000000001,9017.882000649019
1357,27700.882842465933,0.6739899686125692,9.844486337229341e-13,0,0,0,45882.9821427883,46371.00000000001,9030.765684931861
1358,27707.33153406556,0.6736003589153965,9.844486337229341e-13,0,0,0,45899.0052289213,46371.00000000001,9043.663068131116
1359,27713.787082598297,0.6732105165488811,9.844486337229341e-13,0,0,0,45915.04722021495,46371.00000000001,9056.57416519659
1360,27720.24949555174,0.6728204415130228,9.844486337229341e-13,0,0,0,45931.10814101581,46371.00000000001,9069.498991103472
1361,27726.71878042618,0.672430133807822,9.844486337229341e-13,0,0,0,45947.18801571571,46371.00000000001,9082.437560852353
1362,27733.194944734667,0.6720395934332786,9.844486337229341e-13,0,0,0,45963.28686875191,46371.00000000001,9095.389889469325
1363,27739.677996003007,0.6716488203893922,9.844486337229341e-13,0,0,0,45979.40472460716,46371.00000000001,9108.355992006007
1364,27746.167941769792,0.6712578146761634,9.844486337229341e-13,0,0,0,45995.54160780978,46371.00000000001,9121.33588353958
1365,27752.664789586437,0.6708665762935919,9.844486337229341e-13,0,0,0,46011.69754293383,46371.00000000001,9134.329579172865
1366,27759.168547017198,0.6704751052416771,9.844486337229341e-13,0,0,0,46027.87255459915,46371.00000000001,9147.33709403439
1367,27765.679221639173,0.6700834015204202,9.844486337229341e-13,0,0,0,46044.066667471445,46371.00000000001,9160.358443278343
1368,27772.196821042384,0.6696914651298207,9.844486337229341e-13,0,0,0,46060.27990626247,46371.00000000001,9173.39364208476
1369,27778.721352829758,0.669299296069878,9.844486337229341e-13,0,0,0,46076.51229573004,46371.00000000001,9186.44270565951
1370,27785.252824617157,0.6689068943405929,9.844486337229341e-13,0,0,0,46092.76386067819,46371.00000000001,9199.505649234308
1371,27791.791244033415,0.6685142599419653,9.844486337229341e-13,0,0,0,46109.034625957225,46371.00000000001,9212.582488066824
1372,27798.33661872038,0.6681213928739946,9.844486337229341e-13,0,0,0,46125.324616463906,46371.00000000001,9225.67323744075
1373,27804.888956332885,0.6677282931366815,9.844486337229341e-13,0,0,0,46141.63385714143,46371.00000000001,9238.777912665762
1374,27811.44826453884,0.6673349607300256,9.844486337229341e-13,0,0,0,46157.96237297965,46371.00000000001,9251.896529077674
1375,27818.01455101922,0.6669413956540269,9.844486337229341e-13,0,0,0,46174.310189015116,46371.00000000001,9265.029102038434
1376,27824.587823468093,0.6665475979086855,9.844486337229341e-13,0,0,0,46190.67733033118,46371.00000000001,9278.175646936177
1377,27831.16808959265,0.6661535674940013,9.844486337229341e-13,0,0,0,46207.06382205809,46371.00000000001,9291.336179185297
1378,27837.755357113245,0.6657593044099748,9.844486337229341e-13,0,0,0,46223.46968937313,46371.00000000001,9304.510714226482
1379,27844.349633763402,0.6653648086566053,9.844486337229341e-13,0,0,0,46239.89495750073,46371.00000000001,9317.699267526797
1380,27850.950927289854,0.6649700802338931,9.844486337229341e-13,0,0,0,46256.3396517125,46371.00000000001,9330.901854579699
1381,27857.559245452554,0.6645751191418383,9.844486337229341e-13,0,0,0,46272.80379732739,46371.00000000001,9344.118490905104
1382,27864.174596024728,0.6641799253804408,9.844486337229341e-13,0,0,0,46289.28741971179,46371.00000000001,9357.34919204945
1383,27870.796986792877,0.6637844989497004,9.844486337229341e-13,0,0,0,46305.79054427964,46371.00000000001,9370.593973585748
1384,27877.426425556805,0.6633888398496177,9.844486337229341e-13,0,0,0,46322.313196492454,46371.00000000001,9383.852851113601
1385,27884.062920129672,0.6629929480801919,9.844486337229341e-13,0,0,0,46338.8554018596,46371.00000000001,9397.125840259336
1386,27890.706478337983,0.6625968236414237,9.844486337229341e-13,0,0,0,46355.417185938175,46371.00000000001,9410.412956675957
1387,27897.357108021646,0.6622004665333128,9.844486337229341e-13,0,0,0,46371.99857433334,46371.00000000001,9423.714216043283
1388,27904.01481703399,0.6618038767558587,9.844486337229341e-13,0,0,0,46388.599592698265,46371.00000000001,9437.02963406797
1389,27910.679613241766,0.6614070543090627,9.844486337229341e-13,0,0,0,46405.220266734264,46371.00000000001,9450.35922648352
1390,27917.35150452523,0.6610099991929232,9.844486337229341e-13,0,0,0,46421.86062219102,46371.00000000001,9463.703009050454
1391,27924.03049877811,0.6606127114074416,9.844486337229341e-13,0,0,0,46438.52068486648,46371.00000000001,9477.06099755621
1392,27930.716603907673,0.660215190952617,9.844486337229341e-13,0,0,0,46455.20048060717,46371.00000000001,9490.433207815337
1393,27937.40982783474,0.6598174378284496,9.844486337229341e-13,0,0,0,46471.90003530818,46371.00000000001,9503.819655669475
1394,27944.110178493705,0.6594194520349397,9.844486337229341e-13,0,0,0,46488.61937491329,46371.00000000001,9517.220356987405
1395,27950.817663832575,0.6590212335720873,9.844486337229341e-13,0,0,0,46505.35852541509,46371.00000000001,9530.635327665144
1396,27957.532291813,0.658622782439892,9.844486337229341e-13,0,0,0,46522.117512855155,46371.00000000001,9544.06458362599
1397,27964.254070410283,0.6582240986383538,9.844486337229341e-13,0,0,0,46538.896363324006,46371.00000000001,9557.508140820557
1398,27970.98300761342,0.657825182167473,9.844486337229341e-13,0,0,0,46555.69510296135,46371.00000000001,9570.96601522683
1399,27977.71911142512,0.6574260330272497,9.844486337229341e-13,0,0,0,46572.51375795609,46371.00000000001,9584.438222850236
1400,27984.46238986186,0.6570266512176834,9.844486337229341e-13,0,0,0,46589.352354546565,46371.00000000001,9597.924779723711
1401,27991.212850953863,0.6566270367387748,9.844486337229341e-13,0,0,0,46606.21091902052,46371.00000000001,9611.425701907716
1402,27997.97050274517,0.6562271895905234,9.844486337229341e-13,0,0,0,46623.08947771527,46371.00000000001,9624.941005490335
1403,28004.73535329366,0.6558271097729289,9.844486337229341e-13,0,0,0,46639.988057017865,46371.00000000001,9638.470706587317
1404,28011.50741067105,0.6554267972859922,9.844486337229341e-13,0,0,0,46656.906683365094,46371.00000000001,9652.014821342087
1405,28018.286682962953,0.6550262521297123,9.844486337229341e-13,0,0,0,46673.84538324371,46371.00000000001,9665.5733659259
1406,28025.0731782689,0.65462547430409,9.844486337229341e-13,0,0,0,46690.804183190434,46371.00000000001,9679.146356537789
1407,28031.86690470235,0.6542244638091252,9.844486337229341e-13,0,0,0,46707.78310979213,46371.00000000001,9692.733809404692
1408,28038.667870390756,0.6538232206448176,9.844486337229341e-13,0,0,0,46724.78218968592,46371.00000000001,9706.335740781504
1409,28045.476083475554,0.653421744811167,9.844486337229341e-13,0,0,0,46741.801449559265,46371.00000000001,9719.952166951103
1410,28052.291552112212,0.6530200363081737,9.844486337229341e-13,0,0,0,46758.84091615012,46371.00000000001,9733.58310422442
1411,28059.11428447025,0.652618095135838,9.844486337229341e-13,0,0,0,46775.90061624695,46371.00000000001,9747.228568940494
1412,28065.944288733277,0.6522159212941596,9.844486337229341e-13,0,0,0,46792.98057668897,46371.00000000001,9760.888577466545
1413,28072.78157309902,0.6518135147831383,9.844486337229341e-13,0,0,0,46810.080824366196,46371.00000000001,9774.563146198028
1414,28079.626145779333,0.6514108756027743,9.844486337229341e-13,0,0,0,46827.20138621952,46371.00000000001,9788.252291558663
1415,28086.478015000263,0.6510080037530677,9.844486337229341e-13,0,0,0,46844.342289240936,46371.00000000001,9801.95603000052
1416,28093.337189002035,0.6506048992340185,9.844486337229341e-13,0,0,0,46861.50356047351,46371.00000000001,9815.67437800406
1417,28100.203676039117,0.6502015620456265,9.844486337229341e-13,0,0,0,46878.68522701159,46371.00000000001,9829.407352078226
1418,28107.077484380232,0.6497979921878918,9.844486337229341e-13,0,0,0,46895.88731600094,46371.00000000001,9843.154968760457
1419,28113.95862230839,0.6493941896608142,9.844486337229341e-13,0,0,0,46913.10985463877,46371.00000000001,9856.917244616772
1420,28120.847098120907,0.6489901544643943,9.844486337229341e-13,0,0,0,46930.35287017389,46371.00000000001,9870.694196241804
1421,28127.742920129465,0.6485858865986311,9.844486337229341e-13,0,0,0,46947.61638990687,46371.00000000001,9884.485840258925
1422,28134.6460966601,0.6481813860635257,9.844486337229341e-13,0,0,0,46964.90044119009,46371.00000000001,9898.292193320192
1423,28141.556636053265,0.6477766528590774,9.844486337229341e-13,0,0,0,46982.205051427874,46371.00000000001,9912.113272106524
1424,28148.474546663834,0.6473716869852868,9.844486337229341e-13,0,0,0,46999.53024807662,46371.00000000001,9925.949093327661
1425,28155.39983686117,0.6469664884421531,9.844486337229341e-13,0,0,0,47016.876058644964,46371.00000000001,9939.799673722327
1426,28162.33251502909,0.6465610572296769,9.844486337229341e-13,0,0,0,47034.242510693766,46371.00000000001,9953.665030058175
1427,28169.27258956598,0.6461553933478577,9.844486337229341e-13,0,0,0,47051.62963183638,46371.00000000001,9967.545179131948
1428,28176.220068884726,0.6457494967966961,9.844486337229341e-13,0,0,0,47069.03744973862,46371.00000000001,9981.440137769443
1429,28183.174961412835,0.6453433675761919,9.844486337229341e-13,0,0,0,47086.46599211903,46371.00000000001,9995.349922825662
1430,28190.137275592424,0.6449370056863446,9.844486337229341e-13,0,0,0,47103.91528674892,46371.00000000001,10009.274551184839
1431,28197.107019880226,0.6445304111271546,9.844486337229341e-13,0,0,0,47121.38536145245,46371.00000000001,10023.214039760447
1432,28204.08420274766,0.6441235838986226,9.844486337229341e-13,0,0,0,47138.87624410681,46371.00000000001,10037.168405495313
1433,28211.068832680867,0.643716524000747,9.844486337229341e-13,0,0,0,47156.387962642366,46371.00000000001,10051.137665361728
1434,28218.060918180683,0.6433092314335294,9.844486337229341e-13,0,0,0,47173.920545042696,46371.00000000001,10065.121836361355
1435,28225.060467762734,0.6429017061969686,9.844486337229341e-13,0,0,0,47191.47401934476,46371.00000000001,10079.120935525463
1436,28232.067489957433,0.6424939482910652,9.844486337229341e-13,0,0,0,47209.04841363902,46371.00000000001,10093.13497991486
1437,28239.081993310007,0.6420859577158191,9.844486337229341e-13,0,0,0,47226.64375606953,46371.00000000001,10107.16398662001
1438,28246.103986380545,0.6416777344712306,9.844486337229341e-13,0,0,0,47244.2600748341,46371.00000000001,10121.207972761084
1439,28253.13347774402,0.6412692785572993,9.844486337229341e-13,0,0,0,47261.89739818441,46371.00000000001,10135.266955488032
1440,28260.170475990322,0.6408605899740252,9.844486337229341e-13,0,0,0,47279.555754426096,46371.00000000001,10149.340951980637
1441,28267.214989724285,0.6404516687214081,9.844486337229341e-13,0,0,0,47297.235171918896,46371.00000000001,10163.429979448565
1442,28274.26702756571,0.6400425147994488,9.844486337229341e-13,0,0,0,47314.93567907678,46371.00000000001,10177.534055131417
1443,28281.326598149426,0.6396331282081467,9.844486337229341e-13,0,0,0,47332.65730436807,46371.00000000001,10191.653196298847
1444,28288.393710125285,0.6392235089475018,9.844486337229341e-13,0,0,0,47350.400076315535,46371.00000000001,10205.78742025056
1445,28295.46837215821,0.6388136570175142,9.844486337229341e-13,0,0,0,47368.16402349657,46371.00000000001,10219.936744316414
1446,28302.550592928237,0.6384035724181838,9.844486337229341e-13,0,0,0,47385.94917454326,46371.00000000001,10234.101185856465
1447,28309.640381130514,0.6379932551495109,9.844486337229341e-13,0,0,0,47403.755558142526,46371.00000000001,10248.280762261018
1448,28316.73774547537,0.6375827052114951,9.844486337229341e-13,0,0,0,47421.58320303629,46371.00000000001,10262.475490950732
1449,28323.84269468832,0.6371719226041368,9.844486337229341e-13,0,0,0,47439.43213802152,46371.00000000001,10276.685389376627
1450,28330.955237510105,0.6367609073274358,9.844486337229341e-13,0,0,0,47457.302391950434,46371.00000000001,10290.9104750202
1451,28338.075382696738,0.6363496593813918,9.844486337229341e-13,0,0,0,47475.19399373058,46371.00000000001,10305.150765393466
1452,28345.203139019493,0.6359381787660052,9.844486337229341e-13,0,0,0,47493.10697232496,46371.00000000001,10319.406278038983
1453,28352.338515264993,0.6355264654812762,9.844486337229341e-13,0,0,0,47511.04135675218,46371.00000000001,10333.677030529978
1454,28359.481520235197,0.6351145195272045,9.844486337229341e-13,0,0,0,47528.99717608657,46371.00000000001,10347.963040470384
1455,28366.632162747464,0.6347023409037895,9.844486337229341e-13,0,0,0,47546.97445945831,46371.00000000001,10362.264325494923
1456,28373.790451634548,0.6342899296110323,9.844486337229341e-13,0,0,0,47564.97323605351,46371.00000000001,10376.580903269092
1457,28380.95639574467,0.6338772856489323,9.844486337229341e-13,0,0,0,47582.993535114445,46371.00000000001,10390.912791489334
1458,28388.130003941522,0.6334644090174897,9.844486337229341e-13,0,0,0,47601.03538593958,46371.00000000001,10405.260007883038
1459,28395.311285104315,0.6330512997167044,9.844486337229341e-13,0,0,0,47619.09881788372,46371.00000000001,10419.622570208625
1460,28402.50024812781,0.6326379577465762,9.844486337229341e-13,0,0,0,47637.18386035823,46371.00000000001,10434.000496255609
1461,28409.69690192232,0.6322243831071055,9.844486337229341e-13,0,0,0,47655.29054283098,46371.00000000001,10448.393803844636
1462,28416.901255413806,0.6318105757982919,9.844486337229341e-13,0,0,0,47673.4188948267,46371.00000000001,10462.802510827605
1463,28424.113317543837,0.6313965358201359,9.844486337229341e-13,0,0,0,47691.568945926876,46371.00000000001,10477.226635087669
1464,28431.333097269686,0.630982263172637,9.844486337229341e-13,0,0,0,47709.74072577012,46371.00000000001,10491.666194539363
1465,28438.56060356431,0.6305677578557951,9.844486337229341e-13,0,0,0,47727.93426405207,46371.00000000001,10506.121207128615
1466,28445.795845416418,0.630153019869611,9.844486337229341e-13,0,0,0,47746.14959052569,46371.00000000001,10520.591690832827
1467,28453.03883183049,0.629738049214084,9.844486337229341e-13,0,0,0,47764.38673500132,46371.00000000001,10535.077663660977
1468,28460.289571826823,0.6293228458892144,9.844486337229341e-13,0,0,0,47782.64572734684,46371.00000000001,10549.579143653636
1469,28467.548074441533,0.628907409895002,9.844486337229341e-13,0,0,0,47800.92659748776,46371.00000000001,10564.096148883056
1470,28474.81434872662,0.628491741231447,9.844486337229341e-13,0,0,0,47819.22937540742,46371.00000000001,10578.628697453234
1471,28482.08840375,0.6280758398985491,9.844486337229341e-13,0,0,0,47837.55409114706,46371.00000000001,10593.176807499993
1472,28489.37024859551,0.6276597058963085,9.844486337229341e-13,0,0,0,47855.90077480599,46371.00000000001,10607.740497191011
1473,28496.65989236296,0.6272433392247254,9.844486337229341e-13,0,0,0,47874.26945654167,46371.00000000001,10622.319784725913
1474,28503.957344168182,0.6268267398837994,9.844486337229341e-13,0,0,0,47892.660166569935,46371.00000000001,10636.91468833636
1475,28511.262613143033,0.626409907873531,9.844486337229341e-13,0,0,0,47911.072935165044,46371.00000000001,10651.525226286056
1476,28518.57570843545,0.6259928431939195,9.844486337229341e-13,0,0,0,47929.507792659875,46371.00000000001,10666.151416870898
1477,28525.89663920947,0.6255755458449657,9.844486337229341e-13,0,0,0,47947.96476944599,46371.00000000001,10680.793278418934
1478,28533.22541464528,0.625158015826669,9.844486337229341e-13,0,0,0,47966.44389597388,46371.00000000001,10695.450829290552
1479,28540.56204393923,0.6247402531390298,9.844486337229341e-13,0,0,0,47984.94520275296,46371.00000000001,10710.12408787845
1480,28547.90653630389,0.6243222577820475,9.844486337229341e-13,0,0,0,48003.46872035183,46371.00000000001,10724.813072607772
1481,28555.25890096806,0.623904029755723,9.844486337229341e-13,0,0,0,48022.01447939831,46371.00000000001,10739.517801936108
1482,28562.619147176825,0.6234855690600556,9.844486337229341e-13,0,0,0,48040.58251057968,46371.00000000001,10754.238294353643
1483,28569.987284191586,0.6230668756950453,9.844486337229341e-13,0,0,0,48059.17284464275,46371.00000000001,10768.974568383162
1484,28577.36332129007,0.6226479496606923,9.844486337229341e-13,0,0,0,48077.78551239397,46371.00000000001,10783.726642580137
1485,28584.747267766405,0.6222287909569966,9.844486337229341e-13,0,0,0,48096.42054469966,46371.00000000001,10798.494535532804
1486,28592.139132931108,0.6218093995839586,9.844486337229341e-13,0,0,0,48115.077972486026,46371.00000000001,10813.278265862207
1487,28599.538926111174,0.6213897755415776,9.844486337229341e-13,0,0,0,48133.75782673947,46371.00000000001,10828.07785222234
1488,28606.94665665006,0.6209699188298539,9.844486337229341e-13,0,0,0,48152.46013850655,46371.00000000001,10842.893313300112
1489,28614.36233390775,0.6205498294487872,9.844486337229341e-13,0,0,0,48171.184938894214,46371.00000000001,10857.724667815495
1490,28621.785967260766,0.6201295073983786,9.844486337229341e-13,0,0,0,48189.932259069916,46371.00000000001,10872.571934521522
1491,28629.217566102245,0.6197089526786266,9.844486337229341e-13,0,0,0,48208.7021302618,46371.00000000001,10887.435132204484
1492,28636.657139841922,0.6192881652895321,9.844486337229341e-13,0,0,0,48227.49458375876,46371.00000000001,10902.314279683838
1493,28644.1046979062,0.618867145231095,9.844486337229341e-13,0,0,0,48246.30965091064,46371.00000000001,10917.209395812393
1494,28651.560249738177,0.6184458925033149,9.844486337229341e-13,0,0,0,48265.14736312836,46371.00000000001,10932.120499476348
1495,28659.02380479767,0.6180244071061924,9.844486337229341e-13,0,0,0,48284.007751884055,46371.00000000001,10947.047609595335
1496,28666.49537256127,0.6176026890397273,9.844486337229341e-13,0,0,0,48302.89084871121,46371.00000000001,10961.990745122532
1497,28673.974962522363,0.6171807383039192,9.844486337229341e-13,0,0,0,48321.79668520485,46371.00000000001,10976.949925044717
1498,28681.462584191166,0.6167585548987684,9.844486337229341e-13,0,0,0,48340.72529302158,46371.00000000001,10991.925168382326
1499,28688.95824709477,0.6163361388242752,9.844486337229341e-13,0,0,0,48359.676703879835,46371.00000000001,11006.916494189534
1500,28696.461960777175,0.6159134900804393,9.844486337229341e-13,0,0,0,48378.65094955996,46371.00000000001,11021.923921554338
1501,28703.97373479932,0.6154906086672602,9.844486337229341e-13,0,0,0,48397.648061904416,46371.00000000001,11036.947469598636
1502,28711.493578739122,0.6150674945847387,9.844486337229341e-13,0,0,0,48416.668072817825,46371.00000000001,11051.987157478236
1503,28719.021502191503,0.6146441478328748,9.844486337229341e-13,0,0,0,48435.711014267195,46371.00000000001,11067.043004382998
1504,28726.557514768454,0.6142205684116679,9.844486337229341e-13,0,0,0,48454.77691828208,46371.00000000001,11082.115029536903
1505,28734.101626099044,0.6137967563211182,9.844486337229341e-13,0,0,0,48473.865816954625,46371.00000000001,11097.203252198084
1506,28741.653845829453,0.6133727115612262,9.844486337229341e-13,0,0,0,48492.97774243983,46371.00000000001,11112.307691658896
1507,28749.214183623033,0.6129484341319913,9.844486337229341e-13,0,0,0,48512.11272695559,46371.00000000001,11127.42836724606
1508,28756.782649160334,0.6125239240334137,9.844486337229341e-13,0,0,0,48531.27080278294,46371.00000000001,11142.56529832066
1509,28764.35925213913,0.6120991812654932,9.844486337229341e-13,0,0,0,48550.45200226616,46371.00000000001,11157.718504278253
1510,28771.944002274464,0.6116742058282303,9.844486337229341e-13,0,0,0,48569.65635781287,46371.00000000001,11172.888004548917
1511,28779.536909298688,0.6112489977216244,9.844486337229341e-13,0,0,0,48588.88390189426,46371.00000000001,11188.073818597368
1512,28787.1379829615,0.6108235569456757,9.844486337229341e-13,0,0,0,48608.134667045204,46371.00000000001,11203.275965922992
1513,28794.747233029957,0.6103978835003849,9.844486337229341e-13,0,0,0,48627.40868586438,46371.00000000001,11218.494466059907
1514,28802.364669288567,0.609971977385751,9.844486337229341e-13,0,0,0,48646.70599101452,46371.00000000001,11233.729338577126
1515,28809.990301539267,0.6095458386017745,9.844486337229341e-13,0,0,0,48666.026615222414,46371.00000000001,11248.980603078526
1516,28817.62413960149,0.6091194671484552,9.844486337229341e-13,0,0,0,48685.37059127918,46371.00000000001,11264.24827920297
1517,28825.2661933122,0.6086928630257931,9.844486337229341e-13,0,0,0,48704.73795204035,46371.00000000001,11279.532386624394
1518,28832.916472525925,0.6082660262337882,9.844486337229341e-13,0,0,0,48724.12873042604,46371.00000000001,11294.832945051847
1519,28840.57498711479,0.6078389567724414,9.844486337229341e-13,0,0,0,48743.5429594211,46371.00000000001,11310.14997422957
1520,28848.241746968582,0.607411654641751,9.844486337229341e-13,0,0,0,48762.980672075326,46371.00000000001,11325.48349393716
1521,28855.916761994748,0.6069841198417181,9.844486337229341e-13,0,0,0,48782.44190150347,46371.00000000001,11340.833523989486
1522,28863.60004211844,0.606556352372343,9.844486337229341e-13,0,0,0,48801.92668088549,46371.00000000001,11356.200084236874
1523,28871.291597282605,0.6061283522336247,9.844486337229341e-13,0,0,0,48821.435043466765,46371.00000000001,11371.583194565204
1524,28878.99143744795,0.6057001194255638,9.844486337229341e-13,0,0,0,48840.96702255809,46371.00000000001,11386.982874895892
1525,28886.699572593014,0.6052716539481604,9.844486337229341e-13,0,0,0,48860.52265153596,46371.00000000001,11402.399145186022
1526,28894.416012714224,0.6048429558014141,9.844486337229341e-13,0,0,0,48880.10196384267,46371.00000000001,11417.832025428443
1527,28902.1407678259,0.6044140249853251,9.844486337229341e-13,0,0,0,48899.70499298646,46371.00000000001,11433.281535651791
1528,28909.87384796031,0.6039848614998935,9.844486337229341e-13,0,0,0,48919.3317725417,46371.00000000001,11448.747695920609
1529,28917.615263167707,0.603555465345119,9.844486337229341e-13,0,0,0,48938.982336149056,46371.00000000001,11464.230526335406
1530,28925.365023516366,0.6031258365210019,9.844486337229341e-13,0,0,0,48958.65671751558,46371.00000000001,11479.730047032726
1531,28933.12313909263,0.6026959750275422,9.844486337229341e-13,0,0,0,48978.35495041495,46371.00000000001,11495.246278185254
1532,28940.889620000933,0.6022658808647401,9.844486337229341e-13,0,0,0,48998.077068687555,46371.00000000001,11510.779240001859
1533,28948.664476363865,0.6018355540325948,9.844486337229341e-13,0,0,0,49017.82310624075,46371.00000000001,11526.328952727723
1534,28956.447718322175,0.6014049945311069,9.844486337229341e-13,0,0,0,49037.59309704886,46371.00000000001,11541.895436644347
1535,28964.239356034846,0.6009742023602762,9.844486337229341e-13,0,0,0,49057.3870751535,46371.00000000001,11557.478712069684
1536,28972.0393996791,0.6005431775201031,9.844486337229341e-13,0,0,0,49077.2050746636,46371.00000000001,11573.078799358193
1537,28979.847859450478,0.6001119200105871,9.844486337229341e-13,0,0,0,49097.047129755694,46371.00000000001,11588.695718900948
1538,28987.664745562837,0.5996804298317286,9.844486337229341e-13,0,0,0,49116.91327467396,46371.00000000001,11604.329491125667
1539,28995.490068248433,0.5992487069835271,9.844486337229341e-13,0,0,0,49136.80354373048,46371.00000000001,11619.980136496859
1540,29003.323837757904,0.5988167514659832,9.844486337229341e-13,0,0,0,49156.71797130526,46371.00000000001,11635.647675515802
1541,29011.16606436038,0.5983845632790965,9.844486337229341e-13,0,0,0,49176.656591846615,46371.00000000001,11651.33212872075
1542,29019.01675834346,0.5979521424228669,9.844486337229341e-13,0,0,0,49196.6194398711,46371.00000000001,11667.03351668691
1543,29026.87593001328,0.5975194888972948,9.844486337229341e-13,0,0,0,49216.6065499638,46371.00000000001,11682.751860026558
1544,29034.74358969457,0.59708660270238,9.844486337229341e-13,0,0,0,49236.61795677847,46371.00000000001,11698.487179389134
1545,29042.61974773066,0.5966534838381223,9.844486337229341e-13,0,0,0,49256.6536950377,46371.00000000001,11714.239495461312
1546,29050.504414483526,0.5962201323045224,9.844486337229341e-13,0,0,0,49276.71379953303,46371.00000000001,11730.008828967046
1547,29058.397600333876,0.5957865481015792,9.844486337229341e-13,0,0,0,49296.79830512522,46371.00000000001,11745.795200667744
1548,29066.29931568111,0.5953527312292937,9.844486337229341e-13,0,0,0,49316.90724674429,46371.00000000001,11761.598631362212
1549,29074.20957094344,0.594918681687665,9.844486337229341e-13,0,0,0,49337.04065938977,46371.00000000001,11777.419141886876
1550,29082.12837655787,0.5944843994766944,9.844486337229341e-13,0,0,0,49357.19857813082,46371.00000000001,11793.256753115731
1551,29090.05574298029,0.5940498845963804,9.844486337229341e-13,0,0,0,49377.381038106454,46371.00000000001,11809.111485960575
1552,29097.991680685467,0.593615137046724,9.844486337229341e-13,0,0,0,49397.58807452562,46371.00000000001,11824.983361370929
1553,29105.936200167118,0.5931801568277251,9.844486337229341e-13,0,0,0,49417.81972266743,46371.00000000001,11840.872400334227
1554,29113.889311937946,0.592744943939383,9.844486337229341e-13,0,0,0,49438.076017881336,46371.00000000001,11856.778623875885
1555,29121.851026529665,0.5923094983816988,9.844486337229341e-13,0,0,0,49458.35699558722,46371.00000000001,11872.70205305932
1556,29129.821354493066,0.5918738201546716,9.844486337229341e-13,0,0,0,49478.66269127566,46371.00000000001,11888.642708986124
1557,29137.800306398047,0.5914379092583015,9.844486337229341e-13,0,0,0,49498.99314050805,46371.00000000001,11904.600612796088
1558,29145.787892833643,0.591001765692589,9.844486337229341e-13,0,0,0,49519.348378916744,46371.00000000001,11920.575785667277
1559,29153.78412440809,0.5905653894575336,9.844486337229341e-13,0,0,0,49539.72844220527,46371.00000000001,11936.568248816167
1560,29161.78901174884,0.5901287805531354,9.844486337229341e-13,0,0,0,49560.133366148475,46371.00000000001,11952.578023497672
1561,29169.802565502632,0.5896919389793949,9.844486337229341e-13,0,0,0,49580.563186592706,46371.00000000001,11968.605131005259
1562,29177.824796335524,0.5892548647363114,9.844486337229341e-13,0,0,0,49601.017939456004,46371.00000000001,11984.649592671043
1563,29185.85571493292,0.5888175578238852,9.844486337229341e-13,0,0,0,49621.497660728215,46371.00000000001,12000.711429865834
1564,29193.89533199963,0.5883800182421164,9.844486337229341e-13,0,0,0,49642.00238647121,46371.00000000001,12016.79066399925
1565,29201.943658259905,0.5879422459910046,9.844486337229341e-13,0,0,0,49662.53215281907,46371.00000000001,12032.887316519802
1566,29210.00070445747,0.5875042410705507,9.844486337229341e-13,0,0,0,49683.08699597816,46371.00000000001,12049.001408914934
1567,29218.066481355603,0.5870660034807538,9.844486337229341e-13,0,0,0,49703.66695222747,46371.00000000001,12065.132962711199
1568,29226.140999737137,0.586627533221614,9.844486337229341e-13,0,0,0,49724.272057918664,46371.00000000001,12081.281999474266
1569,29234.224270404506,0.5861888302931317,9.844486337229341e-13,0,0,0,49744.90234947622,46371.00000000001,12097.448540809006
1570,29242.316304179825,0.5857498946953066,9.844486337229341e-13,0,0,0,49765.557863397786,46371.00000000001,12113.632608359645
1571,29250.417111904888,0.585310726428139,9.844486337229341e-13,0,0,0,49786.23863625413,46371.00000000001,12129.834223809772
1572,29258.526704441243,0.5848713254916287,9.844486337229341e-13,0,0,0,49806.9447046895,46371.00000000001,12146.053408882479
1573,29266.645092670224,0.5844316918857753,9.844486337229341e-13,0,0,0,49827.67610542172,46371.00000000001,12162.290185340444
1574,29274.77228749298,0.5839918256105796,9.844486337229341e-13,0,0,0,49848.432875242324,46371.00000000001,12178.54457498595
1575,29282.908299830546,0.583551726666041,9.844486337229341e-13,0,0,0,49869.215051016836,46371.00000000001,12194.816599661086
1576,29291.053140623873,0.5831113950521598,9.844486337229341e-13,0,0,0,49890.02266968487,46371.00000000001,12211.10628124774
1577,29299.206820833864,0.5826708307689359,9.844486337229341e-13,0,0,0,49910.855768260335,46371.00000000001,12227.413641667723
1578,29307.369351441434,0.5822300338163693,9.844486337229341e-13,0,0,0,49931.71438383162,46371.00000000001,12243.738702882863
1579,29315.54074344754,0.5817890041944602,9.844486337229341e-13,0,0,0,49952.59855356176,46371.00000000001,12260.08148689507
1580,29323.72100787324,0.581347741903208,9.844486337229341e-13,0,0,0,49973.50831468865,46371.00000000001,12276.442015746468
1581,29331.910155759713,0.5809062469426132,9.844486337229341e-13,0,0,0,49994.443704525154,46371.00000000001,12292.820311519417
1582,29340.108198168327,0.5804645193126758,9.844486337229341e-13,0,0,0,50015.404760459336,46371.00000000001,12309.21639633665
1583,29348.315146180685,0.5800225590133958,9.844486337229341e-13,0,0,0,50036.39151995468,46371.00000000001,12325.63029236136
1584,29356.531010898638,0.5795803660447731,9.844486337229341e-13,0,0,0,50057.40402055017,46371.00000000001,12342.062021797272
1585,29364.75580344438,0.5791379404068075,9.844486337229341e-13,0,0,0,50078.4422998606,46371.00000000001,12358.511606888753
1586,29372.989534960438,0.5786952820994993,9.844486337229341e-13,0,0,0,50099.50639557662,46371.00000000001,12374.979069920868
1587,29381.232216609755,0.5782523911228483,9.844486337229341e-13,0,0,0,50120.59634546503,46371.00000000001,12391.464433219498
1588,29389.483859575717,0.5778092674768547,9.844486337229341e-13,0,0,0,50141.71218736888,46371.00000000001,12407.967719151427
1589,29397.744475062213,0.5773659111615186,9.844486337229341e-13,0,0,0,50162.85395920774,46371.00000000001,12424.48895012442
1590,29406.01407429368,0.5769223221768394,9.844486337229341e-13,0,0,0,50184.02169897785,46371.00000000001,12441.028148587347
1591,29414.292668515107,0.5764785005228177,9.844486337229341e-13,0,0,0,50205.21544475223,46371.00000000001,12457.585337030208
1592,29422.58026899215,0.5760344461994533,9.844486337229341e-13,0,0,0,50226.43523468102,46371.00000000001,12474.160537984295
1593,29430.876887011127,0.575590159206746,9.844486337229341e-13,0,0,0,50247.68110699151,46371.00000000001,12490.75377402225
1594,29439.18253387907,0.5751456395446966,9.844486337229341e-13,0,0,0,50268.953099988445,46371.00000000001,12507.365067758132
1595,29447.497220923793,0.5747008872133041,9.844486337229341e-13,0,0,0,50290.25125205414,46371.00000000001,12523.99444184758
1596,29455.82095949393,0.5742559022125688,9.844486337229341e-13,0,0,0,50311.57560164875,46371.00000000001,12540.641918987847
1597,29464.153760958943,0.5738106845424911,9.844486337229341e-13,0,0,0,50332.926187310295,46371.00000000001,12557.307521917879
1598,29472.495636709245,0.5733652342030702,9.844486337229341e-13,0,0,0,50354.303047655085,46371.00000000001,12573.991273418485
1599,29480.846598156168,0.5729195511943068,9.844486337229341e-13,0,0,0,50375.706221377695,46371.00000000001,12590.69319631233
1600,29489.206656732058,0.5724736355162008,9.844486337229341e-13,0,0,0,50397.13574725128,46371.00000000001,12607.413313464109
1601,29497.575823890304,0.5720274871687521,9.844486337229341e-13,0,0,0,50418.59166412773,46371.00000000001,12624.151647780602
1602,29505.954111105388,0.5715811061519611,9.844486337229341e-13,0,0,0,50440.074010937846,46371.00000000001,12640.908222210766
1603,29514.34152987295,0.5711344924658268,9.844486337229341e-13,0,0,0,50461.58282669162,46371.00000000001,12657.683059745888
1604,29522.738091709783,0.57068764611035,9.844486337229341e-13,0,0,0,50483.11815047824,46371.00000000001,12674.47618341956
1605,29531.14380815395,0.5702405670855304,9.844486337229341e-13,0,0,0,50504.68002146653,46371.00000000001,12691.28761630789
1606,29539.558690764767,0.5697932553913683,9.844486337229341e-13,0,0,0,50526.26847890489,46371.00000000001,12708.117381529526
1607,29547.982751122898,0.5693457110278635,9.844486337229341e-13,0,0,0,50547.883562121715,46371.00000000001,12724.965502245786
1608,29556.41600083038,0.5688979339950158,9.844486337229341e-13,0,0,0,50569.52531052546,46371.00000000001,12741.83200166075
1609,29564.85845151067,0.5684499242928254,9.844486337229341e-13,0,0,0,50591.19376360486,46371.00000000001,12758.716903021332
1610,29573.3101148087,0.5680016819212923,9.844486337229341e-13,0,0,0,50612.88896092912,46371.00000000001,12775.620229617392
1611,29581.771002390917,0.567553206880417,9.844486337229341e-13,0,0,0,50634.610942148145,46371.00000000001,12792.542004781824
1612,29590.24112594536,0.5671044991701983,9.844486337229341e-13,0,0,0,50656.35974699276,46371.00000000001,12809.48225189071
1613,29598.72049718165,0.5666555587906372,9.844486337229341e-13,0,0,0,50678.13541527479,46371.00000000001,12826.440994363295
1614,29607.2091278311,0.5662063857417334,9.844486337229341e-13,0,0,0,50699.93798688739,46371.00000000001,12843.418255662194
1615,29615.707029646725,0.565756980023487,9.844486337229341e-13,0,0,0,50721.767501805145,46371.00000000001,12860.41405929344
1616,29624.214214403302,0.5653073416358978,9.844486337229341e-13,0,0,0,50743.624000084375,46371.00000000001,12877.428428806596
1617,29632.73069389742,0.564857470578966,9.844486337229341e-13,0,0,0,50765.507521863205,46371.00000000001,12894.461387794838
1618,29641.25647994754,0.5644073668526914,9.844486337229341e-13,0,0,0,50787.41810736192,46371.00000000001,12911.512959895072
1619,29649.791584394014,0.563957030457074,9.844486337229341e-13,0,0,0,50809.35579688301,46371.00000000001,12928.583168788022
1620,29658.336019099163,0.5635064613921139,9.844486337229341e-13,0,0,0,50831.32063081148,46371.00000000001,12945.67203819832
1621,29666.889795947303,0.5630556596578113,9.844486337229341e-13,0,0,0,50853.312649615,46371.00000000001,12962.779591894603
1622,29675.452926844828,0.5626046252541661,9.844486337229341e-13,0,0,0,50875.33189384415,46371.00000000001,12979.905853689646
1623,29684.025423720224,0.5621533581811777,9.844486337229341e-13,0,0,0,50897.3784041326,46371.00000000001,12997.050847440443
1624,29692.60729852413,0.5617018584388471,9.844486337229341e-13,0,0,0,50919.45222119727,46371.00000000001,13014.21459704825
1625,29701.198563229398,0.5612501260271736,9.844486337229341e-13,0,0,0,50941.55338583865,46371.00000000001,13031.39712645879
1626,29709.79922983114,0.5607981609461574,9.844486337229341e-13,0,0,0,50963.681938940885,46371.00000000001,13048.598459662273
1627,29718.409310346764,0.5603459631957985,9.844486337229341e-13,0,0,0,50985.83792147206,46371.00000000001,13065.818620693519
1628,29727.02881681604,0.5598935327760968,9.844486337229341e-13,0,0,0,51008.021374484364,46371.00000000001,13083.057633632076
1629,29735.657761301143,0.5594408696870525,9.844486337229341e-13,0,0,0,51030.23233911432,46371.00000000001,13100.315522602277
1630,29744.296155886703,0.5589879739286656,9.844486337229341e-13,0,0,0,51052.470856582986,46371.00000000001,13117.592311773398
1631,29752.94401267986,0.558534845500936,9.844486337229341e-13,0,0,0,51074.73696819616,46371.00000000001,13134.888025359716
1632,29761.601343810325,0.5580814844038633,9.844486337229341e-13,0,0,0,51097.03071534463,46371.00000000001,13152.202687620647
1633,29770.268161430387,0.5576278906374486,9.844486337229341e-13,0,0,0,51119.35213950428,46371.00000000001,13169.536322860768
1634,29778.94447771503,0.5571740642016907,9.844486337229341e-13,0,0,0,51141.701282236434,46371.00000000001,13186.888955430053
1635,29787.63030486193,0.5567200050965901,9.844486337229341e-13,0,0,0,51164.07818518798,46371.00000000001,13204.260609723853
1636,29796.32565509153,0.5562657133221469,9.844486337229341e-13,0,0,0,51186.48289009158,46371.00000000001,13221.651310183053
1637,29805.030540647083,0.5558111888783612,9.844486337229341e-13,0,0,0,51208.915438765944,46371.00000000001,13239.061081294163
1638,29813.74497379473,0.5553564317652324,9.844486337229341e-13,0,0,0,51231.37587311601,46371.00000000001,13256.489947589456
1639,29822.468966823497,0.5549014419827614,9.844486337229341e-13,0,0,0,51253.86423513311,46371.00000000001,13273.937933646986
1640,29831.20253204541,0.5544462195309472,9.844486337229341e-13,0,0,0,51276.38056689527,46371.00000000001,13291.405064090812
1641,29839.945681795492,0.5539907644097906,9.844486337229341e-13,0,0,0,51298.924910567366,46371.00000000001,13308.89136359098
1642,29848.698428431857,0.5535350766192915,9.844486337229341e-13,0,0,0,51321.497308401355,46371.00000000001,13326.396856863705
1643,29857.460784335748,0.553079156159449,9.844486337229341e-13,0,0,0,51344.097802736535,46371.00000000001,13343.92156867149
1644,29866.23276191157,0.5526230030302643,9.844486337229341e-13,0,0,0,51366.726435999655,46371.00000000001,13361.465523823133
1645,29875.014373586975,0.5521666172317368,9.844486337229341e-13,0,0,0,51389.38325070524,46371.00000000001,13379.028747173941
1646,29883.805631812884,0.551709998763867,9.844486337229341e-13,0,0,0,51412.068289455754,46371.00000000001,13396.611263625757
1647,29892.606549063577,0.551253147626654,9.844486337229341e-13,0,0,0,51434.78159494186,46371.00000000001,13414.21309812715
1648,29901.417137836717,0.5507960638200982,9.844486337229341e-13,0,0,0,51457.52320994261,46371.00000000001,13431.834275673427
1649,29910.237410653393,0.5503387473441999,9.844486337229341e-13,0,0,0,51480.293177325606,46371.00000000001,13449.474821306781
1650,29919.067380058208,0.5498811981989591,9.844486337229341e-13,0,0,0,51503.09154004736,46371.00000000001,13467.134760116409
1651,29927.90705861932,0.5494234163843754,9.844486337229341e-13,0,0,0,51525.91834115341,46371.00000000001,13484.81411723863
1652,29936.756458928474,0.5489654019004491,9.844486337229341e-13,0,0,0,51548.77362377856,46371.00000000001,13502.51291785694
1653,29945.61559360109,0.5485071547471798,9.844486337229341e-13,0,0,0,51571.65743114714,46371.00000000001,13520.231187202176
1654,29954.48447527629,0.5480486749245681,9.844486337229341e-13,0,0,0,51594.56980657319,46371.00000000001,13537.968950552573
1655,29963.36311661696,0.5475899624326137,9.844486337229341e-13,0,0,0,51617.51079346068,46371.00000000001,13555.726233233916
1656,29972.251530309823,0.5471310172713164,9.844486337229341e-13,0,0,0,51640.4804353038,46371.00000000001,13573.50306061964
1657,29981.149729065455,0.5466718394406764,9.844486337229341e-13,0,0,0,51663.478775687094,46371.00000000001,13591.299458130905
1658,29990.05772561837,0.546212428940694,9.844486337229341e-13,0,0,0,51686.50585828575,46371.00000000001,13609.115451236736
1659,29998.975532727072,0.5457527857713689,9.844486337229341e-13,0,0,0,51709.56172686579,46371.00000000001,13626.951065454137
1660,30007.903163174098,0.5452929099327011,9.844486337229341e-13,0,0,0,51732.64642528436,46371.00000000001,13644.806326348189
1661,30016.84062976609,0.5448328014246899,9.844486337229341e-13,0,0,0,51755.7599974899,46371.00000000001,13662.681259532177
1662,30025.78794533381,0.544372460247337,9.844486337229341e-13,0,0,0,51778.90248752231,46371.00000000001,13680.575890667611
1663,30034.745122732256,0.5439118864006409,9.844486337229341e-13,0,0,0,51802.073939513386,46371.00000000001,13698.490245464505
1664,30043.71217484068,0.543451079884602,9.844486337229341e-13,0,0,0,51825.274397686844,46371.00000000001,13716.424349681349
1665,30052.689114562625,0.5429900406992205,9.844486337229341e-13,0,0,0,51848.503906358594,46371.00000000001,13734.378229125245
1666,30061.675954826038,0.5425287688444964,9.844486337229341e-13,0,0,0,51871.76250993711,46371.00000000001,13752.351909652067
1667,30070.672708583275,0.5420672643204294,9.844486337229341e-13,0,0,0,51895.05025292348,46371.00000000001,13770.345417166542
1668,30079.67938881118,0.5416055271270197,9.844486337229341e-13,0,0,0,51918.36717991174,46371.00000000001,13788.35877762235
1669,30088.696008511128,0.5411435572642675,9.844486337229341e-13,0,0,0,51941.713335589055,46371.00000000001,13806.392017022248
1670,30097.722580709105,0.5406813547321727,9.844486337229341e-13,0,0,0,51965.08876473605,46371.00000000001,13824.445161418202
1671,30106.759118455742,0.540218919530735,9.844486337229341e-13,0,0,0,51988.493512226945,46371.00000000001,13842.518236911477
1672,30115.805634826378,0.5397562516599548,9.844486337229341e-13,0,0,0,52011.9276230298,46371.00000000001,13860.611269652747
1673,30124.862142921123,0.5392933511198317,9.844486337229341e-13,0,0,0,52035.39114220682,46371.00000000001,13878.724285842238
1674,30133.928655864904,0.5388302179103659,9.844486337229341e-13,0,0,0,52058.88411491452,46371.00000000001,13896.857311729798
1675,30143.00518680753,0.5383668520315574,9.844486337229341e-13,0,0,0,52082.40658640401,46371.00000000001,13915.010373615052
1676,30152.091748923754,0.5379032534834061,9.844486337229341e-13,0,0,0,52105.9586020212,46371.00000000001,13933.183497847504
1677,30161.188355413313,0.5374394222659125,9.844486337229341e-13,0,0,0,52129.54020720707,46371.00000000001,13951.376710826617
1678,30170.295019501005,0.536975358379076,9.844486337229341e-13,0,0,0,52153.15144749788,46371.00000000001,13969.590039002003
1679,30179.411754436744,0.5365110618228965,9.844486337229341e-13,0,0,0,52176.79236852547,46371.00000000001,13987.823508873482
1680,30188.538573495596,0.5360465325973747,9.844486337229341e-13,0,0,0,52200.4630160174,46371.00000000001,14006.077146991187
1681,30197.675489977868,0.5355817707025101,9.844486337229341e-13,0,0,0,52224.163435797265,46371.00000000001,14024.350979955732
1682,30206.822517209155,0.5351167761383027,9.844486337229341e-13,0,0,0,52247.89367378498,46371.00000000001,14042.645034418303
1683,30215.979668540385,0.5346515489047523,9.844486337229341e-13,0,0,0,52271.65377599693,46371.00000000001,14060.959337080763
1684,30225.14695734788,0.5341860890018599,9.844486337229341e-13,0,0,0,52295.44378854617,46371.00000000001,14079.293914695749
1685,30234.32439703345,0.5337203964296242,9.844486337229341e-13,0,0,0,52319.26375764292,46371.00000000001,14097.6487940669
1686,30243.512001024406,0.5332544711880463,9.844486337229341e-13,0,0,0,52343.11372959451,46371.00000000001,14116.024002048805
1687,30252.70978277365,0.5327883132771252,9.844486337229341e-13,0,0,0,52366.99375080584,46371.00000000001,14134.419565547294
1688,30261.9177557597,0.5323219226968618,9.844486337229341e-13,0,0,0,52390.903867779474,46371.00000000001,14152.835511519394
1689,30271.13593348681,0.5318552994472552,9.844486337229341e-13,0,0,0,52414.84412711607,46371.00000000001,14171.271866973617
1690,30280.36432948495,0.5313884435283065,9.844486337229341e-13,0,0,0,52438.81457551441,46371.00000000001,14189.72865896989
1691,30289.602957309937,0.5309213549400147,9.844486337229341e-13,0,0,0,52462.815259771814,46371.00000000001,14208.20591461987
1692,30298.85183054345,0.5304540336823806,9.844486337229341e-13,0,0,0,52486.84622678436,46371.00000000001,14226.703661086894
1693,30308.110962793126,0.5299864797554035,9.844486337229341e-13,0,0,0,52510.90752354708,46371.00000000001,14245.221925586246
1694,30317.380367692578,0.5295186931590836,9.844486337229341e-13,0,0,0,52534.99919715428,46371.00000000001,14263.760735385145
1695,30326.660058901478,0.5290506738934213,9.844486337229341e-13,0,0,0,52559.12129479969,46371.00000000001,14282.320117802947
1696,30335.950050105635,0.5285824219584161,9.844486337229341e-13,0,0,0,52583.27386377687,46371.00000000001,14300.900100211265
1697,30345.25035501703,0.5281139373540682,9.844486337229341e-13,0,0,0,52607.45695147933,46371.00000000001,14319.50071003405
1698,30354.560987373876,0.5276452200803776,9.844486337229341e-13,0,0,0,52631.67060540088,46371.00000000001,14338.121974747743
1699,30363.881960940693,0.5271762701373446,9.844486337229341e-13,0,0,0,52655.91487313577,46371.00000000001,14356.763921881378
1700,30373.213289508378,0.5267070875249686,9.844486337229341e-13,0,0,0,52680.189802379115,46371.00000000001,14375.426579016748
1701,30382.554986894236,0.52623767224325,9.844486337229341e-13,0,0,0,52704.49544092698,46371.00000000001,14394.109973788465
1702,30391.907066942073,0.5257680242921885,9.844486337229341e-13,0,0,0,52728.831836676756,46371.00000000001,14412.814133884138
1703,30401.26954352222,0.5252981436717847,9.844486337229341e-13,0,0,0,52753.199037627324,46371.00000000001,14431.539087044432
1704,30410.64243053165,0.5248280303820378,9.844486337229341e-13,0,0,0,52777.59709187948,46371.00000000001,14450.284861063295
1705,30420.025741893995,0.5243576844229483,9.844486337229341e-13,0,0,0,52802.02604763598,46371.00000000001,14469.05148378798
1706,30429.41949155961,0.523887105794516,9.844486337229341e-13,0,0,0,52826.48595320194,46371.00000000001,14487.838983119213
1707,30438.82369350566,0.5234162944967413,9.844486337229341e-13,0,0,0,52850.97685698506,46371.00000000001,14506.647387011313
1708,30448.23836173618,0.5229452505296237,9.844486337229341e-13,0,0,0,52875.498807495926,46371.00000000001,14525.476723472355
1709,30457.663510282113,0.5224739738931634,9.844486337229341e-13,0,0,0,52900.0518533482,46371.00000000001,14544.32702056422
1710,30467.099153201394,0.5220024645873604,9.844486337229341e-13,0,0,0,52924.63604325895,46371.00000000001,14563.198306402785
1711,30476.545304579005,0.5215307226122152,9.844486337229341e-13,0,0,0,52949.25142604885,46371.00000000001,14582.090609158002
1712,30486.00197852706,0.5210587479677267,9.844486337229341e-13,0,0,0,52973.89805064257,46371.00000000001,14601.003957054112
1713,30495.46918918482,0.5205865406538956,9.844486337229341e-13,0,0,0,52998.575966068856,46371.00000000001,14619.938378369634
1714,30504.94695071881,0.520114100670722,9.844486337229341e-13,0,0,0,53023.285221460996,46371.00000000001,14638.893901437616
1715,30514.435277322857,0.5196414280182053,9.844486337229341e-13,0,0,0,53048.02586605692,46371.00000000001,14657.870554645706
1716,30523.934183218138,0.5191685226963463,9.844486337229341e-13,0,0,0,53072.79794919958,46371.00000000001,14676.868366436272
1717,30533.44368265329,0.5186953847051445,9.844486337229341e-13,0,0,0,53097.60152033718,46371.00000000001,14695.887365306577
1718,30542.963789904443,0.5182220140445999,9.844486337229341e-13,0,0,0,53122.43662902347,46371.00000000001,14714.927579808877
1719,30552.494519275264,0.5177484107147128,9.844486337229341e-13,0,0,0,53147.30332491796,46371.00000000001,14733.989038550524
1720,30562.035885097088,0.5172745747154828,9.844486337229341e-13,0,0,0,53172.20165778627,46371.00000000001,14753.071770194168
1721,30571.58790172891,0.5168005060469101,9.844486337229341e-13,0,0,0,53197.13167750036,46371.00000000001,14772.175803457816
1722,30581.150583557497,0.5163262047089949,9.844486337229341e-13,0,0,0,53222.09343403876,46371.00000000001,14791.301167114989
1723,30590.72394499745,0.5158516707017367,9.844486337229341e-13,0,0,0,53247.086977487015,46371.00000000001,14810.447889994895
1724,30600.30800049123,0.5153769040251361,9.844486337229341e-13,0,0,0,53272.11235803768,46371.00000000001,14829.616000982456
1725,30609.90276450929,0.5149019046791927,9.844486337229341e-13,0,0,0,53297.169625990944,46371.00000000001,14848.80552901857
1726,30619.508251550073,0.5144266726639066,9.844486337229341e-13,0,0,0,53322.25883175455,46371.00000000001,14868.016503100136
1727,30629.12447614013,0.5139512079792776,9.844486337229341e-13,0,0,0,53347.380025844395,46371.00000000001,14887.24895228025
1728,30638.751452834153,0.5134755106253062,9.844486337229341e-13,0,0,0,53372.53325888455,46371.00000000001,14906.502905668294
1729,30648.38919621506,0.512999580601992,9.844486337229341e-13,0,0,0,53397.7185816077,46371.00000000001,14925.778392430111
1730,30658.037720894066,0.5125234179093348,9.844486337229341e-13,0,0,0,53422.93604485542,46371.00000000001,14945.075441788127
1731,30667.69704151072,0.5120470225473353,9.844486337229341e-13,0,0,0,53448.185699578346,46371.00000000001,14964.394083021434
1732,30677.36717273301,0.5115703945159928,9.844486337229341e-13,0,0,0,53473.467596836555,46371.00000000001,14983.734345466017
1733,30687.0481292574,0.5110935338153082,9.844486337229341e-13,0,0,0,53498.78178779983,46371.00000000001,15003.096258514794
1734,30696.739925808928,0.5106164404452804,9.844486337229341e-13,0,0,0,53524.12832374796,46371.00000000001,15022.47985161785
1735,30706.442577141246,0.51013911440591,9.844486337229341e-13,0,0,0,53549.50725607095,46371.00000000001,15041.885154282483
1736,30716.156098036685,0.5096615556971971,9.844486337229341e-13,0,0,0,53574.918636269394,46371.00000000001,15061.312196073362
1737,30725.880503306365,0.509183764319141,9.844486337229341e-13,0,0,0,53600.362515954745,46371.00000000001,15080.761006612727
1738,30735.615807790215,0.5087057402717425,9.844486337229341e-13,0,0,0,53625.838946849566,46371.00000000001,15100.231615580422
1739,30745.362026357063,0.5082274835550014,9.844486337229341e-13,0,0,0,53651.34798078782,46371.00000000001,15119.724052714115
1740,30755.119173904706,0.5077489941689175,9.844486337229341e-13,0,0,0,53676.88966971521,46371.00000000001,15139.238347809403
1741,30764.887265359983,0.5072702721134907,9.844486337229341e-13,0,0,0,53702.46406568948,46371.00000000001,15158.774530719958
1742,30774.666315678827,0.5067913173887213,9.844486337229341e-13,0,0,0,53728.071220880585,46371.00000000001,15178.332631357649
1743,30784.456339846347,0.5063121299946094,9.844486337229341e-13,0,0,0,53753.711187571134,46371.00000000001,15197.912679692687
1744,30794.2573528769,0.5058327099311548,9.844486337229341e-13,0,0,0,53779.38401815659,46371.00000000001,15217.514705753787
1745,30804.06936981415,0.5053530571983573,9.844486337229341e-13,0,0,0,53805.08976514561,46371.00000000001,15237.138739628293
1746,30813.892405731156,0.5048731717962169,9.844486337229341e-13,0,0,0,53830.82848116031,46371.00000000001,15256.784811462307
1747,30823.726475730407,0.5043930537247343,9.844486337229341e-13,0,0,0,53856.600218936575,46371.00000000001,15276.452951460804
1748,30833.571594943936,0.5039127029839088,9.844486337229341e-13,0,0,0,53882.40503132436,46371.00000000001,15296.143189887865
1749,30843.427778533365,0.5034321195737406,9.844486337229341e-13,0,0,0,53908.242971288,46371.00000000001,15315.855557066725
1750,30853.29504168998,0.5029513034942297,9.844486337229341e-13,0,0,0,53934.11409190647,46371.00000000001,15335.590083379951
1751,30863.173399634794,0.5024702547453761,9.844486337229341e-13,0,0,0,53960.01844637374,46371.00000000001,15355.346799269584
1752,30873.06286761865,0.5019889733271796,9.844486337229341e-13,0,0,0,53985.95608799903,46371.00000000001,15375.125735237292
1753,30882.96346092223,0.5015074592396409,9.844486337229341e-13,0,0,0,54011.92707020711,46371.00000000001,15394.926921844455
1754,30892.875194856217,0.5010257124827591,9.844486337229341e-13,0,0,0,54037.93144653868,46371.00000000001,15414.750389712426
1755,30902.79808476127,0.5005437330565348,9.844486337229341e-13,0,0,0,54063.96927065053,46371.00000000001,15434.59616952253
1756,30912.732146008173,0.5000615209609673,9.844486337229341e-13,0,0,0,54090.040596316045,46371.00000000001,15454.464292016339
1757,30922.677393997845,0.4995790761960577,9.844486337229341e-13,0,0,0,54116.145477425256,46371.00000000001,15474.354787995686
1758,30932.633844161475,0.49909639876180534,9.844486337229341e-13,0,0,0,54142.28396798543,46371.00000000001,15494.267688322943
1759,30942.601511960554,0.49861348865820987,9.844486337229341e-13,0,0,0,54168.45612212117,46371.00000000001,15514.203023921104
1760,30952.580412886935,0.49813034588527216,9.844486337229341e-13,0,0,0,54194.66199407474,46371.00000000001,15534.160825773866
1761,30962.57056246296,0.4976469704429918,9.844486337229341e-13,0,0,0,54220.90163820653,46371.00000000001,15554.141124925907
1762,30972.571976241477,0.4971633623313685,9.844486337229341e-13,0,0,0,54247.17510899521,46371.00000000001,15574.143952482946
1763,30982.584669805958,0.4966795215504023,9.844486337229341e-13,0,0,0,54273.4824610381,46371.00000000001,15594.169339611906
1764,30992.60865877053,0.4961954481000934,9.844486337229341e-13,0,0,0,54299.823749051444,46371.00000000001,15614.217317541052
1765,31002.643958780078,0.4957111419804421,9.844486337229341e-13,0,0,0,54326.19902787078,46371.00000000001,15634.287917560152
1766,31012.69058551033,0.49522660319144807,9.844486337229341e-13,0,0,0,54352.608352451294,46371.00000000001,15654.381171020648
1767,31022.748554667887,0.49474183173311115,9.844486337229341e-13,0,0,0,54379.051777867964,46371.00000000001,15674.49710933577
1768,31032.81788199035,0.49425682760543155,9.844486337229341e-13,0,0,0,54405.52935931608,46371.00000000001,15694.635763980694
1769,31042.89858324634,0.4937715908084095,9.844486337229341e-13,0,0,0,54432.041152111386,46371.00000000001,15714.797166492674
1770,31052.990674235632,0.4932861213420445,9.844486337229341e-13,0,0,0,54458.58721169056,46371.00000000001,15734.981348471258
1771,31063.09417078918,0.4928004192063369,9.844486337229341e-13,0,0,0,54485.167593611404,46371.00000000001,15755.188341578352
1772,31073.209088769217,0.49231448440128656,9.844486337229341e-13,0,0,0,54511.78235355321,46371.00000000001,15775.41817753843
1773,31083.33544406933,0.49182831692689377,9.844486337229341e-13,0,0,0,54538.43154731713,46371.00000000001,15795.67088813865
1774,31093.473252614527,0.4913419167831581,9.844486337229341e-13,0,0,0,54565.115230826435,46371.00000000001,15815.946505229049
1775,31103.62253036133,0.4908552839700797,9.844486337229341e-13,0,0,0,54591.83346012685,46371.00000000001,15836.24506072265
1776,31113.783293297824,0.49036841848765844,9.844486337229341e-13,0,0,0,54618.586291386906,46371.00000000001,15856.566586595642
1777,31123.955557443758,0.4898813203358945,9.844486337229341e-13,0,0,0,54645.373780898226,46371.00000000001,15876.911114887509
1778,31134.139338850604,0.4893939895147881,9.844486337229341e-13,0,0,0,54672.195985075865,46371.00000000001,15897.2786777012
1779,31144.334653601654,0.488906426024339,9.844486337229341e-13,0,0,0,54699.05296045871,46371.00000000001,15917.6693072033
1780,31154.541517812082,0.4884186298645472,9.844486337229341e-13,0,0,0,54725.94476370967,46371.00000000001,15938.083035624155
1781,31164.759947629023,0.4879306010354125,9.844486337229341e-13,0,0,0,54752.87145161614,46371.00000000001,15958.519895258043
1782,31174.98995923166,0.48744233953693517,9.844486337229341e-13,0,0,0,54779.83308109025,46371.00000000001,15978.979918463318
1783,31185.23156883129,0.4869538453691151,9.844486337229341e-13,0,0,0,54806.829709169215,46371.00000000001,15999.46313766257
1784,31195.484792671396,0.4864651185319524,9.844486337229341e-13,0,0,0,54833.86139301569,46371.00000000001,16019.969585342786
1785,31205.74964702775,0.48597615902544744,9.844486337229341e-13,0,0,0,54860.92818991806,46371.00000000001,16040.499294055493
1786,31216.026148208493,0.48548696684959913,9.844486337229341e-13,0,0,0,54888.03015729088,46371.00000000001,16061.052296416978
1787,31226.31431255416,0.48499754200440837,9.844486337229341e-13,0,0,0,54915.16735267502,46371.00000000001,16081.628625108317
1788,31236.614156437834,0.4845078844898749,9.844486337229341e-13,0,0,0,54942.3398337382,46371.00000000001,16102.22831287566
1789,31246.92569626517,0.48401799430599857,9.844486337229341e-13,0,0,0,54969.54765827526,46371.00000000001,16122.851392530334
1790,31257.248948474495,0.48352787145277976,9.844486337229341e-13,0,0,0,54996.7908842084,46371.00000000001,16143.497896948984
1791,31267.583929536897,0.48303751593021804,9.844486337229341e-13,0,0,0,55024.069569587686,46371.00000000001,16164.167859073788
1792,31277.930655956283,0.48254692773831365,9.844486337229341e-13,0,0,0,55051.383772591274,46371.00000000001,16184.861311912562
1793,31288.289144269474,0.4820561068770668,9.844486337229341e-13,0,0,0,55078.7335515258,46371.00000000001,16205.57828853894
1794,31298.659411046283,0.48156505334647726,9.844486337229341e-13,0,0,0,55106.11896482672,46371.00000000001,16226.318822092557
1795,31309.041472889603,0.4810737671465448,9.844486337229341e-13,0,0,0,55133.54007105865,46371.00000000001,16247.082945779195
1796,31319.435346435464,0.4805822482772697,9.844486337229341e-13,0,0,0,55160.99692891568,46371.00000000001,16267.87069287092
1797,31329.84104835314,0.4800904967386519,9.844486337229341e-13,0,0,0,55188.489597221815,46371.00000000001,16288.682096706274
1798,31340.258595345225,0.4795985125306912,9.844486337229341e-13,0,0,0,55216.01813493121,46371.00000000001,16309.517190690445
1799,31350.68800414769,0.47910629565338825,9.844486337229341e-13,0,0,0,55243.58260112859,46371.00000000001,16330.376008295374
1800,31361.12929153002,0.47861384610674196,9.844486337229341e-13,0,0,0,55271.183055029585,46371.00000000001,16351.258583060033
1801,31371.582474295206,0.4781211638907539,9.844486337229341e-13,0,0,0,55298.819555981034,46371.00000000001,16372.164948590405
1802,31382.047569279955,0.4776282490054222,9.844486337229341e-13,0,0,0,55326.49216346149,46371.00000000001,16393.095138559904
1803,31392.524593354632,0.47713510145074833,9.844486337229341e-13,0,0,0,55354.20093708131,46371.00000000001,16414.049186709257
1804,31403.01356342345,0.47664172122673176,9.844486337229341e-13,0,0,0,55381.94593658331,46371.00000000001,16435.027126846893
1805,31413.514496424505,0.4761481083333725,9.844486337229341e-13,0,0,0,55409.7272218429,46371.00000000001,16456.028992849002
1806,31424.02740932987,0.47565426277067036,9.844486337229341e-13,0,0,0,55437.54485286852,46371.00000000001,16477.054818659733
1807,31434.55231914567,0.4751601845386255,9.844486337229341e-13,0,0,0,55465.39888980204,46371.00000000001,16498.104638291334
1808,31445.089242912178,0.4746658736372382,9.844486337229341e-13,0,0,0,55493.28939291901,46371.00000000001,16519.178485824348
1809,31455.638197703895,0.474171330066508,9.844486337229341e-13,0,0,0,55521.216422629135,46371.00000000001,16540.276395407782
1810,31466.199200629635,0.47367655382643514,9.844486337229341e-13,0,0,0,55549.18003947662,46371.00000000001,16561.398401259263
1811,31476.772268832603,0.47318154491701936,9.844486337229341e-13,0,0,0,55577.180304140405,46371.00000000001,16582.5445376652
1812,31487.357419490476,0.47268630333826134,9.844486337229341e-13,0,0,0,55605.21727743467,46371.00000000001,16603.714838980948
1813,31497.95466981553,0.4721908290901602,9.844486337229341e-13,0,0,0,55633.29102030923,46371.00000000001,16624.909339631053
1814,31508.564037054653,0.47169512217271636,9.844486337229341e-13,0,0,0,55661.4015938497,46371.00000000001,16646.128074109303
1815,31519.18553848949,0.4711991825859301,9.844486337229341e-13,0,0,0,55689.5490592781,46371.00000000001,16667.371076978976
1816,31529.819191436505,0.47070301032980133,9.844486337229341e-13,0,0,0,55717.73347795301,46371.00000000001,16688.638382873
1817,31540.465013247085,0.47020660540432924,9.844486337229341e-13,0,0,0,55745.95491137018,46371.00000000001,16709.93002649416
1818,31551.123021307576,0.4697099678095151,9.844486337229341e-13,0,0,0,55774.213421162596,46371.00000000001,16731.24604261514
1819,31561.793233039458,0.46921309754535767,9.844486337229341e-13,0,0,0,55802.50906910121,46371.00000000001,16752.586466078905
1820,31572.475665899325,0.468715994611858,9.844486337229341e-13,0,0,0,55830.84191709496,46371.00000000001,16773.95133179864
1821,31583.170337379073,0.46821865900901516,9.844486337229341e-13,0,0,0,55859.212027191425,46371.00000000001,16795.34067475814
1822,31593.87726500591,0.4677210907368299,9.844486337229341e-13,0,0,0,55887.619461577015,46371.00000000001,16816.754530011814
1823,31604.596466342493,0.4672232897953019,9.844486337229341e-13,0,0,0,55916.064282577456,46371.00000000001,16838.19293268498
1824,31615.327958986993,0.4667252561844313,9.844486337229341e-13,0,0,0,55944.54655265815,46371.00000000001,16859.655917973974
1825,31626.07176057318,0.46622698990421796,9.844486337229341e-13,0,0,0,55973.06633442446,46371.00000000001,16881.143521146354
1826,31636.82788877054,0.46572849095466196,9.844486337229341e-13,0,0,0,56001.62369062228,46371.00000000001,16902.655777541073
1827,31647.596361284326,0.46522975933576327,9.844486337229341e-13,0,0,0,56030.21868413822,46371.00000000001,16924.19272256864
1828,31658.37719585567,0.4647307950475217,9.844486337229341e-13,0,0,0,56058.851378000094,46371.00000000001,16945.754391711336
1829,31669.17041026167,0.4642315980899374,9.844486337229341e-13,0,0,0,56087.52183537734,46371.00000000001,16967.340820523335
1830,31679.97602231547,0.4637321684630107,9.844486337229341e-13,0,0,0,56116.23011958125,46371.00000000001,16988.952044630933
1831,31690.794049866363,0.4632325061667413,9.844486337229341e-13,0,0,0,56144.97629406554,46371.00000000001,17010.588099732715
1832,31701.624510799873,0.46273261120112896,9.844486337229341e-13,0,0,0,56173.76042242667,46371.00000000001,17032.249021599735
1833,31712.467423037844,0.46223248356617375,9.844486337229341e-13,0,0,0,56202.58256840413,46371.00000000001,17053.934846075685
1834,31723.322804538533,0.4617321232618763,9.844486337229341e-13,0,0,0,56231.442795881005,46371.00000000001,17075.645609077055
1835,31734.190673296704,0.46123153028823594,9.844486337229341e-13,0,0,0,56260.341168884246,46371.00000000001,17097.3813465934
1836,31745.071047343725,0.4607307046452527,9.844486337229341e-13,0,0,0,56289.27775158515,46371.00000000001,17119.142094687442
1837,31755.963944747626,0.46022964633292696,9.844486337229341e-13,0,0,0,56318.25260829963,46371.00000000001,17140.927889495248
1838,31766.869383613244,0.45972835535125856,9.844486337229341e-13,0,0,0,56347.26580348875,46371.00000000001,17162.738767226478
1839,31777.787382082268,0.4592268317002475,9.844486337229341e-13,0,0,0,56376.31740175902,46371.00000000001,17184.574764164525
1840,31788.71795833336,0.4587250753798935,9.844486337229341e-13,0,0,0,56405.40746786287,46371.00000000001,17206.435916666716
1841,31799.661130582237,0.4582230863901968,9.844486337229341e-13,0,0,0,56434.53606669901,46371.00000000001,17228.32226116447
1842,31810.616917081756,0.4577208647311577,9.844486337229341e-13,0,0,0,56463.70326331281,46371.00000000001,17250.2338341635
1843,31821.58533612202,0.45721841040277567,9.844486337229341e-13,0,0,0,56492.909122896745,46371.00000000001,17272.170672244036
1844,31832.566406030473,0.45671572340505096,9.844486337229341e-13,0,0,0,56522.153710790786,46371.00000000001,17294.132812060943
1845,31843.56014517198,0.4562128037379838,9.844486337229341e-13,0,0,0,56551.4370924828,46371.00000000001,17316.120290343955
1846,31854.566571948937,0.4557096514015737,9.844486337229341e-13,0,0,0,56580.75933360896,46371.00000000001,17338.133143897863
1847,31865.585704801342,0.45520626639582096,9.844486337229341e-13,0,0,0,56610.120499954144,46371.00000000001,17360.171409602677
1848,31876.617562206928,0.4547026487207253,9.844486337229341e-13,0,0,0,56639.52065745238,46371.00000000001,17382.235124413848
1849,31887.6621626812,0.4541987983762874,9.844486337229341e-13,0,0,0,56668.95987218716,46371.00000000001,17404.324325362395
1850,31898.719524777604,0.4536947153625066,9.844486337229341e-13,0,0,0,56698.43821039201,46371.00000000001,17426.439049555196
1851,31909.789667087556,0.4531903996793829,9.844486337229341e-13,0,0,0,56727.95573845073,46371.00000000001,17448.579334175105
1852,31920.87260824057,0.45268585132691674,9.844486337229341e-13,0,0,0,56757.51252289795,46371.00000000001,17470.74521648113
1853,31931.968366904355,0.4521810703051077,9.844486337229341e-13,0,0,0,56787.10863041948,46371.00000000001,17492.936733808703
1854,31943.076961784896,0.45167605661395616,9.844486337229341e-13,0,0,0,56816.744127852704,46371.00000000001,17515.153923569782
1855,31954.198411626567,0.45117081025346173,9.844486337229341e-13,0,0,0,56846.419082187036,46371.00000000001,17537.39682325313
1856,31965.33273521222,0.4506653312236246,9.844486337229341e-13,0,0,0,56876.13356056438,46371.00000000001,17559.665470424436
1857,31976.479951363275,0.45015961952444483,9.844486337229341e-13,0,0,0,56905.887630279474,46371.00000000001,17581.959902726547
1858,31987.640078939832,0.44965367515592236,9.844486337229341e-13,0,0,0,56935.68135878031,46371.00000000001,17604.280157879657
1859,31998.81313684076,0.4491474981180572,9.844486337229341e-13,0,0,0,56965.51481366863,46371.00000000001,17626.62627368151
1860,32009.999144003785,0.4486410884108496,9.844486337229341e-13,0,0,0,56995.38806270031,46371.00000000001,17648.998288007562
1861,32021.198119405635,0.44813444603429864,9.844486337229341e-13,0,0,0,57025.30117378585,46371.00000000001,17671.396238811267
1862,32032.41008206205,0.44762757098840567,9.844486337229341e-13,0,0,0,57055.25421499056,46371.00000000001,17693.8201641241
1863,32043.63505102799,0.4471204632731698,9.844486337229341e-13,0,0,0,57085.24725453541,46371.00000000001,17716.270102055976
1864,32054.873045397646,0.446613122888591,9.844486337229341e-13,0,0,0,57115.280360797056,46371.00000000001,17738.746090795285
1865,32066.12408430457,0.44610554983466977,9.844486337229341e-13,0,0,0,57145.35360230849,46371.00000000001,17761.248168609134
1866,32077.3881869218,0.44559774411140585,9.844486337229341e-13,0,0,0,57175.46704775946,46371.00000000001,17783.776373843586
1867,32088.665372461917,0.445089705718799,9.844486337229341e-13,0,0,0,57205.62076599683,46371.00000000001,17806.330744923827
1868,32099.95566017718,0.4445814346568495,9.844486337229341e-13,0,0,0,57235.814826025045,46371.00000000001,17828.911320354353
1869,32111.259069359603,0.44407293092555733,9.844486337229341e-13,0,0,0,57266.049297006626,46371.00000000001,17851.5181387192
1870,32122.575619341067,0.4435641945249227,9.844486337229341e-13,0,0,0,57296.32424826254,46371.00000000001,17874.151238682127
1871,32133.905329493435,0.4430552254549449,9.844486337229341e-13,0,0,0,57326.63974927268,46371.00000000001,17896.810658986866
1872,32145.248219228615,0.4425460237156247,9.844486337229341e-13,0,0,0,57356.99586967628,46371.00000000001,17919.496438457227
1873,32156.604307998703,0.442036589306962,9.844486337229341e-13,0,0,0,57387.392679272365,46371.00000000001,17942.208615997395
1874,32167.97361529606,0.4415269222289564,9.844486337229341e-13,0,0,0,57417.830248020226,46371.00000000001,17964.947230592115
1875,32179.356160653442,0.4410170224816079,9.844486337229341e-13,0,0,0,57448.30864603989,46371.00000000001,17987.712321306877
1876,32190.751963644056,0.4405068900649167,9.844486337229341e-13,0,0,0,57478.827943612414,46371.00000000001,18010.5039272881
1877,32202.161043881697,0.4399965249788831,9.844486337229341e-13,0,0,0,57509.38821118052,46371.00000000001,18033.322087763387
1878,32213.583421020867,0.43948592722350677,9.844486337229341e-13,0,0,0,57539.989519348994,46371.00000000001,18056.166842041726
1879,32225.01911475684,0.43897509679878777,9.844486337229341e-13,0,0,0,57570.63193888507,46371.00000000001,18079.03822951367
1880,32236.468144825798,0.4384640337047254,9.844486337229341e-13,0,0,0,57601.31554071897,46371.00000000001,18101.936289651592
1881,32247.93053100489,0.4379527379413213,9.844486337229341e-13,0,0,0,57632.040395944256,46371.00000000001,18124.86106200977
1882,32259.40629311241,0.437441209508574,9.844486337229341e-13,0,0,0,57662.80657581844,46371.00000000001,18147.812586224813
1883,32270.89545100784,0.43692944840648384,9.844486337229341e-13,0,0,0,57693.614151763315,46371.00000000001,18170.790902015677
1884,32282.398024591967,0.43641745463505144,9.844486337229341e-13,0,0,0,57724.46319536547,46371.00000000001,18193.79604918393
1885,32293.91403380702,0.43590522819427613,9.844486337229341e-13,0,0,0,57755.35377837672,46371.00000000001,18216.828067614035
1886,32305.443498636745,0.4353927690841579,9.844486337229341e-13,0,0,0,57786.28597271462,46371.00000000001,18239.886997273486
1887,32316.986439106513,0.43488007730469724,9.844486337229341e-13,0,0,0,57817.25985046288,46371.00000000001,18262.97287821302
1888,32328.542875283445,0.4343671528558939,9.844486337229341e-13,0,0,0,57848.27548387186,46371.00000000001,18286.085750566883
1889,32340.112827276505,0.43385399573774763,9.844486337229341e-13,0,0,0,57879.33294535904,46371.00000000001,18309.225654553007
1890,32351.69631523662,0.4333406059502587,9.844486337229341e-13,0,0,0,57910.43230750948,46371.00000000001,18332.39263047323
1891,32363.293359356754,0.4328269834934273,9.844486337229341e-13,0,0,0,57941.57364307625,46371.00000000001,18355.586718713505
1892,32374.903979872077,0.432313128367253,9.844486337229341e-13,0,0,0,57972.75702498103,46371.00000000001,18378.80795974415
1893,32386.52819706001,0.43179904057173624,9.844486337229341e-13,0,0,0,58003.98252631442,46371.00000000001,18402.056394120016
1894,32398.166031240384,0.4312847201068766,9.844486337229341e-13,0,0,0,58035.250220336544,46371.00000000001,18425.33206248076
1895,32409.817502775502,0.43077016697267423,9.844486337229341e-13,0,0,0,58066.56018047747,46371.00000000001,18448.635005551
1896,32421.482632070296,0.4302553811691294,9.844486337229341e-13,0,0,0,58097.9124803377,46371.00000000001,18471.96526414058
1897,32433.161439572406,0.4297403626962415,9.844486337229341e-13,0,0,0,58129.30719368865,46371.00000000001,18495.322879144805
1898,32444.853945772298,0.4292251115540111,9.844486337229341e-13,0,0,0,58160.74439447313,46371.00000000001,18518.707891544585
1899,32456.560171203368,0.42870962774243804,9.844486337229341e-13,0,0,0,58192.22415680582,46371.00000000001,18542.12034240673
1900,32468.280136442085,0.42819391126152206,9.844486337229341e-13,0,0,0,58223.74655497385,46371.00000000001,18565.560272884162
1901,32480.013862108048,0.4276779621112634,9.844486337229341e-13,0,0,0,58255.311663437074,46371.00000000001,18589.027724216092
1902,32491.761368864143,0.4271617802916623,9.844486337229341e-13,0,0,0,58286.919556828805,46371.00000000001,18612.52273772828
1903,32503.52267741663,0.4266453658027187,9.844486337229341e-13,0,0,0,58318.570309956114,46371.00000000001,18636.045354833248
1904,32515.297808515286,0.4261287186444318,9.844486337229341e-13,0,0,0,58350.263997800495,46371.00000000001,18659.595617030565
1905,32527.08678295347,0.4256118388168024,9.844486337229341e-13,0,0,0,58382.00069551815,46371.00000000001,18683.173565906935
1906,32538.889621568273,0.42509472631983036,9.844486337229341e-13,0,0,0,58413.780478440705,46371.00000000001,18706.779243136538
1907,32550.706345240615,0.42457738115351584,9.844486337229341e-13,0,0,0,58445.60342207549,46371.00000000001,18730.412690481222
1908,32562.53697489538,0.4240598033178584,9.844486337229341e-13,0,0,0,58477.4696021063,46371.00000000001,18754.073949790753
1909,32574.381531501498,0.4235419928128583,9.844486337229341e-13,0,0,0,58509.379094393604,46371.00000000001,18777.763063002985
1910,32586.240036072075,0.42302394963851553,9.844486337229341e-13,0,0,0,58541.33197497527,46371.00000000001,18801.480072144142
1911,32598.112509664523,0.42250567379483006,9.844486337229341e-13,0,0,0,58573.328320066976,46371.00000000001,18825.225019329035
1912,32609.998973380643,0.4219871652818017,9.844486337229341e-13,0,0,0,58605.36820606272,46371.00000000001,18848.997946761283
1913,32621.899448366774,0.42146842409943064,9.844486337229341e-13,0,0,0,58637.45170953535,46371.00000000001,18872.798896733544
1914,32633.813955813876,0.4209494502477171,9.844486337229341e-13,0,0,0,58669.57890723704,46371.00000000001,18896.627911627747
1915,32645.742516957678,0.4204302437266607,9.844486337229341e-13,0,0,0,58701.74987609986,46371.00000000001,18920.485033915353
1916,32657.685153078764,0.41991080453626206,9.844486337229341e-13,0,0,0,58733.96469323619,46371.00000000001,18944.37030615752
1917,32669.641885502726,0.4193911326765203,9.844486337229341e-13,0,0,0,58766.22343593937,46371.00000000001,18968.28377100545
1918,32681.612735600254,0.4188712281474356,9.844486337229341e-13,0,0,0,58798.526181684116,46371.00000000001,18992.2254712005
1919,32693.59772478724,0.4183510909490087,9.844486337229341e-13,0,0,0,58830.873008127,46371.00000000001,19016.19544957447
1920,32705.596874524937,0.41783072108123887,9.844486337229341e-13,0,0,0,58863.2639931071,46371.00000000001,19040.19374904987
1921,32717.610206320067,0.41731011854412614,9.844486337229341e-13,0,0,0,58895.6992146465,46371.00000000001,19064.22041264013
1922,32729.637741724895,0.4167892833376712,9.844486337229341e-13,0,0,0,58928.178750950654,46371.00000000001,19088.275483449783
1923,32741.679502337418,0.4162682154618731,9.844486337229341e-13,0,0,0,58960.7026804091,46371.00000000001,19112.359004674832
1924,32753.73550980143,0.41574691491673255,9.844486337229341e-13,0,0,0,58993.27108159592,46371.00000000001,19136.471019602854
1925,32765.80578580667,0.4152253817022491,9.844486337229341e-13,0,0,0,59025.88403327022,46371.00000000001,19160.611571613335
1926,32777.89035208892,0.4147036158184232,9.844486337229341e-13,0,0,0,59058.54161437671,46371.00000000001,19184.780704177836
1927,32789.98923043016,0.4141816172652546,9.844486337229341e-13,0,0,0,59091.24390404627,46371.00000000001,19208.978460860315
1928,32802.10244265866,0.4136593860427431,9.844486337229341e-13,0,0,0,59123.9909815964,46371.00000000001,19233.204885317315
1929,32814.2300106491,0.41313692215088915,9.844486337229341e-13,0,0,0,59156.78292653182,46371.00000000001,19257.460021298193
1930,32826.37195632272,0.4126142255896921,9.844486337229341e-13,0,0,0,59189.619818545,46371.00000000001,19281.743912645437
1931,32838.528301647406,0.41209129635915254,9.844486337229341e-13,0,0,0,59222.501737516635,46371.00000000001,19306.056603294808
1932,32850.699068637834,0.41156813445927076,9.844486337229341e-13,0,0,0,59255.428763516255,46371.00000000001,19330.398137275657
1933,32862.88427935561,0.41104473989004564,9.844486337229341e-13,0,0,0,59288.400976802826,46371.00000000001,19354.768558711214
1934,32875.083955909344,0.4105211126514783,9.844486337229341e-13,0,0,0,59321.41845782512,46371.00000000001,19379.167911818677
1935,32887.29812045483,0.4099972527435678,9.844486337229341e-13,0,0,0,59354.481287222436,46371.00000000001,19403.596240909646
1936,32899.52679519512,0.40947316016631463,9.844486337229341e-13,0,0,0,59387.58954582503,46371.00000000001,19428.053590390227
1937,32911.77000238067,0.40894883491971923,9.844486337229341e-13,0,0,0,59420.743314654705,46371.00000000001,19452.54000476133
1938,32924.0277643095,0.4084242770037805,9.844486337229341e-13,0,0,0,59453.942674925434,46371.00000000001,19477.055528619
1939,32936.30010332725,0.4078994864184995,9.844486337229341e-13,0,0,0,59487.18770804376,46371.00000000001,19501.600206654493
1940,32948.587041827355,0.4073744631638758,9.844486337229341e-13,0,0,0,59520.478495609525,46371.00000000001,19526.1740836547
1941,32960.888602251165,0.406849207239909,9.844486337229341e-13,0,0,0,59553.815119416315,46371.00000000001,19550.777204502327
1942,32973.20480708805,0.4063237186466,9.844486337229341e-13,0,0,0,59587.19766145203,46371.00000000001,19575.409614176086
1943,32985.53567887554,0.4057979973839483,9.844486337229341e-13,0,0,0,59620.62620389948,46371.00000000001,19600.07135775107
1944,32997.88124019948,0.40527204345195367,9.844486337229341e-13,0,0,0,59654.100829137,46371.00000000001,19624.76248039895
1945,33010.2415136941,0.4047458568506166,9.844486337229341e-13,0,0,0,59687.621619738835,46371.00000000001,19649.483027388185
1946,33022.6165220422,0.4042194375799364,9.844486337229341e-13,0,0,0,59721.18865847595,46371.00000000001,19674.233044084383
1947,33035.00628797523,0.4036927856399135,9.844486337229341e-13,0,0,0,59754.80202831639,46371.00000000001,19699.01257595045
1948,33047.410834273454,0.40316590103054795,9.844486337229341e-13,0,0,0,59788.46181242596,46371.00000000001,19723.821668546905
1949,33059.83018376607,0.4026387837518399,9.844486337229341e-13,0,0,0,59822.168094168774,46371.00000000001,19748.66036753213
1950,33072.264359331326,0.40211143380378944,9.844486337229341e-13,0,0,0,59855.92095710787,46371.00000000001,19773.52871866264
1951,33084.713383896684,0.40158385118639583,9.844486337229341e-13,0,0,0,59889.720485005724,46371.00000000001,19798.42676779336
1952,33097.177280438904,0.40105603589965955,9.844486337229341e-13,0,0,0,59923.56676182486,46371.00000000001,19823.354560877804
1953,33109.65607198422,0.4005279879435806,9.844486337229341e-13,0,0,0,59957.45987172844,46371.00000000001,19848.312143968422
1954,33122.149781608416,0.39999970731815915,9.844486337229341e-13,0,0,0,59991.39989908079,46371.00000000001,19873.29956321682
1955,33134.658432437034,0.3994711940233948,9.844486337229341e-13,0,0,0,60025.386928448104,46371.00000000001,19898.316864874065
1956,33147.18204764545,0.3989424480592878,9.844486337229341e-13,0,0,0,60059.42104459895,46371.00000000001,19923.3640952909
1957,33159.72065045902,0.3984134694258381,9.844486337229341e-13,0,0,0,60093.502332504846,46371.00000000001,19948.441300918035
1958,33172.27426415321,0.3978842581230455,9.844486337229341e-13,0,0,0,60127.63087734085,46371.00000000001,19973.548528306415
1959,33184.84291205373,0.3973548141509107,9.844486337229341e-13,0,0,0,60161.806764486275,46371.00000000001,19998.685824107455
1960,33197.4266175367,0.3968251375094327,9.844486337229341e-13,0,0,0,60196.03007952508,46371.00000000001,20023.8532350734
1961,33210.025404028725,0.3962952281986125,9.844486337229341e-13,0,0,0,60230.30090824667,46371.00000000001,20049.050808057444
1962,33222.63929500709,0.3957650862184492,9.844486337229341e-13,0,0,0,60264.61933664638,46371.00000000001,20074.278590014168
1963,33235.26831399984,0.3952347115689432,9.844486337229341e-13,0,0,0,60298.98545092606,46371.00000000001,20099.536627999678
1964,33247.91248458596,0.3947041042500947,9.844486337229341e-13,0,0,0,60333.399337494804,46371.00000000001,20124.824969171917
1965,33260.5718303955,0.39417326426190336,9.844486337229341e-13,0,0,0,60367.86108296941,46371.00000000001,20150.143660790996
1966,33273.24637510969,0.39364219160436953,9.844486337229341e-13,0,0,0,60402.37077417509,46371.00000000001,20175.492750219368
1967,33285.93614246109,0.393110886277493,9.844486337229341e-13,0,0,0,60436.928498146,46371.00000000001,20200.872284922174
1968,33298.64115623377,0.3925793482812734,9.844486337229341e-13,0,0,0,60471.534342126,46371.00000000001,20226.282312467527
1969,33311.36144026335,0.3920475776157115,9.844486337229341e-13,0,0,0,60506.188393569035,46371.00000000001,20251.722880526682
1970,33324.097018437235,0.39151557428080674,9.844486337229341e-13,0,0,0,60540.89074013998,46371.00000000001,20277.19403687446
1971,33336.84791469472,0.39098333827655907,9.844486337229341e-13,0,0,0,60575.64146971515,46371.00000000001,20302.69582938943
1972,33349.6141530271,0.39045086960296893,9.844486337229341e-13,0,0,0,60610.44067038287,46371.00000000001,20328.22830605419
1973,33362.39575747785,0.3899181682600361,9.844486337229341e-13,0,0,0,60645.28843044424,46371.00000000001,20353.791514955687
1974,33375.19275214274,0.3893852342477606,9.844486337229341e-13,0,0,0,60680.18483841367,46371.00000000001,20379.385504285478
1975,33388.00516117002,0.3888520675661422,9.844486337229341e-13,0,0,0,60715.129983019506,46371.00000000001,20405.01032234003
1976,33400.83300876048,0.38831866821518113,9.844486337229341e-13,0,0,0,60750.12395320469,46371.00000000001,20430.666017520947
1977,33413.67631916766,0.38778503619487736,9.844486337229341e-13,0,0,0,60785.166838127356,46371.00000000001,20456.352638335313
1978,33426.53511669797,0.38725117150523136,9.844486337229341e-13,0,0,0,60820.25872716149,46371.00000000001,20482.070233395923
1979,33439.40942571084,0.38671707414624223,9.844486337229341e-13,0,0,0,60855.39970989763,46371.00000000001,20507.818851421667
1980,33452.29927061885,0.3861827441179102,9.844486337229341e-13,0,0,0,60890.58987614337,46371.00000000001,20533.598541237698
1981,33465.20467588788,0.3856481814202357,9.844486337229341e-13,0,0,0,60925.82931592408,46371.00000000001,20559.40935177575
1982,33478.12566603724,0.38511338605321876,9.844486337229341e-13,0,0,0,60961.11811948355,46371.00000000001,20585.25133207447
1983,33491.062265639855,0.3845783580168587,9.844486337229341e-13,0,0,0,60996.45637728467,46371.00000000001,20611.124531279704
1984,33504.014499322366,0.38404309731115593,9.844486337229341e-13,0,0,0,61031.84418000995,46371.00000000001,20637.028998644728
1985,33516.98239176528,0.38350760393611094,9.844486337229341e-13,0,0,0,61067.28161856231,46371.00000000001,20662.96478353056
1986,33529.96596770317,0.3829718778917228,9.844486337229341e-13,0,0,0,61102.768784065694,46371.00000000001,20688.931935406326
1987,33542.96525192472,0.38243591917799247,9.844486337229341e-13,0,0,0,61138.30576786567,46371.00000000001,20714.930503849428
1988,33555.980269272986,0.38189972779491876,9.844486337229341e-13,0,0,0,61173.89266153016,46371.00000000001,20740.96053854597
1989,33569.01104464545,0.3813633037425028,9.844486337229341e-13,0,0,0,61209.52955685001,46371.0,20767.022089290895
1990,33582.05760299423,0.380826647020744,9.844486337229341e-13,0,0,0,61245.21654583979,46371.00000000001,20793.115205988455
1991,33595.11996932618,0.3802897576296429,9.844486337229341e-13,0,0,0,61280.95372073827,46371.00000000001,20819.23993865235
1992,33608.1981687031,0.37975263556919825,9.844486337229341e-13,0,0,0,61316.74117400934,46371.00000000001,20845.396337406197
1993,33621.29222624179,0.3792152808394118,9.844486337229341e-13,0,0,0,61352.57899834234,46371.00000000001,20871.584452483577
1994,33634.40216711433,0.378677693440282,9.844486337229341e-13,0,0,0,61388.46728665312,46371.0,20897.80433422865
1995,33647.528016548094,0.37813987337180954,9.844486337229341e-13,0,0,0,61424.4061320844,46371.00000000001,20924.056033096185
1996,33660.66979982599,0.3776018206339946,9.844486337229341e-13,0,0,0,61460.39562800656,46371.00000000001,20950.33959965198
1997,33673.82754228659,0.377063535226837,9.844486337229341e-13,0,0,0,61496.43586801838,46371.00000000001,20976.655084573176
1998,33687.00126932427,0.3765250171503369,9.844486337229341e-13,0,0,0,61532.526945947575,46371.00000000001,21003.002538648525
1999,33700.19100638937,0.37598626640449395,9.844486337229341e-13,0,0,0,61568.66895585168,46371.00000000001,21029.382012778722
2000,33713.396778988346,0.37544728298930785,9.844486337229341e-13,0,0,0,61604.86199201856,46371.00000000001,21055.79355797669
2001,33726.618612683924,0.3749080669047795,9.844486337229341e-13,0,0,0,61641.10614896712,46371.00000000001,21082.237225367837
2002,33739.85653309525,0.37436861815090827,9.844486337229341e-13,0,0,0,61677.4015214481,46371.00000000001,21108.713066190485
2003,33753.11056589804,0.37382893672769435,9.844486337229341e-13,0,0,0,61713.74820444465,46371.00000000001,21135.22113179607
2004,33766.38073682475,0.37328902263513775,9.844486337229341e-13,0,0,0,61750.14629317312,46371.00000000001,21161.761473649498
2005,33779.66707166473,0.37274887587323846,9.844486337229341e-13,0,0,0,61786.59588308368,46371.00000000001,21188.33414332945
2006,33792.969596264345,0.3722084964419967,9.844486337229341e-13,0,0,0,61823.0970698611,46371.00000000001,21214.939192528684
2007,33806.28833652719,0.37166788434141207,9.844486337229341e-13,0,0,0,61859.64994942537,46371.00000000001,21241.576673054376
2008,33819.6233184142,0.37112703957148474,9.844486337229341e-13,0,0,0,61896.254617932456,46371.00000000001,21268.246636828382
2009,33832.974567943806,0.3705859621322145,9.844486337229341e-13,0,0,0,61932.91117177499,46371.00000000001,21294.949135887608
2010,33846.342111192134,0.3700446520236018,9.844486337229341e-13,0,0,0,61969.619707583,46371.00000000001,21321.68422238426
2011,33859.72597429313,0.3695031092456462,9.844486337229341e-13,0,0,0,62006.380322224584,46371.00000000001,21348.451948586247
2012,33873.126183438704,0.3689613337983484,9.844486337229341e-13,0,0,0,62043.193112806664,46371.00000000001,21375.2523668774
2013,33886.54276487896,0.3684193256817072,9.844486337229341e-13,0,0,0,62080.05817667575,46371.00000000001,21402.085529757922
2014,33899.97574492226,0.367877084895724,9.844486337229341e-13,0,0,0,62116.975611418464,46371.00000000001,21428.95148984451
2015,33913.42514993546,0.3673346114403977,9.844486337229341e-13,0,0,0,62153.945514862535,46371.00000000001,21455.850299870905
2016,33926.89100634403,0.3667919053157285,9.844486337229341e-13,0,0,0,62190.96798507731,46371.00000000001,21482.78201268805
2017,33940.37334063222,0.366248966521717,9.844486337229341e-13,0,0,0,62228.04312037458,46371.00000000001,21509.746681264434
2018,33953.872179343256,0.36570579505836287,9.844486337229341e-13,0,0,0,62265.17101930931,46371.00000000001,21536.7443586865
2019,33967.38754907947,0.3651623909256656,9.844486337229341e-13,0,0,0,62302.35178068038,46371.00000000001,21563.775098158923
2020,33980.91947650244,0.3646187541236259,9.844486337229341e-13,0,0,0,62339.58550353121,46371.00000000001,21590.838953004866
2021,33994.467988333214,0.36407488465224325,9.844486337229341e-13,0,0,0,62376.87228715068,46371.00000000001,21617.935976666424
2022,34008.03311135244,0.36353078251151816,9.844486337229341e-13,0,0,0,62414.21223107371,46371.00000000001,21645.066222704867
2023,34021.61487240051,0.3629864477014504,9.844486337229341e-13,0,0,0,62451.60543508208,46371.00000000001,21672.229744801018
2024,34035.21329837779,0.3624418802220397,9.844486337229341e-13,0,0,0,62489.051999205214,46371.00000000001,21699.426596755577
2025,34048.8284162447,0.3618970800732866,9.844486337229341e-13,0,0,0,62526.55202372085,46371.00000000001,21726.656832489396
2026,34062.46025302196,0.36135204725519054,9.844486337229341e-13,0,0,0,62564.10560915581,46371.00000000001,21753.92050604392
2027,34076.10883579071,0.3608067817677518,9.844486337229341e-13,0,0,0,62601.71285628681,46371.00000000001,21781.21767158141
2028,34089.77419169267,0.36026128361097065,9.844486337229341e-13,0,0,0,62639.37386614113,46371.00000000001,21808.54838338533
2029,34103.456347930354,0.35971555278484657,9.844486337229341e-13,0,0,0,62677.08873999747,46371.00000000001,21835.9126958607
2030,34117.1553317672,0.35916958928938003,9.844486337229341e-13,0,0,0,62714.857579386626,46371.00000000001,21863.310663534394
2031,34130.87117052776,0.3586233931245706,9.844486337229341e-13,0,0,0,62752.68048609234,46371.00000000001,21890.74234105551
2032,34144.60389159785,0.35807696429041824,9.844486337229341e-13,0,0,0,62790.55756215197,46371.00000000001,21918.207783195692
2033,34158.353522424724,0.35753030278692344,9.844486337229341e-13,0,0,0,62828.48890985733,46371.00000000001,21945.70704484944
2034,34172.12009051727,0.35698340861408595,9.844486337229341e-13,0,0,0,62866.474631755475,46371.00000000001,21973.240181034525
2035,34185.903623446146,0.3564362817719058,9.844486337229341e-13,0,0,0,62904.514830649445,46371.00000000001,22000.80724689228
2036,34199.704148843986,0.3558889222603825,9.844486337229341e-13,0,0,0,62942.609609599014,46371.00000000001,22028.40829768797
2037,34213.521694405536,0.35534133007951696,9.844486337229341e-13,0,0,0,62980.75907192156,46371.00000000001,22056.043388811064
2038,34227.35628788786,0.3547935052293085,9.844486337229341e-13,0,0,0,63018.96332119276,46371.00000000001,22083.712575775713
2039,34241.207957110484,0.35424544770975785,9.844486337229341e-13,0,0,0,63057.22246124742,46371.00000000001,22111.415914220957
2040,34255.07672995561,0.35369715752086406,9.844486337229341e-13,0,0,0,63095.536596180296,46371.00000000001,22139.153459911216
2041,34268.962634368254,0.3531486346626276,9.844486337229341e-13,0,0,0,63133.905830346856,46371.00000000001,22166.925268736504
2042,34282.86569835643,0.35259987913504864,9.844486337229341e-13,0,0,0,63172.33026836403,46371.00000000001,22194.731396712847
2043,34296.78594999134,0.35205089093812636,9.844486337229341e-13,0,0,0,63210.81001511112,46371.00000000001,22222.571899982675
2044,34310.72341740752,0.35150167007186206,9.844486337229341e-13,0,0,0,63249.345175730465,46371.00000000001,22250.44683481503
2045,34324.67812880307,0.35095221653625464,9.844486337229341e-13,0,0,0,63287.935855628355,46371.00000000001,22278.35625760613
2046,34338.65011243977,0.35040253033130475,9.844486337229341e-13,0,0,0,63326.58216047584,46371.00000000001,22306.30022487953
2047,34352.6393966433,0.3498526114570124,9.844486337229341e-13,0,0,0,63365.284196209424,46371.00000000001,22334.278793286598
2048,34366.64600980343,0.34930245991337694,9.844486337229341e-13,0,0,0,63404.04206903209,46371.00000000001,22362.29201960685
2049,34380.669980374136,0.3487520757003988,9.844486337229341e-13,0,0,0,63442.855885413854,46371.00000000001,22390.339960748268
2050,34394.71133687384,0.3482014588180782,9.844486337229341e-13,0,0,0,63481.72575209278,46371.00000000001,22418.42267374768
2051,34408.77010788559,0.34765060926641445,9.844486337229341e-13,0,0,0,63520.65177607576,46371.00000000001,22446.540215771176
2052,34422.84632205718,0.3470995270454085,9.844486337229341e-13,0,0,0,63559.634064639285,46371.00000000001,22474.692644114355
2053,34436.94000810142,0.3465482121550596,9.844486337229341e-13,0,0,0,63598.672725330325,46371.00000000001,22502.880016202827
2054,34451.05119479624,0.34599666459536804,9.844486337229341e-13,0,0,0,63637.76786596715,46371.00000000001,22531.10238959247
2055,34465.17991098492,0.345444884366334,9.844486337229341e-13,0,0,0,63676.91959464018,46371.00000000001,22559.35982196984
2056,34479.32618557628,0.3448928714679569,9.844486337229341e-13,0,0,0,63716.12801971279,46371.00000000001,22587.652371152562
2057,34493.490047544816,0.3443406259002375,9.844486337229341e-13,0,0,0,63755.39324982215,46371.00000000001,22615.98009508962
2058,34507.67152593093,0.343788147663175,9.844486337229341e-13,0,0,0,63794.71539388015,46371.00000000001,22644.343051861848
2059,34521.87064984108,0.34323543675677004,9.844486337229341e-13,0,0,0,63834.0945610741,46371.00000000001,22672.74129968216
2060,34536.08744844802,0.3426824931810224,9.844486337229341e-13,0,0,0,63873.530860867715,46371.00000000001,22701.17489689604
2061,34550.32195099094,0.34212931693593207,9.844486337229341e-13,0,0,0,63913.02440300194,46371.00000000001,22729.643901981868
2062,34564.57418677566,0.3415759080214986,9.844486337229341e-13,0,0,0,63952.57529749576,46371.00000000001,22758.14837355131
2063,34578.84418517482,0.3410222664377227,9.844486337229341e-13,0,0,0,63992.18365464706,46371.00000000001,22786.688370349635
2064,34593.13197562809,0.34046839218460434,9.844486337229341e-13,0,0,0,64031.84958503354,46371.00000000001,22815.263951256165
2065,34607.43758764234,0.33991428526214307,9.844486337229341e-13,0,0,0,64071.57319951359,46371.00000000001,22843.875175284666
2066,34621.76105079182,0.33935994567033934,9.844486337229341e-13,0,0,0,64111.35460922706,46371.00000000001,22872.52210158364
2067,34636.10239471841,0.3388053734091925,9.844486337229341e-13,0,0,0,64151.19392559627,46371.0,22901.20478943681
2068,34650.4616491317,0.3382505684787034,9.844486337229341e-13,0,0,0,64191.09126032673,46371.00000000001,22929.92329826339
2069,34664.8388438093,0.3376955308788714,9.844486337229341e-13,0,0,0,64231.04672540819,46371.00000000001,22958.677687618598
2070,34679.23400859697,0.3371402606096967,9.844486337229341e-13,0,0,0,64271.06043311538,46371.00000000001,22987.46801719393
2071,34693.64717340881,0.3365847576711791,9.844486337229341e-13,0,0,0,64311.13249600896,46371.00000000001,23016.29434681762
2072,34708.078368227485,0.3360290220633191,9.844486337229341e-13,0,0,0,64351.263026936416,46371.00000000001,23045.156736454963
2073,34722.527623104404,0.3354730537861159,9.844486337229341e-13,0,0,0,64391.45213903294,46371.00000000001,23074.055246208805
2074,34736.994968159896,0.3349168528395705,9.844486337229341e-13,0,0,0,64431.69994572226,46371.00000000001,23102.989936319787
2075,34751.48043358345,0.3343604192236824,9.844486337229341e-13,0,0,0,64472.006560717695,46371.00000000001,23131.96086716689
2076,34765.98404963387,0.33380375293845166,9.844486337229341e-13,0,0,0,64512.3720980229,46371.00000000001,23160.968099267735
2077,34780.50584663952,0.33324685398387777,9.844486337229341e-13,0,0,0,64552.79667193287,46371.00000000001,23190.011693279033
2078,34795.04585499844,0.33268972235996164,9.844486337229341e-13,0,0,0,64593.28039703476,46371.00000000001,23219.091709996876
2079,34809.604105178645,0.3321323580667028,9.844486337229341e-13,0,0,0,64633.823388208904,46371.00000000001,23248.208210357283
2080,34824.18062771826,0.3315747611041011,9.844486337229341e-13,0,0,0,64674.42576062968,46371.000000000015,23277.361255436514
2081,34838.77545322574,0.3310169314721565,9.844486337229341e-13,0,0,0,64715.0876297664,46371.00000000001,23306.550906451466
2082,34853.38861238004,0.3304588691708694,9.844486337229341e-13,0,0,0,64755.80911138421,46371.00000000001,23335.777224760073
2083,34868.02013593089,0.32990057420023944,9.844486337229341e-13,0,0,0,64796.59032154519,46371.00000000001,23365.04027186178
2084,34882.670054698916,0.3293420465602672,9.844486337229341e-13,0,0,0,64837.431376609,46371.00000000001,23394.34010939783
2085,34897.33839957591,0.3287832862509519,9.844486337229341e-13,0,0,0,64878.332393234115,46371.00000000001,23423.676799151806
2086,34912.02520152496,0.3282242932722941,9.844486337229341e-13,0,0,0,64919.29348837853,46371.00000000001,23453.050403049907
2087,34926.73049158073,0.3276650676242936,9.844486337229341e-13,0,0,0,64960.314779300796,46371.00000000001,23482.460983161454
2088,34941.45430084963,0.3271056093069502,9.844486337229341e-13,0,0,0,65001.39638356098,46371.00000000001,23511.90860169926
2089,34956.19666051002,0.32654591832026414,9.844486337229341e-13,0,0,0,65042.53841902158,46371.000000000015,23541.393321020023
2090,34970.95760181239,0.3259859946642354,9.844486337229341e-13,0,0,0,65083.74100384842,46371.00000000001,23570.915203624776
2091,34985.73715607965,0.32542583833886374,9.844486337229341e-13,0,0,0,65125.00425651177,46371.00000000001,23600.4743121593
2092,35000.53535470724,0.32486544934414985,9.844486337229341e-13,0,0,0,65166.328295787054,46371.00000000001,23630.070709414467
2093,35015.35222916341,0.32430482768009306,9.844486337229341e-13,0,0,0,65207.71324075608,46371.00000000001,23659.704458326807
2094,35030.18781098939,0.3237439733466936,9.844486337229341e-13,0,0,0,65249.159210807826,46371.00000000001,23689.37562197877
2095,35045.04213179962,0.3231828863439514,9.844486337229341e-13,0,0,0,65290.66632563947,46371.00000000001,23719.084263599238
2096,35059.91522328196,0.32262156667186637,9.844486337229341e-13,0,0,0,65332.23470525733,46371.00000000001,23748.83044656392
2097,35074.80711719788,0.32206001433043885,9.844486337229341e-13,0,0,0,65373.86446997787,46371.00000000001,23778.614234395754
2098,35089.71784538269,0.32149822931966865,9.844486337229341e-13,0,0,0,65415.55574042864,46371.00000000001,23808.43569076538
2099,35104.64743974578,0.3209362116395553,9.844486337229341e-13,0,0,0,65457.30863754937,46371.00000000001,23838.294879491554
2100,35119.59593227075,0.32037396129009976,9.844486337229341e-13,0,0,0,65499.12328259278,46371.00000000001,23868.191864541495
2101,35134.56335501573,0.3198114782713015,9.844486337229341e-13,0,0,0,65540.99979712571,46371.00000000001,23898.12671003145
2102,35149.54974011352,0.3192487625831604,9.844486337229341e-13,0,0,0,65582.93830303008,46371.00000000001,23928.099480227032
2103,35164.55511977184,0.31868581422567654,9.844486337229341e-13,0,0,0,65624.93892250382,46371.00000000001,23958.11023954367
2104,35179.57952627352,0.31812263319885004,9.844486337229341e-13,0,0,0,65667.00177806195,46371.00000000001,23988.159052547035
2105,35194.62299197676,0.31755921950268107,9.844486337229341e-13,0,0,0,65709.1269925376,46371.00000000001,24018.245983953504
2106,35209.685549315305,0.316995573137169,9.844486337229341e-13,0,0,0,65751.31468908292,46371.00000000001,24048.371098630603
2107,35224.767230798694,0.3164316941023142,9.844486337229341e-13,0,0,0,65793.5649911702,46371.00000000001,24078.53446159738
2108,35239.868069012446,0.31586758239811696,9.844486337229341e-13,0,0,0,65835.87802259278,46371.00000000001,24108.736138024888
2109,35254.98809661833,0.31530323802457705,9.844486337229341e-13,0,0,0,65878.25390746615,46371.00000000001,24138.97619323665
2110,35270.127346354544,0.31473866098169423,9.844486337229341e-13,0,0,0,65920.69277022901,46371.00000000001,24169.254692709077
2111,35285.285851035944,0.31417385126946895,9.844486337229341e-13,0,0,0,65963.19473564412,46371.00000000001,24199.57170207188
2112,35300.4636435543,0.31360880888790077,9.844486337229341e-13,0,0,0,66005.75992879958,46371.00000000001,24229.92728710859
2113,35315.66075687846,0.31304353383699013,9.844486337229341e-13,0,0,0,66048.3884751096,46371.00000000001,24260.321513756913
2114,35330.877224054646,0.3124780261167366,9.844486337229341e-13,0,0,0,66091.08050031583,46371.00000000001,24290.754448109285
2115,35346.11307820661,0.3119122857271406,9.844486337229341e-13,0,0,0,66133.83613048811,46371.000000000015,24321.22615641321
2116,35361.368352535916,0.31134631266820145,9.844486337229341e-13,0,0,0,66176.65549202572,46371.00000000001,24351.736705071824
2117,35376.64308032212,0.31078010693991986,9.844486337229341e-13,0,0,0,66219.53871165837,46371.00000000001,24382.28616064424
2118,35391.93729492304,0.3102136685422956,9.844486337229341e-13,0,0,0,66262.48591644721,46371.0,24412.874589846073
2119,35407.25102977496,0.3096469974753284,9.844486337229341e-13,0,0,0,66305.49723378604,46371.00000000001,24443.502059549915
2120,35422.584318392845,0.309080093739019,9.844486337229341e-13,0,0,0,66348.57279140204,46371.00000000001,24474.16863678568
2121,35437.93719437062,0.3085129573333665,9.844486337229341e-13,0,0,0,66391.71271735734,46371.00000000001,24504.87438874124
2122,35453.30969138136,0.30794558825837126,9.844486337229341e-13,0,0,0,66434.91714004963,46371.00000000001,24535.61938276271
2123,35468.701843177514,0.3073779865140336,9.844486337229341e-13,0,0,0,66478.18618821345,46371.00000000001,24566.403686355017
2124,35484.113683591175,0.30681015210035323,9.844486337229341e-13,0,0,0,66521.51999092127,46371.00000000001,24597.227367182342
2125,35499.5452465343,0.30624208501732997,9.844486337229341e-13,0,0,0,66564.91867758452,46371.00000000001,24628.09049306859
2126,35514.99656599892,0.305673785264964,9.844486337229341e-13,0,0,0,66608.38237795472,46371.00000000001,24658.99313199783
2127,35530.4676760574,0.3051052528432554,9.844486337229341e-13,0,0,0,66651.91122212455,46371.00000000001,24689.935352114793
2128,35545.95861086267,0.3045364877522043,9.844486337229341e-13,0,0,0,66695.50534052886,46371.00000000001,24720.91722172533
2129,35561.46940464846,0.30396748999181034,9.844486337229341e-13,0,0,0,66739.164863946,46371.00000000001,24751.93880929691
2130,35577.00009172954,0.30339825956207345,9.844486337229341e-13,0,0,0,66782.88992349872,46371.00000000001,24783.00018345907
2131,35592.550706501934,0.3028287964629941,9.844486337229341e-13,0,0,0,66826.68065065525,46371.00000000001,24814.101413003864
2132,35608.12128344321,0.30225910069457207,9.844486337229341e-13,0,0,0,66870.53717723062,46371.0,24845.242566886413
2133,35623.71185711268,0.30168917225680714,9.844486337229341e-13,0,0,0,66914.45963538768,46371.00000000001,24876.423714225348
2134,35639.32246215162,0.30111901114969997,9.844486337229341e-13,0,0,0,66958.44815763805,46371.00000000001,24907.644924303233
2135,35654.953133283605,0.30054861737324967,9.844486337229341e-13,0,0,0,67002.50287684356,46371.00000000001,24938.906266567203
2136,35670.60390531463,0.2999779909274567,9.844486337229341e-13,0,0,0,67046.6239262171,46371.00000000001,24970.207810629257
2137,35686.274813133445,0.29940713181232126,9.844486337229341e-13,0,0,0,67090.81143932394,46371.00000000001,25001.54962626688
2138,35701.96589171175,0.29883604002784314,9.844486337229341e-13,0,0,0,67135.06555008276,46371.000000000015,25032.931783423486
2139,35717.67717610447,0.2982647155740219,9.844486337229341e-13,0,0,0,67179.38639276687,46371.00000000001,25064.35435220894
2140,35733.40870144998,0.2976931584508582,9.844486337229341e-13,0,0,0,67223.77410200526,46371.00000000001,25095.817402899957
2141,35749.160502970364,0.2971213686583516,9.844486337229341e-13,0,0,0,67268.22881278388,46371.0,25127.321005940725
2142,35764.93261597164,0.29654934619650297,9.844486337229341e-13,0,0,0,67312.75066044663,46371.00000000001,25158.865231943262
2143,35780.72507584406,0.295977091065311,9.844486337229341e-13,0,0,0,67357.3397806968,46371.00000000001,25190.450151688103
2144,35796.537918062284,0.2954046032647766,9.844486337229341e-13,0,0,0,67401.9963095978,46371.00000000001,25222.075836124564
2145,35812.37117818572,0.29483188279489947,9.844486337229341e-13,0,0,0,67446.72038357481,46371.00000000001,25253.742356371433
2146,35828.22489185869,0.2942589296556797,9.844486337229341e-13,0,0,0,67491.51213941559,46371.00000000001,25285.449783717373
2147,35844.09909481074,0.293685743847117,9.844486337229341e-13,0,0,0,67536.37171427184,46371.00000000001,25317.19818962148
2148,35859.993822856864,0.2931123253692116,9.844486337229341e-13,0,0,0,67581.29924566035,46371.00000000001,25348.987645713725
2149,35875.90911189777,0.2925386742219638,9.844486337229341e-13,0,0,0,67626.29487146415,46371.00000000001,25380.818223795522
2150,35891.844997920125,0.29196479040537304,9.844486337229341e-13,0,0,0,67671.35872993374,46371.000000000015,25412.68999584024
2151,35907.80151699683,0.2913906739194396,9.844486337229341e-13,0,0,0,67716.49095968825,46371.00000000001,25444.603033993644
2152,35923.778705287245,0.29081632476416375,9.844486337229341e-13,0,0,0,67761.69169971668,46371.00000000001,25476.557410574478
2153,35939.7765990375,0.29024174293954474,9.844486337229341e-13,0,0,0,67806.96108937917,46371.00000000001,25508.55319807499
2154,35955.79523458068,0.2896669284455835,9.844486337229341e-13,0,0,0,67852.29926840797,46371.00000000001,25540.590469161343
2155,35971.83464833715,0.28909188128227914,9.844486337229341e-13,0,0,0,67897.70637690897,46371.00000000001,25572.669296674292
2156,35987.894876814775,0.2885166014496323,9.844486337229341e-13,0,0,0,67943.18255536267,46371.00000000001,25604.789753629542
2157,36003.9759566092,0.2879410889476428,9.844486337229341e-13,0,0,0,67988.72794462554,46371.00000000001,25636.9519132184
2158,36020.077924404126,0.2873653437763104,9.844486337229341e-13,0,0,0,68034.34268593126,46371.00000000001,25669.155848808245
2159,36036.20081697151,0.28678936593563575,9.844486337229341e-13,0,0,0,68080.02692089177,46371.00000000001,25701.401633943013
2160,36052.34467117193,0.28621315542561776,9.844486337229341e-13,0,0,0,68125.78079149884,46371.0,25733.689342343856
2161,36068.50952395475,0.2856367122462573,9.844486337229341e-13,0,0,0,68171.60444012495,46371.00000000001,25766.019047909496
2162,36084.695412358444,0.2850600363975544,9.844486337229341e-13,0,0,0,68217.49800952474,46371.00000000001,25798.39082471688
2163,36100.902373510864,0.2844831278795086,9.844486337229341e-13,0,0,0,68263.46164283635,46371.00000000001,25830.804747021717
2164,36117.13044462947,0.2839059866921201,9.844486337229341e-13,0,0,0,68309.4954835824,46371.00000000001,25863.260889258927
2165,36133.37966302163,0.2833286128353891,9.844486337229341e-13,0,0,0,68355.59967567153,46371.00000000001,25895.75932604325
2166,36149.6500660849,0.28275100630931527,9.844486337229341e-13,0,0,0,68401.7743633995,46371.00000000001,25928.30013216979
2167,36165.94169130725,0.2821731671138987,9.844486337229341e-13,0,0,0,68448.01969145052,46371.00000000001,25960.88338261449
2168,36182.25457626738,0.2815950952491395,9.844486337229341e-13,0,0,0,68494.33580489855,46371.000000000015,25993.509152534756
2169,36198.58875863498,0.2810167907150374,9.844486337229341e-13,0,0,0,68540.72284920853,46371.00000000001,26026.17751726995
2170,36214.94427617097,0.2804382535115926,9.844486337229341e-13,0,0,0,68587.1809702377,46371.00000000001,26058.888552341938
2171,36231.32116672784,0.2798594836388053,9.844486337229341e-13,0,0,0,68633.71031423689,46371.00000000001,26091.642333455668
2172,36247.71946824986,0.27928048109667536,9.844486337229341e-13,0,0,0,68680.3110278518,46371.00000000001,26124.43893649971
2173,36264.13921877342,0.2787012458852025,9.844486337229341e-13,0,0,0,68726.9832581244,46371.000000000015,26157.278437546836
2174,36280.58045642725,0.278121778004387,9.844486337229341e-13,0,0,0,68773.72715249404,46371.00000000001,26190.160912854488
2175,36297.04321943272,0.27754207745422876,9.844486337229341e-13,0,0,0,68820.54285879897,46371.00000000001,26223.086438865437
2176,36313.527546104146,0.27696214423472787,9.844486337229341e-13,0,0,0,68867.43052527752,46371.00000000001,26256.055092208284
2177,36330.03347484903,0.2763819783458845,9.844486337229341e-13,0,0,0,68914.39030056952,46371.000000000015,26289.066949698044
2178,36346.56104416836,0.27580157978769826,9.844486337229341e-13,0,0,0,68961.42233371752,46371.00000000001,26322.122088336713
2179,36363.11029265692,0.2752209485601691,9.844486337229341e-13,0,0,0,69008.5267741683,46371.00000000001,26355.220585313837
2180,36379.681259003504,0.2746400846632975,9.844486337229341e-13,0,0,0,69055.70377177399,46371.0,26388.362518007005
2181,36396.273981991275,0.2740589880970834,9.844486337229341e-13,0,0,0,69102.95347679353,46371.00000000001,26421.547963982543
2182,36412.88850049802,0.2734776588615262,9.844486337229341e-13,0,0,0,69150.27603989409,46371.00000000001,26454.77700099603
2183,36429.52485349642,0.2728960969566263,9.844486337229341e-13,0,0,0,69197.67161215229,46371.00000000001,26488.04970699283
2184,36446.183080054354,0.2723143023823842,9.844486337229341e-13,0,0,0,69245.14034505561,46371.00000000001,26521.366160108697
2185,36462.863219335224,0.2717322751387987,9.844486337229341e-13,0,0,0,69292.68239050385,46371.00000000001,26554.72643867044
2186,36479.56531059816,0.271150015225871,9.844486337229341e-13,0,0,0,69340.29790081028,46371.00000000001,26588.130621196313
2187,36496.28939319841,0.2705675226436004,9.844486337229341e-13,0,0,0,69387.98702870325,46371.00000000001,26621.578786396803
2188,36513.035506587534,0.26998479739198733,9.844486337229341e-13,0,0,0,69435.74992732747,46371.00000000001,26655.07101317506
2189,36529.803690313805,0.26940183947103113,9.844486337229341e-13,0,0,0,69483.58675024542,46371.00000000001,26688.607380627604
2190,36546.593984022395,0.2688186488807327,9.844486337229341e-13,0,0,0,69531.4976514386,46371.00000000001,26722.187968044782
2191,36563.40642745575,0.26823522562109137,9.844486337229341e-13,0,0,0,69579.48278530926,46371.00000000001,26755.812854911495
2192,36580.24106045386,0.2676515696921071,9.844486337229341e-13,0,0,0,69627.54230668143,46371.00000000001,26789.482120907716
2193,36597.097922954534,0.26706768109378043,9.844486337229341e-13,0,0,0,69675.6763708026,46371.00000000001,26823.195845909057
2194,36613.977054993724,0.26648355982611127,9.844486337229341e-13,0,0,0,69723.88513334491,46371.00000000001,26856.954109987437
2195,36630.87849670585,0.265899205889099,9.844486337229341e-13,0,0,0,69772.16875040693,46371.000000000015,26890.756993411695
2196,36647.80228832404,0.265314619282744,9.844486337229341e-13,0,0,0,69820.52737851461,46371.00000000001,26924.60457664807
2197,36664.748470180464,0.2647298000070466,9.844486337229341e-13,0,0,0,69868.96117462307,46371.00000000001,26958.49694036092
2198,36681.717082706666,0.2641447480620063,9.844486337229341e-13,0,0,0,69917.47029611794,46371.00000000001,26992.43416541332
2199,36698.708166433804,0.26355946344762327,9.844486337229341e-13,0,0,0,69966.05490081676,46371.00000000001,27026.4163328676
2200,36715.72176199301,0.2629739461638978,9.844486337229341e-13,0,0,0,70014.7151469704,46371.00000000001,27060.443523986007
2201,36732.75791011568,0.2623881962108294,9.844486337229341e-13,0,0,0,70063.45119326469,46371.00000000001,27094.51582023135
2202,36749.81665163377,0.26180221358841815,9.844486337229341e-13,0,0,0,70112.26319882167,46371.00000000001,27128.633303267543
2203,36766.89802748012,0.2612159982966644,9.844486337229341e-13,0,0,0,70161.15132320121,46371.0,27162.79605496024
2204,36784.002078688754,0.260629550335568,9.844486337229341e-13,0,0,0,70210.11572640238,46371.0,27197.004157377505
2205,36801.12884639519,0.26004286970512913,9.844486337229341e-13,0,0,0,70259.15656886499,46371.00000000001,27231.25769279038
2206,36818.27837183679,0.25945595640534713,9.844486337229341e-13,0,0,0,70308.27401147109,46371.00000000001,27265.556743673566
2207,36835.45069635298,0.2588688104362227,9.844486337229341e-13,0,0,0,70357.46821554632,46371.00000000001,27299.901392705953
2208,36852.64586138569,0.2582814317977553,9.844486337229341e-13,0,0,0,70406.73934286169,46371.00000000001,27334.29172277137
2209,36869.86390847956,0.2576938204899455,9.844486337229341e-13,0,0,0,70456.08755563473,46371.00000000001,27368.727816959108
2210,36887.10487928232,0.25710597651279277,9.844486337229341e-13,0,0,0,70505.51301653127,46371.00000000001,27403.209758564637
2211,36904.368815545095,0.2565178998662976,9.844486337229341e-13,0,0,0,70555.01588866682,46371.00000000001,27437.737631090182
2212,36921.65575912272,0.2559295905504595,9.844486337229341e-13,0,0,0,70604.5963356082,46371.00000000001,27472.311518245424
2213,36938.965751974036,0.2553410485652787,9.844486337229341e-13,0,0,0,70654.2545213749,46371.00000000001,27506.931503948064
2214,36956.29883616227,0.2547522739107553,9.844486337229341e-13,0,0,0,70703.99061044077,46371.00000000001,27541.597672324533
2215,36973.655053855306,0.2541632665868889,9.844486337229341e-13,0,0,0,70753.80476773548,46371.00000000001,27576.310107710608
2216,36991.03444732601,0.25357402659368034,9.844486337229341e-13,0,0,0,70803.69715864603,46371.0,27611.06889465202
2217,37008.43705895262,0.25298455393112884,9.844486337229341e-13,0,0,0,70853.6679490185,46371.00000000001,27645.874117905234
2218,37025.86293121898,0.25239484859923467,9.844486337229341e-13,0,0,0,70903.71730515931,46371.00000000001,27680.72586243795
2219,37043.31210671493,0.2518049105979976,9.844486337229341e-13,0,0,0,70953.84539383701,46371.00000000001,27715.62421342986
2220,37060.784628136615,0.25121473992741805,9.844486337229341e-13,0,0,0,71004.05238228374,46371.00000000001,27750.569256273222
2221,37078.28053828682,0.25062433658749583,9.844486337229341e-13,0,0,0,71054.3384381969,46371.00000000001,27785.561076573627
2222,37095.7998800753,0.2500337005782307,9.844486337229341e-13,0,0,0,71104.7037297406,46371.000000000015,27820.599760150584
2223,37113.342696519096,0.2494428318996229,9.844486337229341e-13,0,0,0,71155.14842554736,46371.00000000001,27855.685393038184
2224,37130.909030742914,0.24885173055167242,9.844486337229341e-13,0,0,0,71205.67269471972,46371.00000000001,27890.818061485817
2225,37148.498925979395,0.24826039653437948,9.844486337229341e-13,0,0,0,71256.27670683165,46371.00000000001,27925.99785195878
2226,37166.112425569525,0.2476688298477434,9.844486337229341e-13,0,0,0,71306.96063193049,46371.00000000001,27961.224851139043
2227,37183.7495729629,0.24707703049176488,9.844486337229341e-13,0,0,0,71357.72464053817,46371.00000000001,27996.499145925798
2228,37201.41041171812,0.2464849984664439,9.844486337229341e-13,0,0,0,71408.56890365321,46371.00000000001,28031.82082343623
2229,37219.09498550311,0.24589273377177978,9.844486337229341e-13,0,0,0,71459.49359275209,46371.00000000001,28067.189971006206
2230,37236.80333809544,0.2453002364077732,9.844486337229341e-13,0,0,0,71510.49887979095,46371.00000000001,28102.606676190866
2231,37254.5355133827,0.24470750637442396,9.844486337229341e-13,0,0,0,71561.58493720731,46371.00000000001,28138.071026765403
2232,37272.29155536286,0.2441145436717318,9.844486337229341e-13,0,0,0,71612.75193792165,46371.00000000001,28173.583110725715
2233,37290.07150814453,0.24352134829969718,9.844486337229341e-13,0,0,0,71664.000055339,46371.00000000001,28209.143016289054
2234,37307.875415947405,0.24292792025831988,9.844486337229341e-13,0,0,0,71715.32946335073,46371.00000000001,28244.750831894802
2235,37325.70332310257,0.24233425954759946,9.844486337229341e-13,0,0,0,71766.74033633622,46371.00000000001,28280.406646205138
2236,37343.55527405282,0.24174036616753702,9.844486337229341e-13,0,0,0,71818.23284916433,46371.00000000001,28316.110548105633
2237,37361.43131335309,0.24114624011813146,9.844486337229341e-13,0,0,0,71869.80717719537,46371.00000000001,28351.86262670617
2238,37379.331485670715,0.24055188139938322,9.844486337229341e-13,0,0,0,71921.46349628257,46371.00000000001,28387.662971341422
2239,37397.25583578586,0.23995729001129207,9.844486337229341e-13,0,0,0,71973.20198277388,46371.00000000001,28423.511671571705
2240,37415.204408591795,0.23936246595385846,9.844486337229341e-13,0,0,0,72025.02281351358,46371.0,28459.408817183587
2241,37433.17724909535,0.23876740922708217,9.844486337229341e-13,0,0,0,72076.92616584418,46371.00000000001,28495.3544981907
2242,37451.17440241719,0.23817211983096342,9.844486337229341e-13,0,0,0,72128.9122176079,46371.00000000001,28531.348804834375
2243,37469.19591379222,0.23757659776550155,9.844486337229341e-13,0,0,0,72180.98114714853,46371.00000000001,28567.39182758443
2244,37487.2418285699,0.236980843030697,9.844486337229341e-13,0,0,0,72233.1331333132,46371.00000000001,28603.4836571398
2245,37505.31219221466,0.23638485562654998,9.844486337229341e-13,0,0,0,72285.36835545395,46371.00000000001,28639.624384429313
2246,37523.407050306225,0.23578863555306007,9.844486337229341e-13,0,0,0,72337.68699342961,46371.00000000001,28675.814100612446
2247,37541.52644853999,0.2351921828102277,9.844486337229341e-13,0,0,0,72390.08922760755,46371.00000000001,28712.052897079975
2248,37559.6704327274,0.2345954973980524,9.844486337229341e-13,0,0,0,72442.57523886538,46371.00000000001,28748.340865454793
2249,37577.83904879628,0.23399857931653445,9.844486337229341e-13,0,0,0,72495.14520859274,46371.00000000001,28784.67809759256
2250,37596.03234279125,0.2334014285656738,9.844486337229341e-13,0,0,0,72547.79931869308,46371.00000000001,28821.064685582496
2251,37614.250360874044,0.2328040451454707,9.844486337229341e-13,0,0,0,72600.5377515854,46371.0,28857.500721748085
2252,37632.49314932395,0.23220642905592448,9.844486337229341e-13,0,0,0,72653.36069020619,46371.00000000001,28893.986298647895
2253,37650.76075453809,0.2316085802970358,9.844486337229341e-13,0,0,0,72706.26831801093,46371.00000000001,28930.52150907617
2254,37669.053223031864,0.23101049886880465,9.844486337229341e-13,0,0,0,72759.2608189762,46371.00000000001,28967.10644606372
2255,37687.37060143933,0.23041218477123038,9.844486337229341e-13,0,0,0,72812.33837760137,46371.00000000001,29003.741202878657
2256,37705.712936513526,0.22981363800431343,9.844486337229341e-13,0,0,0,72865.50117891029,46371.0,29040.42587302705
2257,37724.080275126886,0.22921485856805401,9.844486337229341e-13,0,0,0,72918.74940845335,46371.000000000015,29077.16055025376
2258,37742.472664271605,0.22861584646245192,9.844486337229341e-13,0,0,0,72972.08325230912,46371.000000000015,29113.9453285432
2259,37760.89015106004,0.22801660168750715,9.844486337229341e-13,0,0,0,73025.50289708632,46371.00000000001,29150.78030212007
2260,37779.33278272509,0.22741712424321925,9.844486337229341e-13,0,0,0,73079.00852992563,46371.00000000001,29187.665565450174
2261,37797.80060662053,0.2268174141295891,9.844486337229341e-13,0,0,0,73132.60033850139,46371.00000000001,29224.601213241043
2262,37816.293670221465,0.22621747134661607,9.844486337229341e-13,0,0,0,73186.27851102375,46371.00000000001,29261.587340442922
2263,37834.812021124686,0.22561729589430035,9.844486337229341e-13,0,0,0,73240.04323624035,46371.00000000001,29298.624042249365
2264,37853.35570704906,0.22501688777264195,9.844486337229341e-13,0,0,0,73293.89470343821,46371.00000000001,29335.711414098103
2265,37871.9247758359,0.22441624698164087,9.844486337229341e-13,0,0,0,73347.83310244567,46371.00000000001,29372.849551671785
2266,37890.5192754494,0.22381537352129688,9.844486337229341e-13,0,0,0,73401.85862363425,46371.00000000001,29410.038550898793
2267,37909.13925397699,0.22321426739161065,9.844486337229341e-13,0,0,0,73455.97145792058,46371.00000000001,29447.278507953964
2268,37927.78475962975,0.22261292859258153,9.844486337229341e-13,0,0,0,73510.17179676822,46371.00000000001,29484.56951925949
2269,37946.45584074281,0.2220113571242095,9.844486337229341e-13,0,0,0,73564.45983218981,46371.00000000001,29521.911681485613
2270,37965.152545775716,0.221409552986495,9.844486337229341e-13,0,0,0,73618.83575674861,46371.00000000001,29559.30509155142
2271,37983.87492331287,0.2208075161794376,9.844486337229341e-13,0,0,0,73673.29976356086,46371.00000000001,29596.749846625728
2272,38002.6230220639,0.22020524670303732,9.844486337229341e-13,0,0,0,73727.85204629741,46371.0,29634.24604412779
2273,38021.39689086406,0.219602744557295,9.844486337229341e-13,0,0,0,73782.49279918578,46371.00000000001,29671.79378172811
2274,38040.196578674695,0.21900000974220912,9.844486337229341e-13,0,0,0,73837.22221701223,46371.0,29709.393157349386
2275,38059.02213458353,0.21839704225778145,9.844486337229341e-13,0,0,0,73892.04049512336,46371.00000000001,29747.04426916705
2276,38077.87360780521,0.21779384210401043,9.844486337229341e-13,0,0,0,73946.94782942867,46371.0,29784.747215610416
2277,38096.751047681595,0.21719040928089717,9.844486337229341e-13,0,0,0,74001.94441640194,46371.00000000001,29822.502095363183
2278,38115.65450368225,0.21658674378844078,9.844486337229341e-13,0,0,0,74057.03045308363,46371.00000000001,29860.309007364493
2279,38134.584025404794,0.21598284562664194,9.844486337229341e-13,0,0,0,74112.20613708267,46371.00000000001,29898.168050809585
2280,38153.53966257538,0.2153787147955002,9.844486337229341e-13,0,0,0,74167.4716665786,46371.00000000001,29936.079325150753
2281,38172.52146504903,0.21477435129501599,9.844486337229341e-13,0,0,0,74222.82724032346,46371.00000000001,29974.04293009805
2282,38191.529482810125,0.2141697551251891,9.844486337229341e-13,0,0,0,74278.27305764388,46371.00000000001,30012.05896562024
2283,38210.56376597279,0.2135649262860193,9.844486337229341e-13,0,0,0,74333.8093184432,46371.00000000001,30050.127531945567
2284,38229.624364781295,0.21295986477750706,9.844486337229341e-13,0,0,0,74389.43622320327,46371.00000000001,30088.248729562583
2285,38248.71132961052,0.2123545705996519,9.844486337229341e-13,0,0,0,74445.1539729868,46371.00000000001,30126.42265922104
2286,38267.82471096635,0.21174904375245407,9.844486337229341e-13,0,0,0,74500.96276943915,46371.00000000001,30164.649421932692
2287,38286.964559486085,0.21114328423591355,9.844486337229341e-13,0,0,0,74556.8628147906,46371.00000000001,30202.929118972166
2288,38306.1309259389,0.21053729205003058,9.844486337229341e-13,0,0,0,74612.85431185827,46371.00000000001,30241.261851877796
2289,38325.32386122627,0.20993106719480448,9.844486337229341e-13,0,0,0,74668.93746404836,46371.00000000001,30279.647722452537
2290,38344.54341638235,0.20932460967023614,9.844486337229341e-13,0,0,0,74725.11247535804,46371.00000000001,30318.086832764693
2291,38363.78964257449,0.20871791947632445,9.844486337229341e-13,0,0,0,74781.3795503778,46371.00000000001,30356.57928514898
2292,38383.06259110357,0.20811099661307075,9.844486337229341e-13,0,0,0,74837.73889429329,46371.00000000001,30395.12518220713
2293,38402.362313404534,0.20750384108047393,9.844486337229341e-13,0,0,0,74894.19071288775,46371.00000000001,30433.724626809057
2294,38421.688861046736,0.20689645287853464,9.844486337229341e-13,0,0,0,74950.73521254382,46371.000000000015,30472.37772209346
2295,38441.042285734446,0.20628883200725245,9.844486337229341e-13,0,0,0,75007.3726002459,46371.00000000001,30511.084571468884
2296,38460.42263930725,0.20568097846662758,9.844486337229341e-13,0,0,0,75064.10308358222,46371.00000000001,30549.845278614503
2297,38479.82997374051,0.20507289225666026,9.844486337229341e-13,0,0,0,75120.92687074696,46371.00000000001,30588.659947481017
2298,38499.264341145805,0.20446457337735002,9.844486337229341e-13,0,0,0,75177.84417054252,46371.00000000001,30627.528682291602
2299,38518.72579377136,0.2038560218286971,9.844486337229341e-13,0,0,0,75234.8551923816,46371.00000000001,30666.451587542706
2300,38538.214384002495,0.20324723761070151,9.844486337229341e-13,0,0,0,75291.96014628933,46371.00000000001,30705.428768004986
2301,38557.73016436211,0.20263822072336346,9.844486337229341e-13,0,0,0,75349.15924290568,46371.00000000001,30744.460328724213
2302,38577.2731875111,0.20202897116668228,9.844486337229341e-13,0,0,0,75406.45269348747,46371.00000000001,30783.546375022193
2303,38596.8435062488,0.20141948894065864,9.844486337229341e-13,0,0,0,75463.84070991063,46371.000000000015,30822.687012497587
2304,38616.44117351345,0.20080977404529232,9.844486337229341e-13,0,0,0,75521.32350467239,46371.00000000001,30861.88234702689
2305,38636.06624238267,0.20019982648058332,9.844486337229341e-13,0,0,0,75578.90129089361,46371.00000000001,30901.132484765338
2306,38655.718766073915,0.1995896462465312,9.844486337229341e-13,0,0,0,75636.574282321,46371.00000000001,30940.437532147826
2307,38675.39879794486,0.19897923334313705,9.844486337229341e-13,0,0,0,75694.34269332912,46371.00000000001,30979.797595889704
2308,38695.10639149397,0.19836858777039978,9.844486337229341e-13,0,0,0,75752.20673892311,46371.0,31019.212782987943
2309,38714.841600360916,0.19775770952831984,9.844486337229341e-13,0,0,0,75810.16663474056,46371.0,31058.68320072183
2310,38734.604478327,0.19714659861689743,9.844486337229341e-13,0,0,0,75868.22259705387,46371.00000000001,31098.208956653987
2311,38754.39507931568,0.19653525503613212,9.844486337229341e-13,0,0,0,75926.3748427727,46371.00000000001,31137.790158631346
2312,38774.21345739301,0.19592367878602412,9.844486337229341e-13,0,0,0,75984.6235894461,46371.00000000001,31177.426914786007
2313,38794.05966676811,0.19531186986657345,9.844486337229341e-13,0,0,0,76042.96905526485,46371.00000000001,31217.11933353621
2314,38813.933761793654,0.1946998282777801,9.844486337229341e-13,0,0,0,76101.41145906388,46371.00000000001,31256.867523587298
2315,38833.83579696632,0.19408755401964406,9.844486337229341e-13,0,0,0,76159.95102032443,46371.00000000001,31296.67159393263
2316,38853.76582692729,0.19347504709216534,9.844486337229341e-13,0,0,0,76218.58795917654,46371.00000000001,31336.531653854567
2317,38873.7239064627,0.19286230749534394,9.844486337229341e-13,0,0,0,76277.32249640129,46371.000000000015,31376.447812925388
2318,38893.71009050415,0.19224933522917964,9.844486337229341e-13,0,0,0,76336.15485343324,46371.000000000015,31416.420181008292
2319,38913.72443412915,0.19163613029367288,9.844486337229341e-13,0,0,0,76395.08525236267,46371.00000000001,31456.448868258296
2320,38933.76699256166,0.191022692688823,9.844486337229341e-13,0,0,0,76454.11391593817,46371.0,31496.53398512331
2321,38953.837821172485,0.19040902241463065,9.844486337229341e-13,0,0,0,76513.24106756882,46371.0,31536.675642344966
2322,38973.936975479846,0.18979511947109584,9.844486337229341e-13,0,0,0,76572.4669313266,46371.0,31576.87395095969
2323,38994.06451114985,0.18918098385821813,9.844486337229341e-13,0,0,0,76631.79173194907,46371.00000000001,31617.129022299694
2324,39014.22048399694,0.18856661557599774,9.844486337229341e-13,0,0,0,76691.21569484136,46371.00000000001,31657.440967993873
2325,39034.404949984426,0.18795201462443467,9.844486337229341e-13,0,0,0,76750.73904607898,46371.00000000001,31697.80989996885
2326,39054.61796522498,0.18733718100352914,9.844486337229341e-13,0,0,0,76810.36201241001,46371.00000000001,31738.235930449944
2327,39074.85958598112,0.18672211471328048,9.844486337229341e-13,0,0,0,76870.08482125774,46371.000000000015,31778.719171962224
2328,39095.12986866569,0.18610681575368937,9.844486337229341e-13,0,0,0,76929.9077007229,46371.000000000015,31819.259737331366
2329,39115.428869842406,0.18549128412475557,9.844486337229341e-13,0,0,0,76989.83087958638,46371.00000000001,31859.8577396848
2330,39135.756646226335,0.18487551982647887,9.844486337229341e-13,0,0,0,77049.85458731154,46371.00000000001,31900.513292452666
2331,39156.11325468439,0.18425952285885971,9.844486337229341e-13,0,0,0,77109.97905404677,46371.00000000001,31941.22650936877
2332,39176.49875223585,0.18364329322189765,9.844486337229341e-13,0,0,0,77170.204510628,46371.00000000001,31981.997504471696
2333,39196.91319605286,0.18302683091559313,9.844486337229341e-13,0,0,0,77230.53118858115,46371.00000000001,32022.82639210571
2334,39217.35664346096,0.1824101359399457,9.844486337229341e-13,0,0,0,77290.95932012475,46371.00000000001,32063.713286921913
2335,39237.82915193957,0.1817932082949556,9.844486337229341e-13,0,0,0,77351.48913817239,46371.0,32104.65830387914
2336,39258.33077912254,0.1811760479806228,9.844486337229341e-13,0,0,0,77412.12087633534,46371.00000000001,32145.661558245072
2337,39278.861582798614,0.18055865499694757,9.844486337229341e-13,0,0,0,77472.854768925,46371.00000000001,32186.72316559722
2338,39299.42162091203,0.1799410293439292,9.844486337229341e-13,0,0,0,77533.69105095563,46371.00000000001,32227.84324182405
2339,39320.010951562945,0.17932317102156836,9.844486337229341e-13,0,0,0,77594.62995814679,46371.00000000001,32269.021903125882
2340,39340.62963300803,0.17870508002986507,9.844486337229341e-13,0,0,0,77655.67172692598,46371.00000000001,32310.259266016048
2341,39361.27772366098,0.17808675636881866,9.844486337229341e-13,0,0,0,77716.81659443128,46371.00000000001,32351.55544732196
2342,39381.955282093026,0.17746820003842978,9.844486337229341e-13,0,0,0,77778.06479851388,46371.00000000001,32392.910564186044
2343,39402.66236703347,0.176849411038698,9.844486337229341e-13,0,0,0,77839.41657774079,46371.00000000001,32434.32473406693
2344,39423.39903737021,0.17623038936962354,9.844486337229341e-13,0,0,0,77900.87217139742,46371.00000000001,32475.798074740418
2345,39444.165352150296,0.17561113503120662,9.844486337229341e-13,0,0,0,77962.43181949026,46371.0,32517.330704300588
2346,39464.961370580466,0.1749916480234468,9.844486337229341e-13,0,0,0,78024.09576274955,46371.00000000001,32558.922741160924
2347,39485.78715202764,0.1743719283463443,9.844486337229341e-13,0,0,0,78085.8642426319,46371.00000000001,32600.574304055273
2348,39506.64275601951,0.17375197599989933,9.844486337229341e-13,0,0,0,78147.73750132298,46371.00000000001,32642.28551203901
2349,39527.52824224507,0.17313179098411147,9.844486337229341e-13,0,0,0,78209.7157817403,46371.00000000001,32684.056484490135
2350,39548.443670555156,0.1725113732989807,9.844486337229341e-13,0,0,0,78271.79932753587,46371.00000000001,32725.887341110305
2351,39569.389100962966,0.17189072294450747,9.844486337229341e-13,0,0,0,78333.98838309881,46371.00000000001,32767.77820192593
2352,39590.36459364466,0.17126983992069178,9.844486337229341e-13,0,0,0,78396.28319355822,46371.00000000001,32809.72918728932
2353,39611.3702089399,0.1706487242275332,9.844486337229341e-13,0,0,0,78458.68400478596,46371.00000000001,32851.740417879795
2354,39632.40600735237,0.17002737586503147,9.844486337229341e-13,0,0,0,78521.19106339922,46371.00000000001,32893.81201470474
2355,39653.47204955034,0.16940579483318752,9.844486337229341e-13,0,0,0,78583.80461676339,46371.0,32935.944099100685
2356,39674.56839636728,0.16878398113200088,9.844486337229341e-13,0,0,0,78646.52491299491,46371.000000000015,32978.13679273454
2357,39695.69510880233,0.16816193476147157,9.844486337229341e-13,0,0,0,78709.35220096391,46371.00000000001,33020.39021760465
2358,39716.85224802095,0.16753965572159935,9.844486337229341e-13,0,0,0,78772.2867302972,46371.00000000001,33062.70449604189
2359,39738.03987535543,0.16691714401238444,9.844486337229341e-13,0,0,0,78835.32875138089,46371.000000000015,33105.07975071085
2360,39759.25805230547,0.16629439963382686,9.844486337229341e-13,0,0,0,78898.47851536328,46371.00000000001,33147.516104610935
2361,39780.506840538765,0.1656714225859266,9.844486337229341e-13,0,0,0,78961.73627415785,46371.00000000001,33190.01368107752
2362,39801.78630189155,0.16504821286868365,9.844486337229341e-13,0,0,0,79025.10228044589,46371.00000000001,33232.5726037831
2363,39823.09649836921,0.16442477048209803,9.844486337229341e-13,0,0,0,79088.57678767951,46371.00000000001,33275.19299673841
2364,39844.43749214681,0.16380109542616972,9.844486337229341e-13,0,0,0,79152.16005008445,46371.00000000001,33317.874984293616
2365,39865.80934556974,0.1631771877008985,9.844486337229341e-13,0,0,0,79215.85232266305,46371.00000000001,33360.61869113947
2366,39887.2121211542,0.16255304730628506,9.844486337229341e-13,0,0,0,79279.65386119699,46371.00000000001,33403.4242423084
2367,39908.64588158791,0.1619286742423287,9.844486337229341e-13,0,0,0,79343.56492225047,46371.00000000001,33446.29176317581
2368,39930.11068973058,0.16130406850902945,9.844486337229341e-13,0,0,0,79407.5857631729,46371.00000000001,33489.22137946115
2369,39951.60660861456,0.16067923010638752,9.844486337229341e-13,0,0,0,79471.71664210192,46371.00000000001,33532.21321722911
2370,39973.13370144541,0.1600541590344029,9.844486337229341e-13,0,0,0,79535.95781796638,46371.00000000001,33575.267402890815
2371,39994.69203160252,0.15942885529307582,9.844486337229341e-13,0,0,0,79600.30955048931,46371.000000000015,33618.38406320503
2372,40016.28166263967,0.15880331888240584,9.844486337229341e-13,0,0,0,79664.7721001909,46371.0,33661.563325279334
2373,40037.90265828566,0.15817754980239318,9.844486337229341e-13,0,0,0,79729.34572839148,46371.00000000001,33704.80531657131
2374,40059.55508244488,0.15755154805303784,9.844486337229341e-13,0,0,0,79794.03069721448,46371.00000000001,33748.11016488975
2375,40081.238999197936,0.1569253136343398,9.844486337229341e-13,0,0,0,79858.82726958954,46371.00000000001,33791.477998395865
2376,40102.95447280227,0.1562988465462991,9.844486337229341e-13,0,0,0,79923.73570925558,46371.00000000001,33834.908945604526
2377,40124.70156769272,0.1556721467889155,9.844486337229341e-13,0,0,0,79988.75628076369,46371.00000000001,33878.40313538543
2378,40146.48034848216,0.15504521436218965,9.844486337229341e-13,0,0,0,80053.88924948024,46371.000000000015,33921.96069696431
2379,40168.29087996215,0.15441804926612046,9.844486337229341e-13,0,0,0,80119.13488159019,46371.0,33965.5817599243
2380,40190.13322710347,0.15379065150070903,9.844486337229341e-13,0,0,0,80184.49344409977,46371.00000000001,34009.26645420693
2381,40212.00745505681,0.1531630210659547,9.844486337229341e-13,0,0,0,80249.96520483994,46371.0,34053.01491011362
2382,40233.91362915335,0.1525351579618579,9.844486337229341e-13,0,0,0,80315.55043246935,46371.00000000001,34096.827258306694
2383,40255.851814905414,0.15190706218841843,9.844486337229341e-13,0,0,0,80381.24939647745,46371.00000000001,34140.70362981082
2384,40277.82207800708,0.15127873374563605,9.844486337229341e-13,0,0,0,80447.06236718774,46371.00000000001,34184.64415601415
2385,40299.824484334786,0.15065017263351077,9.844486337229341e-13,0,0,0,80512.98961576085,46371.00000000001,34228.648968669564
2386,40321.859099948,0.15002137885204325,9.844486337229341e-13,0,0,0,80579.03141419766,46371.00000000001,34272.71819989599
2387,40343.925991089855,0.14939235240123283,9.844486337229341e-13,0,0,0,80645.18803534268,46371.00000000001,34316.8519821797
2388,40366.02522418775,0.1487630932810795,9.844486337229341e-13,0,0,0,80711.45975288712,46371.00000000001,34361.0504483755
2389,40388.15686585401,0.14813360149158394,9.844486337229341e-13,0,0,0,80777.84684137203,46371.000000000015,34405.31373170801
2390,40410.320982886544,0.14750387703274526,9.844486337229341e-13,0,0,0,80844.34957619171,46371.00000000001,34449.64196577308
2391,40432.51764226945,0.1468739199045641,9.844486337229341e-13,0,0,0,80910.96823359684,46371.00000000001,34494.03528453889
2392,40454.7469111737,0.14624373010704028,9.844486337229341e-13,0,0,0,80977.7030906978,46371.00000000001,34538.493822347395
2393,40477.008856957786,0.14561330764017355,9.844486337229341e-13,0,0,0,81044.55442546793,46371.00000000001,34583.017713915564
2394,40499.30354716833,0.14498265250396436,9.844486337229341e-13,0,0,0,81111.5225167467,46371.00000000001,34627.60709433666
2395,40521.63104954082,0.14435176469841227,9.844486337229341e-13,0,0,0,81178.60764424328,46371.00000000001,34672.26209908163
2396,40543.99143200017,0.1437206442235175,9.844486337229341e-13,0,0,0,81245.8100885396,46371.00000000001,34716.98286400033
2397,40566.38476266147,0.14308929107928003,9.844486337229341e-13,0,0,0,81313.13013109386,46371.000000000015,34761.76952532293
2398,40588.81110983059,0.14245770526570012,9.844486337229341e-13,0,0,0,81380.5680542437,46371.00000000001,34806.62221966117
2399,40611.270542004895,0.14182588678277708,9.844486337229341e-13,0,0,0,81448.12414120986,46371.000000000015,34851.541084009776
2400,40633.76312787385,0.14119383563051158,9.844486337229341e-13,0,0,0,81515.79867609918,46371.00000000001,34896.52625574769
2401,40656.288936319754,0.1405615518089034,9.844486337229341e-13,0,0,0,81583.59194390832,46371.00000000001,34941.5778726395
2402,40678.84803641839,0.13992903531795253,9.844486337229341e-13,0,0,0,81651.504230527,46371.00000000001,34986.69607283678
2403,40701.44049743972,0.139296286157659,9.844486337229341e-13,0,0,0,81719.53582274153,46371.000000000015,35031.88099487942
2404,40724.066388848514,0.13866330432802254,9.844486337229341e-13,0,0,0,81787.68700823809,46371.00000000001,35077.13277769702
2405,40746.725780305096,0.1380300898290434,9.844486337229341e-13,0,0,0,81855.95807560641,46371.00000000001,35122.451560610185
2406,40769.41874166599,0.13739664266072182,9.844486337229341e-13,0,0,0,81924.34931434302,46371.00000000001,35167.837483331976
2407,40792.145342984644,0.13676296282305733,9.844486337229341e-13,0,0,0,81992.86101485495,46371.00000000001,35213.29068596928
2408,40814.905654512084,0.13612905031605038,9.844486337229341e-13,0,0,0,82061.49346846307,46371.00000000001,35258.81130902416
2409,40837.69974669764,0.13549490513970053,9.844486337229341e-13,0,0,0,82130.24696740569,46371.00000000001,35304.39949339527
2410,40860.52769018962,0.134860527294008,9.844486337229341e-13,0,0,0,82199.1218048421,46371.00000000001,35350.055380379235
2411,40883.38955583604,0.13422591677897278,9.844486337229341e-13,0,0,0,82268.11827485611,46371.000000000015,35395.77911167206
2412,40906.285414685284,0.13359107359459488,9.844486337229341e-13,0,0,0,82337.23667245956,46371.00000000001,35441.57082937056
2413,40929.215337986876,0.13295599774087408,9.844486337229341e-13,0,0,0,82406.47729359608,46371.00000000001,35487.430675973745
2414,40952.17939719211,0.13232068921781104,9.844486337229341e-13,0,0,0,82475.84043514443,46371.00000000001,35533.35879438421
2415,40975.17766395485,0.13168514802540487,9.844486337229341e-13,0,0,0,82545.32639492242,46371.00000000001,35579.35532790969
2416,40998.210210132165,0.13104937416365625,9.844486337229341e-13,0,0,0,82614.9354716903,46371.00000000001,35625.42042026432
2417,41021.277107785114,0.13041336763256473,9.844486337229341e-13,0,0,0,82684.66796515456,46371.00000000001,35671.55421557022
2418,41044.378429179415,0.12977712843213074,9.844486337229341e-13,0,0,0,82754.52417597147,46371.00000000001,35717.75685835882
2419,41067.51424678622,0.12914065656235385,9.844486337229341e-13,0,0,0,82824.50440575092,46371.00000000001,35764.02849357243
2420,41090.684633282784,0.12850395202323428,9.844486337229341e-13,0,0,0,82894.60895706003,46371.00000000001,35810.36926656556
2421,41113.88966155327,0.12786701481477203,9.844486337229341e-13,0,0,0,82964.83813342688,46371.00000000001,35856.77932310654
2422,41137.12940468942,0.12722984493696732,9.844486337229341e-13,0,0,0,83035.19223934425,46371.000000000015,35903.25880937882
2423,41160.40393599132,0.12659244238981948,9.844486337229341e-13,0,0,0,83105.67158027338,46371.0,35949.807871982644
2424,41183.71332896815,0.1259548071733294,9.844486337229341e-13,0,0,0,83176.27646264777,46371.000000000015,35996.42665793629
2425,41207.05765733891,0.1253169392874962,9.844486337229341e-13,0,0,0,83247.00719387694,46371.00000000001,36043.115314677816
2426,41230.43699503316,0.12467883873232055,9.844486337229341e-13,0,0,0,83317.86408235016,46371.0,36089.87399006632
2427,41253.851416191814,0.12404050550780221,9.844486337229341e-13,0,0,0,83388.84743744049,46371.00000000001,36136.70283238362
2428,41277.30099516783,0.12340193961394119,9.844486337229341e-13,0,0,0,83459.95756950838,46371.00000000001,36183.60199033566
2429,41300.78580652704,0.12276314105073727,9.844486337229341e-13,0,0,0,83531.19478990568,46371.00000000001,36230.571613054075
2430,41324.30592504883,0.12212410981819088,9.844486337229341e-13,0,0,0,83602.55941097943,46371.00000000001,36277.61185009765
2431,41347.86142572698,0.12148484591630138,9.844486337229341e-13,0,0,0,83674.05174607594,46371.0,36324.72285145396
2432,41371.45238377037,0.12084534934506963,9.844486337229341e-13,0,0,0,83745.67210954436,46371.000000000015,36371.90476754072
2433,41395.07887460378,0.12020562010449498,9.844486337229341e-13,0,0,0,83817.42081674098,46371.00000000001,36419.15774920755
2434,41418.74097386868,0.11956565819457765,9.844486337229341e-13,0,0,0,83889.29818403293,46371.00000000001,36466.481947737346
2435,41442.43875742395,0.11892546361531764,9.844486337229341e-13,0,0,0,83961.30452880227,46371.0,36513.8775148479
2436,41466.172301346734,0.11828503636671517,9.844486337229341e-13,0,0,0,84033.44016944997,46371.00000000001,36561.34460269346
2437,41489.94168193317,0.11764437644876957,9.844486337229341e-13,0,0,0,84105.70542539986,46371.00000000001,36608.88336386633
2438,41513.74697569916,0.11700348386148152,9.844486337229341e-13,0,0,0,84178.10061710267,46371.00000000001,36656.49395139832
2439,41537.58825938125,0.11636235860485078,9.844486337229341e-13,0,0,0,84250.62606604012,46371.00000000001,36704.17651876249
2440,41561.46560993732,0.11572100067887736,9.844486337229341e-13,0,0,0,84323.28209472891,46371.000000000015,36751.93121987462
2441,41585.37910454744,0.11507941008356104,9.844486337229341e-13,0,0,0,84396.06902672492,46371.00000000001,36799.75820909488
2442,41609.32882061467,0.11443758681890226,9.844486337229341e-13,0,0,0,84468.98718662714,46371.000000000015,36847.65764122932
2443,41633.31483576583,0.11379553088490058,9.844486337229341e-13,0,0,0,84542.03690008192,46371.00000000001,36895.62967153165
2444,41657.33722785234,0.11315324228155621,9.844486337229341e-13,0,0,0,84615.21849378712,46371.00000000001,36943.67445570467
2445,41681.396074951015,0.11251072100886916,9.844486337229341e-13,0,0,0,84688.53229549612,46371.0,36991.79214990203
2446,41705.491455364885,0.11186796706683966,9.844486337229341e-13,0,0,0,84761.97863402215,46371.00000000001,37039.98291072976
2447,41729.62344762402,0.11122498045546725,9.844486337229341e-13,0,0,0,84835.55783924248,46371.00000000001,37088.246895248034
2448,41753.79213048632,0.11058176117475216,9.844486337229341e-13,0,0,0,84909.27024210246,46371.0,37136.58426097264
2449,41777.99758293839,0.10993830922469439,9.844486337229341e-13,0,0,0,84983.11617462001,46371.00000000001,37184.995165876775
2450,41802.23988419633,0.10929462460529371,9.844486337229341e-13,0,0,0,85057.09596988973,46371.00000000001,37233.47976839265
2451,41826.51911370656,0.10865070731655058,9.844486337229341e-13,0,0,0,85131.20996208714,46371.0,37282.038227413126
2452,41850.835351146714,0.10800655735846476,9.844486337229341e-13,0,0,0,85205.45848647307,46371.00000000001,37330.67070229342
2453,41875.188676426405,0.10736217473103626,9.844486337229341e-13,0,0,0,85279.84187939794,46371.00000000001,37379.3773528528
2454,41899.57916968813,0.10671755943426486,9.844486337229341e-13,0,0,0,85354.36047830612,46371.00000000001,37428.15833937625
2455,41924.00691130807,0.10607271146815078,9.844486337229341e-13,0,0,0,85429.01462174025,46371.00000000001,37477.01382261613
2456,41948.47198189696,0.10542763083269424,9.844486337229341e-13,0,0,0,85503.80464934562,46371.000000000015,37525.94396379391
2457,41972.97446230096,0.10478231752789502,9.844486337229341e-13,0,0,0,85578.73090187457,46371.00000000001,37574.948924601915
2458,41997.51443360251,0.10413677155375267,9.844486337229341e-13,0,0,0,85653.79372119108,46371.00000000001,37624.028867205016
2459,42022.09197712114,0.10349099291026786,9.844486337229341e-13,0,0,0,85728.9934502748,46371.00000000001,37673.183954242275
2460,42046.7071744144,0.10284498159744038,9.844486337229341e-13,0,0,0,85804.33043322591,46371.00000000001,37722.41434882879
2461,42071.360107278684,0.10219873761527021,9.844486337229341e-13,0,0,0,85879.80501526946,46371.00000000001,37771.72021455736
2462,42096.05085775016,0.10155226096375736,9.844486337229341e-13,0,0,0,85955.41754275988,46371.00000000001,37821.101715500314
2463,42120.77950810558,0.10090555164290183,9.844486337229341e-13,0,0,0,86031.16836318547,46371.00000000001,37870.559016211155
2464,42145.5461408632,0.10025860965270339,9.844486337229341e-13,0,0,0,86107.05782517295,46371.00000000001,37920.0922817264
2465,42170.350838783655,0.0996114349931625,9.844486337229341e-13,0,0,0,86183.08627849209,46371.00000000001,37969.701677567304
2466,42195.19368487085,0.0989640276642787,9.844486337229341e-13,0,0,0,86259.25407406027,46371.00000000001,38019.38736974169
2467,42220.07476237284,0.09831638766605244,9.844486337229341e-13,0,0,0,86335.56156394702,46371.0,38069.14952474568
2468,42244.99415478276,0.0976685149984835,9.844486337229341e-13,0,0,0,86412.00910137883,46371.00000000001,38118.98830956552
2469,42269.95194583969,0.09702040966157166,9.844486337229341e-13,0,0,0,86488.59704074363,46371.00000000001,38168.90389167937
2470,42294.94821952958,0.09637207165531714,9.844486337229341e-13,0,0,0,86565.32573759551,46371.000000000015,38218.89643905914
2471,42319.983060086124,0.09572350097971993,9.844486337229341e-13,0,0,0,86642.19554865948,46371.00000000001,38268.96612017224
2472,42345.05655199173,0.09507469763478005,9.844486337229341e-13,0,0,0,86719.20683183613,46371.00000000001,38319.11310398345
2473,42370.1687799784,0.09442566162049748,9.844486337229341e-13,0,0,0,86796.35994620644,46371.00000000001,38369.33755995679
2474,42395.319829028645,0.09377639293687223,9.844486337229341e-13,0,0,0,86873.6552520365,46371.00000000001,38419.639658057284
2475,42420.50978437643,0.0931268915839043,9.844486337229341e-13,0,0,0,86951.09311078228,46371.00000000001,38470.019568752854
2476,42445.7387315081,0.09247715756159347,9.844486337229341e-13,0,0,0,87028.67388509451,46371.00000000001,38520.47746301619
2477,42471.00675616328,0.09182719086994018,9.844486337229341e-13,0,0,0,87106.39793882346,46371.00000000001,38571.01351232656
2478,42496.313944335874,0.09117699150894398,9.844486337229341e-13,0,0,0,87184.26563702385,46371.00000000001,38621.62788867174
2479,42521.66038227494,0.09052655947860533,9.844486337229341e-13,0,0,0,87262.27734595965,46371.00000000001,38672.32076454987
2480,42547.04615648568,0.08987589477892399,9.844486337229341e-13,0,0,0,87340.43343310912,46371.000000000015,38723.09231297135
2481,42572.47135373038,0.08922499740989975,9.844486337229341e-13,0,0,0,87418.7342671696,46371.00000000001,38773.94270746076
2482,42597.93606102936,0.08857386737153283,9.844486337229341e-13,0,0,0,87497.18021806258,46371.00000000001,38824.87212205871
2483,42623.4403656619,0.08792250466382323,9.844486337229341e-13,0,0,0,87575.77165693854,46371.0,38875.88073132381
2484,42648.98435516728,0.08727090928677117,9.844486337229341e-13,0,0,0,87654.50895618215,46371.00000000001,38926.96871033456
2485,42674.56811734568,0.08661908124037598,9.844486337229341e-13,0,0,0,87733.39248941715,46371.00000000001,38978.13623469136
2486,42700.19174025916,0.08596702052463834,9.844486337229341e-13,0,0,0,87812.42263151136,46371.00000000001,39029.38348051831
2487,42725.85531223265,0.08531472713955801,9.844486337229341e-13,0,0,0,87891.5997585819,46371.000000000015,39080.71062446528
2488,42751.55892185493,0.084662201085135,9.844486337229341e-13,0,0,0,87970.9242480002,46371.00000000001,39132.11784370985
2489,42777.30265797962,0.08400944236136931,9.844486337229341e-13,0,0,0,88050.39647839718,46371.00000000001,39183.605315959234
2490,42803.08660972615,0.08335645096826072,9.844486337229341e-13,0,0,0,88130.01682966831,46371.00000000001,39235.1732194523
2491,42828.91086648076,0.08270322690580945,9.844486337229341e-13,0,0,0,88209.78568297885,46371.0,39286.821732961514
2492,42854.775517897484,0.08204977017401571,9.844486337229341e-13,0,0,0,88289.70342076904,46371.00000000001,39338.55103579496
2493,42880.680653899195,0.08139608077287908,9.844486337229341e-13,0,0,0,88369.77042675934,46371.00000000001,39390.36130779838
2494,42906.62636467856,0.08074215870239976,9.844486337229341e-13,0,0,0,88449.98708595562,46371.00000000001,39442.25272935711
2495,42932.61274069907,0.08008800396257798,9.844486337229341e-13,0,0,0,88530.35378465446,46371.00000000001,39494.225481398134
2496,42958.6398726961,0.0794336165534133,9.844486337229341e-13,0,0,0,88610.87091044858,46371.000000000015,39546.27974539218
2497,42984.70785167782,0.07877899647490594,9.844486337229341e-13,0,0,0,88691.53885223188,46371.00000000001,39598.41570335563
2498,43010.81676892634,0.0781241437270559,9.844486337229341e-13,0,0,0,88772.35800020507,46371.00000000001,39650.63353785268
2499,43036.96671599867,0.07746905830986295,9.844486337229341e-13,0,0,0,88853.32874588096,46371.0,39702.93343199734
2500,43063.15778472776,0.07681374022332776,9.844486337229341e-13,0,0,0,88934.45148208975,46371.000000000015,39755.3155694555
2501,43089.39006722356,0.07615818946744946,9.844486337229341e-13,0,0,0,89015.72660298464,46371.00000000001,39807.780134447115
2502,43115.66365587405,0.07550240604222846,9.844486337229341e-13,0,0,0,89097.15450404712,46371.00000000001,39860.32731174809
2503,43141.97864334628,0.07484638994766502,9.844486337229341e-13,0,0,0,89178.73558209268,46371.000000000015,39912.957286692545
2504,43168.335122587436,0.07419014118375866,9.844486337229341e-13,0,0,0,89260.47023527599,46371.00000000001,39965.670245174864
2505,43194.7331868259,0.07353365975050985,9.844486337229341e-13,0,0,0,89342.35886309677,46371.00000000001,40018.46637365179
2506,43221.1729295723,0.07287694564791813,9.844486337229341e-13,0,0,0,89424.40186640518,46371.00000000001,40071.34585914459
2507,43247.65444462058,0.07221999887598352,9.844486337229341e-13,0,0,0,89506.59964740743,46371.0,40124.30888924116
2508,43274.17782604907,0.07156281943470666,9.844486337229341e-13,0,0,0,89588.95260967137,46371.00000000001,40177.35565209813
2509,43300.74316822158,0.0709054073240869,9.844486337229341e-13,0,0,0,89671.46115813227,46371.00000000001,40230.48633644316
2510,43327.35056578846,0.07024776254412446,9.844486337229341e-13,0,0,0,89754.12569909834,46371.00000000001,40283.70113157691
2511,43354.000113687696,0.06958988509481934,9.844486337229341e-13,0,0,0,89836.94664025653,46371.00000000001,40337.000227375385
2512,43380.69190714599,0.06893177497617153,9.844486337229341e-13,0,0,0,89919.92439067818,46371.00000000001,40390.38381429198
2513,43407.42604167989,0.06827343218818105,9.844486337229341e-13,0,0,0,90003.05936082493,46371.00000000001,40443.85208335978
2514,43434.20261309685,0.06761485673084766,9.844486337229341e-13,0,0,0,90086.35196255431,46371.00000000001,40497.405226193696
2515,43461.02171749636,0.06695604860417159,9.844486337229341e-13,0,0,0,90169.80260912572,46371.00000000001,40551.043434992716
2516,43487.883451271045,0.06629700780815284,9.844486337229341e-13,0,0,0,90253.41171520611,46371.0,40604.76690254209
2517,43514.78791110779,0.06563773434279163,9.844486337229341e-13,0,0,0,90337.17969687606,46371.00000000001,40658.57582221558
2518,43541.73519398887,0.06497822820808774,9.844486337229341e-13,0,0,0,90421.10697163551,46371.0,40712.47038797774
2519,43568.72539719308,0.06431848940404095,9.844486337229341e-13,0,0,0,90505.19395840984,46371.00000000001,40766.450794386146
2520,43595.75861829681,0.06365851793065147,9.844486337229341e-13,0,0,0,90589.44107755563,46371.00000000001,40820.51723659361
2521,43622.83495517526,0.06299831378791931,9.844486337229341e-13,0,0,0,90673.84875086682,46371.00000000001,40874.669910350516
2522,43649.95450600355,0.062337876975844475,9.844486337229341e-13,0,0,0,90758.41740158072,46371.00000000001,40928.9090120071
2523,43677.11736925785,0.061677207494426955,9.844486337229341e-13,0,0,0,90843.14745438393,46371.00000000001,40983.2347385157
2524,43704.32364371656,0.061016305343666755,9.844486337229341e-13,0,0,0,90928.0393354186,46371.00000000001,41037.647287433116
2525,43731.57342846147,0.06035517052356365,9.844486337229341e-13,0,0,0,91013.09347228841,46371.0,41092.14685692293
2526,43758.866822878874,0.05969380303411809,9.844486337229341e-13,0,0,0,91098.31029406477,46371.00000000001,41146.73364575774
2527,43786.203926660804,0.05903220287532984,9.844486337229341e-13,0,0,0,91183.6902312929,46371.00000000001,41201.4078533216
2528,43813.58483980618,0.058370370047198916,9.844486337229341e-13,0,0,0,91269.23371599821,46371.00000000001,41256.16967961235
2529,43841.00966262199,0.057708304549724865,9.844486337229341e-13,0,0,0,91354.94118169243,46371.00000000001,41311.01932524397
2530,43868.47849572443,0.057046006382908576,9.844486337229341e-13,0,0,0,91440.81306337968,46371.00000000001,41365.956991448846
2531,43895.991440040176,0.056383475546749606,9.844486337229341e-13,0,0,0,91526.84979756322,46371.000000000015,41420.98288008034
2532,43923.54859680755,0.05572071204124751,9.844486337229341e-13,0,0,0,91613.0518222514,46371.00000000001,41476.097193615096
2533,43951.15006757768,0.055057715866402956,9.844486337229341e-13,0,0,0,91699.4195769641,46371.00000000001,41531.30013515535
2534,43978.79595421574,0.05439448702221594,9.844486337229341e-13,0,0,0,91785.95350273917,46371.000000000015,41586.59190843147
2535,44006.4863589022,0.053731025508685804,9.844486337229341e-13,0,0,0,91872.6540421389,46371.00000000001,41641.97271780439
2536,44034.22138413396,0.053067331325813205,9.844486337229341e-13,0,0,0,91959.52163925636,46371.00000000001,41697.442768267916
2537,44062.00113272566,0.052403404473597925,9.844486337229341e-13,0,0,0,92046.55673972194,46371.00000000001,41753.00226545131
2538,44089.825707810836,0.051739244952039964,9.844486337229341e-13,0,0,0,92133.75979070988,46371.00000000001,41808.651415621665
2539,44117.69521284323,0.0510748527611391,9.844486337229341e-13,0,0,0,92221.13124094486,46371.00000000001,41864.390425686455
2540,44145.609751597956,0.050410227900895554,9.844486337229341e-13,0,0,0,92308.6715407084,46371.00000000001,41920.219503195905
2541,44173.56942817279,0.04974537037130955,9.844486337229341e-13,0,0,0,92396.38114184575,46371.00000000001,41976.13885634558
2542,44201.57434698945,0.04908028017238064,9.844486337229341e-13,0,0,0,92484.2604977724,46371.00000000001,42032.148693978896
2543,44229.62461279477,0.048414957304109274,9.844486337229341e-13,0,0,0,92572.31006348063,46371.00000000001,42088.24922558953
2544,44257.72033066205,0.047749401766495,9.844486337229341e-13,0,0,0,92660.53029554662,46371.00000000001,42144.44066132409
2545,44263.99999999573,0.04760075908197359,9.844486337229341e-13,0,0,0,92680.25221500473,46371.00000000001,42156.99999999145
2546,44233.08613550988,0.04693514101996532,9.844486337229341e-13,0,0,0,92583.1776921266,46309.172271028314,42156.99999999145
2547,44202.2252247096,0.04626973448329563,9.844486337229341e-13,0,0,0,92486.3032813308,46247.45044942774,42156.99999999145
2548,44171.41713631724,0.04560453947196452,9.844486337229341e-13,0,0,0,92389.62840852025,46185.83427264303,42156.99999999145
2549,44140.661739491174,0.04493955598597221,9.844486337229341e-13,0,0,0,92293.1525017286,46124.3234789909,42156.99999999145
2550,44109.95890382393,0.04427478402531848,9.844486337229341e-13,0,0,0,92196.87499111057,46062.91780765641,42156.99999999145
2551,44079.30849934042,0.04361022359000333,9.844486337229341e-13,0,0,0,92100.79530893221,46001.61699868939,42156.99999999145
2552,44048.710396496186,0.042945874680027196,9.844486337229341e-13,0,0,0,92004.91288956156,45940.420793000914,42156.99999999145
2553,44018.164466175534,0.04228173729538953,9.844486337229341e-13,0,0,0,91909.22716945883,45879.328932359625,42156.99999999145
2554,43987.67057968985,0.04161781143609056,9.844486337229341e-13,0,0,0,91813.73758716718,45818.341159388256,42156.99999999145
2555,43957.2286087758,0.04095409710213038,9.844486337229341e-13,0,0,0,91718.44358330326,45757.45721756015,42156.99999999145
2556,43926.838425593545,0.040290594293508675,9.844486337229341e-13,0,0,0,91623.34460054766,45696.67685119565,42156.99999999145
2557,43896.49990272509,0.03962730301022588,9.844486337229341e-13,0,0,0,91528.4400836359,45635.99980545873,42156.99999999145
2558,43866.212913172414,0.03896422325228155,9.844486337229341e-13,0,0,0,91433.72947934884,45575.42582635338,42156.99999999145
2559,43835.97733035588,0.03830135501967602,9.844486337229341e-13,0,0,0,91339.21223650375,45514.954660720316,42156.99999999145
2560,43805.793028112406,0.03763869831240907,9.844486337229341e-13,0,0,0,91244.88780594488,45454.58605623336,42156.99999999145
2561,43775.65988069383,0.03697625313048103,9.844486337229341e-13,0,0,0,91150.7556405346,45394.31976139621,42156.99999999145
2562,43745.57776276514,0.03631401947389157,9.844486337229341e-13,0,0,0,91056.81519514405,45334.15552553883,42156.99999999145
2563,43715.54654940286,0.03565199734264102,9.844486337229341e-13,0,0,0,90963.06592664446,45274.09309881427,42156.99999999145
2564,43685.566116093265,0.03499018673672882,9.844486337229341e-13,0,0,0,90869.50729389768,45214.13223219508,42156.99999999145
2565,43655.63633873081,0.03432858765615532,9.844486337229341e-13,0,0,0,90776.13875774785,45154.272677470166,42156.99999999145
2566,43625.75709361638,0.03366720010092039,9.844486337229341e-13,0,0,0,90682.95978101203,45094.514187241315,42156.99999999145
2567,43595.92825745569,0.0330060240710246,9.844486337229341e-13,0,0,0,90589.9698284717,45034.856514919935,42156.99999999145
2568,43566.14970735756,0.03234505956646716,9.844486337229341e-13,0,0,0,90497.16836686368,44975.29941472367,42156.99999999145
2569,43536.421320832334,0.031684306587248745,9.844486337229341e-13,0,0,0,90404.55486487166,44915.84264167322,42156.99999999145
2570,43506.7429757902,0.031023765133368575,9.844486337229341e-13,0,0,0,90312.12879311726,44856.48595158894,42156.99999999145
2571,43477.11455053961,0.030363435204827205,9.844486337229341e-13,0,0,0,90219.88962415162,44797.229101087774,42156.99999999145
2572,43447.535923785625,0.029703316801624635,9.844486337229341e-13,0,0,0,90127.83683244667,44738.07184757979,42156.99999999145
2573,43418.00697462829,0.029043409923760866,9.844486337229341e-13,0,0,0,90035.96989438654,44679.01394926513,42156.99999999145
2574,43388.527582561044,0.028383714571235563,9.844486337229341e-13,0,0,0,89944.28828825906,44620.05516513064,42156.99999999145
2575,43359.09762746915,0.02772423074404895,9.844486337229341e-13,0,0,0,89852.79149424747,44561.19525494685,42156.99999999145
2576,43329.71698962807,0.027064958442201026,9.844486337229341e-13,0,0,0,89761.47899442173,44502.43397926468,42156.99999999145
2577,43300.38554970189,0.026405897665692013,9.844486337229341e-13,0,0,0,89670.35027273034,44443.771099412326,42156.99999999145
2578,43271.103188741734,0.025747048414521356,9.844486337229341e-13,0,0,0,89579.40481499184,44385.20637749201,42156.99999999145
2579,43241.86978818425,0.0250884106886895,9.844486337229341e-13,0,0,0,89488.64210888669,44326.739576377055,42156.99999999145
2580,43212.68522985,0.024429984488196443,9.844486337229341e-13,0,0,0,89398.06164394898,44268.370459708545,42156.99999999145
2581,43183.54939594191,0.023771769813041965,9.844486337229341e-13,0,0,0,89307.66291155807,44210.09879189237,42156.99999999145
2582,43154.46216904375,0.023113766663226176,9.844486337229341e-13,0,0,0,89217.44540493065,44151.92433809605,42156.99999999145
2583,43125.423432118594,0.022455975038749187,9.844486337229341e-13,0,0,0,89127.4086191125,44093.84686424574,42156.99999999145
2584,43096.43306850727,0.021798394939610666,9.844486337229341e-13,0,0,0,89037.55205097038,44035.86613702309,42156.99999999145
2585,43067.49096192687,0.021141026365810944,9.844486337229341e-13,0,0,0,88947.87519918414,43977.981923862295,42156.99999999145
2586,43038.59699646922,0.020483869317350023,9.844486337229341e-13,0,0,0,88858.37756423856,43920.193992946995,42156.99999999145
2587,43009.75105659935,0.01982692379422768,9.844486337229341e-13,0,0,0,88769.05864841555,43862.50211320725,42156.99999999145
2588,42980.953027154035,0.019170189796443915,9.844486337229341e-13,0,0,0,88679.91795578606,43804.90605431661,42156.99999999145
2589,42952.2027933403,0.018513667323999172,9.844486337229341e-13,0,0,0,88590.95499220249,43747.40558668915,42156.99999999145
2590,42923.500240733876,0.017857356376892675,9.844486337229341e-13,0,0,0,88502.1692652905,43690.0004814763,42156.99999999145
2591,42894.84525527782,0.0172012569551252,9.844486337229341e-13,0,0,0,88413.56028444163,43632.690510564185,42156.99999999145
2592,42866.237723280945,0.016545369058696302,9.844486337229341e-13,0,0,0,88325.12756080514,43575.47544657044,42156.99999999145
2593,42837.67753141642,0.015889692687605872,9.844486337229341e-13,0,0,0,88236.87060728061,43518.35506284139,42156.99999999145
2594,42809.16456672032,0.015234227841854686,9.844486337229341e-13,0,0,0,88148.78893851026,43461.32913344919,42156.99999999145
2595,42780.69871659009,0.014578974521441634,9.844486337229341e-13,0,0,0,88060.88207087098,43404.39743318872,42156.99999999145
2596,42752.279868783226,0.013923932726367494,9.844486337229341e-13,0,0,0,87973.1495224673,43347.55973757499,42156.99999999145
2597,42723.907911415736,0.013269102456631932,9.844486337229341e-13,0,0,0,87885.59081312332,43290.81582284001,42156.99999999145
2598,42695.58273296078,0.01261448371223528,9.844486337229341e-13,0,0,0,87798.20546437557,43234.165465930106,42156.99999999145
2599,42667.304222247185,0.011960076493177096,9.844486337229341e-13,0,0,0,87710.99299946523,43177.60844450292,42156.99999999145
2600,42639.072268458105,0.011305880799457824,9.844486337229341e-13,0,0,0,87623.95294333111,43121.14453692477,42156.99999999145
2601,42610.88676112953,0.010651896631076907,9.844486337229341e-13,0,0,0,87537.08482260173,43064.773522267606,42156.99999999145
2602,42582.74759014896,0.009998123988035013,9.844486337229341e-13,0,0,0,87450.38816558848,43008.49518030646,42156.99999999145
2603,42554.65464575395,0.009344562870331696,9.844486337229341e-13,0,0,0,87363.8625022779,42952.30929151645,42156.99999999145
2604,42526.607818530756,0.008691213277966847,9.844486337229341e-13,0,0,0,87277.50736432469,42896.21563707006,42156.99999999145
2605,42498.60699941295,0.00803807521094091,9.844486337229341e-13,0,0,0,87191.32228504425,42840.21399883446,42156.99999999145
2606,42470.65207968003,0.0073851486692535495,9.844486337229341e-13,0,0,0,87105.3067994057,42784.304159368614,42156.99999999145
2607,42442.74295095605,0.006732433652904768,9.844486337229341e-13,0,0,0,87019.46044402446,42728.48590192065,42156.99999999145
2608,42414.879505208315,0.00607993016189512,9.844486337229341e-13,0,0,0,86933.78275715536,42672.75901042518,42156.99999999145
2609,42387.061634745885,0.005427638196223716,9.844486337229341e-13,0,0,0,86848.27327868527,42617.12326950032,42156.99999999145
2610,42359.289232218405,0.004775557755891113,9.844486337229341e-13,0,0,0,86762.9315501264,42561.57846444537,42156.99999999145
2611,42331.56219061464,0.0041236888408973105,9.844486337229341e-13,0,0,0,86677.75711460895,42506.12438123783,42156.99999999145
2612,42303.88040326115,0.0034720314512419748,9.844486337229341e-13,0,0,0,86592.74951687426,42450.76080653085,42156.99999999145
2613,42276.24376382104,0.0028205855869256613,9.844486337229341e-13,0,0,0,86507.90830326795,42395.48752765063,42156.99999999145
2614,42248.65216629251,0.002169351247947704,9.844486337229341e-13,0,0,0,86423.2330217328,42340.304332593565,42156.99999999145
2615,42221.105505007654,0.0015183284343087688,9.844486337229341e-13,0,0,0,86338.72322180205,42285.21101002386,42156.99999999145
2616,42193.603674631064,0.0008675171460080788,9.844486337229341e-13,0,0,0,86254.37845459243,42230.20734927068,42156.99999999145
2617,42166.1465701586,0.00021691738304630004,9.844486337229341e-13,0,0,0,86170.19827279747,42175.293140325746,42156.99999999145
2618,42156.99999999595,1.0669243266647754e-13,9.844486337229341e-13,0,0,0,86142.1620724746,42157.000000000444,42156.99999999145
