step,a_km,e,i_deg,Omega_deg,omega_deg,nu_deg,period_s,r_apogee_km,r_perigee_km
0,131571.0,0.9485372916524158,45,0,0,0,474953.9287942686,256371.00000000003,6770.9999999999945
1,131571.0,0.9485372916524158,44.7982062780269,0,0,0,474953.9287942686,256371.00000000003,6770.9999999999945
2,131571.0,0.9485372916524158,44.59641255605381,0,0,0,474953.9287942686,256371.00000000003,6770.9999999999945
3,131571.0,0.9485372916524158,44.39461883408071,0,0,0,474953.9287942686,256371.00000000003,6770.9999999999945
4,131571.0,0.9485372916524158,44.19282511210761,0,0,0,474953.9287942686,256371.00000000003,6770.9999999999945
5,131571.0,0.9485372916524158,43.991031390134516,0,0,0,474953.9287942686,256371.00000000003,6770.9999999999945
6,131571.0,0.9485372916524158,43.78923766816142,0,0,0,474953.9287942686,256371.00000000003,6770.9999999999945
7,131571.0,0.9485372916524158,43.58744394618832,0,0,0,474953.9287942686,256371.00000000003,6770.9999999999945
8,131571.0,0.9485372916524158,43.385650224215226,0,0,0,474953.9287942686,256371.00000000003,6770.9999999999945
9,131571.0,0.9485372916524158,43.18385650224213,0,0,0,474953.9287942686,256371.00000000003,6770.9999999999945
10,131571.0,0.9485372916524158,42.98206278026903,0,0,0,474953.9287942686,256371.00000000003,6770.9999999999945
11,131571.0,0.9485372916524158,42.780269058295936,0,0,0,474953.9287942686,256371.00000000003,6770.9999999999945
12,131571.0,0.9485372916524158,42.57847533632284,0,0,0,474953.9287942686,256371.00000000003,6770.9999999999945
13,131571.0,0.9485372916524158,42.37668161434974,0,0,0,474953.9287942686,256371.00000000003,6770.9999999999945
14,131571.0,0.9485372916524158,42.174887892376645,0,0,0,474953.9287942686,256371.00000000003,6770.9999999999945
15,131571.0,0.9485372916524158,41.97309417040355,0,0,0,474953.9287942686,256371.00000000003,6770.9999999999945
16,131571.0,0.9485372916524158,41.77130044843045,0,0,0,474953.9287942686,256371.00000000003,6770.9999999999945
17,131571.0,0.9485372916524158,41.569506726457355,0,0,0,474953.9287942686,256371.00000000003,6770.9999999999945
18,131571.0,0.9485372916524158,41.36771300448426,0,0,0,474953.9287942686,256371.00000000003,6770.9999999999945
19,131571.0,0.9485372916524158,41.16591928251116,0,0,0,474953.9287942686,256371.00000000003,6770.9999999999945
20,131571.0,0.9485372916524158,40.964125560538065,0,0,0,474953.9287942686,256371.00000000003,6770.9999999999945
21,131571.0,0.9485372916524158,40.76233183856497,0,0,0,474953.9287942686,256371.00000000003,6770.9999999999945
22,131571.0,0.9485372916524158,40.56053811659187,0,0,0,474953.9287942686,256371.00000000003,6770.9999999999945
23,131571.0,0.9485372916524158,40.358744394618775,0,0,0,474953.9287942686,256371.00000000003,6770.9999999999945
24,131571.0,0.9485372916524158,40.15695067264568,0,0,0,474953.9287942686,256371.00000000003,6770.9999999999945
25,131571.0,0.9485372916524158,39.95515695067258,0,0,0,474953.9287942686,256371.00000000003,6770.9999999999945
26,131571.0,0.9485372916524158,39.753363228699484,0,0,0,474953.9287942686,256371.00000000003,6770.9999999999945
27,131571.0,0.9485372916524158,39.55156950672639,0,0,0,474953.9287942686,256371.00000000003,6770.9999999999945
28,131571.0,0.9485372916524158,39.34977578475329,0,0,0,474953.9287942686,256371.00000000003,6770.9999999999945
29,131571.0,0.9485372916524158,39.147982062780194,0,0,0,474953.9287942686,256371.00000000003,6770.9999999999945
30,131571.0,0.9485372916524158,38.9461883408071,0,0,0,474953.9287942686,256371.00000000003,6770.9999999999945
31,131571.0,0.9485372916524158,38.744394618834,0,0,0,474953.9287942686,256371.00000000003,6770.9999999999945
32,131571.0,0.9485372916524158,38.542600896860904,0,0,0,474953.9287942686,256371.00000000003,6770.9999999999945
33,131571.0,0.9485372916524158,38.34080717488781,0,0,0,474953.9287942686,256371.00000000003,6770.9999999999945
34,131571.0,0.9485372916524158,38.13901345291471,0,0,0,474953.9287942686,256371.00000000003,6770.9999999999945
35,131571.0,0.9485372916524158,37.937219730941614,0,0,0,474953.9287942686,256371.00000000003,6770.9999999999945
36,131571.0,0.9485372916524158,37.73542600896852,0,0,0,474953.9287942686,256371.00000000003,6770.9999999999945
37,131571.0,0.9485372916524158,37.53363228699542,0,0,0,474953.9287942686,256371.00000000003,6770.9999999999945
38,131571.0,0.9485372916524158,37.33183856502232,0,0,0,474953.9287942686,256371.00000000003,6770.9999999999945
39,131571.0,0.9485372916524158,37.13004484304923,0,0,0,474953.9287942686,256371.00000000003,6770.9999999999945
40,131571.0,0.9485372916524158,36.92825112107613,0,0,0,474953.9287942686,256371.00000000003,6770.9999999999945
41,131571.0,0.9485372916524158,36.72645739910303,0,0,0,474953.9287942686,256371.00000000003,6770.9999999999945
42,131571.0,0.9485372916524158,36.524663677129936,0,0,0,474953.9287942686,256371.00000000003,6770.9999999999945
43,131571.0,0.9485372916524158,36.32286995515684,0,0,0,474953.9287942686,256371.00000000003,6770.9999999999945
44,131571.0,0.9485372916524158,36.12107623318374,0,0,0,474953.9287942686,256371.00000000003,6770.9999999999945
45,131571.0,0.9485372916524158,35.919282511210646,0,0,0,474953.9287942686,256371.00000000003,6770.9999999999945
46,131571.0,0.9485372916524158,35.71748878923755,0,0,0,474953.9287942686,256371.00000000003,6770.9999999999945
47,131571.0,0.9485372916524158,35.51569506726445,0,0,0,474953.9287942686,256371.00000000003,6770.9999999999945
48,131571.0,0.9485372916524158,35.313901345291356,0,0,0,474953.9287942686,256371.00000000003,6770.9999999999945
49,131571.0,0.9485372916524158,35.11210762331826,0,0,0,474953.9287942686,256371.00000000003,6770.9999999999945
50,131571.0,0.9485372916524158,34.91031390134516,0,0,0,474953.9287942686,256371.00000000003,6770.9999999999945
51,131571.0,0.9485372916524158,34.708520179372066,0,0,0,474953.9287942686,256371.00000000003,6770.9999999999945
52,131571.0,0.9485372916524158,34.50672645739897,0,0,0,474953.9287942686,256371.00000000003,6770.9999999999945
53,131571.0,0.9485372916524158,34.30493273542587,0,0,0,474953.9287942686,256371.00000000003,6770.9999999999945
54,131571.0,0.9485372916524158,34.103139013452775,0,0,0,474953.9287942686,256371.00000000003,6770.9999999999945
55,131571.0,0.9485372916524158,33.90134529147968,0,0,0,474953.9287942686,256371.00000000003,6770.9999999999945
56,131571.0,0.9485372916524158,33.69955156950658,0,0,0,474953.9287942686,256371.00000000003,6770.9999999999945
57,131571.0,0.9485372916524158,33.497757847533485,0,0,0,474953.9287942686,256371.00000000003,6770.9999999999945
58,131571.0,0.9485372916524158,33.29596412556039,0,0,0,474953.9287942686,256371.00000000003,6770.9999999999945
59,131571.0,0.9485372916524158,33.09417040358729,0,0,0,474953.9287942686,256371.00000000003,6770.9999999999945
60,131571.0,0.9485372916524158,32.892376681614195,0,0,0,474953.9287942686,256371.00000000003,6770.9999999999945
61,131571.0,0.9485372916524158,32.6905829596411,0,0,0,474953.9287942686,256371.00000000003,6770.9999999999945
62,131571.0,0.9485372916524158,32.488789237668,0,0,0,474953.9287942686,256371.00000000003,6770.9999999999945
63,131571.0,0.9485372916524158,32.286995515694905,0,0,0,474953.9287942686,256371.00000000003,6770.9999999999945
64,131571.0,0.9485372916524158,32.08520179372181,0,0,0,474953.9287942686,256371.00000000003,6770.9999999999945
65,131571.0,0.9485372916524158,31.883408071748715,0,0,0,474953.9287942686,256371.00000000003,6770.9999999999945
66,131571.0,0.9485372916524158,31.68161434977562,0,0,0,474953.9287942686,256371.00000000003,6770.9999999999945
67,131571.0,0.9485372916524158,31.47982062780253,0,0,0,474953.9287942686,256371.00000000003,6770.9999999999945
68,131571.0,0.9485372916524158,31.278026905829435,0,0,0,474953.9287942686,256371.00000000003,6770.9999999999945
69,131571.0,0.9485372916524158,31.076233183856342,0,0,0,474953.9287942686,256371.00000000003,6770.9999999999945
70,131571.0,0.9485372916524158,30.87443946188325,0,0,0,474953.9287942686,256371.00000000003,6770.9999999999945
71,131571.0,0.9485372916524158,30.672645739910156,0,0,0,474953.9287942686,256371.00000000003,6770.9999999999945
72,131571.0,0.9485372916524158,30.470852017937062,0,0,0,474953.9287942686,256371.00000000003,6770.9999999999945
73,131571.0,0.9485372916524158,30.26905829596397,0,0,0,474953.9287942686,256371.00000000003,6770.9999999999945
74,131571.0,0.9485372916524158,30.067264573990876,0,0,0,474953.9287942686,256371.00000000003,6770.9999999999945
75,131571.0,0.9485372916524158,29.865470852017783,0,0,0,474953.9287942686,256371.00000000003,6770.9999999999945
76,131571.0,0.9485372916524158,29.66367713004469,0,0,0,474953.9287942686,256371.00000000003,6770.9999999999945
77,131571.0,0.9485372916524158,29.461883408071596,0,0,0,474953.9287942686,256371.00000000003,6770.9999999999945
78,131571.0,0.9485372916524158,29.260089686098503,0,0,0,474953.9287942686,256371.00000000003,6770.9999999999945
79,131571.0,0.9485372916524158,29.05829596412541,0,0,0,474953.9287942686,256371.00000000003,6770.9999999999945
80,131571.0,0.9485372916524158,28.856502242152317,0,0,0,474953.9287942686,256371.00000000003,6770.9999999999945
81,131571.0,0.9485372916524158,28.654708520179224,0,0,0,474953.9287942686,256371.00000000003,6770.9999999999945
82,131571.0,0.9485372916524158,28.45291479820613,0,0,0,474953.9287942686,256371.00000000003,6770.9999999999945
83,131571.0,0.9485372916524158,28.251121076233037,0,0,0,474953.9287942686,256371.00000000003,6770.9999999999945
84,131571.0,0.9485372916524158,28.049327354259944,0,0,0,474953.9287942686,256371.00000000003,6770.9999999999945
85,131571.0,0.9485372916524158,27.84753363228685,0,0,0,474953.9287942686,256371.00000000003,6770.9999999999945
86,131571.0,0.9485372916524158,27.645739910313758,0,0,0,474953.9287942686,256371.00000000003,6770.9999999999945
87,131571.0,0.9485372916524158,27.443946188340664,0,0,0,474953.9287942686,256371.00000000003,6770.9999999999945
88,131571.0,0.9485372916524158,27.24215246636757,0,0,0,474953.9287942686,256371.00000000003,6770.9999999999945
89,131571.0,0.9485372916524158,27.040358744394478,0,0,0,474953.9287942686,256371.00000000003,6770.9999999999945
90,131571.0,0.9485372916524158,26.838565022421385,0,0,0,474953.9287942686,256371.00000000003,6770.9999999999945
91,131571.0,0.9485372916524158,26.63677130044829,0,0,0,474953.9287942686,256371.00000000003,6770.9999999999945
92,131571.0,0.9485372916524158,26.4349775784752,0,0,0,474953.9287942686,256371.00000000003,6770.9999999999945
93,131571.0,0.9485372916524158,26.233183856502105,0,0,0,474953.9287942686,256371.00000000003,6770.9999999999945
94,131571.0,0.9485372916524158,26.031390134529012,0,0,0,474953.9287942686,256371.00000000003,6770.9999999999945
95,131571.0,0.9485372916524158,25.82959641255592,0,0,0,474953.9287942686,256371.00000000003,6770.9999999999945
96,131571.0,0.9485372916524158,25.627802690582826,0,0,0,474953.9287942686,256371.00000000003,6770.9999999999945
97,131571.0,0.9485372916524158,25.426008968609732,0,0,0,474953.9287942686,256371.00000000003,6770.9999999999945
98,131571.0,0.9485372916524158,25.22421524663664,0,0,0,474953.9287942686,256371.00000000003,6770.9999999999945
99,131571.0,0.9485372916524158,25.022421524663546,0,0,0,474953.9287942686,256371.00000000003,6770.9999999999945
100,131571.0,0.9485372916524158,24.820627802690453,0,0,0,474953.9287942686,256371.00000000003,6770.9999999999945
101,131571.0,0.9485372916524158,24.61883408071736,0,0,0,474953.9287942686,256371.00000000003,6770.9999999999945
102,131571.0,0.9485372916524158,24.417040358744266,0,0,0,474953.9287942686,256371.00000000003,6770.9999999999945
103,131571.0,0.9485372916524158,24.215246636771173,0,0,0,474953.9287942686,256371.00000000003,6770.9999999999945
104,131571.0,0.9485372916524158,24.01345291479808,0,0,0,474953.9287942686,256371.00000000003,6770.9999999999945
105,131571.0,0.9485372916524158,23.811659192824987,0,0,0,474953.9287942686,256371.00000000003,6770.9999999999945
106,131571.0,0.9485372916524158,23.609865470851894,0,0,0,474953.9287942686,256371.00000000003,6770.9999999999945
107,131571.0,0.9485372916524158,23.4080717488788,0,0,0,474953.9287942686,256371.00000000003,6770.9999999999945
108,131571.0,0.9485372916524158,23.206278026905707,0,0,0,474953.9287942686,256371.00000000003,6770.9999999999945
109,131571.0,0.9485372916524158,23.004484304932614,0,0,0,474953.9287942686,256371.00000000003,6770.9999999999945
110,131571.0,0.9485372916524158,22.80269058295952,0,0,0,474953.9287942686,256371.00000000003,6770.9999999999945
111,131571.0,0.9485372916524158,22.600896860986428,0,0,0,474953.9287942686,256371.00000000003,6770.9999999999945
112,131571.0,0.9485372916524158,22.399103139013334,0,0,0,474953.9287942686,256371.00000000003,6770.9999999999945
113,131571.0,0.9485372916524158,22.19730941704024,0,0,0,474953.9287942686,256371.00000000003,6770.9999999999945
114,131571.0,0.9485372916524158,21.995515695067148,0,0,0,474953.9287942686,256371.00000000003,6770.9999999999945
115,131571.0,0.9485372916524158,21.793721973094055,0,0,0,474953.9287942686,256371.00000000003,6770.9999999999945
116,131571.0,0.9485372916524158,21.59192825112096,0,0,0,474953.9287942686,256371.00000000003,6770.9999999999945
117,131571.0,0.9485372916524158,21.39013452914787,0,0,0,474953.9287942686,256371.00000000003,6770.9999999999945
118,131571.0,0.9485372916524158,21.188340807174775,0,0,0,474953.9287942686,256371.00000000003,6770.9999999999945
119,131571.0,0.9485372916524158,20.986547085201682,0,0,0,474953.9287942686,256371.00000000003,6770.9999999999945
120,131571.0,0.9485372916524158,20.78475336322859,0,0,0,474953.9287942686,256371.00000000003,6770.9999999999945
121,131571.0,0.9485372916524158,20.582959641255496,0,0,0,474953.9287942686,256371.00000000003,6770.9999999999945
122,131571.0,0.9485372916524158,20.381165919282402,0,0,0,474953.9287942686,256371.00000000003,6770.9999999999945
123,131571.0,0.9485372916524158,20.17937219730931,0,0,0,474953.9287942686,256371.00000000003,6770.9999999999945
124,131571.0,0.9485372916524158,19.977578475336216,0,0,0,474953.9287942686,256371.00000000003,6770.9999999999945
125,131571.0,0.9485372916524158,19.775784753363123,0,0,0,474953.9287942686,256371.00000000003,6770.9999999999945
126,131571.0,0.9485372916524158,19.57399103139003,0,0,0,474953.9287942686,256371.00000000003,6770.9999999999945
127,131571.0,0.9485372916524158,19.372197309416936,0,0,0,474953.9287942686,256371.00000000003,6770.9999999999945
128,131571.0,0.9485372916524158,19.170403587443843,0,0,0,474953.9287942686,256371.00000000003,6770.9999999999945
129,131571.0,0.9485372916524158,18.96860986547075,0,0,0,474953.9287942686,256371.00000000003,6770.9999999999945
130,131571.0,0.9485372916524158,18.766816143497657,0,0,0,474953.9287942686,256371.00000000003,6770.9999999999945
131,131571.0,0.9485372916524158,18.565022421524564,0,0,0,474953.9287942686,256371.00000000003,6770.9999999999945
132,131571.0,0.9485372916524158,18.36322869955147,0,0,0,474953.9287942686,256371.00000000003,6770.9999999999945
133,131571.0,0.9485372916524158,18.161434977578377,0,0,0,474953.9287942686,256371.00000000003,6770.9999999999945
134,131571.0,0.9485372916524158,17.959641255605284,0,0,0,474953.9287942686,256371.00000000003,6770.9999999999945
135,131571.0,0.9485372916524158,17.75784753363219,0,0,0,474953.9287942686,256371.00000000003,6770.9999999999945
136,131571.0,0.9485372916524158,17.556053811659098,0,0,0,474953.9287942686,256371.00000000003,6770.9999999999945
137,131571.0,0.9485372916524158,17.354260089686004,0,0,0,474953.9287942686,256371.00000000003,6770.9999999999945
138,131571.0,0.9485372916524158,17.15246636771291,0,0,0,474953.9287942686,256371.00000000003,6770.9999999999945
139,131571.0,0.9485372916524158,16.950672645739818,0,0,0,474953.9287942686,256371.00000000003,6770.9999999999945
140,131571.0,0.9485372916524158,16.748878923766725,0,0,0,474953.9287942686,256371.00000000003,6770.9999999999945
141,131571.0,0.9485372916524158,16.54708520179363,0,0,0,474953.9287942686,256371.00000000003,6770.9999999999945
142,131571.0,0.9485372916524158,16.34529147982054,0,0,0,474953.9287942686,256371.00000000003,6770.9999999999945
143,131571.0,0.9485372916524158,16.143497757847445,0,0,0,474953.9287942686,256371.00000000003,6770.9999999999945
144,131571.0,0.9485372916524158,15.94170403587435,0,0,0,474953.9287942686,256371.00000000003,6770.9999999999945
145,131571.0,0.9485372916524158,15.739910313901255,0,0,0,474953.9287942686,256371.00000000003,6770.9999999999945
146,131571.0,0.9485372916524158,15.53811659192816,0,0,0,474953.9287942686,256371.00000000003,6770.9999999999945
147,131571.0,0.9485372916524158,15.336322869955065,0,0,0,474953.9287942686,256371.00000000003,6770.9999999999945
148,131571.0,0.9485372916524158,15.13452914798197,0,0,0,474953.9287942686,256371.00000000003,6770.9999999999945
149,131571.0,0.9485372916524158,14.932735426008875,0,0,0,474953.9287942686,256371.00000000003,6770.9999999999945
150,131571.0,0.9485372916524158,14.73094170403578,0,0,0,474953.9287942686,256371.00000000003,6770.9999999999945
151,131571.0,0.9485372916524158,14.529147982062685,0,0,0,474953.9287942686,256371.00000000003,6770.9999999999945
152,131571.0,0.9485372916524158,14.32735426008959,0,0,0,474953.9287942686,256371.00000000003,6770.9999999999945
153,131571.0,0.9485372916524158,14.125560538116495,0,0,0,474953.9287942686,256371.00000000003,6770.9999999999945
154,131571.0,0.9485372916524158,13.9237668161434,0,0,0,474953.9287942686,256371.00000000003,6770.9999999999945
155,131571.0,0.9485372916524158,13.721973094170306,0,0,0,474953.9287942686,256371.00000000003,6770.9999999999945
156,131571.0,0.9485372916524158,13.52017937219721,0,0,0,474953.9287942686,256371.00000000003,6770.9999999999945
157,131571.0,0.9485372916524158,13.318385650224116,0,0,0,474953.9287942686,256371.00000000003,6770.9999999999945
158,131571.0,0.9485372916524158,13.11659192825102,0,0,0,474953.9287942686,256371.00000000003,6770.9999999999945
159,131571.0,0.9485372916524158,12.914798206277926,0,0,0,474953.9287942686,256371.00000000003,6770.9999999999945
160,131571.0,0.9485372916524158,12.71300448430483,0,0,0,474953.9287942686,256371.00000000003,6770.9999999999945
161,131571.0,0.9485372916524158,12.511210762331736,0,0,0,474953.9287942686,256371.00000000003,6770.9999999999945
162,131571.0,0.9485372916524158,12.30941704035864,0,0,0,474953.9287942686,256371.00000000003,6770.9999999999945
163,131571.0,0.9485372916524158,12.107623318385546,0,0,0,474953.9287942686,256371.00000000003,6770.9999999999945
164,131571.0,0.9485372916524158,11.90582959641245,0,0,0,474953.9287942686,256371.00000000003,6770.9999999999945
165,131571.0,0.9485372916524158,11.704035874439356,0,0,0,474953.9287942686,256371.00000000003,6770.9999999999945
166,131571.0,0.9485372916524158,11.50224215246626,0,0,0,474953.9287942686,256371.00000000003,6770.9999999999945
167,131571.0,0.9485372916524158,11.300448430493166,0,0,0,474953.9287942686,256371.00000000003,6770.9999999999945
168,131571.0,0.9485372916524158,11.09865470852007,0,0,0,474953.9287942686,256371.00000000003,6770.9999999999945
169,131571.0,0.9485372916524158,10.896860986546976,0,0,0,474953.9287942686,256371.00000000003,6770.9999999999945
170,131571.0,0.9485372916524158,10.695067264573881,0,0,0,474953.9287942686,256371.00000000003,6770.9999999999945
171,131571.0,0.9485372916524158,10.493273542600786,0,0,0,474953.9287942686,256371.00000000003,6770.9999999999945
172,131571.0,0.9485372916524158,10.291479820627691,0,0,0,474953.9287942686,256371.00000000003,6770.9999999999945
173,131571.0,0.9485372916524158,10.089686098654596,0,0,0,474953.9287942686,256371.00000000003,6770.9999999999945
174,131571.0,0.9485372916524158,9.887892376681501,0,0,0,474953.9287942686,256371.00000000003,6770.9999999999945
175,131571.0,0.9485372916524158,9.686098654708406,0,0,0,474953.9287942686,256371.00000000003,6770.9999999999945
176,131571.0,0.9485372916524158,9.484304932735311,0,0,0,474953.9287942686,256371.00000000003,6770.9999999999945
177,131571.0,0.9485372916524158,9.282511210762216,0,0,0,474953.9287942686,256371.00000000003,6770.9999999999945
178,131571.0,0.9485372916524158,9.080717488789121,0,0,0,474953.9287942686,256371.00000000003,6770.9999999999945
179,131571.0,0.9485372916524158,8.878923766816026,0,0,0,474953.9287942686,256371.00000000003,6770.9999999999945
180,131571.0,0.9485372916524158,8.677130044842931,0,0,0,474953.9287942686,256371.00000000003,6770.9999999999945
181,131571.0,0.9485372916524158,8.475336322869836,0,0,0,474953.9287942686,256371.00000000003,6770.9999999999945
182,131571.0,0.9485372916524158,8.273542600896741,0,0,0,474953.9287942686,256371.00000000003,6770.9999999999945
183,131571.0,0.9485372916524158,8.071748878923646,0,0,0,474953.9287942686,256371.00000000003,6770.9999999999945
184,131571.0,0.9485372916524158,7.869955156950552,0,0,0,474953.9287942686,256371.00000000003,6770.9999999999945
185,131571.0,0.9485372916524158,7.668161434977458,0,0,0,474953.9287942686,256371.00000000003,6770.9999999999945
186,131571.0,0.9485372916524158,7.466367713004364,0,0,0,474953.9287942686,256371.00000000003,6770.9999999999945
187,131571.0,0.9485372916524158,7.26457399103127,0,0,0,474953.9287942686,256371.00000000003,6770.9999999999945
188,131571.0,0.9485372916524158,7.062780269058176,0,0,0,474953.9287942686,256371.00000000003,6770.9999999999945
189,131571.0,0.9485372916524158,6.860986547085082,0,0,0,474953.9287942686,256371.00000000003,6770.9999999999945
190,131571.0,0.9485372916524158,6.659192825111988,0,0,0,474953.9287942686,256371.00000000003,6770.9999999999945
191,131571.0,0.9485372916524158,6.4573991031388935,0,0,0,474953.9287942686,256371.00000000003,6770.9999999999945
192,131571.0,0.9485372916524158,6.2556053811657995,0,0,0,474953.9287942686,256371.00000000003,6770.9999999999945
193,131571.0,0.9485372916524158,6.053811659192705,0,0,0,474953.9287942686,256371.00000000003,6770.9999999999945
194,131571.0,0.9485372916524158,5.852017937219611,0,0,0,474953.9287942686,256371.00000000003,6770.9999999999945
195,131571.0,0.9485372916524158,5.650224215246517,0,0,0,474953.9287942686,256371.00000000003,6770.9999999999945
196,131571.0,0.9485372916524158,5.448430493273423,0,0,0,474953.9287942686,256371.00000000003,6770.9999999999945
197,131571.0,0.9485372916524158,5.246636771300329,0,0,0,474953.9287942686,256371.00000000003,6770.9999999999945
198,131571.0,0.9485372916524158,5.044843049327235,0,0,0,474953.9287942686,256371.00000000003,6770.9999999999945
199,131571.0,0.9485372916524158,4.843049327354141,0,0,0,474953.9287942686,256371.00000000003,6770.9999999999945
200,131571.0,0.9485372916524158,4.641255605381047,0,0,0,474953.9287942686,256371.00000000003,6770.9999999999945
201,131571.0,0.9485372916524158,4.439461883407953,0,0,0,474953.9287942686,256371.00000000003,6770.9999999999945
202,131571.0,0.9485372916524158,4.237668161434859,0,0,0,474953.9287942686,256371.00000000003,6770.9999999999945
203,131571.0,0.9485372916524158,4.0358744394617645,0,0,0,474953.9287942686,256371.00000000003,6770.9999999999945
204,131571.0,0.9485372916524158,3.8340807174886704,0,0,0,474953.9287942686,256371.00000000003,6770.9999999999945
205,131571.0,0.9485372916524158,3.6322869955155763,0,0,0,474953.9287942686,256371.00000000003,6770.9999999999945
206,131571.0,0.9485372916524158,3.4304932735424822,0,0,0,474953.9287942686,256371.00000000003,6770.9999999999945
207,131571.0,0.9485372916524158,3.228699551569388,0,0,0,474953.9287942686,256371.00000000003,6770.9999999999945
208,131571.0,0.9485372916524158,3.026905829596294,0,0,0,474953.9287942686,256371.00000000003,6770.9999999999945
209,131571.0,0.9485372916524158,2.8251121076232,0,0,0,474953.9287942686,256371.00000000003,6770.9999999999945
210,131571.0,0.9485372916524158,2.623318385650106,0,0,0,474953.9287942686,256371.00000000003,6770.9999999999945
211,131571.0,0.9485372916524158,2.421524663677012,0,0,0,474953.9287942686,256371.00000000003,6770.9999999999945
212,131571.0,0.9485372916524158,2.2197309417039177,0,0,0,474953.9287942686,256371.00000000003,6770.9999999999945
213,131571.0,0.9485372916524158,2.0179372197308236,0,0,0,474953.9287942686,256371.00000000003,6770.9999999999945
214,131571.0,0.9485372916524158,1.8161434977577295,0,0,0,474953.9287942686,256371.00000000003,6770.9999999999945
215,131571.0,0.9485372916524158,1.6143497757846355,0,0,0,474953.9287942686,256371.00000000003,6770.9999999999945
216,131571.0,0.9485372916524158,1.4125560538115414,0,0,0,474953.9287942686,256371.00000000003,6770.9999999999945
217,131571.0,0.9485372916524158,1.2107623318384473,0,0,0,474953.9287942686,256371.00000000003,6770.9999999999945
218,131571.0,0.9485372916524158,1.0089686098653532,0,0,0,474953.9287942686,256371.00000000003,6770.9999999999945
219,131571.0,0.9485372916524158,0.807174887892259,0,0,0,474953.9287942686,256371.00000000003,6770.9999999999945
220,131571.0,0.9485372916524158,0.6053811659191648,0,0,0,474953.9287942686,256371.00000000003,6770.9999999999945
221,131571.0,0.9485372916524158,0.4035874439460706,0,0,0,474953.9287942686,256371.00000000003,6770.9999999999945
222,131571.0,0.9485372916524158,0.20179372197297643,0,0,0,474953.9287942686,256371.00000000003,6770.9999999999945
223,131571.0,0.9485372916524158,-1.1773915176149785e-13,0,0,0,474953.9287942686,256371.00000000003,6770.9999999999945
224,131595.61737896473,0.9481727819378001,-1.1773915176149785e-13,0,0,0,475087.2332581819,256371.00000000003,6820.23475792943
225,131620.33089537642,0.9478069858659341,-1.1773915176149785e-13,0,0,0,475221.07085391396,256371.00000000003,6869.661790752806
226,131645.1406523815,0.947439903436817,-1.1773915176149785e-13,0,0,0,475355.44228560873,256371.00000000003,6919.2813047629725
227,131670.04675358537,0.9470715346504506,-1.1773915176149785e-13,0,0,0,475490.34826065134,256371.00000000003,6969.093507170696
228,131695.04930305388,0.9467018795068332,-1.1773915176149785e-13,0,0,0,475625.78948967793,256371.00000000003,7019.098606107714
229,131720.14840531413,0.9463309380059655,-1.1773915176149785e-13,0,0,0,475761.76668658433,256371.00000000003,7069.296810628234
230,131745.3441653558,0.9459587101478475,-1.1773915176149785e-13,0,0,0,475898.2805685347,256371.00000000003,7119.688330711582
231,131770.63668863225,0.9455851959324786,-1.1773915176149785e-13,0,0,0,476035.33185597137,256371.00000000003,7170.273377264473
232,131796.0260810615,0.9452103953598601,-1.1773915176149785e-13,0,0,0,476172.9212726232,256371.00000000003,7221.05216212293
233,131821.51244902762,0.9448343084299906,-1.1773915176149785e-13,0,0,0,476311.0495455158,256371.00000000003,7272.0248980552105
234,131847.09589938173,0.9444569351428713,-1.1773915176149785e-13,0,0,0,476449.71740497975,256371.00000000003,7323.191798763424
235,131872.77653944326,0.9440782754985009,-1.1773915176149785e-13,0,0,0,476588.9255846609,256371.00000000003,7374.5530788865035
236,131898.55447700093,0.9436983294968808,-1.1773915176149785e-13,0,0,0,476728.67482152866,256371.00000000003,7426.108954001822
237,131924.42982031417,0.9433170971380098,-1.1773915176149785e-13,0,0,0,476868.96585588675,256371.00000000003,7477.859640628309
238,131950.40267811407,0.9429345784218888,-1.1773915176149785e-13,0,0,0,477009.799431381,256371.00000000003,7529.805356228117
239,131976.47315960473,0.9425507733485174,-1.1773915176149785e-13,0,0,0,477151.17629501055,256371.00000000003,7581.946319209436
240,132002.64137446438,0.9421656819178956,-1.1773915176149785e-13,0,0,0,477293.09719713643,256371.00000000003,7634.282748928725
241,132028.90743284655,0.9417793041300233,-1.1773915176149785e-13,0,0,0,477435.5628914913,256371.00000000003,7686.814865693064
242,132055.2714453813,0.9413916399849005,-1.1773915176149785e-13,0,0,0,477578.5741351893,256371.00000000003,7739.542890762597
243,132081.73352317643,0.9410026894825281,-1.1773915176149785e-13,0,0,0,477722.1316887354,256371.00000000003,7792.467046352821
244,132108.29377781876,0.9406124526229043,-1.1773915176149785e-13,0,0,0,477866.23631603643,256371.00000000003,7845.587555637492
245,132134.95232137514,0.9402209294060306,-1.1773915176149785e-13,0,0,0,478010.8887844087,256371.00000000003,7898.904642750261
246,132161.70926639394,0.9398281198319067,-1.1773915176149785e-13,0,0,0,478156.08986459003,256371.00000000003,7952.418532787839
247,132188.56472590612,0.9394340239005319,-1.1773915176149785e-13,0,0,0,478301.8403307486,256371.00000000003,8006.129451812225
248,132215.51881342646,0.9390386416119074,-1.1773915176149785e-13,0,0,0,478448.14096049266,256371.00000000003,8060.037626852887
249,132242.57164295495,0.938641972966032,-1.1773915176149785e-13,0,0,0,478594.99253488175,256371.00000000003,8114.143285909877
250,132269.72332897788,0.9382440179629061,-1.1773915176149785e-13,0,0,0,478742.39583843586,256371.00000000003,8168.446657955734
251,132296.97398646912,0.9378447766025304,-1.1773915176149785e-13,0,0,0,478890.3516591451,256371.00000000003,8222.947972938211
252,132324.32373089154,0.937444248884904,-1.1773915176149785e-13,0,0,0,479038.86078848154,256371.00000000003,8277.647461783048
253,132351.77267819806,0.9370424348100275,-1.1773915176149785e-13,0,0,0,479187.9240214081,256371.00000000003,8332.54535639608
254,132379.32094483313,0.9366393343779,-1.1773915176149785e-13,0,0,0,479337.54215638933,256371.00000000003,8387.641889666227
255,132406.9686477338,0.9362349475885228,-1.1773915176149785e-13,0,0,0,479487.71599540155,256371.00000000003,8442.937295467567
256,132434.71590433124,0.935829274441895,-1.1773915176149785e-13,0,0,0,479638.4463439439,256371.00000000003,8498.431808662443
257,132462.5628325519,0.9354223149380163,-1.1773915176149785e-13,0,0,0,479789.73401104775,256371.00000000003,8554.125665103762
258,132490.50955081874,0.9350140690768878,-1.1773915176149785e-13,0,0,0,479941.57980928826,256371.00000000003,8610.019101637447
259,132518.55617805276,0.9346045368585087,-1.1773915176149785e-13,0,0,0,480093.98455479427,256371.00000000003,8666.112356105486
260,132546.70283367412,0.9341937182828794,-1.1773915176149785e-13,0,0,0,480246.9490672592,256371.00000000003,8722.405667348221
261,132574.9496376036,0.9337816133499997,-1.1773915176149785e-13,0,0,0,480400.4741699522,256371.00000000003,8778.899275207159
262,132603.2967102638,0.9333682220598694,-1.1773915176149785e-13,0,0,0,480554.56068972795,256371.00000000003,8835.593420527553
263,132631.74417258054,0.932953544412489,-1.1773915176149785e-13,0,0,0,480709.20945703797,256371.00000000003,8892.48834516104
264,132660.29214598428,0.932537580407858,-1.1773915176149785e-13,0,0,0,480864.4213059418,256371.00000000003,8949.584291968538
265,132688.94075241132,0.9321203300459768,-1.1773915176149785e-13,0,0,0,481020.1970741174,256371.00000000003,9006.881504822615
266,132717.6901143053,0.931701793326845,-1.1773915176149785e-13,0,0,0,481176.5376028723,256371.00000000003,9064.380228610564
267,132746.5403546184,0.9312819702504631,-1.1773915176149785e-13,0,0,0,481333.4437371548,256371.00000000003,9122.080709236767
268,132775.4915968129,0.9308608608168307,-1.1773915176149785e-13,0,0,0,481490.91632556496,256371.00000000003,9179.98319362577
269,132804.54396486242,0.9304384650259481,-1.1773915176149785e-13,0,0,0,481648.95622036536,256371.00000000003,9238.087929724794
270,132833.69758325335,0.9300147828778149,-1.1773915176149785e-13,0,0,0,481807.5642774933,256371.00000000003,9296.395166506658
271,132862.95257698622,0.9295898143724317,-1.1773915176149785e-13,0,0,0,481966.7413565708,256371.00000000003,9354.905153972402
272,132892.3090715772,0.9291635595097973,-1.1773915176149785e-13,0,0,0,482126.4883209175,256371.00000000003,9413.618143154397
273,132921.7671930593,0.9287360182899136,-1.1773915176149785e-13,0,0,0,482286.8060375599,256371.00000000003,9472.534386118541
274,132951.327067984,0.9283071907127785,-1.1773915176149785e-13,0,0,0,482447.6953772451,256371.00000000003,9531.654135967994
275,132980.98882342252,0.9278770767783935,-1.1773915176149785e-13,0,0,0,482609.15721445077,256371.00000000003,9590.977646845016
276,133010.7525869673,0.9274456764867582,-1.1773915176149785e-13,0,0,0,482771.1924273973,256371.00000000003,9650.505173934585
277,133040.6184867335,0.9270129898378723,-1.1773915176149785e-13,0,0,0,482933.8018980592,256371.00000000003,9710.236973466974
278,133070.58665136027,0.9265790168317363,-1.1773915176149785e-13,0,0,0,483096.9865121773,256371.00000000003,9770.173302720503
279,133100.65721001237,0.9261437574683498,-1.1773915176149785e-13,0,0,0,483260.7471592697,256371.00000000003,9830.314420024715
280,133130.83029238158,0.9257072117477125,-1.1773915176149785e-13,0,0,0,483425.0847326443,256371.00000000003,9890.660584763124
281,133161.10602868802,0.9252693796698253,-1.1773915176149785e-13,0,0,0,483590.0001294102,256371.00000000003,9951.212057376028
282,133191.4845496819,0.9248302612346875,-1.1773915176149785e-13,0,0,0,483755.49425049,256371.00000000003,10011.969099363747
283,133221.96598664465,0.9243898564422997,-1.1773915176149785e-13,0,0,0,483921.56800063123,256371.00000000003,10072.931973289275
284,133252.55047139077,0.9239481652926613,-1.1773915176149785e-13,0,0,0,484088.2222884195,256371.00000000003,10134.100942781515
285,133283.23813626904,0.9235051877857727,-1.1773915176149785e-13,0,0,0,484255.4580262893,256371.00000000003,10195.476272538035
286,133314.02911416415,0.9230609239216332,-1.1773915176149785e-13,0,0,0,484423.2761305373,256371.00000000003,10257.058228328284
287,133344.92353849814,0.9226153737002436,-1.1773915176149785e-13,0,0,0,484591.6775213337,256371.00000000003,10318.84707699627
288,133375.921543232,0.9221685371216037,-1.1773915176149785e-13,0,0,0,484760.66312273504,256371.00000000003,10380.843086463952
289,133407.02326286706,0.9217204141857136,-1.1773915176149785e-13,0,0,0,484930.2338626967,256371.00000000003,10443.046525734104
290,133438.22883244674,0.9212710048925727,-1.1773915176149785e-13,0,0,0,485100.390673085,256371.00000000003,10505.457664893458
291,133469.53838755778,0.9208203092421821,-1.1773915176149785e-13,0,0,0,485271.13448968984,256371.00000000003,10568.076775115536
292,133500.95206433212,0.9203683272345404,-1.1773915176149785e-13,0,0,0,485442.4662522377,256371.00000000003,10630.904128664199
293,133532.46999944813,0.9199150588696485,-1.1773915176149785e-13,0,0,0,485614.386904403,256371.00000000003,10693.939998896229
294,133564.0923301324,0.9194605041475064,-1.1773915176149785e-13,0,0,0,485786.89739382226,256371.00000000003,10757.184660264778
295,133595.81919416122,0.9190046630681141,-1.1773915176149785e-13,0,0,0,485959.9986721063,256371.00000000003,10820.638388322393
296,133627.6507298622,0.918547535631471,-1.1773915176149785e-13,0,0,0,486133.6916948531,256371.00000000003,10884.301459724344
297,133659.5870761157,0.9180891218375777,-1.1773915176149785e-13,0,0,0,486307.9774216602,256371.00000000003,10948.174152231384
298,133691.6283723567,0.917629421686434,-1.1773915176149785e-13,0,0,0,486482.8568161386,256371.00000000003,11012.256744713368
299,133723.7747585761,0.91716843517804,-1.1773915176149785e-13,0,0,0,486658.3308459251,256371.00000000003,11076.54951715217
300,133756.02637532254,0.9167061623123955,-1.1773915176149785e-13,0,0,0,486834.4004826956,256371.00000000003,11141.052750645056
301,133788.3833637039,0.9162426030895008,-1.1773915176149785e-13,0,0,0,487011.0667021784,256371.00000000003,11205.766727407778
302,133820.84586538898,0.9157777575093555,-1.1773915176149785e-13,0,0,0,487188.3304841674,256371.00000000003,11270.69173077795
303,133853.41402260913,0.9153116255719598,-1.1773915176149785e-13,0,0,0,487366.1928125352,256371.00000000003,11335.828045218212
304,133886.08797815975,0.914844207277314,-1.1773915176149785e-13,0,0,0,487544.6546752465,256371.00000000003,11401.175956319477
305,133918.8678754022,0.9143755026254179,-1.1773915176149785e-13,0,0,0,487723.7170643721,256371.00000000003,11466.735750804384
306,133951.7538582653,0.9139055116162709,-1.1773915176149785e-13,0,0,0,487903.38097610185,256371.00000000003,11532.507716530565
307,133984.74607124686,0.9134342342498738,-1.1773915176149785e-13,0,0,0,488083.6474107579,256371.00000000003,11598.492142493697
308,134017.84465941563,0.9129616705262265,-1.1773915176149785e-13,0,0,0,488264.51737280964,256371.00000000003,11664.68931883122
309,134051.04976841278,0.9124878204453286,-1.1773915176149785e-13,0,0,0,488445.99187088583,256371.00000000003,11731.09953682553
310,134084.36154445366,0.9120126840071807,-1.1773915176149785e-13,0,0,0,488628.0719177897,256371.00000000003,11797.723088907269
311,134117.7801343295,0.9115362612117819,-1.1773915176149785e-13,0,0,0,488810.75853051245,256371.00000000003,11864.560268658995
312,134151.30568540908,0.911058552059133,-1.1773915176149785e-13,0,0,0,488994.0527302464,256371.00000000003,11931.611370818147
313,134184.9383456405,0.9105795565492334,-1.1773915176149785e-13,0,0,0,489177.95554240036,256371.00000000003,11998.87669128095
314,134218.67826355272,0.910099274682084,-1.1773915176149785e-13,0,0,0,489362.4679966123,256371.00000000003,12066.356527105401
315,134252.52558825762,0.9096177064576838,-1.1773915176149785e-13,0,0,0,489547.591126765,256371.00000000003,12134.051176515217
316,134286.48046945143,0.9091348518760336,-1.1773915176149785e-13,0,0,0,489733.32597099897,256371.00000000003,12201.960938902825
317,134320.54305741665,0.9086507109371327,-1.1773915176149785e-13,0,0,0,489919.6735717276,256371.00000000003,12270.08611483327
318,134354.71350302373,0.9081652836409813,-1.1773915176149785e-13,0,0,0,490106.63497565105,256371.00000000003,12338.42700604741
319,134388.99195773277,0.90767856998758,-1.1773915176149785e-13,0,0,0,490294.21123377065,256371.00000000003,12406.983915465498
320,134423.37857359555,0.9071905699769278,-1.1773915176149785e-13,0,0,0,490482.4034014044,256371.00000000003,12475.757147191056
321,134457.87350325697,0.9067012836090254,-1.1773915176149785e-13,0,0,0,490671.21253820026,256371.00000000003,12544.747006513917
322,134492.47689995708,0.9062107108838728,-1.1773915176149785e-13,0,0,0,490860.63970815117,256371.00000000003,12613.953799914128
323,134527.18891753283,0.9057188518014696,-1.1773915176149785e-13,0,0,0,491050.68597961095,256371.00000000003,12683.377835065608
324,134562.00971041975,0.9052257063618161,-1.1773915176149785e-13,0,0,0,491241.3524253074,256371.00000000003,12753.019420839475
325,134596.93943365398,0.9047312745649121,-1.1773915176149785e-13,0,0,0,491432.64012235845,256371.00000000003,12822.878867307938
326,134631.97824287388,0.904235556410758,-1.1773915176149785e-13,0,0,0,491624.5501522865,256371.00000000003,12892.956485747747
327,134667.12629432208,0.9037385518993533,-1.1773915176149785e-13,0,0,0,491817.0836010341,256371.00000000003,12963.252588644125
328,134702.38374484706,0.9032402610306984,-1.1773915176149785e-13,0,0,0,492010.2415589779,256371.00000000003,13033.767489694092
329,134737.75075190526,0.9027406838047933,-1.1773915176149785e-13,0,0,0,492204.0251209457,256371.00000000003,13104.5015038105
330,134773.22747356285,0.9022398202216373,-1.1773915176149785e-13,0,0,0,492398.4353862302,256371.0,13175.454947125676
331,134808.81406849745,0.9017376702812314,-1.1773915176149785e-13,0,0,0,492593.4734586046,256371.00000000003,13246.628136994865
332,134844.51069600027,0.9012342339835748,-1.1773915176149785e-13,0,0,0,492789.140446339,256371.00000000003,13318.021392000504
333,134880.31751597777,0.9007295113286682,-1.1773915176149785e-13,0,0,0,492985.43746221456,256371.00000000003,13389.63503195551
334,134916.23468895376,0.9002235023165108,-1.1773915176149785e-13,0,0,0,493182.3656235406,256371.00000000003,13461.469377907477
335,134952.2623760711,0.899716206947103,-1.1773915176149785e-13,0,0,0,493379.926052169,256371.00000000003,13533.524752142177
336,134988.40073909375,0.8992076252204453,-1.1773915176149785e-13,0,0,0,493578.11987451056,256371.00000000003,13605.801478187457
337,135024.6499404087,0.8986977571365369,-1.1773915176149785e-13,0,0,0,493776.94822155114,256371.00000000003,13678.299880817374
338,135061.01014302784,0.8981866026953782,-1.1773915176149785e-13,0,0,0,493976.4122288668,256371.00000000003,13751.02028605565
339,135097.48151058995,0.8976741618969688,-1.1773915176149785e-13,0,0,0,494176.5130366407,256371.00000000003,13823.963021179878
340,135134.06420736256,0.8971604347413098,-1.1773915176149785e-13,0,0,0,494377.25178967847,256371.00000000003,13897.128414725094
341,135170.75839824416,0.8966454212283996,-1.1773915176149785e-13,0,0,0,494578.6296374252,256371.00000000003,13970.516796488288
342,135207.56424876582,0.8961291213582394,-1.1773915176149785e-13,0,0,0,494780.64773398056,256371.00000000003,14044.128497531601
343,135244.48192509345,0.8956115351308289,-1.1773915176149785e-13,0,0,0,494983.30723811634,256371.00000000003,14117.963850186861
344,135281.51159402973,0.8950926625461675,-1.1773915176149785e-13,0,0,0,495186.6093132922,256371.00000000003,14192.023188059433
345,135318.65342301596,0.8945725036042564,-1.1773915176149785e-13,0,0,0,495390.5551276724,256371.00000000003,14266.306846031886
346,135355.90758013434,0.8940510583050947,-1.1773915176149785e-13,0,0,0,495595.1458541423,256371.00000000003,14340.815160268647
347,135393.27423410976,0.8935283266486824,-1.1773915176149785e-13,0,0,0,495800.38267032534,256371.00000000003,14415.548468219496
348,135430.75355431193,0.8930043086350199,-1.1773915176149785e-13,0,0,0,496006.2667585995,256371.00000000003,14490.507108623842
349,135468.34571075742,0.8924790042641071,-1.1773915176149785e-13,0,0,0,496212.7993061141,256371.00000000003,14565.691421514815
350,135506.0508741117,0.8919524135359438,-1.1773915176149785e-13,0,0,0,496419.98150480737,256371.00000000003,14641.101748223384
351,135543.8692156912,0.8914245364505302,-1.1773915176149785e-13,0,0,0,496627.8145514226,256371.00000000003,14716.73843138238
352,135581.8009074654,0.8908953730078661,-1.1773915176149785e-13,0,0,0,496836.29964752623,256371.00000000003,14792.601814930767
353,135619.84612205887,0.8903649232079516,-1.1773915176149785e-13,0,0,0,497045.4379995241,256371.00000000003,14868.692244117714
354,135658.00503275337,0.8898331870507872,-1.1773915176149785e-13,0,0,0,497255.2308186795,256371.00000000003,14945.010065506713
355,135696.27781349007,0.8893001645363718,-1.1773915176149785e-13,0,0,0,497465.67932113045,256371.00000000003,15021.555626980127
356,135734.66463887144,0.8887658556647067,-1.1773915176149785e-13,0,0,0,497676.78472790663,256371.00000000003,15098.329277742861
357,135773.16568416363,0.8882302604357906,-1.1773915176149785e-13,0,0,0,497888.5482649479,256371.00000000003,15175.331368327226
358,135811.78112529832,0.8876933788496244,-1.1773915176149785e-13,0,0,0,498100.97116312076,256371.00000000003,15252.56225059661
359,135850.51113887512,0.887155210906208,-1.1773915176149785e-13,0,0,0,498314.0546582375,256371.00000000003,15330.022277750208
360,135889.35590216363,0.8866157566055406,-1.1773915176149785e-13,0,0,0,498527.7999910729,256371.00000000003,15407.71180432724
361,135928.3155931055,0.8860750159476232,-1.1773915176149785e-13,0,0,0,498742.20840738283,256371.00000000003,15485.63118621099
362,135967.39039031678,0.8855329889324555,-1.1773915176149785e-13,0,0,0,498957.2811579219,256371.00000000003,15563.780780633539
363,136006.58047309,0.8849896755600373,-1.1773915176149785e-13,0,0,0,499173.01949846186,256371.00000000003,15642.16094617998
364,136045.8860213964,0.8844450758303686,-1.1773915176149785e-13,0,0,0,499389.4246898099,256371.00000000003,15720.772042792782
365,136085.30721588808,0.88389918974345,-1.1773915176149785e-13,0,0,0,499606.4979978264,256371.00000000003,15799.61443177613
366,136124.84423790037,0.8833520172992808,-1.1773915176149785e-13,0,0,0,499824.24069344427,256371.00000000003,15878.688475800696
367,136164.49726945386,0.8828035584978613,-1.1773915176149785e-13,0,0,0,500042.65405268647,256371.00000000006,15957.994538907675
368,136204.26649325682,0.8822538133391908,-1.1773915176149785e-13,0,0,0,500261.73935668555,256371.00000000003,16037.532986513612
369,136244.15209270726,0.8817027818232708,-1.1773915176149785e-13,0,0,0,500481.4978917011,256371.00000000003,16117.30418541447
370,136284.1542518954,0.8811504639501,-1.1773915176149785e-13,0,0,0,500701.9309491403,256371.00000000003,16197.308503790777
371,136324.27315560583,0.8805968597196787,-1.1773915176149785e-13,0,0,0,500923.0398255752,256371.00000000003,16277.54631121164
372,136364.50898931976,0.8800419691320074,-1.1773915176149785e-13,0,0,0,501144.82582276256,256371.00000000003,16358.017978639476
373,136404.8619392174,0.8794857921870853,-1.1773915176149785e-13,0,0,0,501367.2902476627,256371.00000000003,16438.72387843478
374,136445.33219218024,0.8789283288849128,-1.1773915176149785e-13,0,0,0,501590.43441245885,256371.00000000003,16519.66438436047
375,136485.9199357933,0.8783695792254904,-1.1773915176149785e-13,0,0,0,501814.2596345761,256371.00000000003,16600.839871586566
376,136526.6253583476,0.8778095432088171,-1.1773915176149785e-13,0,0,0,502038.76723670133,256371.00000000003,16682.250716695187
377,136567.44864884234,0.877248220834894,-1.1773915176149785e-13,0,0,0,502263.9585468019,256371.00000000003,16763.897297684656
378,136608.38999698742,0.8766856121037199,-1.1773915176149785e-13,0,0,0,502489.8348981464,256371.00000000003,16845.779993974822
379,136649.4495932056,0.8761217170152962,-1.1773915176149785e-13,0,0,0,502716.3976293228,256371.00000000003,16927.89918641114
380,136690.62762863512,0.8755565355696211,-1.1773915176149785e-13,0,0,0,502943.64808426035,256371.00000000003,17010.255257270223
381,136731.92429513182,0.8749900677666966,-1.1773915176149785e-13,0,0,0,503171.5876122467,256371.00000000003,17092.848590263595
382,136773.33978527182,0.874422313606521,-1.1773915176149785e-13,0,0,0,503400.2175679507,256371.00000000003,17175.67957054361
383,136814.87429235363,0.8738532730890958,-1.1773915176149785e-13,0,0,0,503629.53931144066,256371.00000000003,17258.748584707224
384,136856.5280104009,0.8732829462144194,-1.1773915176149785e-13,0,0,0,503859.55420820543,256371.00000000003,17342.056020801792
385,136898.30113416453,0.8727113329824931,-1.1773915176149785e-13,0,0,0,504090.2636291741,256371.00000000003,17425.60226832905
386,136940.1938591254,0.872138433393316,-1.1773915176149785e-13,0,0,0,504321.6689507373,256371.00000000003,17509.387718250786
387,136982.20638149654,0.8715642474468892,-1.1773915176149785e-13,0,0,0,504553.7715547663,256371.00000000003,17593.412762993044
388,137024.33889822592,0.8709887751432115,-1.1773915176149785e-13,0,0,0,504786.5728286356,256371.00000000003,17677.677796451815
389,137066.59160699867,0.8704120164822835,-1.1773915176149785e-13,0,0,0,505020.0741652418,256371.00000000003,17762.183213997323
390,137108.9647062397,0.8698339714641055,-1.1773915176149785e-13,0,0,0,505254.2769630256,256371.00000000003,17846.929412479352
391,137151.4583951162,0.8692546400886765,-1.1773915176149785e-13,0,0,0,505489.18262599246,256371.00000000003,17931.916790232382
392,137194.0728735401,0.8686740223559974,-1.1773915176149785e-13,0,0,0,505724.7925637333,256371.00000000003,18017.145747080187
393,137236.8083421707,0.8680921182660679,-1.1773915176149785e-13,0,0,0,505961.1081914462,256371.00000000003,18102.616684341356
394,137279.66500241705,0.8675089278188883,-1.1773915176149785e-13,0,0,0,506198.13092995755,256371.00000000003,18188.330004834068
395,137322.64305644075,0.866924451014458,-1.1773915176149785e-13,0,0,0,506435.86220574327,256371.00000000003,18274.286112881477
396,137365.7427071583,0.8663386878527775,-1.1773915176149785e-13,0,0,0,506674.3034509505,256371.00000000003,18360.485414316543
397,137408.96415824373,0.8657516383338464,-1.1773915176149785e-13,0,0,0,506913.45610341895,256371.00000000003,18446.928316487443
398,137452.3076141313,0.8651633024576653,-1.1773915176149785e-13,0,0,0,507153.32160670304,256371.00000000003,18533.615228262577
399,137495.773280018,0.8645736802242336,-1.1773915176149785e-13,0,0,0,507393.90141009353,256371.00000000003,18620.54656003599
400,137539.36136186623,0.8639827716335515,-1.1773915176149785e-13,0,0,0,507635.1969686395,256371.00000000003,18707.72272373244
401,137583.07206640637,0.8633905766856189,-1.1773915176149785e-13,0,0,0,507877.2097431703,256371.00000000003,18795.144132812708
402,137626.90560113944,0.862797095380436,-1.1773915176149785e-13,0,0,0,508119.94120031776,256371.00000000003,18882.81120227887
403,137670.86217433985,0.8622023277180029,-1.1773915176149785e-13,0,0,0,508363.392812539,256371.00000000003,18970.72434867968
404,137714.94199505795,0.8616062736983194,-1.1773915176149785e-13,0,0,0,508607.5660581382,256371.00000000003,19058.883990115864
405,137759.1452731228,0.8610089333213855,-1.1773915176149785e-13,0,0,0,508852.46242128924,256371.00000000003,19147.29054624555
406,137803.4722191448,0.8604103065872011,-1.1773915176149785e-13,0,0,0,509098.08339205896,256371.00000000003,19235.944438289578
407,137847.92304451845,0.8598103934957668,-1.1773915176149785e-13,0,0,0,509344.4304664288,256371.00000000006,19324.84608903686
408,137892.49796142514,0.8592091940470814,-1.1773915176149785e-13,0,0,0,509591.5051463194,256371.00000000003,19413.99592285023
409,137937.19718283563,0.8586067082411462,-1.1773915176149785e-13,0,0,0,509839.3089396114,256371.00000000003,19503.394365671233
410,137982.02092251318,0.8580029360779602,-1.1773915176149785e-13,0,0,0,510087.843360171,256371.00000000003,19593.04184502634
411,138026.969395016,0.857397877557524,-1.1773915176149785e-13,0,0,0,510337.1099278711,256371.00000000003,19682.938790031967
412,138072.04281570017,0.8567915326798372,-1.1773915176149785e-13,0,0,0,510587.11016861605,256371.00000000003,19773.085631400318
413,138117.2414007224,0.8561839014449002,-1.1773915176149785e-13,0,0,0,510837.84561436437,256371.00000000003,19863.482801444807
414,138162.5653670429,0.8555749838527129,-1.1773915176149785e-13,0,0,0,511089.31780315307,256371.00000000003,19954.13073408578
415,138208.01493242808,0.8549647799032751,-1.1773915176149785e-13,0,0,0,511341.52827912086,256371.0,20045.029864856144
416,138253.59031545348,0.8543532895965873,-1.1773915176149785e-13,0,0,0,511594.47859253193,256371.00000000003,20136.180630906914
417,138299.2917355066,0.853740512932649,-1.1773915176149785e-13,0,0,0,511848.17029980087,256371.00000000003,20227.583471013135
418,138345.11941278973,0.8531264499114599,-1.1773915176149785e-13,0,0,0,512102.60496351554,256371.00000000003,20319.238825579432
419,138391.07356832287,0.8525111005330206,-1.1773915176149785e-13,0,0,0,512357.7841524622,256371.00000000003,20411.147136645723
420,138437.15442394657,0.8518944647973312,-1.1773915176149785e-13,0,0,0,512613.70944164944,256371.00000000003,20503.308847893113
421,138483.3622023249,0.8512765427043913,-1.1773915176149785e-13,0,0,0,512870.38241233316,256371.00000000003,20595.724404649773
422,138529.69712694833,0.8506573342542008,-1.1773915176149785e-13,0,0,0,513127.8046520409,256371.00000000003,20688.39425389665
423,138576.15942213664,0.8500368394467601,-1.1773915176149785e-13,0,0,0,513385.9777545963,256371.00000000003,20781.318844273243
424,138622.7493130419,0.8494150582820692,-1.1773915176149785e-13,0,0,0,513644.9033201444,256371.00000000003,20874.498626083743
425,138669.46702565148,0.8487919907601273,-1.1773915176149785e-13,0,0,0,513904.58295517723,256371.00000000003,20967.934051302924
426,138716.3127867909,0.8481676368809357,-1.1773915176149785e-13,0,0,0,514165.0182725574,256371.00000000003,21061.625573581743
427,138763.28682412696,0.8475419966444933,-1.1773915176149785e-13,0,0,0,514426.210891545,256371.00000000003,21155.573648253892
428,138810.38936617068,0.8469150700508006,-1.1773915176149785e-13,0,0,0,514688.16243782226,256371.00000000003,21249.778732341336
429,138857.6206422803,0.8462868570998578,-1.1773915176149785e-13,0,0,0,514950.87454351893,256371.00000000003,21344.241284560558
430,138904.9808826644,0.8456573577916646,-1.1773915176149785e-13,0,0,0,515214.3488472387,256371.00000000003,21438.961765328735
431,138952.47031838485,0.8450265721262207,-1.1773915176149785e-13,0,0,0,515478.5869940844,256371.00000000003,21533.940636769676
432,139000.08918135997,0.8443945001035265,-1.1773915176149785e-13,0,0,0,515743.59063568414,256371.00000000003,21629.178362719922
433,139047.83770436753,0.8437611417235822,-1.1773915176149785e-13,0,0,0,516009.36143021734,256371.00000000003,21724.675408735024
434,139095.71612104794,0.8431264969863872,-1.1773915176149785e-13,0,0,0,516275.90104244143,256371.00000000003,21820.432242095845
435,139143.72466590727,0.8424905658919417,-1.1773915176149785e-13,0,0,0,516543.21114371775,256371.0,21916.449331814525
436,139191.86357432042,0.8418533484402464,-1.1773915176149785e-13,0,0,0,516811.293412038,256371.00000000003,22012.72714864081
437,139240.1330825343,0.8412148446313008,-1.1773915176149785e-13,0,0,0,517080.1495320515,256371.00000000006,22109.266165068562
438,139288.533427671,0.840575054465104,-1.1773915176149785e-13,0,0,0,517349.7811950916,256371.00000000003,22206.066855341982
439,139337.06484773083,0.8399339779416573,-1.1773915176149785e-13,0,0,0,517620.1900992023,256371.00000000003,22303.129695461615
440,139385.72758159562,0.8392916150609602,-1.1773915176149785e-13,0,0,0,517891.37794916594,256371.00000000003,22400.45516319121
441,139434.52186903197,0.8386479658230128,-1.1773915176149785e-13,0,0,0,518163.3464565301,256371.00000000003,22498.043738063912
442,139483.44795069442,0.8380030302278147,-1.1773915176149785e-13,0,0,0,518436.0973396354,256371.00000000003,22595.89590138882
443,139532.50606812863,0.8373568082753666,-1.1773915176149785e-13,0,0,0,518709.6323236424,256371.00000000003,22694.012136257214
444,139581.69646377472,0.836709299965668,-1.1773915176149785e-13,0,0,0,518983.95314055943,256371.0,22792.392927549416
445,139631.01938097057,0.8360605052987189,-1.1773915176149785e-13,0,0,0,519259.0615292711,256371.00000000003,22891.038761941105
446,139680.47506395495,0.8354104242745197,-1.1773915176149785e-13,0,0,0,519534.959235565,256371.00000000003,22989.950127909873
447,139730.06375787107,0.8347590568930696,-1.1773915176149785e-13,0,0,0,519811.6480121613,256371.00000000003,23089.12751574213
448,139779.78570876963,0.8341064031543697,-1.1773915176149785e-13,0,0,0,520089.1296187396,256371.00000000003,23188.571417539228
449,139829.64116361237,0.8334524630584192,-1.1773915176149785e-13,0,0,0,520367.40582196834,256371.00000000003,23288.28232722471
450,139879.63037027535,0.8327972366052183,-1.1773915176149785e-13,0,0,0,520646.4783955333,256371.00000000003,23388.260740550668
451,139929.75357755227,0.8321407237947671,-1.1773915176149785e-13,0,0,0,520926.34912016534,256371.00000000003,23488.507155104522
452,139980.01103515798,0.8314829246270654,-1.1773915176149785e-13,0,0,0,521207.0197836708,256371.00000000003,23589.022070315932
453,140030.40299373175,0.8308238391021132,-1.1773915176149785e-13,0,0,0,521488.49218095903,256371.00000000003,23689.80598746349
454,140080.9297048408,0.830163467219911,-1.1773915176149785e-13,0,0,0,521770.7681140726,256371.00000000003,23790.85940968154
455,140131.59142098363,0.8295018089804582,-1.1773915176149785e-13,0,0,0,522053.8493922163,256371.00000000003,23892.18284196725
456,140182.38839559368,0.8288388643837552,-1.1773915176149785e-13,0,0,0,522337.7378317866,256371.00000000003,23993.77679118731
457,140233.32088304256,0.8281746334298012,-1.1773915176149785e-13,0,0,0,522622.4352564016,256371.00000000003,24095.641766085097
458,140284.38913864363,0.8275091161185977,-1.1773915176149785e-13,0,0,0,522907.9434969299,256371.00000000003,24197.778277287234
459,140335.59341865566,0.8268423124501434,-1.1773915176149785e-13,0,0,0,523194.26439152204,256371.00000000003,24300.18683731129
460,140386.93398028612,0.8261742224244388,-1.1773915176149785e-13,0,0,0,523481.3997856395,256371.00000000003,24402.867960572206
461,140438.41108169488,0.8255048460414838,-1.1773915176149785e-13,0,0,0,523769.35153208516,256371.00000000003,24505.82216338974
462,140490.02498199773,0.8248341833012784,-1.1773915176149785e-13,0,0,0,524058.1214910346,256371.00000000003,24609.049963995425
463,140541.77594126994,0.8241622342038226,-1.1773915176149785e-13,0,0,0,524347.7115300653,256371.00000000003,24712.55188253986
464,140593.6642205499,0.8234889987491167,-1.1773915176149785e-13,0,0,0,524638.1235241888,256371.00000000006,24816.328441099744
465,140645.6900818427,0.8228144769371599,-1.1773915176149785e-13,0,0,0,524929.3593558808,256371.00000000003,24920.3801636854
466,140697.85378812382,0.822138668767953,-1.1773915176149785e-13,0,0,0,525221.4209151125,256371.00000000003,25024.7075762476
467,140750.1556033427,0.8214615742414955,-1.1773915176149785e-13,0,0,0,525514.3100993821,256371.00000000003,25129.31120668536
468,140802.5957924264,0.8207831933577883,-1.1773915176149785e-13,0,0,0,525808.0288137455,256371.00000000003,25234.19158485278
469,140855.17462128354,0.8201035261168301,-1.1773915176149785e-13,0,0,0,526102.5789708497,256371.00000000003,25339.349242567067
470,140907.89235680766,0.8194225725186217,-1.1773915176149785e-13,0,0,0,526397.9624909622,256371.00000000003,25444.784713615292
471,140960.74926688115,0.8187403325631628,-1.1773915176149785e-13,0,0,0,526694.1813020048,256371.00000000003,25550.498533762267
472,141013.74562037893,0.8180568062504536,-1.1773915176149785e-13,0,0,0,526991.2373395849,256371.00000000003,25656.491240757852
473,141066.88168717228,0.8173719935804944,-1.1773915176149785e-13,0,0,0,527289.1325470279,256371.00000000003,25762.763374344537
474,141120.1577381326,0.8166858945532844,-1.1773915176149785e-13,0,0,0,527587.8688754102,256371.00000000003,25869.315476265172
475,141173.57404513514,0.8159985091688242,-1.1773915176149785e-13,0,0,0,527887.448283591,256371.00000000003,25976.14809027025
476,141227.13088106294,0.8153098374271133,-1.1773915176149785e-13,0,0,0,528187.8727382459,256371.00000000003,26083.261762125865
477,141280.82851981057,0.8146198793281523,-1.1773915176149785e-13,0,0,0,528489.1442138995,256371.00000000003,26190.65703962111
478,141334.66723628808,0.8139286348719406,-1.1773915176149785e-13,0,0,0,528791.2646929589,256371.00000000003,26298.334472576138
479,141388.64730642477,0.8132361040584792,-1.1773915176149785e-13,0,0,0,529094.2361657463,256371.00000000003,26406.294612849495
480,141442.76900717328,0.812542286887767,-1.1773915176149785e-13,0,0,0,529398.0606305341,256371.00000000003,26514.538014346534
481,141497.03261651332,0.8118471833598044,-1.1773915176149785e-13,0,0,0,529702.740093577,256371.00000000003,26623.065233026602
482,141551.4384134557,0.8111507934745912,-1.1773915176149785e-13,0,0,0,530008.2765691468,256371.00000000003,26731.876826911383
483,141605.98667804626,0.8104531172321279,-1.1773915176149785e-13,0,0,0,530314.6720795662,256371.00000000003,26840.973356092498
484,141660.67769136987,0.8097541546324145,-1.1773915176149785e-13,0,0,0,530621.9286552432,256371.00000000003,26950.35538273972
485,141715.51173555452,0.8090539056754504,-1.1773915176149785e-13,0,0,0,530930.0483347061,256371.00000000003,27060.023471109005
486,141770.48909377516,0.8083523703612356,-1.1773915176149785e-13,0,0,0,531239.033164637,256371.00000000003,27169.978187550303
487,141825.61005025785,0.8076495486897708,-1.1773915176149785e-13,0,0,0,531548.8851999076,256371.00000000003,27280.220100515675
488,141880.87489028383,0.8069454406610557,-1.1773915176149785e-13,0,0,0,531859.6065036139,256371.00000000003,27390.749780567636
489,141936.2839001936,0.80624004627509,-1.1773915176149785e-13,0,0,0,532171.1991471115,256371.00000000003,27501.567800387194
490,141991.83736739098,0.8055333655318746,-1.1773915176149785e-13,0,0,0,532483.6652100506,256371.00000000003,27612.67473478193
491,142047.53558034735,0.8048253984314082,-1.1773915176149785e-13,0,0,0,532797.0067804134,256371.00000000003,27724.07116069466
492,142103.3788286056,0.8041161449736913,-1.1773915176149785e-13,0,0,0,533111.2259545468,256371.0,27835.7576572112
493,142159.3674027845,0.8034056051587244,-1.1773915176149785e-13,0,0,0,533426.3248372013,256371.0,27947.73480556898
494,142215.50159458278,0.802693778986507,-1.1773915176149785e-13,0,0,0,533742.3055415656,256371.00000000003,28060.00318916552
495,142271.78169678335,0.801980666457039,-1.1773915176149785e-13,0,0,0,534059.1701893038,256371.00000000003,28172.563393566674
496,142328.20800325758,0.8012662675703208,-1.1773915176149785e-13,0,0,0,534376.9209105915,256371.00000000003,28285.41600651511
497,142384.7808089695,0.8005505823263521,-1.1773915176149785e-13,0,0,0,534695.5598441524,256371.00000000003,28398.561617938958
498,142441.5004099801,0.7998336107251331,-1.1773915176149785e-13,0,0,0,535015.0891372965,256371.00000000003,28512.000819960183
499,142498.36710345166,0.7991153527666641,-1.1773915176149785e-13,0,0,0,535335.510945956,256371.00000000003,28625.734206903282
500,142555.38118765203,0.7983958084509444,-1.1773915176149785e-13,0,0,0,535656.8274347235,256371.00000000003,28739.762375304043
501,142612.542961959,0.7976749777779741,-1.1773915176149785e-13,0,0,0,535979.0407768888,256371.00000000003,28854.085923917974
502,142669.85272686457,0.7969528607477538,-1.1773915176149785e-13,0,0,0,536302.153154478,256371.00000000003,28968.705453729122
503,142727.31078397954,0.7962294573602828,-1.1773915176149785e-13,0,0,0,536626.1667582904,256371.00000000003,29083.621567959068
504,142784.91743603768,0.795504767615562,-1.1773915176149785e-13,0,0,0,536951.0837879372,256371.00000000003,29198.83487207532
505,142842.67298690038,0.7947787915135902,-1.1773915176149785e-13,0,0,0,537276.90645188,256371.0,29314.345973800737
506,142900.57774156093,0.7940515290543684,-1.1773915176149785e-13,0,0,0,537603.6369674694,256371.00000000003,29430.155483121835
507,142958.63200614913,0.793322980237896,-1.1773915176149785e-13,0,0,0,537931.2775609837,256371.00000000003,29546.26401229823
508,143016.83608793572,0.7925931450641732,-1.1773915176149785e-13,0,0,0,538259.8304676684,256371.00000000003,29662.6721758714
509,143075.19029533688,0.7918620235332001,-1.1773915176149785e-13,0,0,0,538589.2979317751,256371.00000000003,29779.380590673743
510,143133.69493791892,0.7911296156449765,-1.1773915176149785e-13,0,0,0,538919.6822066013,256371.00000000003,29896.3898758378
511,143192.35032640264,0.7903959213995027,-1.1773915176149785e-13,0,0,0,539250.9855545298,256371.00000000003,30013.70065280525
512,143251.15677266812,0.7896609407967785,-1.1773915176149785e-13,0,0,0,539583.2102470694,256371.00000000006,30131.313545336205
513,143310.11458975924,0.7889246738368039,-1.1773915176149785e-13,0,0,0,539916.3585648942,256371.00000000003,30249.229179518443
514,143369.22409188832,0.788187120519579,-1.1773915176149785e-13,0,0,0,540250.4327978846,256371.00000000003,30367.448183776618
515,143428.48559444086,0.7874482808451035,-1.1773915176149785e-13,0,0,0,540585.4352451677,256371.00000000003,30485.971188881707
516,143487.89941398014,0.7867081548133781,-1.1773915176149785e-13,0,0,0,540921.3682151582,256371.00000000003,30604.79882796023
517,143547.465868252,0.7859667424244017,-1.1773915176149785e-13,0,0,0,541258.2340255998,256371.00000000003,30723.93173650399
518,143607.18527618956,0.7852240436781752,-1.1773915176149785e-13,0,0,0,541596.0350036055,256371.00000000003,30843.37055237909
519,143667.05795791795,0.7844800585746985,-1.1773915176149785e-13,0,0,0,541934.7734857007,256371.00000000003,30963.11591583587
520,143727.0842347592,0.7837347871139713,-1.1773915176149785e-13,0,0,0,542274.4518178637,256371.00000000003,31083.168469518387
521,143787.26442923697,0.7829882292959935,-1.1773915176149785e-13,0,0,0,542615.0723555683,256371.00000000003,31203.528858473917
522,143847.59886508135,0.7822403851207658,-1.1773915176149785e-13,0,0,0,542956.6374638256,256371.00000000003,31324.197730162687
523,143908.0878672339,0.7814912545882875,-1.1773915176149785e-13,0,0,0,543299.1495172274,256371.00000000003,31445.175734467764
524,143968.73176185234,0.7807408376985587,-1.1773915176149785e-13,0,0,0,543642.6108999877,256371.00000000003,31566.463523704646
525,144029.53087631558,0.7799891344515797,-1.1773915176149785e-13,0,0,0,543987.0240059865,256371.00000000003,31688.061752631118
526,144090.48553922866,0.7792361448473499,-1.1773915176149785e-13,0,0,0,544332.3912388128,256371.00000000003,31809.971078457293
527,144151.59608042764,0.7784818688858701,-1.1773915176149785e-13,0,0,0,544678.7150118077,256371.00000000003,31932.192160855262
528,144212.86283098473,0.7777263065671398,-1.1773915176149785e-13,0,0,0,545025.9977481088,256371.00000000003,32054.725661969416
529,144274.28612321313,0.7769694578911592,-1.1773915176149785e-13,0,0,0,545374.2418806932,256371.00000000003,32177.572246426225
530,144335.86629067225,0.7762113228579284,-1.1773915176149785e-13,0,0,0,545723.4498524227,256371.00000000003,32300.73258134447
531,144397.6036681727,0.775451901467447,-1.1773915176149785e-13,0,0,0,546073.6241160873,256371.00000000003,32424.207336345375
532,144459.4985917814,0.7746911937197152,-1.1773915176149785e-13,0,0,0,546424.7671344504,256371.00000000003,32547.99718356275
533,144521.55139882662,0.7739291996147333,-1.1773915176149785e-13,0,0,0,546776.8813802932,256371.00000000003,32672.1027976532
534,144583.76242790336,0.7731659191525004,-1.1773915176149785e-13,0,0,0,547129.9693364608,256371.00000000003,32796.5248558067
535,144646.13201887824,0.7724013523330178,-1.1773915176149785e-13,0,0,0,547484.0334959067,256371.00000000003,32921.26403775647
536,144708.66051289497,0.7716354991562846,-1.1773915176149785e-13,0,0,0,547839.076361739,256371.00000000003,33046.321025789926
537,144771.34825237942,0.7708683596223012,-1.1773915176149785e-13,0,0,0,548195.1004472659,256371.00000000006,33171.6965047588
538,144834.19558104494,0.7700999337310668,-1.1773915176149785e-13,0,0,0,548552.1082760425,256371.00000000003,33297.391162089865
539,144897.2028438976,0.7693302214825826,-1.1773915176149785e-13,0,0,0,548910.1023819168,256371.00000000003,33423.405687795166
540,144960.37038724162,0.7685592228768476,-1.1773915176149785e-13,0,0,0,549269.0853090765,256371.00000000003,33549.7407744832
541,145023.69855868455,0.7677869379138627,-1.1773915176149785e-13,0,0,0,549629.0596120957,256371.00000000003,33676.39711736908
542,145087.18770714288,0.767013366593627,-1.1773915176149785e-13,0,0,0,549990.0278559832,256371.00000000003,33803.37541428573
543,145150.83818284713,0.7662385089161412,-1.1773915176149785e-13,0,0,0,550351.9926162289,256371.0,33930.67636569425
544,145214.65033734762,0.765462364881405,-1.1773915176149785e-13,0,0,0,550714.9564788518,256371.00000000003,34058.3006746952
545,145278.62452351963,0.7646849344894182,-1.1773915176149785e-13,0,0,0,551078.9220404483,256371.00000000003,34186.24904703924
546,145342.7610955691,0.7639062177401812,-1.1773915176149785e-13,0,0,0,551443.8919082407,256371.00000000003,34314.52219113815
547,145407.06040903798,0.7631262146336941,-1.1773915176149785e-13,0,0,0,551809.8687001253,256371.00000000003,34443.120818075935
548,145471.52282081003,0.7623449251699561,-1.1773915176149785e-13,0,0,0,552176.8550447219,256371.00000000003,34572.04564162005
549,145536.14868911606,0.761562349348968,-1.1773915176149785e-13,0,0,0,552544.8535814218,256371.00000000003,34701.2973782321
550,145600.9383735398,0.7607784871707295,-1.1773915176149785e-13,0,0,0,552913.8669604389,256371.00000000003,34830.87674707958
551,145665.8922350234,0.7599933386352407,-1.1773915176149785e-13,0,0,0,553283.8978428579,256371.00000000003,34960.78447004679
552,145731.01063587322,0.7592069037425011,-1.1773915176149785e-13,0,0,0,553654.9489006853,256371.00000000003,35091.02127174642
553,145796.29393976528,0.758419182492512,-1.1773915176149785e-13,0,0,0,554027.022816899,256371.00000000003,35221.587879530525
554,145861.74251175136,0.7576301748852718,-1.1773915176149785e-13,0,0,0,554400.1222854996,256371.00000000003,35352.48502350269
555,145927.3567182644,0.7568398809207815,-1.1773915176149785e-13,0,0,0,554774.2500115605,256371.00000000003,35483.71343652877
556,145993.1369271245,0.7560483005990408,-1.1773915176149785e-13,0,0,0,555149.4087112794,256371.00000000003,35615.273854248946
557,146059.08350754465,0.7552554339200495,-1.1773915176149785e-13,0,0,0,555525.6011120299,256371.00000000003,35747.167015089275
558,146125.1968301366,0.7544612808838078,-1.1773915176149785e-13,0,0,0,555902.8299524129,256371.00000000003,35879.393660273214
559,146191.4772669168,0.7536658414903159,-1.1773915176149785e-13,0,0,0,556281.097982309,256371.00000000003,36011.95453383356
560,146257.92519131216,0.7528691157395735,-1.1773915176149785e-13,0,0,0,556660.4079629302,256371.00000000003,36144.85038262428
561,146324.54097816613,0.752071103631581,-1.1773915176149785e-13,0,0,0,557040.7626668732,256371.00000000003,36278.08195633222
562,146391.32500374469,0.7512718051663381,-1.1773915176149785e-13,0,0,0,557422.1648781723,256371.00000000003,36411.650007489334
563,146458.27764574223,0.7504712203438446,-1.1773915176149785e-13,0,0,0,557804.6173923523,256371.00000000003,36545.55529148444
564,146525.39928328773,0.7496693491641007,-1.1773915176149785e-13,0,0,0,558188.123016482,256371.00000000003,36679.79856657543
565,146592.69029695066,0.7488661916271067,-1.1773915176149785e-13,0,0,0,558572.6845692281,256371.00000000003,36814.38059390131
566,146660.15106874733,0.7480617477328619,-1.1773915176149785e-13,0,0,0,558958.3048809099,256371.00000000003,36949.30213749465
567,146727.78198214676,0.7472560174813672,-1.1773915176149785e-13,0,0,0,559344.9867935528,256371.00000000003,37084.56396429347
568,146795.58342207703,0.7464490008726217,-1.1773915176149785e-13,0,0,0,559732.7331609438,256371.00000000003,37220.166844154046
569,146863.55577493142,0.7456406979066263,-1.1773915176149785e-13,0,0,0,560121.5468486868,256371.00000000003,37356.11154986281
570,146931.6994285747,0.7448311085833803,-1.1773915176149785e-13,0,0,0,560511.430734257,256371.00000000003,37492.39885714938
571,147000.01477234933,0.7440202329028838,-1.1773915176149785e-13,0,0,0,560902.3877070579,256371.00000000003,37629.02954469863
572,147068.50219708175,0.743208070865137,-1.1773915176149785e-13,0,0,0,561294.4206684761,256371.00000000003,37766.004394163465
573,147137.1620950888,0.7423946224701399,-1.1773915176149785e-13,0,0,0,561687.5325319389,256371.00000000003,37903.32419017758
574,147205.9948601841,0.7415798877178923,-1.1773915176149785e-13,0,0,0,562081.7262229699,256371.00000000003,38040.98972036814
575,147275.0008876843,0.7407638666083944,-1.1773915176149785e-13,0,0,0,562477.0046792469,256371.00000000003,38179.00177536855
576,147344.18057441575,0.7399465591416459,-1.1773915176149785e-13,0,0,0,562873.3708506589,256371.00000000003,38317.36114883148
577,147413.53431872078,0.7391279653176472,-1.1773915176149785e-13,0,0,0,563270.8276993636,256371.00000000003,38456.06863744152
578,147483.0625204643,0.7383080851363983,-1.1773915176149785e-13,0,0,0,563669.3781998458,256371.00000000003,38595.125040928586
579,147552.7655810404,0.7374869185978989,-1.1773915176149785e-13,0,0,0,564069.0253389758,256371.00000000003,38734.5311620808
580,147622.64390337883,0.736664465702149,-1.1773915176149785e-13,0,0,0,564469.7721160679,256371.0,38874.28780675765
581,147692.69789195166,0.7358407264491489,-1.1773915176149785e-13,0,0,0,564871.6215429395,256371.00000000003,39014.39578390327
582,147762.9279527799,0.7350157008388982,-1.1773915176149785e-13,0,0,0,565274.5766439702,256371.00000000003,39154.85590555976
583,147833.33449344026,0.7341893888713973,-1.1773915176149785e-13,0,0,0,565678.6404561622,256371.0,39295.6689868805
584,147903.91792307186,0.7333617905466461,-1.1773915176149785e-13,0,0,0,566083.8160292001,256371.00000000003,39436.8358461437
585,147974.67865238295,0.7325329058646446,-1.1773915176149785e-13,0,0,0,566490.1064255113,256371.00000000003,39578.35730476588
586,148045.61709365778,0.7317027348253924,-1.1773915176149785e-13,0,0,0,566897.5147203266,256371.00000000003,39720.234187315524
587,148116.7336607633,0.7308712774288899,-1.1773915176149785e-13,0,0,0,567306.0440017418,256371.00000000003,39862.46732152657
588,148188.0287691562,0.7300385336751372,-1.1773915176149785e-13,0,0,0,567715.6973707785,256371.00000000003,40005.057538312365
589,148259.50283588975,0.7292045035641337,-1.1773915176149785e-13,0,0,0,568126.4779414474,256371.0,40148.005671779494
590,148331.1562796207,0.7283691870958802,-1.1773915176149785e-13,0,0,0,568538.3888408085,256371.00000000003,40291.312559241414
591,148402.9895206164,0.7275325842703764,-1.1773915176149785e-13,0,0,0,568951.4332090354,256371.00000000003,40434.979041232764
592,148475.00298076167,0.7266946950876221,-1.1773915176149785e-13,0,0,0,569365.6141994778,256371.00000000006,40579.00596152329
593,148547.19708356596,0.7258555195476173,-1.1773915176149785e-13,0,0,0,569780.9349787242,256371.00000000003,40723.39416713189
594,148619.57225417046,0.7250150576503622,-1.1773915176149785e-13,0,0,0,570197.3987266665,256371.00000000003,40868.14450834089
595,148692.1289193552,0.7241733093958569,-1.1773915176149785e-13,0,0,0,570615.0086365634,256371.00000000003,41013.25783871034
596,148764.86750754624,0.7233302747841011,-1.1773915176149785e-13,0,0,0,571033.7679151056,256371.00000000006,41158.73501509243
597,148837.78844882292,0.7224859538150947,-1.1773915176149785e-13,0,0,0,571453.6797824799,256371.00000000003,41304.576897645806
598,148910.89217492507,0.7216403464888381,-1.1773915176149785e-13,0,0,0,571874.7474724345,256371.00000000003,41450.78434985013
599,148984.1791192604,0.7207934528053312,-1.1773915176149785e-13,0,0,0,572296.9742323455,256371.00000000003,41597.35823852076
600,149057.64971691172,0.7199452727645739,-1.1773915176149785e-13,0,0,0,572720.363323282,256371.00000000003,41744.299433823406
601,149131.30440464438,0.7190958063665664,-1.1773915176149785e-13,0,0,0,573144.9180200719,256371.00000000003,41891.60880928875
602,149205.14362091382,0.7182450536113083,-1.1773915176149785e-13,0,0,0,573570.6416113713,256371.00000000003,42039.28724182762
603,149264.00000000003,0.7175675313538428,-1.1773915176149785e-13,0,0,0,573910.0563849144,256371.00000000003,42157.00000000002
604,148814.91241269265,0.7167152181423158,-1.1773915176149785e-13,0,0,0,571321.9381108083,255472.82482538527,42157.00000000002
605,148368.62949364583,0.7158631164561274,-1.1773915176149785e-13,0,0,0,568753.8490325537,254580.25898729166,42157.00000000002
606,147925.12509169595,0.7150112262952781,-1.1773915176149785e-13,0,0,0,566205.57208646,253693.2501833919,42157.000000000015
607,147484.3733798077,0.7141595476597672,-1.1773915176149785e-13,0,0,0,563676.8932280146,252811.74675961537,42157.00000000002
608,147046.3488500685,0.7133080805495948,-1.1773915176149785e-13,0,0,0,561167.6013806894,251935.69770013695,42157.000000000015
609,146611.02630877486,0.7124568249647614,-1.1773915176149785e-13,0,0,0,558677.488385764,251065.0526175497,42157.00000000003
610,146178.3808716085,0.7116057809052667,-1.1773915176149785e-13,0,0,0,556206.3489531452,250199.76174321698,42157.00000000003
611,145748.3879589019,0.7107549483711104,-1.1773915176149785e-13,0,0,0,553753.9806131698,249339.7759178038,42157.00000000001
612,145321.02329099146,0.7099043273622931,-1.1773915176149785e-13,0,0,0,551320.1836693651,248485.0465819829,42157.00000000004
613,144896.26288365232,0.7090539178788142,-1.1773915176149785e-13,0,0,0,548904.7611521251,247635.5257673046,42157.00000000003
614,144474.0830436203,0.7082037199206741,-1.1773915176149785e-13,0,0,0,546507.5187733212,246791.1660872406,42157.00000000002
615,144054.46036419217,0.707353733487873,-1.1773915176149785e-13,0,0,0,544128.2648817874,245951.9207283843,42157.000000000015
616,143637.37172090597,0.7065039585804103,-1.1773915176149785e-13,0,0,0,541766.8104196792,245117.7434418119,42157.00000000003
617,143222.79426730052,0.7056543951982861,-1.1773915176149785e-13,0,0,0,539422.9688796899,244288.58853460103,42157.000000000015
618,142810.7054307503,0.7048050433415008,-1.1773915176149785e-13,0,0,0,537096.556263096,243464.4108615006,42157.00000000002
619,142401.0829083741,0.7039559030100542,-1.1773915176149785e-13,0,0,0,534787.3910386092,242645.1658167482,42157.00000000002
620,141993.90466301874,0.7031069742039462,-1.1773915176149785e-13,0,0,0,532495.2941020355,241830.80932603744,42157.00000000003
621,141589.14891931252,0.7022582569231767,-1.1773915176149785e-13,0,0,0,530220.0887367023,241021.297838625,42157.00000000002
622,141186.7941597906,0.7014097511677465,-1.1773915176149785e-13,0,0,0,527961.6005746546,240216.58831958118,42157.00000000003
623,140786.8191210862,0.7005614569376545,-1.1773915176149785e-13,0,0,0,525719.6575585809,239416.6382421724,42157.00000000002
624,140389.20279019303,0.6997133742329014,-1.1773915176149785e-13,0,0,0,523494.08990448585,238621.40558038605,42157.000000000015
625,139993.9244007896,0.6988655030534865,-1.1773915176149785e-13,0,0,0,521284.73006505513,237830.84880157918,42157.00000000002
626,139600.96342963132,0.698017843399411,-1.1773915176149785e-13,0,0,0,519091.41269373184,237044.9268592626,42157.00000000003
627,139210.29959300245,0.6971703952706737,-1.1773915176149785e-13,0,0,0,516913.9746094559,236263.5991860049,42157.00000000002
628,138821.91284323367,0.6963231586672752,-1.1773915176149785e-13,0,0,0,514752.25476208935,235486.82568646735,42157.00000000002
629,138435.7833652773,0.6954761335892155,-1.1773915176149785e-13,0,0,0,512606.0941984757,234714.5667305546,42157.000000000015
630,138051.8915733434,0.6946293200364944,-1.1773915176149785e-13,0,0,0,510475.33602914534,233946.78314668676,42157.00000000003
631,137670.21810759345,0.6937827180091118,-1.1773915176149785e-13,0,0,0,508359.82539564034,233183.43621518687,42157.00000000002
632,137290.74383089205,0.6929363275070684,-1.1773915176149785e-13,0,0,0,506259.4094384539,232424.4876617841,42157.000000000015
633,136913.449825613,0.6920901485303635,-1.1773915176149785e-13,0,0,0,504173.93726555863,231669.89965122598,42157.00000000002
634,136538.3173905014,0.6912441810789975,-1.1773915176149785e-13,0,0,0,502103.25992152584,230919.63478100282,42157.000000000015
635,136165.32803758918,0.6903984251529702,-1.1773915176149785e-13,0,0,0,500047.2303572144,230173.65607517833,42157.00000000003
636,135794.4634891627,0.6895528807522817,-1.1773915176149785e-13,0,0,0,498005.7034000161,229431.92697832538,42157.00000000002
637,135425.70567478266,0.6887075478769317,-1.1773915176149785e-13,0,0,0,495978.5357246525,228694.41134956531,42157.00000000002
638,135059.0367283542,0.6878624265269204,-1.1773915176149785e-13,0,0,0,493965.5858245057,227961.0734567084,42157.000000000015
639,134694.43898524652,0.6870175167022479,-1.1773915176149785e-13,0,0,0,491966.7139834732,227231.87797049305,42157.000000000015
640,134331.8949794611,0.686172818402914,-1.1773915176149785e-13,0,0,0,489981.78224833624,226506.78995892216,42157.00000000002
641,133971.38744084764,0.6853283316289189,-1.1773915176149785e-13,0,0,0,488010.6544016321,225785.77488169525,42157.00000000002
642,133612.89929236658,0.6844840563802623,-1.1773915176149785e-13,0,0,0,486053.19593501696,225068.79858473313,42157.00000000002
643,133256.41364739786,0.6836399926569445,-1.1773915176149785e-13,0,0,0,484109.27402311383,224355.8272947957,42157.00000000002
644,132901.91380709366,0.6827961404589654,-1.1773915176149785e-13,0,0,0,482178.7574978273,223646.82761418732,42157.00000000002
645,132549.3832577761,0.6819524997863251,-1.1773915176149785e-13,0,0,0,480261.51682312455,222941.76651555215,42157.000000000015
646,132198.80566837738,0.6811090706390233,-1.1773915176149785e-13,0,0,0,478357.4240702664,222240.61133675472,42157.00000000002
647,131850.16488792296,0.6802658530170601,-1.1773915176149785e-13,0,0,0,476466.35289348423,221543.3297758459,42157.00000000002
648,131503.4449430557,0.6794228469204358,-1.1773915176149785e-13,0,0,0,474588.17850608815,220849.8898861114,42157.00000000002
649,131158.6300356009,0.6785800523491501,-1.1773915176149785e-13,0,0,0,472722.77765700093,220160.26007120174,42157.00000000003
650,130815.70454017111,0.677737469303203,-1.1773915176149785e-13,0,0,0,470870.02860770916,219474.4090803422,42157.00000000002
651,130474.65300181092,0.6768950977825945,-1.1773915176149785e-13,0,0,0,469029.81110962277,218792.3060036218,42157.00000000003
652,130135.46013367915,0.6760529377873252,-1.1773915176149785e-13,0,0,0,467202.0063818331,218113.92026735828,42157.00000000002
653,129798.1108147688,0.675210989317394,-1.1773915176149785e-13,0,0,0,465386.4970892596,217439.2216295376,42157.00000000002
654,129462.59008766555,0.6743692523728019,-1.1773915176149785e-13,0,0,0,463583.1673211892,216768.18017533107,42157.00000000002
655,129128.88315634005,0.6735277269535482,-1.1773915176149785e-13,0,0,0,461791.9025701789,216100.7663126801,42157.000000000015
656,128796.97538397819,0.6726864130596333,-1.1773915176149785e-13,0,0,0,460012.5897113384,215436.95076795635,42157.000000000015
657,128466.85229084475,0.6718453106910571,-1.1773915176149785e-13,0,0,0,458245.11698196485,214776.7045816895,42157.000000000015
658,128138.49955218201,0.6710044198478197,-1.1773915176149785e-13,0,0,0,456489.37396153586,214119.999104364,42157.00000000002
659,127811.90299614175,0.6701637405299207,-1.1773915176149785e-13,0,0,0,454745.2515520473,213466.80599228348,42157.00000000002
660,127487.04860175081,0.6693232727373605,-1.1773915176149785e-13,0,0,0,453012.64195869287,212817.09720350162,42157.00000000002
661,127163.92249690816,0.668483016470139,-1.1773915176149785e-13,0,0,0,451291.4386708724,212170.84499381628,42157.00000000003
662,126842.51095641452,0.6676429717282564,-1.1773915176149785e-13,0,0,0,449581.53644353064,211528.02191282905,42157.000000000015
663,126522.80040003276,0.666803138511712,-1.1773915176149785e-13,0,0,0,447882.83127881266,210888.60080006553,42157.00000000002
664,126204.77739057949,0.6659635168205065,-1.1773915176149785e-13,0,0,0,446195.22040803643,210252.55478115895,42157.00000000003
665,125888.428632046,0.6651241066546398,-1.1773915176149785e-13,0,0,0,444518.6022739685,209619.85726409196,42157.00000000002
666,125573.74096774921,0.6642849080141118,-1.1773915176149785e-13,0,0,0,442852.8765134036,208990.4819354984,42157.00000000003
667,125260.70137851157,0.6634459208989225,-1.1773915176149785e-13,0,0,0,441197.9439400392,208364.4027570231,42157.00000000003
668,124949.29698086926,0.662607145309072,-1.1773915176149785e-13,0,0,0,439553.70652763953,207741.5939617385,42157.00000000002
669,124639.51502530825,0.6617685812445597,-1.1773915176149785e-13,0,0,0,437920.06739348243,207122.03005061648,42157.00000000003
670,124331.34289452872,0.6609302287053864,-1.1773915176149785e-13,0,0,0,436296.9307820899,206505.6857890574,42157.00000000003
671,124024.76810173463,0.6600920876915519,-1.1773915176149785e-13,0,0,0,434684.2020492223,205892.53620346924,42157.00000000002
672,123719.77828895136,0.6592541582030559,-1.1773915176149785e-13,0,0,0,433081.7876461493,205282.5565779027,42157.00000000002
673,123416.36122536889,0.6584164402398989,-1.1773915176149785e-13,0,0,0,431489.5951041801,204675.72245073775,42157.00000000002
674,123114.5048057097,0.6575789338020803,-1.1773915176149785e-13,0,0,0,429907.53301944805,204072.00961141937,42157.00000000002
675,122814.19704862298,0.6567416388896002,-1.1773915176149785e-13,0,0,0,428335.51103795454,203471.39409724594,42157.00000000002
676,122515.42609510283,0.6559045555024592,-1.1773915176149785e-13,0,0,0,426773.43984085706,202873.85219020562,42157.000000000015
677,122218.18020692999,0.6550676836406566,-1.1773915176149785e-13,0,0,0,425221.2311299972,202279.36041385995,42157.000000000015
678,121922.4477651387,0.6542310233041928,-1.1773915176149785e-13,0,0,0,423678.79761367437,201687.8955302774,42157.000000000015
679,121628.21726850566,0.6533945744930676,-1.1773915176149785e-13,0,0,0,422146.05299264734,201099.4345370113,42157.00000000003
680,121335.4773320624,0.652558337207281,-1.1773915176149785e-13,0,0,0,420622.911946368,200513.95466412476,42157.00000000003
681,121044.21668563048,0.6517223114468333,-1.1773915176149785e-13,0,0,0,419109.290119442,199931.43337126094,42157.00000000003
682,120754.42417237774,0.6508864972117243,-1.1773915176149785e-13,0,0,0,417605.1041083037,199351.84834475545,42157.00000000002
683,120466.0887473976,0.650050894501954,-1.1773915176149785e-13,0,0,0,416110.27144811745,198775.1774947952,42157.00000000002
684,120179.19947630857,0.649215503317522,-1.1773915176149785e-13,0,0,0,414624.7105998834,198201.3989526171,42157.00000000003
685,119893.74553387568,0.6483803236584291,-1.1773915176149785e-13,0,0,0,413148.3409377578,197630.49106775134,42157.00000000003
686,119609.71620265133,0.6475453555246747,-1.1773915176149785e-13,0,0,0,411681.0827365726,197062.43240530262,42157.00000000002
687,119327.10087163771,0.6467105989162591,-1.1773915176149785e-13,0,0,0,410222.8571595625,196497.2017432754,42157.000000000015
688,119045.88903496813,0.6458760538331823,-1.1773915176149785e-13,0,0,0,408773.5862462842,195934.77806993626,42157.000000000015
689,118766.07029060823,0.6450417202754437,-1.1773915176149785e-13,0,0,0,407333.1929007313,195375.14058121643,42157.00000000003
690,118487.63433907669,0.6442075982430444,-1.1773915176149785e-13,0,0,0,405901.60087964084,194818.26867815334,42157.00000000002
691,118210.57098218393,0.6433736877359835,-1.1773915176149785e-13,0,0,0,404478.7347809821,194264.14196436782,42157.000000000015
692,117934.87012179063,0.6425399887542612,-1.1773915176149785e-13,0,0,0,403064.520032634,193712.74024358127,42157.00000000002
693,117660.5217585834,0.6417065012978778,-1.1773915176149785e-13,0,0,0,401658.8828812384,193164.04351716678,42157.00000000003
694,117387.51599086873,0.6408732253668328,-1.1773915176149785e-13,0,0,0,400261.7503812305,192618.03198173744,42157.00000000003
695,117115.84301338499,0.6400401609611266,-1.1773915176149785e-13,0,0,0,398873.05038404535,192074.68602676995,42157.00000000003
696,116845.49311613089,0.6392073080807589,-1.1773915176149785e-13,0,0,0,397492.71152749,191533.98623226178,42157.00000000002
697,116576.456683212,0.6383746667257302,-1.1773915176149785e-13,0,0,0,396120.6632252879,190995.91336642398,42157.00000000002
698,116308.72419170283,0.6375422368960402,-1.1773915176149785e-13,0,0,0,394756.83565678156,190460.44838340563,42157.00000000003
699,116042.28621052626,0.6367100185916887,-1.1773915176149785e-13,0,0,0,393401.15975680074,189927.5724210525,42157.00000000002
700,115777.13339934907,0.6358780118126759,-1.1773915176149785e-13,0,0,0,392053.5672056887,189397.2667986981,42157.00000000003
701,115513.2565074929,0.635046216559002,-1.1773915176149785e-13,0,0,0,390713.9904194804,188869.51301498577,42157.00000000002
702,115250.6463728611,0.6342146328306664,-1.1773915176149785e-13,0,0,0,389382.3625402363,188344.29274572217,42157.00000000003
703,114989.29392088127,0.6333832606276697,-1.1773915176149785e-13,0,0,0,388058.61742652586,187821.58784176252,42157.000000000015
704,114729.19016346244,0.6325520999500119,-1.1773915176149785e-13,0,0,0,386742.6896440565,187301.38032692485,42157.00000000002
705,114470.32619796699,0.6317211507976926,-1.1773915176149785e-13,0,0,0,385434.5144564468,186783.65239593398,42157.00000000002
706,114212.69320619808,0.6308904131707118,-1.1773915176149785e-13,0,0,0,384134.02781614533,186268.38641239612,42157.00000000002
707,113956.28245340074,0.63005988706907,-1.1773915176149785e-13,0,0,0,382841.16635548597,185755.56490680145,42157.00000000002
708,113701.08528727683,0.6292295724927668,-1.1773915176149785e-13,0,0,0,381555.8673778783,185245.17057455363,42157.000000000015
709,113447.09313701482,0.6283994694418019,-1.1773915176149785e-13,0,0,0,380278.068849138,184737.1862740296,42157.00000000002
710,113194.29751233273,0.6275695779161761,-1.1773915176149785e-13,0,0,0,379007.70938894566,184231.59502466544,42157.00000000002
711,112942.6900025342,0.6267398979158889,-1.1773915176149785e-13,0,0,0,377744.7282624349,183728.38000506838,42157.00000000003
712,112692.26227557837,0.6259104294409404,-1.1773915176149785e-13,0,0,0,376489.06537191,183227.5245511567,42157.00000000002
713,112443.00607716267,0.6250811724913306,-1.1773915176149785e-13,0,0,0,375240.66124868987,182729.01215432532,42157.00000000002
714,112194.91322981821,0.6242521270670595,-1.1773915176149785e-13,0,0,0,373999.4570450719,182232.8264596364,42157.00000000002
715,111947.97563201774,0.623423293168127,-1.1773915176149785e-13,0,0,0,372765.3945264191,181738.95126403548,42157.000000000015
716,111702.18525729643,0.622594670794533,-1.1773915176149785e-13,0,0,0,371538.41606336675,181247.37051459285,42157.00000000002
717,111457.5341533844,0.6217662599462781,-1.1773915176149785e-13,0,0,0,370318.464624144,180758.06830676878,42157.00000000003
718,111214.01444135116,0.6209380606233618,-1.1773915176149785e-13,0,0,0,369105.48376701056,180271.0288827023,42157.00000000002
719,110971.61831476245,0.6201100728257838,-1.1773915176149785e-13,0,0,0,367899.41763280856,179786.23662952488,42157.00000000003
720,110730.33803884845,0.6192822965535449,-1.1773915176149785e-13,0,0,0,366700.21093762433,179303.67607769687,42157.00000000003
721,110490.16594968268,0.6184547318066447,-1.1773915176149785e-13,0,0,0,365507.8089655555,178823.33189936535,42157.000000000015
722,110251.09445337343,0.617627378585083,-1.1773915176149785e-13,0,0,0,364322.15756159223,178345.18890674683,42157.000000000015
723,110013.11602526522,0.6168002368888597,-1.1773915176149785e-13,0,0,0,363143.20312459755,177869.2320505304,42157.00000000003
724,109776.22320915188,0.6159733067179756,-1.1773915176149785e-13,0,0,0,361970.89260039607,177395.44641830373,42157.00000000002
725,109540.40861649947,0.6151465880724298,-1.1773915176149785e-13,0,0,0,360805.17347495916,176923.8172329989,42157.00000000002
726,109305.66492568082,0.6143200809522229,-1.1773915176149785e-13,0,0,0,359645.99376769614,176454.3298513616,42157.00000000003
727,109071.98488121961,0.6134937853573548,-1.1773915176149785e-13,0,0,0,358493.30202483956,175986.9697624392,42157.00000000002
728,108839.36129304496,0.612667701287825,-1.1773915176149785e-13,0,0,0,357347.04731292813,175521.7225860899,42157.00000000003
729,108607.7870357564,0.6118418287436344,-1.1773915176149785e-13,0,0,0,356207.17921238765,175058.57407151276,42157.00000000002
730,108377.2550478979,0.6110161677247822,-1.1773915176149785e-13,0,0,0,355073.6478111995,174597.5100957958,42157.00000000002
731,108147.75833124263,0.6101907182312687,-1.1773915176149785e-13,0,0,0,353946.40369866724,174138.51666248523,42157.000000000015
732,107919.2899500866,0.6093654802630937,-1.1773915176149785e-13,0,0,0,352825.39795927,173681.57990017318,42157.00000000002
733,107691.84303055223,0.6085404538202577,-1.1773915176149785e-13,0,0,0,351710.5821666063,173226.68606110444,42157.00000000002
734,107465.41075990054,0.6077156389027603,-1.1773915176149785e-13,0,0,0,350601.90837742283,172773.82151980104,42157.000000000015
735,107239.98638585338,0.6068910355106014,-1.1773915176149785e-13,0,0,0,349499.3291257333,172322.97277170673,42157.00000000002
736,107015.56321592399,0.6060666436437814,-1.1773915176149785e-13,0,0,0,348402.7974170181,171874.12643184795,42157.00000000003
737,106792.13461675661,0.6052424633022999,-1.1773915176149785e-13,0,0,0,347312.26672250865,171427.2692335132,42157.00000000002
738,106569.6940134751,0.6044184944861575,-1.1773915176149785e-13,0,0,0,346227.69097355433,170982.3880269502,42157.000000000015
739,106348.23488903958,0.6035947371953534,-1.1773915176149785e-13,0,0,0,345149.024556067,170539.46977807913,42157.00000000002
740,106127.7507836121,0.6027711914298879,-1.1773915176149785e-13,0,0,0,344076.2223050478,170098.5015672242,42157.000000000015
741,105908.23529393059,0.6019478571897613,-1.1773915176149785e-13,0,0,0,343009.23949919094,169659.47058786117,42157.00000000002
742,105689.68207269034,0.6011247344749733,-1.1773915176149785e-13,0,0,0,341948.03185556125,169222.36414538065,42157.000000000015
743,105472.08482793461,0.600301823285524,-1.1773915176149785e-13,0,0,0,340892.5555243512,168787.1696558692,42157.000000000015
744,105255.43732245237,0.5994791236214134,-1.1773915176149785e-13,0,0,0,339842.7670837092,168353.87464490472,42157.000000000015
745,105039.73337318424,0.5986566354826416,-1.1773915176149785e-13,0,0,0,338798.6235346412,167922.46674636847,42157.00000000002
746,104824.96685063599,0.5978343588692081,-1.1773915176149785e-13,0,0,0,337760.08229598426,167492.93370127195,42157.00000000003
747,104611.13167830005,0.5970122937811135,-1.1773915176149785e-13,0,0,0,336727.1011994514,167065.26335660007,42157.00000000003
748,104398.22183208387,0.5961904402183578,-1.1773915176149785e-13,0,0,0,335699.6384847442,166639.44366416772,42157.00000000002
749,104186.23133974613,0.5953687981809406,-1.1773915176149785e-13,0,0,0,334677.65279473434,166215.46267949222,42157.00000000003
750,103975.15428034002,0.5945473676688623,-1.1773915176149785e-13,0,0,0,333661.10317071277,165793.30856068005,42157.00000000002
751,103764.98478366372,0.5937261486821224,-1.1773915176149785e-13,0,0,0,332649.9490477039,165372.9695673274,42157.00000000003
752,103555.71702971807,0.5929051412207214,-1.1773915176149785e-13,0,0,0,331644.15024984657,164954.4340594361,42157.00000000002
753,103347.3452481709,0.5920843452846589,-1.1773915176149785e-13,0,0,0,330643.6669858366,164537.69049634176,42157.00000000002
754,103139.86371782837,0.5912637608739353,-1.1773915176149785e-13,0,0,0,329648.4598444343,164122.7274356567,42157.00000000002
755,102933.26676611304,0.5904433879885502,-1.1773915176149785e-13,0,0,0,328658.4897900324,163709.53353222605,42157.000000000015
756,102727.54876854866,0.5896232266285037,-1.1773915176149785e-13,0,0,0,327673.71815828676,163298.0975370973,42157.00000000002
757,102522.70414825129,0.5888032767937961,-1.1773915176149785e-13,0,0,0,326694.1066518051,162888.40829650254,42157.00000000002
758,102318.72737542704,0.5879835384844272,-1.1773915176149785e-13,0,0,0,325719.6173358962,162480.45475085406,42157.00000000002
759,102115.61296687597,0.5871640117003967,-1.1773915176149785e-13,0,0,0,324750.21263437555,162074.2259337519,42157.00000000003
760,101913.35548550265,0.5863446964417051,-1.1773915176149785e-13,0,0,0,323785.85532543145,161669.7109710053,42157.00000000002
761,101711.94953983236,0.585525592708352,-1.1773915176149785e-13,0,0,0,322826.50853754336,161266.8990796647,42157.00000000003
762,101511.38978353376,0.5847067005003379,-1.1773915176149785e-13,0,0,0,321872.13574545877,160865.77956706748,42157.00000000002
763,101311.67091494723,0.5838880198176625,-1.1773915176149785e-13,0,0,0,320922.70076622244,160466.34182989446,42157.00000000002
764,101112.78767661938,0.5830695506603255,-1.1773915176149785e-13,0,0,0,319978.16775526106,160068.57535323873,42157.00000000002
765,100914.7348548434,0.5822512930283272,-1.1773915176149785e-13,0,0,0,319038.5012025204,159672.46970968676,42157.00000000003
766,100717.50727920476,0.5814332469216679,-1.1773915176149785e-13,0,0,0,318103.6659286534,159278.0145584095,42157.000000000015
767,100521.09982213285,0.5806154123403469,-1.1773915176149785e-13,0,0,0,317173.6270812602,158885.19964426567,42157.000000000015
768,100325.50739845837,0.5797977892843649,-1.1773915176149785e-13,0,0,0,316248.35013118014,158494.01479691672,42157.000000000015
769,100130.72496497552,0.5789803777537212,-1.1773915176149785e-13,0,0,0,315327.80086882954,158104.44992995102,42157.00000000003
770,99936.74752001045,0.5781631777484166,-1.1773915176149785e-13,0,0,0,314411.945400593,157716.4950400209,42157.000000000015
771,99743.57010299439,0.5773461892684506,-1.1773915176149785e-13,0,0,0,313500.75014525943,157330.14020598875,42157.00000000002
772,99551.18779404221,0.576529412313823,-1.1773915176149785e-13,0,0,0,312594.1818305067,156945.3755880844,42157.00000000002
773,99359.59571353647,0.5757128468845343,-1.1773915176149785e-13,0,0,0,311692.20748943393,156562.19142707292,42157.00000000002
774,99168.78902171603,0.5748964929805842,-1.1773915176149785e-13,0,0,0,310794.7944571377,156180.57804343203,42157.00000000002
775,98978.76291827005,0.5740803506019729,-1.1773915176149785e-13,0,0,0,309901.9103673349,155800.52583654007,42157.00000000002
776,98789.51264193686,0.5732644197487005,-1.1773915176149785e-13,0,0,0,309013.52314903017,155422.0252838737,42157.000000000015
777,98601.0334701076,0.5724487004207663,-1.1773915176149785e-13,0,0,0,308129.60102322605,155045.06694021518,42157.00000000002
778,98413.32071843503,0.571633192618171,-1.1773915176149785e-13,0,0,0,307250.11249967845,154669.64143687004,42157.000000000015
779,98226.36974044661,0.5708178963409145,-1.1773915176149785e-13,0,0,0,306375.0263736928,154295.73948089321,42157.000000000015
780,98040.17592716252,0.5700028115889966,-1.1773915176149785e-13,0,0,0,305504.3117229623,153923.351854325,42157.00000000002
781,97854.73470671829,0.5691879383624172,-1.1773915176149785e-13,0,0,0,304637.9379044486,153552.46941343654,42157.00000000003
782,97670.04154399202,0.5683732766611767,-1.1773915176149785e-13,0,0,0,303775.87455130264,153183.083087984,42157.00000000003
783,97486.09194023594,0.5675588264852749,-1.1773915176149785e-13,0,0,0,302918.0915698251,152815.18388047186,42157.000000000015
784,97302.88143271249,0.5667445878347117,-1.1773915176149785e-13,0,0,0,302064.55913646636,152448.76286542494,42157.00000000002
785,97120.40559433462,0.5659305607094871,-1.1773915176149785e-13,0,0,0,301215.2476948661,152083.8111886692,42157.00000000002
786,96938.66003331082,0.5651167451096013,-1.1773915176149785e-13,0,0,0,300370.1279529308,151720.3200666216,42157.000000000015
787,96757.64039279384,0.5643031410350543,-1.1773915176149785e-13,0,0,0,299529.1708799487,151358.28078558765,42157.00000000003
788,96577.34235053364,0.5634897484858457,-1.1773915176149785e-13,0,0,0,298692.34770374105,150997.68470106725,42157.00000000003
789,96397.76161853527,0.562676567461976,-1.1773915176149785e-13,0,0,0,297859.6299078535,150638.5232370705,42157.00000000002
790,96218.89394271954,0.561863597963445,-1.1773915176149785e-13,0,0,0,297030.9892287785,150280.78788543906,42157.00000000002
791,96040.73510258879,0.5610508399902525,-1.1773915176149785e-13,0,0,0,296206.3976532173,149924.47020517755,42157.00000000002
792,95863.28091089604,0.5602382935423988,-1.1773915176149785e-13,0,0,0,295385.8274153754,149569.56182179204,42157.00000000002
793,95686.52721331813,0.559425958619884,-1.1773915176149785e-13,0,0,0,294569.25099429186,149216.05442663623,42157.00000000002
794,95510.46988813281,0.5586138352227075,-1.1773915176149785e-13,0,0,0,293756.6411112036,148863.9397762656,42157.00000000002
795,95335.10484589971,0.5578019233508698,-1.1773915176149785e-13,0,0,0,292947.97072694375,148513.2096917994,42157.00000000003
796,95160.42802914472,0.5569902230043708,-1.1773915176149785e-13,0,0,0,292143.2130393709,148163.8560582894,42157.00000000002
797,94986.43541204839,0.5561787341832107,-1.1773915176149785e-13,0,0,0,291342.34148083307,147815.87082409678,42157.000000000015
798,94813.1230001377,0.555367456887389,-1.1773915176149785e-13,0,0,0,290545.32971566194,147469.24600027537,42157.000000000015
799,94640.48682998185,0.5545563911169062,-1.1773915176149785e-13,0,0,0,289752.1516377008,147123.97365996367,42157.00000000002
800,94468.52296889089,0.5537455368717621,-1.1773915176149785e-13,0,0,0,288962.78136786056,146780.04593778175,42157.000000000015
801,94297.22751461859,0.5529348941519563,-1.1773915176149785e-13,0,0,0,288177.1932517097,146437.45502923714,42157.000000000015
802,94126.59659506846,0.5521244629574895,-1.1773915176149785e-13,0,0,0,287395.3618570929,146096.1931901369,42157.00000000003
803,93956.62636800275,0.5513142432883613,-1.1773915176149785e-13,0,0,0,286617.2619717777,145756.25273600547,42157.000000000015
804,93787.31302075565,0.5505042351445718,-1.1773915176149785e-13,0,0,0,285842.8686011351,145417.6260415113,42157.00000000002
805,93618.65276994905,0.5496944385261211,-1.1773915176149785e-13,0,0,0,285072.1569658438,145080.30553989808,42157.000000000015
806,93450.64186121197,0.5488848534330091,-1.1773915176149785e-13,0,0,0,284305.1024996271,144744.28372242392,42157.000000000015
807,93283.27656890308,0.5480754798652357,-1.1773915176149785e-13,0,0,0,283541.68084701546,144409.55313780616,42157.00000000002
808,93116.55319583636,0.547266317822801,-1.1773915176149785e-13,0,0,0,282781.86786113784,144076.10639167269,42157.00000000002
809,92950.46807301011,0.5464573673057049,-1.1773915176149785e-13,0,0,0,282025.6396015404,143743.9361460202,42157.00000000002
810,92785.01755933877,0.5456486283139477,-1.1773915176149785e-13,0,0,0,281272.9723320315,143413.0351186775,42157.00000000002
811,92620.19804138789,0.5448401008475288,-1.1773915176149785e-13,0,0,0,280523.84251855366,143083.39608277575,42157.00000000003
812,92456.00593311235,0.5440317849064488,-1.1773915176149785e-13,0,0,0,279778.2268270818,142755.01186622467,42157.00000000002
813,92292.43767559713,0.5432236804907075,-1.1773915176149785e-13,0,0,0,279036.1021215471,142427.87535119426,42157.00000000002
814,92129.4897368013,0.5424157876003048,-1.1773915176149785e-13,0,0,0,278297.44546178577,142101.97947360258,42157.00000000002
815,91967.15861130487,0.5416081062352408,-1.1773915176149785e-13,0,0,0,277562.2341015139,141777.3172226097,42157.00000000002
816,91805.44082005853,0.5408006363955158,-1.1773915176149785e-13,0,0,0,276830.44548632705,141453.88164011703,42157.000000000015
817,91644.3329101359,0.539993378081129,-1.1773915176149785e-13,0,0,0,276102.05725172214,141131.66582027177,42157.00000000003
818,91483.83145448912,0.5391863312920813,-1.1773915176149785e-13,0,0,0,275377.04722114664,140810.6629089782,42157.00000000002
819,91323.93305170658,0.5383794960283719,-1.1773915176149785e-13,0,0,0,274655.39340406837,140490.86610341314,42157.00000000002
820,91164.63432577404,0.5375728722900015,-1.1773915176149785e-13,0,0,0,273937.0739940718,140172.26865154805,42157.00000000002
821,91005.93192583749,0.5367664600769697,-1.1773915176149785e-13,0,0,0,273222.06736697315,139854.86385167495,42157.000000000015
822,90847.82252596975,0.5359602593892767,-1.1773915176149785e-13,0,0,0,272510.3520789631,139538.64505193947,42157.00000000003
823,90690.30282493863,0.5351542702269221,-1.1773915176149785e-13,0,0,0,271801.9068647673,139223.60564987722,42157.00000000003
824,90533.36954597867,0.5343484925899065,-1.1773915176149785e-13,0,0,0,271096.71063583385,138909.7390919573,42157.00000000002
825,90377.01943656441,0.5335429264782293,-1.1773915176149785e-13,0,0,0,270394.74247853685,138597.03887312883,42157.00000000002
826,90221.249268187,0.532737571891891,-1.1773915176149785e-13,0,0,0,269695.9816524066,138285.49853637398,42157.000000000015
827,90066.05583613283,0.5319324288308913,-1.1773915176149785e-13,0,0,0,269000.4075883783,137975.11167226563,42157.00000000002
828,89911.43595926456,0.53112749729523,-1.1773915176149785e-13,0,0,0,268307.9998870611,137665.8719185291,42157.00000000003
829,89757.3864798051,0.530322777284908,-1.1773915176149785e-13,0,0,0,267618.73831703095,137357.77295961019,42157.000000000015
830,89603.90426312313,0.5295182687999243,-1.1773915176149785e-13,0,0,0,266932.60281313944,137050.80852624623,42157.000000000015
831,89450.98619752174,0.5287139718402792,-1.1773915176149785e-13,0,0,0,266249.5734748463,136744.97239504344,42157.00000000002
832,89298.62919402897,0.527909886405973,-1.1773915176149785e-13,0,0,0,265569.6305645701,136440.2583880579,42157.00000000003
833,89146.83018619064,0.5271060124970053,-1.1773915176149785e-13,0,0,0,264892.7545060577,136136.66037238124,42157.00000000003
834,88995.58612986578,0.5263023501133763,-1.1773915176149785e-13,0,0,0,264218.9258827753,135834.17225973154,42157.00000000002
835,88844.89400302386,0.5254988992550861,-1.1773915176149785e-13,0,0,0,263548.1254363159,135532.78800604772,42157.00000000002
836,88694.75080554445,0.5246956599221346,-1.1773915176149785e-13,0,0,0,262880.3340648272,135232.50161108887,42157.00000000002
837,88545.15355901897,0.5238926321145216,-1.1773915176149785e-13,0,0,0,262215.53282145655,134933.30711803792,42157.00000000002
838,88396.0993065549,0.5230898158322477,-1.1773915176149785e-13,0,0,0,261553.70291281654,134635.19861310977,42157.00000000002
839,88247.5851125814,0.5222872110753121,-1.1773915176149785e-13,0,0,0,260894.82569746472,134338.17022516276,42157.00000000003
840,88099.60806265789,0.5214848178437154,-1.1773915176149785e-13,0,0,0,260238.88268440528,134042.21612531578,42157.00000000002
841,87952.16526328404,0.5206826361374571,-1.1773915176149785e-13,0,0,0,259585.85553160496,133747.33052656808,42157.00000000002
842,87805.25384171218,0.5198806659565376,-1.1773915176149785e-13,0,0,0,258935.7260445282,133453.50768342434,42157.00000000002
843,87658.87094576153,0.5190789073009571,-1.1773915176149785e-13,0,0,0,258288.47617468826,133160.74189152304,42157.00000000002
844,87513.01374363432,0.518277360170715,-1.1773915176149785e-13,0,0,0,257644.08801821485,132869.0274872686,42157.00000000002
845,87367.67942373433,0.5174760245658117,-1.1773915176149785e-13,0,0,0,257002.54381443997,132578.35884746863,42157.00000000002
846,87222.86519448683,0.5166749004862469,-1.1773915176149785e-13,0,0,0,256363.82594449833,132288.73038897366,42157.00000000002
847,87078.5682841609,0.5158739879320209,-1.1773915176149785e-13,0,0,0,255727.9169299451,132000.13656832176,42157.00000000002
848,86934.78594069318,0.5150732869031336,-1.1773915176149785e-13,0,0,0,255094.7994313886,131712.57188138634,42157.00000000002
849,86791.51543151394,0.5142727973995849,-1.1773915176149785e-13,0,0,0,254464.45624713937,131426.03086302785,42157.00000000003
850,86648.75404337469,0.5134725194213752,-1.1773915176149785e-13,0,0,0,253836.87031187484,131140.50808674935,42157.00000000002
851,86506.49908217766,0.5126724529685037,-1.1773915176149785e-13,0,0,0,253212.02469531816,130855.9981643553,42157.00000000002
852,86364.74787280736,0.5118725980409711,-1.1773915176149785e-13,0,0,0,252589.90260093435,130572.4957456147,42157.00000000003
853,86223.49775896348,0.5110729546387773,-1.1773915176149785e-13,0,0,0,251970.4873646386,130289.99551792695,42157.00000000002
854,86082.74610299584,0.5102735227619222,-1.1773915176149785e-13,0,0,0,251353.7624535214,130008.49220599164,42157.00000000002
855,85942.49028574095,0.5094743024104056,-1.1773915176149785e-13,0,0,0,250739.71146458676,129727.98057148188,42157.00000000002
856,85802.7277063605,0.5086752935842278,-1.1773915176149785e-13,0,0,0,250128.31812350635,129448.45541272098,42157.000000000015
857,85663.45578218118,0.5078764962833885,-1.1773915176149785e-13,0,0,0,249519.56628338585,129169.91156436234,42157.00000000002
858,85524.67194853652,0.5070779105078882,-1.1773915176149785e-13,0,0,0,248913.43992354674,128892.34389707302,42157.00000000002
859,85386.37365861006,0.5062795362577263,-1.1773915176149785e-13,0,0,0,248309.92314832058,128615.7473172201,42157.00000000002
860,85248.5583832806,0.5054813735329033,-1.1773915176149785e-13,0,0,0,247709.000185859,128340.11676656119,42157.00000000002
861,85111.22361096845,0.5046834223334187,-1.1773915176149785e-13,0,0,0,247110.65538695364,128065.44722193686,42157.00000000002
862,84974.36684748398,0.503885682659273,-1.1773915176149785e-13,0,0,0,246514.87322387358,127791.73369496794,42157.000000000015
863,84837.9856158771,0.5030881545104661,-1.1773915176149785e-13,0,0,0,245921.63828921196,127518.97123175419,42157.00000000002
864,84702.07745628864,0.5022908378869979,-1.1773915176149785e-13,0,0,0,245330.9352947476,127247.15491257726,42157.00000000002
865,84566.63992580316,0.5014937327888679,-1.1773915176149785e-13,0,0,0,244742.74907031874,126976.27985160629,42157.00000000002
866,84431.67059830368,0.5006968392160773,-1.1773915176149785e-13,0,0,0,244157.06456271082,126706.34119660735,42157.00000000002
867,84297.16706432682,0.4999001571686248,-1.1773915176149785e-13,0,0,0,243573.86683455246,126437.33412865362,42157.00000000002
868,84163.1269309209,0.49910368664651106,-1.1773915176149785e-13,0,0,0,242993.14106322982,126169.25386184179,42157.00000000002
869,84029.54782150437,0.49830742764973635,-1.1773915176149785e-13,0,0,0,242414.87253980772,125902.09564300872,42157.00000000002
870,83896.42737572592,0.49751138017829977,-1.1773915176149785e-13,0,0,0,241839.04666796458,125635.85475145181,42157.00000000003
871,83763.76324932667,0.4967155442322023,-1.1773915176149785e-13,0,0,0,241265.64896294114,125370.52649865333,42157.00000000003
872,83631.55311400272,0.49591991981144334,-1.1773915176149785e-13,0,0,0,240694.66505049652,125106.1062280054,42157.00000000002
873,83499.79465727007,0.4951245069160234,-1.1773915176149785e-13,0,0,0,240126.08066588052,124842.58931454014,42157.00000000002
874,83368.48558233015,0.4943293055459418,-1.1773915176149785e-13,0,0,0,239559.88165281274,124579.97116466028,42157.00000000002
875,83237.62360793736,0.4935343157011991,-1.1773915176149785e-13,0,0,0,238996.05396247705,124318.24721587471,42157.00000000002
876,83107.20646826741,0.49273953738179477,-1.1773915176149785e-13,0,0,0,238434.5836525237,124057.4129365348,42157.00000000002
877,82977.23191278747,0.49194497058772957,-1.1773915176149785e-13,0,0,0,237875.45688608478,123797.4638255749,42157.00000000002
878,82847.69770612706,0.4911506153190027,-1.1773915176149785e-13,0,0,0,237318.65993079837,123538.39541225409,42157.00000000002
879,82718.60162795095,0.4903564715756147,-1.1773915176149785e-13,0,0,0,236764.1791578455,123280.20325590188,42157.00000000002
880,82589.94147283267,0.4895625393575651,-1.1773915176149785e-13,0,0,0,236212.00104099553,123022.8829456653,42157.00000000002
881,82461.71505012985,0.48876881866485455,-1.1773915176149785e-13,0,0,0,235662.112155664,122766.43010025966,42157.00000000002
882,82333.92018386025,0.48797530949748247,-1.1773915176149785e-13,0,0,0,235114.49917797817,122510.84036772046,42157.00000000002
883,82206.55471257961,0.4871820118554492,-1.1773915176149785e-13,0,0,0,234569.14888385535,122256.10942515921,42157.00000000002
884,82079.61648926033,0.4863889257387547,-1.1773915176149785e-13,0,0,0,234026.0481480894,122002.23297852064,42157.00000000002
885,81953.10338117134,0.48559605114739857,-1.1773915176149785e-13,0,0,0,233485.18394344728,121749.20676234266,42157.00000000002
886,81827.01326975967,0.48480338808138146,-1.1773915176149785e-13,0,0,0,232946.54333977695,121497.02653951933,42157.00000000002
887,81701.34405053238,0.4840109365407028,-1.1773915176149785e-13,0,0,0,232410.11350312195,121245.68810106473,42157.00000000002
888,81576.0936329405,0.483218696525363,-1.1773915176149785e-13,0,0,0,231875.88169484862,120995.18726588097,42157.00000000003
889,81451.25994026344,0.4824266680353616,-1.1773915176149785e-13,0,0,0,231343.83527078028,120745.51988052684,42157.00000000002
890,81326.8409094952,0.48163485107069925,-1.1773915176149785e-13,0,0,0,230813.96168034276,120496.68181899037,42157.00000000002
891,81202.83449123087,0.48084324563137537,-1.1773915176149785e-13,0,0,0,230286.24846571626,120248.6689824617,42157.00000000002
892,81079.23864955518,0.4800518517173902,-1.1773915176149785e-13,0,0,0,229760.6832609996,120001.47729911032,42157.00000000002
893,80956.05136193146,0.4792606693287439,-1.1773915176149785e-13,0,0,0,229237.2537913809,119755.1027238629,42157.00000000002
894,80833.27061909191,0.47846969846543597,-1.1773915176149785e-13,0,0,0,228715.94787231798,119509.54123818381,42157.00000000002
895,80710.89442492915,0.47767893912746673,-1.1773915176149785e-13,0,0,0,228196.7534087278,119264.78884985828,42157.00000000003
896,80588.92079638848,0.4768883913148363,-1.1773915176149785e-13,0,0,0,227679.65839418367,119020.84159277694,42157.00000000002
897,80467.34776336141,0.4760980550275443,-1.1773915176149785e-13,0,0,0,227164.65091012133,118777.69552672279,42157.00000000002
898,80346.17336858032,0.4753079302655915,-1.1773915176149785e-13,0,0,0,226651.71912505451,118535.34673716062,42157.00000000002
899,80225.39566751376,0.47451801702897733,-1.1773915176149785e-13,0,0,0,226140.85129379612,118293.7913350275,42157.00000000002
900,80105.01272826319,0.47372831531770165,-1.1773915176149785e-13,0,0,0,225632.03575669025,118053.02545652636,42157.00000000002
901,79985.02263146061,0.47293882513176466,-1.1773915176149785e-13,0,0,0,225125.26093885157,117813.04526292121,42157.00000000002
902,79865.42347016699,0.47214954647116614,-1.1773915176149785e-13,0,0,0,224620.5153494115,117573.84694033395,42157.00000000002
903,79746.21334977202,0.4713604793359064,-1.1773915176149785e-13,0,0,0,224117.7875807743,117335.42669954401,42157.00000000002
904,79627.39038789443,0.4705716237259854,-1.1773915176149785e-13,0,0,0,223617.06630787882,117097.78077578882,42157.00000000002
905,79508.95271428365,0.4697829796414035,-1.1773915176149785e-13,0,0,0,223118.34028746982,116860.90542856728,42157.00000000002
906,79390.89847072207,0.46899454708216004,-1.1773915176149785e-13,0,0,0,222621.59835737513,116624.7969414441,42157.00000000002
907,79273.2258109286,0.46820632604825496,-1.1773915176149785e-13,0,0,0,222126.82943579223,116389.45162185718,42157.00000000003
908,79155.932900463,0.4674183165396888,-1.1773915176149785e-13,0,0,0,221634.0225205811,116154.86580092598,42157.000000000015
909,79039.01791663095,0.4666305185564612,-1.1773915176149785e-13,0,0,0,221143.16668856426,115921.03583326188,42157.00000000002
910,78922.47904839032,0.4658429320985724,-1.1773915176149785e-13,0,0,0,220654.2510948348,115687.95809678061,42157.00000000002
911,78806.31449625814,0.4650555571660224,-1.1773915176149785e-13,0,0,0,220167.26497207087,115455.62899251626,42157.00000000002
912,78690.52247221854,0.4642683937588109,-1.1773915176149785e-13,0,0,0,219682.19762985787,115224.04494443706,42157.00000000002
913,78575.10119963161,0.46348144187693807,-1.1773915176149785e-13,0,0,0,219199.03845401725,114993.20239926319,42157.00000000002
914,78460.04891314301,0.4626947015204038,-1.1773915176149785e-13,0,0,0,218717.7769059422,114763.097826286,42157.00000000002
915,78345.36385859462,0.4619081726892085,-1.1773915176149785e-13,0,0,0,218238.40252194105,114533.7277171892,42157.00000000002
916,78231.0442929357,0.4611218553833517,-1.1773915176149785e-13,0,0,0,217760.9049125852,114305.08858587136,42157.00000000002
917,78117.08848413538,0.46033574960283385,-1.1773915176149785e-13,0,0,0,217285.27376206667,114077.17696827074,42157.00000000002
918,78003.49471109548,0.45954985534765447,-1.1773915176149785e-13,0,0,0,216811.49882755984,113849.98942219093,42157.00000000002
919,77890.26126356456,0.45876417261781366,-1.1773915176149785e-13,0,0,0,216339.5699385909,113623.52252712911,42157.00000000003
920,77777.3864420526,0.4579787014133119,-1.1773915176149785e-13,0,0,0,215869.47699641404,113397.77288410517,42157.000000000015
921,77664.8685577463,0.45719344173414844,-1.1773915176149785e-13,0,0,0,215401.20997339225,113172.7371154926,42157.00000000002
922,77552.70593242568,0.4564083935803239,-1.1773915176149785e-13,0,0,0,214934.75891238663,112948.41186485135,42157.00000000002
923,77440.89689838087,0.455623556951838,-1.1773915176149785e-13,0,0,0,214470.1139261504,112724.79379676173,42157.00000000002
924,77329.43979833016,0.45483893184869095,-1.1773915176149785e-13,0,0,0,214007.26519672963,112501.8795966603,42157.00000000002
925,77218.33298533845,0.4540545182708823,-1.1773915176149785e-13,0,0,0,213546.2029748697,112279.66597067688,42157.00000000002
926,77107.57482273685,0.4532703162184124,-1.1773915176149785e-13,0,0,0,213086.9175794285,112058.14964547368,42157.00000000002
927,76997.16368404262,0.4524863256912812,-1.1773915176149785e-13,0,0,0,212629.39939679462,111837.32736808523,42157.00000000002
928,76887.09795288018,0.45170254668948884,-1.1773915176149785e-13,0,0,0,212173.63888031204,111617.19590576035,42157.00000000002
929,76777.37602290261,0.4509189792130349,-1.1773915176149785e-13,0,0,0,211719.62654970997,111397.75204580519,42157.00000000002
930,76667.99629771413,0.4501356232619198,-1.1773915176149785e-13,0,0,0,211267.35299053972,111178.99259542824,42157.000000000015
931,76558.95719079307,0.4493524788361434,-1.1773915176149785e-13,0,0,0,210816.8088536155,110960.91438158612,42157.000000000015
932,76450.25712541568,0.44856954593570564,-1.1773915176149785e-13,0,0,0,210367.9848544621,110743.51425083133,42157.00000000002
933,76341.89453458057,0.44778682456060637,-1.1773915176149785e-13,0,0,0,209920.87177276725,110526.78906916111,42157.00000000003
934,76233.86786093401,0.4470043147108459,-1.1773915176149785e-13,0,0,0,209475.4604518406,110310.73572186801,42157.00000000002
935,76126.17555669574,0.44622201638642456,-1.1773915176149785e-13,0,0,0,209031.7417980769,110095.35111339146,42157.00000000002
936,76018.81608358532,0.44543992958734135,-1.1773915176149785e-13,0,0,0,208589.70678042425,109880.63216717061,42157.00000000002
937,75911.78791274977,0.44465805431359706,-1.1773915176149785e-13,0,0,0,208149.34642986016,109666.57582549953,42157.00000000002
938,75805.08952469111,0.44387639056519135,-1.1773915176149785e-13,0,0,0,207710.65183886912,109453.17904938219,42157.00000000002
939,75698.71940919514,0.44309493834212466,-1.1773915176149785e-13,0,0,0,207273.61416092867,109240.43881839026,42157.00000000002
940,75592.67606526043,0.44231369764439643,-1.1773915176149785e-13,0,0,0,206838.22460999788,109028.35213052083,42157.00000000002
941,75486.95800102838,0.4415326684720068,-1.1773915176149785e-13,0,0,0,206404.4744600132,108816.91600205674,42157.000000000015
942,75381.56373371372,0.44075185082495594,-1.1773915176149785e-13,0,0,0,205972.3550443879,108606.12746742742,42157.00000000002
943,75276.49178953543,0.43997124470324367,-1.1773915176149785e-13,0,0,0,205541.85775551622,108395.98357907085,42157.00000000002
944,75171.74070364871,0.4391908501068701,-1.1773915176149785e-13,0,0,0,205112.9740442836,108186.48140729741,42157.00000000003
945,75067.30902007729,0.4384106670358354,-1.1773915176149785e-13,0,0,0,204685.69541958073,107977.61804015456,42157.000000000015
946,74963.19529164632,0.4376306954901391,-1.1773915176149785e-13,0,0,0,204260.0134478226,107769.39058329262,42157.00000000002
947,74859.39807991617,0.4368509354697815,-1.1773915176149785e-13,0,0,0,203835.91975247263,107561.7961598323,42157.00000000002
948,74755.91595511649,0.4360713869747631,-1.1773915176149785e-13,0,0,0,203413.40601357113,107354.83191023296,42157.00000000002
949,74652.74749608088,0.43529205000508275,-1.1773915176149785e-13,0,0,0,202992.46396726754,107148.49499216172,42157.00000000002
950,74549.89129018261,0.4345129245607414,-1.1773915176149785e-13,0,0,0,202573.08540535974,106942.78258036521,42157.00000000002
951,74447.34593327026,0.43373401064173867,-1.1773915176149785e-13,0,0,0,202155.2621748345,106737.69186654051,42157.00000000002
952,74345.11002960442,0.4329553082480745,-1.1773915176149785e-13,0,0,0,201738.98617741515,106533.2200592088,42157.00000000002
953,74243.18219179475,0.4321768173797492,-1.1773915176149785e-13,0,0,0,201324.24936911225,106329.36438358949,42157.00000000002
954,74141.56104073764,0.43139853803676265,-1.1773915176149785e-13,0,0,0,200911.04375977867,106126.12208147525,42157.00000000002
955,74040.24520555438,0.4306204702191144,-1.1773915176149785e-13,0,0,0,200499.36141266942,105923.49041110875,42157.00000000002
956,73939.23332353016,0.4298426139268051,-1.1773915176149785e-13,0,0,0,200089.19444400602,105721.46664706031,42157.00000000002
957,73838.5240400531,0.4290649691598345,-1.1773915176149785e-13,0,0,0,199680.5350225437,105520.0480801062,42157.00000000002
958,73738.11600855432,0.42828753591820257,-1.1773915176149785e-13,0,0,0,199273.3753691443,105319.23201710862,42157.00000000003
959,73638.00789044825,0.42751031420190955,-1.1773915176149785e-13,0,0,0,198867.70775635244,105119.01578089649,42157.00000000002
960,73538.1983550735,0.4267333040109549,-1.1773915176149785e-13,0,0,0,198463.5245079756,104919.39671014699,42157.00000000002
961,73438.68607963454,0.4259565053453389,-1.1773915176149785e-13,0,0,0,198060.81799866963,104720.37215926906,42157.00000000002
962,73339.46974914343,0.42517991820506185,-1.1773915176149785e-13,0,0,0,197659.580653526,104521.93949828684,42157.00000000002
963,73240.54805636237,0.42440354259012314,-1.1773915176149785e-13,0,0,0,197259.80494766464,104324.09611272471,42157.00000000002
964,73141.91970174683,0.42362737850052357,-1.1773915176149785e-13,0,0,0,196861.48340583066,104126.83940349364,42157.00000000002
965,73043.58339338875,0.42285142593626235,-1.1773915176149785e-13,0,0,0,196464.6086019934,103930.16678677747,42157.00000000002
966,72945.53784696085,0.42207568489733993,-1.1773915176149785e-13,0,0,0,196069.17315895137,103734.0756939217,42157.00000000002
967,72847.78178566095,0.4213001553837562,-1.1773915176149785e-13,0,0,0,195675.1697479395,103538.56357132187,42157.00000000002
968,72750.31394015688,0.42052483739551105,-1.1773915176149785e-13,0,0,0,195282.59108824033,103343.62788031372,42157.00000000002
969,72653.1330485321,0.4197497309326046,-1.1773915176149785e-13,0,0,0,194891.4299467995,103149.26609706416,42157.00000000002
970,72556.2378562315,0.4189748359950368,-1.1773915176149785e-13,0,0,0,194501.67913784424,102955.47571246297,42157.00000000002
971,72459.62711600789,0.41820015258280796,-1.1773915176149785e-13,0,0,0,194113.33152250588,102762.25423201575,42157.00000000002
972,72363.29958786877,0.4174256806959178,-1.1773915176149785e-13,0,0,0,193726.3800084453,102569.59917573752,42157.00000000002
973,72267.2540390237,0.4166514203343661,-1.1773915176149785e-13,0,0,0,193340.81754948272,102377.50807804738,42157.00000000002
974,72171.48924383217,0.41587737149815307,-1.1773915176149785e-13,0,0,0,192956.63714523063,102185.97848766432,42157.00000000002
975,72076.00398375177,0.41510353418727886,-1.1773915176149785e-13,0,0,0,192573.8318407301,101995.00796750352,42157.00000000002
976,71980.79704728686,0.41432990840174333,-1.1773915176149785e-13,0,0,0,192192.3947260902,101804.59409457371,42157.00000000002
977,71885.86722993774,0.41355649414154616,-1.1773915176149785e-13,0,0,0,191812.31893613137,101614.73445987544,42157.00000000003
978,71791.21333415028,0.4127832914066879,-1.1773915176149785e-13,0,0,0,191433.59765003217,101425.42666830053,42157.00000000002
979,71696.83416926586,0.41201030019716856,-1.1773915176149785e-13,0,0,0,191056.22409097862,101236.66833853169,42157.00000000002
980,71602.7285514718,0.4112375205129877,-1.1773915176149785e-13,0,0,0,190680.1915258173,101048.45710294356,42157.00000000002
981,71508.89530375227,0.4104649523541455,-1.1773915176149785e-13,0,0,0,190305.4932647117,100860.79060750453,42157.00000000002
982,71415.33325583964,0.40969259572064176,-1.1773915176149785e-13,0,0,0,189932.12266080172,100673.66651167926,42157.00000000002
983,71322.04124416609,0.40892045061247695,-1.1773915176149785e-13,0,0,0,189560.0731098664,100487.08248833215,42157.00000000002
984,71229.01811181579,0.40814851702965105,-1.1773915176149785e-13,0,0,0,189189.33804998934,100301.03622363157,42157.00000000002
985,71136.26270847738,0.4073767949721636,-1.1773915176149785e-13,0,0,0,188819.91096122758,100115.52541695474,42157.00000000002
986,71043.77389039699,0.40660528444001487,-1.1773915176149785e-13,0,0,0,188451.78536528372,99930.54778079396,42157.00000000002
987,70951.55052033156,0.4058339854332048,-1.1773915176149785e-13,0,0,0,188084.95482518105,99746.10104066308,42157.00000000002
988,70859.59146750251,0.40506289795173345,-1.1773915176149785e-13,0,0,0,187719.41294494076,99562.18293500501,42157.00000000002
989,70767.89560755002,0.4042920219956009,-1.1773915176149785e-13,0,0,0,187355.15336926363,99378.7912151,42157.00000000002
990,70676.46182248736,0.4035213575648068,-1.1773915176149785e-13,0,0,0,186992.16978321318,99195.92364497468,42157.00000000002
991,70585.28900065599,0.4027509046593515,-1.1773915176149785e-13,0,0,0,186630.45591190294,99013.57800131197,42157.00000000002
992,70494.37603668077,0.401980663279235,-1.1773915176149785e-13,0,0,0,186270.0055201859,98831.75207336152,42157.00000000002
993,70403.72183142552,0.40121063342445684,-1.1773915176149785e-13,0,0,0,185910.81241234636,98650.443662851,42157.00000000002
994,70313.32529194935,0.40044081509501783,-1.1773915176149785e-13,0,0,0,185552.87043179653,98469.65058389869,42157.00000000002
995,70223.18533146275,0.3996712082909172,-1.1773915176149785e-13,0,0,0,185196.17346077293,98289.37066292547,42157.00000000002
996,70133.30086928462,0.3989018130121552,-1.1773915176149785e-13,0,0,0,184840.71542003838,98109.60173856922,42157.00000000002
997,70043.67083079931,0.39813262925873205,-1.1773915176149785e-13,0,0,0,184486.4902685852,97930.3416615986,42157.00000000002
998,69954.29414741411,0.39736365703064747,-1.1773915176149785e-13,0,0,0,184133.492003341,97751.58829482821,42157.00000000002
999,69865.16975651724,0.3965948963279018,-1.1773915176149785e-13,0,0,0,183781.7146588783,97573.33951303444,42157.00000000002
1000,69776.29660143584,0.3958263471504946,-1.1773915176149785e-13,0,0,0,183431.1523071251,97395.59320287166,42157.00000000002
1001,69687.67363139482,0.3950580094984262,-1.1773915176149785e-13,0,0,0,183081.79905707992,97218.34726278961,42157.00000000002
1002,69599.29980147553,0.39428988337169624,-1.1773915176149785e-13,0,0,0,182733.64905452784,97041.59960295104,42157.00000000002
1003,69511.17407257523,0.3935219687703053,-1.1773915176149785e-13,0,0,0,182386.69648176045,96865.34814515043,42157.00000000002
1004,69423.29541136645,0.39275426569425287,-1.1773915176149785e-13,0,0,0,182040.93555729656,96689.59082273286,42157.00000000002
1005,69335.66279025713,0.3919867741435391,-1.1773915176149785e-13,0,0,0,181696.36053560767,96514.32558051425,42157.00000000002
1006,69248.27518735084,0.39121949411816415,-1.1773915176149785e-13,0,0,0,181352.96570684412,96339.55037470165,42157.00000000002
1007,69161.13158640724,0.39045242561812776,-1.1773915176149785e-13,0,0,0,181010.7453965642,96165.26317281445,42157.00000000002
1008,69074.2309768032,0.38968556864342996,-1.1773915176149785e-13,0,0,0,180669.69396546626,95991.46195360638,42157.00000000002
1009,68987.57235349398,0.3889189231940712,-1.1773915176149785e-13,0,0,0,180329.8058091226,95818.14470698794,42157.00000000002
1010,68901.15471697465,0.38815248927005097,-1.1773915176149785e-13,0,0,0,179991.0753577155,95645.30943394927,42157.00000000002
1011,68814.97707324216,0.3873862668713691,-1.1773915176149785e-13,0,0,0,179653.49707577648,95472.9541464843,42157.00000000002
1012,68729.03843375755,0.3866202559980263,-1.1773915176149785e-13,0,0,0,179317.06546192747,95301.07686751509,42157.00000000002
1013,68643.33781540832,0.38585445665002216,-1.1773915176149785e-13,0,0,0,178981.77504862388,95129.67563081661,42157.00000000002
1014,68557.87424047128,0.3850888688273567,-1.1773915176149785e-13,0,0,0,178647.62040190035,94958.74848094255,42157.00000000002
1015,68472.64673657576,0.38432349253002973,-1.1773915176149785e-13,0,0,0,178314.59612111884,94788.2934731515,42157.00000000002
1016,68387.65433666696,0.38355832775804133,-1.1773915176149785e-13,0,0,0,177982.6968387189,94618.30867333392,42157.00000000002
1017,68302.8960789698,0.38279337451139206,-1.1773915176149785e-13,0,0,0,177651.9172199701,94448.79215793958,42157.00000000002
1018,68218.37100695264,0.38202863279008104,-1.1773915176149785e-13,0,0,0,177322.25196272586,94279.74201390527,42157.00000000002
1019,68134.07816929201,0.38126410259410903,-1.1773915176149785e-13,0,0,0,176993.6957971816,94111.15633858401,42157.00000000002
1020,68050.01661983688,0.3804997839234756,-1.1773915176149785e-13,0,0,0,176666.24348563238,93943.03323967374,42157.00000000002
1021,67966.18541757368,0.37973567677818076,-1.1773915176149785e-13,0,0,0,176339.8898222344,93775.37083514735,42157.00000000002
1022,67882.58362659157,0.3789717811582247,-1.1773915176149785e-13,0,0,0,176014.62963276854,93608.16725318311,42157.00000000002
1023,67799.21031604773,0.37820809706360736,-1.1773915176149785e-13,0,0,0,175690.4577744047,93441.42063209543,42157.00000000002
1024,67716.0645601332,0.3774446244943285,-1.1773915176149785e-13,0,0,0,175367.3691354698,93275.12912026639,42157.00000000002
1025,67633.14543803898,0.3766813634503886,-1.1773915176149785e-13,0,0,0,175045.35863521683,93109.29087607792,42157.00000000002
1026,67550.45203392208,0.3759183139317872,-1.1773915176149785e-13,0,0,0,174724.4212235959,92943.90406784412,42157.00000000002
1027,67467.98343687238,0.3751554759385247,-1.1773915176149785e-13,0,0,0,174404.55188102822,92778.96687374475,42157.00000000002
1028,67385.73874087924,0.3743928494706006,-1.1773915176149785e-13,0,0,0,174085.74561818052,92614.47748175847,42157.00000000002
1029,67303.71704479879,0.37363043452801536,-1.1773915176149785e-13,0,0,0,173767.9974757432,92450.43408959755,42157.00000000002
1030,67221.91745232114,0.37286823111076906,-1.1773915176149785e-13,0,0,0,173451.30252420894,92286.83490464227,42157.00000000002
1031,67140.33907193803,0.3721062392188609,-1.1773915176149785e-13,0,0,0,173135.65586365364,92123.67814387602,42157.00000000002
1032,67058.98101691091,0.3713444588522917,-1.1773915176149785e-13,0,0,0,172821.0526235203,91960.96203382181,42157.00000000003
1033,66977.84240523884,0.37058289001106126,-1.1773915176149785e-13,0,0,0,172507.487962403,91798.68481047766,42157.00000000002
1034,66896.92235962705,0.3698215326951694,-1.1773915176149785e-13,0,0,0,172194.95706783413,91636.84471925406,42157.00000000002
1035,66816.22000745551,0.3690603869046163,-1.1773915176149785e-13,0,0,0,171883.4551560727,91475.44001491102,42157.00000000002
1036,66735.73448074794,0.3682994526394018,-1.1773915176149785e-13,0,0,0,171572.97747189517,91314.46896149586,42157.00000000002
1037,66655.46491614086,0.3675387298995262,-1.1773915176149785e-13,0,0,0,171263.5192883872,91153.9298322817,42157.00000000002
1038,66575.41045485299,0.36677821868498894,-1.1773915176149785e-13,0,0,0,170955.07590673782,90993.82090970594,42157.00000000002
1039,66495.57024265501,0.3660179189957904,-1.1773915176149785e-13,0,0,0,170647.64265603552,90834.14048531001,42157.00000000002
1040,66415.94342983938,0.36525783083193075,-1.1773915176149785e-13,0,0,0,170341.21489306536,90674.88685967872,42157.00000000002
1041,66336.52917119036,0.3644979541934098,-1.1773915176149785e-13,0,0,0,170035.7880021083,90516.05834238068,42157.00000000002
1042,66257.32662595449,0.3637382890802272,-1.1773915176149785e-13,0,0,0,169731.35739474237,90357.65325190897,42157.00000000002
1043,66178.33495781127,0.36297883549238374,-1.1773915176149785e-13,0,0,0,169427.91850964556,90199.66991562251,42157.00000000002
1044,66099.55333484366,0.3622195934298784,-1.1773915176149785e-13,0,0,0,169125.4668123992,90042.10666968729,42157.00000000002
1045,66020.98092950958,0.36146056289271233,-1.1773915176149785e-13,0,0,0,168823.9977952955,89884.96185901914,42157.00000000002
1046,65942.6169186128,0.36070174388088483,-1.1773915176149785e-13,0,0,0,168523.506977144,89728.23383722558,42157.00000000002
1047,65864.46048327463,0.3599431363943957,-1.1773915176149785e-13,0,0,0,168223.9899030812,89571.92096654922,42157.00000000002
1048,65786.51080890572,0.35918474043324544,-1.1773915176149785e-13,0,0,0,167925.4421443822,89416.0216178114,42157.00000000002
1049,65708.76708517788,0.358426555997434,-1.1773915176149785e-13,0,0,0,167627.85929827226,89260.53417035574,42157.00000000002
1050,65631.22850599629,0.35766858308696114,-1.1773915176149785e-13,0,0,0,167331.23698774143,89105.45701199256,42157.00000000002
1051,65553.89426947193,0.35691082170182686,-1.1773915176149785e-13,0,0,0,167035.5708613603,88950.78853894383,42157.00000000002
1052,65476.763577894184,0.35615327184203127,-1.1773915176149785e-13,0,0,0,166740.85659309712,88796.52715578834,42157.00000000002
1053,65399.835637703654,0.3553959335075746,-1.1773915176149785e-13,0,0,0,166447.08988213685,88642.67127540728,42157.00000000002
1054,65323.10965946516,0.3546388066984565,-1.1773915176149785e-13,0,0,0,166154.26645270103,88489.2193189303,42157.00000000002
1055,65246.584857841044,0.3538818914146772,-1.1773915176149785e-13,0,0,0,165862.38205387013,88336.16971568206,42157.00000000002
1056,65170.26045156452,0.353125187656236,-1.1773915176149785e-13,0,0,0,165571.43245940632,88183.52090312901,42157.00000000002
1057,65094.13566341358,0.3523686954231342,-1.1773915176149785e-13,0,0,0,165281.4134675794,88031.27132682713,42157.00000000002
1058,65018.20972018449,0.35161241471537086,-1.1773915176149785e-13,0,0,0,164992.32090099156,87879.41944036895,42157.00000000002
1059,64942.481852666126,0.3508563455329461,-1.1773915176149785e-13,0,0,0,164704.15060640618,87727.96370533224,42157.00000000002
1060,64866.95129561422,0.3501004878758601,-1.1773915176149785e-13,0,0,0,164416.89845457708,87576.90259122841,42157.00000000002
1061,64791.61728772567,0.34934484174411284,-1.1773915176149785e-13,0,0,0,164130.56034007837,87426.23457545132,42157.00000000002
1062,64716.479071613365,0.34858940713770414,-1.1773915176149785e-13,0,0,0,163845.13218113722,87275.9581432267,42157.00000000002
1063,64641.535893780936,0.347834184056634,-1.1773915176149785e-13,0,0,0,163560.6099194668,87126.07178756186,42157.00000000002
1064,64566.78700459792,0.3470791725009029,-1.1773915176149785e-13,0,0,0,163276.98952010166,86976.57400919581,42157.00000000002
1065,64492.23165827483,0.3463243724705103,-1.1773915176149785e-13,0,0,0,162994.26697123307,86827.46331654963,42157.00000000002
1066,64417.86911283876,0.34556978396545646,-1.1773915176149785e-13,0,0,0,162712.43828404738,86678.73822567749,42157.00000000002
1067,64343.698630108905,0.3448154069857412,-1.1773915176149785e-13,0,0,0,162431.49949256456,86530.39726021778,42157.00000000002
1068,64269.719475672384,0.3440612415313645,-1.1773915176149785e-13,0,0,0,162151.44665347826,86382.43895134475,42157.00000000002
1069,64195.93091886028,0.34330728760232665,-1.1773915176149785e-13,0,0,0,161872.27584599773,86234.86183772054,42157.00000000002
1070,64122.3322327238,0.3425535451986278,-1.1773915176149785e-13,0,0,0,161593.98317169063,86087.66446544757,42157.00000000002
1071,64048.92269401048,0.34180001432026696,-1.1773915176149785e-13,0,0,0,161316.5647543265,85940.84538802093,42157.00000000002
1072,63975.70158314104,0.3410466949672454,-1.1773915176149785e-13,0,0,0,161040.01673972348,85794.40316628206,42157.00000000002
1073,63902.668184185764,0.34029358713956215,-1.1773915176149785e-13,0,0,0,160764.3352955936,85648.33636837151,42157.00000000002
1074,63829.82178484163,0.3395406908372176,-1.1773915176149785e-13,0,0,0,160489.51661139182,85502.64356968325,42157.00000000002
1075,63757.16167640928,0.338788006060212,-1.1773915176149785e-13,0,0,0,160215.55689816482,85357.32335281855,42157.00000000002
1076,63684.68715377025,0.3380355328085449,-1.1773915176149785e-13,0,0,0,159942.4523884013,85212.37430754046,42157.00000000002
1077,63612.39751536438,0.33728327108221645,-1.1773915176149785e-13,0,0,0,159670.19933588378,85067.79503072874,42157.00000000002
1078,63540.29206316753,0.336531220881227,-1.1773915176149785e-13,0,0,0,159398.79401554188,84923.58412633503,42157.00000000002
1079,63468.370102669076,0.3357793822055757,-1.1773915176149785e-13,0,0,0,159128.2327233054,84779.74020533812,42157.00000000002
1080,63396.63094285016,0.3350277550552635,-1.1773915176149785e-13,0,0,0,158858.51177596103,84636.2618857003,42157.00000000002
1081,63325.07389616147,0.33427633943028967,-1.1773915176149785e-13,0,0,0,158589.62751100727,84493.14779232291,42157.00000000002
1082,63253.698278501724,0.333525135330655,-1.1773915176149785e-13,0,0,0,158321.57628651342,84350.39655700343,42157.00000000002
1083,63182.503409195895,0.33277414275635864,-1.1773915176149785e-13,0,0,0,158054.35448097714,84208.00681839176,42157.00000000002
1084,63111.48861097395,0.3320233617074011,-1.1773915176149785e-13,0,0,0,157787.95849318523,84065.97722194788,42157.00000000002
1085,63040.65320994952,0.33127279218378236,-1.1773915176149785e-13,0,0,0,157522.38474207447,83924.30641989902,42157.00000000002
1086,62969.99653559875,0.3305224341855021,-1.1773915176149785e-13,0,0,0,157257.62966659345,83782.99307119747,42157.00000000002
1087,62899.517920739476,0.3297722877125605,-1.1773915176149785e-13,0,0,0,156993.68972556642,83642.03584147894,42157.00000000002
1088,62829.216701510326,0.3290223527649577,-1.1773915176149785e-13,0,0,0,156730.5613975573,83501.43340302064,42157.00000000002
1089,62759.09221735013,0.32827262934269363,-1.1773915176149785e-13,0,0,0,156468.24118073517,83361.18443470023,42157.00000000002
1090,62689.143810977424,0.327523117445768,-1.1773915176149785e-13,0,0,0,156206.72559274104,83221.28762195482,42157.00000000002
1091,62619.3708283702,0.3267738170741814,-1.1773915176149785e-13,0,0,0,155946.01117055546,83081.74165674037,42157.00000000002
1092,62549.772618745556,0.32602472822793316,-1.1773915176149785e-13,0,0,0,155686.09447036684,82942.5452374911,42157.00000000002
1093,62480.3485345399,0.3252758509070237,-1.1773915176149785e-13,0,0,0,155426.972067442,82803.69706907978,42157.00000000002
1094,62411.097931388875,0.32452718511145295,-1.1773915176149785e-13,0,0,0,155168.64055599607,82665.19586277773,42157.00000000002
1095,62342.02016810776,0.3237787308412211,-1.1773915176149785e-13,0,0,0,154911.09654906514,82527.0403362155,42157.00000000002
1096,62273.11460667175,0.3230304880963276,-1.1773915176149785e-13,0,0,0,154654.33667837828,82389.22921334347,42157.00000000002
1097,62204.38061219668,0.32228245687677304,-1.1773915176149785e-13,0,0,0,154398.3575942323,82251.76122439333,42157.00000000002
1098,62135.817552919565,0.3215346371825569,-1.1773915176149785e-13,0,0,0,154143.15596536585,82114.63510583912,42157.00000000002
1099,62067.42480017964,0.32078702901367984,-1.1773915176149785e-13,0,0,0,153888.728478836,81977.84960035926,42157.00000000002
1100,61999.201728399086,0.3200396323701412,-1.1773915176149785e-13,0,0,0,153635.0718398944,81841.40345679814,42157.00000000002
1101,61931.147715064406,0.3192924472519413,-1.1773915176149785e-13,0,0,0,153382.18277186566,81705.29543012878,42157.00000000002
1102,61863.26214070754,0.31854547365908004,-1.1773915176149785e-13,0,0,0,153130.05801602596,81569.52428141506,42157.00000000002
1103,61795.5443888873,0.31779871159155737,-1.1773915176149785e-13,0,0,0,152878.6943314826,81434.08877777458,42157.00000000002
1104,61727.993846170946,0.3170521610493735,-1.1773915176149785e-13,0,0,0,152628.0884950554,81298.98769234188,42157.00000000002
1105,61660.609902115815,0.3163058220325282,-1.1773915176149785e-13,0,0,0,152378.23730115747,81164.2198042316,42157.00000000002
1106,61593.39194925115,0.31555969454102184,-1.1773915176149785e-13,0,0,0,152129.13756167854,81029.78389850228,42157.00000000002
1107,61526.339383059974,0.3148137785748538,-1.1773915176149785e-13,0,0,0,151880.78610586788,80895.67876611993,42157.00000000002
1108,61459.45160196133,0.31406807413402493,-1.1773915176149785e-13,0,0,0,151633.17978021945,80761.90320392264,42157.00000000002
1109,61392.72800729224,0.3133225812185344,-1.1773915176149785e-13,0,0,0,151386.31544835647,80628.45601458446,42157.00000000002
1110,61326.16800329025,0.3125772998283828,-1.1773915176149785e-13,0,0,0,151140.18999091833,80495.33600658047,42157.00000000002
1111,61259.77099707575,0.3118322299635694,-1.1773915176149785e-13,0,0,0,150894.80030544713,80362.54199415147,42157.00000000002
1112,61193.53639863469,0.3110873716240953,-1.1773915176149785e-13,0,0,0,150650.14330627647,80230.07279726936,42157.00000000002
1113,61127.463620801114,0.3103427248099595,-1.1773915176149785e-13,0,0,0,150406.2159244195,80097.9272416022,42157.00000000002
1114,61061.55207924016,0.30959828952116253,-1.1773915176149785e-13,0,0,0,150163.01510745924,79966.10415848029,42157.00000000002
1115,60995.80119243095,0.30885406575770424,-1.1773915176149785e-13,0,0,0,149920.53781943917,79834.60238486188,42157.00000000002
1116,60930.21038164966,0.30811005351958476,-1.1773915176149785e-13,0,0,0,149678.78104075455,79703.4207632993,42157.00000000002
1117,60864.77907095272,0.3073662528068035,-1.1773915176149785e-13,0,0,0,149437.7417680445,79572.55814190542,42157.00000000002
1118,60799.50668716029,0.3066226636193615,-1.1773915176149785e-13,0,0,0,149197.41701408615,79442.01337432057,42157.00000000002
1119,60734.39265983944,0.305879285957258,-1.1773915176149785e-13,0,0,0,148957.80380768736,79311.78531967885,42157.00000000002
1120,60669.4364212879,0.3051361198204928,-1.1773915176149785e-13,0,0,0,148718.8991935823,79181.87284257577,42157.00000000002
1121,60604.63740651776,0.30439316520906656,-1.1773915176149785e-13,0,0,0,148480.70023232713,79052.27481303549,42157.00000000002
1122,60539.99505323915,0.303650422122979,-1.1773915176149785e-13,0,0,0,148243.204000196,78922.99010647828,42157.00000000002
1123,60475.50880184425,0.3029078905622302,-1.1773915176149785e-13,0,0,0,148006.4075890787,78794.01760368848,42157.00000000002
1124,60411.17809539126,0.30216557052682014,-1.1773915176149785e-13,0,0,0,147770.30810637848,78665.35619078249,42157.00000000002
1125,60347.00237958857,0.3014234620167485,-1.1773915176149785e-13,0,0,0,147534.90267491076,78537.00475917713,42157.00000000002
1126,60282.98110277906,0.3006815650320157,-1.1773915176149785e-13,0,0,0,147300.18843280317,78408.9622055581,42157.00000000002
1127,60219.11371592442,0.2999398795726219,-1.1773915176149785e-13,0,0,0,147066.16253339563,78281.22743184882,42157.00000000002
1128,60155.39967258954,0.29919840563856626,-1.1773915176149785e-13,0,0,0,146832.82214514105,78153.79934517907,42157.00000000002
1129,60091.83842892739,0.29845714322984973,-1.1773915176149785e-13,0,0,0,146600.16445150846,78026.67685785476,42157.00000000002
1130,60028.42944366335,0.29771609234647156,-1.1773915176149785e-13,0,0,0,146368.18665088422,77899.85888732669,42157.00000000002
1131,59965.17217808032,0.2969752529884322,-1.1773915176149785e-13,0,0,0,146136.88595647653,77773.34435616063,42157.00000000002
1132,59902.066096003466,0.2962346251557316,-1.1773915176149785e-13,0,0,0,145906.25959621894,77647.13219200692,42157.00000000002
1133,59839.1106637853,0.29549420884836963,-1.1773915176149785e-13,0,0,0,145676.30481267543,77521.22132757057,42157.00000000002
1134,59776.305350290786,0.2947540040663462,-1.1773915176149785e-13,0,0,0,145447.01886294596,77395.61070058154,42157.00000000002
1135,59713.64962688264,0.2940140108096616,-1.1773915176149785e-13,0,0,0,145218.39901857293,77270.29925376526,42157.00000000002
1136,59651.14296740658,0.2932742290783157,-1.1773915176149785e-13,0,0,0,144990.4425654481,77145.28593481313,42157.00000000002
1137,59588.784848176794,0.29253465887230834,-1.1773915176149785e-13,0,0,0,144763.14680372007,77020.56969635357,42157.00000000002
1138,59526.57474796155,0.2917953001916399,-1.1773915176149785e-13,0,0,0,144536.5090477034,76896.14949592309,42157.00000000002
1139,59464.512147968715,0.29105615303630994,-1.1773915176149785e-13,0,0,0,144310.52662578688,76772.02429593742,42157.00000000002
1140,59402.596531831616,0.2903172174063188,-1.1773915176149785e-13,0,0,0,144085.196880344,76648.1930636632,42157.00000000002
1141,59340.82738559483,0.2895784933016663,-1.1773915176149785e-13,0,0,0,143860.51716764327,76524.65477118964,42157.00000000002
1142,59279.204197700106,0.2888399807223523,-1.1773915176149785e-13,0,0,0,143636.48485775915,76401.40839540018,42157.00000000002
1143,59217.72645897252,0.2881016796683774,-1.1773915176149785e-13,0,0,0,143413.09733448442,76278.452917945,42157.00000000002
1144,59156.393662606395,0.28736359013974067,-1.1773915176149785e-13,0,0,0,143190.35199524203,76155.78732521278,42157.00000000002
1145,59095.20530415187,0.28662571213644317,-1.1773915176149785e-13,0,0,0,142968.2462509991,76033.4106083037,42157.00000000002
1146,59034.160881500815,0.2858880456584839,-1.1773915176149785e-13,0,0,0,142746.77752617968,75911.32176300162,42157.00000000002
1147,58973.25989487366,0.28515059070586357,-1.1773915176149785e-13,0,0,0,142525.94325858043,75789.5197897473,42157.00000000002
1148,58912.50184680565,0.2844133472785818,-1.1773915176149785e-13,0,0,0,142305.7408992847,75668.00369361127,42157.00000000002
1149,58851.88624213358,0.28367631537663884,-1.1773915176149785e-13,0,0,0,142086.16791257894,75546.77248426715,42157.00000000002
1150,58791.41258798244,0.28293949500003446,-1.1773915176149785e-13,0,0,0,141867.2217758688,75425.82517596487,42157.00000000002
1151,58731.080393752294,0.28220288614876887,-1.1773915176149785e-13,0,0,0,141648.89997959626,75305.16078750456,42157.00000000002
1152,58670.88917110506,0.28146648882284186,-1.1773915176149785e-13,0,0,0,141431.2000271571,75184.77834221009,42157.00000000002
1153,58610.838433951605,0.28073030302225366,-1.1773915176149785e-13,0,0,0,141214.11943481932,75064.6768679032,42157.00000000002
1154,58550.92769843874,0.27999432874700403,-1.1773915176149785e-13,0,0,0,140997.65573164195,74944.85539687746,42157.00000000002
1155,58491.156482936414,0.279258565997093,-1.1773915176149785e-13,0,0,0,140781.8064593945,74825.3129658728,42157.00000000002
1156,58431.524308024964,0.2785230147725207,-1.1773915176149785e-13,0,0,0,140566.56917247697,74706.04861604991,42157.00000000002
1157,58372.030696482434,0.2777876750732873,-1.1773915176149785e-13,0,0,0,140351.94143784052,74587.06139296485,42157.00000000002
1158,58312.67517327199,0.2770525468993924,-1.1773915176149785e-13,0,0,0,140137.92083490881,74468.35034654396,42157.00000000002
1159,58253.45726552948,0.2763176302508362,-1.1773915176149785e-13,0,0,0,139924.50495549972,74349.91453105894,42157.00000000002
1160,58194.37650255098,0.2755829251276186,-1.1773915176149785e-13,0,0,0,139711.6914037478,74231.75300510193,42157.00000000002
1161,58135.432415780495,0.27484843152974003,-1.1773915176149785e-13,0,0,0,139499.47779602723,74113.86483156096,42157.00000000002
1162,58076.624538797696,0.2741141494571999,-1.1773915176149785e-13,0,0,0,139287.8617608753,73996.24907759538,42157.00000000002
1163,58017.95240730583,0.2733800789099985,-1.1773915176149785e-13,0,0,0,139076.84093891678,73878.90481461163,42157.00000000002
1164,57959.41555911957,0.27264621988813564,-1.1773915176149785e-13,0,0,0,138866.41298278814,73761.8311182391,42157.00000000002
1165,57901.013534153106,0.2719125723916115,-1.1773915176149785e-13,0,0,0,138656.57555706336,73645.02706830618,42157.00000000002
1166,57842.7458744082,0.2711791364204261,-1.1773915176149785e-13,0,0,0,138447.3263381792,73528.49174881639,42157.00000000002
1167,57784.61212396237,0.27044591197457946,-1.1773915176149785e-13,0,0,0,138238.6630143618,73412.2242479247,42157.00000000002
1168,57726.611828957095,0.2697128990540715,-1.1773915176149785e-13,0,0,0,138030.58328555332,73296.22365791416,42157.00000000002
1169,57668.744537586244,0.2689800976589021,-1.1773915176149785e-13,0,0,0,137823.08486333964,73180.48907517247,42157.00000000002
1170,57611.00980008446,0.2682475077890716,-1.1773915176149785e-13,0,0,0,137616.1654708781,73065.01960016889,42157.00000000002
1171,57553.40716871555,0.26751512944457945,-1.1773915176149785e-13,0,0,0,137409.82284282582,72949.81433743107,42157.00000000002
1172,57495.936197761264,0.26678296262542633,-1.1773915176149785e-13,0,0,0,137204.05472526912,72834.8723955225,42157.00000000002
1173,57438.596443509705,0.2660510073316117,-1.1773915176149785e-13,0,0,0,136998.85887565243,72720.1928870194,42157.00000000002
1174,57381.38746424427,0.26531926356313584,-1.1773915176149785e-13,0,0,0,136794.23306270895,72605.7749284885,42157.00000000002
1175,57324.30882023227,0.2645877313199987,-1.1773915176149785e-13,0,0,0,136590.17506639054,72491.61764046451,42157.00000000002
1176,57267.36007371392,0.2638564106022001,-1.1773915176149785e-13,0,0,0,136386.6826777992,72377.72014742783,42157.00000000002
1177,57210.54078889129,0.26312530140974033,-1.1773915176149785e-13,0,0,0,136183.75369911845,72264.08157778255,42157.00000000002
1178,57153.85053191722,0.26239440374261913,-1.1773915176149785e-13,0,0,0,135981.3859435452,72150.7010638344,42157.00000000002
1179,57097.28887088456,0.26166371760083673,-1.1773915176149785e-13,0,0,0,135779.57723522256,72037.57774176908,42157.00000000002
1180,57040.85537581524,0.260933242984393,-1.1773915176149785e-13,0,0,0,135578.3254091727,71924.71075163047,42157.00000000002
1181,56984.54961864955,0.2602029798932878,-1.1773915176149785e-13,0,0,0,135377.6283112302,71812.09923729909,42157.00000000002
1182,56928.371173235486,0.25947292832752133,-1.1773915176149785e-13,0,0,0,135177.48379797628,71699.74234647094,42157.00000000002
1183,56872.31961531807,0.2587430882870936,-1.1773915176149785e-13,0,0,0,134977.88973667313,71587.63923063612,42157.00000000002
1184,56816.39452252888,0.25801345977200474,-1.1773915176149785e-13,0,0,0,134778.84400519877,71475.78904505773,42157.00000000002
1185,56760.59547437548,0.25728404278225436,-1.1773915176149785e-13,0,0,0,134580.34449198245,71364.19094875094,42157.00000000002
1186,56704.92205223113,0.2565548373178427,-1.1773915176149785e-13,0,0,0,134382.38909594063,71252.84410446223,42157.00000000002
1187,56649.373839324384,0.25582584337876946,-1.1773915176149785e-13,0,0,0,134184.9757264132,71141.74767864874,42157.00000000002
1188,56593.95042072889,0.25509706096503537,-1.1773915176149785e-13,0,0,0,133988.10230310034,71030.90084145775,42157.00000000002
1189,56538.651383353055,0.25436849007663975,-1.1773915176149785e-13,0,0,0,133791.7667559994,70920.30276670608,42157.00000000002
1190,56483.4763159301,0.25364013071358293,-1.1773915176149785e-13,0,0,0,133595.96702534315,70809.95263186017,42157.00000000002
1191,56428.424809007825,0.2529119828758647,-1.1773915176149785e-13,0,0,0,133400.70106153734,70699.84961801564,42157.00000000002
1192,56373.49645493876,0.25218404656348503,-1.1773915176149785e-13,0,0,0,133205.96682509966,70589.99290987749,42157.00000000002
1193,56318.690847870144,0.2514563217764443,-1.1773915176149785e-13,0,0,0,133011.7622865986,70480.38169574027,42157.00000000002
1194,56264.00758373406,0.2507288085147419,-1.1773915176149785e-13,0,0,0,132818.08542659262,70371.01516746811,42157.00000000002
1195,56209.446260237746,0.2500015067783784,-1.1773915176149785e-13,0,0,0,132624.93423557075,70261.89252047548,42157.00000000002
1196,56155.00647685368,0.2492744165673535,-1.1773915176149785e-13,0,0,0,132432.30671389189,70153.01295370734,42157.00000000002
1197,56100.68783481008,0.2485475378816674,-1.1773915176149785e-13,0,0,0,132240.2008717263,70044.37566962015,42157.00000000002
1198,56046.489937081176,0.24782087072131997,-1.1773915176149785e-13,0,0,0,132048.6147289965,69935.97987416232,42157.00000000002
1199,55992.41238837775,0.24709441508631125,-1.1773915176149785e-13,0,0,0,131857.54631531876,69827.82477675547,42157.00000000002
1200,55938.4547951376,0.24636817097664132,-1.1773915176149785e-13,0,0,0,131666.993669945,69719.90959027517,42157.00000000002
1201,55884.616765516126,0.24564213839230975,-1.1773915176149785e-13,0,0,0,131476.9548417053,69612.23353103224,42157.00000000002
1202,55830.89790937704,0.2449163173333171,-1.1773915176149785e-13,0,0,0,131287.42788895094,69504.79581875405,42157.00000000002
1203,55777.29783828295,0.24419070779966312,-1.1773915176149785e-13,0,0,0,131098.41087949695,69397.59567656588,42157.00000000002
1204,55723.81616548625,0.24346530979134784,-1.1773915176149785e-13,0,0,0,130909.90189056634,69290.63233097247,42157.00000000002
1205,55670.45250591982,0.24274012330837114,-1.1773915176149785e-13,0,0,0,130721.89900873366,69183.90501183961,42157.00000000002
1206,55617.20647618803,0.24201514835073323,-1.1773915176149785e-13,0,0,0,130534.40032986958,69077.41295237605,42157.00000000002
1207,55564.077694557585,0.2412903849184338,-1.1773915176149785e-13,0,0,0,130347.40395908564,68971.15538911514,42157.00000000002
1208,55511.06578094862,0.24056583301147338,-1.1773915176149785e-13,0,0,0,130160.90801067946,68865.13156189721,42157.00000000002
1209,55458.17035692564,0.23984149262985133,-1.1773915176149785e-13,0,0,0,129974.91060808006,68759.34071385127,42157.00000000002
1210,55405.39104568878,0.23911736377356818,-1.1773915176149785e-13,0,0,0,129789.40988379413,68653.78209137755,42157.00000000002
1211,55352.72747206485,0.2383934464426235,-1.1773915176149785e-13,0,0,0,129604.403979352,68548.45494412968,42157.00000000002
1212,55300.17926249868,0.23766974063701785,-1.1773915176149785e-13,0,0,0,129419.89104525466,68443.35852499733,42157.00000000002
1213,55247.746045044274,0.23694624635675055,-1.1773915176149785e-13,0,0,0,129235.86924092034,68338.49209008853,42157.00000000002
1214,55195.427449356335,0.23622296360182204,-1.1773915176149785e-13,0,0,0,129052.33673463248,68233.85489871264,42157.00000000002
1215,55143.22310668152,0.23549989237223246,-1.1773915176149785e-13,0,0,0,128869.29170348722,68129.44621336303,42157.00000000002
1216,55091.13264984993,0.23477703266798133,-1.1773915176149785e-13,0,0,0,128686.73233334145,68025.26529969985,42157.00000000002
1217,55039.155713266664,0.2340543844890688,-1.1773915176149785e-13,0,0,0,128504.65681876158,67921.31142653331,42157.00000000002
1218,54987.291932903376,0.23333194783549516,-1.1773915176149785e-13,0,0,0,128323.06336297233,67817.58386580674,42157.00000000002
1219,54935.54094628982,0.23260972270725988,-1.1773915176149785e-13,0,0,0,128141.9501778057,67714.08189257962,42157.00000000002
1220,54883.90239250566,0.23188770910436363,-1.1773915176149785e-13,0,0,0,127961.31548365112,67610.8047850113,42157.00000000002
1221,54832.375912172065,0.23116590702680595,-1.1773915176149785e-13,0,0,0,127781.1575094047,67507.7518243441,42157.00000000002
1222,54780.961147443566,0.23044431647458707,-1.1773915176149785e-13,0,0,0,127601.47449241999,67404.9222948871,42157.00000000002
1223,54729.65774199986,0.22972293744770678,-1.1773915176149785e-13,0,0,0,127422.26467845835,67302.31548399969,42157.00000000002
1224,54678.4653410377,0.22900176994616506,-1.1773915176149785e-13,0,0,0,127243.52632163999,67199.93068207537,42157.00000000002
1225,54627.38359126286,0.22828081396996203,-1.1773915176149785e-13,0,0,0,127065.25768439528,67097.76718252568,42157.00000000002
1226,54576.41214088209,0.2275600695190979,-1.1773915176149785e-13,0,0,0,126887.45703741645,66995.82428176416,42157.00000000002
1227,54525.55063959513,0.22683953659357214,-1.1773915176149785e-13,0,0,0,126710.12265960925,66894.10127919025,42157.00000000002
1228,54474.79873858692,0.2261192151933854,-1.1773915176149785e-13,0,0,0,126533.25283804574,66792.59747717383,42157.00000000002
1229,54424.15609051955,0.22539910531853724,-1.1773915176149785e-13,0,0,0,126356.84586791632,66691.31218103909,42157.00000000002
1230,54373.62234952461,0.22467920696902766,-1.1773915176149785e-13,0,0,0,126180.90005248302,66590.2446990492,42157.00000000002
1231,54323.197171195396,0.22395952014485698,-1.1773915176149785e-13,0,0,0,126005.41370303306,66489.39434239076,42157.00000000002
1232,54272.88021257911,0.22324004484602478,-1.1773915176149785e-13,0,0,0,125830.38513883163,66388.76042515821,42157.00000000002
1233,54222.67113216933,0.22252078107253115,-1.1773915176149785e-13,0,0,0,125655.81268707657,66288.34226433863,42157.00000000002
1234,54172.56958989831,0.22180172882437643,-1.1773915176149785e-13,0,0,0,125481.69468285226,66188.1391797966,42157.00000000002
1235,54122.57524712941,0.2210828881015603,-1.1773915176149785e-13,0,0,0,125308.02946908402,66088.15049425879,42157.00000000002
1236,54072.687766649644,0.22036425890408295,-1.1773915176149785e-13,0,0,0,125134.81539649326,65988.37553329927,42157.00000000002
1237,54022.90681266212,0.2196458412319442,-1.1773915176149785e-13,0,0,0,124962.05082355234,65888.81362532423,42157.00000000002
1238,53973.23205077872,0.21892763508514435,-1.1773915176149785e-13,0,0,0,124789.73411644032,65789.46410155743,42157.00000000002
1239,53923.66314801261,0.21820964046368307,-1.1773915176149785e-13,0,0,0,124617.86364899836,65690.3262960252,42157.00000000002
1240,53874.199772770975,0.21749185736756027,-1.1773915176149785e-13,0,0,0,124446.43780268606,65591.39954554194,42157.00000000002
1241,53824.841594847756,0.21677428579677616,-1.1773915176149785e-13,0,0,0,124275.45496653776,65492.68318969548,42157.00000000002
1242,53775.588285416365,0.21605692575133084,-1.1773915176149785e-13,0,0,0,124104.9135371191,65394.1765708327,42157.00000000002
1243,53726.43951702249,0.21533977723122422,-1.1773915176149785e-13,0,0,0,123934.811918484,65295.879034044956,42157.00000000002
1244,53677.39496357698,0.2146228402364565,-1.1773915176149785e-13,0,0,0,123765.14852213199,65197.78992715394,42157.00000000002
1245,53628.45430034869,0.21390611476702737,-1.1773915176149785e-13,0,0,0,123595.92176696543,65099.90860069736,42157.00000000002
1246,53579.61720395746,0.2131896008229366,-1.1773915176149785e-13,0,0,0,123427.13007924773,65002.2344079149,42157.00000000002
1247,53530.88335236713,0.21247329840418472,-1.1773915176149785e-13,0,0,0,123258.77189256126,64904.766704734226,42157.00000000002
1248,53482.25242487848,0.21175720751077165,-1.1773915176149785e-13,0,0,0,123090.84564776556,64807.504849756944,42157.00000000002
1249,53433.72410212238,0.21104132814269727,-1.1773915176149785e-13,0,0,0,122923.34979295629,64710.44820424474,42157.00000000002
1250,53385.298066052834,0.21032566029996136,-1.1773915176149785e-13,0,0,0,122756.28278342386,64613.59613210565,42157.00000000002
1251,53336.973999940215,0.20961020398256425,-1.1773915176149785e-13,0,0,0,122589.64308161294,64516.94799988041,42157.00000000002
1252,53288.75158836441,0.20889495919050582,-1.1773915176149785e-13,0,0,0,122423.42915708173,64420.503176728795,42157.00000000002
1253,53240.63051720806,0.2081799259237861,-1.1773915176149785e-13,0,0,0,122257.63948646172,64324.26103441609,42157.00000000002
1254,53192.610473649875,0.20746510418240494,-1.1773915176149785e-13,0,0,0,122092.27255341786,64228.22094729973,42157.00000000002
1255,53144.69114615795,0.20675049396636247,-1.1773915176149785e-13,0,0,0,121927.3268486087,64132.38229231588,42157.00000000002
1256,53096.87222448311,0.2060360952756588,-1.1773915176149785e-13,0,0,0,121762.800869647,64036.744448966194,42157.00000000002
1257,53049.15339965233,0.20532190811029405,-1.1773915176149785e-13,0,0,0,121598.69312106061,63941.30679930464,42157.00000000002
1258,53001.53436396216,0.20460793247026754,-1.1773915176149785e-13,0,0,0,121435.00211425325,63846.068727924285,42157.00000000002
1259,52954.01481097228,0.20389416835557994,-1.1773915176149785e-13,0,0,0,121271.72636746636,63751.02962194454,42157.00000000002
1260,52906.59443549894,0.20318061576623092,-1.1773915176149785e-13,0,0,0,121108.8644057402,63656.18887099787,42157.00000000002
1261,52859.27293360862,0.2024672747022207,-1.1773915176149785e-13,0,0,0,120946.41476087604,63561.54586721722,42157.00000000002
1262,52812.050002611526,0.20175414516354917,-1.1773915176149785e-13,0,0,0,120784.37597139803,63467.10000522303,42157.00000000002
1263,52764.92534105533,0.20104122715021622,-1.1773915176149785e-13,0,0,0,120622.74658251564,63372.850682110635,42157.00000000002
1264,52717.89864871882,0.20032852066222218,-1.1773915176149785e-13,0,0,0,120461.52514608634,63278.79729743762,42157.00000000002
1265,52670.96962660562,0.1996160256995666,-1.1773915176149785e-13,0,0,0,120300.71022057826,63184.939253211225,42157.00000000002
1266,52624.13797693794,0.1989037422622495,-1.1773915176149785e-13,0,0,0,120140.30037103343,63091.27595387586,42157.00000000002
1267,52577.403403150456,0.1981916703502714,-1.1773915176149785e-13,0,0,0,119980.29416903126,62997.80680630088,42157.00000000002
1268,52530.76560988401,0.1974798099636319,-1.1773915176149785e-13,0,0,0,119820.69019265172,62904.531219767996,42157.00000000002
1269,52484.22430297959,0.19676816110233109,-1.1773915176149785e-13,0,0,0,119661.48702643937,62811.448605959165,42157.00000000002
1270,52437.77918947225,0.19605672376636918,-1.1773915176149785e-13,0,0,0,119502.68326136762,62718.558378944464,42157.00000000002
1271,52391.42997758493,0.19534549795574563,-1.1773915176149785e-13,0,0,0,119344.27749480255,62625.859955169835,42157.00000000002
1272,52345.17637672265,0.1946344836704611,-1.1773915176149785e-13,0,0,0,119186.26833046805,62533.35275344529,42157.00000000002
1273,52299.01809746633,0.19392368091051493,-1.1773915176149785e-13,0,0,0,119028.65437840992,62441.03619493264,42157.00000000002
1274,52252.95485156698,0.19321308967590756,-1.1773915176149785e-13,0,0,0,118871.43425496135,62348.90970313395,42157.00000000002
1275,52206.986351939755,0.19250270996663887,-1.1773915176149785e-13,0,0,0,118714.60658270797,62256.972703879495,42157.00000000002
1276,52161.11231265807,0.191792541782709,-1.1773915176149785e-13,0,0,0,118558.16999045326,62165.224625316114,42157.00000000002
1277,52115.33244894777,0.19108258512411747,-1.1773915176149785e-13,0,0,0,118402.12311318425,62073.664897895505,42157.00000000002
1278,52069.64647718139,0.19037283999086518,-1.1773915176149785e-13,0,0,0,118246.46459203755,61982.29295436277,42157.00000000002
1279,52024.05411487226,0.18966330638295104,-1.1773915176149785e-13,0,0,0,118091.19307426503,61891.108229744495,42157.00000000002
1280,51978.555080668964,0.1889539843003758,-1.1773915176149785e-13,0,0,0,117936.30721320088,61800.11016133791,42157.00000000002
1281,51933.149094349465,0.18824487374313925,-1.1773915176149785e-13,0,0,0,117781.80566822752,61709.29818869891,42157.00000000002
1282,51887.835876815545,0.1875359747112414,-1.1773915176149785e-13,0,0,0,117627.68710474261,61618.671753631075,42157.00000000002
1283,51842.615150087164,0.18682728720468222,-1.1773915176149785e-13,0,0,0,117473.95019412617,61528.23030017431,42157.00000000002
1284,51797.48663729685,0.18611881122346163,-1.1773915176149785e-13,0,0,0,117320.59361370755,61437.973274593685,42157.00000000002
1285,51752.45006268416,0.18541054676757984,-1.1773915176149785e-13,0,0,0,117167.61604673305,61347.9001253683,42157.00000000002
1286,51707.50515159014,0.18470249383703674,-1.1773915176149785e-13,0,0,0,117015.01618233339,61258.010303180265,42157.00000000002
1287,51662.65163045184,0.18399465243183222,-1.1773915176149785e-13,0,0,0,116862.7927154917,61168.30326090366,42157.00000000002
1288,51617.88922679684,0.1832870225519665,-1.1773915176149785e-13,0,0,0,116710.94434701138,61078.77845359366,42157.00000000002
1289,51573.21766923786,0.18257960419743946,-1.1773915176149785e-13,0,0,0,116559.46978348459,60989.435338475705,42157.00000000002
1290,51528.63668746732,0.18187239736825112,-1.1773915176149785e-13,0,0,0,116408.36773726036,60900.273374934615,42157.00000000002
1291,51484.146012252,0.18116540206440135,-1.1773915176149785e-13,0,0,0,116257.6369264137,60811.29202450398,42157.00000000002
1292,51439.74537542773,0.18045861828589038,-1.1773915176149785e-13,0,0,0,116107.27607471411,60722.49075085543,42157.00000000002
1293,51395.43450989404,0.179752046032718,-1.1773915176149785e-13,0,0,0,115957.28391159474,60633.86901978806,42157.00000000002
1294,51351.21314960894,0.1790456853048843,-1.1773915176149785e-13,0,0,0,115807.65917212168,60545.42629921786,42157.00000000002
1295,51307.08102958368,0.1783395361023894,-1.1773915176149785e-13,0,0,0,115658.40059696347,60457.162059167335,42157.00000000002
1296,51263.03788587749,0.17763359842523307,-1.1773915176149785e-13,0,0,0,115509.50693236053,60369.075771754964,42157.00000000002
1297,51219.0834555925,0.17692787227341555,-1.1773915176149785e-13,0,0,0,115360.97693009535,60281.166911184984,42157.00000000002
1298,51175.2174768685,0.1762223576469365,-1.1773915176149785e-13,0,0,0,115212.8093474622,60193.434953736985,42157.00000000002
1299,51131.4396888779,0.17551705454579636,-1.1773915176149785e-13,0,0,0,115065.00294723756,60105.87937775579,42157.00000000002
1300,51087.749831820605,0.1748119629699948,-1.1773915176149785e-13,0,0,0,114917.55649765051,60018.49966364119,42157.00000000002
1301,51044.14764691898,0.17410708291953203,-1.1773915176149785e-13,0,0,0,114770.46877235327,59931.29529383793,42157.00000000002
1302,51000.63287641281,0.17340241439440773,-1.1773915176149785e-13,0,0,0,114623.73855039201,59844.2657528256,42157.00000000002
1303,50957.20526355436,0.17269795739462235,-1.1773915176149785e-13,0,0,0,114477.364616178,59757.410527108696,42157.00000000002
1304,50913.864552603314,0.17199371192017554,-1.1773915176149785e-13,0,0,0,114331.34575945852,59670.72910520661,42157.00000000002
1305,50870.610488821934,0.17128967797106742,-1.1773915176149785e-13,0,0,0,114185.68077528836,59584.220977643854,42157.00000000002
1306,50827.44281847012,0.1705858555472981,-1.1773915176149785e-13,0,0,0,114040.36846400138,59497.88563694021,42157.00000000002
1307,50784.36128880049,0.16988224464886714,-1.1773915176149785e-13,0,0,0,113895.40763118205,59411.72257760095,42157.00000000002
1308,50741.36564805362,0.1691788452757752,-1.1773915176149785e-13,0,0,0,113750.79708763766,59325.731296107224,42157.00000000002
1309,50698.45564545314,0.16847565742802173,-1.1773915176149785e-13,0,0,0,113606.53564936998,59239.91129090626,42157.00000000002
1310,50655.63103120101,0.16777268110560717,-1.1773915176149785e-13,0,0,0,113462.6221375479,59154.262062402,42157.00000000002
1311,50612.89155647268,0.16706991630853119,-1.1773915176149785e-13,0,0,0,113319.05537847953,59068.78311294533,42157.00000000002
1312,50570.23697341242,0.1663673630367939,-1.1773915176149785e-13,0,0,0,113175.834203585,58983.47394682482,42157.00000000002
1313,50527.6670351286,0.16566502129039518,-1.1773915176149785e-13,0,0,0,113032.95744936918,58898.33407025718,42157.00000000002
1314,50485.18149568899,0.16496289106933526,-1.1773915176149785e-13,0,0,0,112890.42395739461,58813.36299137795,42157.00000000002
1315,50442.78011011609,0.16426097237361403,-1.1773915176149785e-13,0,0,0,112748.23257425449,58728.56022023216,42157.00000000002
1316,50400.46263438255,0.16355926520323139,-1.1773915176149785e-13,0,0,0,112606.38215154626,58643.92526876508,42157.00000000002
1317,50358.228825406564,0.16285776955818765,-1.1773915176149785e-13,0,0,0,112464.87154584474,58559.45765081311,42157.00000000002
1318,50316.07844104723,0.16215648543848238,-1.1773915176149785e-13,0,0,0,112323.69961867588,58475.15688209444,42157.00000000002
1319,50274.0112401001,0.1614554128441158,-1.1773915176149785e-13,0,0,0,112182.86523649054,58391.02248020019,42157.00000000002
1320,50232.02698229259,0.1607545517750879,-1.1773915176149785e-13,0,0,0,112042.36727063841,58307.05396458516,42157.00000000002
1321,50190.12542827953,0.16005390223139904,-1.1773915176149785e-13,0,0,0,111902.20459734218,58223.250856559025,42157.00000000002
1322,50148.306339638606,0.1593534642130483,-1.1773915176149785e-13,0,0,0,111762.37609767156,58139.61267927719,42157.00000000002
1323,50106.56947886609,0.1586532377200366,-1.1773915176149785e-13,0,0,0,111622.88065751817,58056.13895773217,42157.00000000002
1324,50064.91460937225,0.15795322275236345,-1.1773915176149785e-13,0,0,0,111483.71716756969,57972.82921874448,42157.00000000002
1325,50023.34149547705,0.157253419310029,-1.1773915176149785e-13,0,0,0,111344.88452328477,57889.682990954076,42157.00000000002
1326,49981.84990240575,0.15655382739303336,-1.1773915176149785e-13,0,0,0,111206.38162486797,57806.699804811484,42157.00000000002
1327,49940.439596284596,0.1558544470013763,-1.1773915176149785e-13,0,0,0,111068.20737724478,57723.87919256917,42157.00000000002
1328,49899.11034413647,0.15515527813505803,-1.1773915176149785e-13,0,0,0,110930.36069003686,57641.220688272915,42157.00000000002
1329,49857.86191387661,0.15445632079407834,-1.1773915176149785e-13,0,0,0,110792.84047753732,57558.723827753194,42157.00000000002
1330,49816.69407430837,0.15375757497843745,-1.1773915176149785e-13,0,0,0,110655.64565868638,57476.388148616716,42157.00000000002
1331,49775.60659511894,0.15305904068813514,-1.1773915176149785e-13,0,0,0,110518.77515704696,57394.21319023785,42157.00000000002
1332,49734.59924687514,0.15236071792317152,-1.1773915176149785e-13,0,0,0,110382.2279007804,57312.19849375026,42157.00000000002
1333,49693.67180101925,0.15166260668354647,-1.1773915176149785e-13,0,0,0,110246.0028226227,57230.343602038476,42157.00000000002
1334,49652.8240298648,0.15096470696926012,-1.1773915176149785e-13,0,0,0,110110.09885986042,57148.64805972958,42157.00000000002
1335,49612.05570659248,0.1502670187803128,-1.1773915176149785e-13,0,0,0,109974.51495430703,57067.11141318494,42157.00000000002
1336,49571.366605245916,0.1495695421167038,-1.1773915176149785e-13,0,0,0,109839.25005227918,56985.73321049181,42157.00000000002
1337,49530.75650072771,0.14887227697843364,-1.1773915176149785e-13,0,0,0,109704.30310457357,56904.513001455394,42157.00000000002
1338,49490.22516879526,0.14817522336550226,-1.1773915176149785e-13,0,0,0,109569.67306644339,56823.4503375905,42157.00000000002
1339,49449.77238605673,0.14747838127790935,-1.1773915176149785e-13,0,0,0,109435.35889757518,56742.544772113426,42157.00000000002
1340,49409.39792996707,0.14678175071565536,-1.1773915176149785e-13,0,0,0,109301.35956206603,56661.79585993411,42157.00000000002
1341,49369.10157882391,0.14608533167873983,-1.1773915176149785e-13,0,0,0,109167.67402840038,56581.2031576478,42157.00000000002
1342,49328.88311176372,0.1453891241671632,-1.1773915176149785e-13,0,0,0,109034.30126942768,56500.76622352741,42157.00000000002
1343,49288.74230875768,0.14469312818092506,-1.1773915176149785e-13,0,0,0,108901.24026233942,56420.48461751535,42157.00000000002
1344,49248.6789506079,0.1439973437200257,-1.1773915176149785e-13,0,0,0,108768.48998864695,56340.35790121578,42157.00000000002
1345,49208.692818943404,0.14330177078446515,-1.1773915176149785e-13,0,0,0,108636.04943415905,56260.38563788679,42157.00000000002
1346,49168.78369621623,0.14260640937424285,-1.1773915176149785e-13,0,0,0,108503.91758895967,56180.56739243244,42157.00000000002
1347,49128.95136569768,0.14191125948935968,-1.1773915176149785e-13,0,0,0,108372.09344738621,56100.902731395334,42157.00000000002
1348,49089.19561147428,0.14121632112981497,-1.1773915176149785e-13,0,0,0,108240.57600800716,56021.391222948536,42157.00000000002
1349,49049.516218444114,0.14052159429560884,-1.1773915176149785e-13,0,0,0,108109.36427360064,55942.03243688821,42157.00000000002
1350,49009.91297231296,0.13982707898674163,-1.1773915176149785e-13,0,0,0,107978.4572511327,55862.82594462589,42157.00000000002
1351,48970.38565959047,0.1391327752032131,-1.1773915176149785e-13,0,0,0,107847.85395173576,55783.77131918093,42157.00000000002
1352,48930.93406758646,0.13843868294502326,-1.1773915176149785e-13,0,0,0,107717.55339068714,55704.868135172896,42157.00000000002
1353,48891.557984407125,0.1377448022121721,-1.1773915176149785e-13,0,0,0,107587.55458738808,55626.11596881423,42157.00000000002
1354,48852.25719895134,0.13705113300465954,-1.1773915176149785e-13,0,0,0,107457.85656534226,55547.514397902654,42157.00000000002
1355,48813.03150090695,0.13635767532248555,-1.1773915176149785e-13,0,0,0,107328.45835213517,55469.06300181388,42157.00000000002
1356,48773.88068074714,0.1356644291656507,-1.1773915176149785e-13,0,0,0,107199.35897941304,55390.76136149427,42157.00000000002
1357,48734.804529726636,0.13497139453415408,-1.1773915176149785e-13,0,0,0,107070.55748286194,55312.60905945324,42157.00000000002
1358,48695.80283987823,0.13427857142799626,-1.1773915176149785e-13,0,0,0,106942.05290218758,55234.60567975644,42157.00000000002
1359,48656.875404009086,0.13358595984717725,-1.1773915176149785e-13,0,0,0,106813.84428109451,55156.75080801816,42157.00000000002
1360,48618.02201569709,0.1328935597916967,-1.1773915176149785e-13,0,0,0,106685.93066726571,55079.04403139416,42157.00000000002
1361,48579.24246928738,0.13220137126155496,-1.1773915176149785e-13,0,0,0,106558.31111234265,55001.484938574744,42157.00000000002
1362,48540.53655988871,0.1315093942567519,-1.1773915176149785e-13,0,0,0,106430.98467190485,54924.07311977739,42157.00000000002
1363,48501.90408336992,0.13081762877728764,-1.1773915176149785e-13,0,0,0,106303.95040545004,54846.80816673981,42157.00000000002
1364,48463.34483635644,0.13012607482316196,-1.1773915176149785e-13,0,0,0,106177.20737637427,54769.68967271286,42157.00000000002
1365,48424.85861622678,0.12943473239437508,-1.1773915176149785e-13,0,0,0,106050.75465195205,54692.71723245355,42157.00000000002
1366,48386.44522110903,0.12874360149092656,-1.1773915176149785e-13,0,0,0,105924.59130331677,54615.890442218035,42157.00000000002
1367,48348.10444987746,0.12805268211281706,-1.1773915176149785e-13,0,0,0,105798.71640544134,54539.2088997549,42157.00000000002
1368,48309.83610214897,0.12736197426004614,-1.1773915176149785e-13,0,0,0,105673.12903711837,54462.67220429791,42157.00000000002
1369,48271.63997827977,0.1266714779326138,-1.1773915176149785e-13,0,0,0,105547.82828094122,54386.27995655951,42157.00000000002
1370,48233.515879361934,0.12598119313052025,-1.1773915176149785e-13,0,0,0,105422.81322328479,54310.03175872385,42157.00000000002
1371,48195.46360722001,0.1252911198537653,-1.1773915176149785e-13,0,0,0,105298.08295428625,54233.92721444,42157.00000000002
1372,48157.48296440767,0.12460125810234923,-1.1773915176149785e-13,0,0,0,105173.63656782638,54157.96592881531,42157.00000000002
1373,48119.57375420432,0.12391160787627165,-1.1773915176149785e-13,0,0,0,105049.47316151038,54082.14750840862,42157.00000000002
1374,48081.73578061185,0.12322216917553297,-1.1773915176149785e-13,0,0,0,104925.59183664947,54006.471561223676,42157.00000000002
1375,48043.96884835122,0.12253294200013265,-1.1773915176149785e-13,0,0,0,104801.99169824208,53930.93769670242,42157.00000000002
1376,48006.27276285928,0.12184392635007124,-1.1773915176149785e-13,0,0,0,104678.67185495546,53855.54552571853,42157.00000000002
1377,47968.647330285385,0.12115512222534852,-1.1773915176149785e-13,0,0,0,104555.63141910716,53780.29466057074,42157.00000000002
1378,47931.0923574882,0.12046652962596427,-1.1773915176149785e-13,0,0,0,104432.86950664678,53705.18471497639,42157.00000000002
1379,47893.60765203249,0.11977814855191893,-1.1773915176149785e-13,0,0,0,104310.38523713803,53630.215304064965,42157.00000000002
1380,47856.1930221858,0.11908997900321217,-1.1773915176149785e-13,0,0,0,104188.17773374013,53555.38604437157,42157.00000000002
1381,47818.848276915334,0.11840202097984409,-1.1773915176149785e-13,0,0,0,104066.24612319043,53480.696553830654,42157.00000000002
1382,47781.57322588476,0.11771427448181482,-1.1773915176149785e-13,0,0,0,103944.58953578623,53406.14645176949,42157.00000000002
1383,47744.36767945098,0.11702673950912423,-1.1773915176149785e-13,0,0,0,103823.207105367,53331.73535890194,42157.00000000002
1384,47707.23144866107,0.11633941606177234,-1.1773915176149785e-13,0,0,0,103702.0979692969,53257.46289732212,42157.00000000002
1385,47670.16434524907,0.11565230413975913,-1.1773915176149785e-13,0,0,0,103581.26126844717,53183.32869049811,42157.00000000002
1386,47633.166181632885,0.1149654037430845,-1.1773915176149785e-13,0,0,0,103460.69614717858,53109.33236326575,42157.00000000002
1387,47596.236770911215,0.11427871487174845,-1.1773915176149785e-13,0,0,0,103340.4017533243,53035.473541822415,42157.00000000002
1388,47559.37592686045,0.1135922375257512,-1.1773915176149785e-13,0,0,0,103220.3772381725,52961.751853720874,42157.00000000002
1389,47522.583463931594,0.11290597170509287,-1.1773915176149785e-13,0,0,0,103100.6217564493,52888.16692786317,42157.00000000002
1390,47485.859197247206,0.11221991740977288,-1.1773915176149785e-13,0,0,0,102981.13446630162,52814.71839449439,42157.00000000002
1391,47449.20294259842,0.11153407463979181,-1.1773915176149785e-13,0,0,0,102861.91452928045,52741.40588519683,42157.00000000002
1392,47412.614516441856,0.11084844339514921,-1.1773915176149785e-13,0,0,0,102742.96111032378,52668.2290328837,42157.00000000002
1393,47376.09373589668,0.1101630236758454,-1.1773915176149785e-13,0,0,0,102624.27337774007,52595.18747179333,42157.00000000002
1394,47339.64041874157,0.10947781548188018,-1.1773915176149785e-13,0,0,0,102505.85050319144,52522.28083748312,42157.00000000002
1395,47303.25438341179,0.10879281881325376,-1.1773915176149785e-13,0,0,0,102387.69166167727,52449.508766823565,42157.00000000002
1396,47266.93544899622,0.10810803366996613,-1.1773915176149785e-13,0,0,0,102269.79603151763,52376.87089799241,42157.00000000002
1397,47230.68343523439,0.10742346005201708,-1.1773915176149785e-13,0,0,0,102152.16279433701,52304.36687046876,42157.00000000002
1398,47194.4981625136,0.10673909795940661,-1.1773915176149785e-13,0,0,0,102034.79113504804,52231.99632502717,42157.00000000002
1399,47158.379451866014,0.10605494739213506,-1.1773915176149785e-13,0,0,0,101917.68024183538,52159.75890373201,42157.00000000002
1400,47122.327124965734,0.10537100835020197,-1.1773915176149785e-13,0,0,0,101800.8293061395,52087.654249931446,42157.00000000002
1401,47086.34100412597,0.10468728083360757,-1.1773915176149785e-13,0,0,0,101684.23752264089,52015.68200825192,42157.00000000002
1402,47050.420912296155,0.10400376484235208,-1.1773915176149785e-13,0,0,0,101567.90408924414,51943.841824592295,42157.00000000002
1403,47014.5666730591,0.10332046037643527,-1.1773915176149785e-13,0,0,0,101451.82820706203,51872.13334611817,42157.00000000002
1404,46978.778110628155,0.10263736743585694,-1.1773915176149785e-13,0,0,0,101336.0090803999,51800.55622125629,42157.00000000002
1405,46943.05504984446,0.1019544860206173,-1.1773915176149785e-13,0,0,0,101220.44591674017,51729.110099688885,42157.00000000002
1406,46907.39731617406,0.10127181613071634,-1.1773915176149785e-13,0,0,0,101105.13792672659,51657.7946323481,42157.00000000002
1407,46871.8047357052,0.1005893577661543,-1.1773915176149785e-13,0,0,0,100990.08432414908,51586.609471410375,42157.00000000002
1408,46836.27713514547,0.09990711092693083,-1.1773915176149785e-13,0,0,0,100875.28432592808,51515.55427029092,42157.00000000002
1409,46800.81434181914,0.09922507561304572,-1.1773915176149785e-13,0,0,0,100760.73715209955,51444.62868363826,42157.00000000002
1410,46765.4161836644,0.09854325182449974,-1.1773915176149785e-13,0,0,0,100646.44202579984,51373.832367328774,42157.00000000002
1411,46730.08248923056,0.09786163956129235,-1.1773915176149785e-13,0,0,0,100532.39817325032,51303.1649784611,42157.00000000002
1412,46694.81308767544,0.09718023882342341,-1.1773915176149785e-13,0,0,0,100418.6048237426,51232.62617535086,42157.00000000002
1413,46659.60780876264,0.0964990496108934,-1.1773915176149785e-13,0,0,0,100305.06120962379,51162.215617525246,42157.00000000002
1414,46624.46648285882,0.09581807192370195,-1.1773915176149785e-13,0,0,0,100191.76656628125,51091.93296571762,42157.00000000002
1415,46589.3889409311,0.0951373057618492,-1.1773915176149785e-13,0,0,0,100078.72013212826,51021.77788186218,42157.00000000002
1416,46554.375014544356,0.09445675112533503,-1.1773915176149785e-13,0,0,0,99965.92114858917,50951.75002908868,42157.00000000002
1417,46519.42453585862,0.09377640801415987,-1.1773915176149785e-13,0,0,0,99853.36886008497,50881.84907171722,42157.00000000002
1418,46484.537337626396,0.09309627642832308,-1.1773915176149785e-13,0,0,0,99741.06251401857,50812.07467525276,42157.00000000002
1419,46449.71325319013,0.09241635636782508,-1.1773915176149785e-13,0,0,0,99629.0013607607,50742.42650638024,42157.00000000002
1420,46414.95211647956,0.09173664783266589,-1.1773915176149785e-13,0,0,0,99517.18465363538,50672.90423295909,42157.00000000002
1421,46380.253762009124,0.09105715082284527,-1.1773915176149785e-13,0,0,0,99405.6116489058,50603.50752401823,42157.00000000002
1422,46345.61802487543,0.09037786533836323,-1.1773915176149785e-13,0,0,0,99294.2816057601,50534.23604975085,42157.00000000002
1423,46311.04474075471,0.08969879137922021,-1.1773915176149785e-13,0,0,0,99183.19378629743,50465.0894815094,42157.00000000002
1424,46276.53374590018,0.08901992894541555,-1.1773915176149785e-13,0,0,0,99072.34745551366,50396.06749180035,42157.00000000002
1425,46242.08487713964,0.08834127803694969,-1.1773915176149785e-13,0,0,0,98961.74188128786,50327.16975427926,42157.00000000002
1426,46207.69797187287,0.0876628386538224,-1.1773915176149785e-13,0,0,0,98851.37633436815,50258.39594374571,42157.00000000002
1427,46173.372868069164,0.08698461079603381,-1.1773915176149785e-13,0,0,0,98741.25008835811,50189.74573613831,42157.00000000002
1428,46139.10940426485,0.08630659446358413,-1.1773915176149785e-13,0,0,0,98631.36241970316,50121.21880852967,42157.00000000002
1429,46104.90741956075,0.08562878965647303,-1.1773915176149785e-13,0,0,0,98521.71260767667,50052.81483912148,42157.00000000002
1430,46070.7667536198,0.0849511963747005,-1.1773915176149785e-13,0,0,0,98412.29993436672,49984.533507239576,42157.00000000002
1431,46036.68724666455,0.08427381461826666,-1.1773915176149785e-13,0,0,0,98303.12368466261,49916.37449332908,42157.00000000002
1432,46002.66873947476,0.08359664438717174,-1.1773915176149785e-13,0,0,0,98194.18314624146,49848.337478949485,42157.00000000002
1433,45968.711073384904,0.0829196856814155,-1.1773915176149785e-13,0,0,0,98085.47760955473,49780.422146769786,42157.00000000002
1434,45934.81409028183,0.08224293850099762,-1.1773915176149785e-13,0,0,0,97977.00636781531,49712.62818056364,42157.00000000002
1435,45900.97763260237,0.08156640284591876,-1.1773915176149785e-13,0,0,0,97868.7687169843,49644.95526520473,42157.00000000002
1436,45867.20154333087,0.08089007871617826,-1.1773915176149785e-13,0,0,0,97760.76395575768,49577.40308666171,42157.00000000002
1437,45833.485665996894,0.08021396611177656,-1.1773915176149785e-13,0,0,0,97652.99138555364,49509.97133199376,42157.00000000002
1438,45799.82984467283,0.07953806503271366,-1.1773915176149785e-13,0,0,0,97545.45031049955,49442.659689345644,42157.00000000002
1439,45766.23392397153,0.07886237547898944,-1.1773915176149785e-13,0,0,0,97438.14003741897,49375.46784794304,42157.00000000002
1440,45732.69774904398,0.07818689745060381,-1.1773915176149785e-13,0,0,0,97331.05987581903,49308.395498087935,42157.00000000002
1441,45699.22116557701,0.07751163094755686,-1.1773915176149785e-13,0,0,0,97224.2091378777,49241.44233115399,42157.00000000002
1442,45665.80401979091,0.07683657596984872,-1.1773915176149785e-13,0,0,0,97117.58713843109,49174.6080395818,42157.00000000002
1443,45632.44615843718,0.07616173251747915,-1.1773915176149785e-13,0,0,0,97011.19319496091,49107.89231687434,42157.00000000002
1444,45599.14742879624,0.07548710059044816,-1.1773915176149785e-13,0,0,0,96905.02662758203,49041.29485759246,42157.00000000002
1445,45565.90767867513,0.07481268018875609,-1.1773915176149785e-13,0,0,0,96799.08675902997,48974.81535735024,42157.00000000002
1446,45532.726756405245,0.0741384713124027,-1.1773915176149785e-13,0,0,0,96693.3729146486,48908.45351281047,42157.00000000002
1447,45499.60451084008,0.07346447396138789,-1.1773915176149785e-13,0,0,0,96587.88442237774,48842.20902168014,42157.00000000002
1448,45466.540791353014,0.07279068813571177,-1.1773915176149785e-13,0,0,0,96482.62061274119,48776.081582706014,42157.00000000002
1449,45433.535447835064,0.07211711383537445,-1.1773915176149785e-13,0,0,0,96377.5808188343,48710.070895670106,42157.00000000002
1450,45400.58833069262,0.0714437510603756,-1.1773915176149785e-13,0,0,0,96272.76437631201,48644.176661385216,42157.00000000002
1451,45367.69929084532,0.07077059981071554,-1.1773915176149785e-13,0,0,0,96168.17062337686,48578.39858169061,42157.00000000002
1452,45334.86817972378,0.07009766008639406,-1.1773915176149785e-13,0,0,0,96063.79890076704,48512.73635944754,42157.00000000002
1453,45302.09484926747,0.0694249318874115,-1.1773915176149785e-13,0,0,0,95959.64855174444,48447.189698534916,42157.00000000002
1454,45269.37915192247,0.06875241521376763,-1.1773915176149785e-13,0,0,0,95855.71892208281,48381.75830384492,42157.00000000002
1455,45236.720940639345,0.06808011006546211,-1.1773915176149785e-13,0,0,0,95752.0093600561,48316.44188127867,42157.00000000002
1456,45204.12006887102,0.06740801644249561,-1.1773915176149785e-13,0,0,0,95648.51921642678,48251.24013774203,42157.00000000002
1457,45171.57639057059,0.06673613434486758,-1.1773915176149785e-13,0,0,0,95545.2478444341,48186.15278114116,42157.00000000002
1458,45139.08976018921,0.06606446377257835,-1.1773915176149785e-13,0,0,0,95442.19459978268,48121.17952037839,42157.00000000002
1459,45106.66003267396,0.06539300472562781,-1.1773915176149785e-13,0,0,0,95339.35884063083,48056.320065347885,42157.00000000002
1460,45074.287063465774,0.06472175720401607,-1.1773915176149785e-13,0,0,0,95236.73992757931,47991.574126931526,42157.00000000002
1461,45041.9707084973,0.0640507212077428,-1.1773915176149785e-13,0,0,0,95134.33722365984,47926.941416994574,42157.00000000002
1462,45009.71082419084,0.06337989673680833,-1.1773915176149785e-13,0,0,0,95032.15009432385,47862.421648381656,42157.00000000002
1463,44977.507267456254,0.06270928379121243,-1.1773915176149785e-13,0,0,0,94930.17790743115,47798.01453491249,42157.00000000002
1464,44945.35989568892,0.06203888237095534,-1.1773915176149785e-13,0,0,0,94828.42003323892,47733.719791377815,42157.00000000002
1465,44913.268566767634,0.061368692476036824,-1.1773915176149785e-13,0,0,0,94726.8758443904,47669.53713353525,42157.00000000002
1466,44881.23313905263,0.06069871410645722,-1.1773915176149785e-13,0,0,0,94625.54471590393,47605.46627810524,42157.00000000002
1467,44849.253471383454,0.06002894726221597,-1.1773915176149785e-13,0,0,0,94524.42602516188,47541.506942766886,42157.00000000002
1468,44817.329423077055,0.05935939194331363,-1.1773915176149785e-13,0,0,0,94423.5191518999,47477.65884615408,42157.00000000002
1469,44785.46085392565,0.05869004814974976,-1.1773915176149785e-13,0,0,0,94322.82347819574,47413.92170785129,42157.00000000002
1470,44753.64762419483,0.058020915881524804,-1.1773915176149785e-13,0,0,0,94222.33838845875,47350.295248389644,42157.00000000002
1471,44721.889594621476,0.05735199513863842,-1.1773915176149785e-13,0,0,0,94122.06326941881,47286.77918924292,42157.00000000002
1472,44690.186626411836,0.05668328592109084,-1.1773915176149785e-13,0,0,0,94021.9975101159,47223.37325282365,42157.00000000002
1473,44658.53858123951,0.05601478822888206,-1.1773915176149785e-13,0,0,0,93922.14050188925,47160.077162479,42157.00000000002
1474,44626.945321243504,0.05534650206201164,-1.1773915176149785e-13,0,0,0,93822.49163836685,47096.890642486986,42157.00000000002
1475,44595.406709026305,0.054678427420480014,-1.1773915176149785e-13,0,0,0,93723.05031545495,47033.81341805258,42157.00000000002
1476,44563.922607651875,0.05401056430428708,-1.1773915176149785e-13,0,0,0,93623.81593132757,46970.845215303736,42157.00000000002
1477,44532.492880643775,0.053342912713432944,-1.1773915176149785e-13,0,0,0,93524.78788641603,46907.985761287535,42157.00000000002
1478,44501.11739198319,0.05267547264791739,-1.1773915176149785e-13,0,0,0,93425.9655833986,46845.23478396637,42157.00000000002
1479,44469.79600610706,0.05200824410774052,-1.1773915176149785e-13,0,0,0,93327.34842719027,46782.5920122141,42157.00000000002
1480,44438.52858790614,0.05134122709290223,-1.1773915176149785e-13,0,0,0,93228.93582493243,46720.05717581225,42157.00000000002
1481,44407.31500272313,0.05067442160340285,-1.1773915176149785e-13,0,0,0,93130.7271859828,46657.63000544623,42157.00000000002
1482,44376.155116350754,0.05000782763924194,-1.1773915176149785e-13,0,0,0,93032.72192190505,46595.310232701486,42157.00000000002
1483,44345.048795029936,0.04934144520041983,-1.1773915176149785e-13,0,0,0,92934.91944645903,46533.09759005984,42157.00000000002
1484,44313.995905447875,0.04867527428693641,-1.1773915176149785e-13,0,0,0,92837.31917559051,46470.991810895735,42157.00000000002
1485,44282.99631473623,0.04800931489879179,-1.1773915176149785e-13,0,0,0,92739.92052742135,46408.99262947244,42157.00000000002
1486,44252.04989046923,0.04734356703598552,-1.1773915176149785e-13,0,0,0,92642.72292223938,46347.09978093843,42157.00000000002
1487,44221.1565006619,0.04667803069851828,-1.1773915176149785e-13,0,0,0,92545.7257824889,46285.31300132378,42157.00000000002
1488,44190.31601376815,0.046012705886389615,-1.1773915176149785e-13,0,0,0,92448.92853276044,46223.63202753627,42157.00000000002
1489,44159.528298679,0.04534759259959942,-1.1773915176149785e-13,0,0,0,92352.3305997813,46162.05659735797,42157.00000000002
1490,44128.793224720794,0.04468269083814824,-1.1773915176149785e-13,0,0,0,92255.93141240586,46100.586449441565,42157.00000000002
1491,44098.11066165331,0.044018000602035534,-1.1773915176149785e-13,0,0,0,92159.73040160556,46039.2213233066,42157.00000000002
1492,44067.480479668055,0.043353521891261626,-1.1773915176149785e-13,0,0,0,92063.7270004598,45977.96095933608,42157.00000000002
1493,44036.902549386425,0.042689254705826185,-1.1773915176149785e-13,0,0,0,91967.92064414598,45916.80509877283,42157.00000000002
1494,44006.37674185798,0.04202519904572988,-1.1773915176149785e-13,0,0,0,91872.31076993034,45855.75348371594,42157.00000000002
1495,43975.90292855858,0.041361354910971815,-1.1773915176149785e-13,0,0,0,91776.89681715812,45794.80585711714,42157.00000000002
1496,43945.48098138875,0.040697722301552774,-1.1773915176149785e-13,0,0,0,91681.67822724459,45733.961962777474,42157.00000000002
1497,43915.110772671826,0.0400343012174722,-1.1773915176149785e-13,0,0,0,91586.65444366535,45673.22154534363,42157.00000000002
1498,43884.79217515228,0.03937109165873054,-1.1773915176149785e-13,0,0,0,91491.82491194725,45612.58435030454,42157.00000000002
1499,43854.52506199394,0.03870809362532712,-1.1773915176149785e-13,0,0,0,91397.18907965897,45552.05012398786,42157.00000000002
1500,43824.30930677832,0.03804530711726273,-1.1773915176149785e-13,0,0,0,91302.74639640212,45491.61861355661,42157.00000000002
1501,43794.14478350283,0.0373827321345368,-1.1773915176149785e-13,0,0,0,91208.4963138016,45431.28956700564,42157.00000000002
1502,43764.031366579155,0.036720368677149784,-1.1773915176149785e-13,0,0,0,91114.4382854971,45371.06273315829,42157.00000000002
1503,43733.96893083147,0.036058216745101346,-1.1773915176149785e-13,0,0,0,91020.57176713349,45310.93786166292,42157.00000000002
1504,43703.95735149481,0.0353962763383916,-1.1773915176149785e-13,0,0,0,90926.89621635216,45250.91470298961,42157.00000000002
1505,43673.99650421337,0.03473454745702054,-1.1773915176149785e-13,0,0,0,90833.41109278197,45190.99300842671,42157.00000000002
1506,43644.08626503882,0.03407303010098839,-1.1773915176149785e-13,0,0,0,90740.11585803032,45131.17253007762,42157.00000000002
1507,43614.22651042864,0.03341172427029471,-1.1773915176149785e-13,0,0,0,90647.00997567424,45071.45302085726,42157.00000000002
1508,43584.41711724447,0.03275062996493949,-1.1773915176149785e-13,0,0,0,90554.09291125168,45011.83423448891,42157.00000000002
1509,43554.65796275049,0.0320897471849233,-1.1773915176149785e-13,0,0,0,90461.36413225278,44952.31592550096,42157.00000000002
1510,43524.94892461171,0.03142907593024569,-1.1773915176149785e-13,0,0,0,90368.82310811097,44892.8978492234,42157.00000000002
1511,43495.289880892386,0.030768616200906762,-1.1773915176149785e-13,0,0,0,90276.46931019437,44833.57976178475,42157.00000000002
1512,43465.680710054374,0.030108367996906416,-1.1773915176149785e-13,0,0,0,90184.3022117972,44774.36142010873,42157.00000000002
1513,43436.121290955554,0.02944833131824498,-1.1773915176149785e-13,0,0,0,90092.32128813126,44715.24258191109,42157.00000000002
1514,43406.61150284814,0.028788506164922123,-1.1773915176149785e-13,0,0,0,90000.5260163172,44656.223005696265,42157.00000000002
1515,43377.151225377165,0.028128892536938066,-1.1773915176149785e-13,0,0,0,89908.91587537614,44597.30245075431,42157.00000000002
1516,43347.740338578806,0.027469490434292476,-1.1773915176149785e-13,0,0,0,89817.49034622124,44538.48067715759,42157.00000000002
1517,43318.37872287887,0.026810299856985687,-1.1773915176149785e-13,0,0,0,89726.24891164924,44479.75744575772,42157.00000000002
1518,43289.06625909117,0.026151320805017364,-1.1773915176149785e-13,0,0,0,89635.19105633213,44421.132518182305,42157.00000000002
1519,43259.80282841598,0.025492553278388064,-1.1773915176149785e-13,0,0,0,89544.3162668089,44362.60565683194,42157.00000000002
1520,43230.588312438435,0.02483399727709734,-1.1773915176149785e-13,0,0,0,89453.62403147704,44304.176624876854,42157.00000000002
1521,43201.422593127005,0.024175652801145087,-1.1773915176149785e-13,0,0,0,89363.11384058453,44245.845186253995,42157.00000000002
1522,43172.30555283197,0.023517519850531743,-1.1773915176149785e-13,0,0,0,89272.78518622165,44187.61110566391,42157.00000000002
1523,43143.23707428381,0.022859598425256977,-1.1773915176149785e-13,0,0,0,89182.63756231267,44129.47414856759,42157.00000000002
1524,43114.217040591735,0.022201888525321012,-1.1773915176149785e-13,0,0,0,89092.6704646079,44071.43408118345,42157.00000000002
1525,43085.24533524213,0.021544390150723736,-1.1773915176149785e-13,0,0,0,89002.88339067558,44013.490670484236,42157.00000000002
1526,43056.32184209702,0.020887103301464927,-1.1773915176149785e-13,0,0,0,88913.27583989376,43955.643684194016,42157.00000000002
1527,43027.446445392634,0.02023002797754503,-1.1773915176149785e-13,0,0,0,88823.84731344259,43897.892890785246,42157.00000000002
1528,42998.61902973779,0.01957316417896371,-1.1773915176149785e-13,0,0,0,88734.5973142961,43840.23805947556,42157.00000000002
1529,42969.839480112496,0.01891651190572119,-1.1773915176149785e-13,0,0,0,88645.52534721445,43782.67896022498,42157.00000000002
1530,42941.1076818664,0.01826007115781736,-1.1773915176149785e-13,0,0,0,88556.63091873609,43725.21536373278,42157.00000000002
1531,42912.423520717326,0.017603841935252107,-1.1773915176149785e-13,0,0,0,88467.91353716982,43667.84704143462,42157.00000000002
1532,42883.78688274981,0.016947824238025544,-1.1773915176149785e-13,0,0,0,88379.3727125872,43610.5737654996,42157.00000000002
1533,42855.197654413634,0.01629201806613778,-1.1773915176149785e-13,0,0,0,88291.00795681473,43553.395308827254,42157.00000000002
1534,42826.65572252233,0.015636423419588596,-1.1773915176149785e-13,0,0,0,88202.81878342612,43496.31144504463,42157.00000000002
1535,42798.160974251754,0.01498104029837799,-1.1773915176149785e-13,0,0,0,88114.80470773467,43439.32194850349,42157.00000000002
1536,42769.71329713867,0.014325868702506295,-1.1773915176149785e-13,0,0,0,88026.96524678577,43382.42659427731,42157.00000000002
1537,42741.31257907922,0.013670908631973178,-1.1773915176149785e-13,0,0,0,87939.29991934907,43325.625158158415,42157.00000000002
1538,42712.958708327584,0.01301616008677875,-1.1773915176149785e-13,0,0,0,87851.80824591125,43268.91741665515,42157.00000000002
1539,42684.6515734945,0.0123616230669229,-1.1773915176149785e-13,0,0,0,87764.4897486683,43212.30314698897,42157.00000000002
1540,42656.39106354587,0.01170729757240585,-1.1773915176149785e-13,0,0,0,87677.34395151823,43155.782127091705,42157.00000000002
1541,42628.17706780132,0.01105318360322749,-1.1773915176149785e-13,0,0,0,87590.37038005346,43099.35413560262,42157.00000000002
1542,42600.009475932835,0.010399281159387819,-1.1773915176149785e-13,0,0,0,87503.56856155365,43043.01895186565,42157.00000000002
1543,42571.88817796331,0.009745590240886837,-1.1773915176149785e-13,0,0,0,87416.93802497823,42986.776355926595,42157.00000000002
1544,42543.813064265196,0.009092110847724655,-1.1773915176149785e-13,0,0,0,87330.47830095912,42930.62612853037,42157.00000000002
1545,42515.7840255591,0.008438842979901051,-1.1773915176149785e-13,0,0,0,87244.18892179351,42874.56805111817,42157.00000000002
1546,42487.8009529124,0.007785786637416137,-1.1773915176149785e-13,0,0,0,87158.06942143656,42818.60190582479,42157.00000000002
1547,42459.86373773789,0.0071329418202698,-1.1773915176149785e-13,0,0,0,87072.1193354943,42762.72747547575,42157.00000000002
1548,42431.972271792394,0.006480308528462264,-1.1773915176149785e-13,0,0,0,86986.33820121638,42706.94454358476,42157.00000000002
1549,42404.126447175404,0.005827886761993306,-1.1773915176149785e-13,0,0,0,86900.72555748903,42651.252894350786,42157.00000000002
1550,42376.32615632776,0.005175676520863037,-1.1773915176149785e-13,0,0,0,86815.28094482796,42595.652312655504,42157.00000000002
1551,42348.57129203027,0.004523677805071569,-1.1773915176149785e-13,0,0,0,86730.00390537127,42540.142584060515,42157.00000000002
1552,42320.86174740236,0.0038718906146186782,-1.1773915176149785e-13,0,0,0,86644.8939828725,42484.723494804704,42157.00000000002
1553,42293.197415900795,0.003220314949504588,-1.1773915176149785e-13,0,0,0,86559.95072269367,42429.39483180156,42157.00000000002
1554,42265.57819131828,0.002568950809729187,-1.1773915176149785e-13,0,0,0,86475.17367179823,42374.156382636545,42157.00000000002
1555,42238.003967782184,0.001917798195292364,-1.1773915176149785e-13,0,0,0,86390.56237874426,42319.00793556435,42157.00000000002
1556,42210.47463975323,0.0012668571061943412,-1.1773915176149785e-13,0,0,0,86306.11639367767,42263.94927950643,42157.00000000002
1557,42182.99010202414,0.0006161275424348966,-1.1773915176149785e-13,0,0,0,86221.83526832516,42208.98020404825,42157.00000000002
1558,42157.000000002554,6.006306563222097e-14,-1.1773915176149785e-13,0,0,0,86142.16207249484,42157.00000000508,42157.00000000002
