date,hour,datetime,dam_code,dam_name,total_outflow_kcfs,gen_flow_kcfs,spill_kcfs,forebay_elev_ft,tailwater_elev_ft,head_ft,power_mw
2023-01-01,1,2023-01-01T00:00,bcl,Big Cliff,4.83,3.28,1.55,1201.6,1113.37,88.23,22.1
2023-01-01,2,2023-01-01T01:00,bcl,Big Cliff,4.79,3.26,1.53,1200.37,1113.35,87.02,21.6
2023-01-01,3,2023-01-01T02:00,bcl,Big Cliff,5.27,2.68,2.59,1200.65,1113.86,86.79,17.7
2023-01-01,4,2023-01-01T03:00,bcl,Big Cliff,5.5,3.39,2.11,1200.8,1114.11,86.69,22.4
2023-01-01,5,2023-01-01T04:00,bcl,Big Cliff,5.7,3.59,2.11,1200.76,1114.29,86.47,23.7
2023-01-01,6,2023-01-01T05:00,bcl,Big Cliff,5.89,3.36,2.48,1200.55,1114.42,86.13,22.1
2023-01-01,7,2023-01-01T06:00,bcl,Big Cliff,5.97,3.42,2.55,1200.25,1114.57,85.68,22.4
2023-01-01,8,2023-01-01T07:00,bcl,Big Cliff,5.97,3.43,2.54,1200.0,1114.56,85.44,22.4
2023-01-01,9,2023-01-01T08:00,bcl,Big Cliff,5.97,3.43,2.54,1199.81,1114.58,85.23,22.3
2023-01-01,10,2023-01-01T09:00,bcl,Big Cliff,5.95,3.42,2.53,1199.72,1114.51,85.21,22.2
2023-01-01,11,2023-01-01T10:00,bcl,Big Cliff,5.97,3.44,2.53,1199.71,1114.56,85.15,22.3
2023-01-01,12,2023-01-01T11:00,bcl,Big Cliff,5.97,3.44,2.53,1199.69,1114.51,85.18,22.4
2023-01-01,13,2023-01-01T12:00,bcl,Big Cliff,5.95,3.42,2.53,1199.67,1114.56,85.11,22.2
2023-01-01,14,2023-01-01T13:00,bcl,Big Cliff,5.97,3.44,2.53,1199.69,1114.55,85.14,22.3
2023-01-01,15,2023-01-01T14:00,bcl,Big Cliff,5.95,3.42,2.53,1199.74,1114.53,85.21,22.2
2023-01-01,16,2023-01-01T15:00,bcl,Big Cliff,5.97,3.43,2.54,1199.78,1114.54,85.24,22.3
2023-01-01,17,2023-01-01T16:00,bcl,Big Cliff,5.97,3.43,2.54,1199.82,1114.53,85.29,22.3
2023-01-01,18,2023-01-01T17:00,bcl,Big Cliff,5.95,3.41,2.54,1199.85,1114.57,85.28,22.2
2023-01-01,19,2023-01-01T18:00,bcl,Big Cliff,5.95,3.41,2.54,1199.88,1114.56,85.32,22.2
2023-01-01,20,2023-01-01T19:00,bcl,Big Cliff,5.95,3.41,2.54,1199.89,1114.58,85.31,22.2
2023-01-01,21,2023-01-01T20:00,bcl,Big Cliff,5.97,3.43,2.54,1199.91,1114.57,85.34,22.3
2023-01-01,22,2023-01-01T21:00,bcl,Big Cliff,5.97,3.43,2.54,1199.91,1114.56,85.35,22.3
2023-01-01,23,2023-01-01T22:00,bcl,Big Cliff,5.95,3.41,2.54,1199.93,1114.55,85.38,22.2
2023-01-01,24,2023-01-01T23:00,bcl,Big Cliff,5.97,3.43,2.54,1199.94,1114.48,85.46,22.4
2023-01-02,1,2023-01-02T00:00,bcl,Big Cliff,5.97,3.43,2.54,1199.96,1114.53,85.43,22.4
2023-01-02,2,2023-01-02T01:00,bcl,Big Cliff,5.97,3.43,2.54,1199.96,1114.56,85.4,22.3
2023-01-02,3,2023-01-02T02:00,bcl,Big Cliff,5.95,3.41,2.54,1199.96,1114.57,85.39,22.2
2023-01-02,4,2023-01-02T03:00,bcl,Big Cliff,5.97,3.43,2.54,1199.97,1114.55,85.42,22.4
2023-01-02,5,2023-01-02T04:00,bcl,Big Cliff,5.95,3.41,2.54,1199.98,1114.51,85.47,22.2
2023-01-02,6,2023-01-02T05:00,bcl,Big Cliff,5.97,3.43,2.54,1199.97,1114.57,85.4,22.3
2023-01-02,7,2023-01-02T06:00,bcl,Big Cliff,5.97,3.43,2.54,1199.97,1114.53,85.44,22.4
2023-01-02,8,2023-01-02T07:00,bcl,Big Cliff,5.95,3.41,2.54,1199.95,1114.57,85.38,22.2
2023-01-02,9,2023-01-02T08:00,bcl,Big Cliff,5.95,3.41,2.54,1199.91,1114.55,85.36,22.2
2023-01-02,10,2023-01-02T09:00,bcl,Big Cliff,5.95,3.41,2.54,1199.89,1114.55,85.34,22.2
2023-01-02,11,2023-01-02T10:00,bcl,Big Cliff,5.95,3.41,2.54,1199.88,1114.58,85.3,22.2
2023-01-02,12,2023-01-02T11:00,bcl,Big Cliff,5.95,3.41,2.54,1199.87,1114.53,85.34,22.2
2023-01-02,13,2023-01-02T12:00,bcl,Big Cliff,5.95,3.41,2.54,1199.87,1114.53,85.34,22.2
2023-01-02,14,2023-01-02T13:00,bcl,Big Cliff,5.97,3.43,2.54,1199.87,1114.47,85.4,22.3
2023-01-02,15,2023-01-02T14:00,bcl,Big Cliff,,,,1199.86,1114.51,85.35,
2023-01-02,16,2023-01-02T15:00,bcl,Big Cliff,5.97,3.43,2.54,1199.83,1114.51,85.32,22.3
2023-01-02,17,2023-01-02T16:00,bcl,Big Cliff,5.97,3.43,2.54,1199.86,1114.54,85.32,22.3
2023-01-02,18,2023-01-02T17:00,bcl,Big Cliff,,,,1199.84,1114.54,85.3,
2023-01-02,19,2023-01-02T18:00,bcl,Big Cliff,5.93,3.39,2.54,1199.84,1114.49,85.35,22.1
2023-01-02,20,2023-01-02T19:00,bcl,Big Cliff,5.95,3.41,2.54,1199.84,1114.54,85.3,22.2
2023-01-02,21,2023-01-02T20:00,bcl,Big Cliff,5.93,3.39,2.54,1199.83,1114.63,85.2,22.0
2023-01-02,22,2023-01-02T21:00,bcl,Big Cliff,5.95,3.41,2.54,1199.83,1114.54,85.29,22.2
2023-01-02,23,2023-01-02T22:00,bcl,Big Cliff,5.95,3.41,2.54,1199.83,1114.54,85.29,22.2
2023-01-02,24,2023-01-02T23:00,bcl,Big Cliff,5.93,3.39,2.54,1199.82,1114.54,85.28,22.1
2023-01-03,1,2023-01-03T00:00,bcl,Big Cliff,5.95,3.41,2.54,1199.82,1114.56,85.26,22.2
2023-01-03,2,2023-01-03T01:00,bcl,Big Cliff,5.95,3.41,2.54,1199.82,1114.57,85.25,22.2
2023-01-03,3,2023-01-03T02:00,bcl,Big Cliff,5.95,3.41,2.54,1199.82,1114.58,85.24,22.2
2023-01-03,4,2023-01-03T03:00,bcl,Big Cliff,5.95,3.41,2.54,1199.83,1114.55,85.28,22.2
2023-01-03,5,2023-01-03T04:00,bcl,Big Cliff,5.95,3.41,2.54,1199.83,1114.56,85.27,22.2
2023-01-03,6,2023-01-03T05:00,bcl,Big Cliff,5.95,3.41,2.54,1199.81,1114.54,85.27,22.2
2023-01-03,7,2023-01-03T06:00,bcl,Big Cliff,5.95,3.41,2.54,1199.8,1114.59,85.21,22.2
2023-01-03,8,2023-01-03T07:00,bcl,Big Cliff,5.93,3.39,2.54,1199.78,1114.52,85.26,22.1
2023-01-03,9,2023-01-03T08:00,bcl,Big Cliff,5.93,3.4,2.53,1199.74,1114.51,85.23,22.1
2023-01-03,10,2023-01-03T09:00,bcl,Big Cliff,5.91,3.38,2.53,1199.7,1114.56,85.14,22.0
2023-01-03,11,2023-01-03T10:00,bcl,Big Cliff,5.93,3.4,2.53,1199.67,1114.56,85.11,22.1
2023-01-03,12,2023-01-03T11:00,bcl,Big Cliff,5.93,3.4,2.53,1199.63,1114.56,85.07,22.1
2023-01-03,13,2023-01-03T12:00,bcl,Big Cliff,5.91,3.38,2.53,1199.61,1114.54,85.07,21.9
2023-01-03,14,2023-01-03T13:00,bcl,Big Cliff,5.93,3.4,2.53,1199.58,1114.56,85.02,22.1
2023-01-03,15,2023-01-03T14:00,bcl,Big Cliff,5.95,3.42,2.53,1199.56,1114.57,84.99,22.2
2023-01-03,16,2023-01-03T15:00,bcl,Big Cliff,5.95,3.42,2.53,1199.52,1114.57,84.95,22.2
2023-01-03,17,2023-01-03T16:00,bcl,Big Cliff,5.95,3.42,2.53,1199.48,1114.57,84.91,22.2
2023-01-03,18,2023-01-03T17:00,bcl,Big Cliff,5.91,3.39,2.52,1199.43,1114.48,84.95,22.0
2023-01-03,19,2023-01-03T18:00,bcl,Big Cliff,5.91,3.38,2.53,1199.47,1114.55,84.92,21.9
2023-01-03,20,2023-01-03T19:00,bcl,Big Cliff,5.93,3.4,2.53,1199.52,1114.52,85.0,22.1
2023-01-03,21,2023-01-03T20:00,bcl,Big Cliff,5.91,3.38,2.53,1199.56,1114.53,85.03,21.9
2023-01-03,22,2023-01-03T21:00,bcl,Big Cliff,5.93,3.4,2.53,1199.61,1114.56,85.05,22.1
2023-01-03,23,2023-01-03T22:00,bcl,Big Cliff,5.91,3.38,2.53,1199.65,1114.53,85.12,22.0
2023-01-03,24,2023-01-03T23:00,bcl,Big Cliff,5.93,3.4,2.53,1199.69,1114.58,85.11,22.1
2023-01-04,1,2023-01-04T00:00,bcl,Big Cliff,5.93,3.4,2.53,1199.72,1114.6,85.12,22.1
2023-01-04,2,2023-01-04T01:00,bcl,Big Cliff,5.93,3.39,2.54,1199.76,1114.54,85.22,22.0
2023-01-04,3,2023-01-04T02:00,bcl,Big Cliff,5.93,3.39,2.54,1199.81,1114.54,85.27,22.1
2023-01-04,4,2023-01-04T03:00,bcl,Big Cliff,5.95,3.41,2.54,1199.85,1114.49,85.36,22.2
2023-01-04,5,2023-01-04T04:00,bcl,Big Cliff,5.95,3.41,2.54,1199.88,1114.55,85.33,22.2
2023-01-04,6,2023-01-04T05:00,bcl,Big Cliff,5.95,3.41,2.54,1199.91,1114.61,85.3,22.2
2023-01-04,7,2023-01-04T06:00,bcl,Big Cliff,5.93,3.39,2.54,1199.93,1114.53,85.4,22.1
2023-01-04,8,2023-01-04T07:00,bcl,Big Cliff,5.93,3.39,2.54,1199.95,1114.51,85.44,22.1
2023-01-04,9,2023-01-04T08:00,bcl,Big Cliff,5.93,3.39,2.54,1199.95,1114.56,85.39,22.1
2023-01-04,10,2023-01-04T09:00,bcl,Big Cliff,5.93,3.39,2.54,1199.98,1114.58,85.4,22.1
2023-01-04,11,2023-01-04T10:00,bcl,Big Cliff,5.95,3.41,2.54,1200.0,1114.55,85.45,22.2
2023-01-04,12,2023-01-04T11:00,bcl,Big Cliff,5.93,3.39,2.54,1200.01,1114.57,85.44,22.1
2023-01-04,13,2023-01-04T12:00,bcl,Big Cliff,5.91,3.37,2.54,1200.05,1114.5,85.55,22.0
2023-01-04,14,2023-01-04T13:00,bcl,Big Cliff,5.93,3.38,2.55,1200.1,1114.56,85.54,22.1
2023-01-04,15,2023-01-04T14:00,bcl,Big Cliff,5.93,3.38,2.55,1200.15,1114.53,85.62,22.1
2023-01-04,16,2023-01-04T15:00,bcl,Big Cliff,5.93,3.38,2.55,1200.19,1114.51,85.68,22.1
2023-01-04,17,2023-01-04T16:00,bcl,Big Cliff,5.93,3.38,2.55,1200.2,1114.51,85.69,22.1
2023-01-04,18,2023-01-04T17:00,bcl,Big Cliff,5.93,3.38,2.55,1200.22,1114.54,85.68,22.1
2023-01-04,19,2023-01-04T18:00,bcl,Big Cliff,5.93,3.38,2.55,1200.22,1114.58,85.64,22.1
2023-01-04,20,2023-01-04T19:00,bcl,Big Cliff,5.93,3.38,2.55,1200.25,1114.51,85.74,22.1
2023-01-04,21,2023-01-04T20:00,bcl,Big Cliff,5.91,3.36,2.55,1200.26,1114.53,85.73,22.0
2023-01-04,22,2023-01-04T21:00,bcl,Big Cliff,5.93,3.38,2.55,1200.27,1114.58,85.69,22.1
2023-01-04,23,2023-01-04T22:00,bcl,Big Cliff,5.91,3.36,2.55,1200.28,1114.52,85.76,22.0
2023-01-04,24,2023-01-04T23:00,bcl,Big Cliff,5.91,3.36,2.55,1200.3,1114.51,85.79,22.0
2023-01-05,1,2023-01-05T00:00,bcl,Big Cliff,5.91,3.36,2.55,1200.31,1114.47,85.84,22.0
2023-01-05,2,2023-01-05T01:00,bcl,Big Cliff,5.93,3.38,2.55,1200.34,1114.52,85.82,22.1
2023-01-05,3,2023-01-05T02:00,bcl,Big Cliff,5.93,3.38,2.55,1200.34,1114.54,85.8,22.1
2023-01-05,4,2023-01-05T03:00,bcl,Big Cliff,5.93,3.38,2.55,1200.36,1114.52,85.84,22.1
2023-01-05,5,2023-01-05T04:00,bcl,Big Cliff,5.95,3.41,2.54,1200.29,1114.55,85.74,22.3
2023-01-05,6,2023-01-05T05:00,bcl,Big Cliff,5.93,3.38,2.55,1200.19,1114.55,85.64,22.1
2023-01-05,7,2023-01-05T06:00,bcl,Big Cliff,5.95,3.4,2.55,1200.09,1114.52,85.57,22.2
2023-01-05,8,2023-01-05T07:00,bcl,Big Cliff,5.89,3.35,2.54,1199.99,1114.51,85.48,21.8
2023-01-05,9,2023-01-05T08:00,bcl,Big Cliff,5.91,3.37,2.54,1199.91,1114.51,85.4,22.0
2023-01-05,10,2023-01-05T09:00,bcl,Big Cliff,5.89,3.35,2.54,1199.83,1114.52,85.31,21.8
2023-01-05,11,2023-01-05T10:00,bcl,Big Cliff,5.89,3.35,2.54,1199.78,1114.52,85.26,21.8
2023-01-05,12,2023-01-05T11:00,bcl,Big Cliff,5.91,3.38,2.53,1199.73,1114.5,85.23,22.0
2023-01-05,13,2023-01-05T12:00,bcl,Big Cliff,6.34,3.42,2.92,1199.61,1114.9,84.71,22.1
2023-01-05,14,2023-01-05T13:00,bcl,Big Cliff,6.36,3.45,2.91,1199.54,1114.9,84.64,22.3
2023-01-05,15,2023-01-05T14:00,bcl,Big Cliff,6.79,3.45,3.34,1199.47,1115.29,84.18,22.2
2023-01-05,16,2023-01-05T15:00,bcl,Big Cliff,6.79,3.45,3.34,1199.49,1115.27,84.22,22.2
2023-01-05,17,2023-01-05T16:00,bcl,Big Cliff,7.76,3.58,4.18,1199.53,1116.11,83.42,22.8
2023-01-05,18,2023-01-05T17:00,bcl,Big Cliff,7.79,3.61,4.18,1199.52,1116.17,83.35,23.0
2023-01-05,19,2023-01-05T18:00,bcl,Big Cliff,7.79,3.61,4.18,1199.51,1116.13,83.38,23.0
2023-01-05,20,2023-01-05T19:00,bcl,Big Cliff,7.76,3.57,4.19,1199.61,1116.13,83.48,22.7
2023-01-05,21,2023-01-05T20:00,bcl,Big Cliff,7.79,3.6,4.19,1199.7,1116.06,83.64,23.0
2023-01-05,22,2023-01-05T21:00,bcl,Big Cliff,7.79,3.59,4.2,1199.78,1116.08,83.7,22.9
2023-01-05,23,2023-01-05T22:00,bcl,Big Cliff,7.79,3.59,4.2,1199.86,1116.1,83.76,22.9
2023-01-05,24,2023-01-05T23:00,bcl,Big Cliff,7.81,3.6,4.21,1199.94,1116.14,83.8,23.0
2023-01-06,1,2023-01-06T00:00,bcl,Big Cliff,7.81,3.6,4.21,1200.02,1116.09,83.93,23.1
2023-01-06,2,2023-01-06T01:00,bcl,Big Cliff,7.84,3.63,4.21,1200.09,1116.2,83.89,23.2
2023-01-06,3,2023-01-06T02:00,bcl,Big Cliff,7.84,3.62,4.22,1200.15,1116.18,83.97,23.2
2023-01-06,4,2023-01-06T03:00,bcl,Big Cliff,7.84,3.62,4.22,1200.22,1116.21,84.01,23.2
2023-01-06,5,2023-01-06T04:00,bcl,Big Cliff,7.84,3.62,4.22,1200.28,1116.18,84.1,23.2
2023-01-06,6,2023-01-06T05:00,bcl,Big Cliff,7.84,3.62,4.22,1200.31,1116.09,84.22,23.3
2023-01-06,7,2023-01-06T06:00,bcl,Big Cliff,7.81,3.59,4.22,1200.35,1116.22,84.13,23.0
2023-01-06,8,2023-01-06T07:00,bcl,Big Cliff,8.11,3.6,4.51,1200.22,1116.47,83.75,23.0
2023-01-06,9,2023-01-06T08:00,bcl,Big Cliff,8.41,3.64,4.77,1199.98,1116.73,83.25,23.1
2023-01-06,10,2023-01-06T09:00,bcl,Big Cliff,8.35,3.6,4.75,1199.77,1116.63,83.14,22.8
2023-01-06,11,2023-01-06T10:00,bcl,Big Cliff,8.85,3.7,5.15,1199.44,1116.93,82.51,23.3
2023-01-06,12,2023-01-06T11:00,bcl,Big Cliff,8.85,3.72,5.13,1199.23,1116.92,82.31,23.4
2023-01-06,13,2023-01-06T12:00,bcl,Big Cliff,9.07,3.72,5.35,1199.23,1117.1,82.13,23.3
2023-01-06,14,2023-01-06T13:00,bcl,Big Cliff,9.44,3.87,5.57,1199.55,1117.37,82.18,24.3
2023-01-06,15,2023-01-06T14:00,bcl,Big Cliff,10.03,4.03,6.0,1199.73,1117.74,81.99,25.2
2023-01-06,16,2023-01-06T15:00,bcl,Big Cliff,10.03,4.01,6.02,1199.89,1117.71,82.18,25.1
2023-01-06,17,2023-01-06T16:00,bcl,Big Cliff,10.03,4.0,6.03,1200.01,1117.66,82.35,25.1
2023-01-06,18,2023-01-06T17:00,bcl,Big Cliff,10.03,3.99,6.04,1200.11,1117.77,82.34,25.1
2023-01-06,19,2023-01-06T18:00,bcl,Big Cliff,10.03,3.99,6.04,1200.2,1117.78,82.42,25.1
2023-01-06,20,2023-01-06T19:00,bcl,Big Cliff,10.03,3.99,6.04,1200.2,1117.74,82.46,25.1
2023-01-06,21,2023-01-06T20:00,bcl,Big Cliff,10.0,3.96,6.04,1200.16,1117.66,82.5,24.9
2023-01-06,22,2023-01-06T21:00,bcl,Big Cliff,10.0,3.96,6.04,1200.14,1117.75,82.39,24.9
2023-01-06,23,2023-01-06T22:00,bcl,Big Cliff,10.0,3.96,6.04,1200.13,1117.61,82.52,24.9
2023-01-06,24,2023-01-06T23:00,bcl,Big Cliff,9.97,3.94,6.03,1200.08,1117.72,82.36,24.8
2023-01-07,1,2023-01-07T00:00,bcl,Big Cliff,9.97,3.94,6.03,1200.01,1117.67,82.34,24.8
2023-01-07,2,2023-01-07T01:00,bcl,Big Cliff,10.0,3.97,6.03,1200.03,1117.7,82.33,24.9
2023-01-07,3,2023-01-07T02:00,bcl,Big Cliff,10.0,3.97,6.03,1200.05,1117.67,82.38,25.0
2023-01-07,4,2023-01-07T03:00,bcl,Big Cliff,10.0,3.97,6.03,1200.07,1117.76,82.31,24.9
2023-01-07,5,2023-01-07T04:00,bcl,Big Cliff,10.0,3.96,6.04,1200.09,1117.67,82.42,24.9
2023-01-07,6,2023-01-07T05:00,bcl,Big Cliff,10.0,3.96,6.04,1200.09,1117.73,82.36,24.9
2023-01-07,7,2023-01-07T06:00,bcl,Big Cliff,10.0,3.96,6.04,1200.09,1117.73,82.36,24.9
2023-01-07,8,2023-01-07T07:00,bcl,Big Cliff,10.0,3.97,6.03,1200.1,1117.71,82.39,25.0
2023-01-07,9,2023-01-07T08:00,bcl,Big Cliff,10.0,3.96,6.04,1200.09,1117.67,82.42,24.9
2023-01-07,10,2023-01-07T09:00,bcl,Big Cliff,10.0,3.97,6.03,1200.08,1117.86,82.22,24.9
2023-01-07,11,2023-01-07T10:00,bcl,Big Cliff,10.0,3.97,6.03,1200.05,1117.74,82.31,24.9
2023-01-07,12,2023-01-07T11:00,bcl,Big Cliff,9.97,3.94,6.03,1200.04,1117.71,82.33,24.8
2023-01-07,13,2023-01-07T12:00,bcl,Big Cliff,10.0,3.97,6.03,1200.02,1117.6,82.42,25.0
2023-01-07,14,2023-01-07T13:00,bcl,Big Cliff,10.0,3.97,6.03,1200.0,1117.79,82.21,24.9
2023-01-07,15,2023-01-07T14:00,bcl,Big Cliff,9.97,3.94,6.03,1199.97,1117.69,82.28,24.7
2023-01-07,16,2023-01-07T15:00,bcl,Big Cliff,9.97,3.94,6.03,1199.95,1117.78,82.17,24.7
2023-01-07,17,2023-01-07T16:00,bcl,Big Cliff,10.0,3.98,6.02,1199.91,1117.54,82.37,25.0
2023-01-07,18,2023-01-07T17:00,bcl,Big Cliff,9.97,3.95,6.02,1199.96,1117.74,82.22,24.8
2023-01-07,19,2023-01-07T18:00,bcl,Big Cliff,10.0,3.97,6.03,1199.99,1117.73,82.26,24.9
2023-01-07,20,2023-01-07T19:00,bcl,Big Cliff,9.94,3.91,6.03,1200.05,1117.72,82.33,24.6
2023-01-07,21,2023-01-07T20:00,bcl,Big Cliff,9.94,3.9,6.04,1200.1,1117.72,82.38,24.5
2023-01-07,22,2023-01-07T21:00,bcl,Big Cliff,9.91,3.87,6.04,1200.15,1117.77,82.38,24.3
2023-01-07,23,2023-01-07T22:00,bcl,Big Cliff,9.97,3.93,6.04,1200.2,1117.73,82.47,24.7
2023-01-07,24,2023-01-07T23:00,bcl,Big Cliff,9.97,3.92,6.05,1200.25,1117.66,82.59,24.7
2023-01-08,1,2023-01-08T00:00,bcl,Big Cliff,9.94,3.89,6.05,1200.29,1117.88,82.41,24.5
2023-01-08,2,2023-01-08T01:00,bcl,Big Cliff,9.97,3.92,6.05,1200.32,1117.63,82.69,24.7
2023-01-08,3,2023-01-08T02:00,bcl,Big Cliff,9.97,3.92,6.05,1200.33,1117.75,82.58,24.7
2023-01-08,4,2023-01-08T03:00,bcl,Big Cliff,9.97,3.92,6.05,1200.35,1117.7,82.65,24.7
2023-01-08,5,2023-01-08T04:00,bcl,Big Cliff,9.97,3.91,6.06,1200.36,1117.7,82.66,24.7
2023-01-08,6,2023-01-08T05:00,bcl,Big Cliff,9.97,3.92,6.05,1200.35,1117.64,82.71,24.7
2023-01-08,7,2023-01-08T06:00,bcl,Big Cliff,9.97,3.91,6.06,1200.35,1117.73,82.62,24.6
2023-01-08,8,2023-01-08T07:00,bcl,Big Cliff,9.97,3.92,6.05,1200.35,1117.75,82.6,24.7
2023-01-08,9,2023-01-08T08:00,bcl,Big Cliff,9.97,3.92,6.05,1200.32,1117.68,82.64,24.7
2023-01-08,10,2023-01-08T09:00,bcl,Big Cliff,9.97,3.92,6.05,1200.31,1117.62,82.69,24.7
2023-01-08,11,2023-01-08T10:00,bcl,Big Cliff,9.97,3.92,6.05,1200.3,1117.75,82.55,24.7
2023-01-08,12,2023-01-08T11:00,bcl,Big Cliff,9.97,3.92,6.05,1200.29,1117.67,82.62,24.7
2023-01-08,13,2023-01-08T12:00,bcl,Big Cliff,9.91,3.86,6.05,1200.25,1117.73,82.52,24.3
2023-01-08,14,2023-01-08T13:00,bcl,Big Cliff,9.97,3.93,6.04,1200.22,1117.64,82.58,24.8
2023-01-08,15,2023-01-08T14:00,bcl,Big Cliff,10.0,3.96,6.04,1200.17,1117.72,82.45,24.9
2023-01-08,16,2023-01-08T15:00,bcl,Big Cliff,10.03,3.99,6.04,1200.1,1117.81,82.29,25.1
2023-01-08,17,2023-01-08T16:00,bcl,Big Cliff,10.03,4.0,6.03,1200.03,1117.73,82.3,25.1
2023-01-08,18,2023-01-08T17:00,bcl,Big Cliff,10.0,3.97,6.03,1200.0,1117.76,82.24,24.9
2023-01-08,19,2023-01-08T18:00,bcl,Big Cliff,10.0,3.97,6.03,1199.99,1117.64,82.35,24.9
2023-01-08,20,2023-01-08T19:00,bcl,Big Cliff,9.97,3.94,6.03,1199.98,1117.83,82.15,24.7
2023-01-08,21,2023-01-08T20:00,bcl,Big Cliff,9.97,3.94,6.03,1199.96,1117.71,82.25,24.7
2023-01-08,22,2023-01-08T21:00,bcl,Big Cliff,9.97,3.94,6.03,1199.98,1117.77,82.21,24.7
2023-01-08,23,2023-01-08T22:00,bcl,Big Cliff,9.97,3.94,6.03,1200.0,1117.67,82.33,24.8
2023-01-08,24,2023-01-08T23:00,bcl,Big Cliff,10.0,3.97,6.03,1200.02,1117.66,82.36,24.9
2023-01-09,1,2023-01-09T00:00,bcl,Big Cliff,10.0,3.97,6.03,1200.02,1117.63,82.39,25.0
2023-01-09,2,2023-01-09T01:00,bcl,Big Cliff,9.97,3.94,6.03,1200.05,1117.66,82.39,24.8
2023-01-09,3,2023-01-09T02:00,bcl,Big Cliff,10.0,3.97,6.03,1200.07,1117.8,82.27,24.9
2023-01-09,4,2023-01-09T03:00,bcl,Big Cliff,9.97,3.94,6.03,1200.05,1117.85,82.2,24.7
2023-01-09,5,2023-01-09T04:00,bcl,Big Cliff,10.0,3.97,6.03,1200.06,1117.68,82.38,25.0
2023-01-09,6,2023-01-09T05:00,bcl,Big Cliff,10.0,3.97,6.03,1200.05,1117.71,82.34,24.9
2023-01-09,7,2023-01-09T06:00,bcl,Big Cliff,10.0,3.97,6.03,1200.02,1117.67,82.35,24.9
2023-01-09,8,2023-01-09T07:00,bcl,Big Cliff,9.97,3.94,6.03,1200.0,1117.77,82.23,24.7
2023-01-09,9,2023-01-09T08:00,bcl,Big Cliff,9.97,3.94,6.03,1199.97,1117.73,82.24,24.7
2023-01-09,10,2023-01-09T09:00,bcl,Big Cliff,10.0,3.97,6.03,1200.0,1117.65,82.35,24.9
2023-01-09,11,2023-01-09T10:00,bcl,Big Cliff,10.0,3.97,6.03,1200.01,1117.68,82.33,24.9
2023-01-09,12,2023-01-09T11:00,bcl,Big Cliff,9.97,3.94,6.03,1200.02,1117.74,82.28,24.7
2023-01-09,13,2023-01-09T12:00,bcl,Big Cliff,10.0,3.97,6.03,1200.04,1117.65,82.39,25.0
2023-01-09,14,2023-01-09T13:00,bcl,Big Cliff,10.0,3.97,6.03,1200.05,1117.7,82.35,24.9
2023-01-09,15,2023-01-09T14:00,bcl,Big Cliff,10.0,3.97,6.03,1200.06,1117.71,82.35,24.9
2023-01-09,16,2023-01-09T15:00,bcl,Big Cliff,10.0,3.97,6.03,1200.04,1117.74,82.3,24.9
2023-01-09,17,2023-01-09T16:00,bcl,Big Cliff,10.0,3.97,6.03,1200.09,1117.79,82.3,24.9
2023-01-09,18,2023-01-09T17:00,bcl,Big Cliff,9.97,3.93,6.04,1200.14,1117.67,82.47,24.7
2023-01-09,19,2023-01-09T18:00,bcl,Big Cliff,10.0,3.96,6.04,1200.17,1117.74,82.43,24.9
2023-01-09,20,2023-01-09T19:00,bcl,Big Cliff,10.0,3.95,6.05,1200.23,1117.86,82.37,24.8
2023-01-09,21,2023-01-09T20:00,bcl,Big Cliff,10.0,3.96,6.04,1200.22,1117.68,82.54,24.9
2023-01-09,22,2023-01-09T21:00,bcl,Big Cliff,10.0,3.96,6.04,1200.16,1117.64,82.52,24.9
2023-01-09,23,2023-01-09T22:00,bcl,Big Cliff,10.0,3.96,6.04,1200.12,1117.71,82.41,24.9
2023-01-09,24,2023-01-09T23:00,bcl,Big Cliff,9.97,3.94,6.03,1200.04,1117.7,82.34,24.8
2023-01-10,1,2023-01-10T00:00,bcl,Big Cliff,9.91,3.95,5.96,1199.15,1117.57,81.58,24.6
2023-01-10,2,2023-01-10T01:00,bcl,Big Cliff,9.97,4.1,5.87,1198.15,1117.53,80.62,25.2
2023-01-10,3,2023-01-10T02:00,bcl,Big Cliff,10.0,4.04,5.96,1197.03,1117.57,79.46,24.5
2023-01-10,4,2023-01-10T03:00,bcl,Big Cliff,9.91,3.84,6.07,1195.88,1117.46,78.42,23.0
2023-01-10,5,2023-01-10T04:00,bcl,Big Cliff,10.03,3.87,6.16,1194.62,1117.29,77.33,22.8
2023-01-10,6,2023-01-10T05:00,bcl,Big Cliff,9.85,3.8,6.05,1193.42,1117.17,76.25,22.1
2023-01-10,7,2023-01-10T06:00,bcl,Big Cliff,9.74,3.8,5.94,1192.31,1117.06,75.25,21.8
2023-01-10,8,2023-01-10T07:00,bcl,Big Cliff,9.62,3.79,5.83,1191.26,1116.94,74.32,21.5
2023-01-10,9,2023-01-10T08:00,bcl,Big Cliff,9.27,3.72,5.55,1190.49,1116.57,73.92,21.0
2023-01-10,10,2023-01-10T09:00,bcl,Big Cliff,9.19,3.7,5.49,1189.76,1116.64,73.12,20.6
2023-01-10,11,2023-01-10T10:00,bcl,Big Cliff,8.96,3.66,5.3,1189.12,1116.58,72.54,20.3
2023-01-10,12,2023-01-10T11:00,bcl,Big Cliff,8.93,3.68,5.25,1188.55,1116.48,72.07,20.2
2023-01-10,13,2023-01-10T12:00,bcl,Big Cliff,8.74,3.66,5.08,1188.06,1116.57,71.49,20.0
2023-01-10,14,2023-01-10T13:00,bcl,Big Cliff,8.54,3.5,5.04,1187.62,1116.28,71.34,19.1
2023-01-10,15,2023-01-10T14:00,bcl,Big Cliff,8.35,3.58,4.77,1187.25,1116.39,70.86,19.4
2023-01-10,16,2023-01-10T15:00,bcl,Big Cliff,8.05,3.52,4.53,1187.15,1116.26,70.89,19.0
2023-01-10,17,2023-01-10T16:00,bcl,Big Cliff,8.08,3.55,4.53,1187.05,1116.23,70.82,19.2
2023-01-10,18,2023-01-10T17:00,bcl,Big Cliff,7.97,3.55,4.42,1187.12,1116.23,70.89,19.2
2023-01-10,19,2023-01-10T18:00,bcl,Big Cliff,8.0,3.57,4.43,1187.26,1116.25,71.01,19.3
2023-01-10,20,2023-01-10T19:00,bcl,Big Cliff,8.0,3.56,4.44,1187.42,1116.3,71.12,19.3
2023-01-10,21,2023-01-10T20:00,bcl,Big Cliff,8.0,3.55,4.45,1187.58,1116.06,71.52,19.4
2023-01-10,22,2023-01-10T21:00,bcl,Big Cliff,8.03,3.57,4.46,1187.74,1116.32,71.42,19.5
2023-01-10,23,2023-01-10T22:00,bcl,Big Cliff,8.03,3.55,4.48,1187.9,1116.12,71.78,19.4
2023-01-10,24,2023-01-10T23:00,bcl,Big Cliff,8.05,3.56,4.49,1188.05,1116.19,71.86,19.5
2023-01-11,1,2023-01-11T00:00,bcl,Big Cliff,8.0,3.54,4.46,1187.61,1116.33,71.28,19.3
2023-01-11,2,2023-01-11T01:00,bcl,Big Cliff,7.94,3.52,4.42,1187.18,1116.18,71.0,19.1
2023-01-11,3,2023-01-11T02:00,bcl,Big Cliff,7.94,3.54,4.4,1186.87,1116.24,70.63,19.1
2023-01-11,4,2023-01-11T03:00,bcl,Big Cliff,7.89,3.52,4.37,1186.59,1116.16,70.43,18.9
2023-01-11,5,2023-01-11T04:00,bcl,Big Cliff,7.89,3.54,4.35,1186.35,1116.11,70.24,19.0
2023-01-11,6,2023-01-11T05:00,bcl,Big Cliff,7.84,3.51,4.33,1186.11,1116.26,69.85,18.7
2023-01-11,7,2023-01-11T06:00,bcl,Big Cliff,7.84,3.53,4.31,1185.89,1116.14,69.75,18.8
2023-01-11,8,2023-01-11T07:00,bcl,Big Cliff,7.58,3.29,4.29,1185.74,1116.21,69.53,17.5
2023-01-11,9,2023-01-11T08:00,bcl,Big Cliff,7.55,3.47,4.08,1185.78,1116.09,69.69,18.5
2023-01-11,10,2023-01-11T09:00,bcl,Big Cliff,7.32,3.24,4.08,1185.81,1115.86,69.95,17.3
2023-01-11,11,2023-01-11T10:00,bcl,Big Cliff,7.04,3.38,3.66,1185.89,1115.63,70.26,18.1
2023-01-11,12,2023-01-11T11:00,bcl,Big Cliff,6.97,3.4,3.57,1186.16,1115.21,70.95,18.4
2023-01-11,13,2023-01-11T12:00,bcl,Big Cliff,6.5,3.45,3.05,1186.91,1115.12,71.79,18.9
2023-01-11,14,2023-01-11T13:00,bcl,Big Cliff,6.52,3.44,3.08,1187.6,1115.16,72.44,19.0
2023-01-11,15,2023-01-11T14:00,bcl,Big Cliff,6.56,3.44,3.12,1188.24,1115.3,72.94,19.1
2023-01-11,16,2023-01-11T15:00,bcl,Big Cliff,6.47,3.43,3.04,1188.93,1115.2,73.73,19.3
2023-01-11,17,2023-01-11T16:00,bcl,Big Cliff,6.52,3.44,3.08,1189.56,1115.19,74.37,19.5
2023-01-11,18,2023-01-11T17:00,bcl,Big Cliff,6.56,3.44,3.12,1190.15,1115.26,74.89,19.7
2023-01-11,19,2023-01-11T18:00,bcl,Big Cliff,6.59,3.45,3.14,1190.7,1115.23,75.47,19.9
2023-01-11,20,2023-01-11T19:00,bcl,Big Cliff,6.61,3.44,3.17,1191.2,1115.33,75.87,19.9
2023-01-11,21,2023-01-11T20:00,bcl,Big Cliff,6.65,3.46,3.19,1191.65,1115.31,76.34,20.2
2023-01-11,22,2023-01-11T21:00,bcl,Big Cliff,6.47,3.46,3.01,1192.25,1115.09,77.16,20.4
2023-01-11,23,2023-01-11T22:00,bcl,Big Cliff,6.5,3.46,3.04,1192.83,1115.24,77.59,20.5
2023-01-11,24,2023-01-11T23:00,bcl,Big Cliff,6.54,3.48,3.06,1193.36,1115.22,78.14,20.7
2023-01-12,1,2023-01-12T00:00,bcl,Big Cliff,6.5,3.48,3.02,1192.38,1115.19,77.19,20.5
2023-01-12,2,2023-01-12T01:00,bcl,Big Cliff,6.43,3.46,2.97,1191.31,1115.08,76.23,20.1
2023-01-12,3,2023-01-12T02:00,bcl,Big Cliff,6.41,3.47,2.94,1190.67,1115.06,75.61,20.0
2023-01-12,4,2023-01-12T03:00,bcl,Big Cliff,6.34,3.43,2.91,1190.14,1115.01,75.13,19.7
2023-01-12,5,2023-01-12T04:00,bcl,Big Cliff,6.34,3.46,2.88,1189.53,1115.04,74.49,19.7
2023-01-12,6,2023-01-12T05:00,bcl,Big Cliff,6.3,3.45,2.85,1188.94,1114.97,73.97,19.5
2023-01-12,7,2023-01-12T06:00,bcl,Big Cliff,6.28,3.47,2.81,1188.36,1114.95,73.41,19.4
2023-01-12,8,2023-01-12T07:00,bcl,Big Cliff,5.95,3.41,2.54,1187.8,1114.64,73.16,19.0
2023-01-12,9,2023-01-12T08:00,bcl,Big Cliff,5.93,3.41,2.52,1187.43,1114.59,72.84,19.0
2023-01-12,10,2023-01-12T09:00,bcl,Big Cliff,5.66,3.38,2.28,1187.21,1114.3,72.91,18.8
2023-01-12,11,2023-01-12T10:00,bcl,Big Cliff,5.43,3.37,2.06,1187.27,1114.09,73.18,18.8
2023-01-12,12,2023-01-12T11:00,bcl,Big Cliff,5.18,3.34,1.84,1187.45,1113.84,73.61,18.8
2023-01-12,13,2023-01-12T12:00,bcl,Big Cliff,5.08,3.35,1.73,1187.71,1113.72,73.99,18.9
2023-01-12,14,2023-01-12T13:00,bcl,Big Cliff,5.08,3.35,1.73,1187.98,1113.74,74.24,19.0
2023-01-12,15,2023-01-12T14:00,bcl,Big Cliff,5.12,3.37,1.75,1188.26,1113.75,74.51,19.2
2023-01-12,16,2023-01-12T15:00,bcl,Big Cliff,5.1,3.34,1.76,1188.54,1113.72,74.82,19.1
2023-01-12,17,2023-01-12T16:00,bcl,Big Cliff,5.04,3.27,1.77,1188.87,1113.68,75.19,18.8
2023-01-12,18,2023-01-12T17:00,bcl,Big Cliff,5.04,3.26,1.78,1189.2,1113.72,75.48,18.8
2023-01-12,19,2023-01-12T18:00,bcl,Big Cliff,5.02,3.22,1.8,1189.53,1113.7,75.83,18.6
2023-01-12,20,2023-01-12T19:00,bcl,Big Cliff,5.04,3.23,1.81,1189.84,1113.76,76.08,18.7
2023-01-12,21,2023-01-12T20:00,bcl,Big Cliff,5.04,3.22,1.82,1190.15,1113.74,76.41,18.8
2023-01-12,22,2023-01-12T21:00,bcl,Big Cliff,5.06,3.24,1.82,1190.41,1113.74,76.67,19.0
2023-01-12,23,2023-01-12T22:00,bcl,Big Cliff,5.02,3.25,1.77,1188.87,1113.62,75.25,18.7
2023-01-12,24,2023-01-12T23:00,bcl,Big Cliff,4.94,3.22,1.72,1187.24,1113.58,73.66,18.1
2023-01-13,1,2023-01-13T00:00,bcl,Big Cliff,4.92,3.2,1.72,1187.03,1113.62,73.41,17.9
2023-01-13,2,2023-01-13T01:00,bcl,Big Cliff,4.94,3.23,1.71,1186.93,1113.62,73.31,18.1
2023-01-13,3,2023-01-13T02:00,bcl,Big Cliff,4.94,3.23,1.71,1186.93,1113.62,73.31,18.1
2023-01-13,4,2023-01-13T03:00,bcl,Big Cliff,4.94,3.23,1.71,1186.92,1113.59,73.33,18.1
2023-01-13,5,2023-01-13T04:00,bcl,Big Cliff,4.94,3.23,1.71,1186.89,1113.59,73.3,18.1
2023-01-13,6,2023-01-13T05:00,bcl,Big Cliff,4.87,3.27,1.6,1186.89,1113.42,73.47,18.3
2023-01-13,7,2023-01-13T06:00,bcl,Big Cliff,4.73,3.25,1.48,1187.01,1113.3,73.71,18.3
2023-01-13,8,2023-01-13T07:00,bcl,Big Cliff,4.58,3.23,1.35,1187.23,1113.18,74.05,18.2
2023-01-13,9,2023-01-13T08:00,bcl,Big Cliff,4.39,3.24,1.15,1187.28,1112.96,74.32,18.4
2023-01-13,10,2023-01-13T09:00,bcl,Big Cliff,4.17,3.2,0.97,1187.53,1112.74,74.79,18.3
2023-01-13,11,2023-01-13T10:00,bcl,Big Cliff,4.16,3.24,0.92,1187.89,1112.68,75.21,18.6
2023-01-13,12,2023-01-13T11:00,bcl,Big Cliff,4.16,3.23,0.93,1188.29,1112.72,75.57,18.6
2023-01-13,13,2023-01-13T12:00,bcl,Big Cliff,4.16,3.22,0.94,1188.65,1112.73,75.92,18.7
2023-01-13,14,2023-01-13T13:00,bcl,Big Cliff,4.17,3.22,0.95,1189.02,1112.74,76.28,18.7
2023-01-13,15,2023-01-13T14:00,bcl,Big Cliff,4.16,3.25,0.91,1189.4,1112.7,76.7,19.0
2023-01-13,16,2023-01-13T15:00,bcl,Big Cliff,4.17,3.29,0.88,1188.07,1112.68,75.39,18.9
2023-01-13,17,2023-01-13T16:00,bcl,Big Cliff,4.12,3.26,0.86,1186.47,1112.67,73.8,18.4
2023-01-13,18,2023-01-13T17:00,bcl,Big Cliff,4.1,3.24,0.86,1186.71,1112.62,74.09,18.3
2023-01-13,19,2023-01-13T18:00,bcl,Big Cliff,4.12,3.25,0.87,1187.17,1112.6,74.57,18.5
2023-01-13,20,2023-01-13T19:00,bcl,Big Cliff,4.12,3.25,0.87,1187.58,1112.64,74.94,18.6
2023-01-13,21,2023-01-13T20:00,bcl,Big Cliff,4.14,3.26,0.88,1187.99,1112.67,75.32,18.7
2023-01-13,22,2023-01-13T21:00,bcl,Big Cliff,4.14,3.26,0.88,1188.39,1112.67,75.72,18.8
2023-01-13,23,2023-01-13T22:00,bcl,Big Cliff,4.16,3.27,0.89,1188.76,1112.7,76.06,19.0
2023-01-13,24,2023-01-13T23:00,bcl,Big Cliff,4.16,3.26,0.9,1189.13,1112.67,76.46,19.0
2023-01-14,1,2023-01-14T00:00,bcl,Big Cliff,4.17,3.28,0.89,1189.49,1112.68,76.81,19.2
2023-01-14,2,2023-01-14T01:00,bcl,Big Cliff,4.17,3.27,0.9,1189.84,1112.71,77.13,19.2
2023-01-14,3,2023-01-14T02:00,bcl,Big Cliff,4.17,3.26,0.91,1190.22,1112.7,77.52,19.3
2023-01-14,4,2023-01-14T03:00,bcl,Big Cliff,4.19,3.28,0.91,1190.56,1112.74,77.82,19.5
2023-01-14,5,2023-01-14T04:00,bcl,Big Cliff,4.21,3.3,0.91,1190.9,1112.77,78.13,19.7
2023-01-14,6,2023-01-14T05:00,bcl,Big Cliff,4.21,3.29,0.92,1191.24,1112.79,78.45,19.7
2023-01-14,7,2023-01-14T06:00,bcl,Big Cliff,4.23,3.3,0.93,1191.56,1112.75,78.81,19.8
2023-01-14,8,2023-01-14T07:00,bcl,Big Cliff,4.23,3.3,0.93,1191.86,1112.78,79.08,19.9
2023-01-14,9,2023-01-14T08:00,bcl,Big Cliff,4.23,3.29,0.94,1192.15,1112.77,79.38,19.9
2023-01-14,10,2023-01-14T09:00,bcl,Big Cliff,4.23,3.29,0.94,1192.42,1112.79,79.63,20.0
2023-01-14,11,2023-01-14T10:00,bcl,Big Cliff,4.23,3.29,0.94,1192.69,1112.8,79.89,20.1
2023-01-14,12,2023-01-14T11:00,bcl,Big Cliff,4.21,3.29,0.92,1191.38,1112.75,78.63,19.7
2023-01-14,13,2023-01-14T12:00,bcl,Big Cliff,4.17,3.27,0.9,1189.8,1112.75,77.05,19.2
2023-01-14,14,2023-01-14T13:00,bcl,Big Cliff,4.16,3.29,0.87,1188.25,1112.68,75.57,19.0
2023-01-14,15,2023-01-14T14:00,bcl,Big Cliff,4.12,3.27,0.85,1186.7,1112.62,74.08,18.5
2023-01-14,16,2023-01-14T15:00,bcl,Big Cliff,4.1,3.25,0.85,1186.97,1112.64,74.33,18.4
2023-01-14,17,2023-01-14T16:00,bcl,Big Cliff,4.12,3.26,0.86,1187.4,1112.63,74.77,18.6
2023-01-14,18,2023-01-14T17:00,bcl,Big Cliff,4.12,3.26,0.86,1187.81,1112.65,75.16,18.7
2023-01-14,19,2023-01-14T18:00,bcl,Big Cliff,4.14,3.27,0.87,1188.22,1112.69,75.53,18.8
2023-01-14,20,2023-01-14T19:00,bcl,Big Cliff,4.14,3.26,0.88,1188.58,1112.71,75.87,18.9
2023-01-14,21,2023-01-14T20:00,bcl,Big Cliff,4.14,3.26,0.88,1188.94,1112.69,76.25,19.0
2023-01-14,22,2023-01-14T21:00,bcl,Big Cliff,4.17,3.28,0.89,1189.3,1112.71,76.59,19.2
2023-01-14,23,2023-01-14T22:00,bcl,Big Cliff,4.17,3.27,0.9,1189.65,1112.68,76.97,19.2
2023-01-14,24,2023-01-14T23:00,bcl,Big Cliff,4.17,3.27,0.9,1189.99,1112.68,77.31,19.3
2023-01-15,1,2023-01-15T00:00,bcl,Big Cliff,4.17,3.26,0.91,1190.29,1112.75,77.54,19.3
2023-01-15,2,2023-01-15T01:00,bcl,Big Cliff,4.19,3.28,0.91,1190.6,1112.8,77.8,19.5
2023-01-15,3,2023-01-15T02:00,bcl,Big Cliff,4.19,3.28,0.91,1190.88,1112.8,78.08,19.5
2023-01-15,4,2023-01-15T03:00,bcl,Big Cliff,4.21,3.29,0.92,1191.16,1112.82,78.34,19.7
2023-01-15,5,2023-01-15T04:00,bcl,Big Cliff,4.23,3.31,0.92,1191.45,1112.79,78.66,19.9
2023-01-15,6,2023-01-15T05:00,bcl,Big Cliff,4.23,3.3,0.93,1191.74,1112.8,78.94,19.9
2023-01-15,7,2023-01-15T06:00,bcl,Big Cliff,4.23,3.29,0.94,1192.01,1112.8,79.21,19.9
2023-01-15,8,2023-01-15T07:00,bcl,Big Cliff,4.23,3.29,0.94,1192.29,1112.78,79.51,20.0
2023-01-15,9,2023-01-15T08:00,bcl,Big Cliff,4.25,3.31,0.94,1192.55,1112.84,79.71,20.1
2023-01-15,10,2023-01-15T09:00,bcl,Big Cliff,4.25,3.31,0.94,1192.79,1112.81,79.98,20.2
2023-01-15,11,2023-01-15T10:00,bcl,Big Cliff,4.21,3.29,0.92,1191.3,1112.77,78.53,19.7
2023-01-15,12,2023-01-15T11:00,bcl,Big Cliff,4.17,3.27,0.9,1189.78,1112.7,77.08,19.2
2023-01-15,13,2023-01-15T12:00,bcl,Big Cliff,4.14,3.27,0.87,1188.24,1112.69,75.55,18.8
2023-01-15,14,2023-01-15T13:00,bcl,Big Cliff,4.1,3.25,0.85,1186.69,1112.63,74.06,18.4
2023-01-15,15,2023-01-15T14:00,bcl,Big Cliff,4.1,3.24,0.86,1187.11,1112.67,74.44,18.4
2023-01-15,16,2023-01-15T15:00,bcl,Big Cliff,4.12,3.26,0.86,1187.56,1112.65,74.91,18.6
2023-01-15,17,2023-01-15T16:00,bcl,Big Cliff,4.12,3.26,0.86,1188.0,1112.69,75.31,18.7
2023-01-15,18,2023-01-15T17:00,bcl,Big Cliff,4.14,3.27,0.87,1188.42,1112.64,75.78,18.9
2023-01-15,19,2023-01-15T18:00,bcl,Big Cliff,4.16,3.28,0.88,1188.81,1112.68,76.13,19.1
2023-01-15,20,2023-01-15T19:00,bcl,Big Cliff,4.16,3.27,0.89,1189.18,1112.7,76.48,19.1
2023-01-15,21,2023-01-15T20:00,bcl,Big Cliff,4.16,3.26,0.9,1189.54,1112.69,76.85,19.1
2023-01-15,22,2023-01-15T21:00,bcl,Big Cliff,4.17,3.27,0.9,1189.89,1112.74,77.15,19.2
2023-01-15,23,2023-01-15T22:00,bcl,Big Cliff,4.17,3.26,0.91,1190.24,1112.69,77.55,19.3
2023-01-15,24,2023-01-15T23:00,bcl,Big Cliff,4.19,3.28,0.91,1190.57,1112.74,77.83,19.5
2023-01-16,1,2023-01-16T00:00,bcl,Big Cliff,4.21,3.28,0.93,1190.9,1112.78,78.12,19.6
2023-01-16,2,2023-01-16T01:00,bcl,Big Cliff,4.21,3.28,0.93,1191.2,1112.79,78.41,19.6
2023-01-16,3,2023-01-16T02:00,bcl,Big Cliff,4.23,3.29,0.94,1191.51,1112.76,78.75,19.8
2023-01-16,4,2023-01-16T03:00,bcl,Big Cliff,4.23,3.29,0.94,1191.81,1112.77,79.04,19.8
2023-01-16,5,2023-01-16T04:00,bcl,Big Cliff,4.23,3.28,0.95,1192.1,1112.8,79.3,19.8
2023-01-16,6,2023-01-16T05:00,bcl,Big Cliff,4.25,3.3,0.95,1192.38,1112.81,79.57,20.0
2023-01-16,7,2023-01-16T06:00,bcl,Big Cliff,4.25,3.3,0.95,1192.63,1112.82,79.81,20.1
2023-01-16,8,2023-01-16T07:00,bcl,Big Cliff,4.25,3.29,0.96,1192.88,1112.84,80.04,20.1
2023-01-16,9,2023-01-16T08:00,bcl,Big Cliff,4.21,3.27,0.94,1191.38,1112.78,78.6,19.6
2023-01-16,10,2023-01-16T09:00,bcl,Big Cliff,4.17,3.26,0.91,1189.84,1112.7,77.14,19.2
2023-01-16,11,2023-01-16T10:00,bcl,Big Cliff,4.14,3.26,0.88,1188.27,1112.63,75.64,18.8
2023-01-16,12,2023-01-16T11:00,bcl,Big Cliff,4.12,3.26,0.86,1186.77,1112.65,74.12,18.4
2023-01-16,13,2023-01-16T12:00,bcl,Big Cliff,4.1,3.23,0.87,1187.05,1112.65,74.4,18.3
2023-01-16,14,2023-01-16T13:00,bcl,Big Cliff,4.12,3.25,0.87,1187.47,1112.64,74.83,18.6
2023-01-16,15,2023-01-16T14:00,bcl,Big Cliff,4.14,3.26,0.88,1187.88,1112.66,75.22,18.7
2023-01-16,16,2023-01-16T15:00,bcl,Big Cliff,4.14,3.26,0.88,1188.27,1112.63,75.64,18.8
2023-01-16,17,2023-01-16T16:00,bcl,Big Cliff,4.16,3.27,0.89,1188.63,1112.73,75.9,18.9
2023-01-16,18,2023-01-16T17:00,bcl,Big Cliff,4.16,3.26,0.9,1188.97,1112.69,76.28,19.0
2023-01-16,19,2023-01-16T18:00,bcl,Big Cliff,4.16,3.26,0.9,1189.29,1112.7,76.59,19.1
2023-01-16,20,2023-01-16T19:00,bcl,Big Cliff,4.16,3.25,0.91,1189.6,1112.7,76.9,19.1
2023-01-16,21,2023-01-16T20:00,bcl,Big Cliff,4.17,3.25,0.92,1189.9,1112.71,77.19,19.1
2023-01-16,22,2023-01-16T21:00,bcl,Big Cliff,4.17,3.25,0.92,1190.22,1112.76,77.46,19.2
2023-01-16,23,2023-01-16T22:00,bcl,Big Cliff,4.19,3.27,0.92,1190.54,1112.75,77.79,19.4
2023-01-16,24,2023-01-16T23:00,bcl,Big Cliff,4.19,3.26,0.93,1190.85,1112.74,78.11,19.4
2023-01-17,1,2023-01-17T00:00,bcl,Big Cliff,4.19,3.26,0.93,1191.15,1112.76,78.39,19.5
2023-01-17,2,2023-01-17T01:00,bcl,Big Cliff,4.21,3.27,0.94,1191.44,1112.73,78.71,19.6
2023-01-17,3,2023-01-17T02:00,bcl,Big Cliff,4.23,3.29,0.94,1191.72,1112.77,78.95,19.8
2023-01-17,4,2023-01-17T03:00,bcl,Big Cliff,4.23,3.28,0.95,1192.0,1112.76,79.24,19.8
2023-01-17,5,2023-01-17T04:00,bcl,Big Cliff,4.25,3.3,0.95,1192.25,1112.81,79.44,20.0
2023-01-17,6,2023-01-17T05:00,bcl,Big Cliff,4.23,3.28,0.95,1192.51,1112.82,79.69,19.9
2023-01-17,7,2023-01-17T06:00,bcl,Big Cliff,4.25,3.29,0.96,1192.76,1112.81,79.95,20.1
2023-01-17,8,2023-01-17T07:00,bcl,Big Cliff,4.19,3.26,0.93,1191.21,1112.74,78.47,19.5
2023-01-17,9,2023-01-17T08:00,bcl,Big Cliff,4.17,3.26,0.91,1189.64,1112.73,76.91,19.1
2023-01-17,10,2023-01-17T09:00,bcl,Big Cliff,4.16,3.28,0.88,1188.08,1112.71,75.37,18.9
2023-01-17,11,2023-01-17T10:00,bcl,Big Cliff,4.09,3.23,0.86,1186.5,1112.6,73.9,18.2
2023-01-17,12,2023-01-17T11:00,bcl,Big Cliff,4.1,3.25,0.85,1186.3,1112.59,73.71,18.3
2023-01-17,13,2023-01-17T12:00,bcl,Big Cliff,4.09,3.23,0.86,1186.77,1112.65,74.12,18.3
2023-01-17,14,2023-01-17T13:00,bcl,Big Cliff,4.1,3.23,0.87,1187.2,1112.68,74.52,18.4
2023-01-17,15,2023-01-17T14:00,bcl,Big Cliff,4.12,3.25,0.87,1187.62,1112.64,74.98,18.6
2023-01-17,16,2023-01-17T15:00,bcl,Big Cliff,4.14,3.26,0.88,1188.03,1112.71,75.32,18.7
2023-01-17,17,2023-01-17T16:00,bcl,Big Cliff,4.14,3.26,0.88,1188.41,1112.69,75.72,18.8
2023-01-17,18,2023-01-17T17:00,bcl,Big Cliff,4.16,3.27,0.89,1188.79,1112.75,76.04,19.0
2023-01-17,19,2023-01-17T18:00,bcl,Big Cliff,4.16,3.26,0.9,1189.13,1112.67,76.46,19.0
2023-01-17,20,2023-01-17T19:00,bcl,Big Cliff,4.16,3.25,0.91,1189.45,1112.71,76.74,19.0
2023-01-17,21,2023-01-17T20:00,bcl,Big Cliff,4.17,3.26,0.91,1189.8,1112.68,77.12,19.2
2023-01-17,22,2023-01-17T21:00,bcl,Big Cliff,4.19,3.27,0.92,1190.12,1112.76,77.36,19.3
2023-01-17,23,2023-01-17T22:00,bcl,Big Cliff,4.19,3.27,0.92,1190.43,1112.73,77.7,19.4
2023-01-17,24,2023-01-17T23:00,bcl,Big Cliff,4.19,3.27,0.92,1190.73,1112.73,78.0,19.5
2023-01-18,1,2023-01-18T00:00,bcl,Big Cliff,4.21,3.28,0.93,1191.04,1112.76,78.28,19.6
2023-01-18,2,2023-01-18T01:00,bcl,Big Cliff,4.23,3.3,0.93,1191.33,1112.77,78.56,19.8
2023-01-18,3,2023-01-18T02:00,bcl,Big Cliff,4.21,3.27,0.94,1191.6,1112.77,78.83,19.7
2023-01-18,4,2023-01-18T03:00,bcl,Big Cliff,4.21,3.27,0.94,1191.87,1112.8,79.07,19.7
2023-01-18,5,2023-01-18T04:00,bcl,Big Cliff,4.23,3.28,0.95,1192.13,1112.82,79.31,19.8
2023-01-18,6,2023-01-18T05:00,bcl,Big Cliff,4.23,3.28,0.95,1192.4,1112.75,79.65,19.9
2023-01-18,7,2023-01-18T06:00,bcl,Big Cliff,4.16,3.21,0.95,1192.71,1112.7,80.01,19.6
2023-01-18,8,2023-01-18T07:00,bcl,Big Cliff,4.03,3.07,0.96,1193.07,1112.6,80.47,18.8
2023-01-18,9,2023-01-18T08:00,bcl,Big Cliff,3.81,2.84,0.97,1193.6,1112.36,81.24,17.6
2023-01-18,10,2023-01-18T09:00,bcl,Big Cliff,3.68,2.72,0.96,1193.08,1112.24,80.84,16.8
2023-01-18,11,2023-01-18T10:00,bcl,Big Cliff,3.47,2.52,0.95,1192.13,1111.97,80.16,15.4
2023-01-18,12,2023-01-18T11:00,bcl,Big Cliff,3.45,2.5,0.95,1192.23,1111.98,80.25,15.3
2023-01-18,13,2023-01-18T12:00,bcl,Big Cliff,3.47,2.51,0.96,1193.21,1112.0,81.21,15.6
2023-01-18,14,2023-01-18T13:00,bcl,Big Cliff,3.47,2.49,0.98,1194.17,1112.0,82.17,15.6
2023-01-18,15,2023-01-18T14:00,bcl,Big Cliff,3.49,2.5,0.99,1195.09,1112.04,83.05,15.8
2023-01-18,16,2023-01-18T15:00,bcl,Big Cliff,3.5,2.5,1.0,1195.96,1112.05,83.91,16.0
2023-01-18,17,2023-01-18T16:00,bcl,Big Cliff,3.5,2.51,0.99,1195.17,1112.04,83.13,15.9
2023-01-18,18,2023-01-18T17:00,bcl,Big Cliff,3.47,2.49,0.98,1194.24,1111.98,82.26,15.6
2023-01-18,19,2023-01-18T18:00,bcl,Big Cliff,3.43,2.47,0.96,1193.29,1111.93,81.36,15.3
2023-01-18,20,2023-01-18T19:00,bcl,Big Cliff,3.42,2.47,0.95,1192.37,1111.93,80.44,15.2
2023-01-18,21,2023-01-18T20:00,bcl,Big Cliff,3.38,2.44,0.94,1191.44,1111.89,79.55,14.8
2023-01-18,22,2023-01-18T21:00,bcl,Big Cliff,3.36,2.44,0.92,1190.5,1111.89,78.61,14.6
2023-01-18,23,2023-01-18T22:00,bcl,Big Cliff,3.36,2.44,0.92,1189.58,1111.82,77.76,14.5
2023-01-18,24,2023-01-18T23:00,bcl,Big Cliff,3.33,2.44,0.89,1188.65,1111.82,76.83,14.3
2023-01-19,1,2023-01-19T00:00,bcl,Big Cliff,3.31,2.43,0.88,1187.87,1111.8,76.07,14.1
2023-01-19,2,2023-01-19T01:00,bcl,Big Cliff,3.4,2.53,0.87,1187.32,1111.88,75.44,14.6
2023-01-19,3,2023-01-19T02:00,bcl,Big Cliff,3.38,2.52,0.86,1186.76,1111.86,74.9,14.4
2023-01-19,4,2023-01-19T03:00,bcl,Big Cliff,3.36,2.51,0.85,1186.2,1111.87,74.33,14.2
2023-01-19,5,2023-01-19T04:00,bcl,Big Cliff,3.38,2.54,0.84,1185.65,1111.89,73.76,14.3
2023-01-19,6,2023-01-19T05:00,bcl,Big Cliff,3.4,2.56,0.84,1185.11,1111.87,73.24,14.3
2023-01-19,7,2023-01-19T06:00,bcl,Big Cliff,3.42,2.56,0.86,1186.58,1111.91,74.67,14.6
2023-01-19,8,2023-01-19T07:00,bcl,Big Cliff,3.42,2.54,0.88,1188.11,1111.94,76.17,14.8
2023-01-19,9,2023-01-19T08:00,bcl,Big Cliff,3.35,3.35,0.0,1187.6,1111.52,76.08,19.4
2023-01-19,10,2023-01-19T09:00,bcl,Big Cliff,3.1,3.1,0.0,1187.07,1111.49,75.58,17.9
2023-01-19,11,2023-01-19T10:00,bcl,Big Cliff,3.05,3.05,0.0,1186.52,1111.41,75.11,17.5
2023-01-19,12,2023-01-19T11:00,bcl,Big Cliff,2.9,2.9,0.0,1186.1,1111.1,75.0,16.6
2023-01-19,13,2023-01-19T12:00,bcl,Big Cliff,2.78,2.78,0.0,1185.81,1111.01,74.8,15.9
2023-01-19,14,2023-01-19T13:00,bcl,Big Cliff,2.72,2.72,0.0,1185.55,1110.92,74.63,15.5
2023-01-19,15,2023-01-19T14:00,bcl,Big Cliff,2.72,2.72,0.0,1185.31,1110.91,74.4,15.4
2023-01-19,16,2023-01-19T15:00,bcl,Big Cliff,2.72,2.72,0.0,1185.08,1110.93,74.15,15.4
2023-01-19,17,2023-01-19T16:00,bcl,Big Cliff,2.72,2.72,0.0,1187.21,1110.95,76.26,15.8
2023-01-19,18,2023-01-19T17:00,bcl,Big Cliff,2.73,2.73,0.0,1189.4,1110.98,78.42,16.3
2023-01-19,19,2023-01-19T18:00,bcl,Big Cliff,2.73,2.73,0.0,1189.67,1111.02,78.65,16.4
2023-01-19,20,2023-01-19T19:00,bcl,Big Cliff,2.73,2.73,0.0,1189.72,1111.02,78.7,16.4
2023-01-19,21,2023-01-19T20:00,bcl,Big Cliff,2.73,2.73,0.0,1189.8,1111.02,78.78,16.4
2023-01-19,22,2023-01-19T21:00,bcl,Big Cliff,2.73,2.73,0.0,1189.88,1111.04,78.84,16.4
2023-01-19,23,2023-01-19T22:00,bcl,Big Cliff,2.72,2.72,0.0,1189.95,1111.0,78.95,16.4
2023-01-19,24,2023-01-19T23:00,bcl,Big Cliff,2.72,2.72,0.0,1189.8,1110.97,78.83,16.4
2023-01-20,1,2023-01-20T00:00,bcl,Big Cliff,2.72,2.72,0.0,1189.48,1110.97,78.51,16.3
2023-01-20,2,2023-01-20T01:00,bcl,Big Cliff,2.72,2.72,0.0,1189.19,1111.0,78.19,16.2
2023-01-20,3,2023-01-20T02:00,bcl,Big Cliff,2.72,2.72,0.0,1188.88,1110.98,77.9,16.2
2023-01-20,4,2023-01-20T03:00,bcl,Big Cliff,2.72,2.72,0.0,1188.51,1110.97,77.54,16.1
2023-01-20,5,2023-01-20T04:00,bcl,Big Cliff,2.72,2.72,0.0,1188.12,1110.97,77.15,16.0
2023-01-20,6,2023-01-20T05:00,bcl,Big Cliff,2.72,2.72,0.0,1187.73,1110.93,76.8,15.9
2023-01-20,7,2023-01-20T06:00,bcl,Big Cliff,2.7,2.7,0.0,1187.33,1110.96,76.37,15.7
2023-01-20,8,2023-01-20T07:00,bcl,Big Cliff,2.69,2.69,0.0,1186.71,1110.91,75.8,15.6
2023-01-20,9,2023-01-20T08:00,bcl,Big Cliff,2.57,2.57,0.0,1186.42,1110.76,75.66,14.8
2023-01-20,10,2023-01-20T09:00,bcl,Big Cliff,2.52,2.52,0.0,1186.33,1110.57,75.76,14.6
2023-01-20,11,2023-01-20T10:00,bcl,Big Cliff,2.3,2.3,0.0,1186.41,1110.42,75.99,13.3
2023-01-20,12,2023-01-20T11:00,bcl,Big Cliff,2.19,2.19,0.0,1186.59,1110.23,76.36,12.8
2023-01-20,13,2023-01-20T12:00,bcl,Big Cliff,2.16,2.16,0.0,1186.84,1110.22,76.62,12.6
2023-01-20,14,2023-01-20T13:00,bcl,Big Cliff,2.17,2.17,0.0,1187.09,1110.24,76.85,12.7
2023-01-20,15,2023-01-20T14:00,bcl,Big Cliff,2.16,2.16,0.0,1187.33,1110.22,77.11,12.7
2023-01-20,16,2023-01-20T15:00,bcl,Big Cliff,2.19,2.19,0.0,1187.57,1110.31,77.26,12.9
2023-01-20,17,2023-01-20T16:00,bcl,Big Cliff,2.17,2.17,0.0,1187.19,1110.25,76.94,12.7
2023-01-20,18,2023-01-20T17:00,bcl,Big Cliff,2.17,2.17,0.0,1187.27,1110.22,77.05,12.8
2023-01-20,19,2023-01-20T18:00,bcl,Big Cliff,2.16,2.16,0.0,1187.37,1110.26,77.11,12.7
2023-01-20,20,2023-01-20T19:00,bcl,Big Cliff,2.12,2.12,0.0,1187.5,1110.22,77.28,12.5
2023-01-20,21,2023-01-20T20:00,bcl,Big Cliff,2.12,2.12,0.0,1187.63,1110.21,77.42,12.5
2023-01-20,22,2023-01-20T21:00,bcl,Big Cliff,2.12,2.12,0.0,1187.77,1110.2,77.57,12.5
2023-01-20,23,2023-01-20T22:00,bcl,Big Cliff,2.11,2.11,0.0,1187.92,1110.18,77.74,12.5
2023-01-20,24,2023-01-20T23:00,bcl,Big Cliff,2.11,2.11,0.0,1188.07,1110.21,77.86,12.5
2023-01-21,1,2023-01-21T00:00,bcl,Big Cliff,2.11,2.11,0.0,1188.21,1110.18,78.03,12.6
2023-01-21,2,2023-01-21T01:00,bcl,Big Cliff,2.11,2.11,0.0,1188.35,1110.16,78.19,12.6
2023-01-21,3,2023-01-21T02:00,bcl,Big Cliff,2.11,2.11,0.0,1188.51,1110.2,78.31,12.6
2023-01-21,4,2023-01-21T03:00,bcl,Big Cliff,2.12,2.12,0.0,1188.62,1110.21,78.41,12.7
2023-01-21,5,2023-01-21T04:00,bcl,Big Cliff,2.12,2.12,0.0,1188.77,1110.21,78.56,12.7
2023-01-21,6,2023-01-21T05:00,bcl,Big Cliff,2.12,2.12,0.0,1188.87,1110.24,78.63,12.7
2023-01-21,7,2023-01-21T06:00,bcl,Big Cliff,2.12,2.12,0.0,1189.01,1110.21,78.8,12.7
2023-01-21,8,2023-01-21T07:00,bcl,Big Cliff,2.08,2.08,0.0,1189.2,1110.18,79.02,12.5
2023-01-21,9,2023-01-21T08:00,bcl,Big Cliff,2.09,2.09,0.0,1189.55,1110.18,79.37,12.7
2023-01-21,10,2023-01-21T09:00,bcl,Big Cliff,2.03,2.03,0.0,1189.84,1110.06,79.78,12.4
2023-01-21,11,2023-01-21T10:00,bcl,Big Cliff,1.98,1.98,0.0,1190.19,1110.0,80.19,12.1
2023-01-21,12,2023-01-21T11:00,bcl,Big Cliff,1.99,1.99,0.0,1190.59,1110.0,80.59,12.2
2023-01-21,13,2023-01-21T12:00,bcl,Big Cliff,1.9,1.9,0.0,1191.04,1109.93,81.11,11.8
2023-01-21,14,2023-01-21T13:00,bcl,Big Cliff,1.81,1.81,0.0,1191.54,1109.83,81.71,11.3
2023-01-21,15,2023-01-21T14:00,bcl,Big Cliff,1.77,1.77,0.0,1192.1,1109.78,82.32,11.1
2023-01-21,16,2023-01-21T15:00,bcl,Big Cliff,1.75,1.75,0.0,1192.65,1109.78,82.87,11.1
2023-01-21,17,2023-01-21T16:00,bcl,Big Cliff,1.74,1.74,0.0,1193.05,1109.75,83.3,11.1
2023-01-21,18,2023-01-21T17:00,bcl,Big Cliff,1.74,1.74,0.0,1193.5,1109.76,83.74,11.1
2023-01-21,19,2023-01-21T18:00,bcl,Big Cliff,1.74,1.74,0.0,1193.92,1109.71,84.21,11.2
2023-01-21,20,2023-01-21T19:00,bcl,Big Cliff,1.74,1.74,0.0,1194.35,1109.75,84.6,11.2
2023-01-21,21,2023-01-21T20:00,bcl,Big Cliff,1.74,1.74,0.0,1194.78,1109.79,84.99,11.3
2023-01-21,22,2023-01-21T21:00,bcl,Big Cliff,1.75,1.75,0.0,1195.18,1109.84,85.34,11.4
2023-01-21,23,2023-01-21T22:00,bcl,Big Cliff,1.75,1.75,0.0,1195.6,1109.74,85.86,11.5
2023-01-21,24,2023-01-21T23:00,bcl,Big Cliff,1.75,1.75,0.0,1196.01,1109.74,86.27,11.5
2023-01-22,1,2023-01-22T00:00,bcl,Big Cliff,1.77,1.77,0.0,1196.4,1109.81,86.59,11.7
2023-01-22,2,2023-01-22T01:00,bcl,Big Cliff,1.77,1.77,0.0,1196.78,1109.77,87.01,11.8
2023-01-22,3,2023-01-22T02:00,bcl,Big Cliff,1.77,1.77,0.0,1197.18,1109.84,87.34,11.8
2023-01-22,4,2023-01-22T03:00,bcl,Big Cliff,1.78,1.78,0.0,1197.55,1109.86,87.69,11.9
2023-01-22,5,2023-01-22T04:00,bcl,Big Cliff,1.74,1.74,0.0,1196.55,1109.74,86.81,11.5
2023-01-22,6,2023-01-22T05:00,bcl,Big Cliff,1.71,1.71,0.0,1195.26,1109.66,85.6,11.2
2023-01-22,7,2023-01-22T06:00,bcl,Big Cliff,1.69,1.69,0.0,1194.03,1109.7,84.33,10.9
2023-01-22,8,2023-01-22T07:00,bcl,Big Cliff,1.66,1.66,0.0,1192.74,1109.63,83.11,10.5
2023-01-22,9,2023-01-22T08:00,bcl,Big Cliff,1.65,1.65,0.0,1193.19,1109.62,83.57,10.5
2023-01-22,10,2023-01-22T09:00,bcl,Big Cliff,1.63,1.63,0.0,1193.82,1109.61,84.21,10.5
2023-01-22,11,2023-01-22T10:00,bcl,Big Cliff,1.61,1.61,0.0,1194.46,1109.59,84.87,10.4
2023-01-22,12,2023-01-22T11:00,bcl,Big Cliff,1.53,1.53,0.0,1195.16,1109.44,85.72,10.0
2023-01-22,13,2023-01-22T12:00,bcl,Big Cliff,1.5,1.5,0.0,1195.88,1109.43,86.45,9.9
2023-01-22,14,2023-01-22T13:00,bcl,Big Cliff,1.48,1.48,0.0,1196.63,1109.38,87.25,9.9
2023-01-22,15,2023-01-22T14:00,bcl,Big Cliff,1.45,1.45,0.0,1197.39,1109.33,88.06,9.7
2023-01-22,16,2023-01-22T15:00,bcl,Big Cliff,1.45,1.45,0.0,1198.11,1109.29,88.82,9.8
2023-01-22,17,2023-01-22T16:00,bcl,Big Cliff,1.37,1.37,0.0,1197.35,1109.22,88.13,9.2
2023-01-22,18,2023-01-22T17:00,bcl,Big Cliff,1.28,1.28,0.0,1196.45,1109.04,87.41,8.5
2023-01-22,19,2023-01-22T18:00,bcl,Big Cliff,1.3,1.3,0.0,1195.52,1109.13,86.39,8.6
2023-01-22,20,2023-01-22T19:00,bcl,Big Cliff,1.28,1.28,0.0,1194.57,1109.09,85.48,8.3
2023-01-22,21,2023-01-22T20:00,bcl,Big Cliff,1.3,1.3,0.0,1195.06,1109.08,85.98,8.5
2023-01-22,22,2023-01-22T21:00,bcl,Big Cliff,1.29,1.29,0.0,1195.84,1109.1,86.74,8.5
2023-01-22,23,2023-01-22T22:00,bcl,Big Cliff,1.3,1.3,0.0,1196.59,1109.08,87.51,8.7
2023-01-22,24,2023-01-22T23:00,bcl,Big Cliff,1.3,1.3,0.0,1197.33,1109.13,88.2,8.7
2023-01-23,1,2023-01-23T00:00,bcl,Big Cliff,1.3,1.3,0.0,1198.06,1109.06,89.0,8.8
2023-01-23,2,2023-01-23T01:00,bcl,Big Cliff,1.32,1.32,0.0,1198.75,1109.16,89.59,9.0
2023-01-23,3,2023-01-23T02:00,bcl,Big Cliff,1.31,1.31,0.0,1199.45,1109.14,90.31,9.0
2023-01-23,4,2023-01-23T03:00,bcl,Big Cliff,1.33,1.33,0.0,1200.11,1109.16,90.95,9.2
2023-01-23,5,2023-01-23T04:00,bcl,Big Cliff,1.33,1.33,0.0,1199.28,1109.16,90.12,9.1
2023-01-23,6,2023-01-23T05:00,bcl,Big Cliff,1.31,1.31,0.0,1198.38,1109.15,89.23,8.9
2023-01-23,7,2023-01-23T06:00,bcl,Big Cliff,1.32,1.32,0.0,1197.49,1109.14,88.35,8.9
2023-01-23,8,2023-01-23T07:00,bcl,Big Cliff,1.28,1.28,0.0,1196.63,1109.11,87.52,8.5
2023-01-23,9,2023-01-23T08:00,bcl,Big Cliff,1.29,1.29,0.0,1197.32,1109.1,88.22,8.7
2023-01-23,10,2023-01-23T09:00,bcl,Big Cliff,1.32,1.32,0.0,1198.17,1109.13,89.04,9.0
2023-01-23,11,2023-01-23T10:00,bcl,Big Cliff,1.3,1.3,0.0,1198.99,1109.1,89.89,8.9
2023-01-23,12,2023-01-23T11:00,bcl,Big Cliff,1.3,1.3,0.0,1199.77,1109.13,90.64,9.0
2023-01-23,13,2023-01-23T12:00,bcl,Big Cliff,1.32,1.32,0.0,1200.55,1109.13,91.42,9.2
2023-01-23,14,2023-01-23T13:00,bcl,Big Cliff,1.34,1.34,0.0,1201.3,1109.13,92.17,9.4
2023-01-23,15,2023-01-23T14:00,bcl,Big Cliff,1.35,1.35,0.0,1202.06,1109.15,92.91,9.6
2023-01-23,16,2023-01-23T15:00,bcl,Big Cliff,1.34,1.34,0.0,1202.76,1109.18,93.58,9.6
2023-01-23,17,2023-01-23T16:00,bcl,Big Cliff,1.36,1.36,0.0,1201.98,1109.17,92.81,9.6
2023-01-23,18,2023-01-23T17:00,bcl,Big Cliff,1.32,1.32,0.0,1201.12,1109.14,91.98,9.3
2023-01-23,19,2023-01-23T18:00,bcl,Big Cliff,1.31,1.31,0.0,1200.29,1109.13,91.16,9.1
2023-01-23,20,2023-01-23T19:00,bcl,Big Cliff,1.3,1.3,0.0,1199.43,1109.13,90.3,9.0
2023-01-23,21,2023-01-23T20:00,bcl,Big Cliff,1.31,1.31,0.0,1199.49,1109.09,90.4,9.0
2023-01-23,22,2023-01-23T21:00,bcl,Big Cliff,1.32,1.32,0.0,1200.16,1109.1,91.06,9.2
2023-01-23,23,2023-01-23T22:00,bcl,Big Cliff,1.31,1.31,0.0,1200.83,1109.11,91.72,9.2
2023-01-23,24,2023-01-23T23:00,bcl,Big Cliff,1.32,1.32,0.0,1201.46,1109.11,92.35,9.3
2023-01-24,1,2023-01-24T00:00,bcl,Big Cliff,1.31,1.31,0.0,1202.12,1109.13,92.99,9.3
2023-01-24,2,2023-01-24T01:00,bcl,Big Cliff,1.33,1.33,0.0,1202.0,1109.2,92.8,9.4
2023-01-24,3,2023-01-24T02:00,bcl,Big Cliff,1.34,1.34,0.0,1201.23,1109.12,92.11,9.4
2023-01-24,4,2023-01-24T03:00,bcl,Big Cliff,1.32,1.32,0.0,1200.32,1109.12,91.2,9.2
2023-01-24,5,2023-01-24T04:00,bcl,Big Cliff,1.32,1.32,0.0,1199.48,1109.14,90.34,9.1
2023-01-24,6,2023-01-24T05:00,bcl,Big Cliff,1.32,1.32,0.0,1198.59,1109.14,89.45,9.0
2023-01-24,7,2023-01-24T06:00,bcl,Big Cliff,1.32,1.32,0.0,1197.76,1109.13,88.63,8.9
2023-01-24,8,2023-01-24T07:00,bcl,Big Cliff,1.29,1.29,0.0,1198.45,1109.11,89.34,8.8
2023-01-24,9,2023-01-24T08:00,bcl,Big Cliff,1.3,1.3,0.0,1199.25,1109.1,90.15,8.9
2023-01-24,10,2023-01-24T09:00,bcl,Big Cliff,1.31,1.31,0.0,1200.04,1109.16,90.88,9.1
2023-01-24,11,2023-01-24T10:00,bcl,Big Cliff,1.32,1.32,0.0,1200.8,1109.15,91.65,9.2
2023-01-24,12,2023-01-24T11:00,bcl,Big Cliff,1.32,1.32,0.0,1201.54,1109.13,92.41,9.3
2023-01-24,13,2023-01-24T12:00,bcl,Big Cliff,1.34,1.34,0.0,1202.28,1109.15,93.13,9.5
2023-01-24,14,2023-01-24T13:00,bcl,Big Cliff,1.32,1.32,0.0,1203.02,1109.17,93.85,9.5
2023-01-24,15,2023-01-24T14:00,bcl,Big Cliff,1.32,1.32,0.0,1203.7,1109.17,94.53,9.5
2023-01-24,16,2023-01-24T15:00,bcl,Big Cliff,1.36,1.36,0.0,1202.92,1109.24,93.68,9.7
2023-01-24,17,2023-01-24T16:00,bcl,Big Cliff,1.35,1.35,0.0,1202.04,1109.18,92.86,9.6
2023-01-24,18,2023-01-24T17:00,bcl,Big Cliff,1.34,1.34,0.0,1201.21,1109.14,92.07,9.4
2023-01-24,19,2023-01-24T18:00,bcl,Big Cliff,1.31,1.31,0.0,1200.35,1109.13,91.22,9.1
2023-01-24,20,2023-01-24T19:00,bcl,Big Cliff,1.33,1.33,0.0,1199.51,1109.17,90.34,9.2
2023-01-24,21,2023-01-24T20:00,bcl,Big Cliff,1.31,1.31,0.0,1199.4,1109.13,90.27,9.0
2023-01-24,22,2023-01-24T21:00,bcl,Big Cliff,1.31,1.31,0.0,1200.11,1109.19,90.92,9.1
2023-01-24,23,2023-01-24T22:00,bcl,Big Cliff,1.3,1.3,0.0,1200.77,1109.07,91.7,9.1
2023-01-24,24,2023-01-24T23:00,bcl,Big Cliff,1.31,1.31,0.0,1201.43,1109.14,92.29,9.2
2023-01-25,1,2023-01-25T00:00,bcl,Big Cliff,1.34,1.34,0.0,1202.05,1109.2,92.85,9.5
2023-01-25,2,2023-01-25T01:00,bcl,Big Cliff,1.33,1.33,0.0,1202.02,1109.13,92.89,9.4
2023-01-25,3,2023-01-25T02:00,bcl,Big Cliff,1.32,1.32,0.0,1201.21,1109.14,92.07,9.3
2023-01-25,4,2023-01-25T03:00,bcl,Big Cliff,1.32,1.32,0.0,1200.32,1109.11,91.21,9.2
2023-01-25,5,2023-01-25T04:00,bcl,Big Cliff,1.34,1.34,0.0,1199.46,1109.15,90.31,9.2
2023-01-25,6,2023-01-25T05:00,bcl,Big Cliff,1.34,1.34,0.0,1198.58,1109.11,89.47,9.1
2023-01-25,7,2023-01-25T06:00,bcl,Big Cliff,1.32,1.32,0.0,1197.74,1109.13,88.61,8.9
2023-01-25,8,2023-01-25T07:00,bcl,Big Cliff,1.29,1.29,0.0,1198.43,1109.07,89.36,8.8
2023-01-25,9,2023-01-25T08:00,bcl,Big Cliff,1.3,1.3,0.0,1199.22,1109.13,90.09,8.9
2023-01-25,10,2023-01-25T09:00,bcl,Big Cliff,1.31,1.31,0.0,1200.01,1109.09,90.92,9.1
2023-01-25,11,2023-01-25T10:00,bcl,Big Cliff,1.32,1.32,0.0,1200.77,1109.17,91.6,9.2
2023-01-25,12,2023-01-25T11:00,bcl,Big Cliff,1.32,1.32,0.0,1201.5,1109.14,92.36,9.3
2023-01-25,13,2023-01-25T12:00,bcl,Big Cliff,1.33,1.33,0.0,1202.24,1109.18,93.06,9.4
2023-01-25,14,2023-01-25T13:00,bcl,Big Cliff,1.32,1.32,0.0,1202.96,1109.17,93.79,9.4
2023-01-25,15,2023-01-25T14:00,bcl,Big Cliff,1.34,1.34,0.0,1203.64,1109.21,94.43,9.7
2023-01-25,16,2023-01-25T15:00,bcl,Big Cliff,1.36,1.36,0.0,1202.86,1109.22,93.64,9.7
2023-01-25,17,2023-01-25T16:00,bcl,Big Cliff,1.35,1.35,0.0,1201.99,1109.18,92.81,9.6
2023-01-25,18,2023-01-25T17:00,bcl,Big Cliff,1.33,1.33,0.0,1201.16,1109.17,91.99,9.3
2023-01-25,19,2023-01-25T18:00,bcl,Big Cliff,1.31,1.31,0.0,1200.3,1109.07,91.23,9.1
2023-01-25,20,2023-01-25T19:00,bcl,Big Cliff,1.32,1.32,0.0,1199.45,1109.14,90.31,9.1
2023-01-25,21,2023-01-25T20:00,bcl,Big Cliff,1.3,1.3,0.0,1198.7,1109.09,89.61,8.9
2023-01-25,22,2023-01-25T21:00,bcl,Big Cliff,1.29,1.29,0.0,1199.43,1109.09,90.34,8.9
2023-01-25,23,2023-01-25T22:00,bcl,Big Cliff,1.29,1.29,0.0,1200.12,1109.1,91.02,9.0
2023-01-25,24,2023-01-25T23:00,bcl,Big Cliff,1.3,1.3,0.0,1200.79,1109.17,91.62,9.1
2023-01-26,1,2023-01-26T00:00,bcl,Big Cliff,1.32,1.32,0.0,1201.42,1109.15,92.27,9.3
2023-01-26,2,2023-01-26T01:00,bcl,Big Cliff,1.32,1.32,0.0,1201.6,1109.12,92.48,9.3
2023-01-26,3,2023-01-26T02:00,bcl,Big Cliff,1.32,1.32,0.0,1200.9,1109.13,91.77,9.2
2023-01-26,4,2023-01-26T03:00,bcl,Big Cliff,1.33,1.33,0.0,1200.0,1109.16,90.84,9.2
2023-01-26,5,2023-01-26T04:00,bcl,Big Cliff,1.32,1.32,0.0,1199.14,1109.13,90.01,9.1
2023-01-26,6,2023-01-26T05:00,bcl,Big Cliff,1.31,1.31,0.0,1198.28,1109.09,89.19,8.9
2023-01-26,7,2023-01-26T06:00,bcl,Big Cliff,1.3,1.3,0.0,1197.42,1109.11,88.31,8.8
2023-01-26,8,2023-01-26T07:00,bcl,Big Cliff,1.29,1.29,0.0,1198.11,1109.1,89.01,8.8
2023-01-26,9,2023-01-26T08:00,bcl,Big Cliff,1.3,1.3,0.0,1198.92,1109.17,89.75,8.9
2023-01-26,10,2023-01-26T09:00,bcl,Big Cliff,1.29,1.29,0.0,1199.72,1109.14,90.58,8.9
2023-01-26,11,2023-01-26T10:00,bcl,Big Cliff,1.31,1.31,0.0,1200.47,1109.13,91.34,9.1
2023-01-26,12,2023-01-26T11:00,bcl,Big Cliff,1.32,1.32,0.0,1201.23,1109.1,92.13,9.3
2023-01-26,13,2023-01-26T12:00,bcl,Big Cliff,1.33,1.33,0.0,1201.96,1109.15,92.81,9.4
2023-01-26,14,2023-01-26T13:00,bcl,Big Cliff,1.33,1.33,0.0,1202.68,1109.14,93.54,9.5
2023-01-26,15,2023-01-26T14:00,bcl,Big Cliff,1.35,1.35,0.0,1203.38,1109.15,94.23,9.7
2023-01-26,16,2023-01-26T15:00,bcl,Big Cliff,1.35,1.35,0.0,1202.6,1109.18,93.42,9.6
2023-01-26,17,2023-01-26T16:00,bcl,Big Cliff,1.32,1.32,0.0,1201.73,1109.09,92.64,9.3
2023-01-26,18,2023-01-26T17:00,bcl,Big Cliff,1.3,1.3,0.0,1200.91,1109.1,91.81,9.1
2023-01-26,19,2023-01-26T18:00,bcl,Big Cliff,1.3,1.3,0.0,1200.07,1109.07,91.0,9.0
2023-01-26,20,2023-01-26T19:00,bcl,Big Cliff,1.28,1.28,0.0,1199.23,1109.07,90.16,8.8
2023-01-26,21,2023-01-26T20:00,bcl,Big Cliff,1.28,1.28,0.0,1199.37,1109.11,90.26,8.8
2023-01-26,22,2023-01-26T21:00,bcl,Big Cliff,1.29,1.29,0.0,1200.05,1109.07,90.98,9.0
2023-01-26,23,2023-01-26T22:00,bcl,Big Cliff,1.28,1.28,0.0,1200.73,1109.09,91.64,8.9
2023-01-26,24,2023-01-26T23:00,bcl,Big Cliff,1.27,1.27,0.0,1201.38,1109.08,92.3,8.9
2023-01-27,1,2023-01-27T00:00,bcl,Big Cliff,1.29,1.29,0.0,1202.02,1109.07,92.95,9.1
2023-01-27,2,2023-01-27T01:00,bcl,Big Cliff,1.29,1.29,0.0,1201.85,1109.08,92.77,9.1
2023-01-27,3,2023-01-27T02:00,bcl,Big Cliff,1.3,1.3,0.0,1200.92,1109.15,91.77,9.1
2023-01-27,4,2023-01-27T03:00,bcl,Big Cliff,1.29,1.29,0.0,1200.11,1109.14,90.97,9.0
2023-01-27,5,2023-01-27T04:00,bcl,Big Cliff,1.31,1.31,0.0,1199.24,1109.11,90.13,9.0
2023-01-27,6,2023-01-27T05:00,bcl,Big Cliff,1.28,1.28,0.0,1198.41,1109.04,89.37,8.7
2023-01-27,7,2023-01-27T06:00,bcl,Big Cliff,1.25,1.25,0.0,1197.62,1109.01,88.61,8.5
2023-01-27,8,2023-01-27T07:00,bcl,Big Cliff,1.17,1.17,0.0,1198.42,1108.93,89.49,8.0
2023-01-27,9,2023-01-27T08:00,bcl,Big Cliff,1.16,1.16,0.0,1199.36,1108.95,90.41,8.0
2023-01-27,10,2023-01-27T09:00,bcl,Big Cliff,1.13,1.13,0.0,1200.28,1108.78,91.5,7.9
2023-01-27,11,2023-01-27T10:00,bcl,Big Cliff,1.1,1.1,0.0,1201.21,1108.77,92.44,7.8
2023-01-27,12,2023-01-27T11:00,bcl,Big Cliff,1.08,1.08,0.0,1202.13,1108.78,93.35,7.7
2023-01-27,13,2023-01-27T12:00,bcl,Big Cliff,1.09,1.09,0.0,1201.64,1108.81,92.83,7.7
2023-01-27,14,2023-01-27T13:00,bcl,Big Cliff,1.08,1.08,0.0,1200.92,1108.8,92.12,7.6
2023-01-27,15,2023-01-27T14:00,bcl,Big Cliff,1.1,1.1,0.0,1200.28,1108.79,91.49,7.7
2023-01-27,16,2023-01-27T15:00,bcl,Big Cliff,1.06,1.06,0.0,1199.61,1108.78,90.83,7.3
2023-01-27,17,2023-01-27T16:00,bcl,Big Cliff,1.06,1.06,0.0,1198.95,1108.64,90.31,7.3
2023-01-27,18,2023-01-27T17:00,bcl,Big Cliff,1.06,1.06,0.0,1198.29,1108.72,89.57,7.2
2023-01-27,19,2023-01-27T18:00,bcl,Big Cliff,1.04,1.04,0.0,1197.62,1108.8,88.82,7.0
2023-01-27,20,2023-01-27T19:00,bcl,Big Cliff,1.03,1.03,0.0,1197.05,1108.72,88.33,6.9
2023-01-27,21,2023-01-27T20:00,bcl,Big Cliff,1.03,1.03,0.0,1198.03,1108.77,89.26,7.0
2023-01-27,22,2023-01-27T21:00,bcl,Big Cliff,1.06,1.06,0.0,1198.95,1108.78,90.17,7.3
2023-01-27,23,2023-01-27T22:00,bcl,Big Cliff,1.06,1.06,0.0,1199.85,1108.75,91.1,7.4
2023-01-27,24,2023-01-27T23:00,bcl,Big Cliff,1.06,1.06,0.0,1200.72,1108.79,91.93,7.4
2023-01-28,1,2023-01-28T00:00,bcl,Big Cliff,1.09,1.09,0.0,1201.54,1108.76,92.78,7.7
2023-01-28,2,2023-01-28T01:00,bcl,Big Cliff,1.08,1.08,0.0,1200.96,1108.75,92.21,7.6
2023-01-28,3,2023-01-28T02:00,bcl,Big Cliff,1.07,1.07,0.0,1200.25,1108.78,91.47,7.5
2023-01-28,4,2023-01-28T03:00,bcl,Big Cliff,1.07,1.07,0.0,1199.62,1108.74,90.88,7.4
2023-01-28,5,2023-01-28T04:00,bcl,Big Cliff,1.08,1.08,0.0,1198.94,1108.76,90.18,7.4
2023-01-28,6,2023-01-28T05:00,bcl,Big Cliff,1.07,1.07,0.0,1198.27,1108.73,89.54,7.3
2023-01-28,7,2023-01-28T06:00,bcl,Big Cliff,1.07,1.07,0.0,1197.63,1108.77,88.86,7.3
2023-01-28,8,2023-01-28T07:00,bcl,Big Cliff,1.03,1.03,0.0,1198.56,1108.72,89.84,7.1
2023-01-28,9,2023-01-28T08:00,bcl,Big Cliff,1.06,1.06,0.0,1199.57,1108.72,90.85,7.3
2023-01-28,10,2023-01-28T09:00,bcl,Big Cliff,1.06,1.06,0.0,1200.55,1108.74,91.81,7.4
2023-01-28,11,2023-01-28T10:00,bcl,Big Cliff,1.06,1.06,0.0,1201.49,1108.78,92.71,7.5
2023-01-28,12,2023-01-28T11:00,bcl,Big Cliff,1.06,1.06,0.0,1202.39,1108.81,93.58,7.6
2023-01-28,13,2023-01-28T12:00,bcl,Big Cliff,1.07,1.07,0.0,1201.81,1108.7,93.11,7.6
2023-01-28,14,2023-01-28T13:00,bcl,Big Cliff,1.09,1.09,0.0,1201.14,1108.76,92.38,7.7
2023-01-28,15,2023-01-28T14:00,bcl,Big Cliff,1.08,1.08,0.0,1200.49,1108.77,91.72,7.6
2023-01-28,16,2023-01-28T15:00,bcl,Big Cliff,1.08,1.08,0.0,1199.85,1108.77,91.08,7.5
2023-01-28,17,2023-01-28T16:00,bcl,Big Cliff,1.08,1.08,0.0,1199.17,1108.8,90.37,7.4
2023-01-28,18,2023-01-28T17:00,bcl,Big Cliff,1.06,1.06,0.0,1198.52,1108.74,89.78,7.3
2023-01-28,19,2023-01-28T18:00,bcl,Big Cliff,1.06,1.06,0.0,1197.88,1108.73,89.15,7.2
2023-01-28,20,2023-01-28T19:00,bcl,Big Cliff,1.06,1.06,0.0,1197.28,1108.78,88.5,7.2
2023-01-28,21,2023-01-28T20:00,bcl,Big Cliff,1.05,1.05,0.0,1198.3,1108.76,89.54,7.2
2023-01-28,22,2023-01-28T21:00,bcl,Big Cliff,1.08,1.08,0.0,1199.18,1108.74,90.44,7.5
2023-01-28,23,2023-01-28T22:00,bcl,Big Cliff,1.05,1.05,0.0,1200.11,1108.77,91.34,7.3
2023-01-28,24,2023-01-28T23:00,bcl,Big Cliff,1.07,1.07,0.0,1200.97,1108.83,92.14,7.5
2023-01-29,1,2023-01-29T00:00,bcl,Big Cliff,1.07,1.07,0.0,1201.81,1108.71,93.1,7.6
2023-01-29,2,2023-01-29T01:00,bcl,Big Cliff,1.07,1.07,0.0,1201.06,1108.78,92.28,7.5
2023-01-29,3,2023-01-29T02:00,bcl,Big Cliff,1.07,1.07,0.0,1200.41,1108.72,91.69,7.5
2023-01-29,4,2023-01-29T03:00,bcl,Big Cliff,1.07,1.07,0.0,1199.78,1108.75,91.03,7.4
2023-01-29,5,2023-01-29T04:00,bcl,Big Cliff,1.07,1.07,0.0,1199.13,1108.77,90.36,7.4
2023-01-29,6,2023-01-29T05:00,bcl,Big Cliff,1.07,1.07,0.0,1198.46,1108.81,89.65,7.3
2023-01-29,7,2023-01-29T06:00,bcl,Big Cliff,1.06,1.06,0.0,1197.8,1108.77,89.03,7.2
2023-01-29,8,2023-01-29T07:00,bcl,Big Cliff,1.06,1.06,0.0,1198.71,1108.75,89.96,7.3
2023-01-29,9,2023-01-29T08:00,bcl,Big Cliff,1.04,1.04,0.0,1199.7,1108.7,91.0,7.2
2023-01-29,10,2023-01-29T09:00,bcl,Big Cliff,1.06,1.06,0.0,1200.65,1108.81,91.84,7.4
2023-01-29,11,2023-01-29T10:00,bcl,Big Cliff,1.07,1.07,0.0,1201.61,1108.81,92.8,7.6
2023-01-29,12,2023-01-29T11:00,bcl,Big Cliff,1.08,1.08,0.0,1202.46,1108.77,93.69,7.7
2023-01-29,13,2023-01-29T12:00,bcl,Big Cliff,1.07,1.07,0.0,1201.83,1108.72,93.11,7.6
2023-01-29,14,2023-01-29T13:00,bcl,Big Cliff,1.09,1.09,0.0,1201.17,1108.76,92.41,7.7
2023-01-29,15,2023-01-29T14:00,bcl,Big Cliff,1.08,1.08,0.0,1200.52,1108.75,91.77,7.6
2023-01-29,16,2023-01-29T15:00,bcl,Big Cliff,1.1,1.1,0.0,1199.83,1108.78,91.05,7.6
2023-01-29,17,2023-01-29T16:00,bcl,Big Cliff,1.1,1.1,0.0,1199.14,1108.73,90.41,7.6
2023-01-29,18,2023-01-29T17:00,bcl,Big Cliff,1.06,1.06,0.0,1198.47,1108.78,89.69,7.3
2023-01-29,19,2023-01-29T18:00,bcl,Big Cliff,1.07,1.07,0.0,1197.8,1108.75,89.05,7.3
2023-01-29,20,2023-01-29T19:00,bcl,Big Cliff,1.05,1.05,0.0,1197.24,1108.75,88.49,7.1
2023-01-29,21,2023-01-29T20:00,bcl,Big Cliff,1.06,1.06,0.0,1198.14,1108.74,89.4,7.2
2023-01-29,22,2023-01-29T21:00,bcl,Big Cliff,1.05,1.05,0.0,1199.08,1108.68,90.4,7.2
2023-01-29,23,2023-01-29T22:00,bcl,Big Cliff,1.07,1.07,0.0,1199.95,1108.72,91.23,7.4
2023-01-29,24,2023-01-29T23:00,bcl,Big Cliff,1.09,1.09,0.0,1200.79,1108.77,92.02,7.7
2023-01-30,1,2023-01-30T00:00,bcl,Big Cliff,1.09,1.09,0.0,1201.59,1108.81,92.78,7.7
2023-01-30,2,2023-01-30T01:00,bcl,Big Cliff,1.08,1.08,0.0,1201.02,1108.79,92.23,7.6
2023-01-30,3,2023-01-30T02:00,bcl,Big Cliff,1.06,1.06,0.0,1200.3,1108.72,91.58,7.4
2023-01-30,4,2023-01-30T03:00,bcl,Big Cliff,1.07,1.07,0.0,1199.66,1108.74,90.92,7.4
2023-01-30,5,2023-01-30T04:00,bcl,Big Cliff,1.07,1.07,0.0,1198.98,1108.73,90.25,7.4
2023-01-30,6,2023-01-30T05:00,bcl,Big Cliff,1.07,1.07,0.0,1198.29,1108.75,89.54,7.3
2023-01-30,7,2023-01-30T06:00,bcl,Big Cliff,1.08,1.08,0.0,1197.64,1108.8,88.84,7.3
2023-01-30,8,2023-01-30T07:00,bcl,Big Cliff,1.07,1.07,0.0,1198.5,1108.77,89.73,7.3
2023-01-30,9,2023-01-30T08:00,bcl,Big Cliff,1.05,1.05,0.0,1199.48,1108.77,90.71,7.3
2023-01-30,10,2023-01-30T09:00,bcl,Big Cliff,1.06,1.06,0.0,1200.43,1108.76,91.67,7.4
2023-01-30,11,2023-01-30T10:00,bcl,Big Cliff,1.05,1.05,0.0,1201.35,1108.74,92.61,7.4
2023-01-30,12,2023-01-30T11:00,bcl,Big Cliff,1.08,1.08,0.0,1202.21,1108.75,93.46,7.7
2023-01-30,13,2023-01-30T12:00,bcl,Big Cliff,1.08,1.08,0.0,1201.62,1108.73,92.89,7.7
2023-01-30,14,2023-01-30T13:00,bcl,Big Cliff,1.08,1.08,0.0,1200.94,1108.74,92.2,7.6
2023-01-30,15,2023-01-30T14:00,bcl,Big Cliff,1.06,1.06,0.0,1200.27,1108.77,91.5,7.4
2023-01-30,16,2023-01-30T15:00,bcl,Big Cliff,1.08,1.08,0.0,1199.61,1108.78,90.83,7.5
2023-01-30,17,2023-01-30T16:00,bcl,Big Cliff,1.11,1.11,0.0,1198.89,1108.76,90.13,7.6
2023-01-30,18,2023-01-30T17:00,bcl,Big Cliff,1.07,1.07,0.0,1198.22,1108.77,89.45,7.3
2023-01-30,19,2023-01-30T18:00,bcl,Big Cliff,1.06,1.06,0.0,1197.54,1108.71,88.83,7.2
2023-01-30,20,2023-01-30T19:00,bcl,Big Cliff,1.06,1.06,0.0,1197.31,1108.74,88.57,7.2
2023-01-30,21,2023-01-30T20:00,bcl,Big Cliff,1.06,1.06,0.0,1198.25,1108.77,89.48,7.2
2023-01-30,22,2023-01-30T21:00,bcl,Big Cliff,1.06,1.06,0.0,1199.16,1108.76,90.4,7.3
2023-01-30,23,2023-01-30T22:00,bcl,Big Cliff,1.06,1.06,0.0,1200.07,1108.71,91.36,7.4
2023-01-30,24,2023-01-30T23:00,bcl,Big Cliff,1.07,1.07,0.0,1200.93,1108.79,92.14,7.5
2023-01-31,1,2023-01-31T00:00,bcl,Big Cliff,1.07,1.07,0.0,1201.73,1108.73,93.0,7.6
2023-01-31,2,2023-01-31T01:00,bcl,Big Cliff,1.08,1.08,0.0,1200.95,1108.74,92.21,7.6
2023-01-31,3,2023-01-31T02:00,bcl,Big Cliff,1.07,1.07,0.0,1200.32,1108.75,91.57,7.5
2023-01-31,4,2023-01-31T03:00,bcl,Big Cliff,1.07,1.07,0.0,1199.65,1108.75,90.9,7.4
2023-01-31,5,2023-01-31T04:00,bcl,Big Cliff,1.09,1.09,0.0,1198.96,1108.78,90.18,7.5
2023-01-31,6,2023-01-31T05:00,bcl,Big Cliff,1.09,1.09,0.0,1198.27,1108.71,89.56,7.4
2023-01-31,7,2023-01-31T06:00,bcl,Big Cliff,1.06,1.06,0.0,1197.61,1108.71,88.9,7.2
2023-01-31,8,2023-01-31T07:00,bcl,Big Cliff,1.04,1.04,0.0,1198.48,1108.7,89.78,7.1
2023-01-31,9,2023-01-31T08:00,bcl,Big Cliff,1.05,1.05,0.0,1199.46,1108.76,90.7,7.3
2023-01-31,10,2023-01-31T09:00,bcl,Big Cliff,1.05,1.05,0.0,1200.39,1108.72,91.67,7.3
2023-01-31,11,2023-01-31T10:00,bcl,Big Cliff,1.06,1.06,0.0,1201.29,1108.78,92.51,7.5
2023-01-31,12,2023-01-31T11:00,bcl,Big Cliff,1.08,1.08,0.0,1202.15,1108.79,93.36,7.7
2023-01-31,13,2023-01-31T12:00,bcl,Big Cliff,1.06,1.06,0.0,1201.55,1108.72,92.83,7.5
2023-01-31,14,2023-01-31T13:00,bcl,Big Cliff,1.06,1.06,0.0,1200.88,1108.77,92.11,7.4
2023-01-31,15,2023-01-31T14:00,bcl,Big Cliff,1.08,1.08,0.0,1200.21,1108.75,91.46,7.5
2023-01-31,16,2023-01-31T15:00,bcl,Big Cliff,1.11,1.11,0.0,1199.52,1108.76,90.76,7.7
2023-01-31,17,2023-01-31T16:00,bcl,Big Cliff,1.09,1.09,0.0,1198.81,1108.82,89.99,7.5
2023-01-31,18,2023-01-31T17:00,bcl,Big Cliff,1.08,1.08,0.0,1198.12,1108.74,89.38,7.4
2023-01-31,19,2023-01-31T18:00,bcl,Big Cliff,1.05,1.05,0.0,1197.44,1108.76,88.68,7.1
2023-01-31,20,2023-01-31T19:00,bcl,Big Cliff,1.07,1.07,0.0,1197.04,1108.75,88.29,7.2
2023-01-31,21,2023-01-31T20:00,bcl,Big Cliff,1.05,1.05,0.0,1198.04,1108.76,89.28,7.2
2023-01-31,22,2023-01-31T21:00,bcl,Big Cliff,1.05,1.05,0.0,1198.97,1108.72,90.25,7.2
2023-01-31,23,2023-01-31T22:00,bcl,Big Cliff,1.04,1.04,0.0,1199.92,1108.72,91.2,7.2
2023-01-31,24,2023-01-31T23:00,bcl,Big Cliff,1.07,1.07,0.0,1200.81,1108.78,92.03,7.5
2023-02-01,1,2023-02-01T00:00,bcl,Big Cliff,1.06,1.06,0.0,1201.65,1108.68,92.97,7.5
2023-02-01,2,2023-02-01T01:00,bcl,Big Cliff,1.08,1.08,0.0,1201.22,1108.75,92.47,7.6
2023-02-01,3,2023-02-01T02:00,bcl,Big Cliff,1.08,1.08,0.0,1200.6,1108.72,91.88,7.6
2023-02-01,4,2023-02-01T03:00,bcl,Big Cliff,1.07,1.07,0.0,1199.89,1108.77,91.12,7.4
2023-02-01,5,2023-02-01T04:00,bcl,Big Cliff,1.06,1.06,0.0,1199.21,1108.72,90.49,7.3
2023-02-01,6,2023-02-01T05:00,bcl,Big Cliff,1.07,1.07,0.0,1198.53,1108.72,89.81,7.3
2023-02-01,7,2023-02-01T06:00,bcl,Big Cliff,1.08,1.08,0.0,1197.87,1108.75,89.12,7.3
2023-02-01,8,2023-02-01T07:00,bcl,Big Cliff,1.04,1.04,0.0,1198.73,1108.77,89.96,7.1
2023-02-01,9,2023-02-01T08:00,bcl,Big Cliff,1.06,1.06,0.0,1199.7,1108.8,90.9,7.4
2023-02-01,10,2023-02-01T09:00,bcl,Big Cliff,1.06,1.06,0.0,1200.63,1108.73,91.9,7.4
2023-02-01,11,2023-02-01T10:00,bcl,Big Cliff,1.08,1.08,0.0,1201.52,1108.8,92.72,7.6
2023-02-01,12,2023-02-01T11:00,bcl,Big Cliff,1.09,1.09,0.0,1202.37,1108.77,93.6,7.8
2023-02-01,13,2023-02-01T12:00,bcl,Big Cliff,1.08,1.08,0.0,1201.79,1108.76,93.03,7.7
2023-02-01,14,2023-02-01T13:00,bcl,Big Cliff,1.06,1.06,0.0,1201.12,1108.71,92.41,7.5
2023-02-01,15,2023-02-01T14:00,bcl,Big Cliff,1.06,1.06,0.0,1200.44,1108.78,91.66,7.4
2023-02-01,16,2023-02-01T15:00,bcl,Big Cliff,1.09,1.09,0.0,1199.76,1108.78,90.98,7.6
2023-02-01,17,2023-02-01T16:00,bcl,Big Cliff,1.09,1.09,0.0,1199.06,1108.78,90.28,7.5
2023-02-01,18,2023-02-01T17:00,bcl,Big Cliff,1.07,1.07,0.0,1198.37,1108.75,89.62,7.3
2023-02-01,19,2023-02-01T18:00,bcl,Big Cliff,1.06,1.06,0.0,1197.68,1108.73,88.95,7.2
2023-02-01,20,2023-02-01T19:00,bcl,Big Cliff,1.05,1.05,0.0,1197.05,1108.67,88.38,7.1
2023-02-01,21,2023-02-01T20:00,bcl,Big Cliff,1.04,1.04,0.0,1198.09,1108.67,89.42,7.1
2023-02-01,22,2023-02-01T21:00,bcl,Big Cliff,1.05,1.05,0.0,1199.09,1108.8,90.29,7.2
2023-02-01,23,2023-02-01T22:00,bcl,Big Cliff,1.06,1.06,0.0,1200.07,1108.75,91.32,7.4
2023-02-01,24,2023-02-01T23:00,bcl,Big Cliff,1.06,1.06,0.0,1200.99,1108.77,92.22,7.5
2023-02-02,1,2023-02-02T00:00,bcl,Big Cliff,1.08,1.08,0.0,1201.9,1108.76,93.14,7.7
2023-02-02,2,2023-02-02T01:00,bcl,Big Cliff,1.07,1.07,0.0,1201.17,1108.78,92.39,7.5
2023-02-02,3,2023-02-02T02:00,bcl,Big Cliff,1.09,1.09,0.0,1200.51,1108.76,91.75,7.6
2023-02-02,4,2023-02-02T03:00,bcl,Big Cliff,1.07,1.07,0.0,1199.83,1108.71,91.12,7.4
2023-02-02,5,2023-02-02T04:00,bcl,Big Cliff,1.08,1.08,0.0,1199.12,1108.74,90.38,7.4
2023-02-02,6,2023-02-02T05:00,bcl,Big Cliff,1.08,1.08,0.0,1198.42,1108.75,89.67,7.4
2023-02-02,7,2023-02-02T06:00,bcl,Big Cliff,1.06,1.06,0.0,1197.75,1108.74,89.01,7.2
2023-02-02,8,2023-02-02T07:00,bcl,Big Cliff,1.04,1.04,0.0,1198.57,1108.67,89.9,7.1
2023-02-02,9,2023-02-02T08:00,bcl,Big Cliff,1.06,1.06,0.0,1199.53,1108.71,90.82,7.3
2023-02-02,10,2023-02-02T09:00,bcl,Big Cliff,1.06,1.06,0.0,1200.45,1108.72,91.73,7.4
2023-02-02,11,2023-02-02T10:00,bcl,Big Cliff,1.06,1.06,0.0,1201.36,1108.73,92.63,7.5
2023-02-02,12,2023-02-02T11:00,bcl,Big Cliff,1.07,1.07,0.0,1202.24,1108.79,93.45,7.6
2023-02-02,13,2023-02-02T12:00,bcl,Big Cliff,1.06,1.06,0.0,1201.65,1108.72,92.93,7.5
2023-02-02,14,2023-02-02T13:00,bcl,Big Cliff,1.08,1.08,0.0,1200.99,1108.8,92.19,7.6
2023-02-02,15,2023-02-02T14:00,bcl,Big Cliff,1.07,1.07,0.0,1200.29,1108.72,91.57,7.5
2023-02-02,16,2023-02-02T15:00,bcl,Big Cliff,1.09,1.09,0.0,1199.61,1108.79,90.82,7.6
2023-02-02,17,2023-02-02T16:00,bcl,Big Cliff,1.09,1.09,0.0,1198.88,1108.74,90.14,7.5
2023-02-02,18,2023-02-02T17:00,bcl,Big Cliff,1.07,1.07,0.0,1198.21,1108.71,89.5,7.3
2023-02-02,19,2023-02-02T18:00,bcl,Big Cliff,1.04,1.04,0.0,1197.51,1108.72,88.79,7.0
2023-02-02,20,2023-02-02T19:00,bcl,Big Cliff,1.05,1.05,0.0,1196.8,1108.74,88.06,7.1
2023-02-02,21,2023-02-02T20:00,bcl,Big Cliff,1.05,1.05,0.0,1197.54,1108.72,88.82,7.1
2023-02-02,22,2023-02-02T21:00,bcl,Big Cliff,1.06,1.06,0.0,1198.59,1108.74,89.85,7.3
2023-02-02,23,2023-02-02T22:00,bcl,Big Cliff,1.04,1.04,0.0,1199.59,1108.73,90.86,7.2
2023-02-02,24,2023-02-02T23:00,bcl,Big Cliff,1.06,1.06,0.0,1200.55,1108.75,91.8,7.4
2023-02-03,1,2023-02-03T00:00,bcl,Big Cliff,1.07,1.07,0.0,1201.57,1108.77,92.8,7.6
2023-02-03,2,2023-02-03T01:00,bcl,Big Cliff,1.06,1.06,0.0,1201.68,1108.77,92.91,7.5
2023-02-03,3,2023-02-03T02:00,bcl,Big Cliff,1.06,1.06,0.0,1201.12,1108.71,92.41,7.5
2023-02-03,4,2023-02-03T03:00,bcl,Big Cliff,1.06,1.06,0.0,1200.41,1108.75,91.66,7.4
2023-02-03,5,2023-02-03T04:00,bcl,Big Cliff,1.07,1.07,0.0,1199.74,1108.75,90.99,7.4
2023-02-03,6,2023-02-03T05:00,bcl,Big Cliff,1.08,1.08,0.0,1199.04,1108.73,90.31,7.4
2023-02-03,7,2023-02-03T06:00,bcl,Big Cliff,1.07,1.07,0.0,1198.38,1108.79,89.59,7.3
2023-02-03,8,2023-02-03T07:00,bcl,Big Cliff,1.06,1.06,0.0,1199.2,1108.69,90.51,7.3
2023-02-03,9,2023-02-03T08:00,bcl,Big Cliff,1.06,1.06,0.0,1200.14,1108.74,91.4,7.4
2023-02-03,10,2023-02-03T09:00,bcl,Big Cliff,1.05,1.05,0.0,1201.06,1108.7,92.36,7.4
2023-02-03,11,2023-02-03T10:00,bcl,Big Cliff,1.09,1.09,0.0,1201.95,1108.83,93.12,7.7
2023-02-03,12,2023-02-03T11:00,bcl,Big Cliff,1.08,1.08,0.0,1202.83,1108.75,94.08,7.8
2023-02-03,13,2023-02-03T12:00,bcl,Big Cliff,1.08,1.08,0.0,1202.24,1108.78,93.46,7.7
2023-02-03,14,2023-02-03T13:00,bcl,Big Cliff,1.06,1.06,0.0,1201.55,1108.71,92.84,7.5
2023-02-03,15,2023-02-03T14:00,bcl,Big Cliff,1.07,1.07,0.0,1200.89,1108.77,92.12,7.5
2023-02-03,16,2023-02-03T15:00,bcl,Big Cliff,1.1,1.1,0.0,1200.19,1108.78,91.41,7.7
2023-02-03,17,2023-02-03T16:00,bcl,Big Cliff,1.09,1.09,0.0,1199.51,1108.74,90.77,7.5
2023-02-03,18,2023-02-03T17:00,bcl,Big Cliff,1.08,1.08,0.0,1198.79,1108.75,90.04,7.4
2023-02-03,19,2023-02-03T18:00,bcl,Big Cliff,1.08,1.08,0.0,1198.11,1108.74,89.37,7.4
2023-02-03,20,2023-02-03T19:00,bcl,Big Cliff,1.06,1.06,0.0,1197.4,1108.76,88.64,7.2
2023-02-03,21,2023-02-03T20:00,bcl,Big Cliff,1.06,1.06,0.0,1197.68,1108.73,88.95,7.2
2023-02-03,22,2023-02-03T21:00,bcl,Big Cliff,1.06,1.06,0.0,1198.73,1108.74,89.99,7.3
2023-02-03,23,2023-02-03T22:00,bcl,Big Cliff,1.06,1.06,0.0,1199.77,1108.75,91.02,7.4
2023-02-03,24,2023-02-03T23:00,bcl,Big Cliff,1.06,1.06,0.0,1200.76,1108.78,91.98,7.4
2023-02-04,1,2023-02-04T00:00,bcl,Big Cliff,1.08,1.08,0.0,1201.7,1108.74,92.96,7.7
2023-02-04,2,2023-02-04T01:00,bcl,Big Cliff,1.07,1.07,0.0,1201.18,1108.76,92.42,7.5
2023-02-04,3,2023-02-04T02:00,bcl,Big Cliff,1.07,1.07,0.0,1200.43,1108.78,91.65,7.5
2023-02-04,4,2023-02-04T03:00,bcl,Big Cliff,1.06,1.06,0.0,1199.78,1108.78,91.0,7.4
2023-02-04,5,2023-02-04T04:00,bcl,Big Cliff,1.07,1.07,0.0,1199.08,1108.74,90.34,7.4
2023-02-04,6,2023-02-04T05:00,bcl,Big Cliff,1.07,1.07,0.0,1198.38,1108.76,89.62,7.3
2023-02-04,7,2023-02-04T06:00,bcl,Big Cliff,1.07,1.07,0.0,1197.7,1108.73,88.97,7.3
2023-02-04,8,2023-02-04T07:00,bcl,Big Cliff,1.06,1.06,0.0,1198.53,1108.71,89.82,7.3
2023-02-04,9,2023-02-04T08:00,bcl,Big Cliff,1.06,1.06,0.0,1199.49,1108.77,90.72,7.3
2023-02-04,10,2023-02-04T09:00,bcl,Big Cliff,1.08,1.08,0.0,1200.41,1108.72,91.69,7.6
2023-02-04,11,2023-02-04T10:00,bcl,Big Cliff,1.09,1.09,0.0,1201.3,1108.8,92.5,7.7
2023-02-04,12,2023-02-04T11:00,bcl,Big Cliff,1.09,1.09,0.0,1202.17,1108.82,93.35,7.8
2023-02-04,13,2023-02-04T12:00,bcl,Big Cliff,1.09,1.09,0.0,1201.56,1108.82,92.74,7.7
2023-02-04,14,2023-02-04T13:00,bcl,Big Cliff,1.11,1.11,0.0,1200.85,1108.79,92.06,7.8
2023-02-04,15,2023-02-04T14:00,bcl,Big Cliff,1.09,1.09,0.0,1200.13,1108.81,91.32,7.6
2023-02-04,16,2023-02-04T15:00,bcl,Big Cliff,1.11,1.11,0.0,1199.44,1108.78,90.66,7.7
2023-02-04,17,2023-02-04T16:00,bcl,Big Cliff,1.1,1.1,0.0,1198.72,1108.78,89.94,7.5
2023-02-04,18,2023-02-04T17:00,bcl,Big Cliff,1.06,1.06,0.0,1198.01,1108.68,89.33,7.2
2023-02-04,19,2023-02-04T18:00,bcl,Big Cliff,1.06,1.06,0.0,1197.33,1108.75,88.58,7.2
2023-02-04,20,2023-02-04T19:00,bcl,Big Cliff,1.06,1.06,0.0,1196.59,1108.72,87.87,7.1
2023-02-04,21,2023-02-04T20:00,bcl,Big Cliff,1.05,1.05,0.0,1197.38,1108.7,88.68,7.1
2023-02-04,22,2023-02-04T21:00,bcl,Big Cliff,1.05,1.05,0.0,1198.54,1108.77,89.77,7.2
2023-02-04,23,2023-02-04T22:00,bcl,Big Cliff,1.07,1.07,0.0,1199.63,1108.77,90.86,7.4
2023-02-04,24,2023-02-04T23:00,bcl,Big Cliff,1.06,1.06,0.0,1200.72,1108.68,92.04,7.4
2023-02-05,1,2023-02-05T00:00,bcl,Big Cliff,1.07,1.07,0.0,1201.75,1108.74,93.01,7.6
2023-02-05,2,2023-02-05T01:00,bcl,Big Cliff,1.08,1.08,0.0,1201.23,1108.76,92.47,7.6
2023-02-05,3,2023-02-05T02:00,bcl,Big Cliff,1.07,1.07,0.0,1200.49,1108.78,91.71,7.5
2023-02-05,4,2023-02-05T03:00,bcl,Big Cliff,1.06,1.06,0.0,1199.84,1108.77,91.07,7.4
2023-02-05,5,2023-02-05T04:00,bcl,Big Cliff,1.07,1.07,0.0,1199.14,1108.77,90.37,7.4
2023-02-05,6,2023-02-05T05:00,bcl,Big Cliff,1.07,1.07,0.0,1198.47,1108.75,89.72,7.3
2023-02-05,7,2023-02-05T06:00,bcl,Big Cliff,1.05,1.05,0.0,1197.84,1108.7,89.14,7.1
2023-02-05,8,2023-02-05T07:00,bcl,Big Cliff,1.06,1.06,0.0,1198.71,1108.71,90.0,7.3
2023-02-05,9,2023-02-05T08:00,bcl,Big Cliff,1.06,1.06,0.0,1199.69,1108.76,90.93,7.4
2023-02-05,10,2023-02-05T09:00,bcl,Big Cliff,1.07,1.07,0.0,1200.63,1108.78,91.85,7.5
2023-02-05,11,2023-02-05T10:00,bcl,Big Cliff,1.06,1.06,0.0,1201.56,1108.73,92.83,7.5
2023-02-05,12,2023-02-05T11:00,bcl,Big Cliff,1.06,1.06,0.0,1202.45,1108.71,93.74,7.6
2023-02-05,13,2023-02-05T12:00,bcl,Big Cliff,1.08,1.08,0.0,1201.89,1108.72,93.17,7.7
2023-02-05,14,2023-02-05T13:00,bcl,Big Cliff,1.08,1.08,0.0,1201.23,1108.77,92.46,7.6
2023-02-05,15,2023-02-05T14:00,bcl,Big Cliff,1.07,1.07,0.0,1200.57,1108.78,91.79,7.5
2023-02-05,16,2023-02-05T15:00,bcl,Big Cliff,1.09,1.09,0.0,1199.94,1108.75,91.19,7.6
2023-02-05,17,2023-02-05T16:00,bcl,Big Cliff,1.09,1.09,0.0,1199.26,1108.73,90.53,7.5
2023-02-05,18,2023-02-05T17:00,bcl,Big Cliff,1.08,1.08,0.0,1198.62,1108.74,89.88,7.4
2023-02-05,19,2023-02-05T18:00,bcl,Big Cliff,1.07,1.07,0.0,1197.97,1108.74,89.23,7.3
2023-02-05,20,2023-02-05T19:00,bcl,Big Cliff,1.07,1.07,0.0,1197.33,1108.75,88.58,7.2
2023-02-05,21,2023-02-05T20:00,bcl,Big Cliff,1.06,1.06,0.0,1198.28,1108.7,89.58,7.2
2023-02-05,22,2023-02-05T21:00,bcl,Big Cliff,1.07,1.07,0.0,1199.53,1108.71,90.82,7.4
2023-02-05,23,2023-02-05T22:00,bcl,Big Cliff,1.09,1.09,0.0,1200.63,1108.74,91.89,7.6
2023-02-05,24,2023-02-05T23:00,bcl,Big Cliff,1.08,1.08,0.0,1201.55,1108.74,92.81,7.6
2023-02-06,1,2023-02-06T00:00,bcl,Big Cliff,1.09,1.09,0.0,1202.04,1108.75,93.29,7.8
2023-02-06,2,2023-02-06T01:00,bcl,Big Cliff,1.08,1.08,0.0,1201.42,1108.76,92.66,7.6
2023-02-06,3,2023-02-06T02:00,bcl,Big Cliff,1.08,1.08,0.0,1200.8,1108.78,92.02,7.6
2023-02-06,4,2023-02-06T03:00,bcl,Big Cliff,1.07,1.07,0.0,1200.19,1108.78,91.41,7.5
2023-02-06,5,2023-02-06T04:00,bcl,Big Cliff,1.08,1.08,0.0,1199.55,1108.79,90.76,7.5
2023-02-06,6,2023-02-06T05:00,bcl,Big Cliff,1.09,1.09,0.0,1198.93,1108.77,90.16,7.5
2023-02-06,7,2023-02-06T06:00,bcl,Big Cliff,1.07,1.07,0.0,1198.34,1108.76,89.58,7.3
2023-02-06,8,2023-02-06T07:00,bcl,Big Cliff,1.06,1.06,0.0,1199.23,1108.72,90.51,7.3
2023-02-06,9,2023-02-06T08:00,bcl,Big Cliff,1.06,1.06,0.0,1200.22,1108.72,91.5,7.4
2023-02-06,10,2023-02-06T09:00,bcl,Big Cliff,1.08,1.08,0.0,1201.18,1108.77,92.41,7.6
2023-02-06,11,2023-02-06T10:00,bcl,Big Cliff,1.08,1.08,0.0,1202.12,1108.8,93.32,7.7
2023-02-06,12,2023-02-06T11:00,bcl,Big Cliff,1.07,1.07,0.0,1203.03,1108.79,94.24,7.7
2023-02-06,13,2023-02-06T12:00,bcl,Big Cliff,1.09,1.09,0.0,1202.48,1108.74,93.74,7.8
2023-02-06,14,2023-02-06T13:00,bcl,Big Cliff,1.1,1.1,0.0,1201.83,1108.73,93.1,7.8
2023-02-06,15,2023-02-06T14:00,bcl,Big Cliff,1.08,1.08,0.0,1201.22,1108.8,92.42,7.6
2023-02-06,16,2023-02-06T15:00,bcl,Big Cliff,1.09,1.09,0.0,1200.56,1108.74,91.82,7.6
2023-02-06,17,2023-02-06T16:00,bcl,Big Cliff,1.11,1.11,0.0,1199.91,1108.82,91.09,7.7
2023-02-06,18,2023-02-06T17:00,bcl,Big Cliff,1.06,1.06,0.0,1199.28,1108.74,90.54,7.3
2023-02-06,19,2023-02-06T18:00,bcl,Big Cliff,1.06,1.06,0.0,1198.64,1108.7,89.94,7.3
2023-02-06,20,2023-02-06T19:00,bcl,Big Cliff,1.05,1.05,0.0,1198.01,1108.65,89.36,7.2
2023-02-06,21,2023-02-06T20:00,bcl,Big Cliff,1.04,1.04,0.0,1197.67,1108.74,88.93,7.1
2023-02-06,22,2023-02-06T21:00,bcl,Big Cliff,1.04,1.04,0.0,1198.69,1108.71,89.98,7.1
2023-02-06,23,2023-02-06T22:00,bcl,Big Cliff,1.05,1.05,0.0,1199.64,1108.71,90.93,7.3
2023-02-06,24,2023-02-06T23:00,bcl,Big Cliff,1.05,1.05,0.0,1200.56,1108.69,91.87,7.4
2023-02-07,1,2023-02-07T00:00,bcl,Big Cliff,1.08,1.08,0.0,1201.42,1108.75,92.67,7.6
2023-02-07,2,2023-02-07T01:00,bcl,Big Cliff,1.07,1.07,0.0,1200.93,1108.77,92.16,7.5
2023-02-07,3,2023-02-07T02:00,bcl,Big Cliff,1.06,1.06,0.0,1200.22,1108.71,91.51,7.4
2023-02-07,4,2023-02-07T03:00,bcl,Big Cliff,1.08,1.08,0.0,1199.59,1108.69,90.9,7.5
2023-02-07,5,2023-02-07T04:00,bcl,Big Cliff,1.06,1.06,0.0,1198.95,1108.74,90.21,7.3
2023-02-07,6,2023-02-07T05:00,bcl,Big Cliff,1.06,1.06,0.0,1198.29,1108.72,89.57,7.2
2023-02-07,7,2023-02-07T06:00,bcl,Big Cliff,1.05,1.05,0.0,1197.67,1108.7,88.97,7.1
2023-02-07,8,2023-02-07T07:00,bcl,Big Cliff,1.04,1.04,0.0,1198.53,1108.65,89.88,7.1
2023-02-07,9,2023-02-07T08:00,bcl,Big Cliff,1.07,1.07,0.0,1199.52,1108.73,90.79,7.4
2023-02-07,10,2023-02-07T09:00,bcl,Big Cliff,1.07,1.07,0.0,1200.47,1108.75,91.72,7.5
2023-02-07,11,2023-02-07T10:00,bcl,Big Cliff,1.07,1.07,0.0,1201.39,1108.74,92.65,7.6
2023-02-07,12,2023-02-07T11:00,bcl,Big Cliff,1.09,1.09,0.0,1202.31,1108.72,93.59,7.8
2023-02-07,13,2023-02-07T12:00,bcl,Big Cliff,1.08,1.08,0.0,1203.2,1108.74,94.46,7.8
2023-02-07,14,2023-02-07T13:00,bcl,Big Cliff,1.06,1.06,0.0,1202.68,1108.69,93.99,7.6
2023-02-07,15,2023-02-07T14:00,bcl,Big Cliff,1.09,1.09,0.0,1202.05,1108.75,93.3,7.8
2023-02-07,16,2023-02-07T15:00,bcl,Big Cliff,1.12,1.12,0.0,1201.42,1108.78,92.64,7.9
2023-02-07,17,2023-02-07T16:00,bcl,Big Cliff,1.09,1.09,0.0,1200.79,1108.78,92.01,7.7
2023-02-07,18,2023-02-07T17:00,bcl,Big Cliff,1.07,1.07,0.0,1200.2,1108.69,91.51,7.5
2023-02-07,19,2023-02-07T18:00,bcl,Big Cliff,1.05,1.05,0.0,1199.63,1108.73,90.9,7.3
2023-02-07,20,2023-02-07T19:00,bcl,Big Cliff,1.06,1.06,0.0,1199.04,1108.71,90.33,7.3
2023-02-07,21,2023-02-07T20:00,bcl,Big Cliff,1.06,1.06,0.0,1198.44,1108.69,89.75,7.3
2023-02-07,22,2023-02-07T21:00,bcl,Big Cliff,1.06,1.06,0.0,1199.26,1108.7,90.56,7.3
2023-02-07,23,2023-02-07T22:00,bcl,Big Cliff,1.06,1.06,0.0,1200.27,1108.73,91.54,7.4
2023-02-07,24,2023-02-07T23:00,bcl,Big Cliff,1.05,1.05,0.0,1201.23,1108.68,92.55,7.4
2023-02-08,1,2023-02-08T00:00,bcl,Big Cliff,1.06,1.06,0.0,1202.19,1108.74,93.45,7.6
2023-02-08,2,2023-02-08T01:00,bcl,Big Cliff,1.06,1.06,0.0,1201.75,1108.72,93.03,7.5
2023-02-08,3,2023-02-08T02:00,bcl,Big Cliff,1.08,1.08,0.0,1201.09,1108.77,92.32,7.6
2023-02-08,4,2023-02-08T03:00,bcl,Big Cliff,1.07,1.07,0.0,1200.52,1108.75,91.77,7.5
2023-02-08,5,2023-02-08T04:00,bcl,Big Cliff,1.07,1.07,0.0,1199.89,1108.73,91.16,7.4
2023-02-08,6,2023-02-08T05:00,bcl,Big Cliff,1.07,1.07,0.0,1199.29,1108.69,90.6,7.4
2023-02-08,7,2023-02-08T06:00,bcl,Big Cliff,1.05,1.05,0.0,1198.73,1108.69,90.04,7.2
2023-02-08,8,2023-02-08T07:00,bcl,Big Cliff,1.03,1.03,0.0,1199.59,1108.67,90.92,7.1
2023-02-08,9,2023-02-08T08:00,bcl,Big Cliff,1.07,1.07,0.0,1200.49,1108.74,91.75,7.5
2023-02-08,10,2023-02-08T09:00,bcl,Big Cliff,1.07,1.07,0.0,1201.38,1108.75,92.63,7.6
2023-02-08,11,2023-02-08T10:00,bcl,Big Cliff,1.11,1.11,0.0,1202.21,1108.83,93.38,7.9
2023-02-08,12,2023-02-08T11:00,bcl,Big Cliff,1.12,1.12,0.0,1203.04,1108.78,94.26,8.1
2023-02-08,13,2023-02-08T12:00,bcl,Big Cliff,1.11,1.11,0.0,1203.87,1108.84,95.03,8.0
2023-02-08,14,2023-02-08T13:00,bcl,Big Cliff,1.06,1.06,0.0,1203.35,1108.76,94.59,7.7
2023-02-08,15,2023-02-08T14:00,bcl,Big Cliff,1.05,1.05,0.0,1202.74,1108.67,94.07,7.5
2023-02-08,16,2023-02-08T15:00,bcl,Big Cliff,1.08,1.08,0.0,1202.18,1108.69,93.49,7.7
2023-02-08,17,2023-02-08T16:00,bcl,Big Cliff,1.08,1.08,0.0,1201.54,1108.73,92.81,7.6
2023-02-08,18,2023-02-08T17:00,bcl,Big Cliff,1.06,1.06,0.0,1200.95,1108.72,92.23,7.5
2023-02-08,19,2023-02-08T18:00,bcl,Big Cliff,1.03,1.03,0.0,1200.36,1108.69,91.67,7.2
2023-02-08,20,2023-02-08T19:00,bcl,Big Cliff,1.03,1.03,0.0,1199.78,1108.71,91.07,7.2
2023-02-08,21,2023-02-08T20:00,bcl,Big Cliff,1.02,1.02,0.0,1199.16,1108.68,90.48,7.0
2023-02-08,22,2023-02-08T21:00,bcl,Big Cliff,1.05,1.05,0.0,1199.15,1108.7,90.45,7.2
2023-02-08,23,2023-02-08T22:00,bcl,Big Cliff,1.06,1.06,0.0,1200.11,1108.72,91.39,7.4
2023-02-08,24,2023-02-08T23:00,bcl,Big Cliff,1.05,1.05,0.0,1201.06,1108.7,92.36,7.4
2023-02-09,1,2023-02-09T00:00,bcl,Big Cliff,1.06,1.06,0.0,1201.93,1108.75,93.18,7.5
2023-02-09,2,2023-02-09T01:00,bcl,Big Cliff,1.06,1.06,0.0,1201.18,1108.78,92.4,7.5
2023-02-09,3,2023-02-09T02:00,bcl,Big Cliff,1.05,1.05,0.0,1200.61,1108.74,91.87,7.4
2023-02-09,4,2023-02-09T03:00,bcl,Big Cliff,1.07,1.07,0.0,1199.93,1108.73,91.2,7.4
2023-02-09,5,2023-02-09T04:00,bcl,Big Cliff,1.07,1.07,0.0,1199.33,1108.71,90.62,7.4
2023-02-09,6,2023-02-09T05:00,bcl,Big Cliff,1.07,1.07,0.0,1198.68,1108.72,89.96,7.3
2023-02-09,7,2023-02-09T06:00,bcl,Big Cliff,1.07,1.07,0.0,1198.07,1108.73,89.34,7.3
2023-02-09,8,2023-02-09T07:00,bcl,Big Cliff,1.04,1.04,0.0,1198.89,1108.65,90.24,7.2
2023-02-09,9,2023-02-09T08:00,bcl,Big Cliff,1.06,1.06,0.0,1199.87,1108.71,91.16,7.4
2023-02-09,10,2023-02-09T09:00,bcl,Big Cliff,1.04,1.04,0.0,1200.81,1108.71,92.1,7.3
2023-02-09,11,2023-02-09T10:00,bcl,Big Cliff,1.06,1.06,0.0,1201.74,1108.72,93.02,7.5
2023-02-09,12,2023-02-09T11:00,bcl,Big Cliff,1.06,1.06,0.0,1202.64,1108.7,93.94,7.6
2023-02-09,13,2023-02-09T12:00,bcl,Big Cliff,1.08,1.08,0.0,1203.53,1108.7,94.83,7.8
2023-02-09,14,2023-02-09T13:00,bcl,Big Cliff,1.06,1.06,0.0,1202.98,1108.69,94.29,7.6
2023-02-09,15,2023-02-09T14:00,bcl,Big Cliff,1.07,1.07,0.0,1202.34,1108.74,93.6,7.6
2023-02-09,16,2023-02-09T15:00,bcl,Big Cliff,1.1,1.1,0.0,1201.73,1108.77,92.96,7.8
2023-02-09,17,2023-02-09T16:00,bcl,Big Cliff,1.11,1.11,0.0,1201.06,1108.79,92.27,7.8
2023-02-09,18,2023-02-09T17:00,bcl,Big Cliff,1.08,1.08,0.0,1200.42,1108.71,91.71,7.6
2023-02-09,19,2023-02-09T18:00,bcl,Big Cliff,1.06,1.06,0.0,1199.79,1108.71,91.08,7.4
2023-02-09,20,2023-02-09T19:00,bcl,Big Cliff,1.06,1.06,0.0,1199.15,1108.75,90.4,7.3
2023-02-09,21,2023-02-09T20:00,bcl,Big Cliff,1.05,1.05,0.0,1198.51,1108.71,89.8,7.2
2023-02-09,22,2023-02-09T21:00,bcl,Big Cliff,1.06,1.06,0.0,1199.19,1108.71,90.48,7.3
2023-02-09,23,2023-02-09T22:00,bcl,Big Cliff,1.06,1.06,0.0,1200.15,1108.7,91.45,7.4
2023-02-09,24,2023-02-09T23:00,bcl,Big Cliff,1.06,1.06,0.0,1201.11,1108.73,92.38,7.5
2023-02-10,1,2023-02-10T00:00,bcl,Big Cliff,1.06,1.06,0.0,1202.0,1108.73,93.27,7.5
2023-02-10,2,2023-02-10T01:00,bcl,Big Cliff,1.06,1.06,0.0,1201.36,1108.71,92.65,7.5
2023-02-10,3,2023-02-10T02:00,bcl,Big Cliff,1.06,1.06,0.0,1200.74,1108.72,92.02,7.4
2023-02-10,4,2023-02-10T03:00,bcl,Big Cliff,1.05,1.05,0.0,1200.12,1108.73,91.39,7.3
2023-02-10,5,2023-02-10T04:00,bcl,Big Cliff,1.06,1.06,0.0,1199.47,1108.77,90.7,7.3
2023-02-10,6,2023-02-10T05:00,bcl,Big Cliff,1.06,1.06,0.0,1198.82,1108.71,90.11,7.3
2023-02-10,7,2023-02-10T06:00,bcl,Big Cliff,1.06,1.06,0.0,1198.21,1108.73,89.48,7.2
2023-02-10,8,2023-02-10T07:00,bcl,Big Cliff,1.02,1.02,0.0,1199.03,1108.69,90.34,7.0
2023-02-10,9,2023-02-10T08:00,bcl,Big Cliff,1.06,1.06,0.0,1199.99,1108.76,91.23,7.4
2023-02-10,10,2023-02-10T09:00,bcl,Big Cliff,1.07,1.07,0.0,1200.91,1108.78,92.13,7.5
2023-02-10,11,2023-02-10T10:00,bcl,Big Cliff,1.07,1.07,0.0,1201.81,1108.75,93.06,7.6
2023-02-10,12,2023-02-10T11:00,bcl,Big Cliff,1.09,1.09,0.0,1202.7,1108.82,93.88,7.8
2023-02-10,13,2023-02-10T12:00,bcl,Big Cliff,1.08,1.08,0.0,1203.55,1108.78,94.77,7.8
2023-02-10,14,2023-02-10T13:00,bcl,Big Cliff,1.1,1.1,0.0,1202.99,1108.76,94.23,7.9
2023-02-10,15,2023-02-10T14:00,bcl,Big Cliff,1.1,1.1,0.0,1202.32,1108.78,93.54,7.9
2023-02-10,16,2023-02-10T15:00,bcl,Big Cliff,1.13,1.13,0.0,1201.67,1108.84,92.83,8.0
2023-02-10,17,2023-02-10T16:00,bcl,Big Cliff,1.11,1.11,0.0,1201.0,1108.8,92.2,7.8
2023-02-10,18,2023-02-10T17:00,bcl,Big Cliff,1.06,1.06,0.0,1200.36,1108.75,91.61,7.4
2023-02-10,19,2023-02-10T18:00,bcl,Big Cliff,1.07,1.07,0.0,1199.71,1108.75,90.96,7.4
2023-02-10,20,2023-02-10T19:00,bcl,Big Cliff,1.06,1.06,0.0,1199.06,1108.72,90.34,7.3
2023-02-10,21,2023-02-10T20:00,bcl,Big Cliff,1.04,1.04,0.0,1198.42,1108.7,89.72,7.1
2023-02-10,22,2023-02-10T21:00,bcl,Big Cliff,1.06,1.06,0.0,1198.46,1108.73,89.73,7.3
2023-02-10,23,2023-02-10T22:00,bcl,Big Cliff,1.05,1.05,0.0,1199.48,1108.73,90.75,7.3
2023-02-10,24,2023-02-10T23:00,bcl,Big Cliff,1.06,1.06,0.0,1200.41,1108.71,91.7,7.4
2023-02-11,1,2023-02-11T00:00,bcl,Big Cliff,1.08,1.08,0.0,1201.3,1108.77,92.53,7.6
2023-02-11,2,2023-02-11T01:00,bcl,Big Cliff,1.07,1.07,0.0,1200.61,1108.74,91.87,7.5
2023-02-11,3,2023-02-11T02:00,bcl,Big Cliff,1.08,1.08,0.0,1199.97,1108.76,91.21,7.5
2023-02-11,4,2023-02-11T03:00,bcl,Big Cliff,1.06,1.06,0.0,1199.33,1108.75,90.58,7.3
2023-02-11,5,2023-02-11T04:00,bcl,Big Cliff,1.07,1.07,0.0,1198.65,1108.78,89.87,7.3
2023-02-11,6,2023-02-11T05:00,bcl,Big Cliff,1.06,1.06,0.0,1197.99,1108.71,89.28,7.2
2023-02-11,7,2023-02-11T06:00,bcl,Big Cliff,1.06,1.06,0.0,1197.34,1108.75,88.59,7.2
2023-02-11,8,2023-02-11T07:00,bcl,Big Cliff,1.05,1.05,0.0,1198.12,1108.76,89.36,7.2
2023-02-11,9,2023-02-11T08:00,bcl,Big Cliff,1.06,1.06,0.0,1199.09,1108.7,90.39,7.3
2023-02-11,10,2023-02-11T09:00,bcl,Big Cliff,1.06,1.06,0.0,1200.03,1108.77,91.26,7.4
2023-02-11,11,2023-02-11T10:00,bcl,Big Cliff,1.06,1.06,0.0,1200.93,1108.75,92.18,7.5
2023-02-11,12,2023-02-11T11:00,bcl,Big Cliff,1.06,1.06,0.0,1201.81,1108.69,93.12,7.5
2023-02-11,13,2023-02-11T12:00,bcl,Big Cliff,1.06,1.06,0.0,1202.65,1108.76,93.89,7.6
2023-02-11,14,2023-02-11T13:00,bcl,Big Cliff,1.09,1.09,0.0,1202.09,1108.74,93.35,7.8
2023-02-11,15,2023-02-11T14:00,bcl,Big Cliff,1.09,1.09,0.0,1201.43,1108.77,92.66,7.7
2023-02-11,16,2023-02-11T15:00,bcl,Big Cliff,1.1,1.1,0.0,1200.78,1108.81,91.97,7.7
2023-02-11,17,2023-02-11T16:00,bcl,Big Cliff,1.12,1.12,0.0,1200.1,1108.8,91.3,7.8
2023-02-11,18,2023-02-11T17:00,bcl,Big Cliff,1.07,1.07,0.0,1199.44,1108.76,90.68,7.4
2023-02-11,19,2023-02-11T18:00,bcl,Big Cliff,1.06,1.06,0.0,1198.78,1108.73,90.05,7.3
2023-02-11,20,2023-02-11T19:00,bcl,Big Cliff,1.06,1.06,0.0,1198.11,1108.77,89.34,7.2
2023-02-11,21,2023-02-11T20:00,bcl,Big Cliff,1.07,1.07,0.0,1197.43,1108.71,88.72,7.2
2023-02-11,22,2023-02-11T21:00,bcl,Big Cliff,1.06,1.06,0.0,1198.07,1108.71,89.36,7.2
2023-02-11,23,2023-02-11T22:00,bcl,Big Cliff,1.06,1.06,0.0,1199.02,1108.73,90.29,7.3
2023-02-11,24,2023-02-11T23:00,bcl,Big Cliff,1.05,1.05,0.0,1199.97,1108.75,91.22,7.3
2023-02-12,1,2023-02-12T00:00,bcl,Big Cliff,1.06,1.06,0.0,1200.88,1108.73,92.15,7.5
2023-02-12,2,2023-02-12T01:00,bcl,Big Cliff,1.07,1.07,0.0,1200.89,1108.77,92.12,7.5
2023-02-12,3,2023-02-12T02:00,bcl,Big Cliff,1.08,1.08,0.0,1200.3,1108.74,91.56,7.5
2023-02-12,4,2023-02-12T03:00,bcl,Big Cliff,1.08,1.08,0.0,1199.62,1108.77,90.85,7.5
2023-02-12,5,2023-02-12T04:00,bcl,Big Cliff,1.07,1.07,0.0,1198.96,1108.74,90.22,7.4
2023-02-12,6,2023-02-12T05:00,bcl,Big Cliff,1.06,1.06,0.0,1198.29,1108.74,89.55,7.2
2023-02-12,7,2023-02-12T06:00,bcl,Big Cliff,1.06,1.06,0.0,1197.64,1108.69,88.95,7.2
2023-02-12,8,2023-02-12T07:00,bcl,Big Cliff,1.06,1.06,0.0,1198.43,1108.72,89.71,7.3
2023-02-12,9,2023-02-12T08:00,bcl,Big Cliff,1.06,1.06,0.0,1199.37,1108.7,90.67,7.3
2023-02-12,10,2023-02-12T09:00,bcl,Big Cliff,1.06,1.06,0.0,1200.29,1108.74,91.55,7.4
2023-02-12,11,2023-02-12T10:00,bcl,Big Cliff,1.07,1.07,0.0,1201.17,1108.74,92.43,7.5
2023-02-12,12,2023-02-12T11:00,bcl,Big Cliff,1.07,1.07,0.0,1202.04,1108.79,93.25,7.6
2023-02-12,13,2023-02-12T12:00,bcl,Big Cliff,1.06,1.06,0.0,1202.88,1108.76,94.12,7.6
2023-02-12,14,2023-02-12T13:00,bcl,Big Cliff,1.07,1.07,0.0,1202.32,1108.75,93.57,7.6
2023-02-12,15,2023-02-12T14:00,bcl,Big Cliff,1.08,1.08,0.0,1201.65,1108.83,92.82,7.6
2023-02-12,16,2023-02-12T15:00,bcl,Big Cliff,1.09,1.09,0.0,1201.01,1108.75,92.26,7.7
2023-02-12,17,2023-02-12T16:00,bcl,Big Cliff,1.08,1.08,0.0,1200.35,1108.71,91.64,7.6
2023-02-12,18,2023-02-12T17:00,bcl,Big Cliff,1.06,1.06,0.0,1199.69,1108.71,90.98,7.4
2023-02-12,19,2023-02-12T18:00,bcl,Big Cliff,1.06,1.06,0.0,1199.03,1108.74,90.29,7.3
2023-02-12,20,2023-02-12T19:00,bcl,Big Cliff,1.1,1.1,0.0,1198.34,1108.73,89.61,7.5
2023-02-12,21,2023-02-12T20:00,bcl,Big Cliff,1.06,1.06,0.0,1197.66,1108.77,88.89,7.2
2023-02-12,22,2023-02-12T21:00,bcl,Big Cliff,1.05,1.05,0.0,1198.38,1108.7,89.68,7.2
2023-02-12,23,2023-02-12T22:00,bcl,Big Cliff,1.06,1.06,0.0,1199.35,1108.73,90.62,7.3
2023-02-12,24,2023-02-12T23:00,bcl,Big Cliff,1.09,1.09,0.0,1200.23,1108.79,91.44,7.6
2023-02-13,1,2023-02-13T00:00,bcl,Big Cliff,1.08,1.08,0.0,1201.15,1108.78,92.37,7.6
2023-02-13,2,2023-02-13T01:00,bcl,Big Cliff,1.1,1.1,0.0,1201.14,1108.79,92.35,7.8
2023-02-13,3,2023-02-13T02:00,bcl,Big Cliff,1.1,1.1,0.0,1200.56,1108.77,91.79,7.7
2023-02-13,4,2023-02-13T03:00,bcl,Big Cliff,1.08,1.08,0.0,1199.88,1108.69,91.19,7.5
2023-02-13,5,2023-02-13T04:00,bcl,Big Cliff,1.08,1.08,0.0,1199.22,1108.73,90.49,7.5
2023-02-13,6,2023-02-13T05:00,bcl,Big Cliff,1.09,1.09,0.0,1198.55,1108.77,89.78,7.5
2023-02-13,7,2023-02-13T06:00,bcl,Big Cliff,1.06,1.06,0.0,1197.9,1108.68,89.22,7.2
2023-02-13,8,2023-02-13T07:00,bcl,Big Cliff,1.03,1.03,0.0,1198.7,1108.65,90.05,7.1
2023-02-13,9,2023-02-13T08:00,bcl,Big Cliff,1.07,1.07,0.0,1199.66,1108.73,90.93,7.4
2023-02-13,10,2023-02-13T09:00,bcl,Big Cliff,1.09,1.09,0.0,1200.57,1108.74,91.83,7.6
2023-02-13,11,2023-02-13T10:00,bcl,Big Cliff,1.08,1.08,0.0,1201.47,1108.75,92.72,7.6
2023-02-13,12,2023-02-13T11:00,bcl,Big Cliff,1.1,1.1,0.0,1202.33,1108.75,93.58,7.9
2023-02-13,13,2023-02-13T12:00,bcl,Big Cliff,1.13,1.13,0.0,1203.19,1108.74,94.45,8.1
2023-02-13,14,2023-02-13T13:00,bcl,Big Cliff,1.14,1.14,0.0,1202.61,1108.8,93.81,8.2
2023-02-13,15,2023-02-13T14:00,bcl,Big Cliff,1.11,1.11,0.0,1201.95,1108.85,93.1,7.9
2023-02-13,16,2023-02-13T15:00,bcl,Big Cliff,1.11,1.11,0.0,1201.29,1108.84,92.45,7.8
2023-02-13,17,2023-02-13T16:00,bcl,Big Cliff,1.13,1.13,0.0,1200.61,1108.84,91.77,7.9
2023-02-13,18,2023-02-13T17:00,bcl,Big Cliff,1.09,1.09,0.0,1199.95,1108.78,91.17,7.6
2023-02-13,19,2023-02-13T18:00,bcl,Big Cliff,1.07,1.07,0.0,1199.31,1108.76,90.55,7.4
2023-02-13,20,2023-02-13T19:00,bcl,Big Cliff,1.09,1.09,0.0,1198.61,1108.71,89.9,7.5
2023-02-13,21,2023-02-13T20:00,bcl,Big Cliff,1.09,1.09,0.0,1197.96,1108.73,89.23,7.4
2023-02-13,22,2023-02-13T21:00,bcl,Big Cliff,1.06,1.06,0.0,1198.68,1108.78,89.9,7.3
2023-02-13,23,2023-02-13T22:00,bcl,Big Cliff,1.06,1.06,0.0,1199.67,1108.74,90.93,7.4
2023-02-13,24,2023-02-13T23:00,bcl,Big Cliff,1.08,1.08,0.0,1200.58,1108.74,91.84,7.6
2023-02-14,1,2023-02-14T00:00,bcl,Big Cliff,1.11,1.11,0.0,1201.47,1108.84,92.63,7.8
2023-02-14,2,2023-02-14T01:00,bcl,Big Cliff,1.09,1.09,0.0,1200.95,1108.75,92.2,7.7
2023-02-14,3,2023-02-14T02:00,bcl,Big Cliff,1.07,1.07,0.0,1200.21,1108.75,91.46,7.5
2023-02-14,4,2023-02-14T03:00,bcl,Big Cliff,1.11,1.11,0.0,1199.57,1108.82,90.75,7.7
2023-02-14,5,2023-02-14T04:00,bcl,Big Cliff,1.11,1.11,0.0,1198.87,1108.75,90.12,7.6
2023-02-14,6,2023-02-14T05:00,bcl,Big Cliff,1.1,1.1,0.0,1198.18,1108.75,89.43,7.5
2023-02-14,7,2023-02-14T06:00,bcl,Big Cliff,1.09,1.09,0.0,1197.48,1108.78,88.7,7.4
2023-02-14,8,2023-02-14T07:00,bcl,Big Cliff,1.07,1.07,0.0,1196.78,1108.75,88.03,7.2
2023-02-14,9,2023-02-14T08:00,bcl,Big Cliff,1.08,1.08,0.0,1197.55,1108.75,88.8,7.3
2023-02-14,10,2023-02-14T09:00,bcl,Big Cliff,1.1,1.1,0.0,1198.51,1108.82,89.69,7.5
2023-02-14,11,2023-02-14T10:00,bcl,Big Cliff,1.12,1.12,0.0,1199.44,1108.76,90.68,7.7
2023-02-14,12,2023-02-14T11:00,bcl,Big Cliff,1.08,1.08,0.0,1200.32,1108.85,91.47,7.5
2023-02-14,13,2023-02-14T12:00,bcl,Big Cliff,1.09,1.09,0.0,1201.19,1108.75,92.44,7.7
2023-02-14,14,2023-02-14T13:00,bcl,Big Cliff,1.11,1.11,0.0,1202.03,1108.79,93.24,7.9
2023-02-14,15,2023-02-14T14:00,bcl,Big Cliff,1.11,1.11,0.0,1201.45,1108.78,92.67,7.8
2023-02-14,16,2023-02-14T15:00,bcl,Big Cliff,1.11,1.11,0.0,1200.78,1108.87,91.91,7.8
2023-02-14,17,2023-02-14T16:00,bcl,Big Cliff,1.12,1.12,0.0,1200.06,1108.78,91.28,7.8
2023-02-14,18,2023-02-14T17:00,bcl,Big Cliff,1.11,1.11,0.0,1199.38,1108.81,90.57,7.7
2023-02-14,19,2023-02-14T18:00,bcl,Big Cliff,1.08,1.08,0.0,1198.7,1108.76,89.94,7.4
2023-02-14,20,2023-02-14T19:00,bcl,Big Cliff,1.08,1.08,0.0,1198.02,1108.81,89.21,7.4
2023-02-14,21,2023-02-14T20:00,bcl,Big Cliff,1.06,1.06,0.0,1197.33,1108.75,88.58,7.2
2023-02-14,22,2023-02-14T21:00,bcl,Big Cliff,1.07,1.07,0.0,1198.35,1108.75,89.6,7.3
2023-02-14,23,2023-02-14T22:00,bcl,Big Cliff,1.07,1.07,0.0,1199.29,1108.84,90.45,7.4
2023-02-14,24,2023-02-14T23:00,bcl,Big Cliff,1.09,1.09,0.0,1200.21,1108.79,91.42,7.6
2023-02-15,1,2023-02-15T00:00,bcl,Big Cliff,1.09,1.09,0.0,1201.1,1108.77,92.33,7.7
2023-02-15,2,2023-02-15T01:00,bcl,Big Cliff,1.11,1.11,0.0,1201.06,1108.8,92.26,7.8
2023-02-15,3,2023-02-15T02:00,bcl,Big Cliff,1.11,1.11,0.0,1200.47,1108.78,91.69,7.8
2023-02-15,4,2023-02-15T03:00,bcl,Big Cliff,1.12,1.12,0.0,1199.75,1108.76,90.99,7.8
2023-02-15,5,2023-02-15T04:00,bcl,Big Cliff,1.11,1.11,0.0,1199.07,1108.75,90.32,7.6
2023-02-15,6,2023-02-15T05:00,bcl,Big Cliff,1.1,1.1,0.0,1198.37,1108.76,89.61,7.5
2023-02-15,7,2023-02-15T06:00,bcl,Big Cliff,1.11,1.11,0.0,1197.66,1108.79,88.87,7.5
2023-02-15,8,2023-02-15T07:00,bcl,Big Cliff,1.06,1.06,0.0,1196.99,1108.72,88.27,7.1
2023-02-15,9,2023-02-15T08:00,bcl,Big Cliff,1.07,1.07,0.0,1197.75,1108.74,89.01,7.3
2023-02-15,10,2023-02-15T09:00,bcl,Big Cliff,1.08,1.08,0.0,1198.69,1108.74,89.95,7.4
2023-02-15,11,2023-02-15T10:00,bcl,Big Cliff,1.06,1.06,0.0,1199.6,1108.73,90.87,7.3
2023-02-15,12,2023-02-15T11:00,bcl,Big Cliff,1.09,1.09,0.0,1200.47,1108.78,91.69,7.6
2023-02-15,13,2023-02-15T12:00,bcl,Big Cliff,1.08,1.08,0.0,1201.33,1108.74,92.59,7.6
2023-02-15,14,2023-02-15T13:00,bcl,Big Cliff,1.16,1.16,0.0,1202.15,1108.84,93.31,8.3
2023-02-15,15,2023-02-15T14:00,bcl,Big Cliff,1.19,1.19,0.0,1201.51,1108.88,92.63,8.4
2023-02-15,16,2023-02-15T15:00,bcl,Big Cliff,1.26,1.26,0.0,1200.75,1109.06,91.69,8.8
2023-02-15,17,2023-02-15T16:00,bcl,Big Cliff,1.35,1.35,0.0,1199.88,1109.14,90.74,9.3
2023-02-15,18,2023-02-15T17:00,bcl,Big Cliff,1.38,1.38,0.0,1199.0,1109.25,89.75,9.5
2023-02-15,19,2023-02-15T18:00,bcl,Big Cliff,1.39,1.39,0.0,1198.1,1109.19,88.91,9.4
2023-02-15,20,2023-02-15T19:00,bcl,Big Cliff,1.38,1.38,0.0,1197.17,1109.2,87.97,9.3
2023-02-15,21,2023-02-15T20:00,bcl,Big Cliff,1.39,1.39,0.0,1196.2,1109.21,86.99,9.2
2023-02-15,22,2023-02-15T21:00,bcl,Big Cliff,1.39,1.39,0.0,1196.63,1109.22,87.41,9.3
2023-02-15,23,2023-02-15T22:00,bcl,Big Cliff,1.4,1.4,0.0,1197.37,1109.21,88.16,9.4
2023-02-15,24,2023-02-15T23:00,bcl,Big Cliff,1.4,1.4,0.0,1198.12,1109.25,88.87,9.5
2023-02-16,1,2023-02-16T00:00,bcl,Big Cliff,1.4,1.4,0.0,1198.81,1109.21,89.6,9.6
2023-02-16,2,2023-02-16T01:00,bcl,Big Cliff,1.4,1.4,0.0,1199.52,1109.23,90.29,9.6
2023-02-16,3,2023-02-16T02:00,bcl,Big Cliff,1.43,1.43,0.0,1200.27,1109.29,90.98,9.9
2023-02-16,4,2023-02-16T03:00,bcl,Big Cliff,1.43,1.43,0.0,1201.13,1109.3,91.83,10.0
2023-02-16,5,2023-02-16T04:00,bcl,Big Cliff,1.44,1.44,0.0,1201.96,1109.29,92.67,10.2
2023-02-16,6,2023-02-16T05:00,bcl,Big Cliff,1.45,1.45,0.0,1202.76,1109.31,93.45,10.3
2023-02-16,7,2023-02-16T06:00,bcl,Big Cliff,1.63,0.57,1.06,1201.76,1109.7,92.06,4.0
2023-02-16,8,2023-02-16T07:00,bcl,Big Cliff,1.61,0.0,1.61,1200.73,1109.68,91.05,0.0
2023-02-16,9,2023-02-16T08:00,bcl,Big Cliff,1.65,0.0,1.65,1199.68,1109.68,90.0,0.0
2023-02-16,10,2023-02-16T09:00,bcl,Big Cliff,1.64,0.0,1.64,1198.57,1109.66,88.91,0.0
2023-02-16,11,2023-02-16T10:00,bcl,Big Cliff,1.63,0.0,1.63,1197.46,1109.64,87.82,0.0
2023-02-16,12,2023-02-16T11:00,bcl,Big Cliff,1.61,0.0,1.61,1196.34,1109.66,86.68,0.0
2023-02-16,13,2023-02-16T12:00,bcl,Big Cliff,1.6,0.0,1.6,1195.17,1109.66,85.51,0.0
2023-02-16,14,2023-02-16T13:00,bcl,Big Cliff,1.59,0.0,1.59,1193.99,1109.59,84.4,0.0
2023-02-16,15,2023-02-16T14:00,bcl,Big Cliff,1.58,0.0,1.58,1192.79,1109.6,83.19,0.0
2023-02-16,16,2023-02-16T15:00,bcl,Big Cliff,1.57,0.0,1.57,1191.56,1109.6,81.96,0.0
2023-02-16,17,2023-02-16T16:00,bcl,Big Cliff,1.56,0.0,1.56,1190.33,1109.57,80.76,0.0
2023-02-16,18,2023-02-16T17:00,bcl,Big Cliff,1.53,0.0,1.53,1189.07,1109.54,79.53,0.0
2023-02-16,19,2023-02-16T18:00,bcl,Big Cliff,1.52,0.0,1.52,1188.83,1109.52,79.31,0.0
2023-02-16,20,2023-02-16T19:00,bcl,Big Cliff,1.55,0.0,1.55,1189.93,1109.52,80.41,0.0
2023-02-16,21,2023-02-16T20:00,bcl,Big Cliff,1.56,0.0,1.56,1191.07,1109.57,81.5,0.0
2023-02-16,22,2023-02-16T21:00,bcl,Big Cliff,1.57,0.0,1.57,1192.15,1109.56,82.59,0.0
2023-02-16,23,2023-02-16T22:00,bcl,Big Cliff,1.58,0.0,1.58,1193.21,1109.62,83.59,0.0
2023-02-16,24,2023-02-16T23:00,bcl,Big Cliff,1.59,0.0,1.59,1194.22,1109.61,84.61,0.0
2023-02-17,1,2023-02-17T00:00,bcl,Big Cliff,1.6,0.0,1.6,1195.21,1109.62,85.59,0.0
2023-02-17,2,2023-02-17T01:00,bcl,Big Cliff,1.61,0.0,1.61,1196.25,1109.65,86.6,0.0
2023-02-17,3,2023-02-17T02:00,bcl,Big Cliff,1.63,0.0,1.63,1197.27,1109.67,87.6,0.0
2023-02-17,4,2023-02-17T03:00,bcl,Big Cliff,1.63,0.0,1.63,1198.28,1109.64,88.64,0.0
2023-02-17,5,2023-02-17T04:00,bcl,Big Cliff,1.63,0.0,1.63,1199.17,1109.69,89.48,0.0
2023-02-17,6,2023-02-17T05:00,bcl,Big Cliff,1.64,0.0,1.64,1199.91,1109.7,90.21,0.0
2023-02-17,7,2023-02-17T06:00,bcl,Big Cliff,1.65,0.0,1.65,1200.62,1109.7,90.92,0.0
2023-02-17,8,2023-02-17T07:00,bcl,Big Cliff,1.65,0.0,1.65,1201.3,1109.68,91.62,0.0
2023-02-17,9,2023-02-17T08:00,bcl,Big Cliff,1.65,0.0,1.65,1200.21,1109.7,90.51,0.0
2023-02-17,10,2023-02-17T09:00,bcl,Big Cliff,1.51,0.47,1.04,1199.16,1109.39,89.77,3.2
2023-02-17,11,2023-02-17T10:00,bcl,Big Cliff,1.49,1.49,0.0,1198.17,1109.36,88.81,10.1
2023-02-17,12,2023-02-17T11:00,bcl,Big Cliff,1.47,1.47,0.0,1197.18,1109.37,87.81,9.8
2023-02-17,13,2023-02-17T12:00,bcl,Big Cliff,1.46,1.46,0.0,1196.15,1109.38,86.77,9.7
2023-02-17,14,2023-02-17T13:00,bcl,Big Cliff,1.43,1.43,0.0,1195.1,1109.32,85.78,9.4
2023-02-17,15,2023-02-17T14:00,bcl,Big Cliff,1.4,1.4,0.0,1194.06,1109.3,84.76,9.1
2023-02-17,16,2023-02-17T15:00,bcl,Big Cliff,1.4,1.4,0.0,1192.99,1109.23,83.76,8.9
2023-02-17,17,2023-02-17T16:00,bcl,Big Cliff,1.38,1.38,0.0,1191.93,1109.19,82.74,8.7
2023-02-17,18,2023-02-17T17:00,bcl,Big Cliff,1.34,1.34,0.0,1190.87,1109.11,81.76,8.4
2023-02-17,19,2023-02-17T18:00,bcl,Big Cliff,1.35,1.35,0.0,1190.91,1109.16,81.75,8.4
2023-02-17,20,2023-02-17T19:00,bcl,Big Cliff,1.36,1.36,0.0,1192.0,1109.18,82.82,8.6
2023-02-17,21,2023-02-17T20:00,bcl,Big Cliff,1.34,1.34,0.0,1193.1,1109.17,83.93,8.6
2023-02-17,22,2023-02-17T21:00,bcl,Big Cliff,1.35,1.35,0.0,1194.13,1109.15,84.98,8.8
2023-02-17,23,2023-02-17T22:00,bcl,Big Cliff,1.34,1.34,0.0,1195.16,1109.19,85.97,8.8
2023-02-17,24,2023-02-17T23:00,bcl,Big Cliff,1.35,1.35,0.0,1196.15,1109.16,86.99,9.0
2023-02-18,1,2023-02-18T00:00,bcl,Big Cliff,1.35,1.35,0.0,1197.15,1109.21,87.94,9.1
2023-02-18,2,2023-02-18T01:00,bcl,Big Cliff,1.35,1.35,0.0,1198.18,1109.14,89.04,9.2
2023-02-18,3,2023-02-18T02:00,bcl,Big Cliff,1.34,1.34,0.0,1199.19,1109.14,90.05,9.2
2023-02-18,4,2023-02-18T03:00,bcl,Big Cliff,1.32,1.32,0.0,1198.73,1109.15,89.58,9.0
2023-02-18,5,2023-02-18T04:00,bcl,Big Cliff,1.31,1.31,0.0,1197.87,1109.12,88.75,8.9
2023-02-18,6,2023-02-18T05:00,bcl,Big Cliff,1.31,1.31,0.0,1196.98,1109.14,87.84,8.8
2023-02-18,7,2023-02-18T06:00,bcl,Big Cliff,1.31,1.31,0.0,1196.07,1109.1,86.97,8.7
2023-02-18,8,2023-02-18T07:00,bcl,Big Cliff,1.27,1.27,0.0,1196.64,1109.03,87.61,8.5
2023-02-18,9,2023-02-18T08:00,bcl,Big Cliff,1.29,1.29,0.0,1197.43,1109.11,88.32,8.7
2023-02-18,10,2023-02-18T09:00,bcl,Big Cliff,1.26,1.26,0.0,1198.22,1109.0,89.22,8.6
2023-02-18,11,2023-02-18T10:00,bcl,Big Cliff,1.25,1.25,0.0,1197.57,1109.03,88.54,8.4
2023-02-18,12,2023-02-18T11:00,bcl,Big Cliff,1.19,1.19,0.0,1196.75,1108.97,87.78,8.0
2023-02-18,13,2023-02-18T12:00,bcl,Big Cliff,1.18,1.18,0.0,1195.93,1108.94,86.99,7.8
2023-02-18,14,2023-02-18T13:00,bcl,Big Cliff,1.19,1.19,0.0,1195.06,1108.93,86.13,7.8
2023-02-18,15,2023-02-18T14:00,bcl,Big Cliff,1.17,1.17,0.0,1194.21,1108.92,85.29,7.6
2023-02-18,16,2023-02-18T15:00,bcl,Big Cliff,1.15,1.15,0.0,1193.35,1108.84,84.51,7.4
2023-02-18,17,2023-02-18T16:00,bcl,Big Cliff,1.16,1.16,0.0,1194.06,1108.82,85.24,7.5
2023-02-18,18,2023-02-18T17:00,bcl,Big Cliff,1.12,1.12,0.0,1195.03,1108.77,86.26,7.4
2023-02-18,19,2023-02-18T18:00,bcl,Big Cliff,1.11,1.11,0.0,1194.53,1108.82,85.71,7.3
2023-02-18,20,2023-02-18T19:00,bcl,Big Cliff,1.11,1.11,0.0,1193.74,1108.8,84.94,7.2
2023-02-18,21,2023-02-18T20:00,bcl,Big Cliff,1.11,1.11,0.0,1192.91,1108.82,84.09,7.1
2023-02-18,22,2023-02-18T21:00,bcl,Big Cliff,1.09,1.09,0.0,1193.11,1108.77,84.34,7.0
2023-02-18,23,2023-02-18T22:00,bcl,Big Cliff,1.07,1.07,0.0,1194.48,1108.77,85.71,7.0
2023-02-18,24,2023-02-18T23:00,bcl,Big Cliff,1.08,1.08,0.0,1195.8,1108.76,87.04,7.2
2023-02-19,1,2023-02-19T00:00,bcl,Big Cliff,1.09,1.09,0.0,1197.05,1108.82,88.23,7.3
2023-02-19,2,2023-02-19T01:00,bcl,Big Cliff,1.11,1.11,0.0,1198.25,1108.77,89.48,7.6
2023-02-19,3,2023-02-19T02:00,bcl,Big Cliff,1.11,1.11,0.0,1197.68,1108.77,88.91,7.5
2023-02-19,4,2023-02-19T03:00,bcl,Big Cliff,1.13,1.13,0.0,1196.94,1108.78,88.16,7.6
2023-02-19,5,2023-02-19T04:00,bcl,Big Cliff,1.1,1.1,0.0,1196.17,1108.81,87.36,7.3
2023-02-19,6,2023-02-19T05:00,bcl,Big Cliff,1.1,1.1,0.0,1195.39,1108.78,86.61,7.3
2023-02-19,7,2023-02-19T06:00,bcl,Big Cliff,1.07,1.07,0.0,1194.62,1108.73,85.89,7.0
2023-02-19,8,2023-02-19T07:00,bcl,Big Cliff,1.07,1.07,0.0,1195.37,1108.7,86.67,7.1
2023-02-19,9,2023-02-19T08:00,bcl,Big Cliff,1.06,1.06,0.0,1196.34,1108.75,87.59,7.1
2023-02-19,10,2023-02-19T09:00,bcl,Big Cliff,1.07,1.07,0.0,1197.3,1108.78,88.52,7.2
2023-02-19,11,2023-02-19T10:00,bcl,Big Cliff,1.09,1.09,0.0,1198.22,1108.8,89.42,7.4
2023-02-19,12,2023-02-19T11:00,bcl,Big Cliff,1.09,1.09,0.0,1197.7,1108.81,88.89,7.4
2023-02-19,13,2023-02-19T12:00,bcl,Big Cliff,1.08,1.08,0.0,1196.98,1108.75,88.23,7.3
2023-02-19,14,2023-02-19T13:00,bcl,Big Cliff,1.07,1.07,0.0,1196.24,1108.77,87.47,7.1
2023-02-19,15,2023-02-19T14:00,bcl,Big Cliff,1.11,1.11,0.0,1195.46,1108.84,86.62,7.3
2023-02-19,16,2023-02-19T15:00,bcl,Big Cliff,1.1,1.1,0.0,1194.68,1108.82,85.86,7.2
2023-02-19,17,2023-02-19T16:00,bcl,Big Cliff,1.1,1.1,0.0,1195.41,1108.76,86.65,7.3
2023-02-19,18,2023-02-19T17:00,bcl,Big Cliff,1.09,1.09,0.0,1196.38,1108.78,87.6,7.3
2023-02-19,19,2023-02-19T18:00,bcl,Big Cliff,1.08,1.08,0.0,1195.89,1108.75,87.14,7.2
2023-02-19,20,2023-02-19T19:00,bcl,Big Cliff,1.06,1.06,0.0,1195.14,1108.73,86.41,7.0
2023-02-19,21,2023-02-19T20:00,bcl,Big Cliff,1.09,1.09,0.0,1194.36,1108.83,85.53,7.1
2023-02-19,22,2023-02-19T21:00,bcl,Big Cliff,1.07,1.07,0.0,1193.58,1108.74,84.84,6.9
2023-02-19,23,2023-02-19T22:00,bcl,Big Cliff,1.07,1.07,0.0,1194.43,1108.73,85.7,7.0
2023-02-19,24,2023-02-19T23:00,bcl,Big Cliff,1.07,1.07,0.0,1195.64,1108.79,86.85,7.1
2023-02-20,1,2023-02-20T00:00,bcl,Big Cliff,1.08,1.08,0.0,1196.83,1108.77,88.06,7.3
2023-02-20,2,2023-02-20T01:00,bcl,Big Cliff,1.09,1.09,0.0,1197.99,1108.75,89.24,7.4
2023-02-20,3,2023-02-20T02:00,bcl,Big Cliff,1.09,1.09,0.0,1197.62,1108.82,88.8,7.4
2023-02-20,4,2023-02-20T03:00,bcl,Big Cliff,1.1,1.1,0.0,1196.89,1108.82,88.07,7.4
2023-02-20,5,2023-02-20T04:00,bcl,Big Cliff,1.1,1.1,0.0,1196.13,1108.78,87.35,7.3
2023-02-20,6,2023-02-20T05:00,bcl,Big Cliff,1.09,1.09,0.0,1195.35,1108.78,86.57,7.2
2023-02-20,7,2023-02-20T06:00,bcl,Big Cliff,1.11,1.11,0.0,1194.59,1108.84,85.75,7.3
2023-02-20,8,2023-02-20T07:00,bcl,Big Cliff,1.07,1.07,0.0,1195.32,1108.76,86.56,7.1
2023-02-20,9,2023-02-20T08:00,bcl,Big Cliff,1.07,1.07,0.0,1196.29,1108.75,87.54,7.1
2023-02-20,10,2023-02-20T09:00,bcl,Big Cliff,1.08,1.08,0.0,1197.26,1108.78,88.48,7.3
2023-02-20,11,2023-02-20T10:00,bcl,Big Cliff,1.11,1.11,0.0,1198.19,1108.8,89.39,7.6
2023-02-20,12,2023-02-20T11:00,bcl,Big Cliff,1.11,1.11,0.0,1197.66,1108.79,88.87,7.5
2023-02-20,13,2023-02-20T12:00,bcl,Big Cliff,1.09,1.09,0.0,1196.94,1108.74,88.2,7.3
2023-02-20,14,2023-02-20T13:00,bcl,Big Cliff,1.09,1.09,0.0,1196.21,1108.84,87.37,7.3
2023-02-20,15,2023-02-20T14:00,bcl,Big Cliff,1.11,1.11,0.0,1195.44,1108.78,86.66,7.3
2023-02-20,16,2023-02-20T15:00,bcl,Big Cliff,1.11,1.11,0.0,1194.67,1108.77,85.9,7.3
2023-02-20,17,2023-02-20T16:00,bcl,Big Cliff,1.1,1.1,0.0,1195.39,1108.74,86.65,7.3
2023-02-20,18,2023-02-20T17:00,bcl,Big Cliff,1.07,1.07,0.0,1196.36,1108.77,87.59,7.2
2023-02-20,19,2023-02-20T18:00,bcl,Big Cliff,1.07,1.07,0.0,1195.88,1108.73,87.15,7.1
2023-02-20,20,2023-02-20T19:00,bcl,Big Cliff,1.07,1.07,0.0,1195.15,1108.84,86.31,7.0
2023-02-20,21,2023-02-20T20:00,bcl,Big Cliff,1.06,1.06,0.0,1194.39,1108.67,85.72,6.9
2023-02-20,22,2023-02-20T21:00,bcl,Big Cliff,1.06,1.06,0.0,1193.63,1108.73,84.9,6.9
2023-02-20,23,2023-02-20T22:00,bcl,Big Cliff,1.06,1.06,0.0,1194.56,1108.75,85.81,6.9
2023-02-20,24,2023-02-20T23:00,bcl,Big Cliff,1.08,1.08,0.0,1195.83,1108.8,87.03,7.2
2023-02-21,1,2023-02-21T00:00,bcl,Big Cliff,1.07,1.07,0.0,1197.08,1108.79,88.29,7.2
2023-02-21,2,2023-02-21T01:00,bcl,Big Cliff,1.12,1.12,0.0,1198.3,1108.79,89.51,7.6
2023-02-21,3,2023-02-21T02:00,bcl,Big Cliff,1.1,1.1,0.0,1197.69,1108.8,88.89,7.5
2023-02-21,4,2023-02-21T03:00,bcl,Big Cliff,1.09,1.09,0.0,1197.01,1108.75,88.26,7.3
2023-02-21,5,2023-02-21T04:00,bcl,Big Cliff,1.1,1.1,0.0,1196.29,1108.78,87.51,7.3
2023-02-21,6,2023-02-21T05:00,bcl,Big Cliff,1.09,1.09,0.0,1195.57,1108.77,86.8,7.2
2023-02-21,7,2023-02-21T06:00,bcl,Big Cliff,1.08,1.08,0.0,1194.87,1108.69,86.18,7.1
2023-02-21,8,2023-02-21T07:00,bcl,Big Cliff,1.06,1.06,0.0,1195.65,1108.74,86.91,7.0
2023-02-21,9,2023-02-21T08:00,bcl,Big Cliff,1.09,1.09,0.0,1196.65,1108.75,87.9,7.3
2023-02-21,10,2023-02-21T09:00,bcl,Big Cliff,1.08,1.08,0.0,1197.64,1108.78,88.86,7.3
2023-02-21,11,2023-02-21T10:00,bcl,Big Cliff,1.09,1.09,0.0,1198.59,1108.73,89.86,7.5
2023-02-21,12,2023-02-21T11:00,bcl,Big Cliff,1.12,1.12,0.0,1198.07,1108.79,89.28,7.6
2023-02-21,13,2023-02-21T12:00,bcl,Big Cliff,1.11,1.11,0.0,1197.39,1108.82,88.57,7.5
2023-02-21,14,2023-02-21T13:00,bcl,Big Cliff,1.09,1.09,0.0,1196.71,1108.77,87.94,7.3
2023-02-21,15,2023-02-21T14:00,bcl,Big Cliff,1.09,1.09,0.0,1196.02,1108.77,87.25,7.3
2023-02-21,16,2023-02-21T15:00,bcl,Big Cliff,1.11,1.11,0.0,1195.29,1108.81,86.48,7.3
2023-02-21,17,2023-02-21T16:00,bcl,Big Cliff,1.15,1.15,0.0,1196.07,1108.78,87.29,7.7
2023-02-21,18,2023-02-21T17:00,bcl,Big Cliff,1.11,1.11,0.0,1197.05,1108.76,88.29,7.5
2023-02-21,19,2023-02-21T18:00,bcl,Big Cliff,1.09,1.09,0.0,1196.59,1108.72,87.87,7.3
2023-02-21,20,2023-02-21T19:00,bcl,Big Cliff,1.06,1.06,0.0,1195.88,1108.74,87.14,7.0
2023-02-21,21,2023-02-21T20:00,bcl,Big Cliff,1.08,1.08,0.0,1195.15,1108.74,86.41,7.1
2023-02-21,22,2023-02-21T21:00,bcl,Big Cliff,1.06,1.06,0.0,1194.43,1108.69,85.74,6.9
2023-02-21,23,2023-02-21T22:00,bcl,Big Cliff,1.09,1.09,0.0,1195.07,1108.77,86.3,7.2
2023-02-21,24,2023-02-21T23:00,bcl,Big Cliff,1.09,1.09,0.0,1196.16,1108.73,87.43,7.3
2023-02-22,1,2023-02-22T00:00,bcl,Big Cliff,1.1,1.1,0.0,1197.26,1108.81,88.45,7.4
2023-02-22,2,2023-02-22T01:00,bcl,Big Cliff,1.11,1.11,0.0,1198.34,1108.8,89.54,7.6
2023-02-22,3,2023-02-22T02:00,bcl,Big Cliff,1.1,1.1,0.0,1197.76,1108.77,88.99,7.5
2023-02-22,4,2023-02-22T03:00,bcl,Big Cliff,1.12,1.12,0.0,1197.05,1108.81,88.24,7.5
2023-02-22,5,2023-02-22T04:00,bcl,Big Cliff,1.11,1.11,0.0,1196.32,1108.8,87.52,7.4
2023-02-22,6,2023-02-22T05:00,bcl,Big Cliff,1.09,1.09,0.0,1195.57,1108.78,86.79,7.2
2023-02-22,7,2023-02-22T06:00,bcl,Big Cliff,1.1,1.1,0.0,1194.84,1108.77,86.07,7.2
2023-02-22,8,2023-02-22T07:00,bcl,Big Cliff,1.06,1.06,0.0,1195.62,1108.72,86.9,7.0
2023-02-22,9,2023-02-22T08:00,bcl,Big Cliff,1.07,1.07,0.0,1196.6,1108.68,87.92,7.2
2023-02-22,10,2023-02-22T09:00,bcl,Big Cliff,1.11,1.11,0.0,1197.56,1108.81,88.75,7.5
2023-02-22,11,2023-02-22T10:00,bcl,Big Cliff,1.08,1.08,0.0,1198.5,1108.78,89.72,7.4
2023-02-22,12,2023-02-22T11:00,bcl,Big Cliff,1.1,1.1,0.0,1197.97,1108.78,89.19,7.5
2023-02-22,13,2023-02-22T12:00,bcl,Big Cliff,1.11,1.11,0.0,1197.27,1108.81,88.46,7.5
2023-02-22,14,2023-02-22T13:00,bcl,Big Cliff,1.12,1.12,0.0,1196.53,1108.81,87.72,7.5
2023-02-22,15,2023-02-22T14:00,bcl,Big Cliff,1.07,1.07,0.0,1195.79,1108.77,87.02,7.1
2023-02-22,16,2023-02-22T15:00,bcl,Big Cliff,1.11,1.11,0.0,1195.04,1108.86,86.18,7.3
2023-02-22,17,2023-02-22T16:00,bcl,Big Cliff,1.11,1.11,0.0,1195.82,1108.73,87.09,7.4
2023-02-22,18,2023-02-22T17:00,bcl,Big Cliff,1.07,1.07,0.0,1196.8,1108.8,88.0,7.2
2023-02-22,19,2023-02-22T18:00,bcl,Big Cliff,1.07,1.07,0.0,1196.32,1108.81,87.51,7.1
2023-02-22,20,2023-02-22T19:00,bcl,Big Cliff,1.07,1.07,0.0,1195.62,1108.79,86.83,7.1
2023-02-22,21,2023-02-22T20:00,bcl,Big Cliff,1.06,1.06,0.0,1194.87,1108.76,86.11,7.0
2023-02-22,22,2023-02-22T21:00,bcl,Big Cliff,1.05,1.05,0.0,1194.13,1108.68,85.45,6.8
2023-02-22,23,2023-02-22T22:00,bcl,Big Cliff,1.07,1.07,0.0,1194.87,1108.75,86.12,7.0
2023-02-22,24,2023-02-22T23:00,bcl,Big Cliff,1.06,1.06,0.0,1195.93,1108.72,87.21,7.1
2023-02-23,1,2023-02-23T00:00,bcl,Big Cliff,1.09,1.09,0.0,1196.93,1108.74,88.19,7.3
2023-02-23,2,2023-02-23T01:00,bcl,Big Cliff,1.07,1.07,0.0,1197.94,1108.77,89.17,7.3
2023-02-23,3,2023-02-23T02:00,bcl,Big Cliff,1.09,1.09,0.0,1197.47,1108.76,88.71,7.4
2023-02-23,4,2023-02-23T03:00,bcl,Big Cliff,1.09,1.09,0.0,1196.76,1108.73,88.03,7.3
2023-02-23,5,2023-02-23T04:00,bcl,Big Cliff,1.09,1.09,0.0,1196.03,1108.78,87.25,7.3
2023-02-23,6,2023-02-23T05:00,bcl,Big Cliff,1.09,1.09,0.0,1195.26,1108.68,86.58,7.2
2023-02-23,7,2023-02-23T06:00,bcl,Big Cliff,1.06,1.06,0.0,1194.53,1108.78,85.75,6.9
2023-02-23,8,2023-02-23T07:00,bcl,Big Cliff,1.06,1.06,0.0,1195.3,1108.77,86.53,7.0
2023-02-23,9,2023-02-23T08:00,bcl,Big Cliff,1.07,1.07,0.0,1196.29,1108.77,87.52,7.1
2023-02-23,10,2023-02-23T09:00,bcl,Big Cliff,1.07,1.07,0.0,1197.25,1108.71,88.54,7.2
2023-02-23,11,2023-02-23T10:00,bcl,Big Cliff,1.08,1.08,0.0,1198.19,1108.79,89.4,7.4
2023-02-23,12,2023-02-23T11:00,bcl,Big Cliff,1.06,1.06,0.0,1197.69,1108.7,88.99,7.2
2023-02-23,13,2023-02-23T12:00,bcl,Big Cliff,1.08,1.08,0.0,1196.99,1108.7,88.29,7.3
2023-02-23,14,2023-02-23T13:00,bcl,Big Cliff,1.04,1.04,0.0,1196.27,1108.75,87.52,6.9
2023-02-23,15,2023-02-23T14:00,bcl,Big Cliff,1.06,1.06,0.0,1195.54,1108.74,86.8,7.0
2023-02-23,16,2023-02-23T15:00,bcl,Big Cliff,1.06,1.06,0.0,1194.81,1108.79,86.02,7.0
2023-02-23,17,2023-02-23T16:00,bcl,Big Cliff,1.09,1.09,0.0,1195.57,1108.78,86.79,7.2
2023-02-23,18,2023-02-23T17:00,bcl,Big Cliff,1.08,1.08,0.0,1196.54,1108.77,87.77,7.2
2023-02-23,19,2023-02-23T18:00,bcl,Big Cliff,1.06,1.06,0.0,1196.1,1108.73,87.37,7.1
2023-02-23,20,2023-02-23T19:00,bcl,Big Cliff,1.07,1.07,0.0,1195.37,1108.8,86.57,7.1
2023-02-23,21,2023-02-23T20:00,bcl,Big Cliff,1.06,1.06,0.0,1194.61,1108.72,85.89,6.9
2023-02-23,22,2023-02-23T21:00,bcl,Big Cliff,1.05,1.05,0.0,1193.86,1108.71,85.15,6.8
2023-02-23,23,2023-02-23T22:00,bcl,Big Cliff,1.06,1.06,0.0,1194.54,1108.72,85.82,6.9
2023-02-23,24,2023-02-23T23:00,bcl,Big Cliff,1.06,1.06,0.0,1195.59,1108.75,86.84,7.0
2023-02-24,1,2023-02-24T00:00,bcl,Big Cliff,1.09,1.09,0.0,1196.64,1108.8,87.84,7.3
2023-02-24,2,2023-02-24T01:00,bcl,Big Cliff,1.08,1.08,0.0,1197.7,1108.74,88.96,7.3
2023-02-24,3,2023-02-24T02:00,bcl,Big Cliff,1.07,1.07,0.0,1197.27,1108.78,88.49,7.2
2023-02-24,4,2023-02-24T03:00,bcl,Big Cliff,1.09,1.09,0.0,1196.52,1108.77,87.75,7.3
2023-02-24,5,2023-02-24T04:00,bcl,Big Cliff,1.09,1.09,0.0,1195.78,1108.73,87.05,7.2
2023-02-24,6,2023-02-24T05:00,bcl,Big Cliff,1.09,1.09,0.0,1195.02,1108.71,86.31,7.2
2023-02-24,7,2023-02-24T06:00,bcl,Big Cliff,1.04,1.04,0.0,1194.27,1108.71,85.56,6.8
2023-02-24,8,2023-02-24T07:00,bcl,Big Cliff,1.04,1.04,0.0,1195.03,1108.68,86.35,6.9
2023-02-24,9,2023-02-24T08:00,bcl,Big Cliff,1.05,1.05,0.0,1196.0,1108.74,87.26,7.0
2023-02-24,10,2023-02-24T09:00,bcl,Big Cliff,1.07,1.07,0.0,1196.95,1108.75,88.2,7.2
2023-02-24,11,2023-02-24T10:00,bcl,Big Cliff,1.07,1.07,0.0,1197.89,1108.73,89.16,7.3
2023-02-24,12,2023-02-24T11:00,bcl,Big Cliff,1.06,1.06,0.0,1197.41,1108.69,88.72,7.2
2023-02-24,13,2023-02-24T12:00,bcl,Big Cliff,1.06,1.06,0.0,1196.71,1108.7,88.01,7.1
2023-02-24,14,2023-02-24T13:00,bcl,Big Cliff,1.09,1.09,0.0,1195.96,1108.79,87.17,7.2
2023-02-24,15,2023-02-24T14:00,bcl,Big Cliff,1.08,1.08,0.0,1195.2,1108.75,86.45,7.1
2023-02-24,16,2023-02-24T15:00,bcl,Big Cliff,1.1,1.1,0.0,1194.43,1108.77,85.66,7.2
2023-02-24,17,2023-02-24T16:00,bcl,Big Cliff,1.08,1.08,0.0,1195.21,1108.71,86.5,7.1
2023-02-24,18,2023-02-24T17:00,bcl,Big Cliff,1.08,1.08,0.0,1196.17,1108.78,87.39,7.2
2023-02-24,19,2023-02-24T18:00,bcl,Big Cliff,1.07,1.07,0.0,1195.72,1108.74,86.98,7.1
2023-02-24,20,2023-02-24T19:00,bcl,Big Cliff,1.06,1.06,0.0,1195.01,1108.71,86.3,7.0
2023-02-24,21,2023-02-24T20:00,bcl,Big Cliff,1.06,1.06,0.0,1194.24,1108.73,85.51,6.9
2023-02-24,22,2023-02-24T21:00,bcl,Big Cliff,1.05,1.05,0.0,1193.46,1108.76,84.7,6.8
2023-02-24,23,2023-02-24T22:00,bcl,Big Cliff,1.05,1.05,0.0,1194.0,1108.73,85.27,6.8
2023-02-24,24,2023-02-24T23:00,bcl,Big Cliff,1.05,1.05,0.0,1195.15,1108.77,86.38,6.9
2023-02-25,1,2023-02-25T00:00,bcl,Big Cliff,1.06,1.06,0.0,1196.49,1108.76,87.73,7.1
2023-02-25,2,2023-02-25T01:00,bcl,Big Cliff,1.08,1.08,0.0,1197.68,1108.74,88.94,7.3
2023-02-25,3,2023-02-25T02:00,bcl,Big Cliff,1.09,1.09,0.0,1197.42,1108.78,88.64,7.4
2023-02-25,4,2023-02-25T03:00,bcl,Big Cliff,1.08,1.08,0.0,1196.71,1108.73,87.98,7.2
2023-02-25,5,2023-02-25T04:00,bcl,Big Cliff,1.08,1.08,0.0,1195.95,1108.72,87.23,7.2
2023-02-25,6,2023-02-25T05:00,bcl,Big Cliff,1.08,1.08,0.0,1195.19,1108.69,86.5,7.1
2023-02-25,7,2023-02-25T06:00,bcl,Big Cliff,1.07,1.07,0.0,1194.42,1108.71,85.71,7.0
2023-02-25,8,2023-02-25T07:00,bcl,Big Cliff,1.05,1.05,0.0,1195.18,1108.74,86.44,6.9
2023-02-25,9,2023-02-25T08:00,bcl,Big Cliff,1.07,1.07,0.0,1196.15,1108.72,87.43,7.1
2023-02-25,10,2023-02-25T09:00,bcl,Big Cliff,1.06,1.06,0.0,1197.09,1108.73,88.36,7.1
2023-02-25,11,2023-02-25T10:00,bcl,Big Cliff,1.06,1.06,0.0,1198.01,1108.78,89.23,7.2
2023-02-25,12,2023-02-25T11:00,bcl,Big Cliff,1.06,1.06,0.0,1197.5,1108.77,88.73,7.2
2023-02-25,13,2023-02-25T12:00,bcl,Big Cliff,1.06,1.06,0.0,1196.79,1108.75,88.04,7.1
2023-02-25,14,2023-02-25T13:00,bcl,Big Cliff,1.09,1.09,0.0,1196.04,1108.8,87.24,7.3
2023-02-25,15,2023-02-25T14:00,bcl,Big Cliff,1.08,1.08,0.0,1195.27,1108.76,86.51,7.1
2023-02-25,16,2023-02-25T15:00,bcl,Big Cliff,1.06,1.06,0.0,1194.51,1108.74,85.77,6.9
2023-02-25,17,2023-02-25T16:00,bcl,Big Cliff,1.09,1.09,0.0,1195.29,1108.77,86.52,7.2
2023-02-25,18,2023-02-25T17:00,bcl,Big Cliff,1.07,1.07,0.0,1196.25,1108.71,87.54,7.1
2023-02-25,19,2023-02-25T18:00,bcl,Big Cliff,1.07,1.07,0.0,1195.77,1108.72,87.05,7.1
2023-02-25,20,2023-02-25T19:00,bcl,Big Cliff,1.07,1.07,0.0,1195.04,1108.72,86.32,7.0
2023-02-25,21,2023-02-25T20:00,bcl,Big Cliff,1.06,1.06,0.0,1194.28,1108.75,85.53,6.9
2023-02-25,22,2023-02-25T21:00,bcl,Big Cliff,1.06,1.06,0.0,1193.51,1108.74,84.77,6.9
2023-02-25,23,2023-02-25T22:00,bcl,Big Cliff,1.07,1.07,0.0,1194.31,1108.74,85.57,7.0
2023-02-25,24,2023-02-25T23:00,bcl,Big Cliff,1.06,1.06,0.0,1195.55,1108.73,86.82,7.0
2023-02-26,1,2023-02-26T00:00,bcl,Big Cliff,1.07,1.07,0.0,1196.74,1108.73,88.01,7.2
2023-02-26,2,2023-02-26T01:00,bcl,Big Cliff,1.07,1.07,0.0,1197.95,1108.73,89.22,7.3
2023-02-26,3,2023-02-26T02:00,bcl,Big Cliff,1.07,1.07,0.0,1197.51,1108.78,88.73,7.2
2023-02-26,4,2023-02-26T03:00,bcl,Big Cliff,1.07,1.07,0.0,1196.77,1108.75,88.02,7.2
2023-02-26,5,2023-02-26T04:00,bcl,Big Cliff,1.08,1.08,0.0,1196.06,1108.76,87.3,7.2
2023-02-26,6,2023-02-26T05:00,bcl,Big Cliff,1.07,1.07,0.0,1195.28,1108.76,86.52,7.1
2023-02-26,7,2023-02-26T06:00,bcl,Big Cliff,1.06,1.06,0.0,1194.54,1108.69,85.85,6.9
2023-02-26,8,2023-02-26T07:00,bcl,Big Cliff,1.05,1.05,0.0,1195.36,1108.73,86.63,6.9
2023-02-26,9,2023-02-26T08:00,bcl,Big Cliff,1.05,1.05,0.0,1196.31,1108.7,87.61,7.0
2023-02-26,10,2023-02-26T09:00,bcl,Big Cliff,1.06,1.06,0.0,1197.26,1108.71,88.55,7.2
2023-02-26,11,2023-02-26T10:00,bcl,Big Cliff,1.08,1.08,0.0,1198.2,1108.78,89.42,7.4
2023-02-26,12,2023-02-26T11:00,bcl,Big Cliff,1.08,1.08,0.0,1197.69,1108.75,88.94,7.3
2023-02-26,13,2023-02-26T12:00,bcl,Big Cliff,1.06,1.06,0.0,1196.99,1108.74,88.25,7.1
2023-02-26,14,2023-02-26T13:00,bcl,Big Cliff,1.07,1.07,0.0,1196.28,1108.72,87.56,7.1
2023-02-26,15,2023-02-26T14:00,bcl,Big Cliff,1.07,1.07,0.0,1195.53,1108.74,86.79,7.1
2023-02-26,16,2023-02-26T15:00,bcl,Big Cliff,1.06,1.06,0.0,1194.8,1108.73,86.07,7.0
2023-02-26,17,2023-02-26T16:00,bcl,Big Cliff,1.08,1.08,0.0,1195.56,1108.74,86.82,7.2
2023-02-26,18,2023-02-26T17:00,bcl,Big Cliff,1.07,1.07,0.0,1196.53,1108.77,87.76,7.2
2023-02-26,19,2023-02-26T18:00,bcl,Big Cliff,1.09,1.09,0.0,1196.04,1108.73,87.31,7.3
2023-02-26,20,2023-02-26T19:00,bcl,Big Cliff,1.08,1.08,0.0,1195.3,1108.78,86.52,7.1
2023-02-26,21,2023-02-26T20:00,bcl,Big Cliff,1.07,1.07,0.0,1194.53,1108.74,85.79,7.0
2023-02-26,22,2023-02-26T21:00,bcl,Big Cliff,1.04,1.04,0.0,1193.78,1108.65,85.13,6.8
2023-02-26,23,2023-02-26T22:00,bcl,Big Cliff,1.03,1.03,0.0,1194.65,1108.7,85.95,6.8
2023-02-26,24,2023-02-26T23:00,bcl,Big Cliff,1.06,1.06,0.0,1195.83,1108.7,87.13,7.0
2023-02-27,1,2023-02-27T00:00,bcl,Big Cliff,1.07,1.07,0.0,1197.0,1108.76,88.24,7.2
2023-02-27,2,2023-02-27T01:00,bcl,Big Cliff,1.08,1.08,0.0,1198.12,1108.83,89.29,7.4
2023-02-27,3,2023-02-27T02:00,bcl,Big Cliff,1.08,1.08,0.0,1197.65,1108.76,88.89,7.3
2023-02-27,4,2023-02-27T03:00,bcl,Big Cliff,1.08,1.08,0.0,1196.93,1108.75,88.18,7.3
2023-02-27,5,2023-02-27T04:00,bcl,Big Cliff,1.09,1.09,0.0,1196.19,1108.78,87.41,7.3
2023-02-27,6,2023-02-27T05:00,bcl,Big Cliff,1.08,1.08,0.0,1195.41,1108.74,86.67,7.1
2023-02-27,7,2023-02-27T06:00,bcl,Big Cliff,1.05,1.05,0.0,1194.66,1108.68,85.98,6.9
2023-02-27,8,2023-02-27T07:00,bcl,Big Cliff,1.05,1.05,0.0,1195.41,1108.71,86.7,6.9
2023-02-27,9,2023-02-27T08:00,bcl,Big Cliff,1.07,1.07,0.0,1196.36,1108.75,87.61,7.2
2023-02-27,10,2023-02-27T09:00,bcl,Big Cliff,1.06,1.06,0.0,1197.31,1108.72,88.59,7.2
2023-02-27,11,2023-02-27T10:00,bcl,Big Cliff,1.1,1.1,0.0,1198.22,1108.79,89.43,7.5
2023-02-27,12,2023-02-27T11:00,bcl,Big Cliff,1.07,1.07,0.0,1197.71,1108.73,88.98,7.3
2023-02-27,13,2023-02-27T12:00,bcl,Big Cliff,1.1,1.1,0.0,1196.99,1108.74,88.25,7.4
2023-02-27,14,2023-02-27T13:00,bcl,Big Cliff,1.07,1.07,0.0,1196.25,1108.71,87.54,7.1
2023-02-27,15,2023-02-27T14:00,bcl,Big Cliff,1.06,1.06,0.0,1195.5,1108.73,86.77,7.0
2023-02-27,16,2023-02-27T15:00,bcl,Big Cliff,1.08,1.08,0.0,1194.73,1108.75,85.98,7.1
2023-02-27,17,2023-02-27T16:00,bcl,Big Cliff,1.1,1.1,0.0,1195.51,1108.75,86.76,7.3
2023-02-27,18,2023-02-27T17:00,bcl,Big Cliff,1.07,1.07,0.0,1196.46,1108.72,87.74,7.2
2023-02-27,19,2023-02-27T18:00,bcl,Big Cliff,1.08,1.08,0.0,1195.99,1108.74,87.25,7.2
2023-02-27,20,2023-02-27T19:00,bcl,Big Cliff,1.06,1.06,0.0,1195.26,1108.73,86.53,7.0
2023-02-27,21,2023-02-27T20:00,bcl,Big Cliff,1.06,1.06,0.0,1194.49,1108.73,85.76,6.9
2023-02-27,22,2023-02-27T21:00,bcl,Big Cliff,1.06,1.06,0.0,1193.74,1108.74,85.0,6.9
2023-02-27,23,2023-02-27T22:00,bcl,Big Cliff,1.05,1.05,0.0,1194.55,1108.73,85.82,6.9
2023-02-27,24,2023-02-27T23:00,bcl,Big Cliff,1.05,1.05,0.0,1195.71,1108.71,87.0,7.0
2023-02-28,1,2023-02-28T00:00,bcl,Big Cliff,1.06,1.06,0.0,1196.84,1108.78,88.06,7.1
2023-02-28,2,2023-02-28T01:00,bcl,Big Cliff,1.06,1.06,0.0,1197.97,1108.71,89.26,7.2
2023-02-28,3,2023-02-28T02:00,bcl,Big Cliff,1.07,1.07,0.0,1197.34,1108.74,88.6,7.2
2023-02-28,4,2023-02-28T03:00,bcl,Big Cliff,1.06,1.06,0.0,1196.63,1108.78,87.85,7.1
2023-02-28,5,2023-02-28T04:00,bcl,Big Cliff,1.09,1.09,0.0,1195.87,1108.77,87.1,7.2
2023-02-28,6,2023-02-28T05:00,bcl,Big Cliff,1.08,1.08,0.0,1195.1,1108.77,86.33,7.1
2023-02-28,7,2023-02-28T06:00,bcl,Big Cliff,1.05,1.05,0.0,1194.35,1108.68,85.67,6.9
2023-02-28,8,2023-02-28T07:00,bcl,Big Cliff,1.05,1.05,0.0,1195.12,1108.74,86.38,6.9
2023-02-28,9,2023-02-28T08:00,bcl,Big Cliff,1.06,1.06,0.0,1196.08,1108.72,87.36,7.1
2023-02-28,10,2023-02-28T09:00,bcl,Big Cliff,1.07,1.07,0.0,1197.03,1108.7,88.33,7.2
2023-02-28,11,2023-02-28T10:00,bcl,Big Cliff,1.07,1.07,0.0,1197.95,1108.72,89.23,7.3
2023-02-28,12,2023-02-28T11:00,bcl,Big Cliff,1.07,1.07,0.0,1197.44,1108.76,88.68,7.2
2023-02-28,13,2023-02-28T12:00,bcl,Big Cliff,1.08,1.08,0.0,1196.72,1108.79,87.93,7.2
2023-02-28,14,2023-02-28T13:00,bcl,Big Cliff,1.07,1.07,0.0,1195.98,1108.76,87.22,7.1
2023-02-28,15,2023-02-28T14:00,bcl,Big Cliff,1.06,1.06,0.0,1195.23,1108.7,86.53,7.0
2023-02-28,16,2023-02-28T15:00,bcl,Big Cliff,1.06,1.06,0.0,1194.47,1108.73,85.74,6.9
2023-02-28,17,2023-02-28T16:00,bcl,Big Cliff,1.08,1.08,0.0,1195.23,1108.79,86.44,7.1
2023-02-28,18,2023-02-28T17:00,bcl,Big Cliff,1.08,1.08,0.0,1196.18,1108.77,87.41,7.2
2023-02-28,19,2023-02-28T18:00,bcl,Big Cliff,1.09,1.09,0.0,1195.69,1108.81,86.88,7.2
2023-02-28,20,2023-02-28T19:00,bcl,Big Cliff,1.07,1.07,0.0,1194.95,1108.74,86.21,7.0
2023-02-28,21,2023-02-28T20:00,bcl,Big Cliff,1.06,1.06,0.0,1194.18,1108.74,85.44,6.9
2023-02-28,22,2023-02-28T21:00,bcl,Big Cliff,1.05,1.05,0.0,1193.41,1108.75,84.66,6.8
2023-02-28,23,2023-02-28T22:00,bcl,Big Cliff,1.08,1.08,0.0,1194.26,1108.74,85.52,7.0
2023-02-28,24,2023-02-28T23:00,bcl,Big Cliff,1.07,1.07,0.0,1195.47,1108.79,86.68,7.1
2023-03-01,1,2023-03-01T00:00,bcl,Big Cliff,1.09,1.09,0.0,1196.65,1108.77,87.88,7.3
2023-03-01,2,2023-03-01T01:00,bcl,Big Cliff,1.07,1.07,0.0,1197.89,1108.77,89.12,7.3
2023-03-01,3,2023-03-01T02:00,bcl,Big Cliff,1.09,1.09,0.0,1199.02,1108.81,90.21,7.5
2023-03-01,4,2023-03-01T03:00,bcl,Big Cliff,1.17,1.17,0.0,1198.46,1108.86,89.6,8.0
2023-03-01,5,2023-03-01T04:00,bcl,Big Cliff,1.23,1.23,0.0,1197.64,1108.97,88.67,8.3
2023-03-01,6,2023-03-01T05:00,bcl,Big Cliff,1.27,1.27,0.0,1196.78,1109.05,87.73,8.5
2023-03-01,7,2023-03-01T06:00,bcl,Big Cliff,1.43,1.43,0.0,1195.8,1109.25,86.55,9.4
2023-03-01,8,2023-03-01T07:00,bcl,Big Cliff,1.48,1.48,0.0,1196.21,1109.39,86.82,9.8
2023-03-01,9,2023-03-01T08:00,bcl,Big Cliff,1.49,1.49,0.0,1196.81,1109.42,87.39,9.9
2023-03-01,10,2023-03-01T09:00,bcl,Big Cliff,1.49,1.49,0.0,1197.41,1109.42,87.99,10.0
2023-03-01,11,2023-03-01T10:00,bcl,Big Cliff,1.51,1.51,0.0,1197.99,1109.39,88.6,10.2
2023-03-01,12,2023-03-01T11:00,bcl,Big Cliff,1.48,1.48,0.0,1197.15,1109.34,87.81,9.9
2023-03-01,13,2023-03-01T12:00,bcl,Big Cliff,1.55,1.55,0.0,1196.07,1109.46,86.61,10.2
2023-03-01,14,2023-03-01T13:00,bcl,Big Cliff,1.48,1.48,0.0,1194.98,1109.33,85.65,9.7
2023-03-01,15,2023-03-01T14:00,bcl,Big Cliff,1.48,1.48,0.0,1193.87,1109.38,84.49,9.5
2023-03-01,16,2023-03-01T15:00,bcl,Big Cliff,1.48,1.48,0.0,1192.76,1109.35,83.41,9.4
2023-03-01,17,2023-03-01T16:00,bcl,Big Cliff,1.49,1.49,0.0,1193.2,1109.39,83.81,9.5
2023-03-01,18,2023-03-01T17:00,bcl,Big Cliff,1.49,1.49,0.0,1193.87,1109.39,84.48,9.6
2023-03-01,19,2023-03-01T18:00,bcl,Big Cliff,1.47,1.47,0.0,1193.07,1109.35,83.72,9.4
2023-03-01,20,2023-03-01T19:00,bcl,Big Cliff,1.46,1.46,0.0,1191.95,1109.35,82.6,9.2
2023-03-01,21,2023-03-01T20:00,bcl,Big Cliff,1.45,1.45,0.0,1190.81,1109.32,81.49,9.0
2023-03-01,22,2023-03-01T21:00,bcl,Big Cliff,1.47,1.47,0.0,1191.37,1109.39,81.98,9.2
2023-03-01,23,2023-03-01T22:00,bcl,Big Cliff,1.46,1.46,0.0,1192.33,1109.35,82.98,9.2
2023-03-01,24,2023-03-01T23:00,bcl,Big Cliff,1.46,1.46,0.0,1193.19,1109.36,83.83,9.3
2023-03-02,1,2023-03-02T00:00,bcl,Big Cliff,1.48,1.48,0.0,1193.95,1109.36,84.59,9.6
2023-03-02,2,2023-03-02T01:00,bcl,Big Cliff,1.5,1.5,0.0,1194.63,1109.4,85.23,9.8
2023-03-02,3,2023-03-02T02:00,bcl,Big Cliff,1.52,1.52,0.0,1195.29,1109.47,85.82,10.0
2023-03-02,4,2023-03-02T03:00,bcl,Big Cliff,1.55,1.55,0.0,1195.95,1109.46,86.49,10.2
2023-03-02,5,2023-03-02T04:00,bcl,Big Cliff,1.55,1.55,0.0,1196.56,1109.45,87.11,10.3
2023-03-02,6,2023-03-02T05:00,bcl,Big Cliff,1.55,1.55,0.0,1197.18,1109.46,87.72,10.4
2023-03-02,7,2023-03-02T06:00,bcl,Big Cliff,1.53,1.53,0.0,1197.48,1109.47,88.01,10.3
2023-03-02,8,2023-03-02T07:00,bcl,Big Cliff,1.57,0.58,0.99,1196.44,1109.56,86.88,3.8
2023-03-02,9,2023-03-02T08:00,bcl,Big Cliff,1.56,0.0,1.56,1195.29,1109.56,85.73,0.0
2023-03-02,10,2023-03-02T09:00,bcl,Big Cliff,1.55,0.0,1.55,1194.17,1109.55,84.62,0.0
2023-03-02,11,2023-03-02T10:00,bcl,Big Cliff,1.53,0.0,1.53,1192.99,1109.51,83.48,0.0
2023-03-02,12,2023-03-02T11:00,bcl,Big Cliff,1.79,0.0,1.79,1191.68,1109.81,81.87,0.0
2023-03-02,13,2023-03-02T12:00,bcl,Big Cliff,1.65,1.65,0.0,1190.39,1000.03,190.36,24.0
2023-03-02,14,2023-03-02T13:00,bcl,Big Cliff,1.59,1.59,0.0,1189.01,1109.55,79.46,9.6
2023-03-02,15,2023-03-02T14:00,bcl,Big Cliff,1.59,1.59,0.0,1189.36,1109.56,79.8,9.7
2023-03-02,16,2023-03-02T15:00,bcl,Big Cliff,1.52,1.52,0.0,1190.03,1109.44,80.59,9.3
2023-03-02,17,2023-03-02T16:00,bcl,Big Cliff,1.47,1.47,0.0,1190.75,1109.31,81.44,9.1
2023-03-02,18,2023-03-02T17:00,bcl,Big Cliff,1.45,1.45,0.0,1191.5,1109.33,82.17,9.1
2023-03-02,19,2023-03-02T18:00,bcl,Big Cliff,1.43,1.43,0.0,1190.7,1109.29,81.41,8.9
2023-03-02,20,2023-03-02T19:00,bcl,Big Cliff,1.43,1.43,0.0,1189.57,1109.26,80.31,8.8
2023-03-02,21,2023-03-02T20:00,bcl,Big Cliff,1.42,1.42,0.0,1190.04,1109.26,80.78,8.8
2023-03-02,22,2023-03-02T21:00,bcl,Big Cliff,1.39,1.39,0.0,1190.88,1109.24,81.64,8.7
2023-03-02,23,2023-03-02T22:00,bcl,Big Cliff,1.4,1.4,0.0,1191.74,1109.27,82.47,8.8
2023-03-02,24,2023-03-02T23:00,bcl,Big Cliff,1.43,1.43,0.0,1192.54,1109.26,83.28,9.1
2023-03-03,1,2023-03-03T00:00,bcl,Big Cliff,1.39,1.39,0.0,1193.46,1109.23,84.23,8.9
2023-03-03,2,2023-03-03T01:00,bcl,Big Cliff,1.36,1.36,0.0,1194.45,1109.22,85.23,8.8
2023-03-03,3,2023-03-03T02:00,bcl,Big Cliff,1.37,1.37,0.0,1195.28,1109.23,86.05,9.0
2023-03-03,4,2023-03-03T03:00,bcl,Big Cliff,1.38,1.38,0.0,1194.6,1109.16,85.44,9.0
2023-03-03,5,2023-03-03T04:00,bcl,Big Cliff,1.38,1.38,0.0,1193.55,1109.23,84.32,8.9
2023-03-03,6,2023-03-03T05:00,bcl,Big Cliff,1.38,1.38,0.0,1192.52,1109.14,83.38,8.8
2023-03-03,7,2023-03-03T06:00,bcl,Big Cliff,1.34,1.34,0.0,1191.45,1109.17,82.28,8.4
2023-03-03,8,2023-03-03T07:00,bcl,Big Cliff,1.3,1.3,0.0,1192.02,1109.05,82.97,8.2
2023-03-03,9,2023-03-03T08:00,bcl,Big Cliff,1.28,1.28,0.0,1192.84,1109.05,83.79,8.2
2023-03-03,10,2023-03-03T09:00,bcl,Big Cliff,1.23,1.23,0.0,1193.71,1109.0,84.71,7.9
2023-03-03,11,2023-03-03T10:00,bcl,Big Cliff,1.17,1.17,0.0,1194.59,1108.83,85.76,7.7
2023-03-03,12,2023-03-03T11:00,bcl,Big Cliff,1.14,1.14,0.0,1195.48,1108.85,86.63,7.5
2023-03-03,13,2023-03-03T12:00,bcl,Big Cliff,1.15,1.15,0.0,1194.91,1108.82,86.09,7.6
2023-03-03,14,2023-03-03T13:00,bcl,Big Cliff,1.12,1.12,0.0,1194.12,1108.87,85.25,7.3
2023-03-03,15,2023-03-03T14:00,bcl,Big Cliff,1.09,1.09,0.0,1193.3,1108.82,84.48,7.0
2023-03-03,16,2023-03-03T15:00,bcl,Big Cliff,1.11,1.11,0.0,1192.47,1108.79,83.68,7.1
2023-03-03,17,2023-03-03T16:00,bcl,Big Cliff,1.14,1.14,0.0,1193.19,1108.84,84.35,7.3
2023-03-03,18,2023-03-03T17:00,bcl,Big Cliff,1.08,1.08,0.0,1194.17,1108.74,85.43,7.0
2023-03-03,19,2023-03-03T18:00,bcl,Big Cliff,1.11,1.11,0.0,1193.67,1108.8,84.87,7.2
2023-03-03,20,2023-03-03T19:00,bcl,Big Cliff,1.07,1.07,0.0,1192.91,1108.75,84.16,6.9
2023-03-03,21,2023-03-03T20:00,bcl,Big Cliff,1.07,1.07,0.0,1192.09,1108.73,83.36,6.8
2023-03-03,22,2023-03-03T21:00,bcl,Big Cliff,1.07,1.07,0.0,1192.8,1108.75,84.05,6.9
2023-03-03,23,2023-03-03T22:00,bcl,Big Cliff,1.08,1.08,0.0,1193.9,1108.72,85.18,7.0
2023-03-03,24,2023-03-03T23:00,bcl,Big Cliff,1.08,1.08,0.0,1195.33,1108.79,86.54,7.1
2023-03-04,1,2023-03-04T00:00,bcl,Big Cliff,1.09,1.09,0.0,1196.68,1108.79,87.89,7.3
2023-03-04,2,2023-03-04T01:00,bcl,Big Cliff,1.11,1.11,0.0,1197.99,1108.85,89.14,7.5
2023-03-04,3,2023-03-04T02:00,bcl,Big Cliff,1.08,1.08,0.0,1199.09,1108.77,90.32,7.4
2023-03-04,4,2023-03-04T03:00,bcl,Big Cliff,1.07,1.07,0.0,1198.57,1108.72,89.85,7.3
2023-03-04,5,2023-03-04T04:00,bcl,Big Cliff,1.09,1.09,0.0,1197.85,1108.75,89.1,7.4
2023-03-04,6,2023-03-04T05:00,bcl,Big Cliff,1.1,1.1,0.0,1197.13,1108.78,88.35,7.4
2023-03-04,7,2023-03-04T06:00,bcl,Big Cliff,1.08,1.08,0.0,1196.38,1108.79,87.59,7.2
2023-03-04,8,2023-03-04T07:00,bcl,Big Cliff,1.08,1.08,0.0,1197.11,1108.78,88.33,7.3
2023-03-04,9,2023-03-04T08:00,bcl,Big Cliff,1.1,1.1,0.0,1198.01,1108.8,89.21,7.5
2023-03-04,10,2023-03-04T09:00,bcl,Big Cliff,1.08,1.08,0.0,1198.9,1108.75,90.15,7.4
2023-03-04,11,2023-03-04T10:00,bcl,Big Cliff,1.09,1.09,0.0,1199.77,1108.8,90.97,7.6
2023-03-04,12,2023-03-04T11:00,bcl,Big Cliff,1.08,1.08,0.0,1200.61,1108.8,91.81,7.6
2023-03-04,13,2023-03-04T12:00,bcl,Big Cliff,1.1,1.1,0.0,1199.99,1108.82,91.17,7.7
2023-03-04,14,2023-03-04T13:00,bcl,Big Cliff,1.09,1.09,0.0,1199.32,1108.82,90.5,7.5
2023-03-04,15,2023-03-04T14:00,bcl,Big Cliff,1.1,1.1,0.0,1198.58,1108.78,89.8,7.5
2023-03-04,16,2023-03-04T15:00,bcl,Big Cliff,1.13,1.13,0.0,1197.85,1108.79,89.06,7.7
2023-03-04,17,2023-03-04T16:00,bcl,Big Cliff,1.12,1.12,0.0,1197.12,1108.8,88.32,7.5
2023-03-04,18,2023-03-04T17:00,bcl,Big Cliff,1.12,1.12,0.0,1196.36,1108.75,87.61,7.5
2023-03-04,19,2023-03-04T18:00,bcl,Big Cliff,1.08,1.08,0.0,1195.6,1108.74,86.86,7.2
2023-03-04,20,2023-03-04T19:00,bcl,Big Cliff,1.08,1.08,0.0,1194.83,1108.73,86.1,7.1
2023-03-04,21,2023-03-04T20:00,bcl,Big Cliff,1.07,1.07,0.0,1194.04,1108.8,85.24,7.0
2023-03-04,22,2023-03-04T21:00,bcl,Big Cliff,1.08,1.08,0.0,1193.24,1108.77,84.47,7.0
2023-03-04,23,2023-03-04T22:00,bcl,Big Cliff,1.08,1.08,0.0,1194.21,1108.74,85.47,7.0
2023-03-04,24,2023-03-04T23:00,bcl,Big Cliff,1.07,1.07,0.0,1195.62,1108.8,86.82,7.1
2023-03-05,1,2023-03-05T00:00,bcl,Big Cliff,1.09,1.09,0.0,1197.0,1108.85,88.15,7.3
2023-03-05,2,2023-03-05T01:00,bcl,Big Cliff,1.09,1.09,0.0,1198.35,1108.81,89.54,7.4
2023-03-05,3,2023-03-05T02:00,bcl,Big Cliff,1.09,1.09,0.0,1199.36,1108.79,90.57,7.5
2023-03-05,4,2023-03-05T03:00,bcl,Big Cliff,1.11,1.11,0.0,1198.63,1108.77,89.86,7.6
2023-03-05,5,2023-03-05T04:00,bcl,Big Cliff,1.12,1.12,0.0,1197.89,1108.77,89.12,7.6
2023-03-05,6,2023-03-05T05:00,bcl,Big Cliff,1.09,1.09,0.0,1197.17,1108.75,88.42,7.4
2023-03-05,7,2023-03-05T06:00,bcl,Big Cliff,1.08,1.08,0.0,1196.43,1108.77,87.66,7.2
2023-03-05,8,2023-03-05T07:00,bcl,Big Cliff,1.09,1.09,0.0,1197.15,1108.76,88.39,7.4
2023-03-05,9,2023-03-05T08:00,bcl,Big Cliff,1.06,1.06,0.0,1198.05,1108.79,89.26,7.2
2023-03-05,10,2023-03-05T09:00,bcl,Big Cliff,1.07,1.07,0.0,1198.94,1108.79,90.15,7.4
2023-03-05,11,2023-03-05T10:00,bcl,Big Cliff,1.09,1.09,0.0,1199.82,1108.75,91.07,7.6
2023-03-05,12,2023-03-05T11:00,bcl,Big Cliff,1.12,1.12,0.0,1200.64,1108.77,91.87,7.9
2023-03-05,13,2023-03-05T12:00,bcl,Big Cliff,1.11,1.11,0.0,1200.03,1108.84,91.19,7.7
2023-03-05,14,2023-03-05T13:00,bcl,Big Cliff,1.1,1.1,0.0,1199.34,1108.81,90.53,7.6
2023-03-05,15,2023-03-05T14:00,bcl,Big Cliff,1.1,1.1,0.0,1198.6,1108.8,89.8,7.5
2023-03-05,16,2023-03-05T15:00,bcl,Big Cliff,1.12,1.12,0.0,1197.88,1108.84,89.04,7.6
2023-03-05,17,2023-03-05T16:00,bcl,Big Cliff,1.09,1.09,0.0,1197.14,1108.84,88.3,7.3
2023-03-05,18,2023-03-05T17:00,bcl,Big Cliff,1.08,1.08,0.0,1196.38,1108.78,87.6,7.2
2023-03-05,19,2023-03-05T18:00,bcl,Big Cliff,1.07,1.07,0.0,1195.62,1108.77,86.85,7.1
2023-03-05,20,2023-03-05T19:00,bcl,Big Cliff,1.07,1.07,0.0,1194.85,1108.75,86.1,7.0
2023-03-05,21,2023-03-05T20:00,bcl,Big Cliff,1.06,1.06,0.0,1194.09,1108.72,85.37,6.9
2023-03-05,22,2023-03-05T21:00,bcl,Big Cliff,1.06,1.06,0.0,1193.3,1108.71,84.59,6.8
2023-03-05,23,2023-03-05T22:00,bcl,Big Cliff,1.07,1.07,0.0,1194.44,1108.75,85.69,7.0
2023-03-05,24,2023-03-05T23:00,bcl,Big Cliff,1.08,1.08,0.0,1195.87,1108.75,87.12,7.2
2023-03-06,1,2023-03-06T00:00,bcl,Big Cliff,1.09,1.09,0.0,1197.2,1108.8,88.4,7.4
2023-03-06,2,2023-03-06T01:00,bcl,Big Cliff,1.09,1.09,0.0,1198.25,1108.8,89.45,7.4
2023-03-06,3,2023-03-06T02:00,bcl,Big Cliff,1.08,1.08,0.0,1199.23,1108.77,90.46,7.5
2023-03-06,4,2023-03-06T03:00,bcl,Big Cliff,1.11,1.11,0.0,1198.55,1108.78,89.77,7.6
2023-03-06,5,2023-03-06T04:00,bcl,Big Cliff,1.11,1.11,0.0,1197.8,1108.8,89.0,7.5
2023-03-06,6,2023-03-06T05:00,bcl,Big Cliff,1.09,1.09,0.0,1197.07,1108.73,88.34,7.3
2023-03-06,7,2023-03-06T06:00,bcl,Big Cliff,1.07,1.07,0.0,1196.34,1108.78,87.56,7.1
2023-03-06,8,2023-03-06T07:00,bcl,Big Cliff,1.07,1.07,0.0,1197.06,1108.74,88.32,7.2
2023-03-06,9,2023-03-06T08:00,bcl,Big Cliff,1.07,1.07,0.0,1197.99,1108.76,89.23,7.3
2023-03-06,10,2023-03-06T09:00,bcl,Big Cliff,1.08,1.08,0.0,1198.89,1108.77,90.12,7.4
2023-03-06,11,2023-03-06T10:00,bcl,Big Cliff,1.08,1.08,0.0,1199.78,1108.8,90.98,7.5
2023-03-06,12,2023-03-06T11:00,bcl,Big Cliff,1.07,1.07,0.0,1200.62,1108.78,91.84,7.5
2023-03-06,13,2023-03-06T12:00,bcl,Big Cliff,1.06,1.06,0.0,1200.02,1108.8,91.22,7.4
2023-03-06,14,2023-03-06T13:00,bcl,Big Cliff,1.1,1.1,0.0,1199.32,1108.78,90.54,7.6
2023-03-06,15,2023-03-06T14:00,bcl,Big Cliff,1.06,1.06,0.0,1198.61,1108.82,89.79,7.3
2023-03-06,16,2023-03-06T15:00,bcl,Big Cliff,1.12,1.12,0.0,1197.89,1108.78,89.11,7.6
2023-03-06,17,2023-03-06T16:00,bcl,Big Cliff,1.08,1.08,0.0,1197.19,1108.78,88.41,7.3
2023-03-06,18,2023-03-06T17:00,bcl,Big Cliff,1.09,1.09,0.0,1196.43,1108.76,87.67,7.3
2023-03-06,19,2023-03-06T18:00,bcl,Big Cliff,1.06,1.06,0.0,1195.67,1108.78,86.89,7.0
2023-03-06,20,2023-03-06T19:00,bcl,Big Cliff,1.05,1.05,0.0,1194.92,1108.73,86.19,6.9
2023-03-06,21,2023-03-06T20:00,bcl,Big Cliff,1.03,1.03,0.0,1194.17,1108.71,85.46,6.7
2023-03-06,22,2023-03-06T21:00,bcl,Big Cliff,1.07,1.07,0.0,1193.37,1108.75,84.62,6.9
2023-03-06,23,2023-03-06T22:00,bcl,Big Cliff,1.08,1.08,0.0,1194.22,1108.77,85.45,7.0
2023-03-06,24,2023-03-06T23:00,bcl,Big Cliff,1.08,1.08,0.0,1195.43,1108.78,86.65,7.1
2023-03-07,1,2023-03-07T00:00,bcl,Big Cliff,1.1,1.1,0.0,1196.73,1108.81,87.92,7.4
2023-03-07,2,2023-03-07T01:00,bcl,Big Cliff,1.09,1.09,0.0,1198.05,1108.79,89.26,7.4
2023-03-07,3,2023-03-07T02:00,bcl,Big Cliff,1.12,1.12,0.0,1199.21,1108.85,90.36,7.7
2023-03-07,4,2023-03-07T03:00,bcl,Big Cliff,1.11,1.11,0.0,1198.66,1108.74,89.92,7.6
2023-03-07,5,2023-03-07T04:00,bcl,Big Cliff,1.12,1.12,0.0,1197.93,1108.81,89.12,7.6
2023-03-07,6,2023-03-07T05:00,bcl,Big Cliff,1.11,1.11,0.0,1197.19,1108.77,88.42,7.5
2023-03-07,7,2023-03-07T06:00,bcl,Big Cliff,1.09,1.09,0.0,1196.44,1108.73,87.71,7.3
2023-03-07,8,2023-03-07T07:00,bcl,Big Cliff,1.06,1.06,0.0,1197.15,1108.7,88.45,7.2
2023-03-07,9,2023-03-07T08:00,bcl,Big Cliff,1.07,1.07,0.0,1198.05,1108.71,89.34,7.3
2023-03-07,10,2023-03-07T09:00,bcl,Big Cliff,1.08,1.08,0.0,1198.95,1108.83,90.12,7.4
2023-03-07,11,2023-03-07T10:00,bcl,Big Cliff,1.08,1.08,0.0,1199.82,1108.75,91.07,7.5
2023-03-07,12,2023-03-07T11:00,bcl,Big Cliff,1.12,1.12,0.0,1200.64,1108.8,91.84,7.8
2023-03-07,13,2023-03-07T12:00,bcl,Big Cliff,1.1,1.1,0.0,1200.03,1108.79,91.24,7.7
2023-03-07,14,2023-03-07T13:00,bcl,Big Cliff,1.09,1.09,0.0,1199.33,1108.79,90.54,7.5
2023-03-07,15,2023-03-07T14:00,bcl,Big Cliff,1.11,1.11,0.0,1198.62,1108.8,89.82,7.6
2023-03-07,16,2023-03-07T15:00,bcl,Big Cliff,1.1,1.1,0.0,1197.89,1108.83,89.06,7.5
2023-03-07,17,2023-03-07T16:00,bcl,Big Cliff,1.13,1.13,0.0,1197.16,1108.86,88.3,7.6
2023-03-07,18,2023-03-07T17:00,bcl,Big Cliff,1.11,1.11,0.0,1196.39,1108.76,87.63,7.4
2023-03-07,19,2023-03-07T18:00,bcl,Big Cliff,1.08,1.08,0.0,1195.64,1108.76,86.88,7.2
2023-03-07,20,2023-03-07T19:00,bcl,Big Cliff,1.07,1.07,0.0,1194.88,1108.73,86.15,7.0
2023-03-07,21,2023-03-07T20:00,bcl,Big Cliff,1.06,1.06,0.0,1194.11,1108.7,85.41,6.9
2023-03-07,22,2023-03-07T21:00,bcl,Big Cliff,1.06,1.06,0.0,1193.32,1108.76,84.56,6.8
2023-03-07,23,2023-03-07T22:00,bcl,Big Cliff,1.06,1.06,0.0,1194.17,1108.74,85.43,6.9
2023-03-07,24,2023-03-07T23:00,bcl,Big Cliff,1.06,1.06,0.0,1195.38,1108.72,86.66,7.0
2023-03-08,1,2023-03-08T00:00,bcl,Big Cliff,1.08,1.08,0.0,1196.56,1108.78,87.78,7.2
2023-03-08,2,2023-03-08T01:00,bcl,Big Cliff,1.09,1.09,0.0,1197.66,1108.84,88.82,7.4
2023-03-08,3,2023-03-08T02:00,bcl,Big Cliff,1.1,1.1,0.0,1198.71,1108.81,89.9,7.5
2023-03-08,4,2023-03-08T03:00,bcl,Big Cliff,1.08,1.08,0.0,1198.13,1108.74,89.39,7.4
2023-03-08,5,2023-03-08T04:00,bcl,Big Cliff,1.11,1.11,0.0,1197.37,1108.82,88.55,7.5
2023-03-08,6,2023-03-08T05:00,bcl,Big Cliff,1.07,1.07,0.0,1196.63,1108.77,87.86,7.2
2023-03-08,7,2023-03-08T06:00,bcl,Big Cliff,1.06,1.06,0.0,1195.89,1108.73,87.16,7.0
2023-03-08,8,2023-03-08T07:00,bcl,Big Cliff,1.06,1.06,0.0,1196.59,1108.72,87.87,7.1
2023-03-08,9,2023-03-08T08:00,bcl,Big Cliff,1.17,1.17,0.0,1197.46,1108.9,88.56,7.9
2023-03-08,10,2023-03-08T09:00,bcl,Big Cliff,1.31,1.31,0.0,1198.21,1109.09,89.12,8.9
2023-03-08,11,2023-03-08T10:00,bcl,Big Cliff,1.4,1.4,0.0,1198.86,1109.27,89.59,9.6
2023-03-08,12,2023-03-08T11:00,bcl,Big Cliff,1.47,1.47,0.0,1199.46,1109.38,90.08,10.1
2023-03-08,13,2023-03-08T12:00,bcl,Big Cliff,1.5,1.5,0.0,1198.59,1109.42,89.17,10.2
2023-03-08,14,2023-03-08T13:00,bcl,Big Cliff,1.49,1.49,0.0,1197.57,1109.32,88.25,10.0
2023-03-08,15,2023-03-08T14:00,bcl,Big Cliff,1.5,1.5,0.0,1197.58,1109.28,88.3,10.1
2023-03-08,16,2023-03-08T15:00,bcl,Big Cliff,1.47,1.47,0.0,1196.53,1109.2,87.33,9.8
2023-03-08,17,2023-03-08T16:00,bcl,Big Cliff,1.49,1.49,0.0,1195.46,1109.37,86.09,9.8
2023-03-08,18,2023-03-08T17:00,bcl,Big Cliff,1.47,1.47,0.0,1193.22,1109.1,84.12,9.4
2023-03-08,19,2023-03-08T18:00,bcl,Big Cliff,1.47,1.47,0.0,1192.09,1109.36,82.73,9.3
2023-03-08,20,2023-03-08T19:00,bcl,Big Cliff,1.45,1.45,0.0,1190.94,1109.29,81.65,9.0
2023-03-08,21,2023-03-08T20:00,bcl,Big Cliff,1.46,1.46,0.0,1189.77,1109.27,80.5,9.0
2023-03-08,22,2023-03-08T21:00,bcl,Big Cliff,1.44,1.44,0.0,1188.58,1109.3,79.28,8.7
2023-03-08,23,2023-03-08T22:00,bcl,Big Cliff,1.43,1.43,0.0,1189.22,1109.25,79.97,8.7
2023-03-08,24,2023-03-08T23:00,bcl,Big Cliff,1.44,1.44,0.0,1190.07,1109.27,80.8,8.9
2023-03-09,1,2023-03-09T00:00,bcl,Big Cliff,1.45,1.45,0.0,1190.88,1109.28,81.6,9.0
2023-03-09,2,2023-03-09T01:00,bcl,Big Cliff,1.45,1.45,0.0,1191.66,1109.27,82.39,9.1
2023-03-09,3,2023-03-09T02:00,bcl,Big Cliff,1.46,1.46,0.0,1192.41,1109.35,83.06,9.3
2023-03-09,4,2023-03-09T03:00,bcl,Big Cliff,1.47,1.47,0.0,1193.16,1109.28,83.88,9.4
2023-03-09,5,2023-03-09T04:00,bcl,Big Cliff,1.48,1.48,0.0,1193.88,1109.36,84.52,9.5
2023-03-09,6,2023-03-09T05:00,bcl,Big Cliff,1.47,1.47,0.0,1194.58,1109.31,85.27,9.6
2023-03-09,7,2023-03-09T06:00,bcl,Big Cliff,1.53,1.53,0.0,1195.25,1825.09,-629.84,-73.5
2023-03-09,8,2023-03-09T07:00,bcl,Big Cliff,1.61,0.64,0.97,1194.35,1109.65,84.7,4.1
2023-03-09,9,2023-03-09T08:00,bcl,Big Cliff,1.6,0.0,1.6,1193.08,1109.65,83.43,0.0
2023-03-09,10,2023-03-09T09:00,bcl,Big Cliff,1.58,0.0,1.58,1191.88,1109.61,82.27,0.0
2023-03-09,11,2023-03-09T10:00,bcl,Big Cliff,1.57,0.0,1.57,1190.6,1109.57,81.03,0.0
2023-03-09,12,2023-03-09T11:00,bcl,Big Cliff,1.56,0.0,1.56,1189.39,1109.6,79.79,0.0
2023-03-09,13,2023-03-09T12:00,bcl,Big Cliff,1.55,0.0,1.55,1188.09,1109.52,78.57,0.0
2023-03-09,14,2023-03-09T13:00,bcl,Big Cliff,1.45,1.45,0.0,1186.85,1109.3,77.55,8.6
2023-03-09,15,2023-03-09T14:00,bcl,Big Cliff,1.43,1.43,0.0,1186.45,1109.24,77.21,8.4
2023-03-09,16,2023-03-09T15:00,bcl,Big Cliff,1.43,1.43,0.0,1187.29,1109.26,78.03,8.5
2023-03-09,17,2023-03-09T16:00,bcl,Big Cliff,1.43,1.43,0.0,1188.17,1109.23,78.94,8.6
2023-03-09,18,2023-03-09T17:00,bcl,Big Cliff,1.38,1.38,0.0,1189.07,1109.2,79.87,8.4
2023-03-09,19,2023-03-09T18:00,bcl,Big Cliff,1.37,1.37,0.0,1189.94,1109.22,80.72,8.4
2023-03-09,20,2023-03-09T19:00,bcl,Big Cliff,1.38,1.38,0.0,1190.8,1109.21,81.59,8.6
2023-03-09,21,2023-03-09T20:00,bcl,Big Cliff,1.38,1.38,0.0,1191.61,1109.18,82.43,8.7
2023-03-09,22,2023-03-09T21:00,bcl,Big Cliff,1.39,1.39,0.0,1192.42,1109.23,83.19,8.8
2023-03-09,23,2023-03-09T22:00,bcl,Big Cliff,1.39,1.39,0.0,1193.21,1109.21,84.0,8.9
2023-03-09,24,2023-03-09T23:00,bcl,Big Cliff,1.39,1.39,0.0,1194.01,1109.22,84.79,9.0
2023-03-10,1,2023-03-10T00:00,bcl,Big Cliff,1.42,1.42,0.0,1194.77,1109.27,85.5,9.3
2023-03-10,2,2023-03-10T01:00,bcl,Big Cliff,1.43,1.43,0.0,1195.5,1109.28,86.22,9.4
2023-03-10,3,2023-03-10T02:00,bcl,Big Cliff,1.42,1.42,0.0,1196.24,1109.26,86.98,9.4
2023-03-10,4,2023-03-10T03:00,bcl,Big Cliff,1.42,1.42,0.0,1195.48,1109.25,86.23,9.3
2023-03-10,5,2023-03-10T04:00,bcl,Big Cliff,1.43,1.43,0.0,1194.39,1109.2,85.19,9.3
2023-03-10,6,2023-03-10T05:00,bcl,Big Cliff,1.42,1.42,0.0,1193.4,1109.18,84.22,9.1
2023-03-10,7,2023-03-10T06:00,bcl,Big Cliff,1.39,1.39,0.0,1192.31,1109.22,83.09,8.8
2023-03-10,8,2023-03-10T07:00,bcl,Big Cliff,1.33,1.33,0.0,1192.89,1109.1,83.79,8.5
2023-03-10,9,2023-03-10T08:00,bcl,Big Cliff,1.3,1.3,0.0,1193.71,1109.05,84.66,8.4
2023-03-10,10,2023-03-10T09:00,bcl,Big Cliff,1.26,1.26,0.0,1194.56,1109.04,85.52,8.2
2023-03-10,11,2023-03-10T10:00,bcl,Big Cliff,1.18,1.18,0.0,1195.44,1108.92,86.52,7.8
2023-03-10,12,2023-03-10T11:00,bcl,Big Cliff,1.17,1.17,0.0,1196.33,1108.87,87.46,7.8
2023-03-10,13,2023-03-10T12:00,bcl,Big Cliff,1.13,1.13,0.0,1197.23,1108.85,88.38,7.6
2023-03-10,14,2023-03-10T13:00,bcl,Big Cliff,1.17,1.17,0.0,1196.7,1108.87,87.83,7.8
2023-03-10,15,2023-03-10T14:00,bcl,Big Cliff,1.15,1.15,0.0,1195.93,1108.88,87.05,7.6
2023-03-10,16,2023-03-10T15:00,bcl,Big Cliff,1.13,1.13,0.0,1195.13,1108.8,86.33,7.4
2023-03-10,17,2023-03-10T16:00,bcl,Big Cliff,1.1,1.1,0.0,1194.36,1108.74,85.62,7.2
2023-03-10,18,2023-03-10T17:00,bcl,Big Cliff,1.11,1.11,0.0,1193.55,1108.78,84.77,7.2
2023-03-10,19,2023-03-10T18:00,bcl,Big Cliff,1.1,1.1,0.0,1192.77,1108.81,83.96,7.0
2023-03-10,20,2023-03-10T19:00,bcl,Big Cliff,1.09,1.09,0.0,1191.94,1108.77,83.17,6.9
2023-03-10,21,2023-03-10T20:00,bcl,Big Cliff,1.08,1.08,0.0,1191.48,1108.73,82.75,6.8
2023-03-10,22,2023-03-10T21:00,bcl,Big Cliff,1.1,1.1,0.0,1192.58,1108.78,83.8,7.0
2023-03-10,23,2023-03-10T22:00,bcl,Big Cliff,1.08,1.08,0.0,1193.65,1108.84,84.81,7.0
2023-03-10,24,2023-03-10T23:00,bcl,Big Cliff,1.07,1.07,0.0,1194.7,1108.76,85.94,7.0
2023-03-11,1,2023-03-11T00:00,bcl,Big Cliff,1.09,1.09,0.0,1195.73,1108.79,86.94,7.2
2023-03-11,2,2023-03-11T01:00,bcl,Big Cliff,1.11,1.11,0.0,1196.7,1108.79,87.91,7.4
2023-03-11,3,2023-03-11T02:00,bcl,Big Cliff,1.12,1.12,0.0,1196.68,1108.81,87.87,7.5
2023-03-11,4,2023-03-11T03:00,bcl,Big Cliff,1.11,1.11,0.0,1196.0,1108.8,87.2,7.4
2023-03-11,5,2023-03-11T04:00,bcl,Big Cliff,1.12,1.12,0.0,1195.17,1108.81,86.36,7.4
2023-03-11,6,2023-03-11T05:00,bcl,Big Cliff,1.09,1.09,0.0,1194.4,1108.79,85.61,7.1
2023-03-11,7,2023-03-11T06:00,bcl,Big Cliff,1.07,1.07,0.0,1193.62,1108.78,84.84,6.9
2023-03-11,8,2023-03-11T07:00,bcl,Big Cliff,1.07,1.07,0.0,1194.4,1108.69,85.71,7.0
2023-03-11,9,2023-03-11T08:00,bcl,Big Cliff,1.08,1.08,0.0,1195.37,1108.71,86.66,7.1
2023-03-11,10,2023-03-11T09:00,bcl,Big Cliff,1.07,1.07,0.0,1196.33,1108.74,87.59,7.2
2023-03-11,11,2023-03-11T10:00,bcl,Big Cliff,1.09,1.09,0.0,1197.27,1108.75,88.52,7.4
2023-03-11,12,2023-03-11T11:00,bcl,Big Cliff,1.09,1.09,0.0,1198.18,1108.71,89.47,7.4
2023-03-11,13,2023-03-11T12:00,bcl,Big Cliff,1.08,1.08,0.0,1197.66,1108.69,88.97,7.3
2023-03-11,14,2023-03-11T13:00,bcl,Big Cliff,1.08,1.08,0.0,1196.95,1108.76,88.19,7.3
2023-03-11,15,2023-03-11T14:00,bcl,Big Cliff,1.09,1.09,0.0,1196.21,1108.77,87.44,7.3
2023-03-11,16,2023-03-11T15:00,bcl,Big Cliff,1.11,1.11,0.0,1195.45,1108.73,86.72,7.3
2023-03-11,17,2023-03-11T16:00,bcl,Big Cliff,1.12,1.12,0.0,1194.66,1108.75,85.91,7.3
2023-03-11,18,2023-03-11T17:00,bcl,Big Cliff,1.1,1.1,0.0,1193.87,1108.79,85.08,7.1
2023-03-11,19,2023-03-11T18:00,bcl,Big Cliff,1.09,1.09,0.0,1193.06,1108.72,84.34,7.0
2023-03-11,20,2023-03-11T19:00,bcl,Big Cliff,1.08,1.08,0.0,1192.27,1108.75,83.52,6.9
2023-03-11,21,2023-03-11T20:00,bcl,Big Cliff,1.08,1.08,0.0,1191.8,1108.76,83.04,6.8
2023-03-11,22,2023-03-11T21:00,bcl,Big Cliff,1.08,1.08,0.0,1192.87,1108.78,84.09,6.9
2023-03-11,23,2023-03-11T22:00,bcl,Big Cliff,1.06,1.06,0.0,1193.96,1108.75,85.21,6.9
2023-03-11,24,2023-03-11T23:00,bcl,Big Cliff,1.06,1.06,0.0,1195.04,1108.71,86.33,7.0
2023-03-12,1,2023-03-12T00:00,bcl,Big Cliff,1.09,1.09,0.0,1196.08,1108.74,87.34,7.3
2023-03-12,2,2023-03-12T01:00,bcl,Big Cliff,1.08,1.08,0.0,1197.06,1108.81,88.25,7.3
2023-03-12,3,2023-03-12T02:00,bcl,Big Cliff,1.07,1.07,0.0,1196.94,1108.77,88.17,7.2
2023-03-12,4,2023-03-12T03:00,bcl,Big Cliff,1.08,1.08,0.0,1196.15,1108.78,87.37,7.2
2023-03-12,5,2023-03-12T04:00,bcl,Big Cliff,1.1,1.1,0.0,1195.42,1108.73,86.69,7.3
2023-03-12,6,2023-03-12T05:00,bcl,Big Cliff,1.09,1.09,0.0,1194.62,1108.74,85.88,7.1
2023-03-12,7,2023-03-12T06:00,bcl,Big Cliff,1.06,1.06,0.0,1193.88,1108.71,85.17,6.9
2023-03-12,8,2023-03-12T07:00,bcl,Big Cliff,1.06,1.06,0.0,1194.64,1108.73,85.91,6.9
2023-03-12,9,2023-03-12T08:00,bcl,Big Cliff,1.06,1.06,0.0,1195.61,1108.73,86.88,7.0
2023-03-12,10,2023-03-12T09:00,bcl,Big Cliff,1.09,1.09,0.0,1196.56,1108.75,87.81,7.3
2023-03-12,11,2023-03-12T10:00,bcl,Big Cliff,1.1,1.1,0.0,1197.49,1108.81,88.68,7.4
2023-03-12,12,2023-03-12T11:00,bcl,Big Cliff,1.09,1.09,0.0,1198.42,1108.78,89.64,7.5
2023-03-12,13,2023-03-12T12:00,bcl,Big Cliff,1.09,1.09,0.0,1197.89,1108.74,89.15,7.4
2023-03-12,14,2023-03-12T13:00,bcl,Big Cliff,1.07,1.07,0.0,1197.2,1108.73,88.47,7.2
2023-03-12,15,2023-03-12T14:00,bcl,Big Cliff,1.07,1.07,0.0,1196.47,1108.7,87.77,7.2
2023-03-12,16,2023-03-12T15:00,bcl,Big Cliff,1.1,1.1,0.0,1195.72,1108.73,86.99,7.3
2023-03-12,17,2023-03-12T16:00,bcl,Big Cliff,1.08,1.08,0.0,1194.97,1108.74,86.23,7.1
2023-03-12,18,2023-03-12T17:00,bcl,Big Cliff,1.07,1.07,0.0,1194.22,1108.76,85.46,7.0
2023-03-12,19,2023-03-12T18:00,bcl,Big Cliff,1.05,1.05,0.0,1193.47,1108.71,84.76,6.8
2023-03-12,20,2023-03-12T19:00,bcl,Big Cliff,1.06,1.06,0.0,1192.69,1108.71,83.98,6.8
2023-03-12,21,2023-03-12T20:00,bcl,Big Cliff,1.04,1.04,0.0,1193.03,1108.71,84.32,6.7
2023-03-12,22,2023-03-12T21:00,bcl,Big Cliff,1.06,1.06,0.0,1194.08,1108.72,85.36,6.9
2023-03-12,23,2023-03-12T22:00,bcl,Big Cliff,1.05,1.05,0.0,1195.15,1108.75,86.4,6.9
2023-03-13,1,2023-03-13T00:00,bcl,Big Cliff,1.07,1.07,0.0,1196.2,1108.74,87.46,7.1
2023-03-13,2,2023-03-13T01:00,bcl,Big Cliff,1.08,1.08,0.0,1197.2,1108.75,88.45,7.3
2023-03-13,3,2023-03-13T02:00,bcl,Big Cliff,1.09,1.09,0.0,1196.88,1108.76,88.12,7.3
2023-03-13,4,2023-03-13T03:00,bcl,Big Cliff,1.09,1.09,0.0,1196.2,1108.72,87.48,7.3
2023-03-13,5,2023-03-13T04:00,bcl,Big Cliff,1.09,1.09,0.0,1195.45,1108.76,86.69,7.2
2023-03-13,6,2023-03-13T05:00,bcl,Big Cliff,1.08,1.08,0.0,1194.76,1108.72,86.04,7.1
2023-03-13,7,2023-03-13T06:00,bcl,Big Cliff,1.07,1.07,0.0,1194.05,1108.77,85.28,7.0
2023-03-13,8,2023-03-13T07:00,bcl,Big Cliff,1.06,1.06,0.0,1193.35,1108.67,84.68,6.8
2023-03-13,9,2023-03-13T08:00,bcl,Big Cliff,1.06,1.06,0.0,1194.21,1108.72,85.49,6.9
2023-03-13,10,2023-03-13T09:00,bcl,Big Cliff,1.07,1.07,0.0,1195.3,1108.76,86.54,7.1
2023-03-13,11,2023-03-13T10:00,bcl,Big Cliff,1.07,1.07,0.0,1196.37,1108.74,87.63,7.2
2023-03-13,12,2023-03-13T11:00,bcl,Big Cliff,1.11,1.11,0.0,1197.43,1108.79,88.64,7.5
2023-03-13,13,2023-03-13T12:00,bcl,Big Cliff,1.09,1.09,0.0,1198.49,1108.74,89.75,7.5
2023-03-13,14,2023-03-13T13:00,bcl,Big Cliff,1.11,1.11,0.0,1198.11,1108.73,89.38,7.6
2023-03-13,15,2023-03-13T14:00,bcl,Big Cliff,1.11,1.11,0.0,1197.57,1108.78,88.79,7.5
2023-03-13,16,2023-03-13T15:00,bcl,Big Cliff,1.12,1.12,0.0,1197.02,1108.73,88.29,7.5
2023-03-13,17,2023-03-13T16:00,bcl,Big Cliff,1.13,1.13,0.0,1196.44,1108.79,87.65,7.6
2023-03-13,18,2023-03-13T17:00,bcl,Big Cliff,1.13,1.13,0.0,1195.81,1108.85,86.96,7.5
2023-03-13,19,2023-03-13T18:00,bcl,Big Cliff,1.13,1.13,0.0,1195.19,1108.76,86.43,7.5
2023-03-13,20,2023-03-13T19:00,bcl,Big Cliff,1.11,1.11,0.0,1194.55,1108.8,85.75,7.3
2023-03-13,21,2023-03-13T20:00,bcl,Big Cliff,1.11,1.11,0.0,1193.92,1108.74,85.18,7.2
2023-03-13,22,2023-03-13T21:00,bcl,Big Cliff,1.08,1.08,0.0,1193.26,1108.76,84.5,7.0
2023-03-13,23,2023-03-13T22:00,bcl,Big Cliff,1.06,1.06,0.0,1194.23,1108.74,85.49,6.9
2023-03-13,24,2023-03-13T23:00,bcl,Big Cliff,1.09,1.09,0.0,1195.43,1108.72,86.71,7.2
2023-03-14,1,2023-03-14T00:00,bcl,Big Cliff,1.09,1.09,0.0,1196.56,1108.8,87.76,7.3
2023-03-14,2,2023-03-14T01:00,bcl,Big Cliff,1.11,1.11,0.0,1197.4,1108.84,88.56,7.5
2023-03-14,3,2023-03-14T02:00,bcl,Big Cliff,1.11,1.11,0.0,1196.88,1108.79,88.09,7.5
2023-03-14,4,2023-03-14T03:00,bcl,Big Cliff,1.11,1.11,0.0,1196.19,1108.77,87.42,7.4
2023-03-14,5,2023-03-14T04:00,bcl,Big Cliff,1.12,1.12,0.0,1195.53,1108.78,86.75,7.4
2023-03-14,6,2023-03-14T05:00,bcl,Big Cliff,1.11,1.11,0.0,1194.83,1108.75,86.08,7.3
2023-03-14,7,2023-03-14T06:00,bcl,Big Cliff,1.1,1.1,0.0,1194.14,1108.76,85.38,7.2
2023-03-14,8,2023-03-14T07:00,bcl,Big Cliff,1.08,1.08,0.0,1193.44,1108.77,84.67,7.0
2023-03-14,9,2023-03-14T08:00,bcl,Big Cliff,1.1,1.1,0.0,1192.73,1108.8,83.93,7.0
2023-03-14,10,2023-03-14T09:00,bcl,Big Cliff,1.06,1.06,0.0,1192.02,1108.72,83.3,6.7
2023-03-14,11,2023-03-14T10:00,bcl,Big Cliff,1.07,1.07,0.0,1191.29,1108.72,82.57,6.7
2023-03-14,12,2023-03-14T11:00,bcl,Big Cliff,1.09,1.09,0.0,1190.53,1108.75,81.78,6.8
2023-03-14,13,2023-03-14T12:00,bcl,Big Cliff,1.09,1.09,0.0,1189.76,1108.74,81.02,6.7
2023-03-14,14,2023-03-14T13:00,bcl,Big Cliff,1.07,1.07,0.0,1189.0,1108.77,80.23,6.6
2023-03-14,15,2023-03-14T14:00,bcl,Big Cliff,1.07,1.07,0.0,1189.91,1108.77,81.14,6.6
2023-03-14,16,2023-03-14T15:00,bcl,Big Cliff,1.09,1.09,0.0,1191.04,1108.73,82.31,6.8
2023-03-14,17,2023-03-14T16:00,bcl,Big Cliff,1.11,1.11,0.0,1192.14,1108.76,83.38,7.1
2023-03-14,18,2023-03-14T17:00,bcl,Big Cliff,1.09,1.09,0.0,1193.21,1108.77,84.44,7.0
2023-03-14,19,2023-03-14T18:00,bcl,Big Cliff,1.08,1.08,0.0,1194.27,1108.75,85.52,7.0
2023-03-14,20,2023-03-14T19:00,bcl,Big Cliff,1.09,1.09,0.0,1193.83,1108.74,85.09,7.1
2023-03-14,21,2023-03-14T20:00,bcl,Big Cliff,1.07,1.07,0.0,1193.13,1108.75,84.38,6.9
2023-03-14,22,2023-03-14T21:00,bcl,Big Cliff,1.06,1.06,0.0,1192.41,1108.66,83.75,6.8
2023-03-14,23,2023-03-14T22:00,bcl,Big Cliff,1.06,1.06,0.0,1193.25,1108.76,84.49,6.8
2023-03-14,24,2023-03-14T23:00,bcl,Big Cliff,1.07,1.07,0.0,1194.52,1108.75,85.77,7.0
2023-03-15,1,2023-03-15T00:00,bcl,Big Cliff,1.08,1.08,0.0,1195.77,1108.74,87.03,7.2
2023-03-15,2,2023-03-15T01:00,bcl,Big Cliff,1.09,1.09,0.0,1197.0,1108.8,88.2,7.3
2023-03-15,3,2023-03-15T02:00,bcl,Big Cliff,1.09,1.09,0.0,1196.73,1108.76,87.97,7.3
2023-03-15,4,2023-03-15T03:00,bcl,Big Cliff,1.09,1.09,0.0,1196.08,1108.75,87.33,7.3
2023-03-15,5,2023-03-15T04:00,bcl,Big Cliff,1.13,1.13,0.0,1195.31,1108.78,86.53,7.5
2023-03-15,6,2023-03-15T05:00,bcl,Big Cliff,1.08,1.08,0.0,1194.61,1108.73,85.88,7.1
2023-03-15,7,2023-03-15T06:00,bcl,Big Cliff,1.11,1.11,0.0,1193.85,1108.81,85.04,7.2
2023-03-15,8,2023-03-15T07:00,bcl,Big Cliff,1.07,1.07,0.0,1193.1,1108.8,84.3,6.9
2023-03-15,9,2023-03-15T08:00,bcl,Big Cliff,1.1,1.1,0.0,1192.33,1108.86,83.47,7.0
2023-03-15,10,2023-03-15T09:00,bcl,Big Cliff,1.13,1.13,0.0,1191.52,1108.83,82.69,7.1
2023-03-15,11,2023-03-15T10:00,bcl,Big Cliff,1.11,1.11,0.0,1190.71,1108.77,81.94,6.9
2023-03-15,12,2023-03-15T11:00,bcl,Big Cliff,1.15,1.15,0.0,1189.87,1108.83,81.04,7.1
2023-03-15,13,2023-03-15T12:00,bcl,Big Cliff,1.14,1.14,0.0,1189.02,1108.82,80.2,7.0
2023-03-15,14,2023-03-15T13:00,bcl,Big Cliff,1.17,1.17,0.0,1188.15,1108.85,79.3,7.1
2023-03-15,15,2023-03-15T14:00,bcl,Big Cliff,1.18,1.18,0.0,1189.24,1108.81,80.43,7.2
2023-03-15,16,2023-03-15T15:00,bcl,Big Cliff,1.18,1.18,0.0,1190.67,1108.85,81.82,7.4
2023-03-15,17,2023-03-15T16:00,bcl,Big Cliff,1.27,1.27,0.0,1190.13,1108.97,81.16,7.9
2023-03-15,18,2023-03-15T17:00,bcl,Big Cliff,1.27,1.27,0.0,1189.2,1109.01,80.19,7.8
2023-03-15,19,2023-03-15T18:00,bcl,Big Cliff,1.26,1.26,0.0,1188.18,1109.04,79.14,7.6
2023-03-15,20,2023-03-15T19:00,bcl,Big Cliff,1.24,1.24,0.0,1187.99,1109.03,78.96,7.5
2023-03-15,21,2023-03-15T20:00,bcl,Big Cliff,1.25,1.25,0.0,1189.11,1109.0,80.11,7.6
2023-03-15,22,2023-03-15T21:00,bcl,Big Cliff,1.24,1.24,0.0,1190.27,1108.99,81.28,7.7
2023-03-15,23,2023-03-15T22:00,bcl,Big Cliff,1.25,1.25,0.0,1191.37,1109.02,82.35,7.9
2023-03-15,24,2023-03-15T23:00,bcl,Big Cliff,1.26,1.26,0.0,1192.46,1109.03,83.43,8.0
2023-03-16,1,2023-03-16T00:00,bcl,Big Cliff,1.25,1.25,0.0,1193.51,1109.03,84.48,8.1
2023-03-16,2,2023-03-16T01:00,bcl,Big Cliff,1.28,1.28,0.0,1194.53,1109.07,85.46,8.3
2023-03-16,3,2023-03-16T02:00,bcl,Big Cliff,1.28,1.28,0.0,1194.91,1109.06,85.85,8.4
2023-03-16,4,2023-03-16T03:00,bcl,Big Cliff,1.28,1.28,0.0,1194.09,1109.01,85.08,8.3
2023-03-16,5,2023-03-16T04:00,bcl,Big Cliff,1.27,1.27,0.0,1193.14,1109.01,84.13,8.2
2023-03-16,6,2023-03-16T05:00,bcl,Big Cliff,1.29,1.29,0.0,1192.24,1109.07,83.17,8.2
2023-03-16,7,2023-03-16T06:00,bcl,Big Cliff,1.28,1.28,0.0,1191.26,1109.07,82.19,8.0
2023-03-16,8,2023-03-16T07:00,bcl,Big Cliff,1.24,1.24,0.0,1190.32,1109.02,81.3,7.7
2023-03-16,9,2023-03-16T08:00,bcl,Big Cliff,1.24,1.24,0.0,1189.36,1109.01,80.35,7.6
2023-03-16,10,2023-03-16T09:00,bcl,Big Cliff,1.24,1.24,0.0,1188.38,1108.92,79.46,7.5
2023-03-16,11,2023-03-16T10:00,bcl,Big Cliff,1.23,1.23,0.0,1187.4,1109.04,78.36,7.4
2023-03-16,12,2023-03-16T11:00,bcl,Big Cliff,1.23,1.23,0.0,1186.39,1108.96,77.43,7.3
2023-03-16,13,2023-03-16T12:00,bcl,Big Cliff,1.22,1.22,0.0,1185.39,1108.95,76.44,7.1
2023-03-16,14,2023-03-16T13:00,bcl,Big Cliff,1.22,1.22,0.0,1186.47,1108.97,77.5,7.2
2023-03-16,15,2023-03-16T14:00,bcl,Big Cliff,1.22,1.22,0.0,1187.9,1108.92,78.98,7.4
2023-03-16,16,2023-03-16T15:00,bcl,Big Cliff,1.25,1.25,0.0,1189.29,1108.95,80.34,7.7
2023-03-16,17,2023-03-16T16:00,bcl,Big Cliff,1.29,1.29,0.0,1190.62,1109.01,81.61,8.0
2023-03-16,18,2023-03-16T17:00,bcl,Big Cliff,1.3,1.3,0.0,1191.92,1109.07,82.85,8.2
2023-03-16,19,2023-03-16T18:00,bcl,Big Cliff,1.28,1.28,0.0,1193.2,1109.06,84.14,8.2
2023-03-16,20,2023-03-16T19:00,bcl,Big Cliff,1.29,1.29,0.0,1192.62,1109.03,83.59,8.2
2023-03-16,21,2023-03-16T20:00,bcl,Big Cliff,1.26,1.26,0.0,1193.19,1109.04,84.15,8.1
2023-03-16,22,2023-03-16T21:00,bcl,Big Cliff,1.27,1.27,0.0,1194.1,1109.05,85.05,8.2
2023-03-16,23,2023-03-16T22:00,bcl,Big Cliff,1.26,1.26,0.0,1195.13,1109.04,86.09,8.3
2023-03-16,24,2023-03-16T23:00,bcl,Big Cliff,1.27,1.27,0.0,1196.13,1109.04,87.09,8.4
2023-03-17,1,2023-03-17T00:00,bcl,Big Cliff,1.28,1.28,0.0,1197.11,1109.02,88.09,8.6
2023-03-17,2,2023-03-17T01:00,bcl,Big Cliff,1.28,1.28,0.0,1196.43,1109.07,87.36,8.5
2023-03-17,3,2023-03-17T02:00,bcl,Big Cliff,1.3,1.3,0.0,1195.5,1109.09,86.41,8.6
2023-03-17,4,2023-03-17T03:00,bcl,Big Cliff,1.28,1.28,0.0,1194.64,1109.04,85.6,8.4
2023-03-17,5,2023-03-17T04:00,bcl,Big Cliff,1.29,1.29,0.0,1193.7,1109.02,84.68,8.3
2023-03-17,6,2023-03-17T05:00,bcl,Big Cliff,1.3,1.3,0.0,1192.78,1109.09,83.69,8.3
2023-03-17,7,2023-03-17T06:00,bcl,Big Cliff,1.29,1.29,0.0,1191.82,1109.08,82.74,8.1
2023-03-17,8,2023-03-17T07:00,bcl,Big Cliff,1.25,1.25,0.0,1192.79,1108.98,83.81,8.0
2023-03-17,9,2023-03-17T08:00,bcl,Big Cliff,1.25,1.25,0.0,1194.03,1109.06,84.97,8.1
2023-03-17,10,2023-03-17T09:00,bcl,Big Cliff,1.26,1.26,0.0,1195.21,1109.03,86.18,8.3
2023-03-17,11,2023-03-17T10:00,bcl,Big Cliff,1.26,1.26,0.0,1196.38,1109.04,87.34,8.4
2023-03-17,12,2023-03-17T11:00,bcl,Big Cliff,1.28,1.28,0.0,1195.79,1109.06,86.73,8.5
2023-03-17,13,2023-03-17T12:00,bcl,Big Cliff,1.3,1.3,0.0,1194.91,1109.09,85.82,8.5
2023-03-17,14,2023-03-17T13:00,bcl,Big Cliff,1.26,1.26,0.0,1194.0,1109.05,84.95,8.2
2023-03-17,15,2023-03-17T14:00,bcl,Big Cliff,1.28,1.28,0.0,1193.07,1109.05,84.02,8.2
2023-03-17,16,2023-03-17T15:00,bcl,Big Cliff,1.27,1.27,0.0,1192.14,1109.03,83.11,8.1
2023-03-17,17,2023-03-17T16:00,bcl,Big Cliff,1.29,1.29,0.0,1193.11,1109.07,84.04,8.3
2023-03-17,18,2023-03-17T17:00,bcl,Big Cliff,1.3,1.3,0.0,1194.35,1109.09,85.26,8.5
2023-03-17,19,2023-03-17T18:00,bcl,Big Cliff,1.3,1.3,0.0,1195.57,1109.08,86.49,8.6
2023-03-17,20,2023-03-17T19:00,bcl,Big Cliff,1.28,1.28,0.0,1195.01,1109.09,85.92,8.4
2023-03-17,21,2023-03-17T20:00,bcl,Big Cliff,1.28,1.28,0.0,1194.13,1109.08,85.05,8.3
2023-03-17,22,2023-03-17T21:00,bcl,Big Cliff,1.27,1.27,0.0,1193.21,1109.04,84.17,8.2
2023-03-17,23,2023-03-17T22:00,bcl,Big Cliff,1.26,1.26,0.0,1194.29,1109.02,85.27,8.2
2023-03-17,24,2023-03-17T23:00,bcl,Big Cliff,1.26,1.26,0.0,1195.31,1109.07,86.24,8.3
2023-03-18,1,2023-03-18T00:00,bcl,Big Cliff,1.28,1.28,0.0,1196.29,1109.04,87.25,8.5
2023-03-18,2,2023-03-18T01:00,bcl,Big Cliff,1.27,1.27,0.0,1196.33,1109.05,87.28,8.5
2023-03-18,3,2023-03-18T02:00,bcl,Big Cliff,1.29,1.29,0.0,1195.5,1109.04,86.46,8.5
2023-03-18,4,2023-03-18T03:00,bcl,Big Cliff,1.27,1.27,0.0,1194.6,1109.04,85.56,8.3
2023-03-18,5,2023-03-18T04:00,bcl,Big Cliff,1.28,1.28,0.0,1193.71,1109.09,84.62,8.3
2023-03-18,6,2023-03-18T05:00,bcl,Big Cliff,1.28,1.28,0.0,1192.78,1109.02,83.76,8.2
2023-03-18,7,2023-03-18T06:00,bcl,Big Cliff,1.28,1.28,0.0,1191.86,1109.05,82.81,8.1
2023-03-18,8,2023-03-18T07:00,bcl,Big Cliff,1.25,1.25,0.0,1192.84,1109.02,83.82,8.0
2023-03-18,9,2023-03-18T08:00,bcl,Big Cliff,1.27,1.27,0.0,1194.08,1109.0,85.08,8.2
2023-03-18,10,2023-03-18T09:00,bcl,Big Cliff,1.29,1.29,0.0,1195.28,1109.06,86.22,8.5
2023-03-18,11,2023-03-18T10:00,bcl,Big Cliff,1.3,1.3,0.0,1196.46,1109.09,87.37,8.7
2023-03-18,12,2023-03-18T11:00,bcl,Big Cliff,1.28,1.28,0.0,1195.9,1109.07,86.83,8.5
2023-03-18,13,2023-03-18T12:00,bcl,Big Cliff,1.28,1.28,0.0,1195.03,1109.06,85.97,8.4
2023-03-18,14,2023-03-18T13:00,bcl,Big Cliff,1.28,1.28,0.0,1194.12,1109.05,85.07,8.3
2023-03-18,15,2023-03-18T14:00,bcl,Big Cliff,1.28,1.28,0.0,1193.21,1109.08,84.13,8.2
2023-03-18,16,2023-03-18T15:00,bcl,Big Cliff,1.29,1.29,0.0,1192.28,1109.04,83.24,8.2
2023-03-18,17,2023-03-18T16:00,bcl,Big Cliff,1.28,1.28,0.0,1193.25,1109.0,84.25,8.2
2023-03-18,18,2023-03-18T17:00,bcl,Big Cliff,1.31,1.31,0.0,1194.51,1109.05,85.46,8.5
2023-03-18,19,2023-03-18T18:00,bcl,Big Cliff,1.27,1.27,0.0,1195.72,1109.0,86.72,8.4
2023-03-18,20,2023-03-18T19:00,bcl,Big Cliff,1.28,1.28,0.0,1195.16,1109.05,86.11,8.4
2023-03-18,21,2023-03-18T20:00,bcl,Big Cliff,1.26,1.26,0.0,1194.32,1109.03,85.29,8.2
2023-03-18,22,2023-03-18T21:00,bcl,Big Cliff,1.27,1.27,0.0,1193.48,1109.08,84.4,8.2
2023-03-18,23,2023-03-18T22:00,bcl,Big Cliff,1.28,1.28,0.0,1194.6,1109.05,85.55,8.4
2023-03-18,24,2023-03-18T23:00,bcl,Big Cliff,1.28,1.28,0.0,1195.63,1109.05,86.58,8.5
2023-03-19,1,2023-03-19T00:00,bcl,Big Cliff,1.3,1.3,0.0,1196.63,1109.08,87.55,8.7
2023-03-19,2,2023-03-19T01:00,bcl,Big Cliff,1.27,1.27,0.0,1196.47,1109.03,87.44,8.5
2023-03-19,3,2023-03-19T02:00,bcl,Big Cliff,1.28,1.28,0.0,1195.58,1109.06,86.52,8.4
2023-03-19,4,2023-03-19T03:00,bcl,Big Cliff,1.28,1.28,0.0,1194.76,1109.07,85.69,8.4
2023-03-19,5,2023-03-19T04:00,bcl,Big Cliff,1.27,1.27,0.0,1193.86,1109.02,84.84,8.2
2023-03-19,6,2023-03-19T05:00,bcl,Big Cliff,1.28,1.28,0.0,1192.98,1109.02,83.96,8.2
2023-03-19,7,2023-03-19T06:00,bcl,Big Cliff,1.28,1.28,0.0,1192.06,1109.02,83.04,8.1
2023-03-19,8,2023-03-19T07:00,bcl,Big Cliff,1.29,1.29,0.0,1193.06,1109.06,84.0,8.3
2023-03-19,9,2023-03-19T08:00,bcl,Big Cliff,1.29,1.29,0.0,1194.31,1109.08,85.23,8.4
2023-03-19,10,2023-03-19T09:00,bcl,Big Cliff,1.27,1.27,0.0,1195.53,1109.03,86.5,8.4
2023-03-19,11,2023-03-19T10:00,bcl,Big Cliff,1.28,1.28,0.0,1196.72,1109.01,87.71,8.6
2023-03-19,12,2023-03-19T11:00,bcl,Big Cliff,1.3,1.3,0.0,1196.17,1109.1,87.07,8.6
2023-03-19,13,2023-03-19T12:00,bcl,Big Cliff,1.3,1.3,0.0,1195.32,1109.06,86.26,8.6
2023-03-19,14,2023-03-19T13:00,bcl,Big Cliff,1.27,1.27,0.0,1194.45,1109.07,85.38,8.3
2023-03-19,15,2023-03-19T14:00,bcl,Big Cliff,1.28,1.28,0.0,1193.55,1109.02,84.53,8.3
2023-03-19,16,2023-03-19T15:00,bcl,Big Cliff,1.29,1.29,0.0,1192.65,1109.04,83.61,8.2
2023-03-19,17,2023-03-19T16:00,bcl,Big Cliff,1.3,1.3,0.0,1193.64,1108.98,84.66,8.4
2023-03-19,18,2023-03-19T17:00,bcl,Big Cliff,1.31,1.31,0.0,1194.89,1109.07,85.82,8.6
2023-03-19,19,2023-03-19T18:00,bcl,Big Cliff,1.3,1.3,0.0,1196.09,1109.06,87.03,8.6
2023-03-19,20,2023-03-19T19:00,bcl,Big Cliff,1.29,1.29,0.0,1195.53,1109.05,86.48,8.5
2023-03-19,21,2023-03-19T20:00,bcl,Big Cliff,1.28,1.28,0.0,1194.71,1109.06,85.65,8.4
2023-03-19,22,2023-03-19T21:00,bcl,Big Cliff,1.28,1.28,0.0,1193.83,1109.03,84.8,8.3
2023-03-19,23,2023-03-19T22:00,bcl,Big Cliff,1.28,1.28,0.0,1194.27,1109.07,85.2,8.3
2023-03-19,24,2023-03-19T23:00,bcl,Big Cliff,1.28,1.28,0.0,1195.37,1109.1,86.27,8.4
2023-03-20,1,2023-03-20T00:00,bcl,Big Cliff,1.29,1.29,0.0,1196.4,1109.06,87.34,8.6
2023-03-20,2,2023-03-20T01:00,bcl,Big Cliff,1.3,1.3,0.0,1196.18,1109.07,87.11,8.6
2023-03-20,3,2023-03-20T02:00,bcl,Big Cliff,1.31,1.31,0.0,1195.3,1109.03,86.27,8.6
2023-03-20,4,2023-03-20T03:00,bcl,Big Cliff,1.3,1.3,0.0,1194.49,1109.08,85.41,8.5
2023-03-20,5,2023-03-20T04:00,bcl,Big Cliff,1.3,1.3,0.0,1193.6,1109.05,84.55,8.4
2023-03-20,6,2023-03-20T05:00,bcl,Big Cliff,1.3,1.3,0.0,1192.74,1109.07,83.67,8.3
2023-03-20,7,2023-03-20T06:00,bcl,Big Cliff,1.3,1.3,0.0,1191.85,1109.08,82.77,8.2
2023-03-20,8,2023-03-20T07:00,bcl,Big Cliff,1.28,1.28,0.0,1192.88,1109.02,83.86,8.2
2023-03-20,9,2023-03-20T08:00,bcl,Big Cliff,1.27,1.27,0.0,1194.17,1109.0,85.17,8.3
2023-03-20,10,2023-03-20T09:00,bcl,Big Cliff,1.28,1.28,0.0,1195.42,1109.08,86.34,8.4
2023-03-20,11,2023-03-20T10:00,bcl,Big Cliff,1.29,1.29,0.0,1196.64,1109.02,87.62,8.6
2023-03-20,12,2023-03-20T11:00,bcl,Big Cliff,1.29,1.29,0.0,1196.11,1109.03,87.08,8.6
2023-03-20,13,2023-03-20T12:00,bcl,Big Cliff,1.28,1.28,0.0,1195.31,1109.03,86.28,8.4
2023-03-20,14,2023-03-20T13:00,bcl,Big Cliff,1.28,1.28,0.0,1194.45,1109.06,85.39,8.3
2023-03-20,15,2023-03-20T14:00,bcl,Big Cliff,1.3,1.3,0.0,1193.61,1109.14,84.47,8.4
2023-03-20,16,2023-03-20T15:00,bcl,Big Cliff,1.26,1.26,0.0,1192.73,1109.04,83.69,8.0
2023-03-20,17,2023-03-20T16:00,bcl,Big Cliff,1.3,1.3,0.0,1193.75,1109.09,84.66,8.4
2023-03-20,18,2023-03-20T17:00,bcl,Big Cliff,1.31,1.31,0.0,1195.02,1109.12,85.9,8.6
2023-03-20,19,2023-03-20T18:00,bcl,Big Cliff,1.3,1.3,0.0,1196.24,1109.03,87.21,8.7
2023-03-20,20,2023-03-20T19:00,bcl,Big Cliff,1.31,1.31,0.0,1195.68,1109.08,86.6,8.7
2023-03-20,21,2023-03-20T20:00,bcl,Big Cliff,1.3,1.3,0.0,1194.87,1109.06,85.81,8.5
2023-03-20,22,2023-03-20T21:00,bcl,Big Cliff,1.26,1.26,0.0,1194.01,1109.02,84.99,8.2
2023-03-20,23,2023-03-20T22:00,bcl,Big Cliff,1.28,1.28,0.0,1194.71,1109.03,85.68,8.4
2023-03-20,24,2023-03-20T23:00,bcl,Big Cliff,1.31,1.31,0.0,1195.75,1109.07,86.68,8.7
2023-03-21,1,2023-03-21T00:00,bcl,Big Cliff,1.29,1.29,0.0,1196.8,1109.03,87.77,8.6
2023-03-21,2,2023-03-21T01:00,bcl,Big Cliff,1.3,1.3,0.0,1196.29,1109.04,87.25,8.7
2023-03-21,3,2023-03-21T02:00,bcl,Big Cliff,1.3,1.3,0.0,1195.42,1109.05,86.37,8.6
2023-03-21,4,2023-03-21T03:00,bcl,Big Cliff,1.29,1.29,0.0,1194.59,1109.04,85.55,8.4
2023-03-21,5,2023-03-21T04:00,bcl,Big Cliff,1.29,1.29,0.0,1193.7,1109.11,84.59,8.3
2023-03-21,6,2023-03-21T05:00,bcl,Big Cliff,1.28,1.28,0.0,1192.83,1109.05,83.78,8.2
2023-03-21,7,2023-03-21T06:00,bcl,Big Cliff,1.29,1.29,0.0,1191.91,1109.04,82.87,8.2
2023-03-21,8,2023-03-21T07:00,bcl,Big Cliff,1.27,1.27,0.0,1192.9,1109.05,83.85,8.1
2023-03-21,9,2023-03-21T08:00,bcl,Big Cliff,1.26,1.26,0.0,1194.14,1109.0,85.14,8.2
2023-03-21,10,2023-03-21T09:00,bcl,Big Cliff,1.28,1.28,0.0,1195.35,1109.09,86.26,8.4
2023-03-21,11,2023-03-21T10:00,bcl,Big Cliff,1.27,1.27,0.0,1196.53,1109.06,87.47,8.5
2023-03-21,12,2023-03-21T11:00,bcl,Big Cliff,1.27,1.27,0.0,1195.95,1109.01,86.94,8.4
2023-03-21,13,2023-03-21T12:00,bcl,Big Cliff,1.29,1.29,0.0,1195.13,1109.06,86.07,8.5
2023-03-21,14,2023-03-21T13:00,bcl,Big Cliff,1.26,1.26,0.0,1194.24,1109.08,85.16,8.2
2023-03-21,15,2023-03-21T14:00,bcl,Big Cliff,1.28,1.28,0.0,1193.36,1109.04,84.32,8.2
2023-03-21,16,2023-03-21T15:00,bcl,Big Cliff,1.27,1.27,0.0,1192.47,1108.99,83.48,8.1
2023-03-21,17,2023-03-21T16:00,bcl,Big Cliff,1.3,1.3,0.0,1193.44,1109.05,84.39,8.4
2023-03-21,18,2023-03-21T17:00,bcl,Big Cliff,1.32,1.32,0.0,1194.67,1109.08,85.59,8.6
2023-03-21,19,2023-03-21T18:00,bcl,Big Cliff,1.3,1.3,0.0,1195.87,1109.08,86.79,8.6
2023-03-21,20,2023-03-21T19:00,bcl,Big Cliff,1.3,1.3,0.0,1195.31,1109.01,86.3,8.6
2023-03-21,21,2023-03-21T20:00,bcl,Big Cliff,1.29,1.29,0.0,1194.47,1109.06,85.41,8.4
2023-03-21,22,2023-03-21T21:00,bcl,Big Cliff,1.28,1.28,0.0,1193.59,1108.99,84.6,8.3
2023-03-21,23,2023-03-21T22:00,bcl,Big Cliff,1.28,1.28,0.0,1194.49,1109.1,85.39,8.3
2023-03-21,24,2023-03-21T23:00,bcl,Big Cliff,1.28,1.28,0.0,1195.62,1109.05,86.57,8.5
2023-03-22,1,2023-03-22T00:00,bcl,Big Cliff,1.3,1.3,0.0,1196.7,1109.09,87.61,8.7
2023-03-22,2,2023-03-22T01:00,bcl,Big Cliff,1.29,1.29,0.0,1196.17,1109.1,87.07,8.6
2023-03-22,3,2023-03-22T02:00,bcl,Big Cliff,1.29,1.29,0.0,1195.31,1109.09,86.22,8.5
2023-03-22,4,2023-03-22T03:00,bcl,Big Cliff,1.29,1.29,0.0,1194.45,1109.03,85.42,8.4
2023-03-22,5,2023-03-22T04:00,bcl,Big Cliff,1.3,1.3,0.0,1193.55,1109.09,84.46,8.4
2023-03-22,6,2023-03-22T05:00,bcl,Big Cliff,1.29,1.29,0.0,1192.67,1109.03,83.64,8.2
2023-03-22,7,2023-03-22T06:00,bcl,Big Cliff,1.29,1.29,0.0,1191.74,1109.01,82.73,8.1
2023-03-22,8,2023-03-22T07:00,bcl,Big Cliff,1.26,1.26,0.0,1192.72,1109.0,83.72,8.0
2023-03-22,9,2023-03-22T08:00,bcl,Big Cliff,1.26,1.26,0.0,1193.96,1109.01,84.95,8.2
2023-03-22,10,2023-03-22T09:00,bcl,Big Cliff,1.29,1.29,0.0,1195.16,1109.06,86.1,8.5
2023-03-22,11,2023-03-22T10:00,bcl,Big Cliff,1.28,1.28,0.0,1196.32,1109.06,87.26,8.5
2023-03-22,12,2023-03-22T11:00,bcl,Big Cliff,1.31,1.31,0.0,1195.75,1109.07,86.68,8.7
2023-03-22,13,2023-03-22T12:00,bcl,Big Cliff,1.29,1.29,0.0,1194.91,1109.08,85.83,8.4
2023-03-22,14,2023-03-22T13:00,bcl,Big Cliff,1.32,1.32,0.0,1194.0,1109.08,84.92,8.6
2023-03-22,15,2023-03-22T14:00,bcl,Big Cliff,1.28,1.28,0.0,1193.1,1109.06,84.04,8.2
2023-03-22,16,2023-03-22T15:00,bcl,Big Cliff,1.28,1.28,0.0,1192.19,1109.06,83.13,8.1
2023-03-22,17,2023-03-22T16:00,bcl,Big Cliff,1.26,1.26,0.0,1193.13,1109.0,84.13,8.1
2023-03-22,18,2023-03-22T17:00,bcl,Big Cliff,1.31,1.31,0.0,1194.35,1109.12,85.23,8.5
2023-03-22,19,2023-03-22T18:00,bcl,Big Cliff,1.27,1.27,0.0,1195.55,1109.01,86.54,8.4
2023-03-22,20,2023-03-22T19:00,bcl,Big Cliff,1.28,1.28,0.0,1195.0,1108.99,86.01,8.4
2023-03-22,21,2023-03-22T20:00,bcl,Big Cliff,1.26,1.26,0.0,1194.19,1109.04,85.15,8.2
2023-03-22,22,2023-03-22T21:00,bcl,Big Cliff,1.24,1.24,0.0,1193.32,1108.99,84.33,8.0
2023-03-22,23,2023-03-22T22:00,bcl,Big Cliff,1.26,1.26,0.0,1194.13,1109.03,85.1,8.2
2023-03-22,24,2023-03-22T23:00,bcl,Big Cliff,1.27,1.27,0.0,1195.27,1109.02,86.25,8.4
2023-03-23,1,2023-03-23T00:00,bcl,Big Cliff,1.28,1.28,0.0,1196.35,1109.01,87.34,8.5
2023-03-23,2,2023-03-23T01:00,bcl,Big Cliff,1.29,1.29,0.0,1195.94,1109.03,86.91,8.6
2023-03-23,3,2023-03-23T02:00,bcl,Big Cliff,1.29,1.29,0.0,1195.18,1109.03,86.15,8.5
2023-03-23,4,2023-03-23T03:00,bcl,Big Cliff,1.3,1.3,0.0,1194.29,1109.04,85.25,8.5
2023-03-23,5,2023-03-23T04:00,bcl,Big Cliff,1.28,1.28,0.0,1193.49,1108.98,84.51,8.3
2023-03-23,6,2023-03-23T05:00,bcl,Big Cliff,1.26,1.26,0.0,1192.61,1109.01,83.6,8.0
2023-03-23,7,2023-03-23T06:00,bcl,Big Cliff,1.25,1.25,0.0,1191.77,1109.0,82.77,7.9
2023-03-23,8,2023-03-23T07:00,bcl,Big Cliff,1.21,1.21,0.0,1192.81,1108.93,83.88,7.7
2023-03-23,9,2023-03-23T08:00,bcl,Big Cliff,1.23,1.23,0.0,1194.1,1108.97,85.13,8.0
2023-03-23,10,2023-03-23T09:00,bcl,Big Cliff,1.24,1.24,0.0,1195.35,1108.98,86.37,8.2
2023-03-23,11,2023-03-23T10:00,bcl,Big Cliff,1.27,1.27,0.0,1196.57,1109.02,87.55,8.5
2023-03-23,12,2023-03-23T11:00,bcl,Big Cliff,1.27,1.27,0.0,1196.06,1109.04,87.02,8.4
2023-03-23,13,2023-03-23T12:00,bcl,Big Cliff,1.25,1.25,0.0,1195.28,1108.99,86.29,8.2
2023-03-23,14,2023-03-23T13:00,bcl,Big Cliff,1.26,1.26,0.0,1194.48,1108.95,85.53,8.2
2023-03-23,15,2023-03-23T14:00,bcl,Big Cliff,1.23,1.23,0.0,1193.69,1108.95,84.74,8.0
2023-03-23,16,2023-03-23T15:00,bcl,Big Cliff,1.28,1.28,0.0,1192.85,1109.0,83.85,8.2
2023-03-23,17,2023-03-23T16:00,bcl,Big Cliff,1.28,1.28,0.0,1193.83,1109.08,84.75,8.3
2023-03-23,18,2023-03-23T17:00,bcl,Big Cliff,1.31,1.31,0.0,1195.07,1109.06,86.01,8.6
2023-03-23,19,2023-03-23T18:00,bcl,Big Cliff,1.27,1.27,0.0,1196.29,1108.99,87.3,8.5
2023-03-23,20,2023-03-23T19:00,bcl,Big Cliff,1.26,1.26,0.0,1195.79,1109.0,86.79,8.3
2023-03-23,21,2023-03-23T20:00,bcl,Big Cliff,1.26,1.26,0.0,1195.0,1108.99,86.01,8.3
2023-03-23,22,2023-03-23T21:00,bcl,Big Cliff,1.25,1.25,0.0,1194.16,1108.96,85.2,8.1
2023-03-23,23,2023-03-23T22:00,bcl,Big Cliff,1.25,1.25,0.0,1194.8,1109.01,85.79,8.2
2023-03-23,24,2023-03-23T23:00,bcl,Big Cliff,1.26,1.26,0.0,1195.85,1109.01,86.84,8.3
2023-03-24,1,2023-03-24T00:00,bcl,Big Cliff,1.27,1.27,0.0,1196.92,1109.0,87.92,8.5
2023-03-24,2,2023-03-24T01:00,bcl,Big Cliff,1.25,1.25,0.0,1196.41,1108.96,87.45,8.3
2023-03-24,3,2023-03-24T02:00,bcl,Big Cliff,1.29,1.29,0.0,1195.58,1109.04,86.54,8.5
2023-03-24,4,2023-03-24T03:00,bcl,Big Cliff,1.26,1.26,0.0,1194.76,1109.04,85.72,8.2
2023-03-24,5,2023-03-24T04:00,bcl,Big Cliff,1.27,1.27,0.0,1193.88,1108.99,84.89,8.2
2023-03-24,6,2023-03-24T05:00,bcl,Big Cliff,1.26,1.26,0.0,1193.06,1109.02,84.04,8.1
2023-03-24,7,2023-03-24T06:00,bcl,Big Cliff,1.26,1.26,0.0,1192.19,1108.99,83.2,8.0
2023-03-24,8,2023-03-24T07:00,bcl,Big Cliff,1.22,1.22,0.0,1193.23,1109.01,84.22,7.8
2023-03-24,9,2023-03-24T08:00,bcl,Big Cliff,1.26,1.26,0.0,1194.44,1108.97,85.47,8.2
2023-03-24,10,2023-03-24T09:00,bcl,Big Cliff,1.26,1.26,0.0,1195.64,1109.05,86.59,8.3
2023-03-24,11,2023-03-24T10:00,bcl,Big Cliff,1.25,1.25,0.0,1196.83,1109.01,87.82,8.4
2023-03-24,12,2023-03-24T11:00,bcl,Big Cliff,1.26,1.26,0.0,1196.27,1109.0,87.27,8.4
2023-03-24,13,2023-03-24T12:00,bcl,Big Cliff,1.27,1.27,0.0,1195.47,1109.0,86.47,8.4
2023-03-24,14,2023-03-24T13:00,bcl,Big Cliff,1.25,1.25,0.0,1194.62,1108.99,85.63,8.2
2023-03-24,15,2023-03-24T14:00,bcl,Big Cliff,1.25,1.25,0.0,1193.79,1108.99,84.8,8.1
2023-03-24,16,2023-03-24T15:00,bcl,Big Cliff,1.27,1.27,0.0,1192.93,1109.03,83.9,8.1
2023-03-24,17,2023-03-24T16:00,bcl,Big Cliff,1.24,1.24,0.0,1193.9,1109.06,84.84,8.0
2023-03-24,18,2023-03-24T17:00,bcl,Big Cliff,1.27,1.27,0.0,1195.14,1109.01,86.13,8.3
2023-03-24,19,2023-03-24T18:00,bcl,Big Cliff,1.28,1.28,0.0,1196.33,1108.99,87.34,8.5
2023-03-24,20,2023-03-24T19:00,bcl,Big Cliff,1.26,1.26,0.0,1195.82,1108.99,86.83,8.3
2023-03-24,21,2023-03-24T20:00,bcl,Big Cliff,1.26,1.26,0.0,1194.99,1108.99,86.0,8.3
2023-03-24,22,2023-03-24T21:00,bcl,Big Cliff,1.25,1.25,0.0,1194.14,1108.97,85.17,8.1
2023-03-24,23,2023-03-24T22:00,bcl,Big Cliff,1.24,1.24,0.0,1194.35,1108.95,85.4,8.1
2023-03-24,24,2023-03-24T23:00,bcl,Big Cliff,1.24,1.24,0.0,1195.39,1109.02,86.37,8.2
2023-03-25,1,2023-03-25T00:00,bcl,Big Cliff,1.25,1.25,0.0,1196.44,1109.01,87.43,8.3
2023-03-25,2,2023-03-25T01:00,bcl,Big Cliff,1.25,1.25,0.0,1195.77,1108.99,86.78,8.3
2023-03-25,3,2023-03-25T02:00,bcl,Big Cliff,1.27,1.27,0.0,1194.92,1109.05,85.87,8.3
2023-03-25,4,2023-03-25T03:00,bcl,Big Cliff,1.27,1.27,0.0,1194.06,1108.95,85.11,8.2
2023-03-25,5,2023-03-25T04:00,bcl,Big Cliff,1.24,1.24,0.0,1193.18,1108.94,84.24,8.0
2023-03-25,6,2023-03-25T05:00,bcl,Big Cliff,1.26,1.26,0.0,1192.26,1108.98,83.28,8.0
2023-03-25,7,2023-03-25T06:00,bcl,Big Cliff,1.26,1.26,0.0,1191.4,1109.01,82.39,7.9
2023-03-25,8,2023-03-25T07:00,bcl,Big Cliff,1.22,1.22,0.0,1192.31,1108.97,83.34,7.8
2023-03-25,9,2023-03-25T08:00,bcl,Big Cliff,1.23,1.23,0.0,1193.55,1109.0,84.55,7.9
2023-03-25,10,2023-03-25T09:00,bcl,Big Cliff,1.27,1.27,0.0,1194.76,1109.01,85.75,8.3
2023-03-25,11,2023-03-25T10:00,bcl,Big Cliff,1.26,1.26,0.0,1195.93,1108.99,86.94,8.4
2023-03-25,12,2023-03-25T11:00,bcl,Big Cliff,1.27,1.27,0.0,1195.36,1109.0,86.36,8.4
2023-03-25,13,2023-03-25T12:00,bcl,Big Cliff,1.26,1.26,0.0,1194.53,1109.04,85.49,8.2
2023-03-25,14,2023-03-25T13:00,bcl,Big Cliff,1.25,1.25,0.0,1193.64,1108.94,84.7,8.1
2023-03-25,15,2023-03-25T14:00,bcl,Big Cliff,1.26,1.26,0.0,1192.75,1109.01,83.74,8.1
2023-03-25,16,2023-03-25T15:00,bcl,Big Cliff,1.26,1.26,0.0,1191.88,1108.91,82.97,8.0
2023-03-25,17,2023-03-25T16:00,bcl,Big Cliff,1.26,1.26,0.0,1192.84,1109.02,83.82,8.1
2023-03-25,18,2023-03-25T17:00,bcl,Big Cliff,1.29,1.29,0.0,1194.05,1109.09,84.96,8.4
2023-03-25,19,2023-03-25T18:00,bcl,Big Cliff,1.25,1.25,0.0,1195.25,1108.95,86.3,8.2
2023-03-25,20,2023-03-25T19:00,bcl,Big Cliff,1.24,1.24,0.0,1194.71,1109.03,85.68,8.1
2023-03-25,21,2023-03-25T20:00,bcl,Big Cliff,1.24,1.24,0.0,1193.89,1108.98,84.91,8.0
2023-03-25,22,2023-03-25T21:00,bcl,Big Cliff,1.23,1.23,0.0,1193.01,1108.97,84.04,7.9
2023-03-25,23,2023-03-25T22:00,bcl,Big Cliff,1.23,1.23,0.0,1193.74,1108.97,84.77,8.0
2023-03-25,24,2023-03-25T23:00,bcl,Big Cliff,1.26,1.26,0.0,1194.8,1109.03,85.77,8.2
2023-03-26,1,2023-03-26T00:00,bcl,Big Cliff,1.27,1.27,0.0,1195.81,1109.01,86.8,8.4
2023-03-26,2,2023-03-26T01:00,bcl,Big Cliff,1.28,1.28,0.0,1196.16,1109.03,87.13,8.5
2023-03-26,3,2023-03-26T02:00,bcl,Big Cliff,1.27,1.27,0.0,1195.38,1109.0,86.38,8.4
2023-03-26,4,2023-03-26T03:00,bcl,Big Cliff,1.28,1.28,0.0,1194.44,1109.01,85.43,8.3
2023-03-26,5,2023-03-26T04:00,bcl,Big Cliff,1.27,1.27,0.0,1193.59,1109.03,84.56,8.2
2023-03-26,6,2023-03-26T05:00,bcl,Big Cliff,1.28,1.28,0.0,1192.65,1109.0,83.65,8.2
2023-03-26,7,2023-03-26T06:00,bcl,Big Cliff,1.26,1.26,0.0,1191.75,1108.97,82.78,8.0
2023-03-26,8,2023-03-26T07:00,bcl,Big Cliff,1.25,1.25,0.0,1192.65,1108.99,83.66,8.0
2023-03-26,9,2023-03-26T08:00,bcl,Big Cliff,1.25,1.25,0.0,1193.85,1109.01,84.84,8.1
2023-03-26,10,2023-03-26T09:00,bcl,Big Cliff,1.27,1.27,0.0,1195.01,1108.97,86.04,8.3
2023-03-26,11,2023-03-26T10:00,bcl,Big Cliff,1.28,1.28,0.0,1196.14,1108.98,87.16,8.5
2023-03-26,12,2023-03-26T11:00,bcl,Big Cliff,1.3,1.3,0.0,1195.54,1109.04,86.5,8.6
2023-03-26,13,2023-03-26T12:00,bcl,Big Cliff,1.29,1.29,0.0,1194.68,1109.07,85.61,8.4
2023-03-26,14,2023-03-26T13:00,bcl,Big Cliff,1.27,1.27,0.0,1193.77,1109.02,84.75,8.2
2023-03-26,15,2023-03-26T14:00,bcl,Big Cliff,1.26,1.26,0.0,1192.87,1109.04,83.83,8.1
2023-03-26,16,2023-03-26T15:00,bcl,Big Cliff,1.27,1.27,0.0,1191.95,1109.03,82.92,8.0
2023-03-26,17,2023-03-26T16:00,bcl,Big Cliff,1.28,1.28,0.0,1192.87,1108.98,83.89,8.2
2023-03-26,18,2023-03-26T17:00,bcl,Big Cliff,1.3,1.3,0.0,1194.05,1109.08,84.97,8.4
2023-03-26,19,2023-03-26T18:00,bcl,Big Cliff,1.3,1.3,0.0,1195.22,1109.05,86.17,8.5
2023-03-26,20,2023-03-26T19:00,bcl,Big Cliff,1.3,1.3,0.0,1194.64,1109.04,85.6,8.5
2023-03-26,21,2023-03-26T20:00,bcl,Big Cliff,1.28,1.28,0.0,1193.76,1109.03,84.73,8.3
2023-03-26,22,2023-03-26T21:00,bcl,Big Cliff,1.26,1.26,0.0,1192.86,1109.0,83.86,8.1
2023-03-26,23,2023-03-26T22:00,bcl,Big Cliff,1.27,1.27,0.0,1193.59,1109.0,84.59,8.2
2023-03-26,24,2023-03-26T23:00,bcl,Big Cliff,1.27,1.27,0.0,1194.67,1109.06,85.61,8.3
2023-03-27,1,2023-03-27T00:00,bcl,Big Cliff,1.29,1.29,0.0,1195.75,1109.08,86.67,8.5
2023-03-27,2,2023-03-27T01:00,bcl,Big Cliff,1.3,1.3,0.0,1196.18,1109.06,87.12,8.6
2023-03-27,3,2023-03-27T02:00,bcl,Big Cliff,1.28,1.28,0.0,1195.38,1109.0,86.38,8.4
2023-03-27,4,2023-03-27T03:00,bcl,Big Cliff,1.29,1.29,0.0,1194.45,1109.05,85.4,8.4
2023-03-27,5,2023-03-27T04:00,bcl,Big Cliff,1.3,1.3,0.0,1193.54,1109.08,84.46,8.4
2023-03-27,6,2023-03-27T05:00,bcl,Big Cliff,1.3,1.3,0.0,1192.59,1109.02,83.57,8.3
2023-03-27,7,2023-03-27T06:00,bcl,Big Cliff,1.27,1.27,0.0,1191.64,1109.0,82.64,8.0
2023-03-27,8,2023-03-27T07:00,bcl,Big Cliff,1.22,1.22,0.0,1192.56,1109.01,83.55,7.8
2023-03-27,9,2023-03-27T08:00,bcl,Big Cliff,1.24,1.24,0.0,1193.74,1109.02,84.72,8.0
2023-03-27,10,2023-03-27T09:00,bcl,Big Cliff,1.28,1.28,0.0,1194.88,1109.03,85.85,8.4
2023-03-27,11,2023-03-27T10:00,bcl,Big Cliff,1.26,1.26,0.0,1195.99,1109.07,86.92,8.4
2023-03-27,12,2023-03-27T11:00,bcl,Big Cliff,1.28,1.28,0.0,1195.39,1109.08,86.31,8.4
2023-03-27,13,2023-03-27T12:00,bcl,Big Cliff,1.29,1.29,0.0,1194.51,1109.0,85.51,8.4
2023-03-27,14,2023-03-27T13:00,bcl,Big Cliff,1.27,1.27,0.0,1193.59,1108.98,84.61,8.2
2023-03-27,15,2023-03-27T14:00,bcl,Big Cliff,1.27,1.27,0.0,1192.68,1108.97,83.71,8.1
2023-03-27,16,2023-03-27T15:00,bcl,Big Cliff,1.26,1.26,0.0,1191.73,1108.99,82.74,8.0
2023-03-27,17,2023-03-27T16:00,bcl,Big Cliff,1.27,1.27,0.0,1192.64,1109.05,83.59,8.1
2023-03-27,18,2023-03-27T17:00,bcl,Big Cliff,1.28,1.28,0.0,1193.83,1109.06,84.77,8.3
2023-03-27,19,2023-03-27T18:00,bcl,Big Cliff,1.28,1.28,0.0,1194.96,1109.08,85.88,8.4
2023-03-27,20,2023-03-27T19:00,bcl,Big Cliff,1.27,1.27,0.0,1194.37,1109.0,85.37,8.3
2023-03-27,21,2023-03-27T20:00,bcl,Big Cliff,1.27,1.27,0.0,1193.47,1109.0,84.47,8.2
2023-03-27,22,2023-03-27T21:00,bcl,Big Cliff,1.26,1.26,0.0,1192.55,1109.01,83.54,8.0
2023-03-27,23,2023-03-27T22:00,bcl,Big Cliff,1.25,1.25,0.0,1193.44,1109.02,84.42,8.1
2023-03-27,24,2023-03-27T23:00,bcl,Big Cliff,1.27,1.27,0.0,1194.68,1108.98,85.7,8.3
2023-03-28,1,2023-03-28T00:00,bcl,Big Cliff,1.28,1.28,0.0,1195.88,1109.03,86.85,8.5
2023-03-28,2,2023-03-28T01:00,bcl,Big Cliff,1.26,1.26,0.0,1196.11,1109.02,87.09,8.4
2023-03-28,3,2023-03-28T02:00,bcl,Big Cliff,1.28,1.28,0.0,1195.21,1109.02,86.19,8.4
2023-03-28,4,2023-03-28T03:00,bcl,Big Cliff,1.29,1.29,0.0,1194.34,1109.08,85.26,8.4
2023-03-28,5,2023-03-28T04:00,bcl,Big Cliff,1.29,1.29,0.0,1193.41,1109.06,84.35,8.3
2023-03-28,6,2023-03-28T05:00,bcl,Big Cliff,1.26,1.26,0.0,1192.5,1109.02,83.48,8.0
2023-03-28,7,2023-03-28T06:00,bcl,Big Cliff,1.27,1.27,0.0,1191.56,1108.98,82.58,8.0
2023-03-28,8,2023-03-28T07:00,bcl,Big Cliff,1.24,1.24,0.0,1192.48,1108.97,83.51,7.9
2023-03-28,9,2023-03-28T08:00,bcl,Big Cliff,1.26,1.26,0.0,1193.67,1109.04,84.63,8.1
2023-03-28,10,2023-03-28T09:00,bcl,Big Cliff,1.26,1.26,0.0,1194.83,1108.99,85.84,8.3
2023-03-28,11,2023-03-28T10:00,bcl,Big Cliff,1.29,1.29,0.0,1195.96,1109.0,86.96,8.6
2023-03-28,12,2023-03-28T11:00,bcl,Big Cliff,1.29,1.29,0.0,1195.38,1109.03,86.35,8.5
2023-03-28,13,2023-03-28T12:00,bcl,Big Cliff,1.27,1.27,0.0,1194.53,1109.01,85.52,8.3
2023-03-28,14,2023-03-28T13:00,bcl,Big Cliff,1.29,1.29,0.0,1193.62,1109.02,84.6,8.3
2023-03-28,15,2023-03-28T14:00,bcl,Big Cliff,1.26,1.26,0.0,1192.71,1109.06,83.65,8.0
2023-03-28,16,2023-03-28T15:00,bcl,Big Cliff,1.29,1.29,0.0,1191.8,1109.01,82.79,8.1
2023-03-28,17,2023-03-28T16:00,bcl,Big Cliff,1.3,1.3,0.0,1192.75,1109.07,83.68,8.3
2023-03-28,18,2023-03-28T17:00,bcl,Big Cliff,1.3,1.3,0.0,1193.96,1109.05,84.91,8.4
2023-03-28,19,2023-03-28T18:00,bcl,Big Cliff,1.3,1.3,0.0,1195.13,1109.06,86.07,8.5
2023-03-28,20,2023-03-28T19:00,bcl,Big Cliff,1.26,1.26,0.0,1194.57,1108.99,85.58,8.2
2023-03-28,21,2023-03-28T20:00,bcl,Big Cliff,1.27,1.27,0.0,1193.73,1109.02,84.71,8.2
2023-03-28,22,2023-03-28T21:00,bcl,Big Cliff,1.25,1.25,0.0,1192.84,1108.99,83.85,8.0
2023-03-28,23,2023-03-28T22:00,bcl,Big Cliff,1.24,1.24,0.0,1193.83,1108.99,84.84,8.0
2023-03-28,24,2023-03-28T23:00,bcl,Big Cliff,1.26,1.26,0.0,1195.13,1108.97,86.16,8.3
2023-03-29,1,2023-03-29T00:00,bcl,Big Cliff,1.26,1.26,0.0,1196.35,1109.02,87.33,8.4
2023-03-29,2,2023-03-29T01:00,bcl,Big Cliff,1.29,1.29,0.0,1196.25,1109.05,87.2,8.6
2023-03-29,3,2023-03-29T02:00,bcl,Big Cliff,1.26,1.26,0.0,1195.34,1108.98,86.36,8.3
2023-03-29,4,2023-03-29T03:00,bcl,Big Cliff,1.27,1.27,0.0,1194.52,1109.06,85.46,8.3
2023-03-29,5,2023-03-29T04:00,bcl,Big Cliff,1.27,1.27,0.0,1193.6,1109.01,84.59,8.2
2023-03-29,6,2023-03-29T05:00,bcl,Big Cliff,1.28,1.28,0.0,1192.71,1108.97,83.74,8.2
2023-03-29,7,2023-03-29T06:00,bcl,Big Cliff,1.26,1.26,0.0,1191.79,1108.96,82.83,8.0
2023-03-29,8,2023-03-29T07:00,bcl,Big Cliff,1.22,1.22,0.0,1192.73,1108.93,83.8,7.8
2023-03-29,9,2023-03-29T08:00,bcl,Big Cliff,1.25,1.25,0.0,1193.93,1109.04,84.89,8.1
2023-03-29,10,2023-03-29T09:00,bcl,Big Cliff,1.23,1.23,0.0,1195.08,1108.97,86.11,8.1
2023-03-29,11,2023-03-29T10:00,bcl,Big Cliff,1.27,1.27,0.0,1196.2,1109.07,87.13,8.4
2023-03-29,12,2023-03-29T11:00,bcl,Big Cliff,1.26,1.26,0.0,1195.61,1109.01,86.6,8.3
2023-03-29,13,2023-03-29T12:00,bcl,Big Cliff,1.27,1.27,0.0,1194.76,1109.0,85.76,8.3
2023-03-29,14,2023-03-29T13:00,bcl,Big Cliff,1.26,1.26,0.0,1193.86,1109.04,84.82,8.2
2023-03-29,15,2023-03-29T14:00,bcl,Big Cliff,1.27,1.27,0.0,1192.95,1109.04,83.91,8.1
2023-03-29,16,2023-03-29T15:00,bcl,Big Cliff,1.26,1.26,0.0,1192.05,1108.97,83.08,8.0
2023-03-29,17,2023-03-29T16:00,bcl,Big Cliff,1.23,1.23,0.0,1192.98,1108.92,84.06,7.9
2023-03-29,18,2023-03-29T17:00,bcl,Big Cliff,1.26,1.26,0.0,1194.16,1109.04,85.12,8.2
2023-03-29,19,2023-03-29T18:00,bcl,Big Cliff,1.26,1.26,0.0,1195.33,1109.02,86.31,8.3
2023-03-29,20,2023-03-29T19:00,bcl,Big Cliff,1.27,1.27,0.0,1194.77,1109.01,85.76,8.3
2023-03-29,21,2023-03-29T20:00,bcl,Big Cliff,1.26,1.26,0.0,1193.93,1108.99,84.94,8.2
2023-03-29,22,2023-03-29T21:00,bcl,Big Cliff,1.25,1.25,0.0,1193.03,1109.01,84.02,8.0
2023-03-29,23,2023-03-29T22:00,bcl,Big Cliff,1.24,1.24,0.0,1193.55,1108.97,84.58,8.0
2023-03-29,24,2023-03-29T23:00,bcl,Big Cliff,1.25,1.25,0.0,1194.67,1109.05,85.62,8.2
2023-03-30,1,2023-03-30T00:00,bcl,Big Cliff,1.26,1.26,0.0,1195.74,1109.0,86.74,8.3
2023-03-30,2,2023-03-30T01:00,bcl,Big Cliff,1.27,1.27,0.0,1196.77,1109.02,87.75,8.5
2023-03-30,3,2023-03-30T02:00,bcl,Big Cliff,1.3,1.3,0.0,1197.78,1109.02,88.76,8.8
2023-03-30,4,2023-03-30T03:00,bcl,Big Cliff,1.29,1.29,0.0,1198.81,1109.03,89.78,8.8
2023-03-30,5,2023-03-30T04:00,bcl,Big Cliff,1.28,1.28,0.0,1199.83,1109.06,90.77,8.9
2023-03-30,6,2023-03-30T05:00,bcl,Big Cliff,1.4,1.4,0.0,1200.91,1109.18,91.73,9.8
2023-03-30,7,2023-03-30T06:00,bcl,Big Cliff,1.36,1.36,0.0,1201.97,1109.14,92.83,9.6
2023-03-30,8,2023-03-30T07:00,bcl,Big Cliff,1.39,1.39,0.0,1202.99,1109.16,93.83,10.0
2023-03-30,9,2023-03-30T08:00,bcl,Big Cliff,1.68,0.61,1.07,1202.43,1109.71,92.72,4.3
2023-03-30,10,2023-03-30T09:00,bcl,Big Cliff,1.67,0.0,1.67,1201.5,1109.71,91.79,0.0
2023-03-30,11,2023-03-30T10:00,bcl,Big Cliff,1.67,0.0,1.67,1200.4,1109.7,90.7,0.0
2023-03-30,12,2023-03-30T11:00,bcl,Big Cliff,1.65,0.61,1.04,1199.4,1109.31,90.09,4.2
2023-03-30,13,2023-03-30T12:00,bcl,Big Cliff,1.55,1.55,0.0,1198.45,1109.39,89.06,10.5
2023-03-30,14,2023-03-30T13:00,bcl,Big Cliff,1.36,1.36,0.0,1197.54,1109.12,88.42,9.2
2023-03-30,15,2023-03-30T14:00,bcl,Big Cliff,1.29,1.29,0.0,1196.68,1109.0,87.68,8.6
2023-03-30,16,2023-03-30T15:00,bcl,Big Cliff,1.27,1.27,0.0,1195.82,1109.09,86.73,8.4
2023-03-30,17,2023-03-30T16:00,bcl,Big Cliff,1.26,1.26,0.0,1196.69,1109.03,87.66,8.4
2023-03-30,18,2023-03-30T17:00,bcl,Big Cliff,1.32,1.32,0.0,1197.78,1109.14,88.64,8.9
2023-03-30,19,2023-03-30T18:00,bcl,Big Cliff,1.32,1.32,0.0,1198.84,1109.07,89.77,9.0
2023-03-30,20,2023-03-30T19:00,bcl,Big Cliff,1.31,1.31,0.0,1198.17,1109.09,89.08,8.9
2023-03-30,21,2023-03-30T20:00,bcl,Big Cliff,1.29,1.29,0.0,1197.37,1109.09,88.28,8.7
2023-03-30,22,2023-03-30T21:00,bcl,Big Cliff,1.29,1.29,0.0,1196.53,1109.11,87.42,8.6
2023-03-30,23,2023-03-30T22:00,bcl,Big Cliff,1.3,1.3,0.0,1196.98,1109.04,87.94,8.7
2023-03-30,24,2023-03-30T23:00,bcl,Big Cliff,1.29,1.29,0.0,1198.14,1109.06,89.08,8.8
2023-03-31,1,2023-03-31T00:00,bcl,Big Cliff,1.28,1.28,0.0,1199.24,1109.04,90.2,8.8
2023-03-31,2,2023-03-31T01:00,bcl,Big Cliff,1.3,1.3,0.0,1200.22,1109.11,91.11,9.0
2023-03-31,3,2023-03-31T02:00,bcl,Big Cliff,1.32,1.32,0.0,1201.09,1109.07,92.02,9.3
2023-03-31,4,2023-03-31T03:00,bcl,Big Cliff,1.32,1.32,0.0,1200.43,1109.09,91.34,9.2
2023-03-31,5,2023-03-31T04:00,bcl,Big Cliff,1.32,1.32,0.0,1199.56,1109.11,90.45,9.1
2023-03-31,6,2023-03-31T05:00,bcl,Big Cliff,1.31,1.31,0.0,1198.76,1109.09,89.67,9.0
2023-03-31,7,2023-03-31T06:00,bcl,Big Cliff,1.28,1.28,0.0,1197.98,1109.06,88.92,8.7
2023-03-31,8,2023-03-31T07:00,bcl,Big Cliff,1.3,1.3,0.0,1198.86,1109.01,89.85,8.9
2023-03-31,9,2023-03-31T08:00,bcl,Big Cliff,1.31,1.31,0.0,1199.88,1109.1,90.78,9.1
2023-03-31,10,2023-03-31T09:00,bcl,Big Cliff,1.29,1.29,0.0,1200.87,1109.08,91.79,9.0
2023-03-31,11,2023-03-31T10:00,bcl,Big Cliff,1.32,1.32,0.0,1201.82,1109.13,92.69,9.3
2023-03-31,12,2023-03-31T11:00,bcl,Big Cliff,1.32,1.32,0.0,1202.76,1109.06,93.7,9.4
2023-03-31,13,2023-03-31T12:00,bcl,Big Cliff,1.33,1.33,0.0,1203.68,1109.14,94.54,9.6
2023-03-31,14,2023-03-31T13:00,bcl,Big Cliff,1.3,1.3,0.0,1202.98,1109.04,93.94,9.3
2023-03-31,15,2023-03-31T14:00,bcl,Big Cliff,1.3,1.3,0.0,1202.2,1109.04,93.16,9.2
2023-03-31,16,2023-03-31T15:00,bcl,Big Cliff,1.31,1.31,0.0,1201.44,1109.14,92.3,9.2
2023-03-31,17,2023-03-31T16:00,bcl,Big Cliff,1.26,1.26,0.0,1200.66,1108.97,91.69,8.8
2023-03-31,18,2023-03-31T17:00,bcl,Big Cliff,1.32,1.32,0.0,1199.88,1109.06,90.82,9.1
2023-03-31,19,2023-03-31T18:00,bcl,Big Cliff,1.31,1.31,0.0,1199.07,1109.02,90.05,9.0
2023-03-31,20,2023-03-31T19:00,bcl,Big Cliff,1.3,1.3,0.0,1198.29,1109.08,89.21,8.8
2023-03-31,21,2023-03-31T20:00,bcl,Big Cliff,1.28,1.28,0.0,1197.5,1109.03,88.47,8.6
2023-03-31,22,2023-03-31T21:00,bcl,Big Cliff,1.27,1.27,0.0,1196.93,1109.03,87.9,8.5
2023-03-31,23,2023-03-31T22:00,bcl,Big Cliff,1.27,1.27,0.0,1197.91,1109.01,88.9,8.6
2023-03-31,24,2023-03-31T23:00,bcl,Big Cliff,1.29,1.29,0.0,1198.96,1109.03,89.93,8.9
2023-04-01,1,2023-04-01T00:00,bcl,Big Cliff,1.29,1.29,0.0,1199.93,1109.07,90.86,8.9
2023-04-01,2,2023-04-01T01:00,bcl,Big Cliff,1.31,1.31,0.0,1200.89,1109.06,91.83,9.2
2023-04-01,3,2023-04-01T02:00,bcl,Big Cliff,1.31,1.31,0.0,1200.83,1109.06,91.77,9.2
2023-04-01,4,2023-04-01T03:00,bcl,Big Cliff,1.31,1.31,0.0,1200.02,1109.03,90.99,9.1
2023-04-01,5,2023-04-01T04:00,bcl,Big Cliff,1.31,1.31,0.0,1199.29,1109.06,90.23,9.0
2023-04-01,6,2023-04-01T05:00,bcl,Big Cliff,1.3,1.3,0.0,1198.53,1108.98,89.55,8.9
2023-04-01,7,2023-04-01T06:00,bcl,Big Cliff,1.29,1.29,0.0,1197.81,1109.1,88.71,8.7
2023-04-01,8,2023-04-01T07:00,bcl,Big Cliff,1.26,1.26,0.0,1198.76,1109.03,89.73,8.6
2023-04-01,9,2023-04-01T08:00,bcl,Big Cliff,1.27,1.27,0.0,1199.84,1109.02,90.82,8.8
2023-04-01,10,2023-04-01T09:00,bcl,Big Cliff,1.27,1.27,0.0,1200.88,1109.02,91.86,8.9
2023-04-01,11,2023-04-01T10:00,bcl,Big Cliff,1.29,1.29,0.0,1201.89,1109.07,92.82,9.1
2023-04-01,12,2023-04-01T11:00,bcl,Big Cliff,1.29,1.29,0.0,1202.88,1109.08,93.8,9.2
2023-04-01,13,2023-04-01T12:00,bcl,Big Cliff,1.34,1.34,0.0,1203.86,1109.12,94.74,9.7
2023-04-01,14,2023-04-01T13:00,bcl,Big Cliff,1.28,1.28,0.0,1203.24,1109.06,94.18,9.2
2023-04-01,15,2023-04-01T14:00,bcl,Big Cliff,1.3,1.3,0.0,1202.51,1109.07,93.44,9.3
2023-04-01,16,2023-04-01T15:00,bcl,Big Cliff,1.29,1.29,0.0,1201.82,1109.02,92.8,9.1
2023-04-01,17,2023-04-01T16:00,bcl,Big Cliff,1.29,1.29,0.0,1201.08,1109.08,92.0,9.1
2023-04-01,18,2023-04-01T17:00,bcl,Big Cliff,1.32,1.32,0.0,1200.35,1109.07,91.28,9.2
2023-04-01,19,2023-04-01T18:00,bcl,Big Cliff,1.3,1.3,0.0,1199.6,1109.05,90.55,9.0
2023-04-01,20,2023-04-01T19:00,bcl,Big Cliff,1.27,1.27,0.0,1198.86,1109.04,89.82,8.7
2023-04-01,21,2023-04-01T20:00,bcl,Big Cliff,1.29,1.29,0.0,1198.1,1109.0,89.1,8.8
2023-04-01,22,2023-04-01T21:00,bcl,Big Cliff,1.28,1.28,0.0,1197.35,1109.04,88.31,8.6
2023-04-01,23,2023-04-01T22:00,bcl,Big Cliff,1.27,1.27,0.0,1197.35,1109.04,88.31,8.6
2023-04-01,24,2023-04-01T23:00,bcl,Big Cliff,1.26,1.26,0.0,1198.47,1108.96,89.51,8.6
2023-04-02,1,2023-04-02T00:00,bcl,Big Cliff,1.27,1.27,0.0,1199.52,1109.01,90.51,8.8
2023-04-02,2,2023-04-02T01:00,bcl,Big Cliff,1.3,1.3,0.0,1200.5,1109.07,91.43,9.1
2023-04-02,3,2023-04-02T02:00,bcl,Big Cliff,1.31,1.31,0.0,1200.13,1109.06,91.07,9.1
2023-04-02,4,2023-04-02T03:00,bcl,Big Cliff,1.31,1.31,0.0,1199.38,1109.04,90.34,9.0
2023-04-02,5,2023-04-02T04:00,bcl,Big Cliff,1.29,1.29,0.0,1198.63,1108.99,89.64,8.8
2023-04-02,6,2023-04-02T05:00,bcl,Big Cliff,1.29,1.29,0.0,1197.87,1109.01,88.86,8.7
2023-04-02,7,2023-04-02T06:00,bcl,Big Cliff,1.25,1.25,0.0,1197.12,1109.01,88.11,8.4
2023-04-02,8,2023-04-02T07:00,bcl,Big Cliff,1.24,1.24,0.0,1198.04,1108.99,89.05,8.4
2023-04-02,9,2023-04-02T08:00,bcl,Big Cliff,1.26,1.26,0.0,1199.13,1108.95,90.18,8.7
2023-04-02,10,2023-04-02T09:00,bcl,Big Cliff,1.27,1.27,0.0,1200.19,1108.99,91.2,8.8
2023-04-02,11,2023-04-02T10:00,bcl,Big Cliff,1.27,1.27,0.0,1201.2,1109.04,92.16,8.9
2023-04-02,12,2023-04-02T11:00,bcl,Big Cliff,1.28,1.28,0.0,1202.2,1108.97,93.23,9.1
2023-04-02,13,2023-04-02T12:00,bcl,Big Cliff,1.3,1.3,0.0,1203.16,1109.06,94.1,9.3
2023-04-02,14,2023-04-02T13:00,bcl,Big Cliff,1.29,1.29,0.0,1202.52,1109.04,93.48,9.2
2023-04-02,15,2023-04-02T14:00,bcl,Big Cliff,1.26,1.26,0.0,1201.77,1108.99,92.78,8.9
2023-04-02,16,2023-04-02T15:00,bcl,Big Cliff,1.3,1.3,0.0,1201.05,1109.0,92.05,9.1
2023-04-02,17,2023-04-02T16:00,bcl,Big Cliff,1.32,1.32,0.0,1200.28,1109.03,91.25,9.2
2023-04-02,18,2023-04-02T17:00,bcl,Big Cliff,1.32,1.32,0.0,1199.52,1109.04,90.48,9.1
2023-04-02,19,2023-04-02T18:00,bcl,Big Cliff,1.3,1.3,0.0,1198.74,1109.04,89.7,8.9
2023-04-02,20,2023-04-02T19:00,bcl,Big Cliff,1.27,1.27,0.0,1197.97,1108.99,88.98,8.6
2023-04-02,21,2023-04-02T20:00,bcl,Big Cliff,1.26,1.26,0.0,1197.18,1108.98,88.2,8.5
2023-04-02,22,2023-04-02T21:00,bcl,Big Cliff,1.26,1.26,0.0,1196.46,1108.97,87.49,8.4
2023-04-02,23,2023-04-02T22:00,bcl,Big Cliff,1.25,1.25,0.0,1197.18,1109.01,88.17,8.4
2023-04-02,24,2023-04-02T23:00,bcl,Big Cliff,1.26,1.26,0.0,1198.23,1109.09,89.14,8.6
2023-04-03,1,2023-04-03T00:00,bcl,Big Cliff,1.28,1.28,0.0,1199.25,1108.98,90.27,8.8
2023-04-03,2,2023-04-03T01:00,bcl,Big Cliff,1.28,1.28,0.0,1200.22,1109.01,91.21,8.9
2023-04-03,3,2023-04-03T02:00,bcl,Big Cliff,1.28,1.28,0.0,1200.05,1108.97,91.08,8.9
2023-04-03,4,2023-04-03T03:00,bcl,Big Cliff,1.28,1.28,0.0,1199.23,1109.06,90.17,8.8
2023-04-03,5,2023-04-03T04:00,bcl,Big Cliff,1.28,1.28,0.0,1198.46,1109.03,89.43,8.7
2023-04-03,6,2023-04-03T05:00,bcl,Big Cliff,1.28,1.28,0.0,1197.67,1109.01,88.66,8.7
2023-04-03,7,2023-04-03T06:00,bcl,Big Cliff,1.28,1.28,0.0,1196.87,1109.02,87.85,8.6
2023-04-03,8,2023-04-03T07:00,bcl,Big Cliff,1.24,1.24,0.0,1197.75,1108.97,88.78,8.4
2023-04-03,9,2023-04-03T08:00,bcl,Big Cliff,1.27,1.27,0.0,1198.82,1109.03,89.79,8.7
2023-04-03,10,2023-04-03T09:00,bcl,Big Cliff,1.26,1.26,0.0,1199.86,1109.0,90.86,8.7
2023-04-03,11,2023-04-03T10:00,bcl,Big Cliff,1.3,1.3,0.0,1200.86,1109.02,91.84,9.1
2023-04-03,12,2023-04-03T11:00,bcl,Big Cliff,1.29,1.29,0.0,1201.83,1109.06,92.77,9.1
2023-04-03,13,2023-04-03T12:00,bcl,Big Cliff,1.28,1.28,0.0,1202.77,1109.01,93.76,9.2
2023-04-03,14,2023-04-03T13:00,bcl,Big Cliff,1.31,1.31,0.0,1202.09,1108.97,93.12,9.3
2023-04-03,15,2023-04-03T14:00,bcl,Big Cliff,1.27,1.27,0.0,1201.33,1109.03,92.3,8.9
2023-04-03,16,2023-04-03T15:00,bcl,Big Cliff,1.27,1.27,0.0,1200.58,1109.0,91.58,8.9
2023-04-03,17,2023-04-03T16:00,bcl,Big Cliff,1.3,1.3,0.0,1199.81,1109.03,90.78,9.0
2023-04-03,18,2023-04-03T17:00,bcl,Big Cliff,1.3,1.3,0.0,1199.02,1109.02,90.0,8.9
2023-04-03,19,2023-04-03T18:00,bcl,Big Cliff,1.3,1.3,0.0,1198.22,1109.05,89.17,8.8
2023-04-03,20,2023-04-03T19:00,bcl,Big Cliff,1.27,1.27,0.0,1197.43,1108.96,88.47,8.6
2023-04-03,21,2023-04-03T20:00,bcl,Big Cliff,1.26,1.26,0.0,1196.62,1109.05,87.57,8.4
2023-04-03,22,2023-04-03T21:00,bcl,Big Cliff,1.23,1.23,0.0,1196.47,1109.0,87.47,8.2
2023-04-03,23,2023-04-03T22:00,bcl,Big Cliff,1.23,1.23,0.0,1197.53,1109.01,88.52,8.3
2023-04-03,24,2023-04-03T23:00,bcl,Big Cliff,1.24,1.24,0.0,1198.6,1109.0,89.6,8.5
2023-04-04,1,2023-04-04T00:00,bcl,Big Cliff,1.25,1.25,0.0,1199.62,1109.0,90.62,8.6
2023-04-04,2,2023-04-04T01:00,bcl,Big Cliff,1.28,1.28,0.0,1200.57,1109.01,91.56,8.9
2023-04-04,3,2023-04-04T02:00,bcl,Big Cliff,1.26,1.26,0.0,1200.72,1109.04,91.68,8.8
2023-04-04,4,2023-04-04T03:00,bcl,Big Cliff,1.3,1.3,0.0,1199.96,1109.05,90.91,9.0
2023-04-04,5,2023-04-04T04:00,bcl,Big Cliff,1.28,1.28,0.0,1199.16,1108.99,90.17,8.8
2023-04-04,6,2023-04-04T05:00,bcl,Big Cliff,1.26,1.26,0.0,1198.38,1108.98,89.4,8.6
2023-04-04,7,2023-04-04T06:00,bcl,Big Cliff,1.28,1.28,0.0,1197.6,1109.01,88.59,8.7
2023-04-04,8,2023-04-04T07:00,bcl,Big Cliff,1.25,1.25,0.0,1198.47,1108.96,89.51,8.5
2023-04-04,9,2023-04-04T08:00,bcl,Big Cliff,1.26,1.26,0.0,1199.51,1109.02,90.49,8.7
2023-04-04,10,2023-04-04T09:00,bcl,Big Cliff,1.28,1.28,0.0,1200.49,1109.06,91.43,8.9
2023-04-04,11,2023-04-04T10:00,bcl,Big Cliff,1.3,1.3,0.0,1201.46,1109.04,92.42,9.2
2023-04-04,12,2023-04-04T11:00,bcl,Big Cliff,1.28,1.28,0.0,1202.4,1109.04,93.36,9.1
2023-04-04,13,2023-04-04T12:00,bcl,Big Cliff,1.31,1.31,0.0,1203.31,1109.15,94.16,9.4
2023-04-04,14,2023-04-04T13:00,bcl,Big Cliff,1.31,1.31,0.0,1202.62,1109.06,93.56,9.4
2023-04-04,15,2023-04-04T14:00,bcl,Big Cliff,1.29,1.29,0.0,1201.85,1109.05,92.8,9.1
2023-04-04,16,2023-04-04T15:00,bcl,Big Cliff,1.28,1.28,0.0,1201.1,1109.02,92.08,9.0
2023-04-04,17,2023-04-04T16:00,bcl,Big Cliff,1.31,1.31,0.0,1200.3,1109.03,91.27,9.1
2023-04-04,18,2023-04-04T17:00,bcl,Big Cliff,1.27,1.27,0.0,1199.53,1109.13,90.4,8.8
2023-04-04,19,2023-04-04T18:00,bcl,Big Cliff,1.3,1.3,0.0,1198.71,1109.03,89.68,8.9
2023-04-04,20,2023-04-04T19:00,bcl,Big Cliff,1.27,1.27,0.0,1197.92,1109.06,88.86,8.6
2023-04-04,21,2023-04-04T20:00,bcl,Big Cliff,1.27,1.27,0.0,1197.1,1109.06,88.04,8.5
2023-04-04,22,2023-04-04T21:00,bcl,Big Cliff,1.25,1.25,0.0,1196.96,1109.01,87.95,8.4
2023-04-04,23,2023-04-04T22:00,bcl,Big Cliff,1.26,1.26,0.0,1197.96,1109.02,88.94,8.6
2023-04-04,24,2023-04-04T23:00,bcl,Big Cliff,1.26,1.26,0.0,1199.0,1109.04,89.96,8.6
2023-04-05,1,2023-04-05T00:00,bcl,Big Cliff,1.3,1.3,0.0,1199.96,1109.04,90.92,9.0
2023-04-05,2,2023-04-05T01:00,bcl,Big Cliff,1.26,1.26,0.0,1200.91,1109.03,91.88,8.8
2023-04-05,3,2023-04-05T02:00,bcl,Big Cliff,1.3,1.3,0.0,1200.66,1109.04,91.62,9.1
2023-04-05,4,2023-04-05T03:00,bcl,Big Cliff,1.29,1.29,0.0,1199.83,1109.04,90.79,8.9
2023-04-05,5,2023-04-05T04:00,bcl,Big Cliff,1.29,1.29,0.0,1199.05,1108.99,90.06,8.9
2023-04-05,6,2023-04-05T05:00,bcl,Big Cliff,1.29,1.29,0.0,1198.23,1109.06,89.17,8.8
2023-04-05,7,2023-04-05T06:00,bcl,Big Cliff,1.28,1.28,0.0,1197.43,1109.0,88.43,8.6
2023-04-05,8,2023-04-05T07:00,bcl,Big Cliff,1.24,1.24,0.0,1198.28,1108.91,89.37,8.5
2023-04-05,9,2023-04-05T08:00,bcl,Big Cliff,1.25,1.25,0.0,1199.3,1109.01,90.29,8.6
2023-04-05,10,2023-04-05T09:00,bcl,Big Cliff,1.27,1.27,0.0,1200.29,1109.01,91.28,8.8
2023-04-05,11,2023-04-05T10:00,bcl,Big Cliff,1.28,1.28,0.0,1201.24,1109.04,92.2,9.0
2023-04-05,12,2023-04-05T11:00,bcl,Big Cliff,1.28,1.28,0.0,1202.18,1109.06,93.12,9.1
2023-04-05,13,2023-04-05T12:00,bcl,Big Cliff,1.27,1.27,0.0,1203.08,1109.06,94.02,9.1
2023-04-05,14,2023-04-05T13:00,bcl,Big Cliff,1.3,1.3,0.0,1202.38,1109.04,93.34,9.3
2023-04-05,15,2023-04-05T14:00,bcl,Big Cliff,1.3,1.3,0.0,1201.59,1109.05,92.54,9.2
2023-04-05,16,2023-04-05T15:00,bcl,Big Cliff,1.28,1.28,0.0,1200.82,1109.05,91.77,9.0
2023-04-05,17,2023-04-05T16:00,bcl,Big Cliff,1.29,1.29,0.0,1200.03,1109.06,90.97,9.0
2023-04-05,18,2023-04-05T17:00,bcl,Big Cliff,1.3,1.3,0.0,1199.21,1109.04,90.17,8.9
2023-04-05,19,2023-04-05T18:00,bcl,Big Cliff,1.31,1.31,0.0,1198.39,1109.04,89.35,8.9
2023-04-05,20,2023-04-05T19:00,bcl,Big Cliff,1.27,1.27,0.0,1197.58,1109.01,88.57,8.6
2023-04-05,21,2023-04-05T20:00,bcl,Big Cliff,1.25,1.25,0.0,1196.77,1108.96,87.81,8.4
2023-04-05,22,2023-04-05T21:00,bcl,Big Cliff,1.26,1.26,0.0,1197.35,1109.03,88.32,8.5
2023-04-05,23,2023-04-05T22:00,bcl,Big Cliff,1.26,1.26,0.0,1198.43,1109.0,89.43,8.6
2023-04-05,24,2023-04-05T23:00,bcl,Big Cliff,1.25,1.25,0.0,1199.51,1109.02,90.49,8.6
2023-04-06,1,2023-04-06T00:00,bcl,Big Cliff,1.27,1.27,0.0,1200.51,1109.0,91.51,8.9
2023-04-06,2,2023-04-06T01:00,bcl,Big Cliff,1.27,1.27,0.0,1201.48,1109.01,92.47,9.0
2023-04-06,3,2023-04-06T02:00,bcl,Big Cliff,1.28,1.28,0.0,1200.69,1109.05,91.64,8.9
2023-04-06,4,2023-04-06T03:00,bcl,Big Cliff,1.29,1.29,0.0,1199.89,1109.03,90.86,8.9
2023-04-06,5,2023-04-06T04:00,bcl,Big Cliff,1.29,1.29,0.0,1199.1,1109.0,90.1,8.9
2023-04-06,6,2023-04-06T05:00,bcl,Big Cliff,1.28,1.28,0.0,1198.29,1109.0,89.29,8.7
2023-04-06,7,2023-04-06T06:00,bcl,Big Cliff,1.25,1.25,0.0,1197.52,1108.97,88.55,8.4
2023-04-06,8,2023-04-06T07:00,bcl,Big Cliff,1.24,1.24,0.0,1198.4,1109.02,89.38,8.5
2023-04-06,9,2023-04-06T08:00,bcl,Big Cliff,1.26,1.26,0.0,1199.44,1109.03,90.41,8.7
2023-04-06,10,2023-04-06T09:00,bcl,Big Cliff,1.29,1.29,0.0,1200.43,1109.08,91.35,9.0
2023-04-06,11,2023-04-06T10:00,bcl,Big Cliff,1.28,1.28,0.0,1201.39,1108.99,92.4,9.0
2023-04-06,12,2023-04-06T11:00,bcl,Big Cliff,1.28,1.28,0.0,1202.34,1109.02,93.32,9.1
2023-04-06,13,2023-04-06T12:00,bcl,Big Cliff,1.3,1.3,0.0,1203.27,1109.07,94.2,9.3
2023-04-06,14,2023-04-06T13:00,bcl,Big Cliff,1.28,1.28,0.0,1202.6,1109.03,93.57,9.1
2023-04-06,15,2023-04-06T14:00,bcl,Big Cliff,1.29,1.29,0.0,1201.83,1109.06,92.77,9.1
2023-04-06,16,2023-04-06T15:00,bcl,Big Cliff,1.3,1.3,0.0,1201.09,1109.06,92.03,9.1
2023-04-06,17,2023-04-06T16:00,bcl,Big Cliff,1.3,1.3,0.0,1200.32,1109.06,91.26,9.1
2023-04-06,18,2023-04-06T17:00,bcl,Big Cliff,1.28,1.28,0.0,1199.6,1109.02,90.58,8.8
2023-04-06,19,2023-04-06T18:00,bcl,Big Cliff,1.28,1.28,0.0,1198.85,1108.98,89.87,8.8
2023-04-06,20,2023-04-06T19:00,bcl,Big Cliff,1.26,1.26,0.0,1198.12,1108.97,89.15,8.6
2023-04-06,21,2023-04-06T20:00,bcl,Big Cliff,1.25,1.25,0.0,1197.4,1108.99,88.41,8.4
2023-04-06,22,2023-04-06T21:00,bcl,Big Cliff,1.26,1.26,0.0,1196.67,1108.97,87.7,8.4
2023-04-06,23,2023-04-06T22:00,bcl,Big Cliff,1.24,1.24,0.0,1197.64,1109.01,88.63,8.4
2023-04-06,24,2023-04-06T23:00,bcl,Big Cliff,1.24,1.24,0.0,1198.87,1108.96,89.91,8.5
2023-04-07,1,2023-04-07T00:00,bcl,Big Cliff,1.24,1.24,0.0,1200.03,1108.99,91.04,8.6
2023-04-07,2,2023-04-07T01:00,bcl,Big Cliff,1.27,1.27,0.0,1200.67,1109.02,91.65,8.9
2023-04-07,3,2023-04-07T02:00,bcl,Big Cliff,1.27,1.27,0.0,1200.05,1109.0,91.05,8.8
2023-04-07,4,2023-04-07T03:00,bcl,Big Cliff,1.29,1.29,0.0,1199.35,1109.01,90.34,8.9
2023-04-07,5,2023-04-07T04:00,bcl,Big Cliff,1.29,1.29,0.0,1198.69,1108.99,89.7,8.8
2023-04-07,6,2023-04-07T05:00,bcl,Big Cliff,1.29,1.29,0.0,1198.01,1109.04,88.97,8.8
2023-04-07,7,2023-04-07T06:00,bcl,Big Cliff,1.25,1.25,0.0,1197.36,1109.0,88.36,8.4
2023-04-07,8,2023-04-07T07:00,bcl,Big Cliff,1.24,1.24,0.0,1198.66,1109.03,89.63,8.5
2023-04-07,9,2023-04-07T08:00,bcl,Big Cliff,1.24,1.24,0.0,1200.07,1108.97,91.1,8.6
2023-04-07,10,2023-04-07T09:00,bcl,Big Cliff,1.3,1.3,0.0,1201.38,1109.08,92.3,9.2
2023-04-07,11,2023-04-07T10:00,bcl,Big Cliff,1.32,1.32,0.0,1202.66,1109.06,93.6,9.4
2023-04-07,12,2023-04-07T11:00,bcl,Big Cliff,1.33,1.33,0.0,1203.87,1109.12,94.75,9.6
2023-04-07,13,2023-04-07T12:00,bcl,Big Cliff,1.27,1.27,0.0,1203.32,1109.02,94.3,9.1
2023-04-07,14,2023-04-07T13:00,bcl,Big Cliff,1.28,1.28,0.0,1202.65,1109.08,93.57,9.1
2023-04-07,15,2023-04-07T14:00,bcl,Big Cliff,1.28,1.28,0.0,1202.03,1109.01,93.02,9.1
2023-04-07,16,2023-04-07T15:00,bcl,Big Cliff,1.29,1.29,0.0,1201.36,1108.99,92.37,9.1
2023-04-07,17,2023-04-07T16:00,bcl,Big Cliff,1.3,1.3,0.0,1200.71,1109.04,91.67,9.1
2023-04-07,18,2023-04-07T17:00,bcl,Big Cliff,1.25,1.25,0.0,1200.04,1108.96,91.08,8.7
2023-04-07,19,2023-04-07T18:00,bcl,Big Cliff,1.27,1.27,0.0,1199.39,1109.01,90.38,8.8
2023-04-07,20,2023-04-07T19:00,bcl,Big Cliff,1.26,1.26,0.0,1198.76,1108.99,89.77,8.6
2023-04-07,21,2023-04-07T20:00,bcl,Big Cliff,1.24,1.24,0.0,1198.1,1109.01,89.09,8.4
2023-04-07,22,2023-04-07T21:00,bcl,Big Cliff,1.26,1.26,0.0,1197.44,1109.0,88.44,8.5
2023-04-07,23,2023-04-07T22:00,bcl,Big Cliff,1.23,1.23,0.0,1196.77,1108.97,87.8,8.2
2023-04-07,24,2023-04-07T23:00,bcl,Big Cliff,1.24,1.24,0.0,1197.75,1108.96,88.79,8.4
2023-04-08,1,2023-04-08T00:00,bcl,Big Cliff,1.26,1.26,0.0,1198.97,1109.01,89.96,8.6
2023-04-08,2,2023-04-08T01:00,bcl,Big Cliff,1.27,1.27,0.0,1199.06,1109.03,90.03,8.7
2023-04-08,3,2023-04-08T02:00,bcl,Big Cliff,1.26,1.26,0.0,1198.41,1108.95,89.46,8.6
2023-04-08,4,2023-04-08T03:00,bcl,Big Cliff,1.25,1.25,0.0,1197.73,1108.97,88.76,8.5
2023-04-08,5,2023-04-08T04:00,bcl,Big Cliff,1.26,1.26,0.0,1197.03,1108.95,88.08,8.5
2023-04-08,6,2023-04-08T05:00,bcl,Big Cliff,1.24,1.24,0.0,1196.33,1108.96,87.37,8.3
2023-04-08,7,2023-04-08T06:00,bcl,Big Cliff,1.22,1.22,0.0,1195.61,1108.97,86.64,8.1
2023-04-08,8,2023-04-08T07:00,bcl,Big Cliff,1.28,1.28,0.0,1196.81,1109.04,87.77,8.6
2023-04-08,9,2023-04-08T08:00,bcl,Big Cliff,1.33,1.33,0.0,1198.19,1109.14,89.05,9.0
2023-04-08,10,2023-04-08T09:00,bcl,Big Cliff,1.33,1.33,0.0,1199.53,1109.13,90.4,9.2
2023-04-08,11,2023-04-08T10:00,bcl,Big Cliff,1.29,1.29,0.0,1200.83,1109.06,91.77,9.0
2023-04-08,12,2023-04-08T11:00,bcl,Big Cliff,1.31,1.31,0.0,1202.08,1109.06,93.02,9.3
2023-04-08,13,2023-04-08T12:00,bcl,Big Cliff,1.31,1.31,0.0,1203.29,1109.08,94.21,9.4
2023-04-08,14,2023-04-08T13:00,bcl,Big Cliff,1.28,1.28,0.0,1202.76,1109.02,93.74,9.2
2023-04-08,15,2023-04-08T14:00,bcl,Big Cliff,1.29,1.29,0.0,1202.05,1108.9,93.15,9.2
2023-04-08,16,2023-04-08T15:00,bcl,Big Cliff,1.28,1.28,0.0,1201.38,1108.97,92.41,9.0
2023-04-08,17,2023-04-08T16:00,bcl,Big Cliff,1.26,1.26,0.0,1200.69,1109.03,91.66,8.8
2023-04-08,18,2023-04-08T17:00,bcl,Big Cliff,1.29,1.29,0.0,1199.99,1109.03,90.96,9.0
2023-04-08,19,2023-04-08T18:00,bcl,Big Cliff,1.28,1.28,0.0,1199.29,1108.97,90.32,8.8
2023-04-08,20,2023-04-08T19:00,bcl,Big Cliff,1.26,1.26,0.0,1198.6,1109.0,89.6,8.6
2023-04-08,21,2023-04-08T20:00,bcl,Big Cliff,1.24,1.24,0.0,1197.9,1108.94,88.96,8.4
2023-04-08,22,2023-04-08T21:00,bcl,Big Cliff,1.26,1.26,0.0,1197.19,1108.84,88.35,8.5
2023-04-08,23,2023-04-08T22:00,bcl,Big Cliff,1.23,1.23,0.0,1196.48,1108.88,87.6,8.2
2023-04-08,24,2023-04-08T23:00,bcl,Big Cliff,1.24,1.24,0.0,1197.58,1108.95,88.63,8.4
2023-04-09,1,2023-04-09T00:00,bcl,Big Cliff,1.24,1.24,0.0,1198.79,1108.96,89.83,8.5
2023-04-09,2,2023-04-09T01:00,bcl,Big Cliff,1.23,1.23,0.0,1198.88,1108.94,89.94,8.4
2023-04-09,3,2023-04-09T02:00,bcl,Big Cliff,1.24,1.24,0.0,1198.19,1108.93,89.26,8.4
2023-04-09,4,2023-04-09T03:00,bcl,Big Cliff,1.24,1.24,0.0,1197.47,1108.91,88.56,8.4
2023-04-09,5,2023-04-09T04:00,bcl,Big Cliff,1.24,1.24,0.0,1196.75,1108.95,87.8,8.3
2023-04-09,6,2023-04-09T05:00,bcl,Big Cliff,1.23,1.23,0.0,1196.01,1108.88,87.13,8.2
2023-04-09,7,2023-04-09T06:00,bcl,Big Cliff,1.22,1.22,0.0,1195.27,1108.92,86.35,8.0
2023-04-09,8,2023-04-09T07:00,bcl,Big Cliff,1.21,1.21,0.0,1196.45,1108.97,87.48,8.1
2023-04-09,9,2023-04-09T08:00,bcl,Big Cliff,1.26,1.26,0.0,1197.85,1109.01,88.84,8.5
2023-04-09,10,2023-04-09T09:00,bcl,Big Cliff,1.25,1.25,0.0,1199.21,1108.95,90.26,8.6
2023-04-09,11,2023-04-09T10:00,bcl,Big Cliff,1.26,1.26,0.0,1200.52,1108.99,91.53,8.8
2023-04-09,12,2023-04-09T11:00,bcl,Big Cliff,1.28,1.28,0.0,1201.78,1108.99,92.79,9.1
2023-04-09,13,2023-04-09T12:00,bcl,Big Cliff,1.28,1.28,0.0,1202.99,1109.03,93.96,9.2
2023-04-09,14,2023-04-09T13:00,bcl,Big Cliff,1.28,1.28,0.0,1202.39,1108.99,93.4,9.1
2023-04-09,15,2023-04-09T14:00,bcl,Big Cliff,1.26,1.26,0.0,1201.73,1109.02,92.71,8.9
2023-04-09,16,2023-04-09T15:00,bcl,Big Cliff,1.3,1.3,0.0,1201.07,1109.01,92.06,9.1
2023-04-09,17,2023-04-09T16:00,bcl,Big Cliff,1.28,1.28,0.0,1200.37,1109.07,91.3,8.9
2023-04-09,18,2023-04-09T17:00,bcl,Big Cliff,1.31,1.31,0.0,1199.71,1109.04,90.67,9.1
2023-04-09,19,2023-04-09T18:00,bcl,Big Cliff,1.29,1.29,0.0,1199.03,1109.03,90.0,8.9
2023-04-09,20,2023-04-09T19:00,bcl,Big Cliff,1.26,1.26,0.0,1198.37,1109.0,89.37,8.6
2023-04-09,21,2023-04-09T20:00,bcl,Big Cliff,1.27,1.27,0.0,1197.73,1108.95,88.78,8.6
2023-04-09,22,2023-04-09T21:00,bcl,Big Cliff,1.26,1.26,0.0,1197.09,1108.98,88.11,8.5
2023-04-09,23,2023-04-09T22:00,bcl,Big Cliff,1.25,1.25,0.0,1196.49,1108.96,87.53,8.3
2023-04-09,24,2023-04-09T23:00,bcl,Big Cliff,1.27,1.27,0.0,1197.84,1109.0,88.84,8.6
2023-04-10,1,2023-04-10T00:00,bcl,Big Cliff,1.28,1.28,0.0,1199.14,1108.99,90.15,8.8
2023-04-10,2,2023-04-10T01:00,bcl,Big Cliff,1.28,1.28,0.0,1199.83,1109.02,90.81,8.9
2023-04-10,3,2023-04-10T02:00,bcl,Big Cliff,1.3,1.3,0.0,1199.22,1109.03,90.19,8.9
2023-04-10,4,2023-04-10T03:00,bcl,Big Cliff,1.29,1.29,0.0,1198.67,1108.98,89.69,8.8
2023-04-10,5,2023-04-10T04:00,bcl,Big Cliff,1.3,1.3,0.0,1198.1,1109.0,89.1,8.8
2023-04-10,6,2023-04-10T05:00,bcl,Big Cliff,1.3,1.3,0.0,1197.52,1109.06,88.46,8.8
2023-04-10,7,2023-04-10T06:00,bcl,Big Cliff,1.25,1.25,0.0,1196.99,1108.93,88.06,8.4
2023-04-10,8,2023-04-10T07:00,bcl,Big Cliff,1.29,1.29,0.0,1198.29,1108.99,89.3,8.8
2023-04-10,9,2023-04-10T08:00,bcl,Big Cliff,1.35,1.35,0.0,1199.74,1109.11,90.63,9.3
2023-04-10,10,2023-04-10T09:00,bcl,Big Cliff,1.37,1.37,0.0,1201.09,1109.12,91.97,9.6
2023-04-10,11,2023-04-10T10:00,bcl,Big Cliff,1.38,1.38,0.0,1202.4,1109.15,93.25,9.8
2023-04-10,12,2023-04-10T11:00,bcl,Big Cliff,1.39,1.39,0.0,1203.66,1109.11,94.55,10.0
2023-04-10,13,2023-04-10T12:00,bcl,Big Cliff,1.35,1.35,0.0,1203.19,1109.08,94.11,9.7
2023-04-10,14,2023-04-10T13:00,bcl,Big Cliff,1.33,1.33,0.0,1202.62,1109.06,93.56,9.5
2023-04-10,15,2023-04-10T14:00,bcl,Big Cliff,1.33,1.33,0.0,1202.09,1109.06,93.03,9.4
2023-04-10,16,2023-04-10T15:00,bcl,Big Cliff,1.3,1.3,0.0,1201.56,1109.04,92.52,9.2
2023-04-10,17,2023-04-10T16:00,bcl,Big Cliff,1.34,1.34,0.0,1201.06,1109.06,92.0,9.4
2023-04-10,18,2023-04-10T17:00,bcl,Big Cliff,1.33,1.33,0.0,1200.58,1108.95,91.63,9.3
2023-04-10,19,2023-04-10T18:00,bcl,Big Cliff,1.3,1.3,0.0,1200.15,1108.97,91.18,9.0
2023-04-10,20,2023-04-10T19:00,bcl,Big Cliff,1.31,1.31,0.0,1199.79,1108.93,90.86,9.1
2023-04-10,21,2023-04-10T20:00,bcl,Big Cliff,1.28,1.28,0.0,1199.46,1108.9,90.56,8.8
2023-04-10,22,2023-04-10T21:00,bcl,Big Cliff,1.29,1.29,0.0,1199.13,1108.92,90.21,8.9
2023-04-10,23,2023-04-10T22:00,bcl,Big Cliff,1.28,1.28,0.0,1198.85,1108.92,89.93,8.8
2023-04-10,24,2023-04-10T23:00,bcl,Big Cliff,1.26,1.26,0.0,1198.53,1108.92,89.61,8.6
2023-04-11,1,2023-04-11T00:00,bcl,Big Cliff,1.28,1.28,0.0,1198.2,1108.94,89.26,8.7
2023-04-11,2,2023-04-11T01:00,bcl,Big Cliff,1.28,1.28,0.0,1197.85,1108.94,88.91,8.7
2023-04-11,3,2023-04-11T02:00,bcl,Big Cliff,1.28,1.28,0.0,1197.49,1108.9,88.59,8.7
2023-04-11,4,2023-04-11T03:00,bcl,Big Cliff,1.28,1.28,0.0,1197.12,1108.92,88.2,8.6
2023-04-11,5,2023-04-11T04:00,bcl,Big Cliff,1.28,1.28,0.0,1196.73,1108.9,87.83,8.6
2023-04-11,6,2023-04-11T05:00,bcl,Big Cliff,1.29,1.29,0.0,1196.28,1108.96,87.32,8.6
2023-04-11,7,2023-04-11T06:00,bcl,Big Cliff,1.27,1.27,0.0,1195.84,1108.93,86.91,8.4
2023-04-11,8,2023-04-11T07:00,bcl,Big Cliff,1.23,1.23,0.0,1197.26,1108.91,88.35,8.3
2023-04-11,9,2023-04-11T08:00,bcl,Big Cliff,1.33,1.33,0.0,1198.84,1109.05,89.79,9.1
2023-04-11,10,2023-04-11T09:00,bcl,Big Cliff,1.33,1.33,0.0,1200.34,1108.92,91.42,9.3
2023-04-11,11,2023-04-11T10:00,bcl,Big Cliff,1.32,1.32,0.0,1201.77,1109.0,92.77,9.3
2023-04-11,12,2023-04-11T11:00,bcl,Big Cliff,1.35,1.35,0.0,1203.19,1109.02,94.17,9.7
2023-04-11,13,2023-04-11T12:00,bcl,Big Cliff,1.35,1.35,0.0,1202.81,1108.98,93.83,9.7
2023-04-11,14,2023-04-11T13:00,bcl,Big Cliff,1.35,1.35,0.0,1202.29,1109.01,93.28,9.6
2023-04-11,15,2023-04-11T14:00,bcl,Big Cliff,1.3,1.3,0.0,1201.79,1109.0,92.79,9.2
2023-04-11,16,2023-04-11T15:00,bcl,Big Cliff,1.32,1.32,0.0,1201.26,1108.97,92.29,9.3
2023-04-11,17,2023-04-11T16:00,bcl,Big Cliff,1.34,1.34,0.0,1200.73,1109.05,91.68,9.4
2023-04-11,18,2023-04-11T17:00,bcl,Big Cliff,1.32,1.32,0.0,1200.15,1109.03,91.12,9.2
2023-04-11,19,2023-04-11T18:00,bcl,Big Cliff,1.32,1.32,0.0,1199.61,1108.97,90.64,9.1
2023-04-11,20,2023-04-11T19:00,bcl,Big Cliff,1.32,1.32,0.0,1199.04,1109.0,90.04,9.1
2023-04-11,21,2023-04-11T20:00,bcl,Big Cliff,1.28,1.28,0.0,1198.46,1108.99,89.47,8.7
2023-04-11,22,2023-04-11T21:00,bcl,Big Cliff,1.29,1.29,0.0,1197.87,1108.93,88.94,8.8
2023-04-11,23,2023-04-11T22:00,bcl,Big Cliff,1.29,1.29,0.0,1197.27,1108.96,88.31,8.7
2023-04-11,24,2023-04-11T23:00,bcl,Big Cliff,1.28,1.28,0.0,1196.7,1108.97,87.73,8.6
2023-04-12,1,2023-04-12T00:00,bcl,Big Cliff,1.3,1.3,0.0,1198.1,1108.99,89.11,8.8
2023-04-12,2,2023-04-12T01:00,bcl,Big Cliff,1.3,1.3,0.0,1198.35,1108.97,89.38,8.9
2023-04-12,3,2023-04-12T02:00,bcl,Big Cliff,1.3,1.3,0.0,1197.73,1108.94,88.79,8.8
2023-04-12,4,2023-04-12T03:00,bcl,Big Cliff,1.28,1.28,0.0,1197.1,1108.95,88.15,8.6
2023-04-12,5,2023-04-12T04:00,bcl,Big Cliff,1.31,1.31,0.0,1196.45,1108.98,87.47,8.7
2023-04-12,6,2023-04-12T05:00,bcl,Big Cliff,1.28,1.28,0.0,1195.79,1108.91,86.88,8.5
2023-04-12,7,2023-04-12T06:00,bcl,Big Cliff,1.25,1.25,0.0,1195.13,1108.93,86.2,8.2
2023-04-12,8,2023-04-12T07:00,bcl,Big Cliff,1.26,1.26,0.0,1196.42,1108.93,87.49,8.4
2023-04-12,9,2023-04-12T08:00,bcl,Big Cliff,1.26,1.26,0.0,1197.93,1108.95,88.98,8.6
2023-04-12,10,2023-04-12T09:00,bcl,Big Cliff,1.26,1.26,0.0,1199.38,1108.95,90.43,8.7
2023-04-12,11,2023-04-12T10:00,bcl,Big Cliff,1.28,1.28,0.0,1200.8,1108.97,91.83,9.0
2023-04-12,12,2023-04-12T11:00,bcl,Big Cliff,1.3,1.3,0.0,1202.13,1108.99,93.14,9.2
2023-04-12,13,2023-04-12T12:00,bcl,Big Cliff,1.34,1.34,0.0,1203.41,1109.07,94.34,9.6
2023-04-12,14,2023-04-12T13:00,bcl,Big Cliff,1.28,1.28,0.0,1202.89,1108.95,93.94,9.2
2023-04-12,15,2023-04-12T14:00,bcl,Big Cliff,1.3,1.3,0.0,1202.25,1109.06,93.19,9.2
2023-04-12,16,2023-04-12T15:00,bcl,Big Cliff,1.33,1.33,0.0,1201.6,1109.03,92.57,9.4
2023-04-12,17,2023-04-12T16:00,bcl,Big Cliff,1.3,1.3,0.0,1200.96,1109.0,91.96,9.1
2023-04-12,18,2023-04-12T17:00,bcl,Big Cliff,1.32,1.32,0.0,1200.29,1109.0,91.29,9.2
2023-04-12,19,2023-04-12T18:00,bcl,Big Cliff,1.31,1.31,0.0,1199.65,1109.01,90.64,9.1
2023-04-12,20,2023-04-12T19:00,bcl,Big Cliff,1.26,1.26,0.0,1198.98,1108.9,90.08,8.7
2023-04-12,21,2023-04-12T20:00,bcl,Big Cliff,1.28,1.28,0.0,1198.31,1108.94,89.37,8.7
2023-04-12,22,2023-04-12T21:00,bcl,Big Cliff,1.3,1.3,0.0,1197.61,1109.01,88.6,8.8
2023-04-12,23,2023-04-12T22:00,bcl,Big Cliff,1.26,1.26,0.0,1196.99,1108.99,88.0,8.5
2023-04-12,24,2023-04-12T23:00,bcl,Big Cliff,1.27,1.27,0.0,1198.34,1108.95,89.39,8.7
2023-04-13,1,2023-04-13T00:00,bcl,Big Cliff,1.28,1.28,0.0,1199.13,1108.96,90.17,8.8
2023-04-13,2,2023-04-13T01:00,bcl,Big Cliff,1.27,1.27,0.0,1198.47,1108.98,89.49,8.7
2023-04-13,3,2023-04-13T02:00,bcl,Big Cliff,1.26,1.26,0.0,1197.78,1108.96,88.82,8.5
2023-04-13,4,2023-04-13T03:00,bcl,Big Cliff,1.26,1.26,0.0,1197.08,1108.98,88.1,8.5
2023-04-13,5,2023-04-13T04:00,bcl,Big Cliff,1.27,1.27,0.0,1196.35,1108.95,87.4,8.5
2023-04-13,6,2023-04-13T05:00,bcl,Big Cliff,1.27,1.27,0.0,1195.59,1108.97,86.62,8.4
2023-04-13,7,2023-04-13T06:00,bcl,Big Cliff,1.26,1.26,0.0,1194.85,1108.93,85.92,8.3
2023-04-13,8,2023-04-13T07:00,bcl,Big Cliff,1.21,1.21,0.0,1196.04,1108.99,87.05,8.0
2023-04-13,9,2023-04-13T08:00,bcl,Big Cliff,1.29,1.29,0.0,1197.45,1108.95,88.5,8.7
2023-04-13,10,2023-04-13T09:00,bcl,Big Cliff,1.28,1.28,0.0,1198.81,1109.0,89.81,8.8
2023-04-13,11,2023-04-13T10:00,bcl,Big Cliff,1.28,1.28,0.0,1200.11,1109.05,91.06,8.9
2023-04-13,12,2023-04-13T11:00,bcl,Big Cliff,1.33,1.33,0.0,1201.37,1109.03,92.34,9.4
2023-04-13,13,2023-04-13T12:00,bcl,Big Cliff,1.28,1.28,0.0,1202.59,1108.95,93.64,9.1
2023-04-13,14,2023-04-13T13:00,bcl,Big Cliff,1.27,1.27,0.0,1201.99,1108.96,93.03,9.0
2023-04-13,15,2023-04-13T14:00,bcl,Big Cliff,1.29,1.29,0.0,1201.29,1109.04,92.25,9.1
2023-04-13,16,2023-04-13T15:00,bcl,Big Cliff,1.3,1.3,0.0,1200.61,1108.99,91.62,9.1
2023-04-13,17,2023-04-13T16:00,bcl,Big Cliff,1.26,1.26,0.0,1199.91,1108.95,90.96,8.7
2023-04-13,18,2023-04-13T17:00,bcl,Big Cliff,1.28,1.28,0.0,1199.21,1108.98,90.23,8.8
2023-04-13,19,2023-04-13T18:00,bcl,Big Cliff,1.27,1.27,0.0,1198.5,1108.95,89.55,8.7
2023-04-13,20,2023-04-13T19:00,bcl,Big Cliff,1.24,1.24,0.0,1197.79,1108.96,88.83,8.4
2023-04-13,21,2023-04-13T20:00,bcl,Big Cliff,1.25,1.25,0.0,1197.06,1108.93,88.13,8.4
2023-04-13,22,2023-04-13T21:00,bcl,Big Cliff,1.22,1.22,0.0,1196.33,1108.92,87.41,8.1
2023-04-13,23,2023-04-13T22:00,bcl,Big Cliff,1.21,1.21,0.0,1197.38,1108.86,88.52,8.2
2023-04-13,24,2023-04-13T23:00,bcl,Big Cliff,1.22,1.22,0.0,1198.64,1108.9,89.74,8.4
2023-04-14,1,2023-04-14T00:00,bcl,Big Cliff,1.23,1.23,0.0,1199.85,1108.93,90.92,8.5
2023-04-14,2,2023-04-14T01:00,bcl,Big Cliff,1.24,1.24,0.0,1199.64,1109.0,90.64,8.6
2023-04-14,3,2023-04-14T02:00,bcl,Big Cliff,1.25,1.25,0.0,1198.93,1108.97,89.96,8.6
2023-04-14,4,2023-04-14T03:00,bcl,Big Cliff,1.26,1.26,0.0,1198.21,1108.95,89.26,8.6
2023-04-14,5,2023-04-14T04:00,bcl,Big Cliff,1.23,1.23,0.0,1197.48,1108.92,88.56,8.3
2023-04-14,6,2023-04-14T05:00,bcl,Big Cliff,1.24,1.24,0.0,1196.75,1108.97,87.78,8.3
2023-04-14,7,2023-04-14T06:00,bcl,Big Cliff,1.25,1.25,0.0,1195.99,1108.9,87.09,8.3
2023-04-14,8,2023-04-14T07:00,bcl,Big Cliff,1.2,1.2,0.0,1197.14,1108.94,88.2,8.1
2023-04-14,9,2023-04-14T08:00,bcl,Big Cliff,1.3,1.3,0.0,1198.46,1108.99,89.47,8.9
2023-04-14,10,2023-04-14T09:00,bcl,Big Cliff,1.28,1.28,0.0,1199.75,1109.05,90.7,8.9
2023-04-14,11,2023-04-14T10:00,bcl,Big Cliff,1.28,1.28,0.0,1200.97,1108.98,91.99,9.0
2023-04-14,12,2023-04-14T11:00,bcl,Big Cliff,1.31,1.31,0.0,1202.13,1109.1,93.03,9.3
2023-04-14,13,2023-04-14T12:00,bcl,Big Cliff,1.26,1.26,0.0,1201.52,1108.99,92.53,8.9
2023-04-14,14,2023-04-14T13:00,bcl,Big Cliff,1.26,1.26,0.0,1200.81,1108.94,91.87,8.8
2023-04-14,15,2023-04-14T14:00,bcl,Big Cliff,1.23,1.23,0.0,1200.11,1108.97,91.14,8.6
2023-04-14,16,2023-04-14T15:00,bcl,Big Cliff,1.27,1.27,0.0,1199.45,1109.02,90.43,8.8
2023-04-14,17,2023-04-14T16:00,bcl,Big Cliff,1.28,1.28,0.0,1200.58,1108.97,91.61,8.9
2023-04-14,18,2023-04-14T17:00,bcl,Big Cliff,1.29,1.29,0.0,1201.78,1109.03,92.75,9.1
2023-04-14,19,2023-04-14T18:00,bcl,Big Cliff,1.31,1.31,0.0,1201.15,1108.99,92.16,9.2
2023-04-14,20,2023-04-14T19:00,bcl,Big Cliff,1.26,1.26,0.0,1200.43,1108.97,91.46,8.8
2023-04-14,21,2023-04-14T20:00,bcl,Big Cliff,1.26,1.26,0.0,1199.73,1108.94,90.79,8.7
2023-04-14,22,2023-04-14T21:00,bcl,Big Cliff,1.26,1.26,0.0,1199.0,1109.03,89.97,8.6
2023-04-14,23,2023-04-14T22:00,bcl,Big Cliff,1.23,1.23,0.0,1198.27,1108.95,89.32,8.4
2023-04-14,24,2023-04-14T23:00,bcl,Big Cliff,1.25,1.25,0.0,1197.52,1109.0,88.52,8.4
2023-04-15,1,2023-04-15T00:00,bcl,Big Cliff,1.24,1.24,0.0,1196.77,1108.99,87.78,8.3
2023-04-15,2,2023-04-15T01:00,bcl,Big Cliff,1.25,1.25,0.0,1195.99,1108.94,87.05,8.3
2023-04-15,3,2023-04-15T02:00,bcl,Big Cliff,1.22,1.22,0.0,1195.19,1108.93,86.26,8.0
2023-04-15,4,2023-04-15T03:00,bcl,Big Cliff,1.23,1.23,0.0,1194.38,1108.9,85.48,8.0
2023-04-15,5,2023-04-15T04:00,bcl,Big Cliff,1.23,1.23,0.0,1193.57,1108.89,84.68,7.9
2023-04-15,6,2023-04-15T05:00,bcl,Big Cliff,1.24,1.24,0.0,1192.73,1108.93,83.8,7.9
2023-04-15,7,2023-04-15T06:00,bcl,Big Cliff,1.18,1.18,0.0,1191.92,1108.84,83.08,7.5
2023-04-15,8,2023-04-15T07:00,bcl,Big Cliff,1.24,1.24,0.0,1193.08,1108.96,84.12,8.0
2023-04-15,9,2023-04-15T08:00,bcl,Big Cliff,1.28,1.28,0.0,1194.46,1109.02,85.44,8.3
2023-04-15,10,2023-04-15T09:00,bcl,Big Cliff,1.28,1.28,0.0,1195.81,1109.02,86.79,8.5
2023-04-15,11,2023-04-15T10:00,bcl,Big Cliff,1.27,1.27,0.0,1197.12,1109.02,88.1,8.5
2023-04-15,12,2023-04-15T11:00,bcl,Big Cliff,1.31,1.31,0.0,1198.4,1109.04,89.36,8.9
2023-04-15,13,2023-04-15T12:00,bcl,Big Cliff,1.28,1.28,0.0,1197.84,1109.0,88.84,8.7
2023-04-15,14,2023-04-15T13:00,bcl,Big Cliff,1.3,1.3,0.0,1197.04,1109.0,88.04,8.7
2023-04-15,15,2023-04-15T14:00,bcl,Big Cliff,1.29,1.29,0.0,1196.24,1109.03,87.21,8.6
2023-04-15,16,2023-04-15T15:00,bcl,Big Cliff,1.26,1.26,0.0,1195.43,1109.0,86.43,8.3
2023-04-15,17,2023-04-15T16:00,bcl,Big Cliff,1.29,1.29,0.0,1196.52,1109.03,87.49,8.6
2023-04-15,18,2023-04-15T17:00,bcl,Big Cliff,1.3,1.3,0.0,1197.83,1109.06,88.77,8.8
2023-04-15,19,2023-04-15T18:00,bcl,Big Cliff,1.3,1.3,0.0,1199.1,1109.05,90.05,8.9
2023-04-15,20,2023-04-15T19:00,bcl,Big Cliff,1.3,1.3,0.0,1198.53,1109.03,89.5,8.9
2023-04-15,21,2023-04-15T20:00,bcl,Big Cliff,1.3,1.3,0.0,1197.77,1109.05,88.72,8.8
2023-04-15,22,2023-04-15T21:00,bcl,Big Cliff,1.28,1.28,0.0,1196.99,1109.08,87.91,8.6
2023-04-15,23,2023-04-15T22:00,bcl,Big Cliff,1.28,1.28,0.0,1196.19,1109.0,87.19,8.5
2023-04-15,24,2023-04-15T23:00,bcl,Big Cliff,1.26,1.26,0.0,1195.37,1109.06,86.31,8.3
2023-04-16,1,2023-04-16T00:00,bcl,Big Cliff,1.26,1.26,0.0,1194.54,1108.97,85.57,8.2
2023-04-16,2,2023-04-16T01:00,bcl,Big Cliff,1.25,1.25,0.0,1193.72,1109.01,84.71,8.1
2023-04-16,3,2023-04-16T02:00,bcl,Big Cliff,1.26,1.26,0.0,1192.86,1108.97,83.89,8.1
2023-04-16,4,2023-04-16T03:00,bcl,Big Cliff,1.25,1.25,0.0,1192.01,1108.95,83.06,7.9
2023-04-16,5,2023-04-16T04:00,bcl,Big Cliff,1.23,1.23,0.0,1191.14,1108.93,82.21,7.7
2023-04-16,6,2023-04-16T05:00,bcl,Big Cliff,1.24,1.24,0.0,1190.27,1108.89,81.38,7.7
2023-04-16,7,2023-04-16T06:00,bcl,Big Cliff,1.22,1.22,0.0,1189.38,1108.92,80.46,7.5
2023-04-16,8,2023-04-16T07:00,bcl,Big Cliff,1.24,1.24,0.0,1190.56,1108.92,81.64,7.7
2023-04-16,9,2023-04-16T08:00,bcl,Big Cliff,1.28,1.28,0.0,1192.01,1109.02,82.99,8.1
2023-04-16,10,2023-04-16T09:00,bcl,Big Cliff,1.26,1.26,0.0,1193.41,1109.0,84.41,8.1
2023-04-16,11,2023-04-16T10:00,bcl,Big Cliff,1.3,1.3,0.0,1194.78,1109.06,85.72,8.5
2023-04-16,12,2023-04-16T11:00,bcl,Big Cliff,1.24,1.24,0.0,1196.12,1108.96,87.16,8.2
2023-04-16,13,2023-04-16T12:00,bcl,Big Cliff,1.26,1.26,0.0,1195.63,1109.01,86.62,8.3
2023-04-16,14,2023-04-16T13:00,bcl,Big Cliff,1.26,1.26,0.0,1194.83,1108.96,85.87,8.3
2023-04-16,15,2023-04-16T14:00,bcl,Big Cliff,1.28,1.28,0.0,1194.0,1108.99,85.01,8.3
2023-04-16,16,2023-04-16T15:00,bcl,Big Cliff,1.28,1.28,0.0,1193.15,1109.0,84.15,8.2
2023-04-16,17,2023-04-16T16:00,bcl,Big Cliff,1.29,1.29,0.0,1194.29,1108.99,85.3,8.4
2023-04-16,18,2023-04-16T17:00,bcl,Big Cliff,1.32,1.32,0.0,1195.65,1109.1,86.55,8.7
2023-04-16,19,2023-04-16T18:00,bcl,Big Cliff,1.28,1.28,0.0,1196.99,1109.06,87.93,8.6
2023-04-16,20,2023-04-16T19:00,bcl,Big Cliff,1.28,1.28,0.0,1198.3,1109.05,89.25,8.7
2023-04-16,21,2023-04-16T20:00,bcl,Big Cliff,1.3,1.3,0.0,1197.75,1109.04,88.71,8.8
2023-04-16,22,2023-04-16T21:00,bcl,Big Cliff,1.3,1.3,0.0,1196.97,1109.05,87.92,8.7
2023-04-16,23,2023-04-16T22:00,bcl,Big Cliff,1.3,1.3,0.0,1196.16,1109.06,87.1,8.6
2023-04-16,24,2023-04-16T23:00,bcl,Big Cliff,1.29,1.29,0.0,1195.34,1109.06,86.28,8.5
2023-04-17,1,2023-04-17T00:00,bcl,Big Cliff,1.29,1.29,0.0,1194.49,1109.07,85.42,8.4
2023-04-17,2,2023-04-17T01:00,bcl,Big Cliff,1.28,1.28,0.0,1193.65,1109.04,84.61,8.3
2023-04-17,3,2023-04-17T02:00,bcl,Big Cliff,1.27,1.27,0.0,1192.79,1108.99,83.8,8.1
2023-04-17,4,2023-04-17T03:00,bcl,Big Cliff,1.28,1.28,0.0,1191.93,1108.99,82.94,8.1
2023-04-17,5,2023-04-17T04:00,bcl,Big Cliff,1.25,1.25,0.0,1191.04,1109.02,82.02,7.8
2023-04-17,6,2023-04-17T05:00,bcl,Big Cliff,1.27,1.27,0.0,1190.15,1108.96,81.19,7.9
2023-04-17,7,2023-04-17T06:00,bcl,Big Cliff,1.23,1.23,0.0,1191.32,1109.0,82.32,7.7
2023-04-17,8,2023-04-17T07:00,bcl,Big Cliff,1.29,1.29,0.0,1192.73,1109.03,83.7,8.2
2023-04-17,9,2023-04-17T08:00,bcl,Big Cliff,1.3,1.3,0.0,1194.1,1109.02,85.08,8.4
2023-04-17,10,2023-04-17T09:00,bcl,Big Cliff,1.31,1.31,0.0,1195.43,1109.07,86.36,8.6
2023-04-17,11,2023-04-17T10:00,bcl,Big Cliff,1.31,1.31,0.0,1196.72,1109.08,87.64,8.8
2023-04-17,12,2023-04-17T11:00,bcl,Big Cliff,1.3,1.3,0.0,1197.98,1109.07,88.91,8.8
2023-04-17,13,2023-04-17T12:00,bcl,Big Cliff,1.3,1.3,0.0,1197.41,1109.09,88.32,8.8
2023-04-17,14,2023-04-17T13:00,bcl,Big Cliff,1.31,1.31,0.0,1196.6,1109.1,87.5,8.7
2023-04-17,15,2023-04-17T14:00,bcl,Big Cliff,1.27,1.27,0.0,1195.8,1109.02,86.78,8.4
2023-04-17,16,2023-04-17T15:00,bcl,Big Cliff,1.27,1.27,0.0,1194.97,1109.02,85.95,8.3
2023-04-17,17,2023-04-17T16:00,bcl,Big Cliff,1.29,1.29,0.0,1196.07,1108.99,87.08,8.6
2023-04-17,18,2023-04-17T17:00,bcl,Big Cliff,1.32,1.32,0.0,1197.37,1109.11,88.26,8.9
2023-04-17,19,2023-04-17T18:00,bcl,Big Cliff,1.3,1.3,0.0,1198.66,1109.05,89.61,8.9
2023-04-17,20,2023-04-17T19:00,bcl,Big Cliff,1.29,1.29,0.0,1199.89,1109.04,90.85,8.9
2023-04-17,21,2023-04-17T20:00,bcl,Big Cliff,1.3,1.3,0.0,1199.27,1109.08,90.19,8.9
2023-04-17,22,2023-04-17T21:00,bcl,Big Cliff,1.3,1.3,0.0,1198.52,1108.98,89.54,8.9
2023-04-17,23,2023-04-17T22:00,bcl,Big Cliff,1.28,1.28,0.0,1197.75,1109.03,88.72,8.7
2023-04-17,24,2023-04-17T23:00,bcl,Big Cliff,1.3,1.3,0.0,1196.97,1109.05,87.92,8.7
2023-04-18,1,2023-04-18T00:00,bcl,Big Cliff,1.3,1.3,0.0,1196.14,1109.03,87.11,8.6
2023-04-18,2,2023-04-18T01:00,bcl,Big Cliff,1.27,1.27,0.0,1195.31,1109.05,86.26,8.4
2023-04-18,3,2023-04-18T02:00,bcl,Big Cliff,1.3,1.3,0.0,1194.46,1109.04,85.42,8.5
2023-04-18,4,2023-04-18T03:00,bcl,Big Cliff,1.26,1.26,0.0,1193.61,1109.02,84.59,8.1
2023-04-18,5,2023-04-18T04:00,bcl,Big Cliff,1.27,1.27,0.0,1192.74,1109.03,83.71,8.1
2023-04-18,6,2023-04-18T05:00,bcl,Big Cliff,1.27,1.27,0.0,1193.84,1109.0,84.84,8.2
2023-04-18,7,2023-04-18T06:00,bcl,Big Cliff,1.27,1.27,0.0,1195.2,1109.0,86.2,8.4
2023-04-18,8,2023-04-18T07:00,bcl,Big Cliff,1.26,1.26,0.0,1196.51,1109.01,87.5,8.4
2023-04-18,9,2023-04-18T08:00,bcl,Big Cliff,1.27,1.27,0.0,1197.77,1109.01,88.76,8.6
2023-04-18,10,2023-04-18T09:00,bcl,Big Cliff,1.27,1.27,0.0,1199.0,1109.01,89.99,8.7
2023-04-18,11,2023-04-18T10:00,bcl,Big Cliff,1.27,1.27,0.0,1198.39,1109.06,89.33,8.7
2023-04-18,12,2023-04-18T11:00,bcl,Big Cliff,1.28,1.28,0.0,1197.62,1109.05,88.57,8.7
2023-04-18,13,2023-04-18T12:00,bcl,Big Cliff,1.28,1.28,0.0,1196.82,1109.01,87.81,8.6
2023-04-18,14,2023-04-18T13:00,bcl,Big Cliff,1.28,1.28,0.0,1196.0,1108.99,87.01,8.5
2023-04-18,15,2023-04-18T14:00,bcl,Big Cliff,1.27,1.27,0.0,1195.16,1108.99,86.17,8.3
2023-04-18,16,2023-04-18T15:00,bcl,Big Cliff,1.29,1.29,0.0,1194.31,1108.97,85.34,8.4
2023-04-18,17,2023-04-18T16:00,bcl,Big Cliff,1.31,1.31,0.0,1195.38,1109.01,86.37,8.6
2023-04-18,18,2023-04-18T17:00,bcl,Big Cliff,1.29,1.29,0.0,1196.71,1109.0,87.71,8.6
2023-04-18,19,2023-04-18T18:00,bcl,Big Cliff,1.3,1.3,0.0,1197.97,1109.05,88.92,8.8
2023-04-18,20,2023-04-18T19:00,bcl,Big Cliff,1.31,1.31,0.0,1199.21,1109.03,90.18,9.0
2023-04-18,21,2023-04-18T20:00,bcl,Big Cliff,1.29,1.29,0.0,1198.62,1109.03,89.59,8.8
2023-04-18,22,2023-04-18T21:00,bcl,Big Cliff,1.29,1.29,0.0,1197.84,1109.08,88.76,8.7
2023-04-18,23,2023-04-18T22:00,bcl,Big Cliff,1.28,1.28,0.0,1197.04,1109.01,88.03,8.6
2023-04-18,24,2023-04-18T23:00,bcl,Big Cliff,1.26,1.26,0.0,1196.22,1109.03,87.19,8.4
2023-04-19,1,2023-04-19T00:00,bcl,Big Cliff,1.29,1.29,0.0,1195.37,1109.04,86.33,8.5
2023-04-19,2,2023-04-19T01:00,bcl,Big Cliff,1.27,1.27,0.0,1194.53,1109.0,85.53,8.3
2023-04-19,3,2023-04-19T02:00,bcl,Big Cliff,1.28,1.28,0.0,1193.66,1109.02,84.64,8.3
2023-04-19,4,2023-04-19T03:00,bcl,Big Cliff,1.27,1.27,0.0,1192.77,1108.99,83.78,8.1
2023-04-19,5,2023-04-19T04:00,bcl,Big Cliff,1.29,1.29,0.0,1191.87,1109.0,82.87,8.2
2023-04-19,6,2023-04-19T05:00,bcl,Big Cliff,1.28,1.28,0.0,1192.96,1109.0,83.96,8.2
2023-04-19,7,2023-04-19T06:00,bcl,Big Cliff,1.26,1.26,0.0,1194.31,1108.97,85.34,8.2
2023-04-19,8,2023-04-19T07:00,bcl,Big Cliff,1.25,1.25,0.0,1195.64,1109.0,86.64,8.3
2023-04-19,9,2023-04-19T08:00,bcl,Big Cliff,1.27,1.27,0.0,1196.93,1109.04,87.89,8.5
2023-04-19,10,2023-04-19T09:00,bcl,Big Cliff,1.3,1.3,0.0,1198.17,1109.11,89.06,8.8
2023-04-19,11,2023-04-19T10:00,bcl,Big Cliff,1.32,1.32,0.0,1197.58,1109.1,88.48,8.9
2023-04-19,12,2023-04-19T11:00,bcl,Big Cliff,1.3,1.3,0.0,1196.78,1109.04,87.74,8.7
2023-04-19,13,2023-04-19T12:00,bcl,Big Cliff,1.31,1.31,0.0,1195.94,1109.04,86.9,8.7
2023-04-19,14,2023-04-19T13:00,bcl,Big Cliff,1.78,0.74,1.04,1194.7,1109.72,84.98,4.8
2023-04-19,15,2023-04-19T14:00,bcl,Big Cliff,1.69,0.0,1.69,1193.48,1109.63,83.85,0.0
2023-04-19,16,2023-04-19T15:00,bcl,Big Cliff,1.67,0.0,1.67,1192.26,1109.6,82.66,0.0
2023-04-19,17,2023-04-19T16:00,bcl,Big Cliff,1.67,0.0,1.67,1193.03,1109.59,83.44,0.0
2023-04-19,18,2023-04-19T17:00,bcl,Big Cliff,1.61,0.0,1.61,1194.12,1109.5,84.62,0.0
2023-04-19,19,2023-04-19T18:00,bcl,Big Cliff,1.44,0.0,1.44,1195.31,1109.26,86.05,0.0
2023-04-19,20,2023-04-19T19:00,bcl,Big Cliff,1.33,0.0,1.33,1196.57,1109.2,87.37,0.0
2023-04-19,21,2023-04-19T20:00,bcl,Big Cliff,1.33,0.0,1.33,1197.8,1109.26,88.54,0.0
2023-04-19,22,2023-04-19T21:00,bcl,Big Cliff,1.34,0.0,1.34,1199.01,1109.25,89.76,0.0
2023-04-19,23,2023-04-19T22:00,bcl,Big Cliff,1.34,0.0,1.34,1198.38,1109.2,89.18,0.0
2023-04-19,24,2023-04-19T23:00,bcl,Big Cliff,1.34,0.0,1.34,1197.57,1109.27,88.3,0.0
2023-04-20,1,2023-04-20T00:00,bcl,Big Cliff,1.33,0.0,1.33,1196.74,1109.24,87.5,0.0
2023-04-20,2,2023-04-20T01:00,bcl,Big Cliff,1.32,0.0,1.32,1195.88,1109.2,86.68,0.0
2023-04-20,3,2023-04-20T02:00,bcl,Big Cliff,1.32,0.0,1.32,1195.02,1109.22,85.8,0.0
2023-04-20,4,2023-04-20T03:00,bcl,Big Cliff,1.31,0.0,1.31,1194.13,1109.19,84.94,0.0
2023-04-20,5,2023-04-20T04:00,bcl,Big Cliff,1.31,0.0,1.31,1193.24,1109.17,84.07,0.0
2023-04-20,6,2023-04-20T05:00,bcl,Big Cliff,1.31,0.0,1.31,1194.29,1109.19,85.1,0.0
2023-04-20,7,2023-04-20T06:00,bcl,Big Cliff,1.32,0.0,1.32,1195.58,1109.22,86.36,0.0
2023-04-20,8,2023-04-20T07:00,bcl,Big Cliff,1.33,0.0,1.33,1196.83,1109.22,87.61,0.0
2023-04-20,9,2023-04-20T08:00,bcl,Big Cliff,1.33,0.0,1.33,1198.04,1109.26,88.78,0.0
2023-04-20,10,2023-04-20T09:00,bcl,Big Cliff,1.3,0.0,1.3,1199.22,1109.16,90.06,0.0
2023-04-20,11,2023-04-20T10:00,bcl,Big Cliff,1.28,0.0,1.28,1198.61,1109.17,89.44,0.0
2023-04-20,12,2023-04-20T11:00,bcl,Big Cliff,1.28,0.0,1.28,1197.85,1109.16,88.69,0.0
2023-04-20,13,2023-04-20T12:00,bcl,Big Cliff,1.27,0.0,1.27,1197.06,1109.18,87.88,0.0
2023-04-20,14,2023-04-20T13:00,bcl,Big Cliff,1.27,0.0,1.27,1196.26,1109.11,87.15,0.0
2023-04-20,15,2023-04-20T14:00,bcl,Big Cliff,1.27,0.0,1.27,1195.44,1109.09,86.35,0.0
2023-04-20,16,2023-04-20T15:00,bcl,Big Cliff,1.23,0.0,1.23,1194.66,1109.08,85.58,0.0
2023-04-20,17,2023-04-20T16:00,bcl,Big Cliff,1.23,0.0,1.23,1195.75,1109.09,86.66,0.0
2023-04-20,18,2023-04-20T17:00,bcl,Big Cliff,1.24,0.0,1.24,1197.09,1109.14,87.95,0.0
2023-04-20,19,2023-04-20T18:00,bcl,Big Cliff,1.24,0.0,1.24,1198.4,1109.05,89.35,0.0
2023-04-20,20,2023-04-20T19:00,bcl,Big Cliff,1.25,0.0,1.25,1199.67,1109.1,90.57,0.0
2023-04-20,21,2023-04-20T20:00,bcl,Big Cliff,1.26,0.0,1.26,1200.87,1109.1,91.77,0.0
2023-04-20,22,2023-04-20T21:00,bcl,Big Cliff,1.26,0.0,1.26,1200.24,1109.08,91.16,0.0
2023-04-20,23,2023-04-20T22:00,bcl,Big Cliff,1.26,0.0,1.26,1199.56,1109.13,90.43,0.0
2023-04-20,24,2023-04-20T23:00,bcl,Big Cliff,1.26,0.0,1.26,1198.84,1109.08,89.76,0.0
2023-04-21,1,2023-04-21T00:00,bcl,Big Cliff,1.26,0.0,1.26,1198.15,1109.09,89.06,0.0
2023-04-21,2,2023-04-21T01:00,bcl,Big Cliff,1.25,0.0,1.25,1197.45,1109.07,88.38,0.0
2023-04-21,3,2023-04-21T02:00,bcl,Big Cliff,1.25,0.0,1.25,1196.75,1109.07,87.68,0.0
2023-04-21,4,2023-04-21T03:00,bcl,Big Cliff,1.25,0.0,1.25,1196.04,1109.1,86.94,0.0
2023-04-21,5,2023-04-21T04:00,bcl,Big Cliff,1.24,0.0,1.24,1195.32,1109.06,86.26,0.0
2023-04-21,6,2023-04-21T05:00,bcl,Big Cliff,1.24,0.0,1.24,1196.46,1109.06,87.4,0.0
2023-04-21,7,2023-04-21T06:00,bcl,Big Cliff,1.25,0.0,1.25,1197.77,1109.09,88.68,0.0
2023-04-21,8,2023-04-21T07:00,bcl,Big Cliff,1.26,0.0,1.26,1199.03,1109.13,89.9,0.0
2023-04-21,9,2023-04-21T08:00,bcl,Big Cliff,1.26,0.0,1.26,1200.23,1109.1,91.13,0.0
2023-04-21,10,2023-04-21T09:00,bcl,Big Cliff,1.26,0.0,1.26,1201.41,1109.12,92.29,0.0
2023-04-21,11,2023-04-21T10:00,bcl,Big Cliff,1.26,0.0,1.26,1200.84,1109.13,91.71,0.0
2023-04-21,12,2023-04-21T11:00,bcl,Big Cliff,1.26,0.0,1.26,1200.17,1109.15,91.02,0.0
2023-04-21,13,2023-04-21T12:00,bcl,Big Cliff,1.26,0.0,1.26,1199.49,1109.12,90.37,0.0
2023-04-21,14,2023-04-21T13:00,bcl,Big Cliff,1.25,0.0,1.25,1198.81,1109.06,89.75,0.0
2023-04-21,15,2023-04-21T14:00,bcl,Big Cliff,1.25,0.0,1.25,1198.12,1109.07,89.05,0.0
2023-04-21,16,2023-04-21T15:00,bcl,Big Cliff,1.24,0.0,1.24,1197.43,1109.08,88.35,0.0
2023-04-21,17,2023-04-21T16:00,bcl,Big Cliff,1.24,0.0,1.24,1196.71,1109.04,87.67,0.0
2023-04-21,18,2023-04-21T17:00,bcl,Big Cliff,1.34,0.65,0.69,1195.95,1109.16,86.79,4.3
2023-04-21,19,2023-04-21T18:00,bcl,Big Cliff,1.33,1.33,0.0,1197.02,1109.05,87.97,8.9
2023-04-21,20,2023-04-21T19:00,bcl,Big Cliff,1.32,1.32,0.0,1198.32,1109.08,89.24,9.0
2023-04-21,21,2023-04-21T20:00,bcl,Big Cliff,1.28,1.28,0.0,1199.6,1109.03,90.57,8.8
2023-04-21,22,2023-04-21T21:00,bcl,Big Cliff,1.26,1.26,0.0,1199.02,1108.99,90.03,8.7
2023-04-21,23,2023-04-21T22:00,bcl,Big Cliff,1.25,1.25,0.0,1198.32,1109.01,89.31,8.5
2023-04-21,24,2023-04-21T23:00,bcl,Big Cliff,1.25,1.25,0.0,1197.62,1108.97,88.65,8.5
2023-04-22,1,2023-04-22T00:00,bcl,Big Cliff,1.28,1.28,0.0,1196.88,1108.96,87.92,8.6
2023-04-22,2,2023-04-22T01:00,bcl,Big Cliff,1.29,1.29,0.0,1196.11,1109.04,87.07,8.6
2023-04-22,3,2023-04-22T02:00,bcl,Big Cliff,1.28,1.28,0.0,1195.33,1108.99,86.34,8.4
2023-04-22,4,2023-04-22T03:00,bcl,Big Cliff,1.29,1.29,0.0,1194.53,1108.99,85.54,8.4
2023-04-22,5,2023-04-22T04:00,bcl,Big Cliff,1.27,1.27,0.0,1193.74,1109.0,84.74,8.2
2023-04-22,6,2023-04-22T05:00,bcl,Big Cliff,1.29,1.29,0.0,1194.85,1108.99,85.86,8.5
2023-04-22,7,2023-04-22T06:00,bcl,Big Cliff,1.27,1.27,0.0,1196.21,1109.04,87.17,8.4
2023-04-22,8,2023-04-22T07:00,bcl,Big Cliff,1.28,1.28,0.0,1197.53,1109.05,88.48,8.6
2023-04-22,9,2023-04-22T08:00,bcl,Big Cliff,1.29,1.29,0.0,1198.75,1109.04,89.71,8.8
2023-04-22,10,2023-04-22T09:00,bcl,Big Cliff,1.29,1.29,0.0,1199.94,1109.06,90.88,8.9
2023-04-22,11,2023-04-22T10:00,bcl,Big Cliff,1.28,1.28,0.0,1199.35,1109.02,90.33,8.8
2023-04-22,12,2023-04-22T11:00,bcl,Big Cliff,1.29,1.29,0.0,1198.63,1109.06,89.57,8.8
2023-04-22,13,2023-04-22T12:00,bcl,Big Cliff,1.28,1.28,0.0,1197.9,1109.05,88.85,8.7
2023-04-22,14,2023-04-22T13:00,bcl,Big Cliff,1.29,1.29,0.0,1197.18,1108.98,88.2,8.7
2023-04-22,15,2023-04-22T14:00,bcl,Big Cliff,1.29,1.29,0.0,1196.42,1108.96,87.46,8.6
2023-04-22,16,2023-04-22T15:00,bcl,Big Cliff,1.29,1.29,0.0,1195.65,1109.06,86.59,8.5
2023-04-22,17,2023-04-22T16:00,bcl,Big Cliff,1.3,1.3,0.0,1196.7,1109.01,87.69,8.7
2023-04-22,18,2023-04-22T17:00,bcl,Big Cliff,1.31,1.31,0.0,1197.96,1109.13,88.83,8.9
2023-04-22,19,2023-04-22T18:00,bcl,Big Cliff,1.31,1.31,0.0,1199.18,1109.03,90.15,9.0
2023-04-22,20,2023-04-22T19:00,bcl,Big Cliff,1.3,1.3,0.0,1200.38,1109.01,91.37,9.1
2023-04-22,21,2023-04-22T20:00,bcl,Big Cliff,1.29,1.29,0.0,1201.55,1109.07,92.48,9.1
2023-04-22,22,2023-04-22T21:00,bcl,Big Cliff,1.29,1.29,0.0,1200.98,1109.12,91.86,9.0
2023-04-22,23,2023-04-22T22:00,bcl,Big Cliff,1.31,1.31,0.0,1200.32,1109.06,91.26,9.1
2023-04-22,24,2023-04-22T23:00,bcl,Big Cliff,1.3,1.3,0.0,1199.66,1109.07,90.59,9.0
2023-04-23,1,2023-04-23T00:00,bcl,Big Cliff,1.3,1.3,0.0,1198.99,1108.97,90.02,8.9
2023-04-23,2,2023-04-23T01:00,bcl,Big Cliff,1.3,1.3,0.0,1198.34,1108.99,89.35,8.9
2023-04-23,3,2023-04-23T02:00,bcl,Big Cliff,1.28,1.28,0.0,1197.68,1108.96,88.72,8.7
2023-04-23,4,2023-04-23T03:00,bcl,Big Cliff,1.3,1.3,0.0,1197.01,1108.95,88.06,8.7
2023-04-23,5,2023-04-23T04:00,bcl,Big Cliff,1.31,1.31,0.0,1196.32,1108.98,87.34,8.7
2023-04-23,6,2023-04-23T05:00,bcl,Big Cliff,1.29,1.29,0.0,1195.64,1108.99,86.65,8.5
2023-04-23,7,2023-04-23T06:00,bcl,Big Cliff,1.28,1.28,0.0,1196.79,1108.99,87.8,8.6
2023-04-23,8,2023-04-23T07:00,bcl,Big Cliff,1.28,1.28,0.0,1198.11,1109.03,89.08,8.7
2023-04-23,9,2023-04-23T08:00,bcl,Big Cliff,1.32,1.32,0.0,1199.41,1109.06,90.35,9.1
2023-04-23,10,2023-04-23T09:00,bcl,Big Cliff,1.31,1.31,0.0,1200.67,1108.99,91.68,9.2
2023-04-23,11,2023-04-23T10:00,bcl,Big Cliff,1.29,1.29,0.0,1200.17,1108.97,91.2,9.0
2023-04-23,12,2023-04-23T11:00,bcl,Big Cliff,1.32,1.32,0.0,1199.61,1109.05,90.56,9.1
2023-04-23,13,2023-04-23T12:00,bcl,Big Cliff,1.26,1.26,0.0,1199.03,1108.94,90.09,8.7
2023-04-23,14,2023-04-23T13:00,bcl,Big Cliff,1.28,1.28,0.0,1198.48,1108.96,89.52,8.7
2023-04-23,15,2023-04-23T14:00,bcl,Big Cliff,1.26,1.26,0.0,1197.92,1108.99,88.93,8.5
2023-04-23,16,2023-04-23T15:00,bcl,Big Cliff,1.28,1.28,0.0,1197.37,1108.95,88.42,8.6
2023-04-23,17,2023-04-23T16:00,bcl,Big Cliff,1.25,1.25,0.0,1196.82,1108.92,87.9,8.4
2023-04-23,18,2023-04-23T17:00,bcl,Big Cliff,1.33,1.33,0.0,1198.01,1109.02,88.99,9.0
2023-04-23,19,2023-04-23T18:00,bcl,Big Cliff,1.33,1.33,0.0,1199.35,1108.99,90.36,9.2
2023-04-23,20,2023-04-23T19:00,bcl,Big Cliff,1.32,1.32,0.0,1200.64,1109.03,91.61,9.2
2023-04-23,21,2023-04-23T20:00,bcl,Big Cliff,1.32,1.32,0.0,1201.89,1109.02,92.87,9.4
2023-04-23,22,2023-04-23T21:00,bcl,Big Cliff,1.32,1.32,0.0,1201.4,1109.0,92.4,9.3
2023-04-23,23,2023-04-23T22:00,bcl,Big Cliff,1.32,1.32,0.0,1200.85,1109.02,91.83,9.2
2023-04-23,24,2023-04-23T23:00,bcl,Big Cliff,1.31,1.31,0.0,1200.27,1109.07,91.2,9.1
2023-04-24,1,2023-04-24T00:00,bcl,Big Cliff,1.32,1.32,0.0,1199.7,1109.06,90.64,9.1
2023-04-24,2,2023-04-24T01:00,bcl,Big Cliff,1.33,1.33,0.0,1199.08,1109.02,90.06,9.1
2023-04-24,3,2023-04-24T02:00,bcl,Big Cliff,1.3,1.3,0.0,1198.51,1109.02,89.49,8.9
2023-04-24,4,2023-04-24T03:00,bcl,Big Cliff,1.29,1.29,0.0,1197.9,1108.99,88.91,8.8
2023-04-24,5,2023-04-24T04:00,bcl,Big Cliff,1.31,1.31,0.0,1197.28,1109.03,88.25,8.8
2023-04-24,6,2023-04-24T05:00,bcl,Big Cliff,1.32,1.32,0.0,1196.67,1109.01,87.66,8.8
2023-04-24,7,2023-04-24T06:00,bcl,Big Cliff,1.29,1.29,0.0,1197.81,1108.97,88.84,8.7
2023-04-24,8,2023-04-24T07:00,bcl,Big Cliff,1.28,1.28,0.0,1199.13,1108.95,90.18,8.8
2023-04-24,9,2023-04-24T08:00,bcl,Big Cliff,1.3,1.3,0.0,1200.41,1108.99,91.42,9.1
2023-04-24,10,2023-04-24T09:00,bcl,Big Cliff,1.3,1.3,0.0,1201.63,1109.07,92.56,9.2
2023-04-24,11,2023-04-24T10:00,bcl,Big Cliff,1.3,1.3,0.0,1201.1,1108.99,92.11,9.1
2023-04-24,12,2023-04-24T11:00,bcl,Big Cliff,1.28,1.28,0.0,1200.52,1109.0,91.52,8.9
2023-04-24,13,2023-04-24T12:00,bcl,Big Cliff,1.27,1.27,0.0,1199.94,1108.92,91.02,8.8
2023-04-24,14,2023-04-24T13:00,bcl,Big Cliff,1.23,1.23,0.0,1199.36,1108.87,90.49,8.5
2023-04-24,15,2023-04-24T14:00,bcl,Big Cliff,1.3,1.3,0.0,1198.74,1108.97,89.77,8.9
2023-04-24,16,2023-04-24T15:00,bcl,Big Cliff,1.28,1.28,0.0,1198.13,1108.94,89.19,8.7
2023-04-24,17,2023-04-24T16:00,bcl,Big Cliff,1.26,1.26,0.0,1197.53,1108.99,88.54,8.5
2023-04-24,18,2023-04-24T17:00,bcl,Big Cliff,1.27,1.27,0.0,1196.93,1109.0,87.93,8.5
2023-04-24,19,2023-04-24T18:00,bcl,Big Cliff,1.28,1.28,0.0,1198.09,1108.95,89.14,8.7
2023-04-24,20,2023-04-24T19:00,bcl,Big Cliff,1.28,1.28,0.0,1199.46,1108.96,90.5,8.8
2023-04-24,21,2023-04-24T20:00,bcl,Big Cliff,1.26,1.26,0.0,1200.75,1108.87,91.88,8.8
2023-04-24,22,2023-04-24T21:00,bcl,Big Cliff,1.26,1.26,0.0,1200.24,1108.99,91.25,8.8
2023-04-24,23,2023-04-24T22:00,bcl,Big Cliff,1.27,1.27,0.0,1199.65,1109.0,90.65,8.8
2023-04-24,24,2023-04-24T23:00,bcl,Big Cliff,1.26,1.26,0.0,1199.04,1109.0,90.04,8.7
2023-04-25,1,2023-04-25T00:00,bcl,Big Cliff,1.3,1.3,0.0,1198.4,1109.03,89.37,8.9
2023-04-25,2,2023-04-25T01:00,bcl,Big Cliff,1.26,1.26,0.0,1197.77,1108.96,88.81,8.5
2023-04-25,3,2023-04-25T02:00,bcl,Big Cliff,1.27,1.27,0.0,1197.11,1108.99,88.12,8.5
2023-04-25,4,2023-04-25T03:00,bcl,Big Cliff,1.29,1.29,0.0,1196.44,1108.98,87.46,8.6
2023-04-25,5,2023-04-25T04:00,bcl,Big Cliff,1.26,1.26,0.0,1195.75,1108.99,86.76,8.3
2023-04-25,6,2023-04-25T05:00,bcl,Big Cliff,1.29,1.29,0.0,1195.04,1109.0,86.04,8.5
2023-04-25,7,2023-04-25T06:00,bcl,Big Cliff,1.27,1.27,0.0,1196.13,1108.98,87.15,8.4
2023-04-25,8,2023-04-25T07:00,bcl,Big Cliff,1.26,1.26,0.0,1197.42,1109.01,88.41,8.5
2023-04-25,9,2023-04-25T08:00,bcl,Big Cliff,1.28,1.28,0.0,1198.68,1108.97,89.71,8.8
2023-04-25,10,2023-04-25T09:00,bcl,Big Cliff,1.28,1.28,0.0,1199.89,1109.0,90.89,8.9
2023-04-25,11,2023-04-25T10:00,bcl,Big Cliff,1.28,1.28,0.0,1199.34,1108.99,90.35,8.8
2023-04-25,12,2023-04-25T11:00,bcl,Big Cliff,1.3,1.3,0.0,1198.69,1109.04,89.65,8.9
2023-04-25,13,2023-04-25T12:00,bcl,Big Cliff,1.31,1.31,0.0,1197.97,1109.06,88.91,8.9
2023-04-25,14,2023-04-25T13:00,bcl,Big Cliff,1.3,1.3,0.0,1197.29,1108.99,88.3,8.8
2023-04-25,15,2023-04-25T14:00,bcl,Big Cliff,1.28,1.28,0.0,1196.59,1109.0,87.59,8.6
2023-04-25,16,2023-04-25T15:00,bcl,Big Cliff,1.3,1.3,0.0,1195.85,1109.03,86.82,8.6
2023-04-25,17,2023-04-25T16:00,bcl,Big Cliff,1.3,1.3,0.0,1195.11,1108.94,86.17,8.5
2023-04-25,18,2023-04-25T17:00,bcl,Big Cliff,1.34,1.34,0.0,1196.17,1109.09,87.08,8.9
2023-04-25,19,2023-04-25T18:00,bcl,Big Cliff,1.32,1.32,0.0,1197.42,1109.09,88.33,8.9
2023-04-25,20,2023-04-25T19:00,bcl,Big Cliff,1.32,1.32,0.0,1198.65,1109.04,89.61,9.0
2023-04-25,21,2023-04-25T20:00,bcl,Big Cliff,1.31,1.31,0.0,1199.86,1109.03,90.83,9.1
2023-04-25,22,2023-04-25T21:00,bcl,Big Cliff,1.31,1.31,0.0,1199.31,1109.04,90.27,9.0
2023-04-25,23,2023-04-25T22:00,bcl,Big Cliff,1.33,1.33,0.0,1198.65,1109.08,89.57,9.1
2023-04-25,24,2023-04-25T23:00,bcl,Big Cliff,1.31,1.31,0.0,1197.97,1109.04,88.93,8.9
2023-04-26,1,2023-04-26T00:00,bcl,Big Cliff,1.3,1.3,0.0,1197.29,1109.04,88.25,8.8
2023-04-26,2,2023-04-26T01:00,bcl,Big Cliff,1.29,1.29,0.0,1196.6,1109.07,87.53,8.6
2023-04-26,3,2023-04-26T02:00,bcl,Big Cliff,1.3,1.3,0.0,1195.89,1109.0,86.89,8.6
2023-04-26,4,2023-04-26T03:00,bcl,Big Cliff,1.3,1.3,0.0,1195.17,1108.99,86.18,8.5
2023-04-26,5,2023-04-26T04:00,bcl,Big Cliff,1.3,1.3,0.0,1194.44,1109.01,85.43,8.5
2023-04-26,6,2023-04-26T05:00,bcl,Big Cliff,1.3,1.3,0.0,1195.5,1108.98,86.52,8.6
2023-04-26,7,2023-04-26T06:00,bcl,Big Cliff,1.29,1.29,0.0,1196.78,1108.99,87.79,8.6
2023-04-26,8,2023-04-26T07:00,bcl,Big Cliff,1.29,1.29,0.0,1198.02,1109.06,88.96,8.8
2023-04-26,9,2023-04-26T08:00,bcl,Big Cliff,1.32,1.32,0.0,1199.21,1109.06,90.15,9.1
2023-04-26,10,2023-04-26T09:00,bcl,Big Cliff,1.32,1.32,0.0,1200.37,1109.12,91.25,9.2
2023-04-26,11,2023-04-26T10:00,bcl,Big Cliff,1.31,1.31,0.0,1199.82,1109.01,90.81,9.1
2023-04-26,12,2023-04-26T11:00,bcl,Big Cliff,1.31,1.31,0.0,1199.13,1109.02,90.11,9.0
2023-04-26,13,2023-04-26T12:00,bcl,Big Cliff,1.28,1.28,0.0,1198.46,1108.99,89.47,8.7
2023-04-26,14,2023-04-26T13:00,bcl,Big Cliff,1.32,1.32,0.0,1197.77,1109.02,88.75,8.9
2023-04-26,15,2023-04-26T14:00,bcl,Big Cliff,1.3,1.3,0.0,1197.09,1109.03,88.06,8.7
2023-04-26,16,2023-04-26T15:00,bcl,Big Cliff,1.3,1.3,0.0,1196.39,1109.04,87.35,8.7
2023-04-26,17,2023-04-26T16:00,bcl,Big Cliff,1.3,1.3,0.0,1197.47,1109.06,88.41,8.8
2023-04-26,18,2023-04-26T17:00,bcl,Big Cliff,1.34,1.34,0.0,1198.77,1109.06,89.71,9.2
2023-04-26,19,2023-04-26T18:00,bcl,Big Cliff,1.35,1.35,0.0,1200.04,1109.06,90.98,9.4
2023-04-26,20,2023-04-26T19:00,bcl,Big Cliff,1.33,1.33,0.0,1201.25,1109.1,92.15,9.4
2023-04-26,21,2023-04-26T20:00,bcl,Big Cliff,1.31,1.31,0.0,1200.76,1109.02,91.74,9.2
2023-04-26,22,2023-04-26T21:00,bcl,Big Cliff,1.32,1.32,0.0,1200.15,1109.03,91.12,9.2
2023-04-26,23,2023-04-26T22:00,bcl,Big Cliff,1.32,1.32,0.0,1199.55,1109.07,90.48,9.1
2023-04-26,24,2023-04-26T23:00,bcl,Big Cliff,1.33,1.33,0.0,1198.93,1109.08,89.85,9.1
2023-04-27,1,2023-04-27T00:00,bcl,Big Cliff,1.31,1.31,0.0,1198.31,1109.06,89.25,8.9
2023-04-27,2,2023-04-27T01:00,bcl,Big Cliff,1.31,1.31,0.0,1197.7,1108.99,88.71,8.9
2023-04-27,3,2023-04-27T02:00,bcl,Big Cliff,1.32,1.32,0.0,1197.06,1108.97,88.09,8.9
2023-04-27,4,2023-04-27T03:00,bcl,Big Cliff,1.31,1.31,0.0,1196.42,1109.03,87.39,8.7
2023-04-27,5,2023-04-27T04:00,bcl,Big Cliff,1.31,1.31,0.0,1195.76,1109.02,86.74,8.7
2023-04-27,6,2023-04-27T05:00,bcl,Big Cliff,1.32,1.32,0.0,1195.08,1109.04,86.04,8.7
2023-04-27,7,2023-04-27T06:00,bcl,Big Cliff,1.27,1.27,0.0,1196.15,1109.05,87.1,8.4
2023-04-27,8,2023-04-27T07:00,bcl,Big Cliff,1.3,1.3,0.0,1197.46,1108.96,88.5,8.8
2023-04-27,9,2023-04-27T08:00,bcl,Big Cliff,1.3,1.3,0.0,1198.71,1109.0,89.71,8.9
2023-04-27,10,2023-04-27T09:00,bcl,Big Cliff,1.33,1.33,0.0,1199.95,1109.01,90.94,9.2
2023-04-27,11,2023-04-27T10:00,bcl,Big Cliff,1.32,1.32,0.0,1199.46,1109.0,90.46,9.1
2023-04-27,12,2023-04-27T11:00,bcl,Big Cliff,1.3,1.3,0.0,1198.83,1109.06,89.77,8.9
2023-04-27,13,2023-04-27T12:00,bcl,Big Cliff,1.35,1.35,0.0,1198.16,1109.04,89.12,9.2
2023-04-27,14,2023-04-27T13:00,bcl,Big Cliff,1.32,1.32,0.0,1197.52,1109.06,88.46,8.9
2023-04-27,15,2023-04-27T14:00,bcl,Big Cliff,1.32,1.32,0.0,1196.87,1109.08,87.79,8.8
2023-04-27,16,2023-04-27T15:00,bcl,Big Cliff,1.32,1.32,0.0,1196.21,1109.03,87.18,8.8
2023-04-27,17,2023-04-27T16:00,bcl,Big Cliff,1.33,1.33,0.0,1197.27,1109.06,88.21,9.0
2023-04-27,18,2023-04-27T17:00,bcl,Big Cliff,1.36,1.36,0.0,1198.55,1109.09,89.46,9.3
2023-04-27,19,2023-04-27T18:00,bcl,Big Cliff,1.34,1.34,0.0,1199.82,1109.1,90.72,9.3
2023-04-27,20,2023-04-27T19:00,bcl,Big Cliff,1.34,1.34,0.0,1201.04,1109.09,91.95,9.4
2023-04-27,21,2023-04-27T20:00,bcl,Big Cliff,1.33,1.33,0.0,1200.58,1109.0,91.58,9.3
2023-04-27,22,2023-04-27T21:00,bcl,Big Cliff,1.33,1.33,0.0,1200.03,1109.01,91.02,9.2
2023-04-27,23,2023-04-27T22:00,bcl,Big Cliff,1.32,1.32,0.0,1199.47,1109.04,90.43,9.1
2023-04-27,24,2023-04-27T23:00,bcl,Big Cliff,1.31,1.31,0.0,1198.92,1109.0,89.92,9.0
2023-04-28,1,2023-04-28T00:00,bcl,Big Cliff,1.35,1.35,0.0,1198.33,1109.04,89.29,9.2
2023-04-28,2,2023-04-28T01:00,bcl,Big Cliff,1.3,1.3,0.0,1197.78,1109.01,88.77,8.8
2023-04-28,3,2023-04-28T02:00,bcl,Big Cliff,1.32,1.32,0.0,1197.19,1108.99,88.2,8.9
2023-04-28,4,2023-04-28T03:00,bcl,Big Cliff,1.32,1.32,0.0,1196.59,1109.0,87.59,8.8
2023-04-28,5,2023-04-28T04:00,bcl,Big Cliff,1.31,1.31,0.0,1195.99,1108.98,87.01,8.7
2023-04-28,6,2023-04-28T05:00,bcl,Big Cliff,1.32,1.32,0.0,1197.06,1109.02,88.04,8.9
2023-04-28,7,2023-04-28T06:00,bcl,Big Cliff,1.31,1.31,0.0,1198.37,1109.0,89.37,8.9
2023-04-28,8,2023-04-28T07:00,bcl,Big Cliff,1.31,1.31,0.0,1199.63,1108.99,90.64,9.1
2023-04-28,9,2023-04-28T08:00,bcl,Big Cliff,1.34,1.34,0.0,1200.84,1109.02,91.82,9.4
2023-04-28,10,2023-04-28T09:00,bcl,Big Cliff,1.33,1.33,0.0,1200.35,1109.03,91.32,9.3
2023-04-28,11,2023-04-28T10:00,bcl,Big Cliff,1.33,1.33,0.0,1199.78,1108.98,90.8,9.2
2023-04-28,12,2023-04-28T11:00,bcl,Big Cliff,1.32,1.32,0.0,1199.17,1109.06,90.11,9.1
2023-04-28,13,2023-04-28T12:00,bcl,Big Cliff,1.31,1.31,0.0,1198.59,1109.02,89.57,9.0
2023-04-28,14,2023-04-28T13:00,bcl,Big Cliff,1.33,1.33,0.0,1198.02,1109.01,89.01,9.0
2023-04-28,15,2023-04-28T14:00,bcl,Big Cliff,1.33,1.33,0.0,1197.45,1109.02,88.43,9.0
2023-04-28,16,2023-04-28T15:00,bcl,Big Cliff,1.33,1.33,0.0,1196.9,1109.07,87.83,8.9
2023-04-28,17,2023-04-28T16:00,bcl,Big Cliff,1.34,1.34,0.0,1198.07,1109.08,88.99,9.1
2023-04-28,18,2023-04-28T17:00,bcl,Big Cliff,1.36,1.36,0.0,1199.42,1109.04,90.38,9.4
2023-04-28,19,2023-04-28T18:00,bcl,Big Cliff,1.36,1.36,0.0,1200.72,1109.08,91.64,9.5
2023-04-28,20,2023-04-28T19:00,bcl,Big Cliff,1.36,1.36,0.0,1201.97,1109.07,92.9,9.6
2023-04-28,21,2023-04-28T20:00,bcl,Big Cliff,1.36,1.36,0.0,1201.59,1109.04,92.55,9.6
2023-04-28,22,2023-04-28T21:00,bcl,Big Cliff,1.35,1.35,0.0,1201.11,1109.06,92.05,9.5
2023-04-28,23,2023-04-28T22:00,bcl,Big Cliff,1.34,1.34,0.0,1200.63,1109.05,91.58,9.4
2023-04-28,24,2023-04-28T23:00,bcl,Big Cliff,1.32,1.32,0.0,1200.15,1109.06,91.09,9.2
2023-04-29,1,2023-04-29T00:00,bcl,Big Cliff,1.31,1.31,0.0,1199.67,1108.95,90.72,9.1
2023-04-29,2,2023-04-29T01:00,bcl,Big Cliff,1.33,1.33,0.0,1199.16,1109.06,90.1,9.1
2023-04-29,3,2023-04-29T02:00,bcl,Big Cliff,1.31,1.31,0.0,1198.65,1109.01,89.64,9.0
2023-04-29,4,2023-04-29T03:00,bcl,Big Cliff,1.3,1.3,0.0,1198.15,1108.95,89.2,8.8
2023-04-29,5,2023-04-29T04:00,bcl,Big Cliff,1.3,1.3,0.0,1197.65,1108.95,88.7,8.8
2023-04-29,6,2023-04-29T05:00,bcl,Big Cliff,1.27,1.27,0.0,1197.14,1108.93,88.21,8.5
2023-04-29,7,2023-04-29T06:00,bcl,Big Cliff,1.31,1.31,0.0,1196.61,1108.95,87.66,8.8
2023-04-29,8,2023-04-29T07:00,bcl,Big Cliff,1.26,1.26,0.0,1197.78,1108.94,88.84,8.5
2023-04-29,9,2023-04-29T08:00,bcl,Big Cliff,1.29,1.29,0.0,1199.11,1108.96,90.15,8.9
2023-04-29,10,2023-04-29T09:00,bcl,Big Cliff,1.3,1.3,0.0,1200.38,1109.03,91.35,9.1
2023-04-29,11,2023-04-29T10:00,bcl,Big Cliff,1.3,1.3,0.0,1199.94,1109.04,90.9,9.0
2023-04-29,12,2023-04-29T11:00,bcl,Big Cliff,1.28,1.28,0.0,1199.41,1108.95,90.46,8.8
2023-04-29,13,2023-04-29T12:00,bcl,Big Cliff,1.3,1.3,0.0,1198.85,1109.01,89.84,8.9
2023-04-29,14,2023-04-29T13:00,bcl,Big Cliff,1.3,1.3,0.0,1198.29,1108.95,89.34,8.9
2023-04-29,15,2023-04-29T14:00,bcl,Big Cliff,1.3,1.3,0.0,1197.72,1108.97,88.75,8.8
2023-04-29,16,2023-04-29T15:00,bcl,Big Cliff,1.31,1.31,0.0,1197.18,1109.03,88.15,8.8
2023-04-29,17,2023-04-29T16:00,bcl,Big Cliff,1.3,1.3,0.0,1196.62,1109.0,87.62,8.7
2023-04-29,18,2023-04-29T17:00,bcl,Big Cliff,1.32,1.32,0.0,1197.77,1108.92,88.85,8.9
2023-04-29,19,2023-04-29T18:00,bcl,Big Cliff,1.29,1.29,0.0,1199.15,1108.96,90.19,8.9
2023-04-29,20,2023-04-29T19:00,bcl,Big Cliff,1.3,1.3,0.0,1200.49,1108.95,91.54,9.1
2023-04-29,21,2023-04-29T20:00,bcl,Big Cliff,1.31,1.31,0.0,1200.11,1109.01,91.1,9.1
2023-04-29,22,2023-04-29T21:00,bcl,Big Cliff,1.31,1.31,0.0,1199.62,1109.02,90.6,9.1
2023-04-29,23,2023-04-29T22:00,bcl,Big Cliff,1.29,1.29,0.0,1199.1,1108.97,90.13,8.9
2023-04-29,24,2023-04-29T23:00,bcl,Big Cliff,1.29,1.29,0.0,1198.59,1108.95,89.64,8.8
2023-04-30,1,2023-04-30T00:00,bcl,Big Cliff,1.28,1.28,0.0,1198.08,1108.94,89.14,8.7
2023-04-30,2,2023-04-30T01:00,bcl,Big Cliff,1.28,1.28,0.0,1197.54,1108.98,88.56,8.6
2023-04-30,3,2023-04-30T02:00,bcl,Big Cliff,1.3,1.3,0.0,1197.01,1108.95,88.06,8.7
2023-04-30,4,2023-04-30T03:00,bcl,Big Cliff,1.29,1.29,0.0,1196.42,1108.96,87.46,8.6
2023-04-30,5,2023-04-30T04:00,bcl,Big Cliff,1.29,1.29,0.0,1195.84,1108.94,86.9,8.6
2023-04-30,6,2023-04-30T05:00,bcl,Big Cliff,1.28,1.28,0.0,1196.94,1108.96,87.98,8.6
2023-04-30,7,2023-04-30T06:00,bcl,Big Cliff,1.28,1.28,0.0,1198.23,1108.92,89.31,8.7
2023-04-30,8,2023-04-30T07:00,bcl,Big Cliff,1.3,1.3,0.0,1199.48,1109.0,90.48,9.0
2023-04-30,9,2023-04-30T08:00,bcl,Big Cliff,1.31,1.31,0.0,1200.65,1108.97,91.68,9.2
2023-04-30,10,2023-04-30T09:00,bcl,Big Cliff,1.3,1.3,0.0,1201.8,1108.99,92.81,9.2
2023-04-30,11,2023-04-30T10:00,bcl,Big Cliff,1.32,1.32,0.0,1201.29,1109.02,92.27,9.3
2023-04-30,12,2023-04-30T11:00,bcl,Big Cliff,1.3,1.3,0.0,1200.71,1109.01,91.7,9.1
2023-04-30,13,2023-04-30T12:00,bcl,Big Cliff,1.35,1.35,0.0,1200.07,1109.02,91.05,9.4
2023-04-30,14,2023-04-30T13:00,bcl,Big Cliff,1.36,1.36,0.0,1199.43,1109.07,90.36,9.4
2023-04-30,15,2023-04-30T14:00,bcl,Big Cliff,1.37,1.37,0.0,1198.76,1109.09,89.67,9.4
2023-04-30,16,2023-04-30T15:00,bcl,Big Cliff,1.35,1.35,0.0,1198.1,1109.0,89.1,9.2
2023-04-30,17,2023-04-30T16:00,bcl,Big Cliff,1.34,1.34,0.0,1197.45,1109.01,88.44,9.0
2023-04-30,18,2023-04-30T17:00,bcl,Big Cliff,1.36,1.36,0.0,1198.45,1109.1,89.35,9.3
2023-04-30,19,2023-04-30T18:00,bcl,Big Cliff,1.32,1.32,0.0,1199.66,1108.99,90.67,9.1
2023-04-30,20,2023-04-30T19:00,bcl,Big Cliff,1.32,1.32,0.0,1200.81,1109.0,91.81,9.2
2023-04-30,21,2023-04-30T20:00,bcl,Big Cliff,1.34,1.34,0.0,1200.25,1109.07,91.18,9.3
2023-04-30,22,2023-04-30T21:00,bcl,Big Cliff,1.3,1.3,0.0,1199.62,1109.03,90.59,9.0
2023-04-30,23,2023-04-30T22:00,bcl,Big Cliff,1.31,1.31,0.0,1198.95,1109.05,89.9,9.0
2023-04-30,24,2023-04-30T23:00,bcl,Big Cliff,1.32,1.32,0.0,1198.28,1109.07,89.21,9.0
2023-05-01,1,2023-05-01T00:00,bcl,Big Cliff,1.27,1.27,0.0,1197.61,1109.0,88.61,8.6
2023-05-01,2,2023-05-01T01:00,bcl,Big Cliff,1.28,1.28,0.0,1196.94,1109.0,87.94,8.6
2023-05-01,3,2023-05-01T02:00,bcl,Big Cliff,1.28,1.28,0.0,1196.23,1108.97,87.26,8.5
2023-05-01,4,2023-05-01T03:00,bcl,Big Cliff,1.29,1.29,0.0,1195.52,1108.98,86.54,8.5
2023-05-01,5,2023-05-01T04:00,bcl,Big Cliff,1.29,1.29,0.0,1194.81,1108.93,85.88,8.5
2023-05-01,6,2023-05-01T05:00,bcl,Big Cliff,1.3,1.3,0.0,1195.8,1108.92,86.88,8.6
2023-05-01,7,2023-05-01T06:00,bcl,Big Cliff,1.27,1.27,0.0,1197.05,1108.97,88.08,8.5
2023-05-01,8,2023-05-01T07:00,bcl,Big Cliff,1.29,1.29,0.0,1198.27,1109.06,89.21,8.8
2023-05-01,9,2023-05-01T08:00,bcl,Big Cliff,1.27,1.27,0.0,1199.46,1108.98,90.48,8.8
2023-05-01,10,2023-05-01T09:00,bcl,Big Cliff,1.3,1.3,0.0,1200.58,1109.03,91.55,9.1
2023-05-01,11,2023-05-01T10:00,bcl,Big Cliff,1.3,1.3,0.0,1200.02,1109.02,91.0,9.0
2023-05-01,12,2023-05-01T11:00,bcl,Big Cliff,1.31,1.31,0.0,1199.34,1109.0,90.34,9.0
2023-05-01,13,2023-05-01T12:00,bcl,Big Cliff,1.35,1.35,0.0,1198.64,1109.12,89.52,9.2
2023-05-01,14,2023-05-01T13:00,bcl,Big Cliff,1.36,1.36,0.0,1197.91,1109.09,88.82,9.2
2023-05-01,15,2023-05-01T14:00,bcl,Big Cliff,1.34,1.34,0.0,1197.17,1109.06,88.11,9.0
2023-05-01,16,2023-05-01T15:00,bcl,Big Cliff,1.33,1.33,0.0,1196.4,1109.07,87.33,8.9
2023-05-01,17,2023-05-01T16:00,bcl,Big Cliff,1.33,0.59,0.74,1195.63,1109.07,86.56,3.9
2023-05-01,18,2023-05-01T17:00,bcl,Big Cliff,1.45,0.72,0.73,1194.98,1109.23,85.75,4.7
2023-05-01,19,2023-05-01T18:00,bcl,Big Cliff,1.44,0.0,1.44,1194.12,1109.25,84.87,0.0
2023-05-01,20,2023-05-01T19:00,bcl,Big Cliff,1.56,0.0,1.56,1193.13,1109.5,83.63,0.0
2023-05-01,21,2023-05-01T20:00,bcl,Big Cliff,1.46,0.74,0.72,1193.56,1109.35,84.21,4.8
2023-05-01,22,2023-05-01T21:00,bcl,Big Cliff,1.51,1.08,0.43,1193.75,1109.26,84.49,7.0
2023-05-01,23,2023-05-01T22:00,bcl,Big Cliff,1.56,1.56,0.0,1193.48,1109.41,84.07,10.0
2023-05-01,24,2023-05-01T23:00,bcl,Big Cliff,1.57,1.57,0.0,1193.38,1109.4,83.98,10.1
2023-05-02,1,2023-05-02T00:00,bcl,Big Cliff,1.57,1.57,0.0,1193.31,1109.44,83.87,10.0
2023-05-02,2,2023-05-02T01:00,bcl,Big Cliff,1.57,1.57,0.0,1193.23,1109.43,83.8,10.0
2023-05-02,3,2023-05-02T02:00,bcl,Big Cliff,1.57,1.57,0.0,1193.26,1109.43,83.83,10.0
2023-05-02,4,2023-05-02T03:00,bcl,Big Cliff,1.57,1.57,0.0,1193.29,1109.42,83.87,10.0
2023-05-02,5,2023-05-02T04:00,bcl,Big Cliff,1.57,1.57,0.0,1193.34,1109.43,83.91,10.1
2023-05-02,6,2023-05-02T05:00,bcl,Big Cliff,1.58,1.58,0.0,1193.41,1109.42,83.99,10.1
2023-05-02,7,2023-05-02T06:00,bcl,Big Cliff,1.58,1.58,0.0,1194.88,1109.44,85.44,10.3
2023-05-02,8,2023-05-02T07:00,bcl,Big Cliff,1.57,1.57,0.0,1195.83,1109.46,86.37,10.3
2023-05-02,9,2023-05-02T08:00,bcl,Big Cliff,1.57,1.57,0.0,1196.8,1109.46,87.34,10.5
2023-05-02,10,2023-05-02T09:00,bcl,Big Cliff,1.58,1.58,0.0,1197.74,1109.44,88.3,10.6
2023-05-02,11,2023-05-02T10:00,bcl,Big Cliff,1.6,1.6,0.0,1198.63,1109.48,89.15,10.9
2023-05-02,12,2023-05-02T11:00,bcl,Big Cliff,1.6,1.6,0.0,1197.89,1109.46,88.43,10.8
2023-05-02,13,2023-05-02T12:00,bcl,Big Cliff,1.58,1.58,0.0,1196.93,1109.45,87.48,10.5
2023-05-02,14,2023-05-02T13:00,bcl,Big Cliff,1.58,1.58,0.0,1195.93,1109.44,86.49,10.4
2023-05-02,15,2023-05-02T14:00,bcl,Big Cliff,1.58,1.58,0.0,1194.93,1109.37,85.56,10.3
2023-05-02,16,2023-05-02T15:00,bcl,Big Cliff,1.53,1.53,0.0,1193.91,1109.39,84.52,9.9
2023-05-02,17,2023-05-02T16:00,bcl,Big Cliff,1.57,1.57,0.0,1194.61,1109.4,85.21,10.2
2023-05-02,18,2023-05-02T17:00,bcl,Big Cliff,1.58,1.58,0.0,1195.59,1109.46,86.13,10.4
2023-05-02,19,2023-05-02T18:00,bcl,Big Cliff,1.58,1.58,0.0,1196.56,1109.44,87.12,10.5
2023-05-02,20,2023-05-02T19:00,bcl,Big Cliff,1.57,1.57,0.0,1197.49,1109.44,88.05,10.5
2023-05-02,21,2023-05-02T20:00,bcl,Big Cliff,1.58,1.58,0.0,1197.26,1109.44,87.82,10.6
2023-05-02,22,2023-05-02T21:00,bcl,Big Cliff,1.59,1.59,0.0,1197.06,1109.42,87.64,10.6
2023-05-02,23,2023-05-02T22:00,bcl,Big Cliff,1.57,1.57,0.0,1196.75,1109.45,87.3,10.5
2023-05-02,24,2023-05-02T23:00,bcl,Big Cliff,1.57,1.57,0.0,1196.44,1109.44,87.0,10.4
2023-05-03,1,2023-05-03T00:00,bcl,Big Cliff,1.58,1.58,0.0,1196.12,1109.45,86.67,10.4
2023-05-03,2,2023-05-03T01:00,bcl,Big Cliff,1.58,1.58,0.0,1195.82,1109.45,86.37,10.4
2023-05-03,3,2023-05-03T02:00,bcl,Big Cliff,1.57,1.57,0.0,1195.52,1109.43,86.09,10.3
2023-05-03,4,2023-05-03T03:00,bcl,Big Cliff,1.58,1.58,0.0,1195.21,1109.43,85.78,10.3
2023-05-03,5,2023-05-03T04:00,bcl,Big Cliff,1.57,1.57,0.0,1194.93,1109.43,85.5,10.2
2023-05-03,6,2023-05-03T05:00,bcl,Big Cliff,1.57,1.57,0.0,1194.09,1109.4,84.69,10.1
2023-05-03,7,2023-05-03T06:00,bcl,Big Cliff,1.56,1.56,0.0,1194.81,1109.42,85.39,10.2
2023-05-03,8,2023-05-03T07:00,bcl,Big Cliff,1.56,1.56,0.0,1195.79,1109.43,86.36,10.3
2023-05-03,9,2023-05-03T08:00,bcl,Big Cliff,1.57,1.57,0.0,1196.75,1109.45,87.3,10.5
2023-05-03,10,2023-05-03T09:00,bcl,Big Cliff,1.58,1.58,0.0,1197.69,1109.44,88.25,10.6
2023-05-03,11,2023-05-03T10:00,bcl,Big Cliff,1.59,1.59,0.0,1198.59,1109.49,89.1,10.8
2023-05-03,12,2023-05-03T11:00,bcl,Big Cliff,1.6,1.6,0.0,1199.5,1109.49,90.01,11.0
2023-05-03,13,2023-05-03T12:00,bcl,Big Cliff,1.6,1.6,0.0,1200.35,1109.46,90.89,11.1
2023-05-03,14,2023-05-03T13:00,bcl,Big Cliff,1.61,1.61,0.0,1199.57,1109.49,90.08,11.1
2023-05-03,15,2023-05-03T14:00,bcl,Big Cliff,1.6,1.6,0.0,1198.65,1109.5,89.15,10.9
2023-05-03,16,2023-05-03T15:00,bcl,Big Cliff,1.6,1.6,0.0,1197.74,1109.48,88.26,10.8
2023-05-03,17,2023-05-03T16:00,bcl,Big Cliff,1.57,1.57,0.0,1196.85,1109.41,87.44,10.5
2023-05-03,18,2023-05-03T17:00,bcl,Big Cliff,1.59,1.59,0.0,1197.56,1109.48,88.08,10.7
2023-05-03,19,2023-05-03T18:00,bcl,Big Cliff,1.58,1.58,0.0,1198.43,1109.4,89.03,10.7
2023-05-03,20,2023-05-03T19:00,bcl,Big Cliff,1.6,1.6,0.0,1199.32,1109.42,89.9,11.0
2023-05-03,21,2023-05-03T20:00,bcl,Big Cliff,1.59,1.59,0.0,1199.23,1109.41,89.82,10.9
2023-05-03,22,2023-05-03T21:00,bcl,Big Cliff,1.58,1.58,0.0,1199.03,1109.46,89.57,10.8
2023-05-03,23,2023-05-03T22:00,bcl,Big Cliff,1.56,1.56,0.0,1198.16,1109.41,88.75,10.6
2023-05-03,24,2023-05-03T23:00,bcl,Big Cliff,1.58,1.58,0.0,1197.26,1109.42,87.84,10.6
2023-05-04,1,2023-05-04T00:00,bcl,Big Cliff,1.57,1.57,0.0,1196.34,1109.42,86.92,10.4
2023-05-04,2,2023-05-04T01:00,bcl,Big Cliff,1.57,1.57,0.0,1195.38,1109.4,85.98,10.3
2023-05-04,3,2023-05-04T02:00,bcl,Big Cliff,1.56,1.56,0.0,1194.42,1109.39,85.03,10.1
2023-05-04,4,2023-05-04T03:00,bcl,Big Cliff,1.53,1.53,0.0,1193.46,1109.39,84.07,9.8
2023-05-04,5,2023-05-04T04:00,bcl,Big Cliff,1.53,1.53,0.0,1192.56,1109.38,83.18,9.7
2023-05-04,6,2023-05-04T05:00,bcl,Big Cliff,1.56,1.56,0.0,1192.41,1109.37,83.04,9.9
2023-05-04,7,2023-05-04T06:00,bcl,Big Cliff,1.56,1.56,0.0,1193.34,1109.41,83.93,10.0
2023-05-04,8,2023-05-04T07:00,bcl,Big Cliff,1.53,1.53,0.0,1194.38,1109.4,84.98,9.9
2023-05-04,9,2023-05-04T08:00,bcl,Big Cliff,1.6,1.6,0.0,1195.38,1109.44,85.94,10.5
2023-05-04,10,2023-05-04T09:00,bcl,Big Cliff,1.6,1.6,0.0,1196.36,1109.47,86.89,10.6
2023-05-04,11,2023-05-04T10:00,bcl,Big Cliff,1.63,1.63,0.0,1197.31,1109.49,87.82,10.9
2023-05-04,12,2023-05-04T11:00,bcl,Big Cliff,1.61,1.61,0.0,1198.26,1109.5,88.76,10.9
2023-05-04,13,2023-05-04T12:00,bcl,Big Cliff,1.61,1.61,0.0,1199.17,1109.48,89.69,11.0
2023-05-04,14,2023-05-04T13:00,bcl,Big Cliff,1.61,1.61,0.0,1198.43,1109.46,88.97,10.9
2023-05-04,15,2023-05-04T14:00,bcl,Big Cliff,1.6,1.6,0.0,1197.51,1109.49,88.02,10.7
2023-05-04,16,2023-05-04T15:00,bcl,Big Cliff,1.61,1.61,0.0,1196.58,1109.48,87.1,10.7
2023-05-04,17,2023-05-04T16:00,bcl,Big Cliff,1.6,1.6,0.0,1195.62,1109.51,86.11,10.5
2023-05-04,18,2023-05-04T17:00,bcl,Big Cliff,1.61,1.61,0.0,1196.36,1109.53,86.83,10.7
2023-05-04,19,2023-05-04T18:00,bcl,Big Cliff,1.63,1.63,0.0,1197.3,1109.53,87.77,10.9
2023-05-04,20,2023-05-04T19:00,bcl,Big Cliff,1.63,1.63,0.0,1198.22,1109.5,88.72,11.0
2023-05-04,21,2023-05-04T20:00,bcl,Big Cliff,1.63,1.63,0.0,1198.19,1109.55,88.64,11.0
2023-05-04,22,2023-05-04T21:00,bcl,Big Cliff,1.6,1.6,0.0,1198.07,1109.54,88.53,10.8
2023-05-04,23,2023-05-04T22:00,bcl,Big Cliff,1.6,1.6,0.0,1197.95,1109.47,88.48,10.8
2023-05-04,24,2023-05-04T23:00,bcl,Big Cliff,1.61,1.61,0.0,1197.83,1109.49,88.34,10.9
2023-05-05,1,2023-05-05T00:00,bcl,Big Cliff,1.6,1.6,0.0,1196.96,1109.5,87.46,10.7
2023-05-05,2,2023-05-05T01:00,bcl,Big Cliff,1.6,1.6,0.0,1196.01,1109.5,86.51,10.6
2023-05-05,3,2023-05-05T02:00,bcl,Big Cliff,1.63,1.63,0.0,1195.02,1109.53,85.49,10.6
2023-05-05,4,2023-05-05T03:00,bcl,Big Cliff,1.66,1.66,0.0,1193.97,1109.63,84.34,10.7
2023-05-05,5,2023-05-05T04:00,bcl,Big Cliff,1.66,1.66,0.0,1192.88,1109.58,83.3,10.6
2023-05-05,6,2023-05-05T05:00,bcl,Big Cliff,1.65,1.65,0.0,1191.77,1109.54,82.23,10.4
2023-05-05,7,2023-05-05T06:00,bcl,Big Cliff,1.65,1.65,0.0,1190.65,1109.56,81.09,10.2
2023-05-05,8,2023-05-05T07:00,bcl,Big Cliff,1.63,1.63,0.0,1191.35,1109.54,81.81,10.2
2023-05-05,9,2023-05-05T08:00,bcl,Big Cliff,1.65,1.65,0.0,1192.33,1109.61,82.72,10.4
2023-05-05,10,2023-05-05T09:00,bcl,Big Cliff,1.66,1.66,0.0,1193.28,1109.56,83.72,10.6
2023-05-05,11,2023-05-05T10:00,bcl,Big Cliff,1.65,1.65,0.0,1194.2,1109.56,84.64,10.7
2023-05-05,12,2023-05-05T11:00,bcl,Big Cliff,1.66,1.66,0.0,1195.11,1109.62,85.49,10.8
2023-05-05,13,2023-05-05T12:00,bcl,Big Cliff,1.66,1.66,0.0,1195.99,1109.57,86.42,10.9
2023-05-05,14,2023-05-05T13:00,bcl,Big Cliff,1.65,1.65,0.0,1195.21,1109.58,85.63,10.8
2023-05-05,15,2023-05-05T14:00,bcl,Big Cliff,1.66,1.66,0.0,1194.16,1109.59,84.57,10.7
2023-05-05,16,2023-05-05T15:00,bcl,Big Cliff,1.65,1.65,0.0,1193.06,1109.58,83.48,10.5
2023-05-05,17,2023-05-05T16:00,bcl,Big Cliff,1.65,1.65,0.0,1191.95,1109.55,82.4,10.4
2023-05-05,18,2023-05-05T17:00,bcl,Big Cliff,1.66,1.66,0.0,1192.65,1109.59,83.06,10.5
2023-05-05,19,2023-05-05T18:00,bcl,Big Cliff,1.67,1.67,0.0,1193.59,1109.6,83.99,10.7
2023-05-05,20,2023-05-05T19:00,bcl,Big Cliff,1.67,1.67,0.0,1194.49,1109.58,84.91,10.8
2023-05-05,21,2023-05-05T20:00,bcl,Big Cliff,1.66,1.66,0.0,1194.45,1109.57,84.88,10.8
2023-05-05,22,2023-05-05T21:00,bcl,Big Cliff,1.65,1.65,0.0,1194.45,1109.6,84.85,10.7
2023-05-05,23,2023-05-05T22:00,bcl,Big Cliff,1.66,1.66,0.0,1194.72,1109.56,85.16,10.8
2023-05-05,24,2023-05-05T23:00,bcl,Big Cliff,1.65,1.65,0.0,1195.61,1109.57,86.04,10.8
2023-05-06,1,2023-05-06T00:00,bcl,Big Cliff,1.66,1.66,0.0,1196.25,1109.6,86.65,11.0
2023-05-06,2,2023-05-06T01:00,bcl,Big Cliff,1.67,1.67,0.0,1196.62,1109.58,87.04,11.1
2023-05-06,3,2023-05-06T02:00,bcl,Big Cliff,1.66,1.66,0.0,1196.96,1109.57,87.39,11.1
2023-05-06,4,2023-05-06T03:00,bcl,Big Cliff,1.68,1.68,0.0,1197.2,1109.61,87.59,11.2
2023-05-06,5,2023-05-06T04:00,bcl,Big Cliff,1.67,1.67,0.0,1197.42,1109.6,87.82,11.2
2023-05-06,6,2023-05-06T05:00,bcl,Big Cliff,1.8,1.8,0.0,1196.57,1109.76,86.81,11.9
2023-05-06,7,2023-05-06T06:00,bcl,Big Cliff,1.96,1.96,0.0,1195.33,1110.01,85.32,12.8
2023-05-06,8,2023-05-06T07:00,bcl,Big Cliff,2.04,2.04,0.0,1193.99,1110.13,83.86,13.1
2023-05-06,9,2023-05-06T08:00,bcl,Big Cliff,2.07,2.07,0.0,1192.51,1110.09,82.42,13.0
2023-05-06,10,2023-05-06T09:00,bcl,Big Cliff,2.04,2.04,0.0,1191.06,1110.01,81.05,12.6
2023-05-06,11,2023-05-06T10:00,bcl,Big Cliff,2.01,2.01,0.0,1191.41,1110.06,81.35,12.5
2023-05-06,12,2023-05-06T11:00,bcl,Big Cliff,2.01,2.01,0.0,1192.04,1110.08,81.96,12.6
2023-05-06,13,2023-05-06T12:00,bcl,Big Cliff,2.03,2.03,0.0,1192.66,1110.03,82.63,12.8
2023-05-06,14,2023-05-06T13:00,bcl,Big Cliff,2.07,2.07,0.0,1193.26,1110.1,83.16,13.1
2023-05-06,15,2023-05-06T14:00,bcl,Big Cliff,2.04,2.04,0.0,1193.84,1110.1,83.74,13.0
2023-05-06,16,2023-05-06T15:00,bcl,Big Cliff,2.07,2.07,0.0,1194.42,1110.14,84.28,13.3
2023-05-06,17,2023-05-06T16:00,bcl,Big Cliff,2.04,2.04,0.0,1195.0,1110.07,84.93,13.2
2023-05-06,18,2023-05-06T17:00,bcl,Big Cliff,2.04,2.04,0.0,1195.59,1110.04,85.55,13.3
2023-05-06,19,2023-05-06T18:00,bcl,Big Cliff,2.04,2.04,0.0,1196.16,1110.09,86.07,13.4
2023-05-06,20,2023-05-06T19:00,bcl,Big Cliff,2.05,2.05,0.0,1196.74,1110.09,86.65,13.6
2023-05-06,21,2023-05-06T20:00,bcl,Big Cliff,2.07,2.07,0.0,1197.57,1110.1,87.47,13.8
2023-05-06,22,2023-05-06T21:00,bcl,Big Cliff,2.05,2.05,0.0,1198.27,1110.13,88.14,13.8
2023-05-06,23,2023-05-06T22:00,bcl,Big Cliff,2.07,2.07,0.0,1198.64,1110.11,88.53,14.0
2023-05-06,24,2023-05-06T23:00,bcl,Big Cliff,2.07,2.07,0.0,1198.86,1110.11,88.75,14.0
2023-05-07,1,2023-05-07T00:00,bcl,Big Cliff,2.07,2.07,0.0,1199.05,1110.17,88.88,14.0
2023-05-07,2,2023-05-07T01:00,bcl,Big Cliff,2.08,2.08,0.0,1199.23,1110.14,89.09,14.1
2023-05-07,3,2023-05-07T02:00,bcl,Big Cliff,2.08,2.08,0.0,1199.37,1110.13,89.24,14.2
2023-05-07,4,2023-05-07T03:00,bcl,Big Cliff,2.09,2.09,0.0,1199.5,1110.19,89.31,14.2
2023-05-07,5,2023-05-07T04:00,bcl,Big Cliff,2.11,2.11,0.0,1199.62,1110.16,89.46,14.4
2023-05-07,6,2023-05-07T05:00,bcl,Big Cliff,2.13,2.13,0.0,1198.47,1110.36,88.11,14.3
2023-05-07,7,2023-05-07T06:00,bcl,Big Cliff,2.27,2.27,0.0,1197.1,1110.52,86.58,15.0
2023-05-07,8,2023-05-07T07:00,bcl,Big Cliff,2.42,2.42,0.0,1197.18,1110.69,86.49,16.0
2023-05-07,9,2023-05-07T08:00,bcl,Big Cliff,2.54,2.54,0.0,1197.37,1110.76,86.61,16.8
2023-05-07,10,2023-05-07T09:00,bcl,Big Cliff,2.58,2.58,0.0,1197.53,1110.82,86.71,17.1
2023-05-07,11,2023-05-07T10:00,bcl,Big Cliff,2.63,2.63,0.0,1197.66,1110.85,86.81,17.4
2023-05-07,12,2023-05-07T11:00,bcl,Big Cliff,2.64,2.64,0.0,1197.78,1110.9,86.88,17.5
2023-05-07,13,2023-05-07T12:00,bcl,Big Cliff,2.66,2.66,0.0,1197.87,1110.83,87.04,17.7
2023-05-07,14,2023-05-07T13:00,bcl,Big Cliff,2.63,2.63,0.0,1197.98,1110.84,87.14,17.5
2023-05-07,15,2023-05-07T14:00,bcl,Big Cliff,2.63,2.63,0.0,1198.09,1110.86,87.23,17.5
2023-05-07,16,2023-05-07T15:00,bcl,Big Cliff,2.61,2.61,0.0,1198.21,1110.82,87.39,17.4
2023-05-07,17,2023-05-07T16:00,bcl,Big Cliff,2.61,2.61,0.0,1198.32,1110.86,87.46,17.4
2023-05-07,18,2023-05-07T17:00,bcl,Big Cliff,2.66,2.66,0.0,1198.42,1110.88,87.54,17.8
2023-05-07,19,2023-05-07T18:00,bcl,Big Cliff,2.66,2.66,0.0,1198.53,1110.9,87.63,17.8
2023-05-07,20,2023-05-07T19:00,bcl,Big Cliff,2.66,2.66,0.0,1198.61,1110.89,87.72,17.8
2023-05-07,21,2023-05-07T20:00,bcl,Big Cliff,2.63,2.63,0.0,1198.32,1110.84,87.48,17.6
2023-05-07,22,2023-05-07T21:00,bcl,Big Cliff,2.61,2.61,0.0,1198.07,1110.83,87.24,17.4
2023-05-07,23,2023-05-07T22:00,bcl,Big Cliff,2.61,2.61,0.0,1197.81,1110.8,87.01,17.3
2023-05-07,24,2023-05-07T23:00,bcl,Big Cliff,2.61,2.61,0.0,1197.55,1110.83,86.72,17.3
2023-05-08,1,2023-05-08T00:00,bcl,Big Cliff,2.61,2.61,0.0,1197.29,1110.83,86.46,17.2
2023-05-08,2,2023-05-08T01:00,bcl,Big Cliff,2.6,2.6,0.0,1197.04,1110.79,86.25,17.1
2023-05-08,3,2023-05-08T02:00,bcl,Big Cliff,2.6,2.6,0.0,1196.8,1110.79,86.01,17.1
2023-05-08,4,2023-05-08T03:00,bcl,Big Cliff,2.61,2.61,0.0,1196.55,1110.81,85.74,17.1
2023-05-08,5,2023-05-08T04:00,bcl,Big Cliff,2.6,2.6,0.0,1196.35,1110.77,85.58,17.0
2023-05-08,6,2023-05-08T05:00,bcl,Big Cliff,2.63,2.63,0.0,1196.15,1110.93,85.22,17.1
2023-05-08,7,2023-05-08T06:00,bcl,Big Cliff,2.84,2.84,0.0,1195.83,1111.23,84.6,18.3
2023-05-08,8,2023-05-08T07:00,bcl,Big Cliff,2.98,2.98,0.0,1195.61,1111.34,84.27,19.2
2023-05-08,9,2023-05-08T08:00,bcl,Big Cliff,3.11,3.11,0.0,1195.29,1111.43,83.86,19.9
2023-05-08,10,2023-05-08T09:00,bcl,Big Cliff,3.18,3.18,0.0,1194.93,1111.57,83.36,20.2
2023-05-08,11,2023-05-08T10:00,bcl,Big Cliff,3.19,3.19,0.0,1194.52,1111.56,82.96,20.2
2023-05-08,12,2023-05-08T11:00,bcl,Big Cliff,3.18,3.18,0.0,1194.12,1111.56,82.56,20.0
2023-05-08,13,2023-05-08T12:00,bcl,Big Cliff,3.19,3.19,0.0,1193.72,1111.53,82.19,20.0
2023-05-08,14,2023-05-08T13:00,bcl,Big Cliff,3.18,3.18,0.0,1193.32,1111.51,81.81,19.8
2023-05-08,15,2023-05-08T14:00,bcl,Big Cliff,3.18,3.18,0.0,1192.92,1111.47,81.45,19.8
2023-05-08,16,2023-05-08T15:00,bcl,Big Cliff,3.16,3.16,0.0,1192.55,1111.48,81.07,19.5
2023-05-08,17,2023-05-08T16:00,bcl,Big Cliff,3.24,3.24,0.0,1193.52,1111.59,81.93,20.3
2023-05-08,18,2023-05-08T17:00,bcl,Big Cliff,3.21,3.21,0.0,1194.76,1111.56,83.2,20.4
2023-05-08,19,2023-05-08T18:00,bcl,Big Cliff,3.23,3.23,0.0,1195.99,1111.55,84.44,20.8
2023-05-08,20,2023-05-08T19:00,bcl,Big Cliff,3.23,3.23,0.0,1197.22,1111.5,85.72,21.1
2023-05-08,21,2023-05-08T20:00,bcl,Big Cliff,3.23,3.23,0.0,1196.74,1111.51,85.23,21.0
2023-05-08,22,2023-05-08T21:00,bcl,Big Cliff,3.23,3.23,0.0,1196.17,1111.55,84.62,20.9
2023-05-08,23,2023-05-08T22:00,bcl,Big Cliff,3.19,3.19,0.0,1195.65,1111.52,84.13,20.5
2023-05-08,24,2023-05-08T23:00,bcl,Big Cliff,3.19,3.19,0.0,1195.12,1111.53,83.59,20.3
2023-05-09,1,2023-05-09T00:00,bcl,Big Cliff,3.19,3.19,0.0,1194.93,1111.5,83.43,20.3
2023-05-09,2,2023-05-09T01:00,bcl,Big Cliff,3.21,3.21,0.0,1195.05,1111.56,83.49,20.4
2023-05-09,3,2023-05-09T02:00,bcl,Big Cliff,3.21,3.21,0.0,1195.5,1111.54,83.96,20.6
2023-05-09,4,2023-05-09T03:00,bcl,Big Cliff,3.21,3.21,0.0,1196.06,1111.56,84.5,20.7
2023-05-09,5,2023-05-09T04:00,bcl,Big Cliff,3.24,3.24,0.0,1196.59,1111.58,85.01,21.0
2023-05-09,6,2023-05-09T05:00,bcl,Big Cliff,3.21,3.21,0.0,1196.69,1111.71,84.98,20.8
2023-05-09,7,2023-05-09T06:00,bcl,Big Cliff,3.54,2.52,1.02,1198.02,1111.91,86.11,16.6
2023-05-09,8,2023-05-09T07:00,bcl,Big Cliff,3.63,2.59,1.04,1199.38,1112.2,87.18,17.2
2023-05-09,9,2023-05-09T08:00,bcl,Big Cliff,3.74,2.7,1.04,1200.01,1112.39,87.62,18.1
2023-05-09,10,2023-05-09T09:00,bcl,Big Cliff,3.88,2.84,1.04,1199.12,1112.39,86.73,18.8
2023-05-09,11,2023-05-09T10:00,bcl,Big Cliff,3.74,2.72,1.02,1198.27,1112.36,85.91,17.8
2023-05-09,12,2023-05-09T11:00,bcl,Big Cliff,3.87,1.85,2.02,1197.37,1112.37,85.0,12.0
2023-05-09,13,2023-05-09T12:00,bcl,Big Cliff,3.87,1.88,1.99,1196.45,1112.39,84.06,12.1
2023-05-09,14,2023-05-09T13:00,bcl,Big Cliff,3.9,1.92,1.98,1196.06,1112.48,83.58,12.2
2023-05-09,15,2023-05-09T14:00,bcl,Big Cliff,3.9,1.92,1.98,1196.18,1112.5,83.68,12.3
2023-05-09,16,2023-05-09T15:00,bcl,Big Cliff,3.94,1.95,1.99,1196.31,1112.54,83.77,12.5
2023-05-09,17,2023-05-09T16:00,bcl,Big Cliff,3.94,1.95,1.99,1196.43,1112.51,83.92,12.5
2023-05-09,18,2023-05-09T17:00,bcl,Big Cliff,3.96,1.96,2.0,1196.55,1112.51,84.04,12.6
2023-05-09,19,2023-05-09T18:00,bcl,Big Cliff,3.98,1.96,2.02,1197.19,1112.54,84.65,12.7
2023-05-09,20,2023-05-09T19:00,bcl,Big Cliff,3.99,1.95,2.04,1198.21,1112.61,85.6,12.7
2023-05-09,21,2023-05-09T20:00,bcl,Big Cliff,3.99,1.96,2.03,1197.67,1112.55,85.12,12.7
2023-05-09,22,2023-05-09T21:00,bcl,Big Cliff,3.96,1.95,2.01,1196.93,1112.5,84.43,12.6
2023-05-09,23,2023-05-09T22:00,bcl,Big Cliff,3.96,1.98,1.98,1196.2,1112.52,83.68,12.6
2023-05-09,24,2023-05-09T23:00,bcl,Big Cliff,3.92,1.96,1.96,1195.5,1112.49,83.01,12.4
2023-05-10,1,2023-05-10T00:00,bcl,Big Cliff,3.88,1.9,1.98,1194.81,1112.44,82.37,11.9
2023-05-10,2,2023-05-10T01:00,bcl,Big Cliff,3.88,1.92,1.96,1194.09,1112.46,81.63,12.0
2023-05-10,3,2023-05-10T02:00,bcl,Big Cliff,3.9,1.96,1.94,1193.38,1112.47,80.91,12.1
2023-05-10,4,2023-05-10T03:00,bcl,Big Cliff,3.87,1.95,1.92,1192.74,1112.46,80.28,11.9
2023-05-10,5,2023-05-10T04:00,bcl,Big Cliff,3.96,2.06,1.9,1192.04,1112.51,79.53,12.5
2023-05-10,6,2023-05-10T05:00,bcl,Big Cliff,4.05,2.17,1.88,1191.41,1112.69,78.72,13.0
2023-05-10,7,2023-05-10T06:00,bcl,Big Cliff,4.12,2.21,1.91,1192.49,1112.78,79.71,13.4
2023-05-10,8,2023-05-10T07:00,bcl,Big Cliff,4.34,2.4,1.94,1193.6,1112.98,80.62,14.8
2023-05-10,9,2023-05-10T08:00,bcl,Big Cliff,4.36,2.39,1.97,1194.64,1112.97,81.67,14.9
2023-05-10,10,2023-05-10T09:00,bcl,Big Cliff,4.36,2.36,2.0,1195.66,1112.97,82.69,14.9
2023-05-10,11,2023-05-10T10:00,bcl,Big Cliff,4.26,2.29,1.97,1194.58,1112.84,81.74,14.3
2023-05-10,12,2023-05-10T11:00,bcl,Big Cliff,4.25,2.32,1.93,1193.26,1112.85,80.41,14.2
2023-05-10,13,2023-05-10T12:00,bcl,Big Cliff,4.25,2.35,1.9,1191.93,1112.89,79.04,14.2
2023-05-10,14,2023-05-10T13:00,bcl,Big Cliff,4.25,2.4,1.85,1190.57,1112.88,77.69,14.2
2023-05-10,15,2023-05-10T14:00,bcl,Big Cliff,4.17,2.36,1.81,1189.21,1112.76,76.45,13.8
2023-05-10,16,2023-05-10T15:00,bcl,Big Cliff,4.12,2.36,1.76,1187.88,1112.72,75.16,13.5
2023-05-10,17,2023-05-10T16:00,bcl,Big Cliff,4.14,2.35,1.79,1188.86,1112.75,76.11,13.6
2023-05-10,18,2023-05-10T17:00,bcl,Big Cliff,4.19,2.35,1.84,1190.23,1112.81,77.42,13.9
2023-05-10,19,2023-05-10T18:00,bcl,Big Cliff,4.34,2.46,1.88,1191.59,1112.95,78.64,14.8
2023-05-10,20,2023-05-10T19:00,bcl,Big Cliff,4.36,2.44,1.92,1192.82,1113.01,79.81,14.9
2023-05-10,21,2023-05-10T20:00,bcl,Big Cliff,4.36,2.45,1.91,1192.25,1112.99,79.26,14.8
2023-05-10,22,2023-05-10T21:00,bcl,Big Cliff,4.32,2.44,1.88,1191.45,1112.96,78.49,14.6
2023-05-10,23,2023-05-10T22:00,bcl,Big Cliff,4.32,2.47,1.85,1190.66,1112.86,77.8,14.7
2023-05-10,24,2023-05-10T23:00,bcl,Big Cliff,4.26,2.42,1.84,1189.91,1112.88,77.03,14.2
2023-05-11,1,2023-05-11T00:00,bcl,Big Cliff,4.26,2.44,1.82,1189.44,1112.88,76.56,14.3
2023-05-11,2,2023-05-11T01:00,bcl,Big Cliff,4.25,2.45,1.8,1189.02,1112.88,76.14,14.2
2023-05-11,3,2023-05-11T02:00,bcl,Big Cliff,4.23,2.45,1.78,1188.6,1112.84,75.76,14.2
2023-05-11,4,2023-05-11T03:00,bcl,Big Cliff,4.23,2.46,1.77,1188.19,1112.83,75.36,14.1
2023-05-11,5,2023-05-11T04:00,bcl,Big Cliff,4.25,2.5,1.75,1187.77,1112.83,74.94,14.3
2023-05-11,6,2023-05-11T05:00,bcl,Big Cliff,4.28,2.54,1.74,1187.35,1112.86,74.49,14.4
2023-05-11,7,2023-05-11T06:00,bcl,Big Cliff,4.3,2.51,1.79,1188.87,1112.95,75.92,14.5
2023-05-11,8,2023-05-11T07:00,bcl,Big Cliff,4.37,2.52,1.85,1190.49,1113.05,77.44,14.9
2023-05-11,9,2023-05-11T08:00,bcl,Big Cliff,4.45,2.56,1.89,1191.98,1113.1,78.88,15.4
2023-05-11,10,2023-05-11T09:00,bcl,Big Cliff,4.49,2.55,1.94,1193.39,1113.11,80.28,15.6
2023-05-11,11,2023-05-11T10:00,bcl,Big Cliff,4.47,2.56,1.91,1192.49,1113.1,79.39,15.5
2023-05-11,12,2023-05-11T11:00,bcl,Big Cliff,4.39,2.53,1.86,1191.05,1112.96,78.09,15.1
2023-05-11,13,2023-05-11T12:00,bcl,Big Cliff,4.34,2.52,1.82,1189.56,1112.92,76.64,14.7
2023-05-11,14,2023-05-11T13:00,bcl,Big Cliff,4.26,2.5,1.76,1188.1,1112.85,75.25,14.4
2023-05-11,15,2023-05-11T14:00,bcl,Big Cliff,4.21,2.49,1.72,1186.67,1112.86,73.81,14.0
2023-05-11,16,2023-05-11T15:00,bcl,Big Cliff,4.41,2.72,1.69,1185.83,1113.02,72.81,15.1
2023-05-11,17,2023-05-11T16:00,bcl,Big Cliff,4.67,2.92,1.75,1187.37,1113.28,74.09,16.5
2023-05-11,18,2023-05-11T17:00,bcl,Big Cliff,4.92,3.14,1.78,1188.53,1113.56,74.97,18.0
2023-05-11,19,2023-05-11T18:00,bcl,Big Cliff,5.02,3.2,1.82,1189.55,1113.63,75.92,18.5
2023-05-11,20,2023-05-11T19:00,bcl,Big Cliff,5.02,3.17,1.85,1190.53,1113.63,76.9,18.6
2023-05-11,21,2023-05-11T20:00,bcl,Big Cliff,4.96,3.13,1.83,1189.68,1113.58,76.1,18.2
2023-05-11,22,2023-05-11T21:00,bcl,Big Cliff,4.94,3.16,1.78,1188.54,1113.58,74.96,18.1
2023-05-11,23,2023-05-11T22:00,bcl,Big Cliff,4.98,3.23,1.75,1187.73,1113.59,74.14,18.3
2023-05-11,24,2023-05-11T23:00,bcl,Big Cliff,4.94,3.2,1.74,1187.07,1113.55,73.52,18.0
2023-05-12,1,2023-05-12T00:00,bcl,Big Cliff,4.98,3.27,1.71,1186.37,1113.6,72.77,18.2
2023-05-12,2,2023-05-12T01:00,bcl,Big Cliff,4.98,3.28,1.7,1186.12,1113.57,72.55,18.2
2023-05-12,3,2023-05-12T02:00,bcl,Big Cliff,4.98,3.27,1.71,1186.19,1113.58,72.61,18.1
2023-05-12,4,2023-05-12T03:00,bcl,Big Cliff,4.98,3.28,1.7,1186.17,1113.58,72.59,18.2
2023-05-12,5,2023-05-12T04:00,bcl,Big Cliff,4.98,3.29,1.69,1185.84,1113.57,72.27,18.1
2023-05-12,6,2023-05-12T05:00,bcl,Big Cliff,4.98,3.29,1.69,1185.55,1113.61,71.94,18.1
2023-05-12,7,2023-05-12T06:00,bcl,Big Cliff,5.0,3.26,1.74,1187.28,1113.6,73.68,18.3
2023-05-12,8,2023-05-12T07:00,bcl,Big Cliff,5.04,3.24,1.8,1189.13,1113.66,75.47,18.7
2023-05-12,9,2023-05-12T08:00,bcl,Big Cliff,5.02,3.17,1.85,1190.68,1113.64,77.04,18.6
2023-05-12,10,2023-05-12T09:00,bcl,Big Cliff,5.02,3.13,1.89,1191.82,1113.66,78.16,18.7
2023-05-12,11,2023-05-12T10:00,bcl,Big Cliff,5.06,3.14,1.92,1192.84,1113.69,79.15,19.0
2023-05-12,12,2023-05-12T11:00,bcl,Big Cliff,5.06,3.11,1.95,1193.8,1113.66,80.14,19.0
2023-05-12,13,2023-05-12T12:00,bcl,Big Cliff,5.04,3.12,1.92,1192.78,1113.66,79.12,18.8
2023-05-12,14,2023-05-12T13:00,bcl,Big Cliff,4.94,3.09,1.85,1190.73,1113.54,77.19,18.2
2023-05-12,15,2023-05-12T14:00,bcl,Big Cliff,4.9,3.11,1.79,1188.7,1113.55,75.15,17.8
2023-05-12,16,2023-05-12T15:00,bcl,Big Cliff,4.92,3.09,1.83,1189.72,1113.56,76.16,18.0
2023-05-12,17,2023-05-12T16:00,bcl,Big Cliff,5.0,3.13,1.87,1191.2,1113.63,77.57,18.5
2023-05-12,18,2023-05-12T17:00,bcl,Big Cliff,5.06,3.15,1.91,1192.68,1113.7,78.98,19.0
2023-05-12,19,2023-05-12T18:00,bcl,Big Cliff,5.06,3.1,1.96,1194.06,1113.66,80.4,19.0
2023-05-12,20,2023-05-12T19:00,bcl,Big Cliff,5.02,3.03,1.99,1195.47,1113.56,81.91,18.9
2023-05-12,21,2023-05-12T20:00,bcl,Big Cliff,4.92,2.93,1.99,1195.22,1113.56,81.66,18.3
2023-05-12,22,2023-05-12T21:00,bcl,Big Cliff,4.94,2.96,1.98,1194.74,1113.6,81.14,18.3
2023-05-12,23,2023-05-12T22:00,bcl,Big Cliff,5.02,3.06,1.96,1194.19,1113.68,80.51,18.8
2023-05-12,24,2023-05-12T23:00,bcl,Big Cliff,5.12,3.18,1.94,1193.54,1113.7,79.84,19.4
2023-05-13,1,2023-05-13T00:00,bcl,Big Cliff,5.16,3.24,1.92,1192.84,1113.76,79.08,19.5
2023-05-13,2,2023-05-13T01:00,bcl,Big Cliff,5.14,3.24,1.9,1192.15,1113.78,78.37,19.4
2023-05-13,3,2023-05-13T02:00,bcl,Big Cliff,5.1,3.22,1.88,1191.48,1113.76,77.72,19.1
2023-05-13,4,2023-05-13T03:00,bcl,Big Cliff,5.14,3.28,1.86,1190.77,1113.74,77.03,19.3
2023-05-13,5,2023-05-13T04:00,bcl,Big Cliff,5.2,3.36,1.84,1189.98,1113.79,76.19,19.5
2023-05-13,6,2023-05-13T05:00,bcl,Big Cliff,5.14,3.33,1.81,1189.27,1113.78,75.49,19.2
2023-05-13,7,2023-05-13T06:00,bcl,Big Cliff,5.14,3.29,1.85,1190.49,1113.72,76.77,19.3
2023-05-13,8,2023-05-13T07:00,bcl,Big Cliff,5.16,3.27,1.89,1191.83,1113.78,78.05,19.5
2023-05-13,9,2023-05-13T08:00,bcl,Big Cliff,5.2,3.27,1.93,1193.15,1113.83,79.32,19.8
2023-05-13,10,2023-05-13T09:00,bcl,Big Cliff,5.2,3.23,1.97,1194.41,1113.87,80.54,19.8
2023-05-13,11,2023-05-13T10:00,bcl,Big Cliff,5.37,3.38,1.99,1195.52,1114.02,81.5,21.0
2023-05-13,12,2023-05-13T11:00,bcl,Big Cliff,5.48,3.46,2.02,1196.47,1114.09,82.38,21.7
2023-05-13,13,2023-05-13T12:00,bcl,Big Cliff,5.5,3.52,1.98,1195.0,1114.09,80.91,21.7
2023-05-13,14,2023-05-13T13:00,bcl,Big Cliff,5.52,3.52,2.0,1192.57,1114.08,78.49,21.1
2023-05-13,15,2023-05-13T14:00,bcl,Big Cliff,5.45,3.43,2.02,1190.96,1114.13,76.83,20.1
2023-05-13,16,2023-05-13T15:00,bcl,Big Cliff,5.54,3.47,2.07,1192.27,1114.11,78.16,20.7
2023-05-13,17,2023-05-13T16:00,bcl,Big Cliff,5.58,3.48,2.1,1193.44,1114.22,79.22,21.0
2023-05-13,18,2023-05-13T17:00,bcl,Big Cliff,5.54,3.48,2.06,1194.61,1114.14,80.47,21.4
2023-05-13,19,2023-05-13T18:00,bcl,Big Cliff,5.54,3.45,2.09,1195.73,1114.15,81.58,21.5
2023-05-13,20,2023-05-13T19:00,bcl,Big Cliff,5.58,3.51,2.07,1196.84,1114.16,82.68,22.1
2023-05-13,21,2023-05-13T20:00,bcl,Big Cliff,5.58,3.53,2.05,1196.22,1114.22,82.0,22.1
2023-05-13,22,2023-05-13T21:00,bcl,Big Cliff,5.54,3.51,2.03,1195.4,1114.15,81.25,21.8
2023-05-13,23,2023-05-13T22:00,bcl,Big Cliff,5.58,3.52,2.06,1194.54,1114.12,80.42,21.6
2023-05-13,24,2023-05-13T23:00,bcl,Big Cliff,5.54,3.49,2.05,1193.88,1114.18,79.7,21.2
2023-05-14,1,2023-05-14T00:00,bcl,Big Cliff,5.52,3.5,2.02,1193.27,1114.13,79.14,21.1
2023-05-14,2,2023-05-14T01:00,bcl,Big Cliff,5.56,3.5,2.06,1192.62,1114.18,78.44,20.9
2023-05-14,3,2023-05-14T02:00,bcl,Big Cliff,5.54,3.49,2.05,1192.01,1114.12,77.89,20.7
2023-05-14,4,2023-05-14T03:00,bcl,Big Cliff,5.54,3.45,2.09,1191.36,1114.11,77.25,20.3
2023-05-14,5,2023-05-14T04:00,bcl,Big Cliff,5.56,3.5,2.06,1190.49,1114.16,76.33,20.4
2023-05-14,6,2023-05-14T05:00,bcl,Big Cliff,5.5,3.41,2.09,1189.66,1114.15,75.51,19.6
2023-05-14,7,2023-05-14T06:00,bcl,Big Cliff,5.52,3.4,2.12,1190.73,1114.18,76.55,19.9
2023-05-14,8,2023-05-14T07:00,bcl,Big Cliff,5.58,3.41,2.17,1191.94,1114.22,77.72,20.2
2023-05-14,9,2023-05-14T08:00,bcl,Big Cliff,5.62,3.41,2.21,1193.07,1114.26,78.81,20.5
2023-05-14,10,2023-05-14T09:00,bcl,Big Cliff,5.74,3.44,2.3,1194.07,1114.38,79.69,20.9
2023-05-14,11,2023-05-14T10:00,bcl,Big Cliff,5.85,3.49,2.36,1194.94,1114.47,80.47,21.4
2023-05-14,12,2023-05-14T11:00,bcl,Big Cliff,5.95,3.52,2.43,1195.71,1114.56,81.15,21.8
2023-05-14,13,2023-05-14T12:00,bcl,Big Cliff,5.95,3.57,2.38,1193.95,1114.51,79.44,21.6
2023-05-14,14,2023-05-14T13:00,bcl,Big Cliff,5.87,3.48,2.39,1191.11,1114.46,76.65,20.4
2023-05-14,15,2023-05-14T14:00,bcl,Big Cliff,5.89,3.42,2.47,1190.11,1114.53,75.58,19.7
2023-05-14,16,2023-05-14T15:00,bcl,Big Cliff,5.91,3.4,2.51,1191.24,1114.55,76.69,19.9
2023-05-14,17,2023-05-14T16:00,bcl,Big Cliff,6.02,3.46,2.56,1192.27,1114.62,77.65,20.5
2023-05-14,18,2023-05-14T17:00,bcl,Big Cliff,5.91,3.39,2.52,1193.29,1114.59,78.7,20.4
2023-05-14,19,2023-05-14T18:00,bcl,Big Cliff,5.97,3.49,2.48,1194.3,1114.62,79.68,21.2
2023-05-14,20,2023-05-14T19:00,bcl,Big Cliff,6.0,3.54,2.46,1195.3,1114.62,80.68,21.8
2023-05-14,21,2023-05-14T20:00,bcl,Big Cliff,5.97,3.52,2.45,1194.74,1114.61,80.13,21.5
2023-05-14,22,2023-05-14T21:00,bcl,Big Cliff,5.93,3.51,2.42,1193.96,1114.53,79.43,21.3
2023-05-14,23,2023-05-14T22:00,bcl,Big Cliff,5.95,3.5,2.45,1193.2,1114.55,78.65,21.0
2023-05-14,24,2023-05-14T23:00,bcl,Big Cliff,5.97,3.55,2.42,1192.41,1114.6,77.81,21.1
2023-05-15,1,2023-05-15T00:00,bcl,Big Cliff,5.93,3.47,2.46,1191.63,1114.55,77.08,20.4
2023-05-15,2,2023-05-15T01:00,bcl,Big Cliff,5.95,3.45,2.5,1190.97,1114.58,76.39,20.1
2023-05-15,3,2023-05-15T02:00,bcl,Big Cliff,5.93,3.45,2.48,1190.38,1114.56,75.82,20.0
2023-05-15,4,2023-05-15T03:00,bcl,Big Cliff,5.95,3.45,2.5,1189.78,1114.57,75.21,19.8
2023-05-15,5,2023-05-15T04:00,bcl,Big Cliff,5.93,3.45,2.48,1189.2,1114.54,74.66,19.7
2023-05-15,6,2023-05-15T05:00,bcl,Big Cliff,5.91,3.42,2.49,1188.66,1114.55,74.11,19.3
2023-05-15,7,2023-05-15T06:00,bcl,Big Cliff,5.93,3.37,2.56,1190.02,1114.6,75.42,19.4
2023-05-15,8,2023-05-15T07:00,bcl,Big Cliff,5.97,3.42,2.55,1191.5,1114.6,76.9,20.1
2023-05-15,9,2023-05-15T08:00,bcl,Big Cliff,5.97,3.44,2.53,1192.93,1114.65,78.28,20.5
2023-05-15,10,2023-05-15T09:00,bcl,Big Cliff,6.0,3.49,2.51,1194.32,1114.64,79.68,21.2
2023-05-15,11,2023-05-15T10:00,bcl,Big Cliff,5.97,3.5,2.47,1195.69,1114.6,81.09,21.7
2023-05-15,12,2023-05-15T11:00,bcl,Big Cliff,6.0,3.55,2.45,1196.99,1114.55,82.44,22.3
2023-05-15,13,2023-05-15T12:00,bcl,Big Cliff,5.97,3.58,2.39,1195.03,1114.64,80.39,22.0
2023-05-15,14,2023-05-15T13:00,bcl,Big Cliff,5.97,3.54,2.43,1192.15,1114.54,77.61,21.0
2023-05-15,15,2023-05-15T14:00,bcl,Big Cliff,5.85,3.48,2.37,1189.2,1114.44,74.76,19.9
2023-05-15,16,2023-05-15T15:00,bcl,Big Cliff,5.89,3.42,2.47,1190.47,1114.57,75.9,19.8
2023-05-15,17,2023-05-15T16:00,bcl,Big Cliff,5.95,3.43,2.52,1191.73,1114.61,77.12,20.2
2023-05-15,18,2023-05-15T17:00,bcl,Big Cliff,5.97,3.4,2.57,1192.91,1114.63,78.28,20.3
2023-05-15,19,2023-05-15T18:00,bcl,Big Cliff,6.0,3.54,2.46,1194.1,1114.65,79.45,21.5
2023-05-15,20,2023-05-15T19:00,bcl,Big Cliff,6.0,3.51,2.49,1195.24,1114.58,80.66,21.6
2023-05-15,21,2023-05-15T20:00,bcl,Big Cliff,6.0,3.53,2.47,1194.61,1114.58,80.03,21.6
2023-05-15,22,2023-05-15T21:00,bcl,Big Cliff,5.95,3.51,2.44,1193.77,1114.6,79.17,21.2
2023-05-15,23,2023-05-15T22:00,bcl,Big Cliff,5.91,3.5,2.41,1192.96,1114.53,78.43,20.9
2023-05-15,24,2023-05-15T23:00,bcl,Big Cliff,5.95,3.5,2.45,1192.11,1114.54,77.57,20.7
2023-05-16,1,2023-05-16T00:00,bcl,Big Cliff,5.95,3.53,2.42,1191.27,1114.57,76.7,20.7
2023-05-16,2,2023-05-16T01:00,bcl,Big Cliff,5.89,3.43,2.46,1190.44,1114.5,75.94,19.9
2023-05-16,3,2023-05-16T02:00,bcl,Big Cliff,5.91,3.43,2.48,1189.59,1114.54,75.05,19.6
2023-05-16,4,2023-05-16T03:00,bcl,Big Cliff,5.89,3.39,2.5,1188.72,1114.57,74.15,19.2
2023-05-16,5,2023-05-16T04:00,bcl,Big Cliff,5.93,3.43,2.5,1187.8,1114.57,73.23,19.2
2023-05-16,6,2023-05-16T05:00,bcl,Big Cliff,5.91,3.4,2.51,1186.93,1114.54,72.39,18.8
2023-05-16,7,2023-05-16T06:00,bcl,Big Cliff,5.95,3.39,2.56,1188.03,1114.54,73.49,19.0
2023-05-16,8,2023-05-16T07:00,bcl,Big Cliff,5.95,3.38,2.57,1189.3,1114.64,74.66,19.3
2023-05-16,9,2023-05-16T08:00,bcl,Big Cliff,5.95,3.39,2.56,1190.54,1114.61,75.93,19.6
2023-05-16,10,2023-05-16T09:00,bcl,Big Cliff,6.0,3.39,2.61,1191.72,1114.67,77.05,19.9
2023-05-16,11,2023-05-16T10:00,bcl,Big Cliff,5.95,3.45,2.5,1192.87,1114.61,78.26,20.6
2023-05-16,12,2023-05-16T11:00,bcl,Big Cliff,5.97,3.48,2.49,1193.97,1114.58,79.39,21.1
2023-05-16,13,2023-05-16T12:00,bcl,Big Cliff,5.93,3.51,2.42,1192.35,1114.6,77.75,20.8
2023-05-16,14,2023-05-16T13:00,bcl,Big Cliff,5.97,3.52,2.45,1189.31,1114.57,74.74,20.1
2023-05-16,15,2023-05-16T14:00,bcl,Big Cliff,5.91,3.4,2.51,1188.22,1114.55,73.67,19.1
2023-05-16,16,2023-05-16T15:00,bcl,Big Cliff,5.95,3.36,2.59,1189.73,1114.59,75.14,19.3
2023-05-16,17,2023-05-16T16:00,bcl,Big Cliff,6.02,3.42,2.6,1191.11,1114.71,76.4,19.9
2023-05-16,18,2023-05-16T17:00,bcl,Big Cliff,6.0,3.42,2.58,1192.47,1114.6,77.87,20.3
2023-05-16,19,2023-05-16T18:00,bcl,Big Cliff,6.02,3.48,2.54,1193.77,1114.64,79.13,21.0
2023-05-16,20,2023-05-16T19:00,bcl,Big Cliff,5.93,3.47,2.46,1195.07,1114.53,80.54,21.3
2023-05-16,21,2023-05-16T20:00,bcl,Big Cliff,5.95,3.51,2.44,1194.65,1114.56,80.09,21.4
2023-05-16,22,2023-05-16T21:00,bcl,Big Cliff,5.93,3.51,2.42,1193.96,1114.55,79.41,21.3
2023-05-16,23,2023-05-16T22:00,bcl,Big Cliff,5.89,3.5,2.39,1193.3,1114.55,78.75,21.0
2023-05-16,24,2023-05-16T23:00,bcl,Big Cliff,5.87,3.5,2.37,1192.66,1114.49,78.17,20.9
2023-05-17,1,2023-05-17T00:00,bcl,Big Cliff,5.89,3.47,2.42,1191.98,1114.49,77.49,20.5
2023-05-17,2,2023-05-17T01:00,bcl,Big Cliff,5.93,3.46,2.47,1191.28,1114.52,76.76,20.3
2023-05-17,3,2023-05-17T02:00,bcl,Big Cliff,5.89,3.46,2.43,1190.43,1114.54,75.89,20.0
2023-05-17,4,2023-05-17T03:00,bcl,Big Cliff,5.87,3.4,2.47,1189.5,1114.5,75.0,19.5
2023-05-17,5,2023-05-17T04:00,bcl,Big Cliff,5.91,3.42,2.49,1188.53,1114.53,74.0,19.3
2023-05-17,6,2023-05-17T05:00,bcl,Big Cliff,5.85,3.41,2.44,1187.63,1114.51,73.12,19.0
2023-05-17,7,2023-05-17T06:00,bcl,Big Cliff,5.89,3.39,2.5,1188.71,1114.52,74.19,19.2
2023-05-17,8,2023-05-17T07:00,bcl,Big Cliff,5.93,3.37,2.56,1189.91,1114.54,75.37,19.4
2023-05-17,9,2023-05-17T08:00,bcl,Big Cliff,5.91,3.39,2.52,1191.06,1114.56,76.5,19.8
2023-05-17,10,2023-05-17T09:00,bcl,Big Cliff,5.91,3.35,2.56,1192.17,1114.55,77.62,19.8
2023-05-17,11,2023-05-17T10:00,bcl,Big Cliff,5.95,3.43,2.52,1193.25,1114.62,78.63,20.6
2023-05-17,12,2023-05-17T11:00,bcl,Big Cliff,6.0,3.5,2.5,1194.27,1114.67,79.6,21.3
2023-05-17,13,2023-05-17T12:00,bcl,Big Cliff,6.0,3.5,2.5,1192.71,1114.62,78.09,20.9
2023-05-17,14,2023-05-17T13:00,bcl,Big Cliff,5.95,3.57,2.38,1189.67,1114.54,75.13,20.5
2023-05-17,15,2023-05-17T14:00,bcl,Big Cliff,5.85,3.39,2.46,1188.77,1114.51,74.26,19.2
2023-05-17,16,2023-05-17T15:00,bcl,Big Cliff,5.91,3.4,2.51,1189.97,1114.58,75.39,19.6
2023-05-17,17,2023-05-17T16:00,bcl,Big Cliff,6.0,3.45,2.55,1191.09,1114.68,76.41,20.1
2023-05-17,18,2023-05-17T17:00,bcl,Big Cliff,6.02,3.42,2.6,1192.1,1114.65,77.45,20.2
2023-05-17,19,2023-05-17T18:00,bcl,Big Cliff,6.04,3.4,2.64,1193.07,1114.67,78.4,20.3
2023-05-17,20,2023-05-17T19:00,bcl,Big Cliff,6.04,3.36,2.68,1194.04,1114.69,79.35,20.3
2023-05-17,21,2023-05-17T20:00,bcl,Big Cliff,5.91,3.26,2.65,1193.33,1114.55,78.78,19.6
2023-05-17,22,2023-05-17T21:00,bcl,Big Cliff,5.89,3.26,2.63,1192.79,1114.56,78.23,19.5
2023-05-17,23,2023-05-17T22:00,bcl,Big Cliff,5.83,3.22,2.61,1192.3,1114.49,77.81,19.1
2023-05-17,24,2023-05-17T23:00,bcl,Big Cliff,5.87,3.28,2.59,1191.8,1114.58,77.22,19.3
2023-05-18,1,2023-05-18T00:00,bcl,Big Cliff,5.83,3.27,2.56,1191.3,1114.51,76.79,19.2
2023-05-18,2,2023-05-18T01:00,bcl,Big Cliff,5.85,3.32,2.53,1190.6,1114.53,76.07,19.3
2023-05-18,3,2023-05-18T02:00,bcl,Big Cliff,5.87,3.37,2.5,1189.84,1114.55,75.29,19.4
2023-05-18,4,2023-05-18T03:00,bcl,Big Cliff,5.87,3.41,2.46,1188.87,1114.51,74.36,19.3
2023-05-18,5,2023-05-18T04:00,bcl,Big Cliff,5.89,3.49,2.4,1187.85,1114.52,73.33,19.5
2023-05-18,6,2023-05-18T05:00,bcl,Big Cliff,5.85,3.49,2.36,1186.82,1114.46,72.36,19.3
2023-05-18,7,2023-05-18T06:00,bcl,Big Cliff,5.87,3.47,2.4,1187.79,1114.56,73.23,19.4
2023-05-18,8,2023-05-18T07:00,bcl,Big Cliff,5.93,3.47,2.46,1188.93,1114.55,74.38,19.7
2023-05-18,9,2023-05-18T08:00,bcl,Big Cliff,6.02,3.51,2.51,1189.97,1114.67,75.3,20.2
2023-05-18,10,2023-05-18T09:00,bcl,Big Cliff,5.87,3.46,2.41,1191.01,1114.56,76.45,20.2
2023-05-18,11,2023-05-18T10:00,bcl,Big Cliff,6.0,3.55,2.45,1192.02,1114.63,77.39,21.0
2023-05-18,12,2023-05-18T11:00,bcl,Big Cliff,5.93,3.45,2.48,1192.98,1114.56,78.42,20.6
2023-05-18,13,2023-05-18T12:00,bcl,Big Cliff,6.0,3.61,2.39,1193.89,1114.62,79.27,21.8
2023-05-18,14,2023-05-18T13:00,bcl,Big Cliff,5.87,3.6,2.27,1190.89,1114.51,76.38,21.0
2023-05-18,15,2023-05-18T14:00,bcl,Big Cliff,5.78,3.53,2.25,1190.01,1114.37,75.64,20.4
2023-05-18,16,2023-05-18T15:00,bcl,Big Cliff,5.87,3.58,2.29,1191.17,1114.47,76.7,21.0
2023-05-18,17,2023-05-18T16:00,bcl,Big Cliff,5.89,3.56,2.33,1192.23,1114.51,77.72,21.1
2023-05-18,18,2023-05-18T17:00,bcl,Big Cliff,5.95,3.58,2.37,1193.22,1114.61,78.61,21.5
2023-05-18,19,2023-05-18T18:00,bcl,Big Cliff,6.0,3.6,2.4,1194.14,1114.61,79.53,21.8
2023-05-18,20,2023-05-18T19:00,bcl,Big Cliff,5.87,3.54,2.33,1195.11,1114.44,80.67,21.8
2023-05-18,21,2023-05-18T20:00,bcl,Big Cliff,5.85,3.55,2.3,1194.33,1114.49,79.84,21.6
2023-05-18,22,2023-05-18T21:00,bcl,Big Cliff,5.78,3.51,2.27,1193.38,1114.45,78.93,21.1
2023-05-18,23,2023-05-18T22:00,bcl,Big Cliff,5.81,3.58,2.23,1192.4,1114.43,77.97,21.3
2023-05-18,24,2023-05-18T23:00,bcl,Big Cliff,5.78,3.58,2.2,1191.58,1114.38,77.2,21.1
2023-05-19,1,2023-05-19T00:00,bcl,Big Cliff,5.74,3.56,2.18,1190.83,1114.4,76.43,20.8
2023-05-19,2,2023-05-19T01:00,bcl,Big Cliff,5.74,3.55,2.19,1190.05,1114.33,75.72,20.5
2023-05-19,3,2023-05-19T02:00,bcl,Big Cliff,5.76,3.57,2.19,1189.11,1114.42,74.69,20.3
2023-05-19,4,2023-05-19T03:00,bcl,Big Cliff,5.76,3.63,2.13,1188.06,1114.42,73.64,20.4
2023-05-19,5,2023-05-19T04:00,bcl,Big Cliff,5.7,3.61,2.09,1186.83,1114.25,72.58,20.0
2023-05-19,6,2023-05-19T05:00,bcl,Big Cliff,5.64,3.6,2.04,1185.65,1114.26,71.39,19.6
2023-05-19,7,2023-05-19T06:00,bcl,Big Cliff,5.54,3.6,1.94,1186.63,1114.16,72.47,19.9
2023-05-19,8,2023-05-19T07:00,bcl,Big Cliff,5.43,3.6,1.83,1187.91,1114.04,73.87,20.3
2023-05-19,9,2023-05-19T08:00,bcl,Big Cliff,5.31,3.43,1.88,1189.24,1113.93,75.31,19.7
2023-05-19,10,2023-05-19T09:00,bcl,Big Cliff,5.33,3.4,1.93,1190.62,1113.98,76.64,19.9
2023-05-19,11,2023-05-19T10:00,bcl,Big Cliff,5.35,3.38,1.97,1191.89,1113.9,77.99,20.1
2023-05-19,12,2023-05-19T11:00,bcl,Big Cliff,5.29,3.44,1.85,1193.21,1113.92,79.29,20.8
2023-05-19,13,2023-05-19T12:00,bcl,Big Cliff,5.33,3.44,1.89,1194.43,1113.99,80.44,21.1
2023-05-19,14,2023-05-19T13:00,bcl,Big Cliff,5.35,3.56,1.79,1195.62,1113.96,81.66,22.2
2023-05-19,15,2023-05-19T14:00,bcl,Big Cliff,5.23,3.54,1.69,1196.84,1113.82,83.02,22.4
2023-05-19,16,2023-05-19T15:00,bcl,Big Cliff,5.23,3.52,1.71,1198.05,1113.77,84.28,22.6
2023-05-19,17,2023-05-19T16:00,bcl,Big Cliff,5.2,3.46,1.74,1199.24,1113.75,85.49,22.6
2023-05-19,18,2023-05-19T17:00,bcl,Big Cliff,5.23,3.46,1.77,1200.41,1113.81,86.6,22.9
2023-05-19,19,2023-05-19T18:00,bcl,Big Cliff,5.22,3.43,1.79,1201.52,1113.79,87.73,23.0
2023-05-19,20,2023-05-19T19:00,bcl,Big Cliff,5.14,3.33,1.81,1202.65,1113.72,88.93,22.6
2023-05-19,21,2023-05-19T20:00,bcl,Big Cliff,5.14,3.34,1.8,1202.21,1113.75,88.46,22.5
2023-05-19,22,2023-05-19T21:00,bcl,Big Cliff,5.14,3.35,1.79,1201.63,1113.74,87.89,22.5
2023-05-19,23,2023-05-19T22:00,bcl,Big Cliff,5.14,3.36,1.78,1201.06,1113.74,87.32,22.4
2023-05-19,24,2023-05-19T23:00,bcl,Big Cliff,5.14,3.37,1.77,1200.52,1113.77,86.75,22.3
2023-05-20,1,2023-05-20T00:00,bcl,Big Cliff,5.14,3.31,1.83,1199.93,1113.76,86.17,21.8
2023-05-20,2,2023-05-20T01:00,bcl,Big Cliff,5.14,3.33,1.81,1199.25,1113.7,85.55,21.7
2023-05-20,3,2023-05-20T02:00,bcl,Big Cliff,5.1,3.32,1.78,1198.39,1113.75,84.64,21.4
2023-05-20,4,2023-05-20T03:00,bcl,Big Cliff,5.06,3.3,1.76,1197.45,1113.65,83.8,21.1
2023-05-20,5,2023-05-20T04:00,bcl,Big Cliff,5.06,3.32,1.74,1196.52,1113.68,82.84,21.0
2023-05-20,6,2023-05-20T05:00,bcl,Big Cliff,5.04,3.32,1.72,1195.63,1113.52,82.11,20.8
2023-05-20,7,2023-05-20T06:00,bcl,Big Cliff,4.87,3.45,1.42,1196.62,1113.45,83.17,21.9
2023-05-20,8,2023-05-20T07:00,bcl,Big Cliff,4.71,3.39,1.32,1197.84,1113.2,84.64,21.9
2023-05-20,9,2023-05-20T08:00,bcl,Big Cliff,4.64,3.47,1.17,1199.13,1113.21,85.92,22.7
2023-05-20,10,2023-05-20T09:00,bcl,Big Cliff,4.49,3.46,1.03,1197.68,1113.03,84.65,22.3
2023-05-20,11,2023-05-20T10:00,bcl,Big Cliff,4.39,3.39,1.0,1196.24,1113.01,83.23,21.5
2023-05-20,12,2023-05-20T11:00,bcl,Big Cliff,4.39,3.4,0.99,1194.8,1112.95,81.85,21.2
2023-05-20,13,2023-05-20T12:00,bcl,Big Cliff,4.37,3.41,0.96,1193.33,1112.94,80.39,20.9
2023-05-20,14,2023-05-20T13:00,bcl,Big Cliff,4.39,3.45,0.94,1191.82,1112.99,78.83,20.8
2023-05-20,15,2023-05-20T14:00,bcl,Big Cliff,4.34,3.42,0.92,1190.29,1112.84,77.45,20.2
2023-05-20,16,2023-05-20T15:00,bcl,Big Cliff,4.32,3.4,0.92,1190.07,1112.85,77.22,20.0
2023-05-20,17,2023-05-20T16:00,bcl,Big Cliff,4.37,3.42,0.95,1192.03,1112.97,79.06,20.6
2023-05-20,18,2023-05-20T17:00,bcl,Big Cliff,4.43,3.46,0.97,1193.73,1113.0,80.73,21.3
2023-05-20,19,2023-05-20T18:00,bcl,Big Cliff,4.47,3.48,0.99,1195.28,1113.04,82.24,21.8
2023-05-20,20,2023-05-20T19:00,bcl,Big Cliff,4.39,3.38,1.01,1196.79,1112.99,83.8,21.6
2023-05-20,21,2023-05-20T20:00,bcl,Big Cliff,4.39,3.38,1.01,1196.61,1112.95,83.66,21.6
2023-05-20,22,2023-05-20T21:00,bcl,Big Cliff,4.37,3.37,1.0,1196.23,1112.95,83.28,21.4
2023-05-20,23,2023-05-20T22:00,bcl,Big Cliff,4.36,3.36,1.0,1195.85,1112.91,82.94,21.3
2023-05-20,24,2023-05-20T23:00,bcl,Big Cliff,4.39,3.4,0.99,1194.95,1112.97,81.98,21.3
2023-05-21,1,2023-05-21T00:00,bcl,Big Cliff,4.39,3.41,0.98,1194.21,1112.95,81.26,21.1
2023-05-21,2,2023-05-21T01:00,bcl,Big Cliff,4.37,3.4,0.97,1193.45,1112.92,80.53,20.9
2023-05-21,3,2023-05-21T02:00,bcl,Big Cliff,4.37,3.42,0.95,1192.69,1112.91,79.78,20.8
2023-05-21,4,2023-05-21T03:00,bcl,Big Cliff,4.34,3.39,0.95,1191.94,1112.84,79.1,20.5
2023-05-21,5,2023-05-21T04:00,bcl,Big Cliff,4.36,3.43,0.93,1191.18,1112.91,78.27,20.5
2023-05-21,6,2023-05-21T05:00,bcl,Big Cliff,4.23,3.31,0.92,1190.55,1112.66,77.89,19.7
2023-05-21,7,2023-05-21T06:00,bcl,Big Cliff,4.05,3.1,0.95,1192.02,1112.62,79.4,18.8
2023-05-21,8,2023-05-21T07:00,bcl,Big Cliff,3.87,2.94,0.93,1191.29,1112.36,78.93,17.7
2023-05-21,9,2023-05-21T08:00,bcl,Big Cliff,3.65,2.73,0.92,1190.31,1112.18,78.13,16.3
2023-05-21,10,2023-05-21T09:00,bcl,Big Cliff,3.57,2.66,0.91,1189.43,1112.11,77.32,15.7
2023-05-21,11,2023-05-21T10:00,bcl,Big Cliff,3.59,2.7,0.89,1188.58,1112.11,76.47,15.8
2023-05-21,12,2023-05-21T11:00,bcl,Big Cliff,3.61,2.74,0.87,1187.68,1112.23,75.45,15.8
2023-05-21,13,2023-05-21T12:00,bcl,Big Cliff,3.63,2.77,0.86,1186.73,1112.17,74.56,15.8
2023-05-21,14,2023-05-21T13:00,bcl,Big Cliff,3.59,2.74,0.85,1185.8,1112.15,73.65,15.4
2023-05-21,15,2023-05-21T14:00,bcl,Big Cliff,3.59,2.75,0.84,1184.86,1112.17,72.69,15.3
2023-05-21,16,2023-05-21T15:00,bcl,Big Cliff,3.7,2.84,0.86,1186.66,1112.27,74.39,16.1
2023-05-21,17,2023-05-21T16:00,bcl,Big Cliff,3.61,2.72,0.89,1188.84,1112.15,76.69,15.9
2023-05-21,18,2023-05-21T17:00,bcl,Big Cliff,3.65,2.72,0.93,1190.91,1112.22,78.69,16.3
2023-05-21,19,2023-05-21T18:00,bcl,Big Cliff,3.72,2.76,0.96,1192.85,1112.28,80.57,17.0
2023-05-21,20,2023-05-21T19:00,bcl,Big Cliff,3.65,2.67,0.98,1194.53,1112.17,82.36,16.8
2023-05-21,21,2023-05-21T20:00,bcl,Big Cliff,3.63,2.65,0.98,1194.38,1112.16,82.22,16.6
2023-05-21,22,2023-05-21T21:00,bcl,Big Cliff,3.61,2.63,0.98,1194.01,1112.15,81.86,16.4
2023-05-21,23,2023-05-21T22:00,bcl,Big Cliff,3.57,2.6,0.97,1193.75,1112.07,81.68,16.2
2023-05-21,24,2023-05-21T23:00,bcl,Big Cliff,3.56,2.59,0.97,1193.65,1112.08,81.57,16.1
2023-05-22,1,2023-05-22T00:00,bcl,Big Cliff,3.59,2.62,0.97,1193.6,1112.12,81.48,16.3
2023-05-22,2,2023-05-22T01:00,bcl,Big Cliff,3.61,2.64,0.97,1193.61,1112.14,81.47,16.4
2023-05-22,3,2023-05-22T02:00,bcl,Big Cliff,3.57,2.6,0.97,1193.67,1112.13,81.54,16.2
2023-05-22,4,2023-05-22T03:00,bcl,Big Cliff,3.57,2.6,0.97,1193.71,1112.12,81.59,16.2
2023-05-22,5,2023-05-22T04:00,bcl,Big Cliff,3.59,2.62,0.97,1193.76,1112.11,81.65,16.3
2023-05-22,6,2023-05-22T05:00,bcl,Big Cliff,3.49,2.51,0.98,1193.93,1111.97,81.96,15.7
2023-05-22,7,2023-05-22T06:00,bcl,Big Cliff,3.28,2.31,0.97,1193.59,1111.64,81.95,14.4
2023-05-22,8,2023-05-22T07:00,bcl,Big Cliff,3.49,2.53,0.96,1192.98,1111.84,81.14,15.7
2023-05-22,9,2023-05-22T08:00,bcl,Big Cliff,3.23,3.23,0.0,1192.4,1111.46,80.94,19.9
2023-05-22,10,2023-05-22T09:00,bcl,Big Cliff,2.95,2.95,0.0,1192.07,1111.36,80.71,18.2
2023-05-22,11,2023-05-22T10:00,bcl,Big Cliff,3.06,3.06,0.0,1191.69,1111.36,80.33,18.8
2023-05-22,12,2023-05-22T11:00,bcl,Big Cliff,3.05,3.05,0.0,1191.28,1111.41,79.87,18.6
2023-05-22,13,2023-05-22T12:00,bcl,Big Cliff,3.05,3.05,0.0,1190.89,1111.35,79.54,18.5
2023-05-22,14,2023-05-22T13:00,bcl,Big Cliff,3.03,3.03,0.0,1190.49,1111.35,79.14,18.3
2023-05-22,15,2023-05-22T14:00,bcl,Big Cliff,3.03,3.03,0.0,1190.11,1111.38,78.73,18.2
2023-05-22,16,2023-05-22T15:00,bcl,Big Cliff,3.05,3.05,0.0,1189.72,1111.38,78.34,18.2
2023-05-22,17,2023-05-22T16:00,bcl,Big Cliff,3.03,3.03,0.0,1189.33,1111.34,77.99,18.0
2023-05-22,18,2023-05-22T17:00,bcl,Big Cliff,3.03,3.03,0.0,1188.95,1111.37,77.58,17.9
2023-05-22,19,2023-05-22T18:00,bcl,Big Cliff,3.0,3.0,0.0,1188.58,1111.34,77.24,17.7
2023-05-22,20,2023-05-22T19:00,bcl,Big Cliff,3.0,3.0,0.0,1190.66,1111.33,79.33,18.2
2023-05-22,21,2023-05-22T20:00,bcl,Big Cliff,3.05,3.05,0.0,1191.59,1111.45,80.14,18.6
2023-05-22,22,2023-05-22T21:00,bcl,Big Cliff,2.9,2.9,0.0,1192.29,1111.23,81.06,17.9
2023-05-22,23,2023-05-22T22:00,bcl,Big Cliff,2.95,2.95,0.0,1193.02,1111.33,81.69,18.4
2023-05-22,24,2023-05-22T23:00,bcl,Big Cliff,2.95,2.95,0.0,1193.73,1111.29,82.44,18.6
2023-05-23,1,2023-05-23T00:00,bcl,Big Cliff,2.98,2.98,0.0,1194.4,1111.36,83.04,18.9
2023-05-23,2,2023-05-23T01:00,bcl,Big Cliff,3.03,3.03,0.0,1194.69,1111.39,83.3,19.3
2023-05-23,3,2023-05-23T02:00,bcl,Big Cliff,3.03,3.03,0.0,1194.43,1111.37,83.06,19.2
2023-05-23,4,2023-05-23T03:00,bcl,Big Cliff,3.03,3.03,0.0,1194.13,1111.38,82.75,19.1
2023-05-23,5,2023-05-23T04:00,bcl,Big Cliff,3.01,3.01,0.0,1193.84,1111.36,82.48,18.9
2023-05-23,6,2023-05-23T05:00,bcl,Big Cliff,3.03,3.03,0.0,1193.58,1111.36,82.22,19.0
2023-05-23,7,2023-05-23T06:00,bcl,Big Cliff,2.87,2.87,0.0,1193.42,1111.18,82.24,18.0
2023-05-23,8,2023-05-23T07:00,bcl,Big Cliff,2.75,2.75,0.0,1193.25,1111.02,82.23,17.3
2023-05-23,9,2023-05-23T08:00,bcl,Big Cliff,2.64,2.64,0.0,1193.15,1110.86,82.29,16.6
2023-05-23,10,2023-05-23T09:00,bcl,Big Cliff,2.48,2.48,0.0,1193.19,1110.65,82.54,15.6
2023-05-23,11,2023-05-23T10:00,bcl,Big Cliff,2.44,2.44,0.0,1193.3,1110.7,82.6,15.4
2023-05-23,12,2023-05-23T11:00,bcl,Big Cliff,2.44,2.44,0.0,1193.41,1110.7,82.71,15.4
2023-05-23,13,2023-05-23T12:00,bcl,Big Cliff,2.44,2.44,0.0,1193.53,1110.64,82.89,15.4
2023-05-23,14,2023-05-23T13:00,bcl,Big Cliff,2.42,2.42,0.0,1193.65,1110.66,82.99,15.3
2023-05-23,15,2023-05-23T14:00,bcl,Big Cliff,2.42,2.42,0.0,1193.75,1110.67,83.08,15.3
2023-05-23,16,2023-05-23T15:00,bcl,Big Cliff,2.45,2.45,0.0,1193.87,1110.71,83.16,15.5
2023-05-23,17,2023-05-23T16:00,bcl,Big Cliff,2.44,2.44,0.0,1193.99,1110.64,83.35,15.5
2023-05-23,18,2023-05-23T17:00,bcl,Big Cliff,2.44,2.44,0.0,1194.08,1110.69,83.39,15.5
2023-05-23,19,2023-05-23T18:00,bcl,Big Cliff,2.47,2.47,0.0,1194.19,1110.71,83.48,15.7
2023-05-23,20,2023-05-23T19:00,bcl,Big Cliff,2.45,2.45,0.0,1194.29,1110.64,83.65,15.6
2023-05-23,21,2023-05-23T20:00,bcl,Big Cliff,2.45,2.45,0.0,1194.62,1110.67,83.95,15.7
2023-05-23,22,2023-05-23T21:00,bcl,Big Cliff,2.42,2.42,0.0,1194.79,1110.64,84.15,15.5
2023-05-23,23,2023-05-23T22:00,bcl,Big Cliff,2.45,2.45,0.0,1194.95,1110.72,84.23,15.7
2023-05-23,24,2023-05-23T23:00,bcl,Big Cliff,2.48,2.48,0.0,1195.11,1110.78,84.33,16.0
2023-05-24,1,2023-05-24T00:00,bcl,Big Cliff,2.45,2.45,0.0,1195.28,1110.68,84.6,15.8
2023-05-24,2,2023-05-24T01:00,bcl,Big Cliff,2.45,2.45,0.0,1195.16,1110.71,84.45,15.8
2023-05-24,3,2023-05-24T02:00,bcl,Big Cliff,2.45,2.45,0.0,1194.48,1110.61,83.87,15.7
2023-05-24,4,2023-05-24T03:00,bcl,Big Cliff,2.44,2.44,0.0,1193.74,1110.62,83.12,15.5
2023-05-24,5,2023-05-24T04:00,bcl,Big Cliff,2.38,2.38,0.0,1193.05,1110.54,82.51,15.0
2023-05-24,6,2023-05-24T05:00,bcl,Big Cliff,2.34,2.34,0.0,1192.41,1110.49,81.92,14.6
2023-05-24,7,2023-05-24T06:00,bcl,Big Cliff,2.27,2.27,0.0,1192.67,1110.36,82.31,14.3
2023-05-24,8,2023-05-24T07:00,bcl,Big Cliff,2.09,2.09,0.0,1193.0,1110.16,82.84,13.2
2023-05-24,9,2023-05-24T08:00,bcl,Big Cliff,2.08,2.08,0.0,1193.39,1110.17,83.22,13.2
2023-05-24,10,2023-05-24T09:00,bcl,Big Cliff,1.98,1.98,0.0,1193.84,1110.05,83.79,12.7
2023-05-24,11,2023-05-24T10:00,bcl,Big Cliff,1.99,1.99,0.0,1194.31,1110.04,84.27,12.8
2023-05-24,12,2023-05-24T11:00,bcl,Big Cliff,1.99,1.99,0.0,1194.79,1110.04,84.75,12.9
2023-05-24,13,2023-05-24T12:00,bcl,Big Cliff,1.99,1.99,0.0,1195.25,1110.08,85.17,12.9
2023-05-24,14,2023-05-24T13:00,bcl,Big Cliff,1.99,1.99,0.0,1195.71,1110.03,85.68,13.0
2023-05-24,15,2023-05-24T14:00,bcl,Big Cliff,2.0,2.0,0.0,1196.15,1110.07,86.08,13.1
2023-05-24,16,2023-05-24T15:00,bcl,Big Cliff,1.99,1.99,0.0,1196.6,1110.08,86.52,13.1
2023-05-24,17,2023-05-24T16:00,bcl,Big Cliff,2.01,2.01,0.0,1197.03,1110.13,86.9,13.3
2023-05-24,18,2023-05-24T17:00,bcl,Big Cliff,2.01,2.01,0.0,1197.47,1110.12,87.35,13.4
2023-05-24,19,2023-05-24T18:00,bcl,Big Cliff,2.04,2.04,0.0,1197.87,1110.15,87.72,13.7
2023-05-24,20,2023-05-24T19:00,bcl,Big Cliff,2.03,2.03,0.0,1198.27,1110.14,88.13,13.7
2023-05-24,21,2023-05-24T20:00,bcl,Big Cliff,2.01,2.01,0.0,1197.95,1110.11,87.84,13.5
2023-05-24,22,2023-05-24T21:00,bcl,Big Cliff,2.01,2.01,0.0,1197.57,1110.12,87.45,13.4
2023-05-24,23,2023-05-24T22:00,bcl,Big Cliff,2.01,2.01,0.0,1197.23,1110.09,87.14,13.4
2023-05-24,24,2023-05-24T23:00,bcl,Big Cliff,2.01,2.01,0.0,1196.87,1110.07,86.8,13.3
2023-05-25,1,2023-05-25T00:00,bcl,Big Cliff,2.01,2.01,0.0,1196.51,1110.07,86.44,13.3
2023-05-25,2,2023-05-25T01:00,bcl,Big Cliff,2.0,2.0,0.0,1196.16,1110.11,86.05,13.1
2023-05-25,3,2023-05-25T02:00,bcl,Big Cliff,2.0,2.0,0.0,1195.8,1110.11,85.69,13.1
2023-05-25,4,2023-05-25T03:00,bcl,Big Cliff,2.0,2.0,0.0,1195.45,1110.08,85.37,13.0
2023-05-25,5,2023-05-25T04:00,bcl,Big Cliff,2.01,2.01,0.0,1195.07,1110.08,84.99,13.0
2023-05-25,6,2023-05-25T05:00,bcl,Big Cliff,1.99,1.99,0.0,1194.75,1110.04,84.71,12.9
2023-05-25,7,2023-05-25T06:00,bcl,Big Cliff,1.99,1.99,0.0,1195.25,1110.07,85.18,12.9
2023-05-25,8,2023-05-25T07:00,bcl,Big Cliff,1.99,1.99,0.0,1195.69,1110.05,85.64,13.0
2023-05-25,9,2023-05-25T08:00,bcl,Big Cliff,2.0,2.0,0.0,1196.11,1110.06,86.05,13.1
2023-05-25,10,2023-05-25T09:00,bcl,Big Cliff,2.01,2.01,0.0,1196.55,1110.1,86.45,13.3
2023-05-25,11,2023-05-25T10:00,bcl,Big Cliff,1.99,1.99,0.0,1196.97,1110.07,86.9,13.2
2023-05-25,12,2023-05-25T11:00,bcl,Big Cliff,2.03,2.03,0.0,1197.39,1110.15,87.24,13.5
2023-05-25,13,2023-05-25T12:00,bcl,Big Cliff,2.03,2.03,0.0,1197.79,1110.2,87.59,13.6
2023-05-25,14,2023-05-25T13:00,bcl,Big Cliff,2.04,2.04,0.0,1198.19,1110.09,88.1,13.7
2023-05-25,15,2023-05-25T14:00,bcl,Big Cliff,2.03,2.03,0.0,1198.59,1110.08,88.51,13.7
2023-05-25,16,2023-05-25T15:00,bcl,Big Cliff,2.03,2.03,0.0,1198.99,1110.16,88.83,13.8
2023-05-25,17,2023-05-25T16:00,bcl,Big Cliff,2.03,2.03,0.0,1199.37,1110.15,89.22,13.8
2023-05-25,18,2023-05-25T17:00,bcl,Big Cliff,2.07,2.07,0.0,1199.75,1110.21,89.54,14.1
2023-05-25,19,2023-05-25T18:00,bcl,Big Cliff,2.08,2.08,0.0,1200.11,1110.17,89.94,14.3
2023-05-25,20,2023-05-25T19:00,bcl,Big Cliff,2.07,2.07,0.0,1200.47,1110.22,90.25,14.3
2023-05-25,21,2023-05-25T20:00,bcl,Big Cliff,2.07,2.07,0.0,1200.17,1110.17,90.0,14.2
2023-05-25,22,2023-05-25T21:00,bcl,Big Cliff,2.07,2.07,0.0,1199.81,1110.21,89.6,14.2
2023-05-25,23,2023-05-25T22:00,bcl,Big Cliff,2.04,2.04,0.0,1199.45,1110.14,89.31,13.9
2023-05-25,24,2023-05-25T23:00,bcl,Big Cliff,2.07,2.07,0.0,1199.08,1110.11,88.97,14.1
2023-05-26,1,2023-05-26T00:00,bcl,Big Cliff,2.04,2.04,0.0,1198.71,1110.16,88.55,13.8
2023-05-26,2,2023-05-26T01:00,bcl,Big Cliff,2.05,2.05,0.0,1198.34,1110.2,88.14,13.8
2023-05-26,3,2023-05-26T02:00,bcl,Big Cliff,2.04,2.04,0.0,1197.98,1110.12,87.86,13.7
2023-05-26,4,2023-05-26T03:00,bcl,Big Cliff,2.04,2.04,0.0,1197.61,1110.14,87.47,13.6
2023-05-26,5,2023-05-26T04:00,bcl,Big Cliff,1.98,1.98,0.0,1197.25,1110.03,87.22,13.2
2023-05-26,6,2023-05-26T05:00,bcl,Big Cliff,1.95,1.95,0.0,1195.91,1109.97,85.94,12.8
2023-05-26,7,2023-05-26T06:00,bcl,Big Cliff,1.86,1.86,0.0,1194.54,1109.86,84.68,12.0
2023-05-26,8,2023-05-26T07:00,bcl,Big Cliff,1.77,1.77,0.0,1194.88,1109.77,85.11,11.5
2023-05-26,9,2023-05-26T08:00,bcl,Big Cliff,1.77,1.77,0.0,1195.5,1109.77,85.73,11.6
2023-05-26,10,2023-05-26T09:00,bcl,Big Cliff,1.78,1.78,0.0,1196.11,1109.82,86.29,11.7
2023-05-26,11,2023-05-26T10:00,bcl,Big Cliff,1.78,1.78,0.0,1196.75,1109.76,86.99,11.8
2023-05-26,12,2023-05-26T11:00,bcl,Big Cliff,1.78,1.78,0.0,1197.34,1109.81,87.53,11.9
2023-05-26,13,2023-05-26T12:00,bcl,Big Cliff,1.79,1.79,0.0,1197.94,1109.82,88.12,12.0
2023-05-26,14,2023-05-26T13:00,bcl,Big Cliff,1.78,1.78,0.0,1198.53,1109.81,88.72,12.0
2023-05-26,15,2023-05-26T14:00,bcl,Big Cliff,1.79,1.79,0.0,1199.11,1109.79,89.32,12.2
2023-05-26,16,2023-05-26T15:00,bcl,Big Cliff,1.79,1.79,0.0,1199.62,1109.82,89.8,12.3
2023-05-26,17,2023-05-26T16:00,bcl,Big Cliff,1.81,1.81,0.0,1200.07,1109.89,90.18,12.5
2023-05-26,18,2023-05-26T17:00,bcl,Big Cliff,1.81,1.81,0.0,1200.53,1109.79,90.74,12.5
2023-05-26,19,2023-05-26T18:00,bcl,Big Cliff,1.8,1.8,0.0,1200.99,1109.83,91.16,12.5
2023-05-26,20,2023-05-26T19:00,bcl,Big Cliff,1.79,1.79,0.0,1201.44,1109.83,91.61,12.5
2023-05-26,21,2023-05-26T20:00,bcl,Big Cliff,1.8,1.8,0.0,1201.32,1109.82,91.5,12.6
2023-05-26,22,2023-05-26T21:00,bcl,Big Cliff,1.8,1.8,0.0,1201.14,1109.8,91.34,12.5
2023-05-26,23,2023-05-26T22:00,bcl,Big Cliff,1.79,1.79,0.0,1200.96,1109.81,91.15,12.4
2023-05-26,24,2023-05-26T23:00,bcl,Big Cliff,1.79,1.79,0.0,1200.79,1109.81,90.98,12.4
2023-05-27,1,2023-05-27T00:00,bcl,Big Cliff,1.79,1.79,0.0,1200.52,1109.8,90.72,12.4
2023-05-27,2,2023-05-27T01:00,bcl,Big Cliff,1.79,1.79,0.0,1200.21,1109.81,90.4,12.3
2023-05-27,3,2023-05-27T02:00,bcl,Big Cliff,1.79,1.79,0.0,1199.93,1109.8,90.13,12.3
2023-05-27,4,2023-05-27T03:00,bcl,Big Cliff,1.79,1.79,0.0,1199.64,1109.83,89.81,12.3
2023-05-27,5,2023-05-27T04:00,bcl,Big Cliff,1.78,1.78,0.0,1199.09,1109.82,89.27,12.1
2023-05-27,6,2023-05-27T05:00,bcl,Big Cliff,1.77,1.77,0.0,1197.95,1109.75,88.2,11.9
2023-05-27,7,2023-05-27T06:00,bcl,Big Cliff,1.75,1.75,0.0,1198.39,1109.79,88.6,11.8
2023-05-27,8,2023-05-27T07:00,bcl,Big Cliff,1.78,1.78,0.0,1198.98,1109.81,89.17,12.1
2023-05-27,9,2023-05-27T08:00,bcl,Big Cliff,1.75,1.75,0.0,1197.97,1109.8,88.17,11.8
2023-05-27,10,2023-05-27T09:00,bcl,Big Cliff,1.77,1.77,0.0,1196.77,1109.76,87.01,11.8
2023-05-27,11,2023-05-27T10:00,bcl,Big Cliff,1.75,1.75,0.0,1197.1,1109.77,87.33,11.7
2023-05-27,12,2023-05-27T11:00,bcl,Big Cliff,1.77,1.77,0.0,1197.64,1109.8,87.84,11.9
2023-05-27,13,2023-05-27T12:00,bcl,Big Cliff,1.77,1.77,0.0,1198.15,1109.77,88.38,11.9
2023-05-27,14,2023-05-27T13:00,bcl,Big Cliff,1.77,1.77,0.0,1198.67,1109.81,88.86,12.0
2023-05-27,15,2023-05-27T14:00,bcl,Big Cliff,1.78,1.78,0.0,1199.17,1109.81,89.36,12.1
2023-05-27,16,2023-05-27T15:00,bcl,Big Cliff,1.77,1.77,0.0,1199.68,1109.8,89.88,12.1
2023-05-27,17,2023-05-27T16:00,bcl,Big Cliff,1.78,1.78,0.0,1200.14,1109.87,90.27,12.3
2023-05-27,18,2023-05-27T17:00,bcl,Big Cliff,1.79,1.79,0.0,1200.64,1109.83,90.81,12.4
2023-05-27,19,2023-05-27T18:00,bcl,Big Cliff,1.8,1.8,0.0,1201.17,1109.87,91.3,12.5
2023-05-27,20,2023-05-27T19:00,bcl,Big Cliff,1.79,1.79,0.0,1201.71,1109.83,91.88,12.5
2023-05-27,21,2023-05-27T20:00,bcl,Big Cliff,1.79,1.79,0.0,1201.32,1109.82,91.5,12.5
2023-05-27,22,2023-05-27T21:00,bcl,Big Cliff,1.8,1.8,0.0,1201.02,1109.81,91.21,12.5
2023-05-27,23,2023-05-27T22:00,bcl,Big Cliff,1.79,1.79,0.0,1200.74,1109.83,90.91,12.4
2023-05-27,24,2023-05-27T23:00,bcl,Big Cliff,1.78,1.78,0.0,1200.44,1109.83,90.61,12.3
2023-05-28,1,2023-05-28T00:00,bcl,Big Cliff,1.79,1.79,0.0,1200.13,1109.83,90.3,12.3
2023-05-28,2,2023-05-28T01:00,bcl,Big Cliff,1.79,1.79,0.0,1199.83,1109.8,90.03,12.3
2023-05-28,3,2023-05-28T02:00,bcl,Big Cliff,1.79,1.79,0.0,1199.53,1109.83,89.7,12.3
2023-05-28,4,2023-05-28T03:00,bcl,Big Cliff,1.79,1.79,0.0,1198.45,1109.79,88.66,12.1
2023-05-28,5,2023-05-28T04:00,bcl,Big Cliff,1.77,1.77,0.0,1197.22,1109.75,87.47,11.8
2023-05-28,6,2023-05-28T05:00,bcl,Big Cliff,1.74,1.74,0.0,1195.98,1109.76,86.22,11.4
2023-05-28,7,2023-05-28T06:00,bcl,Big Cliff,1.68,1.68,0.0,1196.35,1109.68,86.67,11.1
2023-05-28,8,2023-05-28T07:00,bcl,Big Cliff,1.66,1.66,0.0,1196.95,1109.64,87.31,11.1
2023-05-28,9,2023-05-28T08:00,bcl,Big Cliff,1.63,1.63,0.0,1196.01,1109.6,86.41,10.7
2023-05-28,10,2023-05-28T09:00,bcl,Big Cliff,1.59,1.59,0.0,1194.87,1109.54,85.33,10.4
2023-05-28,11,2023-05-28T10:00,bcl,Big Cliff,1.58,1.58,0.0,1195.35,1109.55,85.8,10.3
2023-05-28,12,2023-05-28T11:00,bcl,Big Cliff,1.58,1.58,0.0,1196.07,1109.56,86.51,10.4
2023-05-28,13,2023-05-28T12:00,bcl,Big Cliff,1.59,1.59,0.0,1196.82,1109.52,87.3,10.6
2023-05-28,14,2023-05-28T13:00,bcl,Big Cliff,1.57,1.57,0.0,1197.58,1109.51,88.07,10.5
2023-05-28,15,2023-05-28T14:00,bcl,Big Cliff,1.56,1.56,0.0,1198.32,1109.51,88.81,10.6
2023-05-28,16,2023-05-28T15:00,bcl,Big Cliff,1.58,1.58,0.0,1199.05,1109.52,89.53,10.8
2023-05-28,17,2023-05-28T16:00,bcl,Big Cliff,1.59,1.59,0.0,1199.77,1109.52,90.25,10.9
2023-05-28,18,2023-05-28T17:00,bcl,Big Cliff,1.59,1.59,0.0,1200.47,1109.52,90.95,11.0
2023-05-28,19,2023-05-28T18:00,bcl,Big Cliff,1.59,1.59,0.0,1201.15,1109.57,91.58,11.1
2023-05-28,20,2023-05-28T19:00,bcl,Big Cliff,1.58,1.58,0.0,1201.82,1109.56,92.26,11.1
2023-05-28,21,2023-05-28T20:00,bcl,Big Cliff,1.58,1.58,0.0,1200.91,1109.54,91.37,11.0
2023-05-28,22,2023-05-28T21:00,bcl,Big Cliff,1.57,1.57,0.0,1199.9,1109.54,90.36,10.8
2023-05-28,23,2023-05-28T22:00,bcl,Big Cliff,1.58,1.58,0.0,1199.71,1109.48,90.23,10.9
2023-05-28,24,2023-05-28T23:00,bcl,Big Cliff,1.57,1.57,0.0,1199.6,1109.54,90.06,10.8
2023-05-29,1,2023-05-29T00:00,bcl,Big Cliff,1.57,1.57,0.0,1199.49,1109.56,89.93,10.8
2023-05-29,2,2023-05-29T01:00,bcl,Big Cliff,1.57,1.57,0.0,1199.36,1109.52,89.84,10.8
2023-05-29,3,2023-05-29T02:00,bcl,Big Cliff,1.57,1.57,0.0,1199.25,1109.5,89.75,10.8
2023-05-29,4,2023-05-29T03:00,bcl,Big Cliff,1.56,1.56,0.0,1198.29,1109.48,88.81,10.6
2023-05-29,5,2023-05-29T04:00,bcl,Big Cliff,1.57,1.57,0.0,1197.23,1109.5,87.73,10.5
2023-05-29,6,2023-05-29T05:00,bcl,Big Cliff,1.53,1.53,0.0,1196.14,1109.45,86.69,10.1
2023-05-29,7,2023-05-29T06:00,bcl,Big Cliff,1.53,1.53,0.0,1196.69,1109.47,87.22,10.2
2023-05-29,8,2023-05-29T07:00,bcl,Big Cliff,1.55,1.55,0.0,1197.45,1109.55,87.9,10.4
2023-05-29,9,2023-05-29T08:00,bcl,Big Cliff,1.55,1.55,0.0,1196.63,1109.47,87.16,10.3
2023-05-29,10,2023-05-29T09:00,bcl,Big Cliff,1.56,1.56,0.0,1195.51,1109.5,86.01,10.2
2023-05-29,11,2023-05-29T10:00,bcl,Big Cliff,1.56,1.56,0.0,1196.05,1109.47,86.58,10.3
2023-05-29,12,2023-05-29T11:00,bcl,Big Cliff,1.56,1.56,0.0,1196.84,1109.46,87.38,10.4
2023-05-29,13,2023-05-29T12:00,bcl,Big Cliff,1.55,1.55,0.0,1197.6,1109.5,88.1,10.4
2023-05-29,14,2023-05-29T13:00,bcl,Big Cliff,1.56,1.56,0.0,1198.28,1109.48,88.8,10.6
2023-05-29,15,2023-05-29T14:00,bcl,Big Cliff,1.56,1.56,0.0,1198.94,1109.53,89.41,10.6
2023-05-29,16,2023-05-29T15:00,bcl,Big Cliff,1.57,1.57,0.0,1199.59,1109.54,90.05,10.8
2023-05-29,17,2023-05-29T16:00,bcl,Big Cliff,1.57,1.57,0.0,1200.19,1109.51,90.68,10.9
2023-05-29,18,2023-05-29T17:00,bcl,Big Cliff,1.58,1.58,0.0,1200.81,1109.51,91.3,11.0
2023-05-29,19,2023-05-29T18:00,bcl,Big Cliff,1.59,1.59,0.0,1201.49,1109.52,91.97,11.2
2023-05-29,20,2023-05-29T19:00,bcl,Big Cliff,1.59,1.59,0.0,1202.15,1109.54,92.61,11.2
2023-05-29,21,2023-05-29T20:00,bcl,Big Cliff,1.58,1.58,0.0,1201.23,1109.54,91.69,11.1
2023-05-29,22,2023-05-29T21:00,bcl,Big Cliff,1.58,1.58,0.0,1200.21,1109.49,90.72,10.9
2023-05-29,23,2023-05-29T22:00,bcl,Big Cliff,1.57,1.57,0.0,1200.05,1109.55,90.5,10.8
2023-05-29,24,2023-05-29T23:00,bcl,Big Cliff,1.57,1.57,0.0,1199.95,1109.56,90.39,10.8
2023-05-30,1,2023-05-30T00:00,bcl,Big Cliff,1.56,1.56,0.0,1199.83,1109.49,90.34,10.8
2023-05-30,2,2023-05-30T01:00,bcl,Big Cliff,1.57,1.57,0.0,1199.72,1109.52,90.2,10.8
2023-05-30,3,2023-05-30T02:00,bcl,Big Cliff,1.57,1.57,0.0,1199.34,1109.5,89.84,10.8
2023-05-30,4,2023-05-30T03:00,bcl,Big Cliff,1.57,1.57,0.0,1198.3,1109.53,88.77,10.6
2023-05-30,5,2023-05-30T04:00,bcl,Big Cliff,1.57,1.57,0.0,1197.24,1109.51,87.73,10.5
2023-05-30,6,2023-05-30T05:00,bcl,Big Cliff,1.56,1.56,0.0,1196.15,1109.5,86.65,10.3
2023-05-30,7,2023-05-30T06:00,bcl,Big Cliff,1.56,1.56,0.0,1196.69,1109.52,87.17,10.4
2023-05-30,8,2023-05-30T07:00,bcl,Big Cliff,1.56,1.56,0.0,1197.45,1109.48,87.97,10.5
2023-05-30,9,2023-05-30T08:00,bcl,Big Cliff,1.57,1.57,0.0,1196.62,1109.54,87.08,10.4
2023-05-30,10,2023-05-30T09:00,bcl,Big Cliff,1.55,1.55,0.0,1195.51,1109.54,85.97,10.2
2023-05-30,11,2023-05-30T10:00,bcl,Big Cliff,1.55,1.55,0.0,1196.03,1109.42,86.61,10.2
2023-05-30,12,2023-05-30T11:00,bcl,Big Cliff,1.51,1.51,0.0,1196.85,1109.46,87.39,10.1
2023-05-30,13,2023-05-30T12:00,bcl,Big Cliff,1.52,1.52,0.0,1197.64,1109.47,88.17,10.2
2023-05-30,14,2023-05-30T13:00,bcl,Big Cliff,1.52,1.52,0.0,1198.43,1109.51,88.92,10.3
2023-05-30,15,2023-05-30T14:00,bcl,Big Cliff,1.51,1.51,0.0,1199.19,1109.43,89.76,10.3
2023-05-30,16,2023-05-30T15:00,bcl,Big Cliff,1.52,1.52,0.0,1199.94,1109.42,90.52,10.5
2023-05-30,17,2023-05-30T16:00,bcl,Big Cliff,1.55,1.55,0.0,1200.66,1109.51,91.15,10.8
2023-05-30,18,2023-05-30T17:00,bcl,Big Cliff,1.55,1.55,0.0,1201.3,1109.49,91.81,10.9
2023-05-30,19,2023-05-30T18:00,bcl,Big Cliff,1.56,1.56,0.0,1201.92,1109.53,92.39,11.0
2023-05-30,20,2023-05-30T19:00,bcl,Big Cliff,1.56,1.56,0.0,1202.51,1109.51,93.0,11.1
2023-05-30,21,2023-05-30T20:00,bcl,Big Cliff,1.56,1.56,0.0,1201.62,1109.53,92.09,11.0
2023-05-30,22,2023-05-30T21:00,bcl,Big Cliff,1.53,1.53,0.0,1200.63,1109.47,91.16,10.6
2023-05-30,23,2023-05-30T22:00,bcl,Big Cliff,1.55,1.55,0.0,1200.16,1109.51,90.65,10.7
2023-05-30,24,2023-05-30T23:00,bcl,Big Cliff,1.55,1.55,0.0,1200.07,1109.51,90.56,10.7
2023-05-31,1,2023-05-31T00:00,bcl,Big Cliff,1.55,1.55,0.0,1199.98,1109.53,90.45,10.7
2023-05-31,2,2023-05-31T01:00,bcl,Big Cliff,1.56,1.56,0.0,1199.88,1109.54,90.34,10.8
2023-05-31,3,2023-05-31T02:00,bcl,Big Cliff,1.57,1.57,0.0,1199.37,1109.51,89.86,10.8
2023-05-31,4,2023-05-31T03:00,bcl,Big Cliff,1.56,1.56,0.0,1198.32,1109.5,88.82,10.6
2023-05-31,5,2023-05-31T04:00,bcl,Big Cliff,1.56,1.56,0.0,1197.26,1109.54,87.72,10.4
2023-05-31,6,2023-05-31T05:00,bcl,Big Cliff,1.55,1.55,0.0,1196.17,1109.5,86.67,10.3
2023-05-31,7,2023-05-31T06:00,bcl,Big Cliff,1.53,1.53,0.0,1196.73,1109.49,87.24,10.2
2023-05-31,8,2023-05-31T07:00,bcl,Big Cliff,1.53,1.53,0.0,1197.49,1109.52,87.97,10.3
2023-05-31,9,2023-05-31T08:00,bcl,Big Cliff,1.56,1.56,0.0,1198.22,1109.55,88.67,10.6
2023-05-31,10,2023-05-31T09:00,bcl,Big Cliff,1.56,1.56,0.0,1198.94,1109.49,89.45,10.6
2023-05-31,11,2023-05-31T10:00,bcl,Big Cliff,1.57,1.57,0.0,1199.62,1109.49,90.13,10.8
2023-05-31,12,2023-05-31T11:00,bcl,Big Cliff,1.57,1.57,0.0,1200.25,1109.56,90.69,10.9
2023-05-31,13,2023-05-31T12:00,bcl,Big Cliff,1.57,1.57,0.0,1200.91,1109.57,91.34,10.9
2023-05-31,14,2023-05-31T13:00,bcl,Big Cliff,1.56,1.56,0.0,1201.53,1109.5,92.03,11.0
2023-05-31,15,2023-05-31T14:00,bcl,Big Cliff,1.58,1.58,0.0,1202.15,1109.53,92.62,11.2
2023-05-31,16,2023-05-31T15:00,bcl,Big Cliff,1.58,1.58,0.0,1202.77,1109.52,93.25,11.2
2023-05-31,17,2023-05-31T16:00,bcl,Big Cliff,1.6,1.6,0.0,1203.37,1109.56,93.81,11.5
2023-05-31,18,2023-05-31T17:00,bcl,Big Cliff,1.58,1.58,0.0,1203.98,1109.56,94.42,11.4
2023-05-31,19,2023-05-31T18:00,bcl,Big Cliff,1.6,1.6,0.0,1203.08,1109.58,93.5,11.4
2023-05-31,20,2023-05-31T19:00,bcl,Big Cliff,1.57,1.57,0.0,1202.06,1109.54,92.52,11.1
2023-05-31,21,2023-05-31T20:00,bcl,Big Cliff,1.57,1.57,0.0,1201.07,1109.55,91.52,11.0
2023-05-31,22,2023-05-31T21:00,bcl,Big Cliff,1.57,1.57,0.0,1200.03,1109.56,90.47,10.8
2023-05-31,23,2023-05-31T22:00,bcl,Big Cliff,1.56,1.56,0.0,1199.87,1109.54,90.33,10.8
2023-05-31,24,2023-05-31T23:00,bcl,Big Cliff,1.57,1.57,0.0,1199.78,1109.56,90.22,10.8
2023-06-01,1,2023-06-01T00:00,bcl,Big Cliff,1.56,1.56,0.0,1199.67,1109.55,90.12,10.7
2023-06-01,2,2023-06-01T01:00,bcl,Big Cliff,1.56,1.56,0.0,1199.57,1109.52,90.05,10.7
2023-06-01,3,2023-06-01T02:00,bcl,Big Cliff,1.56,1.56,0.0,1199.47,1109.55,89.92,10.7
2023-06-01,4,2023-06-01T03:00,bcl,Big Cliff,1.55,1.55,0.0,1198.42,1109.52,88.9,10.5
2023-06-01,5,2023-06-01T04:00,bcl,Big Cliff,1.55,1.55,0.0,1197.36,1109.48,87.88,10.4
2023-06-01,6,2023-06-01T05:00,bcl,Big Cliff,1.53,1.53,0.0,1196.27,1109.47,86.8,10.1
2023-06-01,7,2023-06-01T06:00,bcl,Big Cliff,1.52,1.52,0.0,1196.78,1109.49,87.29,10.1
2023-06-01,8,2023-06-01T07:00,bcl,Big Cliff,1.52,1.52,0.0,1197.47,1109.46,88.01,10.2
2023-06-01,9,2023-06-01T08:00,bcl,Big Cliff,1.55,1.55,0.0,1198.16,1109.51,88.65,10.5
2023-06-01,10,2023-06-01T09:00,bcl,Big Cliff,1.55,1.55,0.0,1198.84,1109.49,89.35,10.6
2023-06-01,11,2023-06-01T10:00,bcl,Big Cliff,1.56,1.56,0.0,1199.51,1109.55,89.96,10.7
2023-06-01,12,2023-06-01T11:00,bcl,Big Cliff,1.57,1.57,0.0,1200.14,1109.55,90.59,10.9
2023-06-01,13,2023-06-01T12:00,bcl,Big Cliff,1.57,1.57,0.0,1200.78,1109.56,91.22,10.9
2023-06-01,14,2023-06-01T13:00,bcl,Big Cliff,1.57,1.57,0.0,1201.4,1109.52,91.88,11.0
2023-06-01,15,2023-06-01T14:00,bcl,Big Cliff,1.57,1.57,0.0,1202.01,1109.52,92.49,11.1
2023-06-01,16,2023-06-01T15:00,bcl,Big Cliff,1.57,1.57,0.0,1202.62,1109.54,93.08,11.2
2023-06-01,17,2023-06-01T16:00,bcl,Big Cliff,1.57,1.57,0.0,1203.22,1109.5,93.72,11.2
2023-06-01,18,2023-06-01T17:00,bcl,Big Cliff,1.59,1.59,0.0,1203.84,1109.57,94.27,11.4
2023-06-01,19,2023-06-01T18:00,bcl,Big Cliff,1.59,1.59,0.0,1202.91,1109.56,93.35,11.3
2023-06-01,20,2023-06-01T19:00,bcl,Big Cliff,1.57,1.57,0.0,1201.9,1109.51,92.39,11.1
2023-06-01,21,2023-06-01T20:00,bcl,Big Cliff,1.56,1.56,0.0,1200.89,1109.54,91.35,10.9
2023-06-01,22,2023-06-01T21:00,bcl,Big Cliff,1.56,1.56,0.0,1199.87,1109.54,90.33,10.8
2023-06-01,23,2023-06-01T22:00,bcl,Big Cliff,1.57,1.57,0.0,1199.68,1109.52,90.16,10.8
2023-06-01,24,2023-06-01T23:00,bcl,Big Cliff,1.56,1.56,0.0,1199.56,1109.56,90.0,10.7
2023-06-02,1,2023-06-02T00:00,bcl,Big Cliff,1.56,1.56,0.0,1199.47,1109.51,89.96,10.7
2023-06-02,2,2023-06-02T01:00,bcl,Big Cliff,1.56,1.56,0.0,1199.36,1109.49,89.87,10.7
2023-06-02,3,2023-06-02T02:00,bcl,Big Cliff,1.56,1.56,0.0,1199.26,1109.51,89.75,10.7
2023-06-02,4,2023-06-02T03:00,bcl,Big Cliff,1.55,1.55,0.0,1198.21,1109.5,88.71,10.5
2023-06-02,5,2023-06-02T04:00,bcl,Big Cliff,1.53,1.53,0.0,1197.17,1109.5,87.67,10.2
2023-06-02,6,2023-06-02T05:00,bcl,Big Cliff,1.5,1.5,0.0,1196.09,1109.43,86.66,9.9
2023-06-02,7,2023-06-02T06:00,bcl,Big Cliff,1.47,1.47,0.0,1194.99,1109.37,85.62,9.6
2023-06-02,8,2023-06-02T07:00,bcl,Big Cliff,1.44,1.44,0.0,1193.9,1109.33,84.57,9.3
2023-06-02,9,2023-06-02T08:00,bcl,Big Cliff,1.38,1.38,0.0,1192.83,1109.15,83.68,8.8
2023-06-02,10,2023-06-02T09:00,bcl,Big Cliff,1.28,1.28,0.0,1191.83,1109.1,82.73,8.1
2023-06-02,11,2023-06-02T10:00,bcl,Big Cliff,1.29,1.29,0.0,1190.81,1109.1,81.71,8.0
2023-06-02,12,2023-06-02T11:00,bcl,Big Cliff,1.26,1.26,0.0,1191.58,1109.09,82.49,7.9
2023-06-02,13,2023-06-02T12:00,bcl,Big Cliff,1.28,1.28,0.0,1192.64,1109.08,83.56,8.2
2023-06-02,14,2023-06-02T13:00,bcl,Big Cliff,1.27,1.27,0.0,1193.67,1109.06,84.61,8.2
2023-06-02,15,2023-06-02T14:00,bcl,Big Cliff,1.27,1.27,0.0,1194.69,1109.1,85.59,8.3
2023-06-02,16,2023-06-02T15:00,bcl,Big Cliff,1.31,1.31,0.0,1195.67,1109.08,86.59,8.7
2023-06-02,17,2023-06-02T16:00,bcl,Big Cliff,1.3,1.3,0.0,1196.64,1109.12,87.52,8.7
2023-06-02,18,2023-06-02T17:00,bcl,Big Cliff,1.27,1.27,0.0,1197.58,1109.08,88.5,8.6
2023-06-02,19,2023-06-02T18:00,bcl,Big Cliff,1.31,1.31,0.0,1196.93,1109.13,87.8,8.8
2023-06-02,20,2023-06-02T19:00,bcl,Big Cliff,1.27,1.27,0.0,1196.03,1109.06,86.97,8.4
2023-06-02,21,2023-06-02T20:00,bcl,Big Cliff,1.26,1.26,0.0,1195.11,1109.08,86.03,8.3
2023-06-02,22,2023-06-02T21:00,bcl,Big Cliff,1.26,1.26,0.0,1194.71,1109.06,85.65,8.2
2023-06-02,23,2023-06-02T22:00,bcl,Big Cliff,1.27,1.27,0.0,1195.3,1109.06,86.24,8.4
2023-06-02,24,2023-06-02T23:00,bcl,Big Cliff,1.28,1.28,0.0,1195.89,1109.1,86.79,8.5
2023-06-03,1,2023-06-03T00:00,bcl,Big Cliff,1.26,1.26,0.0,1196.49,1109.08,87.41,8.4
2023-06-03,2,2023-06-03T01:00,bcl,Big Cliff,1.26,1.26,0.0,1197.07,1109.12,87.95,8.5
2023-06-03,3,2023-06-03T02:00,bcl,Big Cliff,1.26,1.26,0.0,1197.66,1109.08,88.58,8.5
2023-06-03,4,2023-06-03T03:00,bcl,Big Cliff,1.28,1.28,0.0,1197.61,1109.08,88.53,8.6
2023-06-03,5,2023-06-03T04:00,bcl,Big Cliff,1.27,1.27,0.0,1196.71,1109.1,87.61,8.5
2023-06-03,6,2023-06-03T05:00,bcl,Big Cliff,1.26,1.26,0.0,1195.8,1109.07,86.73,8.3
2023-06-03,7,2023-06-03T06:00,bcl,Big Cliff,1.27,1.27,0.0,1194.88,1109.03,85.85,8.3
2023-06-03,8,2023-06-03T07:00,bcl,Big Cliff,1.24,1.24,0.0,1193.94,1109.06,84.88,8.0
2023-06-03,9,2023-06-03T08:00,bcl,Big Cliff,1.26,1.26,0.0,1194.68,1109.07,85.61,8.2
2023-06-03,10,2023-06-03T09:00,bcl,Big Cliff,1.27,1.27,0.0,1195.7,1109.06,86.64,8.4
2023-06-03,11,2023-06-03T10:00,bcl,Big Cliff,1.26,1.26,0.0,1196.69,1109.06,87.63,8.4
2023-06-03,12,2023-06-03T11:00,bcl,Big Cliff,1.29,1.29,0.0,1197.66,1109.06,88.6,8.7
2023-06-03,13,2023-06-03T12:00,bcl,Big Cliff,1.27,1.27,0.0,1198.61,1109.07,89.54,8.7
2023-06-03,14,2023-06-03T13:00,bcl,Big Cliff,1.28,1.28,0.0,1199.54,1109.13,90.41,8.8
2023-06-03,15,2023-06-03T14:00,bcl,Big Cliff,1.28,1.28,0.0,1200.43,1109.14,91.29,8.9
2023-06-03,16,2023-06-03T15:00,bcl,Big Cliff,1.27,1.27,0.0,1199.69,1109.1,90.59,8.8
2023-06-03,17,2023-06-03T16:00,bcl,Big Cliff,1.3,1.3,0.0,1198.84,1109.1,89.74,8.9
2023-06-03,18,2023-06-03T17:00,bcl,Big Cliff,1.29,1.29,0.0,1197.97,1109.04,88.93,8.8
2023-06-03,19,2023-06-03T18:00,bcl,Big Cliff,1.27,1.27,0.0,1197.1,1109.08,88.02,8.5
2023-06-03,20,2023-06-03T19:00,bcl,Big Cliff,1.26,1.26,0.0,1196.21,1109.12,87.09,8.4
2023-06-03,21,2023-06-03T20:00,bcl,Big Cliff,1.26,1.26,0.0,1195.29,1109.06,86.23,8.3
2023-06-03,22,2023-06-03T21:00,bcl,Big Cliff,1.23,1.23,0.0,1195.62,1109.01,86.61,8.1
2023-06-03,23,2023-06-03T22:00,bcl,Big Cliff,1.29,1.29,0.0,1196.21,1109.1,87.11,8.6
2023-06-03,24,2023-06-03T23:00,bcl,Big Cliff,1.28,1.28,0.0,1196.79,1109.09,87.7,8.6
2023-06-04,1,2023-06-04T00:00,bcl,Big Cliff,1.28,1.28,0.0,1197.36,1109.09,88.27,8.6
2023-06-04,2,2023-06-04T01:00,bcl,Big Cliff,1.29,1.29,0.0,1197.93,1109.12,88.81,8.7
2023-06-04,3,2023-06-04T02:00,bcl,Big Cliff,1.29,1.29,0.0,1198.49,1109.1,89.39,8.8
2023-06-04,4,2023-06-04T03:00,bcl,Big Cliff,1.26,1.26,0.0,1197.79,1109.06,88.73,8.5
2023-06-04,5,2023-06-04T04:00,bcl,Big Cliff,1.27,1.27,0.0,1196.92,1109.08,87.84,8.5
2023-06-04,6,2023-06-04T05:00,bcl,Big Cliff,1.28,1.28,0.0,1196.0,1109.09,86.91,8.5
2023-06-04,7,2023-06-04T06:00,bcl,Big Cliff,1.25,1.25,0.0,1195.09,1109.06,86.03,8.2
2023-06-04,8,2023-06-04T07:00,bcl,Big Cliff,1.26,1.26,0.0,1194.15,1109.09,85.06,8.2
2023-06-04,9,2023-06-04T08:00,bcl,Big Cliff,1.25,1.25,0.0,1194.9,1109.06,85.84,8.2
2023-06-04,10,2023-06-04T09:00,bcl,Big Cliff,1.25,1.25,0.0,1195.91,1109.02,86.89,8.3
2023-06-04,11,2023-06-04T10:00,bcl,Big Cliff,1.26,1.26,0.0,1196.89,1109.03,87.86,8.4
2023-06-04,12,2023-06-04T11:00,bcl,Big Cliff,1.27,1.27,0.0,1197.85,1109.09,88.76,8.6
2023-06-04,13,2023-06-04T12:00,bcl,Big Cliff,1.27,1.27,0.0,1198.8,1109.1,89.7,8.7
2023-06-04,14,2023-06-04T13:00,bcl,Big Cliff,1.29,1.29,0.0,1199.72,1109.06,90.66,8.9
2023-06-04,15,2023-06-04T14:00,bcl,Big Cliff,1.29,1.29,0.0,1200.61,1109.1,91.51,9.0
2023-06-04,16,2023-06-04T15:00,bcl,Big Cliff,1.27,1.27,0.0,1199.88,1109.05,90.83,8.8
2023-06-04,17,2023-06-04T16:00,bcl,Big Cliff,1.31,1.31,0.0,1199.02,1109.07,89.95,9.0
2023-06-04,18,2023-06-04T17:00,bcl,Big Cliff,1.29,1.29,0.0,1198.15,1109.14,89.01,8.8
2023-06-04,19,2023-06-04T18:00,bcl,Big Cliff,1.27,1.27,0.0,1197.28,1109.09,88.19,8.5
2023-06-04,20,2023-06-04T19:00,bcl,Big Cliff,1.25,1.25,0.0,1196.41,1109.05,87.36,8.3
2023-06-04,21,2023-06-04T20:00,bcl,Big Cliff,1.23,1.23,0.0,1195.5,1109.01,86.49,8.1
2023-06-04,22,2023-06-04T21:00,bcl,Big Cliff,1.24,1.24,0.0,1195.79,1109.06,86.73,8.2
2023-06-04,23,2023-06-04T22:00,bcl,Big Cliff,1.26,1.26,0.0,1196.33,1109.06,87.27,8.4
2023-06-04,24,2023-06-04T23:00,bcl,Big Cliff,1.26,1.26,0.0,1196.87,1109.11,87.76,8.4
2023-06-05,1,2023-06-05T00:00,bcl,Big Cliff,1.27,1.27,0.0,1197.39,1109.07,88.32,8.6
2023-06-05,2,2023-06-05T01:00,bcl,Big Cliff,1.26,1.26,0.0,1197.92,1109.1,88.82,8.5
2023-06-05,3,2023-06-05T02:00,bcl,Big Cliff,1.27,1.27,0.0,1198.43,1109.06,89.37,8.7
2023-06-05,4,2023-06-05T03:00,bcl,Big Cliff,1.26,1.26,0.0,1197.69,1109.07,88.62,8.5
2023-06-05,5,2023-06-05T04:00,bcl,Big Cliff,1.27,1.27,0.0,1196.81,1109.09,87.72,8.5
2023-06-05,6,2023-06-05T05:00,bcl,Big Cliff,1.26,1.26,0.0,1195.91,1109.03,86.88,8.4
2023-06-05,7,2023-06-05T06:00,bcl,Big Cliff,1.24,1.24,0.0,1194.99,1109.04,85.95,8.1
2023-06-05,8,2023-06-05T07:00,bcl,Big Cliff,1.24,1.24,0.0,1194.07,1109.06,85.01,8.0
2023-06-05,9,2023-06-05T08:00,bcl,Big Cliff,1.27,1.27,0.0,1194.8,1109.09,85.71,8.3
2023-06-05,10,2023-06-05T09:00,bcl,Big Cliff,1.25,1.25,0.0,1195.8,1109.06,86.74,8.3
2023-06-05,11,2023-06-05T10:00,bcl,Big Cliff,1.27,1.27,0.0,1196.78,1109.07,87.71,8.5
2023-06-05,12,2023-06-05T11:00,bcl,Big Cliff,1.26,1.26,0.0,1197.74,1109.08,88.66,8.5
2023-06-05,13,2023-06-05T12:00,bcl,Big Cliff,1.27,1.27,0.0,1198.68,1109.1,89.58,8.7
2023-06-05,14,2023-06-05T13:00,bcl,Big Cliff,1.28,1.28,0.0,1199.6,1109.06,90.54,8.8
2023-06-05,15,2023-06-05T14:00,bcl,Big Cliff,1.28,1.28,0.0,1200.47,1109.1,91.37,8.9
2023-06-05,16,2023-06-05T15:00,bcl,Big Cliff,1.28,1.28,0.0,1199.76,1109.1,90.66,8.9
2023-06-05,17,2023-06-05T16:00,bcl,Big Cliff,1.28,1.28,0.0,1198.9,1109.07,89.83,8.8
2023-06-05,18,2023-06-05T17:00,bcl,Big Cliff,1.26,1.26,0.0,1198.03,1109.07,88.96,8.6
2023-06-05,19,2023-06-05T18:00,bcl,Big Cliff,1.28,1.28,0.0,1197.16,1109.06,88.1,8.6
2023-06-05,20,2023-06-05T19:00,bcl,Big Cliff,1.26,1.26,0.0,1196.26,1109.08,87.18,8.4
2023-06-05,21,2023-06-05T20:00,bcl,Big Cliff,1.24,1.24,0.0,1195.35,1109.05,86.3,8.2
2023-06-05,22,2023-06-05T21:00,bcl,Big Cliff,1.26,1.26,0.0,1195.62,1109.06,86.56,8.3
2023-06-05,23,2023-06-05T22:00,bcl,Big Cliff,1.24,1.24,0.0,1196.18,1109.06,87.12,8.2
2023-06-05,24,2023-06-05T23:00,bcl,Big Cliff,1.26,1.26,0.0,1196.72,1109.08,87.64,8.4
2023-06-06,1,2023-06-06T00:00,bcl,Big Cliff,1.27,1.27,0.0,1197.25,1109.06,88.19,8.5
2023-06-06,2,2023-06-06T01:00,bcl,Big Cliff,1.26,1.26,0.0,1197.77,1109.04,88.73,8.5
2023-06-06,3,2023-06-06T02:00,bcl,Big Cliff,1.28,1.28,0.0,1198.28,1109.11,89.17,8.7
2023-06-06,4,2023-06-06T03:00,bcl,Big Cliff,1.29,1.29,0.0,1198.78,1109.09,89.69,8.8
2023-06-06,5,2023-06-06T04:00,bcl,Big Cliff,1.28,1.28,0.0,1199.28,1109.05,90.23,8.8
2023-06-06,6,2023-06-06T05:00,bcl,Big Cliff,1.28,1.28,0.0,1198.55,1109.04,89.51,8.7
2023-06-06,7,2023-06-06T06:00,bcl,Big Cliff,1.27,1.27,0.0,1197.68,1109.04,88.64,8.6
2023-06-06,8,2023-06-06T07:00,bcl,Big Cliff,1.25,1.25,0.0,1196.81,1109.05,87.76,8.4
2023-06-06,9,2023-06-06T08:00,bcl,Big Cliff,1.24,1.24,0.0,1195.91,1109.04,86.87,8.2
2023-06-06,10,2023-06-06T09:00,bcl,Big Cliff,1.23,1.23,0.0,1194.99,1109.04,85.95,8.1
2023-06-06,11,2023-06-06T10:00,bcl,Big Cliff,1.24,1.24,0.0,1194.05,1109.04,85.01,8.0
2023-06-06,12,2023-06-06T11:00,bcl,Big Cliff,1.26,1.26,0.0,1193.08,1109.11,83.97,8.1
2023-06-06,13,2023-06-06T12:00,bcl,Big Cliff,1.26,1.26,0.0,1192.11,1109.04,83.07,8.0
2023-06-06,14,2023-06-06T13:00,bcl,Big Cliff,1.25,1.25,0.0,1191.12,1109.1,82.02,7.8
2023-06-06,15,2023-06-06T14:00,bcl,Big Cliff,1.27,1.27,0.0,1191.88,1109.09,82.79,8.0
2023-06-06,16,2023-06-06T15:00,bcl,Big Cliff,1.27,1.27,0.0,1192.93,1109.11,83.82,8.1
2023-06-06,17,2023-06-06T16:00,bcl,Big Cliff,1.28,1.28,0.0,1193.95,1109.11,84.84,8.3
2023-06-06,18,2023-06-06T17:00,bcl,Big Cliff,1.27,1.27,0.0,1194.95,1109.12,85.83,8.3
2023-06-06,19,2023-06-06T18:00,bcl,Big Cliff,1.27,1.27,0.0,1195.93,1109.08,86.85,8.4
2023-06-06,20,2023-06-06T19:00,bcl,Big Cliff,1.26,1.26,0.0,1196.88,1109.07,87.81,8.4
2023-06-06,21,2023-06-06T20:00,bcl,Big Cliff,1.28,1.28,0.0,1196.24,1109.06,87.18,8.5
2023-06-06,22,2023-06-06T21:00,bcl,Big Cliff,1.28,1.28,0.0,1196.45,1109.11,87.34,8.5
2023-06-06,23,2023-06-06T22:00,bcl,Big Cliff,1.29,1.29,0.0,1196.9,1109.11,87.79,8.6
2023-06-06,24,2023-06-06T23:00,bcl,Big Cliff,1.29,1.29,0.0,1197.35,1109.11,88.24,8.7
2023-06-07,1,2023-06-07T00:00,bcl,Big Cliff,1.28,1.28,0.0,1197.79,1109.13,88.66,8.7
2023-06-07,2,2023-06-07T01:00,bcl,Big Cliff,1.31,1.31,0.0,1198.22,1109.1,89.12,8.9
2023-06-07,3,2023-06-07T02:00,bcl,Big Cliff,1.27,1.27,0.0,1198.68,1109.05,89.63,8.7
2023-06-07,4,2023-06-07T03:00,bcl,Big Cliff,1.26,1.26,0.0,1199.13,1109.06,90.07,8.7
2023-06-07,5,2023-06-07T04:00,bcl,Big Cliff,1.27,1.27,0.0,1199.57,1109.08,90.49,8.8
2023-06-07,6,2023-06-07T05:00,bcl,Big Cliff,1.26,1.26,0.0,1198.77,1109.09,89.68,8.6
2023-06-07,7,2023-06-07T06:00,bcl,Big Cliff,1.25,1.25,0.0,1197.92,1109.11,88.81,8.5
2023-06-07,8,2023-06-07T07:00,bcl,Big Cliff,1.25,1.25,0.0,1197.06,1109.04,88.02,8.4
2023-06-07,9,2023-06-07T08:00,bcl,Big Cliff,1.25,1.25,0.0,1196.19,1109.04,87.15,8.3
2023-06-07,10,2023-06-07T09:00,bcl,Big Cliff,1.24,1.24,0.0,1195.29,1109.05,86.24,8.2
2023-06-07,11,2023-06-07T10:00,bcl,Big Cliff,1.23,1.23,0.0,1194.36,1109.03,85.33,8.0
2023-06-07,12,2023-06-07T11:00,bcl,Big Cliff,1.26,1.26,0.0,1193.42,1109.04,84.38,8.1
2023-06-07,13,2023-06-07T12:00,bcl,Big Cliff,1.25,1.25,0.0,1192.44,1109.05,83.39,8.0
2023-06-07,14,2023-06-07T13:00,bcl,Big Cliff,1.26,1.26,0.0,1191.46,1109.07,82.39,7.9
2023-06-07,15,2023-06-07T14:00,bcl,Big Cliff,1.27,1.27,0.0,1192.22,1109.06,83.16,8.1
2023-06-07,16,2023-06-07T15:00,bcl,Big Cliff,1.28,1.28,0.0,1193.27,1109.09,84.18,8.2
2023-06-07,17,2023-06-07T16:00,bcl,Big Cliff,1.28,1.28,0.0,1194.29,1109.08,85.21,8.3
2023-06-07,18,2023-06-07T17:00,bcl,Big Cliff,1.29,1.29,0.0,1195.27,1109.13,86.14,8.5
2023-06-07,19,2023-06-07T18:00,bcl,Big Cliff,1.27,1.27,0.0,1196.24,1109.08,87.16,8.4
2023-06-07,20,2023-06-07T19:00,bcl,Big Cliff,1.27,1.27,0.0,1197.19,1109.06,88.13,8.5
2023-06-07,21,2023-06-07T20:00,bcl,Big Cliff,1.28,1.28,0.0,1196.54,1109.07,87.47,8.5
2023-06-07,22,2023-06-07T21:00,bcl,Big Cliff,1.27,1.27,0.0,1196.73,1109.11,87.62,8.5
2023-06-07,23,2023-06-07T22:00,bcl,Big Cliff,1.26,1.26,0.0,1197.18,1109.06,88.12,8.5
2023-06-07,24,2023-06-07T23:00,bcl,Big Cliff,1.29,1.29,0.0,1197.63,1109.08,88.55,8.7
2023-06-08,1,2023-06-08T00:00,bcl,Big Cliff,1.28,1.28,0.0,1198.07,1109.12,88.95,8.7
2023-06-08,2,2023-06-08T01:00,bcl,Big Cliff,1.27,1.27,0.0,1198.51,1109.07,89.44,8.7
2023-06-08,3,2023-06-08T02:00,bcl,Big Cliff,1.28,1.28,0.0,1198.94,1109.13,89.81,8.8
2023-06-08,4,2023-06-08T03:00,bcl,Big Cliff,1.29,1.29,0.0,1199.37,1109.1,90.27,8.9
2023-06-08,5,2023-06-08T04:00,bcl,Big Cliff,1.3,1.3,0.0,1199.79,1109.1,90.69,9.0
2023-06-08,6,2023-06-08T05:00,bcl,Big Cliff,1.27,1.27,0.0,1199.24,1109.06,90.18,8.7
2023-06-08,7,2023-06-08T06:00,bcl,Big Cliff,1.26,1.26,0.0,1198.43,1109.06,89.37,8.6
2023-06-08,8,2023-06-08T07:00,bcl,Big Cliff,1.26,1.26,0.0,1197.57,1109.03,88.54,8.5
2023-06-08,9,2023-06-08T08:00,bcl,Big Cliff,1.25,1.25,0.0,1196.71,1109.01,87.7,8.4
2023-06-08,10,2023-06-08T09:00,bcl,Big Cliff,1.25,1.25,0.0,1195.81,1109.02,86.79,8.3
2023-06-08,11,2023-06-08T10:00,bcl,Big Cliff,1.23,1.23,0.0,1194.9,1109.0,85.9,8.1
2023-06-08,12,2023-06-08T11:00,bcl,Big Cliff,1.23,1.23,0.0,1193.98,1109.03,84.95,8.0
2023-06-08,13,2023-06-08T12:00,bcl,Big Cliff,1.24,1.24,0.0,1193.02,1109.05,83.97,7.9
2023-06-08,14,2023-06-08T13:00,bcl,Big Cliff,1.23,1.23,0.0,1192.1,1109.02,83.08,7.8
2023-06-08,15,2023-06-08T14:00,bcl,Big Cliff,1.24,1.24,0.0,1192.9,1109.03,83.87,7.9
2023-06-08,16,2023-06-08T15:00,bcl,Big Cliff,1.23,1.23,0.0,1193.95,1109.04,84.91,8.0
2023-06-08,17,2023-06-08T16:00,bcl,Big Cliff,1.24,1.24,0.0,1194.97,1109.01,85.96,8.1
2023-06-08,18,2023-06-08T17:00,bcl,Big Cliff,1.27,1.27,0.0,1195.97,1109.08,86.89,8.4
2023-06-08,19,2023-06-08T18:00,bcl,Big Cliff,1.27,1.27,0.0,1196.96,1109.06,87.9,8.5
2023-06-08,20,2023-06-08T19:00,bcl,Big Cliff,1.26,1.26,0.0,1197.91,1109.04,88.87,8.5
2023-06-08,21,2023-06-08T20:00,bcl,Big Cliff,1.24,1.24,0.0,1197.29,1109.03,88.26,8.4
2023-06-08,22,2023-06-08T21:00,bcl,Big Cliff,1.24,1.24,0.0,1197.52,1109.05,88.47,8.4
2023-06-08,23,2023-06-08T22:00,bcl,Big Cliff,1.26,1.26,0.0,1197.99,1109.08,88.91,8.5
2023-06-08,24,2023-06-08T23:00,bcl,Big Cliff,1.26,1.26,0.0,1198.46,1109.08,89.38,8.6
2023-06-09,1,2023-06-09T00:00,bcl,Big Cliff,1.26,1.26,0.0,1198.9,1109.09,89.81,8.6
2023-06-09,2,2023-06-09T01:00,bcl,Big Cliff,1.29,1.29,0.0,1199.33,1109.08,90.25,8.9
2023-06-09,3,2023-06-09T02:00,bcl,Big Cliff,1.3,1.3,0.0,1199.76,1109.13,90.63,9.0
2023-06-09,4,2023-06-09T03:00,bcl,Big Cliff,1.29,1.29,0.0,1200.16,1109.12,91.04,9.0
2023-06-09,5,2023-06-09T04:00,bcl,Big Cliff,1.29,1.29,0.0,1199.37,1109.09,90.28,8.9
2023-06-09,6,2023-06-09T05:00,bcl,Big Cliff,1.27,1.27,0.0,1198.5,1109.08,89.42,8.7
2023-06-09,7,2023-06-09T06:00,bcl,Big Cliff,1.26,1.26,0.0,1197.64,1109.08,88.56,8.5
2023-06-09,8,2023-06-09T07:00,bcl,Big Cliff,1.26,1.26,0.0,1196.77,1109.09,87.68,8.4
2023-06-09,9,2023-06-09T08:00,bcl,Big Cliff,1.27,1.27,0.0,1195.86,1109.09,86.77,8.4
2023-06-09,10,2023-06-09T09:00,bcl,Big Cliff,1.25,1.25,0.0,1194.93,1109.07,85.86,8.2
2023-06-09,11,2023-06-09T10:00,bcl,Big Cliff,1.26,1.26,0.0,1194.0,1109.04,84.96,8.2
2023-06-09,12,2023-06-09T11:00,bcl,Big Cliff,1.24,1.24,0.0,1193.03,1109.02,84.01,7.9
2023-06-09,13,2023-06-09T12:00,bcl,Big Cliff,1.23,1.23,0.0,1192.07,1109.02,83.05,7.8
2023-06-09,14,2023-06-09T13:00,bcl,Big Cliff,1.22,1.22,0.0,1191.09,1109.01,82.08,7.6
2023-06-09,15,2023-06-09T14:00,bcl,Big Cliff,1.23,1.23,0.0,1191.87,1109.06,82.81,7.8
2023-06-09,16,2023-06-09T15:00,bcl,Big Cliff,1.27,1.27,0.0,1192.93,1109.06,83.87,8.1
2023-06-09,17,2023-06-09T16:00,bcl,Big Cliff,1.25,1.25,0.0,1193.95,1109.04,84.91,8.1
2023-06-09,18,2023-06-09T17:00,bcl,Big Cliff,1.27,1.27,0.0,1194.95,1109.05,85.9,8.3
2023-06-09,19,2023-06-09T18:00,bcl,Big Cliff,1.3,1.3,0.0,1195.94,1109.13,86.81,8.6
2023-06-09,20,2023-06-09T19:00,bcl,Big Cliff,1.27,1.27,0.0,1196.89,1109.13,87.76,8.5
2023-06-09,21,2023-06-09T20:00,bcl,Big Cliff,1.27,1.27,0.0,1197.32,1109.06,88.26,8.6
2023-06-09,22,2023-06-09T21:00,bcl,Big Cliff,1.28,1.28,0.0,1197.77,1109.09,88.68,8.7
2023-06-09,23,2023-06-09T22:00,bcl,Big Cliff,1.3,1.3,0.0,1198.2,1109.14,89.06,8.8
2023-06-09,24,2023-06-09T23:00,bcl,Big Cliff,1.28,1.28,0.0,1198.65,1109.08,89.57,8.7
2023-06-10,1,2023-06-10T00:00,bcl,Big Cliff,1.29,1.29,0.0,1199.08,1109.1,89.98,8.9
2023-06-10,2,2023-06-10T01:00,bcl,Big Cliff,1.29,1.29,0.0,1199.51,1109.11,90.4,8.9
2023-06-10,3,2023-06-10T02:00,bcl,Big Cliff,1.29,1.29,0.0,1199.92,1109.14,90.78,8.9
2023-06-10,4,2023-06-10T03:00,bcl,Big Cliff,1.28,1.28,0.0,1200.25,1109.07,91.18,8.9
2023-06-10,5,2023-06-10T04:00,bcl,Big Cliff,1.3,1.3,0.0,1199.32,1109.1,90.22,8.9
2023-06-10,6,2023-06-10T05:00,bcl,Big Cliff,1.29,1.29,0.0,1198.47,1109.14,89.33,8.8
2023-06-10,7,2023-06-10T06:00,bcl,Big Cliff,1.29,1.29,0.0,1197.6,1109.08,88.52,8.7
2023-06-10,8,2023-06-10T07:00,bcl,Big Cliff,1.26,1.26,0.0,1196.71,1109.05,87.66,8.4
2023-06-10,9,2023-06-10T08:00,bcl,Big Cliff,1.28,1.28,0.0,1195.79,1109.06,86.73,8.5
2023-06-10,10,2023-06-10T09:00,bcl,Big Cliff,1.27,1.27,0.0,1194.86,1109.1,85.76,8.3
2023-06-10,11,2023-06-10T10:00,bcl,Big Cliff,1.28,1.28,0.0,1193.9,1109.08,84.82,8.3
2023-06-10,12,2023-06-10T11:00,bcl,Big Cliff,1.28,1.28,0.0,1192.92,1109.07,83.85,8.2
2023-06-10,13,2023-06-10T12:00,bcl,Big Cliff,1.26,1.26,0.0,1191.93,1109.06,82.87,8.0
2023-06-10,14,2023-06-10T13:00,bcl,Big Cliff,1.26,1.26,0.0,1190.93,1109.06,81.87,7.9
2023-06-10,15,2023-06-10T14:00,bcl,Big Cliff,1.25,1.25,0.0,1191.71,1109.06,82.65,7.9
2023-06-10,16,2023-06-10T15:00,bcl,Big Cliff,1.26,1.26,0.0,1192.76,1109.08,83.68,8.0
2023-06-10,17,2023-06-10T16:00,bcl,Big Cliff,1.3,1.3,0.0,1193.79,1109.1,84.69,8.4
2023-06-10,18,2023-06-10T17:00,bcl,Big Cliff,1.27,1.27,0.0,1194.8,1109.07,85.73,8.3
2023-06-10,19,2023-06-10T18:00,bcl,Big Cliff,1.27,1.27,0.0,1195.78,1109.13,86.65,8.4
2023-06-10,20,2023-06-10T19:00,bcl,Big Cliff,1.27,1.27,0.0,1196.73,1109.13,87.6,8.5
2023-06-10,21,2023-06-10T20:00,bcl,Big Cliff,1.3,1.3,0.0,1197.2,1109.15,88.05,8.7
2023-06-10,22,2023-06-10T21:00,bcl,Big Cliff,1.28,1.28,0.0,1197.66,1109.11,88.55,8.6
2023-06-10,23,2023-06-10T22:00,bcl,Big Cliff,1.27,1.27,0.0,1198.1,1109.11,88.99,8.6
2023-06-10,24,2023-06-10T23:00,bcl,Big Cliff,1.3,1.3,0.0,1198.54,1109.12,89.42,8.9
2023-06-11,1,2023-06-11T00:00,bcl,Big Cliff,1.28,1.28,0.0,1198.98,1109.1,89.88,8.8
2023-06-11,2,2023-06-11T01:00,bcl,Big Cliff,1.29,1.29,0.0,1199.41,1109.07,90.34,8.9
2023-06-11,3,2023-06-11T02:00,bcl,Big Cliff,1.31,1.31,0.0,1199.82,1109.13,90.69,9.1
2023-06-11,4,2023-06-11T03:00,bcl,Big Cliff,1.32,1.32,0.0,1200.15,1109.16,90.99,9.2
2023-06-11,5,2023-06-11T04:00,bcl,Big Cliff,1.3,1.3,0.0,1199.2,1109.14,90.06,8.9
2023-06-11,6,2023-06-11T05:00,bcl,Big Cliff,1.28,1.28,0.0,1198.36,1109.11,89.25,8.7
2023-06-11,7,2023-06-11T06:00,bcl,Big Cliff,1.27,1.27,0.0,1197.49,1109.07,88.42,8.6
2023-06-11,8,2023-06-11T07:00,bcl,Big Cliff,1.26,1.26,0.0,1196.6,1109.06,87.54,8.4
2023-06-11,9,2023-06-11T08:00,bcl,Big Cliff,1.27,1.27,0.0,1195.67,1109.09,86.58,8.4
2023-06-11,10,2023-06-11T09:00,bcl,Big Cliff,1.28,1.28,0.0,1194.73,1109.09,85.64,8.4
2023-06-11,11,2023-06-11T10:00,bcl,Big Cliff,1.27,1.27,0.0,1193.77,1109.1,84.67,8.2
2023-06-11,12,2023-06-11T11:00,bcl,Big Cliff,1.26,1.26,0.0,1192.79,1109.13,83.66,8.0
2023-06-11,13,2023-06-11T12:00,bcl,Big Cliff,1.26,1.26,0.0,1191.8,1109.07,82.73,8.0
2023-06-11,14,2023-06-11T13:00,bcl,Big Cliff,1.25,1.25,0.0,1190.79,1109.06,81.73,7.8
2023-06-11,15,2023-06-11T14:00,bcl,Big Cliff,1.29,1.29,0.0,1191.57,1109.07,82.5,8.1
2023-06-11,16,2023-06-11T15:00,bcl,Big Cliff,1.27,1.27,0.0,1192.62,1109.05,83.57,8.1
2023-06-11,17,2023-06-11T16:00,bcl,Big Cliff,1.25,1.25,0.0,1193.65,1109.06,84.59,8.1
2023-06-11,18,2023-06-11T17:00,bcl,Big Cliff,1.3,1.3,0.0,1194.64,1109.08,85.56,8.5
2023-06-11,19,2023-06-11T18:00,bcl,Big Cliff,1.29,1.29,0.0,1195.62,1109.1,86.52,8.5
2023-06-11,20,2023-06-11T19:00,bcl,Big Cliff,1.28,1.28,0.0,1196.58,1109.11,87.47,8.5
2023-06-11,21,2023-06-11T20:00,bcl,Big Cliff,1.26,1.26,0.0,1197.06,1109.06,88.0,8.5
2023-06-11,22,2023-06-11T21:00,bcl,Big Cliff,1.27,1.27,0.0,1197.55,1109.06,88.49,8.6
2023-06-11,23,2023-06-11T22:00,bcl,Big Cliff,1.27,1.27,0.0,1197.99,1109.11,88.88,8.6
2023-06-11,24,2023-06-11T23:00,bcl,Big Cliff,1.27,1.27,0.0,1198.44,1109.06,89.38,8.7
2023-06-12,1,2023-06-12T00:00,bcl,Big Cliff,1.26,1.26,0.0,1198.87,1109.07,89.8,8.6
2023-06-12,2,2023-06-12T01:00,bcl,Big Cliff,1.29,1.29,0.0,1199.3,1109.09,90.21,8.9
2023-06-12,3,2023-06-12T02:00,bcl,Big Cliff,1.26,1.26,0.0,1199.74,1109.07,90.67,8.7
2023-06-12,4,2023-06-12T03:00,bcl,Big Cliff,1.3,1.3,0.0,1200.15,1109.1,91.05,9.0
2023-06-12,5,2023-06-12T04:00,bcl,Big Cliff,1.3,1.3,0.0,1199.41,1109.11,90.3,9.0
2023-06-12,6,2023-06-12T05:00,bcl,Big Cliff,1.28,1.28,0.0,1198.53,1109.08,89.45,8.7
2023-06-12,7,2023-06-12T06:00,bcl,Big Cliff,1.28,1.28,0.0,1197.67,1109.09,88.58,8.7
2023-06-12,8,2023-06-12T07:00,bcl,Big Cliff,1.27,1.27,0.0,1196.77,1109.09,87.68,8.5
2023-06-12,9,2023-06-12T08:00,bcl,Big Cliff,1.27,1.27,0.0,1195.85,1109.04,86.81,8.4
2023-06-12,10,2023-06-12T09:00,bcl,Big Cliff,1.27,1.27,0.0,1194.92,1109.1,85.82,8.3
2023-06-12,11,2023-06-12T10:00,bcl,Big Cliff,1.27,1.27,0.0,1193.96,1109.05,84.91,8.2
2023-06-12,12,2023-06-12T11:00,bcl,Big Cliff,1.28,1.28,0.0,1192.97,1109.1,83.87,8.2
2023-06-12,13,2023-06-12T12:00,bcl,Big Cliff,1.26,1.26,0.0,1191.97,1109.06,82.91,8.0
2023-06-12,14,2023-06-12T13:00,bcl,Big Cliff,1.24,1.24,0.0,1190.99,1109.04,81.95,7.8
2023-06-12,15,2023-06-12T14:00,bcl,Big Cliff,1.26,1.26,0.0,1191.75,1109.04,82.71,8.0
2023-06-12,16,2023-06-12T15:00,bcl,Big Cliff,1.27,1.27,0.0,1192.81,1109.08,83.73,8.1
2023-06-12,17,2023-06-12T16:00,bcl,Big Cliff,1.27,1.27,0.0,1193.83,1109.07,84.76,8.2
2023-06-12,18,2023-06-12T17:00,bcl,Big Cliff,1.31,1.31,0.0,1194.81,1109.14,85.67,8.6
2023-06-12,19,2023-06-12T18:00,bcl,Big Cliff,1.28,1.28,0.0,1195.79,1109.13,86.66,8.5
2023-06-12,20,2023-06-12T19:00,bcl,Big Cliff,1.27,1.27,0.0,1196.74,1109.11,87.63,8.5
2023-06-12,21,2023-06-12T20:00,bcl,Big Cliff,1.27,1.27,0.0,1197.21,1109.1,88.11,8.5
2023-06-12,22,2023-06-12T21:00,bcl,Big Cliff,1.28,1.28,0.0,1197.66,1109.08,88.58,8.7
2023-06-12,23,2023-06-12T22:00,bcl,Big Cliff,1.28,1.28,0.0,1198.09,1109.08,89.01,8.7
2023-06-12,24,2023-06-12T23:00,bcl,Big Cliff,1.27,1.27,0.0,1198.54,1109.11,89.43,8.7
2023-06-13,1,2023-06-13T00:00,bcl,Big Cliff,1.3,1.3,0.0,1198.94,1109.15,89.79,8.9
2023-06-13,2,2023-06-13T01:00,bcl,Big Cliff,1.31,1.31,0.0,1199.36,1109.11,90.25,9.0
2023-06-13,3,2023-06-13T02:00,bcl,Big Cliff,1.31,1.31,0.0,1199.78,1109.14,90.64,9.1
2023-06-13,4,2023-06-13T03:00,bcl,Big Cliff,1.31,1.31,0.0,1200.16,1109.14,91.02,9.1
2023-06-13,5,2023-06-13T04:00,bcl,Big Cliff,1.31,1.31,0.0,1199.33,1109.13,90.2,9.0
2023-06-13,6,2023-06-13T05:00,bcl,Big Cliff,1.3,1.3,0.0,1198.44,1109.13,89.31,8.9
2023-06-13,7,2023-06-13T06:00,bcl,Big Cliff,1.29,1.29,0.0,1197.55,1109.12,88.43,8.7
2023-06-13,8,2023-06-13T07:00,bcl,Big Cliff,1.27,1.27,0.0,1196.66,1109.06,87.6,8.5
2023-06-13,9,2023-06-13T08:00,bcl,Big Cliff,1.27,1.27,0.0,1195.74,1109.04,86.7,8.4
2023-06-13,10,2023-06-13T09:00,bcl,Big Cliff,1.27,1.27,0.0,1194.79,1109.11,85.68,8.3
2023-06-13,11,2023-06-13T10:00,bcl,Big Cliff,1.27,1.27,0.0,1193.84,1109.06,84.78,8.2
2023-06-13,12,2023-06-13T11:00,bcl,Big Cliff,1.26,1.26,0.0,1192.87,1109.09,83.78,8.1
2023-06-13,13,2023-06-13T12:00,bcl,Big Cliff,1.26,1.26,0.0,1191.89,1109.06,82.83,8.0
2023-06-13,14,2023-06-13T13:00,bcl,Big Cliff,1.23,1.23,0.0,1190.9,1109.07,81.83,7.7
2023-06-13,15,2023-06-13T14:00,bcl,Big Cliff,1.27,1.27,0.0,1191.67,1109.01,82.66,8.0
2023-06-13,16,2023-06-13T15:00,bcl,Big Cliff,1.3,1.3,0.0,1192.72,1109.12,83.6,8.3
2023-06-13,17,2023-06-13T16:00,bcl,Big Cliff,1.31,1.31,0.0,1193.73,1109.14,84.59,8.5
2023-06-13,18,2023-06-13T17:00,bcl,Big Cliff,1.3,1.3,0.0,1194.74,1109.07,85.67,8.5
2023-06-13,19,2023-06-13T18:00,bcl,Big Cliff,1.31,1.31,0.0,1195.71,1109.1,86.61,8.7
2023-06-13,20,2023-06-13T19:00,bcl,Big Cliff,1.28,1.28,0.0,1196.68,1109.09,87.59,8.6
2023-06-13,21,2023-06-13T20:00,bcl,Big Cliff,1.28,1.28,0.0,1197.15,1109.07,88.08,8.6
2023-06-13,22,2023-06-13T21:00,bcl,Big Cliff,1.27,1.27,0.0,1197.61,1109.07,88.54,8.6
2023-06-13,23,2023-06-13T22:00,bcl,Big Cliff,1.27,1.27,0.0,1198.05,1109.1,88.95,8.6
2023-06-13,24,2023-06-13T23:00,bcl,Big Cliff,1.28,1.28,0.0,1198.5,1109.02,89.48,8.7
2023-06-14,1,2023-06-14T00:00,bcl,Big Cliff,1.28,1.28,0.0,1198.93,1109.07,89.86,8.8
2023-06-14,2,2023-06-14T01:00,bcl,Big Cliff,1.28,1.28,0.0,1199.36,1109.1,90.26,8.8
2023-06-14,3,2023-06-14T02:00,bcl,Big Cliff,1.27,1.27,0.0,1199.79,1109.05,90.74,8.8
2023-06-14,4,2023-06-14T03:00,bcl,Big Cliff,1.3,1.3,0.0,1200.19,1109.15,91.04,9.0
2023-06-14,5,2023-06-14T04:00,bcl,Big Cliff,1.29,1.29,0.0,1199.41,1109.07,90.34,8.9
2023-06-14,6,2023-06-14T05:00,bcl,Big Cliff,1.28,1.28,0.0,1198.53,1109.06,89.47,8.7
2023-06-14,7,2023-06-14T06:00,bcl,Big Cliff,1.26,1.26,0.0,1197.67,1109.07,88.6,8.5
2023-06-14,8,2023-06-14T07:00,bcl,Big Cliff,1.26,1.26,0.0,1196.79,1109.06,87.73,8.4
2023-06-14,9,2023-06-14T08:00,bcl,Big Cliff,1.28,1.28,0.0,1195.87,1109.07,86.8,8.5
2023-06-14,10,2023-06-14T09:00,bcl,Big Cliff,1.27,1.27,0.0,1194.93,1109.1,85.83,8.3
2023-06-14,11,2023-06-14T10:00,bcl,Big Cliff,1.26,1.26,0.0,1193.98,1109.09,84.89,8.2
2023-06-14,12,2023-06-14T11:00,bcl,Big Cliff,1.26,1.26,0.0,1193.02,1109.06,83.96,8.1
2023-06-14,13,2023-06-14T12:00,bcl,Big Cliff,1.27,1.27,0.0,1192.03,1109.01,83.02,8.0
2023-06-14,14,2023-06-14T13:00,bcl,Big Cliff,1.25,1.25,0.0,1191.04,1109.07,81.97,7.8
2023-06-14,15,2023-06-14T14:00,bcl,Big Cliff,1.26,1.26,0.0,1191.84,1109.04,82.8,8.0
2023-06-14,16,2023-06-14T15:00,bcl,Big Cliff,1.25,1.25,0.0,1192.9,1109.01,83.89,8.0
2023-06-14,17,2023-06-14T16:00,bcl,Big Cliff,1.27,1.27,0.0,1193.94,1109.09,84.85,8.2
2023-06-14,18,2023-06-14T17:00,bcl,Big Cliff,1.26,1.26,0.0,1194.96,1109.02,85.94,8.3
2023-06-14,19,2023-06-14T18:00,bcl,Big Cliff,1.29,1.29,0.0,1195.95,1109.06,86.89,8.6
2023-06-14,20,2023-06-14T19:00,bcl,Big Cliff,1.27,1.27,0.0,1196.92,1109.1,87.82,8.5
2023-06-14,21,2023-06-14T20:00,bcl,Big Cliff,1.28,1.28,0.0,1197.14,1109.08,88.06,8.6
2023-06-14,22,2023-06-14T21:00,bcl,Big Cliff,1.27,1.27,0.0,1197.61,1109.07,88.54,8.6
2023-06-14,23,2023-06-14T22:00,bcl,Big Cliff,1.3,1.3,0.0,1198.03,1109.16,88.87,8.8
2023-06-14,24,2023-06-14T23:00,bcl,Big Cliff,1.3,1.3,0.0,1198.47,1109.09,89.38,8.9
2023-06-15,1,2023-06-15T00:00,bcl,Big Cliff,1.3,1.3,0.0,1198.89,1109.08,89.81,8.9
2023-06-15,2,2023-06-15T01:00,bcl,Big Cliff,1.27,1.27,0.0,1199.31,1109.11,90.2,8.7
2023-06-15,3,2023-06-15T02:00,bcl,Big Cliff,1.29,1.29,0.0,1199.74,1109.1,90.64,8.9
2023-06-15,4,2023-06-15T03:00,bcl,Big Cliff,1.3,1.3,0.0,1200.14,1109.1,91.04,9.0
2023-06-15,5,2023-06-15T04:00,bcl,Big Cliff,1.31,1.31,0.0,1199.27,1109.14,90.13,9.0
2023-06-15,6,2023-06-15T05:00,bcl,Big Cliff,1.27,1.27,0.0,1198.4,1109.05,89.35,8.7
2023-06-15,7,2023-06-15T06:00,bcl,Big Cliff,1.25,1.25,0.0,1197.55,1108.99,88.56,8.4
2023-06-15,8,2023-06-15T07:00,bcl,Big Cliff,1.26,1.26,0.0,1196.67,1109.06,87.61,8.4
2023-06-15,9,2023-06-15T08:00,bcl,Big Cliff,1.26,1.26,0.0,1195.75,1109.06,86.69,8.3
2023-06-15,10,2023-06-15T09:00,bcl,Big Cliff,1.26,1.26,0.0,1194.83,1109.02,85.81,8.2
2023-06-15,11,2023-06-15T10:00,bcl,Big Cliff,1.24,1.24,0.0,1193.87,1109.0,84.87,8.0
2023-06-15,12,2023-06-15T11:00,bcl,Big Cliff,1.26,1.26,0.0,1192.91,1109.09,83.82,8.1
2023-06-15,13,2023-06-15T12:00,bcl,Big Cliff,1.24,1.24,0.0,1191.92,1108.94,82.98,7.9
2023-06-15,14,2023-06-15T13:00,bcl,Big Cliff,1.22,1.22,0.0,1190.95,1109.02,81.93,7.6
2023-06-15,15,2023-06-15T14:00,bcl,Big Cliff,1.26,1.26,0.0,1191.75,1109.06,82.69,7.9
2023-06-15,16,2023-06-15T15:00,bcl,Big Cliff,1.26,1.26,0.0,1192.83,1109.05,83.78,8.1
2023-06-15,17,2023-06-15T16:00,bcl,Big Cliff,1.28,1.28,0.0,1193.86,1109.08,84.78,8.3
2023-06-15,18,2023-06-15T17:00,bcl,Big Cliff,1.28,1.28,0.0,1194.86,1109.09,85.77,8.4
2023-06-15,19,2023-06-15T18:00,bcl,Big Cliff,1.27,1.27,0.0,1195.86,1109.09,86.77,8.4
2023-06-15,20,2023-06-15T19:00,bcl,Big Cliff,1.27,1.27,0.0,1196.82,1109.06,87.76,8.5
2023-06-15,21,2023-06-15T20:00,bcl,Big Cliff,1.26,1.26,0.0,1197.25,1109.04,88.21,8.5
2023-06-15,22,2023-06-15T21:00,bcl,Big Cliff,1.26,1.26,0.0,1197.71,1109.08,88.63,8.5
2023-06-15,23,2023-06-15T22:00,bcl,Big Cliff,1.26,1.26,0.0,1198.14,1109.11,89.03,8.6
2023-06-15,24,2023-06-15T23:00,bcl,Big Cliff,1.29,1.29,0.0,1198.58,1109.1,89.48,8.8
2023-06-16,1,2023-06-16T00:00,bcl,Big Cliff,1.29,1.29,0.0,1199.0,1109.08,89.92,8.9
2023-06-16,2,2023-06-16T01:00,bcl,Big Cliff,1.27,1.27,0.0,1199.43,1109.12,90.31,8.8
2023-06-16,3,2023-06-16T02:00,bcl,Big Cliff,1.31,1.31,0.0,1199.83,1109.11,90.72,9.1
2023-06-16,4,2023-06-16T03:00,bcl,Big Cliff,1.3,1.3,0.0,1200.22,1109.1,91.12,9.0
2023-06-16,5,2023-06-16T04:00,bcl,Big Cliff,1.28,1.28,0.0,1199.36,1109.11,90.25,8.8
2023-06-16,6,2023-06-16T05:00,bcl,Big Cliff,1.28,1.28,0.0,1198.5,1109.09,89.41,8.7
2023-06-16,7,2023-06-16T06:00,bcl,Big Cliff,1.28,1.28,0.0,1197.63,1109.11,88.52,8.6
2023-06-16,8,2023-06-16T07:00,bcl,Big Cliff,1.29,1.29,0.0,1196.73,1109.13,87.6,8.6
2023-06-16,9,2023-06-16T08:00,bcl,Big Cliff,1.26,1.26,0.0,1195.81,1109.04,86.77,8.3
2023-06-16,10,2023-06-16T09:00,bcl,Big Cliff,1.27,1.27,0.0,1194.86,1109.08,85.78,8.3
2023-06-16,11,2023-06-16T10:00,bcl,Big Cliff,1.25,1.25,0.0,1193.91,1109.05,84.86,8.1
2023-06-16,12,2023-06-16T11:00,bcl,Big Cliff,1.26,1.26,0.0,1192.95,1109.09,83.86,8.1
2023-06-16,13,2023-06-16T12:00,bcl,Big Cliff,1.24,1.24,0.0,1191.98,1109.02,82.96,7.8
2023-06-16,14,2023-06-16T13:00,bcl,Big Cliff,1.24,1.24,0.0,1190.99,1109.05,81.94,7.8
2023-06-16,15,2023-06-16T14:00,bcl,Big Cliff,1.24,1.24,0.0,1191.77,1109.07,82.7,7.8
2023-06-16,16,2023-06-16T15:00,bcl,Big Cliff,1.23,1.23,0.0,1192.84,1109.08,83.76,7.9
2023-06-16,17,2023-06-16T16:00,bcl,Big Cliff,1.27,1.27,0.0,1193.88,1109.09,84.79,8.2
2023-06-16,18,2023-06-16T17:00,bcl,Big Cliff,1.29,1.29,0.0,1194.89,1109.06,85.83,8.4
2023-06-16,19,2023-06-16T18:00,bcl,Big Cliff,1.29,1.29,0.0,1195.88,1109.09,86.79,8.5
2023-06-16,20,2023-06-16T19:00,bcl,Big Cliff,1.26,1.26,0.0,1196.85,1109.06,87.79,8.4
2023-06-16,21,2023-06-16T20:00,bcl,Big Cliff,1.27,1.27,0.0,1197.15,1109.08,88.07,8.5
2023-06-16,22,2023-06-16T21:00,bcl,Big Cliff,1.28,1.28,0.0,1197.58,1109.08,88.5,8.6
2023-06-16,23,2023-06-16T22:00,bcl,Big Cliff,1.3,1.3,0.0,1198.01,1109.09,88.92,8.8
2023-06-16,24,2023-06-16T23:00,bcl,Big Cliff,1.3,1.3,0.0,1198.43,1109.11,89.32,8.9
2023-06-17,1,2023-06-17T00:00,bcl,Big Cliff,1.3,1.3,0.0,1198.85,1109.08,89.77,8.9
2023-06-17,2,2023-06-17T01:00,bcl,Big Cliff,1.28,1.28,0.0,1199.25,1109.07,90.18,8.8
2023-06-17,3,2023-06-17T02:00,bcl,Big Cliff,1.29,1.29,0.0,1199.67,1109.1,90.57,8.9
2023-06-17,4,2023-06-17T03:00,bcl,Big Cliff,1.31,1.31,0.0,1200.07,1109.08,90.99,9.1
2023-06-17,5,2023-06-17T04:00,bcl,Big Cliff,1.29,1.29,0.0,1199.27,1109.08,90.19,8.9
2023-06-17,6,2023-06-17T05:00,bcl,Big Cliff,1.3,1.3,0.0,1198.39,1109.05,89.34,8.9
2023-06-17,7,2023-06-17T06:00,bcl,Big Cliff,1.26,1.26,0.0,1197.53,1109.02,88.51,8.5
2023-06-17,8,2023-06-17T07:00,bcl,Big Cliff,1.26,1.26,0.0,1196.65,1109.02,87.63,8.4
2023-06-17,9,2023-06-17T08:00,bcl,Big Cliff,1.27,1.27,0.0,1195.73,1109.02,86.71,8.4
2023-06-17,10,2023-06-17T09:00,bcl,Big Cliff,1.27,1.27,0.0,1194.79,1109.09,85.7,8.3
2023-06-17,11,2023-06-17T10:00,bcl,Big Cliff,1.26,1.26,0.0,1193.84,1109.06,84.78,8.2
2023-06-17,12,2023-06-17T11:00,bcl,Big Cliff,1.26,1.26,0.0,1192.87,1109.02,83.85,8.1
2023-06-17,13,2023-06-17T12:00,bcl,Big Cliff,1.25,1.25,0.0,1191.9,1109.05,82.85,7.9
2023-06-17,14,2023-06-17T13:00,bcl,Big Cliff,1.24,1.24,0.0,1190.9,1109.03,81.87,7.7
2023-06-17,15,2023-06-17T14:00,bcl,Big Cliff,1.26,1.26,0.0,1191.73,1109.03,82.7,8.0
2023-06-17,16,2023-06-17T15:00,bcl,Big Cliff,1.27,1.27,0.0,1192.79,1109.09,83.7,8.1
2023-06-17,17,2023-06-17T16:00,bcl,Big Cliff,1.26,1.26,0.0,1193.84,1109.07,84.77,8.1
2023-06-17,18,2023-06-17T17:00,bcl,Big Cliff,1.27,1.27,0.0,1194.86,1109.1,85.76,8.3
2023-06-17,19,2023-06-17T18:00,bcl,Big Cliff,1.28,1.28,0.0,1195.85,1109.1,86.75,8.5
2023-06-17,20,2023-06-17T19:00,bcl,Big Cliff,1.24,1.24,0.0,1196.81,1109.07,87.74,8.3
2023-06-17,21,2023-06-17T20:00,bcl,Big Cliff,1.26,1.26,0.0,1197.19,1109.09,88.1,8.5
2023-06-17,22,2023-06-17T21:00,bcl,Big Cliff,1.28,1.28,0.0,1197.62,1109.11,88.51,8.6
2023-06-17,23,2023-06-17T22:00,bcl,Big Cliff,1.26,1.26,0.0,1198.04,1109.1,88.94,8.6
2023-06-17,24,2023-06-17T23:00,bcl,Big Cliff,1.28,1.28,0.0,1198.47,1109.08,89.39,8.7
2023-06-18,1,2023-06-18T00:00,bcl,Big Cliff,1.28,1.28,0.0,1198.88,1109.13,89.75,8.8
2023-06-18,2,2023-06-18T01:00,bcl,Big Cliff,1.28,1.28,0.0,1199.29,1109.08,90.21,8.8
2023-06-18,3,2023-06-18T02:00,bcl,Big Cliff,1.3,1.3,0.0,1199.69,1109.14,90.55,9.0
2023-06-18,4,2023-06-18T03:00,bcl,Big Cliff,1.28,1.28,0.0,1200.08,1109.08,91.0,8.9
2023-06-18,5,2023-06-18T04:00,bcl,Big Cliff,1.29,1.29,0.0,1199.27,1109.07,90.2,8.9
2023-06-18,6,2023-06-18T05:00,bcl,Big Cliff,1.27,1.27,0.0,1198.4,1109.07,89.33,8.7
2023-06-18,7,2023-06-18T06:00,bcl,Big Cliff,1.25,1.25,0.0,1197.54,1109.04,88.5,8.4
2023-06-18,8,2023-06-18T07:00,bcl,Big Cliff,1.24,1.24,0.0,1196.67,1109.03,87.64,8.3
2023-06-18,9,2023-06-18T08:00,bcl,Big Cliff,1.28,1.28,0.0,1195.75,1109.05,86.7,8.5
2023-06-18,10,2023-06-18T09:00,bcl,Big Cliff,1.28,1.28,0.0,1194.82,1109.01,85.81,8.4
2023-06-18,11,2023-06-18T10:00,bcl,Big Cliff,1.26,1.26,0.0,1193.87,1109.03,84.84,8.2
2023-06-18,12,2023-06-18T11:00,bcl,Big Cliff,1.26,1.26,0.0,1192.91,1109.04,83.87,8.1
2023-06-18,13,2023-06-18T12:00,bcl,Big Cliff,1.26,1.26,0.0,1191.94,1109.06,82.88,8.0
2023-06-18,14,2023-06-18T13:00,bcl,Big Cliff,1.3,1.3,0.0,1190.93,1109.09,81.84,8.1
2023-06-18,15,2023-06-18T14:00,bcl,Big Cliff,1.28,1.28,0.0,1191.74,1109.06,82.68,8.1
2023-06-18,16,2023-06-18T15:00,bcl,Big Cliff,1.27,1.27,0.0,1192.82,1109.06,83.76,8.1
2023-06-18,17,2023-06-18T16:00,bcl,Big Cliff,1.29,1.29,0.0,1193.87,1109.1,84.77,8.3
2023-06-18,18,2023-06-18T17:00,bcl,Big Cliff,1.3,1.3,0.0,1194.89,1109.1,85.79,8.5
2023-06-18,19,2023-06-18T18:00,bcl,Big Cliff,1.32,1.32,0.0,1195.89,1109.11,86.78,8.7
2023-06-18,20,2023-06-18T19:00,bcl,Big Cliff,1.29,1.29,0.0,1196.87,1109.13,87.74,8.6
2023-06-18,21,2023-06-18T20:00,bcl,Big Cliff,1.31,1.31,0.0,1197.13,1109.13,88.0,8.8
2023-06-18,22,2023-06-18T21:00,bcl,Big Cliff,1.3,1.3,0.0,1197.56,1109.11,88.45,8.8
2023-06-18,23,2023-06-18T22:00,bcl,Big Cliff,1.3,1.3,0.0,1197.98,1109.15,88.83,8.8
2023-06-18,24,2023-06-18T23:00,bcl,Big Cliff,1.3,1.3,0.0,1198.42,1109.11,89.31,8.9
2023-06-19,1,2023-06-19T00:00,bcl,Big Cliff,1.29,1.29,0.0,1198.83,1109.13,89.7,8.8
2023-06-19,2,2023-06-19T01:00,bcl,Big Cliff,1.3,1.3,0.0,1199.23,1109.1,90.13,8.9
2023-06-19,3,2023-06-19T02:00,bcl,Big Cliff,1.31,1.31,0.0,1199.64,1109.1,90.54,9.0
2023-06-19,4,2023-06-19T03:00,bcl,Big Cliff,1.31,1.31,0.0,1200.02,1109.14,90.88,9.1
2023-06-19,5,2023-06-19T04:00,bcl,Big Cliff,1.28,1.28,0.0,1199.24,1109.09,90.15,8.8
2023-06-19,6,2023-06-19T05:00,bcl,Big Cliff,1.29,1.29,0.0,1198.37,1109.06,89.31,8.8
2023-06-19,7,2023-06-19T06:00,bcl,Big Cliff,1.25,1.25,0.0,1197.52,1109.03,88.49,8.4
2023-06-19,8,2023-06-19T07:00,bcl,Big Cliff,1.28,1.28,0.0,1196.65,1109.02,87.63,8.6
2023-06-19,9,2023-06-19T08:00,bcl,Big Cliff,1.29,1.29,0.0,1195.73,1109.13,86.6,8.5
2023-06-19,10,2023-06-19T09:00,bcl,Big Cliff,1.28,1.28,0.0,1194.79,1109.02,85.77,8.4
2023-06-19,11,2023-06-19T10:00,bcl,Big Cliff,1.27,1.27,0.0,1193.85,1109.08,84.77,8.2
2023-06-19,12,2023-06-19T11:00,bcl,Big Cliff,1.26,1.26,0.0,1192.9,1109.06,83.84,8.1
2023-06-19,13,2023-06-19T12:00,bcl,Big Cliff,1.28,1.28,0.0,1191.92,1109.06,82.86,8.1
2023-06-19,14,2023-06-19T13:00,bcl,Big Cliff,1.25,1.25,0.0,1190.93,1109.08,81.85,7.8
2023-06-19,15,2023-06-19T14:00,bcl,Big Cliff,1.24,1.24,0.0,1191.76,1109.04,82.72,7.8
2023-06-19,16,2023-06-19T15:00,bcl,Big Cliff,1.27,1.27,0.0,1192.84,1109.05,83.79,8.1
2023-06-19,17,2023-06-19T16:00,bcl,Big Cliff,1.28,1.28,0.0,1193.89,1109.05,84.84,8.3
2023-06-19,18,2023-06-19T17:00,bcl,Big Cliff,1.29,1.29,0.0,1194.92,1109.1,85.82,8.4
2023-06-19,19,2023-06-19T18:00,bcl,Big Cliff,1.29,1.29,0.0,1195.93,1109.03,86.9,8.6
2023-06-19,20,2023-06-19T19:00,bcl,Big Cliff,1.3,1.3,0.0,1196.9,1109.11,87.79,8.7
2023-06-19,21,2023-06-19T20:00,bcl,Big Cliff,1.26,1.26,0.0,1197.16,1109.1,88.06,8.5
2023-06-19,22,2023-06-19T21:00,bcl,Big Cliff,1.26,1.26,0.0,1197.63,1109.07,88.56,8.5
2023-06-19,23,2023-06-19T22:00,bcl,Big Cliff,1.27,1.27,0.0,1198.06,1109.09,88.97,8.6
2023-06-19,24,2023-06-19T23:00,bcl,Big Cliff,1.27,1.27,0.0,1198.51,1109.13,89.38,8.7
2023-06-20,1,2023-06-20T00:00,bcl,Big Cliff,1.3,1.3,0.0,1198.91,1109.11,89.8,8.9
2023-06-20,2,2023-06-20T01:00,bcl,Big Cliff,1.28,1.28,0.0,1199.33,1109.08,90.25,8.8
2023-06-20,3,2023-06-20T02:00,bcl,Big Cliff,1.3,1.3,0.0,1199.73,1109.1,90.63,9.0
2023-06-20,4,2023-06-20T03:00,bcl,Big Cliff,1.3,1.3,0.0,1200.11,1109.08,91.03,9.0
2023-06-20,5,2023-06-20T04:00,bcl,Big Cliff,1.3,1.3,0.0,1199.19,1109.12,90.07,8.9
2023-06-20,6,2023-06-20T05:00,bcl,Big Cliff,1.28,1.28,0.0,1198.35,1109.04,89.31,8.7
2023-06-20,7,2023-06-20T06:00,bcl,Big Cliff,1.27,1.27,0.0,1197.48,1109.07,88.41,8.6
2023-06-20,8,2023-06-20T07:00,bcl,Big Cliff,1.25,1.25,0.0,1196.61,1109.0,87.61,8.4
2023-06-20,9,2023-06-20T08:00,bcl,Big Cliff,1.26,1.26,0.0,1195.69,1109.01,86.68,8.3
2023-06-20,10,2023-06-20T09:00,bcl,Big Cliff,1.29,1.29,0.0,1194.76,1109.09,85.67,8.4
2023-06-20,11,2023-06-20T10:00,bcl,Big Cliff,1.26,1.26,0.0,1193.81,1109.03,84.78,8.2
2023-06-20,12,2023-06-20T11:00,bcl,Big Cliff,1.26,1.26,0.0,1192.85,1109.08,83.77,8.1
2023-06-20,13,2023-06-20T12:00,bcl,Big Cliff,1.26,1.26,0.0,1191.88,1109.07,82.81,8.0
2023-06-20,14,2023-06-20T13:00,bcl,Big Cliff,1.26,1.26,0.0,1190.89,1109.04,81.85,7.9
2023-06-20,15,2023-06-20T14:00,bcl,Big Cliff,1.26,1.26,0.0,1191.69,1109.09,82.6,7.9
2023-06-20,16,2023-06-20T15:00,bcl,Big Cliff,1.26,1.26,0.0,1192.77,1109.08,83.69,8.0
2023-06-20,17,2023-06-20T16:00,bcl,Big Cliff,1.27,1.27,0.0,1193.82,1109.08,84.74,8.2
2023-06-20,18,2023-06-20T17:00,bcl,Big Cliff,1.28,1.28,0.0,1194.85,1109.06,85.79,8.4
2023-06-20,19,2023-06-20T18:00,bcl,Big Cliff,1.3,1.3,0.0,1195.85,1109.08,86.77,8.6
2023-06-20,20,2023-06-20T19:00,bcl,Big Cliff,1.29,1.29,0.0,1196.81,1109.06,87.75,8.6
2023-06-20,21,2023-06-20T20:00,bcl,Big Cliff,1.29,1.29,0.0,1197.04,1109.1,87.94,8.7
2023-06-20,22,2023-06-20T21:00,bcl,Big Cliff,1.3,1.3,0.0,1197.48,1109.1,88.38,8.8
2023-06-20,23,2023-06-20T22:00,bcl,Big Cliff,1.27,1.27,0.0,1197.91,1109.12,88.79,8.6
2023-06-20,24,2023-06-20T23:00,bcl,Big Cliff,1.28,1.28,0.0,1198.34,1109.09,89.25,8.7
2023-06-21,1,2023-06-21T00:00,bcl,Big Cliff,1.28,1.28,0.0,1198.76,1109.12,89.64,8.8
2023-06-21,2,2023-06-21T01:00,bcl,Big Cliff,1.27,1.27,0.0,1199.16,1109.08,90.08,8.7
2023-06-21,3,2023-06-21T02:00,bcl,Big Cliff,1.3,1.3,0.0,1199.57,1109.11,90.46,9.0
2023-06-21,4,2023-06-21T03:00,bcl,Big Cliff,1.29,1.29,0.0,1199.95,1109.1,90.85,8.9
2023-06-21,5,2023-06-21T04:00,bcl,Big Cliff,1.29,1.29,0.0,1199.12,1109.08,90.04,8.9
2023-06-21,6,2023-06-21T05:00,bcl,Big Cliff,1.28,1.28,0.0,1198.25,1109.09,89.16,8.7
2023-06-21,7,2023-06-21T06:00,bcl,Big Cliff,1.28,1.28,0.0,1197.37,1109.05,88.32,8.6
2023-06-21,8,2023-06-21T07:00,bcl,Big Cliff,1.26,1.26,0.0,1196.48,1109.07,87.41,8.4
2023-06-21,9,2023-06-21T08:00,bcl,Big Cliff,1.27,1.27,0.0,1195.55,1109.08,86.47,8.4
2023-06-21,10,2023-06-21T09:00,bcl,Big Cliff,1.27,1.27,0.0,1194.61,1109.1,85.51,8.3
2023-06-21,11,2023-06-21T10:00,bcl,Big Cliff,1.25,1.25,0.0,1193.67,1109.05,84.62,8.1
2023-06-21,12,2023-06-21T11:00,bcl,Big Cliff,1.25,1.25,0.0,1192.71,1109.0,83.71,8.0
2023-06-21,13,2023-06-21T12:00,bcl,Big Cliff,1.28,1.28,0.0,1191.72,1109.05,82.67,8.1
2023-06-21,14,2023-06-21T13:00,bcl,Big Cliff,1.24,1.24,0.0,1190.73,1109.04,81.69,7.7
2023-06-21,15,2023-06-21T14:00,bcl,Big Cliff,1.26,1.26,0.0,1191.51,1109.08,82.43,7.9
2023-06-21,16,2023-06-21T15:00,bcl,Big Cliff,1.27,1.27,0.0,1192.58,1109.06,83.52,8.1
2023-06-21,17,2023-06-21T16:00,bcl,Big Cliff,1.3,1.3,0.0,1193.62,1109.02,84.6,8.4
2023-06-21,18,2023-06-21T17:00,bcl,Big Cliff,1.31,1.31,0.0,1194.63,1109.12,85.51,8.5
2023-06-21,19,2023-06-21T18:00,bcl,Big Cliff,1.31,1.31,0.0,1195.62,1109.14,86.48,8.6
2023-06-21,20,2023-06-21T19:00,bcl,Big Cliff,1.28,1.28,0.0,1196.58,1109.1,87.48,8.5
2023-06-21,21,2023-06-21T20:00,bcl,Big Cliff,1.28,1.28,0.0,1196.88,1109.08,87.8,8.6
2023-06-21,22,2023-06-21T21:00,bcl,Big Cliff,1.28,1.28,0.0,1197.29,1109.08,88.21,8.6
2023-06-21,23,2023-06-21T22:00,bcl,Big Cliff,1.26,1.26,0.0,1197.72,1109.08,88.64,8.5
2023-06-21,24,2023-06-21T23:00,bcl,Big Cliff,1.28,1.28,0.0,1198.14,1109.12,89.02,8.7
2023-06-22,1,2023-06-22T00:00,bcl,Big Cliff,1.28,1.28,0.0,1198.56,1109.06,89.5,8.7
2023-06-22,2,2023-06-22T01:00,bcl,Big Cliff,1.28,1.28,0.0,1198.96,1109.14,89.82,8.8
2023-06-22,3,2023-06-22T02:00,bcl,Big Cliff,1.3,1.3,0.0,1199.36,1109.11,90.25,9.0
2023-06-22,4,2023-06-22T03:00,bcl,Big Cliff,1.3,1.3,0.0,1199.75,1109.1,90.65,9.0
2023-06-22,5,2023-06-22T04:00,bcl,Big Cliff,1.29,1.29,0.0,1199.08,1109.06,90.02,8.9
2023-06-22,6,2023-06-22T05:00,bcl,Big Cliff,1.28,1.28,0.0,1198.24,1109.04,89.2,8.7
2023-06-22,7,2023-06-22T06:00,bcl,Big Cliff,1.27,1.27,0.0,1197.37,1109.08,88.29,8.6
2023-06-22,8,2023-06-22T07:00,bcl,Big Cliff,1.27,1.27,0.0,1196.46,1109.1,87.36,8.5
2023-06-22,9,2023-06-22T08:00,bcl,Big Cliff,1.26,1.26,0.0,1195.54,1109.07,86.47,8.3
2023-06-22,10,2023-06-22T09:00,bcl,Big Cliff,1.25,1.25,0.0,1194.59,1109.06,85.53,8.2
2023-06-22,11,2023-06-22T10:00,bcl,Big Cliff,1.27,1.27,0.0,1193.64,1109.05,84.59,8.2
2023-06-22,12,2023-06-22T11:00,bcl,Big Cliff,1.26,1.26,0.0,1192.66,1109.05,83.61,8.0
2023-06-22,13,2023-06-22T12:00,bcl,Big Cliff,1.24,1.24,0.0,1191.67,1109.05,82.62,7.8
2023-06-22,14,2023-06-22T13:00,bcl,Big Cliff,1.28,1.28,0.0,1190.66,1109.07,81.59,8.0
2023-06-22,15,2023-06-22T14:00,bcl,Big Cliff,1.26,1.26,0.0,1191.48,1109.01,82.47,7.9
2023-06-22,16,2023-06-22T15:00,bcl,Big Cliff,1.26,1.26,0.0,1192.55,1109.05,83.5,8.0
2023-06-22,17,2023-06-22T16:00,bcl,Big Cliff,1.28,1.28,0.0,1193.6,1109.07,84.53,8.3
2023-06-22,18,2023-06-22T17:00,bcl,Big Cliff,1.3,1.3,0.0,1194.61,1109.11,85.5,8.5
2023-06-22,19,2023-06-22T18:00,bcl,Big Cliff,1.27,1.27,0.0,1195.61,1109.04,86.57,8.4
2023-06-22,20,2023-06-22T19:00,bcl,Big Cliff,1.3,1.3,0.0,1196.57,1109.09,87.48,8.7
2023-06-22,21,2023-06-22T20:00,bcl,Big Cliff,1.27,1.27,0.0,1196.97,1109.01,87.96,8.5
2023-06-22,22,2023-06-22T21:00,bcl,Big Cliff,1.29,1.29,0.0,1197.38,1109.11,88.27,8.7
2023-06-22,23,2023-06-22T22:00,bcl,Big Cliff,1.28,1.28,0.0,1197.79,1109.07,88.72,8.7
2023-06-22,24,2023-06-22T23:00,bcl,Big Cliff,1.27,1.27,0.0,1198.21,1109.06,89.15,8.6
2023-06-23,1,2023-06-23T00:00,bcl,Big Cliff,1.3,1.3,0.0,1198.6,1109.11,89.49,8.9
2023-06-23,2,2023-06-23T01:00,bcl,Big Cliff,1.29,1.29,0.0,1198.99,1109.14,89.85,8.8
2023-06-23,3,2023-06-23T02:00,bcl,Big Cliff,1.29,1.29,0.0,1199.38,1109.13,90.25,8.9
2023-06-23,4,2023-06-23T03:00,bcl,Big Cliff,1.3,1.3,0.0,1199.75,1109.1,90.65,9.0
2023-06-23,5,2023-06-23T04:00,bcl,Big Cliff,1.31,1.31,0.0,1199.01,1109.11,89.9,9.0
2023-06-23,6,2023-06-23T05:00,bcl,Big Cliff,1.27,1.27,0.0,1198.16,1109.05,89.11,8.6
2023-06-23,7,2023-06-23T06:00,bcl,Big Cliff,1.26,1.26,0.0,1197.29,1109.08,88.21,8.5
2023-06-23,8,2023-06-23T07:00,bcl,Big Cliff,1.25,1.25,0.0,1196.4,1109.03,87.37,8.3
2023-06-23,9,2023-06-23T08:00,bcl,Big Cliff,1.26,1.26,0.0,1195.48,1109.04,86.44,8.3
2023-06-23,10,2023-06-23T09:00,bcl,Big Cliff,1.26,1.26,0.0,1194.54,1109.02,85.52,8.2
2023-06-23,11,2023-06-23T10:00,bcl,Big Cliff,1.25,1.25,0.0,1193.6,1109.03,84.57,8.1
2023-06-23,12,2023-06-23T11:00,bcl,Big Cliff,1.24,1.24,0.0,1192.64,1109.07,83.57,7.9
2023-06-23,13,2023-06-23T12:00,bcl,Big Cliff,1.23,1.23,0.0,1191.66,1109.01,82.65,7.8
2023-06-23,14,2023-06-23T13:00,bcl,Big Cliff,1.26,1.26,0.0,1190.66,1109.04,81.62,7.8
2023-06-23,15,2023-06-23T14:00,bcl,Big Cliff,1.28,1.28,0.0,1191.47,1109.04,82.43,8.1
2023-06-23,16,2023-06-23T15:00,bcl,Big Cliff,1.26,1.26,0.0,1192.54,1109.03,83.51,8.0
2023-06-23,17,2023-06-23T16:00,bcl,Big Cliff,1.28,1.28,0.0,1193.58,1109.04,84.54,8.3
2023-06-23,18,2023-06-23T17:00,bcl,Big Cliff,1.28,1.28,0.0,1194.6,1109.13,85.47,8.3
2023-06-23,19,2023-06-23T18:00,bcl,Big Cliff,1.31,1.31,0.0,1195.59,1109.09,86.5,8.6
2023-06-23,20,2023-06-23T19:00,bcl,Big Cliff,1.27,1.27,0.0,1196.55,1109.08,87.47,8.5
2023-06-23,21,2023-06-23T20:00,bcl,Big Cliff,1.27,1.27,0.0,1196.83,1109.08,87.75,8.5
2023-06-23,22,2023-06-23T21:00,bcl,Big Cliff,1.27,1.27,0.0,1197.22,1109.13,88.09,8.5
2023-06-23,23,2023-06-23T22:00,bcl,Big Cliff,1.27,1.27,0.0,1197.63,1109.1,88.53,8.6
2023-06-23,24,2023-06-23T23:00,bcl,Big Cliff,1.27,1.27,0.0,1198.07,1109.09,88.98,8.6
2023-06-24,1,2023-06-24T00:00,bcl,Big Cliff,1.29,1.29,0.0,1198.53,1109.07,89.46,8.8
2023-06-24,2,2023-06-24T01:00,bcl,Big Cliff,1.3,1.3,0.0,1198.96,1109.15,89.81,8.9
2023-06-24,3,2023-06-24T02:00,bcl,Big Cliff,1.31,1.31,0.0,1199.39,1109.12,90.27,9.0
2023-06-24,4,2023-06-24T03:00,bcl,Big Cliff,1.28,1.28,0.0,1199.82,1109.09,90.73,8.9
2023-06-24,5,2023-06-24T04:00,bcl,Big Cliff,1.3,1.3,0.0,1199.22,1109.12,90.1,8.9
2023-06-24,6,2023-06-24T05:00,bcl,Big Cliff,1.28,1.28,0.0,1198.38,1109.05,89.33,8.7
2023-06-24,7,2023-06-24T06:00,bcl,Big Cliff,1.26,1.26,0.0,1197.52,1109.09,88.43,8.5
2023-06-24,8,2023-06-24T07:00,bcl,Big Cliff,1.29,1.29,0.0,1196.63,1109.07,87.56,8.6
2023-06-24,9,2023-06-24T08:00,bcl,Big Cliff,1.29,1.29,0.0,1195.7,1109.11,86.59,8.5
2023-06-24,10,2023-06-24T09:00,bcl,Big Cliff,1.26,1.26,0.0,1194.76,1109.09,85.67,8.2
2023-06-24,11,2023-06-24T10:00,bcl,Big Cliff,1.26,1.26,0.0,1193.81,1109.03,84.78,8.2
2023-06-24,12,2023-06-24T11:00,bcl,Big Cliff,1.26,1.26,0.0,1192.85,1109.09,83.76,8.1
2023-06-24,13,2023-06-24T12:00,bcl,Big Cliff,1.28,1.28,0.0,1191.85,1109.09,82.76,8.1
2023-06-24,14,2023-06-24T13:00,bcl,Big Cliff,1.24,1.24,0.0,1190.86,1109.01,81.85,7.7
2023-06-24,15,2023-06-24T14:00,bcl,Big Cliff,1.27,1.27,0.0,1191.67,1109.07,82.6,8.0
2023-06-24,16,2023-06-24T15:00,bcl,Big Cliff,1.27,1.27,0.0,1192.74,1109.1,83.64,8.1
2023-06-24,17,2023-06-24T16:00,bcl,Big Cliff,1.28,1.28,0.0,1193.77,1109.08,84.69,8.3
2023-06-24,18,2023-06-24T17:00,bcl,Big Cliff,1.29,1.29,0.0,1194.78,1109.08,85.7,8.4
2023-06-24,19,2023-06-24T18:00,bcl,Big Cliff,1.3,1.3,0.0,1195.77,1109.13,86.64,8.6
2023-06-24,20,2023-06-24T19:00,bcl,Big Cliff,1.27,1.27,0.0,1196.73,1109.05,87.68,8.5
2023-06-24,21,2023-06-24T20:00,bcl,Big Cliff,1.28,1.28,0.0,1197.04,1109.1,87.94,8.6
2023-06-24,22,2023-06-24T21:00,bcl,Big Cliff,1.29,1.29,0.0,1197.49,1109.12,88.37,8.7
2023-06-24,23,2023-06-24T22:00,bcl,Big Cliff,1.3,1.3,0.0,1197.94,1109.09,88.85,8.8
2023-06-24,24,2023-06-24T23:00,bcl,Big Cliff,1.29,1.29,0.0,1198.38,1109.15,89.23,8.8
2023-06-25,1,2023-06-25T00:00,bcl,Big Cliff,1.31,1.31,0.0,1198.81,1109.12,89.69,9.0
2023-06-25,2,2023-06-25T01:00,bcl,Big Cliff,1.32,1.32,0.0,1199.22,1109.14,90.08,9.1
2023-06-25,3,2023-06-25T02:00,bcl,Big Cliff,1.31,1.31,0.0,1199.64,1109.13,90.51,9.0
2023-06-25,4,2023-06-25T03:00,bcl,Big Cliff,1.31,1.31,0.0,1200.03,1109.07,90.96,9.1
2023-06-25,5,2023-06-25T04:00,bcl,Big Cliff,1.32,1.32,0.0,1199.22,1109.16,90.06,9.1
2023-06-25,6,2023-06-25T05:00,bcl,Big Cliff,1.27,1.27,0.0,1198.35,1109.07,89.28,8.7
2023-06-25,7,2023-06-25T06:00,bcl,Big Cliff,1.26,1.26,0.0,1197.47,1109.04,88.43,8.5
2023-06-25,8,2023-06-25T07:00,bcl,Big Cliff,1.28,1.28,0.0,1196.58,1109.07,87.51,8.5
2023-06-25,9,2023-06-25T08:00,bcl,Big Cliff,1.28,1.28,0.0,1195.64,1109.06,86.58,8.5
2023-06-25,10,2023-06-25T09:00,bcl,Big Cliff,1.27,1.27,0.0,1194.7,1109.05,85.65,8.3
2023-06-25,11,2023-06-25T10:00,bcl,Big Cliff,1.28,1.28,0.0,1193.73,1109.07,84.66,8.3
2023-06-25,12,2023-06-25T11:00,bcl,Big Cliff,1.26,1.26,0.0,1192.76,1109.08,83.68,8.0
2023-06-25,13,2023-06-25T12:00,bcl,Big Cliff,1.24,1.24,0.0,1191.78,1109.07,82.71,7.8
2023-06-25,14,2023-06-25T13:00,bcl,Big Cliff,1.27,1.27,0.0,1190.78,1109.07,81.71,7.9
2023-06-25,15,2023-06-25T14:00,bcl,Big Cliff,1.28,1.28,0.0,1191.58,1109.08,82.5,8.1
2023-06-25,16,2023-06-25T15:00,bcl,Big Cliff,1.26,1.26,0.0,1192.65,1109.05,83.6,8.0
2023-06-25,17,2023-06-25T16:00,bcl,Big Cliff,1.27,1.27,0.0,1193.69,1109.08,84.61,8.2
2023-06-25,18,2023-06-25T17:00,bcl,Big Cliff,1.29,1.29,0.0,1194.7,1109.11,85.59,8.4
2023-06-25,19,2023-06-25T18:00,bcl,Big Cliff,1.31,1.31,0.0,1195.69,1109.09,86.6,8.7
2023-06-25,20,2023-06-25T19:00,bcl,Big Cliff,1.29,1.29,0.0,1196.65,1109.07,87.58,8.6
2023-06-25,21,2023-06-25T20:00,bcl,Big Cliff,1.28,1.28,0.0,1196.93,1109.1,87.83,8.6
2023-06-25,22,2023-06-25T21:00,bcl,Big Cliff,1.29,1.29,0.0,1197.37,1109.09,88.28,8.7
2023-06-25,23,2023-06-25T22:00,bcl,Big Cliff,1.31,1.31,0.0,1197.8,1109.14,88.66,8.9
2023-06-25,24,2023-06-25T23:00,bcl,Big Cliff,1.3,1.3,0.0,1198.22,1109.17,89.05,8.8
2023-06-26,1,2023-06-26T00:00,bcl,Big Cliff,1.29,1.29,0.0,1198.66,1109.13,89.53,8.8
2023-06-26,2,2023-06-26T01:00,bcl,Big Cliff,1.31,1.31,0.0,1199.06,1109.15,89.91,9.0
2023-06-26,3,2023-06-26T02:00,bcl,Big Cliff,1.31,1.31,0.0,1199.48,1109.1,90.38,9.0
2023-06-26,4,2023-06-26T03:00,bcl,Big Cliff,1.31,1.31,0.0,1199.87,1109.16,90.71,9.1
2023-06-26,5,2023-06-26T04:00,bcl,Big Cliff,1.31,1.31,0.0,1199.15,1109.12,90.03,9.0
2023-06-26,6,2023-06-26T05:00,bcl,Big Cliff,1.34,1.34,0.0,1198.28,1109.07,89.21,9.1
2023-06-26,7,2023-06-26T06:00,bcl,Big Cliff,1.29,1.29,0.0,1197.41,1109.05,88.36,8.7
2023-06-26,8,2023-06-26T07:00,bcl,Big Cliff,1.27,1.27,0.0,1196.51,1109.08,87.43,8.5
2023-06-26,9,2023-06-26T08:00,bcl,Big Cliff,1.28,1.28,0.0,1195.57,1109.09,86.48,8.4
2023-06-26,10,2023-06-26T09:00,bcl,Big Cliff,1.28,1.28,0.0,1194.62,1109.06,85.56,8.4
2023-06-26,11,2023-06-26T10:00,bcl,Big Cliff,1.27,1.27,0.0,1193.66,1109.07,84.59,8.2
2023-06-26,12,2023-06-26T11:00,bcl,Big Cliff,1.27,1.27,0.0,1192.68,1109.01,83.67,8.1
2023-06-26,13,2023-06-26T12:00,bcl,Big Cliff,1.27,1.27,0.0,1191.69,1109.1,82.59,8.0
2023-06-26,14,2023-06-26T13:00,bcl,Big Cliff,1.26,1.26,0.0,1190.67,1109.03,81.64,7.8
2023-06-26,15,2023-06-26T14:00,bcl,Big Cliff,1.27,1.27,0.0,1191.5,1109.06,82.44,8.0
2023-06-26,16,2023-06-26T15:00,bcl,Big Cliff,1.26,1.26,0.0,1192.58,1109.09,83.49,8.0
2023-06-26,17,2023-06-26T16:00,bcl,Big Cliff,1.28,1.28,0.0,1193.63,1109.06,84.57,8.3
2023-06-26,18,2023-06-26T17:00,bcl,Big Cliff,1.28,1.28,0.0,1194.65,1109.11,85.54,8.4
2023-06-26,19,2023-06-26T18:00,bcl,Big Cliff,1.29,1.29,0.0,1195.64,1109.13,86.51,8.5
2023-06-26,20,2023-06-26T19:00,bcl,Big Cliff,1.29,1.29,0.0,1196.61,1109.14,87.47,8.6
2023-06-26,21,2023-06-26T20:00,bcl,Big Cliff,1.26,1.26,0.0,1196.88,1109.08,87.8,8.4
2023-06-26,22,2023-06-26T21:00,bcl,Big Cliff,1.3,1.3,0.0,1197.32,1109.13,88.19,8.7
2023-06-26,23,2023-06-26T22:00,bcl,Big Cliff,1.28,1.28,0.0,1197.76,1109.05,88.71,8.7
2023-06-26,24,2023-06-26T23:00,bcl,Big Cliff,1.28,1.28,0.0,1198.2,1109.11,89.09,8.7
2023-06-27,1,2023-06-27T00:00,bcl,Big Cliff,1.3,1.3,0.0,1198.62,1109.14,89.48,8.9
2023-06-27,2,2023-06-27T01:00,bcl,Big Cliff,1.31,1.31,0.0,1199.03,1109.16,89.87,9.0
2023-06-27,3,2023-06-27T02:00,bcl,Big Cliff,1.3,1.3,0.0,1199.44,1109.09,90.35,9.0
2023-06-27,4,2023-06-27T03:00,bcl,Big Cliff,1.3,1.3,0.0,1199.83,1109.07,90.76,9.0
2023-06-27,5,2023-06-27T04:00,bcl,Big Cliff,1.31,1.31,0.0,1199.21,1109.08,90.13,9.0
2023-06-27,6,2023-06-27T05:00,bcl,Big Cliff,1.31,1.31,0.0,1198.37,1109.13,89.24,8.9
2023-06-27,7,2023-06-27T06:00,bcl,Big Cliff,1.28,1.28,0.0,1197.49,1109.06,88.43,8.6
2023-06-27,8,2023-06-27T07:00,bcl,Big Cliff,1.26,1.26,0.0,1196.61,1109.05,87.56,8.4
2023-06-27,9,2023-06-27T08:00,bcl,Big Cliff,1.3,1.3,0.0,1195.67,1109.06,86.61,8.6
2023-06-27,10,2023-06-27T09:00,bcl,Big Cliff,1.28,1.28,0.0,1194.73,1109.08,85.65,8.4
2023-06-27,11,2023-06-27T10:00,bcl,Big Cliff,1.28,1.28,0.0,1193.76,1109.13,84.63,8.3
2023-06-27,12,2023-06-27T11:00,bcl,Big Cliff,1.26,1.26,0.0,1192.79,1109.05,83.74,8.1
2023-06-27,13,2023-06-27T12:00,bcl,Big Cliff,1.27,1.27,0.0,1191.8,1109.02,82.78,8.0
2023-06-27,14,2023-06-27T13:00,bcl,Big Cliff,1.27,1.27,0.0,1190.8,1109.04,81.76,7.9
2023-06-27,15,2023-06-27T14:00,bcl,Big Cliff,1.27,1.27,0.0,1191.62,1109.04,82.58,8.0
2023-06-27,16,2023-06-27T15:00,bcl,Big Cliff,1.28,1.28,0.0,1192.68,1109.05,83.63,8.2
2023-06-27,17,2023-06-27T16:00,bcl,Big Cliff,1.28,1.28,0.0,1193.72,1109.08,84.64,8.3
2023-06-27,18,2023-06-27T17:00,bcl,Big Cliff,1.26,1.26,0.0,1194.75,1109.02,85.73,8.2
2023-06-27,19,2023-06-27T18:00,bcl,Big Cliff,1.29,1.29,0.0,1195.74,1109.12,86.62,8.5
2023-06-27,20,2023-06-27T19:00,bcl,Big Cliff,1.29,1.29,0.0,1196.71,1109.06,87.65,8.6
2023-06-27,21,2023-06-27T20:00,bcl,Big Cliff,1.27,1.27,0.0,1197.2,1109.04,88.16,8.5
2023-06-27,22,2023-06-27T21:00,bcl,Big Cliff,1.27,1.27,0.0,1197.62,1109.12,88.5,8.6
2023-06-27,23,2023-06-27T22:00,bcl,Big Cliff,1.28,1.28,0.0,1198.04,1109.04,89.0,8.7
2023-06-27,24,2023-06-27T23:00,bcl,Big Cliff,1.28,1.28,0.0,1198.47,1109.18,89.29,8.7
2023-06-28,1,2023-06-28T00:00,bcl,Big Cliff,1.29,1.29,0.0,1198.87,1109.15,89.72,8.8
2023-06-28,2,2023-06-28T01:00,bcl,Big Cliff,1.29,1.29,0.0,1199.27,1109.13,90.14,8.9
2023-06-28,3,2023-06-28T02:00,bcl,Big Cliff,1.3,1.3,0.0,1199.67,1109.09,90.58,9.0
2023-06-28,4,2023-06-28T03:00,bcl,Big Cliff,1.29,1.29,0.0,1200.05,1109.05,91.0,9.0
2023-06-28,5,2023-06-28T04:00,bcl,Big Cliff,1.29,1.29,0.0,1199.35,1109.08,90.27,8.9
2023-06-28,6,2023-06-28T05:00,bcl,Big Cliff,1.3,1.3,0.0,1198.49,1109.06,89.43,8.9
2023-06-28,7,2023-06-28T06:00,bcl,Big Cliff,1.3,1.3,0.0,1197.61,1109.1,88.51,8.8
2023-06-28,8,2023-06-28T07:00,bcl,Big Cliff,1.27,1.27,0.0,1196.71,1109.08,87.63,8.5
2023-06-28,9,2023-06-28T08:00,bcl,Big Cliff,1.28,1.28,0.0,1195.78,1109.06,86.72,8.5
2023-06-28,10,2023-06-28T09:00,bcl,Big Cliff,1.27,1.27,0.0,1194.84,1109.06,85.78,8.3
2023-06-28,11,2023-06-28T10:00,bcl,Big Cliff,1.28,1.28,0.0,1193.87,1109.13,84.74,8.3
2023-06-28,12,2023-06-28T11:00,bcl,Big Cliff,1.3,1.3,0.0,1192.9,1109.09,83.81,8.3
2023-06-28,13,2023-06-28T12:00,bcl,Big Cliff,1.27,1.27,0.0,1191.91,1109.06,82.85,8.0
2023-06-28,14,2023-06-28T13:00,bcl,Big Cliff,1.25,1.25,0.0,1190.91,1109.06,81.85,7.8
2023-06-28,15,2023-06-28T14:00,bcl,Big Cliff,1.29,1.29,0.0,1191.7,1109.01,82.69,8.1
2023-06-28,16,2023-06-28T15:00,bcl,Big Cliff,1.24,1.24,0.0,1192.76,1109.04,83.72,7.9
2023-06-28,17,2023-06-28T16:00,bcl,Big Cliff,1.27,1.27,0.0,1193.81,1109.01,84.8,8.2
2023-06-28,18,2023-06-28T17:00,bcl,Big Cliff,1.3,1.3,0.0,1194.83,1109.06,85.77,8.5
2023-06-28,19,2023-06-28T18:00,bcl,Big Cliff,1.31,1.31,0.0,1195.81,1109.11,86.7,8.7
2023-06-28,20,2023-06-28T19:00,bcl,Big Cliff,1.28,1.28,0.0,1196.78,1109.08,87.7,8.6
2023-06-28,21,2023-06-28T20:00,bcl,Big Cliff,1.27,1.27,0.0,1197.23,1109.08,88.15,8.5
2023-06-28,22,2023-06-28T21:00,bcl,Big Cliff,1.28,1.28,0.0,1197.67,1109.11,88.56,8.6
2023-06-28,23,2023-06-28T22:00,bcl,Big Cliff,1.27,1.27,0.0,1198.07,1109.13,88.94,8.6
2023-06-28,24,2023-06-28T23:00,bcl,Big Cliff,1.28,1.28,0.0,1198.5,1109.07,89.43,8.7
2023-06-29,1,2023-06-29T00:00,bcl,Big Cliff,1.3,1.3,0.0,1198.89,1109.15,89.74,8.9
2023-06-29,2,2023-06-29T01:00,bcl,Big Cliff,1.31,1.31,0.0,1199.28,1109.11,90.17,9.0
2023-06-29,3,2023-06-29T02:00,bcl,Big Cliff,1.31,1.31,0.0,1199.67,1109.11,90.56,9.1
2023-06-29,4,2023-06-29T03:00,bcl,Big Cliff,1.31,1.31,0.0,1200.02,1109.15,90.87,9.1
2023-06-29,5,2023-06-29T04:00,bcl,Big Cliff,1.31,1.31,0.0,1199.28,1109.14,90.14,9.0
2023-06-29,6,2023-06-29T05:00,bcl,Big Cliff,1.29,1.29,0.0,1198.39,1109.09,89.3,8.8
2023-06-29,7,2023-06-29T06:00,bcl,Big Cliff,1.28,1.28,0.0,1197.52,1109.08,88.44,8.6
2023-06-29,8,2023-06-29T07:00,bcl,Big Cliff,1.29,1.29,0.0,1196.63,1109.09,87.54,8.6
2023-06-29,9,2023-06-29T08:00,bcl,Big Cliff,1.29,1.29,0.0,1195.69,1109.1,86.59,8.5
2023-06-29,10,2023-06-29T09:00,bcl,Big Cliff,1.28,1.28,0.0,1194.75,1109.11,85.64,8.4
2023-06-29,11,2023-06-29T10:00,bcl,Big Cliff,1.28,1.28,0.0,1193.78,1109.11,84.67,8.3
2023-06-29,12,2023-06-29T11:00,bcl,Big Cliff,1.27,1.27,0.0,1192.81,1109.07,83.74,8.1
2023-06-29,13,2023-06-29T12:00,bcl,Big Cliff,1.26,1.26,0.0,1191.83,1109.02,82.81,8.0
2023-06-29,14,2023-06-29T13:00,bcl,Big Cliff,1.23,1.23,0.0,1190.83,1109.04,81.79,7.7
2023-06-29,15,2023-06-29T14:00,bcl,Big Cliff,1.27,1.27,0.0,1191.63,1109.06,82.57,8.0
2023-06-29,16,2023-06-29T15:00,bcl,Big Cliff,1.28,1.28,0.0,1192.68,1109.07,83.61,8.2
2023-06-29,17,2023-06-29T16:00,bcl,Big Cliff,1.31,1.31,0.0,1193.72,1109.09,84.63,8.5
2023-06-29,18,2023-06-29T17:00,bcl,Big Cliff,1.3,1.3,0.0,1194.73,1109.13,85.6,8.5
2023-06-29,19,2023-06-29T18:00,bcl,Big Cliff,1.32,1.32,0.0,1195.71,1109.13,86.58,8.7
2023-06-29,20,2023-06-29T19:00,bcl,Big Cliff,1.28,1.28,0.0,1196.69,1109.06,87.63,8.6
2023-06-29,21,2023-06-29T20:00,bcl,Big Cliff,1.28,1.28,0.0,1197.12,1109.12,88.0,8.6
2023-06-29,22,2023-06-29T21:00,bcl,Big Cliff,1.28,1.28,0.0,1197.54,1109.09,88.45,8.6
2023-06-29,23,2023-06-29T22:00,bcl,Big Cliff,1.28,1.28,0.0,1197.93,1109.09,88.84,8.7
2023-06-29,24,2023-06-29T23:00,bcl,Big Cliff,1.28,1.28,0.0,1198.34,1109.11,89.23,8.7
2023-06-30,1,2023-06-30T00:00,bcl,Big Cliff,1.29,1.29,0.0,1198.72,1109.07,89.65,8.8
2023-06-30,2,2023-06-30T01:00,bcl,Big Cliff,1.3,1.3,0.0,1199.11,1109.12,89.99,8.9
2023-06-30,3,2023-06-30T02:00,bcl,Big Cliff,1.31,1.31,0.0,1199.49,1109.07,90.42,9.0
2023-06-30,4,2023-06-30T03:00,bcl,Big Cliff,1.3,1.3,0.0,1199.86,1109.11,90.75,9.0
2023-06-30,5,2023-06-30T04:00,bcl,Big Cliff,1.3,1.3,0.0,1199.2,1109.1,90.1,8.9
2023-06-30,6,2023-06-30T05:00,bcl,Big Cliff,1.3,1.3,0.0,1198.35,1109.07,89.28,8.9
2023-06-30,7,2023-06-30T06:00,bcl,Big Cliff,1.26,1.26,0.0,1197.49,1109.09,88.4,8.5
2023-06-30,8,2023-06-30T07:00,bcl,Big Cliff,1.27,1.27,0.0,1196.6,1109.09,87.51,8.5
2023-06-30,9,2023-06-30T08:00,bcl,Big Cliff,1.29,1.29,0.0,1195.66,1109.1,86.56,8.5
2023-06-30,10,2023-06-30T09:00,bcl,Big Cliff,1.29,1.29,0.0,1194.7,1109.11,85.59,8.4
2023-06-30,11,2023-06-30T10:00,bcl,Big Cliff,1.27,1.27,0.0,1193.75,1109.05,84.7,8.2
2023-06-30,12,2023-06-30T11:00,bcl,Big Cliff,1.28,1.28,0.0,1192.77,1109.07,83.7,8.2
2023-06-30,13,2023-06-30T12:00,bcl,Big Cliff,1.26,1.26,0.0,1191.79,1109.06,82.73,8.0
2023-06-30,14,2023-06-30T13:00,bcl,Big Cliff,1.27,1.27,0.0,1190.78,1109.06,81.72,7.9
2023-06-30,15,2023-06-30T14:00,bcl,Big Cliff,1.25,1.25,0.0,1191.57,1109.0,82.57,7.9
2023-06-30,16,2023-06-30T15:00,bcl,Big Cliff,1.27,1.27,0.0,1192.64,1109.1,83.54,8.1
2023-06-30,17,2023-06-30T16:00,bcl,Big Cliff,1.29,1.29,0.0,1193.69,1109.04,84.65,8.3
2023-06-30,18,2023-06-30T17:00,bcl,Big Cliff,1.29,1.29,0.0,1194.71,1109.11,85.6,8.4
2023-06-30,19,2023-06-30T18:00,bcl,Big Cliff,1.31,1.31,0.0,1195.7,1109.14,86.56,8.7
2023-06-30,20,2023-06-30T19:00,bcl,Big Cliff,1.29,1.29,0.0,1196.68,1109.03,87.65,8.6
2023-06-30,21,2023-06-30T20:00,bcl,Big Cliff,1.27,1.27,0.0,1197.11,1109.04,88.07,8.5
2023-06-30,22,2023-06-30T21:00,bcl,Big Cliff,1.28,1.28,0.0,1197.52,1109.12,88.4,8.6
2023-06-30,23,2023-06-30T22:00,bcl,Big Cliff,1.29,1.29,0.0,1197.91,1109.06,88.85,8.7
2023-06-30,24,2023-06-30T23:00,bcl,Big Cliff,1.29,1.29,0.0,1198.31,1109.1,89.21,8.8
2023-07-01,1,2023-07-01T00:00,bcl,Big Cliff,1.29,1.29,0.0,1198.69,1109.1,89.59,8.8
2023-07-01,2,2023-07-01T01:00,bcl,Big Cliff,1.31,1.31,0.0,1199.06,1109.1,89.96,9.0
2023-07-01,3,2023-07-01T02:00,bcl,Big Cliff,1.3,1.3,0.0,1199.44,1109.08,90.36,9.0
2023-07-01,4,2023-07-01T03:00,bcl,Big Cliff,1.29,1.29,0.0,1199.8,1109.08,90.72,8.9
2023-07-01,5,2023-07-01T04:00,bcl,Big Cliff,1.3,1.3,0.0,1199.2,1109.09,90.11,8.9
2023-07-01,6,2023-07-01T05:00,bcl,Big Cliff,1.29,1.29,0.0,1198.36,1109.08,89.28,8.8
2023-07-01,7,2023-07-01T06:00,bcl,Big Cliff,1.28,1.28,0.0,1197.49,1109.08,88.41,8.6
2023-07-01,8,2023-07-01T07:00,bcl,Big Cliff,1.28,1.28,0.0,1196.61,1109.12,87.49,8.5
2023-07-01,9,2023-07-01T08:00,bcl,Big Cliff,1.28,1.28,0.0,1195.68,1109.05,86.63,8.5
2023-07-01,10,2023-07-01T09:00,bcl,Big Cliff,1.28,1.28,0.0,1194.74,1109.13,85.61,8.4
2023-07-01,11,2023-07-01T10:00,bcl,Big Cliff,1.27,1.27,0.0,1193.77,1109.05,84.72,8.2
2023-07-01,12,2023-07-01T11:00,bcl,Big Cliff,1.28,1.28,0.0,1192.79,1109.09,83.7,8.2
2023-07-01,13,2023-07-01T12:00,bcl,Big Cliff,1.26,1.26,0.0,1191.81,1109.06,82.75,8.0
2023-07-01,14,2023-07-01T13:00,bcl,Big Cliff,1.26,1.26,0.0,1190.8,1109.08,81.72,7.9
2023-07-01,15,2023-07-01T14:00,bcl,Big Cliff,1.26,1.26,0.0,1191.59,1109.04,82.55,7.9
2023-07-01,16,2023-07-01T15:00,bcl,Big Cliff,1.26,1.26,0.0,1192.67,1109.06,83.61,8.0
2023-07-01,17,2023-07-01T16:00,bcl,Big Cliff,1.28,1.28,0.0,1193.72,1109.09,84.63,8.3
2023-07-01,18,2023-07-01T17:00,bcl,Big Cliff,1.28,1.28,0.0,1194.75,1109.04,85.71,8.4
2023-07-01,19,2023-07-01T18:00,bcl,Big Cliff,1.31,1.31,0.0,1195.75,1109.09,86.66,8.7
2023-07-01,20,2023-07-01T19:00,bcl,Big Cliff,1.27,1.27,0.0,1196.72,1109.05,87.67,8.5
2023-07-01,21,2023-07-01T20:00,bcl,Big Cliff,1.27,1.27,0.0,1197.16,1109.09,88.07,8.5
2023-07-01,22,2023-07-01T21:00,bcl,Big Cliff,1.29,1.29,0.0,1197.55,1109.11,88.44,8.7
2023-07-01,23,2023-07-01T22:00,bcl,Big Cliff,1.28,1.28,0.0,1197.92,1109.17,88.75,8.7
2023-07-01,24,2023-07-01T23:00,bcl,Big Cliff,1.3,1.3,0.0,1198.3,1109.11,89.19,8.8
2023-07-02,1,2023-07-02T00:00,bcl,Big Cliff,1.3,1.3,0.0,1198.66,1109.12,89.54,8.9
2023-07-02,2,2023-07-02T01:00,bcl,Big Cliff,1.29,1.29,0.0,1199.03,1109.07,89.96,8.9
2023-07-02,3,2023-07-02T02:00,bcl,Big Cliff,1.3,1.3,0.0,1199.39,1109.13,90.26,9.0
2023-07-02,4,2023-07-02T03:00,bcl,Big Cliff,1.3,1.3,0.0,1199.75,1109.14,90.61,9.0
2023-07-02,5,2023-07-02T04:00,bcl,Big Cliff,1.31,1.31,0.0,1199.39,1109.13,90.26,9.0
2023-07-02,6,2023-07-02T05:00,bcl,Big Cliff,1.29,1.29,0.0,1198.52,1109.07,89.45,8.8
2023-07-02,7,2023-07-02T06:00,bcl,Big Cliff,1.28,1.28,0.0,1197.64,1109.04,88.6,8.7
2023-07-02,8,2023-07-02T07:00,bcl,Big Cliff,1.28,1.28,0.0,1196.75,1109.11,87.64,8.6
2023-07-02,9,2023-07-02T08:00,bcl,Big Cliff,1.3,1.3,0.0,1195.81,1109.11,86.7,8.6
2023-07-02,10,2023-07-02T09:00,bcl,Big Cliff,1.29,1.29,0.0,1194.85,1109.1,85.75,8.4
2023-07-02,11,2023-07-02T10:00,bcl,Big Cliff,1.27,1.27,0.0,1193.89,1109.09,84.8,8.2
2023-07-02,12,2023-07-02T11:00,bcl,Big Cliff,1.27,1.27,0.0,1192.91,1109.02,83.89,8.1
2023-07-02,13,2023-07-02T12:00,bcl,Big Cliff,1.3,1.3,0.0,1191.92,1109.09,82.83,8.2
2023-07-02,14,2023-07-02T13:00,bcl,Big Cliff,1.27,1.27,0.0,1190.91,1109.02,81.89,7.9
2023-07-02,15,2023-07-02T14:00,bcl,Big Cliff,1.23,1.23,0.0,1191.71,1109.02,82.69,7.8
2023-07-02,16,2023-07-02T15:00,bcl,Big Cliff,1.27,1.27,0.0,1192.78,1109.08,83.7,8.1
2023-07-02,17,2023-07-02T16:00,bcl,Big Cliff,1.3,1.3,0.0,1193.82,1109.09,84.73,8.4
2023-07-02,18,2023-07-02T17:00,bcl,Big Cliff,1.29,1.29,0.0,1194.83,1109.07,85.76,8.4
2023-07-02,19,2023-07-02T18:00,bcl,Big Cliff,1.3,1.3,0.0,1195.82,1109.11,86.71,8.6
2023-07-02,20,2023-07-02T19:00,bcl,Big Cliff,1.28,1.28,0.0,1196.79,1109.07,87.72,8.6
2023-07-02,21,2023-07-02T20:00,bcl,Big Cliff,1.28,1.28,0.0,1197.23,1109.09,88.14,8.6
2023-07-02,22,2023-07-02T21:00,bcl,Big Cliff,1.3,1.3,0.0,1197.63,1109.13,88.5,8.8
2023-07-02,23,2023-07-02T22:00,bcl,Big Cliff,1.29,1.29,0.0,1198.0,1109.13,88.87,8.7
2023-07-02,24,2023-07-02T23:00,bcl,Big Cliff,1.3,1.3,0.0,1198.36,1109.12,89.24,8.9
2023-07-03,1,2023-07-03T00:00,bcl,Big Cliff,1.29,1.29,0.0,1198.71,1109.13,89.58,8.8
2023-07-03,2,2023-07-03T01:00,bcl,Big Cliff,1.3,1.3,0.0,1199.07,1109.1,89.97,8.9
2023-07-03,3,2023-07-03T02:00,bcl,Big Cliff,1.3,1.3,0.0,1199.42,1109.13,90.29,9.0
2023-07-03,4,2023-07-03T03:00,bcl,Big Cliff,1.31,1.31,0.0,1199.76,1109.16,90.6,9.1
2023-07-03,5,2023-07-03T04:00,bcl,Big Cliff,1.3,1.3,0.0,1199.27,1109.09,90.18,8.9
2023-07-03,6,2023-07-03T05:00,bcl,Big Cliff,1.3,1.3,0.0,1198.39,1109.06,89.33,8.9
2023-07-03,7,2023-07-03T06:00,bcl,Big Cliff,1.29,1.29,0.0,1197.51,1109.09,88.42,8.7
2023-07-03,8,2023-07-03T07:00,bcl,Big Cliff,1.29,1.29,0.0,1196.6,1109.13,87.47,8.6
2023-07-03,9,2023-07-03T08:00,bcl,Big Cliff,1.29,1.29,0.0,1195.66,1109.05,86.61,8.5
2023-07-03,10,2023-07-03T09:00,bcl,Big Cliff,1.28,1.28,0.0,1194.71,1109.07,85.64,8.4
2023-07-03,11,2023-07-03T10:00,bcl,Big Cliff,1.27,1.27,0.0,1193.75,1109.0,84.75,8.2
2023-07-03,12,2023-07-03T11:00,bcl,Big Cliff,1.27,1.27,0.0,1192.77,1109.13,83.64,8.1
2023-07-03,13,2023-07-03T12:00,bcl,Big Cliff,1.26,1.26,0.0,1191.79,1109.06,82.73,8.0
2023-07-03,14,2023-07-03T13:00,bcl,Big Cliff,1.28,1.28,0.0,1190.76,1109.08,81.68,8.0
2023-07-03,15,2023-07-03T14:00,bcl,Big Cliff,1.28,1.28,0.0,1191.1,1109.03,82.07,8.0
2023-07-03,16,2023-07-03T15:00,bcl,Big Cliff,1.27,1.27,0.0,1192.19,1109.07,83.12,8.1
2023-07-03,17,2023-07-03T16:00,bcl,Big Cliff,1.27,1.27,0.0,1193.26,1108.99,84.27,8.2
2023-07-03,18,2023-07-03T17:00,bcl,Big Cliff,1.28,1.28,0.0,1194.29,1109.07,85.22,8.3
2023-07-03,19,2023-07-03T18:00,bcl,Big Cliff,1.28,1.28,0.0,1195.29,1109.07,86.22,8.4
2023-07-03,20,2023-07-03T19:00,bcl,Big Cliff,1.27,1.27,0.0,1196.28,1109.08,87.2,8.4
2023-07-03,21,2023-07-03T20:00,bcl,Big Cliff,1.28,1.28,0.0,1196.89,1109.13,87.76,8.6
2023-07-03,22,2023-07-03T21:00,bcl,Big Cliff,1.29,1.29,0.0,1197.24,1109.09,88.15,8.7
2023-07-03,23,2023-07-03T22:00,bcl,Big Cliff,1.28,1.28,0.0,1197.63,1109.08,88.55,8.6
2023-07-03,24,2023-07-03T23:00,bcl,Big Cliff,1.3,1.3,0.0,1198.03,1109.13,88.9,8.8
2023-07-04,1,2023-07-04T00:00,bcl,Big Cliff,1.31,1.31,0.0,1198.43,1109.1,89.33,8.9
2023-07-04,2,2023-07-04T01:00,bcl,Big Cliff,1.28,1.28,0.0,1198.84,1109.14,89.7,8.8
2023-07-04,3,2023-07-04T02:00,bcl,Big Cliff,1.3,1.3,0.0,1199.23,1109.1,90.13,8.9
2023-07-04,4,2023-07-04T03:00,bcl,Big Cliff,1.3,1.3,0.0,1199.63,1109.11,90.52,9.0
2023-07-04,5,2023-07-04T04:00,bcl,Big Cliff,1.3,1.3,0.0,1199.25,1109.07,90.18,8.9
2023-07-04,6,2023-07-04T05:00,bcl,Big Cliff,1.28,1.28,0.0,1198.37,1109.12,89.25,8.7
2023-07-04,7,2023-07-04T06:00,bcl,Big Cliff,1.29,1.29,0.0,1197.49,1109.1,88.39,8.7
2023-07-04,8,2023-07-04T07:00,bcl,Big Cliff,1.29,1.29,0.0,1196.59,1109.07,87.52,8.6
2023-07-04,9,2023-07-04T08:00,bcl,Big Cliff,1.29,1.29,0.0,1195.67,1109.03,86.64,8.5
2023-07-04,10,2023-07-04T09:00,bcl,Big Cliff,1.27,1.27,0.0,1194.71,1109.06,85.65,8.3
2023-07-04,11,2023-07-04T10:00,bcl,Big Cliff,1.29,1.29,0.0,1193.75,1109.03,84.72,8.3
2023-07-04,12,2023-07-04T11:00,bcl,Big Cliff,1.28,1.28,0.0,1192.76,1109.12,83.64,8.2
2023-07-04,13,2023-07-04T12:00,bcl,Big Cliff,1.27,1.27,0.0,1191.76,1109.09,82.67,8.0
2023-07-04,14,2023-07-04T13:00,bcl,Big Cliff,1.28,1.28,0.0,1190.74,1109.09,81.65,8.0
2023-07-04,15,2023-07-04T14:00,bcl,Big Cliff,1.28,1.28,0.0,1191.55,1109.08,82.47,8.1
2023-07-04,16,2023-07-04T15:00,bcl,Big Cliff,1.27,1.27,0.0,1192.62,1109.03,83.59,8.1
2023-07-04,17,2023-07-04T16:00,bcl,Big Cliff,1.29,1.29,0.0,1193.66,1109.1,84.56,8.3
2023-07-04,18,2023-07-04T17:00,bcl,Big Cliff,1.27,1.27,0.0,1194.68,1109.04,85.64,8.3
2023-07-04,19,2023-07-04T18:00,bcl,Big Cliff,1.3,1.3,0.0,1195.67,1109.12,86.55,8.6
2023-07-04,20,2023-07-04T19:00,bcl,Big Cliff,1.29,1.29,0.0,1196.64,1109.08,87.56,8.6
2023-07-04,21,2023-07-04T20:00,bcl,Big Cliff,1.28,1.28,0.0,1197.16,1109.09,88.07,8.6
2023-07-04,22,2023-07-04T21:00,bcl,Big Cliff,1.29,1.29,0.0,1197.59,1109.11,88.48,8.7
2023-07-04,23,2023-07-04T22:00,bcl,Big Cliff,1.29,1.29,0.0,1197.98,1109.14,88.84,8.7
2023-07-04,24,2023-07-04T23:00,bcl,Big Cliff,1.28,1.28,0.0,1198.39,1109.1,89.29,8.7
2023-07-05,1,2023-07-05T00:00,bcl,Big Cliff,1.29,1.29,0.0,1198.78,1109.13,89.65,8.8
2023-07-05,2,2023-07-05T01:00,bcl,Big Cliff,1.3,1.3,0.0,1199.15,1109.1,90.05,8.9
2023-07-05,3,2023-07-05T02:00,bcl,Big Cliff,1.3,1.3,0.0,1199.54,1109.1,90.44,9.0
2023-07-05,4,2023-07-05T03:00,bcl,Big Cliff,1.31,1.31,0.0,1199.89,1109.13,90.76,9.1
2023-07-05,5,2023-07-05T04:00,bcl,Big Cliff,1.31,1.31,0.0,1199.23,1109.11,90.12,9.0
2023-07-05,6,2023-07-05T05:00,bcl,Big Cliff,1.3,1.3,0.0,1198.39,1109.09,89.3,8.9
2023-07-05,7,2023-07-05T06:00,bcl,Big Cliff,1.28,1.28,0.0,1197.51,1109.04,88.47,8.6
2023-07-05,8,2023-07-05T07:00,bcl,Big Cliff,1.28,1.28,0.0,1196.63,1109.07,87.56,8.6
2023-07-05,9,2023-07-05T08:00,bcl,Big Cliff,1.28,1.28,0.0,1195.7,1109.06,86.64,8.5
2023-07-05,10,2023-07-05T09:00,bcl,Big Cliff,1.28,1.28,0.0,1194.76,1109.05,85.71,8.4
2023-07-05,11,2023-07-05T10:00,bcl,Big Cliff,1.26,1.26,0.0,1193.79,1109.02,84.77,8.1
2023-07-05,12,2023-07-05T11:00,bcl,Big Cliff,1.26,1.26,0.0,1192.82,1109.05,83.77,8.1
2023-07-05,13,2023-07-05T12:00,bcl,Big Cliff,1.27,1.27,0.0,1191.83,1109.08,82.75,8.0
2023-07-05,14,2023-07-05T13:00,bcl,Big Cliff,1.26,1.26,0.0,1190.83,1109.04,81.79,7.9
2023-07-05,15,2023-07-05T14:00,bcl,Big Cliff,1.24,1.24,0.0,1191.65,1109.06,82.59,7.8
2023-07-05,16,2023-07-05T15:00,bcl,Big Cliff,1.27,1.27,0.0,1192.74,1109.02,83.72,8.1
2023-07-05,17,2023-07-05T16:00,bcl,Big Cliff,1.29,1.29,0.0,1193.77,1109.1,84.67,8.3
2023-07-05,18,2023-07-05T17:00,bcl,Big Cliff,1.3,1.3,0.0,1194.79,1109.08,85.71,8.5
2023-07-05,19,2023-07-05T18:00,bcl,Big Cliff,1.3,1.3,0.0,1195.79,1109.13,86.66,8.6
2023-07-05,20,2023-07-05T19:00,bcl,Big Cliff,1.27,1.27,0.0,1196.76,1109.06,87.7,8.5
2023-07-05,21,2023-07-05T20:00,bcl,Big Cliff,1.28,1.28,0.0,1197.23,1109.08,88.15,8.6
2023-07-05,22,2023-07-05T21:00,bcl,Big Cliff,1.28,1.28,0.0,1197.64,1109.07,88.57,8.7
2023-07-05,23,2023-07-05T22:00,bcl,Big Cliff,1.29,1.29,0.0,1198.03,1109.13,88.9,8.8
2023-07-05,24,2023-07-05T23:00,bcl,Big Cliff,1.28,1.28,0.0,1198.41,1109.1,89.31,8.7
2023-07-06,1,2023-07-06T00:00,bcl,Big Cliff,1.29,1.29,0.0,1198.78,1109.12,89.66,8.8
2023-07-06,2,2023-07-06T01:00,bcl,Big Cliff,1.32,1.32,0.0,1199.13,1109.13,90.0,9.1
2023-07-06,3,2023-07-06T02:00,bcl,Big Cliff,1.3,1.3,0.0,1199.51,1109.17,90.34,9.0
2023-07-06,4,2023-07-06T03:00,bcl,Big Cliff,1.32,1.32,0.0,1199.84,1109.18,90.66,9.1
2023-07-06,5,2023-07-06T04:00,bcl,Big Cliff,1.31,1.31,0.0,1199.13,1109.12,90.01,9.0
2023-07-06,6,2023-07-06T05:00,bcl,Big Cliff,1.31,1.31,0.0,1198.28,1109.13,89.15,8.9
2023-07-06,7,2023-07-06T06:00,bcl,Big Cliff,1.29,1.29,0.0,1197.39,1109.08,88.31,8.7
2023-07-06,8,2023-07-06T07:00,bcl,Big Cliff,1.27,1.27,0.0,1196.5,1109.09,87.41,8.5
2023-07-06,9,2023-07-06T08:00,bcl,Big Cliff,1.26,1.26,0.0,1195.56,1109.04,86.52,8.3
2023-07-06,10,2023-07-06T09:00,bcl,Big Cliff,1.27,1.27,0.0,1194.63,1109.08,85.55,8.3
2023-07-06,11,2023-07-06T10:00,bcl,Big Cliff,1.27,1.27,0.0,1193.67,1109.04,84.63,8.2
2023-07-06,12,2023-07-06T11:00,bcl,Big Cliff,1.27,1.27,0.0,1192.69,1109.05,83.64,8.1
2023-07-06,13,2023-07-06T12:00,bcl,Big Cliff,1.25,1.25,0.0,1191.72,1109.03,82.69,7.9
2023-07-06,14,2023-07-06T13:00,bcl,Big Cliff,1.26,1.26,0.0,1190.72,1109.04,81.68,7.9
2023-07-06,15,2023-07-06T14:00,bcl,Big Cliff,1.26,1.26,0.0,1191.54,1109.05,82.49,7.9
2023-07-06,16,2023-07-06T15:00,bcl,Big Cliff,1.28,1.28,0.0,1192.62,1109.09,83.53,8.2
2023-07-06,17,2023-07-06T16:00,bcl,Big Cliff,1.29,1.29,0.0,1193.67,1109.07,84.6,8.3
2023-07-06,18,2023-07-06T17:00,bcl,Big Cliff,1.27,1.27,0.0,1194.69,1109.11,85.58,8.3
2023-07-06,19,2023-07-06T18:00,bcl,Big Cliff,1.28,1.28,0.0,1195.69,1109.06,86.63,8.5
2023-07-06,20,2023-07-06T19:00,bcl,Big Cliff,1.29,1.29,0.0,1196.66,1109.04,87.62,8.6
2023-07-06,21,2023-07-06T20:00,bcl,Big Cliff,1.29,1.29,0.0,1197.1,1109.08,88.02,8.7
2023-07-06,22,2023-07-06T21:00,bcl,Big Cliff,1.28,1.28,0.0,1197.49,1109.05,88.44,8.6
2023-07-06,23,2023-07-06T22:00,bcl,Big Cliff,1.31,1.31,0.0,1197.84,1109.09,88.75,8.9
2023-07-06,24,2023-07-06T23:00,bcl,Big Cliff,1.29,1.29,0.0,1198.22,1109.09,89.13,8.8
2023-07-07,1,2023-07-07T00:00,bcl,Big Cliff,1.32,1.32,0.0,1198.57,1109.2,89.37,9.0
2023-07-07,2,2023-07-07T01:00,bcl,Big Cliff,1.3,1.3,0.0,1198.92,1109.07,89.85,8.9
2023-07-07,3,2023-07-07T02:00,bcl,Big Cliff,1.31,1.31,0.0,1199.27,1109.11,90.16,9.0
2023-07-07,4,2023-07-07T03:00,bcl,Big Cliff,1.31,1.31,0.0,1199.62,1109.12,90.5,9.0
2023-07-07,5,2023-07-07T04:00,bcl,Big Cliff,1.28,1.28,0.0,1199.09,1109.09,90.0,8.8
2023-07-07,6,2023-07-07T05:00,bcl,Big Cliff,1.28,1.28,0.0,1198.22,1109.05,89.17,8.7
2023-07-07,7,2023-07-07T06:00,bcl,Big Cliff,1.31,1.31,0.0,1197.35,1109.06,88.29,8.8
2023-07-07,8,2023-07-07T07:00,bcl,Big Cliff,1.3,1.3,0.0,1196.44,1109.08,87.36,8.7
2023-07-07,9,2023-07-07T08:00,bcl,Big Cliff,1.29,1.29,0.0,1195.51,1109.12,86.39,8.5
2023-07-07,10,2023-07-07T09:00,bcl,Big Cliff,1.28,1.28,0.0,1194.55,1109.08,85.47,8.3
2023-07-07,11,2023-07-07T10:00,bcl,Big Cliff,1.26,1.26,0.0,1193.6,1109.03,84.57,8.1
2023-07-07,12,2023-07-07T11:00,bcl,Big Cliff,1.27,1.27,0.0,1192.62,1109.07,83.55,8.1
2023-07-07,13,2023-07-07T12:00,bcl,Big Cliff,1.28,1.28,0.0,1191.63,1109.05,82.58,8.1
2023-07-07,14,2023-07-07T13:00,bcl,Big Cliff,1.28,1.28,0.0,1190.62,1109.06,81.56,8.0
2023-07-07,15,2023-07-07T14:00,bcl,Big Cliff,1.26,1.26,0.0,1191.41,1109.06,82.35,7.9
2023-07-07,16,2023-07-07T15:00,bcl,Big Cliff,1.28,1.28,0.0,1192.5,1109.1,83.4,8.1
2023-07-07,17,2023-07-07T16:00,bcl,Big Cliff,1.29,1.29,0.0,1193.56,1109.09,84.47,8.3
2023-07-07,18,2023-07-07T17:00,bcl,Big Cliff,1.29,1.29,0.0,1194.59,1109.08,85.51,8.4
2023-07-07,19,2023-07-07T18:00,bcl,Big Cliff,1.29,1.29,0.0,1195.59,1109.08,86.51,8.5
2023-07-07,20,2023-07-07T19:00,bcl,Big Cliff,1.28,1.28,0.0,1196.58,1109.1,87.48,8.5
2023-07-07,21,2023-07-07T20:00,bcl,Big Cliff,1.28,1.28,0.0,1197.06,1109.11,87.95,8.6
2023-07-07,22,2023-07-07T21:00,bcl,Big Cliff,1.28,1.28,0.0,1197.51,1109.07,88.44,8.6
2023-07-07,23,2023-07-07T22:00,bcl,Big Cliff,1.28,1.28,0.0,1197.91,1109.1,88.81,8.7
2023-07-07,24,2023-07-07T23:00,bcl,Big Cliff,1.31,1.31,0.0,1198.33,1109.13,89.2,8.9
2023-07-08,1,2023-07-08T00:00,bcl,Big Cliff,1.3,1.3,0.0,1198.53,1109.13,89.4,8.9
2023-07-08,2,2023-07-08T01:00,bcl,Big Cliff,1.3,1.3,0.0,1198.7,1109.09,89.61,8.9
2023-07-08,3,2023-07-08T02:00,bcl,Big Cliff,1.3,1.3,0.0,1198.87,1109.13,89.74,8.9
2023-07-08,4,2023-07-08T03:00,bcl,Big Cliff,1.29,1.29,0.0,1199.05,1109.13,89.92,8.9
2023-07-08,5,2023-07-08T04:00,bcl,Big Cliff,1.3,1.3,0.0,1199.21,1109.11,90.1,8.9
2023-07-08,6,2023-07-08T05:00,bcl,Big Cliff,1.3,1.3,0.0,1198.55,1109.07,89.48,8.9
2023-07-08,7,2023-07-08T06:00,bcl,Big Cliff,1.3,1.3,0.0,1197.69,1109.08,88.61,8.8
2023-07-08,8,2023-07-08T07:00,bcl,Big Cliff,1.3,1.3,0.0,1196.79,1109.1,87.69,8.7
2023-07-08,9,2023-07-08T08:00,bcl,Big Cliff,1.28,1.28,0.0,1195.87,1109.06,86.81,8.5
2023-07-08,10,2023-07-08T09:00,bcl,Big Cliff,1.3,1.3,0.0,1194.93,1109.04,85.89,8.5
2023-07-08,11,2023-07-08T10:00,bcl,Big Cliff,1.29,1.29,0.0,1193.96,1109.09,84.87,8.4
2023-07-08,12,2023-07-08T11:00,bcl,Big Cliff,1.27,1.27,0.0,1192.99,1109.1,83.89,8.1
2023-07-08,13,2023-07-08T12:00,bcl,Big Cliff,1.28,1.28,0.0,1192.0,1109.08,82.92,8.1
2023-07-08,14,2023-07-08T13:00,bcl,Big Cliff,1.26,1.26,0.0,1191.01,1109.07,81.94,7.9
2023-07-08,15,2023-07-08T14:00,bcl,Big Cliff,1.27,1.27,0.0,1191.78,1109.08,82.7,8.0
2023-07-08,16,2023-07-08T15:00,bcl,Big Cliff,1.28,1.28,0.0,1192.86,1109.06,83.8,8.2
2023-07-08,17,2023-07-08T16:00,bcl,Big Cliff,1.29,1.29,0.0,1193.91,1109.07,84.84,8.4
2023-07-08,18,2023-07-08T17:00,bcl,Big Cliff,1.29,1.29,0.0,1194.93,1109.06,85.87,8.5
2023-07-08,19,2023-07-08T18:00,bcl,Big Cliff,1.3,1.3,0.0,1195.92,1109.1,86.82,8.6
2023-07-08,20,2023-07-08T19:00,bcl,Big Cliff,1.27,1.27,0.0,1196.9,1109.09,87.81,8.5
2023-07-08,21,2023-07-08T20:00,bcl,Big Cliff,1.28,1.28,0.0,1197.86,1109.09,88.77,8.7
2023-07-08,22,2023-07-08T21:00,bcl,Big Cliff,1.28,1.28,0.0,1198.09,1109.1,88.99,8.7
2023-07-08,23,2023-07-08T22:00,bcl,Big Cliff,1.27,1.27,0.0,1198.31,1109.08,89.23,8.6
2023-07-08,24,2023-07-08T23:00,bcl,Big Cliff,1.3,1.3,0.0,1198.55,1109.11,89.44,8.9
2023-07-09,1,2023-07-09T00:00,bcl,Big Cliff,1.31,1.31,0.0,1198.77,1109.12,89.65,9.0
2023-07-09,2,2023-07-09T01:00,bcl,Big Cliff,1.3,1.3,0.0,1198.99,1109.13,89.86,8.9
2023-07-09,3,2023-07-09T02:00,bcl,Big Cliff,1.31,1.31,0.0,1199.21,1109.09,90.12,9.0
2023-07-09,4,2023-07-09T03:00,bcl,Big Cliff,1.31,1.31,0.0,1199.41,1109.14,90.27,9.0
2023-07-09,5,2023-07-09T04:00,bcl,Big Cliff,1.32,1.32,0.0,1199.62,1109.15,90.47,9.1
2023-07-09,6,2023-07-09T05:00,bcl,Big Cliff,1.29,1.29,0.0,1198.72,1109.06,89.66,8.8
2023-07-09,7,2023-07-09T06:00,bcl,Big Cliff,1.3,1.3,0.0,1197.84,1109.09,88.75,8.8
2023-07-09,8,2023-07-09T07:00,bcl,Big Cliff,1.27,1.27,0.0,1196.96,1109.09,87.87,8.5
2023-07-09,9,2023-07-09T08:00,bcl,Big Cliff,1.28,1.28,0.0,1196.05,1109.09,86.96,8.5
2023-07-09,10,2023-07-09T09:00,bcl,Big Cliff,1.28,1.28,0.0,1195.1,1109.06,86.04,8.4
2023-07-09,11,2023-07-09T10:00,bcl,Big Cliff,1.29,1.29,0.0,1194.15,1109.08,85.07,8.4
2023-07-09,12,2023-07-09T11:00,bcl,Big Cliff,1.29,1.29,0.0,1193.18,1109.11,84.07,8.3
2023-07-09,13,2023-07-09T12:00,bcl,Big Cliff,1.27,1.27,0.0,1192.19,1109.06,83.13,8.1
2023-07-09,14,2023-07-09T13:00,bcl,Big Cliff,1.27,1.27,0.0,1191.2,1109.07,82.13,8.0
2023-07-09,15,2023-07-09T14:00,bcl,Big Cliff,1.28,1.28,0.0,1191.97,1109.09,82.88,8.1
2023-07-09,16,2023-07-09T15:00,bcl,Big Cliff,1.28,1.28,0.0,1193.03,1109.05,83.98,8.2
2023-07-09,17,2023-07-09T16:00,bcl,Big Cliff,1.29,1.29,0.0,1194.08,1109.08,85.0,8.4
2023-07-09,18,2023-07-09T17:00,bcl,Big Cliff,1.29,1.29,0.0,1195.09,1109.08,86.01,8.5
2023-07-09,19,2023-07-09T18:00,bcl,Big Cliff,1.28,1.28,0.0,1196.09,1109.04,87.05,8.5
2023-07-09,20,2023-07-09T19:00,bcl,Big Cliff,1.27,1.27,0.0,1197.05,1109.1,87.95,8.5
2023-07-09,21,2023-07-09T20:00,bcl,Big Cliff,1.29,1.29,0.0,1198.02,1109.06,88.96,8.8
2023-07-09,22,2023-07-09T21:00,bcl,Big Cliff,1.28,1.28,0.0,1198.13,1109.09,89.04,8.7
2023-07-09,23,2023-07-09T22:00,bcl,Big Cliff,1.28,1.28,0.0,1198.29,1109.07,89.22,8.7
2023-07-09,24,2023-07-09T23:00,bcl,Big Cliff,1.29,1.29,0.0,1198.45,1109.14,89.31,8.8
2023-07-10,1,2023-07-10T00:00,bcl,Big Cliff,1.29,1.29,0.0,1198.6,1109.11,89.49,8.8
2023-07-10,2,2023-07-10T01:00,bcl,Big Cliff,1.29,1.29,0.0,1198.79,1109.13,89.66,8.8
2023-07-10,3,2023-07-10T02:00,bcl,Big Cliff,1.31,1.31,0.0,1198.95,1109.16,89.79,9.0
2023-07-10,4,2023-07-10T03:00,bcl,Big Cliff,1.32,1.32,0.0,1199.13,1109.14,89.99,9.1
2023-07-10,5,2023-07-10T04:00,bcl,Big Cliff,1.3,1.3,0.0,1199.33,1109.09,90.24,9.0
2023-07-10,6,2023-07-10T05:00,bcl,Big Cliff,1.29,1.29,0.0,1198.56,1109.13,89.43,8.8
2023-07-10,7,2023-07-10T06:00,bcl,Big Cliff,1.3,1.3,0.0,1197.68,1109.14,88.54,8.8
2023-07-10,8,2023-07-10T07:00,bcl,Big Cliff,1.3,1.3,0.0,1196.78,1109.03,87.75,8.7
2023-07-10,9,2023-07-10T08:00,bcl,Big Cliff,1.29,1.29,0.0,1195.86,1109.11,86.75,8.5
2023-07-10,10,2023-07-10T09:00,bcl,Big Cliff,1.28,1.28,0.0,1194.91,1109.02,85.89,8.4
2023-07-10,11,2023-07-10T10:00,bcl,Big Cliff,1.28,1.28,0.0,1193.95,1109.06,84.89,8.3
2023-07-10,12,2023-07-10T11:00,bcl,Big Cliff,1.26,1.26,0.0,1192.99,1109.03,83.96,8.1
2023-07-10,13,2023-07-10T12:00,bcl,Big Cliff,1.28,1.28,0.0,1192.0,1109.09,82.91,8.1
2023-07-10,14,2023-07-10T13:00,bcl,Big Cliff,1.24,1.24,0.0,1191.01,1109.04,81.97,7.8
2023-07-10,15,2023-07-10T14:00,bcl,Big Cliff,1.25,1.25,0.0,1191.79,1109.03,82.76,7.9
2023-07-10,16,2023-07-10T15:00,bcl,Big Cliff,1.27,1.27,0.0,1192.88,1109.06,83.82,8.1
2023-07-10,17,2023-07-10T16:00,bcl,Big Cliff,1.27,1.27,0.0,1193.94,1109.07,84.87,8.2
2023-07-10,18,2023-07-10T17:00,bcl,Big Cliff,1.28,1.28,0.0,1194.97,1109.07,85.9,8.4
2023-07-10,19,2023-07-10T18:00,bcl,Big Cliff,1.32,1.32,0.0,1195.98,1109.11,86.87,8.7
2023-07-10,20,2023-07-10T19:00,bcl,Big Cliff,1.27,1.27,0.0,1196.96,1109.07,87.89,8.5
2023-07-10,21,2023-07-10T20:00,bcl,Big Cliff,1.27,1.27,0.0,1197.93,1109.05,88.88,8.6
2023-07-10,22,2023-07-10T21:00,bcl,Big Cliff,1.3,1.3,0.0,1198.11,1109.11,89.0,8.8
2023-07-10,23,2023-07-10T22:00,bcl,Big Cliff,1.29,1.29,0.0,1198.31,1109.12,89.19,8.8
2023-07-10,24,2023-07-10T23:00,bcl,Big Cliff,1.29,1.29,0.0,1198.52,1109.12,89.4,8.8
2023-07-11,1,2023-07-11T00:00,bcl,Big Cliff,1.3,1.3,0.0,1198.7,1109.13,89.57,8.9
2023-07-11,2,2023-07-11T01:00,bcl,Big Cliff,1.29,1.29,0.0,1198.9,1109.13,89.77,8.8
2023-07-11,3,2023-07-11T02:00,bcl,Big Cliff,1.32,1.32,0.0,1199.08,1109.16,89.92,9.1
2023-07-11,4,2023-07-11T03:00,bcl,Big Cliff,1.31,1.31,0.0,1199.25,1109.16,90.09,9.0
2023-07-11,5,2023-07-11T04:00,bcl,Big Cliff,1.31,1.31,0.0,1199.43,1109.15,90.28,9.0
2023-07-11,6,2023-07-11T05:00,bcl,Big Cliff,1.3,1.3,0.0,1198.64,1109.1,89.54,8.9
2023-07-11,7,2023-07-11T06:00,bcl,Big Cliff,1.3,1.3,0.0,1197.75,1109.11,88.64,8.8
2023-07-11,8,2023-07-11T07:00,bcl,Big Cliff,1.29,1.29,0.0,1196.86,1109.09,87.77,8.6
2023-07-11,9,2023-07-11T08:00,bcl,Big Cliff,1.3,1.3,0.0,1195.93,1109.1,86.83,8.6
2023-07-11,10,2023-07-11T09:00,bcl,Big Cliff,1.27,1.27,0.0,1194.99,1109.06,85.93,8.3
2023-07-11,11,2023-07-11T10:00,bcl,Big Cliff,1.27,1.27,0.0,1194.04,1109.05,84.99,8.2
2023-07-11,12,2023-07-11T11:00,bcl,Big Cliff,1.28,1.28,0.0,1193.07,1109.1,83.97,8.2
2023-07-11,13,2023-07-11T12:00,bcl,Big Cliff,1.27,1.27,0.0,1192.08,1109.11,82.97,8.0
2023-07-11,14,2023-07-11T13:00,bcl,Big Cliff,1.26,1.26,0.0,1191.08,1109.08,82.0,7.9
2023-07-11,15,2023-07-11T14:00,bcl,Big Cliff,1.26,1.26,0.0,1191.88,1109.03,82.85,8.0
2023-07-11,16,2023-07-11T15:00,bcl,Big Cliff,1.28,1.28,0.0,1192.96,1109.09,83.87,8.2
2023-07-11,17,2023-07-11T16:00,bcl,Big Cliff,1.3,1.3,0.0,1194.01,1109.08,84.93,8.4
2023-07-11,18,2023-07-11T17:00,bcl,Big Cliff,1.31,1.31,0.0,1195.03,1109.09,85.94,8.6
2023-07-11,19,2023-07-11T18:00,bcl,Big Cliff,1.29,1.29,0.0,1196.04,1109.08,86.96,8.6
2023-07-11,20,2023-07-11T19:00,bcl,Big Cliff,1.3,1.3,0.0,1197.01,1109.08,87.93,8.7
2023-07-11,21,2023-07-11T20:00,bcl,Big Cliff,1.29,1.29,0.0,1197.98,1109.15,88.83,8.7
2023-07-11,22,2023-07-11T21:00,bcl,Big Cliff,1.29,1.29,0.0,1198.24,1109.08,89.16,8.8
2023-07-11,23,2023-07-11T22:00,bcl,Big Cliff,1.28,1.28,0.0,1198.43,1109.08,89.35,8.7
2023-07-11,24,2023-07-11T23:00,bcl,Big Cliff,1.28,1.28,0.0,1198.62,1109.09,89.53,8.7
2023-07-12,1,2023-07-12T00:00,bcl,Big Cliff,1.3,1.3,0.0,1198.87,1109.17,89.7,8.9
2023-07-12,2,2023-07-12T01:00,bcl,Big Cliff,1.3,1.3,0.0,1199.14,1109.14,90.0,8.9
2023-07-12,3,2023-07-12T02:00,bcl,Big Cliff,1.29,1.29,0.0,1199.43,1109.1,90.33,8.9
2023-07-12,4,2023-07-12T03:00,bcl,Big Cliff,1.31,1.31,0.0,1199.67,1109.12,90.55,9.1
2023-07-12,5,2023-07-12T04:00,bcl,Big Cliff,1.31,1.31,0.0,1199.87,1109.11,90.76,9.1
2023-07-12,6,2023-07-12T05:00,bcl,Big Cliff,1.32,1.32,0.0,1200.06,1109.11,90.95,9.2
2023-07-12,7,2023-07-12T06:00,bcl,Big Cliff,1.3,1.3,0.0,1199.25,1109.12,90.13,8.9
2023-07-12,8,2023-07-12T07:00,bcl,Big Cliff,1.29,1.29,0.0,1198.37,1109.11,89.26,8.8
2023-07-12,9,2023-07-12T08:00,bcl,Big Cliff,1.28,1.28,0.0,1197.49,1109.09,88.4,8.6
2023-07-12,10,2023-07-12T09:00,bcl,Big Cliff,1.28,1.28,0.0,1196.59,1109.02,87.57,8.6
2023-07-12,11,2023-07-12T10:00,bcl,Big Cliff,1.29,1.29,0.0,1195.66,1109.08,86.58,8.5
2023-07-12,12,2023-07-12T11:00,bcl,Big Cliff,1.27,1.27,0.0,1194.72,1109.07,85.65,8.3
2023-07-12,13,2023-07-12T12:00,bcl,Big Cliff,1.28,1.28,0.0,1193.76,1109.08,84.68,8.3
2023-07-12,14,2023-07-12T13:00,bcl,Big Cliff,1.28,1.28,0.0,1192.77,1109.02,83.75,8.2
2023-07-12,15,2023-07-12T14:00,bcl,Big Cliff,1.27,1.27,0.0,1191.79,1109.06,82.73,8.0
2023-07-12,16,2023-07-12T15:00,bcl,Big Cliff,1.27,1.27,0.0,1192.57,1109.04,83.53,8.1
2023-07-12,17,2023-07-12T16:00,bcl,Big Cliff,1.26,1.26,0.0,1193.63,1109.03,84.6,8.1
2023-07-12,18,2023-07-12T17:00,bcl,Big Cliff,1.27,1.27,0.0,1194.67,1109.11,85.56,8.3
2023-07-12,19,2023-07-12T18:00,bcl,Big Cliff,1.3,1.3,0.0,1195.68,1109.06,86.62,8.6
2023-07-12,20,2023-07-12T19:00,bcl,Big Cliff,1.28,1.28,0.0,1196.67,1109.04,87.63,8.6
2023-07-12,21,2023-07-12T20:00,bcl,Big Cliff,1.29,1.29,0.0,1197.63,1109.08,88.55,8.7
2023-07-12,22,2023-07-12T21:00,bcl,Big Cliff,1.26,1.26,0.0,1197.97,1109.06,88.91,8.5
2023-07-12,23,2023-07-12T22:00,bcl,Big Cliff,1.29,1.29,0.0,1198.23,1109.08,89.15,8.8
2023-07-12,24,2023-07-12T23:00,bcl,Big Cliff,1.29,1.29,0.0,1198.5,1109.1,89.4,8.8
2023-07-13,1,2023-07-13T00:00,bcl,Big Cliff,1.3,1.3,0.0,1198.77,1109.1,89.67,8.9
2023-07-13,2,2023-07-13T01:00,bcl,Big Cliff,1.31,1.31,0.0,1199.03,1109.13,89.9,9.0
2023-07-13,3,2023-07-13T02:00,bcl,Big Cliff,1.3,1.3,0.0,1199.28,1109.09,90.19,8.9
2023-07-13,4,2023-07-13T03:00,bcl,Big Cliff,1.3,1.3,0.0,1199.53,1109.06,90.47,9.0
2023-07-13,5,2023-07-13T04:00,bcl,Big Cliff,1.31,1.31,0.0,1199.78,1109.15,90.63,9.1
2023-07-13,6,2023-07-13T05:00,bcl,Big Cliff,1.32,1.32,0.0,1200.01,1109.13,90.88,9.2
2023-07-13,7,2023-07-13T06:00,bcl,Big Cliff,1.31,1.31,0.0,1199.18,1109.15,90.03,9.0
2023-07-13,8,2023-07-13T07:00,bcl,Big Cliff,1.3,1.3,0.0,1198.3,1109.06,89.24,8.9
2023-07-13,9,2023-07-13T08:00,bcl,Big Cliff,1.28,1.28,0.0,1197.42,1109.1,88.32,8.6
2023-07-13,10,2023-07-13T09:00,bcl,Big Cliff,1.28,1.28,0.0,1196.52,1109.09,87.43,8.5
2023-07-13,11,2023-07-13T10:00,bcl,Big Cliff,1.3,1.3,0.0,1195.59,1109.06,86.53,8.6
2023-07-13,12,2023-07-13T11:00,bcl,Big Cliff,1.27,1.27,0.0,1194.66,1109.11,85.55,8.3
2023-07-13,13,2023-07-13T12:00,bcl,Big Cliff,1.28,1.28,0.0,1193.69,1109.06,84.63,8.3
2023-07-13,14,2023-07-13T13:00,bcl,Big Cliff,1.27,1.27,0.0,1192.72,1109.03,83.69,8.1
2023-07-13,15,2023-07-13T14:00,bcl,Big Cliff,1.26,1.26,0.0,1191.74,1109.04,82.7,8.0
2023-07-13,16,2023-07-13T15:00,bcl,Big Cliff,1.27,1.27,0.0,1192.53,1109.05,83.48,8.1
2023-07-13,17,2023-07-13T16:00,bcl,Big Cliff,1.29,1.29,0.0,1193.59,1109.1,84.49,8.3
2023-07-13,18,2023-07-13T17:00,bcl,Big Cliff,1.3,1.3,0.0,1194.63,1109.08,85.55,8.5
2023-07-13,19,2023-07-13T18:00,bcl,Big Cliff,1.31,1.31,0.0,1195.64,1109.13,86.51,8.6
2023-07-13,20,2023-07-13T19:00,bcl,Big Cliff,1.28,1.28,0.0,1196.63,1109.1,87.53,8.5
2023-07-13,21,2023-07-13T20:00,bcl,Big Cliff,1.3,1.3,0.0,1197.61,1109.07,88.54,8.8
2023-07-13,22,2023-07-13T21:00,bcl,Big Cliff,1.3,1.3,0.0,1197.95,1109.1,88.85,8.8
2023-07-13,23,2023-07-13T22:00,bcl,Big Cliff,1.29,1.29,0.0,1198.21,1109.08,89.13,8.8
2023-07-13,24,2023-07-13T23:00,bcl,Big Cliff,1.29,1.29,0.0,1198.46,1109.09,89.37,8.8
2023-07-14,1,2023-07-14T00:00,bcl,Big Cliff,1.29,1.29,0.0,1198.6,1109.1,89.5,8.8
2023-07-14,2,2023-07-14T01:00,bcl,Big Cliff,1.3,1.3,0.0,1198.66,1109.13,89.53,8.9
2023-07-14,3,2023-07-14T02:00,bcl,Big Cliff,1.32,1.32,0.0,1198.69,1109.12,89.57,9.0
2023-07-14,4,2023-07-14T03:00,bcl,Big Cliff,1.3,1.3,0.0,1198.72,1109.12,89.6,8.9
2023-07-14,5,2023-07-14T04:00,bcl,Big Cliff,1.31,1.31,0.0,1198.73,1109.09,89.64,9.0
2023-07-14,6,2023-07-14T05:00,bcl,Big Cliff,1.31,1.31,0.0,1198.73,1109.05,89.68,9.0
2023-07-14,7,2023-07-14T06:00,bcl,Big Cliff,1.3,1.3,0.0,1197.88,1109.13,88.75,8.8
2023-07-14,8,2023-07-14T07:00,bcl,Big Cliff,1.31,1.31,0.0,1196.98,1109.11,87.87,8.8
2023-07-14,9,2023-07-14T08:00,bcl,Big Cliff,1.3,1.3,0.0,1196.05,1109.08,86.97,8.6
2023-07-14,10,2023-07-14T09:00,bcl,Big Cliff,1.31,1.31,0.0,1195.09,1109.09,86.0,8.6
2023-07-14,11,2023-07-14T10:00,bcl,Big Cliff,1.29,1.29,0.0,1194.13,1109.13,85.0,8.4
2023-07-14,12,2023-07-14T11:00,bcl,Big Cliff,1.28,1.28,0.0,1193.15,1109.09,84.06,8.2
2023-07-14,13,2023-07-14T12:00,bcl,Big Cliff,1.27,1.27,0.0,1192.17,1109.07,83.1,8.1
2023-07-14,14,2023-07-14T13:00,bcl,Big Cliff,1.28,1.28,0.0,1191.16,1109.12,82.04,8.0
2023-07-14,15,2023-07-14T14:00,bcl,Big Cliff,1.28,1.28,0.0,1190.15,1109.08,81.07,7.9
2023-07-14,16,2023-07-14T15:00,bcl,Big Cliff,1.27,1.27,0.0,1190.66,1109.08,81.58,7.9
2023-07-14,17,2023-07-14T16:00,bcl,Big Cliff,1.27,1.27,0.0,1191.41,1109.1,82.31,8.0
2023-07-14,18,2023-07-14T17:00,bcl,Big Cliff,1.28,1.28,0.0,1192.44,1109.06,83.38,8.1
2023-07-14,19,2023-07-14T18:00,bcl,Big Cliff,1.3,1.3,0.0,1193.22,1109.12,84.1,8.3
2023-07-14,20,2023-07-14T19:00,bcl,Big Cliff,1.26,1.26,0.0,1193.93,1109.0,84.93,8.2
2023-07-14,21,2023-07-14T20:00,bcl,Big Cliff,1.27,1.27,0.0,1194.63,1109.08,85.55,8.3
2023-07-14,22,2023-07-14T21:00,bcl,Big Cliff,1.28,1.28,0.0,1194.44,1109.08,85.36,8.3
2023-07-14,23,2023-07-14T22:00,bcl,Big Cliff,1.26,1.26,0.0,1194.39,1109.08,85.31,8.2
2023-07-14,24,2023-07-14T23:00,bcl,Big Cliff,1.28,1.28,0.0,1194.34,1109.1,85.24,8.3
2023-07-15,1,2023-07-15T00:00,bcl,Big Cliff,1.28,1.28,0.0,1194.29,1109.03,85.26,8.3
2023-07-15,2,2023-07-15T01:00,bcl,Big Cliff,1.28,1.28,0.0,1194.25,1109.1,85.15,8.3
2023-07-15,3,2023-07-15T02:00,bcl,Big Cliff,1.27,1.27,0.0,1194.19,1109.07,85.12,8.2
2023-07-15,4,2023-07-15T03:00,bcl,Big Cliff,1.3,1.3,0.0,1194.14,1109.02,85.12,8.4
2023-07-15,5,2023-07-15T04:00,bcl,Big Cliff,1.28,1.28,0.0,1194.08,1109.09,84.99,8.3
2023-07-15,6,2023-07-15T05:00,bcl,Big Cliff,1.27,1.27,0.0,1194.02,1109.09,84.93,8.2
2023-07-15,7,2023-07-15T06:00,bcl,Big Cliff,1.26,1.26,0.0,1193.1,1109.01,84.09,8.1
2023-07-15,8,2023-07-15T07:00,bcl,Big Cliff,1.27,1.27,0.0,1192.14,1109.08,83.06,8.0
2023-07-15,9,2023-07-15T08:00,bcl,Big Cliff,1.27,1.27,0.0,1191.14,1109.03,82.11,8.0
2023-07-15,10,2023-07-15T09:00,bcl,Big Cliff,1.25,1.25,0.0,1190.12,1108.98,81.14,7.7
2023-07-15,11,2023-07-15T10:00,bcl,Big Cliff,1.28,1.28,0.0,1189.08,1109.1,79.98,7.8
2023-07-15,12,2023-07-15T11:00,bcl,Big Cliff,1.27,1.27,0.0,1188.01,1109.06,78.95,7.7
2023-07-15,13,2023-07-15T12:00,bcl,Big Cliff,1.27,1.27,0.0,1186.92,1109.03,77.89,7.5
2023-07-15,14,2023-07-15T13:00,bcl,Big Cliff,1.26,1.26,0.0,1185.85,1109.05,76.8,7.4
2023-07-15,15,2023-07-15T14:00,bcl,Big Cliff,1.28,1.28,0.0,1184.72,1108.99,75.73,7.4
2023-07-15,16,2023-07-15T15:00,bcl,Big Cliff,1.26,1.26,0.0,1185.58,1109.06,76.52,7.4
2023-07-15,17,2023-07-15T16:00,bcl,Big Cliff,1.28,1.28,0.0,1186.8,1109.07,77.73,7.6
2023-07-15,18,2023-07-15T17:00,bcl,Big Cliff,1.28,1.28,0.0,1187.97,1109.03,78.94,7.7
2023-07-15,19,2023-07-15T18:00,bcl,Big Cliff,1.3,1.3,0.0,1189.1,1109.09,80.01,7.9
2023-07-15,20,2023-07-15T19:00,bcl,Big Cliff,1.26,1.26,0.0,1190.22,1109.04,81.18,7.8
2023-07-15,21,2023-07-15T20:00,bcl,Big Cliff,1.28,1.28,0.0,1191.31,1109.06,82.25,8.0
2023-07-15,22,2023-07-15T21:00,bcl,Big Cliff,1.29,1.29,0.0,1190.75,1109.09,81.66,8.0
2023-07-15,23,2023-07-15T22:00,bcl,Big Cliff,1.27,1.27,0.0,1189.74,1109.05,80.69,7.8
2023-07-15,24,2023-07-15T23:00,bcl,Big Cliff,1.26,1.26,0.0,1188.69,1109.03,79.66,7.7
2023-07-16,1,2023-07-16T00:00,bcl,Big Cliff,1.26,1.26,0.0,1188.38,1109.02,79.36,7.6
2023-07-16,2,2023-07-16T01:00,bcl,Big Cliff,1.27,1.27,0.0,1188.32,1109.11,79.21,7.7
2023-07-16,3,2023-07-16T02:00,bcl,Big Cliff,1.29,1.29,0.0,1188.26,1109.08,79.18,7.8
2023-07-16,4,2023-07-16T03:00,bcl,Big Cliff,1.28,1.28,0.0,1188.2,1109.09,79.11,7.7
2023-07-16,5,2023-07-16T04:00,bcl,Big Cliff,1.28,1.28,0.0,1188.13,1109.09,79.04,7.7
2023-07-16,6,2023-07-16T05:00,bcl,Big Cliff,1.29,1.29,0.0,1188.07,1109.03,79.04,7.8
2023-07-16,7,2023-07-16T06:00,bcl,Big Cliff,1.27,1.27,0.0,1188.04,1109.1,78.94,7.6
2023-07-16,8,2023-07-16T07:00,bcl,Big Cliff,1.28,1.28,0.0,1187.99,1109.07,78.92,7.7
2023-07-16,9,2023-07-16T08:00,bcl,Big Cliff,1.29,1.29,0.0,1187.95,1109.13,78.82,7.8
2023-07-16,10,2023-07-16T09:00,bcl,Big Cliff,1.27,1.27,0.0,1187.91,1109.07,78.84,7.6
2023-07-16,11,2023-07-16T10:00,bcl,Big Cliff,1.26,1.26,0.0,1189.07,1109.01,80.06,7.7
2023-07-16,12,2023-07-16T11:00,bcl,Big Cliff,1.26,1.26,0.0,1190.25,1109.02,81.23,7.8
2023-07-16,13,2023-07-16T12:00,bcl,Big Cliff,1.24,1.24,0.0,1191.39,1109.02,82.37,7.8
2023-07-16,14,2023-07-16T13:00,bcl,Big Cliff,1.26,1.26,0.0,1192.5,1109.03,83.47,8.0
2023-07-16,15,2023-07-16T14:00,bcl,Big Cliff,1.26,1.26,0.0,1193.58,1109.09,84.49,8.1
2023-07-16,16,2023-07-16T15:00,bcl,Big Cliff,1.26,1.26,0.0,1194.64,1109.07,85.57,8.2
2023-07-16,17,2023-07-16T16:00,bcl,Big Cliff,1.28,1.28,0.0,1195.69,1109.05,86.64,8.5
2023-07-16,18,2023-07-16T17:00,bcl,Big Cliff,1.28,1.28,0.0,1196.7,1109.04,87.66,8.6
2023-07-16,19,2023-07-16T18:00,bcl,Big Cliff,1.28,1.28,0.0,1196.13,1109.06,87.07,8.5
2023-07-16,20,2023-07-16T19:00,bcl,Big Cliff,1.24,1.24,0.0,1195.23,1108.98,86.25,8.2
2023-07-16,21,2023-07-16T20:00,bcl,Big Cliff,1.23,1.23,0.0,1194.31,1109.0,85.31,8.0
2023-07-16,22,2023-07-16T21:00,bcl,Big Cliff,1.23,1.23,0.0,1193.38,1109.01,84.37,7.9
2023-07-16,23,2023-07-16T22:00,bcl,Big Cliff,1.23,1.23,0.0,1192.43,1108.99,83.44,7.8
2023-07-16,24,2023-07-16T23:00,bcl,Big Cliff,1.22,1.22,0.0,1191.47,1109.02,82.45,7.7
2023-07-17,1,2023-07-17T00:00,bcl,Big Cliff,1.22,1.22,0.0,1190.49,1108.96,81.53,7.6
2023-07-17,2,2023-07-17T01:00,bcl,Big Cliff,1.22,1.22,0.0,1189.5,1108.97,80.53,7.5
2023-07-17,3,2023-07-17T02:00,bcl,Big Cliff,1.22,1.22,0.0,1188.49,1108.97,79.52,7.4
2023-07-17,4,2023-07-17T03:00,bcl,Big Cliff,1.19,1.19,0.0,1187.47,1108.93,78.54,7.1
2023-07-17,5,2023-07-17T04:00,bcl,Big Cliff,1.21,1.21,0.0,1186.44,1108.99,77.45,7.2
2023-07-17,6,2023-07-17T05:00,bcl,Big Cliff,1.21,1.21,0.0,1185.38,1108.95,76.43,7.1
2023-07-17,7,2023-07-17T06:00,bcl,Big Cliff,1.19,1.19,0.0,1184.32,1108.92,75.4,6.8
2023-07-17,8,2023-07-17T07:00,bcl,Big Cliff,1.37,1.37,0.0,1183.11,1109.31,73.8,7.7
2023-07-17,9,2023-07-17T08:00,bcl,Big Cliff,1.34,0.0,1.34,1181.85,1109.27,72.58,0.0
2023-07-17,10,2023-07-17T09:00,bcl,Big Cliff,1.3,0.0,1.3,1180.71,1109.2,71.51,0.0
2023-07-17,11,2023-07-17T10:00,bcl,Big Cliff,1.26,0.0,1.26,1179.67,1109.21,70.46,0.0
2023-07-17,12,2023-07-17T11:00,bcl,Big Cliff,1.28,0.0,1.28,1178.56,1109.2,69.36,0.0
2023-07-17,13,2023-07-17T12:00,bcl,Big Cliff,1.28,0.0,1.28,1177.42,1109.21,68.21,0.0
2023-07-17,14,2023-07-17T13:00,bcl,Big Cliff,1.24,0.0,1.24,1176.45,1109.13,67.32,0.0
2023-07-17,15,2023-07-17T14:00,bcl,Big Cliff,1.26,0.0,1.26,1175.43,1109.16,66.27,0.0
2023-07-17,16,2023-07-17T15:00,bcl,Big Cliff,1.26,0.0,1.26,1174.19,1109.17,65.02,0.0
2023-07-17,17,2023-07-17T16:00,bcl,Big Cliff,1.24,0.0,1.24,1172.95,1109.17,63.78,0.0
2023-07-17,18,2023-07-17T17:00,bcl,Big Cliff,1.22,0.0,1.22,1171.68,1109.11,62.57,0.0
2023-07-17,19,2023-07-17T18:00,bcl,Big Cliff,1.19,0.0,1.19,1170.77,1108.99,61.78,0.0
2023-07-17,20,2023-07-17T19:00,bcl,Big Cliff,1.13,0.0,1.13,1170.04,1108.9,61.14,0.0
2023-07-17,21,2023-07-17T20:00,bcl,Big Cliff,1.24,0.0,1.24,1170.01,1109.07,60.94,0.0
2023-07-17,22,2023-07-17T21:00,bcl,Big Cliff,1.13,0.0,1.16,1169.42,1108.88,60.54,0.0
2023-07-17,23,2023-07-17T22:00,bcl,Big Cliff,1.05,0.0,1.2,1169.41,1108.79,60.62,0.0
2023-07-17,24,2023-07-17T23:00,bcl,Big Cliff,1.08,0.0,1.24,1169.41,1108.88,60.53,0.0
2023-07-18,1,2023-07-18T00:00,bcl,Big Cliff,1.17,0.0,1.31,1169.41,1109.03,60.38,0.0
2023-07-18,2,2023-07-18T01:00,bcl,Big Cliff,1.21,0.0,1.31,1169.41,1109.1,60.31,0.0
2023-07-18,3,2023-07-18T02:00,bcl,Big Cliff,1.24,0.0,1.31,1169.41,1109.13,60.28,0.0
2023-07-18,4,2023-07-18T03:00,bcl,Big Cliff,1.27,0.0,1.31,1169.41,1109.14,60.27,0.0
2023-07-18,5,2023-07-18T04:00,bcl,Big Cliff,1.28,0.0,1.31,1169.41,1109.18,60.23,0.0
2023-07-18,6,2023-07-18T05:00,bcl,Big Cliff,1.29,0.0,1.31,1169.41,1109.18,60.23,0.0
2023-07-18,7,2023-07-18T06:00,bcl,Big Cliff,1.29,0.0,1.29,1169.41,1109.2,60.21,0.0
2023-07-18,8,2023-07-18T07:00,bcl,Big Cliff,1.27,0.0,1.27,1169.41,1109.14,60.27,0.0
2023-07-18,9,2023-07-18T08:00,bcl,Big Cliff,1.25,0.0,1.25,1169.41,1109.12,60.29,0.0
2023-07-18,10,2023-07-18T09:00,bcl,Big Cliff,1.26,0.0,1.26,1169.41,1109.09,60.32,0.0
2023-07-18,11,2023-07-18T10:00,bcl,Big Cliff,1.34,0.0,1.34,1169.41,1109.35,60.06,0.0
2023-07-18,12,2023-07-18T11:00,bcl,Big Cliff,1.33,0.0,1.33,1169.41,1109.16,60.25,0.0
2023-07-18,13,2023-07-18T12:00,bcl,Big Cliff,1.26,0.0,1.26,1169.41,1109.08,60.33,0.0
2023-07-18,14,2023-07-18T13:00,bcl,Big Cliff,1.25,0.0,1.25,1169.41,1109.08,60.33,0.0
2023-07-18,15,2023-07-18T14:00,bcl,Big Cliff,1.27,0.0,1.27,1169.41,1109.1,60.31,0.0
2023-07-18,16,2023-07-18T15:00,bcl,Big Cliff,1.22,0.0,1.22,1169.41,1109.1,60.31,0.0
2023-07-18,17,2023-07-18T16:00,bcl,Big Cliff,1.27,0.0,1.27,1169.41,1109.11,60.3,0.0
2023-07-18,18,2023-07-18T17:00,bcl,Big Cliff,1.21,0.0,1.21,1169.41,1109.06,60.35,0.0
2023-07-18,19,2023-07-18T18:00,bcl,Big Cliff,1.23,0.0,1.23,1169.41,1109.16,60.25,0.0
2023-07-18,20,2023-07-18T19:00,bcl,Big Cliff,1.27,0.0,1.27,1169.41,1109.19,60.22,0.0
2023-07-18,21,2023-07-18T20:00,bcl,Big Cliff,1.26,0.0,1.26,1169.41,1109.15,60.26,0.0
2023-07-18,22,2023-07-18T21:00,bcl,Big Cliff,1.24,0.0,1.24,1169.41,1109.13,60.28,0.0
2023-07-18,23,2023-07-18T22:00,bcl,Big Cliff,1.23,0.0,1.23,1169.41,1109.11,60.3,0.0
2023-07-18,24,2023-07-18T23:00,bcl,Big Cliff,1.23,0.0,1.23,1169.41,1109.12,60.29,0.0
2023-07-19,1,2023-07-19T00:00,bcl,Big Cliff,1.24,0.0,1.24,1169.41,1109.16,60.25,0.0
2023-07-19,2,2023-07-19T01:00,bcl,Big Cliff,1.25,0.0,1.25,1169.41,1109.15,60.26,0.0
2023-07-19,3,2023-07-19T02:00,bcl,Big Cliff,1.25,0.0,1.25,1169.41,1109.15,60.26,0.0
2023-07-19,4,2023-07-19T03:00,bcl,Big Cliff,1.24,0.0,1.24,1169.41,1109.14,60.27,0.0
2023-07-19,5,2023-07-19T04:00,bcl,Big Cliff,1.26,0.0,1.26,1169.41,1109.14,60.27,0.0
2023-07-19,6,2023-07-19T05:00,bcl,Big Cliff,1.25,0.0,1.25,1169.41,1109.17,60.24,0.0
2023-07-19,7,2023-07-19T06:00,bcl,Big Cliff,1.25,0.0,1.25,1169.41,1109.14,60.27,0.0
2023-07-19,8,2023-07-19T07:00,bcl,Big Cliff,1.24,0.0,1.24,1169.41,1109.15,60.26,0.0
2023-07-19,9,2023-07-19T08:00,bcl,Big Cliff,1.24,0.0,1.24,1169.41,1109.13,60.28,0.0
2023-07-19,10,2023-07-19T09:00,bcl,Big Cliff,1.25,0.0,1.25,1169.41,1109.15,60.26,0.0
2023-07-19,11,2023-07-19T10:00,bcl,Big Cliff,1.24,0.0,1.24,1169.41,1109.12,60.29,0.0
2023-07-19,12,2023-07-19T11:00,bcl,Big Cliff,1.24,0.0,1.24,1169.41,1109.14,60.27,0.0
2023-07-19,13,2023-07-19T12:00,bcl,Big Cliff,1.24,0.0,1.24,1169.4,1109.15,60.25,0.0
2023-07-19,14,2023-07-19T13:00,bcl,Big Cliff,1.24,0.0,1.24,1169.4,1109.14,60.26,0.0
2023-07-19,15,2023-07-19T14:00,bcl,Big Cliff,1.23,0.0,1.23,1163.45,1109.11,54.34,0.0
2023-07-19,16,2023-07-19T15:00,bcl,Big Cliff,1.23,0.0,1.23,1169.4,1109.13,60.27,0.0
2023-07-19,17,2023-07-19T16:00,bcl,Big Cliff,1.23,0.0,1.23,1169.4,1000.01,169.39,0.0
2023-07-19,18,2023-07-19T17:00,bcl,Big Cliff,1.23,0.0,1.23,1169.4,1109.07,60.33,0.0
2023-07-19,19,2023-07-19T18:00,bcl,Big Cliff,1.22,0.0,1.22,1163.45,1109.06,54.39,0.0
2023-07-19,20,2023-07-19T19:00,bcl,Big Cliff,1.23,0.0,1.23,1163.45,1109.06,54.39,0.0
2023-07-19,21,2023-07-19T20:00,bcl,Big Cliff,1.21,0.0,1.21,1163.45,1109.04,54.41,0.0
2023-07-19,22,2023-07-19T21:00,bcl,Big Cliff,1.22,0.0,1.22,1163.45,1109.07,54.38,0.0
2023-07-19,23,2023-07-19T22:00,bcl,Big Cliff,1.25,0.0,1.25,1163.45,1109.11,54.34,0.0
2023-07-19,24,2023-07-19T23:00,bcl,Big Cliff,1.27,0.0,1.27,1163.45,1109.13,54.32,0.0
2023-07-20,1,2023-07-20T00:00,bcl,Big Cliff,1.27,0.0,1.27,1169.4,1109.14,60.26,0.0
2023-07-20,2,2023-07-20T01:00,bcl,Big Cliff,1.27,0.0,1.27,1169.4,1109.12,60.28,0.0
2023-07-20,3,2023-07-20T02:00,bcl,Big Cliff,1.28,0.0,1.28,1169.4,1109.15,60.25,0.0
2023-07-20,4,2023-07-20T03:00,bcl,Big Cliff,1.28,0.0,1.28,1163.45,1109.15,54.3,0.0
2023-07-20,5,2023-07-20T04:00,bcl,Big Cliff,1.27,0.0,1.27,1169.4,1109.14,60.26,0.0
2023-07-20,6,2023-07-20T05:00,bcl,Big Cliff,1.27,0.0,1.27,1169.4,1109.12,60.28,0.0
2023-07-20,7,2023-07-20T06:00,bcl,Big Cliff,1.27,0.0,1.27,1163.45,1109.14,54.31,0.0
2023-07-20,8,2023-07-20T07:00,bcl,Big Cliff,1.27,0.0,1.27,1163.45,1109.14,54.3,0.0
2023-07-20,9,2023-07-20T08:00,bcl,Big Cliff,1.27,0.0,1.27,1163.45,1109.14,54.31,0.0
2023-07-20,10,2023-07-20T09:00,bcl,Big Cliff,1.28,0.0,1.28,1163.45,1109.15,54.3,0.0
2023-07-20,11,2023-07-20T10:00,bcl,Big Cliff,1.27,0.0,1.27,1163.45,1109.13,54.32,0.0
2023-07-20,12,2023-07-20T11:00,bcl,Big Cliff,1.26,0.0,1.26,1163.45,1109.13,54.32,0.0
2023-07-20,13,2023-07-20T12:00,bcl,Big Cliff,1.27,0.0,1.27,1163.45,1109.12,54.33,0.0
2023-07-20,14,2023-07-20T13:00,bcl,Big Cliff,1.27,0.0,1.27,1163.45,1109.13,54.32,0.0
2023-07-20,15,2023-07-20T14:00,bcl,Big Cliff,1.26,0.0,1.26,1163.45,1109.09,54.36,0.0
2023-07-20,16,2023-07-20T15:00,bcl,Big Cliff,1.26,0.0,1.26,1163.45,1109.12,54.33,0.0
2023-07-20,17,2023-07-20T16:00,bcl,Big Cliff,1.25,0.0,1.25,1163.45,1109.11,54.34,0.0
2023-07-20,18,2023-07-20T17:00,bcl,Big Cliff,1.24,0.0,1.24,1163.45,1109.11,54.34,0.0
2023-07-20,19,2023-07-20T18:00,bcl,Big Cliff,1.25,0.0,1.25,1163.45,1109.11,54.34,0.0
2023-07-20,20,2023-07-20T19:00,bcl,Big Cliff,1.26,0.0,1.26,1163.45,1109.11,54.31,0.0
2023-07-20,21,2023-07-20T20:00,bcl,Big Cliff,1.24,0.0,1.24,1163.45,1109.1,54.35,0.0
2023-07-20,22,2023-07-20T21:00,bcl,Big Cliff,1.24,0.0,1.24,1163.45,1109.1,54.35,0.0
2023-07-20,23,2023-07-20T22:00,bcl,Big Cliff,1.24,0.0,1.24,1163.45,1109.1,54.34,0.0
2023-07-20,24,2023-07-20T23:00,bcl,Big Cliff,1.25,0.0,1.25,1163.45,1109.11,54.35,0.0
2023-07-21,1,2023-07-21T00:00,bcl,Big Cliff,1.26,0.0,1.26,1163.45,1109.13,54.32,0.0
2023-07-21,2,2023-07-21T01:00,bcl,Big Cliff,1.27,0.0,1.27,1163.45,1109.15,54.3,0.0
2023-07-21,3,2023-07-21T02:00,bcl,Big Cliff,1.27,0.0,1.27,1163.45,1109.12,54.33,0.0
2023-07-21,4,2023-07-21T03:00,bcl,Big Cliff,1.28,0.0,1.28,1163.45,1109.15,54.3,0.0
2023-07-21,5,2023-07-21T04:00,bcl,Big Cliff,1.28,0.0,1.28,1163.45,1109.14,54.3,0.0
2023-07-21,6,2023-07-21T05:00,bcl,Big Cliff,1.28,0.0,1.28,1163.45,1109.16,54.29,0.0
2023-07-21,7,2023-07-21T06:00,bcl,Big Cliff,1.27,0.0,1.27,1163.45,1109.13,54.31,0.0
2023-07-21,8,2023-07-21T07:00,bcl,Big Cliff,1.25,0.0,1.25,1163.45,1109.08,54.37,0.0
2023-07-21,9,2023-07-21T08:00,bcl,Big Cliff,1.22,0.0,1.22,1163.45,1109.07,54.38,0.0
2023-07-21,10,2023-07-21T09:00,bcl,Big Cliff,1.21,0.0,1.21,1163.45,1109.04,54.41,0.0
2023-07-21,11,2023-07-21T10:00,bcl,Big Cliff,1.18,0.0,1.18,1163.45,1109.02,54.43,0.0
2023-07-21,12,2023-07-21T11:00,bcl,Big Cliff,1.17,0.0,1.17,1163.45,1108.96,54.49,0.0
2023-07-21,13,2023-07-21T12:00,bcl,Big Cliff,1.13,0.0,1.13,1163.45,1108.92,54.51,0.0
2023-07-21,14,2023-07-21T13:00,bcl,Big Cliff,1.12,0.0,1.12,1163.45,1108.89,54.56,0.0
2023-07-21,15,2023-07-21T14:00,bcl,Big Cliff,1.12,0.0,1.12,1163.45,1108.92,54.53,0.0
2023-07-21,16,2023-07-21T15:00,bcl,Big Cliff,1.11,0.0,1.11,1163.45,1108.9,54.57,0.0
2023-07-21,17,2023-07-21T16:00,bcl,Big Cliff,1.1,0.0,1.1,1163.45,1108.89,54.56,0.0
2023-07-21,18,2023-07-21T17:00,bcl,Big Cliff,1.1,0.0,1.1,1163.45,1108.91,54.54,0.0
2023-07-21,19,2023-07-21T18:00,bcl,Big Cliff,1.11,0.0,1.11,1163.45,1108.89,54.56,0.0
2023-07-21,20,2023-07-21T19:00,bcl,Big Cliff,1.11,0.0,1.11,1163.45,1108.92,54.53,0.0
2023-07-21,21,2023-07-21T20:00,bcl,Big Cliff,1.11,0.0,1.11,1163.45,1108.88,54.57,0.0
2023-07-21,22,2023-07-21T21:00,bcl,Big Cliff,1.11,0.0,1.11,1163.45,1108.9,54.56,0.0
2023-07-21,23,2023-07-21T22:00,bcl,Big Cliff,1.11,0.0,1.11,1163.45,1108.9,54.55,0.0
2023-07-21,24,2023-07-21T23:00,bcl,Big Cliff,1.13,0.0,1.13,1163.45,1108.91,54.54,0.0
2023-07-22,1,2023-07-22T00:00,bcl,Big Cliff,1.12,0.0,1.12,1163.45,1108.92,54.55,0.0
2023-07-22,2,2023-07-22T01:00,bcl,Big Cliff,1.12,0.0,1.12,1163.45,1108.9,54.55,0.0
2023-07-22,3,2023-07-22T02:00,bcl,Big Cliff,1.12,0.0,1.12,1163.45,1108.91,54.54,0.0
2023-07-22,4,2023-07-22T03:00,bcl,Big Cliff,1.13,0.0,1.13,1163.45,1108.93,54.52,0.0
2023-07-22,5,2023-07-22T04:00,bcl,Big Cliff,1.13,0.0,1.13,1163.45,1108.94,54.54,0.0
2023-07-22,6,2023-07-22T05:00,bcl,Big Cliff,1.14,0.0,1.14,1163.45,1108.94,54.51,0.0
2023-07-22,7,2023-07-22T06:00,bcl,Big Cliff,1.12,0.0,1.12,1163.45,1108.91,54.53,0.0
2023-07-22,8,2023-07-22T07:00,bcl,Big Cliff,1.11,0.0,1.11,1163.45,1108.89,54.56,0.0
2023-07-22,9,2023-07-22T08:00,bcl,Big Cliff,1.11,0.0,1.11,1163.45,1108.9,54.55,0.0
2023-07-22,10,2023-07-22T09:00,bcl,Big Cliff,1.13,0.0,1.13,1163.45,1108.93,54.52,0.0
2023-07-22,11,2023-07-22T10:00,bcl,Big Cliff,1.13,0.0,1.13,1163.45,1108.93,54.52,0.0
2023-07-22,12,2023-07-22T11:00,bcl,Big Cliff,1.15,0.0,1.15,1163.45,1108.95,54.5,0.0
2023-07-22,13,2023-07-22T12:00,bcl,Big Cliff,1.13,0.0,1.13,1163.45,1108.91,54.51,0.0
2023-07-22,14,2023-07-22T13:00,bcl,Big Cliff,1.11,0.0,1.11,1163.45,1108.88,54.54,0.0
2023-07-22,15,2023-07-22T14:00,bcl,Big Cliff,1.11,0.0,1.11,1163.45,1108.92,54.53,0.0
2023-07-22,16,2023-07-22T15:00,bcl,Big Cliff,1.12,0.0,1.12,1163.45,1108.9,54.55,0.0
2023-07-22,17,2023-07-22T16:00,bcl,Big Cliff,1.12,0.0,1.12,1163.45,1108.89,54.55,0.0
2023-07-22,18,2023-07-22T17:00,bcl,Big Cliff,1.09,0.0,1.09,1163.45,1108.85,54.6,0.0
2023-07-22,19,2023-07-22T18:00,bcl,Big Cliff,1.09,0.0,1.09,1163.45,1108.85,54.6,0.0
2023-07-22,20,2023-07-22T19:00,bcl,Big Cliff,1.07,0.0,1.07,1163.45,1108.83,54.62,0.0
2023-07-22,21,2023-07-22T20:00,bcl,Big Cliff,1.06,0.0,1.06,1163.45,1108.8,54.65,0.0
2023-07-22,22,2023-07-22T21:00,bcl,Big Cliff,1.07,0.0,1.07,1163.45,1108.85,54.6,0.0
2023-07-22,23,2023-07-22T22:00,bcl,Big Cliff,1.07,0.0,1.07,1163.45,1108.84,54.61,0.0
2023-07-22,24,2023-07-22T23:00,bcl,Big Cliff,1.08,0.0,1.08,1163.45,1108.87,54.6,0.0
2023-07-23,1,2023-07-23T00:00,bcl,Big Cliff,1.09,0.0,1.09,1163.45,1108.87,54.58,0.0
2023-07-23,2,2023-07-23T01:00,bcl,Big Cliff,1.1,0.0,1.1,1163.45,1108.89,54.56,0.0
2023-07-23,3,2023-07-23T02:00,bcl,Big Cliff,1.09,0.0,1.09,1163.45,1108.88,54.57,0.0
2023-07-23,4,2023-07-23T03:00,bcl,Big Cliff,1.09,0.0,1.09,1163.45,1108.88,54.58,0.0
2023-07-23,5,2023-07-23T04:00,bcl,Big Cliff,1.1,0.0,1.1,1163.45,1108.89,54.56,0.0
2023-07-23,6,2023-07-23T05:00,bcl,Big Cliff,1.11,0.0,1.11,1163.45,1108.9,54.56,0.0
2023-07-23,7,2023-07-23T06:00,bcl,Big Cliff,1.1,0.0,1.1,1163.45,1108.89,54.55,0.0
2023-07-23,8,2023-07-23T07:00,bcl,Big Cliff,1.11,0.0,1.11,1163.45,1108.9,54.55,0.0
2023-07-23,9,2023-07-23T08:00,bcl,Big Cliff,1.11,0.0,1.11,1163.45,1108.89,54.56,0.0
2023-07-23,10,2023-07-23T09:00,bcl,Big Cliff,1.11,0.0,1.11,1163.45,1108.88,54.57,0.0
2023-07-23,11,2023-07-23T10:00,bcl,Big Cliff,1.1,0.0,1.1,1163.45,1108.87,54.58,0.0
2023-07-23,12,2023-07-23T11:00,bcl,Big Cliff,1.09,0.0,1.09,1163.45,1108.89,54.56,0.0
2023-07-23,13,2023-07-23T12:00,bcl,Big Cliff,1.09,0.0,1.09,1163.45,1108.85,54.6,0.0
2023-07-23,14,2023-07-23T13:00,bcl,Big Cliff,1.09,0.0,1.09,1163.45,1108.86,54.59,0.0
2023-07-23,15,2023-07-23T14:00,bcl,Big Cliff,1.09,0.0,1.09,1163.45,1108.85,54.58,0.0
2023-07-23,16,2023-07-23T15:00,bcl,Big Cliff,1.09,0.0,1.09,1163.45,1108.86,54.59,0.0
2023-07-23,17,2023-07-23T16:00,bcl,Big Cliff,1.09,0.0,1.09,1163.45,1108.85,54.6,0.0
2023-07-23,18,2023-07-23T17:00,bcl,Big Cliff,1.08,0.0,1.08,1163.45,1108.85,54.61,0.0
2023-07-23,19,2023-07-23T18:00,bcl,Big Cliff,1.07,0.0,1.07,1163.45,1108.82,54.63,0.0
2023-07-23,20,2023-07-23T19:00,bcl,Big Cliff,1.07,0.0,1.07,1163.45,1108.85,54.6,0.0
2023-07-23,21,2023-07-23T20:00,bcl,Big Cliff,1.07,0.0,1.07,1163.45,1108.84,54.61,0.0
2023-07-23,22,2023-07-23T21:00,bcl,Big Cliff,1.08,0.0,1.08,1163.45,1108.85,54.6,0.0
2023-07-23,23,2023-07-23T22:00,bcl,Big Cliff,1.08,0.0,1.08,1163.45,1108.85,54.6,0.0
2023-07-23,24,2023-07-23T23:00,bcl,Big Cliff,1.08,0.0,1.08,1163.45,1108.86,54.59,0.0
2023-07-24,1,2023-07-24T00:00,bcl,Big Cliff,1.1,0.0,1.1,1163.45,1108.87,54.59,0.0
2023-07-24,2,2023-07-24T01:00,bcl,Big Cliff,1.1,0.0,1.1,1163.45,1108.88,54.57,0.0
2023-07-24,3,2023-07-24T02:00,bcl,Big Cliff,1.1,0.0,1.1,1163.45,1108.86,54.59,0.0
2023-07-24,4,2023-07-24T03:00,bcl,Big Cliff,1.1,0.0,1.1,1163.45,1108.88,54.57,0.0
2023-07-24,5,2023-07-24T04:00,bcl,Big Cliff,1.11,0.0,1.11,1163.45,1108.88,54.57,0.0
2023-07-24,6,2023-07-24T05:00,bcl,Big Cliff,1.11,0.0,1.11,1163.45,1108.9,54.56,0.0
2023-07-24,7,2023-07-24T06:00,bcl,Big Cliff,1.11,0.0,1.11,1163.45,1108.88,54.56,0.0
2023-07-24,8,2023-07-24T07:00,bcl,Big Cliff,1.11,0.0,1.11,1163.45,1108.9,54.55,0.0
2023-07-24,9,2023-07-24T08:00,bcl,Big Cliff,1.11,0.0,1.11,1163.45,1108.87,54.58,0.0
2023-07-24,10,2023-07-24T09:00,bcl,Big Cliff,1.11,0.0,1.11,1163.45,1108.88,54.56,0.0
2023-07-24,11,2023-07-24T10:00,bcl,Big Cliff,1.11,0.0,1.11,1163.45,1108.89,54.56,0.0
2023-07-24,12,2023-07-24T11:00,bcl,Big Cliff,1.11,0.0,1.11,1163.45,1108.87,54.58,0.0
2023-07-24,13,2023-07-24T12:00,bcl,Big Cliff,1.11,0.0,1.11,1163.45,1108.92,54.53,0.0
2023-07-24,14,2023-07-24T13:00,bcl,Big Cliff,1.13,0.0,1.13,1163.45,1108.92,54.53,0.0
2023-07-24,15,2023-07-24T14:00,bcl,Big Cliff,1.12,0.0,1.12,1163.45,1108.93,54.52,0.0
2023-07-24,16,2023-07-24T15:00,bcl,Big Cliff,1.11,0.0,1.11,1163.45,1108.9,54.55,0.0
2023-07-24,17,2023-07-24T16:00,bcl,Big Cliff,1.12,0.0,1.12,1163.45,1108.91,54.54,0.0
2023-07-24,18,2023-07-24T17:00,bcl,Big Cliff,1.11,0.0,1.11,1163.45,1108.9,54.56,0.0
2023-07-24,19,2023-07-24T18:00,bcl,Big Cliff,1.1,0.0,1.1,1163.45,1108.88,54.57,0.0
2023-07-24,20,2023-07-24T19:00,bcl,Big Cliff,1.11,0.0,1.11,1163.45,1108.88,54.56,0.0
2023-07-24,21,2023-07-24T20:00,bcl,Big Cliff,1.11,0.0,1.11,1163.45,1108.89,54.56,0.0
2023-07-24,22,2023-07-24T21:00,bcl,Big Cliff,1.12,0.0,1.12,1163.45,1108.9,54.55,0.0
2023-07-24,23,2023-07-24T22:00,bcl,Big Cliff,1.14,0.0,1.14,1163.45,1108.96,54.51,0.0
2023-07-24,24,2023-07-24T23:00,bcl,Big Cliff,1.17,0.0,1.17,1163.45,1108.98,54.47,0.0
2023-07-25,1,2023-07-25T00:00,bcl,Big Cliff,1.17,0.0,1.17,1163.45,1109.0,54.45,0.0
2023-07-25,2,2023-07-25T01:00,bcl,Big Cliff,1.17,0.0,1.17,1163.45,1108.99,54.46,0.0
2023-07-25,3,2023-07-25T02:00,bcl,Big Cliff,1.17,0.0,1.17,1163.45,1108.97,54.48,0.0
2023-07-25,4,2023-07-25T03:00,bcl,Big Cliff,1.18,0.0,1.18,1163.45,1109.0,54.45,0.0
2023-07-25,5,2023-07-25T04:00,bcl,Big Cliff,1.18,0.0,1.18,1163.45,1109.07,54.38,0.0
2023-07-25,6,2023-07-25T05:00,bcl,Big Cliff,1.27,0.0,1.27,1163.45,1109.16,54.29,0.0
2023-07-25,7,2023-07-25T06:00,bcl,Big Cliff,1.19,0.0,1.19,1163.45,1109.01,54.44,0.0
2023-07-25,8,2023-07-25T07:00,bcl,Big Cliff,1.18,0.0,1.18,1163.45,1109.03,54.43,0.0
2023-07-25,9,2023-07-25T08:00,bcl,Big Cliff,1.26,0.0,1.26,1163.45,1109.05,54.37,0.0
2023-07-25,10,2023-07-25T09:00,bcl,Big Cliff,1.19,0.0,1.19,1163.45,1108.95,54.5,0.0
2023-07-25,11,2023-07-25T10:00,bcl,Big Cliff,1.23,0.0,1.23,1169.4,1109.08,60.39,0.0
2023-07-25,12,2023-07-25T11:00,bcl,Big Cliff,1.22,0.0,1.22,1169.4,1109.03,60.37,0.0
2023-07-25,13,2023-07-25T12:00,bcl,Big Cliff,1.29,0.0,1.29,1170.06,1109.06,61.0,0.0
2023-07-25,14,2023-07-25T13:00,bcl,Big Cliff,1.31,0.0,1.31,1173.89,1109.24,64.65,0.0
2023-07-25,15,2023-07-25T14:00,bcl,Big Cliff,1.26,0.0,1.26,1177.09,1109.02,68.07,0.0
2023-07-25,16,2023-07-25T15:00,bcl,Big Cliff,1.16,0.0,1.16,1180.08,1108.99,71.09,0.0
2023-07-25,17,2023-07-25T16:00,bcl,Big Cliff,1.17,0.0,1.17,1182.35,1109.0,73.35,0.0
2023-07-25,18,2023-07-25T17:00,bcl,Big Cliff,1.21,0.0,1.21,1183.91,1109.04,74.87,0.0
2023-07-25,19,2023-07-25T18:00,bcl,Big Cliff,1.15,0.0,1.15,1185.26,1108.9,76.36,0.0
2023-07-25,20,2023-07-25T19:00,bcl,Big Cliff,1.11,0.0,1.11,1184.64,1108.88,75.76,0.0
2023-07-25,21,2023-07-25T20:00,bcl,Big Cliff,1.11,0.0,1.11,1183.69,1108.85,74.84,0.0
2023-07-25,22,2023-07-25T21:00,bcl,Big Cliff,1.07,0.0,1.07,1182.74,1108.82,73.92,0.0
2023-07-25,23,2023-07-25T22:00,bcl,Big Cliff,1.06,0.0,1.06,1182.34,1108.82,73.52,0.0
2023-07-25,24,2023-07-25T23:00,bcl,Big Cliff,1.06,0.0,1.06,1182.46,1108.81,73.65,0.0
2023-07-26,1,2023-07-26T00:00,bcl,Big Cliff,1.06,0.0,1.06,1182.69,1108.83,73.86,0.0
2023-07-26,2,2023-07-26T01:00,bcl,Big Cliff,1.06,0.0,1.06,1182.9,1108.81,74.09,0.0
2023-07-26,3,2023-07-26T02:00,bcl,Big Cliff,1.06,0.0,1.06,1182.84,1108.82,74.02,0.0
2023-07-26,4,2023-07-26T03:00,bcl,Big Cliff,1.06,0.0,1.06,1182.77,1108.83,73.94,0.0
2023-07-26,5,2023-07-26T04:00,bcl,Big Cliff,1.06,0.0,1.06,1182.72,1108.81,73.91,0.0
2023-07-26,6,2023-07-26T05:00,bcl,Big Cliff,1.06,0.0,1.06,1182.66,1108.82,73.84,0.0
2023-07-26,7,2023-07-26T06:00,bcl,Big Cliff,1.06,0.0,1.06,1182.59,1108.81,73.78,0.0
2023-07-26,8,2023-07-26T07:00,bcl,Big Cliff,1.06,0.0,1.06,1182.59,1108.8,73.79,0.0
2023-07-26,9,2023-07-26T08:00,bcl,Big Cliff,1.06,0.0,1.06,1182.64,1108.82,73.82,0.0
2023-07-26,10,2023-07-26T09:00,bcl,Big Cliff,1.06,0.0,1.06,1182.82,1108.81,74.01,0.0
2023-07-26,11,2023-07-26T10:00,bcl,Big Cliff,1.06,0.0,1.06,1183.09,1108.81,74.28,0.0
2023-07-26,12,2023-07-26T11:00,bcl,Big Cliff,1.08,0.0,1.08,1184.39,1108.87,75.52,0.0
2023-07-26,13,2023-07-26T12:00,bcl,Big Cliff,1.11,0.0,1.11,1185.78,1108.91,76.87,0.0
2023-07-26,14,2023-07-26T13:00,bcl,Big Cliff,1.05,0.0,1.05,1187.1,1108.8,78.3,0.0
2023-07-26,15,2023-07-26T14:00,bcl,Big Cliff,1.06,0.0,1.06,1188.37,1108.81,79.56,0.0
2023-07-26,16,2023-07-26T15:00,bcl,Big Cliff,1.09,0.0,1.09,1189.58,1108.85,80.73,0.0
2023-07-26,17,2023-07-26T16:00,bcl,Big Cliff,1.11,0.0,1.11,1190.76,1108.88,81.88,0.0
2023-07-26,18,2023-07-26T17:00,bcl,Big Cliff,1.13,0.0,1.13,1191.9,1108.91,82.99,0.0
2023-07-26,19,2023-07-26T18:00,bcl,Big Cliff,1.15,0.0,1.15,1193.0,1108.95,84.05,0.0
2023-07-26,20,2023-07-26T19:00,bcl,Big Cliff,1.1,0.0,1.12,1194.09,1108.87,85.22,0.0
2023-07-26,21,2023-07-26T20:00,bcl,Big Cliff,1.11,0.0,1.13,1195.16,1108.87,86.29,0.0
2023-07-26,22,2023-07-26T21:00,bcl,Big Cliff,1.13,0.0,1.13,1196.19,1108.92,87.27,0.0
2023-07-26,23,2023-07-26T22:00,bcl,Big Cliff,1.15,0.0,1.15,1197.2,1108.92,88.28,0.0
2023-07-26,24,2023-07-26T23:00,bcl,Big Cliff,1.15,0.0,1.15,1196.62,1108.95,87.67,0.0
2023-07-27,1,2023-07-27T00:00,bcl,Big Cliff,1.14,0.0,1.14,1195.83,1108.92,86.91,0.0
2023-07-27,2,2023-07-27T01:00,bcl,Big Cliff,1.13,0.0,1.13,1195.01,1108.9,86.11,0.0
2023-07-27,3,2023-07-27T02:00,bcl,Big Cliff,1.11,0.0,1.11,1194.21,1108.86,85.35,0.0
2023-07-27,4,2023-07-27T03:00,bcl,Big Cliff,1.1,0.0,1.1,1193.4,1108.84,84.56,0.0
2023-07-27,5,2023-07-27T04:00,bcl,Big Cliff,1.09,0.0,1.09,1192.58,1108.82,83.76,0.0
2023-07-27,6,2023-07-27T05:00,bcl,Big Cliff,1.07,0.0,1.07,1192.12,1108.83,83.29,0.0
2023-07-27,7,2023-07-27T06:00,bcl,Big Cliff,1.07,0.0,1.07,1192.07,1108.81,83.26,0.0
2023-07-27,8,2023-07-27T07:00,bcl,Big Cliff,1.06,0.0,1.06,1191.34,1108.81,82.53,0.0
2023-07-27,9,2023-07-27T08:00,bcl,Big Cliff,1.06,0.0,1.06,1190.51,1108.79,81.72,0.0
2023-07-27,10,2023-07-27T09:00,bcl,Big Cliff,1.11,0.0,1.11,1189.65,1108.87,80.78,0.0
2023-07-27,11,2023-07-27T10:00,bcl,Big Cliff,1.09,0.0,1.09,1188.76,1108.86,79.9,0.0
2023-07-27,12,2023-07-27T11:00,bcl,Big Cliff,1.08,0.0,1.08,1187.87,1108.83,79.04,0.0
2023-07-27,13,2023-07-27T12:00,bcl,Big Cliff,1.13,0.0,1.13,1186.94,1108.91,78.03,0.0
2023-07-27,14,2023-07-27T13:00,bcl,Big Cliff,1.11,0.0,1.11,1186.0,1108.9,77.1,0.0
2023-07-27,15,2023-07-27T14:00,bcl,Big Cliff,1.17,0.0,1.17,1187.02,1108.96,78.06,0.0
2023-07-27,16,2023-07-27T15:00,bcl,Big Cliff,1.22,1.22,0.0,1188.28,1108.89,79.39,7.4
2023-07-27,17,2023-07-27T16:00,bcl,Big Cliff,1.21,1.21,0.0,1189.48,1108.9,80.58,7.4
2023-07-27,18,2023-07-27T17:00,bcl,Big Cliff,1.15,1.15,0.0,1190.71,1108.9,81.81,7.2
2023-07-27,19,2023-07-27T18:00,bcl,Big Cliff,1.2,1.2,0.0,1191.86,1108.89,82.97,7.6
2023-07-27,20,2023-07-27T19:00,bcl,Big Cliff,1.14,1.14,0.0,1193.03,1108.79,84.24,7.3
2023-07-27,21,2023-07-27T20:00,bcl,Big Cliff,1.12,1.12,0.0,1194.2,1108.79,85.41,7.3
2023-07-27,22,2023-07-27T21:00,bcl,Big Cliff,1.1,1.1,0.0,1195.36,1108.8,86.56,7.3
2023-07-27,23,2023-07-27T22:00,bcl,Big Cliff,1.13,1.13,0.0,1195.2,1108.75,86.45,7.5
2023-07-27,24,2023-07-27T23:00,bcl,Big Cliff,1.12,1.12,0.0,1195.06,1108.8,86.26,7.4
2023-07-28,1,2023-07-28T00:00,bcl,Big Cliff,1.12,1.12,0.0,1194.92,1108.79,86.13,7.4
2023-07-28,2,2023-07-28T01:00,bcl,Big Cliff,1.13,1.13,0.0,1194.76,1108.84,85.92,7.4
2023-07-28,3,2023-07-28T02:00,bcl,Big Cliff,1.13,1.13,0.0,1194.6,1108.78,85.82,7.4
2023-07-28,4,2023-07-28T03:00,bcl,Big Cliff,1.11,1.11,0.0,1194.47,1108.8,85.67,7.3
2023-07-28,5,2023-07-28T04:00,bcl,Big Cliff,1.17,1.17,0.0,1193.74,1108.85,84.89,7.6
2023-07-28,6,2023-07-28T05:00,bcl,Big Cliff,1.06,1.06,0.0,1192.86,1108.79,84.07,6.8
2023-07-28,7,2023-07-28T06:00,bcl,Big Cliff,1.06,1.06,0.0,1191.99,1108.76,83.23,6.7
2023-07-28,8,2023-07-28T07:00,bcl,Big Cliff,1.07,1.07,0.0,1191.08,1108.85,82.23,6.7
2023-07-28,9,2023-07-28T08:00,bcl,Big Cliff,1.06,1.06,0.0,1190.17,1108.81,81.36,6.6
2023-07-28,10,2023-07-28T09:00,bcl,Big Cliff,1.07,1.07,0.0,1189.22,1108.82,80.4,6.6
2023-07-28,11,2023-07-28T10:00,bcl,Big Cliff,1.06,1.06,0.0,1188.27,1108.81,79.46,6.4
2023-07-28,12,2023-07-28T11:00,bcl,Big Cliff,1.07,1.07,0.0,1187.31,1108.86,78.45,6.4
2023-07-28,13,2023-07-28T12:00,bcl,Big Cliff,1.09,1.09,0.0,1186.32,1108.88,77.44,6.4
2023-07-28,14,2023-07-28T13:00,bcl,Big Cliff,1.06,1.06,0.0,1185.35,1108.84,76.51,6.2
2023-07-28,15,2023-07-28T14:00,bcl,Big Cliff,1.06,1.06,0.0,1186.43,1108.89,77.54,6.3
2023-07-28,16,2023-07-28T15:00,bcl,Big Cliff,1.04,1.04,0.0,1187.72,1108.84,78.88,6.3
2023-07-28,17,2023-07-28T16:00,bcl,Big Cliff,1.09,1.09,0.0,1188.97,1108.85,80.12,6.7
2023-07-28,18,2023-07-28T17:00,bcl,Big Cliff,1.09,1.09,0.0,1190.19,1108.89,81.3,6.8
2023-07-28,19,2023-07-28T18:00,bcl,Big Cliff,1.11,1.11,0.0,1191.37,1108.93,82.44,7.0
2023-07-28,20,2023-07-28T19:00,bcl,Big Cliff,1.09,1.09,0.0,1192.52,1108.88,83.64,7.0
2023-07-28,21,2023-07-28T20:00,bcl,Big Cliff,1.1,1.1,0.0,1193.65,1108.92,84.73,7.1
2023-07-28,22,2023-07-28T21:00,bcl,Big Cliff,1.1,1.1,0.0,1194.75,1108.92,85.83,7.2
2023-07-28,23,2023-07-28T22:00,bcl,Big Cliff,1.12,1.12,0.0,1194.66,1108.96,85.7,7.3
2023-07-28,24,2023-07-28T23:00,bcl,Big Cliff,1.12,1.12,0.0,1194.48,1108.93,85.55,7.3
2023-07-29,1,2023-07-29T00:00,bcl,Big Cliff,1.12,1.12,0.0,1194.33,1108.93,85.4,7.3
2023-07-29,2,2023-07-29T01:00,bcl,Big Cliff,1.12,1.12,0.0,1194.27,1108.93,85.34,7.3
2023-07-29,3,2023-07-29T02:00,bcl,Big Cliff,1.11,1.11,0.0,1194.24,1108.94,85.3,7.2
2023-07-29,4,2023-07-29T03:00,bcl,Big Cliff,1.11,1.11,0.0,1194.22,1108.93,85.29,7.2
2023-07-29,5,2023-07-29T04:00,bcl,Big Cliff,1.12,1.12,0.0,1193.8,1108.9,84.9,7.3
2023-07-29,6,2023-07-29T05:00,bcl,Big Cliff,1.1,1.1,0.0,1192.9,1108.96,83.94,7.0
2023-07-29,7,2023-07-29T06:00,bcl,Big Cliff,1.1,1.1,0.0,1191.98,1108.91,83.07,7.0
2023-07-29,8,2023-07-29T07:00,bcl,Big Cliff,1.07,1.07,0.0,1191.06,1108.88,82.18,6.7
2023-07-29,9,2023-07-29T08:00,bcl,Big Cliff,1.11,1.11,0.0,1190.1,1108.9,81.2,6.9
2023-07-29,10,2023-07-29T09:00,bcl,Big Cliff,1.09,1.09,0.0,1189.11,1108.89,80.22,6.7
2023-07-29,11,2023-07-29T10:00,bcl,Big Cliff,1.12,1.12,0.0,1188.11,1108.9,79.21,6.8
2023-07-29,12,2023-07-29T11:00,bcl,Big Cliff,1.1,1.1,0.0,1187.11,1108.87,78.24,6.6
2023-07-29,13,2023-07-29T12:00,bcl,Big Cliff,1.09,1.09,0.0,1186.1,1108.89,77.21,6.4
2023-07-29,14,2023-07-29T13:00,bcl,Big Cliff,1.1,1.1,0.0,1185.08,1108.85,76.23,6.4
2023-07-29,15,2023-07-29T14:00,bcl,Big Cliff,1.11,1.11,0.0,1186.13,1108.81,77.32,6.5
2023-07-29,16,2023-07-29T15:00,bcl,Big Cliff,1.1,1.1,0.0,1187.44,1108.83,78.61,6.6
2023-07-29,17,2023-07-29T16:00,bcl,Big Cliff,1.07,1.07,0.0,1188.7,1108.9,79.8,6.5
2023-07-29,18,2023-07-29T17:00,bcl,Big Cliff,1.09,1.09,0.0,1189.93,1108.91,81.02,6.7
2023-07-29,19,2023-07-29T18:00,bcl,Big Cliff,1.13,1.13,0.0,1191.12,1108.92,82.2,7.1
2023-07-29,20,2023-07-29T19:00,bcl,Big Cliff,1.09,1.09,0.0,1192.29,1108.88,83.41,6.9
2023-07-29,21,2023-07-29T20:00,bcl,Big Cliff,1.09,1.09,0.0,1193.42,1108.86,84.56,7.0
2023-07-29,22,2023-07-29T21:00,bcl,Big Cliff,1.13,1.13,0.0,1194.52,1108.96,85.56,7.4
2023-07-29,23,2023-07-29T22:00,bcl,Big Cliff,1.14,1.14,0.0,1194.51,1108.9,85.61,7.4
2023-07-29,24,2023-07-29T23:00,bcl,Big Cliff,1.11,1.11,0.0,1194.53,1108.93,85.6,7.2
2023-07-30,1,2023-07-30T00:00,bcl,Big Cliff,1.14,1.14,0.0,1194.58,1108.97,85.61,7.4
2023-07-30,2,2023-07-30T01:00,bcl,Big Cliff,1.12,1.12,0.0,1194.63,1108.95,85.68,7.3
2023-07-30,3,2023-07-30T02:00,bcl,Big Cliff,1.14,1.14,0.0,1194.67,1108.97,85.7,7.5
2023-07-30,4,2023-07-30T03:00,bcl,Big Cliff,1.14,1.14,0.0,1194.71,1108.94,85.77,7.5
2023-07-30,5,2023-07-30T04:00,bcl,Big Cliff,1.15,1.15,0.0,1194.31,1108.92,85.39,7.5
2023-07-30,6,2023-07-30T05:00,bcl,Big Cliff,1.14,1.14,0.0,1193.38,1108.95,84.43,7.3
2023-07-30,7,2023-07-30T06:00,bcl,Big Cliff,1.11,1.11,0.0,1192.45,1108.87,83.58,7.1
2023-07-30,8,2023-07-30T07:00,bcl,Big Cliff,1.11,1.11,0.0,1191.53,1108.86,82.67,7.0
2023-07-30,9,2023-07-30T08:00,bcl,Big Cliff,1.12,1.12,0.0,1190.56,1108.89,81.67,7.0
2023-07-30,10,2023-07-30T09:00,bcl,Big Cliff,1.13,1.13,0.0,1189.58,1108.92,80.66,7.0
2023-07-30,11,2023-07-30T10:00,bcl,Big Cliff,1.1,1.1,0.0,1188.59,1108.87,79.72,6.7
2023-07-30,12,2023-07-30T11:00,bcl,Big Cliff,1.11,1.11,0.0,1187.59,1108.93,78.66,6.7
2023-07-30,13,2023-07-30T12:00,bcl,Big Cliff,1.1,1.1,0.0,1186.59,1108.86,77.73,6.5
2023-07-30,14,2023-07-30T13:00,bcl,Big Cliff,1.09,1.09,0.0,1185.58,1108.86,76.72,6.4
2023-07-30,15,2023-07-30T14:00,bcl,Big Cliff,1.08,1.08,0.0,1186.62,1108.81,77.81,6.4
2023-07-30,16,2023-07-30T15:00,bcl,Big Cliff,1.11,1.11,0.0,1187.9,1108.86,79.04,6.7
2023-07-30,17,2023-07-30T16:00,bcl,Big Cliff,1.1,1.1,0.0,1189.16,1108.92,80.24,6.7
2023-07-30,18,2023-07-30T17:00,bcl,Big Cliff,1.11,1.11,0.0,1190.38,1108.9,81.48,6.9
2023-07-30,19,2023-07-30T18:00,bcl,Big Cliff,1.1,1.1,0.0,1191.56,1108.94,82.62,6.9
2023-07-30,20,2023-07-30T19:00,bcl,Big Cliff,1.08,1.08,0.0,1192.73,1108.84,83.89,6.9
2023-07-30,21,2023-07-30T20:00,bcl,Big Cliff,1.1,1.1,0.0,1193.86,1108.87,84.99,7.1
2023-07-30,22,2023-07-30T21:00,bcl,Big Cliff,1.12,1.12,0.0,1194.95,1108.96,85.99,7.3
2023-07-30,23,2023-07-30T22:00,bcl,Big Cliff,1.12,1.12,0.0,1195.01,1108.95,86.06,7.4
2023-07-30,24,2023-07-30T23:00,bcl,Big Cliff,1.12,1.12,0.0,1195.04,1108.96,86.08,7.4
2023-07-31,1,2023-07-31T00:00,bcl,Big Cliff,1.11,1.11,0.0,1195.1,1108.9,86.2,7.3
2023-07-31,2,2023-07-31T01:00,bcl,Big Cliff,1.11,1.11,0.0,1195.14,1108.9,86.24,7.3
2023-07-31,3,2023-07-31T02:00,bcl,Big Cliff,1.12,1.12,0.0,1195.18,1108.92,86.26,7.4
2023-07-31,4,2023-07-31T03:00,bcl,Big Cliff,1.13,1.13,0.0,1195.2,1108.91,86.29,7.4
2023-07-31,5,2023-07-31T04:00,bcl,Big Cliff,1.11,1.11,0.0,1194.35,1108.89,85.46,7.2
2023-07-31,6,2023-07-31T05:00,bcl,Big Cliff,1.1,1.1,0.0,1193.46,1108.91,84.55,7.1
2023-07-31,7,2023-07-31T06:00,bcl,Big Cliff,1.09,1.09,0.0,1192.54,1108.86,83.68,7.0
2023-07-31,8,2023-07-31T07:00,bcl,Big Cliff,1.09,1.09,0.0,1191.62,1108.88,82.74,6.9
2023-07-31,9,2023-07-31T08:00,bcl,Big Cliff,1.09,1.09,0.0,1190.67,1108.89,81.78,6.8
2023-07-31,10,2023-07-31T09:00,bcl,Big Cliff,1.1,1.1,0.0,1189.7,1108.82,80.88,6.8
2023-07-31,11,2023-07-31T10:00,bcl,Big Cliff,1.08,1.08,0.0,1188.73,1108.82,79.91,6.6
2023-07-31,12,2023-07-31T11:00,bcl,Big Cliff,1.06,1.06,0.0,1187.76,1108.8,78.96,6.4
2023-07-31,13,2023-07-31T12:00,bcl,Big Cliff,1.09,1.09,0.0,1186.77,1108.82,77.95,6.5
2023-07-31,14,2023-07-31T13:00,bcl,Big Cliff,1.07,1.07,0.0,1185.78,1108.84,76.94,6.3
2023-07-31,15,2023-07-31T14:00,bcl,Big Cliff,1.06,1.06,0.0,1186.83,1108.81,78.02,6.3
2023-07-31,16,2023-07-31T15:00,bcl,Big Cliff,1.06,1.06,0.0,1188.13,1108.81,79.32,6.4
2023-07-31,17,2023-07-31T16:00,bcl,Big Cliff,1.1,1.1,0.0,1189.39,1108.86,80.53,6.8
2023-07-31,18,2023-07-31T17:00,bcl,Big Cliff,1.1,1.1,0.0,1190.61,1108.88,81.73,6.9
2023-07-31,19,2023-07-31T18:00,bcl,Big Cliff,1.08,1.08,0.0,1191.8,1108.88,82.92,6.8
2023-07-31,20,2023-07-31T19:00,bcl,Big Cliff,1.11,1.11,0.0,1192.95,1108.95,84.0,7.1
2023-07-31,21,2023-07-31T20:00,bcl,Big Cliff,1.09,1.09,0.0,1194.08,1108.88,85.2,7.1
2023-07-31,22,2023-07-31T21:00,bcl,Big Cliff,1.11,1.11,0.0,1195.18,1108.89,86.29,7.3
2023-07-31,23,2023-07-31T22:00,bcl,Big Cliff,1.1,1.1,0.0,1195.3,1108.87,86.43,7.3
2023-07-31,24,2023-07-31T23:00,bcl,Big Cliff,1.09,1.09,0.0,1195.29,1108.85,86.44,7.2
2023-08-01,1,2023-08-01T00:00,bcl,Big Cliff,1.14,1.14,0.0,1195.26,1108.92,86.34,7.5
2023-08-01,2,2023-08-01T01:00,bcl,Big Cliff,1.11,1.11,0.0,1195.24,1108.92,86.32,7.3
2023-08-01,3,2023-08-01T02:00,bcl,Big Cliff,1.11,1.11,0.0,1195.21,1108.88,86.33,7.3
2023-08-01,4,2023-08-01T03:00,bcl,Big Cliff,1.13,1.13,0.0,1195.17,1108.93,86.24,7.4
2023-08-01,5,2023-08-01T04:00,bcl,Big Cliff,1.13,1.13,0.0,1194.36,1108.93,85.43,7.4
2023-08-01,6,2023-08-01T05:00,bcl,Big Cliff,1.1,1.1,0.0,1193.46,1108.91,84.55,7.1
2023-08-01,7,2023-08-01T06:00,bcl,Big Cliff,1.1,1.1,0.0,1192.54,1108.87,83.67,7.0
2023-08-01,8,2023-08-01T07:00,bcl,Big Cliff,1.1,1.1,0.0,1191.62,1108.88,82.74,6.9
2023-08-01,9,2023-08-01T08:00,bcl,Big Cliff,1.11,1.11,0.0,1190.66,1108.92,81.74,6.9
2023-08-01,10,2023-08-01T09:00,bcl,Big Cliff,1.12,1.12,0.0,1189.7,1108.87,80.83,6.9
2023-08-01,11,2023-08-01T10:00,bcl,Big Cliff,1.07,1.07,0.0,1188.72,1108.81,79.91,6.5
2023-08-01,12,2023-08-01T11:00,bcl,Big Cliff,1.1,1.1,0.0,1187.74,1108.92,78.82,6.6
2023-08-01,13,2023-08-01T12:00,bcl,Big Cliff,1.11,1.11,0.0,1186.73,1108.87,77.86,6.6
2023-08-01,14,2023-08-01T13:00,bcl,Big Cliff,1.06,1.06,0.0,1185.74,1108.82,76.92,6.2
2023-08-01,15,2023-08-01T14:00,bcl,Big Cliff,1.08,1.08,0.0,1186.78,1108.83,77.95,6.4
2023-08-01,16,2023-08-01T15:00,bcl,Big Cliff,1.06,1.06,0.0,1188.08,1108.84,79.24,6.4
2023-08-01,17,2023-08-01T16:00,bcl,Big Cliff,1.11,1.11,0.0,1189.34,1108.95,80.39,6.8
2023-08-01,18,2023-08-01T17:00,bcl,Big Cliff,1.09,1.09,0.0,1190.56,1108.9,81.66,6.8
2023-08-01,19,2023-08-01T18:00,bcl,Big Cliff,1.09,1.09,0.0,1191.75,1108.87,82.88,6.9
2023-08-01,20,2023-08-01T19:00,bcl,Big Cliff,1.08,1.08,0.0,1192.9,1108.87,84.03,6.9
2023-08-01,21,2023-08-01T20:00,bcl,Big Cliff,1.1,1.1,0.0,1194.03,1108.93,85.1,7.1
2023-08-01,22,2023-08-01T21:00,bcl,Big Cliff,1.1,1.1,0.0,1195.14,1108.89,86.25,7.2
2023-08-01,23,2023-08-01T22:00,bcl,Big Cliff,1.11,1.11,0.0,1196.95,1108.91,88.04,7.5
2023-08-01,24,2023-08-01T23:00,bcl,Big Cliff,1.15,1.15,0.0,1197.05,1108.99,88.06,7.7
2023-08-02,1,2023-08-02T00:00,bcl,Big Cliff,1.11,1.11,0.0,1196.98,1108.93,88.05,7.5
2023-08-02,2,2023-08-02T01:00,bcl,Big Cliff,1.1,1.1,0.0,1196.92,1108.93,87.99,7.4
2023-08-02,3,2023-08-02T02:00,bcl,Big Cliff,1.13,1.13,0.0,1196.85,1108.95,87.9,7.6
2023-08-02,4,2023-08-02T03:00,bcl,Big Cliff,1.13,1.13,0.0,1196.78,1108.95,87.83,7.6
2023-08-02,5,2023-08-02T04:00,bcl,Big Cliff,1.12,1.12,0.0,1196.0,1108.96,87.04,7.4
2023-08-02,6,2023-08-02T05:00,bcl,Big Cliff,1.11,1.11,0.0,1195.12,1108.89,86.23,7.3
2023-08-02,7,2023-08-02T06:00,bcl,Big Cliff,1.1,1.1,0.0,1194.23,1108.87,85.36,7.2
2023-08-02,8,2023-08-02T07:00,bcl,Big Cliff,1.09,1.09,0.0,1193.34,1108.86,84.48,7.0
2023-08-02,9,2023-08-02T08:00,bcl,Big Cliff,1.1,1.1,0.0,1192.43,1108.88,83.55,7.0
2023-08-02,10,2023-08-02T09:00,bcl,Big Cliff,1.11,1.11,0.0,1191.48,1108.96,82.52,7.0
2023-08-02,11,2023-08-02T10:00,bcl,Big Cliff,1.09,1.09,0.0,1190.54,1108.84,81.7,6.8
2023-08-02,12,2023-08-02T11:00,bcl,Big Cliff,1.07,1.07,0.0,1189.59,1108.9,80.69,6.6
2023-08-02,13,2023-08-02T12:00,bcl,Big Cliff,1.08,1.08,0.0,1188.63,1108.82,79.81,6.6
2023-08-02,14,2023-08-02T13:00,bcl,Big Cliff,1.06,1.06,0.0,1187.67,1108.81,78.86,6.4
2023-08-02,15,2023-08-02T14:00,bcl,Big Cliff,1.1,1.1,0.0,1188.68,1108.9,79.78,6.7
2023-08-02,16,2023-08-02T15:00,bcl,Big Cliff,1.08,1.08,0.0,1189.94,1108.85,81.09,6.7
2023-08-02,17,2023-08-02T16:00,bcl,Big Cliff,1.1,1.1,0.0,1191.15,1108.89,82.26,6.9
2023-08-02,18,2023-08-02T17:00,bcl,Big Cliff,1.11,1.11,0.0,1192.32,1108.92,83.4,7.1
2023-08-02,19,2023-08-02T18:00,bcl,Big Cliff,1.11,1.11,0.0,1193.48,1108.86,84.62,7.2
2023-08-02,20,2023-08-02T19:00,bcl,Big Cliff,1.09,1.09,0.0,1194.6,1108.83,85.77,7.1
2023-08-02,21,2023-08-02T20:00,bcl,Big Cliff,1.1,1.1,0.0,1195.69,1108.92,86.77,7.3
2023-08-02,22,2023-08-02T21:00,bcl,Big Cliff,1.09,1.09,0.0,1196.76,1108.92,87.84,7.3
2023-08-02,23,2023-08-02T22:00,bcl,Big Cliff,1.11,1.11,0.0,1197.8,1108.95,88.85,7.5
2023-08-02,24,2023-08-02T23:00,bcl,Big Cliff,1.12,1.12,0.0,1197.15,1108.95,88.2,7.5
2023-08-03,1,2023-08-03T00:00,bcl,Big Cliff,1.13,1.13,0.0,1196.74,1108.91,87.83,7.6
2023-08-03,2,2023-08-03T01:00,bcl,Big Cliff,1.13,1.13,0.0,1196.41,1108.91,87.5,7.5
2023-08-03,3,2023-08-03T02:00,bcl,Big Cliff,1.11,1.11,0.0,1196.26,1108.87,87.39,7.4
2023-08-03,4,2023-08-03T03:00,bcl,Big Cliff,1.12,1.12,0.0,1196.16,1108.95,87.21,7.5
2023-08-03,5,2023-08-03T04:00,bcl,Big Cliff,1.13,1.13,0.0,1195.48,1108.93,86.55,7.5
2023-08-03,6,2023-08-03T05:00,bcl,Big Cliff,1.11,1.11,0.0,1194.61,1108.9,85.71,7.3
2023-08-03,7,2023-08-03T06:00,bcl,Big Cliff,1.11,1.11,0.0,1193.7,1108.9,84.8,7.2
2023-08-03,8,2023-08-03T07:00,bcl,Big Cliff,1.09,1.09,0.0,1192.79,1108.85,83.94,7.0
2023-08-03,9,2023-08-03T08:00,bcl,Big Cliff,1.1,1.1,0.0,1191.86,1108.88,82.98,7.0
2023-08-03,10,2023-08-03T09:00,bcl,Big Cliff,1.12,1.12,0.0,1190.88,1108.95,81.93,7.0
2023-08-03,11,2023-08-03T10:00,bcl,Big Cliff,1.1,1.1,0.0,1189.92,1108.88,81.04,6.8
2023-08-03,12,2023-08-03T11:00,bcl,Big Cliff,1.07,1.07,0.0,1188.95,1108.86,80.09,6.5
2023-08-03,13,2023-08-03T12:00,bcl,Big Cliff,1.09,1.09,0.0,1187.98,1108.85,79.13,6.6
2023-08-03,14,2023-08-03T13:00,bcl,Big Cliff,1.08,1.08,0.0,1189.01,1108.83,80.18,6.6
2023-08-03,15,2023-08-03T14:00,bcl,Big Cliff,1.07,1.07,0.0,1190.24,1108.86,81.38,6.6
2023-08-03,16,2023-08-03T15:00,bcl,Big Cliff,1.11,1.11,0.0,1191.45,1108.88,82.57,7.0
2023-08-03,17,2023-08-03T16:00,bcl,Big Cliff,1.09,1.09,0.0,1192.62,1108.89,83.73,7.0
2023-08-03,18,2023-08-03T17:00,bcl,Big Cliff,1.09,1.09,0.0,1193.76,1108.89,84.87,7.1
2023-08-03,19,2023-08-03T18:00,bcl,Big Cliff,1.12,1.12,0.0,1194.87,1108.96,85.91,7.3
2023-08-03,20,2023-08-03T19:00,bcl,Big Cliff,1.11,1.11,0.0,1195.96,1108.95,87.01,7.4
2023-08-03,21,2023-08-03T20:00,bcl,Big Cliff,1.1,1.1,0.0,1197.02,1108.91,88.11,7.4
2023-08-03,22,2023-08-03T21:00,bcl,Big Cliff,1.14,1.14,0.0,1198.06,1108.94,89.12,7.8
2023-08-03,23,2023-08-03T22:00,bcl,Big Cliff,1.11,1.11,0.0,1197.4,1108.89,88.51,7.5
2023-08-03,24,2023-08-03T23:00,bcl,Big Cliff,1.13,1.13,0.0,1196.97,1108.91,88.06,7.6
2023-08-04,1,2023-08-04T00:00,bcl,Big Cliff,1.13,1.13,0.0,1196.64,1108.89,87.75,7.6
2023-08-04,2,2023-08-04T01:00,bcl,Big Cliff,1.11,1.11,0.0,1196.3,1108.91,87.39,7.4
2023-08-04,3,2023-08-04T02:00,bcl,Big Cliff,1.11,1.11,0.0,1195.7,1108.9,86.8,7.4
2023-08-04,4,2023-08-04T03:00,bcl,Big Cliff,1.12,1.12,0.0,1194.82,1108.91,85.91,7.3
2023-08-04,5,2023-08-04T04:00,bcl,Big Cliff,1.1,1.1,0.0,1193.93,1108.88,85.05,7.1
2023-08-04,6,2023-08-04T05:00,bcl,Big Cliff,1.12,1.12,0.0,1193.02,1108.92,84.1,7.2
2023-08-04,7,2023-08-04T06:00,bcl,Big Cliff,1.11,1.11,0.0,1192.09,1108.81,83.28,7.1
2023-08-04,8,2023-08-04T07:00,bcl,Big Cliff,1.09,1.09,0.0,1191.17,1108.84,82.33,6.8
2023-08-04,9,2023-08-04T08:00,bcl,Big Cliff,1.09,1.09,0.0,1190.22,1108.88,81.34,6.8
2023-08-04,10,2023-08-04T09:00,bcl,Big Cliff,1.09,1.09,0.0,1189.25,1108.88,80.37,6.7
2023-08-04,11,2023-08-04T10:00,bcl,Big Cliff,1.06,1.06,0.0,1188.29,1108.82,79.47,6.4
2023-08-04,12,2023-08-04T11:00,bcl,Big Cliff,1.07,1.07,0.0,1187.31,1108.89,78.42,6.4
2023-08-04,13,2023-08-04T12:00,bcl,Big Cliff,1.07,1.07,0.0,1186.32,1108.83,77.49,6.3
2023-08-04,14,2023-08-04T13:00,bcl,Big Cliff,1.06,1.06,0.0,1187.38,1108.88,78.5,6.3
2023-08-04,15,2023-08-04T14:00,bcl,Big Cliff,1.09,1.09,0.0,1188.67,1108.86,79.81,6.6
2023-08-04,16,2023-08-04T15:00,bcl,Big Cliff,1.1,1.1,0.0,1189.92,1108.89,81.03,6.8
2023-08-04,17,2023-08-04T16:00,bcl,Big Cliff,1.1,1.1,0.0,1191.14,1108.9,82.24,6.9
2023-08-04,18,2023-08-04T17:00,bcl,Big Cliff,1.11,1.11,0.0,1192.32,1108.88,83.44,7.1
2023-08-04,19,2023-08-04T18:00,bcl,Big Cliff,1.09,1.09,0.0,1193.47,1108.88,84.59,7.0
2023-08-04,20,2023-08-04T19:00,bcl,Big Cliff,1.08,1.08,0.0,1194.59,1108.89,85.7,7.1
2023-08-04,21,2023-08-04T20:00,bcl,Big Cliff,1.09,1.09,0.0,1195.69,1108.93,86.76,7.2
2023-08-04,22,2023-08-04T21:00,bcl,Big Cliff,1.1,1.1,0.0,1196.82,1108.9,87.92,7.4
2023-08-04,23,2023-08-04T22:00,bcl,Big Cliff,1.09,1.09,0.0,1196.71,1108.91,87.8,7.3
2023-08-04,24,2023-08-04T23:00,bcl,Big Cliff,1.11,1.11,0.0,1196.43,1108.91,87.52,7.4
2023-08-05,1,2023-08-05T00:00,bcl,Big Cliff,1.11,1.11,0.0,1196.14,1108.96,87.18,7.4
2023-08-05,2,2023-08-05T01:00,bcl,Big Cliff,1.12,1.12,0.0,1195.85,1108.95,86.9,7.4
2023-08-05,3,2023-08-05T02:00,bcl,Big Cliff,1.11,1.11,0.0,1195.34,1108.91,86.43,7.3
2023-08-05,4,2023-08-05T03:00,bcl,Big Cliff,1.11,1.11,0.0,1194.46,1108.91,85.55,7.2
2023-08-05,5,2023-08-05T04:00,bcl,Big Cliff,1.11,1.11,0.0,1193.56,1108.89,84.67,7.2
2023-08-05,6,2023-08-05T05:00,bcl,Big Cliff,1.11,1.11,0.0,1192.65,1108.87,83.78,7.1
2023-08-05,7,2023-08-05T06:00,bcl,Big Cliff,1.09,1.09,0.0,1191.72,1108.85,82.87,6.9
2023-08-05,8,2023-08-05T07:00,bcl,Big Cliff,1.08,1.08,0.0,1190.78,1108.88,81.9,6.7
2023-08-05,9,2023-08-05T08:00,bcl,Big Cliff,1.09,1.09,0.0,1189.83,1108.85,80.98,6.7
2023-08-05,10,2023-08-05T09:00,bcl,Big Cliff,1.09,1.09,0.0,1188.85,1108.87,79.98,6.7
2023-08-05,11,2023-08-05T10:00,bcl,Big Cliff,1.08,1.08,0.0,1187.87,1108.91,78.96,6.5
2023-08-05,12,2023-08-05T11:00,bcl,Big Cliff,1.06,1.06,0.0,1186.89,1108.86,78.03,6.3
2023-08-05,13,2023-08-05T12:00,bcl,Big Cliff,1.07,1.07,0.0,1185.89,1108.87,77.02,6.3
2023-08-05,14,2023-08-05T13:00,bcl,Big Cliff,1.06,1.06,0.0,1186.94,1108.85,78.09,6.3
2023-08-05,15,2023-08-05T14:00,bcl,Big Cliff,1.09,1.09,0.0,1188.26,1108.9,79.36,6.6
2023-08-05,16,2023-08-05T15:00,bcl,Big Cliff,1.08,1.08,0.0,1189.52,1108.85,80.67,6.6
2023-08-05,17,2023-08-05T16:00,bcl,Big Cliff,1.07,1.07,0.0,1190.74,1108.82,81.92,6.7
2023-08-05,18,2023-08-05T17:00,bcl,Big Cliff,1.09,1.09,0.0,1191.94,1108.86,83.08,6.9
2023-08-05,19,2023-08-05T18:00,bcl,Big Cliff,1.07,1.07,0.0,1193.09,1108.88,84.21,6.9
2023-08-05,20,2023-08-05T19:00,bcl,Big Cliff,1.09,1.09,0.0,1194.23,1108.91,85.32,7.1
2023-08-05,21,2023-08-05T20:00,bcl,Big Cliff,1.09,1.09,0.0,1195.34,1108.93,86.41,7.2
2023-08-05,22,2023-08-05T21:00,bcl,Big Cliff,1.11,1.11,0.0,1196.65,1108.94,87.71,7.4
2023-08-05,23,2023-08-05T22:00,bcl,Big Cliff,1.1,1.1,0.0,1196.56,1108.92,87.64,7.4
2023-08-05,24,2023-08-05T23:00,bcl,Big Cliff,1.11,1.11,0.0,1196.31,1108.94,87.37,7.4
2023-08-06,1,2023-08-06T00:00,bcl,Big Cliff,1.1,1.1,0.0,1196.05,1108.9,87.15,7.3
2023-08-06,2,2023-08-06T01:00,bcl,Big Cliff,1.11,1.11,0.0,1195.53,1108.91,86.62,7.3
2023-08-06,3,2023-08-06T02:00,bcl,Big Cliff,1.1,1.1,0.0,1194.67,1108.93,85.74,7.2
2023-08-06,4,2023-08-06T03:00,bcl,Big Cliff,1.1,1.1,0.0,1193.77,1108.91,84.86,7.1
2023-08-06,5,2023-08-06T04:00,bcl,Big Cliff,1.11,1.11,0.0,1192.85,1108.87,83.98,7.1
2023-08-06,6,2023-08-06T05:00,bcl,Big Cliff,1.12,1.12,0.0,1191.91,1108.92,82.99,7.1
2023-08-06,7,2023-08-06T06:00,bcl,Big Cliff,1.09,1.09,0.0,1190.99,1108.83,82.16,6.8
2023-08-06,8,2023-08-06T07:00,bcl,Big Cliff,1.07,1.07,0.0,1190.05,1108.92,81.13,6.6
2023-08-06,9,2023-08-06T08:00,bcl,Big Cliff,1.08,1.08,0.0,1189.09,1108.87,80.22,6.6
2023-08-06,10,2023-08-06T09:00,bcl,Big Cliff,1.09,1.09,0.0,1188.09,1108.88,79.21,6.6
2023-08-06,11,2023-08-06T10:00,bcl,Big Cliff,1.06,1.06,0.0,1187.11,1108.83,78.28,6.3
2023-08-06,12,2023-08-06T11:00,bcl,Big Cliff,1.06,1.06,0.0,1186.13,1108.76,77.37,6.3
2023-08-06,13,2023-08-06T12:00,bcl,Big Cliff,1.06,1.06,0.0,1187.2,1108.85,78.35,6.3
2023-08-06,14,2023-08-06T13:00,bcl,Big Cliff,1.08,1.08,0.0,1188.51,1108.85,79.66,6.6
2023-08-06,15,2023-08-06T14:00,bcl,Big Cliff,1.1,1.1,0.0,1189.77,1108.88,80.89,6.8
2023-08-06,16,2023-08-06T15:00,bcl,Big Cliff,1.09,1.09,0.0,1190.99,1108.88,82.11,6.8
2023-08-06,17,2023-08-06T16:00,bcl,Big Cliff,1.11,1.11,0.0,1192.19,1108.89,83.3,7.1
2023-08-06,18,2023-08-06T17:00,bcl,Big Cliff,1.11,1.11,0.0,1193.34,1108.97,84.37,7.1
2023-08-06,19,2023-08-06T18:00,bcl,Big Cliff,1.13,1.13,0.0,1194.47,1108.95,85.52,7.4
2023-08-06,20,2023-08-06T19:00,bcl,Big Cliff,1.11,1.11,0.0,1195.57,1108.89,86.68,7.3
2023-08-06,21,2023-08-06T20:00,bcl,Big Cliff,1.12,1.12,0.0,1196.65,1108.92,87.73,7.5
2023-08-06,22,2023-08-06T21:00,bcl,Big Cliff,1.12,1.12,0.0,1197.7,1108.94,88.76,7.6
2023-08-06,23,2023-08-06T22:00,bcl,Big Cliff,1.12,1.12,0.0,1197.53,1108.96,88.57,7.6
2023-08-06,24,2023-08-06T23:00,bcl,Big Cliff,1.11,1.11,0.0,1197.2,1108.91,88.29,7.5
2023-08-07,1,2023-08-07T00:00,bcl,Big Cliff,1.11,1.11,0.0,1196.85,1108.91,87.94,7.4
2023-08-07,2,2023-08-07T01:00,bcl,Big Cliff,1.13,1.13,0.0,1196.13,1108.96,87.17,7.5
2023-08-07,3,2023-08-07T02:00,bcl,Big Cliff,1.11,1.11,0.0,1195.26,1108.93,86.33,7.3
2023-08-07,4,2023-08-07T03:00,bcl,Big Cliff,1.11,1.11,0.0,1194.37,1108.9,85.47,7.2
2023-08-07,5,2023-08-07T04:00,bcl,Big Cliff,1.1,1.1,0.0,1193.46,1108.91,84.55,7.1
2023-08-07,6,2023-08-07T05:00,bcl,Big Cliff,1.12,1.12,0.0,1192.54,1108.89,83.65,7.1
2023-08-07,7,2023-08-07T06:00,bcl,Big Cliff,1.09,1.09,0.0,1191.62,1108.89,82.73,6.9
2023-08-07,8,2023-08-07T07:00,bcl,Big Cliff,1.1,1.1,0.0,1190.67,1108.87,81.8,6.9
2023-08-07,9,2023-08-07T08:00,bcl,Big Cliff,1.1,1.1,0.0,1189.7,1108.83,80.87,6.8
2023-08-07,10,2023-08-07T09:00,bcl,Big Cliff,1.08,1.08,0.0,1188.74,1108.84,79.9,6.6
2023-08-07,11,2023-08-07T10:00,bcl,Big Cliff,1.07,1.07,0.0,1187.76,1108.84,78.92,6.4
2023-08-07,12,2023-08-07T11:00,bcl,Big Cliff,1.06,1.06,0.0,1186.76,1108.88,77.88,6.3
2023-08-07,13,2023-08-07T12:00,bcl,Big Cliff,1.07,1.07,0.0,1187.83,1108.88,78.95,6.4
2023-08-07,14,2023-08-07T13:00,bcl,Big Cliff,1.09,1.09,0.0,1189.1,1108.87,80.23,6.7
2023-08-07,15,2023-08-07T14:00,bcl,Big Cliff,1.07,1.07,0.0,1190.36,1108.8,81.56,6.7
2023-08-07,16,2023-08-07T15:00,bcl,Big Cliff,1.13,1.13,0.0,1191.57,1108.85,82.72,7.1
2023-08-07,17,2023-08-07T16:00,bcl,Big Cliff,1.13,1.13,0.0,1192.73,1108.92,83.81,7.2
2023-08-07,18,2023-08-07T17:00,bcl,Big Cliff,1.1,1.1,0.0,1193.89,1108.9,84.99,7.1
2023-08-07,19,2023-08-07T18:00,bcl,Big Cliff,1.13,1.13,0.0,1194.99,1108.93,86.06,7.4
2023-08-07,20,2023-08-07T19:00,bcl,Big Cliff,1.09,1.09,0.0,1196.08,1108.86,87.22,7.3
2023-08-07,21,2023-08-07T20:00,bcl,Big Cliff,1.12,1.12,0.0,1197.15,1108.95,88.2,7.5
2023-08-07,22,2023-08-07T21:00,bcl,Big Cliff,1.12,1.12,0.0,1198.18,1108.99,89.19,7.6
2023-08-07,23,2023-08-07T22:00,bcl,Big Cliff,1.14,1.14,0.0,1197.92,1108.93,88.99,7.7
2023-08-07,24,2023-08-07T23:00,bcl,Big Cliff,1.12,1.12,0.0,1197.51,1108.93,88.58,7.6
2023-08-08,1,2023-08-08T00:00,bcl,Big Cliff,1.15,1.15,0.0,1197.09,1109.01,88.08,7.7
2023-08-08,2,2023-08-08T01:00,bcl,Big Cliff,1.11,1.11,0.0,1196.66,1108.97,87.69,7.4
2023-08-08,3,2023-08-08T02:00,bcl,Big Cliff,1.12,1.12,0.0,1195.84,1108.97,86.87,7.4
2023-08-08,4,2023-08-08T03:00,bcl,Big Cliff,1.13,1.13,0.0,1194.97,1108.93,86.04,7.4
2023-08-08,5,2023-08-08T04:00,bcl,Big Cliff,1.13,1.13,0.0,1195.87,1108.92,86.95,7.5
2023-08-08,6,2023-08-08T05:00,bcl,Big Cliff,1.11,1.11,0.0,1196.96,1108.89,88.07,7.5
2023-08-08,7,2023-08-08T06:00,bcl,Big Cliff,1.11,1.11,0.0,1198.03,1108.91,89.12,7.5
2023-08-08,8,2023-08-08T07:00,bcl,Big Cliff,1.15,1.15,0.0,1199.05,1108.99,90.06,7.9
2023-08-08,9,2023-08-08T08:00,bcl,Big Cliff,1.14,0.46,0.68,1198.36,1109.21,89.15,3.1
2023-08-08,10,2023-08-08T09:00,bcl,Big Cliff,1.24,0.0,1.24,1197.44,1109.27,88.17,0.0
2023-08-08,11,2023-08-08T10:00,bcl,Big Cliff,1.24,0.0,1.24,1196.5,1109.24,87.26,0.0
2023-08-08,12,2023-08-08T11:00,bcl,Big Cliff,1.23,0.0,1.23,1195.54,1109.2,86.34,0.0
2023-08-08,13,2023-08-08T12:00,bcl,Big Cliff,1.22,0.0,1.22,1194.56,1109.16,85.4,0.0
2023-08-08,14,2023-08-08T13:00,bcl,Big Cliff,1.22,0.0,1.22,1193.57,1109.18,84.39,0.0
2023-08-08,15,2023-08-08T14:00,bcl,Big Cliff,1.22,0.59,0.63,1192.59,1108.96,83.63,3.8
2023-08-08,16,2023-08-08T15:00,bcl,Big Cliff,1.25,1.25,0.0,1193.42,1109.09,84.33,8.0
2023-08-08,17,2023-08-08T16:00,bcl,Big Cliff,1.17,1.17,0.0,1194.51,1108.99,85.52,7.6
2023-08-08,18,2023-08-08T17:00,bcl,Big Cliff,1.17,1.17,0.0,1195.57,1108.98,86.59,7.7
2023-08-08,19,2023-08-08T18:00,bcl,Big Cliff,1.17,1.17,0.0,1196.62,1108.99,87.63,7.8
2023-08-08,20,2023-08-08T19:00,bcl,Big Cliff,1.16,1.16,0.0,1197.65,1108.97,88.68,7.8
2023-08-08,21,2023-08-08T20:00,bcl,Big Cliff,1.17,1.17,0.0,1198.65,1109.01,89.64,8.0
2023-08-08,22,2023-08-08T21:00,bcl,Big Cliff,1.17,1.17,0.0,1199.62,1108.97,90.65,8.1
2023-08-08,23,2023-08-08T22:00,bcl,Big Cliff,1.17,1.17,0.0,1199.18,1109.0,90.18,8.1
2023-08-08,24,2023-08-08T23:00,bcl,Big Cliff,1.19,1.19,0.0,1198.72,1109.05,89.67,8.1
2023-08-09,1,2023-08-09T00:00,bcl,Big Cliff,1.18,1.18,0.0,1198.04,1109.01,89.03,8.0
2023-08-09,2,2023-08-09T01:00,bcl,Big Cliff,1.17,1.17,0.0,1197.19,1108.99,88.2,7.9
2023-08-09,3,2023-08-09T02:00,bcl,Big Cliff,1.16,1.16,0.0,1196.31,1108.99,87.32,7.7
2023-08-09,4,2023-08-09T03:00,bcl,Big Cliff,1.16,1.16,0.0,1195.41,1108.96,86.45,7.7
2023-08-09,5,2023-08-09T04:00,bcl,Big Cliff,1.17,1.17,0.0,1196.27,1109.01,87.26,7.8
2023-08-09,6,2023-08-09T05:00,bcl,Big Cliff,1.18,1.18,0.0,1197.32,1109.02,88.3,8.0
2023-08-09,7,2023-08-09T06:00,bcl,Big Cliff,1.18,1.18,0.0,1198.35,1108.99,89.36,8.0
2023-08-09,8,2023-08-09T07:00,bcl,Big Cliff,1.17,1.17,0.0,1199.33,1109.03,90.3,8.1
2023-08-09,9,2023-08-09T08:00,bcl,Big Cliff,1.15,0.4,0.75,1198.61,1109.07,89.54,2.7
2023-08-09,10,2023-08-09T09:00,bcl,Big Cliff,1.23,0.42,0.81,1197.72,1109.21,88.51,2.8
2023-08-09,11,2023-08-09T10:00,bcl,Big Cliff,1.18,1.18,0.0,1196.84,1109.02,87.82,7.9
2023-08-09,12,2023-08-09T11:00,bcl,Big Cliff,1.17,1.17,0.0,1195.94,1109.03,86.91,7.8
2023-08-09,13,2023-08-09T12:00,bcl,Big Cliff,1.18,1.18,0.0,1194.99,1109.02,85.97,7.7
2023-08-09,14,2023-08-09T13:00,bcl,Big Cliff,1.2,1.2,0.0,1194.04,1108.97,85.07,7.8
2023-08-09,15,2023-08-09T14:00,bcl,Big Cliff,1.15,1.15,0.0,1193.1,1108.93,84.17,7.4
2023-08-09,16,2023-08-09T15:00,bcl,Big Cliff,1.17,1.17,0.0,1193.96,1109.02,84.94,7.6
2023-08-09,17,2023-08-09T16:00,bcl,Big Cliff,1.16,1.16,0.0,1194.99,1109.02,85.97,7.6
2023-08-09,18,2023-08-09T17:00,bcl,Big Cliff,1.17,1.17,0.0,1196.01,1108.96,87.05,7.8
2023-08-09,19,2023-08-09T18:00,bcl,Big Cliff,1.13,1.13,0.0,1197.0,1108.97,88.03,7.6
2023-08-09,20,2023-08-09T19:00,bcl,Big Cliff,1.13,1.13,0.0,1198.0,1108.93,89.07,7.7
2023-08-09,21,2023-08-09T20:00,bcl,Big Cliff,1.13,1.13,0.0,1198.96,1108.99,89.97,7.8
2023-08-09,22,2023-08-09T21:00,bcl,Big Cliff,1.13,1.13,0.0,1199.93,1108.99,90.94,7.8
2023-08-09,23,2023-08-09T22:00,bcl,Big Cliff,1.14,1.14,0.0,1199.46,1108.97,90.49,7.9
2023-08-09,24,2023-08-09T23:00,bcl,Big Cliff,1.13,1.13,0.0,1198.92,1108.94,89.98,7.8
2023-08-10,1,2023-08-10T00:00,bcl,Big Cliff,1.13,1.13,0.0,1198.4,1108.93,89.47,7.7
2023-08-10,2,2023-08-10T01:00,bcl,Big Cliff,1.13,1.13,0.0,1197.58,1108.94,88.64,7.6
2023-08-10,3,2023-08-10T02:00,bcl,Big Cliff,1.14,1.14,0.0,1196.73,1108.92,87.81,7.6
2023-08-10,4,2023-08-10T03:00,bcl,Big Cliff,1.14,1.14,0.0,1195.86,1108.91,86.95,7.6
2023-08-10,5,2023-08-10T04:00,bcl,Big Cliff,1.12,1.12,0.0,1194.96,1108.96,86.0,7.3
2023-08-10,6,2023-08-10T05:00,bcl,Big Cliff,1.13,1.13,0.0,1194.04,1108.95,85.09,7.3
2023-08-10,7,2023-08-10T06:00,bcl,Big Cliff,1.12,1.12,0.0,1193.12,1108.92,84.2,7.2
2023-08-10,8,2023-08-10T07:00,bcl,Big Cliff,1.1,1.1,0.0,1192.2,1108.89,83.31,7.0
2023-08-10,9,2023-08-10T08:00,bcl,Big Cliff,1.12,1.12,0.0,1191.25,1108.89,82.36,7.0
2023-08-10,10,2023-08-10T09:00,bcl,Big Cliff,1.09,1.09,0.0,1190.3,1108.83,81.47,6.8
2023-08-10,11,2023-08-10T10:00,bcl,Big Cliff,1.1,1.1,0.0,1189.32,1108.88,80.44,6.8
2023-08-10,12,2023-08-10T11:00,bcl,Big Cliff,1.09,1.09,0.0,1188.35,1108.91,79.44,6.6
2023-08-10,13,2023-08-10T12:00,bcl,Big Cliff,1.09,1.09,0.0,1189.37,1108.87,80.5,6.7
2023-08-10,14,2023-08-10T13:00,bcl,Big Cliff,1.13,1.13,0.0,1190.61,1108.84,81.77,7.1
2023-08-10,15,2023-08-10T14:00,bcl,Big Cliff,1.1,1.1,0.0,1191.82,1108.94,82.88,7.0
2023-08-10,16,2023-08-10T15:00,bcl,Big Cliff,1.13,1.13,0.0,1192.98,1108.93,84.05,7.2
2023-08-10,17,2023-08-10T16:00,bcl,Big Cliff,1.12,1.12,0.0,1194.13,1108.92,85.21,7.3
2023-08-10,18,2023-08-10T17:00,bcl,Big Cliff,1.14,1.14,0.0,1195.24,1108.95,86.29,7.5
2023-08-10,19,2023-08-10T18:00,bcl,Big Cliff,1.15,1.15,0.0,1196.32,1108.95,87.37,7.7
2023-08-10,20,2023-08-10T19:00,bcl,Big Cliff,1.13,1.13,0.0,1197.39,1108.91,88.48,7.6
2023-08-10,21,2023-08-10T20:00,bcl,Big Cliff,1.14,1.14,0.0,1198.43,1108.95,89.48,7.8
2023-08-10,22,2023-08-10T21:00,bcl,Big Cliff,1.12,1.12,0.0,1199.44,1108.99,90.45,7.7
2023-08-10,23,2023-08-10T22:00,bcl,Big Cliff,1.13,1.13,0.0,1198.95,1108.97,89.98,7.8
2023-08-10,24,2023-08-10T23:00,bcl,Big Cliff,1.14,1.14,0.0,1198.35,1108.98,89.37,7.8
2023-08-11,1,2023-08-11T00:00,bcl,Big Cliff,1.15,1.15,0.0,1197.72,1109.0,88.72,7.8
2023-08-11,2,2023-08-11T01:00,bcl,Big Cliff,1.13,1.13,0.0,1197.09,1108.98,88.11,7.6
2023-08-11,3,2023-08-11T02:00,bcl,Big Cliff,1.15,1.15,0.0,1196.43,1108.99,87.44,7.7
2023-08-11,4,2023-08-11T03:00,bcl,Big Cliff,1.14,1.14,0.0,1195.77,1108.94,86.83,7.6
2023-08-11,5,2023-08-11T04:00,bcl,Big Cliff,1.13,1.13,0.0,1195.11,1108.87,86.24,7.4
2023-08-11,6,2023-08-11T05:00,bcl,Big Cliff,1.11,1.11,0.0,1194.46,1108.89,85.57,7.2
2023-08-11,7,2023-08-11T06:00,bcl,Big Cliff,1.11,1.11,0.0,1193.69,1108.94,84.75,7.2
2023-08-11,8,2023-08-11T07:00,bcl,Big Cliff,1.11,1.11,0.0,1192.77,1108.88,83.89,7.1
2023-08-11,9,2023-08-11T08:00,bcl,Big Cliff,1.11,1.11,0.0,1191.84,1108.85,82.99,7.0
2023-08-11,10,2023-08-11T09:00,bcl,Big Cliff,1.09,1.09,0.0,1190.9,1108.86,82.04,6.8
2023-08-11,11,2023-08-11T10:00,bcl,Big Cliff,1.1,1.1,0.0,1189.93,1108.89,81.04,6.8
2023-08-11,12,2023-08-11T11:00,bcl,Big Cliff,1.09,1.09,0.0,1188.97,1108.92,80.05,6.7
2023-08-11,13,2023-08-11T12:00,bcl,Big Cliff,1.09,1.09,0.0,1189.97,1108.87,81.1,6.7
2023-08-11,14,2023-08-11T13:00,bcl,Big Cliff,1.11,1.11,0.0,1191.19,1108.98,82.21,7.0
2023-08-11,15,2023-08-11T14:00,bcl,Big Cliff,1.11,1.11,0.0,1192.39,1108.91,83.48,7.1
2023-08-11,16,2023-08-11T15:00,bcl,Big Cliff,1.11,1.11,0.0,1193.55,1108.94,84.61,7.2
2023-08-11,17,2023-08-11T16:00,bcl,Big Cliff,1.13,1.13,0.0,1194.67,1108.98,85.69,7.4
2023-08-11,18,2023-08-11T17:00,bcl,Big Cliff,1.13,1.13,0.0,1195.78,1108.96,86.82,7.5
2023-08-11,19,2023-08-11T18:00,bcl,Big Cliff,1.17,1.17,0.0,1196.85,1108.99,87.86,7.8
2023-08-11,20,2023-08-11T19:00,bcl,Big Cliff,1.1,1.1,0.0,1197.92,1108.92,89.0,7.5
2023-08-11,21,2023-08-11T20:00,bcl,Big Cliff,1.11,1.11,0.0,1198.96,1108.94,90.02,7.6
2023-08-11,22,2023-08-11T21:00,bcl,Big Cliff,1.14,1.14,0.0,1199.96,1108.96,91.0,7.9
2023-08-11,23,2023-08-11T22:00,bcl,Big Cliff,1.11,1.11,0.0,1199.23,1108.9,90.33,7.7
2023-08-11,24,2023-08-11T23:00,bcl,Big Cliff,1.13,1.13,0.0,1198.43,1108.9,89.53,7.7
2023-08-12,1,2023-08-12T00:00,bcl,Big Cliff,1.11,1.11,0.0,1197.74,1108.97,88.77,7.5
2023-08-12,2,2023-08-12T01:00,bcl,Big Cliff,1.11,1.11,0.0,1197.07,1108.97,88.1,7.5
2023-08-12,3,2023-08-12T02:00,bcl,Big Cliff,1.12,1.12,0.0,1196.37,1108.91,87.46,7.5
2023-08-12,4,2023-08-12T03:00,bcl,Big Cliff,1.13,1.13,0.0,1195.65,1108.91,86.74,7.5
2023-08-12,5,2023-08-12T04:00,bcl,Big Cliff,1.12,1.12,0.0,1194.93,1108.88,86.05,7.4
2023-08-12,6,2023-08-12T05:00,bcl,Big Cliff,1.11,1.11,0.0,1194.2,1108.89,85.31,7.2
2023-08-12,7,2023-08-12T06:00,bcl,Big Cliff,1.09,1.09,0.0,1193.5,1108.88,84.62,7.0
2023-08-12,8,2023-08-12T07:00,bcl,Big Cliff,1.1,1.1,0.0,1192.77,1108.86,83.91,7.0
2023-08-12,9,2023-08-12T08:00,bcl,Big Cliff,1.1,1.1,0.0,1191.92,1108.9,83.02,7.0
2023-08-12,10,2023-08-12T09:00,bcl,Big Cliff,1.07,1.07,0.0,1191.0,1108.84,82.16,6.7
2023-08-12,11,2023-08-12T10:00,bcl,Big Cliff,1.1,1.1,0.0,1190.06,1108.83,81.23,6.8
2023-08-12,12,2023-08-12T11:00,bcl,Big Cliff,1.07,1.07,0.0,1189.11,1108.86,80.25,6.6
2023-08-12,13,2023-08-12T12:00,bcl,Big Cliff,1.07,1.07,0.0,1190.13,1108.88,81.25,6.6
2023-08-12,14,2023-08-12T13:00,bcl,Big Cliff,1.08,1.08,0.0,1191.36,1108.9,82.46,6.8
2023-08-12,15,2023-08-12T14:00,bcl,Big Cliff,1.12,1.12,0.0,1192.56,1108.92,83.64,7.1
2023-08-12,16,2023-08-12T15:00,bcl,Big Cliff,1.11,1.11,0.0,1193.72,1108.89,84.83,7.2
2023-08-12,17,2023-08-12T16:00,bcl,Big Cliff,1.13,1.13,0.0,1194.86,1108.92,85.94,7.4
2023-08-12,18,2023-08-12T17:00,bcl,Big Cliff,1.12,1.12,0.0,1195.96,1108.92,87.04,7.4
2023-08-12,19,2023-08-12T18:00,bcl,Big Cliff,1.13,1.13,0.0,1197.04,1108.96,88.08,7.6
2023-08-12,20,2023-08-12T19:00,bcl,Big Cliff,1.1,1.1,0.0,1198.1,1108.92,89.18,7.5
2023-08-12,21,2023-08-12T20:00,bcl,Big Cliff,1.11,1.11,0.0,1199.12,1108.88,90.24,7.6
2023-08-12,22,2023-08-12T21:00,bcl,Big Cliff,1.12,1.12,0.0,1200.12,1108.93,91.19,7.8
2023-08-12,23,2023-08-12T22:00,bcl,Big Cliff,1.13,1.13,0.0,1199.38,1108.85,90.53,7.8
2023-08-12,24,2023-08-12T23:00,bcl,Big Cliff,1.14,1.14,0.0,1198.57,1108.9,89.67,7.8
2023-08-13,1,2023-08-13T00:00,bcl,Big Cliff,1.12,1.12,0.0,1197.84,1108.99,88.85,7.6
2023-08-13,2,2023-08-13T01:00,bcl,Big Cliff,1.12,1.12,0.0,1197.11,1108.89,88.22,7.5
2023-08-13,3,2023-08-13T02:00,bcl,Big Cliff,1.12,1.12,0.0,1196.34,1108.9,87.44,7.5
2023-08-13,4,2023-08-13T03:00,bcl,Big Cliff,1.11,1.11,0.0,1195.56,1108.92,86.64,7.3
2023-08-13,5,2023-08-13T04:00,bcl,Big Cliff,1.1,1.1,0.0,1194.79,1108.89,85.9,7.2
2023-08-13,6,2023-08-13T05:00,bcl,Big Cliff,1.12,1.12,0.0,1194.0,1108.93,85.07,7.3
2023-08-13,7,2023-08-13T06:00,bcl,Big Cliff,1.09,1.09,0.0,1193.21,1108.86,84.35,7.0
2023-08-13,8,2023-08-13T07:00,bcl,Big Cliff,1.1,1.1,0.0,1192.42,1108.85,83.57,7.0
2023-08-13,9,2023-08-13T08:00,bcl,Big Cliff,1.11,1.11,0.0,1191.53,1108.85,82.68,7.0
2023-08-13,10,2023-08-13T09:00,bcl,Big Cliff,1.09,1.09,0.0,1190.58,1108.9,81.68,6.8
2023-08-13,11,2023-08-13T10:00,bcl,Big Cliff,1.09,1.09,0.0,1189.61,1108.83,80.78,6.7
2023-08-13,12,2023-08-13T11:00,bcl,Big Cliff,1.08,1.08,0.0,1188.65,1108.87,79.78,6.6
2023-08-13,13,2023-08-13T12:00,bcl,Big Cliff,1.07,1.07,0.0,1189.67,1108.85,80.82,6.6
2023-08-13,14,2023-08-13T13:00,bcl,Big Cliff,1.11,1.11,0.0,1190.91,1108.92,81.99,6.9
2023-08-13,15,2023-08-13T14:00,bcl,Big Cliff,1.09,1.09,0.0,1192.11,1108.97,83.14,6.9
2023-08-13,16,2023-08-13T15:00,bcl,Big Cliff,1.08,1.08,0.0,1193.29,1108.93,84.36,7.0
2023-08-13,17,2023-08-13T16:00,bcl,Big Cliff,1.1,1.1,0.0,1194.43,1108.89,85.54,7.2
2023-08-13,18,2023-08-13T17:00,bcl,Big Cliff,1.14,1.14,0.0,1195.55,1108.86,86.69,7.5
2023-08-13,19,2023-08-13T18:00,bcl,Big Cliff,1.11,1.11,0.0,1196.64,1108.92,87.72,7.4
2023-08-13,20,2023-08-13T19:00,bcl,Big Cliff,1.1,1.1,0.0,1197.71,1108.89,88.82,7.5
2023-08-13,21,2023-08-13T20:00,bcl,Big Cliff,1.12,1.12,0.0,1198.75,1108.94,89.81,7.7
2023-08-13,22,2023-08-13T21:00,bcl,Big Cliff,1.11,1.11,0.0,1199.75,1108.95,90.8,7.7
2023-08-13,23,2023-08-13T22:00,bcl,Big Cliff,1.11,1.11,0.0,1199.03,1108.93,90.1,7.6
2023-08-13,24,2023-08-13T23:00,bcl,Big Cliff,1.12,1.12,0.0,1198.21,1108.94,89.27,7.6
2023-08-14,1,2023-08-14T00:00,bcl,Big Cliff,1.11,1.11,0.0,1197.48,1108.88,88.6,7.5
2023-08-14,2,2023-08-14T01:00,bcl,Big Cliff,1.13,1.13,0.0,1196.74,1108.91,87.83,7.6
2023-08-14,3,2023-08-14T02:00,bcl,Big Cliff,1.12,1.12,0.0,1195.98,1108.92,87.06,7.4
2023-08-14,4,2023-08-14T03:00,bcl,Big Cliff,1.12,1.12,0.0,1195.21,1108.95,86.26,7.4
2023-08-14,5,2023-08-14T04:00,bcl,Big Cliff,1.13,1.13,0.0,1194.43,1108.94,85.49,7.4
2023-08-14,6,2023-08-14T05:00,bcl,Big Cliff,1.11,1.11,0.0,1193.65,1108.92,84.73,7.2
2023-08-14,7,2023-08-14T06:00,bcl,Big Cliff,1.09,1.09,0.0,1192.87,1108.85,84.02,7.0
2023-08-14,8,2023-08-14T07:00,bcl,Big Cliff,1.1,1.1,0.0,1192.08,1108.93,83.15,7.0
2023-08-14,9,2023-08-14T08:00,bcl,Big Cliff,1.09,1.09,0.0,1191.2,1108.87,82.33,6.8
2023-08-14,10,2023-08-14T09:00,bcl,Big Cliff,1.11,1.11,0.0,1190.25,1108.83,81.42,6.9
2023-08-14,11,2023-08-14T10:00,bcl,Big Cliff,1.08,1.08,0.0,1189.3,1108.89,80.41,6.6
2023-08-14,12,2023-08-14T11:00,bcl,Big Cliff,1.06,1.06,0.0,1188.35,1108.81,79.54,6.4
2023-08-14,13,2023-08-14T12:00,bcl,Big Cliff,1.1,1.1,0.0,1189.36,1108.88,80.48,6.8
2023-08-14,14,2023-08-14T13:00,bcl,Big Cliff,1.09,1.09,0.0,1190.59,1108.87,81.72,6.8
2023-08-14,15,2023-08-14T14:00,bcl,Big Cliff,1.1,1.1,0.0,1191.81,1108.92,82.89,7.0
2023-08-14,16,2023-08-14T15:00,bcl,Big Cliff,1.11,1.11,0.0,1192.98,1108.86,84.12,7.1
2023-08-14,17,2023-08-14T16:00,bcl,Big Cliff,1.13,1.13,0.0,1194.13,1108.93,85.2,7.3
2023-08-14,18,2023-08-14T17:00,bcl,Big Cliff,1.14,1.14,0.0,1195.25,1108.98,86.27,7.5
2023-08-14,19,2023-08-14T18:00,bcl,Big Cliff,1.15,1.15,0.0,1196.33,1108.97,87.36,7.7
2023-08-14,20,2023-08-14T19:00,bcl,Big Cliff,1.1,1.1,0.0,1197.41,1108.95,88.46,7.4
2023-08-14,21,2023-08-14T20:00,bcl,Big Cliff,1.11,1.11,0.0,1198.46,1108.91,89.55,7.6
2023-08-14,22,2023-08-14T21:00,bcl,Big Cliff,1.11,1.11,0.0,1199.47,1108.91,90.56,7.7
2023-08-14,23,2023-08-14T22:00,bcl,Big Cliff,1.11,1.11,0.0,1198.75,1108.91,89.84,7.6
2023-08-14,24,2023-08-14T23:00,bcl,Big Cliff,1.12,1.12,0.0,1197.93,1108.96,88.97,7.6
2023-08-15,1,2023-08-15T00:00,bcl,Big Cliff,1.11,1.11,0.0,1197.11,1108.9,88.21,7.5
2023-08-15,2,2023-08-15T01:00,bcl,Big Cliff,1.12,1.12,0.0,1196.24,1108.88,87.36,7.5
2023-08-15,3,2023-08-15T02:00,bcl,Big Cliff,1.11,1.11,0.0,1195.37,1108.92,86.45,7.3
2023-08-15,4,2023-08-15T03:00,bcl,Big Cliff,1.11,1.11,0.0,1194.48,1108.89,85.59,7.2
2023-08-15,5,2023-08-15T04:00,bcl,Big Cliff,1.1,1.1,0.0,1193.58,1108.91,84.67,7.1
2023-08-15,6,2023-08-15T05:00,bcl,Big Cliff,1.1,1.1,0.0,1192.66,1108.89,83.77,7.0
2023-08-15,7,2023-08-15T06:00,bcl,Big Cliff,1.11,1.11,0.0,1191.74,1108.86,82.88,7.0
2023-08-15,8,2023-08-15T07:00,bcl,Big Cliff,1.12,1.12,0.0,1192.72,1108.85,83.87,7.2
2023-08-15,9,2023-08-15T08:00,bcl,Big Cliff,1.11,1.11,0.0,1193.88,1108.96,84.92,7.2
2023-08-15,10,2023-08-15T09:00,bcl,Big Cliff,1.09,1.09,0.0,1195.01,1108.91,86.1,7.2
2023-08-15,11,2023-08-15T10:00,bcl,Big Cliff,1.06,0.41,0.65,1194.38,1108.93,85.45,2.7
2023-08-15,12,2023-08-15T11:00,bcl,Big Cliff,1.06,0.42,0.64,1193.53,1108.92,84.61,2.7
2023-08-15,13,2023-08-15T12:00,bcl,Big Cliff,1.06,0.61,0.45,1192.65,1108.97,83.68,3.9
2023-08-15,14,2023-08-15T13:00,bcl,Big Cliff,1.05,0.0,1.05,1191.76,1108.93,82.83,0.0
2023-08-15,15,2023-08-15T14:00,bcl,Big Cliff,1.07,0.47,0.6,1190.87,1108.85,82.02,2.9
2023-08-15,16,2023-08-15T15:00,bcl,Big Cliff,1.11,1.11,0.0,1191.85,1108.94,82.91,7.0
2023-08-15,17,2023-08-15T16:00,bcl,Big Cliff,1.11,1.11,0.0,1193.02,1108.91,84.11,7.1
2023-08-15,18,2023-08-15T17:00,bcl,Big Cliff,1.13,1.13,0.0,1194.15,1108.92,85.23,7.3
2023-08-15,19,2023-08-15T18:00,bcl,Big Cliff,1.15,1.15,0.0,1195.26,1108.95,86.31,7.6
2023-08-15,20,2023-08-15T19:00,bcl,Big Cliff,1.1,1.1,0.0,1196.36,1108.89,87.47,7.3
2023-08-15,21,2023-08-15T20:00,bcl,Big Cliff,1.11,1.11,0.0,1197.42,1108.92,88.5,7.5
2023-08-15,22,2023-08-15T21:00,bcl,Big Cliff,1.14,1.14,0.0,1198.48,1108.93,89.55,7.8
2023-08-15,23,2023-08-15T22:00,bcl,Big Cliff,1.11,1.11,0.0,1199.5,1108.94,90.56,7.7
2023-08-15,24,2023-08-15T23:00,bcl,Big Cliff,1.12,1.12,0.0,1198.78,1108.92,89.86,7.7
2023-08-16,1,2023-08-16T00:00,bcl,Big Cliff,1.13,1.13,0.0,1197.96,1108.93,89.03,7.7
2023-08-16,2,2023-08-16T01:00,bcl,Big Cliff,1.11,1.11,0.0,1197.13,1108.9,88.23,7.5
2023-08-16,3,2023-08-16T02:00,bcl,Big Cliff,1.13,1.13,0.0,1196.27,1108.9,87.37,7.5
2023-08-16,4,2023-08-16T03:00,bcl,Big Cliff,1.11,1.11,0.0,1195.4,1108.95,86.45,7.3
2023-08-16,5,2023-08-16T04:00,bcl,Big Cliff,1.13,1.13,0.0,1194.51,1108.87,85.64,7.4
2023-08-16,6,2023-08-16T05:00,bcl,Big Cliff,1.11,1.11,0.0,1193.6,1108.88,84.72,7.2
2023-08-16,7,2023-08-16T06:00,bcl,Big Cliff,1.1,1.1,0.0,1192.7,1108.84,83.86,7.0
2023-08-16,8,2023-08-16T07:00,bcl,Big Cliff,1.11,1.11,0.0,1193.65,1108.93,84.72,7.2
2023-08-16,9,2023-08-16T08:00,bcl,Big Cliff,1.13,1.13,0.0,1194.81,1108.9,85.91,7.4
2023-08-16,10,2023-08-16T09:00,bcl,Big Cliff,1.14,1.14,0.0,1195.9,1108.95,86.95,7.6
2023-08-16,11,2023-08-16T10:00,bcl,Big Cliff,1.12,1.12,0.0,1195.22,1108.91,86.31,7.4
2023-08-16,12,2023-08-16T11:00,bcl,Big Cliff,1.13,1.13,0.0,1194.35,1108.92,85.43,7.4
2023-08-16,13,2023-08-16T12:00,bcl,Big Cliff,1.13,1.13,0.0,1193.42,1108.89,84.53,7.3
2023-08-16,14,2023-08-16T13:00,bcl,Big Cliff,1.12,1.12,0.0,1192.5,1108.92,83.58,7.1
2023-08-16,15,2023-08-16T14:00,bcl,Big Cliff,1.12,1.12,0.0,1191.57,1108.93,82.64,7.1
2023-08-16,16,2023-08-16T15:00,bcl,Big Cliff,1.11,1.11,0.0,1192.53,1108.94,83.59,7.1
2023-08-16,17,2023-08-16T16:00,bcl,Big Cliff,1.13,1.13,0.0,1193.69,1108.88,84.81,7.3
2023-08-16,18,2023-08-16T17:00,bcl,Big Cliff,1.13,1.13,0.0,1194.82,1108.93,85.89,7.4
2023-08-16,19,2023-08-16T18:00,bcl,Big Cliff,1.14,1.14,0.0,1195.93,1108.95,86.98,7.6
2023-08-16,20,2023-08-16T19:00,bcl,Big Cliff,1.1,1.1,0.0,1197.0,1108.9,88.1,7.4
2023-08-16,21,2023-08-16T20:00,bcl,Big Cliff,1.14,1.14,0.0,1198.06,1108.99,89.07,7.7
2023-08-16,22,2023-08-16T21:00,bcl,Big Cliff,1.12,1.12,0.0,1199.09,1108.92,90.17,7.7
2023-08-16,23,2023-08-16T22:00,bcl,Big Cliff,1.13,1.13,0.0,1200.09,1108.91,91.18,7.9
2023-08-16,24,2023-08-16T23:00,bcl,Big Cliff,1.13,1.13,0.0,1199.37,1108.96,90.41,7.8
2023-08-17,1,2023-08-17T00:00,bcl,Big Cliff,1.14,1.14,0.0,1198.55,1108.99,89.56,7.8
2023-08-17,2,2023-08-17T01:00,bcl,Big Cliff,1.1,1.1,0.0,1197.74,1108.9,88.84,7.5
2023-08-17,3,2023-08-17T02:00,bcl,Big Cliff,1.14,1.14,0.0,1196.9,1108.93,87.97,7.7
2023-08-17,4,2023-08-17T03:00,bcl,Big Cliff,1.09,1.09,0.0,1196.05,1108.95,87.1,7.2
2023-08-17,5,2023-08-17T04:00,bcl,Big Cliff,1.11,1.11,0.0,1195.17,1108.93,86.24,7.3
2023-08-17,6,2023-08-17T05:00,bcl,Big Cliff,1.11,1.11,0.0,1194.28,1108.89,85.39,7.2
2023-08-17,7,2023-08-17T06:00,bcl,Big Cliff,1.07,1.07,0.0,1193.41,1108.82,84.59,6.9
2023-08-17,8,2023-08-17T07:00,bcl,Big Cliff,1.1,1.1,0.0,1192.5,1108.93,83.57,7.0
2023-08-17,9,2023-08-17T08:00,bcl,Big Cliff,1.1,1.1,0.0,1191.56,1108.86,82.7,6.9
2023-08-17,10,2023-08-17T09:00,bcl,Big Cliff,1.1,1.1,0.0,1190.61,1108.91,81.7,6.9
2023-08-17,11,2023-08-17T10:00,bcl,Big Cliff,1.09,1.09,0.0,1189.66,1108.86,80.8,6.7
2023-08-17,12,2023-08-17T11:00,bcl,Big Cliff,1.09,1.09,0.0,1190.62,1108.89,81.73,6.8
2023-08-17,13,2023-08-17T12:00,bcl,Big Cliff,1.11,1.11,0.0,1191.77,1108.91,82.86,7.0
2023-08-17,14,2023-08-17T13:00,bcl,Big Cliff,1.09,1.09,0.0,1192.9,1108.97,83.93,7.0
2023-08-17,15,2023-08-17T14:00,bcl,Big Cliff,1.1,1.1,0.0,1194.0,1108.9,85.1,7.1
2023-08-17,16,2023-08-17T15:00,bcl,Big Cliff,1.12,1.12,0.0,1195.06,1108.99,86.07,7.4
2023-08-17,17,2023-08-17T16:00,bcl,Big Cliff,1.16,1.16,0.0,1196.09,1108.95,87.14,7.7
2023-08-17,18,2023-08-17T17:00,bcl,Big Cliff,1.14,1.14,0.0,1197.11,1108.97,88.14,7.7
2023-08-17,19,2023-08-17T18:00,bcl,Big Cliff,1.16,1.16,0.0,1198.1,1108.97,89.13,7.9
2023-08-17,20,2023-08-17T19:00,bcl,Big Cliff,1.14,1.14,0.0,1199.07,1108.97,90.1,7.8
2023-08-17,21,2023-08-17T20:00,bcl,Big Cliff,1.15,1.15,0.0,1200.02,1109.0,91.02,8.0
2023-08-17,22,2023-08-17T21:00,bcl,Big Cliff,1.17,1.17,0.0,1200.92,1108.99,91.93,8.2
2023-08-17,23,2023-08-17T22:00,bcl,Big Cliff,1.14,1.14,0.0,1200.17,1108.96,91.21,7.9
2023-08-17,24,2023-08-17T23:00,bcl,Big Cliff,1.16,1.16,0.0,1199.35,1109.03,90.32,8.0
2023-08-18,1,2023-08-18T00:00,bcl,Big Cliff,1.15,1.15,0.0,1198.52,1108.98,89.54,7.9
2023-08-18,2,2023-08-18T01:00,bcl,Big Cliff,1.15,1.15,0.0,1197.68,1108.94,88.74,7.8
2023-08-18,3,2023-08-18T02:00,bcl,Big Cliff,1.15,1.15,0.0,1196.82,1108.99,87.83,7.7
2023-08-18,4,2023-08-18T03:00,bcl,Big Cliff,1.14,1.14,0.0,1195.95,1108.99,86.96,7.6
2023-08-18,5,2023-08-18T04:00,bcl,Big Cliff,1.17,1.17,0.0,1195.03,1109.0,86.03,7.7
2023-08-18,6,2023-08-18T05:00,bcl,Big Cliff,1.14,1.14,0.0,1194.11,1108.89,85.22,7.4
2023-08-18,7,2023-08-18T06:00,bcl,Big Cliff,1.12,1.12,0.0,1193.2,1108.88,84.32,7.2
2023-08-18,8,2023-08-18T07:00,bcl,Big Cliff,1.11,1.11,0.0,1192.27,1108.91,83.36,7.1
2023-08-18,9,2023-08-18T08:00,bcl,Big Cliff,1.12,1.12,0.0,1191.33,1108.86,82.47,7.0
2023-08-18,10,2023-08-18T09:00,bcl,Big Cliff,1.13,1.13,0.0,1190.35,1108.9,81.45,7.0
2023-08-18,11,2023-08-18T10:00,bcl,Big Cliff,1.13,1.13,0.0,1189.38,1108.87,80.51,6.9
2023-08-18,12,2023-08-18T11:00,bcl,Big Cliff,1.12,1.12,0.0,1190.38,1108.9,81.48,7.0
2023-08-18,13,2023-08-18T12:00,bcl,Big Cliff,1.14,1.14,0.0,1191.59,1108.94,82.65,7.2
2023-08-18,14,2023-08-18T13:00,bcl,Big Cliff,1.13,1.13,0.0,1192.77,1108.95,83.82,7.2
2023-08-18,15,2023-08-18T14:00,bcl,Big Cliff,1.17,1.17,0.0,1193.92,1109.03,84.89,7.6
2023-08-18,16,2023-08-18T15:00,bcl,Big Cliff,1.17,1.17,0.0,1194.98,1109.0,85.98,7.7
2023-08-18,17,2023-08-18T16:00,bcl,Big Cliff,1.14,1.14,0.0,1196.0,1108.98,87.02,7.6
2023-08-18,18,2023-08-18T17:00,bcl,Big Cliff,1.17,1.17,0.0,1197.02,1108.97,88.05,7.9
2023-08-18,19,2023-08-18T18:00,bcl,Big Cliff,1.17,1.17,0.0,1198.0,1109.02,88.98,7.9
2023-08-18,20,2023-08-18T19:00,bcl,Big Cliff,1.15,1.15,0.0,1198.98,1108.93,90.05,7.9
2023-08-18,21,2023-08-18T20:00,bcl,Big Cliff,1.17,1.17,0.0,1199.92,1109.0,90.92,8.1
2023-08-18,22,2023-08-18T21:00,bcl,Big Cliff,1.17,1.17,0.0,1200.83,1109.02,91.81,8.2
2023-08-18,23,2023-08-18T22:00,bcl,Big Cliff,1.16,1.16,0.0,1200.07,1108.98,91.09,8.1
2023-08-18,24,2023-08-18T23:00,bcl,Big Cliff,1.18,1.18,0.0,1199.25,1109.02,90.23,8.1
2023-08-19,1,2023-08-19T00:00,bcl,Big Cliff,1.17,1.17,0.0,1198.42,1109.02,89.4,8.0
2023-08-19,2,2023-08-19T01:00,bcl,Big Cliff,1.17,1.17,0.0,1197.56,1108.98,88.58,7.9
2023-08-19,3,2023-08-19T02:00,bcl,Big Cliff,1.19,1.19,0.0,1196.68,1109.06,87.62,8.0
2023-08-19,4,2023-08-19T03:00,bcl,Big Cliff,1.17,1.17,0.0,1195.78,1108.99,86.79,7.7
2023-08-19,5,2023-08-19T04:00,bcl,Big Cliff,1.16,1.16,0.0,1194.86,1108.96,85.9,7.6
2023-08-19,6,2023-08-19T05:00,bcl,Big Cliff,1.14,1.14,0.0,1193.93,1108.95,84.98,7.4
2023-08-19,7,2023-08-19T06:00,bcl,Big Cliff,1.15,1.15,0.0,1193.0,1108.93,84.07,7.4
2023-08-19,8,2023-08-19T07:00,bcl,Big Cliff,1.14,1.14,0.0,1192.04,1108.96,83.08,7.2
2023-08-19,9,2023-08-19T08:00,bcl,Big Cliff,1.13,1.13,0.0,1191.07,1108.94,82.13,7.1
2023-08-19,10,2023-08-19T09:00,bcl,Big Cliff,1.11,1.11,0.0,1190.09,1108.89,81.2,6.9
2023-08-19,11,2023-08-19T10:00,bcl,Big Cliff,1.14,1.14,0.0,1189.08,1108.91,80.17,7.0
2023-08-19,12,2023-08-19T11:00,bcl,Big Cliff,1.14,1.14,0.0,1190.08,1108.93,81.15,7.1
2023-08-19,13,2023-08-19T12:00,bcl,Big Cliff,1.15,1.15,0.0,1191.29,1108.92,82.37,7.2
2023-08-19,14,2023-08-19T13:00,bcl,Big Cliff,1.16,1.16,0.0,1192.46,1108.97,83.49,7.4
2023-08-19,15,2023-08-19T14:00,bcl,Big Cliff,1.14,1.14,0.0,1193.61,1108.97,84.64,7.4
2023-08-19,16,2023-08-19T15:00,bcl,Big Cliff,1.14,1.14,0.0,1194.73,1108.96,85.77,7.5
2023-08-19,17,2023-08-19T16:00,bcl,Big Cliff,1.16,1.16,0.0,1195.82,1108.99,86.83,7.7
2023-08-19,18,2023-08-19T17:00,bcl,Big Cliff,1.17,1.17,0.0,1196.88,1109.03,87.85,7.8
2023-08-19,19,2023-08-19T18:00,bcl,Big Cliff,1.17,1.17,0.0,1197.92,1108.98,88.94,7.9
2023-08-19,20,2023-08-19T19:00,bcl,Big Cliff,1.17,1.17,0.0,1198.94,1109.01,89.93,8.0
2023-08-19,21,2023-08-19T20:00,bcl,Big Cliff,1.18,1.18,0.0,1199.94,1109.02,90.92,8.2
2023-08-19,22,2023-08-19T21:00,bcl,Big Cliff,1.18,1.18,0.0,1200.87,1109.06,91.81,8.3
2023-08-19,23,2023-08-19T22:00,bcl,Big Cliff,1.19,1.19,0.0,1200.09,1109.02,91.07,8.3
2023-08-19,24,2023-08-19T23:00,bcl,Big Cliff,1.18,1.18,0.0,1199.25,1109.03,90.22,8.1
2023-08-20,1,2023-08-20T00:00,bcl,Big Cliff,1.17,1.17,0.0,1198.39,1109.03,89.36,8.0
2023-08-20,2,2023-08-20T01:00,bcl,Big Cliff,1.17,1.17,0.0,1197.54,1109.0,88.54,7.9
2023-08-20,3,2023-08-20T02:00,bcl,Big Cliff,1.17,1.17,0.0,1196.68,1109.06,87.62,7.8
2023-08-20,4,2023-08-20T03:00,bcl,Big Cliff,1.17,1.17,0.0,1195.76,1109.0,86.76,7.7
2023-08-20,5,2023-08-20T04:00,bcl,Big Cliff,1.16,1.16,0.0,1194.84,1108.99,85.85,7.6
2023-08-20,6,2023-08-20T05:00,bcl,Big Cliff,1.17,1.17,0.0,1193.9,1108.94,84.96,7.6
2023-08-20,7,2023-08-20T06:00,bcl,Big Cliff,1.15,1.15,0.0,1192.94,1108.97,83.97,7.4
2023-08-20,8,2023-08-20T07:00,bcl,Big Cliff,1.15,1.15,0.0,1191.97,1108.93,83.04,7.3
2023-08-20,9,2023-08-20T08:00,bcl,Big Cliff,1.15,1.15,0.0,1190.98,1108.98,82.0,7.2
2023-08-20,10,2023-08-20T09:00,bcl,Big Cliff,1.13,1.13,0.0,1189.99,1108.94,81.05,7.0
2023-08-20,11,2023-08-20T10:00,bcl,Big Cliff,1.13,1.13,0.0,1188.98,1108.96,80.02,6.9
2023-08-20,12,2023-08-20T11:00,bcl,Big Cliff,1.14,1.14,0.0,1189.96,1108.95,81.01,7.0
2023-08-20,13,2023-08-20T12:00,bcl,Big Cliff,1.15,1.15,0.0,1191.17,1108.99,82.18,7.2
2023-08-20,14,2023-08-20T13:00,bcl,Big Cliff,1.16,1.16,0.0,1192.36,1109.0,83.36,7.4
2023-08-20,15,2023-08-20T14:00,bcl,Big Cliff,1.17,1.17,0.0,1193.5,1109.01,84.49,7.5
2023-08-20,16,2023-08-20T15:00,bcl,Big Cliff,1.15,1.15,0.0,1194.62,1109.0,85.62,7.5
2023-08-20,17,2023-08-20T16:00,bcl,Big Cliff,1.17,1.17,0.0,1195.71,1109.01,86.7,7.7
2023-08-20,18,2023-08-20T17:00,bcl,Big Cliff,1.19,1.19,0.0,1196.78,1109.05,87.73,8.0
2023-08-20,19,2023-08-20T18:00,bcl,Big Cliff,1.17,1.17,0.0,1197.82,1109.04,88.78,7.9
2023-08-20,20,2023-08-20T19:00,bcl,Big Cliff,1.17,1.17,0.0,1198.84,1109.0,89.84,8.0
2023-08-20,21,2023-08-20T20:00,bcl,Big Cliff,1.17,1.17,0.0,1199.84,1109.03,90.81,8.1
2023-08-20,22,2023-08-20T21:00,bcl,Big Cliff,1.17,1.17,0.0,1200.78,1109.03,91.75,8.2
2023-08-20,23,2023-08-20T22:00,bcl,Big Cliff,1.17,1.17,0.0,1200.02,1109.05,90.97,8.1
2023-08-20,24,2023-08-20T23:00,bcl,Big Cliff,1.17,1.17,0.0,1199.18,1108.99,90.19,8.1
2023-08-21,1,2023-08-21T00:00,bcl,Big Cliff,1.17,1.17,0.0,1198.33,1109.01,89.32,8.0
2023-08-21,2,2023-08-21T01:00,bcl,Big Cliff,1.17,1.17,0.0,1197.47,1108.99,88.48,7.9
2023-08-21,3,2023-08-21T02:00,bcl,Big Cliff,1.17,1.17,0.0,1196.61,1108.97,87.64,7.8
2023-08-21,4,2023-08-21T03:00,bcl,Big Cliff,1.16,1.16,0.0,1195.7,1108.97,86.73,7.7
2023-08-21,5,2023-08-21T04:00,bcl,Big Cliff,1.17,1.17,0.0,1194.76,1109.03,85.73,7.7
2023-08-21,6,2023-08-21T05:00,bcl,Big Cliff,1.17,1.17,0.0,1193.82,1108.95,84.87,7.6
2023-08-21,7,2023-08-21T06:00,bcl,Big Cliff,1.17,1.17,0.0,1192.86,1108.92,83.94,7.5
2023-08-21,8,2023-08-21T07:00,bcl,Big Cliff,1.15,1.15,0.0,1191.9,1109.01,82.89,7.3
2023-08-21,9,2023-08-21T08:00,bcl,Big Cliff,1.15,1.15,0.0,1190.92,1109.01,81.91,7.2
2023-08-21,10,2023-08-21T09:00,bcl,Big Cliff,1.11,1.11,0.0,1189.93,1108.85,81.08,6.9
2023-08-21,11,2023-08-21T10:00,bcl,Big Cliff,1.13,1.13,0.0,1188.93,1108.89,80.04,6.9
2023-08-21,12,2023-08-21T11:00,bcl,Big Cliff,1.15,1.15,0.0,1189.94,1108.94,81.0,7.1
2023-08-21,13,2023-08-21T12:00,bcl,Big Cliff,1.15,1.15,0.0,1191.16,1108.95,82.21,7.2
2023-08-21,14,2023-08-21T13:00,bcl,Big Cliff,1.15,1.15,0.0,1192.34,1108.97,83.37,7.3
2023-08-21,15,2023-08-21T14:00,bcl,Big Cliff,1.15,1.15,0.0,1193.49,1108.97,84.52,7.4
2023-08-21,16,2023-08-21T15:00,bcl,Big Cliff,1.17,1.17,0.0,1194.61,1109.02,85.59,7.6
2023-08-21,17,2023-08-21T16:00,bcl,Big Cliff,1.17,1.17,0.0,1195.7,1108.97,86.73,7.7
2023-08-21,18,2023-08-21T17:00,bcl,Big Cliff,1.17,1.17,0.0,1196.77,1109.01,87.76,7.8
2023-08-21,19,2023-08-21T18:00,bcl,Big Cliff,1.18,1.18,0.0,1197.82,1108.98,88.84,8.0
2023-08-21,20,2023-08-21T19:00,bcl,Big Cliff,1.17,1.17,0.0,1198.84,1109.01,89.83,8.0
2023-08-21,21,2023-08-21T20:00,bcl,Big Cliff,1.17,1.17,0.0,1199.84,1109.02,90.82,8.1
2023-08-21,22,2023-08-21T21:00,bcl,Big Cliff,1.17,1.17,0.0,1200.78,1109.02,91.76,8.2
2023-08-21,23,2023-08-21T22:00,bcl,Big Cliff,1.19,1.19,0.0,1200.01,1108.99,91.02,8.3
2023-08-21,24,2023-08-21T23:00,bcl,Big Cliff,1.17,1.17,0.0,1199.18,1109.04,90.14,8.0
2023-08-22,1,2023-08-22T00:00,bcl,Big Cliff,1.17,1.17,0.0,1198.33,1109.0,89.33,8.0
2023-08-22,2,2023-08-22T01:00,bcl,Big Cliff,1.17,1.17,0.0,1197.47,1108.97,88.5,7.9
2023-08-22,3,2023-08-22T02:00,bcl,Big Cliff,1.17,1.17,0.0,1196.6,1108.98,87.62,7.8
2023-08-22,4,2023-08-22T03:00,bcl,Big Cliff,1.17,1.17,0.0,1195.69,1108.93,86.76,7.7
2023-08-22,5,2023-08-22T04:00,bcl,Big Cliff,1.17,1.17,0.0,1194.76,1109.01,85.75,7.7
2023-08-22,6,2023-08-22T05:00,bcl,Big Cliff,1.17,1.17,0.0,1193.81,1108.97,84.84,7.6
2023-08-22,7,2023-08-22T06:00,bcl,Big Cliff,1.15,1.15,0.0,1192.87,1108.87,84.0,7.4
2023-08-22,8,2023-08-22T07:00,bcl,Big Cliff,1.15,1.15,0.0,1191.9,1108.94,82.96,7.3
2023-08-22,9,2023-08-22T08:00,bcl,Big Cliff,1.16,1.16,0.0,1190.93,1108.96,81.97,7.3
2023-08-22,10,2023-08-22T09:00,bcl,Big Cliff,1.14,1.14,0.0,1189.94,1108.96,80.98,7.0
2023-08-22,11,2023-08-22T10:00,bcl,Big Cliff,1.15,1.15,0.0,1188.94,1109.0,79.94,7.0
2023-08-22,12,2023-08-22T11:00,bcl,Big Cliff,1.14,1.14,0.0,1189.87,1109.51,80.36,7.0
2023-08-22,13,2023-08-22T12:00,bcl,Big Cliff,1.35,0.59,0.76,1188.72,1109.28,79.44,3.6
2023-08-22,14,2023-08-22T13:00,bcl,Big Cliff,1.33,0.58,0.75,1187.61,1109.23,78.38,3.5
2023-08-22,15,2023-08-22T14:00,bcl,Big Cliff,1.23,0.56,0.67,1186.43,1109.1,77.33,3.3
2023-08-22,16,2023-08-22T15:00,bcl,Big Cliff,1.19,0.53,0.66,1185.34,1109.34,76.0,3.1
2023-08-22,17,2023-08-22T16:00,bcl,Big Cliff,1.22,1.22,0.0,1186.06,1109.08,76.98,7.2
2023-08-22,18,2023-08-22T17:00,bcl,Big Cliff,1.17,1.17,0.0,1187.32,1109.01,78.31,7.0
2023-08-22,19,2023-08-22T18:00,bcl,Big Cliff,1.2,1.2,0.0,1188.55,1109.01,79.54,7.3
2023-08-22,20,2023-08-22T19:00,bcl,Big Cliff,1.2,1.2,0.0,1189.73,1109.07,80.66,7.4
2023-08-22,21,2023-08-22T20:00,bcl,Big Cliff,1.2,1.2,0.0,1190.89,1109.05,81.84,7.5
2023-08-22,22,2023-08-22T21:00,bcl,Big Cliff,1.19,1.19,0.0,1192.02,1109.04,82.98,7.5
2023-08-22,23,2023-08-22T22:00,bcl,Big Cliff,1.2,1.2,0.0,1193.12,1109.09,84.03,7.7
2023-08-22,24,2023-08-22T23:00,bcl,Big Cliff,1.21,1.21,0.0,1194.19,1109.09,85.1,7.9
2023-08-23,1,2023-08-23T00:00,bcl,Big Cliff,1.23,1.23,0.0,1193.45,1109.11,84.34,7.9
2023-08-23,2,2023-08-23T01:00,bcl,Big Cliff,1.2,1.2,0.0,1192.46,1109.06,83.4,7.6
2023-08-23,3,2023-08-23T02:00,bcl,Big Cliff,1.2,1.2,0.0,1191.43,1109.07,82.36,7.5
2023-08-23,4,2023-08-23T03:00,bcl,Big Cliff,1.2,1.2,0.0,1190.39,1109.02,81.37,7.5
2023-08-23,5,2023-08-23T04:00,bcl,Big Cliff,1.2,1.2,0.0,1189.32,1109.07,80.25,7.3
2023-08-23,6,2023-08-23T05:00,bcl,Big Cliff,1.2,1.2,0.0,1188.24,1109.06,79.18,7.2
2023-08-23,7,2023-08-23T06:00,bcl,Big Cliff,1.17,1.17,0.0,1187.15,1108.96,78.19,7.0
2023-08-23,8,2023-08-23T07:00,bcl,Big Cliff,1.18,1.18,0.0,1186.05,1109.06,76.99,6.9
2023-08-23,9,2023-08-23T08:00,bcl,Big Cliff,1.19,1.19,0.0,1187.03,1109.07,77.96,7.1
2023-08-23,10,2023-08-23T09:00,bcl,Big Cliff,1.21,1.21,0.0,1188.28,1109.05,79.23,7.3
2023-08-23,11,2023-08-23T10:00,bcl,Big Cliff,1.21,1.21,0.0,1189.48,1109.01,80.47,7.4
2023-08-23,12,2023-08-23T11:00,bcl,Big Cliff,1.2,1.2,0.0,1190.65,1109.06,81.59,7.5
2023-08-23,13,2023-08-23T12:00,bcl,Big Cliff,1.2,1.2,0.0,1191.81,1109.1,82.71,7.6
2023-08-23,14,2023-08-23T13:00,bcl,Big Cliff,1.23,1.23,0.0,1192.92,1109.04,83.88,7.9
2023-08-23,15,2023-08-23T14:00,bcl,Big Cliff,1.23,1.23,0.0,1193.91,1109.11,84.8,8.0
2023-08-23,16,2023-08-23T15:00,bcl,Big Cliff,1.25,1.25,0.0,1194.88,1109.07,85.81,8.2
2023-08-23,17,2023-08-23T16:00,bcl,Big Cliff,1.25,1.25,0.0,1195.84,1109.09,86.75,8.3
2023-08-23,18,2023-08-23T17:00,bcl,Big Cliff,1.25,1.25,0.0,1196.76,1109.09,87.67,8.4
2023-08-23,19,2023-08-23T18:00,bcl,Big Cliff,1.25,1.25,0.0,1197.67,1109.15,88.52,8.4
2023-08-23,20,2023-08-23T19:00,bcl,Big Cliff,1.24,1.24,0.0,1198.56,1109.09,89.47,8.5
2023-08-23,21,2023-08-23T20:00,bcl,Big Cliff,1.22,1.22,0.0,1199.45,1109.04,90.41,8.4
2023-08-23,22,2023-08-23T21:00,bcl,Big Cliff,1.22,1.22,0.0,1200.36,1109.07,91.29,8.5
2023-08-23,23,2023-08-23T22:00,bcl,Big Cliff,1.2,1.2,0.0,1199.58,1109.07,90.51,8.3
2023-08-23,24,2023-08-23T23:00,bcl,Big Cliff,1.18,1.18,0.0,1198.74,1109.05,89.69,8.1
2023-08-24,1,2023-08-24T00:00,bcl,Big Cliff,1.19,1.19,0.0,1197.86,1109.07,88.79,8.1
2023-08-24,2,2023-08-24T01:00,bcl,Big Cliff,1.2,1.2,0.0,1196.97,1109.03,87.94,8.1
2023-08-24,3,2023-08-24T02:00,bcl,Big Cliff,1.2,1.2,0.0,1196.06,1109.06,87.0,8.0
2023-08-24,4,2023-08-24T03:00,bcl,Big Cliff,1.2,1.2,0.0,1195.12,1109.07,86.05,7.9
2023-08-24,5,2023-08-24T04:00,bcl,Big Cliff,1.19,1.19,0.0,1194.16,1109.05,85.11,7.7
2023-08-24,6,2023-08-24T05:00,bcl,Big Cliff,1.2,1.2,0.0,1193.19,1108.96,84.23,7.7
2023-08-24,7,2023-08-24T06:00,bcl,Big Cliff,1.17,1.17,0.0,1192.23,1108.94,83.29,7.4
2023-08-24,8,2023-08-24T07:00,bcl,Big Cliff,1.2,1.2,0.0,1191.23,1108.95,82.28,7.5
2023-08-24,9,2023-08-24T08:00,bcl,Big Cliff,1.19,1.19,0.0,1190.23,1109.05,81.18,7.4
2023-08-24,10,2023-08-24T09:00,bcl,Big Cliff,1.18,1.18,0.0,1189.2,1109.01,80.19,7.2
2023-08-24,11,2023-08-24T10:00,bcl,Big Cliff,1.17,1.17,0.0,1188.16,1108.95,79.21,7.1
2023-08-24,12,2023-08-24T11:00,bcl,Big Cliff,1.17,1.17,0.0,1189.17,1109.0,80.17,7.2
2023-08-24,13,2023-08-24T12:00,bcl,Big Cliff,1.17,1.17,0.0,1190.39,1108.97,81.42,7.3
2023-08-24,14,2023-08-24T13:00,bcl,Big Cliff,1.18,1.18,0.0,1191.58,1109.02,82.56,7.4
2023-08-24,15,2023-08-24T14:00,bcl,Big Cliff,1.18,1.18,0.0,1192.74,1109.02,83.72,7.5
2023-08-24,16,2023-08-24T15:00,bcl,Big Cliff,1.22,1.22,0.0,1193.88,1109.02,84.86,7.9
2023-08-24,17,2023-08-24T16:00,bcl,Big Cliff,1.18,1.18,0.0,1194.98,1109.0,85.98,7.7
2023-08-24,18,2023-08-24T17:00,bcl,Big Cliff,1.23,1.23,0.0,1196.06,1109.06,87.0,8.2
2023-08-24,19,2023-08-24T18:00,bcl,Big Cliff,1.18,1.18,0.0,1197.13,1108.97,88.16,7.9
2023-08-24,20,2023-08-24T19:00,bcl,Big Cliff,1.17,1.17,0.0,1198.18,1109.0,89.18,8.0
2023-08-24,21,2023-08-24T20:00,bcl,Big Cliff,1.17,1.17,0.0,1199.2,1109.0,90.2,8.1
2023-08-24,22,2023-08-24T21:00,bcl,Big Cliff,1.21,1.21,0.0,1200.19,1108.98,91.21,8.4
2023-08-24,23,2023-08-24T22:00,bcl,Big Cliff,1.19,1.19,0.0,1199.43,1109.07,90.36,8.2
2023-08-24,24,2023-08-24T23:00,bcl,Big Cliff,1.19,1.19,0.0,1198.61,1108.98,89.63,8.1
2023-08-25,1,2023-08-25T00:00,bcl,Big Cliff,1.19,1.19,0.0,1197.74,1109.06,88.68,8.1
2023-08-25,2,2023-08-25T01:00,bcl,Big Cliff,1.19,1.19,0.0,1196.88,1108.99,87.89,8.0
2023-08-25,3,2023-08-25T02:00,bcl,Big Cliff,1.18,1.18,0.0,1195.97,1109.04,86.93,7.8
2023-08-25,4,2023-08-25T03:00,bcl,Big Cliff,1.17,1.17,0.0,1195.07,1108.93,86.14,7.7
2023-08-25,5,2023-08-25T04:00,bcl,Big Cliff,1.19,1.19,0.0,1194.14,1108.99,85.15,7.7
2023-08-25,6,2023-08-25T05:00,bcl,Big Cliff,1.15,1.15,0.0,1193.2,1108.95,84.25,7.4
2023-08-25,7,2023-08-25T06:00,bcl,Big Cliff,1.16,1.16,0.0,1192.26,1108.92,83.34,7.4
2023-08-25,8,2023-08-25T07:00,bcl,Big Cliff,1.16,1.16,0.0,1191.3,1108.95,82.35,7.3
2023-08-25,9,2023-08-25T08:00,bcl,Big Cliff,1.16,1.16,0.0,1190.32,1108.91,81.41,7.2
2023-08-25,10,2023-08-25T09:00,bcl,Big Cliff,1.15,1.15,0.0,1189.34,1108.93,80.41,7.1
2023-08-25,11,2023-08-25T10:00,bcl,Big Cliff,1.15,1.15,0.0,1188.33,1108.95,79.38,7.0
2023-08-25,12,2023-08-25T11:00,bcl,Big Cliff,1.15,1.15,0.0,1189.36,1108.88,80.48,7.1
2023-08-25,13,2023-08-25T12:00,bcl,Big Cliff,1.17,1.17,0.0,1190.6,1108.92,81.68,7.3
2023-08-25,14,2023-08-25T13:00,bcl,Big Cliff,1.15,1.15,0.0,1191.82,1108.94,82.88,7.3
2023-08-25,15,2023-08-25T14:00,bcl,Big Cliff,1.16,1.16,0.0,1193.0,1108.98,84.02,7.4
2023-08-25,16,2023-08-25T15:00,bcl,Big Cliff,1.18,1.18,0.0,1194.15,1109.0,85.15,7.7
2023-08-25,17,2023-08-25T16:00,bcl,Big Cliff,1.17,1.17,0.0,1195.27,1108.99,86.28,7.7
2023-08-25,18,2023-08-25T17:00,bcl,Big Cliff,1.18,1.18,0.0,1196.36,1109.01,87.35,7.9
2023-08-25,19,2023-08-25T18:00,bcl,Big Cliff,1.17,1.17,0.0,1197.42,1108.96,88.46,7.9
2023-08-25,20,2023-08-25T19:00,bcl,Big Cliff,1.18,1.18,0.0,1198.47,1108.98,89.49,8.1
2023-08-25,21,2023-08-25T20:00,bcl,Big Cliff,1.2,1.2,0.0,1199.48,1109.04,90.44,8.3
2023-08-25,22,2023-08-25T21:00,bcl,Big Cliff,1.2,1.2,0.0,1200.45,1109.03,91.42,8.4
2023-08-25,23,2023-08-25T22:00,bcl,Big Cliff,1.18,1.18,0.0,1199.7,1108.98,90.72,8.2
2023-08-25,24,2023-08-25T23:00,bcl,Big Cliff,1.17,1.17,0.0,1198.86,1109.03,89.83,8.0
2023-08-26,1,2023-08-26T00:00,bcl,Big Cliff,1.18,1.18,0.0,1198.02,1109.0,89.02,8.0
2023-08-26,2,2023-08-26T01:00,bcl,Big Cliff,1.19,1.19,0.0,1197.17,1109.02,88.15,8.0
2023-08-26,3,2023-08-26T02:00,bcl,Big Cliff,1.19,1.19,0.0,1196.27,1108.95,87.32,7.9
2023-08-26,4,2023-08-26T03:00,bcl,Big Cliff,1.17,1.17,0.0,1195.37,1108.98,86.39,7.7
2023-08-26,5,2023-08-26T04:00,bcl,Big Cliff,1.17,1.17,0.0,1194.44,1108.97,85.47,7.6
2023-08-26,6,2023-08-26T05:00,bcl,Big Cliff,1.17,1.17,0.0,1193.51,1108.95,84.56,7.5
2023-08-26,7,2023-08-26T06:00,bcl,Big Cliff,1.17,1.17,0.0,1192.57,1108.93,83.64,7.5
2023-08-26,8,2023-08-26T07:00,bcl,Big Cliff,1.17,1.17,0.0,1191.62,1108.99,82.63,7.4
2023-08-26,9,2023-08-26T08:00,bcl,Big Cliff,1.15,1.15,0.0,1190.63,1108.97,81.66,7.2
2023-08-26,10,2023-08-26T09:00,bcl,Big Cliff,1.16,1.16,0.0,1189.63,1108.97,80.66,7.1
2023-08-26,11,2023-08-26T10:00,bcl,Big Cliff,1.16,1.16,0.0,1188.64,1108.93,79.71,7.1
2023-08-26,12,2023-08-26T11:00,bcl,Big Cliff,1.17,1.17,0.0,1189.68,1108.99,80.69,7.2
2023-08-26,13,2023-08-26T12:00,bcl,Big Cliff,1.17,1.17,0.0,1190.91,1108.98,81.93,7.3
2023-08-26,14,2023-08-26T13:00,bcl,Big Cliff,1.15,1.15,0.0,1192.13,1108.99,83.14,7.3
2023-08-26,15,2023-08-26T14:00,bcl,Big Cliff,1.18,1.18,0.0,1193.3,1108.98,84.32,7.6
2023-08-26,16,2023-08-26T15:00,bcl,Big Cliff,1.17,1.17,0.0,1194.44,1108.96,85.48,7.6
2023-08-26,17,2023-08-26T16:00,bcl,Big Cliff,1.17,1.17,0.0,1195.55,1108.98,86.57,7.7
2023-08-26,18,2023-08-26T17:00,bcl,Big Cliff,1.19,1.19,0.0,1196.64,1108.94,87.7,8.0
2023-08-26,19,2023-08-26T18:00,bcl,Big Cliff,1.19,1.19,0.0,1197.7,1109.01,88.69,8.1
2023-08-26,20,2023-08-26T19:00,bcl,Big Cliff,1.19,1.19,0.0,1198.74,1109.05,89.69,8.1
2023-08-26,21,2023-08-26T20:00,bcl,Big Cliff,1.2,1.2,0.0,1199.75,1109.03,90.72,8.3
2023-08-26,22,2023-08-26T21:00,bcl,Big Cliff,1.21,1.21,0.0,1200.71,1109.02,91.69,8.5
2023-08-26,23,2023-08-26T22:00,bcl,Big Cliff,1.19,1.19,0.0,1199.94,1109.06,90.88,8.3
2023-08-26,24,2023-08-26T23:00,bcl,Big Cliff,1.18,1.18,0.0,1199.11,1109.03,90.08,8.1
2023-08-27,1,2023-08-27T00:00,bcl,Big Cliff,1.18,1.18,0.0,1198.27,1109.01,89.26,8.0
2023-08-27,2,2023-08-27T01:00,bcl,Big Cliff,1.2,1.2,0.0,1197.41,1109.06,88.35,8.1
2023-08-27,3,2023-08-27T02:00,bcl,Big Cliff,1.17,1.17,0.0,1196.54,1109.03,87.51,7.8
2023-08-27,4,2023-08-27T03:00,bcl,Big Cliff,1.17,1.17,0.0,1195.64,1108.94,86.7,7.7
2023-08-27,5,2023-08-27T04:00,bcl,Big Cliff,1.18,1.18,0.0,1194.72,1108.98,85.74,7.7
2023-08-27,6,2023-08-27T05:00,bcl,Big Cliff,1.16,1.16,0.0,1193.79,1108.93,84.86,7.5
2023-08-27,7,2023-08-27T06:00,bcl,Big Cliff,1.15,1.15,0.0,1192.86,1108.98,83.88,7.4
2023-08-27,8,2023-08-27T07:00,bcl,Big Cliff,1.17,1.17,0.0,1191.9,1108.98,82.92,7.4
2023-08-27,9,2023-08-27T08:00,bcl,Big Cliff,1.17,1.17,0.0,1190.91,1108.98,81.93,7.3
2023-08-27,10,2023-08-27T09:00,bcl,Big Cliff,1.16,1.16,0.0,1189.92,1108.93,80.99,7.2
2023-08-27,11,2023-08-27T10:00,bcl,Big Cliff,1.16,1.16,0.0,1188.92,1108.92,80.0,7.1
2023-08-27,12,2023-08-27T11:00,bcl,Big Cliff,1.16,1.16,0.0,1189.94,1108.92,81.02,7.2
2023-08-27,13,2023-08-27T12:00,bcl,Big Cliff,1.17,1.17,0.0,1191.17,1109.0,82.17,7.3
2023-08-27,14,2023-08-27T13:00,bcl,Big Cliff,1.17,1.17,0.0,1192.37,1109.01,83.36,7.4
2023-08-27,15,2023-08-27T14:00,bcl,Big Cliff,1.17,1.17,0.0,1193.54,1108.97,84.57,7.5
2023-08-27,16,2023-08-27T15:00,bcl,Big Cliff,1.18,1.18,0.0,1194.68,1108.97,85.71,7.7
2023-08-27,17,2023-08-27T16:00,bcl,Big Cliff,1.2,1.2,0.0,1195.79,1108.98,86.81,7.9
2023-08-27,18,2023-08-27T17:00,bcl,Big Cliff,1.21,1.21,0.0,1196.86,1109.0,87.86,8.1
2023-08-27,19,2023-08-27T18:00,bcl,Big Cliff,1.2,1.2,0.0,1197.92,1108.99,88.93,8.1
2023-08-27,20,2023-08-27T19:00,bcl,Big Cliff,1.18,1.18,0.0,1198.95,1108.96,89.99,8.1
2023-08-27,21,2023-08-27T20:00,bcl,Big Cliff,1.18,1.18,0.0,1199.95,1108.99,90.96,8.2
2023-08-27,22,2023-08-27T21:00,bcl,Big Cliff,1.19,1.19,0.0,1200.91,1109.02,91.89,8.3
2023-08-27,23,2023-08-27T22:00,bcl,Big Cliff,1.19,1.19,0.0,1200.13,1109.03,91.1,8.3
2023-08-27,24,2023-08-27T23:00,bcl,Big Cliff,1.19,1.19,0.0,1199.32,1108.98,90.34,8.2
2023-08-28,1,2023-08-28T00:00,bcl,Big Cliff,1.19,1.19,0.0,1198.48,1108.97,89.51,8.1
2023-08-28,2,2023-08-28T01:00,bcl,Big Cliff,1.19,1.19,0.0,1197.62,1109.06,88.56,8.0
2023-08-28,3,2023-08-28T02:00,bcl,Big Cliff,1.18,1.18,0.0,1196.74,1109.05,87.69,7.9
2023-08-28,4,2023-08-28T03:00,bcl,Big Cliff,1.17,1.17,0.0,1195.85,1109.02,86.83,7.8
2023-08-28,5,2023-08-28T04:00,bcl,Big Cliff,1.17,1.17,0.0,1194.93,1108.99,85.94,7.7
2023-08-28,6,2023-08-28T05:00,bcl,Big Cliff,1.18,1.18,0.0,1194.01,1108.95,85.06,7.7
2023-08-28,7,2023-08-28T06:00,bcl,Big Cliff,1.15,1.15,0.0,1193.08,1108.91,84.17,7.4
2023-08-28,8,2023-08-28T07:00,bcl,Big Cliff,1.15,1.15,0.0,1192.14,1108.96,83.18,7.3
2023-08-28,9,2023-08-28T08:00,bcl,Big Cliff,1.17,1.17,0.0,1191.16,1108.98,82.18,7.3
2023-08-28,10,2023-08-28T09:00,bcl,Big Cliff,1.16,1.16,0.0,1190.18,1108.96,81.22,7.2
2023-08-28,11,2023-08-28T10:00,bcl,Big Cliff,1.51,0.62,0.89,1189.08,1109.45,79.63,3.8
2023-08-28,12,2023-08-28T11:00,bcl,Big Cliff,1.36,0.54,0.82,1187.79,1109.4,78.39,3.2
2023-08-28,13,2023-08-28T12:00,bcl,Big Cliff,1.28,0.57,0.71,1186.63,1109.17,77.46,3.4
2023-08-28,14,2023-08-28T13:00,bcl,Big Cliff,1.2,0.55,0.65,1185.5,1109.07,76.43,3.2
2023-08-28,15,2023-08-28T14:00,bcl,Big Cliff,1.18,0.53,0.65,1185.61,1109.07,76.54,3.1
2023-08-28,16,2023-08-28T15:00,bcl,Big Cliff,1.28,1.28,0.0,1187.0,1109.13,77.87,7.6
2023-08-28,17,2023-08-28T16:00,bcl,Big Cliff,1.22,1.22,0.0,1190.46,1109.0,81.46,7.6
2023-08-28,18,2023-08-28T17:00,bcl,Big Cliff,1.24,1.24,0.0,1193.82,1109.06,84.76,8.0
2023-08-28,19,2023-08-28T18:00,bcl,Big Cliff,1.25,1.25,0.0,1197.0,1109.04,87.96,8.4
2023-08-28,20,2023-08-28T19:00,bcl,Big Cliff,1.24,1.24,0.0,1199.95,1109.05,90.9,8.6
2023-08-28,21,2023-08-28T20:00,bcl,Big Cliff,1.22,1.22,0.0,1199.31,1109.06,90.25,8.4
2023-08-28,22,2023-08-28T21:00,bcl,Big Cliff,1.19,1.19,0.0,1198.48,1108.99,89.49,8.1
2023-08-28,23,2023-08-28T22:00,bcl,Big Cliff,1.17,1.17,0.0,1197.63,1108.96,88.67,7.9
2023-08-28,24,2023-08-28T23:00,bcl,Big Cliff,1.17,1.17,0.0,1196.76,1108.94,87.82,7.8
2023-08-29,1,2023-08-29T00:00,bcl,Big Cliff,1.17,1.17,0.0,1195.89,1108.99,86.9,7.8
2023-08-29,2,2023-08-29T01:00,bcl,Big Cliff,1.16,1.16,0.0,1194.98,1108.91,86.07,7.6
2023-08-29,3,2023-08-29T02:00,bcl,Big Cliff,1.17,1.17,0.0,1194.06,1108.98,85.08,7.6
2023-08-29,4,2023-08-29T03:00,bcl,Big Cliff,1.17,1.17,0.0,1193.12,1108.92,84.2,7.5
2023-08-29,5,2023-08-29T04:00,bcl,Big Cliff,1.17,1.17,0.0,1192.16,1108.97,83.19,7.4
2023-08-29,6,2023-08-29T05:00,bcl,Big Cliff,1.17,1.17,0.0,1191.2,1108.93,82.27,7.3
2023-08-29,7,2023-08-29T06:00,bcl,Big Cliff,1.14,1.14,0.0,1190.23,1108.86,81.37,7.1
2023-08-29,8,2023-08-29T07:00,bcl,Big Cliff,1.12,1.12,0.0,1189.28,1108.87,80.41,6.9
2023-08-29,9,2023-08-29T08:00,bcl,Big Cliff,1.17,1.17,0.0,1190.35,1108.99,81.36,7.3
2023-08-29,10,2023-08-29T09:00,bcl,Big Cliff,1.15,1.15,0.0,1191.73,1108.91,82.82,7.3
2023-08-29,11,2023-08-29T10:00,bcl,Big Cliff,1.16,1.16,0.0,1192.96,1108.91,84.05,7.4
2023-08-29,12,2023-08-29T11:00,bcl,Big Cliff,1.17,1.17,0.0,1194.16,1109.02,85.14,7.6
2023-08-29,13,2023-08-29T12:00,bcl,Big Cliff,1.19,1.19,0.0,1195.34,1109.02,86.32,7.8
2023-08-29,14,2023-08-29T13:00,bcl,Big Cliff,1.17,1.17,0.0,1196.48,1108.99,87.49,7.8
2023-08-29,15,2023-08-29T14:00,bcl,Big Cliff,1.18,1.18,0.0,1197.53,1109.01,88.52,8.0
2023-08-29,16,2023-08-29T15:00,bcl,Big Cliff,1.2,1.2,0.0,1198.56,1109.04,89.52,8.2
2023-08-29,17,2023-08-29T16:00,bcl,Big Cliff,1.2,1.2,0.0,1199.55,1109.02,90.53,8.3
2023-08-29,18,2023-08-29T17:00,bcl,Big Cliff,1.2,1.2,0.0,1200.51,1108.98,91.53,8.4
2023-08-29,19,2023-08-29T18:00,bcl,Big Cliff,1.21,1.21,0.0,1201.45,1109.0,92.45,8.5
2023-08-29,20,2023-08-29T19:00,bcl,Big Cliff,1.18,1.18,0.0,1202.35,1108.98,93.37,8.4
2023-08-29,21,2023-08-29T20:00,bcl,Big Cliff,1.18,1.18,0.0,1201.61,1109.02,92.59,8.3
2023-08-29,22,2023-08-29T21:00,bcl,Big Cliff,1.19,1.19,0.0,1200.79,1108.99,91.8,8.3
2023-08-29,23,2023-08-29T22:00,bcl,Big Cliff,1.18,1.18,0.0,1199.97,1108.99,90.98,8.2
2023-08-29,24,2023-08-29T23:00,bcl,Big Cliff,1.19,1.19,0.0,1199.14,1109.03,90.11,8.2
2023-08-30,1,2023-08-30T00:00,bcl,Big Cliff,1.18,1.18,0.0,1198.31,1109.03,89.28,8.0
2023-08-30,2,2023-08-30T01:00,bcl,Big Cliff,1.17,1.17,0.0,1197.46,1108.99,88.47,7.9
2023-08-30,3,2023-08-30T02:00,bcl,Big Cliff,1.18,1.18,0.0,1196.59,1108.96,87.63,7.9
2023-08-30,4,2023-08-30T03:00,bcl,Big Cliff,1.17,1.17,0.0,1195.69,1108.99,86.7,7.7
2023-08-30,5,2023-08-30T04:00,bcl,Big Cliff,1.17,1.17,0.0,1194.77,1108.98,85.79,7.7
2023-08-30,6,2023-08-30T05:00,bcl,Big Cliff,1.17,1.17,0.0,1193.83,1108.96,84.87,7.6
2023-08-30,7,2023-08-30T06:00,bcl,Big Cliff,1.15,1.15,0.0,1192.9,1108.88,84.02,7.4
2023-08-30,8,2023-08-30T07:00,bcl,Big Cliff,1.17,1.17,0.0,1191.95,1108.9,83.05,7.4
2023-08-30,9,2023-08-30T08:00,bcl,Big Cliff,1.15,1.15,0.0,1191.0,1108.95,82.05,7.2
2023-08-30,10,2023-08-30T09:00,bcl,Big Cliff,1.15,1.15,0.0,1190.01,1108.9,81.11,7.1
2023-08-30,11,2023-08-30T10:00,bcl,Big Cliff,1.14,1.14,0.0,1189.02,1108.88,80.14,7.0
2023-08-30,12,2023-08-30T11:00,bcl,Big Cliff,1.14,1.14,0.0,1188.01,1108.89,79.12,6.9
2023-08-30,13,2023-08-30T12:00,bcl,Big Cliff,1.15,1.15,0.0,1186.98,1108.99,77.99,6.8
2023-08-30,14,2023-08-30T13:00,bcl,Big Cliff,1.14,1.14,0.0,1185.94,1108.88,77.06,6.7
2023-08-30,15,2023-08-30T14:00,bcl,Big Cliff,1.14,1.14,0.0,1184.92,1108.91,76.01,6.6
2023-08-30,16,2023-08-30T15:00,bcl,Big Cliff,1.15,1.15,0.0,1186.08,1108.89,77.19,6.8
2023-08-30,17,2023-08-30T16:00,bcl,Big Cliff,1.27,1.27,0.0,1187.43,1109.14,78.29,7.6
2023-08-30,18,2023-08-30T17:00,bcl,Big Cliff,1.71,0.81,0.9,1186.56,1109.61,76.95,4.8
2023-08-30,19,2023-08-30T18:00,bcl,Big Cliff,1.73,1.73,0.0,1187.8,1109.81,77.99,10.3
2023-08-30,20,2023-08-30T19:00,bcl,Big Cliff,1.64,1.64,0.0,1190.94,1109.66,81.28,10.2
2023-08-30,21,2023-08-30T20:00,bcl,Big Cliff,1.66,1.66,0.0,1193.94,1109.73,84.21,10.7
2023-08-30,22,2023-08-30T21:00,bcl,Big Cliff,1.55,1.55,0.0,1196.86,1109.53,87.33,10.3
2023-08-30,23,2023-08-30T22:00,bcl,Big Cliff,1.53,1.53,0.0,1199.64,1109.49,90.15,10.5
2023-08-30,24,2023-08-30T23:00,bcl,Big Cliff,1.52,1.52,0.0,1198.74,1109.51,89.23,10.3
2023-08-31,1,2023-08-31T00:00,bcl,Big Cliff,1.53,1.53,0.0,1197.65,1109.53,88.12,10.3
2023-08-31,2,2023-08-31T01:00,bcl,Big Cliff,1.52,1.52,0.0,1196.52,1109.49,87.03,10.1
2023-08-31,3,2023-08-31T02:00,bcl,Big Cliff,1.5,1.5,0.0,1195.35,1109.43,85.92,9.8
2023-08-31,4,2023-08-31T03:00,bcl,Big Cliff,1.5,1.5,0.0,1194.16,1109.47,84.69,9.7
2023-08-31,5,2023-08-31T04:00,bcl,Big Cliff,1.51,1.51,0.0,1192.92,1109.46,83.46,9.6
2023-08-31,6,2023-08-31T05:00,bcl,Big Cliff,1.49,1.49,0.0,1191.68,1109.4,82.28,9.4
2023-08-31,7,2023-08-31T06:00,bcl,Big Cliff,1.45,1.45,0.0,1190.43,1109.41,81.02,9.0
2023-08-31,8,2023-08-31T07:00,bcl,Big Cliff,1.46,1.46,0.0,1189.16,1109.4,79.76,8.9
2023-08-31,9,2023-08-31T08:00,bcl,Big Cliff,1.43,1.43,0.0,1187.87,1109.36,78.51,8.6
2023-08-31,10,2023-08-31T09:00,bcl,Big Cliff,1.44,1.44,0.0,1186.56,1109.33,77.23,8.5
2023-08-31,11,2023-08-31T10:00,bcl,Big Cliff,1.43,1.43,0.0,1185.24,1109.33,75.91,8.3
2023-08-31,12,2023-08-31T11:00,bcl,Big Cliff,1.42,1.42,0.0,1183.9,1109.33,74.57,8.1
2023-08-31,13,2023-08-31T12:00,bcl,Big Cliff,1.43,1.43,0.0,1184.8,1109.29,75.51,8.2
2023-08-31,14,2023-08-31T13:00,bcl,Big Cliff,1.45,1.45,0.0,1185.96,1109.31,76.65,8.5
2023-08-31,15,2023-08-31T14:00,bcl,Big Cliff,1.45,1.45,0.0,1187.08,1109.33,77.75,8.6
2023-08-31,16,2023-08-31T15:00,bcl,Big Cliff,1.45,1.45,0.0,1188.17,1109.38,78.79,8.7
2023-08-31,17,2023-08-31T16:00,bcl,Big Cliff,1.45,1.45,0.0,1189.3,1109.4,79.9,8.8
2023-08-31,18,2023-08-31T17:00,bcl,Big Cliff,1.47,1.47,0.0,1192.44,1109.42,83.02,9.3
2023-08-31,19,2023-08-31T18:00,bcl,Big Cliff,1.52,1.52,0.0,1195.49,1109.52,85.97,10.0
2023-08-31,20,2023-08-31T19:00,bcl,Big Cliff,1.52,1.52,0.0,1198.32,1109.51,88.81,10.3
2023-08-31,21,2023-08-31T20:00,bcl,Big Cliff,1.53,1.53,0.0,1199.21,1109.52,89.69,10.5
2023-08-31,22,2023-08-31T21:00,bcl,Big Cliff,1.53,1.53,0.0,1199.95,1109.49,90.46,10.6
2023-08-31,23,2023-08-31T22:00,bcl,Big Cliff,1.52,1.52,0.0,1198.94,1109.48,89.46,10.4
2023-08-31,24,2023-08-31T23:00,bcl,Big Cliff,1.51,1.51,0.0,1197.85,1109.51,88.34,10.2
2023-09-01,1,2023-09-01T00:00,bcl,Big Cliff,1.51,1.51,0.0,1196.74,1109.53,87.21,10.0
2023-09-01,2,2023-09-01T01:00,bcl,Big Cliff,1.52,1.52,0.0,1195.57,1109.5,86.07,10.0
2023-09-01,3,2023-09-01T02:00,bcl,Big Cliff,1.51,1.51,0.0,1194.37,1109.5,84.87,9.8
2023-09-01,4,2023-09-01T03:00,bcl,Big Cliff,1.52,1.52,0.0,1193.14,1109.53,83.61,9.7
2023-09-01,5,2023-09-01T04:00,bcl,Big Cliff,1.52,1.52,0.0,1191.88,1109.43,82.45,9.6
2023-09-01,6,2023-09-01T05:00,bcl,Big Cliff,1.52,1.52,0.0,1190.59,1109.49,81.1,9.4
2023-09-01,7,2023-09-01T06:00,bcl,Big Cliff,1.53,1.53,0.0,1189.26,1109.49,79.77,9.3
2023-09-01,8,2023-09-01T07:00,bcl,Big Cliff,1.55,1.55,0.0,1187.89,1109.52,78.37,9.3
2023-09-01,9,2023-09-01T08:00,bcl,Big Cliff,1.52,1.52,0.0,1186.5,1109.48,77.02,8.9
2023-09-01,10,2023-09-01T09:00,bcl,Big Cliff,1.52,1.52,0.0,1185.09,1109.5,75.59,8.8
2023-09-01,11,2023-09-01T10:00,bcl,Big Cliff,1.55,1.55,0.0,1183.62,1109.57,74.05,8.8
2023-09-01,12,2023-09-01T11:00,bcl,Big Cliff,1.57,1.57,0.0,1184.35,1109.56,74.79,9.0
2023-09-01,13,2023-09-01T12:00,bcl,Big Cliff,1.58,1.58,0.0,1185.35,1109.56,75.79,9.1
2023-09-01,14,2023-09-01T13:00,bcl,Big Cliff,1.58,1.58,0.0,1186.32,1109.59,76.73,9.3
2023-09-01,15,2023-09-01T14:00,bcl,Big Cliff,1.59,1.59,0.0,1187.28,1109.57,77.71,9.4
2023-09-01,16,2023-09-01T15:00,bcl,Big Cliff,1.58,1.58,0.0,1188.29,1109.54,78.75,9.5
2023-09-01,17,2023-09-01T16:00,bcl,Big Cliff,1.59,1.59,0.0,1191.33,1109.65,81.68,9.9
2023-09-01,18,2023-09-01T17:00,bcl,Big Cliff,1.65,1.65,0.0,1194.29,1109.7,84.59,10.6
2023-09-01,19,2023-09-01T18:00,bcl,Big Cliff,1.66,1.66,0.0,1197.03,1109.73,87.3,11.1
2023-09-01,20,2023-09-01T19:00,bcl,Big Cliff,1.72,1.72,0.0,1199.63,1109.79,89.84,11.8
2023-09-01,21,2023-09-01T20:00,bcl,Big Cliff,1.75,1.75,0.0,1202.06,1109.84,92.22,12.3
2023-09-01,22,2023-09-01T21:00,bcl,Big Cliff,1.79,1.79,0.0,1204.26,1109.93,94.33,12.9
2023-09-01,23,2023-09-01T22:00,bcl,Big Cliff,1.78,1.78,0.0,1203.15,1109.84,93.31,12.7
2023-09-01,24,2023-09-01T23:00,bcl,Big Cliff,1.77,1.77,0.0,1201.92,1109.9,92.02,12.4
2023-09-02,1,2023-09-02T00:00,bcl,Big Cliff,1.74,1.74,0.0,1200.74,1109.82,90.92,12.1
2023-09-02,2,2023-09-02T01:00,bcl,Big Cliff,1.73,1.73,0.0,1199.53,1109.77,89.76,11.8
2023-09-02,3,2023-09-02T02:00,bcl,Big Cliff,1.67,1.67,0.0,1198.34,1109.67,88.67,11.3
2023-09-02,4,2023-09-02T03:00,bcl,Big Cliff,1.66,1.66,0.0,1197.14,1109.69,87.45,11.1
2023-09-02,5,2023-09-02T04:00,bcl,Big Cliff,1.65,1.65,0.0,1195.89,1109.69,86.2,10.9
2023-09-02,6,2023-09-02T05:00,bcl,Big Cliff,1.61,1.61,0.0,1194.61,1109.62,84.99,10.4
2023-09-02,7,2023-09-02T06:00,bcl,Big Cliff,1.56,1.56,0.0,1193.33,1109.58,83.75,10.0
2023-09-02,8,2023-09-02T07:00,bcl,Big Cliff,1.59,1.59,0.0,1192.03,1109.61,82.42,10.0
2023-09-02,9,2023-09-02T08:00,bcl,Big Cliff,1.56,1.56,0.0,1190.7,1109.57,81.13,9.7
2023-09-02,10,2023-09-02T09:00,bcl,Big Cliff,1.53,1.53,0.0,1189.37,1109.5,79.87,9.3
2023-09-02,11,2023-09-02T10:00,bcl,Big Cliff,1.5,1.5,0.0,1188.02,1109.48,78.54,9.0
2023-09-02,12,2023-09-02T11:00,bcl,Big Cliff,1.52,1.52,0.0,1186.62,1109.53,77.09,8.9
2023-09-02,13,2023-09-02T12:00,bcl,Big Cliff,1.56,1.56,0.0,1185.18,1109.55,75.63,9.0
2023-09-02,14,2023-09-02T13:00,bcl,Big Cliff,1.57,1.57,0.0,1183.69,1109.52,74.17,8.9
2023-09-02,15,2023-09-02T14:00,bcl,Big Cliff,1.57,1.57,0.0,1182.2,1109.58,72.62,8.7
2023-09-02,16,2023-09-02T15:00,bcl,Big Cliff,1.57,1.57,0.0,1182.98,1109.55,73.43,8.8
2023-09-02,17,2023-09-02T16:00,bcl,Big Cliff,1.57,1.57,0.0,1186.35,1109.58,76.77,9.2
2023-09-02,18,2023-09-02T17:00,bcl,Big Cliff,1.58,1.58,0.0,1189.65,1109.6,80.05,9.7
2023-09-02,19,2023-09-02T18:00,bcl,Big Cliff,1.61,1.61,0.0,1192.81,1109.65,83.16,10.2
2023-09-02,20,2023-09-02T19:00,bcl,Big Cliff,1.65,1.65,0.0,1195.7,1109.72,85.98,10.8
2023-09-02,21,2023-09-02T20:00,bcl,Big Cliff,1.66,1.66,0.0,1198.46,1109.69,88.77,11.2
2023-09-02,22,2023-09-02T21:00,bcl,Big Cliff,1.66,1.66,0.0,1201.02,1109.73,91.29,11.6
2023-09-02,23,2023-09-02T22:00,bcl,Big Cliff,1.61,1.61,0.0,1200.02,1109.63,90.39,11.1
2023-09-02,24,2023-09-02T23:00,bcl,Big Cliff,1.58,1.58,0.0,1198.91,1109.59,89.32,10.8
2023-09-03,1,2023-09-03T00:00,bcl,Big Cliff,1.59,1.59,0.0,1197.77,1109.56,88.21,10.7
2023-09-03,2,2023-09-03T01:00,bcl,Big Cliff,1.58,1.58,0.0,1196.61,1109.6,87.01,10.5
2023-09-03,3,2023-09-03T02:00,bcl,Big Cliff,1.57,1.57,0.0,1195.4,1109.59,85.81,10.3
2023-09-03,4,2023-09-03T03:00,bcl,Big Cliff,1.56,1.56,0.0,1194.17,1109.55,84.62,10.1
2023-09-03,5,2023-09-03T04:00,bcl,Big Cliff,1.53,1.53,0.0,1192.92,1109.5,83.42,9.7
2023-09-03,6,2023-09-03T05:00,bcl,Big Cliff,1.55,1.55,0.0,1191.63,1109.51,82.12,9.7
2023-09-03,7,2023-09-03T06:00,bcl,Big Cliff,1.52,1.52,0.0,1190.32,1109.52,80.8,9.4
2023-09-03,8,2023-09-03T07:00,bcl,Big Cliff,1.57,1.57,0.0,1188.94,1109.56,79.38,9.5
2023-09-03,9,2023-09-03T08:00,bcl,Big Cliff,1.56,1.56,0.0,1187.55,1109.55,78.0,9.3
2023-09-03,10,2023-09-03T09:00,bcl,Big Cliff,1.55,1.55,0.0,1188.34,1109.57,78.77,9.3
2023-09-03,11,2023-09-03T10:00,bcl,Big Cliff,1.56,1.56,0.0,1189.38,1109.53,79.85,9.5
2023-09-03,12,2023-09-03T11:00,bcl,Big Cliff,1.57,1.57,0.0,1190.34,1109.59,80.75,9.7
2023-09-03,13,2023-09-03T12:00,bcl,Big Cliff,1.56,1.56,0.0,1189.3,1109.59,79.71,9.5
2023-09-03,14,2023-09-03T13:00,bcl,Big Cliff,1.55,1.55,0.0,1187.93,1109.55,78.38,9.3
2023-09-03,15,2023-09-03T14:00,bcl,Big Cliff,1.56,1.56,0.0,1186.5,1109.52,76.98,9.2
2023-09-03,16,2023-09-03T15:00,bcl,Big Cliff,1.53,1.53,0.0,1185.09,1109.52,75.57,8.8
2023-09-03,17,2023-09-03T16:00,bcl,Big Cliff,1.56,1.56,0.0,1188.17,1109.54,78.63,9.4
2023-09-03,18,2023-09-03T17:00,bcl,Big Cliff,1.6,1.6,0.0,1191.45,1109.56,81.89,10.0
2023-09-03,19,2023-09-03T18:00,bcl,Big Cliff,1.59,1.59,0.0,1194.51,1109.57,84.94,10.3
2023-09-03,20,2023-09-03T19:00,bcl,Big Cliff,1.61,1.61,0.0,1197.38,1109.59,87.79,10.8
2023-09-03,21,2023-09-03T20:00,bcl,Big Cliff,1.64,1.64,0.0,1200.1,1109.65,90.45,11.3
2023-09-03,22,2023-09-03T21:00,bcl,Big Cliff,1.64,1.64,0.0,1202.57,1109.73,92.84,11.6
2023-09-03,23,2023-09-03T22:00,bcl,Big Cliff,1.65,1.65,0.0,1201.55,1109.68,91.87,11.6
2023-09-03,24,2023-09-03T23:00,bcl,Big Cliff,1.63,1.63,0.0,1200.41,1109.66,90.75,11.3
2023-09-04,1,2023-09-04T00:00,bcl,Big Cliff,1.64,1.64,0.0,1199.29,1109.67,89.62,11.2
2023-09-04,2,2023-09-04T01:00,bcl,Big Cliff,1.65,1.65,0.0,1198.12,1109.65,88.47,11.1
2023-09-04,3,2023-09-04T02:00,bcl,Big Cliff,1.67,1.67,0.0,1196.91,1109.73,87.18,11.1
2023-09-04,4,2023-09-04T03:00,bcl,Big Cliff,1.73,1.73,0.0,1195.6,1109.78,85.82,11.3
2023-09-04,5,2023-09-04T04:00,bcl,Big Cliff,1.75,1.75,0.0,1194.22,1109.88,84.34,11.3
2023-09-04,6,2023-09-04T05:00,bcl,Big Cliff,1.75,1.75,0.0,1192.79,1109.8,82.99,11.1
2023-09-04,7,2023-09-04T06:00,bcl,Big Cliff,1.68,1.68,0.0,1191.37,1109.7,81.67,10.5
2023-09-04,8,2023-09-04T07:00,bcl,Big Cliff,1.65,1.65,0.0,1189.94,1109.65,80.29,10.1
2023-09-04,9,2023-09-04T08:00,bcl,Big Cliff,1.64,1.64,0.0,1188.5,1109.64,78.86,9.9
2023-09-04,10,2023-09-04T09:00,bcl,Big Cliff,1.6,1.6,0.0,1189.21,1109.58,79.63,9.7
2023-09-04,11,2023-09-04T10:00,bcl,Big Cliff,1.6,1.6,0.0,1190.13,1109.57,80.56,9.8
2023-09-04,12,2023-09-04T11:00,bcl,Big Cliff,1.6,1.6,0.0,1191.0,1109.61,81.39,9.9
2023-09-04,13,2023-09-04T12:00,bcl,Big Cliff,1.6,1.6,0.0,1189.94,1109.6,80.34,9.8
2023-09-04,14,2023-09-04T13:00,bcl,Big Cliff,1.6,1.6,0.0,1188.55,1109.6,78.95,9.6
2023-09-04,15,2023-09-04T14:00,bcl,Big Cliff,1.6,1.6,0.0,1187.11,1109.63,77.48,9.5
2023-09-04,16,2023-09-04T15:00,bcl,Big Cliff,1.58,1.58,0.0,1185.66,1109.58,76.08,9.2
2023-09-04,17,2023-09-04T16:00,bcl,Big Cliff,1.6,1.6,0.0,1188.69,1109.58,79.11,9.7
2023-09-04,18,2023-09-04T17:00,bcl,Big Cliff,1.63,1.63,0.0,1191.91,1109.63,82.28,10.2
2023-09-04,19,2023-09-04T18:00,bcl,Big Cliff,1.64,1.64,0.0,1194.92,1109.64,85.28,10.7
2023-09-04,20,2023-09-04T19:00,bcl,Big Cliff,1.68,1.68,0.0,1197.64,1109.8,87.84,11.3
2023-09-04,21,2023-09-04T20:00,bcl,Big Cliff,1.77,1.77,0.0,1200.18,1109.88,90.3,12.2
2023-09-04,22,2023-09-04T21:00,bcl,Big Cliff,1.81,1.81,0.0,1202.48,1109.97,92.51,12.8
2023-09-04,23,2023-09-04T22:00,bcl,Big Cliff,1.81,1.81,0.0,1201.33,1109.91,91.42,12.6
2023-09-04,24,2023-09-04T23:00,bcl,Big Cliff,1.81,1.81,0.0,1200.05,1109.87,90.18,12.5
2023-09-05,1,2023-09-05T00:00,bcl,Big Cliff,1.77,1.77,0.0,1198.8,1109.85,88.95,12.0
2023-09-05,2,2023-09-05T01:00,bcl,Big Cliff,1.78,1.78,0.0,1197.52,1109.83,87.69,11.9
2023-09-05,3,2023-09-05T02:00,bcl,Big Cliff,1.75,1.75,0.0,1196.2,1109.79,86.41,11.5
2023-09-05,4,2023-09-05T03:00,bcl,Big Cliff,1.74,1.74,0.0,1194.85,1109.74,85.11,11.3
2023-09-05,5,2023-09-05T04:00,bcl,Big Cliff,1.69,1.69,0.0,1193.48,1109.74,83.74,10.8
2023-09-05,6,2023-09-05T05:00,bcl,Big Cliff,1.63,1.63,0.0,1192.12,1109.62,82.5,10.3
2023-09-05,7,2023-09-05T06:00,bcl,Big Cliff,1.6,1.6,0.0,1190.76,1109.62,81.14,9.9
2023-09-05,8,2023-09-05T07:00,bcl,Big Cliff,1.58,1.58,0.0,1189.39,1109.6,79.79,9.6
2023-09-05,9,2023-09-05T08:00,bcl,Big Cliff,1.59,1.59,0.0,1187.98,1109.58,78.4,9.5
2023-09-05,10,2023-09-05T09:00,bcl,Big Cliff,1.59,1.59,0.0,1188.72,1109.6,79.12,9.6
2023-09-05,11,2023-09-05T10:00,bcl,Big Cliff,1.59,1.59,0.0,1189.66,1109.59,80.07,9.7
2023-09-05,12,2023-09-05T11:00,bcl,Big Cliff,1.58,1.58,0.0,1190.58,1109.59,80.99,9.8
2023-09-05,13,2023-09-05T12:00,bcl,Big Cliff,1.59,1.59,0.0,1189.51,1109.59,79.92,9.7
2023-09-05,14,2023-09-05T13:00,bcl,Big Cliff,1.57,1.57,0.0,1188.14,1109.56,78.58,9.4
2023-09-05,15,2023-09-05T14:00,bcl,Big Cliff,1.58,1.58,0.0,1186.7,1109.57,77.13,9.3
2023-09-05,16,2023-09-05T15:00,bcl,Big Cliff,1.57,1.57,0.0,1185.26,1109.57,75.69,9.1
2023-09-05,17,2023-09-05T16:00,bcl,Big Cliff,1.59,1.59,0.0,1188.33,1109.58,78.75,9.6
2023-09-05,18,2023-09-05T17:00,bcl,Big Cliff,1.63,1.63,0.0,1191.56,1109.65,81.91,10.2
2023-09-05,19,2023-09-05T18:00,bcl,Big Cliff,1.66,1.66,0.0,1194.51,1109.7,84.81,10.7
2023-09-05,20,2023-09-05T19:00,bcl,Big Cliff,1.74,1.74,0.0,1197.22,1109.84,87.38,11.6
2023-09-05,21,2023-09-05T20:00,bcl,Big Cliff,1.79,1.79,0.0,1199.78,1109.86,89.92,12.3
2023-09-05,22,2023-09-05T21:00,bcl,Big Cliff,1.81,1.81,0.0,1202.1,1109.94,92.16,12.7
2023-09-05,23,2023-09-05T22:00,bcl,Big Cliff,1.8,1.8,0.0,1200.96,1109.88,91.08,12.5
2023-09-05,24,2023-09-05T23:00,bcl,Big Cliff,1.8,1.8,0.0,1199.69,1109.88,89.81,12.3
2023-09-06,1,2023-09-06T00:00,bcl,Big Cliff,1.73,1.73,0.0,1198.45,1109.79,88.66,11.7
2023-09-06,2,2023-09-06T01:00,bcl,Big Cliff,1.72,1.72,0.0,1197.2,1109.74,87.46,11.5
2023-09-06,3,2023-09-06T02:00,bcl,Big Cliff,1.69,1.69,0.0,1195.92,1109.71,86.21,11.1
2023-09-06,4,2023-09-06T03:00,bcl,Big Cliff,1.68,1.68,0.0,1194.59,1109.73,84.86,10.9
2023-09-06,5,2023-09-06T04:00,bcl,Big Cliff,1.64,1.64,0.0,1193.27,1109.7,83.57,10.5
2023-09-06,6,2023-09-06T05:00,bcl,Big Cliff,1.61,1.61,0.0,1191.92,1109.6,82.32,10.1
2023-09-06,7,2023-09-06T06:00,bcl,Big Cliff,1.6,1.6,0.0,1190.56,1109.6,80.96,9.9
2023-09-06,8,2023-09-06T07:00,bcl,Big Cliff,1.59,1.59,0.0,1189.18,1109.57,79.61,9.7
2023-09-06,9,2023-09-06T08:00,bcl,Big Cliff,1.58,1.58,0.0,1187.76,1109.56,78.2,9.4
2023-09-06,10,2023-09-06T09:00,bcl,Big Cliff,1.58,1.58,0.0,1188.49,1109.58,78.91,9.5
2023-09-06,11,2023-09-06T10:00,bcl,Big Cliff,1.58,1.58,0.0,1189.45,1109.59,79.86,9.6
2023-09-06,12,2023-09-06T11:00,bcl,Big Cliff,1.57,1.57,0.0,1190.38,1109.56,80.82,9.7
2023-09-06,13,2023-09-06T12:00,bcl,Big Cliff,1.58,1.58,0.0,1189.33,1109.58,79.75,9.6
2023-09-06,14,2023-09-06T13:00,bcl,Big Cliff,1.56,1.56,0.0,1187.96,1109.52,78.44,9.3
2023-09-06,15,2023-09-06T14:00,bcl,Big Cliff,1.55,1.55,0.0,1186.55,1109.57,76.98,9.1
2023-09-06,16,2023-09-06T15:00,bcl,Big Cliff,1.53,1.53,0.0,1185.12,1109.53,75.59,8.8
2023-09-06,17,2023-09-06T16:00,bcl,Big Cliff,1.56,1.56,0.0,1188.23,1109.55,78.68,9.4
2023-09-06,18,2023-09-06T17:00,bcl,Big Cliff,1.58,1.58,0.0,1191.53,1109.59,81.94,9.9
2023-09-06,19,2023-09-06T18:00,bcl,Big Cliff,1.59,1.59,0.0,1194.55,1109.58,84.97,10.3
2023-09-06,20,2023-09-06T19:00,bcl,Big Cliff,1.67,1.67,0.0,1197.31,1109.78,87.53,11.2
2023-09-06,21,2023-09-06T20:00,bcl,Big Cliff,1.75,1.75,0.0,1199.91,1109.9,90.01,12.0
2023-09-06,22,2023-09-06T21:00,bcl,Big Cliff,1.78,1.78,0.0,1202.28,1109.9,92.38,12.5
2023-09-06,23,2023-09-06T22:00,bcl,Big Cliff,1.78,1.78,0.0,1201.2,1109.82,91.38,12.4
2023-09-06,24,2023-09-06T23:00,bcl,Big Cliff,1.78,1.78,0.0,1199.95,1109.83,90.12,12.2
2023-09-07,1,2023-09-07T00:00,bcl,Big Cliff,1.71,1.71,0.0,1198.74,1109.71,89.03,11.6
2023-09-07,2,2023-09-07T01:00,bcl,Big Cliff,1.68,1.68,0.0,1197.52,1109.71,87.81,11.3
2023-09-07,3,2023-09-07T02:00,bcl,Big Cliff,1.67,1.67,0.0,1196.26,1109.67,86.59,11.0
2023-09-07,4,2023-09-07T03:00,bcl,Big Cliff,1.65,1.65,0.0,1194.97,1109.67,85.3,10.7
2023-09-07,5,2023-09-07T04:00,bcl,Big Cliff,1.64,1.64,0.0,1193.66,1109.66,84.0,10.5
2023-09-07,6,2023-09-07T05:00,bcl,Big Cliff,1.6,1.6,0.0,1192.32,1109.61,82.71,10.1
2023-09-07,7,2023-09-07T06:00,bcl,Big Cliff,1.6,1.6,0.0,1190.96,1109.63,81.33,9.9
2023-09-07,8,2023-09-07T07:00,bcl,Big Cliff,1.6,1.6,0.0,1189.58,1109.61,79.97,9.8
2023-09-07,9,2023-09-07T08:00,bcl,Big Cliff,1.58,1.58,0.0,1188.18,1109.58,78.6,9.5
2023-09-07,10,2023-09-07T09:00,bcl,Big Cliff,1.6,1.6,0.0,1188.88,1109.63,79.25,9.7
2023-09-07,11,2023-09-07T10:00,bcl,Big Cliff,1.6,1.6,0.0,1189.8,1109.62,80.18,9.8
2023-09-07,12,2023-09-07T11:00,bcl,Big Cliff,1.61,1.61,0.0,1190.72,1109.62,81.1,10.0
2023-09-07,13,2023-09-07T12:00,bcl,Big Cliff,1.6,1.6,0.0,1189.74,1109.64,80.1,9.8
2023-09-07,14,2023-09-07T13:00,bcl,Big Cliff,1.61,1.61,0.0,1188.3,1109.63,78.67,9.7
2023-09-07,15,2023-09-07T14:00,bcl,Big Cliff,1.59,1.59,0.0,1186.86,1109.59,77.27,9.4
2023-09-07,16,2023-09-07T15:00,bcl,Big Cliff,1.58,1.58,0.0,1185.4,1109.61,75.79,9.1
2023-09-07,17,2023-09-07T16:00,bcl,Big Cliff,1.6,1.6,0.0,1188.46,1109.58,78.88,9.6
2023-09-07,18,2023-09-07T17:00,bcl,Big Cliff,1.63,1.63,0.0,1191.66,1109.63,82.03,10.2
2023-09-07,19,2023-09-07T18:00,bcl,Big Cliff,1.61,1.61,0.0,1194.62,1109.59,85.03,10.4
2023-09-07,20,2023-09-07T19:00,bcl,Big Cliff,1.67,1.67,0.0,1197.4,1109.76,87.64,11.2
2023-09-07,21,2023-09-07T20:00,bcl,Big Cliff,1.77,1.77,0.0,1199.99,1109.89,90.1,12.2
2023-09-07,22,2023-09-07T21:00,bcl,Big Cliff,1.8,1.8,0.0,1202.36,1109.89,92.47,12.7
2023-09-07,23,2023-09-07T22:00,bcl,Big Cliff,1.78,1.78,0.0,1201.27,1109.87,91.4,12.4
2023-09-07,24,2023-09-07T23:00,bcl,Big Cliff,1.77,1.77,0.0,1200.02,1109.85,90.17,12.2
2023-09-08,1,2023-09-08T00:00,bcl,Big Cliff,1.77,1.77,0.0,1198.78,1109.8,88.98,12.0
2023-09-08,2,2023-09-08T01:00,bcl,Big Cliff,1.71,1.71,0.0,1197.54,1109.73,87.81,11.5
2023-09-08,3,2023-09-08T02:00,bcl,Big Cliff,1.68,1.68,0.0,1196.27,1109.74,86.53,11.1
2023-09-08,4,2023-09-08T03:00,bcl,Big Cliff,1.67,1.67,0.0,1194.96,1109.68,85.28,10.9
2023-09-08,5,2023-09-08T04:00,bcl,Big Cliff,1.67,1.67,0.0,1193.62,1109.66,83.96,10.7
2023-09-08,6,2023-09-08T05:00,bcl,Big Cliff,1.64,1.64,0.0,1192.28,1109.61,82.67,10.3
2023-09-08,7,2023-09-08T06:00,bcl,Big Cliff,1.6,1.6,0.0,1190.91,1109.58,81.33,9.9
2023-09-08,8,2023-09-08T07:00,bcl,Big Cliff,1.6,1.6,0.0,1189.52,1109.64,79.88,9.8
2023-09-08,9,2023-09-08T08:00,bcl,Big Cliff,1.6,1.6,0.0,1188.11,1109.61,78.5,9.6
2023-09-08,10,2023-09-08T09:00,bcl,Big Cliff,1.6,1.6,0.0,1188.8,1109.62,79.18,9.7
2023-09-08,11,2023-09-08T10:00,bcl,Big Cliff,1.6,1.6,0.0,1189.73,1109.59,80.14,9.8
2023-09-08,12,2023-09-08T11:00,bcl,Big Cliff,1.6,1.6,0.0,1190.6,1109.64,80.96,9.9
2023-09-08,13,2023-09-08T12:00,bcl,Big Cliff,1.61,1.61,0.0,1189.48,1109.63,79.85,9.8
2023-09-08,14,2023-09-08T13:00,bcl,Big Cliff,1.61,1.61,0.0,1188.07,1109.61,78.46,9.6
2023-09-08,15,2023-09-08T14:00,bcl,Big Cliff,1.58,1.58,0.0,1186.6,1109.62,76.98,9.3
2023-09-08,16,2023-09-08T15:00,bcl,Big Cliff,1.59,1.59,0.0,1185.14,1109.61,75.53,9.2
2023-09-08,17,2023-09-08T16:00,bcl,Big Cliff,1.59,1.59,0.0,1188.12,1109.61,78.51,9.5
2023-09-08,18,2023-09-08T17:00,bcl,Big Cliff,1.63,1.63,0.0,1191.28,1109.65,81.63,10.2
2023-09-08,19,2023-09-08T18:00,bcl,Big Cliff,1.61,1.61,0.0,1194.25,1109.61,84.64,10.4
2023-09-08,20,2023-09-08T19:00,bcl,Big Cliff,1.67,1.67,0.0,1197.05,1109.73,87.32,11.1
2023-09-08,21,2023-09-08T20:00,bcl,Big Cliff,1.66,1.66,0.0,1199.74,1109.71,90.03,11.4
2023-09-08,22,2023-09-08T21:00,bcl,Big Cliff,1.68,1.68,0.0,1202.21,1109.78,92.43,11.8
2023-09-08,23,2023-09-08T22:00,bcl,Big Cliff,1.69,1.69,0.0,1201.18,1109.72,91.46,11.8
2023-09-08,24,2023-09-08T23:00,bcl,Big Cliff,1.69,1.69,0.0,1200.0,1109.74,90.26,11.6
2023-09-09,1,2023-09-09T00:00,bcl,Big Cliff,1.67,1.67,0.0,1198.82,1109.73,89.09,11.4
2023-09-09,2,2023-09-09T01:00,bcl,Big Cliff,1.65,1.65,0.0,1197.62,1109.67,87.95,11.1
2023-09-09,3,2023-09-09T02:00,bcl,Big Cliff,1.65,1.65,0.0,1196.4,1109.65,86.75,10.9
2023-09-09,4,2023-09-09T03:00,bcl,Big Cliff,1.65,1.65,0.0,1195.13,1109.66,85.47,10.8
2023-09-09,5,2023-09-09T04:00,bcl,Big Cliff,1.61,1.61,0.0,1193.84,1109.6,84.24,10.3
2023-09-09,6,2023-09-09T05:00,bcl,Big Cliff,1.6,1.6,0.0,1192.52,1109.59,82.93,10.1
2023-09-09,7,2023-09-09T06:00,bcl,Big Cliff,1.59,1.59,0.0,1191.18,1109.6,81.58,9.9
2023-09-09,8,2023-09-09T07:00,bcl,Big Cliff,1.64,1.64,0.0,1189.8,1109.77,80.03,10.0
2023-09-09,9,2023-09-09T08:00,bcl,Big Cliff,1.67,1.67,0.0,1188.32,1109.76,78.56,10.0
2023-09-09,10,2023-09-09T09:00,bcl,Big Cliff,1.68,1.68,0.0,1188.94,1109.76,79.18,10.1
2023-09-09,11,2023-09-09T10:00,bcl,Big Cliff,1.68,1.68,0.0,1189.8,1109.72,80.08,10.3
2023-09-09,12,2023-09-09T11:00,bcl,Big Cliff,1.65,1.65,0.0,1190.64,1109.67,80.97,10.2
2023-09-09,13,2023-09-09T12:00,bcl,Big Cliff,1.63,1.63,0.0,1189.5,1109.64,79.86,9.9
2023-09-09,14,2023-09-09T13:00,bcl,Big Cliff,1.61,1.61,0.0,1188.09,1109.62,78.47,9.6
2023-09-09,15,2023-09-09T14:00,bcl,Big Cliff,1.61,1.61,0.0,1186.61,1109.59,77.02,9.5
2023-09-09,16,2023-09-09T15:00,bcl,Big Cliff,1.6,1.6,0.0,1185.15,1109.59,75.56,9.2
2023-09-09,17,2023-09-09T16:00,bcl,Big Cliff,1.61,1.61,0.0,1188.19,1109.62,78.57,9.7
2023-09-09,18,2023-09-09T17:00,bcl,Big Cliff,1.63,1.63,0.0,1191.43,1109.65,81.78,10.2
2023-09-09,19,2023-09-09T18:00,bcl,Big Cliff,1.63,1.63,0.0,1194.45,1109.61,84.84,10.6
2023-09-09,20,2023-09-09T19:00,bcl,Big Cliff,1.65,1.65,0.0,1197.31,1109.69,87.62,11.0
2023-09-09,21,2023-09-09T20:00,bcl,Big Cliff,1.71,1.71,0.0,1200.03,1109.78,90.25,11.8
2023-09-09,22,2023-09-09T21:00,bcl,Big Cliff,1.74,1.74,0.0,1202.5,1109.84,92.66,12.3
2023-09-09,23,2023-09-09T22:00,bcl,Big Cliff,1.74,1.74,0.0,1201.45,1109.79,91.66,12.2
2023-09-09,24,2023-09-09T23:00,bcl,Big Cliff,1.74,1.74,0.0,1200.23,1109.84,90.39,12.0
2023-09-10,1,2023-09-10T00:00,bcl,Big Cliff,1.74,1.74,0.0,1199.0,1109.77,89.23,11.8
2023-09-10,2,2023-09-10T01:00,bcl,Big Cliff,1.74,1.74,0.0,1197.76,1109.78,87.98,11.7
2023-09-10,3,2023-09-10T02:00,bcl,Big Cliff,1.72,1.72,0.0,1196.48,1109.73,86.75,11.4
2023-09-10,4,2023-09-10T03:00,bcl,Big Cliff,1.66,1.66,0.0,1195.18,1109.64,85.54,10.8
2023-09-10,5,2023-09-10T04:00,bcl,Big Cliff,1.65,1.65,0.0,1193.87,1109.68,84.19,10.6
2023-09-10,6,2023-09-10T05:00,bcl,Big Cliff,1.64,1.64,0.0,1192.52,1109.64,82.88,10.4
2023-09-10,7,2023-09-10T06:00,bcl,Big Cliff,1.63,1.63,0.0,1191.15,1109.61,81.54,10.1
2023-09-10,8,2023-09-10T07:00,bcl,Big Cliff,1.61,1.61,0.0,1189.74,1109.63,80.11,9.8
2023-09-10,9,2023-09-10T08:00,bcl,Big Cliff,1.6,1.6,0.0,1188.32,1109.61,78.71,9.6
2023-09-10,10,2023-09-10T09:00,bcl,Big Cliff,1.61,1.61,0.0,1189.01,1109.63,79.38,9.8
2023-09-10,11,2023-09-10T10:00,bcl,Big Cliff,1.6,1.6,0.0,1189.94,1109.64,80.3,9.8
2023-09-10,12,2023-09-10T11:00,bcl,Big Cliff,1.63,1.63,0.0,1190.82,1109.61,81.21,10.1
2023-09-10,13,2023-09-10T12:00,bcl,Big Cliff,1.63,1.63,0.0,1189.71,1109.62,80.09,10.0
2023-09-10,14,2023-09-10T13:00,bcl,Big Cliff,1.61,1.61,0.0,1188.3,1109.62,78.68,9.7
2023-09-10,15,2023-09-10T14:00,bcl,Big Cliff,1.6,1.6,0.0,1186.82,1109.63,77.19,9.4
2023-09-10,16,2023-09-10T15:00,bcl,Big Cliff,1.6,1.6,0.0,1185.36,1109.61,75.75,9.2
2023-09-10,17,2023-09-10T16:00,bcl,Big Cliff,1.6,1.6,0.0,1188.38,1109.6,78.78,9.6
2023-09-10,18,2023-09-10T17:00,bcl,Big Cliff,1.63,1.63,0.0,1191.56,1109.6,81.96,10.2
2023-09-10,19,2023-09-10T18:00,bcl,Big Cliff,1.65,1.65,0.0,1194.51,1109.66,84.85,10.7
2023-09-10,20,2023-09-10T19:00,bcl,Big Cliff,1.71,1.71,0.0,1197.26,1109.79,87.47,11.4
2023-09-10,21,2023-09-10T20:00,bcl,Big Cliff,1.73,1.73,0.0,1199.87,1109.76,90.11,11.9
2023-09-10,22,2023-09-10T21:00,bcl,Big Cliff,1.74,1.74,0.0,1202.29,1109.82,92.47,12.3
2023-09-10,23,2023-09-10T22:00,bcl,Big Cliff,1.71,1.71,0.0,1201.24,1109.79,91.45,11.9
2023-09-10,24,2023-09-10T23:00,bcl,Big Cliff,1.71,1.71,0.0,1200.04,1109.79,90.25,11.8
2023-09-11,1,2023-09-11T00:00,bcl,Big Cliff,1.65,1.65,0.0,1198.88,1109.66,89.22,11.2
2023-09-11,2,2023-09-11T01:00,bcl,Big Cliff,1.64,1.64,0.0,1197.7,1109.61,88.09,11.0
2023-09-11,3,2023-09-11T02:00,bcl,Big Cliff,1.61,1.61,0.0,1196.5,1109.63,86.87,10.7
2023-09-11,4,2023-09-11T03:00,bcl,Big Cliff,1.6,1.6,0.0,1195.26,1109.66,85.6,10.5
2023-09-11,5,2023-09-11T04:00,bcl,Big Cliff,1.59,1.59,0.0,1194.0,1109.62,84.38,10.2
2023-09-11,6,2023-09-11T05:00,bcl,Big Cliff,1.58,1.58,0.0,1192.7,1109.58,83.12,10.0
2023-09-11,7,2023-09-11T06:00,bcl,Big Cliff,1.56,1.56,0.0,1191.4,1109.56,81.84,9.7
2023-09-11,8,2023-09-11T07:00,bcl,Big Cliff,1.56,1.56,0.0,1192.11,1109.58,82.53,9.8
2023-09-11,9,2023-09-11T08:00,bcl,Big Cliff,1.57,1.57,0.0,1193.02,1109.57,83.45,10.0
2023-09-11,10,2023-09-11T09:00,bcl,Big Cliff,1.57,1.57,0.0,1193.92,1109.54,84.38,10.1
2023-09-11,11,2023-09-11T10:00,bcl,Big Cliff,1.59,1.59,0.0,1194.79,1109.59,85.2,10.3
2023-09-11,12,2023-09-11T11:00,bcl,Big Cliff,1.58,1.58,0.0,1195.64,1109.6,86.04,10.4
2023-09-11,13,2023-09-11T12:00,bcl,Big Cliff,1.59,1.59,0.0,1196.45,1109.62,86.83,10.5
2023-09-11,14,2023-09-11T13:00,bcl,Big Cliff,1.61,1.61,0.0,1197.15,1109.64,87.51,10.7
2023-09-11,15,2023-09-11T14:00,bcl,Big Cliff,1.63,1.63,0.0,1197.82,1109.65,88.17,11.0
2023-09-11,16,2023-09-11T15:00,bcl,Big Cliff,1.65,1.65,0.0,1198.5,1109.68,88.82,11.2
2023-09-11,17,2023-09-11T16:00,bcl,Big Cliff,1.65,1.65,0.0,1199.14,1109.71,89.43,11.3
2023-09-11,18,2023-09-11T17:00,bcl,Big Cliff,1.64,1.64,0.0,1199.77,1109.66,90.11,11.3
2023-09-11,19,2023-09-11T18:00,bcl,Big Cliff,1.65,1.65,0.0,1200.38,1109.66,90.72,11.4
2023-09-11,20,2023-09-11T19:00,bcl,Big Cliff,1.66,1.66,0.0,1200.99,1109.74,91.25,11.6
2023-09-11,21,2023-09-11T20:00,bcl,Big Cliff,1.65,1.65,0.0,1201.58,1109.69,91.89,11.6
2023-09-11,22,2023-09-11T21:00,bcl,Big Cliff,1.66,1.66,0.0,1202.16,1109.76,92.4,11.7
2023-09-11,23,2023-09-11T22:00,bcl,Big Cliff,1.65,1.65,0.0,1201.1,1109.69,91.41,11.5
2023-09-11,24,2023-09-11T23:00,bcl,Big Cliff,1.65,1.65,0.0,1199.93,1109.72,90.21,11.4
2023-09-12,1,2023-09-12T00:00,bcl,Big Cliff,1.65,1.65,0.0,1198.77,1109.67,89.1,11.2
2023-09-12,2,2023-09-12T01:00,bcl,Big Cliff,1.64,1.64,0.0,1197.58,1109.64,87.94,11.0
2023-09-12,3,2023-09-12T02:00,bcl,Big Cliff,1.63,1.63,0.0,1196.37,1109.62,86.75,10.8
2023-09-12,4,2023-09-12T03:00,bcl,Big Cliff,1.64,1.64,0.0,1195.1,1109.66,85.44,10.7
2023-09-12,5,2023-09-12T04:00,bcl,Big Cliff,1.61,1.61,0.0,1193.81,1109.6,84.21,10.3
2023-09-12,6,2023-09-12T05:00,bcl,Big Cliff,1.63,1.63,0.0,1192.48,1109.62,82.86,10.3
2023-09-12,7,2023-09-12T06:00,bcl,Big Cliff,1.6,1.6,0.0,1191.13,1109.59,81.54,10.0
2023-09-12,8,2023-09-12T07:00,bcl,Big Cliff,1.59,1.59,0.0,1191.74,1109.6,82.14,10.0
2023-09-12,9,2023-09-12T08:00,bcl,Big Cliff,1.6,1.6,0.0,1192.56,1109.61,82.95,10.1
2023-09-12,10,2023-09-12T09:00,bcl,Big Cliff,1.59,1.59,0.0,1193.35,1109.58,83.77,10.2
2023-09-12,11,2023-09-12T10:00,bcl,Big Cliff,1.61,1.61,0.0,1194.14,1109.59,84.55,10.4
2023-09-12,12,2023-09-12T11:00,bcl,Big Cliff,1.63,1.63,0.0,1194.9,1109.61,85.29,10.6
2023-09-12,13,2023-09-12T12:00,bcl,Big Cliff,1.63,1.63,0.0,1195.65,1109.62,86.03,10.7
2023-09-12,14,2023-09-12T13:00,bcl,Big Cliff,1.63,1.63,0.0,1196.39,1109.66,86.73,10.8
2023-09-12,15,2023-09-12T14:00,bcl,Big Cliff,1.64,1.64,0.0,1197.11,1109.64,87.47,10.9
2023-09-12,16,2023-09-12T15:00,bcl,Big Cliff,1.64,1.64,0.0,1197.82,1109.67,88.15,11.0
2023-09-12,17,2023-09-12T16:00,bcl,Big Cliff,1.64,1.64,0.0,1198.52,1109.65,88.87,11.1
2023-09-12,18,2023-09-12T17:00,bcl,Big Cliff,1.65,1.65,0.0,1199.2,1109.68,89.52,11.3
2023-09-12,19,2023-09-12T18:00,bcl,Big Cliff,1.64,1.64,0.0,1199.86,1109.65,90.21,11.3
2023-09-12,20,2023-09-12T19:00,bcl,Big Cliff,1.64,1.64,0.0,1200.51,1109.66,90.85,11.4
2023-09-12,21,2023-09-12T20:00,bcl,Big Cliff,1.65,1.65,0.0,1201.14,1109.71,91.43,11.5
2023-09-12,22,2023-09-12T21:00,bcl,Big Cliff,1.65,1.65,0.0,1201.75,1109.74,92.01,11.6
2023-09-12,23,2023-09-12T22:00,bcl,Big Cliff,1.65,1.65,0.0,1200.67,1109.7,90.97,11.5
2023-09-12,24,2023-09-12T23:00,bcl,Big Cliff,1.65,1.65,0.0,1199.52,1109.68,89.84,11.3
2023-09-13,1,2023-09-13T00:00,bcl,Big Cliff,1.64,1.64,0.0,1198.34,1109.69,88.65,11.1
2023-09-13,2,2023-09-13T01:00,bcl,Big Cliff,1.63,1.63,0.0,1197.16,1109.65,87.51,10.9
2023-09-13,3,2023-09-13T02:00,bcl,Big Cliff,1.63,1.63,0.0,1195.92,1109.69,86.23,10.7
2023-09-13,4,2023-09-13T03:00,bcl,Big Cliff,1.61,1.61,0.0,1194.65,1109.64,85.01,10.4
2023-09-13,5,2023-09-13T04:00,bcl,Big Cliff,1.6,1.6,0.0,1193.35,1109.6,83.75,10.2
2023-09-13,6,2023-09-13T05:00,bcl,Big Cliff,1.61,1.61,0.0,1192.02,1109.61,82.41,10.1
2023-09-13,7,2023-09-13T06:00,bcl,Big Cliff,1.59,1.59,0.0,1190.66,1109.6,81.06,9.8
2023-09-13,8,2023-09-13T07:00,bcl,Big Cliff,1.58,1.58,0.0,1191.33,1109.59,81.74,9.9
2023-09-13,9,2023-09-13T08:00,bcl,Big Cliff,1.59,1.59,0.0,1192.22,1109.61,82.61,10.0
2023-09-13,10,2023-09-13T09:00,bcl,Big Cliff,1.6,1.6,0.0,1193.1,1109.62,83.48,10.2
2023-09-13,11,2023-09-13T10:00,bcl,Big Cliff,1.6,1.6,0.0,1193.96,1109.62,84.34,10.3
2023-09-13,12,2023-09-13T11:00,bcl,Big Cliff,1.6,1.6,0.0,1194.8,1109.64,85.16,10.4
2023-09-13,13,2023-09-13T12:00,bcl,Big Cliff,1.61,1.61,0.0,1195.63,1109.65,85.98,10.6
2023-09-13,14,2023-09-13T13:00,bcl,Big Cliff,1.63,1.63,0.0,1196.43,1109.61,86.82,10.8
2023-09-13,15,2023-09-13T14:00,bcl,Big Cliff,1.64,1.64,0.0,1197.24,1109.62,87.62,11.0
2023-09-13,16,2023-09-13T15:00,bcl,Big Cliff,1.65,1.65,0.0,1198.01,1109.67,88.34,11.1
2023-09-13,17,2023-09-13T16:00,bcl,Big Cliff,1.66,1.66,0.0,1198.78,1109.7,89.08,11.3
2023-09-13,18,2023-09-13T17:00,bcl,Big Cliff,1.67,1.67,0.0,1199.51,1109.75,89.76,11.4
2023-09-13,19,2023-09-13T18:00,bcl,Big Cliff,1.67,1.67,0.0,1200.15,1109.7,90.45,11.5
2023-09-13,20,2023-09-13T19:00,bcl,Big Cliff,1.66,1.66,0.0,1200.77,1109.66,91.11,11.5
2023-09-13,21,2023-09-13T20:00,bcl,Big Cliff,1.67,1.67,0.0,1201.38,1109.71,91.67,11.7
2023-09-13,22,2023-09-13T21:00,bcl,Big Cliff,1.67,1.67,0.0,1201.98,1109.75,92.23,11.8
2023-09-13,23,2023-09-13T22:00,bcl,Big Cliff,1.65,1.65,0.0,1200.89,1109.69,91.2,11.5
2023-09-13,24,2023-09-13T23:00,bcl,Big Cliff,1.66,1.66,0.0,1199.73,1109.75,89.98,11.4
2023-09-14,1,2023-09-14T00:00,bcl,Big Cliff,1.66,1.66,0.0,1198.55,1109.65,88.9,11.3
2023-09-14,2,2023-09-14T01:00,bcl,Big Cliff,1.65,1.65,0.0,1197.36,1109.65,87.71,11.0
2023-09-14,3,2023-09-14T02:00,bcl,Big Cliff,1.64,1.64,0.0,1196.12,1109.65,86.47,10.8
2023-09-14,4,2023-09-14T03:00,bcl,Big Cliff,1.64,1.64,0.0,1194.84,1109.61,85.23,10.7
2023-09-14,5,2023-09-14T04:00,bcl,Big Cliff,1.63,1.63,0.0,1193.52,1109.63,83.89,10.4
2023-09-14,6,2023-09-14T05:00,bcl,Big Cliff,1.61,1.61,0.0,1192.18,1109.63,82.55,10.1
2023-09-14,7,2023-09-14T06:00,bcl,Big Cliff,1.6,1.6,0.0,1190.82,1109.58,81.24,9.9
2023-09-14,8,2023-09-14T07:00,bcl,Big Cliff,1.59,1.59,0.0,1191.46,1109.59,81.87,9.9
2023-09-14,9,2023-09-14T08:00,bcl,Big Cliff,1.59,1.59,0.0,1192.35,1109.59,82.76,10.0
2023-09-14,10,2023-09-14T09:00,bcl,Big Cliff,1.63,1.63,0.0,1193.22,1109.63,83.59,10.4
2023-09-14,11,2023-09-14T10:00,bcl,Big Cliff,1.63,1.63,0.0,1194.08,1109.65,84.43,10.5
2023-09-14,12,2023-09-14T11:00,bcl,Big Cliff,1.64,1.64,0.0,1194.91,1109.63,85.28,10.7
2023-09-14,13,2023-09-14T12:00,bcl,Big Cliff,1.63,1.63,0.0,1195.73,1109.7,86.03,10.7
2023-09-14,14,2023-09-14T13:00,bcl,Big Cliff,1.66,1.66,0.0,1196.55,1109.75,86.8,11.0
2023-09-14,15,2023-09-14T14:00,bcl,Big Cliff,1.64,1.64,0.0,1197.35,1109.65,87.7,11.0
2023-09-14,16,2023-09-14T15:00,bcl,Big Cliff,1.64,1.64,0.0,1198.15,1109.62,88.53,11.1
2023-09-14,17,2023-09-14T16:00,bcl,Big Cliff,1.64,1.64,0.0,1198.94,1109.63,89.31,11.2
2023-09-14,18,2023-09-14T17:00,bcl,Big Cliff,1.63,1.63,0.0,1199.73,1109.63,90.1,11.2
2023-09-14,19,2023-09-14T18:00,bcl,Big Cliff,1.61,1.61,0.0,1200.47,1109.66,90.81,11.2
2023-09-14,20,2023-09-14T19:00,bcl,Big Cliff,1.63,1.63,0.0,1201.17,1109.64,91.53,11.4
2023-09-14,21,2023-09-14T20:00,bcl,Big Cliff,1.64,1.64,0.0,1201.85,1109.65,92.2,11.5
2023-09-14,22,2023-09-14T21:00,bcl,Big Cliff,1.65,1.65,0.0,1202.49,1109.71,92.78,11.7
2023-09-14,23,2023-09-14T22:00,bcl,Big Cliff,1.63,1.63,0.0,1201.43,1109.63,91.8,11.4
2023-09-14,24,2023-09-14T23:00,bcl,Big Cliff,1.63,1.63,0.0,1200.3,1109.63,90.67,11.3
2023-09-15,1,2023-09-15T00:00,bcl,Big Cliff,1.63,1.63,0.0,1199.15,1109.61,89.54,11.1
2023-09-15,2,2023-09-15T01:00,bcl,Big Cliff,1.61,1.61,0.0,1198.0,1109.68,88.32,10.8
2023-09-15,3,2023-09-15T02:00,bcl,Big Cliff,1.61,1.61,0.0,1196.8,1109.59,87.21,10.7
2023-09-15,4,2023-09-15T03:00,bcl,Big Cliff,1.6,1.6,0.0,1195.56,1109.62,85.94,10.5
2023-09-15,5,2023-09-15T04:00,bcl,Big Cliff,1.6,1.6,0.0,1194.29,1109.61,84.68,10.3
2023-09-15,6,2023-09-15T05:00,bcl,Big Cliff,1.59,1.59,0.0,1193.0,1109.59,83.41,10.1
2023-09-15,7,2023-09-15T06:00,bcl,Big Cliff,1.58,1.58,0.0,1191.68,1109.55,82.13,9.9
2023-09-15,8,2023-09-15T07:00,bcl,Big Cliff,1.57,1.57,0.0,1192.35,1109.58,82.77,9.9
2023-09-15,9,2023-09-15T08:00,bcl,Big Cliff,1.56,1.56,0.0,1193.26,1109.55,83.71,10.0
2023-09-15,10,2023-09-15T09:00,bcl,Big Cliff,1.56,1.56,0.0,1194.19,1109.59,84.6,10.1
2023-09-15,11,2023-09-15T10:00,bcl,Big Cliff,1.58,1.58,0.0,1195.06,1109.59,85.47,10.3
2023-09-15,12,2023-09-15T11:00,bcl,Big Cliff,1.59,1.59,0.0,1195.92,1109.56,86.36,10.5
2023-09-15,13,2023-09-15T12:00,bcl,Big Cliff,1.59,1.59,0.0,1196.76,1109.65,87.11,10.6
2023-09-15,14,2023-09-15T13:00,bcl,Big Cliff,1.59,1.59,0.0,1197.59,1109.62,87.97,10.7
2023-09-15,15,2023-09-15T14:00,bcl,Big Cliff,1.61,1.61,0.0,1198.42,1109.67,88.75,10.9
2023-09-15,16,2023-09-15T15:00,bcl,Big Cliff,1.64,1.64,0.0,1199.21,1109.7,89.51,11.2
2023-09-15,17,2023-09-15T16:00,bcl,Big Cliff,1.65,1.65,0.0,1199.97,1109.73,90.24,11.4
2023-09-15,18,2023-09-15T17:00,bcl,Big Cliff,1.65,1.65,0.0,1200.7,1109.69,91.01,11.5
2023-09-15,19,2023-09-15T18:00,bcl,Big Cliff,1.65,1.65,0.0,1201.41,1109.66,91.75,11.6
2023-09-15,20,2023-09-15T19:00,bcl,Big Cliff,1.65,1.65,0.0,1202.11,1109.71,92.4,11.6
2023-09-15,21,2023-09-15T20:00,bcl,Big Cliff,1.64,1.64,0.0,1202.77,1109.72,93.05,11.6
2023-09-15,22,2023-09-15T21:00,bcl,Big Cliff,1.63,1.63,0.0,1201.73,1109.65,92.08,11.5
2023-09-15,23,2023-09-15T22:00,bcl,Big Cliff,1.63,1.63,0.0,1200.59,1109.65,90.94,11.3
2023-09-15,24,2023-09-15T23:00,bcl,Big Cliff,1.6,1.6,0.0,1199.48,1109.61,89.87,11.0
2023-09-16,1,2023-09-16T00:00,bcl,Big Cliff,1.6,1.6,0.0,1198.33,1109.63,88.7,10.8
2023-09-16,2,2023-09-16T01:00,bcl,Big Cliff,1.58,1.58,0.0,1197.19,1109.55,87.64,10.6
2023-09-16,3,2023-09-16T02:00,bcl,Big Cliff,1.58,1.58,0.0,1195.98,1109.56,86.42,10.4
2023-09-16,4,2023-09-16T03:00,bcl,Big Cliff,1.58,1.58,0.0,1194.74,1109.54,85.2,10.3
2023-09-16,5,2023-09-16T04:00,bcl,Big Cliff,1.56,1.56,0.0,1193.47,1109.54,83.93,10.0
2023-09-16,6,2023-09-16T05:00,bcl,Big Cliff,1.56,1.56,0.0,1192.17,1109.52,82.65,9.8
2023-09-16,7,2023-09-16T06:00,bcl,Big Cliff,1.53,1.53,0.0,1190.85,1109.51,81.34,9.5
2023-09-16,8,2023-09-16T07:00,bcl,Big Cliff,1.56,1.56,0.0,1191.55,1109.55,82.0,9.8
2023-09-16,9,2023-09-16T08:00,bcl,Big Cliff,1.57,1.57,0.0,1192.47,1109.58,82.89,9.9
2023-09-16,10,2023-09-16T09:00,bcl,Big Cliff,1.58,1.58,0.0,1193.39,1109.6,83.79,10.1
2023-09-16,11,2023-09-16T10:00,bcl,Big Cliff,1.59,1.59,0.0,1194.28,1109.52,84.76,10.3
2023-09-16,12,2023-09-16T11:00,bcl,Big Cliff,1.52,1.52,0.0,1195.2,1109.52,85.68,9.9
2023-09-16,13,2023-09-16T12:00,bcl,Big Cliff,1.57,1.57,0.0,1196.1,1109.62,86.48,10.4
2023-09-16,14,2023-09-16T13:00,bcl,Big Cliff,1.59,1.59,0.0,1196.97,1109.64,87.33,10.6
2023-09-16,15,2023-09-16T14:00,bcl,Big Cliff,1.59,1.59,0.0,1197.8,1109.63,88.17,10.7
2023-09-16,16,2023-09-16T15:00,bcl,Big Cliff,1.59,1.59,0.0,1198.62,1109.66,88.96,10.8
2023-09-16,17,2023-09-16T16:00,bcl,Big Cliff,1.65,1.65,0.0,1199.41,1109.76,89.65,11.3
2023-09-16,18,2023-09-16T17:00,bcl,Big Cliff,1.66,1.66,0.0,1200.17,1109.68,90.49,11.5
2023-09-16,19,2023-09-16T18:00,bcl,Big Cliff,1.61,1.61,0.0,1200.92,1109.63,91.29,11.2
2023-09-16,20,2023-09-16T19:00,bcl,Big Cliff,1.61,1.61,0.0,1201.66,1109.62,92.04,11.3
2023-09-16,21,2023-09-16T20:00,bcl,Big Cliff,1.61,1.61,0.0,1202.36,1109.56,92.8,11.4
2023-09-16,22,2023-09-16T21:00,bcl,Big Cliff,1.6,1.6,0.0,1201.32,1109.63,91.69,11.2
2023-09-16,23,2023-09-16T22:00,bcl,Big Cliff,1.61,1.61,0.0,1200.2,1109.65,90.55,11.1
2023-09-16,24,2023-09-16T23:00,bcl,Big Cliff,1.59,1.59,0.0,1199.08,1109.56,89.52,10.9
2023-09-17,1,2023-09-17T00:00,bcl,Big Cliff,1.57,1.57,0.0,1197.96,1109.52,88.44,10.6
2023-09-17,2,2023-09-17T01:00,bcl,Big Cliff,1.57,1.57,0.0,1196.8,1109.54,87.26,10.5
2023-09-17,3,2023-09-17T02:00,bcl,Big Cliff,1.58,1.58,0.0,1195.6,1109.54,86.06,10.4
2023-09-17,4,2023-09-17T03:00,bcl,Big Cliff,1.58,1.58,0.0,1194.35,1109.57,84.78,10.2
2023-09-17,5,2023-09-17T04:00,bcl,Big Cliff,1.53,1.53,0.0,1193.09,1109.53,83.56,9.8
2023-09-17,6,2023-09-17T05:00,bcl,Big Cliff,1.55,1.55,0.0,1191.81,1109.53,82.28,9.7
2023-09-17,7,2023-09-17T06:00,bcl,Big Cliff,1.52,1.52,0.0,1190.5,1109.51,80.99,9.4
2023-09-17,8,2023-09-17T07:00,bcl,Big Cliff,1.58,1.58,0.0,1191.24,1109.54,81.7,9.8
2023-09-17,9,2023-09-17T08:00,bcl,Big Cliff,1.57,1.57,0.0,1192.19,1109.54,82.65,9.9
2023-09-17,10,2023-09-17T09:00,bcl,Big Cliff,1.56,1.56,0.0,1193.11,1109.56,83.55,9.9
2023-09-17,11,2023-09-17T10:00,bcl,Big Cliff,1.58,1.58,0.0,1194.02,1109.57,84.45,10.2
2023-09-17,12,2023-09-17T11:00,bcl,Big Cliff,1.58,1.58,0.0,1194.91,1109.59,85.32,10.3
2023-09-17,13,2023-09-17T12:00,bcl,Big Cliff,1.58,1.58,0.0,1195.78,1109.6,86.18,10.4
2023-09-17,14,2023-09-17T13:00,bcl,Big Cliff,1.6,1.6,0.0,1196.63,1109.56,87.07,10.6
2023-09-17,15,2023-09-17T14:00,bcl,Big Cliff,1.61,1.61,0.0,1197.47,1109.61,87.86,10.8
2023-09-17,16,2023-09-17T15:00,bcl,Big Cliff,1.61,1.61,0.0,1198.31,1109.67,88.64,10.9
2023-09-17,17,2023-09-17T16:00,bcl,Big Cliff,1.64,1.64,0.0,1199.12,1109.73,89.39,11.2
2023-09-17,18,2023-09-17T17:00,bcl,Big Cliff,1.63,1.63,0.0,1199.91,1109.61,90.3,11.2
2023-09-17,19,2023-09-17T18:00,bcl,Big Cliff,1.59,1.59,0.0,1200.71,1109.6,91.11,11.1
2023-09-17,20,2023-09-17T19:00,bcl,Big Cliff,1.58,1.58,0.0,1201.48,1109.59,91.89,11.1
2023-09-17,21,2023-09-17T20:00,bcl,Big Cliff,1.59,1.59,0.0,1202.2,1109.61,92.59,11.2
2023-09-17,22,2023-09-17T21:00,bcl,Big Cliff,1.58,1.58,0.0,1201.19,1109.56,91.63,11.0
2023-09-17,23,2023-09-17T22:00,bcl,Big Cliff,1.58,1.58,0.0,1200.09,1109.55,90.54,10.9
2023-09-17,24,2023-09-17T23:00,bcl,Big Cliff,1.57,1.57,0.0,1198.97,1109.57,89.4,10.7
2023-09-18,1,2023-09-18T00:00,bcl,Big Cliff,1.57,1.57,0.0,1197.85,1109.6,88.25,10.6
2023-09-18,2,2023-09-18T01:00,bcl,Big Cliff,1.57,1.57,0.0,1196.69,1109.56,87.13,10.4
2023-09-18,3,2023-09-18T02:00,bcl,Big Cliff,1.56,1.56,0.0,1195.49,1109.57,85.92,10.2
2023-09-18,4,2023-09-18T03:00,bcl,Big Cliff,1.56,1.56,0.0,1194.25,1109.53,84.72,10.1
2023-09-18,5,2023-09-18T04:00,bcl,Big Cliff,1.56,1.56,0.0,1192.99,1109.54,83.45,9.9
2023-09-18,6,2023-09-18T05:00,bcl,Big Cliff,1.56,1.56,0.0,1191.7,1109.53,82.17,9.8
2023-09-18,7,2023-09-18T06:00,bcl,Big Cliff,1.52,1.52,0.0,1190.38,1109.47,80.91,9.4
2023-09-18,8,2023-09-18T07:00,bcl,Big Cliff,1.56,1.56,0.0,1191.13,1109.59,81.54,9.7
2023-09-18,9,2023-09-18T08:00,bcl,Big Cliff,1.56,1.56,0.0,1192.09,1109.57,82.52,9.8
2023-09-18,10,2023-09-18T09:00,bcl,Big Cliff,1.56,1.56,0.0,1193.04,1109.57,83.47,9.9
2023-09-18,11,2023-09-18T10:00,bcl,Big Cliff,1.57,1.57,0.0,1193.97,1109.57,84.4,10.1
2023-09-18,12,2023-09-18T11:00,bcl,Big Cliff,1.58,1.58,0.0,1194.89,1109.6,85.29,10.3
2023-09-18,13,2023-09-18T12:00,bcl,Big Cliff,1.59,1.59,0.0,1195.79,1109.6,86.19,10.5
2023-09-18,14,2023-09-18T13:00,bcl,Big Cliff,1.58,1.58,0.0,1196.69,1109.57,87.12,10.5
2023-09-18,15,2023-09-18T14:00,bcl,Big Cliff,1.59,1.59,0.0,1197.57,1109.61,87.96,10.7
2023-09-18,16,2023-09-18T15:00,bcl,Big Cliff,1.59,1.59,0.0,1198.44,1109.58,88.86,10.8
2023-09-18,17,2023-09-18T16:00,bcl,Big Cliff,1.6,1.6,0.0,1199.28,1109.65,89.63,10.9
2023-09-18,18,2023-09-18T17:00,bcl,Big Cliff,1.59,1.59,0.0,1200.12,1109.58,90.54,11.0
2023-09-18,19,2023-09-18T18:00,bcl,Big Cliff,1.58,1.58,0.0,1200.92,1109.57,91.35,11.0
2023-09-18,20,2023-09-18T19:00,bcl,Big Cliff,1.58,1.58,0.0,1201.7,1109.62,92.08,11.1
2023-09-18,21,2023-09-18T20:00,bcl,Big Cliff,1.58,1.58,0.0,1202.43,1109.61,92.82,11.2
2023-09-18,22,2023-09-18T21:00,bcl,Big Cliff,1.57,1.57,0.0,1201.43,1109.61,91.82,11.0
2023-09-18,23,2023-09-18T22:00,bcl,Big Cliff,1.57,1.57,0.0,1200.34,1109.55,90.79,10.9
2023-09-18,24,2023-09-18T23:00,bcl,Big Cliff,1.56,1.56,0.0,1199.25,1109.56,89.69,10.7
2023-09-19,1,2023-09-19T00:00,bcl,Big Cliff,1.56,1.56,0.0,1198.13,1109.52,88.61,10.5
2023-09-19,2,2023-09-19T01:00,bcl,Big Cliff,1.56,1.56,0.0,1197.0,1109.55,87.45,10.4
2023-09-19,3,2023-09-19T02:00,bcl,Big Cliff,1.55,1.55,0.0,1195.81,1109.55,86.26,10.2
2023-09-19,4,2023-09-19T03:00,bcl,Big Cliff,1.55,1.55,0.0,1194.59,1109.56,85.03,10.1
2023-09-19,5,2023-09-19T04:00,bcl,Big Cliff,1.55,1.55,0.0,1193.34,1109.54,83.8,9.9
2023-09-19,6,2023-09-19T05:00,bcl,Big Cliff,1.56,1.56,0.0,1192.06,1109.53,82.53,9.8
2023-09-19,7,2023-09-19T06:00,bcl,Big Cliff,1.53,1.53,0.0,1190.73,1109.56,81.17,9.5
2023-09-19,8,2023-09-19T07:00,bcl,Big Cliff,1.53,1.53,0.0,1191.48,1109.53,81.95,9.6
2023-09-19,9,2023-09-19T08:00,bcl,Big Cliff,1.55,1.55,0.0,1192.44,1109.51,82.93,9.8
2023-09-19,10,2023-09-19T09:00,bcl,Big Cliff,1.57,1.57,0.0,1193.4,1109.57,83.83,10.0
2023-09-19,11,2023-09-19T10:00,bcl,Big Cliff,1.56,1.56,0.0,1194.33,1109.57,84.76,10.1
2023-09-19,12,2023-09-19T11:00,bcl,Big Cliff,1.57,1.57,0.0,1195.24,1109.61,85.63,10.3
2023-09-19,13,2023-09-19T12:00,bcl,Big Cliff,1.58,1.58,0.0,1196.15,1109.59,86.56,10.4
2023-09-19,14,2023-09-19T13:00,bcl,Big Cliff,1.58,1.58,0.0,1197.05,1109.58,87.47,10.5
2023-09-19,15,2023-09-19T14:00,bcl,Big Cliff,1.58,1.58,0.0,1197.92,1109.59,88.33,10.6
2023-09-19,16,2023-09-19T15:00,bcl,Big Cliff,1.59,1.59,0.0,1198.77,1109.6,89.17,10.8
2023-09-19,17,2023-09-19T16:00,bcl,Big Cliff,1.61,1.61,0.0,1199.62,1109.63,89.99,11.1
2023-09-19,18,2023-09-19T17:00,bcl,Big Cliff,1.6,1.6,0.0,1200.44,1109.62,90.82,11.1
2023-09-19,19,2023-09-19T18:00,bcl,Big Cliff,1.58,1.58,0.0,1201.23,1109.57,91.66,11.0
2023-09-19,20,2023-09-19T19:00,bcl,Big Cliff,1.59,1.59,0.0,1202.0,1109.56,92.44,11.2
2023-09-19,21,2023-09-19T20:00,bcl,Big Cliff,1.58,1.58,0.0,1202.73,1109.57,93.16,11.2
2023-09-19,22,2023-09-19T21:00,bcl,Big Cliff,1.58,1.58,0.0,1201.73,1109.6,92.13,11.1
2023-09-19,23,2023-09-19T22:00,bcl,Big Cliff,1.56,1.56,0.0,1200.64,1109.56,91.08,10.8
2023-09-19,24,2023-09-19T23:00,bcl,Big Cliff,1.56,1.56,0.0,1199.56,1109.58,89.98,10.7
2023-09-20,1,2023-09-20T00:00,bcl,Big Cliff,1.56,1.56,0.0,1198.44,1109.58,88.86,10.6
2023-09-20,2,2023-09-20T01:00,bcl,Big Cliff,1.56,1.56,0.0,1197.32,1109.51,87.81,10.5
2023-09-20,3,2023-09-20T02:00,bcl,Big Cliff,1.55,1.55,0.0,1196.15,1109.51,86.64,10.2
2023-09-20,4,2023-09-20T03:00,bcl,Big Cliff,1.55,1.55,0.0,1194.94,1109.53,85.41,10.1
2023-09-20,5,2023-09-20T04:00,bcl,Big Cliff,1.56,1.56,0.0,1193.69,1109.57,84.12,10.0
2023-09-20,6,2023-09-20T05:00,bcl,Big Cliff,1.56,1.56,0.0,1192.42,1109.54,82.88,9.9
2023-09-20,7,2023-09-20T06:00,bcl,Big Cliff,1.56,1.56,0.0,1191.12,1109.58,81.54,9.7
2023-09-20,8,2023-09-20T07:00,bcl,Big Cliff,1.57,1.57,0.0,1191.86,1109.54,82.32,9.9
2023-09-20,9,2023-09-20T08:00,bcl,Big Cliff,1.57,1.57,0.0,1192.83,1109.52,83.31,10.0
2023-09-20,10,2023-09-20T09:00,bcl,Big Cliff,1.57,1.57,0.0,1193.79,1109.6,84.19,10.1
2023-09-20,11,2023-09-20T10:00,bcl,Big Cliff,1.58,1.58,0.0,1194.74,1109.59,85.15,10.3
2023-09-20,12,2023-09-20T11:00,bcl,Big Cliff,1.57,1.57,0.0,1195.66,1109.6,86.06,10.3
2023-09-20,13,2023-09-20T12:00,bcl,Big Cliff,1.58,1.58,0.0,1196.57,1109.59,86.98,10.5
2023-09-20,14,2023-09-20T13:00,bcl,Big Cliff,1.59,1.59,0.0,1197.45,1109.59,87.86,10.7
2023-09-20,15,2023-09-20T14:00,bcl,Big Cliff,1.58,1.58,0.0,1198.32,1109.59,88.73,10.7
2023-09-20,16,2023-09-20T15:00,bcl,Big Cliff,1.58,1.58,0.0,1199.16,1109.6,89.56,10.8
2023-09-20,17,2023-09-20T16:00,bcl,Big Cliff,1.6,1.6,0.0,1199.99,1109.62,90.37,11.0
2023-09-20,18,2023-09-20T17:00,bcl,Big Cliff,1.6,1.6,0.0,1200.79,1109.6,91.19,11.1
2023-09-20,19,2023-09-20T18:00,bcl,Big Cliff,1.59,1.59,0.0,1201.57,1109.59,91.98,11.2
2023-09-20,20,2023-09-20T19:00,bcl,Big Cliff,1.6,1.6,0.0,1202.33,1109.57,92.76,11.3
2023-09-20,21,2023-09-20T20:00,bcl,Big Cliff,1.61,1.61,0.0,1203.03,1109.59,93.44,11.5
2023-09-20,22,2023-09-20T21:00,bcl,Big Cliff,1.6,1.6,0.0,1202.0,1109.62,92.38,11.3
2023-09-20,23,2023-09-20T22:00,bcl,Big Cliff,1.6,1.6,0.0,1200.89,1109.57,91.32,11.1
2023-09-20,24,2023-09-20T23:00,bcl,Big Cliff,1.6,1.6,0.0,1199.79,1109.6,90.19,11.0
2023-09-21,1,2023-09-21T00:00,bcl,Big Cliff,1.59,1.59,0.0,1198.66,1109.6,89.06,10.8
2023-09-21,2,2023-09-21T01:00,bcl,Big Cliff,1.58,1.58,0.0,1197.52,1109.56,87.96,10.6
2023-09-21,3,2023-09-21T02:00,bcl,Big Cliff,1.58,1.58,0.0,1196.33,1109.6,86.73,10.5
2023-09-21,4,2023-09-21T03:00,bcl,Big Cliff,1.58,1.58,0.0,1195.11,1109.55,85.56,10.3
2023-09-21,5,2023-09-21T04:00,bcl,Big Cliff,1.58,1.58,0.0,1193.86,1109.58,84.28,10.2
2023-09-21,6,2023-09-21T05:00,bcl,Big Cliff,1.57,1.57,0.0,1192.56,1109.58,82.98,9.9
2023-09-21,7,2023-09-21T06:00,bcl,Big Cliff,1.56,1.56,0.0,1191.27,1109.54,81.73,9.7
2023-09-21,8,2023-09-21T07:00,bcl,Big Cliff,1.55,1.55,0.0,1192.04,1109.55,82.49,9.8
2023-09-21,9,2023-09-21T08:00,bcl,Big Cliff,1.56,1.56,0.0,1192.99,1109.55,83.44,9.9
2023-09-21,10,2023-09-21T09:00,bcl,Big Cliff,1.56,1.56,0.0,1193.92,1109.57,84.35,10.0
2023-09-21,11,2023-09-21T10:00,bcl,Big Cliff,1.56,1.56,0.0,1194.85,1109.55,85.3,10.2
2023-09-21,12,2023-09-21T11:00,bcl,Big Cliff,1.58,1.58,0.0,1195.74,1109.53,86.21,10.4
2023-09-21,13,2023-09-21T12:00,bcl,Big Cliff,1.59,1.59,0.0,1196.63,1109.56,87.07,10.6
2023-09-21,14,2023-09-21T13:00,bcl,Big Cliff,1.59,1.59,0.0,1197.51,1109.57,87.94,10.7
2023-09-21,15,2023-09-21T14:00,bcl,Big Cliff,1.6,1.6,0.0,1198.37,1109.6,88.77,10.8
2023-09-21,16,2023-09-21T15:00,bcl,Big Cliff,1.61,1.61,0.0,1199.22,1109.63,89.59,11.0
2023-09-21,17,2023-09-21T16:00,bcl,Big Cliff,1.63,1.63,0.0,1200.08,1109.66,90.42,11.2
2023-09-21,18,2023-09-21T17:00,bcl,Big Cliff,1.65,1.65,0.0,1200.87,1109.63,91.24,11.5
2023-09-21,19,2023-09-21T18:00,bcl,Big Cliff,1.63,1.63,0.0,1201.63,1109.61,92.02,11.4
2023-09-21,20,2023-09-21T19:00,bcl,Big Cliff,1.64,1.64,0.0,1202.38,1109.65,92.73,11.6
2023-09-21,21,2023-09-21T20:00,bcl,Big Cliff,1.64,1.64,0.0,1203.08,1109.71,93.37,11.7
2023-09-21,22,2023-09-21T21:00,bcl,Big Cliff,1.63,1.63,0.0,1202.04,1109.63,92.41,11.5
2023-09-21,23,2023-09-21T22:00,bcl,Big Cliff,1.63,1.63,0.0,1200.92,1109.66,91.26,11.3
2023-09-21,24,2023-09-21T23:00,bcl,Big Cliff,1.61,1.61,0.0,1199.8,1109.58,90.22,11.1
2023-09-22,1,2023-09-22T00:00,bcl,Big Cliff,1.6,1.6,0.0,1198.67,1109.6,89.07,10.9
2023-09-22,2,2023-09-22T01:00,bcl,Big Cliff,1.6,1.6,0.0,1197.52,1109.58,87.94,10.7
2023-09-22,3,2023-09-22T02:00,bcl,Big Cliff,1.6,1.6,0.0,1196.33,1109.62,86.71,10.6
2023-09-22,4,2023-09-22T03:00,bcl,Big Cliff,1.59,1.59,0.0,1195.11,1109.59,85.52,10.4
2023-09-22,5,2023-09-22T04:00,bcl,Big Cliff,1.58,1.58,0.0,1193.85,1109.58,84.27,10.2
2023-09-22,6,2023-09-22T05:00,bcl,Big Cliff,1.57,1.57,0.0,1192.55,1109.51,83.04,9.9
2023-09-22,7,2023-09-22T06:00,bcl,Big Cliff,1.58,1.58,0.0,1191.24,1109.52,81.72,9.9
2023-09-22,8,2023-09-22T07:00,bcl,Big Cliff,1.58,1.58,0.0,1192.03,1109.56,82.47,9.9
2023-09-22,9,2023-09-22T08:00,bcl,Big Cliff,1.57,1.57,0.0,1192.99,1109.57,83.42,10.0
2023-09-22,10,2023-09-22T09:00,bcl,Big Cliff,1.57,1.57,0.0,1193.93,1109.56,84.37,10.1
2023-09-22,11,2023-09-22T10:00,bcl,Big Cliff,1.58,1.58,0.0,1194.86,1109.56,85.3,10.3
2023-09-22,12,2023-09-22T11:00,bcl,Big Cliff,1.59,1.59,0.0,1195.76,1109.59,86.17,10.5
2023-09-22,13,2023-09-22T12:00,bcl,Big Cliff,1.61,1.61,0.0,1196.65,1109.57,87.08,10.7
2023-09-22,14,2023-09-22T13:00,bcl,Big Cliff,1.59,1.59,0.0,1197.52,1109.63,87.89,10.7
2023-09-22,15,2023-09-22T14:00,bcl,Big Cliff,1.6,1.6,0.0,1198.4,1109.6,88.8,10.8
2023-09-22,16,2023-09-22T15:00,bcl,Big Cliff,1.6,1.6,0.0,1199.23,1109.66,89.57,10.9
2023-09-22,17,2023-09-22T16:00,bcl,Big Cliff,1.63,1.63,0.0,1200.06,1109.59,90.47,11.3
2023-09-22,18,2023-09-22T17:00,bcl,Big Cliff,1.61,1.61,0.0,1200.85,1109.64,91.21,11.2
2023-09-22,19,2023-09-22T18:00,bcl,Big Cliff,1.61,1.61,0.0,1201.62,1109.57,92.05,11.3
2023-09-22,20,2023-09-22T19:00,bcl,Big Cliff,1.63,1.63,0.0,1202.38,1109.68,92.7,11.5
2023-09-22,21,2023-09-22T20:00,bcl,Big Cliff,1.63,1.63,0.0,1203.09,1109.63,93.46,11.6
2023-09-22,22,2023-09-22T21:00,bcl,Big Cliff,1.63,1.63,0.0,1202.06,1109.68,92.38,11.5
2023-09-22,23,2023-09-22T22:00,bcl,Big Cliff,1.63,1.63,0.0,1200.93,1109.65,91.28,11.4
2023-09-22,24,2023-09-22T23:00,bcl,Big Cliff,1.61,1.61,0.0,1199.82,1109.63,90.19,11.1
2023-09-23,1,2023-09-23T00:00,bcl,Big Cliff,1.6,1.6,0.0,1198.68,1109.6,89.08,10.9
2023-09-23,2,2023-09-23T01:00,bcl,Big Cliff,1.6,1.6,0.0,1197.53,1109.62,87.91,10.7
2023-09-23,3,2023-09-23T02:00,bcl,Big Cliff,1.6,1.6,0.0,1196.35,1109.58,86.77,10.6
2023-09-23,4,2023-09-23T03:00,bcl,Big Cliff,1.59,1.59,0.0,1195.12,1109.55,85.57,10.4
2023-09-23,5,2023-09-23T04:00,bcl,Big Cliff,1.58,1.58,0.0,1193.85,1109.61,84.24,10.2
2023-09-23,6,2023-09-23T05:00,bcl,Big Cliff,1.58,1.58,0.0,1192.55,1109.57,82.98,10.0
2023-09-23,7,2023-09-23T06:00,bcl,Big Cliff,1.57,1.57,0.0,1191.25,1109.55,81.7,9.8
2023-09-23,8,2023-09-23T07:00,bcl,Big Cliff,1.57,1.57,0.0,1192.03,1109.54,82.49,9.9
2023-09-23,9,2023-09-23T08:00,bcl,Big Cliff,1.57,1.57,0.0,1193.01,1109.59,83.42,10.0
2023-09-23,10,2023-09-23T09:00,bcl,Big Cliff,1.57,1.57,0.0,1193.96,1109.6,84.36,10.1
2023-09-23,11,2023-09-23T10:00,bcl,Big Cliff,1.58,1.58,0.0,1194.88,1109.59,85.29,10.3
2023-09-23,12,2023-09-23T11:00,bcl,Big Cliff,1.58,1.58,0.0,1195.79,1109.58,86.21,10.4
2023-09-23,13,2023-09-23T12:00,bcl,Big Cliff,1.59,1.59,0.0,1196.68,1109.55,87.13,10.6
2023-09-23,14,2023-09-23T13:00,bcl,Big Cliff,1.6,1.6,0.0,1197.56,1109.62,87.94,10.7
2023-09-23,15,2023-09-23T14:00,bcl,Big Cliff,1.61,1.61,0.0,1198.43,1109.61,88.82,10.9
2023-09-23,16,2023-09-23T15:00,bcl,Big Cliff,1.61,1.61,0.0,1199.27,1109.65,89.62,11.0
2023-09-23,17,2023-09-23T16:00,bcl,Big Cliff,1.63,1.63,0.0,1200.1,1109.67,90.43,11.2
2023-09-23,18,2023-09-23T17:00,bcl,Big Cliff,1.65,1.65,0.0,1200.92,1109.63,91.29,11.5
2023-09-23,19,2023-09-23T18:00,bcl,Big Cliff,1.63,1.63,0.0,1201.69,1109.65,92.04,11.4
2023-09-23,20,2023-09-23T19:00,bcl,Big Cliff,1.63,1.63,0.0,1202.46,1109.65,92.81,11.5
2023-09-23,21,2023-09-23T20:00,bcl,Big Cliff,1.63,1.63,0.0,1203.16,1109.6,93.56,11.6
2023-09-23,22,2023-09-23T21:00,bcl,Big Cliff,1.63,1.63,0.0,1202.13,1109.62,92.51,11.5
2023-09-23,23,2023-09-23T22:00,bcl,Big Cliff,1.64,1.64,0.0,1201.02,1109.64,91.38,11.4
2023-09-23,24,2023-09-23T23:00,bcl,Big Cliff,1.61,1.61,0.0,1199.91,1109.65,90.26,11.1
2023-09-24,1,2023-09-24T00:00,bcl,Big Cliff,1.63,1.63,0.0,1198.78,1109.64,89.14,11.1
2023-09-24,2,2023-09-24T01:00,bcl,Big Cliff,1.6,1.6,0.0,1197.62,1109.63,87.99,10.7
2023-09-24,3,2023-09-24T02:00,bcl,Big Cliff,1.6,1.6,0.0,1196.44,1109.58,86.86,10.6
2023-09-24,4,2023-09-24T03:00,bcl,Big Cliff,1.59,1.59,0.0,1195.2,1109.57,85.63,10.4
2023-09-24,5,2023-09-24T04:00,bcl,Big Cliff,1.59,1.59,0.0,1193.95,1109.58,84.37,10.2
2023-09-24,6,2023-09-24T05:00,bcl,Big Cliff,1.58,1.58,0.0,1192.66,1109.57,83.09,10.0
2023-09-24,7,2023-09-24T06:00,bcl,Big Cliff,1.57,1.57,0.0,1191.35,1109.53,81.82,9.8
2023-09-24,8,2023-09-24T07:00,bcl,Big Cliff,1.57,1.57,0.0,1192.14,1109.57,82.57,9.9
2023-09-24,9,2023-09-24T08:00,bcl,Big Cliff,1.57,1.57,0.0,1193.12,1109.57,83.55,10.0
2023-09-24,10,2023-09-24T09:00,bcl,Big Cliff,1.57,1.57,0.0,1194.07,1109.54,84.53,10.1
2023-09-24,11,2023-09-24T10:00,bcl,Big Cliff,1.59,1.59,0.0,1195.0,1109.6,85.4,10.4
2023-09-24,12,2023-09-24T11:00,bcl,Big Cliff,1.59,1.59,0.0,1195.92,1109.61,86.31,10.5
2023-09-24,13,2023-09-24T12:00,bcl,Big Cliff,1.58,1.58,0.0,1196.82,1109.64,87.18,10.5
2023-09-24,14,2023-09-24T13:00,bcl,Big Cliff,1.59,1.59,0.0,1197.71,1109.64,88.07,10.7
2023-09-24,15,2023-09-24T14:00,bcl,Big Cliff,1.6,1.6,0.0,1198.59,1109.6,88.99,10.9
2023-09-24,16,2023-09-24T15:00,bcl,Big Cliff,1.64,1.64,0.0,1199.46,1109.68,89.78,11.2
2023-09-24,17,2023-09-24T16:00,bcl,Big Cliff,1.66,1.66,0.0,1200.29,1109.7,90.59,11.5
2023-09-24,18,2023-09-24T17:00,bcl,Big Cliff,1.65,1.65,0.0,1201.03,1109.72,91.31,11.5
2023-09-24,19,2023-09-24T18:00,bcl,Big Cliff,1.63,1.63,0.0,1201.73,1109.63,92.1,11.5
2023-09-24,20,2023-09-24T19:00,bcl,Big Cliff,1.63,1.63,0.0,1202.45,1109.68,92.77,11.5
2023-09-24,21,2023-09-24T20:00,bcl,Big Cliff,1.64,1.64,0.0,1203.08,1109.64,93.44,11.7
2023-09-24,22,2023-09-24T21:00,bcl,Big Cliff,1.64,1.64,0.0,1202.02,1109.72,92.3,11.5
2023-09-24,23,2023-09-24T22:00,bcl,Big Cliff,1.63,1.63,0.0,1200.9,1109.64,91.26,11.3
2023-09-24,24,2023-09-24T23:00,bcl,Big Cliff,1.61,1.61,0.0,1199.8,1109.64,90.16,11.1
2023-09-25,1,2023-09-25T00:00,bcl,Big Cliff,1.61,1.61,0.0,1198.65,1109.59,89.06,10.9
2023-09-25,2,2023-09-25T01:00,bcl,Big Cliff,1.6,1.6,0.0,1197.51,1109.6,87.91,10.7
2023-09-25,3,2023-09-25T02:00,bcl,Big Cliff,1.6,1.6,0.0,1196.32,1109.59,86.73,10.6
2023-09-25,4,2023-09-25T03:00,bcl,Big Cliff,1.6,1.6,0.0,1195.07,1109.58,85.49,10.4
2023-09-25,5,2023-09-25T04:00,bcl,Big Cliff,1.59,1.59,0.0,1193.82,1109.56,84.26,10.2
2023-09-25,6,2023-09-25T05:00,bcl,Big Cliff,1.58,1.58,0.0,1192.5,1109.56,82.94,10.0
2023-09-25,7,2023-09-25T06:00,bcl,Big Cliff,1.57,1.57,0.0,1191.21,1109.55,81.66,9.8
2023-09-25,8,2023-09-25T07:00,bcl,Big Cliff,1.75,0.57,1.18,1191.88,1109.86,82.02,3.6
2023-09-25,9,2023-09-25T08:00,bcl,Big Cliff,1.67,0.0,1.67,1192.78,1109.81,82.97,0.0
2023-09-25,10,2023-09-25T09:00,bcl,Big Cliff,1.63,0.0,1.63,1193.69,1109.71,83.98,0.0
2023-09-25,11,2023-09-25T10:00,bcl,Big Cliff,1.56,0.0,1.56,1194.64,1109.65,84.99,0.0
2023-09-25,12,2023-09-25T11:00,bcl,Big Cliff,1.57,0.0,1.57,1195.6,1109.63,85.97,0.0
2023-09-25,13,2023-09-25T12:00,bcl,Big Cliff,1.58,0.0,1.58,1196.54,1109.71,86.83,0.0
2023-09-25,14,2023-09-25T13:00,bcl,Big Cliff,1.58,0.0,1.58,1197.38,1109.66,87.72,0.0
2023-09-25,15,2023-09-25T14:00,bcl,Big Cliff,1.59,0.0,1.59,1198.2,1109.69,88.51,0.0
2023-09-25,16,2023-09-25T15:00,bcl,Big Cliff,1.6,0.0,1.6,1198.99,1109.7,89.29,0.0
2023-09-25,17,2023-09-25T16:00,bcl,Big Cliff,1.56,0.0,1.56,1199.83,1109.61,90.22,0.0
2023-09-25,18,2023-09-25T17:00,bcl,Big Cliff,1.57,0.0,1.57,1200.66,1109.65,91.01,0.0
2023-09-25,19,2023-09-25T18:00,bcl,Big Cliff,1.57,0.0,1.57,1201.46,1109.72,91.74,0.0
2023-09-25,20,2023-09-25T19:00,bcl,Big Cliff,1.58,0.0,1.58,1202.24,1109.7,92.54,0.0
2023-09-25,21,2023-09-25T20:00,bcl,Big Cliff,1.59,0.0,1.59,1202.93,1109.66,93.27,0.0
2023-09-25,22,2023-09-25T21:00,bcl,Big Cliff,1.58,0.0,1.58,1201.92,1109.68,92.24,0.0
2023-09-25,23,2023-09-25T22:00,bcl,Big Cliff,1.57,0.0,1.57,1200.85,1109.65,91.2,0.0
2023-09-25,24,2023-09-25T23:00,bcl,Big Cliff,1.57,0.0,1.57,1199.79,1109.63,90.16,0.0
2023-09-26,1,2023-09-26T00:00,bcl,Big Cliff,1.56,0.0,1.56,1198.7,1109.64,89.06,0.0
2023-09-26,2,2023-09-26T01:00,bcl,Big Cliff,1.55,0.0,1.55,1197.6,1109.59,88.01,0.0
2023-09-26,3,2023-09-26T02:00,bcl,Big Cliff,1.53,0.0,1.53,1196.49,1109.59,86.9,0.0
2023-09-26,4,2023-09-26T03:00,bcl,Big Cliff,1.51,0.0,1.51,1195.33,1109.61,85.72,0.0
2023-09-26,5,2023-09-26T04:00,bcl,Big Cliff,1.51,0.0,1.51,1194.15,1109.51,84.64,0.0
2023-09-26,6,2023-09-26T05:00,bcl,Big Cliff,1.56,0.0,1.56,1192.92,1109.61,83.31,0.0
2023-09-26,7,2023-09-26T06:00,bcl,Big Cliff,1.55,0.0,1.55,1191.66,1109.56,82.1,0.0
2023-09-26,8,2023-09-26T07:00,bcl,Big Cliff,1.55,0.0,1.55,1192.44,1109.59,82.85,0.0
2023-09-26,9,2023-09-26T08:00,bcl,Big Cliff,1.56,0.0,1.56,1193.43,1109.61,83.82,0.0
2023-09-26,10,2023-09-26T09:00,bcl,Big Cliff,1.57,0.0,1.57,1194.41,1109.64,84.77,0.0
2023-09-26,11,2023-09-26T10:00,bcl,Big Cliff,1.58,0.0,1.58,1195.36,1109.64,85.72,0.0
2023-09-26,12,2023-09-26T11:00,bcl,Big Cliff,1.58,0.0,1.58,1196.23,1109.67,86.56,0.0
2023-09-26,13,2023-09-26T12:00,bcl,Big Cliff,1.59,0.0,1.59,1197.06,1109.67,87.39,0.0
2023-09-26,14,2023-09-26T13:00,bcl,Big Cliff,1.63,1.63,0.0,1197.88,1109.67,88.21,11.0
2023-09-26,15,2023-09-26T14:00,bcl,Big Cliff,1.61,1.61,0.0,1198.66,1109.63,89.03,10.9
2023-09-26,16,2023-09-26T15:00,bcl,Big Cliff,1.61,1.61,0.0,1199.46,1109.63,89.83,11.0
2023-09-26,17,2023-09-26T16:00,bcl,Big Cliff,1.61,1.61,0.0,1200.23,1109.58,90.65,11.1
2023-09-26,18,2023-09-26T17:00,bcl,Big Cliff,1.6,1.6,0.0,1201.26,1109.63,91.63,11.2
2023-09-26,19,2023-09-26T18:00,bcl,Big Cliff,1.61,1.61,0.0,1202.42,1109.59,92.83,11.4
2023-09-26,20,2023-09-26T19:00,bcl,Big Cliff,1.61,1.61,0.0,1203.49,1109.65,93.84,11.5
2023-09-26,21,2023-09-26T20:00,bcl,Big Cliff,1.61,1.61,0.0,1202.88,1109.63,93.25,11.5
2023-09-26,22,2023-09-26T21:00,bcl,Big Cliff,1.6,1.6,0.0,1202.21,1109.59,92.62,11.3
2023-09-26,23,2023-09-26T22:00,bcl,Big Cliff,1.63,1.63,0.0,1201.53,1109.64,91.89,11.4
2023-09-26,24,2023-09-26T23:00,bcl,Big Cliff,1.6,1.6,0.0,1200.87,1109.62,91.25,11.1
2023-09-27,1,2023-09-27T00:00,bcl,Big Cliff,1.6,1.6,0.0,1200.19,1109.6,90.59,11.1
2023-09-27,2,2023-09-27T01:00,bcl,Big Cliff,1.63,1.63,0.0,1199.51,1109.66,89.85,11.2
2023-09-27,3,2023-09-27T02:00,bcl,Big Cliff,1.63,1.63,0.0,1198.81,1109.62,89.19,11.1
2023-09-27,4,2023-09-27T03:00,bcl,Big Cliff,1.63,1.63,0.0,1198.1,1109.61,88.49,11.0
2023-09-27,5,2023-09-27T04:00,bcl,Big Cliff,1.63,1.63,0.0,1197.36,1109.59,87.77,10.9
2023-09-27,6,2023-09-27T05:00,bcl,Big Cliff,1.63,1.63,0.0,1196.6,1109.61,86.99,10.8
2023-09-27,7,2023-09-27T06:00,bcl,Big Cliff,1.61,1.61,0.0,1195.85,1109.63,86.22,10.6
2023-09-27,8,2023-09-27T07:00,bcl,Big Cliff,1.6,1.6,0.0,1194.79,1109.61,85.18,10.4
2023-09-27,9,2023-09-27T08:00,bcl,Big Cliff,1.6,1.6,0.0,1193.54,1109.61,83.93,10.2
2023-09-27,10,2023-09-27T09:00,bcl,Big Cliff,1.6,1.6,0.0,1194.3,1109.58,84.72,10.3
2023-09-27,11,2023-09-27T10:00,bcl,Big Cliff,1.59,1.59,0.0,1195.23,1109.57,85.66,10.4
2023-09-27,12,2023-09-27T11:00,bcl,Big Cliff,1.6,1.6,0.0,1196.16,1109.58,86.58,10.6
2023-09-27,13,2023-09-27T12:00,bcl,Big Cliff,1.63,1.63,0.0,1197.05,1109.59,87.46,10.9
2023-09-27,14,2023-09-27T13:00,bcl,Big Cliff,1.63,1.63,0.0,1197.92,1109.61,88.31,11.0
2023-09-27,15,2023-09-27T14:00,bcl,Big Cliff,1.61,1.61,0.0,1198.8,1109.7,89.1,10.9
2023-09-27,16,2023-09-27T15:00,bcl,Big Cliff,1.67,1.67,0.0,1199.64,1109.76,89.88,11.5
2023-09-27,17,2023-09-27T16:00,bcl,Big Cliff,1.66,1.66,0.0,1200.45,1109.7,90.75,11.5
2023-09-27,18,2023-09-27T17:00,bcl,Big Cliff,1.6,1.6,0.0,1201.28,1109.64,91.64,11.2
2023-09-27,19,2023-09-27T18:00,bcl,Big Cliff,1.63,1.63,0.0,1202.08,1109.63,92.45,11.5
2023-09-27,20,2023-09-27T19:00,bcl,Big Cliff,1.61,1.61,0.0,1202.81,1109.6,93.21,11.5
2023-09-27,21,2023-09-27T20:00,bcl,Big Cliff,1.64,1.64,0.0,1201.77,1109.68,92.09,11.5
2023-09-27,22,2023-09-27T21:00,bcl,Big Cliff,1.6,1.6,0.0,1200.68,1109.58,91.1,11.1
2023-09-27,23,2023-09-27T22:00,bcl,Big Cliff,1.61,1.61,0.0,1199.57,1109.63,89.94,11.0
2023-09-27,24,2023-09-27T23:00,bcl,Big Cliff,1.63,1.63,0.0,1198.88,1109.62,89.26,11.1
2023-09-28,1,2023-09-28T00:00,bcl,Big Cliff,1.61,1.61,0.0,1198.15,1109.64,88.51,10.9
2023-09-28,2,2023-09-28T01:00,bcl,Big Cliff,1.63,1.63,0.0,1197.39,1109.63,87.76,10.9
2023-09-28,3,2023-09-28T02:00,bcl,Big Cliff,1.63,1.63,0.0,1196.61,1109.65,86.96,10.8
2023-09-28,4,2023-09-28T03:00,bcl,Big Cliff,1.61,1.61,0.0,1196.01,1109.6,86.41,10.6
2023-09-28,5,2023-09-28T04:00,bcl,Big Cliff,1.61,1.61,0.0,1195.42,1109.62,85.8,10.5
2023-09-28,6,2023-09-28T05:00,bcl,Big Cliff,1.61,1.61,0.0,1195.18,1109.65,85.53,10.5
2023-09-28,7,2023-09-28T06:00,bcl,Big Cliff,1.6,1.6,0.0,1195.01,1109.58,85.43,10.4
2023-09-28,8,2023-09-28T07:00,bcl,Big Cliff,1.6,1.6,0.0,1194.54,1109.6,84.94,10.4
2023-09-28,9,2023-09-28T08:00,bcl,Big Cliff,1.61,1.61,0.0,1195.35,1109.58,85.77,10.5
2023-09-28,10,2023-09-28T09:00,bcl,Big Cliff,1.61,1.61,0.0,1196.26,1109.59,86.67,10.6
2023-09-28,11,2023-09-28T10:00,bcl,Big Cliff,1.61,1.61,0.0,1197.16,1109.66,87.5,10.7
2023-09-28,12,2023-09-28T11:00,bcl,Big Cliff,1.63,1.63,0.0,1198.04,1109.64,88.4,11.0
2023-09-28,13,2023-09-28T12:00,bcl,Big Cliff,1.63,1.63,0.0,1198.9,1109.65,89.25,11.1
2023-09-28,14,2023-09-28T13:00,bcl,Big Cliff,1.63,1.63,0.0,1199.74,1109.65,90.09,11.2
2023-09-28,15,2023-09-28T14:00,bcl,Big Cliff,1.66,1.66,0.0,1200.48,1109.71,90.77,11.5
2023-09-28,16,2023-09-28T15:00,bcl,Big Cliff,1.78,1.78,0.0,1201.14,1109.84,91.3,12.4
2023-09-28,17,2023-09-28T16:00,bcl,Big Cliff,1.79,1.79,0.0,1201.77,1109.79,91.98,12.6
2023-09-28,18,2023-09-28T17:00,bcl,Big Cliff,1.77,1.77,0.0,1202.42,1109.83,92.59,12.5
2023-09-28,19,2023-09-28T18:00,bcl,Big Cliff,1.73,1.73,0.0,1203.03,1109.76,93.27,12.3
2023-09-28,20,2023-09-28T19:00,bcl,Big Cliff,1.74,1.74,0.0,1203.61,1109.83,93.78,12.5
2023-09-28,21,2023-09-28T20:00,bcl,Big Cliff,1.72,1.72,0.0,1202.5,1109.79,92.71,12.2
2023-09-28,22,2023-09-28T21:00,bcl,Big Cliff,1.69,1.69,0.0,1201.34,1109.76,91.58,11.8
2023-09-28,23,2023-09-28T22:00,bcl,Big Cliff,1.69,1.69,0.0,1200.19,1109.71,90.48,11.7
2023-09-28,24,2023-09-28T23:00,bcl,Big Cliff,1.64,1.64,0.0,1199.05,1109.67,89.38,11.2
2023-09-29,1,2023-09-29T00:00,bcl,Big Cliff,1.64,1.64,0.0,1198.26,1109.67,88.59,11.1
2023-09-29,2,2023-09-29T01:00,bcl,Big Cliff,1.63,1.63,0.0,1197.54,1109.64,87.9,10.9
2023-09-29,3,2023-09-29T02:00,bcl,Big Cliff,1.63,1.63,0.0,1196.85,1109.65,87.2,10.8
2023-09-29,4,2023-09-29T03:00,bcl,Big Cliff,1.61,1.61,0.0,1196.14,1109.6,86.54,10.6
2023-09-29,5,2023-09-29T04:00,bcl,Big Cliff,1.63,1.63,0.0,1195.43,1109.63,85.8,10.7
2023-09-29,6,2023-09-29T05:00,bcl,Big Cliff,1.63,1.63,0.0,1194.7,1109.65,85.05,10.6
2023-09-29,7,2023-09-29T06:00,bcl,Big Cliff,1.61,1.61,0.0,1194.02,1109.65,84.37,10.4
2023-09-29,8,2023-09-29T07:00,bcl,Big Cliff,1.6,1.6,0.0,1195.19,1109.6,85.59,10.4
2023-09-29,9,2023-09-29T08:00,bcl,Big Cliff,1.6,1.6,0.0,1196.1,1109.66,86.44,10.6
2023-09-29,10,2023-09-29T09:00,bcl,Big Cliff,1.64,1.64,0.0,1196.99,1109.61,87.38,10.9
2023-09-29,11,2023-09-29T10:00,bcl,Big Cliff,1.63,1.63,0.0,1197.87,1109.66,88.21,11.0
2023-09-29,12,2023-09-29T11:00,bcl,Big Cliff,1.64,1.64,0.0,1198.73,1109.69,89.04,11.1
2023-09-29,13,2023-09-29T12:00,bcl,Big Cliff,1.63,1.63,0.0,1199.58,1109.63,89.95,11.2
2023-09-29,14,2023-09-29T13:00,bcl,Big Cliff,1.65,1.65,0.0,1200.4,1109.67,90.73,11.4
2023-09-29,15,2023-09-29T14:00,bcl,Big Cliff,1.65,1.65,0.0,1201.2,1109.62,91.58,11.5
2023-09-29,16,2023-09-29T15:00,bcl,Big Cliff,1.59,1.59,0.0,1202.03,1109.58,92.45,11.2
2023-09-29,17,2023-09-29T16:00,bcl,Big Cliff,1.6,1.6,0.0,1202.83,1109.65,93.18,11.4
2023-09-29,18,2023-09-29T17:00,bcl,Big Cliff,1.63,1.63,0.0,1203.6,1109.59,94.01,11.7
2023-09-29,19,2023-09-29T18:00,bcl,Big Cliff,1.61,1.61,0.0,1204.26,1109.63,94.63,11.6
2023-09-29,20,2023-09-29T19:00,bcl,Big Cliff,1.61,1.61,0.0,1203.26,1109.68,93.58,11.5
2023-09-29,21,2023-09-29T20:00,bcl,Big Cliff,1.61,1.61,0.0,1202.17,1109.65,92.52,11.4
2023-09-29,22,2023-09-29T21:00,bcl,Big Cliff,1.6,1.6,0.0,1201.1,1109.58,91.52,11.2
2023-09-29,23,2023-09-29T22:00,bcl,Big Cliff,1.59,1.59,0.0,1200.01,1109.57,90.44,11.0
2023-09-29,24,2023-09-29T23:00,bcl,Big Cliff,1.58,1.58,0.0,1198.92,1109.56,89.36,10.8
2023-09-30,1,2023-09-30T00:00,bcl,Big Cliff,1.6,1.6,0.0,1198.3,1109.58,88.72,10.8
2023-09-30,2,2023-09-30T01:00,bcl,Big Cliff,1.59,1.59,0.0,1197.69,1109.61,88.08,10.7
2023-09-30,3,2023-09-30T02:00,bcl,Big Cliff,1.58,1.58,0.0,1197.06,1109.57,87.49,10.5
2023-09-30,4,2023-09-30T03:00,bcl,Big Cliff,1.58,1.58,0.0,1196.44,1109.55,86.89,10.5
2023-09-30,5,2023-09-30T04:00,bcl,Big Cliff,1.57,1.57,0.0,1195.81,1109.56,86.25,10.3
2023-09-30,6,2023-09-30T05:00,bcl,Big Cliff,1.57,1.57,0.0,1195.17,1109.56,85.61,10.3
2023-09-30,7,2023-09-30T06:00,bcl,Big Cliff,1.56,1.56,0.0,1194.52,1109.59,84.93,10.1
2023-09-30,8,2023-09-30T07:00,bcl,Big Cliff,1.58,1.58,0.0,1193.86,1109.57,84.29,10.2
2023-09-30,9,2023-09-30T08:00,bcl,Big Cliff,1.59,1.59,0.0,1193.21,1109.55,83.66,10.1
2023-09-30,10,2023-09-30T09:00,bcl,Big Cliff,1.58,1.58,0.0,1194.01,1109.62,84.39,10.2
2023-09-30,11,2023-09-30T10:00,bcl,Big Cliff,1.58,1.58,0.0,1194.96,1109.57,85.39,10.3
2023-09-30,12,2023-09-30T11:00,bcl,Big Cliff,1.58,1.58,0.0,1195.91,1109.57,86.34,10.4
2023-09-30,13,2023-09-30T12:00,bcl,Big Cliff,1.58,1.58,0.0,1196.82,1109.57,87.25,10.5
2023-09-30,14,2023-09-30T13:00,bcl,Big Cliff,1.6,1.6,0.0,1197.73,1109.65,88.08,10.8
2023-09-30,15,2023-09-30T14:00,bcl,Big Cliff,1.6,1.6,0.0,1198.63,1109.63,89.0,10.9
2023-09-30,16,2023-09-30T15:00,bcl,Big Cliff,1.61,1.61,0.0,1199.5,1109.65,89.85,11.0
2023-09-30,17,2023-09-30T16:00,bcl,Big Cliff,1.66,1.66,0.0,1200.34,1109.66,90.68,11.5
2023-09-30,18,2023-09-30T17:00,bcl,Big Cliff,1.65,1.65,0.0,1201.14,1109.69,91.45,11.5
2023-09-30,19,2023-09-30T18:00,bcl,Big Cliff,1.65,1.65,0.0,1201.82,1109.64,92.18,11.6
2023-09-30,20,2023-09-30T19:00,bcl,Big Cliff,1.64,1.64,0.0,1201.21,1109.64,91.57,11.5
2023-09-30,21,2023-09-30T20:00,bcl,Big Cliff,1.64,1.64,0.0,1200.58,1109.65,90.93,11.4
2023-09-30,22,2023-09-30T21:00,bcl,Big Cliff,1.64,1.64,0.0,1199.98,1109.65,90.33,11.3
2023-09-30,23,2023-09-30T22:00,bcl,Big Cliff,1.63,1.63,0.0,1199.36,1109.61,89.75,11.2
2023-09-30,24,2023-09-30T23:00,bcl,Big Cliff,1.61,1.61,0.0,1198.73,1109.58,89.15,11.0
2023-10-01,1,2023-10-01T00:00,bcl,Big Cliff,1.64,1.64,0.0,1198.1,1109.6,88.5,11.1
2023-10-01,2,2023-10-01T01:00,bcl,Big Cliff,1.64,1.64,0.0,1197.46,1109.6,87.86,11.0
2023-10-01,3,2023-10-01T02:00,bcl,Big Cliff,1.6,1.6,0.0,1196.8,1109.65,87.15,10.6
2023-10-01,4,2023-10-01T03:00,bcl,Big Cliff,1.6,1.6,0.0,1196.14,1109.58,86.56,10.6
2023-10-01,5,2023-10-01T04:00,bcl,Big Cliff,1.59,1.59,0.0,1195.48,1109.58,85.9,10.4
2023-10-01,6,2023-10-01T05:00,bcl,Big Cliff,1.59,1.59,0.0,1194.8,1109.58,85.22,10.3
2023-10-01,7,2023-10-01T06:00,bcl,Big Cliff,1.59,1.59,0.0,1194.13,1109.61,84.52,10.3
2023-10-01,8,2023-10-01T07:00,bcl,Big Cliff,1.58,1.58,0.0,1193.45,1109.58,83.87,10.1
2023-10-01,9,2023-10-01T08:00,bcl,Big Cliff,1.58,1.58,0.0,1192.81,1109.58,83.23,10.0
2023-10-01,10,2023-10-01T09:00,bcl,Big Cliff,1.58,1.58,0.0,1193.63,1109.61,84.02,10.1
2023-10-01,11,2023-10-01T10:00,bcl,Big Cliff,1.6,1.6,0.0,1194.6,1109.66,84.94,10.4
2023-10-01,12,2023-10-01T11:00,bcl,Big Cliff,1.6,1.6,0.0,1195.54,1109.56,85.98,10.5
2023-10-01,13,2023-10-01T12:00,bcl,Big Cliff,1.59,1.59,0.0,1196.47,1109.62,86.85,10.5
2023-10-01,14,2023-10-01T13:00,bcl,Big Cliff,1.63,1.63,0.0,1197.39,1109.64,87.75,10.9
2023-10-01,15,2023-10-01T14:00,bcl,Big Cliff,1.63,1.63,0.0,1198.3,1109.68,88.62,11.0
2023-10-01,16,2023-10-01T15:00,bcl,Big Cliff,1.64,1.64,0.0,1199.17,1109.66,89.51,11.2
2023-10-01,17,2023-10-01T16:00,bcl,Big Cliff,1.65,1.65,0.0,1200.04,1109.69,90.35,11.4
2023-10-01,18,2023-10-01T17:00,bcl,Big Cliff,1.63,1.63,0.0,1200.86,1109.65,91.21,11.3
2023-10-01,19,2023-10-01T18:00,bcl,Big Cliff,1.63,1.63,0.0,1201.6,1109.67,91.93,11.4
2023-10-01,20,2023-10-01T19:00,bcl,Big Cliff,1.61,1.61,0.0,1201.0,1109.62,91.38,11.2
2023-10-01,21,2023-10-01T20:00,bcl,Big Cliff,1.63,1.63,0.0,1200.38,1109.62,90.76,11.3
2023-10-01,22,2023-10-01T21:00,bcl,Big Cliff,1.61,1.61,0.0,1199.79,1109.65,90.14,11.1
2023-10-01,23,2023-10-01T22:00,bcl,Big Cliff,1.61,1.61,0.0,1199.16,1109.61,89.55,11.0
2023-10-01,24,2023-10-01T23:00,bcl,Big Cliff,1.61,1.61,0.0,1198.54,1109.64,88.9,10.9
2023-10-02,1,2023-10-02T00:00,bcl,Big Cliff,1.6,1.6,0.0,1197.9,1109.59,88.31,10.8
2023-10-02,2,2023-10-02T01:00,bcl,Big Cliff,1.6,1.6,0.0,1197.26,1109.62,87.64,10.7
2023-10-02,3,2023-10-02T02:00,bcl,Big Cliff,1.59,1.59,0.0,1196.61,1109.63,86.98,10.6
2023-10-02,4,2023-10-02T03:00,bcl,Big Cliff,1.6,1.6,0.0,1195.95,1109.61,86.34,10.5
2023-10-02,5,2023-10-02T04:00,bcl,Big Cliff,1.6,1.6,0.0,1195.28,1109.61,85.67,10.5
2023-10-02,6,2023-10-02T05:00,bcl,Big Cliff,1.58,1.58,0.0,1194.6,1109.59,85.01,10.2
2023-10-02,7,2023-10-02T06:00,bcl,Big Cliff,1.6,1.6,0.0,1193.93,1109.63,84.3,10.3
2023-10-02,8,2023-10-02T07:00,bcl,Big Cliff,1.56,1.56,0.0,1193.25,1109.57,83.68,10.0
2023-10-02,9,2023-10-02T08:00,bcl,Big Cliff,1.57,1.57,0.0,1192.6,1109.58,83.02,9.9
2023-10-02,10,2023-10-02T09:00,bcl,Big Cliff,1.56,1.56,0.0,1193.54,1109.56,83.98,10.0
2023-10-02,11,2023-10-02T10:00,bcl,Big Cliff,1.57,1.57,0.0,1194.53,1109.54,84.99,10.2
2023-10-02,12,2023-10-02T11:00,bcl,Big Cliff,1.58,1.58,0.0,1195.48,1109.62,85.86,10.4
2023-10-02,13,2023-10-02T12:00,bcl,Big Cliff,1.59,1.59,0.0,1196.42,1109.59,86.83,10.5
2023-10-02,14,2023-10-02T13:00,bcl,Big Cliff,1.6,1.6,0.0,1197.34,1109.59,87.75,10.7
2023-10-02,15,2023-10-02T14:00,bcl,Big Cliff,1.61,1.61,0.0,1198.24,1109.65,88.59,10.9
2023-10-02,16,2023-10-02T15:00,bcl,Big Cliff,1.61,1.61,0.0,1199.14,1109.6,89.54,11.0
2023-10-02,17,2023-10-02T16:00,bcl,Big Cliff,1.64,1.64,0.0,1200.02,1109.68,90.34,11.3
2023-10-02,18,2023-10-02T17:00,bcl,Big Cliff,1.65,1.65,0.0,1200.87,1109.63,91.24,11.5
2023-10-02,19,2023-10-02T18:00,bcl,Big Cliff,1.64,1.64,0.0,1201.64,1109.66,91.98,11.5
2023-10-02,20,2023-10-02T19:00,bcl,Big Cliff,1.63,1.63,0.0,1201.02,1109.65,91.37,11.4
2023-10-02,21,2023-10-02T20:00,bcl,Big Cliff,1.64,1.64,0.0,1200.41,1109.6,90.81,11.4
2023-10-02,22,2023-10-02T21:00,bcl,Big Cliff,1.63,1.63,0.0,1199.81,1109.66,90.15,11.2
2023-10-02,23,2023-10-02T22:00,bcl,Big Cliff,1.63,1.63,0.0,1199.19,1109.61,89.58,11.1
2023-10-02,24,2023-10-02T23:00,bcl,Big Cliff,1.61,1.61,0.0,1198.61,1109.59,89.02,10.9
2023-10-03,1,2023-10-03T00:00,bcl,Big Cliff,1.6,1.6,0.0,1198.12,1109.62,88.5,10.8
2023-10-03,2,2023-10-03T01:00,bcl,Big Cliff,1.61,1.61,0.0,1197.64,1109.6,88.04,10.8
2023-10-03,3,2023-10-03T02:00,bcl,Big Cliff,1.6,1.6,0.0,1197.2,1109.57,87.63,10.7
2023-10-03,4,2023-10-03T03:00,bcl,Big Cliff,1.61,1.61,0.0,1196.73,1109.6,87.13,10.7
2023-10-03,5,2023-10-03T04:00,bcl,Big Cliff,1.61,1.61,0.0,1196.29,1109.61,86.68,10.6
2023-10-03,6,2023-10-03T05:00,bcl,Big Cliff,1.61,1.61,0.0,1195.85,1109.57,86.28,10.6
2023-10-03,7,2023-10-03T06:00,bcl,Big Cliff,1.6,1.6,0.0,1195.41,1109.56,85.85,10.5
2023-10-03,8,2023-10-03T07:00,bcl,Big Cliff,1.59,1.59,0.0,1195.0,1109.58,85.42,10.4
2023-10-03,9,2023-10-03T08:00,bcl,Big Cliff,1.59,1.59,0.0,1194.57,1109.6,84.97,10.3
2023-10-03,10,2023-10-03T09:00,bcl,Big Cliff,1.58,1.58,0.0,1194.14,1109.58,84.56,10.2
2023-10-03,11,2023-10-03T10:00,bcl,Big Cliff,1.59,1.59,0.0,1193.76,1109.58,84.18,10.2
2023-10-03,12,2023-10-03T11:00,bcl,Big Cliff,1.59,1.59,0.0,1194.84,1109.56,85.28,10.3
2023-10-03,13,2023-10-03T12:00,bcl,Big Cliff,1.59,1.59,0.0,1195.87,1109.6,86.27,10.5
2023-10-03,14,2023-10-03T13:00,bcl,Big Cliff,1.6,1.6,0.0,1196.86,1109.57,87.29,10.7
2023-10-03,15,2023-10-03T14:00,bcl,Big Cliff,1.6,1.6,0.0,1197.84,1109.63,88.21,10.8
2023-10-03,16,2023-10-03T15:00,bcl,Big Cliff,1.61,1.61,0.0,1198.8,1109.6,89.2,11.0
2023-10-03,17,2023-10-03T16:00,bcl,Big Cliff,1.66,1.66,0.0,1199.73,1109.73,90.0,11.4
2023-10-03,18,2023-10-03T17:00,bcl,Big Cliff,1.66,1.66,0.0,1200.64,1109.67,90.97,11.5
2023-10-03,19,2023-10-03T18:00,bcl,Big Cliff,1.65,1.65,0.0,1201.43,1109.65,91.78,11.6
2023-10-03,20,2023-10-03T19:00,bcl,Big Cliff,1.64,1.64,0.0,1200.81,1109.66,91.15,11.4
2023-10-03,21,2023-10-03T20:00,bcl,Big Cliff,1.63,1.63,0.0,1200.35,1109.61,90.74,11.3
2023-10-03,22,2023-10-03T21:00,bcl,Big Cliff,1.63,1.63,0.0,1199.92,1109.63,90.29,11.2
2023-10-03,23,2023-10-03T22:00,bcl,Big Cliff,1.63,1.63,0.0,1199.48,1109.66,89.82,11.2
2023-10-03,24,2023-10-03T23:00,bcl,Big Cliff,1.61,1.61,0.0,1199.03,1109.67,89.36,11.0
2023-10-04,1,2023-10-04T00:00,bcl,Big Cliff,1.63,1.63,0.0,1198.57,1109.61,88.96,11.1
2023-10-04,2,2023-10-04T01:00,bcl,Big Cliff,1.63,1.63,0.0,1198.11,1109.65,88.46,11.0
2023-10-04,3,2023-10-04T02:00,bcl,Big Cliff,1.61,1.61,0.0,1197.63,1109.57,88.06,10.8
2023-10-04,4,2023-10-04T03:00,bcl,Big Cliff,1.6,1.6,0.0,1197.16,1109.58,87.58,10.7
2023-10-04,5,2023-10-04T04:00,bcl,Big Cliff,1.59,1.59,0.0,1196.69,1109.56,87.13,10.6
2023-10-04,6,2023-10-04T05:00,bcl,Big Cliff,1.6,1.6,0.0,1196.21,1109.6,86.61,10.6
2023-10-04,7,2023-10-04T06:00,bcl,Big Cliff,1.6,1.6,0.0,1195.72,1109.58,86.14,10.5
2023-10-04,8,2023-10-04T07:00,bcl,Big Cliff,1.58,1.58,0.0,1195.26,1109.55,85.71,10.3
2023-10-04,9,2023-10-04T08:00,bcl,Big Cliff,1.58,1.58,0.0,1194.78,1109.58,85.2,10.3
2023-10-04,10,2023-10-04T09:00,bcl,Big Cliff,1.58,1.58,0.0,1194.29,1109.62,84.67,10.2
2023-10-04,11,2023-10-04T10:00,bcl,Big Cliff,1.58,1.58,0.0,1193.85,1109.56,84.29,10.2
2023-10-04,12,2023-10-04T11:00,bcl,Big Cliff,1.59,1.59,0.0,1194.65,1109.54,85.11,10.3
2023-10-04,13,2023-10-04T12:00,bcl,Big Cliff,1.59,1.59,0.0,1195.63,1109.57,86.06,10.4
2023-10-04,14,2023-10-04T13:00,bcl,Big Cliff,1.6,1.6,0.0,1196.61,1109.57,87.04,10.6
2023-10-04,15,2023-10-04T14:00,bcl,Big Cliff,1.6,1.6,0.0,1197.55,1109.61,87.94,10.7
2023-10-04,16,2023-10-04T15:00,bcl,Big Cliff,1.63,1.63,0.0,1198.49,1109.68,88.81,11.0
2023-10-04,17,2023-10-04T16:00,bcl,Big Cliff,1.64,1.64,0.0,1199.4,1109.7,89.7,11.2
2023-10-04,18,2023-10-04T17:00,bcl,Big Cliff,1.66,1.66,0.0,1200.28,1109.67,90.61,11.5
2023-10-04,19,2023-10-04T18:00,bcl,Big Cliff,1.65,1.65,0.0,1201.07,1109.68,91.39,11.5
2023-10-04,20,2023-10-04T19:00,bcl,Big Cliff,1.64,1.64,0.0,1200.62,1109.64,90.98,11.4
2023-10-04,21,2023-10-04T20:00,bcl,Big Cliff,1.61,1.61,0.0,1200.18,1109.59,90.59,11.1
2023-10-04,22,2023-10-04T21:00,bcl,Big Cliff,1.6,1.6,0.0,1199.74,1109.61,90.13,11.0
2023-10-04,23,2023-10-04T22:00,bcl,Big Cliff,1.6,1.6,0.0,1199.28,1109.61,89.67,10.9
2023-10-04,24,2023-10-04T23:00,bcl,Big Cliff,1.6,1.6,0.0,1198.85,1109.58,89.27,10.9
2023-10-05,1,2023-10-05T00:00,bcl,Big Cliff,1.6,1.6,0.0,1198.43,1109.58,88.85,10.8
2023-10-05,2,2023-10-05T01:00,bcl,Big Cliff,1.59,1.59,0.0,1197.99,1109.59,88.4,10.7
2023-10-05,3,2023-10-05T02:00,bcl,Big Cliff,1.6,1.6,0.0,1197.56,1109.6,87.96,10.7
2023-10-05,4,2023-10-05T03:00,bcl,Big Cliff,1.59,1.59,0.0,1197.13,1109.57,87.56,10.6
2023-10-05,5,2023-10-05T04:00,bcl,Big Cliff,1.58,1.58,0.0,1196.69,1109.57,87.12,10.5
2023-10-05,6,2023-10-05T05:00,bcl,Big Cliff,1.6,1.6,0.0,1196.24,1109.56,86.68,10.6
2023-10-05,7,2023-10-05T06:00,bcl,Big Cliff,1.58,1.58,0.0,1195.8,1109.56,86.24,10.4
2023-10-05,8,2023-10-05T07:00,bcl,Big Cliff,1.56,1.56,0.0,1195.37,1109.54,85.83,10.2
2023-10-05,9,2023-10-05T08:00,bcl,Big Cliff,1.57,1.57,0.0,1194.93,1109.55,85.38,10.2
2023-10-05,10,2023-10-05T09:00,bcl,Big Cliff,1.56,1.56,0.0,1194.48,1109.55,84.93,10.1
2023-10-05,11,2023-10-05T10:00,bcl,Big Cliff,1.58,1.58,0.0,1194.06,1109.59,84.47,10.2
2023-10-05,12,2023-10-05T11:00,bcl,Big Cliff,1.57,1.57,0.0,1194.85,1109.57,85.28,10.2
2023-10-05,13,2023-10-05T12:00,bcl,Big Cliff,1.58,1.58,0.0,1195.81,1109.56,86.25,10.4
2023-10-05,14,2023-10-05T13:00,bcl,Big Cliff,1.59,1.59,0.0,1196.77,1109.62,87.15,10.6
2023-10-05,15,2023-10-05T14:00,bcl,Big Cliff,1.6,1.6,0.0,1197.72,1109.6,88.12,10.8
2023-10-05,16,2023-10-05T15:00,bcl,Big Cliff,1.61,1.61,0.0,1198.65,1109.6,89.05,10.9
2023-10-05,17,2023-10-05T16:00,bcl,Big Cliff,1.61,1.61,0.0,1199.57,1109.66,89.91,11.0
2023-10-05,18,2023-10-05T17:00,bcl,Big Cliff,1.63,1.63,0.0,1200.45,1109.7,90.75,11.3
2023-10-05,19,2023-10-05T18:00,bcl,Big Cliff,1.64,1.64,0.0,1201.24,1109.68,91.56,11.5
2023-10-05,20,2023-10-05T19:00,bcl,Big Cliff,1.63,1.63,0.0,1200.8,1109.6,91.2,11.3
2023-10-05,21,2023-10-05T20:00,bcl,Big Cliff,1.61,1.61,0.0,1200.34,1109.67,90.67,11.1
2023-10-05,22,2023-10-05T21:00,bcl,Big Cliff,1.63,1.63,0.0,1199.88,1109.62,90.26,11.2
2023-10-05,23,2023-10-05T22:00,bcl,Big Cliff,1.6,1.6,0.0,1199.42,1109.57,89.85,11.0
2023-10-05,24,2023-10-05T23:00,bcl,Big Cliff,1.6,1.6,0.0,1198.97,1109.58,89.39,10.9
2023-10-06,1,2023-10-06T00:00,bcl,Big Cliff,1.59,1.59,0.0,1198.76,1109.57,89.19,10.8
2023-10-06,2,2023-10-06T01:00,bcl,Big Cliff,1.58,1.58,0.0,1198.57,1109.58,88.99,10.7
2023-10-06,3,2023-10-06T02:00,bcl,Big Cliff,1.58,1.58,0.0,1198.38,1109.56,88.82,10.7
2023-10-06,4,2023-10-06T03:00,bcl,Big Cliff,1.59,1.59,0.0,1198.17,1109.57,88.6,10.7
2023-10-06,5,2023-10-06T04:00,bcl,Big Cliff,1.59,1.59,0.0,1197.97,1109.6,88.37,10.7
2023-10-06,6,2023-10-06T05:00,bcl,Big Cliff,1.6,1.6,0.0,1197.76,1109.56,88.2,10.8
2023-10-06,7,2023-10-06T06:00,bcl,Big Cliff,1.57,1.57,0.0,1197.56,1109.59,87.97,10.5
2023-10-06,8,2023-10-06T07:00,bcl,Big Cliff,1.57,1.57,0.0,1197.38,1109.58,87.8,10.5
2023-10-06,9,2023-10-06T08:00,bcl,Big Cliff,1.59,1.59,0.0,1197.16,1109.57,87.59,10.6
2023-10-06,10,2023-10-06T09:00,bcl,Big Cliff,1.59,1.59,0.0,1196.96,1109.58,87.38,10.6
2023-10-06,11,2023-10-06T10:00,bcl,Big Cliff,1.6,1.6,0.0,1196.65,1109.59,87.06,10.6
2023-10-06,12,2023-10-06T11:00,bcl,Big Cliff,1.6,1.6,0.0,1195.48,1109.57,85.91,10.5
2023-10-06,13,2023-10-06T12:00,bcl,Big Cliff,1.59,1.59,0.0,1194.24,1109.6,84.64,10.3
2023-10-06,14,2023-10-06T13:00,bcl,Big Cliff,1.61,1.61,0.0,1192.95,1109.67,83.28,10.2
2023-10-06,15,2023-10-06T14:00,bcl,Big Cliff,1.59,1.59,0.0,1191.63,1109.64,81.99,9.9
2023-10-06,16,2023-10-06T15:00,bcl,Big Cliff,1.58,1.58,0.0,1190.3,1109.61,80.69,9.7
2023-10-06,17,2023-10-06T16:00,bcl,Big Cliff,1.6,1.6,0.0,1191.14,1109.59,81.55,10.0
2023-10-06,18,2023-10-06T17:00,bcl,Big Cliff,1.59,1.59,0.0,1192.21,1109.58,82.63,10.0
2023-10-06,19,2023-10-06T18:00,bcl,Big Cliff,1.58,1.58,0.0,1193.46,1109.58,83.88,10.1
2023-10-06,20,2023-10-06T19:00,bcl,Big Cliff,1.59,1.59,0.0,1195.53,1109.61,85.92,10.4
2023-10-06,21,2023-10-06T20:00,bcl,Big Cliff,1.61,1.61,0.0,1197.51,1109.63,87.88,10.8
2023-10-06,22,2023-10-06T21:00,bcl,Big Cliff,1.61,1.61,0.0,1199.39,1109.63,89.76,11.0
2023-10-06,23,2023-10-06T22:00,bcl,Big Cliff,1.6,1.6,0.0,1199.33,1109.59,89.74,11.0
2023-10-06,24,2023-10-06T23:00,bcl,Big Cliff,1.6,1.6,0.0,1199.12,1109.61,89.51,10.9
2023-10-07,1,2023-10-07T00:00,bcl,Big Cliff,1.6,1.6,0.0,1198.9,1109.61,89.29,10.9
2023-10-07,2,2023-10-07T01:00,bcl,Big Cliff,1.6,1.6,0.0,1198.67,1109.61,89.06,10.9
2023-10-07,3,2023-10-07T02:00,bcl,Big Cliff,1.6,1.6,0.0,1198.44,1109.64,88.8,10.8
2023-10-07,4,2023-10-07T03:00,bcl,Big Cliff,1.6,1.6,0.0,1198.21,1109.61,88.6,10.8
2023-10-07,5,2023-10-07T04:00,bcl,Big Cliff,1.61,1.61,0.0,1197.96,1109.59,88.37,10.9
2023-10-07,6,2023-10-07T05:00,bcl,Big Cliff,1.61,1.61,0.0,1197.72,1109.62,88.1,10.8
2023-10-07,7,2023-10-07T06:00,bcl,Big Cliff,1.6,1.6,0.0,1197.5,1109.6,87.9,10.7
2023-10-07,8,2023-10-07T07:00,bcl,Big Cliff,1.6,1.6,0.0,1197.27,1109.64,87.63,10.7
2023-10-07,9,2023-10-07T08:00,bcl,Big Cliff,1.59,1.59,0.0,1197.03,1109.6,87.43,10.6
2023-10-07,10,2023-10-07T09:00,bcl,Big Cliff,1.6,1.6,0.0,1196.78,1109.6,87.18,10.6
2023-10-07,11,2023-10-07T10:00,bcl,Big Cliff,1.6,1.6,0.0,1196.54,1109.62,86.92,10.6
2023-10-07,12,2023-10-07T11:00,bcl,Big Cliff,1.6,1.6,0.0,1195.35,1109.63,85.72,10.5
2023-10-07,13,2023-10-07T12:00,bcl,Big Cliff,1.59,1.59,0.0,1194.12,1109.57,84.55,10.3
2023-10-07,14,2023-10-07T13:00,bcl,Big Cliff,1.57,1.57,0.0,1192.83,1109.56,83.27,10.0
2023-10-07,15,2023-10-07T14:00,bcl,Big Cliff,1.59,1.59,0.0,1191.52,1109.59,81.93,9.9
2023-10-07,16,2023-10-07T15:00,bcl,Big Cliff,1.58,1.58,0.0,1190.18,1109.55,80.63,9.7
2023-10-07,17,2023-10-07T16:00,bcl,Big Cliff,1.6,1.6,0.0,1191.04,1109.62,81.42,9.9
2023-10-07,18,2023-10-07T17:00,bcl,Big Cliff,1.57,1.57,0.0,1192.11,1109.58,82.53,9.9
2023-10-07,19,2023-10-07T18:00,bcl,Big Cliff,1.58,1.58,0.0,1193.31,1109.61,83.7,10.1
2023-10-07,20,2023-10-07T19:00,bcl,Big Cliff,1.59,1.59,0.0,1195.39,1109.62,85.77,10.4
2023-10-07,21,2023-10-07T20:00,bcl,Big Cliff,1.6,1.6,0.0,1197.42,1109.63,87.79,10.7
2023-10-07,22,2023-10-07T21:00,bcl,Big Cliff,1.61,1.61,0.0,1199.34,1109.68,89.66,11.0
2023-10-07,23,2023-10-07T22:00,bcl,Big Cliff,1.6,1.6,0.0,1199.3,1109.62,89.68,10.9
2023-10-07,24,2023-10-07T23:00,bcl,Big Cliff,1.6,1.6,0.0,1199.1,1109.66,89.44,10.9
2023-10-08,1,2023-10-08T00:00,bcl,Big Cliff,1.6,1.6,0.0,1198.91,1109.59,89.32,10.9
2023-10-08,2,2023-10-08T01:00,bcl,Big Cliff,1.61,1.61,0.0,1198.7,1109.63,89.07,10.9
2023-10-08,3,2023-10-08T02:00,bcl,Big Cliff,1.63,1.63,0.0,1198.51,1109.61,88.9,11.1
2023-10-08,4,2023-10-08T03:00,bcl,Big Cliff,1.61,1.61,0.0,1198.31,1109.57,88.74,10.9
2023-10-08,5,2023-10-08T04:00,bcl,Big Cliff,1.61,1.61,0.0,1198.11,1109.66,88.45,10.9
2023-10-08,6,2023-10-08T05:00,bcl,Big Cliff,1.6,1.6,0.0,1197.9,1109.61,88.29,10.8
2023-10-08,7,2023-10-08T06:00,bcl,Big Cliff,1.6,1.6,0.0,1197.7,1109.61,88.09,10.8
2023-10-08,8,2023-10-08T07:00,bcl,Big Cliff,1.6,1.6,0.0,1197.51,1109.6,87.91,10.7
2023-10-08,9,2023-10-08T08:00,bcl,Big Cliff,1.6,1.6,0.0,1197.31,1109.6,87.71,10.7
2023-10-08,10,2023-10-08T09:00,bcl,Big Cliff,1.6,1.6,0.0,1197.09,1109.6,87.49,10.7
2023-10-08,11,2023-10-08T10:00,bcl,Big Cliff,1.61,1.61,0.0,1196.89,1109.59,87.3,10.7
2023-10-08,12,2023-10-08T11:00,bcl,Big Cliff,1.6,1.6,0.0,1195.7,1109.63,86.07,10.5
2023-10-08,13,2023-10-08T12:00,bcl,Big Cliff,1.61,1.61,0.0,1194.48,1109.57,84.91,10.4
2023-10-08,14,2023-10-08T13:00,bcl,Big Cliff,1.59,1.59,0.0,1193.19,1109.61,83.58,10.1
2023-10-08,15,2023-10-08T14:00,bcl,Big Cliff,1.58,1.58,0.0,1191.9,1109.55,82.35,9.9
2023-10-08,16,2023-10-08T15:00,bcl,Big Cliff,1.58,1.58,0.0,1190.56,1109.6,80.96,9.8
2023-10-08,17,2023-10-08T16:00,bcl,Big Cliff,1.59,1.59,0.0,1191.44,1109.56,81.88,9.9
2023-10-08,18,2023-10-08T17:00,bcl,Big Cliff,1.59,1.59,0.0,1192.5,1109.61,82.89,10.1
2023-10-08,19,2023-10-08T18:00,bcl,Big Cliff,1.59,1.59,0.0,1193.52,1109.59,83.93,10.2
2023-10-08,20,2023-10-08T19:00,bcl,Big Cliff,1.6,1.6,0.0,1195.56,1109.63,85.93,10.5
2023-10-08,21,2023-10-08T20:00,bcl,Big Cliff,1.61,1.61,0.0,1197.57,1109.65,87.92,10.8
2023-10-08,22,2023-10-08T21:00,bcl,Big Cliff,1.61,1.61,0.0,1199.46,1109.65,89.81,11.0
2023-10-08,23,2023-10-08T22:00,bcl,Big Cliff,1.63,1.63,0.0,1199.4,1109.63,89.77,11.2
2023-10-08,24,2023-10-08T23:00,bcl,Big Cliff,1.63,1.63,0.0,1199.18,1109.66,89.52,11.1
2023-10-09,1,2023-10-09T00:00,bcl,Big Cliff,1.63,1.63,0.0,1198.94,1109.63,89.31,11.1
2023-10-09,2,2023-10-09T01:00,bcl,Big Cliff,1.63,1.63,0.0,1198.71,1109.61,89.1,11.1
2023-10-09,3,2023-10-09T02:00,bcl,Big Cliff,1.61,1.61,0.0,1198.48,1109.57,88.91,10.9
2023-10-09,4,2023-10-09T03:00,bcl,Big Cliff,1.61,1.61,0.0,1198.24,1109.59,88.65,10.9
2023-10-09,5,2023-10-09T04:00,bcl,Big Cliff,1.61,1.61,0.0,1198.01,1109.6,88.41,10.9
2023-10-09,6,2023-10-09T05:00,bcl,Big Cliff,1.61,1.61,0.0,1197.78,1109.56,88.22,10.8
2023-10-09,7,2023-10-09T06:00,bcl,Big Cliff,1.61,1.61,0.0,1197.54,1109.6,87.94,10.8
2023-10-09,8,2023-10-09T07:00,bcl,Big Cliff,1.6,1.6,0.0,1197.32,1109.64,87.68,10.7
2023-10-09,9,2023-10-09T08:00,bcl,Big Cliff,1.6,1.6,0.0,1197.08,1109.6,87.48,10.7
2023-10-09,10,2023-10-09T09:00,bcl,Big Cliff,1.61,1.61,0.0,1196.82,1109.59,87.23,10.7
2023-10-09,11,2023-10-09T10:00,bcl,Big Cliff,1.61,1.61,0.0,1196.58,1109.64,86.94,10.7
2023-10-09,12,2023-10-09T11:00,bcl,Big Cliff,1.6,1.6,0.0,1195.39,1109.58,85.81,10.5
2023-10-09,13,2023-10-09T12:00,bcl,Big Cliff,1.59,1.59,0.0,1194.18,1109.6,84.58,10.3
2023-10-09,14,2023-10-09T13:00,bcl,Big Cliff,1.59,1.59,0.0,1192.89,1109.54,83.35,10.1
2023-10-09,15,2023-10-09T14:00,bcl,Big Cliff,1.58,1.58,0.0,1191.6,1109.59,82.01,9.9
2023-10-09,16,2023-10-09T15:00,bcl,Big Cliff,1.58,1.58,0.0,1190.25,1109.58,80.67,9.7
2023-10-09,17,2023-10-09T16:00,bcl,Big Cliff,1.58,1.58,0.0,1191.13,1109.56,81.57,9.8
2023-10-09,18,2023-10-09T17:00,bcl,Big Cliff,1.58,1.58,0.0,1192.2,1109.54,82.66,10.0
2023-10-09,19,2023-10-09T18:00,bcl,Big Cliff,1.58,1.58,0.0,1193.24,1109.59,83.65,10.1
2023-10-09,20,2023-10-09T19:00,bcl,Big Cliff,1.59,1.59,0.0,1195.25,1109.61,85.64,10.4
2023-10-09,21,2023-10-09T20:00,bcl,Big Cliff,1.61,1.61,0.0,1197.29,1109.65,87.64,10.8
2023-10-09,22,2023-10-09T21:00,bcl,Big Cliff,1.63,1.63,0.0,1199.19,1109.68,89.51,11.1
2023-10-09,23,2023-10-09T22:00,bcl,Big Cliff,1.63,1.63,0.0,1199.16,1109.61,89.55,11.1
2023-10-09,24,2023-10-09T23:00,bcl,Big Cliff,1.63,1.63,0.0,1198.96,1109.65,89.31,11.1
2023-10-10,1,2023-10-10T00:00,bcl,Big Cliff,1.63,1.63,0.0,1198.75,1109.66,89.09,11.1
2023-10-10,2,2023-10-10T01:00,bcl,Big Cliff,1.63,1.63,0.0,1198.55,1109.63,88.92,11.1
2023-10-10,3,2023-10-10T02:00,bcl,Big Cliff,1.61,1.61,0.0,1198.33,1109.6,88.73,10.9
2023-10-10,4,2023-10-10T03:00,bcl,Big Cliff,1.63,1.63,0.0,1198.12,1109.61,88.51,11.0
2023-10-10,5,2023-10-10T04:00,bcl,Big Cliff,1.61,1.61,0.0,1197.9,1109.65,88.25,10.8
2023-10-10,6,2023-10-10T05:00,bcl,Big Cliff,1.61,1.61,0.0,1197.67,1109.61,88.06,10.8
2023-10-10,7,2023-10-10T06:00,bcl,Big Cliff,1.61,1.61,0.0,1197.46,1109.57,87.89,10.8
2023-10-10,8,2023-10-10T07:00,bcl,Big Cliff,1.59,1.59,0.0,1197.26,1109.59,87.67,10.6
2023-10-10,9,2023-10-10T08:00,bcl,Big Cliff,1.61,1.61,0.0,1197.06,1109.58,87.48,10.7
2023-10-10,10,2023-10-10T09:00,bcl,Big Cliff,1.6,1.6,0.0,1196.86,1109.61,87.25,10.7
2023-10-10,11,2023-10-10T10:00,bcl,Big Cliff,1.6,1.6,0.0,1196.65,1109.59,87.06,10.6
2023-10-10,12,2023-10-10T11:00,bcl,Big Cliff,1.61,1.61,0.0,1195.46,1109.63,85.83,10.5
2023-10-10,13,2023-10-10T12:00,bcl,Big Cliff,1.61,1.61,0.0,1194.24,1109.6,84.64,10.4
2023-10-10,14,2023-10-10T13:00,bcl,Big Cliff,1.6,1.6,0.0,1192.96,1109.63,83.33,10.2
2023-10-10,15,2023-10-10T14:00,bcl,Big Cliff,1.58,1.58,0.0,1191.66,1109.56,82.1,9.9
2023-10-10,16,2023-10-10T15:00,bcl,Big Cliff,1.59,1.59,0.0,1190.32,1109.62,80.7,9.8
2023-10-10,17,2023-10-10T16:00,bcl,Big Cliff,1.6,1.6,0.0,1191.21,1109.62,81.59,10.0
2023-10-10,18,2023-10-10T17:00,bcl,Big Cliff,1.6,1.6,0.0,1192.3,1109.59,82.71,10.1
2023-10-10,19,2023-10-10T18:00,bcl,Big Cliff,1.59,1.59,0.0,1193.38,1109.59,83.79,10.2
2023-10-10,20,2023-10-10T19:00,bcl,Big Cliff,1.61,1.61,0.0,1195.4,1109.62,85.78,10.5
2023-10-10,21,2023-10-10T20:00,bcl,Big Cliff,1.6,1.6,0.0,1197.45,1109.62,87.83,10.7
2023-10-10,22,2023-10-10T21:00,bcl,Big Cliff,1.63,1.63,0.0,1199.38,1109.67,89.71,11.2
2023-10-10,23,2023-10-10T22:00,bcl,Big Cliff,1.64,1.64,0.0,1199.35,1109.62,89.73,11.2
2023-10-10,24,2023-10-10T23:00,bcl,Big Cliff,1.63,1.63,0.0,1199.16,1109.63,89.53,11.1
2023-10-11,1,2023-10-11T00:00,bcl,Big Cliff,1.61,1.61,0.0,1198.98,1109.59,89.39,11.0
2023-10-11,2,2023-10-11T01:00,bcl,Big Cliff,1.61,1.61,0.0,1198.93,1109.57,89.36,11.0
2023-10-11,3,2023-10-11T02:00,bcl,Big Cliff,1.63,1.63,0.0,1198.88,1109.65,89.23,11.1
2023-10-11,4,2023-10-11T03:00,bcl,Big Cliff,1.6,1.6,0.0,1198.85,1109.57,89.28,10.9
2023-10-11,5,2023-10-11T04:00,bcl,Big Cliff,1.6,1.6,0.0,1198.82,1109.58,89.24,10.9
2023-10-11,6,2023-10-11T05:00,bcl,Big Cliff,1.6,1.6,0.0,1198.76,1109.56,89.2,10.9
2023-10-11,7,2023-10-11T06:00,bcl,Big Cliff,1.6,1.6,0.0,1198.71,1109.61,89.1,10.9
2023-10-11,8,2023-10-11T07:00,bcl,Big Cliff,1.6,1.6,0.0,1198.68,1109.58,89.1,10.9
2023-10-11,9,2023-10-11T08:00,bcl,Big Cliff,1.6,1.6,0.0,1198.65,1109.59,89.06,10.9
2023-10-11,10,2023-10-11T09:00,bcl,Big Cliff,1.6,1.6,0.0,1198.61,1109.6,89.01,10.9
2023-10-11,11,2023-10-11T10:00,bcl,Big Cliff,1.61,1.61,0.0,1198.61,1109.6,89.01,10.9
2023-10-11,12,2023-10-11T11:00,bcl,Big Cliff,1.59,1.59,0.0,1198.61,1109.55,89.06,10.8
2023-10-11,13,2023-10-11T12:00,bcl,Big Cliff,1.59,1.59,0.0,1197.56,1109.56,88.0,10.7
2023-10-11,14,2023-10-11T13:00,bcl,Big Cliff,1.6,1.6,0.0,1196.55,1109.6,86.95,10.6
2023-10-11,15,2023-10-11T14:00,bcl,Big Cliff,1.59,1.59,0.0,1195.51,1109.56,85.95,10.4
2023-10-11,16,2023-10-11T15:00,bcl,Big Cliff,1.6,1.6,0.0,1194.5,1109.61,84.89,10.4
2023-10-11,17,2023-10-11T16:00,bcl,Big Cliff,1.6,1.6,0.0,1193.47,1109.57,83.9,10.2
2023-10-11,18,2023-10-11T17:00,bcl,Big Cliff,1.63,1.63,0.0,1194.53,1109.57,84.96,10.6
2023-10-11,19,2023-10-11T18:00,bcl,Big Cliff,1.63,1.63,0.0,1195.74,1109.59,86.15,10.7
2023-10-11,20,2023-10-11T19:00,bcl,Big Cliff,1.63,1.63,0.0,1197.86,1109.6,88.26,11.0
2023-10-11,21,2023-10-11T20:00,bcl,Big Cliff,1.64,1.64,0.0,1200.02,1109.63,90.39,11.3
2023-10-11,22,2023-10-11T21:00,bcl,Big Cliff,1.67,1.67,0.0,1200.15,1109.71,90.44,11.5
2023-10-11,23,2023-10-11T22:00,bcl,Big Cliff,1.66,1.66,0.0,1200.11,1109.67,90.44,11.5
2023-10-11,24,2023-10-11T23:00,bcl,Big Cliff,1.69,1.69,0.0,1199.98,1109.75,90.23,11.6
2023-10-12,1,2023-10-12T00:00,bcl,Big Cliff,1.69,1.69,0.0,1199.83,1109.7,90.13,11.6
2023-10-12,2,2023-10-12T01:00,bcl,Big Cliff,1.72,1.72,0.0,1199.66,1109.74,89.92,11.8
2023-10-12,3,2023-10-12T02:00,bcl,Big Cliff,1.71,1.71,0.0,1199.49,1109.7,89.79,11.7
2023-10-12,4,2023-10-12T03:00,bcl,Big Cliff,1.71,1.71,0.0,1199.31,1109.67,89.64,11.7
2023-10-12,5,2023-10-12T04:00,bcl,Big Cliff,1.71,1.71,0.0,1199.13,1109.73,89.4,11.7
2023-10-12,6,2023-10-12T05:00,bcl,Big Cliff,1.71,1.71,0.0,1198.99,1109.72,89.27,11.6
2023-10-12,7,2023-10-12T06:00,bcl,Big Cliff,1.69,1.69,0.0,1198.85,1109.69,89.16,11.5
2023-10-12,8,2023-10-12T07:00,bcl,Big Cliff,1.66,1.66,0.0,1198.75,1109.65,89.1,11.3
2023-10-12,9,2023-10-12T08:00,bcl,Big Cliff,1.67,1.67,0.0,1198.63,1109.73,88.9,11.3
2023-10-12,10,2023-10-12T09:00,bcl,Big Cliff,1.66,1.66,0.0,1198.5,1109.65,88.85,11.3
2023-10-12,11,2023-10-12T10:00,bcl,Big Cliff,1.68,1.68,0.0,1198.37,1109.71,88.66,11.4
2023-10-12,12,2023-10-12T11:00,bcl,Big Cliff,1.66,1.66,0.0,1198.24,1109.66,88.58,11.2
2023-10-12,13,2023-10-12T12:00,bcl,Big Cliff,1.66,1.66,0.0,1198.1,1109.7,88.4,11.2
2023-10-12,14,2023-10-12T13:00,bcl,Big Cliff,1.66,1.66,0.0,1197.09,1109.64,87.45,11.1
2023-10-12,15,2023-10-12T14:00,bcl,Big Cliff,1.66,1.66,0.0,1195.94,1109.66,86.28,10.9
2023-10-12,16,2023-10-12T15:00,bcl,Big Cliff,1.67,1.67,0.0,1194.74,1109.68,85.06,10.8
2023-10-12,17,2023-10-12T16:00,bcl,Big Cliff,1.65,1.65,0.0,1193.52,1109.67,83.85,10.6
2023-10-12,18,2023-10-12T17:00,bcl,Big Cliff,1.65,1.65,0.0,1194.39,1109.67,84.72,10.7
2023-10-12,19,2023-10-12T18:00,bcl,Big Cliff,1.65,1.65,0.0,1195.44,1109.65,85.79,10.8
2023-10-12,20,2023-10-12T19:00,bcl,Big Cliff,1.65,1.65,0.0,1197.43,1109.67,87.76,11.0
2023-10-12,21,2023-10-12T20:00,bcl,Big Cliff,1.67,1.67,0.0,1199.39,1109.7,89.69,11.4
2023-10-12,22,2023-10-12T21:00,bcl,Big Cliff,1.69,1.69,0.0,1199.38,1109.72,89.66,11.6
2023-10-12,23,2023-10-12T22:00,bcl,Big Cliff,1.68,1.68,0.0,1199.16,1109.69,89.47,11.5
2023-10-12,24,2023-10-12T23:00,bcl,Big Cliff,1.67,1.67,0.0,1198.92,1109.73,89.19,11.4
2023-10-13,1,2023-10-13T00:00,bcl,Big Cliff,1.67,1.67,0.0,1198.71,1109.68,89.03,11.3
2023-10-13,2,2023-10-13T01:00,bcl,Big Cliff,1.65,1.65,0.0,1198.54,1109.63,88.91,11.2
2023-10-13,3,2023-10-13T02:00,bcl,Big Cliff,1.63,1.63,0.0,1198.4,1109.63,88.77,11.0
2023-10-13,4,2023-10-13T03:00,bcl,Big Cliff,1.64,1.64,0.0,1198.26,1109.65,88.61,11.1
2023-10-13,5,2023-10-13T04:00,bcl,Big Cliff,1.64,1.64,0.0,1198.22,1109.61,88.61,11.1
2023-10-13,6,2023-10-13T05:00,bcl,Big Cliff,1.65,1.65,0.0,1198.23,1109.62,88.61,11.2
2023-10-13,7,2023-10-13T06:00,bcl,Big Cliff,1.63,1.63,0.0,1198.26,1109.65,88.61,11.0
2023-10-13,8,2023-10-13T07:00,bcl,Big Cliff,1.64,1.64,0.0,1198.3,1109.65,88.65,11.1
2023-10-13,9,2023-10-13T08:00,bcl,Big Cliff,1.64,1.64,0.0,1198.34,1109.62,88.72,11.1
2023-10-13,10,2023-10-13T09:00,bcl,Big Cliff,1.63,1.63,0.0,1198.36,1109.66,88.7,11.0
2023-10-13,11,2023-10-13T10:00,bcl,Big Cliff,1.63,1.63,0.0,1198.38,1109.61,88.77,11.0
2023-10-13,12,2023-10-13T11:00,bcl,Big Cliff,1.65,1.65,0.0,1198.4,1109.66,88.74,11.2
2023-10-13,13,2023-10-13T12:00,bcl,Big Cliff,1.64,1.64,0.0,1198.42,1109.63,88.79,11.1
2023-10-13,14,2023-10-13T13:00,bcl,Big Cliff,1.63,1.63,0.0,1197.36,1109.6,87.76,10.9
2023-10-13,15,2023-10-13T14:00,bcl,Big Cliff,1.63,1.63,0.0,1196.2,1109.64,86.56,10.8
2023-10-13,16,2023-10-13T15:00,bcl,Big Cliff,1.61,1.61,0.0,1194.97,1109.65,85.32,10.5
2023-10-13,17,2023-10-13T16:00,bcl,Big Cliff,1.63,1.63,0.0,1193.74,1109.66,84.08,10.5
2023-10-13,18,2023-10-13T17:00,bcl,Big Cliff,1.6,1.6,0.0,1192.47,1109.6,82.87,10.1
2023-10-13,19,2023-10-13T18:00,bcl,Big Cliff,1.59,1.59,0.0,1193.32,1109.57,83.75,10.2
2023-10-13,20,2023-10-13T19:00,bcl,Big Cliff,1.61,1.61,0.0,1194.39,1109.61,84.78,10.4
2023-10-13,21,2023-10-13T20:00,bcl,Big Cliff,1.61,1.61,0.0,1196.57,1109.6,86.97,10.7
2023-10-13,22,2023-10-13T21:00,bcl,Big Cliff,1.6,1.6,0.0,1198.78,1109.66,89.12,10.9
2023-10-13,23,2023-10-13T22:00,bcl,Big Cliff,1.64,1.64,0.0,1198.97,1109.64,89.33,11.2
2023-10-13,24,2023-10-13T23:00,bcl,Big Cliff,1.64,1.64,0.0,1198.98,1109.67,89.31,11.2
2023-10-14,1,2023-10-14T00:00,bcl,Big Cliff,1.63,1.63,0.0,1198.98,1109.66,89.32,11.1
2023-10-14,2,2023-10-14T01:00,bcl,Big Cliff,1.64,1.64,0.0,1198.98,1109.6,89.38,11.2
2023-10-14,3,2023-10-14T02:00,bcl,Big Cliff,1.64,1.64,0.0,1198.98,1109.66,89.32,11.2
2023-10-14,4,2023-10-14T03:00,bcl,Big Cliff,1.63,1.63,0.0,1198.97,1109.66,89.31,11.1
2023-10-14,5,2023-10-14T04:00,bcl,Big Cliff,1.64,1.64,0.0,1198.96,1109.65,89.31,11.2
2023-10-14,6,2023-10-14T05:00,bcl,Big Cliff,1.64,1.64,0.0,1198.95,1109.62,89.33,11.2
2023-10-14,7,2023-10-14T06:00,bcl,Big Cliff,1.64,1.64,0.0,1198.94,1109.63,89.31,11.2
2023-10-14,8,2023-10-14T07:00,bcl,Big Cliff,1.63,1.63,0.0,1198.93,1109.67,89.26,11.1
2023-10-14,9,2023-10-14T08:00,bcl,Big Cliff,1.65,1.65,0.0,1198.9,1109.74,89.16,11.2
2023-10-14,10,2023-10-14T09:00,bcl,Big Cliff,1.65,1.65,0.0,1198.88,1109.67,89.21,11.2
2023-10-14,11,2023-10-14T10:00,bcl,Big Cliff,1.64,1.64,0.0,1198.86,1109.64,89.22,11.2
2023-10-14,12,2023-10-14T11:00,bcl,Big Cliff,1.64,1.64,0.0,1198.84,1109.61,89.23,11.2
2023-10-14,13,2023-10-14T12:00,bcl,Big Cliff,1.65,1.65,0.0,1198.82,1109.65,89.17,11.2
2023-10-14,14,2023-10-14T13:00,bcl,Big Cliff,1.65,1.65,0.0,1197.88,1109.62,88.26,11.1
2023-10-14,15,2023-10-14T14:00,bcl,Big Cliff,1.64,1.64,0.0,1196.71,1109.64,87.07,10.9
2023-10-14,16,2023-10-14T15:00,bcl,Big Cliff,1.64,1.64,0.0,1195.49,1109.66,85.83,10.7
2023-10-14,17,2023-10-14T16:00,bcl,Big Cliff,1.63,1.63,0.0,1194.24,1109.61,84.63,10.5
2023-10-14,18,2023-10-14T17:00,bcl,Big Cliff,1.6,1.6,0.0,1192.99,1109.57,83.42,10.2
2023-10-14,19,2023-10-14T18:00,bcl,Big Cliff,1.6,1.6,0.0,1193.8,1109.6,84.2,10.3
2023-10-14,20,2023-10-14T19:00,bcl,Big Cliff,1.6,1.6,0.0,1194.83,1109.58,85.25,10.4
2023-10-14,21,2023-10-14T20:00,bcl,Big Cliff,1.63,1.63,0.0,1196.55,1109.64,86.91,10.8
2023-10-14,22,2023-10-14T21:00,bcl,Big Cliff,1.63,1.63,0.0,1198.69,1109.65,89.04,11.1
2023-10-14,23,2023-10-14T22:00,bcl,Big Cliff,1.63,1.63,0.0,1198.87,1109.6,89.27,11.1
2023-10-14,24,2023-10-14T23:00,bcl,Big Cliff,1.64,1.64,0.0,1198.86,1109.69,89.17,11.2
2023-10-15,1,2023-10-15T00:00,bcl,Big Cliff,1.63,1.63,0.0,1198.85,1109.66,89.19,11.1
2023-10-15,2,2023-10-15T01:00,bcl,Big Cliff,1.63,1.63,0.0,1198.84,1109.62,89.22,11.1
2023-10-15,3,2023-10-15T02:00,bcl,Big Cliff,1.63,1.63,0.0,1198.82,1109.63,89.19,11.1
2023-10-15,4,2023-10-15T03:00,bcl,Big Cliff,1.63,1.63,0.0,1198.81,1109.61,89.2,11.1
2023-10-15,5,2023-10-15T04:00,bcl,Big Cliff,1.64,1.64,0.0,1198.78,1109.65,89.13,11.2
2023-10-15,6,2023-10-15T05:00,bcl,Big Cliff,1.63,1.63,0.0,1198.76,1109.67,89.09,11.1
2023-10-15,7,2023-10-15T06:00,bcl,Big Cliff,1.63,1.63,0.0,1198.74,1109.6,89.14,11.1
2023-10-15,8,2023-10-15T07:00,bcl,Big Cliff,1.63,1.63,0.0,1198.72,1109.6,89.12,11.1
2023-10-15,9,2023-10-15T08:00,bcl,Big Cliff,1.63,1.63,0.0,1198.69,1109.65,89.04,11.1
2023-10-15,10,2023-10-15T09:00,bcl,Big Cliff,1.64,1.64,0.0,1198.66,1109.68,88.98,11.1
2023-10-15,11,2023-10-15T10:00,bcl,Big Cliff,1.65,1.65,0.0,1198.62,1109.63,88.99,11.2
2023-10-15,12,2023-10-15T11:00,bcl,Big Cliff,1.64,1.64,0.0,1198.59,1109.65,88.94,11.1
2023-10-15,13,2023-10-15T12:00,bcl,Big Cliff,1.63,1.63,0.0,1198.56,1109.63,88.93,11.1
2023-10-15,14,2023-10-15T13:00,bcl,Big Cliff,1.63,1.63,0.0,1197.67,1109.69,87.98,10.9
2023-10-15,15,2023-10-15T14:00,bcl,Big Cliff,1.63,1.63,0.0,1196.49,1109.59,86.9,10.8
2023-10-15,16,2023-10-15T15:00,bcl,Big Cliff,1.63,1.63,0.0,1195.26,1109.64,85.62,10.6
2023-10-15,17,2023-10-15T16:00,bcl,Big Cliff,1.63,1.63,0.0,1194.01,1109.66,84.35,10.5
2023-10-15,18,2023-10-15T17:00,bcl,Big Cliff,1.6,1.6,0.0,1192.73,1109.59,83.14,10.1
2023-10-15,19,2023-10-15T18:00,bcl,Big Cliff,1.6,1.6,0.0,1193.54,1109.57,83.97,10.3
2023-10-15,20,2023-10-15T19:00,bcl,Big Cliff,1.61,1.61,0.0,1194.58,1109.62,84.96,10.4
2023-10-15,21,2023-10-15T20:00,bcl,Big Cliff,1.63,1.63,0.0,1196.52,1109.65,86.87,10.8
2023-10-15,22,2023-10-15T21:00,bcl,Big Cliff,1.63,1.63,0.0,1198.68,1109.64,89.04,11.1
2023-10-15,23,2023-10-15T22:00,bcl,Big Cliff,1.64,1.64,0.0,1198.86,1109.65,89.21,11.2
2023-10-15,24,2023-10-15T23:00,bcl,Big Cliff,1.63,1.63,0.0,1198.85,1109.6,89.25,11.1
2023-10-16,1,2023-10-16T00:00,bcl,Big Cliff,1.64,1.64,0.0,1198.85,1109.65,89.2,11.2
2023-10-16,2,2023-10-16T01:00,bcl,Big Cliff,1.64,1.64,0.0,1198.84,1109.64,89.2,11.2
2023-10-16,3,2023-10-16T02:00,bcl,Big Cliff,1.63,1.63,0.0,1198.82,1109.63,89.19,11.1
2023-10-16,4,2023-10-16T03:00,bcl,Big Cliff,1.65,1.65,0.0,1198.8,1109.65,89.15,11.2
2023-10-16,5,2023-10-16T04:00,bcl,Big Cliff,1.64,1.64,0.0,1198.77,1109.61,89.16,11.2
2023-10-16,6,2023-10-16T05:00,bcl,Big Cliff,1.64,1.64,0.0,1198.75,1109.62,89.13,11.2
2023-10-16,7,2023-10-16T06:00,bcl,Big Cliff,1.65,1.65,0.0,1198.72,1109.65,89.07,11.2
2023-10-16,8,2023-10-16T07:00,bcl,Big Cliff,1.63,1.63,0.0,1198.69,1109.65,89.04,11.1
2023-10-16,9,2023-10-16T08:00,bcl,Big Cliff,1.63,1.63,0.0,1198.68,1109.64,89.04,11.1
2023-10-16,10,2023-10-16T09:00,bcl,Big Cliff,1.64,1.64,0.0,1198.66,1109.68,88.98,11.1
2023-10-16,11,2023-10-16T10:00,bcl,Big Cliff,1.65,1.65,0.0,1198.64,1109.65,88.99,11.2
2023-10-16,12,2023-10-16T11:00,bcl,Big Cliff,1.65,1.65,0.0,1198.62,1109.65,88.97,11.2
2023-10-16,13,2023-10-16T12:00,bcl,Big Cliff,1.64,1.64,0.0,1198.61,1109.66,88.95,11.1
2023-10-16,14,2023-10-16T13:00,bcl,Big Cliff,1.64,1.64,0.0,1197.7,1109.67,88.03,11.0
2023-10-16,15,2023-10-16T14:00,bcl,Big Cliff,1.64,1.64,0.0,1196.53,1109.64,86.89,10.9
2023-10-16,16,2023-10-16T15:00,bcl,Big Cliff,1.64,1.64,0.0,1195.3,1109.63,85.67,10.7
2023-10-16,17,2023-10-16T16:00,bcl,Big Cliff,1.64,1.64,0.0,1194.05,1109.58,84.47,10.6
2023-10-16,18,2023-10-16T17:00,bcl,Big Cliff,1.6,1.6,0.0,1192.79,1109.58,83.21,10.2
2023-10-16,19,2023-10-16T18:00,bcl,Big Cliff,1.59,1.59,0.0,1193.64,1109.56,84.08,10.2
2023-10-16,20,2023-10-16T19:00,bcl,Big Cliff,1.6,1.6,0.0,1194.71,1109.65,85.06,10.4
2023-10-16,21,2023-10-16T20:00,bcl,Big Cliff,1.61,1.61,0.0,1196.56,1109.61,86.95,10.7
2023-10-16,22,2023-10-16T21:00,bcl,Big Cliff,1.63,1.63,0.0,1198.76,1109.65,89.11,11.1
2023-10-16,23,2023-10-16T22:00,bcl,Big Cliff,1.64,1.64,0.0,1198.95,1109.68,89.27,11.2
2023-10-16,24,2023-10-16T23:00,bcl,Big Cliff,1.63,1.63,0.0,1198.95,1109.63,89.32,11.1
2023-10-17,1,2023-10-17T00:00,bcl,Big Cliff,1.63,1.63,0.0,1198.94,1109.61,89.33,11.1
2023-10-17,2,2023-10-17T01:00,bcl,Big Cliff,1.64,1.64,0.0,1198.94,1109.64,89.3,11.2
2023-10-17,3,2023-10-17T02:00,bcl,Big Cliff,1.65,1.65,0.0,1198.93,1109.66,89.27,11.2
2023-10-17,4,2023-10-17T03:00,bcl,Big Cliff,1.64,1.64,0.0,1198.91,1109.63,89.28,11.2
2023-10-17,5,2023-10-17T04:00,bcl,Big Cliff,1.64,1.64,0.0,1198.89,1109.66,89.23,11.2
2023-10-17,6,2023-10-17T05:00,bcl,Big Cliff,1.65,1.65,0.0,1198.87,1109.65,89.22,11.2
2023-10-17,7,2023-10-17T06:00,bcl,Big Cliff,1.63,1.63,0.0,1198.85,1109.64,89.21,11.1
2023-10-17,8,2023-10-17T07:00,bcl,Big Cliff,1.64,1.64,0.0,1198.84,1109.62,89.22,11.2
2023-10-17,9,2023-10-17T08:00,bcl,Big Cliff,1.64,1.64,0.0,1198.83,1109.69,89.14,11.2
2023-10-17,10,2023-10-17T09:00,bcl,Big Cliff,1.65,1.65,0.0,1198.8,1109.59,89.21,11.2
2023-10-17,11,2023-10-17T10:00,bcl,Big Cliff,1.64,1.64,0.0,1198.78,1109.66,89.12,11.2
2023-10-17,12,2023-10-17T11:00,bcl,Big Cliff,1.65,1.65,0.0,1198.75,1109.64,89.11,11.2
2023-10-17,13,2023-10-17T12:00,bcl,Big Cliff,1.63,1.63,0.0,1198.73,1109.59,89.14,11.1
2023-10-17,14,2023-10-17T13:00,bcl,Big Cliff,1.63,1.63,0.0,1197.92,1109.62,88.3,11.0
2023-10-17,15,2023-10-17T14:00,bcl,Big Cliff,1.64,1.64,0.0,1196.76,1109.63,87.13,10.9
2023-10-17,16,2023-10-17T15:00,bcl,Big Cliff,1.63,1.63,0.0,1195.55,1109.66,85.89,10.7
2023-10-17,17,2023-10-17T16:00,bcl,Big Cliff,1.63,1.63,0.0,1194.31,1109.61,84.7,10.5
2023-10-17,18,2023-10-17T17:00,bcl,Big Cliff,1.6,1.6,0.0,1193.05,1109.57,83.48,10.2
2023-10-17,19,2023-10-17T18:00,bcl,Big Cliff,1.6,1.6,0.0,1193.9,1109.59,84.31,10.3
2023-10-17,20,2023-10-17T19:00,bcl,Big Cliff,1.6,1.6,0.0,1194.96,1109.62,85.34,10.4
2023-10-17,21,2023-10-17T20:00,bcl,Big Cliff,1.63,1.63,0.0,1196.67,1109.64,87.03,10.8
2023-10-17,22,2023-10-17T21:00,bcl,Big Cliff,1.64,1.64,0.0,1198.84,1109.66,89.18,11.2
2023-10-17,23,2023-10-17T22:00,bcl,Big Cliff,1.64,1.64,0.0,1199.03,1109.63,89.4,11.2
2023-10-17,24,2023-10-17T23:00,bcl,Big Cliff,1.63,1.63,0.0,1199.02,1109.64,89.38,11.1
2023-10-18,1,2023-10-18T00:00,bcl,Big Cliff,1.63,1.63,0.0,1199.0,1109.62,89.38,11.1
2023-10-18,2,2023-10-18T01:00,bcl,Big Cliff,1.64,1.64,0.0,1198.99,1109.64,89.35,11.2
2023-10-18,3,2023-10-18T02:00,bcl,Big Cliff,1.63,1.63,0.0,1198.97,1109.64,89.33,11.1
2023-10-18,4,2023-10-18T03:00,bcl,Big Cliff,1.64,1.64,0.0,1198.95,1109.63,89.32,11.2
2023-10-18,5,2023-10-18T04:00,bcl,Big Cliff,1.64,1.64,0.0,1198.92,1109.6,89.32,11.2
2023-10-18,6,2023-10-18T05:00,bcl,Big Cliff,1.65,1.65,0.0,1198.89,1109.7,89.19,11.2
2023-10-18,7,2023-10-18T06:00,bcl,Big Cliff,1.66,1.66,0.0,1198.85,1109.7,89.15,11.3
2023-10-18,8,2023-10-18T07:00,bcl,Big Cliff,1.63,1.63,0.0,1198.82,1109.66,89.16,11.1
2023-10-18,9,2023-10-18T08:00,bcl,Big Cliff,1.66,1.66,0.0,1198.76,1109.63,89.13,11.3
2023-10-18,10,2023-10-18T09:00,bcl,Big Cliff,1.64,1.64,0.0,1198.72,1109.66,89.06,11.1
2023-10-18,11,2023-10-18T10:00,bcl,Big Cliff,1.65,1.65,0.0,1198.68,1109.61,89.07,11.2
2023-10-18,12,2023-10-18T11:00,bcl,Big Cliff,1.64,1.64,0.0,1198.64,1109.67,88.97,11.1
2023-10-18,13,2023-10-18T12:00,bcl,Big Cliff,1.65,1.65,0.0,1198.6,1109.63,88.97,11.2
2023-10-18,14,2023-10-18T13:00,bcl,Big Cliff,1.64,1.64,0.0,1197.77,1109.7,88.07,11.0
2023-10-18,15,2023-10-18T14:00,bcl,Big Cliff,1.65,1.65,0.0,1196.59,1109.63,86.96,10.9
2023-10-18,16,2023-10-18T15:00,bcl,Big Cliff,1.64,1.64,0.0,1195.36,1109.65,85.71,10.7
2023-10-18,17,2023-10-18T16:00,bcl,Big Cliff,1.63,1.63,0.0,1194.11,1109.62,84.49,10.5
2023-10-18,18,2023-10-18T17:00,bcl,Big Cliff,1.61,1.61,0.0,1192.84,1109.6,83.24,10.2
2023-10-18,19,2023-10-18T18:00,bcl,Big Cliff,1.6,1.6,0.0,1193.71,1109.57,84.14,10.3
2023-10-18,20,2023-10-18T19:00,bcl,Big Cliff,1.6,1.6,0.0,1194.78,1109.59,85.19,10.4
2023-10-18,21,2023-10-18T20:00,bcl,Big Cliff,1.61,1.61,0.0,1197.07,1109.63,87.44,10.7
2023-10-18,22,2023-10-18T21:00,bcl,Big Cliff,1.63,1.63,0.0,1199.19,1109.66,89.53,11.1
2023-10-18,23,2023-10-18T22:00,bcl,Big Cliff,1.63,1.63,0.0,1199.34,1109.61,89.73,11.2
2023-10-18,24,2023-10-18T23:00,bcl,Big Cliff,1.63,1.63,0.0,1199.32,1109.65,89.67,11.2
2023-10-19,1,2023-10-19T00:00,bcl,Big Cliff,1.64,1.64,0.0,1199.29,1109.65,89.64,11.2
2023-10-19,2,2023-10-19T01:00,bcl,Big Cliff,1.63,1.63,0.0,1199.26,1109.65,89.61,11.1
2023-10-19,3,2023-10-19T02:00,bcl,Big Cliff,1.65,1.65,0.0,1199.23,1109.61,89.62,11.3
2023-10-19,4,2023-10-19T03:00,bcl,Big Cliff,1.63,1.63,0.0,1199.2,1109.64,89.56,11.1
2023-10-19,5,2023-10-19T04:00,bcl,Big Cliff,1.64,1.64,0.0,1199.16,1109.66,89.5,11.2
2023-10-19,6,2023-10-19T05:00,bcl,Big Cliff,1.65,1.65,0.0,1199.13,1109.63,89.5,11.3
2023-10-19,7,2023-10-19T06:00,bcl,Big Cliff,1.63,1.63,0.0,1199.09,1109.65,89.44,11.1
2023-10-19,8,2023-10-19T07:00,bcl,Big Cliff,1.61,1.61,0.0,1199.06,1109.64,89.42,11.0
2023-10-19,9,2023-10-19T08:00,bcl,Big Cliff,1.63,1.63,0.0,1199.03,1109.61,89.42,11.1
2023-10-19,10,2023-10-19T09:00,bcl,Big Cliff,1.63,1.63,0.0,1199.0,1109.66,89.34,11.1
2023-10-19,11,2023-10-19T10:00,bcl,Big Cliff,1.63,1.63,0.0,1198.96,1109.62,89.34,11.1
2023-10-19,12,2023-10-19T11:00,bcl,Big Cliff,1.63,1.63,0.0,1198.93,1109.62,89.31,11.1
2023-10-19,13,2023-10-19T12:00,bcl,Big Cliff,1.63,1.63,0.0,1198.88,1109.64,89.24,11.1
2023-10-19,14,2023-10-19T13:00,bcl,Big Cliff,1.63,1.63,0.0,1197.8,1109.61,88.19,11.0
2023-10-19,15,2023-10-19T14:00,bcl,Big Cliff,1.63,1.63,0.0,1196.63,1109.62,87.01,10.8
2023-10-19,16,2023-10-19T15:00,bcl,Big Cliff,1.6,1.6,0.0,1195.41,1109.66,85.75,10.5
2023-10-19,17,2023-10-19T16:00,bcl,Big Cliff,1.63,1.63,0.0,1194.18,1109.6,84.58,10.5
2023-10-19,18,2023-10-19T17:00,bcl,Big Cliff,1.59,1.59,0.0,1192.92,1109.56,83.36,10.1
2023-10-19,19,2023-10-19T18:00,bcl,Big Cliff,1.6,1.6,0.0,1193.79,1109.59,84.2,10.3
2023-10-19,20,2023-10-19T19:00,bcl,Big Cliff,1.59,1.59,0.0,1194.86,1109.6,85.26,10.3
2023-10-19,21,2023-10-19T20:00,bcl,Big Cliff,1.63,1.63,0.0,1197.16,1109.63,87.53,10.9
2023-10-19,22,2023-10-19T21:00,bcl,Big Cliff,1.63,1.63,0.0,1199.29,1109.62,89.67,11.2
2023-10-19,23,2023-10-19T22:00,bcl,Big Cliff,1.64,1.64,0.0,1199.43,1109.65,89.78,11.2
2023-10-19,24,2023-10-19T23:00,bcl,Big Cliff,1.61,1.61,0.0,1199.41,1109.64,89.77,11.0
2023-10-20,1,2023-10-20T00:00,bcl,Big Cliff,1.63,1.63,0.0,1199.38,1109.67,89.71,11.2
2023-10-20,2,2023-10-20T01:00,bcl,Big Cliff,1.64,1.64,0.0,1199.36,1109.61,89.75,11.2
2023-10-20,3,2023-10-20T02:00,bcl,Big Cliff,1.63,1.63,0.0,1199.3,1109.6,89.7,11.2
2023-10-20,4,2023-10-20T03:00,bcl,Big Cliff,1.63,1.63,0.0,1199.23,1109.6,89.63,11.1
2023-10-20,5,2023-10-20T04:00,bcl,Big Cliff,1.64,1.64,0.0,1199.15,1109.62,89.53,11.2
2023-10-20,6,2023-10-20T05:00,bcl,Big Cliff,1.64,1.64,0.0,1199.08,1109.6,89.48,11.2
2023-10-20,7,2023-10-20T06:00,bcl,Big Cliff,1.63,1.63,0.0,1199.0,1109.6,89.4,11.1
2023-10-20,8,2023-10-20T07:00,bcl,Big Cliff,1.58,1.58,0.0,1198.94,1109.59,89.35,10.8
2023-10-20,9,2023-10-20T08:00,bcl,Big Cliff,1.6,1.6,0.0,1198.88,1109.59,89.29,10.9
2023-10-20,10,2023-10-20T09:00,bcl,Big Cliff,1.61,1.61,0.0,1198.82,1109.63,89.19,11.0
2023-10-20,11,2023-10-20T10:00,bcl,Big Cliff,1.61,1.61,0.0,1198.75,1109.6,89.15,11.0
2023-10-20,12,2023-10-20T11:00,bcl,Big Cliff,1.61,1.61,0.0,1198.68,1109.61,89.07,10.9
2023-10-20,13,2023-10-20T12:00,bcl,Big Cliff,1.61,1.61,0.0,1198.6,1109.59,89.01,10.9
2023-10-20,14,2023-10-20T13:00,bcl,Big Cliff,1.61,1.61,0.0,1198.32,1109.6,88.72,10.9
2023-10-20,15,2023-10-20T14:00,bcl,Big Cliff,1.61,1.61,0.0,1197.21,1109.61,87.6,10.8
2023-10-20,16,2023-10-20T15:00,bcl,Big Cliff,1.6,1.6,0.0,1196.02,1109.61,86.41,10.5
2023-10-20,17,2023-10-20T16:00,bcl,Big Cliff,1.61,1.61,0.0,1194.79,1109.55,85.24,10.5
2023-10-20,18,2023-10-20T17:00,bcl,Big Cliff,1.58,1.58,0.0,1193.55,1109.58,83.97,10.1
2023-10-20,19,2023-10-20T18:00,bcl,Big Cliff,1.58,1.58,0.0,1194.42,1109.58,84.84,10.2
2023-10-20,20,2023-10-20T19:00,bcl,Big Cliff,1.6,1.6,0.0,1196.68,1109.61,87.07,10.6
2023-10-20,21,2023-10-20T20:00,bcl,Big Cliff,1.63,1.63,0.0,1198.76,1109.61,89.15,11.1
2023-10-20,22,2023-10-20T21:00,bcl,Big Cliff,1.61,1.61,0.0,1198.86,1109.62,89.24,11.0
2023-10-20,23,2023-10-20T22:00,bcl,Big Cliff,1.61,1.61,0.0,1198.78,1109.59,89.19,11.0
2023-10-20,24,2023-10-20T23:00,bcl,Big Cliff,1.61,1.61,0.0,1198.69,1109.61,89.08,10.9
2023-10-21,1,2023-10-21T00:00,bcl,Big Cliff,1.61,1.61,0.0,1198.59,1109.64,88.95,10.9
2023-10-21,2,2023-10-21T01:00,bcl,Big Cliff,1.6,1.6,0.0,1198.5,1109.6,88.9,10.9
2023-10-21,3,2023-10-21T02:00,bcl,Big Cliff,1.6,1.6,0.0,1198.4,1109.57,88.83,10.8
2023-10-21,4,2023-10-21T03:00,bcl,Big Cliff,1.61,1.61,0.0,1198.39,1109.6,88.79,10.9
2023-10-21,5,2023-10-21T04:00,bcl,Big Cliff,1.6,1.6,0.0,1198.39,1109.58,88.81,10.8
2023-10-21,6,2023-10-21T05:00,bcl,Big Cliff,1.63,1.63,0.0,1198.38,1109.61,88.77,11.0
2023-10-21,7,2023-10-21T06:00,bcl,Big Cliff,1.6,1.6,0.0,1198.38,1109.58,88.8,10.8
2023-10-21,8,2023-10-21T07:00,bcl,Big Cliff,1.6,1.6,0.0,1198.36,1109.59,88.77,10.8
2023-10-21,9,2023-10-21T08:00,bcl,Big Cliff,1.61,1.61,0.0,1198.36,1109.6,88.76,10.9
2023-10-21,10,2023-10-21T09:00,bcl,Big Cliff,1.6,1.6,0.0,1198.33,1109.65,88.68,10.8
2023-10-21,11,2023-10-21T10:00,bcl,Big Cliff,1.6,1.6,0.0,1198.32,1109.58,88.74,10.8
2023-10-21,12,2023-10-21T11:00,bcl,Big Cliff,1.61,1.61,0.0,1198.31,1109.58,88.73,10.9
2023-10-21,13,2023-10-21T12:00,bcl,Big Cliff,1.61,1.61,0.0,1198.29,1109.58,88.71,10.9
2023-10-21,14,2023-10-21T13:00,bcl,Big Cliff,1.63,1.63,0.0,1198.27,1109.62,88.65,11.0
2023-10-21,15,2023-10-21T14:00,bcl,Big Cliff,1.61,1.61,0.0,1197.22,1109.6,87.62,10.8
2023-10-21,16,2023-10-21T15:00,bcl,Big Cliff,1.6,1.6,0.0,1196.02,1109.61,86.41,10.5
2023-10-21,17,2023-10-21T16:00,bcl,Big Cliff,1.61,1.61,0.0,1194.8,1109.57,85.23,10.5
2023-10-21,18,2023-10-21T17:00,bcl,Big Cliff,1.59,1.59,0.0,1193.55,1109.59,83.96,10.2
2023-10-21,19,2023-10-21T18:00,bcl,Big Cliff,1.58,1.58,0.0,1194.43,1109.55,84.88,10.2
2023-10-21,20,2023-10-21T19:00,bcl,Big Cliff,1.61,1.61,0.0,1196.73,1109.61,87.12,10.7
2023-10-21,21,2023-10-21T20:00,bcl,Big Cliff,1.63,1.63,0.0,1198.86,1109.63,89.23,11.1
2023-10-21,22,2023-10-21T21:00,bcl,Big Cliff,1.61,1.61,0.0,1198.97,1109.59,89.38,11.0
2023-10-21,23,2023-10-21T22:00,bcl,Big Cliff,1.61,1.61,0.0,1198.91,1109.65,89.26,11.0
2023-10-21,24,2023-10-21T23:00,bcl,Big Cliff,1.6,1.6,0.0,1198.85,1109.63,89.22,10.9
2023-10-22,1,2023-10-22T00:00,bcl,Big Cliff,1.6,1.6,0.0,1198.8,1109.62,89.18,10.9
2023-10-22,2,2023-10-22T01:00,bcl,Big Cliff,1.61,1.61,0.0,1198.72,1109.58,89.14,11.0
2023-10-22,3,2023-10-22T02:00,bcl,Big Cliff,1.61,1.61,0.0,1198.64,1109.62,89.02,10.9
2023-10-22,4,2023-10-22T03:00,bcl,Big Cliff,1.63,1.63,0.0,1198.57,1109.64,88.93,11.1
2023-10-22,5,2023-10-22T04:00,bcl,Big Cliff,1.61,1.61,0.0,1198.49,1109.6,88.89,10.9
2023-10-22,6,2023-10-22T05:00,bcl,Big Cliff,1.61,1.61,0.0,1198.41,1109.62,88.79,10.9
2023-10-22,7,2023-10-22T06:00,bcl,Big Cliff,1.6,1.6,0.0,1198.34,1109.66,88.68,10.8
2023-10-22,8,2023-10-22T07:00,bcl,Big Cliff,1.61,1.61,0.0,1198.26,1109.59,88.67,10.9
2023-10-22,9,2023-10-22T08:00,bcl,Big Cliff,1.6,1.6,0.0,1198.19,1109.61,88.58,10.8
2023-10-22,10,2023-10-22T09:00,bcl,Big Cliff,1.63,1.63,0.0,1198.14,1109.61,88.53,11.0
2023-10-22,11,2023-10-22T10:00,bcl,Big Cliff,1.61,1.61,0.0,1198.14,1109.62,88.52,10.9
2023-10-22,12,2023-10-22T11:00,bcl,Big Cliff,1.59,1.59,0.0,1198.17,1109.58,88.59,10.7
2023-10-22,13,2023-10-22T12:00,bcl,Big Cliff,1.59,1.59,0.0,1198.21,1109.62,88.59,10.7
2023-10-22,14,2023-10-22T13:00,bcl,Big Cliff,1.6,1.6,0.0,1198.24,1109.61,88.63,10.8
2023-10-22,15,2023-10-22T14:00,bcl,Big Cliff,1.61,1.61,0.0,1197.18,1109.59,87.59,10.8
2023-10-22,16,2023-10-22T15:00,bcl,Big Cliff,1.6,1.6,0.0,1195.98,1109.62,86.36,10.5
2023-10-22,17,2023-10-22T16:00,bcl,Big Cliff,1.6,1.6,0.0,1194.75,1109.6,85.15,10.4
2023-10-22,18,2023-10-22T17:00,bcl,Big Cliff,1.59,1.59,0.0,1193.51,1109.55,83.96,10.2
2023-10-22,19,2023-10-22T18:00,bcl,Big Cliff,1.59,1.59,0.0,1194.39,1109.56,84.83,10.3
2023-10-22,20,2023-10-22T19:00,bcl,Big Cliff,1.59,1.59,0.0,1196.66,1109.62,87.04,10.6
2023-10-22,21,2023-10-22T20:00,bcl,Big Cliff,1.61,1.61,0.0,1198.8,1109.58,89.22,11.0
2023-10-22,22,2023-10-22T21:00,bcl,Big Cliff,1.61,1.61,0.0,1198.92,1109.61,89.31,11.0
2023-10-22,23,2023-10-22T22:00,bcl,Big Cliff,1.6,1.6,0.0,1198.87,1109.64,89.23,10.9
2023-10-22,24,2023-10-22T23:00,bcl,Big Cliff,1.6,1.6,0.0,1198.81,1109.59,89.22,10.9
2023-10-23,1,2023-10-23T00:00,bcl,Big Cliff,1.61,1.61,0.0,1198.73,1109.56,89.17,11.0
2023-10-23,2,2023-10-23T01:00,bcl,Big Cliff,1.61,1.61,0.0,1198.66,1109.61,89.05,10.9
2023-10-23,3,2023-10-23T02:00,bcl,Big Cliff,1.61,1.61,0.0,1198.58,1109.6,88.98,10.9
2023-10-23,4,2023-10-23T03:00,bcl,Big Cliff,1.6,1.6,0.0,1198.5,1109.62,88.88,10.9
2023-10-23,5,2023-10-23T04:00,bcl,Big Cliff,1.63,1.63,0.0,1198.42,1109.62,88.8,11.0
2023-10-23,6,2023-10-23T05:00,bcl,Big Cliff,1.63,1.63,0.0,1198.35,1109.63,88.72,11.0
2023-10-23,7,2023-10-23T06:00,bcl,Big Cliff,1.61,1.61,0.0,1198.3,1109.61,88.69,10.9
2023-10-23,8,2023-10-23T07:00,bcl,Big Cliff,1.6,1.6,0.0,1198.28,1109.62,88.66,10.8
2023-10-23,9,2023-10-23T08:00,bcl,Big Cliff,1.6,1.6,0.0,1198.28,1109.65,88.63,10.8
2023-10-23,10,2023-10-23T09:00,bcl,Big Cliff,1.63,1.63,0.0,1198.26,1109.59,88.67,11.0
2023-10-23,11,2023-10-23T10:00,bcl,Big Cliff,1.61,1.61,0.0,1198.24,1109.57,88.67,10.9
2023-10-23,12,2023-10-23T11:00,bcl,Big Cliff,1.61,1.61,0.0,1198.22,1109.59,88.63,10.9
2023-10-23,13,2023-10-23T12:00,bcl,Big Cliff,1.61,1.61,0.0,1198.2,1109.63,88.57,10.9
2023-10-23,14,2023-10-23T13:00,bcl,Big Cliff,1.6,1.6,0.0,1198.2,1109.63,88.57,10.8
2023-10-23,15,2023-10-23T14:00,bcl,Big Cliff,1.6,1.6,0.0,1197.08,1109.56,87.52,10.7
2023-10-23,16,2023-10-23T15:00,bcl,Big Cliff,1.61,1.61,0.0,1195.91,1109.66,86.25,10.6
2023-10-23,17,2023-10-23T16:00,bcl,Big Cliff,1.6,1.6,0.0,1194.68,1109.56,85.12,10.4
2023-10-23,18,2023-10-23T17:00,bcl,Big Cliff,1.59,1.59,0.0,1193.44,1109.59,83.85,10.2
2023-10-23,19,2023-10-23T18:00,bcl,Big Cliff,1.59,1.59,0.0,1194.35,1109.55,84.8,10.3
2023-10-23,20,2023-10-23T19:00,bcl,Big Cliff,1.61,1.61,0.0,1196.71,1109.58,87.13,10.7
2023-10-23,21,2023-10-23T20:00,bcl,Big Cliff,1.61,1.61,0.0,1198.9,1109.68,89.22,11.0
2023-10-23,22,2023-10-23T21:00,bcl,Big Cliff,1.61,1.61,0.0,1199.06,1109.66,89.4,11.0
2023-10-23,23,2023-10-23T22:00,bcl,Big Cliff,1.61,1.61,0.0,1199.04,1109.6,89.44,11.0
2023-10-23,24,2023-10-23T23:00,bcl,Big Cliff,1.63,1.63,0.0,1199.01,1109.63,89.38,11.1
2023-10-24,1,2023-10-24T00:00,bcl,Big Cliff,1.61,1.61,0.0,1198.97,1109.65,89.32,11.0
2023-10-24,2,2023-10-24T01:00,bcl,Big Cliff,1.63,1.63,0.0,1198.93,1109.68,89.25,11.1
2023-10-24,3,2023-10-24T02:00,bcl,Big Cliff,1.6,1.6,0.0,1198.92,1109.58,89.34,10.9
2023-10-24,4,2023-10-24T03:00,bcl,Big Cliff,1.63,1.63,0.0,1198.93,1109.63,89.3,11.1
2023-10-24,5,2023-10-24T04:00,bcl,Big Cliff,1.63,1.63,0.0,1198.92,1109.63,89.29,11.1
2023-10-24,6,2023-10-24T05:00,bcl,Big Cliff,1.64,1.64,0.0,1198.92,1109.59,89.33,11.2
2023-10-24,7,2023-10-24T06:00,bcl,Big Cliff,1.63,1.63,0.0,1198.92,1109.65,89.27,11.1
2023-10-24,8,2023-10-24T07:00,bcl,Big Cliff,1.6,1.6,0.0,1198.91,1109.64,89.27,10.9
2023-10-24,9,2023-10-24T08:00,bcl,Big Cliff,1.61,1.61,0.0,1198.91,1109.56,89.35,11.0
2023-10-24,10,2023-10-24T09:00,bcl,Big Cliff,1.61,1.61,0.0,1198.91,1109.62,89.29,11.0
2023-10-24,11,2023-10-24T10:00,bcl,Big Cliff,1.63,1.63,0.0,1198.91,1109.6,89.31,11.1
2023-10-24,12,2023-10-24T11:00,bcl,Big Cliff,1.6,1.6,0.0,1198.9,1109.64,89.26,10.9
2023-10-24,13,2023-10-24T12:00,bcl,Big Cliff,1.63,1.63,0.0,1198.89,1109.65,89.24,11.1
2023-10-24,14,2023-10-24T13:00,bcl,Big Cliff,1.61,1.61,0.0,1198.88,1109.57,89.31,11.0
2023-10-24,15,2023-10-24T14:00,bcl,Big Cliff,1.63,1.63,0.0,1198.87,1109.63,89.24,11.1
2023-10-24,16,2023-10-24T15:00,bcl,Big Cliff,1.63,1.63,0.0,1198.86,1109.62,89.24,11.1
2023-10-24,17,2023-10-24T16:00,bcl,Big Cliff,1.64,1.64,0.0,1198.85,1109.59,89.26,11.2
2023-10-24,18,2023-10-24T17:00,bcl,Big Cliff,1.63,1.63,0.0,1198.84,1109.63,89.21,11.1
2023-10-24,19,2023-10-24T18:00,bcl,Big Cliff,1.61,1.61,0.0,1198.82,1109.64,89.18,11.0
2023-10-24,20,2023-10-24T19:00,bcl,Big Cliff,1.63,1.63,0.0,1198.8,1109.62,89.18,11.1
2023-10-24,21,2023-10-24T20:00,bcl,Big Cliff,1.61,1.61,0.0,1198.78,1109.61,89.17,11.0
2023-10-24,22,2023-10-24T21:00,bcl,Big Cliff,1.61,1.61,0.0,1198.78,1109.62,89.16,11.0
2023-10-24,23,2023-10-24T22:00,bcl,Big Cliff,1.61,1.61,0.0,1198.77,1109.61,89.16,11.0
2023-10-24,24,2023-10-24T23:00,bcl,Big Cliff,1.63,1.63,0.0,1198.77,1109.64,89.13,11.1
2023-10-25,1,2023-10-25T00:00,bcl,Big Cliff,1.63,1.63,0.0,1198.77,1109.57,89.2,11.1
2023-10-25,2,2023-10-25T01:00,bcl,Big Cliff,1.61,1.61,0.0,1198.79,1109.63,89.16,11.0
2023-10-25,3,2023-10-25T02:00,bcl,Big Cliff,1.61,1.61,0.0,1198.81,1109.61,89.2,11.0
2023-10-25,4,2023-10-25T03:00,bcl,Big Cliff,1.63,1.63,0.0,1198.84,1109.62,89.22,11.1
2023-10-25,5,2023-10-25T04:00,bcl,Big Cliff,1.61,1.61,0.0,1198.85,1109.57,89.28,11.0
2023-10-25,6,2023-10-25T05:00,bcl,Big Cliff,1.64,1.64,0.0,1198.85,1109.57,89.28,11.2
2023-10-25,7,2023-10-25T06:00,bcl,Big Cliff,1.63,1.63,0.0,1198.86,1109.62,89.24,11.1
2023-10-25,8,2023-10-25T07:00,bcl,Big Cliff,1.61,1.61,0.0,1198.86,1109.65,89.21,11.0
2023-10-25,9,2023-10-25T08:00,bcl,Big Cliff,1.63,1.63,0.0,1198.86,1109.6,89.26,11.1
2023-10-25,10,2023-10-25T09:00,bcl,Big Cliff,1.64,1.64,0.0,1198.85,1109.61,89.24,11.2
2023-10-25,11,2023-10-25T10:00,bcl,Big Cliff,1.63,1.63,0.0,1198.85,1109.59,89.26,11.1
2023-10-25,12,2023-10-25T11:00,bcl,Big Cliff,1.63,1.63,0.0,1198.85,1109.62,89.23,11.1
2023-10-25,13,2023-10-25T12:00,bcl,Big Cliff,1.61,1.61,0.0,1198.84,1109.6,89.24,11.0
2023-10-25,14,2023-10-25T13:00,bcl,Big Cliff,1.63,1.63,0.0,1198.87,1109.61,89.26,11.1
2023-10-25,15,2023-10-25T14:00,bcl,Big Cliff,1.63,1.63,0.0,1198.86,1109.64,89.22,11.1
2023-10-25,16,2023-10-25T15:00,bcl,Big Cliff,1.64,1.64,0.0,1198.87,1109.63,89.24,11.2
2023-10-25,17,2023-10-25T16:00,bcl,Big Cliff,1.65,1.65,0.0,1198.86,1109.63,89.23,11.2
2023-10-25,18,2023-10-25T17:00,bcl,Big Cliff,1.65,1.65,0.0,1198.87,1109.62,89.25,11.2
2023-10-25,19,2023-10-25T18:00,bcl,Big Cliff,1.65,1.65,0.0,1198.88,1109.63,89.25,11.2
2023-10-25,20,2023-10-25T19:00,bcl,Big Cliff,1.65,1.65,0.0,1198.88,1109.61,89.27,11.2
2023-10-25,21,2023-10-25T20:00,bcl,Big Cliff,1.65,1.65,0.0,1198.88,1109.65,89.23,11.2
2023-10-25,22,2023-10-25T21:00,bcl,Big Cliff,1.64,1.64,0.0,1198.88,1109.61,89.27,11.2
2023-10-25,23,2023-10-25T22:00,bcl,Big Cliff,1.61,1.61,0.0,1198.88,1109.62,89.26,11.0
2023-10-25,24,2023-10-25T23:00,bcl,Big Cliff,1.63,1.63,0.0,1198.87,1109.65,89.22,11.1
2023-10-26,1,2023-10-26T00:00,bcl,Big Cliff,1.61,1.61,0.0,1198.87,1109.59,89.28,11.0
2023-10-26,2,2023-10-26T01:00,bcl,Big Cliff,1.63,1.63,0.0,1198.86,1109.63,89.23,11.1
2023-10-26,3,2023-10-26T02:00,bcl,Big Cliff,1.63,1.63,0.0,1198.85,1109.61,89.24,11.1
2023-10-26,4,2023-10-26T03:00,bcl,Big Cliff,1.63,1.63,0.0,1198.84,1109.58,89.26,11.1
2023-10-26,5,2023-10-26T04:00,bcl,Big Cliff,1.64,1.64,0.0,1198.83,1109.65,89.18,11.2
2023-10-26,6,2023-10-26T05:00,bcl,Big Cliff,1.63,1.63,0.0,1198.8,1109.64,89.16,11.1
2023-10-26,7,2023-10-26T06:00,bcl,Big Cliff,1.64,1.64,0.0,1198.78,1109.66,89.12,11.2
2023-10-26,8,2023-10-26T07:00,bcl,Big Cliff,1.61,1.61,0.0,1198.76,1109.63,89.13,10.9
2023-10-26,9,2023-10-26T08:00,bcl,Big Cliff,1.61,1.61,0.0,1198.74,1109.6,89.14,11.0
2023-10-26,10,2023-10-26T09:00,bcl,Big Cliff,1.61,1.61,0.0,1198.72,1109.63,89.09,10.9
2023-10-26,11,2023-10-26T10:00,bcl,Big Cliff,1.61,1.61,0.0,1198.7,1109.61,89.09,10.9
2023-10-26,12,2023-10-26T11:00,bcl,Big Cliff,1.63,1.63,0.0,1198.68,1109.62,89.06,11.1
2023-10-26,13,2023-10-26T12:00,bcl,Big Cliff,1.63,1.63,0.0,1198.65,1109.64,89.01,11.1
2023-10-26,14,2023-10-26T13:00,bcl,Big Cliff,1.61,1.61,0.0,1198.62,1109.57,89.05,10.9
2023-10-26,15,2023-10-26T14:00,bcl,Big Cliff,1.61,1.61,0.0,1198.6,1109.6,89.0,10.9
2023-10-26,16,2023-10-26T15:00,bcl,Big Cliff,1.63,1.63,0.0,1198.62,1109.59,89.03,11.1
2023-10-26,17,2023-10-26T16:00,bcl,Big Cliff,1.64,1.64,0.0,1198.63,1109.65,88.98,11.1
2023-10-26,18,2023-10-26T17:00,bcl,Big Cliff,1.64,1.64,0.0,1198.65,1109.61,89.04,11.1
2023-10-26,19,2023-10-26T18:00,bcl,Big Cliff,1.63,1.63,0.0,1198.67,1109.61,89.06,11.1
2023-10-26,20,2023-10-26T19:00,bcl,Big Cliff,1.63,1.63,0.0,1198.7,1109.65,89.05,11.1
2023-10-26,21,2023-10-26T20:00,bcl,Big Cliff,1.63,1.63,0.0,1198.72,1109.63,89.09,11.1
2023-10-26,22,2023-10-26T21:00,bcl,Big Cliff,1.6,1.6,0.0,1198.75,1109.6,89.15,10.9
2023-10-26,23,2023-10-26T22:00,bcl,Big Cliff,1.63,1.63,0.0,1198.77,1109.62,89.15,11.1
2023-10-26,24,2023-10-26T23:00,bcl,Big Cliff,1.61,1.61,0.0,1198.8,1109.6,89.2,11.0
2023-10-27,1,2023-10-27T00:00,bcl,Big Cliff,1.61,1.61,0.0,1198.82,1109.64,89.18,11.0
2023-10-27,2,2023-10-27T01:00,bcl,Big Cliff,1.63,1.63,0.0,1198.84,1109.62,89.22,11.1
2023-10-27,3,2023-10-27T02:00,bcl,Big Cliff,1.63,1.63,0.0,1198.85,1109.59,89.26,11.1
2023-10-27,4,2023-10-27T03:00,bcl,Big Cliff,1.63,1.63,0.0,1198.86,1109.61,89.25,11.1
2023-10-27,5,2023-10-27T04:00,bcl,Big Cliff,1.63,1.63,0.0,1198.87,1109.56,89.31,11.1
2023-10-27,6,2023-10-27T05:00,bcl,Big Cliff,1.63,1.63,0.0,1198.88,1109.6,89.28,11.1
2023-10-27,7,2023-10-27T06:00,bcl,Big Cliff,1.64,1.64,0.0,1198.87,1109.63,89.24,11.2
2023-10-27,8,2023-10-27T07:00,bcl,Big Cliff,1.61,1.61,0.0,1198.88,1109.59,89.29,11.0
2023-10-27,9,2023-10-27T08:00,bcl,Big Cliff,1.6,1.6,0.0,1198.89,1109.59,89.3,10.9
2023-10-27,10,2023-10-27T09:00,bcl,Big Cliff,1.61,1.61,0.0,1198.9,1109.65,89.25,11.0
2023-10-27,11,2023-10-27T10:00,bcl,Big Cliff,1.61,1.61,0.0,1198.91,1109.62,89.29,11.0
2023-10-27,12,2023-10-27T11:00,bcl,Big Cliff,1.63,1.63,0.0,1198.91,1109.6,89.31,11.1
2023-10-27,13,2023-10-27T12:00,bcl,Big Cliff,1.61,1.61,0.0,1198.91,1109.62,89.29,11.0
2023-10-27,14,2023-10-27T13:00,bcl,Big Cliff,1.61,1.61,0.0,1198.91,1109.65,89.26,11.0
2023-10-27,15,2023-10-27T14:00,bcl,Big Cliff,1.64,1.64,0.0,1198.91,1109.61,89.3,11.2
2023-10-27,16,2023-10-27T15:00,bcl,Big Cliff,1.63,1.63,0.0,1198.91,1109.65,89.26,11.1
2023-10-27,17,2023-10-27T16:00,bcl,Big Cliff,1.64,1.64,0.0,1198.9,1109.59,89.31,11.2
2023-10-27,18,2023-10-27T17:00,bcl,Big Cliff,1.63,1.63,0.0,1198.9,1109.65,89.25,11.1
2023-10-27,19,2023-10-27T18:00,bcl,Big Cliff,1.63,1.63,0.0,1198.89,1109.64,89.25,11.1
2023-10-27,20,2023-10-27T19:00,bcl,Big Cliff,1.64,1.64,0.0,1198.89,1109.63,89.26,11.2
2023-10-27,21,2023-10-27T20:00,bcl,Big Cliff,1.63,1.63,0.0,1198.88,1109.61,89.27,11.1
2023-10-27,22,2023-10-27T21:00,bcl,Big Cliff,1.63,1.63,0.0,1198.87,1109.67,89.2,11.1
2023-10-27,23,2023-10-27T22:00,bcl,Big Cliff,1.63,1.63,0.0,1198.87,1109.63,89.24,11.1
2023-10-27,24,2023-10-27T23:00,bcl,Big Cliff,1.63,1.63,0.0,1198.86,1109.63,89.23,11.1
2023-10-28,1,2023-10-28T00:00,bcl,Big Cliff,1.61,1.61,0.0,1198.85,1109.59,89.26,11.0
2023-10-28,2,2023-10-28T01:00,bcl,Big Cliff,1.63,1.63,0.0,1198.85,1109.61,89.24,11.1
2023-10-28,3,2023-10-28T02:00,bcl,Big Cliff,1.63,1.63,0.0,1198.82,1109.66,89.16,11.1
2023-10-28,4,2023-10-28T03:00,bcl,Big Cliff,1.64,1.64,0.0,1198.81,1109.62,89.19,11.2
2023-10-28,5,2023-10-28T04:00,bcl,Big Cliff,1.64,1.64,0.0,1198.79,1109.63,89.16,11.2
2023-10-28,6,2023-10-28T05:00,bcl,Big Cliff,1.64,1.64,0.0,1198.77,1109.64,89.13,11.2
2023-10-28,7,2023-10-28T06:00,bcl,Big Cliff,1.61,1.61,0.0,1198.75,1109.65,89.1,10.9
2023-10-28,8,2023-10-28T07:00,bcl,Big Cliff,1.61,1.61,0.0,1198.74,1109.56,89.18,11.0
2023-10-28,9,2023-10-28T08:00,bcl,Big Cliff,1.58,1.58,0.0,1198.75,1109.54,89.21,10.8
2023-10-28,10,2023-10-28T09:00,bcl,Big Cliff,1.58,1.58,0.0,1198.8,1109.55,89.25,10.8
2023-10-28,11,2023-10-28T10:00,bcl,Big Cliff,1.6,1.6,0.0,1198.8,1109.58,89.22,10.9
2023-10-28,12,2023-10-28T11:00,bcl,Big Cliff,1.59,1.59,0.0,1198.82,1109.58,89.24,10.8
2023-10-28,13,2023-10-28T12:00,bcl,Big Cliff,1.58,1.58,0.0,1198.85,1109.55,89.3,10.8
2023-10-28,14,2023-10-28T13:00,bcl,Big Cliff,1.57,1.57,0.0,1198.86,1109.54,89.32,10.7
2023-10-28,15,2023-10-28T14:00,bcl,Big Cliff,1.58,1.58,0.0,1198.89,1109.56,89.33,10.8
2023-10-28,16,2023-10-28T15:00,bcl,Big Cliff,1.61,1.61,0.0,1198.9,1109.6,89.3,11.0
2023-10-28,17,2023-10-28T16:00,bcl,Big Cliff,1.63,1.63,0.0,1198.9,1109.61,89.29,11.1
2023-10-28,18,2023-10-28T17:00,bcl,Big Cliff,1.61,1.61,0.0,1198.9,1109.61,89.29,11.0
2023-10-28,19,2023-10-28T18:00,bcl,Big Cliff,1.6,1.6,0.0,1198.9,1109.56,89.34,10.9
2023-10-28,20,2023-10-28T19:00,bcl,Big Cliff,1.59,1.59,0.0,1198.91,1109.58,89.33,10.8
2023-10-28,21,2023-10-28T20:00,bcl,Big Cliff,1.6,1.6,0.0,1198.91,1109.58,89.33,10.9
2023-10-28,22,2023-10-28T21:00,bcl,Big Cliff,1.6,1.6,0.0,1198.92,1109.61,89.31,10.9
2023-10-28,23,2023-10-28T22:00,bcl,Big Cliff,1.6,1.6,0.0,1198.92,1109.64,89.28,10.9
2023-10-28,24,2023-10-28T23:00,bcl,Big Cliff,1.59,1.59,0.0,1198.91,1109.64,89.27,10.8
2023-10-29,1,2023-10-29T00:00,bcl,Big Cliff,1.6,1.6,0.0,1198.92,1109.6,89.32,10.9
2023-10-29,2,2023-10-29T01:00,bcl,Big Cliff,1.6,1.6,0.0,1198.92,1109.6,89.32,10.9
2023-10-29,3,2023-10-29T02:00,bcl,Big Cliff,1.61,1.61,0.0,1198.91,1109.57,89.34,11.0
2023-10-29,4,2023-10-29T03:00,bcl,Big Cliff,1.61,1.61,0.0,1198.91,1109.58,89.33,11.0
2023-10-29,5,2023-10-29T04:00,bcl,Big Cliff,1.6,1.6,0.0,1198.9,1109.6,89.3,10.9
2023-10-29,6,2023-10-29T05:00,bcl,Big Cliff,1.6,1.6,0.0,1198.89,1109.6,89.29,10.9
2023-10-29,7,2023-10-29T06:00,bcl,Big Cliff,1.6,1.6,0.0,1198.89,1109.62,89.27,10.9
2023-10-29,8,2023-10-29T07:00,bcl,Big Cliff,1.6,1.6,0.0,1198.89,1109.56,89.33,10.9
2023-10-29,9,2023-10-29T08:00,bcl,Big Cliff,1.59,1.59,0.0,1198.91,1109.57,89.34,10.8
2023-10-29,10,2023-10-29T09:00,bcl,Big Cliff,1.59,1.59,0.0,1198.91,1109.58,89.33,10.8
2023-10-29,11,2023-10-29T10:00,bcl,Big Cliff,1.6,1.6,0.0,1198.91,1109.61,89.3,10.9
2023-10-29,12,2023-10-29T11:00,bcl,Big Cliff,1.6,1.6,0.0,1198.9,1109.6,89.3,10.9
2023-10-29,13,2023-10-29T12:00,bcl,Big Cliff,1.6,1.6,0.0,1198.89,1109.61,89.28,10.9
2023-10-29,14,2023-10-29T13:00,bcl,Big Cliff,1.61,1.61,0.0,1198.88,1109.61,89.27,11.0
2023-10-29,15,2023-10-29T14:00,bcl,Big Cliff,1.6,1.6,0.0,1198.87,1109.6,89.27,10.9
2023-10-29,16,2023-10-29T15:00,bcl,Big Cliff,1.61,1.61,0.0,1198.87,1109.62,89.25,11.0
2023-10-29,17,2023-10-29T16:00,bcl,Big Cliff,1.61,1.61,0.0,1198.86,1109.62,89.24,11.0
2023-10-29,18,2023-10-29T17:00,bcl,Big Cliff,1.58,1.58,0.0,1198.87,1109.57,89.3,10.8
2023-10-29,19,2023-10-29T18:00,bcl,Big Cliff,1.58,1.58,0.0,1198.88,1109.56,89.32,10.8
2023-10-29,20,2023-10-29T19:00,bcl,Big Cliff,1.58,1.58,0.0,1198.9,1109.56,89.34,10.8
2023-10-29,21,2023-10-29T20:00,bcl,Big Cliff,1.59,1.59,0.0,1198.91,1109.59,89.32,10.8
2023-10-29,22,2023-10-29T21:00,bcl,Big Cliff,1.59,1.59,0.0,1198.92,1109.55,89.37,10.8
2023-10-29,23,2023-10-29T22:00,bcl,Big Cliff,1.59,1.59,0.0,1198.92,1109.61,89.31,10.8
2023-10-29,24,2023-10-29T23:00,bcl,Big Cliff,1.59,1.59,0.0,1198.93,1109.56,89.37,10.8
2023-10-30,1,2023-10-30T00:00,bcl,Big Cliff,1.6,1.6,0.0,1198.92,1109.57,89.35,10.9
2023-10-30,2,2023-10-30T01:00,bcl,Big Cliff,1.6,1.6,0.0,1198.91,1109.62,89.29,10.9
2023-10-30,3,2023-10-30T02:00,bcl,Big Cliff,1.6,1.6,0.0,1198.91,1109.61,89.3,10.9
2023-10-30,4,2023-10-30T03:00,bcl,Big Cliff,1.6,1.6,0.0,1198.9,1109.6,89.3,10.9
2023-10-30,5,2023-10-30T04:00,bcl,Big Cliff,1.61,1.61,0.0,1198.88,1109.59,89.29,11.0
2023-10-30,6,2023-10-30T05:00,bcl,Big Cliff,1.61,1.61,0.0,1198.87,1109.63,89.24,11.0
2023-10-30,7,2023-10-30T06:00,bcl,Big Cliff,1.61,1.61,0.0,1198.85,1109.57,89.28,11.0
2023-10-30,8,2023-10-30T07:00,bcl,Big Cliff,1.59,1.59,0.0,1198.84,1109.59,89.25,10.8
2023-10-30,9,2023-10-30T08:00,bcl,Big Cliff,1.59,1.59,0.0,1198.84,1109.59,89.25,10.8
2023-10-30,10,2023-10-30T09:00,bcl,Big Cliff,1.59,1.59,0.0,1198.84,1109.58,89.26,10.8
2023-10-30,11,2023-10-30T10:00,bcl,Big Cliff,1.59,1.59,0.0,1198.84,1109.62,89.22,10.8
2023-10-30,12,2023-10-30T11:00,bcl,Big Cliff,1.6,1.6,0.0,1198.83,1109.54,89.29,10.9
2023-10-30,13,2023-10-30T12:00,bcl,Big Cliff,1.6,1.6,0.0,1198.84,1109.58,89.26,10.9
2023-10-30,14,2023-10-30T13:00,bcl,Big Cliff,1.91,0.65,1.26,1198.75,1109.97,88.78,4.4
2023-10-30,15,2023-10-30T14:00,bcl,Big Cliff,1.83,0.64,1.19,1198.59,1109.84,88.75,4.3
2023-10-30,16,2023-10-30T15:00,bcl,Big Cliff,1.74,1.74,0.0,1198.48,1109.75,88.73,11.8
2023-10-30,17,2023-10-30T16:00,bcl,Big Cliff,1.68,1.68,0.0,1198.47,1109.68,88.79,11.4
2023-10-30,18,2023-10-30T17:00,bcl,Big Cliff,1.6,1.6,0.0,1198.49,1109.57,88.92,10.9
2023-10-30,19,2023-10-30T18:00,bcl,Big Cliff,1.59,1.59,0.0,1198.55,1109.59,88.96,10.8
2023-10-30,20,2023-10-30T19:00,bcl,Big Cliff,1.6,1.6,0.0,1198.6,1109.58,89.02,10.9
2023-10-30,21,2023-10-30T20:00,bcl,Big Cliff,1.6,1.6,0.0,1198.64,1109.58,89.06,10.9
2023-10-30,22,2023-10-30T21:00,bcl,Big Cliff,1.6,1.6,0.0,1198.7,1109.61,89.09,10.9
2023-10-30,23,2023-10-30T22:00,bcl,Big Cliff,1.59,1.59,0.0,1198.75,1109.61,89.14,10.8
2023-10-30,24,2023-10-30T23:00,bcl,Big Cliff,1.6,1.6,0.0,1198.81,1109.61,89.2,10.9
2023-10-31,1,2023-10-31T00:00,bcl,Big Cliff,1.59,1.59,0.0,1198.86,1109.59,89.27,10.8
2023-10-31,2,2023-10-31T01:00,bcl,Big Cliff,1.6,1.6,0.0,1198.9,1109.59,89.31,10.9
2023-10-31,3,2023-10-31T02:00,bcl,Big Cliff,1.59,1.59,0.0,1198.93,1109.57,89.36,10.8
2023-10-31,4,2023-10-31T03:00,bcl,Big Cliff,1.59,1.59,0.0,1198.98,1109.54,89.44,10.9
2023-10-31,5,2023-10-31T04:00,bcl,Big Cliff,1.6,1.6,0.0,1199.02,1109.58,89.44,10.9
2023-10-31,6,2023-10-31T05:00,bcl,Big Cliff,1.61,1.61,0.0,1199.05,1109.57,89.48,11.0
2023-10-31,7,2023-10-31T06:00,bcl,Big Cliff,1.61,1.61,0.0,1199.07,1109.62,89.45,11.0
2023-10-31,8,2023-10-31T07:00,bcl,Big Cliff,1.59,1.59,0.0,1199.09,1109.61,89.48,10.9
2023-10-31,9,2023-10-31T08:00,bcl,Big Cliff,1.61,1.61,0.0,1199.12,1109.58,89.54,11.0
2023-10-31,10,2023-10-31T09:00,bcl,Big Cliff,1.63,1.63,0.0,1199.13,1109.63,89.5,11.1
2023-10-31,11,2023-10-31T10:00,bcl,Big Cliff,1.63,1.63,0.0,1199.14,1109.59,89.55,11.1
2023-10-31,12,2023-10-31T11:00,bcl,Big Cliff,1.63,1.63,0.0,1199.16,1109.61,89.55,11.1
2023-10-31,13,2023-10-31T12:00,bcl,Big Cliff,1.63,1.63,0.0,1199.15,1109.58,89.57,11.1
2023-10-31,14,2023-10-31T13:00,bcl,Big Cliff,1.6,1.6,0.0,1199.16,1109.62,89.54,10.9
2023-10-31,15,2023-10-31T14:00,bcl,Big Cliff,1.6,1.6,0.0,1199.18,1109.63,89.55,10.9
2023-10-31,16,2023-10-31T15:00,bcl,Big Cliff,1.64,1.64,0.0,1199.2,1109.63,89.57,11.2
2023-10-31,17,2023-10-31T16:00,bcl,Big Cliff,1.64,1.64,0.0,1199.2,1109.65,89.55,11.2
2023-10-31,18,2023-10-31T17:00,bcl,Big Cliff,1.63,1.63,0.0,1199.2,1109.59,89.61,11.1
2023-10-31,19,2023-10-31T18:00,bcl,Big Cliff,1.63,1.63,0.0,1199.22,1109.64,89.58,11.1
2023-10-31,20,2023-10-31T19:00,bcl,Big Cliff,1.64,1.64,0.0,1199.22,1109.61,89.61,11.2
2023-10-31,21,2023-10-31T20:00,bcl,Big Cliff,1.65,1.65,0.0,1199.21,1109.59,89.62,11.3
2023-10-31,22,2023-10-31T21:00,bcl,Big Cliff,1.64,1.64,0.0,1199.21,1109.63,89.58,11.2
2023-10-31,23,2023-10-31T22:00,bcl,Big Cliff,1.63,1.63,0.0,1199.21,1109.65,89.56,11.1
2023-10-31,24,2023-10-31T23:00,bcl,Big Cliff,1.64,1.64,0.0,1199.21,1109.64,89.57,11.2
2023-11-01,1,2023-11-01T00:00,bcl,Big Cliff,1.64,1.64,0.0,1199.2,1109.64,89.56,11.2
2023-11-01,2,2023-11-01T01:00,bcl,Big Cliff,1.64,1.64,0.0,1199.19,1109.66,89.53,11.2
2023-11-01,3,2023-11-01T02:00,bcl,Big Cliff,1.64,1.64,0.0,1199.18,1109.66,89.52,11.2
2023-11-01,4,2023-11-01T03:00,bcl,Big Cliff,1.64,1.64,0.0,1199.18,1109.65,89.53,11.2
2023-11-01,5,2023-11-01T04:00,bcl,Big Cliff,1.64,1.64,0.0,1199.17,1109.66,89.51,11.2
2023-11-01,6,2023-11-01T05:00,bcl,Big Cliff,1.64,1.64,0.0,1199.16,1109.66,89.5,11.2
2023-11-01,7,2023-11-01T06:00,bcl,Big Cliff,1.65,1.65,0.0,1199.16,1109.66,89.5,11.3
2023-11-01,8,2023-11-01T07:00,bcl,Big Cliff,1.63,1.63,0.0,1199.14,1109.64,89.5,11.1
2023-11-01,9,2023-11-01T08:00,bcl,Big Cliff,1.63,1.63,0.0,1199.14,1109.59,89.55,11.1
2023-11-01,10,2023-11-01T09:00,bcl,Big Cliff,1.63,1.63,0.0,1199.12,1109.63,89.49,11.1
2023-11-01,11,2023-11-01T10:00,bcl,Big Cliff,1.63,1.63,0.0,1199.12,1109.58,89.54,11.1
2023-11-01,12,2023-11-01T11:00,bcl,Big Cliff,1.63,1.63,0.0,1199.1,1109.66,89.44,11.1
2023-11-01,13,2023-11-01T12:00,bcl,Big Cliff,1.63,1.63,0.0,1199.08,1109.62,89.46,11.1
2023-11-01,14,2023-11-01T13:00,bcl,Big Cliff,1.63,1.63,0.0,1199.08,1109.65,89.43,11.1
2023-11-01,15,2023-11-01T14:00,bcl,Big Cliff,1.63,1.63,0.0,1199.06,1109.66,89.4,11.1
2023-11-01,16,2023-11-01T15:00,bcl,Big Cliff,1.64,1.64,0.0,1199.05,1109.62,89.43,11.2
2023-11-01,17,2023-11-01T16:00,bcl,Big Cliff,1.65,1.65,0.0,1199.04,1109.66,89.38,11.3
2023-11-01,18,2023-11-01T17:00,bcl,Big Cliff,1.65,1.65,0.0,1199.03,1109.65,89.38,11.3
2023-11-01,19,2023-11-01T18:00,bcl,Big Cliff,1.64,1.64,0.0,1199.04,1109.64,89.4,11.2
2023-11-01,20,2023-11-01T19:00,bcl,Big Cliff,1.64,1.64,0.0,1199.04,1109.6,89.44,11.2
2023-11-01,21,2023-11-01T20:00,bcl,Big Cliff,1.63,1.63,0.0,1199.06,1109.62,89.44,11.1
2023-11-01,22,2023-11-01T21:00,bcl,Big Cliff,1.64,1.64,0.0,1199.07,1109.64,89.43,11.2
2023-11-01,23,2023-11-01T22:00,bcl,Big Cliff,1.63,1.63,0.0,1199.08,1109.64,89.44,11.1
2023-11-01,24,2023-11-01T23:00,bcl,Big Cliff,1.63,1.63,0.0,1199.1,1109.62,89.48,11.1
2023-11-02,1,2023-11-02T00:00,bcl,Big Cliff,1.63,1.63,0.0,1199.12,1109.59,89.53,11.1
2023-11-02,2,2023-11-02T01:00,bcl,Big Cliff,1.64,1.64,0.0,1199.13,1109.64,89.49,11.2
2023-11-02,3,2023-11-02T02:00,bcl,Big Cliff,1.64,1.64,0.0,1199.14,1109.61,89.53,11.2
2023-11-02,4,2023-11-02T03:00,bcl,Big Cliff,1.64,1.64,0.0,1199.14,1109.61,89.53,11.2
2023-11-02,5,2023-11-02T04:00,bcl,Big Cliff,1.65,1.65,0.0,1199.15,1109.58,89.57,11.3
2023-11-02,6,2023-11-02T05:00,bcl,Big Cliff,1.65,1.65,0.0,1199.15,1109.65,89.5,11.3
2023-11-02,7,2023-11-02T06:00,bcl,Big Cliff,1.65,1.65,0.0,1199.16,1109.69,89.47,11.3
2023-11-02,8,2023-11-02T07:00,bcl,Big Cliff,1.63,1.63,0.0,1199.18,1109.63,89.55,11.1
2023-11-02,9,2023-11-02T08:00,bcl,Big Cliff,1.63,1.63,0.0,1199.2,1109.63,89.57,11.1
2023-11-02,10,2023-11-02T09:00,bcl,Big Cliff,1.64,1.64,0.0,1199.22,1109.6,89.62,11.2
2023-11-02,11,2023-11-02T10:00,bcl,Big Cliff,1.63,1.63,0.0,1199.24,1109.59,89.65,11.1
2023-11-02,12,2023-11-02T11:00,bcl,Big Cliff,1.64,1.64,0.0,1199.26,1109.59,89.67,11.2
2023-11-02,13,2023-11-02T12:00,bcl,Big Cliff,1.65,1.65,0.0,1199.28,1109.61,89.67,11.3
2023-11-02,14,2023-11-02T13:00,bcl,Big Cliff,1.64,1.64,0.0,1199.3,1109.66,89.64,11.2
2023-11-02,15,2023-11-02T14:00,bcl,Big Cliff,1.64,1.64,0.0,1199.32,1109.62,89.7,11.2
2023-11-02,16,2023-11-02T15:00,bcl,Big Cliff,1.65,1.65,0.0,1199.33,1109.64,89.69,11.3
2023-11-02,17,2023-11-02T16:00,bcl,Big Cliff,1.65,1.65,0.0,1199.34,1109.6,89.74,11.3
2023-11-02,18,2023-11-02T17:00,bcl,Big Cliff,1.63,1.63,0.0,1199.35,1109.61,89.74,11.2
2023-11-02,19,2023-11-02T18:00,bcl,Big Cliff,1.63,1.63,0.0,1199.36,1109.6,89.76,11.2
2023-11-02,20,2023-11-02T19:00,bcl,Big Cliff,1.65,1.65,0.0,1199.37,1109.68,89.69,11.3
2023-11-02,21,2023-11-02T20:00,bcl,Big Cliff,1.67,1.67,0.0,1199.35,1109.72,89.63,11.4
2023-11-02,22,2023-11-02T21:00,bcl,Big Cliff,1.67,1.67,0.0,1199.34,1109.74,89.6,11.4
2023-11-02,23,2023-11-02T22:00,bcl,Big Cliff,1.68,1.68,0.0,1199.31,1109.67,89.64,11.5
2023-11-02,24,2023-11-02T23:00,bcl,Big Cliff,1.68,1.68,0.0,1199.29,1109.75,89.54,11.5
2023-11-03,1,2023-11-03T00:00,bcl,Big Cliff,1.69,1.69,0.0,1199.26,1109.75,89.51,11.5
2023-11-03,2,2023-11-03T01:00,bcl,Big Cliff,1.67,1.67,0.0,1199.24,1109.69,89.55,11.4
2023-11-03,3,2023-11-03T02:00,bcl,Big Cliff,1.68,1.68,0.0,1199.21,1109.76,89.45,11.5
2023-11-03,4,2023-11-03T03:00,bcl,Big Cliff,1.68,1.68,0.0,1199.19,1109.7,89.49,11.5
2023-11-03,5,2023-11-03T04:00,bcl,Big Cliff,1.68,1.68,0.0,1199.18,1109.68,89.5,11.5
2023-11-03,6,2023-11-03T05:00,bcl,Big Cliff,1.68,1.68,0.0,1199.19,1109.68,89.51,11.5
2023-11-03,7,2023-11-03T06:00,bcl,Big Cliff,1.69,1.69,0.0,1199.18,1109.7,89.48,11.5
2023-11-03,8,2023-11-03T07:00,bcl,Big Cliff,1.69,1.69,0.0,1199.17,1109.77,89.4,11.5
2023-11-03,9,2023-11-03T08:00,bcl,Big Cliff,1.68,1.68,0.0,1199.17,1109.66,89.51,11.5
2023-11-03,10,2023-11-03T09:00,bcl,Big Cliff,1.68,1.68,0.0,1199.17,1109.68,89.49,11.5
2023-11-03,11,2023-11-03T10:00,bcl,Big Cliff,1.68,1.68,0.0,1199.17,1109.68,89.49,11.5
2023-11-03,12,2023-11-03T11:00,bcl,Big Cliff,1.69,1.69,0.0,1199.16,1109.67,89.49,11.5
2023-11-03,13,2023-11-03T12:00,bcl,Big Cliff,1.71,1.71,0.0,1199.15,1109.71,89.44,11.7
2023-11-03,14,2023-11-03T13:00,bcl,Big Cliff,1.69,1.69,0.0,1199.14,1109.72,89.42,11.5
2023-11-03,15,2023-11-03T14:00,bcl,Big Cliff,1.69,1.69,0.0,1199.12,1109.76,89.36,11.5
2023-11-03,16,2023-11-03T15:00,bcl,Big Cliff,1.69,1.69,0.0,1199.1,1109.67,89.43,11.5
2023-11-03,17,2023-11-03T16:00,bcl,Big Cliff,1.69,1.69,0.0,1199.08,1109.74,89.34,11.5
2023-11-03,18,2023-11-03T17:00,bcl,Big Cliff,1.68,1.68,0.0,1199.07,1109.67,89.4,11.5
2023-11-03,19,2023-11-03T18:00,bcl,Big Cliff,1.67,1.67,0.0,1199.07,1109.67,89.4,11.4
2023-11-03,20,2023-11-03T19:00,bcl,Big Cliff,1.67,1.67,0.0,1199.06,1109.7,89.36,11.4
2023-11-03,21,2023-11-03T20:00,bcl,Big Cliff,1.67,1.67,0.0,1199.05,1109.69,89.36,11.4
2023-11-03,22,2023-11-03T21:00,bcl,Big Cliff,1.67,1.67,0.0,1199.05,1109.69,89.36,11.4
2023-11-03,23,2023-11-03T22:00,bcl,Big Cliff,1.67,1.67,0.0,1199.04,1109.66,89.38,11.4
2023-11-03,24,2023-11-03T23:00,bcl,Big Cliff,1.68,1.68,0.0,1199.03,1109.68,89.35,11.5
2023-11-04,1,2023-11-04T00:00,bcl,Big Cliff,1.69,1.69,0.0,1199.01,1109.72,89.29,11.5
2023-11-04,2,2023-11-04T01:00,bcl,Big Cliff,1.68,1.68,0.0,1199.0,1109.67,89.33,11.5
2023-11-04,3,2023-11-04T02:00,bcl,Big Cliff,1.68,1.68,0.0,1198.99,1109.68,89.31,11.4
2023-11-04,4,2023-11-04T03:00,bcl,Big Cliff,1.68,1.68,0.0,1198.99,1109.67,89.32,11.4
2023-11-04,5,2023-11-04T04:00,bcl,Big Cliff,1.68,1.68,0.0,1198.97,1109.64,89.33,11.5
2023-11-04,6,2023-11-04T05:00,bcl,Big Cliff,1.68,1.68,0.0,1198.95,1109.68,89.27,11.4
2023-11-04,7,2023-11-04T06:00,bcl,Big Cliff,1.69,1.69,0.0,1198.93,1109.69,89.24,11.5
2023-11-04,8,2023-11-04T07:00,bcl,Big Cliff,1.68,1.68,0.0,1198.92,1109.69,89.23,11.4
2023-11-04,9,2023-11-04T08:00,bcl,Big Cliff,1.67,1.67,0.0,1198.91,1109.67,89.24,11.4
2023-11-04,10,2023-11-04T09:00,bcl,Big Cliff,1.68,1.68,0.0,1198.92,1109.66,89.26,11.4
2023-11-04,11,2023-11-04T10:00,bcl,Big Cliff,1.69,1.69,0.0,1198.93,1109.72,89.21,11.5
2023-11-04,12,2023-11-04T11:00,bcl,Big Cliff,1.69,1.69,0.0,1198.95,1109.72,89.23,11.5
2023-11-04,13,2023-11-04T12:00,bcl,Big Cliff,1.68,1.68,0.0,1198.99,1109.66,89.33,11.5
2023-11-04,14,2023-11-04T13:00,bcl,Big Cliff,1.69,1.69,0.0,1199.03,1109.71,89.32,11.5
2023-11-04,15,2023-11-04T14:00,bcl,Big Cliff,1.69,1.69,0.0,1199.1,1109.72,89.38,11.5
2023-11-04,16,2023-11-04T15:00,bcl,Big Cliff,1.69,1.69,0.0,1199.19,1109.71,89.48,11.5
2023-11-04,17,2023-11-04T16:00,bcl,Big Cliff,1.71,1.71,0.0,1199.32,1109.72,89.6,11.7
2023-11-04,18,2023-11-04T17:00,bcl,Big Cliff,1.69,1.69,0.0,1199.46,1109.69,89.77,11.6
2023-11-04,19,2023-11-04T18:00,bcl,Big Cliff,1.89,1.89,0.0,1199.5,1109.98,89.52,12.9
2023-11-04,20,2023-11-04T19:00,bcl,Big Cliff,1.99,1.99,0.0,1199.51,1110.08,89.43,13.6
2023-11-04,21,2023-11-04T20:00,bcl,Big Cliff,1.99,1.99,0.0,1199.53,1110.15,89.38,13.6
2023-11-04,22,2023-11-04T21:00,bcl,Big Cliff,1.99,1.99,0.0,1199.54,1110.13,89.41,13.6
2023-11-04,23,2023-11-04T22:00,bcl,Big Cliff,1.99,1.99,0.0,1199.54,1110.1,89.44,13.6
2023-11-04,24,2023-11-04T23:00,bcl,Big Cliff,1.99,1.99,0.0,1199.54,1110.13,89.41,13.6
2023-11-04,1,2023-11-04T00:00,bcl,Big Cliff,1.99,1.99,0.0,1199.52,1110.06,89.46,13.6
2023-11-05,1,2023-11-05T00:00,bcl,Big Cliff,1.99,1.99,0.0,1199.5,1110.11,89.39,13.6
2023-11-05,2,2023-11-05T01:00,bcl,Big Cliff,1.99,1.99,0.0,1199.46,1110.14,89.32,13.6
2023-11-05,3,2023-11-05T02:00,bcl,Big Cliff,1.99,1.99,0.0,1199.41,1110.1,89.31,13.6
2023-11-05,4,2023-11-05T03:00,bcl,Big Cliff,2.0,2.0,0.0,1199.35,1110.11,89.24,13.6
2023-11-05,5,2023-11-05T04:00,bcl,Big Cliff,1.99,1.99,0.0,1199.27,1110.07,89.2,13.5
2023-11-05,6,2023-11-05T05:00,bcl,Big Cliff,1.99,1.99,0.0,1199.18,1110.12,89.06,13.5
2023-11-05,7,2023-11-05T06:00,bcl,Big Cliff,1.99,1.99,0.0,1199.11,1110.09,89.02,13.5
2023-11-05,8,2023-11-05T07:00,bcl,Big Cliff,1.96,1.96,0.0,1199.01,1110.02,88.99,13.3
2023-11-05,9,2023-11-05T08:00,bcl,Big Cliff,1.99,1.99,0.0,1198.92,1110.03,88.89,13.5
2023-11-05,10,2023-11-05T09:00,bcl,Big Cliff,1.96,1.96,0.0,1198.83,1110.05,88.78,13.3
2023-11-05,11,2023-11-05T10:00,bcl,Big Cliff,1.99,1.99,0.0,1198.72,1110.07,88.65,13.5
2023-11-05,12,2023-11-05T11:00,bcl,Big Cliff,1.99,1.99,0.0,1198.6,1110.13,88.47,13.4
2023-11-05,13,2023-11-05T12:00,bcl,Big Cliff,1.96,1.96,0.0,1198.49,1110.03,88.46,13.2
2023-11-05,14,2023-11-05T13:00,bcl,Big Cliff,1.96,1.96,0.0,1198.37,1110.05,88.32,13.2
2023-11-05,15,2023-11-05T14:00,bcl,Big Cliff,1.99,1.99,0.0,1198.24,1110.12,88.12,13.4
2023-11-05,16,2023-11-05T15:00,bcl,Big Cliff,1.99,1.99,0.0,1198.11,1110.09,88.02,13.4
2023-11-05,17,2023-11-05T16:00,bcl,Big Cliff,1.98,1.98,0.0,1197.99,1110.05,87.94,13.3
2023-11-05,18,2023-11-05T17:00,bcl,Big Cliff,1.96,1.96,0.0,1197.86,1110.01,87.85,13.1
2023-11-05,19,2023-11-05T18:00,bcl,Big Cliff,1.98,1.98,0.0,1197.94,1110.07,87.87,13.3
2023-11-05,20,2023-11-05T19:00,bcl,Big Cliff,1.96,1.96,0.0,1198.16,1110.02,88.14,13.2
2023-11-05,21,2023-11-05T20:00,bcl,Big Cliff,1.96,1.96,0.0,1198.39,1110.02,88.37,13.2
2023-11-05,22,2023-11-05T21:00,bcl,Big Cliff,1.96,1.96,0.0,1198.6,1110.03,88.57,13.2
2023-11-05,23,2023-11-05T22:00,bcl,Big Cliff,1.98,1.98,0.0,1198.64,1110.07,88.57,13.4
2023-11-05,24,2023-11-05T23:00,bcl,Big Cliff,1.99,1.99,0.0,1198.68,1110.1,88.58,13.4
2023-11-06,1,2023-11-06T00:00,bcl,Big Cliff,1.99,1.99,0.0,1198.72,1110.05,88.67,13.5
2023-11-06,2,2023-11-06T01:00,bcl,Big Cliff,1.98,1.98,0.0,1198.75,1110.05,88.7,13.4
2023-11-06,3,2023-11-06T02:00,bcl,Big Cliff,1.99,1.99,0.0,1198.79,1110.06,88.73,13.5
2023-11-06,4,2023-11-06T03:00,bcl,Big Cliff,1.99,1.99,0.0,1198.84,1110.09,88.75,13.5
2023-11-06,5,2023-11-06T04:00,bcl,Big Cliff,1.99,1.99,0.0,1198.86,1110.14,88.72,13.5
2023-11-06,6,2023-11-06T05:00,bcl,Big Cliff,1.99,1.99,0.0,1198.89,1110.09,88.8,13.5
2023-11-06,7,2023-11-06T06:00,bcl,Big Cliff,1.99,1.99,0.0,1198.95,1110.08,88.87,13.5
2023-11-06,8,2023-11-06T07:00,bcl,Big Cliff,1.98,1.98,0.0,1199.01,1110.11,88.9,13.4
2023-11-06,9,2023-11-06T08:00,bcl,Big Cliff,2.15,2.15,0.0,1199.16,1110.33,88.83,14.6
2023-11-06,10,2023-11-06T09:00,bcl,Big Cliff,2.25,2.25,0.0,1199.25,1110.51,88.74,15.2
2023-11-06,11,2023-11-06T10:00,bcl,Big Cliff,2.35,2.35,0.0,1199.29,1110.61,88.68,15.9
2023-11-06,12,2023-11-06T11:00,bcl,Big Cliff,2.38,2.38,0.0,1199.35,1110.63,88.72,16.1
2023-11-06,13,2023-11-06T12:00,bcl,Big Cliff,2.54,2.54,0.0,1199.47,1110.82,88.65,17.2
2023-11-06,14,2023-11-06T13:00,bcl,Big Cliff,2.57,2.57,0.0,1199.54,1110.87,88.67,17.4
2023-11-06,15,2023-11-06T14:00,bcl,Big Cliff,2.6,2.6,0.0,1199.59,1110.86,88.73,17.6
2023-11-06,16,2023-11-06T15:00,bcl,Big Cliff,2.58,2.58,0.0,1199.6,1110.88,88.72,17.5
2023-11-06,17,2023-11-06T16:00,bcl,Big Cliff,2.57,2.57,0.0,1199.66,1110.85,88.81,17.4
2023-11-06,18,2023-11-06T17:00,bcl,Big Cliff,2.57,2.57,0.0,1199.7,1110.84,88.86,17.4
2023-11-06,19,2023-11-06T18:00,bcl,Big Cliff,2.57,2.57,0.0,1199.75,1110.86,88.89,17.4
2023-11-06,20,2023-11-06T19:00,bcl,Big Cliff,2.58,2.58,0.0,1199.58,1110.87,88.71,17.5
2023-11-06,21,2023-11-06T20:00,bcl,Big Cliff,2.57,2.57,0.0,1199.34,1110.85,88.49,17.4
2023-11-06,22,2023-11-06T21:00,bcl,Big Cliff,2.57,2.57,0.0,1199.11,1110.87,88.24,17.3
2023-11-06,23,2023-11-06T22:00,bcl,Big Cliff,2.55,2.55,0.0,1199.05,1110.85,88.2,17.2
2023-11-06,24,2023-11-06T23:00,bcl,Big Cliff,2.57,2.57,0.0,1199.01,1110.85,88.16,17.3
2023-11-07,1,2023-11-07T00:00,bcl,Big Cliff,2.57,2.57,0.0,1199.02,1110.86,88.16,17.3
2023-11-07,2,2023-11-07T01:00,bcl,Big Cliff,2.57,2.57,0.0,1199.04,1110.87,88.17,17.3
2023-11-07,3,2023-11-07T02:00,bcl,Big Cliff,2.57,2.57,0.0,1199.07,1110.82,88.25,17.3
2023-11-07,4,2023-11-07T03:00,bcl,Big Cliff,2.57,2.57,0.0,1199.09,1110.89,88.2,17.3
2023-11-07,5,2023-11-07T04:00,bcl,Big Cliff,2.57,2.57,0.0,1199.17,1110.85,88.32,17.3
2023-11-07,6,2023-11-07T05:00,bcl,Big Cliff,2.57,2.57,0.0,1199.29,1110.89,88.4,17.3
2023-11-07,7,2023-11-07T06:00,bcl,Big Cliff,2.55,2.55,0.0,1199.4,1110.86,88.54,17.2
2023-11-07,8,2023-11-07T07:00,bcl,Big Cliff,2.57,2.57,0.0,1199.52,1110.86,88.66,17.4
2023-11-07,9,2023-11-07T08:00,bcl,Big Cliff,2.63,2.63,0.0,1199.63,1110.95,88.68,17.8
2023-11-07,10,2023-11-07T09:00,bcl,Big Cliff,2.73,2.73,0.0,1199.65,1111.15,88.5,18.4
2023-11-07,11,2023-11-07T10:00,bcl,Big Cliff,2.87,2.87,0.0,1199.61,1111.26,88.35,19.3
2023-11-07,12,2023-11-07T11:00,bcl,Big Cliff,2.97,2.97,0.0,1199.52,1111.32,88.2,20.0
2023-11-07,13,2023-11-07T12:00,bcl,Big Cliff,2.98,2.98,0.0,1199.38,1111.42,87.96,20.0
2023-11-07,14,2023-11-07T13:00,bcl,Big Cliff,3.1,3.1,0.0,1199.16,1111.48,87.68,20.7
2023-11-07,15,2023-11-07T14:00,bcl,Big Cliff,3.1,3.1,0.0,1198.93,1111.47,87.46,20.7
2023-11-07,16,2023-11-07T15:00,bcl,Big Cliff,3.1,3.1,0.0,1198.7,1111.48,87.22,20.6
2023-11-07,17,2023-11-07T16:00,bcl,Big Cliff,3.11,3.11,0.0,1198.57,1111.46,87.11,20.7
2023-11-07,18,2023-11-07T17:00,bcl,Big Cliff,3.1,3.1,0.0,1198.57,1111.48,87.09,20.6
2023-11-07,19,2023-11-07T18:00,bcl,Big Cliff,3.1,3.1,0.0,1198.77,1111.5,87.27,20.6
2023-11-07,20,2023-11-07T19:00,bcl,Big Cliff,3.1,3.1,0.0,1199.05,1111.5,87.55,20.7
2023-11-07,21,2023-11-07T20:00,bcl,Big Cliff,3.08,3.08,0.0,1199.46,1111.46,88.0,20.7
2023-11-07,22,2023-11-07T21:00,bcl,Big Cliff,3.1,3.1,0.0,1199.91,1111.48,88.43,20.9
2023-11-07,23,2023-11-07T22:00,bcl,Big Cliff,3.11,3.11,0.0,1200.34,1111.5,88.84,21.1
2023-11-07,24,2023-11-07T23:00,bcl,Big Cliff,3.1,3.1,0.0,1200.76,1111.49,89.27,21.1
2023-11-08,1,2023-11-08T00:00,bcl,Big Cliff,3.11,3.11,0.0,1201.04,1111.54,89.5,21.2
2023-11-08,2,2023-11-08T01:00,bcl,Big Cliff,3.1,3.1,0.0,1201.25,1111.49,89.76,21.2
2023-11-08,3,2023-11-08T02:00,bcl,Big Cliff,3.1,3.1,0.0,1201.45,1111.51,89.94,21.3
2023-11-08,4,2023-11-08T03:00,bcl,Big Cliff,3.11,3.11,0.0,1201.66,1111.51,90.15,21.4
2023-11-08,5,2023-11-08T04:00,bcl,Big Cliff,3.11,3.11,0.0,1201.84,1111.49,90.35,21.4
2023-11-08,6,2023-11-08T05:00,bcl,Big Cliff,3.08,3.08,0.0,1202.02,1111.52,90.5,21.3
2023-11-08,7,2023-11-08T06:00,bcl,Big Cliff,3.1,3.1,0.0,1202.21,1111.5,90.71,21.5
2023-11-08,8,2023-11-08T07:00,bcl,Big Cliff,3.08,3.08,0.0,1202.39,1111.46,90.93,21.4
2023-11-08,9,2023-11-08T08:00,bcl,Big Cliff,3.13,2.05,1.08,1202.56,1111.62,90.94,14.2
2023-11-08,10,2023-11-08T09:00,bcl,Big Cliff,3.26,2.18,1.08,1202.61,1111.82,90.79,15.1
2023-11-08,11,2023-11-08T10:00,bcl,Big Cliff,3.31,2.23,1.08,1202.6,1111.87,90.73,15.4
2023-11-08,12,2023-11-08T11:00,bcl,Big Cliff,3.45,2.37,1.08,1202.54,1112.0,90.54,16.4
2023-11-08,13,2023-11-08T12:00,bcl,Big Cliff,3.5,2.43,1.07,1202.42,1112.12,90.3,16.7
2023-11-08,14,2023-11-08T13:00,bcl,Big Cliff,3.72,2.65,1.07,1202.35,1112.31,90.04,18.2
2023-11-08,15,2023-11-08T14:00,bcl,Big Cliff,3.75,2.68,1.07,1202.26,1112.35,89.91,18.4
2023-11-08,16,2023-11-08T15:00,bcl,Big Cliff,3.77,2.7,1.07,1202.15,1112.31,89.84,18.5
2023-11-08,17,2023-11-08T16:00,bcl,Big Cliff,3.79,2.72,1.07,1202.19,1112.41,89.78,18.6
2023-11-08,18,2023-11-08T17:00,bcl,Big Cliff,3.77,2.7,1.07,1202.25,1112.36,89.89,18.5
2023-11-08,19,2023-11-08T18:00,bcl,Big Cliff,3.83,2.76,1.07,1202.32,1112.46,89.86,18.9
2023-11-08,20,2023-11-08T19:00,bcl,Big Cliff,3.81,2.74,1.07,1202.42,1112.41,90.01,18.8
2023-11-08,21,2023-11-08T20:00,bcl,Big Cliff,3.81,2.74,1.07,1202.48,1112.4,90.08,18.8
2023-11-08,22,2023-11-08T21:00,bcl,Big Cliff,3.81,2.73,1.08,1202.58,1112.38,90.2,18.8
2023-11-08,23,2023-11-08T22:00,bcl,Big Cliff,3.81,2.73,1.08,1202.64,1112.38,90.26,18.8
2023-11-08,24,2023-11-08T23:00,bcl,Big Cliff,3.79,2.71,1.08,1202.73,1112.4,90.33,18.7
2023-11-09,1,2023-11-09T00:00,bcl,Big Cliff,3.79,2.71,1.08,1202.77,1112.4,90.37,18.7
2023-11-09,2,2023-11-09T01:00,bcl,Big Cliff,3.81,2.73,1.08,1202.76,1112.41,90.35,18.8
2023-11-09,3,2023-11-09T02:00,bcl,Big Cliff,3.81,2.73,1.08,1202.77,1112.45,90.32,18.8
2023-11-09,4,2023-11-09T03:00,bcl,Big Cliff,3.81,2.73,1.08,1202.77,1112.44,90.33,18.8
2023-11-09,5,2023-11-09T04:00,bcl,Big Cliff,3.81,2.73,1.08,1202.76,1112.46,90.3,18.8
2023-11-09,6,2023-11-09T05:00,bcl,Big Cliff,3.83,2.75,1.08,1202.73,1112.47,90.26,18.9
2023-11-09,7,2023-11-09T06:00,bcl,Big Cliff,3.79,2.71,1.08,1202.72,1112.39,90.33,18.7
2023-11-09,8,2023-11-09T07:00,bcl,Big Cliff,3.81,2.73,1.08,1202.72,1112.43,90.29,18.8
2023-11-09,9,2023-11-09T08:00,bcl,Big Cliff,3.97,2.89,1.08,1202.68,1112.57,90.11,19.9
2023-11-09,10,2023-11-09T09:00,bcl,Big Cliff,3.97,2.89,1.08,1202.65,1112.61,90.04,19.9
2023-11-09,11,2023-11-09T10:00,bcl,Big Cliff,4.09,3.01,1.08,1202.65,1112.75,89.9,20.6
2023-11-09,12,2023-11-09T11:00,bcl,Big Cliff,4.18,3.03,1.15,1202.57,1112.85,89.72,20.7
2023-11-09,13,2023-11-09T12:00,bcl,Big Cliff,4.33,3.04,1.29,1202.54,1112.97,89.57,20.8
2023-11-09,14,2023-11-09T13:00,bcl,Big Cliff,4.51,3.08,1.43,1202.46,1113.2,89.26,21.0
2023-11-09,15,2023-11-09T14:00,bcl,Big Cliff,4.63,3.13,1.5,1202.28,1113.26,89.02,21.3
2023-11-09,16,2023-11-09T15:00,bcl,Big Cliff,4.61,3.11,1.5,1201.9,1113.28,88.62,21.0
2023-11-09,17,2023-11-09T16:00,bcl,Big Cliff,4.59,3.1,1.49,1201.76,1113.23,88.53,20.9
2023-11-09,18,2023-11-09T17:00,bcl,Big Cliff,4.59,3.1,1.49,1201.7,1113.24,88.46,20.9
2023-11-09,19,2023-11-09T18:00,bcl,Big Cliff,4.55,3.06,1.49,1201.64,1113.22,88.42,20.6
2023-11-09,20,2023-11-09T19:00,bcl,Big Cliff,4.55,3.06,1.49,1201.59,1113.18,88.41,20.6
2023-11-09,21,2023-11-09T20:00,bcl,Big Cliff,4.55,3.06,1.49,1201.54,1113.23,88.31,20.6
2023-11-09,22,2023-11-09T21:00,bcl,Big Cliff,4.55,3.06,1.49,1201.48,1113.23,88.25,20.6
2023-11-09,23,2023-11-09T22:00,bcl,Big Cliff,4.55,3.06,1.49,1201.41,1113.22,88.19,20.6
2023-11-09,24,2023-11-09T23:00,bcl,Big Cliff,4.55,3.06,1.49,1201.36,1113.16,88.2,20.6
2023-11-10,1,2023-11-10T00:00,bcl,Big Cliff,4.55,3.06,1.49,1201.3,1113.17,88.13,20.6
2023-11-10,2,2023-11-10T01:00,bcl,Big Cliff,4.55,3.06,1.49,1201.24,1113.2,88.04,20.6
2023-11-10,3,2023-11-10T02:00,bcl,Big Cliff,4.55,3.06,1.49,1201.17,1113.22,87.95,20.5
2023-11-10,4,2023-11-10T03:00,bcl,Big Cliff,4.55,3.06,1.49,1201.1,1113.16,87.94,20.5
2023-11-10,5,2023-11-10T04:00,bcl,Big Cliff,4.53,3.04,1.49,1201.04,1113.22,87.82,20.4
2023-11-10,6,2023-11-10T05:00,bcl,Big Cliff,4.61,3.13,1.48,1200.93,1113.25,87.68,20.9
2023-11-10,7,2023-11-10T06:00,bcl,Big Cliff,4.59,3.04,1.55,1200.81,1113.3,87.51,20.3
2023-11-10,8,2023-11-10T07:00,bcl,Big Cliff,4.69,3.07,1.62,1200.68,1113.27,87.41,20.5
2023-11-10,9,2023-11-10T08:00,bcl,Big Cliff,4.75,3.13,1.62,1200.58,1113.44,87.14,20.8
2023-11-10,10,2023-11-10T09:00,bcl,Big Cliff,4.85,3.1,1.75,1200.4,1113.52,86.88,20.5
2023-11-10,11,2023-11-10T10:00,bcl,Big Cliff,4.83,3.08,1.75,1200.22,1113.51,86.71,20.4
2023-11-10,12,2023-11-10T11:00,bcl,Big Cliff,4.83,3.08,1.75,1200.11,1113.49,86.62,20.4
2023-11-10,13,2023-11-10T12:00,bcl,Big Cliff,4.83,3.08,1.75,1200.09,1113.46,86.63,20.4
2023-11-10,14,2023-11-10T13:00,bcl,Big Cliff,4.83,3.08,1.75,1200.09,1113.47,86.62,20.4
2023-11-10,15,2023-11-10T14:00,bcl,Big Cliff,4.83,3.08,1.75,1200.09,1113.55,86.54,20.3
2023-11-10,16,2023-11-10T15:00,bcl,Big Cliff,4.83,3.08,1.75,1200.08,1113.47,86.61,20.4
2023-11-10,17,2023-11-10T16:00,bcl,Big Cliff,4.83,3.08,1.75,1200.06,1113.48,86.58,20.3
2023-11-10,18,2023-11-10T17:00,bcl,Big Cliff,4.81,3.06,1.75,1200.01,1113.42,86.59,20.2
2023-11-10,19,2023-11-10T18:00,bcl,Big Cliff,4.83,3.09,1.74,1199.96,1113.45,86.51,20.4
2023-11-10,20,2023-11-10T19:00,bcl,Big Cliff,4.81,3.07,1.74,1199.9,1113.47,86.43,20.2
2023-11-10,21,2023-11-10T20:00,bcl,Big Cliff,4.83,3.09,1.74,1199.84,1113.46,86.38,20.4
2023-11-10,22,2023-11-10T21:00,bcl,Big Cliff,4.81,3.07,1.74,1199.8,1113.49,86.31,20.2
2023-11-10,23,2023-11-10T22:00,bcl,Big Cliff,4.81,3.07,1.74,1199.74,1113.46,86.28,20.2
2023-11-10,24,2023-11-10T23:00,bcl,Big Cliff,4.81,3.07,1.74,1199.68,1113.45,86.23,20.2
2023-11-11,1,2023-11-11T00:00,bcl,Big Cliff,4.79,3.06,1.73,1199.63,1113.49,86.14,20.1
2023-11-11,2,2023-11-11T01:00,bcl,Big Cliff,4.79,3.06,1.73,1199.57,1113.4,86.17,20.1
2023-11-11,3,2023-11-11T02:00,bcl,Big Cliff,4.79,3.06,1.73,1199.51,1113.41,86.1,20.1
2023-11-11,4,2023-11-11T03:00,bcl,Big Cliff,4.81,3.08,1.73,1199.45,1113.45,86.0,20.2
2023-11-11,5,2023-11-11T04:00,bcl,Big Cliff,4.79,3.06,1.73,1199.4,1113.43,85.97,20.1
2023-11-11,6,2023-11-11T05:00,bcl,Big Cliff,4.79,3.07,1.72,1199.32,1113.41,85.91,20.1
2023-11-11,7,2023-11-11T06:00,bcl,Big Cliff,4.77,3.05,1.72,1199.26,1113.45,85.81,20.0
2023-11-11,8,2023-11-11T07:00,bcl,Big Cliff,4.75,3.03,1.72,1199.2,1113.39,85.81,19.8
2023-11-11,9,2023-11-11T08:00,bcl,Big Cliff,4.71,3.06,1.65,1199.2,1113.34,85.86,20.0
2023-11-11,10,2023-11-11T09:00,bcl,Big Cliff,4.71,3.06,1.65,1199.2,1113.38,85.82,20.0
2023-11-11,11,2023-11-11T10:00,bcl,Big Cliff,4.69,3.04,1.65,1199.19,1113.33,85.86,19.9
2023-11-11,12,2023-11-11T11:00,bcl,Big Cliff,4.71,3.06,1.65,1199.19,1113.37,85.82,20.0
2023-11-11,13,2023-11-11T12:00,bcl,Big Cliff,4.71,3.06,1.65,1199.2,1113.36,85.84,20.0
2023-11-11,14,2023-11-11T13:00,bcl,Big Cliff,4.71,3.06,1.65,1199.21,1113.33,85.88,20.1
2023-11-11,15,2023-11-11T14:00,bcl,Big Cliff,4.71,3.06,1.65,1199.22,1113.35,85.87,20.0
2023-11-11,16,2023-11-11T15:00,bcl,Big Cliff,4.71,3.06,1.65,1199.2,1113.35,85.85,20.0
2023-11-11,17,2023-11-11T16:00,bcl,Big Cliff,4.71,3.06,1.65,1199.19,1113.36,85.83,20.0
2023-11-11,18,2023-11-11T17:00,bcl,Big Cliff,4.69,3.04,1.65,1199.18,1113.35,85.83,19.9
2023-11-11,19,2023-11-11T18:00,bcl,Big Cliff,4.71,3.06,1.65,1199.18,1113.3,85.88,20.1
2023-11-11,20,2023-11-11T19:00,bcl,Big Cliff,4.71,3.06,1.65,1199.17,1113.33,85.84,20.0
2023-11-11,21,2023-11-11T20:00,bcl,Big Cliff,4.69,3.04,1.65,1199.16,1113.34,85.82,19.9
2023-11-11,22,2023-11-11T21:00,bcl,Big Cliff,4.69,3.04,1.65,1199.15,1113.39,85.76,19.9
2023-11-11,23,2023-11-11T22:00,bcl,Big Cliff,4.67,3.02,1.65,1199.15,1113.33,85.82,19.8
2023-11-11,24,2023-11-11T23:00,bcl,Big Cliff,4.71,3.06,1.65,1199.14,1113.37,85.77,20.0
2023-11-12,1,2023-11-12T00:00,bcl,Big Cliff,4.69,3.04,1.65,1199.12,1113.37,85.75,19.9
2023-11-12,2,2023-11-12T01:00,bcl,Big Cliff,4.69,3.04,1.65,1199.09,1113.37,85.72,19.9
2023-11-12,3,2023-11-12T02:00,bcl,Big Cliff,4.69,3.04,1.65,1199.07,1113.35,85.72,19.9
2023-11-12,4,2023-11-12T03:00,bcl,Big Cliff,4.69,3.04,1.65,1199.05,1113.35,85.7,19.9
2023-11-12,5,2023-11-12T04:00,bcl,Big Cliff,4.69,3.04,1.65,1199.02,1113.35,85.67,19.9
2023-11-12,6,2023-11-12T05:00,bcl,Big Cliff,4.67,3.02,1.65,1198.99,1113.33,85.66,19.7
2023-11-12,7,2023-11-12T06:00,bcl,Big Cliff,4.67,3.02,1.65,1198.96,1113.32,85.64,19.7
2023-11-12,8,2023-11-12T07:00,bcl,Big Cliff,4.67,3.02,1.65,1198.95,1113.3,85.65,19.7
2023-11-12,9,2023-11-12T08:00,bcl,Big Cliff,4.67,3.02,1.65,1198.9,1113.41,85.49,19.7
2023-11-12,10,2023-11-12T09:00,bcl,Big Cliff,4.67,3.03,1.64,1198.87,1113.34,85.53,19.8
2023-11-12,11,2023-11-12T10:00,bcl,Big Cliff,4.67,3.03,1.64,1198.86,1113.3,85.56,19.8
2023-11-12,12,2023-11-12T11:00,bcl,Big Cliff,4.67,3.03,1.64,1198.86,1113.3,85.56,19.8
2023-11-12,13,2023-11-12T12:00,bcl,Big Cliff,4.67,3.03,1.64,1198.87,1113.35,85.52,19.8
2023-11-12,14,2023-11-12T13:00,bcl,Big Cliff,4.67,3.03,1.64,1198.87,1113.33,85.54,19.8
2023-11-12,15,2023-11-12T14:00,bcl,Big Cliff,4.69,3.05,1.64,1198.86,1113.33,85.53,19.9
2023-11-12,16,2023-11-12T15:00,bcl,Big Cliff,4.69,3.05,1.64,1198.85,1113.38,85.47,19.9
2023-11-12,17,2023-11-12T16:00,bcl,Big Cliff,4.67,3.03,1.64,1198.83,1113.31,85.52,19.8
2023-11-12,18,2023-11-12T17:00,bcl,Big Cliff,4.67,3.03,1.64,1198.82,1113.32,85.5,19.8
2023-11-12,19,2023-11-12T18:00,bcl,Big Cliff,4.67,3.03,1.64,1198.82,1113.32,85.5,19.8
2023-11-12,20,2023-11-12T19:00,bcl,Big Cliff,4.67,3.03,1.64,1198.81,1113.32,85.49,19.8
2023-11-12,21,2023-11-12T20:00,bcl,Big Cliff,4.69,3.05,1.64,1198.77,1113.33,85.44,19.9
2023-11-12,22,2023-11-12T21:00,bcl,Big Cliff,4.67,3.03,1.64,1198.75,1113.35,85.4,19.7
2023-11-12,23,2023-11-12T22:00,bcl,Big Cliff,4.67,3.03,1.64,1198.74,1113.34,85.4,19.7
2023-11-12,24,2023-11-12T23:00,bcl,Big Cliff,4.67,3.03,1.64,1198.72,1113.32,85.4,19.7
2023-11-13,1,2023-11-13T00:00,bcl,Big Cliff,4.67,3.03,1.64,1198.7,1113.34,85.36,19.7
2023-11-13,2,2023-11-13T01:00,bcl,Big Cliff,4.67,3.03,1.64,1198.68,1113.33,85.35,19.7
2023-11-13,3,2023-11-13T02:00,bcl,Big Cliff,4.67,3.03,1.64,1198.66,1113.34,85.32,19.7
2023-11-13,4,2023-11-13T03:00,bcl,Big Cliff,4.69,3.05,1.64,1198.64,1113.34,85.3,19.9
2023-11-13,5,2023-11-13T04:00,bcl,Big Cliff,4.69,3.05,1.64,1198.6,1113.32,85.28,19.8
2023-11-13,6,2023-11-13T05:00,bcl,Big Cliff,4.67,3.03,1.64,1198.57,1113.34,85.23,19.7
2023-11-13,7,2023-11-13T06:00,bcl,Big Cliff,4.67,3.03,1.64,1198.54,1113.35,85.19,19.7
2023-11-13,8,2023-11-13T07:00,bcl,Big Cliff,4.65,3.01,1.64,1198.51,1113.39,85.12,19.5
2023-11-13,9,2023-11-13T08:00,bcl,Big Cliff,4.65,3.01,1.64,1198.5,1113.2,85.3,19.6
2023-11-13,10,2023-11-13T09:00,bcl,Big Cliff,4.33,2.96,1.37,1198.57,1113.0,85.57,19.3
2023-11-13,11,2023-11-13T10:00,bcl,Big Cliff,4.01,2.91,1.1,1198.65,1112.58,86.07,19.1
2023-11-13,12,2023-11-13T11:00,bcl,Big Cliff,3.72,2.69,1.03,1198.66,1112.33,86.33,17.7
2023-11-13,13,2023-11-13T12:00,bcl,Big Cliff,3.47,2.44,1.03,1198.55,1112.08,86.47,16.1
2023-11-13,14,2023-11-13T13:00,bcl,Big Cliff,3.18,2.16,1.02,1198.33,1111.67,86.66,14.3
2023-11-13,15,2023-11-13T14:00,bcl,Big Cliff,2.98,1.96,1.02,1198.13,1111.46,86.67,13.0
2023-11-13,16,2023-11-13T15:00,bcl,Big Cliff,3.1,3.1,0.0,1197.87,1111.42,86.45,20.4
2023-11-13,17,2023-11-13T16:00,bcl,Big Cliff,2.98,2.98,0.0,1197.82,1111.43,86.39,19.6
2023-11-13,18,2023-11-13T17:00,bcl,Big Cliff,2.98,2.98,0.0,1197.83,1111.4,86.43,19.7
2023-11-13,19,2023-11-13T18:00,bcl,Big Cliff,2.97,2.97,0.0,1197.85,1111.41,86.44,19.6
2023-11-13,20,2023-11-13T19:00,bcl,Big Cliff,2.98,2.98,0.0,1197.87,1111.4,86.47,19.7
2023-11-13,21,2023-11-13T20:00,bcl,Big Cliff,2.98,2.98,0.0,1197.89,1111.39,86.5,19.7
2023-11-13,22,2023-11-13T21:00,bcl,Big Cliff,2.97,2.97,0.0,1197.91,1111.38,86.53,19.6
2023-11-13,23,2023-11-13T22:00,bcl,Big Cliff,2.97,2.97,0.0,1197.93,1111.35,86.58,19.6
2023-11-13,24,2023-11-13T23:00,bcl,Big Cliff,2.97,2.97,0.0,1197.95,1111.4,86.55,19.6
2023-11-14,1,2023-11-14T00:00,bcl,Big Cliff,2.97,2.97,0.0,1197.96,1111.37,86.59,19.6
2023-11-14,2,2023-11-14T01:00,bcl,Big Cliff,2.97,2.97,0.0,1197.98,1111.42,86.56,19.6
2023-11-14,3,2023-11-14T02:00,bcl,Big Cliff,2.97,2.97,0.0,1197.98,1111.43,86.55,19.6
2023-11-14,4,2023-11-14T03:00,bcl,Big Cliff,2.98,2.98,0.0,1197.98,1111.41,86.57,19.7
2023-11-14,5,2023-11-14T04:00,bcl,Big Cliff,2.97,2.97,0.0,1197.99,1111.4,86.59,19.6
2023-11-14,6,2023-11-14T05:00,bcl,Big Cliff,2.98,2.98,0.0,1197.98,1111.44,86.54,19.7
2023-11-14,7,2023-11-14T06:00,bcl,Big Cliff,2.98,2.98,0.0,1197.97,1111.45,86.52,19.7
2023-11-14,8,2023-11-14T07:00,bcl,Big Cliff,3.0,3.0,0.0,1197.99,1111.41,86.58,19.8
2023-11-14,9,2023-11-14T08:00,bcl,Big Cliff,3.03,3.03,0.0,1198.0,1111.48,86.52,20.0
2023-11-14,10,2023-11-14T09:00,bcl,Big Cliff,3.03,3.03,0.0,1198.0,1111.46,86.54,20.0
2023-11-14,11,2023-11-14T10:00,bcl,Big Cliff,2.97,2.97,0.0,1198.04,1111.4,86.64,19.6
2023-11-14,12,2023-11-14T11:00,bcl,Big Cliff,2.97,2.97,0.0,1198.07,1111.42,86.65,19.6
2023-11-14,13,2023-11-14T12:00,bcl,Big Cliff,3.01,3.01,0.0,1198.09,1111.46,86.63,19.9
2023-11-14,14,2023-11-14T13:00,bcl,Big Cliff,3.05,3.05,0.0,1198.1,1111.52,86.58,20.1
2023-11-14,15,2023-11-14T14:00,bcl,Big Cliff,3.03,3.03,0.0,1198.08,1111.44,86.64,20.0
2023-11-14,16,2023-11-14T15:00,bcl,Big Cliff,3.03,3.03,0.0,1198.07,1111.48,86.59,20.0
2023-11-14,17,2023-11-14T16:00,bcl,Big Cliff,3.03,3.03,0.0,1198.08,1111.47,86.61,20.0
2023-11-14,18,2023-11-14T17:00,bcl,Big Cliff,3.01,3.01,0.0,1198.07,1111.47,86.6,19.9
2023-11-14,19,2023-11-14T18:00,bcl,Big Cliff,3.01,3.01,0.0,1198.07,1111.43,86.64,19.9
2023-11-14,20,2023-11-14T19:00,bcl,Big Cliff,3.03,3.03,0.0,1198.06,1111.45,86.61,20.0
2023-11-14,21,2023-11-14T20:00,bcl,Big Cliff,3.01,3.01,0.0,1198.06,1111.51,86.55,19.9
2023-11-14,22,2023-11-14T21:00,bcl,Big Cliff,3.01,3.01,0.0,1198.06,1111.46,86.6,19.9
2023-11-14,23,2023-11-14T22:00,bcl,Big Cliff,3.0,3.0,0.0,1198.06,1111.42,86.64,19.8
2023-11-14,24,2023-11-14T23:00,bcl,Big Cliff,3.03,3.03,0.0,1198.06,1111.5,86.56,20.0
2023-11-15,1,2023-11-15T00:00,bcl,Big Cliff,3.01,3.01,0.0,1198.05,1111.47,86.58,19.9
2023-11-15,2,2023-11-15T01:00,bcl,Big Cliff,3.01,3.01,0.0,1198.04,1111.46,86.58,19.9
2023-11-15,3,2023-11-15T02:00,bcl,Big Cliff,3.03,3.03,0.0,1198.03,1111.47,86.56,20.0
2023-11-15,4,2023-11-15T03:00,bcl,Big Cliff,3.01,3.01,0.0,1198.02,1111.43,86.59,19.9
2023-11-15,5,2023-11-15T04:00,bcl,Big Cliff,3.01,3.01,0.0,1198.0,1111.46,86.54,19.9
2023-11-15,6,2023-11-15T05:00,bcl,Big Cliff,3.03,3.03,0.0,1197.98,1111.47,86.51,20.0
2023-11-15,7,2023-11-15T06:00,bcl,Big Cliff,3.03,3.03,0.0,1197.96,1111.49,86.47,20.0
2023-11-15,8,2023-11-15T07:00,bcl,Big Cliff,3.16,2.14,1.02,1198.09,1111.74,86.35,14.1
2023-11-15,9,2023-11-15T08:00,bcl,Big Cliff,3.28,2.25,1.03,1198.5,1111.88,86.62,14.9
2023-11-15,10,2023-11-15T09:00,bcl,Big Cliff,3.47,2.44,1.03,1198.83,1112.08,86.75,16.2
2023-11-15,11,2023-11-15T10:00,bcl,Big Cliff,3.5,2.46,1.04,1199.04,1112.11,86.93,16.3
2023-11-15,12,2023-11-15T11:00,bcl,Big Cliff,3.56,2.52,1.04,1199.18,1112.19,86.99,16.7
2023-11-15,13,2023-11-15T12:00,bcl,Big Cliff,3.59,2.55,1.04,1199.32,1112.24,87.08,16.9
2023-11-15,14,2023-11-15T13:00,bcl,Big Cliff,3.61,2.57,1.04,1199.37,1112.26,87.11,17.1
2023-11-15,15,2023-11-15T14:00,bcl,Big Cliff,3.63,2.59,1.04,1199.35,1112.26,87.09,17.2
2023-11-15,16,2023-11-15T15:00,bcl,Big Cliff,3.63,2.59,1.04,1199.32,1112.27,87.05,17.2
2023-11-15,17,2023-11-15T16:00,bcl,Big Cliff,3.63,2.59,1.04,1199.3,1112.29,87.01,17.2
2023-11-15,18,2023-11-15T17:00,bcl,Big Cliff,3.61,2.57,1.04,1199.27,1112.27,87.0,17.1
2023-11-15,19,2023-11-15T18:00,bcl,Big Cliff,3.63,2.59,1.04,1199.23,1112.28,86.95,17.2
2023-11-15,20,2023-11-15T19:00,bcl,Big Cliff,3.61,2.57,1.04,1199.21,1112.28,86.93,17.0
2023-11-15,21,2023-11-15T20:00,bcl,Big Cliff,3.61,2.57,1.04,1199.17,1112.25,86.92,17.0
2023-11-15,22,2023-11-15T21:00,bcl,Big Cliff,3.61,2.57,1.04,1199.14,1112.25,86.89,17.0
2023-11-15,23,2023-11-15T22:00,bcl,Big Cliff,3.61,2.57,1.04,1199.11,1112.28,86.83,17.0
2023-11-15,24,2023-11-15T23:00,bcl,Big Cliff,3.61,2.57,1.04,1199.08,1112.25,86.83,17.0
2023-11-16,1,2023-11-16T00:00,bcl,Big Cliff,3.63,2.59,1.04,1199.04,1112.27,86.77,17.1
2023-11-16,2,2023-11-16T01:00,bcl,Big Cliff,3.61,2.57,1.04,1199.0,1112.25,86.75,17.0
2023-11-16,3,2023-11-16T02:00,bcl,Big Cliff,3.61,2.58,1.03,1198.96,1112.23,86.73,17.1
2023-11-16,4,2023-11-16T03:00,bcl,Big Cliff,3.61,2.58,1.03,1198.92,1112.28,86.64,17.1
2023-11-16,5,2023-11-16T04:00,bcl,Big Cliff,3.61,2.58,1.03,1198.87,1112.29,86.58,17.0
2023-11-16,6,2023-11-16T05:00,bcl,Big Cliff,3.63,2.6,1.03,1198.83,1112.28,86.55,17.2
2023-11-16,7,2023-11-16T06:00,bcl,Big Cliff,3.63,2.6,1.03,1198.76,1112.28,86.48,17.2
2023-11-16,8,2023-11-16T07:00,bcl,Big Cliff,3.61,2.58,1.03,1198.71,1112.32,86.39,17.0
2023-11-16,9,2023-11-16T08:00,bcl,Big Cliff,3.74,2.71,1.03,1198.62,1112.41,86.21,17.8
2023-11-16,10,2023-11-16T09:00,bcl,Big Cliff,3.96,2.94,1.02,1198.45,1112.65,85.8,19.2
2023-11-16,11,2023-11-16T10:00,bcl,Big Cliff,4.05,3.03,1.02,1198.45,1112.79,85.66,19.8
2023-11-16,12,2023-11-16T11:00,bcl,Big Cliff,4.2,3.09,1.11,1198.44,1112.92,85.52,20.2
2023-11-16,13,2023-11-16T12:00,bcl,Big Cliff,4.35,3.18,1.17,1198.41,1113.06,85.35,20.7
2023-11-16,14,2023-11-16T13:00,bcl,Big Cliff,4.35,3.18,1.17,1198.4,1113.03,85.37,20.7
2023-11-16,15,2023-11-16T14:00,bcl,Big Cliff,4.41,3.24,1.17,1198.46,1113.12,85.34,21.1
2023-11-16,16,2023-11-16T15:00,bcl,Big Cliff,4.41,3.24,1.17,1198.48,1113.12,85.36,21.1
2023-11-16,17,2023-11-16T16:00,bcl,Big Cliff,4.39,3.21,1.18,1198.52,1113.13,85.39,20.9
2023-11-16,18,2023-11-16T17:00,bcl,Big Cliff,4.39,3.21,1.18,1198.56,1113.09,85.47,20.9
2023-11-16,19,2023-11-16T18:00,bcl,Big Cliff,4.41,3.23,1.18,1198.58,1113.1,85.48,21.1
2023-11-16,20,2023-11-16T19:00,bcl,Big Cliff,4.41,3.23,1.18,1198.6,1113.09,85.51,21.1
2023-11-16,21,2023-11-16T20:00,bcl,Big Cliff,4.41,3.23,1.18,1198.62,1113.1,85.52,21.1
2023-11-16,22,2023-11-16T21:00,bcl,Big Cliff,4.39,3.21,1.18,1198.64,1113.05,85.59,21.0
2023-11-16,23,2023-11-16T22:00,bcl,Big Cliff,4.39,3.21,1.18,1198.66,1113.12,85.54,21.0
2023-11-16,24,2023-11-16T23:00,bcl,Big Cliff,4.39,3.21,1.18,1198.67,1113.12,85.55,21.0
2023-11-17,1,2023-11-17T00:00,bcl,Big Cliff,4.41,3.25,1.16,1198.69,1113.09,85.6,21.2
2023-11-17,2,2023-11-17T01:00,bcl,Big Cliff,4.41,3.25,1.16,1198.69,1113.07,85.62,21.2
2023-11-17,3,2023-11-17T02:00,bcl,Big Cliff,4.41,3.24,1.17,1198.7,1113.1,85.6,21.2
2023-11-17,4,2023-11-17T03:00,bcl,Big Cliff,4.39,3.23,1.16,1198.69,1113.07,85.62,21.1
2023-11-17,5,2023-11-17T04:00,bcl,Big Cliff,4.41,3.25,1.16,1198.68,1113.06,85.62,21.2
2023-11-17,6,2023-11-17T05:00,bcl,Big Cliff,4.41,3.25,1.16,1198.67,1113.13,85.54,21.2
2023-11-17,7,2023-11-17T06:00,bcl,Big Cliff,4.39,3.23,1.16,1198.67,1113.08,85.59,21.1
2023-11-17,8,2023-11-17T07:00,bcl,Big Cliff,4.39,3.23,1.16,1198.65,1113.06,85.59,21.1
2023-11-17,9,2023-11-17T08:00,bcl,Big Cliff,4.24,3.08,1.16,1198.65,1112.89,85.76,20.2
2023-11-17,10,2023-11-17T09:00,bcl,Big Cliff,4.1,3.07,1.03,1198.6,1112.74,85.86,20.1
2023-11-17,11,2023-11-17T10:00,bcl,Big Cliff,4.05,3.03,1.02,1198.48,1112.74,85.74,19.8
2023-11-17,12,2023-11-17T11:00,bcl,Big Cliff,3.87,2.85,1.02,1198.47,1112.57,85.9,18.7
2023-11-17,13,2023-11-17T12:00,bcl,Big Cliff,3.68,2.65,1.03,1198.6,1112.36,86.24,17.4
2023-11-17,14,2023-11-17T13:00,bcl,Big Cliff,3.59,2.56,1.03,1198.8,1112.23,86.57,16.9
2023-11-17,15,2023-11-17T14:00,bcl,Big Cliff,3.61,2.58,1.03,1198.8,1112.25,86.55,17.0
2023-11-17,16,2023-11-17T15:00,bcl,Big Cliff,3.61,2.58,1.03,1198.8,1112.26,86.54,17.0
2023-11-17,17,2023-11-17T16:00,bcl,Big Cliff,3.61,2.58,1.03,1198.8,1112.27,86.53,17.0
2023-11-17,18,2023-11-17T17:00,bcl,Big Cliff,3.61,2.58,1.03,1198.81,1112.21,86.6,17.0
2023-11-17,19,2023-11-17T18:00,bcl,Big Cliff,3.61,2.58,1.03,1198.8,1112.27,86.53,17.0
2023-11-17,20,2023-11-17T19:00,bcl,Big Cliff,3.61,2.58,1.03,1198.8,1112.26,86.54,17.0
2023-11-17,21,2023-11-17T20:00,bcl,Big Cliff,3.59,2.56,1.03,1198.8,1112.27,86.53,16.9
2023-11-17,22,2023-11-17T21:00,bcl,Big Cliff,3.59,2.56,1.03,1198.79,1112.24,86.55,16.9
2023-11-17,23,2023-11-17T22:00,bcl,Big Cliff,3.59,2.56,1.03,1198.79,1112.22,86.57,16.9
2023-11-17,24,2023-11-17T23:00,bcl,Big Cliff,3.57,2.54,1.03,1198.79,1112.27,86.52,16.8
2023-11-18,1,2023-11-18T00:00,bcl,Big Cliff,3.59,2.56,1.03,1198.78,1112.25,86.53,16.9
2023-11-18,2,2023-11-18T01:00,bcl,Big Cliff,3.61,2.58,1.03,1198.76,1112.27,86.49,17.0
2023-11-18,3,2023-11-18T02:00,bcl,Big Cliff,3.61,2.58,1.03,1198.75,1112.26,86.49,17.0
2023-11-18,4,2023-11-18T03:00,bcl,Big Cliff,3.61,2.58,1.03,1198.73,1112.25,86.48,17.0
2023-11-18,5,2023-11-18T04:00,bcl,Big Cliff,3.59,2.56,1.03,1198.7,1112.26,86.44,16.9
2023-11-18,6,2023-11-18T05:00,bcl,Big Cliff,3.59,2.56,1.03,1198.68,1112.28,86.4,16.9
2023-11-18,7,2023-11-18T06:00,bcl,Big Cliff,3.57,2.54,1.03,1198.66,1112.26,86.4,16.7
2023-11-18,8,2023-11-18T07:00,bcl,Big Cliff,3.59,2.56,1.03,1198.64,1112.24,86.4,16.9
2023-11-18,9,2023-11-18T08:00,bcl,Big Cliff,3.43,2.4,1.03,1198.75,1112.01,86.74,15.9
2023-11-18,10,2023-11-18T09:00,bcl,Big Cliff,3.28,3.28,0.0,1198.9,1111.79,87.11,21.8
2023-11-18,11,2023-11-18T10:00,bcl,Big Cliff,3.23,3.23,0.0,1198.95,1111.71,87.24,21.5
2023-11-18,12,2023-11-18T11:00,bcl,Big Cliff,3.01,3.01,0.0,1199.14,1111.51,87.63,20.1
2023-11-18,13,2023-11-18T12:00,bcl,Big Cliff,3.03,3.03,0.0,1199.28,1111.51,87.77,20.3
2023-11-18,14,2023-11-18T13:00,bcl,Big Cliff,3.01,3.01,0.0,1199.27,1111.47,87.8,20.2
2023-11-18,15,2023-11-18T14:00,bcl,Big Cliff,3.03,3.03,0.0,1199.27,1111.56,87.71,20.3
2023-11-18,16,2023-11-18T15:00,bcl,Big Cliff,3.05,3.05,0.0,1199.25,1111.52,87.73,20.4
2023-11-18,17,2023-11-18T16:00,bcl,Big Cliff,3.03,3.03,0.0,1199.27,1111.53,87.74,20.3
2023-11-18,18,2023-11-18T17:00,bcl,Big Cliff,3.03,3.03,0.0,1199.34,1111.49,87.85,20.3
2023-11-18,19,2023-11-18T18:00,bcl,Big Cliff,3.03,3.03,0.0,1199.41,1111.47,87.94,20.3
2023-11-18,20,2023-11-18T19:00,bcl,Big Cliff,3.05,3.05,0.0,1199.46,1111.51,87.95,20.5
2023-11-18,21,2023-11-18T20:00,bcl,Big Cliff,3.03,3.03,0.0,1199.52,1111.5,88.02,20.3
2023-11-18,22,2023-11-18T21:00,bcl,Big Cliff,3.03,3.03,0.0,1199.58,1111.49,88.09,20.4
2023-11-18,23,2023-11-18T22:00,bcl,Big Cliff,3.03,3.03,0.0,1199.66,1111.46,88.2,20.4
2023-11-18,24,2023-11-18T23:00,bcl,Big Cliff,3.01,3.01,0.0,1199.73,1111.5,88.23,20.3
2023-11-19,1,2023-11-19T00:00,bcl,Big Cliff,3.03,3.03,0.0,1199.75,1111.56,88.19,20.4
2023-11-19,2,2023-11-19T01:00,bcl,Big Cliff,3.03,3.03,0.0,1199.78,1111.51,88.27,20.4
2023-11-19,3,2023-11-19T02:00,bcl,Big Cliff,3.05,3.05,0.0,1199.79,1111.53,88.26,20.5
2023-11-19,4,2023-11-19T03:00,bcl,Big Cliff,3.03,3.03,0.0,1199.82,1111.48,88.34,20.4
2023-11-19,5,2023-11-19T04:00,bcl,Big Cliff,3.06,3.06,0.0,1199.83,1111.53,88.3,20.6
2023-11-19,6,2023-11-19T05:00,bcl,Big Cliff,3.05,3.05,0.0,1199.84,1111.57,88.27,20.5
2023-11-19,7,2023-11-19T06:00,bcl,Big Cliff,3.05,3.05,0.0,1199.84,1111.53,88.31,20.6
2023-11-19,8,2023-11-19T07:00,bcl,Big Cliff,3.03,3.03,0.0,1199.84,1111.54,88.3,20.4
2023-11-19,9,2023-11-19T08:00,bcl,Big Cliff,3.03,3.03,0.0,1199.84,1111.48,88.36,20.4
2023-11-19,10,2023-11-19T09:00,bcl,Big Cliff,3.01,3.01,0.0,1199.85,1111.5,88.35,20.3
2023-11-19,11,2023-11-19T10:00,bcl,Big Cliff,3.03,3.03,0.0,1199.86,1111.45,88.41,20.4
2023-11-19,12,2023-11-19T11:00,bcl,Big Cliff,3.03,3.03,0.0,1199.86,1111.5,88.36,20.4
2023-11-19,13,2023-11-19T12:00,bcl,Big Cliff,3.03,3.03,0.0,1199.86,1111.47,88.39,20.4
2023-11-19,14,2023-11-19T13:00,bcl,Big Cliff,3.03,3.03,0.0,1199.86,1111.47,88.39,20.4
2023-11-19,15,2023-11-19T14:00,bcl,Big Cliff,3.05,3.05,0.0,1199.86,1111.46,88.4,20.6
2023-11-19,16,2023-11-19T15:00,bcl,Big Cliff,3.06,3.06,0.0,1199.84,1111.55,88.29,20.6
2023-11-19,17,2023-11-19T16:00,bcl,Big Cliff,3.06,3.06,0.0,1199.82,1111.53,88.29,20.6
2023-11-19,18,2023-11-19T17:00,bcl,Big Cliff,3.05,3.05,0.0,1199.8,1111.46,88.34,20.6
2023-11-19,19,2023-11-19T18:00,bcl,Big Cliff,3.03,3.03,0.0,1199.77,1111.47,88.3,20.4
2023-11-19,20,2023-11-19T19:00,bcl,Big Cliff,3.03,3.03,0.0,1199.76,1111.52,88.24,20.4
2023-11-19,21,2023-11-19T20:00,bcl,Big Cliff,3.05,3.05,0.0,1199.73,1111.52,88.21,20.5
2023-11-19,22,2023-11-19T21:00,bcl,Big Cliff,3.03,3.03,0.0,1199.71,1111.52,88.19,20.4
2023-11-19,23,2023-11-19T22:00,bcl,Big Cliff,3.03,3.03,0.0,1199.69,1111.5,88.19,20.4
2023-11-19,24,2023-11-19T23:00,bcl,Big Cliff,3.03,3.03,0.0,1199.66,1111.51,88.15,20.4
2023-11-20,1,2023-11-20T00:00,bcl,Big Cliff,3.03,3.03,0.0,1199.63,1111.5,88.13,20.4
2023-11-20,2,2023-11-20T01:00,bcl,Big Cliff,3.05,3.05,0.0,1199.6,1111.5,88.1,20.5
2023-11-20,3,2023-11-20T02:00,bcl,Big Cliff,3.03,3.03,0.0,1199.55,1111.5,88.05,20.4
2023-11-20,4,2023-11-20T03:00,bcl,Big Cliff,3.03,3.03,0.0,1199.51,1111.49,88.02,20.3
2023-11-20,5,2023-11-20T04:00,bcl,Big Cliff,3.03,3.03,0.0,1199.48,1111.54,87.94,20.3
2023-11-20,6,2023-11-20T05:00,bcl,Big Cliff,3.05,3.05,0.0,1199.43,1111.48,87.95,20.5
2023-11-20,7,2023-11-20T06:00,bcl,Big Cliff,3.03,3.03,0.0,1199.4,1111.51,87.89,20.3
2023-11-20,8,2023-11-20T07:00,bcl,Big Cliff,3.01,3.01,0.0,1199.37,1111.42,87.95,20.2
2023-11-20,9,2023-11-20T08:00,bcl,Big Cliff,3.03,3.03,0.0,1199.34,1111.48,87.86,20.3
2023-11-20,10,2023-11-20T09:00,bcl,Big Cliff,3.03,3.03,0.0,1199.29,1111.54,87.75,20.3
2023-11-20,11,2023-11-20T10:00,bcl,Big Cliff,3.0,3.0,0.0,1199.26,1111.46,87.8,20.1
2023-11-20,12,2023-11-20T11:00,bcl,Big Cliff,3.01,3.01,0.0,1199.21,1111.42,87.79,20.2
2023-11-20,13,2023-11-20T12:00,bcl,Big Cliff,3.01,3.01,0.0,1199.18,1111.45,87.73,20.1
2023-11-20,14,2023-11-20T13:00,bcl,Big Cliff,3.03,3.03,0.0,1199.15,1111.49,87.66,20.3
2023-11-20,15,2023-11-20T14:00,bcl,Big Cliff,3.03,3.03,0.0,1199.1,1111.54,87.56,20.2
2023-11-20,16,2023-11-20T15:00,bcl,Big Cliff,3.05,3.05,0.0,1199.09,1111.52,87.57,20.4
2023-11-20,17,2023-11-20T16:00,bcl,Big Cliff,3.03,3.03,0.0,1199.08,1111.5,87.58,20.2
2023-11-20,18,2023-11-20T17:00,bcl,Big Cliff,3.05,3.05,0.0,1199.07,1111.5,87.57,20.4
2023-11-20,19,2023-11-20T18:00,bcl,Big Cliff,3.03,3.03,0.0,1199.08,1111.52,87.56,20.2
2023-11-20,20,2023-11-20T19:00,bcl,Big Cliff,3.03,3.03,0.0,1199.09,1111.55,87.54,20.2
2023-11-20,21,2023-11-20T20:00,bcl,Big Cliff,3.03,3.03,0.0,1199.08,1111.5,87.58,20.2
2023-11-20,22,2023-11-20T21:00,bcl,Big Cliff,3.03,3.03,0.0,1199.1,1111.52,87.58,20.2
2023-11-20,23,2023-11-20T22:00,bcl,Big Cliff,3.03,3.03,0.0,1199.11,1111.53,87.58,20.2
2023-11-20,24,2023-11-20T23:00,bcl,Big Cliff,3.03,3.03,0.0,1199.13,1111.46,87.67,20.3
2023-11-21,1,2023-11-21T00:00,bcl,Big Cliff,3.03,3.03,0.0,1199.12,1111.51,87.61,20.3
2023-11-21,2,2023-11-21T01:00,bcl,Big Cliff,3.03,3.03,0.0,1199.13,1111.52,87.61,20.3
2023-11-21,3,2023-11-21T02:00,bcl,Big Cliff,3.03,3.03,0.0,1199.12,1111.49,87.63,20.3
2023-11-21,4,2023-11-21T03:00,bcl,Big Cliff,3.01,3.01,0.0,1199.1,1111.5,87.6,20.1
2023-11-21,5,2023-11-21T04:00,bcl,Big Cliff,3.03,3.03,0.0,1199.1,1111.5,87.6,20.3
2023-11-21,6,2023-11-21T05:00,bcl,Big Cliff,3.05,3.05,0.0,1199.08,1111.49,87.59,20.4
2023-11-21,7,2023-11-21T06:00,bcl,Big Cliff,3.01,3.01,0.0,1199.07,1111.44,87.63,20.1
2023-11-21,8,2023-11-21T07:00,bcl,Big Cliff,3.05,2.0,1.05,1199.12,1111.55,87.57,13.4
2023-11-21,9,2023-11-21T08:00,bcl,Big Cliff,3.16,2.11,1.05,1199.4,1111.76,87.64,14.1
2023-11-21,10,2023-11-21T09:00,bcl,Big Cliff,3.31,2.26,1.05,1199.54,1111.95,87.59,15.1
2023-11-21,11,2023-11-21T10:00,bcl,Big Cliff,3.4,2.35,1.05,1199.61,1111.99,87.62,15.7
2023-11-21,12,2023-11-21T11:00,bcl,Big Cliff,3.4,2.34,1.06,1199.65,1112.01,87.64,15.6
2023-11-21,13,2023-11-21T12:00,bcl,Big Cliff,3.4,2.34,1.06,1199.68,1112.06,87.62,15.6
2023-11-21,14,2023-11-21T13:00,bcl,Big Cliff,3.42,2.36,1.06,1199.7,1112.07,87.63,15.8
2023-11-21,15,2023-11-21T14:00,bcl,Big Cliff,3.45,2.39,1.06,1199.71,1112.13,87.58,16.0
2023-11-21,16,2023-11-21T15:00,bcl,Big Cliff,3.43,2.37,1.06,1199.7,1112.06,87.64,15.8
2023-11-21,17,2023-11-21T16:00,bcl,Big Cliff,3.4,2.34,1.06,1199.71,1112.01,87.7,15.7
2023-11-21,18,2023-11-21T17:00,bcl,Big Cliff,3.4,2.34,1.06,1199.75,1112.03,87.72,15.7
2023-11-21,19,2023-11-21T18:00,bcl,Big Cliff,3.4,2.34,1.06,1199.78,1112.05,87.73,15.7
2023-11-21,20,2023-11-21T19:00,bcl,Big Cliff,3.4,2.34,1.06,1199.81,1112.02,87.79,15.7
2023-11-21,21,2023-11-21T20:00,bcl,Big Cliff,3.4,2.34,1.06,1199.83,1112.01,87.82,15.7
2023-11-21,22,2023-11-21T21:00,bcl,Big Cliff,3.4,2.34,1.06,1199.85,1112.06,87.79,15.7
2023-11-21,23,2023-11-21T22:00,bcl,Big Cliff,3.38,2.32,1.06,1199.88,1112.04,87.84,15.5
2023-11-21,24,2023-11-21T23:00,bcl,Big Cliff,3.4,2.34,1.06,1199.9,1112.01,87.89,15.7
2023-11-22,1,2023-11-22T00:00,bcl,Big Cliff,3.4,2.36,1.04,1199.9,1112.01,87.89,15.8
2023-11-22,2,2023-11-22T01:00,bcl,Big Cliff,3.4,2.36,1.04,1199.91,1112.01,87.9,15.8
2023-11-22,3,2023-11-22T02:00,bcl,Big Cliff,3.4,2.36,1.04,1199.93,1112.02,87.91,15.8
2023-11-22,4,2023-11-22T03:00,bcl,Big Cliff,3.43,2.39,1.04,1199.96,1112.04,87.92,16.0
2023-11-22,5,2023-11-22T04:00,bcl,Big Cliff,3.42,2.38,1.04,1199.97,1112.05,87.92,16.0
2023-11-22,6,2023-11-22T05:00,bcl,Big Cliff,3.42,2.38,1.04,1199.95,1112.04,87.91,16.0
2023-11-22,7,2023-11-22T06:00,bcl,Big Cliff,3.4,2.36,1.04,1199.94,1112.04,87.9,15.8
2023-11-22,8,2023-11-22T07:00,bcl,Big Cliff,3.45,2.41,1.04,1199.91,1112.08,87.83,16.2
2023-11-22,9,2023-11-22T08:00,bcl,Big Cliff,3.54,2.5,1.04,1199.83,1112.22,87.61,16.7
2023-11-22,10,2023-11-22T09:00,bcl,Big Cliff,3.65,2.61,1.04,1199.66,1112.32,87.34,17.4
2023-11-22,11,2023-11-22T10:00,bcl,Big Cliff,3.77,2.73,1.04,1199.37,1112.46,86.91,18.1
2023-11-22,12,2023-11-22T11:00,bcl,Big Cliff,3.79,2.75,1.04,1199.35,1112.51,86.84,18.2
2023-11-22,13,2023-11-22T12:00,bcl,Big Cliff,3.81,2.77,1.04,1199.3,1112.52,86.78,18.3
2023-11-22,14,2023-11-22T13:00,bcl,Big Cliff,3.83,2.79,1.04,1199.27,1112.48,86.79,18.5
2023-11-22,15,2023-11-22T14:00,bcl,Big Cliff,3.77,2.73,1.04,1199.26,1112.4,86.86,18.1
2023-11-22,16,2023-11-22T15:00,bcl,Big Cliff,3.79,2.75,1.04,1199.28,1112.5,86.78,18.2
2023-11-22,17,2023-11-22T16:00,bcl,Big Cliff,3.81,2.77,1.04,1199.27,1112.51,86.76,18.3
2023-11-22,18,2023-11-22T17:00,bcl,Big Cliff,3.81,2.77,1.04,1199.25,1112.51,86.74,18.3
2023-11-22,19,2023-11-22T18:00,bcl,Big Cliff,3.81,2.77,1.04,1199.23,1112.51,86.72,18.3
2023-11-22,20,2023-11-22T19:00,bcl,Big Cliff,3.83,2.79,1.04,1199.21,1112.5,86.71,18.5
2023-11-22,21,2023-11-22T20:00,bcl,Big Cliff,3.81,2.77,1.04,1199.18,1112.48,86.7,18.3
2023-11-22,22,2023-11-22T21:00,bcl,Big Cliff,3.79,2.75,1.04,1199.16,1112.47,86.69,18.2
2023-11-22,23,2023-11-22T22:00,bcl,Big Cliff,3.81,2.77,1.04,1199.15,1112.54,86.61,18.3
2023-11-22,24,2023-11-22T23:00,bcl,Big Cliff,3.81,2.77,1.04,1199.11,1112.49,86.62,18.3
2023-11-23,1,2023-11-23T00:00,bcl,Big Cliff,3.81,2.77,1.04,1199.08,1112.5,86.58,18.3
2023-11-23,2,2023-11-23T01:00,bcl,Big Cliff,3.81,2.77,1.04,1199.07,1112.43,86.64,18.3
2023-11-23,3,2023-11-23T02:00,bcl,Big Cliff,3.81,2.77,1.04,1199.08,1112.47,86.61,18.3
2023-11-23,4,2023-11-23T03:00,bcl,Big Cliff,3.81,2.77,1.04,1199.08,1112.53,86.55,18.3
2023-11-23,5,2023-11-23T04:00,bcl,Big Cliff,3.81,2.77,1.04,1199.09,1112.46,86.63,18.3
2023-11-23,6,2023-11-23T05:00,bcl,Big Cliff,3.81,2.77,1.04,1199.11,1112.46,86.65,18.3
2023-11-23,7,2023-11-23T06:00,bcl,Big Cliff,3.81,2.77,1.04,1199.11,1112.54,86.57,18.3
2023-11-23,8,2023-11-23T07:00,bcl,Big Cliff,3.79,2.75,1.04,1199.1,1112.48,86.62,18.2
2023-11-23,9,2023-11-23T08:00,bcl,Big Cliff,3.92,2.88,1.04,1199.05,1112.68,86.37,19.0
2023-11-23,10,2023-11-23T09:00,bcl,Big Cliff,4.01,2.98,1.03,1198.92,1112.68,86.24,19.6
2023-11-23,11,2023-11-23T10:00,bcl,Big Cliff,4.03,3.0,1.03,1198.88,1112.67,86.21,19.7
2023-11-23,12,2023-11-23T11:00,bcl,Big Cliff,4.03,3.0,1.03,1198.89,1112.68,86.21,19.7
2023-11-23,13,2023-11-23T12:00,bcl,Big Cliff,4.01,2.98,1.03,1198.92,1112.67,86.25,19.6
2023-11-23,14,2023-11-23T13:00,bcl,Big Cliff,4.01,2.98,1.03,1198.95,1112.7,86.25,19.6
2023-11-23,15,2023-11-23T14:00,bcl,Big Cliff,4.05,3.02,1.03,1198.97,1112.7,86.27,19.9
2023-11-23,16,2023-11-23T15:00,bcl,Big Cliff,4.05,3.02,1.03,1198.98,1112.72,86.26,19.9
2023-11-23,17,2023-11-23T16:00,bcl,Big Cliff,4.05,3.02,1.03,1198.98,1112.74,86.24,19.9
2023-11-23,18,2023-11-23T17:00,bcl,Big Cliff,4.05,3.02,1.03,1198.99,1112.71,86.28,19.9
2023-11-23,19,2023-11-23T18:00,bcl,Big Cliff,4.03,3.0,1.03,1199.0,1112.71,86.29,19.8
2023-11-23,20,2023-11-23T19:00,bcl,Big Cliff,4.05,3.02,1.03,1198.98,1112.73,86.25,19.9
2023-11-23,21,2023-11-23T20:00,bcl,Big Cliff,4.03,2.99,1.04,1199.0,1112.74,86.26,19.7
2023-11-23,22,2023-11-23T21:00,bcl,Big Cliff,4.03,3.0,1.03,1198.99,1112.68,86.31,19.8
2023-11-23,23,2023-11-23T22:00,bcl,Big Cliff,4.05,3.02,1.03,1198.96,1112.74,86.22,19.9
2023-11-23,24,2023-11-23T23:00,bcl,Big Cliff,4.03,2.99,1.04,1199.02,1112.69,86.33,19.7
2023-11-24,1,2023-11-24T00:00,bcl,Big Cliff,4.03,2.99,1.04,1199.09,1112.74,86.35,19.7
2023-11-24,2,2023-11-24T01:00,bcl,Big Cliff,4.05,3.01,1.04,1199.14,1112.74,86.4,19.8
2023-11-24,3,2023-11-24T02:00,bcl,Big Cliff,4.07,3.03,1.04,1199.18,1112.71,86.47,20.0
2023-11-24,4,2023-11-24T03:00,bcl,Big Cliff,4.05,3.01,1.04,1199.22,1112.74,86.48,19.9
2023-11-24,5,2023-11-24T04:00,bcl,Big Cliff,4.05,3.01,1.04,1199.27,1112.71,86.56,19.9
2023-11-24,6,2023-11-24T05:00,bcl,Big Cliff,4.05,3.01,1.04,1199.31,1112.72,86.59,19.9
2023-11-24,7,2023-11-24T06:00,bcl,Big Cliff,4.05,3.01,1.04,1199.36,1112.7,86.66,19.9
2023-11-24,8,2023-11-24T07:00,bcl,Big Cliff,4.03,2.99,1.04,1199.39,1112.67,86.72,19.8
2023-11-24,9,2023-11-24T08:00,bcl,Big Cliff,4.03,2.99,1.04,1199.44,1112.71,86.73,19.8
2023-11-24,10,2023-11-24T09:00,bcl,Big Cliff,4.03,2.99,1.04,1199.49,1112.68,86.81,19.8
2023-11-24,11,2023-11-24T10:00,bcl,Big Cliff,4.05,3.01,1.04,1199.53,1112.74,86.79,19.9
2023-11-24,12,2023-11-24T11:00,bcl,Big Cliff,4.05,3.01,1.04,1199.56,1112.71,86.85,19.9
2023-11-24,13,2023-11-24T12:00,bcl,Big Cliff,4.05,3.01,1.04,1199.53,1112.73,86.8,19.9
2023-11-24,14,2023-11-24T13:00,bcl,Big Cliff,4.05,3.01,1.04,1199.5,1112.74,86.76,19.9
2023-11-24,15,2023-11-24T14:00,bcl,Big Cliff,4.05,3.01,1.04,1199.46,1112.77,86.69,19.9
2023-11-24,16,2023-11-24T15:00,bcl,Big Cliff,4.07,3.03,1.04,1199.41,1112.75,86.66,20.0
2023-11-24,17,2023-11-24T16:00,bcl,Big Cliff,4.05,3.01,1.04,1199.36,1112.74,86.62,19.9
2023-11-24,18,2023-11-24T17:00,bcl,Big Cliff,4.05,3.01,1.04,1199.32,1112.7,86.62,19.9
2023-11-24,19,2023-11-24T18:00,bcl,Big Cliff,4.05,3.01,1.04,1199.3,1112.73,86.57,19.9
2023-11-24,20,2023-11-24T19:00,bcl,Big Cliff,4.07,3.03,1.04,1199.25,1112.71,86.54,20.0
2023-11-24,21,2023-11-24T20:00,bcl,Big Cliff,4.07,3.03,1.04,1199.21,1112.77,86.44,20.0
2023-11-24,22,2023-11-24T21:00,bcl,Big Cliff,4.05,3.01,1.04,1199.17,1112.74,86.43,19.8
2023-11-24,23,2023-11-24T22:00,bcl,Big Cliff,4.05,3.01,1.04,1199.14,1112.69,86.45,19.9
2023-11-24,24,2023-11-24T23:00,bcl,Big Cliff,4.03,2.99,1.04,1199.12,1112.69,86.43,19.7
2023-11-25,1,2023-11-25T00:00,bcl,Big Cliff,4.05,3.01,1.04,1199.1,1112.71,86.39,19.8
2023-11-25,2,2023-11-25T01:00,bcl,Big Cliff,4.05,3.01,1.04,1199.11,1112.69,86.42,19.8
2023-11-25,3,2023-11-25T02:00,bcl,Big Cliff,4.05,3.01,1.04,1199.12,1112.71,86.41,19.8
2023-11-25,4,2023-11-25T03:00,bcl,Big Cliff,4.05,3.01,1.04,1199.13,1112.76,86.37,19.8
2023-11-25,5,2023-11-25T04:00,bcl,Big Cliff,4.07,3.03,1.04,1199.13,1112.7,86.43,20.0
2023-11-25,6,2023-11-25T05:00,bcl,Big Cliff,4.07,3.03,1.04,1199.14,1112.72,86.42,20.0
2023-11-25,7,2023-11-25T06:00,bcl,Big Cliff,4.03,2.99,1.04,1199.14,1112.74,86.4,19.7
2023-11-25,8,2023-11-25T07:00,bcl,Big Cliff,4.03,2.99,1.04,1199.16,1112.68,86.48,19.7
2023-11-25,9,2023-11-25T08:00,bcl,Big Cliff,4.03,2.99,1.04,1199.17,1112.64,86.53,19.7
2023-11-25,10,2023-11-25T09:00,bcl,Big Cliff,4.03,2.99,1.04,1199.18,1112.68,86.5,19.7
2023-11-25,11,2023-11-25T10:00,bcl,Big Cliff,4.03,2.99,1.04,1199.18,1112.68,86.5,19.7
2023-11-25,12,2023-11-25T11:00,bcl,Big Cliff,4.05,3.01,1.04,1199.19,1112.69,86.5,19.9
2023-11-25,13,2023-11-25T12:00,bcl,Big Cliff,4.03,2.99,1.04,1199.19,1112.73,86.46,19.7
2023-11-25,14,2023-11-25T13:00,bcl,Big Cliff,4.03,2.99,1.04,1199.2,1112.72,86.48,19.7
2023-11-25,15,2023-11-25T14:00,bcl,Big Cliff,4.03,3.0,1.03,1198.97,1112.74,86.23,19.7
2023-11-25,16,2023-11-25T15:00,bcl,Big Cliff,4.07,3.04,1.03,1198.88,1112.73,86.15,20.0
2023-11-25,17,2023-11-25T16:00,bcl,Big Cliff,4.05,3.02,1.03,1198.85,1112.71,86.14,19.8
2023-11-25,18,2023-11-25T17:00,bcl,Big Cliff,4.03,3.0,1.03,1198.88,1112.69,86.19,19.7
2023-11-25,19,2023-11-25T18:00,bcl,Big Cliff,4.03,3.0,1.03,1198.89,1112.69,86.2,19.7
2023-11-25,20,2023-11-25T19:00,bcl,Big Cliff,4.03,3.0,1.03,1198.89,1112.72,86.17,19.7
2023-11-25,21,2023-11-25T20:00,bcl,Big Cliff,4.03,3.0,1.03,1198.9,1112.76,86.14,19.7
2023-11-25,22,2023-11-25T21:00,bcl,Big Cliff,4.03,3.0,1.03,1198.94,1112.7,86.24,19.7
2023-11-25,23,2023-11-25T22:00,bcl,Big Cliff,4.03,2.99,1.04,1199.03,1112.69,86.34,19.7
2023-11-25,24,2023-11-25T23:00,bcl,Big Cliff,4.01,2.97,1.04,1199.12,1112.69,86.43,19.6
2023-11-26,1,2023-11-26T00:00,bcl,Big Cliff,4.03,2.99,1.04,1199.18,1112.75,86.43,19.7
2023-11-26,2,2023-11-26T01:00,bcl,Big Cliff,4.03,2.99,1.04,1199.25,1112.73,86.52,19.7
2023-11-26,3,2023-11-26T02:00,bcl,Big Cliff,4.05,3.01,1.04,1199.31,1112.69,86.62,19.9
2023-11-26,4,2023-11-26T03:00,bcl,Big Cliff,4.05,3.01,1.04,1199.37,1112.71,86.66,19.9
2023-11-26,5,2023-11-26T04:00,bcl,Big Cliff,4.05,3.01,1.04,1199.4,1112.74,86.66,19.9
2023-11-26,6,2023-11-26T05:00,bcl,Big Cliff,4.07,3.03,1.04,1199.44,1112.76,86.68,20.0
2023-11-26,7,2023-11-26T06:00,bcl,Big Cliff,4.05,3.01,1.04,1199.48,1112.7,86.78,19.9
2023-11-26,8,2023-11-26T07:00,bcl,Big Cliff,4.03,2.99,1.04,1199.53,1112.73,86.8,19.8
2023-11-26,9,2023-11-26T08:00,bcl,Big Cliff,4.03,2.99,1.04,1199.57,1112.72,86.85,19.8
2023-11-26,10,2023-11-26T09:00,bcl,Big Cliff,4.05,3.01,1.04,1199.56,1112.74,86.82,19.9
2023-11-26,11,2023-11-26T10:00,bcl,Big Cliff,4.03,2.99,1.04,1199.56,1112.74,86.82,19.8
2023-11-26,12,2023-11-26T11:00,bcl,Big Cliff,4.05,3.01,1.04,1199.54,1112.74,86.8,19.9
2023-11-26,13,2023-11-26T12:00,bcl,Big Cliff,4.05,3.01,1.04,1199.53,1112.74,86.79,19.9
2023-11-26,14,2023-11-26T13:00,bcl,Big Cliff,4.07,3.03,1.04,1199.5,1112.75,86.75,20.1
2023-11-26,15,2023-11-26T14:00,bcl,Big Cliff,4.07,3.03,1.04,1199.46,1112.73,86.73,20.1
2023-11-26,16,2023-11-26T15:00,bcl,Big Cliff,4.05,3.01,1.04,1199.43,1112.74,86.69,19.9
2023-11-26,17,2023-11-26T16:00,bcl,Big Cliff,4.05,3.01,1.04,1199.4,1112.72,86.68,19.9
2023-11-26,18,2023-11-26T17:00,bcl,Big Cliff,4.05,3.01,1.04,1199.37,1112.74,86.63,19.9
2023-11-26,19,2023-11-26T18:00,bcl,Big Cliff,4.05,3.01,1.04,1199.36,1112.7,86.66,19.9
2023-11-26,20,2023-11-26T19:00,bcl,Big Cliff,4.05,3.01,1.04,1199.32,1112.71,86.61,19.9
2023-11-26,21,2023-11-26T20:00,bcl,Big Cliff,4.05,3.01,1.04,1199.29,1112.75,86.54,19.9
2023-11-26,22,2023-11-26T21:00,bcl,Big Cliff,4.03,2.99,1.04,1199.27,1112.69,86.58,19.8
2023-11-26,23,2023-11-26T22:00,bcl,Big Cliff,4.03,2.99,1.04,1199.25,1112.69,86.56,19.7
2023-11-26,24,2023-11-26T23:00,bcl,Big Cliff,4.03,2.99,1.04,1199.22,1112.72,86.5,19.7
2023-11-27,1,2023-11-27T00:00,bcl,Big Cliff,4.05,3.01,1.04,1199.18,1112.7,86.48,19.9
2023-11-27,2,2023-11-27T01:00,bcl,Big Cliff,4.05,3.01,1.04,1199.15,1112.75,86.4,19.8
2023-11-27,3,2023-11-27T02:00,bcl,Big Cliff,4.03,2.99,1.04,1199.14,1112.7,86.44,19.7
2023-11-27,4,2023-11-27T03:00,bcl,Big Cliff,4.03,2.99,1.04,1199.13,1112.69,86.44,19.7
2023-11-27,5,2023-11-27T04:00,bcl,Big Cliff,4.05,3.01,1.04,1199.13,1112.72,86.41,19.8
2023-11-27,6,2023-11-27T05:00,bcl,Big Cliff,4.03,2.99,1.04,1199.13,1112.72,86.41,19.7
2023-11-27,7,2023-11-27T06:00,bcl,Big Cliff,4.03,2.99,1.04,1199.13,1112.7,86.43,19.7
2023-11-27,8,2023-11-27T07:00,bcl,Big Cliff,4.03,2.99,1.04,1199.12,1112.66,86.46,19.7
2023-11-27,9,2023-11-27T08:00,bcl,Big Cliff,4.03,2.99,1.04,1199.12,1112.7,86.42,19.7
2023-11-27,10,2023-11-27T09:00,bcl,Big Cliff,4.03,2.99,1.04,1199.11,1112.72,86.39,19.7
2023-11-27,11,2023-11-27T10:00,bcl,Big Cliff,4.05,3.01,1.04,1199.09,1112.73,86.36,19.8
2023-11-27,12,2023-11-27T11:00,bcl,Big Cliff,4.01,2.98,1.03,1198.93,1112.73,86.2,19.6
2023-11-27,13,2023-11-27T12:00,bcl,Big Cliff,4.03,2.99,1.04,1199.03,1112.71,86.32,19.7
2023-11-27,14,2023-11-27T13:00,bcl,Big Cliff,4.05,3.01,1.04,1199.16,1112.77,86.39,19.8
2023-11-27,15,2023-11-27T14:00,bcl,Big Cliff,4.05,3.01,1.04,1199.25,1112.72,86.53,19.9
2023-11-27,16,2023-11-27T15:00,bcl,Big Cliff,4.07,3.03,1.04,1199.35,1112.75,86.6,20.0
2023-11-27,17,2023-11-27T16:00,bcl,Big Cliff,4.07,3.03,1.04,1199.45,1112.72,86.73,20.1
2023-11-27,18,2023-11-27T17:00,bcl,Big Cliff,4.07,3.03,1.04,1199.57,1112.74,86.83,20.1
2023-11-27,19,2023-11-27T18:00,bcl,Big Cliff,4.05,3.01,1.04,1199.6,1112.69,86.91,20.0
2023-11-27,20,2023-11-27T19:00,bcl,Big Cliff,4.05,3.01,1.04,1199.62,1112.76,86.86,19.9
2023-11-27,21,2023-11-27T20:00,bcl,Big Cliff,4.05,3.01,1.04,1199.64,1112.72,86.92,20.0
2023-11-27,22,2023-11-27T21:00,bcl,Big Cliff,4.05,3.01,1.04,1199.65,1112.74,86.91,20.0
2023-11-27,23,2023-11-27T22:00,bcl,Big Cliff,4.07,3.03,1.04,1199.66,1112.72,86.94,20.1
2023-11-27,24,2023-11-27T23:00,bcl,Big Cliff,4.05,3.01,1.04,1199.66,1112.77,86.89,20.0
2023-11-28,1,2023-11-28T00:00,bcl,Big Cliff,4.05,3.01,1.04,1199.62,1112.73,86.89,20.0
2023-11-28,2,2023-11-28T01:00,bcl,Big Cliff,4.05,3.01,1.04,1199.27,1112.73,86.54,19.9
2023-11-28,3,2023-11-28T02:00,bcl,Big Cliff,4.05,3.02,1.03,1198.88,1112.74,86.14,19.8
2023-11-28,4,2023-11-28T03:00,bcl,Big Cliff,4.03,3.0,1.03,1198.52,1112.69,85.83,19.6
2023-11-28,5,2023-11-28T04:00,bcl,Big Cliff,4.05,3.03,1.02,1198.13,1112.68,85.45,19.8
2023-11-28,6,2023-11-28T05:00,bcl,Big Cliff,4.03,3.02,1.01,1197.75,1112.71,85.04,19.6
2023-11-28,7,2023-11-28T06:00,bcl,Big Cliff,3.99,2.98,1.01,1197.39,1112.69,84.7,19.3
2023-11-28,8,2023-11-28T07:00,bcl,Big Cliff,3.96,2.95,1.01,1197.06,1112.62,84.44,19.0
2023-11-28,9,2023-11-28T08:00,bcl,Big Cliff,3.75,2.75,1.0,1196.85,1112.39,84.46,17.7
2023-11-28,10,2023-11-28T09:00,bcl,Big Cliff,3.57,2.57,1.0,1196.74,1112.2,84.54,16.6
2023-11-28,11,2023-11-28T10:00,bcl,Big Cliff,3.56,2.56,1.0,1196.74,1112.23,84.51,16.5
2023-11-28,12,2023-11-28T11:00,bcl,Big Cliff,3.47,2.47,1.0,1196.77,1112.1,84.67,16.0
2023-11-28,13,2023-11-28T12:00,bcl,Big Cliff,3.49,2.49,1.0,1196.81,1112.15,84.66,16.1
2023-11-28,14,2023-11-28T13:00,bcl,Big Cliff,3.5,2.5,1.0,1196.86,1112.09,84.77,16.2
2023-11-28,15,2023-11-28T14:00,bcl,Big Cliff,3.5,2.5,1.0,1196.91,1112.17,84.74,16.2
2023-11-28,16,2023-11-28T15:00,bcl,Big Cliff,3.5,2.5,1.0,1196.95,1112.15,84.8,16.2
2023-11-28,17,2023-11-28T16:00,bcl,Big Cliff,3.5,2.49,1.01,1197.0,1112.12,84.88,16.1
2023-11-28,18,2023-11-28T17:00,bcl,Big Cliff,3.5,2.49,1.01,1197.04,1112.11,84.93,16.1
2023-11-28,19,2023-11-28T18:00,bcl,Big Cliff,3.49,2.48,1.01,1197.08,1112.12,84.96,16.1
2023-11-28,20,2023-11-28T19:00,bcl,Big Cliff,3.5,2.49,1.01,1197.14,1112.13,85.01,16.2
2023-11-28,21,2023-11-28T20:00,bcl,Big Cliff,3.49,2.48,1.01,1197.19,1112.15,85.04,16.1
2023-11-28,22,2023-11-28T21:00,bcl,Big Cliff,3.49,2.48,1.01,1197.23,1112.15,85.08,16.1
2023-11-28,23,2023-11-28T22:00,bcl,Big Cliff,3.5,2.49,1.01,1197.26,1112.12,85.14,16.2
2023-11-28,24,2023-11-28T23:00,bcl,Big Cliff,3.49,2.48,1.01,1197.04,1112.11,84.93,16.1
2023-11-29,1,2023-11-29T00:00,bcl,Big Cliff,3.49,2.5,0.99,1196.25,1112.12,84.13,16.0
2023-11-29,2,2023-11-29T01:00,bcl,Big Cliff,3.47,2.49,0.98,1195.56,1112.11,83.45,15.9
2023-11-29,3,2023-11-29T02:00,bcl,Big Cliff,3.43,2.45,0.98,1195.05,1112.03,83.02,15.5
2023-11-29,4,2023-11-29T03:00,bcl,Big Cliff,3.43,2.46,0.97,1194.71,1112.05,82.66,15.5
2023-11-29,5,2023-11-29T04:00,bcl,Big Cliff,3.45,2.48,0.97,1194.38,1112.07,82.31,15.6
2023-11-29,6,2023-11-29T05:00,bcl,Big Cliff,3.43,2.46,0.97,1194.07,1112.08,81.99,15.4
2023-11-29,7,2023-11-29T06:00,bcl,Big Cliff,3.43,2.47,0.96,1193.77,1112.07,81.7,15.4
2023-11-29,8,2023-11-29T07:00,bcl,Big Cliff,3.23,2.27,0.96,1193.55,1111.76,81.79,14.2
2023-11-29,9,2023-11-29T08:00,bcl,Big Cliff,3.06,2.1,0.96,1193.51,1111.59,81.92,13.1
2023-11-29,10,2023-11-29T09:00,bcl,Big Cliff,3.23,3.23,0.0,1193.39,1111.68,81.71,20.1
2023-11-29,11,2023-11-29T10:00,bcl,Big Cliff,3.03,3.03,0.0,1193.38,1111.48,81.9,18.9
2023-11-29,12,2023-11-29T11:00,bcl,Big Cliff,2.95,2.95,0.0,1193.46,1111.41,82.05,18.5
2023-11-29,13,2023-11-29T12:00,bcl,Big Cliff,2.95,2.95,0.0,1193.55,1111.4,82.15,18.5
2023-11-29,14,2023-11-29T13:00,bcl,Big Cliff,2.97,2.97,0.0,1193.64,1111.41,82.23,18.6
2023-11-29,15,2023-11-29T14:00,bcl,Big Cliff,2.93,2.93,0.0,1193.73,1111.36,82.37,18.4
2023-11-29,16,2023-11-29T15:00,bcl,Big Cliff,2.87,2.87,0.0,1193.89,1111.28,82.61,18.1
2023-11-29,17,2023-11-29T16:00,bcl,Big Cliff,2.84,2.84,0.0,1194.07,1111.26,82.81,17.9
2023-11-29,18,2023-11-29T17:00,bcl,Big Cliff,2.86,2.86,0.0,1194.25,1111.29,82.96,18.1
2023-11-29,19,2023-11-29T18:00,bcl,Big Cliff,2.86,2.86,0.0,1194.41,1111.34,83.07,18.1
2023-11-29,20,2023-11-29T19:00,bcl,Big Cliff,2.86,2.86,0.0,1194.57,1111.34,83.23,18.2
2023-11-29,21,2023-11-29T20:00,bcl,Big Cliff,2.87,2.87,0.0,1194.74,1111.34,83.4,18.3
2023-11-29,22,2023-11-29T21:00,bcl,Big Cliff,2.86,2.86,0.0,1194.92,1111.33,83.59,18.2
2023-11-29,23,2023-11-29T22:00,bcl,Big Cliff,2.87,2.87,0.0,1195.06,1111.33,83.73,18.3
2023-11-29,24,2023-11-29T23:00,bcl,Big Cliff,2.89,2.89,0.0,1195.2,1111.37,83.83,18.5
2023-11-30,1,2023-11-30T00:00,bcl,Big Cliff,2.89,2.89,0.0,1195.34,1111.36,83.98,18.5
2023-11-30,2,2023-11-30T01:00,bcl,Big Cliff,2.89,2.89,0.0,1195.48,1111.4,84.08,18.5
2023-11-30,3,2023-11-30T02:00,bcl,Big Cliff,2.89,2.89,0.0,1195.62,1111.36,84.26,18.6
2023-11-30,4,2023-11-30T03:00,bcl,Big Cliff,2.89,2.89,0.0,1195.75,1111.36,84.39,18.6
2023-11-30,5,2023-11-30T04:00,bcl,Big Cliff,2.9,2.9,0.0,1195.89,1111.33,84.56,18.7
2023-11-30,6,2023-11-30T05:00,bcl,Big Cliff,2.9,2.9,0.0,1196.02,1111.39,84.63,18.7
2023-11-30,7,2023-11-30T06:00,bcl,Big Cliff,2.89,2.89,0.0,1196.14,1111.38,84.76,18.7
2023-11-30,8,2023-11-30T07:00,bcl,Big Cliff,2.89,2.89,0.0,1196.27,1111.39,84.88,18.7
2023-11-30,9,2023-11-30T08:00,bcl,Big Cliff,2.89,2.89,0.0,1196.4,1111.39,85.01,18.7
2023-11-30,10,2023-11-30T09:00,bcl,Big Cliff,2.89,2.89,0.0,1196.51,1111.34,85.17,18.8
2023-11-30,11,2023-11-30T10:00,bcl,Big Cliff,2.9,2.9,0.0,1196.64,1111.34,85.3,18.9
2023-11-30,12,2023-11-30T11:00,bcl,Big Cliff,2.89,2.89,0.0,1196.76,1111.38,85.38,18.8
2023-11-30,13,2023-11-30T12:00,bcl,Big Cliff,2.9,2.9,0.0,1196.9,1111.34,85.56,18.9
2023-11-30,14,2023-11-30T13:00,bcl,Big Cliff,2.9,2.9,0.0,1197.01,1111.36,85.65,19.0
2023-11-30,15,2023-11-30T14:00,bcl,Big Cliff,2.9,2.9,0.0,1197.13,1111.36,85.77,19.0
2023-11-30,16,2023-11-30T15:00,bcl,Big Cliff,2.9,2.9,0.0,1197.26,1111.37,85.89,19.0
2023-11-30,17,2023-11-30T16:00,bcl,Big Cliff,2.89,2.89,0.0,1197.4,1111.39,86.01,19.0
2023-11-30,18,2023-11-30T17:00,bcl,Big Cliff,2.9,2.9,0.0,1197.51,1111.38,86.13,19.1
2023-11-30,19,2023-11-30T18:00,bcl,Big Cliff,2.9,2.9,0.0,1197.63,1111.36,86.27,19.1
2023-11-30,20,2023-11-30T19:00,bcl,Big Cliff,2.9,2.9,0.0,1197.74,1111.35,86.39,19.1
2023-11-30,21,2023-11-30T20:00,bcl,Big Cliff,2.9,2.9,0.0,1197.86,1111.36,86.5,19.1
2023-11-30,22,2023-11-30T21:00,bcl,Big Cliff,2.9,2.9,0.0,1197.97,1111.37,86.6,19.2
2023-11-30,23,2023-11-30T22:00,bcl,Big Cliff,2.89,2.89,0.0,1198.09,1111.38,86.71,19.1
2023-11-30,24,2023-11-30T23:00,bcl,Big Cliff,2.9,2.9,0.0,1198.2,1111.34,86.86,19.2
2023-12-01,1,2023-12-01T00:00,bcl,Big Cliff,2.9,2.9,0.0,1198.31,1111.37,86.94,19.2
2023-12-01,2,2023-12-01T01:00,bcl,Big Cliff,2.9,2.9,0.0,1198.42,1111.37,87.05,19.3
2023-12-01,3,2023-12-01T02:00,bcl,Big Cliff,2.9,2.9,0.0,1198.52,1111.33,87.19,19.3
2023-12-01,4,2023-12-01T03:00,bcl,Big Cliff,2.9,2.9,0.0,1198.63,1111.37,87.26,19.3
2023-12-01,5,2023-12-01T04:00,bcl,Big Cliff,2.92,2.92,0.0,1198.72,1111.36,87.36,19.5
2023-12-01,6,2023-12-01T05:00,bcl,Big Cliff,2.93,2.93,0.0,1198.83,1111.34,87.49,19.6
2023-12-01,7,2023-12-01T06:00,bcl,Big Cliff,2.92,2.92,0.0,1198.96,1111.37,87.59,19.5
2023-12-01,8,2023-12-01T07:00,bcl,Big Cliff,2.9,2.9,0.0,1199.09,1111.34,87.75,19.4
2023-12-01,9,2023-12-01T08:00,bcl,Big Cliff,2.92,2.92,0.0,1199.39,1111.35,88.04,19.6
2023-12-01,10,2023-12-01T09:00,bcl,Big Cliff,2.9,2.9,0.0,1198.99,1111.38,87.61,19.4
2023-12-01,11,2023-12-01T10:00,bcl,Big Cliff,2.92,2.92,0.0,1198.58,1111.36,87.22,19.4
2023-12-01,12,2023-12-01T11:00,bcl,Big Cliff,2.9,2.9,0.0,1198.19,1111.38,86.81,19.2
2023-12-01,13,2023-12-01T12:00,bcl,Big Cliff,2.9,2.9,0.0,1197.78,1111.34,86.44,19.1
2023-12-01,14,2023-12-01T13:00,bcl,Big Cliff,2.9,2.9,0.0,1197.4,1111.37,86.03,19.0
2023-12-01,15,2023-12-01T14:00,bcl,Big Cliff,2.9,2.9,0.0,1197.02,1111.34,85.68,19.0
2023-12-01,16,2023-12-01T15:00,bcl,Big Cliff,2.9,2.9,0.0,1196.65,1111.39,85.26,18.9
2023-12-01,17,2023-12-01T16:00,bcl,Big Cliff,2.87,2.87,0.0,1195.61,1111.32,84.29,18.5
2023-12-01,18,2023-12-01T17:00,bcl,Big Cliff,2.89,2.89,0.0,1195.76,1111.38,84.38,18.6
2023-12-01,19,2023-12-01T18:00,bcl,Big Cliff,2.9,2.9,0.0,1195.93,1111.38,84.55,18.7
2023-12-01,20,2023-12-01T19:00,bcl,Big Cliff,2.89,2.89,0.0,1196.07,1111.39,84.68,18.7
2023-12-01,21,2023-12-01T20:00,bcl,Big Cliff,2.89,2.89,0.0,1196.23,1111.38,84.85,18.7
2023-12-01,22,2023-12-01T21:00,bcl,Big Cliff,2.9,2.9,0.0,1196.4,1111.38,85.02,18.8
2023-12-01,23,2023-12-01T22:00,bcl,Big Cliff,2.89,2.89,0.0,1196.56,1111.37,85.19,18.8
2023-12-01,24,2023-12-01T23:00,bcl,Big Cliff,2.89,2.89,0.0,1196.73,1111.38,85.35,18.8
2023-12-02,1,2023-12-02T00:00,bcl,Big Cliff,2.9,2.9,0.0,1196.87,1111.37,85.5,18.9
2023-12-02,2,2023-12-02T01:00,bcl,Big Cliff,2.9,2.9,0.0,1197.02,1111.38,85.64,18.9
2023-12-02,3,2023-12-02T02:00,bcl,Big Cliff,2.9,2.9,0.0,1197.16,1111.36,85.8,19.0
2023-12-02,4,2023-12-02T03:00,bcl,Big Cliff,2.89,2.89,0.0,1197.33,1111.34,85.99,19.0
2023-12-02,5,2023-12-02T04:00,bcl,Big Cliff,2.9,2.9,0.0,1197.48,1111.35,86.13,19.1
2023-12-02,6,2023-12-02T05:00,bcl,Big Cliff,2.9,2.9,0.0,1197.63,1111.38,86.25,19.1
2023-12-02,7,2023-12-02T06:00,bcl,Big Cliff,2.89,2.89,0.0,1197.79,1111.28,86.51,19.1
2023-12-02,8,2023-12-02T07:00,bcl,Big Cliff,2.7,2.7,0.0,1198.06,1111.13,86.93,17.9
2023-12-02,9,2023-12-02T08:00,bcl,Big Cliff,2.49,2.49,0.0,1198.48,1110.82,87.66,16.7
2023-12-02,10,2023-12-02T09:00,bcl,Big Cliff,2.27,2.27,0.0,1198.53,1110.54,87.99,15.2
2023-12-02,11,2023-12-02T10:00,bcl,Big Cliff,2.19,2.19,0.0,1198.14,1110.44,87.7,14.7
2023-12-02,12,2023-12-02T11:00,bcl,Big Cliff,2.09,2.09,0.0,1197.84,1110.36,87.48,14.0
2023-12-02,13,2023-12-02T12:00,bcl,Big Cliff,2.04,2.04,0.0,1197.61,1110.21,87.4,13.6
2023-12-02,14,2023-12-02T13:00,bcl,Big Cliff,2.04,2.04,0.0,1197.4,1110.19,87.21,13.6
2023-12-02,15,2023-12-02T14:00,bcl,Big Cliff,2.05,2.05,0.0,1197.17,1110.27,86.9,13.6
2023-12-02,16,2023-12-02T15:00,bcl,Big Cliff,2.04,2.04,0.0,1196.94,1110.19,86.75,13.5
2023-12-02,17,2023-12-02T16:00,bcl,Big Cliff,2.04,2.04,0.0,1196.72,1110.19,86.53,13.5
2023-12-02,18,2023-12-02T17:00,bcl,Big Cliff,2.04,2.04,0.0,1196.47,1110.21,86.26,13.4
2023-12-02,19,2023-12-02T18:00,bcl,Big Cliff,2.0,2.0,0.0,1196.27,1110.18,86.09,13.1
2023-12-02,20,2023-12-02T19:00,bcl,Big Cliff,2.01,2.01,0.0,1196.05,1110.15,85.9,13.2
2023-12-02,21,2023-12-02T20:00,bcl,Big Cliff,2.0,2.0,0.0,1195.85,1110.16,85.69,13.1
2023-12-02,22,2023-12-02T21:00,bcl,Big Cliff,2.01,2.01,0.0,1195.64,1110.17,85.47,13.1
2023-12-02,23,2023-12-02T22:00,bcl,Big Cliff,2.0,2.0,0.0,1195.43,1110.15,85.28,13.0
2023-12-02,24,2023-12-02T23:00,bcl,Big Cliff,2.0,2.0,0.0,1195.22,1110.15,85.07,13.0
2023-12-03,1,2023-12-03T00:00,bcl,Big Cliff,2.0,2.0,0.0,1195.0,1110.17,84.83,12.9
2023-12-03,2,2023-12-03T01:00,bcl,Big Cliff,2.0,2.0,0.0,1194.8,1110.16,84.64,12.9
2023-12-03,3,2023-12-03T02:00,bcl,Big Cliff,2.03,2.03,0.0,1194.62,1110.14,84.48,13.1
2023-12-03,4,2023-12-03T03:00,bcl,Big Cliff,2.01,2.01,0.0,1194.47,1110.16,84.31,12.9
2023-12-03,5,2023-12-03T04:00,bcl,Big Cliff,2.01,2.01,0.0,1194.36,1110.15,84.21,12.9
2023-12-03,6,2023-12-03T05:00,bcl,Big Cliff,2.04,2.04,0.0,1194.35,1110.13,84.22,13.1
2023-12-03,7,2023-12-03T06:00,bcl,Big Cliff,2.05,2.05,0.0,1194.46,1110.11,84.35,13.2
2023-12-03,8,2023-12-03T07:00,bcl,Big Cliff,1.98,1.98,0.0,1194.72,1109.97,84.75,12.8
2023-12-03,9,2023-12-03T08:00,bcl,Big Cliff,1.84,1.84,0.0,1195.27,1109.82,85.45,12.0
2023-12-03,10,2023-12-03T09:00,bcl,Big Cliff,1.71,1.71,0.0,1194.89,1109.61,85.28,11.1
2023-12-03,11,2023-12-03T10:00,bcl,Big Cliff,1.64,1.64,0.0,1194.73,1109.46,85.27,10.7
2023-12-03,12,2023-12-03T11:00,bcl,Big Cliff,1.53,1.53,0.0,1194.78,1109.2,85.58,10.0
2023-12-03,13,2023-12-03T12:00,bcl,Big Cliff,1.44,1.44,0.0,1195.11,1109.08,86.03,9.5
2023-12-03,14,2023-12-03T13:00,bcl,Big Cliff,1.43,1.43,0.0,1195.5,1109.02,86.48,9.4
2023-12-03,15,2023-12-03T14:00,bcl,Big Cliff,1.47,1.47,0.0,1195.99,1109.13,86.86,9.7
2023-12-03,16,2023-12-03T15:00,bcl,Big Cliff,1.49,1.49,0.0,1196.49,1109.11,87.38,9.9
2023-12-03,17,2023-12-03T16:00,bcl,Big Cliff,1.45,1.45,0.0,1197.0,1109.03,87.97,9.7
2023-12-03,18,2023-12-03T17:00,bcl,Big Cliff,1.44,1.44,0.0,1197.46,1109.03,88.43,9.7
2023-12-03,19,2023-12-03T18:00,bcl,Big Cliff,1.44,1.44,0.0,1197.82,1109.11,88.71,9.7
2023-12-03,20,2023-12-03T19:00,bcl,Big Cliff,1.38,1.38,0.0,1198.1,1109.09,89.01,9.4
2023-12-03,21,2023-12-03T20:00,bcl,Big Cliff,1.38,1.38,0.0,1198.27,1109.07,89.2,9.4
2023-12-03,22,2023-12-03T21:00,bcl,Big Cliff,1.36,1.36,0.0,1198.35,1109.02,89.33,9.3
2023-12-03,23,2023-12-03T22:00,bcl,Big Cliff,1.35,1.35,0.0,1198.34,1109.12,89.22,9.2
2023-12-03,24,2023-12-03T23:00,bcl,Big Cliff,1.34,1.34,0.0,1198.25,1109.08,89.17,9.1
2023-12-04,1,2023-12-04T00:00,bcl,Big Cliff,1.33,1.33,0.0,1198.09,1109.07,89.02,9.0
2023-12-04,2,2023-12-04T01:00,bcl,Big Cliff,1.31,1.31,0.0,1197.89,1109.06,88.83,8.9
2023-12-04,3,2023-12-04T02:00,bcl,Big Cliff,1.33,1.33,0.0,1197.64,1109.05,88.59,9.0
2023-12-04,4,2023-12-04T03:00,bcl,Big Cliff,1.33,1.33,0.0,1197.38,1109.08,88.3,9.0
2023-12-04,5,2023-12-04T04:00,bcl,Big Cliff,1.33,1.33,0.0,1197.11,1109.06,88.05,8.9
2023-12-04,6,2023-12-04T05:00,bcl,Big Cliff,1.32,1.32,0.0,1196.81,1109.06,87.75,8.8
2023-12-04,7,2023-12-04T06:00,bcl,Big Cliff,1.31,1.31,0.0,1196.5,1109.07,87.43,8.7
2023-12-04,8,2023-12-04T07:00,bcl,Big Cliff,1.29,1.29,0.0,1196.2,1109.0,87.2,8.6
2023-12-04,9,2023-12-04T08:00,bcl,Big Cliff,1.3,1.3,0.0,1195.9,1109.05,86.85,8.6
2023-12-04,10,2023-12-04T09:00,bcl,Big Cliff,1.3,1.3,0.0,1195.55,1109.07,86.48,8.6
2023-12-04,11,2023-12-04T10:00,bcl,Big Cliff,1.31,1.31,0.0,1195.19,1109.03,86.16,8.6
2023-12-04,12,2023-12-04T11:00,bcl,Big Cliff,1.3,1.3,0.0,1194.8,1109.1,85.7,8.5
2023-12-04,13,2023-12-04T12:00,bcl,Big Cliff,1.3,1.3,0.0,1195.56,1108.99,86.57,8.6
2023-12-04,14,2023-12-04T13:00,bcl,Big Cliff,1.31,1.31,0.0,1197.0,1109.12,87.88,8.8
2023-12-04,15,2023-12-04T14:00,bcl,Big Cliff,1.32,1.32,0.0,1198.24,1109.12,89.12,9.0
2023-12-04,16,2023-12-04T15:00,bcl,Big Cliff,1.32,1.32,0.0,1197.77,1109.07,88.7,8.9
2023-12-04,17,2023-12-04T16:00,bcl,Big Cliff,1.28,1.28,0.0,1197.3,1109.04,88.26,8.6
2023-12-04,18,2023-12-04T17:00,bcl,Big Cliff,1.26,1.26,0.0,1196.84,1109.07,87.77,8.4
2023-12-04,19,2023-12-04T18:00,bcl,Big Cliff,1.27,1.27,0.0,1196.34,1109.0,87.34,8.5
2023-12-04,20,2023-12-04T19:00,bcl,Big Cliff,1.25,1.25,0.0,1195.82,1108.99,86.83,8.3
2023-12-04,21,2023-12-04T20:00,bcl,Big Cliff,1.26,1.26,0.0,1195.29,1108.99,86.3,8.3
2023-12-04,22,2023-12-04T21:00,bcl,Big Cliff,1.24,1.24,0.0,1194.73,1109.0,85.73,8.1
2023-12-04,23,2023-12-04T22:00,bcl,Big Cliff,1.24,1.24,0.0,1195.01,1109.0,86.01,8.1
2023-12-04,24,2023-12-04T23:00,bcl,Big Cliff,1.22,1.22,0.0,1196.41,1108.97,87.44,8.1
2023-12-05,1,2023-12-05T00:00,bcl,Big Cliff,1.24,1.24,0.0,1197.68,1109.02,88.66,8.4
2023-12-05,2,2023-12-05T01:00,bcl,Big Cliff,1.27,1.27,0.0,1198.9,1109.03,89.87,8.7
2023-12-05,3,2023-12-05T02:00,bcl,Big Cliff,1.27,1.27,0.0,1198.74,1109.04,89.7,8.7
2023-12-05,4,2023-12-05T03:00,bcl,Big Cliff,1.26,1.26,0.0,1198.16,1109.01,89.15,8.6
2023-12-05,5,2023-12-05T04:00,bcl,Big Cliff,1.27,1.27,0.0,1197.57,1108.99,88.58,8.6
2023-12-05,6,2023-12-05T05:00,bcl,Big Cliff,1.26,1.26,0.0,1196.97,1109.0,87.97,8.5
2023-12-05,7,2023-12-05T06:00,bcl,Big Cliff,1.25,1.25,0.0,1196.33,1108.97,87.36,8.3
2023-12-05,8,2023-12-05T07:00,bcl,Big Cliff,1.21,1.21,0.0,1195.69,1109.01,86.68,8.0
2023-12-05,9,2023-12-05T08:00,bcl,Big Cliff,1.3,1.3,0.0,1195.01,1109.11,85.9,8.5
2023-12-05,10,2023-12-05T09:00,bcl,Big Cliff,1.31,1.31,0.0,1195.51,1109.15,86.36,8.6
2023-12-05,11,2023-12-05T10:00,bcl,Big Cliff,1.31,1.31,0.0,1196.71,1109.14,87.57,8.8
2023-12-05,12,2023-12-05T11:00,bcl,Big Cliff,1.31,1.31,0.0,1197.84,1109.14,88.7,8.9
2023-12-05,13,2023-12-05T12:00,bcl,Big Cliff,1.32,1.32,0.0,1198.92,1109.17,89.75,9.0
2023-12-05,14,2023-12-05T13:00,bcl,Big Cliff,1.3,1.3,0.0,1199.99,1109.09,90.9,9.0
2023-12-05,15,2023-12-05T14:00,bcl,Big Cliff,1.34,1.34,0.0,1199.55,1109.16,90.39,9.2
2023-12-05,16,2023-12-05T15:00,bcl,Big Cliff,1.34,1.34,0.0,1198.89,1109.12,89.77,9.2
2023-12-05,17,2023-12-05T16:00,bcl,Big Cliff,1.32,1.32,0.0,1198.17,1109.14,89.03,9.0
2023-12-05,18,2023-12-05T17:00,bcl,Big Cliff,1.3,1.3,0.0,1197.46,1109.15,88.31,8.8
2023-12-05,19,2023-12-05T18:00,bcl,Big Cliff,1.3,1.3,0.0,1196.73,1109.17,87.56,8.7
2023-12-05,20,2023-12-05T19:00,bcl,Big Cliff,1.29,1.29,0.0,1195.97,1109.06,86.91,8.6
2023-12-05,21,2023-12-05T20:00,bcl,Big Cliff,1.27,1.27,0.0,1195.21,1109.1,86.11,8.3
2023-12-05,22,2023-12-05T21:00,bcl,Big Cliff,1.27,1.27,0.0,1194.68,1109.1,85.58,8.3
2023-12-05,23,2023-12-05T22:00,bcl,Big Cliff,1.3,1.3,0.0,1195.29,1109.09,86.2,8.6
2023-12-05,24,2023-12-05T23:00,bcl,Big Cliff,1.3,1.3,0.0,1196.48,1109.09,87.39,8.7
2023-12-06,1,2023-12-06T00:00,bcl,Big Cliff,1.3,1.3,0.0,1197.58,1109.14,88.44,8.8
2023-12-06,2,2023-12-06T01:00,bcl,Big Cliff,1.31,1.31,0.0,1198.65,1109.22,89.43,8.9
2023-12-06,3,2023-12-06T02:00,bcl,Big Cliff,1.31,1.31,0.0,1199.69,1109.15,90.54,9.0
2023-12-06,4,2023-12-06T03:00,bcl,Big Cliff,1.31,1.31,0.0,1199.18,1109.16,90.02,9.0
2023-12-06,5,2023-12-06T04:00,bcl,Big Cliff,1.31,1.31,0.0,1198.48,1109.17,89.31,8.9
2023-12-06,6,2023-12-06T05:00,bcl,Big Cliff,1.31,1.31,0.0,1197.72,1109.12,88.6,8.9
2023-12-06,7,2023-12-06T06:00,bcl,Big Cliff,1.31,1.31,0.0,1196.98,1109.15,87.83,8.8
2023-12-06,8,2023-12-06T07:00,bcl,Big Cliff,1.26,1.26,0.0,1196.22,1109.08,87.14,8.4
2023-12-06,9,2023-12-06T08:00,bcl,Big Cliff,1.29,1.29,0.0,1197.33,1109.1,88.23,8.7
2023-12-06,10,2023-12-06T09:00,bcl,Big Cliff,1.44,1.44,0.0,1198.61,1109.47,89.14,9.8
2023-12-06,11,2023-12-06T10:00,bcl,Big Cliff,1.87,1.87,0.0,1199.6,1110.19,89.41,12.8
2023-12-06,12,2023-12-06T11:00,bcl,Big Cliff,2.58,2.58,0.0,1200.05,1110.93,89.12,17.5
2023-12-06,13,2023-12-06T12:00,bcl,Big Cliff,3.16,3.16,0.0,1199.95,1111.66,88.29,21.3
2023-12-06,14,2023-12-06T13:00,bcl,Big Cliff,3.66,3.66,0.0,1199.64,1112.48,87.16,24.3
2023-12-06,15,2023-12-06T14:00,bcl,Big Cliff,3.81,2.79,1.02,1197.2,1112.44,84.76,18.0
2023-12-06,16,2023-12-06T15:00,bcl,Big Cliff,4.49,3.5,0.99,1195.52,1113.31,82.21,22.0
2023-12-06,17,2023-12-06T16:00,bcl,Big Cliff,5.05,3.31,1.74,1197.07,1113.79,83.28,21.0
2023-12-06,18,2023-12-06T17:00,bcl,Big Cliff,5.63,3.37,2.26,1197.89,1114.36,83.53,21.5
2023-12-06,19,2023-12-06T18:00,bcl,Big Cliff,5.65,3.37,2.28,1198.4,1114.38,84.02,21.6
2023-12-06,20,2023-12-06T19:00,bcl,Big Cliff,5.8,3.38,2.42,1198.81,1114.48,84.33,21.7
2023-12-06,21,2023-12-06T20:00,bcl,Big Cliff,5.8,3.37,2.43,1199.17,1114.46,84.71,21.8
2023-12-06,22,2023-12-06T21:00,bcl,Big Cliff,5.82,3.38,2.44,1199.52,1114.49,85.03,21.9
2023-12-06,23,2023-12-06T22:00,bcl,Big Cliff,5.82,3.37,2.45,1199.85,1114.54,85.31,21.9
2023-12-06,24,2023-12-06T23:00,bcl,Big Cliff,5.82,3.36,2.46,1200.16,1114.52,85.64,22.0
2023-12-07,1,2023-12-07T00:00,bcl,Big Cliff,5.85,3.38,2.47,1200.44,1114.58,85.86,22.1
2023-12-07,2,2023-12-07T01:00,bcl,Big Cliff,5.87,3.39,2.48,1200.63,1114.53,86.1,22.3
2023-12-07,3,2023-12-07T02:00,bcl,Big Cliff,5.89,3.41,2.48,1200.72,1114.54,86.18,22.4
2023-12-07,4,2023-12-07T03:00,bcl,Big Cliff,5.87,3.39,2.48,1200.69,1114.57,86.12,22.3
2023-12-07,5,2023-12-07T04:00,bcl,Big Cliff,5.87,3.39,2.48,1200.66,1114.5,86.16,22.3
2023-12-07,6,2023-12-07T05:00,bcl,Big Cliff,5.87,3.39,2.48,1200.62,1114.57,86.05,22.3
2023-12-07,7,2023-12-07T06:00,bcl,Big Cliff,5.85,3.37,2.48,1200.58,1114.53,86.05,22.1
2023-12-07,8,2023-12-07T07:00,bcl,Big Cliff,5.82,3.34,2.48,1200.6,1114.55,86.05,21.9
2023-12-07,9,2023-12-07T08:00,bcl,Big Cliff,5.8,3.37,2.43,1199.01,1114.46,84.55,21.7
2023-12-07,10,2023-12-07T09:00,bcl,Big Cliff,5.69,3.34,2.35,1196.7,1114.32,82.38,21.0
2023-12-07,11,2023-12-07T10:00,bcl,Big Cliff,5.6,3.32,2.28,1194.37,1114.31,80.06,20.3
2023-12-07,12,2023-12-07T11:00,bcl,Big Cliff,5.47,3.27,2.2,1192.05,1114.19,77.86,19.4
2023-12-07,13,2023-12-07T12:00,bcl,Big Cliff,5.39,3.27,2.12,1189.73,1114.04,75.69,18.9
2023-12-07,14,2023-12-07T13:00,bcl,Big Cliff,5.69,3.29,2.4,1187.13,1114.32,72.81,18.3
2023-12-07,15,2023-12-07T14:00,bcl,Big Cliff,5.65,3.29,2.36,1186.35,1114.37,71.98,18.1
2023-12-07,16,2023-12-07T15:00,bcl,Big Cliff,5.69,3.29,2.4,1187.27,1114.37,72.9,18.3
2023-12-07,17,2023-12-07T16:00,bcl,Big Cliff,5.76,3.3,2.46,1188.51,1114.47,74.04,18.6
2023-12-07,18,2023-12-07T17:00,bcl,Big Cliff,5.82,3.31,2.51,1189.41,1114.54,74.87,18.9
2023-12-07,19,2023-12-07T18:00,bcl,Big Cliff,5.87,3.32,2.55,1190.25,1114.58,75.67,19.2
2023-12-07,20,2023-12-07T19:00,bcl,Big Cliff,5.89,3.31,2.58,1191.0,1114.62,76.38,19.3
2023-12-07,21,2023-12-07T20:00,bcl,Big Cliff,5.93,3.32,2.61,1191.71,1114.62,77.09,19.5
2023-12-07,22,2023-12-07T21:00,bcl,Big Cliff,5.89,3.31,2.58,1192.45,1114.59,77.86,19.7
2023-12-07,23,2023-12-07T22:00,bcl,Big Cliff,5.96,3.35,2.61,1193.2,1114.64,78.56,20.1
2023-12-07,24,2023-12-07T23:00,bcl,Big Cliff,5.89,3.31,2.58,1194.04,1114.6,79.44,20.1
2023-12-08,1,2023-12-08T00:00,bcl,Big Cliff,5.8,3.32,2.48,1194.9,1114.56,80.34,20.4
2023-12-08,2,2023-12-08T01:00,bcl,Big Cliff,5.85,3.35,2.5,1195.73,1114.56,81.17,20.7
2023-12-08,3,2023-12-08T02:00,bcl,Big Cliff,5.89,3.37,2.52,1196.53,1114.57,81.96,21.1
2023-12-08,4,2023-12-08T03:00,bcl,Big Cliff,5.85,3.36,2.49,1197.33,1114.5,82.83,21.2
2023-12-08,5,2023-12-08T04:00,bcl,Big Cliff,5.8,3.35,2.45,1198.15,1114.53,83.62,21.4
2023-12-08,6,2023-12-08T05:00,bcl,Big Cliff,5.82,3.34,2.48,1198.94,1114.56,84.38,21.5
2023-12-08,7,2023-12-08T06:00,bcl,Big Cliff,5.85,3.34,2.51,1199.69,1114.64,85.05,21.7
2023-12-08,8,2023-12-08T07:00,bcl,Big Cliff,5.87,3.36,2.51,1199.97,1114.58,85.39,21.9
2023-12-08,9,2023-12-08T08:00,bcl,Big Cliff,5.85,3.36,2.49,1199.37,1114.53,84.84,21.8
2023-12-08,10,2023-12-08T09:00,bcl,Big Cliff,6.09,3.33,2.76,1199.72,1114.79,84.93,21.6
2023-12-08,11,2023-12-08T10:00,bcl,Big Cliff,6.63,3.4,3.23,1199.75,1115.19,84.56,21.9
2023-12-08,12,2023-12-08T11:00,bcl,Big Cliff,7.14,3.45,3.69,1199.35,1115.72,83.63,22.0
2023-12-08,13,2023-12-08T12:00,bcl,Big Cliff,7.52,3.48,4.04,1198.72,1116.07,82.65,21.9
2023-12-08,14,2023-12-08T13:00,bcl,Big Cliff,7.5,3.48,4.02,1198.46,1116.01,82.45,21.9
2023-12-08,15,2023-12-08T14:00,bcl,Big Cliff,7.5,3.49,4.01,1198.35,1116.07,82.28,21.9
2023-12-08,16,2023-12-08T15:00,bcl,Big Cliff,7.52,3.51,4.01,1198.25,1116.05,82.2,22.0
2023-12-08,17,2023-12-08T16:00,bcl,Big Cliff,7.5,3.5,4.0,1198.19,1116.02,82.17,21.9
2023-12-08,18,2023-12-08T17:00,bcl,Big Cliff,7.5,3.48,4.02,1198.49,1116.05,82.44,21.9
2023-12-08,19,2023-12-08T18:00,bcl,Big Cliff,7.5,3.46,4.04,1198.81,1116.05,82.76,21.8
2023-12-08,20,2023-12-08T19:00,bcl,Big Cliff,7.55,3.49,4.06,1199.08,1116.11,82.97,22.1
2023-12-08,21,2023-12-08T20:00,bcl,Big Cliff,7.5,3.43,4.07,1199.36,1115.95,83.41,21.8
2023-12-08,22,2023-12-08T21:00,bcl,Big Cliff,7.5,3.41,4.09,1199.65,1115.92,83.73,21.8
2023-12-08,23,2023-12-08T22:00,bcl,Big Cliff,7.52,3.41,4.11,1199.92,1116.01,83.91,21.8
2023-12-08,24,2023-12-08T23:00,bcl,Big Cliff,7.5,3.38,4.12,1200.16,1116.01,84.15,21.7
2023-12-09,1,2023-12-09T00:00,bcl,Big Cliff,7.52,3.39,4.13,1200.39,1116.07,84.32,21.8
2023-12-09,2,2023-12-09T01:00,bcl,Big Cliff,7.52,3.39,4.13,1200.59,1116.05,84.54,21.9
2023-12-09,3,2023-12-09T02:00,bcl,Big Cliff,7.55,3.41,4.14,1200.78,1116.1,84.68,22.0
2023-12-09,4,2023-12-09T03:00,bcl,Big Cliff,7.55,3.4,4.15,1200.96,1116.1,84.86,22.0
2023-12-09,5,2023-12-09T04:00,bcl,Big Cliff,7.58,3.42,4.16,1201.08,1116.08,85.0,22.2
2023-12-09,6,2023-12-09T05:00,bcl,Big Cliff,7.58,3.42,4.16,1201.23,1116.09,85.14,22.2
2023-12-09,7,2023-12-09T06:00,bcl,Big Cliff,7.58,3.41,4.17,1201.36,1116.0,85.36,22.2
2023-12-09,8,2023-12-09T07:00,bcl,Big Cliff,7.58,3.42,4.16,1201.2,1116.1,85.1,22.2
2023-12-09,9,2023-12-09T08:00,bcl,Big Cliff,7.5,3.38,4.12,1200.34,1116.01,84.33,21.7
2023-12-09,10,2023-12-09T09:00,bcl,Big Cliff,7.5,3.38,4.12,1200.16,1116.11,84.05,21.7
2023-12-09,11,2023-12-09T10:00,bcl,Big Cliff,7.5,3.39,4.11,1200.01,1116.02,83.99,21.7
2023-12-09,12,2023-12-09T11:00,bcl,Big Cliff,7.47,3.37,4.1,1199.86,1116.0,83.86,21.6
2023-12-09,13,2023-12-09T12:00,bcl,Big Cliff,7.47,3.38,4.09,1199.66,1115.98,83.68,21.6
2023-12-09,14,2023-12-09T13:00,bcl,Big Cliff,7.19,3.38,3.81,1199.67,1115.77,83.9,21.6
2023-12-09,15,2023-12-09T14:00,bcl,Big Cliff,6.75,3.41,3.34,1199.49,1115.34,84.15,21.9
2023-12-09,16,2023-12-09T15:00,bcl,Big Cliff,6.35,3.39,2.96,1199.41,1115.09,84.32,21.8
2023-12-09,17,2023-12-09T16:00,bcl,Big Cliff,6.25,3.43,2.82,1198.65,1114.97,83.68,21.9
2023-12-09,18,2023-12-09T17:00,bcl,Big Cliff,6.23,3.42,2.81,1198.29,1114.92,83.37,21.8
2023-12-09,19,2023-12-09T18:00,bcl,Big Cliff,6.18,3.39,2.79,1197.92,1114.96,82.96,21.5
2023-12-09,20,2023-12-09T19:00,bcl,Big Cliff,6.16,3.38,2.78,1197.58,1114.86,82.72,21.3
2023-12-09,21,2023-12-09T20:00,bcl,Big Cliff,6.14,3.37,2.77,1197.26,1114.85,82.41,21.2
2023-12-09,22,2023-12-09T21:00,bcl,Big Cliff,6.12,3.37,2.75,1196.93,1114.9,82.03,21.1
2023-12-09,23,2023-12-09T22:00,bcl,Big Cliff,6.16,3.3,2.86,1196.61,1114.97,81.64,20.6
2023-12-09,24,2023-12-09T23:00,bcl,Big Cliff,6.16,3.31,2.85,1196.27,1114.92,81.35,20.5
2023-12-10,1,2023-12-10T00:00,bcl,Big Cliff,6.16,3.31,2.85,1195.95,1114.92,81.03,20.5
2023-12-10,2,2023-12-10T01:00,bcl,Big Cliff,6.12,3.28,2.84,1195.66,1114.85,80.81,20.2
2023-12-10,3,2023-12-10T02:00,bcl,Big Cliff,6.21,3.33,2.88,1195.38,1114.9,80.48,20.4
2023-12-10,4,2023-12-10T03:00,bcl,Big Cliff,6.18,3.31,2.87,1195.11,1114.92,80.19,20.3
2023-12-10,5,2023-12-10T04:00,bcl,Big Cliff,6.21,3.34,2.87,1194.93,1114.94,79.99,20.4
2023-12-10,6,2023-12-10T05:00,bcl,Big Cliff,6.18,3.32,2.86,1194.77,1114.87,79.9,20.2
2023-12-10,7,2023-12-10T06:00,bcl,Big Cliff,5.87,3.41,2.46,1194.28,1114.58,79.7,20.7
2023-12-10,8,2023-12-10T07:00,bcl,Big Cliff,5.56,3.52,2.04,1193.45,1114.32,79.13,21.3
2023-12-10,9,2023-12-10T08:00,bcl,Big Cliff,5.45,3.34,2.11,1193.55,1113.85,79.7,20.3
2023-12-10,10,2023-12-10T09:00,bcl,Big Cliff,4.77,3.6,1.17,1194.63,1113.43,81.2,22.3
2023-12-10,11,2023-12-10T10:00,bcl,Big Cliff,4.59,3.43,1.16,1195.89,1113.17,82.72,21.6
2023-12-10,12,2023-12-10T11:00,bcl,Big Cliff,4.39,3.38,1.01,1197.41,1113.02,84.39,21.8
2023-12-10,13,2023-12-10T12:00,bcl,Big Cliff,4.16,3.13,1.03,1198.92,1112.75,86.17,20.6
2023-12-10,14,2023-12-10T13:00,bcl,Big Cliff,3.9,2.85,1.05,1200.61,1112.54,88.07,19.2
2023-12-10,15,2023-12-10T14:00,bcl,Big Cliff,3.94,2.87,1.07,1202.3,1112.58,89.72,19.6
2023-12-10,16,2023-12-10T15:00,bcl,Big Cliff,3.96,2.89,1.07,1202.11,1112.55,89.56,19.7
2023-12-10,17,2023-12-10T16:00,bcl,Big Cliff,3.94,2.88,1.06,1201.81,1112.54,89.27,19.6
2023-12-10,18,2023-12-10T17:00,bcl,Big Cliff,3.75,2.69,1.06,1201.56,1112.39,89.17,18.3
2023-12-10,19,2023-12-10T18:00,bcl,Big Cliff,3.75,2.69,1.06,1201.35,1112.39,88.96,18.3
2023-12-10,20,2023-12-10T19:00,bcl,Big Cliff,3.75,2.69,1.06,1201.14,1112.4,88.74,18.2
2023-12-10,21,2023-12-10T20:00,bcl,Big Cliff,3.75,2.7,1.05,1200.9,1112.36,88.54,18.2
2023-12-10,22,2023-12-10T21:00,bcl,Big Cliff,3.72,2.67,1.05,1200.65,1112.38,88.27,18.0
2023-12-10,23,2023-12-10T22:00,bcl,Big Cliff,3.72,2.67,1.05,1200.37,1112.37,88.0,17.9
2023-12-10,24,2023-12-10T23:00,bcl,Big Cliff,3.72,2.67,1.05,1200.08,1112.37,87.71,17.9
2023-12-11,1,2023-12-11T00:00,bcl,Big Cliff,3.88,2.84,1.04,1199.68,1112.54,87.14,18.9
2023-12-11,2,2023-12-11T01:00,bcl,Big Cliff,4.18,3.14,1.04,1199.0,1112.88,86.12,20.6
2023-12-11,3,2023-12-11T02:00,bcl,Big Cliff,4.33,3.18,1.15,1198.16,1113.03,85.13,20.7
2023-12-11,4,2023-12-11T03:00,bcl,Big Cliff,4.45,3.17,1.28,1197.65,1113.17,84.48,20.4
2023-12-11,5,2023-12-11T04:00,bcl,Big Cliff,4.47,3.2,1.27,1197.3,1113.19,84.11,20.5
2023-12-11,6,2023-12-11T05:00,bcl,Big Cliff,4.49,3.22,1.27,1196.91,1113.18,83.73,20.6
2023-12-11,7,2023-12-11T06:00,bcl,Big Cliff,4.47,3.21,1.26,1196.5,1113.13,83.37,20.4
2023-12-11,8,2023-12-11T07:00,bcl,Big Cliff,4.39,3.15,1.24,1194.85,1113.08,81.77,19.7
2023-12-11,9,2023-12-11T08:00,bcl,Big Cliff,4.45,3.21,1.24,1195.52,1113.16,82.36,20.2
2023-12-11,10,2023-12-11T09:00,bcl,Big Cliff,4.73,3.47,1.26,1196.46,1113.44,83.02,22.0
2023-12-11,11,2023-12-11T10:00,bcl,Big Cliff,5.28,3.26,2.02,1197.0,1114.05,82.95,20.6
2023-12-11,12,2023-12-11T11:00,bcl,Big Cliff,5.39,3.29,2.1,1197.28,1114.12,83.16,20.9
2023-12-11,13,2023-12-11T12:00,bcl,Big Cliff,5.41,3.31,2.1,1197.48,1114.17,83.31,21.0
2023-12-11,14,2023-12-11T13:00,bcl,Big Cliff,5.43,3.32,2.11,1197.67,1114.12,83.55,21.2
2023-12-11,15,2023-12-11T14:00,bcl,Big Cliff,5.45,3.34,2.11,1197.82,1114.22,83.6,21.3
2023-12-11,16,2023-12-11T15:00,bcl,Big Cliff,6.09,3.39,2.7,1197.69,1114.82,82.87,21.4
2023-12-11,17,2023-12-11T16:00,bcl,Big Cliff,6.58,3.36,3.22,1198.0,1115.27,82.73,21.2
2023-12-11,18,2023-12-11T17:00,bcl,Big Cliff,6.58,3.36,3.22,1197.99,1115.29,82.7,21.2
2023-12-11,19,2023-12-11T18:00,bcl,Big Cliff,7.16,3.94,3.22,1197.93,1115.83,82.1,24.7
2023-12-11,20,2023-12-11T19:00,bcl,Big Cliff,7.24,3.44,3.8,1197.9,1115.79,82.11,21.6
2023-12-11,21,2023-12-11T20:00,bcl,Big Cliff,7.24,3.43,3.81,1198.18,1115.86,82.32,21.5
2023-12-11,22,2023-12-11T21:00,bcl,Big Cliff,7.27,3.44,3.83,1198.57,1115.83,82.74,21.7
2023-12-11,23,2023-12-11T22:00,bcl,Big Cliff,7.22,3.44,3.78,1198.98,1115.82,83.16,21.8
2023-12-11,24,2023-12-11T23:00,bcl,Big Cliff,7.22,3.41,3.81,1199.36,1115.77,83.59,21.7
2023-12-12,1,2023-12-12T00:00,bcl,Big Cliff,7.24,3.42,3.82,1199.75,1115.8,83.95,21.9
2023-12-12,2,2023-12-12T01:00,bcl,Big Cliff,7.27,3.44,3.83,1200.08,1115.87,84.21,22.1
2023-12-12,3,2023-12-12T02:00,bcl,Big Cliff,7.27,3.42,3.85,1200.4,1115.87,84.53,22.1
2023-12-12,4,2023-12-12T03:00,bcl,Big Cliff,7.22,3.44,3.78,1200.75,1115.82,84.93,22.3
2023-12-12,5,2023-12-12T04:00,bcl,Big Cliff,7.19,3.45,3.74,1201.09,1115.71,85.38,22.5
2023-12-12,6,2023-12-12T05:00,bcl,Big Cliff,7.22,3.47,3.75,1201.42,1115.81,85.61,22.7
2023-12-12,7,2023-12-12T06:00,bcl,Big Cliff,7.24,3.48,3.76,1201.74,1115.75,85.99,22.8
2023-12-12,8,2023-12-12T07:00,bcl,Big Cliff,7.22,3.46,3.76,1201.75,1115.79,85.96,22.7
2023-12-12,9,2023-12-12T08:00,bcl,Big Cliff,7.22,3.45,3.77,1201.93,1115.78,86.15,22.7
2023-12-12,10,2023-12-12T09:00,bcl,Big Cliff,7.29,3.5,3.79,1202.3,1115.95,86.35,23.1
2023-12-12,11,2023-12-12T10:00,bcl,Big Cliff,7.63,3.42,4.21,1202.49,1116.12,86.37,22.5
2023-12-12,12,2023-12-12T11:00,bcl,Big Cliff,7.65,3.44,4.21,1202.55,1116.08,86.47,22.7
2023-12-12,13,2023-12-12T12:00,bcl,Big Cliff,7.65,3.43,4.22,1202.62,1116.06,86.56,22.7
2023-12-12,14,2023-12-12T13:00,bcl,Big Cliff,7.68,3.46,4.22,1202.7,1116.15,86.55,22.8
2023-12-12,15,2023-12-12T14:00,bcl,Big Cliff,7.65,3.48,4.17,1202.8,1116.11,86.69,23.0
2023-12-12,16,2023-12-12T15:00,bcl,Big Cliff,7.65,3.48,4.17,1202.89,1116.18,86.71,23.0
2023-12-12,17,2023-12-12T16:00,bcl,Big Cliff,7.63,3.48,4.15,1202.44,1116.08,86.36,22.9
2023-12-12,18,2023-12-12T17:00,bcl,Big Cliff,7.58,3.46,4.12,1201.97,1116.18,85.79,22.6
2023-12-12,19,2023-12-12T18:00,bcl,Big Cliff,7.55,3.46,4.09,1201.5,1116.05,85.45,22.6
2023-12-12,20,2023-12-12T19:00,bcl,Big Cliff,7.55,3.48,4.07,1201.04,1116.03,85.01,22.6
2023-12-12,21,2023-12-12T20:00,bcl,Big Cliff,7.55,3.44,4.11,1200.56,1116.0,84.56,22.2
2023-12-12,22,2023-12-12T21:00,bcl,Big Cliff,7.52,3.43,4.09,1200.1,1115.94,84.16,22.0
2023-12-12,23,2023-12-12T22:00,bcl,Big Cliff,7.52,3.4,4.12,1199.62,1116.09,83.53,21.7
2023-12-12,24,2023-12-12T23:00,bcl,Big Cliff,7.58,3.44,4.14,1199.1,1116.12,82.98,21.8
2023-12-13,1,2023-12-13T00:00,bcl,Big Cliff,7.55,3.43,4.12,1198.81,1116.11,82.7,21.6
2023-12-13,2,2023-12-13T01:00,bcl,Big Cliff,7.58,3.46,4.12,1198.82,1116.09,82.73,21.8
2023-12-13,3,2023-12-13T02:00,bcl,Big Cliff,7.58,3.46,4.12,1198.82,1116.13,82.69,21.8
2023-12-13,4,2023-12-13T03:00,bcl,Big Cliff,7.58,3.46,4.12,1198.82,1116.12,82.7,21.8
2023-12-13,5,2023-12-13T04:00,bcl,Big Cliff,7.58,3.46,4.12,1198.8,1116.11,82.69,21.8
2023-12-13,6,2023-12-13T05:00,bcl,Big Cliff,7.58,3.46,4.12,1198.76,1116.11,82.65,21.8
2023-12-13,7,2023-12-13T06:00,bcl,Big Cliff,7.58,3.46,4.12,1198.72,1116.17,82.55,21.8
2023-12-13,8,2023-12-13T07:00,bcl,Big Cliff,7.52,3.41,4.11,1198.66,1116.08,82.58,21.5
2023-12-13,9,2023-12-13T08:00,bcl,Big Cliff,7.55,3.44,4.11,1198.6,1116.04,82.56,21.7
2023-12-13,10,2023-12-13T09:00,bcl,Big Cliff,7.55,3.45,4.1,1198.45,1116.11,82.34,21.7
2023-12-13,11,2023-12-13T10:00,bcl,Big Cliff,7.52,3.41,4.11,1198.57,1116.07,82.5,21.5
2023-12-13,12,2023-12-13T11:00,bcl,Big Cliff,7.55,3.43,4.12,1198.75,1116.15,82.6,21.6
2023-12-13,13,2023-12-13T12:00,bcl,Big Cliff,7.55,3.42,4.13,1198.91,1116.11,82.8,21.6
2023-12-13,14,2023-12-13T13:00,bcl,Big Cliff,7.6,3.46,4.14,1199.07,1116.1,82.97,21.9
2023-12-13,15,2023-12-13T14:00,bcl,Big Cliff,7.63,3.48,4.15,1199.23,1116.13,83.1,22.1
2023-12-13,16,2023-12-13T15:00,bcl,Big Cliff,7.63,3.47,4.16,1199.4,1116.15,83.25,22.0
2023-12-13,17,2023-12-13T16:00,bcl,Big Cliff,7.63,3.48,4.15,1199.3,1116.12,83.18,22.1
2023-12-13,18,2023-12-13T17:00,bcl,Big Cliff,7.6,3.45,4.15,1199.23,1116.12,83.11,21.9
2023-12-13,19,2023-12-13T18:00,bcl,Big Cliff,7.6,3.46,4.14,1199.15,1116.12,83.03,21.9
2023-12-13,20,2023-12-13T19:00,bcl,Big Cliff,7.6,3.46,4.14,1199.07,1116.21,82.86,21.9
2023-12-13,21,2023-12-13T20:00,bcl,Big Cliff,7.58,3.45,4.13,1198.99,1116.05,82.94,21.8
2023-12-13,22,2023-12-13T21:00,bcl,Big Cliff,7.58,3.45,4.13,1198.95,1116.16,82.79,21.8
2023-12-13,23,2023-12-13T22:00,bcl,Big Cliff,7.58,3.45,4.13,1198.99,1116.11,82.88,21.8
2023-12-13,24,2023-12-13T23:00,bcl,Big Cliff,7.58,3.45,4.13,1198.99,1116.11,82.88,21.8
2023-12-14,1,2023-12-14T00:00,bcl,Big Cliff,7.58,3.44,4.14,1199.04,1116.11,82.93,21.8
2023-12-14,2,2023-12-14T01:00,bcl,Big Cliff,7.58,3.44,4.14,1199.12,1116.07,83.05,21.8
2023-12-14,3,2023-12-14T02:00,bcl,Big Cliff,7.6,3.45,4.15,1199.18,1116.11,83.07,21.9
2023-12-14,4,2023-12-14T03:00,bcl,Big Cliff,7.6,3.45,4.15,1199.25,1116.04,83.21,21.9
2023-12-14,5,2023-12-14T04:00,bcl,Big Cliff,7.63,3.48,4.15,1199.32,1116.09,83.23,22.1
2023-12-14,6,2023-12-14T05:00,bcl,Big Cliff,7.63,3.47,4.16,1199.34,1116.18,83.16,22.0
2023-12-14,7,2023-12-14T06:00,bcl,Big Cliff,7.63,3.47,4.16,1199.37,1116.11,83.26,22.0
2023-12-14,8,2023-12-14T07:00,bcl,Big Cliff,7.6,3.43,4.17,1199.51,1116.03,83.48,21.8
2023-12-14,9,2023-12-14T08:00,bcl,Big Cliff,7.6,3.42,4.18,1199.68,1116.19,83.49,21.8
2023-12-14,10,2023-12-14T09:00,bcl,Big Cliff,7.65,3.46,4.19,1199.99,1116.18,83.81,22.1
2023-12-14,11,2023-12-14T10:00,bcl,Big Cliff,7.65,3.45,4.2,1200.12,1116.17,83.95,22.1
2023-12-14,12,2023-12-14T11:00,bcl,Big Cliff,7.65,3.45,4.2,1200.12,1116.12,84.0,22.1
2023-12-14,13,2023-12-14T12:00,bcl,Big Cliff,7.68,3.47,4.21,1200.27,1116.18,84.09,22.3
2023-12-14,14,2023-12-14T13:00,bcl,Big Cliff,7.68,3.47,4.21,1200.42,1116.15,84.27,22.3
2023-12-14,15,2023-12-14T14:00,bcl,Big Cliff,7.71,3.49,4.22,1200.6,1116.13,84.47,22.5
2023-12-14,16,2023-12-14T15:00,bcl,Big Cliff,7.73,3.5,4.23,1200.75,1116.15,84.6,22.6
2023-12-14,17,2023-12-14T16:00,bcl,Big Cliff,7.68,3.49,4.19,1199.92,1116.18,83.74,22.3
2023-12-14,18,2023-12-14T17:00,bcl,Big Cliff,7.68,3.49,4.19,1199.89,1116.23,83.66,22.3
2023-12-14,19,2023-12-14T18:00,bcl,Big Cliff,7.65,3.46,4.19,1199.84,1116.18,83.66,22.1
2023-12-14,20,2023-12-14T19:00,bcl,Big Cliff,7.63,3.45,4.18,1199.82,1116.12,83.7,22.0
2023-12-14,21,2023-12-14T20:00,bcl,Big Cliff,7.63,3.45,4.18,1199.78,1116.18,83.6,22.0
2023-12-14,22,2023-12-14T21:00,bcl,Big Cliff,7.58,3.4,4.18,1199.77,1116.14,83.63,21.7
2023-12-14,23,2023-12-14T22:00,bcl,Big Cliff,7.58,3.4,4.18,1199.77,1116.14,83.63,21.7
2023-12-14,24,2023-12-14T23:00,bcl,Big Cliff,7.58,3.4,4.18,1199.77,1116.05,83.72,21.7
2023-12-15,1,2023-12-15T00:00,bcl,Big Cliff,7.58,3.4,4.18,1199.78,1116.12,83.66,21.7
2023-12-15,2,2023-12-15T01:00,bcl,Big Cliff,7.58,3.4,4.18,1199.75,1116.0,83.75,21.7
2023-12-15,3,2023-12-15T02:00,bcl,Big Cliff,7.58,3.4,4.18,1199.68,1116.13,83.55,21.7
2023-12-15,4,2023-12-15T03:00,bcl,Big Cliff,7.55,3.38,4.17,1199.61,1116.06,83.55,21.5
2023-12-15,5,2023-12-15T04:00,bcl,Big Cliff,7.6,3.43,4.17,1199.51,1116.08,83.43,21.8
2023-12-15,6,2023-12-15T05:00,bcl,Big Cliff,7.6,3.44,4.16,1199.42,1116.23,83.19,21.8
2023-12-15,7,2023-12-15T06:00,bcl,Big Cliff,7.58,3.43,4.15,1199.32,1116.12,83.2,21.8
2023-12-15,8,2023-12-15T07:00,bcl,Big Cliff,7.55,3.42,4.13,1198.93,1116.12,82.81,21.6
2023-12-15,9,2023-12-15T08:00,bcl,Big Cliff,7.52,3.4,4.12,1198.73,1116.06,82.67,21.4
2023-12-15,10,2023-12-15T09:00,bcl,Big Cliff,7.52,3.39,4.13,1198.85,1116.12,82.73,21.4
2023-12-15,11,2023-12-15T10:00,bcl,Big Cliff,7.55,3.42,4.13,1198.97,1116.12,82.85,21.6
2023-12-15,12,2023-12-15T11:00,bcl,Big Cliff,7.55,3.41,4.14,1199.07,1116.09,82.98,21.6
2023-12-15,13,2023-12-15T12:00,bcl,Big Cliff,7.55,3.4,4.15,1199.19,1116.14,83.05,21.5
2023-12-15,14,2023-12-15T13:00,bcl,Big Cliff,7.58,3.43,4.15,1199.29,1116.13,83.16,21.8
2023-12-15,15,2023-12-15T14:00,bcl,Big Cliff,7.6,3.44,4.16,1199.42,1116.18,83.24,21.8
2023-12-15,16,2023-12-15T15:00,bcl,Big Cliff,7.63,3.46,4.17,1199.53,1116.09,83.44,22.0
2023-12-15,17,2023-12-15T16:00,bcl,Big Cliff,7.52,3.42,4.1,1198.48,1116.06,82.42,21.5
2023-12-15,18,2023-12-15T17:00,bcl,Big Cliff,7.5,3.41,4.09,1198.27,1116.05,82.22,21.4
2023-12-15,19,2023-12-15T18:00,bcl,Big Cliff,7.52,3.43,4.09,1198.31,1116.08,82.23,21.5
2023-12-15,20,2023-12-15T19:00,bcl,Big Cliff,7.52,3.42,4.1,1198.35,1116.03,82.32,21.5
2023-12-15,21,2023-12-15T20:00,bcl,Big Cliff,7.55,3.45,4.1,1198.37,1116.13,82.24,21.6
2023-12-15,22,2023-12-15T21:00,bcl,Big Cliff,7.55,3.45,4.1,1198.35,1116.13,82.22,21.6
2023-12-15,23,2023-12-15T22:00,bcl,Big Cliff,7.55,3.45,4.1,1198.41,1116.1,82.31,21.7
2023-12-15,24,2023-12-15T23:00,bcl,Big Cliff,7.58,3.48,4.1,1198.49,1116.13,82.36,21.9
2023-12-16,1,2023-12-16T00:00,bcl,Big Cliff,7.58,3.47,4.11,1198.54,1116.14,82.4,21.8
2023-12-16,2,2023-12-16T01:00,bcl,Big Cliff,7.58,3.47,4.11,1198.57,1116.13,82.44,21.8
2023-12-16,3,2023-12-16T02:00,bcl,Big Cliff,7.6,3.49,4.11,1198.58,1116.11,82.47,22.0
2023-12-16,4,2023-12-16T03:00,bcl,Big Cliff,7.6,3.49,4.11,1198.6,1116.1,82.5,22.0
2023-12-16,5,2023-12-16T04:00,bcl,Big Cliff,7.6,3.49,4.11,1198.61,1116.18,82.43,22.0
2023-12-16,6,2023-12-16T05:00,bcl,Big Cliff,7.63,3.52,4.11,1198.61,1116.17,82.44,22.1
2023-12-16,7,2023-12-16T06:00,bcl,Big Cliff,7.58,3.47,4.11,1198.6,1116.12,82.48,21.8
2023-12-16,8,2023-12-16T07:00,bcl,Big Cliff,7.58,3.48,4.1,1198.37,1116.09,82.28,21.8
2023-12-16,9,2023-12-16T08:00,bcl,Big Cliff,7.02,3.4,3.62,1196.9,1115.67,81.23,21.1
2023-12-16,10,2023-12-16T09:00,bcl,Big Cliff,6.53,3.35,3.18,1195.95,1115.21,80.74,20.6
2023-12-16,11,2023-12-16T10:00,bcl,Big Cliff,6.07,3.32,2.75,1195.41,1114.8,80.61,20.4
2023-12-16,12,2023-12-16T11:00,bcl,Big Cliff,5.65,3.29,2.36,1195.38,1114.41,80.97,20.3
2023-12-16,13,2023-12-16T12:00,bcl,Big Cliff,5.52,3.29,2.23,1195.49,1114.25,81.24,20.4
2023-12-16,14,2023-12-16T13:00,bcl,Big Cliff,5.52,3.29,2.23,1195.67,1114.27,81.4,20.4
2023-12-16,15,2023-12-16T14:00,bcl,Big Cliff,5.52,3.28,2.24,1195.86,1114.21,81.65,20.4
2023-12-16,16,2023-12-16T15:00,bcl,Big Cliff,5.54,3.3,2.24,1196.01,1114.32,81.69,20.6
2023-12-16,17,2023-12-16T16:00,bcl,Big Cliff,5.56,3.31,2.25,1196.28,1114.28,82.0,20.7
2023-12-16,18,2023-12-16T17:00,bcl,Big Cliff,5.56,3.28,2.28,1197.12,1114.32,82.8,20.7
2023-12-16,19,2023-12-16T18:00,bcl,Big Cliff,5.63,3.33,2.3,1197.92,1114.38,83.54,21.2
2023-12-16,20,2023-12-16T19:00,bcl,Big Cliff,5.6,3.28,2.32,1198.41,1114.44,83.97,21.0
2023-12-16,21,2023-12-16T20:00,bcl,Big Cliff,5.6,3.26,2.34,1198.76,1114.38,84.38,21.0
2023-12-16,22,2023-12-16T21:00,bcl,Big Cliff,5.63,3.33,2.3,1198.92,1114.34,84.58,21.5
2023-12-16,23,2023-12-16T22:00,bcl,Big Cliff,5.6,3.3,2.3,1198.91,1114.39,84.52,21.3
2023-12-16,24,2023-12-16T23:00,bcl,Big Cliff,5.6,3.3,2.3,1198.74,1114.38,84.36,21.2
2023-12-17,1,2023-12-17T00:00,bcl,Big Cliff,5.6,3.32,2.28,1198.56,1114.37,84.19,21.3
2023-12-17,2,2023-12-17T01:00,bcl,Big Cliff,5.58,3.31,2.27,1198.39,1114.36,84.03,21.2
2023-12-17,3,2023-12-17T02:00,bcl,Big Cliff,5.54,3.28,2.26,1198.24,1114.32,83.92,21.0
2023-12-17,4,2023-12-17T03:00,bcl,Big Cliff,5.54,3.28,2.26,1198.1,1114.29,83.81,21.0
2023-12-17,5,2023-12-17T04:00,bcl,Big Cliff,5.52,3.27,2.25,1197.95,1114.3,83.65,20.9
2023-12-17,6,2023-12-17T05:00,bcl,Big Cliff,5.52,3.27,2.25,1197.8,1114.31,83.49,20.8
2023-12-17,7,2023-12-17T06:00,bcl,Big Cliff,5.5,3.26,2.24,1197.66,1114.28,83.38,20.7
2023-12-17,8,2023-12-17T07:00,bcl,Big Cliff,5.5,3.26,2.24,1197.57,1114.32,83.25,20.7
2023-12-17,9,2023-12-17T08:00,bcl,Big Cliff,5.5,3.27,2.23,1197.22,1114.28,82.94,20.7
2023-12-17,10,2023-12-17T09:00,bcl,Big Cliff,5.47,3.24,2.23,1197.05,1114.25,82.8,20.5
2023-12-17,11,2023-12-17T10:00,bcl,Big Cliff,5.47,3.25,2.22,1196.9,1114.24,82.66,20.5
2023-12-17,12,2023-12-17T11:00,bcl,Big Cliff,5.47,3.25,2.22,1196.74,1114.22,82.52,20.5
2023-12-17,13,2023-12-17T12:00,bcl,Big Cliff,5.45,3.24,2.21,1196.6,1114.23,82.37,20.4
2023-12-17,14,2023-12-17T13:00,bcl,Big Cliff,5.47,3.27,2.2,1196.46,1114.26,82.2,20.5
2023-12-17,15,2023-12-17T14:00,bcl,Big Cliff,5.5,3.3,2.2,1196.36,1114.21,82.15,20.7
2023-12-17,16,2023-12-17T15:00,bcl,Big Cliff,5.56,3.3,2.26,1198.23,1114.34,83.89,21.1
2023-12-17,17,2023-12-17T16:00,bcl,Big Cliff,5.54,3.27,2.27,1198.4,1114.26,84.14,21.0
2023-12-17,18,2023-12-17T17:00,bcl,Big Cliff,5.56,3.29,2.27,1198.33,1114.28,84.05,21.1
2023-12-17,19,2023-12-17T18:00,bcl,Big Cliff,5.54,3.28,2.26,1198.27,1114.28,83.99,21.0
2023-12-17,20,2023-12-17T19:00,bcl,Big Cliff,5.52,3.26,2.26,1198.22,1114.33,83.89,20.9
2023-12-17,21,2023-12-17T20:00,bcl,Big Cliff,5.54,3.28,2.26,1198.16,1114.31,83.85,21.0
2023-12-17,22,2023-12-17T21:00,bcl,Big Cliff,5.5,3.24,2.26,1198.12,1114.28,83.84,20.7
2023-12-17,23,2023-12-17T22:00,bcl,Big Cliff,5.5,3.24,2.26,1198.08,1114.23,83.85,20.7
2023-12-17,24,2023-12-17T23:00,bcl,Big Cliff,5.5,3.25,2.25,1198.04,1114.3,83.74,20.8
2023-12-18,1,2023-12-18T00:00,bcl,Big Cliff,5.5,3.25,2.25,1197.99,1114.33,83.66,20.7
2023-12-18,2,2023-12-18T01:00,bcl,Big Cliff,5.5,3.25,2.25,1197.95,1114.3,83.65,20.7
2023-12-18,3,2023-12-18T02:00,bcl,Big Cliff,5.5,3.25,2.25,1197.88,1114.25,83.63,20.7
2023-12-18,4,2023-12-18T03:00,bcl,Big Cliff,5.5,3.25,2.25,1197.81,1114.28,83.53,20.7
2023-12-18,5,2023-12-18T04:00,bcl,Big Cliff,5.54,3.3,2.24,1197.7,1114.32,83.38,21.0
2023-12-18,6,2023-12-18T05:00,bcl,Big Cliff,5.58,3.34,2.24,1197.57,1114.32,83.25,21.2
2023-12-18,7,2023-12-18T06:00,bcl,Big Cliff,5.56,3.32,2.24,1197.46,1114.32,83.14,21.1
2023-12-18,8,2023-12-18T07:00,bcl,Big Cliff,5.56,3.33,2.23,1197.28,1114.3,82.98,21.1
2023-12-18,9,2023-12-18T08:00,bcl,Big Cliff,5.56,3.32,2.24,1197.63,1114.34,83.29,21.1
2023-12-18,10,2023-12-18T09:00,bcl,Big Cliff,5.54,3.31,2.23,1197.2,1114.3,82.9,20.9
2023-12-18,11,2023-12-18T10:00,bcl,Big Cliff,5.52,3.3,2.22,1196.8,1114.29,82.51,20.8
2023-12-18,12,2023-12-18T11:00,bcl,Big Cliff,5.52,3.32,2.2,1196.4,1114.28,82.12,20.8
2023-12-18,13,2023-12-18T12:00,bcl,Big Cliff,5.5,3.31,2.19,1196.03,1114.21,81.82,20.7
2023-12-18,14,2023-12-18T13:00,bcl,Big Cliff,5.5,3.32,2.18,1195.68,1114.25,81.43,20.6
2023-12-18,15,2023-12-18T14:00,bcl,Big Cliff,5.5,3.32,2.18,1195.92,1114.21,81.71,20.7
2023-12-18,16,2023-12-18T15:00,bcl,Big Cliff,5.58,3.33,2.25,1197.83,1114.29,83.54,21.2
2023-12-18,17,2023-12-18T16:00,bcl,Big Cliff,5.56,3.31,2.25,1197.88,1114.3,83.58,21.1
2023-12-18,18,2023-12-18T17:00,bcl,Big Cliff,5.56,3.31,2.25,1197.84,1114.29,83.55,21.1
2023-12-18,19,2023-12-18T18:00,bcl,Big Cliff,5.56,3.31,2.25,1197.79,1114.31,83.48,21.1
2023-12-18,20,2023-12-18T19:00,bcl,Big Cliff,5.54,3.29,2.25,1197.73,1114.36,83.37,20.9
2023-12-18,21,2023-12-18T20:00,bcl,Big Cliff,5.52,3.32,2.2,1197.68,1114.28,83.4,21.1
2023-12-18,22,2023-12-18T21:00,bcl,Big Cliff,5.43,3.29,2.14,1197.7,1114.27,83.43,20.9
2023-12-18,23,2023-12-18T22:00,bcl,Big Cliff,5.39,3.29,2.1,1197.75,1114.14,83.61,21.0
2023-12-18,24,2023-12-18T23:00,bcl,Big Cliff,5.28,3.23,2.05,1197.88,1114.05,83.83,20.7
2023-12-19,1,2023-12-19T00:00,bcl,Big Cliff,5.2,3.17,2.03,1197.96,1113.97,83.99,20.3
2023-12-19,2,2023-12-19T01:00,bcl,Big Cliff,5.22,3.19,2.03,1197.99,1114.02,83.97,20.4
2023-12-19,3,2023-12-19T02:00,bcl,Big Cliff,5.18,3.15,2.03,1197.95,1113.96,83.99,20.2
2023-12-19,4,2023-12-19T03:00,bcl,Big Cliff,5.14,3.11,2.03,1197.94,1113.92,84.02,19.9
2023-12-19,5,2023-12-19T04:00,bcl,Big Cliff,5.1,3.07,2.03,1197.98,1113.9,84.08,19.7
2023-12-19,6,2023-12-19T05:00,bcl,Big Cliff,5.12,3.09,2.03,1197.95,1113.9,84.05,19.8
2023-12-19,7,2023-12-19T06:00,bcl,Big Cliff,5.12,3.09,2.03,1197.9,1113.9,84.0,19.8
2023-12-19,8,2023-12-19T07:00,bcl,Big Cliff,5.1,3.07,2.03,1197.96,1113.89,84.07,19.7
2023-12-19,9,2023-12-19T08:00,bcl,Big Cliff,5.1,3.07,2.03,1197.85,1113.88,83.97,19.7
2023-12-19,10,2023-12-19T09:00,bcl,Big Cliff,5.08,3.05,2.03,1197.72,1113.9,83.82,19.5
2023-12-19,11,2023-12-19T10:00,bcl,Big Cliff,5.08,3.05,2.03,1197.6,1113.9,83.7,19.5
2023-12-19,12,2023-12-19T11:00,bcl,Big Cliff,5.08,3.06,2.02,1197.49,1113.87,83.62,19.5
2023-12-19,13,2023-12-19T12:00,bcl,Big Cliff,5.1,3.08,2.02,1197.4,1113.92,83.48,19.6
2023-12-19,14,2023-12-19T13:00,bcl,Big Cliff,5.08,3.06,2.02,1197.31,1113.87,83.44,19.5
2023-12-19,15,2023-12-19T14:00,bcl,Big Cliff,5.05,3.03,2.02,1197.22,1113.91,83.31,19.3
2023-12-19,16,2023-12-19T15:00,bcl,Big Cliff,5.08,3.06,2.02,1197.2,1113.87,83.33,19.5
2023-12-19,17,2023-12-19T16:00,bcl,Big Cliff,5.08,3.06,2.02,1197.47,1113.85,83.62,19.5
2023-12-19,18,2023-12-19T17:00,bcl,Big Cliff,5.08,3.05,2.03,1197.55,1113.86,83.69,19.5
2023-12-19,19,2023-12-19T18:00,bcl,Big Cliff,5.08,3.05,2.03,1197.6,1113.89,83.71,19.5
2023-12-19,20,2023-12-19T19:00,bcl,Big Cliff,5.08,3.05,2.03,1197.66,1113.89,83.77,19.5
2023-12-19,21,2023-12-19T20:00,bcl,Big Cliff,5.08,3.05,2.03,1197.7,1113.9,83.8,19.5
2023-12-19,22,2023-12-19T21:00,bcl,Big Cliff,5.08,3.05,2.03,1197.76,1113.86,83.9,19.5
2023-12-19,23,2023-12-19T22:00,bcl,Big Cliff,5.05,3.02,2.03,1197.82,1113.88,83.94,19.3
2023-12-19,24,2023-12-19T23:00,bcl,Big Cliff,5.05,3.02,2.03,1197.88,1113.89,83.99,19.4
2023-12-20,1,2023-12-20T00:00,bcl,Big Cliff,5.1,3.07,2.03,1197.92,1113.91,84.01,19.7
2023-12-20,2,2023-12-20T01:00,bcl,Big Cliff,5.08,3.05,2.03,1197.96,1113.93,84.03,19.6
2023-12-20,3,2023-12-20T02:00,bcl,Big Cliff,5.12,3.09,2.03,1197.97,1113.91,84.06,19.8
2023-12-20,4,2023-12-20T03:00,bcl,Big Cliff,5.12,3.09,2.03,1197.96,1113.94,84.02,19.8
2023-12-20,5,2023-12-20T04:00,bcl,Big Cliff,5.12,3.09,2.03,1197.95,1113.93,84.02,19.8
2023-12-20,6,2023-12-20T05:00,bcl,Big Cliff,5.12,3.09,2.03,1197.93,1113.94,83.99,19.8
2023-12-20,7,2023-12-20T06:00,bcl,Big Cliff,5.12,3.09,2.03,1197.92,1113.91,84.01,19.8
2023-12-20,8,2023-12-20T07:00,bcl,Big Cliff,5.12,3.09,2.03,1197.99,1113.94,84.05,19.8
2023-12-20,9,2023-12-20T08:00,bcl,Big Cliff,5.12,3.09,2.03,1197.9,1113.96,83.94,19.8
2023-12-20,10,2023-12-20T09:00,bcl,Big Cliff,5.1,3.07,2.03,1197.77,1113.92,83.85,19.6
2023-12-20,11,2023-12-20T10:00,bcl,Big Cliff,5.12,3.09,2.03,1197.64,1113.92,83.72,19.7
2023-12-20,12,2023-12-20T11:00,bcl,Big Cliff,5.12,3.09,2.03,1197.54,1113.93,83.61,19.7
2023-12-20,13,2023-12-20T12:00,bcl,Big Cliff,5.12,3.1,2.02,1197.45,1113.93,83.52,19.8
2023-12-20,14,2023-12-20T13:00,bcl,Big Cliff,5.12,3.1,2.02,1197.37,1113.87,83.5,19.8
2023-12-20,15,2023-12-20T14:00,bcl,Big Cliff,5.12,3.1,2.02,1197.29,1113.98,83.31,19.7
2023-12-20,16,2023-12-20T15:00,bcl,Big Cliff,5.12,3.1,2.02,1197.2,1113.96,83.24,19.7
2023-12-20,17,2023-12-20T16:00,bcl,Big Cliff,5.08,3.07,2.01,1196.95,1113.88,83.07,19.5
2023-12-20,18,2023-12-20T17:00,bcl,Big Cliff,5.1,3.09,2.01,1196.99,1113.92,83.07,19.6
2023-12-20,19,2023-12-20T18:00,bcl,Big Cliff,5.1,3.08,2.02,1197.07,1113.9,83.17,19.5
2023-12-20,20,2023-12-20T19:00,bcl,Big Cliff,5.1,3.08,2.02,1197.19,1113.92,83.27,19.6
2023-12-20,21,2023-12-20T20:00,bcl,Big Cliff,5.08,3.06,2.02,1197.31,1113.89,83.42,19.5
2023-12-20,22,2023-12-20T21:00,bcl,Big Cliff,5.08,3.06,2.02,1197.44,1113.88,83.56,19.5
2023-12-20,23,2023-12-20T22:00,bcl,Big Cliff,5.08,3.05,2.03,1197.56,1113.87,83.69,19.5
2023-12-20,24,2023-12-20T23:00,bcl,Big Cliff,5.08,3.05,2.03,1197.7,1113.91,83.79,19.5
2023-12-21,1,2023-12-21T00:00,bcl,Big Cliff,5.1,3.07,2.03,1197.8,1113.92,83.88,19.6
2023-12-21,2,2023-12-21T01:00,bcl,Big Cliff,5.1,3.07,2.03,1197.9,1113.92,83.98,19.7
2023-12-21,3,2023-12-21T02:00,bcl,Big Cliff,5.1,3.07,2.03,1197.9,1113.87,84.03,19.7
2023-12-21,4,2023-12-21T03:00,bcl,Big Cliff,5.1,3.07,2.03,1197.89,1113.92,83.97,19.7
2023-12-21,5,2023-12-21T04:00,bcl,Big Cliff,5.08,3.05,2.03,1197.89,1113.9,83.99,19.5
2023-12-21,6,2023-12-21T05:00,bcl,Big Cliff,5.1,3.07,2.03,1197.87,1113.9,83.97,19.7
2023-12-21,7,2023-12-21T06:00,bcl,Big Cliff,5.08,3.05,2.03,1197.87,1113.89,83.98,19.5
2023-12-21,8,2023-12-21T07:00,bcl,Big Cliff,5.05,3.02,2.03,1197.94,1113.86,84.08,19.4
2023-12-21,9,2023-12-21T08:00,bcl,Big Cliff,5.08,3.04,2.04,1198.07,1113.9,84.17,19.5
2023-12-21,10,2023-12-21T09:00,bcl,Big Cliff,5.08,3.05,2.03,1197.98,1113.92,84.06,19.6
2023-12-21,11,2023-12-21T10:00,bcl,Big Cliff,5.08,3.05,2.03,1197.9,1113.91,83.99,19.5
2023-12-21,12,2023-12-21T11:00,bcl,Big Cliff,5.08,3.05,2.03,1197.81,1113.84,83.97,19.5
2023-12-21,13,2023-12-21T12:00,bcl,Big Cliff,5.08,3.05,2.03,1197.73,1113.86,83.87,19.5
2023-12-21,14,2023-12-21T13:00,bcl,Big Cliff,5.05,3.02,2.03,1197.66,1113.87,83.79,19.3
2023-12-21,15,2023-12-21T14:00,bcl,Big Cliff,5.08,3.05,2.03,1197.58,1113.93,83.65,19.5
2023-12-21,16,2023-12-21T15:00,bcl,Big Cliff,5.08,3.05,2.03,1197.53,1113.93,83.6,19.5
2023-12-21,17,2023-12-21T16:00,bcl,Big Cliff,5.03,3.01,2.02,1197.12,1113.85,83.27,19.1
2023-12-21,18,2023-12-21T17:00,bcl,Big Cliff,5.03,3.01,2.02,1197.19,1113.83,83.36,19.1
2023-12-21,19,2023-12-21T18:00,bcl,Big Cliff,5.05,3.03,2.02,1197.33,1113.87,83.46,19.3
2023-12-21,20,2023-12-21T19:00,bcl,Big Cliff,5.05,3.03,2.02,1197.46,1113.89,83.57,19.3
2023-12-21,21,2023-12-21T20:00,bcl,Big Cliff,5.05,3.02,2.03,1197.57,1113.89,83.68,19.3
2023-12-21,22,2023-12-21T21:00,bcl,Big Cliff,5.05,3.02,2.03,1197.69,1113.85,83.84,19.3
2023-12-21,23,2023-12-21T22:00,bcl,Big Cliff,5.05,3.02,2.03,1197.8,1113.87,83.93,19.3
2023-12-21,24,2023-12-21T23:00,bcl,Big Cliff,5.05,3.02,2.03,1197.86,1113.89,83.97,19.3
2023-12-22,1,2023-12-22T00:00,bcl,Big Cliff,5.08,3.05,2.03,1197.81,1113.9,83.91,19.5
2023-12-22,2,2023-12-22T01:00,bcl,Big Cliff,5.05,3.02,2.03,1197.84,1113.88,83.96,19.3
2023-12-22,3,2023-12-22T02:00,bcl,Big Cliff,5.08,3.05,2.03,1197.91,1113.89,84.02,19.6
2023-12-22,4,2023-12-22T03:00,bcl,Big Cliff,5.1,3.06,2.04,1198.07,1113.88,84.19,19.7
2023-12-22,5,2023-12-22T04:00,bcl,Big Cliff,5.1,3.05,2.05,1198.27,1113.9,84.37,19.6
2023-12-22,6,2023-12-22T05:00,bcl,Big Cliff,5.1,3.05,2.05,1198.47,1113.93,84.54,19.7
2023-12-22,7,2023-12-22T06:00,bcl,Big Cliff,5.12,3.06,2.06,1198.62,1113.96,84.66,19.8
2023-12-22,8,2023-12-22T07:00,bcl,Big Cliff,5.12,3.05,2.07,1198.89,1113.89,85.0,19.8
2023-12-22,9,2023-12-22T08:00,bcl,Big Cliff,5.14,3.05,2.09,1199.82,1113.93,85.89,20.0
2023-12-22,10,2023-12-22T09:00,bcl,Big Cliff,4.95,2.87,2.08,1199.33,1113.78,85.55,18.7
2023-12-22,11,2023-12-22T10:00,bcl,Big Cliff,4.75,2.68,2.07,1198.98,1113.61,85.37,17.5
2023-12-22,12,2023-12-22T11:00,bcl,Big Cliff,4.59,2.52,2.07,1198.79,1113.43,85.36,16.4
2023-12-22,13,2023-12-22T12:00,bcl,Big Cliff,4.41,2.35,2.06,1198.72,1113.25,85.47,15.3
2023-12-22,14,2023-12-22T13:00,bcl,Big Cliff,4.28,2.21,2.07,1198.8,1113.1,85.7,14.5
2023-12-22,15,2023-12-22T14:00,bcl,Big Cliff,4.12,2.04,2.08,1199.04,1112.93,86.11,13.4
2023-12-22,16,2023-12-22T15:00,bcl,Big Cliff,4.12,2.04,2.08,1199.29,1112.94,86.35,13.4
2023-12-22,17,2023-12-22T16:00,bcl,Big Cliff,4.1,2.02,2.08,1199.15,1112.94,86.21,13.3
2023-12-22,18,2023-12-22T17:00,bcl,Big Cliff,4.12,2.03,2.09,1199.95,1112.95,87.0,13.5
2023-12-22,19,2023-12-22T18:00,bcl,Big Cliff,4.16,2.06,2.1,1200.48,1113.0,87.48,13.7
2023-12-22,20,2023-12-22T19:00,bcl,Big Cliff,4.16,2.05,2.11,1200.67,1112.98,87.69,13.7
2023-12-22,21,2023-12-22T20:00,bcl,Big Cliff,4.16,2.06,2.1,1200.32,1112.97,87.35,13.7
2023-12-22,22,2023-12-22T21:00,bcl,Big Cliff,4.14,2.05,2.09,1199.86,1112.95,86.91,13.6
2023-12-22,23,2023-12-22T22:00,bcl,Big Cliff,4.12,2.04,2.08,1199.41,1112.95,86.46,13.5
2023-12-22,24,2023-12-22T23:00,bcl,Big Cliff,4.09,2.02,2.07,1198.94,1112.91,86.03,13.3
2023-12-23,1,2023-12-23T00:00,bcl,Big Cliff,4.07,2.02,2.05,1198.44,1112.87,85.57,13.2
2023-12-23,2,2023-12-23T01:00,bcl,Big Cliff,4.07,2.04,2.03,1197.95,1112.89,85.06,13.2
2023-12-23,3,2023-12-23T02:00,bcl,Big Cliff,4.03,2.01,2.02,1197.46,1112.84,84.62,13.0
2023-12-23,4,2023-12-23T03:00,bcl,Big Cliff,4.03,2.02,2.01,1196.97,1112.85,84.12,13.0
2023-12-23,5,2023-12-23T04:00,bcl,Big Cliff,4.01,2.02,1.99,1196.47,1112.81,83.66,12.9
2023-12-23,6,2023-12-23T05:00,bcl,Big Cliff,4.01,2.03,1.98,1196.0,1112.79,83.21,12.9
2023-12-23,7,2023-12-23T06:00,bcl,Big Cliff,3.99,2.02,1.97,1195.51,1112.82,82.69,12.7
2023-12-23,8,2023-12-23T07:00,bcl,Big Cliff,3.96,2.0,1.96,1195.12,1112.73,82.39,12.6
2023-12-23,9,2023-12-23T08:00,bcl,Big Cliff,3.75,1.96,1.79,1196.38,1112.48,83.9,12.5
2023-12-23,10,2023-12-23T09:00,bcl,Big Cliff,3.24,1.83,1.41,1197.26,1111.89,85.37,11.9
2023-12-23,11,2023-12-23T10:00,bcl,Big Cliff,2.93,2.32,0.61,1198.38,1111.55,86.83,15.4
2023-12-23,12,2023-12-23T11:00,bcl,Big Cliff,2.47,1.85,0.62,1199.87,1110.91,88.96,12.6
2023-12-23,13,2023-12-23T12:00,bcl,Big Cliff,2.15,1.8,0.35,1201.53,1110.5,91.03,12.5
2023-12-23,14,2023-12-23T13:00,bcl,Big Cliff,2.0,2.0,0.0,1201.76,1110.26,91.5,14.0
2023-12-23,15,2023-12-23T14:00,bcl,Big Cliff,2.0,2.0,0.0,1201.84,1110.33,91.51,14.0
2023-12-23,16,2023-12-23T15:00,bcl,Big Cliff,2.03,2.03,0.0,1201.88,1110.3,91.58,14.2
2023-12-23,17,2023-12-23T16:00,bcl,Big Cliff,2.01,2.01,0.0,1201.55,1110.26,91.29,14.0
2023-12-23,18,2023-12-23T17:00,bcl,Big Cliff,2.0,2.0,0.0,1201.64,1110.25,91.39,13.9
2023-12-23,19,2023-12-23T18:00,bcl,Big Cliff,2.0,2.0,0.0,1201.74,1110.27,91.47,14.0
2023-12-23,20,2023-12-23T19:00,bcl,Big Cliff,2.01,2.01,0.0,1201.83,1110.32,91.51,14.0
2023-12-23,21,2023-12-23T20:00,bcl,Big Cliff,2.01,2.01,0.0,1201.91,1110.29,91.62,14.1
2023-12-23,22,2023-12-23T21:00,bcl,Big Cliff,2.01,2.01,0.0,1201.97,1110.27,91.7,14.1
2023-12-23,23,2023-12-23T22:00,bcl,Big Cliff,2.0,2.0,0.0,1202.06,1110.26,91.8,14.0
2023-12-23,24,2023-12-23T23:00,bcl,Big Cliff,2.01,2.01,0.0,1202.13,1110.24,91.89,14.1
2023-12-24,1,2023-12-24T00:00,bcl,Big Cliff,2.01,2.01,0.0,1202.2,1110.28,91.92,14.1
2023-12-24,2,2023-12-24T01:00,bcl,Big Cliff,2.0,2.0,0.0,1202.27,1110.32,91.95,14.0
2023-12-24,3,2023-12-24T02:00,bcl,Big Cliff,2.01,2.01,0.0,1202.32,1110.27,92.05,14.1
2023-12-24,4,2023-12-24T03:00,bcl,Big Cliff,2.0,2.0,0.0,1202.4,1110.25,92.15,14.1
2023-12-24,5,2023-12-24T04:00,bcl,Big Cliff,2.01,2.01,0.0,1202.45,1110.28,92.17,14.1
2023-12-24,6,2023-12-24T05:00,bcl,Big Cliff,2.01,2.01,0.0,1201.37,1110.29,91.08,14.0
2023-12-24,7,2023-12-24T06:00,bcl,Big Cliff,2.01,2.01,0.0,1200.0,1110.31,89.69,13.8
2023-12-24,8,2023-12-24T07:00,bcl,Big Cliff,1.98,1.98,0.0,1198.6,1110.2,88.4,13.4
2023-12-24,9,2023-12-24T08:00,bcl,Big Cliff,1.9,1.9,0.0,1198.73,1110.11,88.62,12.8
2023-12-24,10,2023-12-24T09:00,bcl,Big Cliff,1.79,1.79,0.0,1199.04,1109.97,89.07,12.2
2023-12-24,11,2023-12-24T10:00,bcl,Big Cliff,1.66,1.66,0.0,1199.44,1109.78,89.66,11.4
2023-12-24,12,2023-12-24T11:00,bcl,Big Cliff,1.57,1.57,0.0,1199.93,1109.65,90.28,10.8
2023-12-24,13,2023-12-24T12:00,bcl,Big Cliff,1.51,1.51,0.0,1200.47,1109.61,90.86,10.5
2023-12-24,14,2023-12-24T13:00,bcl,Big Cliff,1.51,1.51,0.0,1201.0,1109.59,91.41,10.5
2023-12-24,15,2023-12-24T14:00,bcl,Big Cliff,1.52,1.52,0.0,1199.99,1109.61,90.38,10.5
2023-12-24,16,2023-12-24T15:00,bcl,Big Cliff,1.52,1.52,0.0,1198.89,1109.59,89.3,10.4
2023-12-24,17,2023-12-24T16:00,bcl,Big Cliff,1.5,1.5,0.0,1197.81,1109.54,88.27,10.1
2023-12-24,18,2023-12-24T17:00,bcl,Big Cliff,1.5,1.5,0.0,1197.52,1109.55,87.97,10.1
2023-12-24,19,2023-12-24T18:00,bcl,Big Cliff,1.5,1.5,0.0,1198.0,1109.59,88.41,10.1
2023-12-24,20,2023-12-24T19:00,bcl,Big Cliff,1.5,1.5,0.0,1198.47,1109.56,88.91,10.2
2023-12-24,21,2023-12-24T20:00,bcl,Big Cliff,1.51,1.51,0.0,1198.92,1109.59,89.33,10.3
2023-12-24,22,2023-12-24T21:00,bcl,Big Cliff,1.51,1.51,0.0,1199.36,1109.6,89.76,10.3
2023-12-24,23,2023-12-24T22:00,bcl,Big Cliff,1.51,1.51,0.0,1199.8,1109.58,90.22,10.4
2023-12-24,24,2023-12-24T23:00,bcl,Big Cliff,1.51,1.51,0.0,1200.22,1109.58,90.64,10.4
2023-12-25,1,2023-12-25T00:00,bcl,Big Cliff,1.52,1.52,0.0,1200.63,1109.57,91.06,10.6
2023-12-25,2,2023-12-25T01:00,bcl,Big Cliff,1.51,1.51,0.0,1201.04,1109.62,91.42,10.5
2023-12-25,3,2023-12-25T02:00,bcl,Big Cliff,1.53,1.53,0.0,1201.42,1109.61,91.81,10.7
2023-12-25,4,2023-12-25T03:00,bcl,Big Cliff,1.52,1.52,0.0,1201.82,1109.6,92.22,10.7
2023-12-25,5,2023-12-25T04:00,bcl,Big Cliff,1.52,1.52,0.0,1201.79,1109.6,92.19,10.7
2023-12-25,6,2023-12-25T05:00,bcl,Big Cliff,1.52,1.52,0.0,1200.83,1109.56,91.27,10.6
2023-12-25,7,2023-12-25T06:00,bcl,Big Cliff,1.52,1.52,0.0,1199.72,1109.57,90.15,10.5
2023-12-25,8,2023-12-25T07:00,bcl,Big Cliff,1.51,1.51,0.0,1198.73,1109.54,89.19,10.3
2023-12-25,9,2023-12-25T08:00,bcl,Big Cliff,1.49,1.49,0.0,1199.18,1109.54,89.64,10.2
2023-12-25,10,2023-12-25T09:00,bcl,Big Cliff,1.52,1.52,0.0,1199.75,1109.59,90.16,10.5
2023-12-25,11,2023-12-25T10:00,bcl,Big Cliff,1.5,1.5,0.0,1200.3,1109.57,90.73,10.4
2023-12-25,12,2023-12-25T11:00,bcl,Big Cliff,1.52,1.52,0.0,1200.84,1109.61,91.23,10.6
2023-12-25,13,2023-12-25T12:00,bcl,Big Cliff,1.52,1.52,0.0,1201.38,1109.61,91.77,10.6
2023-12-25,14,2023-12-25T13:00,bcl,Big Cliff,1.52,1.52,0.0,1201.9,1109.58,92.32,10.7
2023-12-25,15,2023-12-25T14:00,bcl,Big Cliff,1.52,1.52,0.0,1200.89,1109.6,91.29,10.6
2023-12-25,16,2023-12-25T15:00,bcl,Big Cliff,1.53,1.53,0.0,1199.82,1109.63,90.19,10.5
2023-12-25,17,2023-12-25T16:00,bcl,Big Cliff,1.51,1.51,0.0,1198.74,1109.59,89.15,10.3
2023-12-25,18,2023-12-25T17:00,bcl,Big Cliff,1.5,1.5,0.0,1198.03,1109.56,88.47,10.1
2023-12-25,19,2023-12-25T18:00,bcl,Big Cliff,1.5,1.5,0.0,1198.56,1109.59,88.97,10.2
2023-12-25,20,2023-12-25T19:00,bcl,Big Cliff,1.51,1.51,0.0,1199.01,1109.57,89.44,10.3
2023-12-25,21,2023-12-25T20:00,bcl,Big Cliff,1.51,1.51,0.0,1199.49,1109.58,89.91,10.4
2023-12-25,22,2023-12-25T21:00,bcl,Big Cliff,1.51,1.51,0.0,1199.94,1109.61,90.33,10.4
2023-12-25,23,2023-12-25T22:00,bcl,Big Cliff,1.52,1.52,0.0,1200.38,1109.59,90.79,10.5
2023-12-25,24,2023-12-25T23:00,bcl,Big Cliff,1.52,1.52,0.0,1200.84,1109.6,91.24,10.6
2023-12-26,1,2023-12-26T00:00,bcl,Big Cliff,1.52,1.52,0.0,1201.29,1109.57,91.72,10.6
2023-12-26,2,2023-12-26T01:00,bcl,Big Cliff,1.53,1.53,0.0,1201.72,1109.61,92.11,10.8
2023-12-26,3,2023-12-26T02:00,bcl,Big Cliff,1.53,1.53,0.0,1202.14,1109.6,92.54,10.8
2023-12-26,4,2023-12-26T03:00,bcl,Big Cliff,1.56,1.56,0.0,1202.56,1109.63,92.93,11.1
2023-12-26,5,2023-12-26T04:00,bcl,Big Cliff,1.53,1.53,0.0,1201.87,1109.6,92.27,10.8
2023-12-26,6,2023-12-26T05:00,bcl,Big Cliff,1.53,1.53,0.0,1200.92,1109.57,91.35,10.7
2023-12-26,7,2023-12-26T06:00,bcl,Big Cliff,1.53,1.53,0.0,1199.84,1109.57,90.27,10.5
2023-12-26,8,2023-12-26T07:00,bcl,Big Cliff,1.51,1.51,0.0,1198.87,1109.57,89.3,10.3
2023-12-26,9,2023-12-26T08:00,bcl,Big Cliff,1.51,1.51,0.0,1199.38,1109.58,89.8,10.3
2023-12-26,10,2023-12-26T09:00,bcl,Big Cliff,1.52,1.52,0.0,1199.99,1109.57,90.42,10.5
2023-12-26,11,2023-12-26T10:00,bcl,Big Cliff,1.52,1.52,0.0,1200.56,1109.59,90.97,10.6
2023-12-26,12,2023-12-26T11:00,bcl,Big Cliff,1.5,1.5,0.0,1201.18,1109.59,91.59,10.5
2023-12-26,13,2023-12-26T12:00,bcl,Big Cliff,1.52,1.52,0.0,1201.79,1109.59,92.2,10.7
2023-12-26,14,2023-12-26T13:00,bcl,Big Cliff,1.51,1.51,0.0,1202.41,1109.59,92.82,10.7
2023-12-26,15,2023-12-26T14:00,bcl,Big Cliff,1.55,1.55,0.0,1201.45,1109.6,91.85,10.9
2023-12-26,16,2023-12-26T15:00,bcl,Big Cliff,1.53,1.53,0.0,1200.42,1109.6,90.82,10.6
2023-12-26,17,2023-12-26T16:00,bcl,Big Cliff,1.52,1.52,0.0,1199.37,1109.61,89.76,10.4
2023-12-26,18,2023-12-26T17:00,bcl,Big Cliff,1.51,1.51,0.0,1198.33,1109.55,88.78,10.2
2023-12-26,19,2023-12-26T18:00,bcl,Big Cliff,1.49,1.49,0.0,1198.25,1109.56,88.69,10.1
2023-12-26,20,2023-12-26T19:00,bcl,Big Cliff,1.51,1.51,0.0,1198.75,1109.56,89.19,10.3
2023-12-26,21,2023-12-26T20:00,bcl,Big Cliff,1.51,1.51,0.0,1199.22,1109.58,89.64,10.3
2023-12-26,22,2023-12-26T21:00,bcl,Big Cliff,1.51,1.51,0.0,1199.74,1109.58,90.16,10.4
2023-12-26,23,2023-12-26T22:00,bcl,Big Cliff,1.5,1.5,0.0,1200.19,1109.6,90.59,10.4
2023-12-26,24,2023-12-26T23:00,bcl,Big Cliff,1.52,1.52,0.0,1200.65,1109.56,91.09,10.6
2023-12-27,1,2023-12-27T00:00,bcl,Big Cliff,1.52,1.52,0.0,1201.08,1109.59,91.49,10.6
2023-12-27,2,2023-12-27T01:00,bcl,Big Cliff,1.52,1.52,0.0,1201.51,1109.59,91.92,10.7
2023-12-27,3,2023-12-27T02:00,bcl,Big Cliff,1.53,1.53,0.0,1201.93,1109.59,92.34,10.8
2023-12-27,4,2023-12-27T03:00,bcl,Big Cliff,1.53,1.53,0.0,1202.32,1109.6,92.72,10.8
2023-12-27,5,2023-12-27T04:00,bcl,Big Cliff,1.53,1.53,0.0,1201.89,1109.62,92.27,10.8
2023-12-27,6,2023-12-27T05:00,bcl,Big Cliff,1.52,1.52,0.0,1200.94,1109.6,91.34,10.6
2023-12-27,7,2023-12-27T06:00,bcl,Big Cliff,1.51,1.51,0.0,1199.88,1109.59,90.29,10.4
2023-12-27,8,2023-12-27T07:00,bcl,Big Cliff,1.51,1.51,0.0,1198.91,1109.54,89.37,10.3
2023-12-27,9,2023-12-27T08:00,bcl,Big Cliff,1.53,1.53,0.0,1199.46,1109.58,89.88,10.5
2023-12-27,10,2023-12-27T09:00,bcl,Big Cliff,1.53,1.53,0.0,1200.11,1109.59,90.52,10.6
2023-12-27,11,2023-12-27T10:00,bcl,Big Cliff,1.51,1.51,0.0,1200.75,1109.6,91.15,10.5
2023-12-27,12,2023-12-27T11:00,bcl,Big Cliff,1.52,1.52,0.0,1201.36,1109.62,91.74,10.6
2023-12-27,13,2023-12-27T12:00,bcl,Big Cliff,1.52,1.52,0.0,1201.96,1109.58,92.38,10.7
2023-12-27,14,2023-12-27T13:00,bcl,Big Cliff,1.53,1.53,0.0,1202.52,1109.58,92.94,10.8
2023-12-27,15,2023-12-27T14:00,bcl,Big Cliff,1.53,1.53,0.0,1201.6,1109.59,92.01,10.7
2023-12-27,16,2023-12-27T15:00,bcl,Big Cliff,1.53,1.53,0.0,1200.55,1109.57,90.98,10.6
2023-12-27,17,2023-12-27T16:00,bcl,Big Cliff,1.53,1.53,0.0,1199.5,1109.62,89.88,10.5
2023-12-27,18,2023-12-27T17:00,bcl,Big Cliff,1.51,1.51,0.0,1198.46,1109.59,88.87,10.2
2023-12-27,19,2023-12-27T18:00,bcl,Big Cliff,1.52,1.52,0.0,1197.64,1109.56,88.08,10.2
2023-12-27,20,2023-12-27T19:00,bcl,Big Cliff,1.53,1.53,0.0,1198.09,1109.63,88.46,10.3
2023-12-27,21,2023-12-27T20:00,bcl,Big Cliff,1.52,1.52,0.0,1198.58,1109.59,88.99,10.3
2023-12-27,22,2023-12-27T21:00,bcl,Big Cliff,1.51,1.51,0.0,1199.06,1109.61,89.45,10.3
2023-12-27,23,2023-12-27T22:00,bcl,Big Cliff,1.51,1.51,0.0,1199.53,1109.58,89.95,10.4
2023-12-27,24,2023-12-27T23:00,bcl,Big Cliff,1.52,1.52,0.0,1200.11,1109.6,90.51,10.5
2023-12-28,1,2023-12-28T00:00,bcl,Big Cliff,1.52,1.52,0.0,1200.73,1109.58,91.15,10.6
2023-12-28,2,2023-12-28T01:00,bcl,Big Cliff,1.53,1.53,0.0,1201.32,1109.59,91.73,10.7
2023-12-28,3,2023-12-28T02:00,bcl,Big Cliff,1.55,1.55,0.0,1201.9,1109.58,92.32,10.9
2023-12-28,4,2023-12-28T03:00,bcl,Big Cliff,1.55,1.55,0.0,1202.46,1109.58,92.88,11.0
2023-12-28,5,2023-12-28T04:00,bcl,Big Cliff,1.53,1.53,0.0,1201.43,1109.64,91.79,10.7
2023-12-28,6,2023-12-28T05:00,bcl,Big Cliff,1.52,1.52,0.0,1200.38,1109.59,90.79,10.5
2023-12-28,7,2023-12-28T06:00,bcl,Big Cliff,1.52,1.52,0.0,1199.34,1109.54,89.8,10.4
2023-12-28,8,2023-12-28T07:00,bcl,Big Cliff,1.5,1.5,0.0,1198.32,1109.52,88.8,10.2
2023-12-28,9,2023-12-28T08:00,bcl,Big Cliff,1.5,1.5,0.0,1198.81,1109.55,89.26,10.2
2023-12-28,10,2023-12-28T09:00,bcl,Big Cliff,1.51,1.51,0.0,1199.44,1109.59,89.85,10.4
2023-12-28,11,2023-12-28T10:00,bcl,Big Cliff,1.52,1.52,0.0,1200.08,1109.59,90.49,10.5
2023-12-28,12,2023-12-28T11:00,bcl,Big Cliff,1.52,1.52,0.0,1200.69,1109.58,91.11,10.6
2023-12-28,13,2023-12-28T12:00,bcl,Big Cliff,1.51,1.51,0.0,1201.3,1109.58,91.72,10.6
2023-12-28,14,2023-12-28T13:00,bcl,Big Cliff,1.52,1.52,0.0,1201.87,1109.62,92.25,10.7
2023-12-28,15,2023-12-28T14:00,bcl,Big Cliff,1.51,1.51,0.0,1200.91,1109.62,91.29,10.5
2023-12-28,16,2023-12-28T15:00,bcl,Big Cliff,1.52,1.52,0.0,1199.87,1109.58,90.29,10.5
2023-12-28,17,2023-12-28T16:00,bcl,Big Cliff,1.52,1.52,0.0,1198.79,1109.55,89.24,10.3
2023-12-28,18,2023-12-28T17:00,bcl,Big Cliff,1.5,1.5,0.0,1197.71,1109.55,88.16,10.1
2023-12-28,19,2023-12-28T18:00,bcl,Big Cliff,1.48,1.48,0.0,1196.72,1109.52,87.2,9.8
2023-12-28,20,2023-12-28T19:00,bcl,Big Cliff,1.48,1.48,0.0,1197.4,1109.52,87.88,9.9
2023-12-28,21,2023-12-28T20:00,bcl,Big Cliff,1.47,1.47,0.0,1198.11,1109.54,88.57,9.9
2023-12-28,22,2023-12-28T21:00,bcl,Big Cliff,1.46,1.46,0.0,1198.8,1109.54,89.26,9.9
2023-12-28,23,2023-12-28T22:00,bcl,Big Cliff,1.48,1.48,0.0,1199.47,1109.51,89.96,10.2
2023-12-28,24,2023-12-28T23:00,bcl,Big Cliff,1.44,1.44,0.0,1200.13,1109.48,90.65,10.0
2023-12-29,1,2023-12-29T00:00,bcl,Big Cliff,1.44,1.44,0.0,1200.78,1109.46,91.32,10.0
2023-12-29,2,2023-12-29T01:00,bcl,Big Cliff,1.46,1.46,0.0,1201.39,1109.48,91.91,10.2
2023-12-29,3,2023-12-29T02:00,bcl,Big Cliff,1.44,1.44,0.0,1202.01,1109.48,92.53,10.2
2023-12-29,4,2023-12-29T03:00,bcl,Big Cliff,1.43,1.43,0.0,1201.88,1109.44,92.44,10.1
2023-12-29,5,2023-12-29T04:00,bcl,Big Cliff,1.4,1.4,0.0,1200.93,1109.42,91.51,9.8
2023-12-29,6,2023-12-29T05:00,bcl,Big Cliff,1.38,1.38,0.0,1199.97,1109.35,90.62,9.5
2023-12-29,7,2023-12-29T06:00,bcl,Big Cliff,1.37,1.37,0.0,1198.99,1109.32,89.67,9.4
2023-12-29,8,2023-12-29T07:00,bcl,Big Cliff,1.32,1.32,0.0,1198.05,1109.29,88.76,8.9
2023-12-29,9,2023-12-29T08:00,bcl,Big Cliff,1.32,1.32,0.0,1197.09,1109.27,87.82,8.8
2023-12-29,10,2023-12-29T09:00,bcl,Big Cliff,1.31,1.31,0.0,1196.1,1109.24,86.86,8.7
2023-12-29,11,2023-12-29T10:00,bcl,Big Cliff,1.32,1.32,0.0,1196.69,1109.24,87.45,8.8
2023-12-29,12,2023-12-29T11:00,bcl,Big Cliff,1.29,1.29,0.0,1197.53,1109.23,88.3,8.7
2023-12-29,13,2023-12-29T12:00,bcl,Big Cliff,1.3,1.3,0.0,1198.35,1109.2,89.15,8.8
2023-12-29,14,2023-12-29T13:00,bcl,Big Cliff,1.31,1.31,0.0,1199.16,1109.21,89.95,9.0
2023-12-29,15,2023-12-29T14:00,bcl,Big Cliff,1.32,1.32,0.0,1199.92,1109.27,90.65,9.1
2023-12-29,16,2023-12-29T15:00,bcl,Big Cliff,1.34,1.34,0.0,1200.69,1109.26,91.43,9.3
2023-12-29,17,2023-12-29T16:00,bcl,Big Cliff,1.34,1.34,0.0,1199.88,1109.3,90.58,9.3
2023-12-29,18,2023-12-29T17:00,bcl,Big Cliff,1.3,1.3,0.0,1198.97,1109.27,89.7,8.9
2023-12-29,19,2023-12-29T18:00,bcl,Big Cliff,1.3,1.3,0.0,1198.04,1109.26,88.78,8.8
2023-12-29,20,2023-12-29T19:00,bcl,Big Cliff,1.3,1.3,0.0,1197.13,1109.22,87.91,8.7
2023-12-29,21,2023-12-29T20:00,bcl,Big Cliff,1.3,1.3,0.0,1197.82,1109.23,88.59,8.8
2023-12-29,22,2023-12-29T21:00,bcl,Big Cliff,1.3,1.3,0.0,1198.48,1109.22,89.26,8.9
2023-12-29,23,2023-12-29T22:00,bcl,Big Cliff,1.29,1.29,0.0,1199.11,1109.3,89.81,8.8
2023-12-29,24,2023-12-29T23:00,bcl,Big Cliff,1.31,1.31,0.0,1199.74,1109.26,90.48,9.0
2023-12-30,1,2023-12-30T00:00,bcl,Big Cliff,1.32,1.32,0.0,1200.32,1109.23,91.09,9.2
2023-12-30,2,2023-12-30T01:00,bcl,Big Cliff,1.31,1.31,0.0,1200.91,1109.27,91.64,9.2
2023-12-30,3,2023-12-30T02:00,bcl,Big Cliff,1.31,1.31,0.0,1201.47,1109.26,92.21,9.2
2023-12-30,4,2023-12-30T03:00,bcl,Big Cliff,1.33,1.33,0.0,1202.02,1109.27,92.75,9.4
2023-12-30,5,2023-12-30T04:00,bcl,Big Cliff,1.32,1.32,0.0,1201.06,1109.28,91.78,9.2
2023-12-30,6,2023-12-30T05:00,bcl,Big Cliff,1.32,1.32,0.0,1200.17,1109.23,90.94,9.2
2023-12-30,7,2023-12-30T06:00,bcl,Big Cliff,1.32,1.32,0.0,1199.25,1109.24,90.01,9.1
2023-12-30,8,2023-12-30T07:00,bcl,Big Cliff,1.3,1.3,0.0,1198.35,1109.23,89.12,8.8
2023-12-30,9,2023-12-30T08:00,bcl,Big Cliff,1.3,1.3,0.0,1197.41,1109.21,88.2,8.7
2023-12-30,10,2023-12-30T09:00,bcl,Big Cliff,1.3,1.3,0.0,1196.46,1109.19,87.27,8.7
2023-12-30,11,2023-12-30T10:00,bcl,Big Cliff,1.3,1.3,0.0,1197.08,1109.19,87.89,8.7
2023-12-30,12,2023-12-30T11:00,bcl,Big Cliff,1.3,1.3,0.0,1197.91,1109.28,88.63,8.8
2023-12-30,13,2023-12-30T12:00,bcl,Big Cliff,1.3,1.3,0.0,1198.72,1109.22,89.5,8.9
2023-12-30,14,2023-12-30T13:00,bcl,Big Cliff,1.31,1.31,0.0,1199.52,1109.26,90.26,9.0
2023-12-30,15,2023-12-30T14:00,bcl,Big Cliff,1.34,1.34,0.0,1200.3,1109.3,91.0,9.3
2023-12-30,16,2023-12-30T15:00,bcl,Big Cliff,1.35,1.35,0.0,1201.0,1109.32,91.68,9.4
2023-12-30,17,2023-12-30T16:00,bcl,Big Cliff,1.32,1.32,0.0,1200.18,1109.31,90.87,9.2
2023-12-30,18,2023-12-30T17:00,bcl,Big Cliff,1.31,1.31,0.0,1199.29,1109.23,90.06,9.0
2023-12-30,19,2023-12-30T18:00,bcl,Big Cliff,1.3,1.3,0.0,1198.38,1109.19,89.19,8.8
2023-12-30,20,2023-12-30T19:00,bcl,Big Cliff,1.29,1.29,0.0,1197.47,1109.24,88.23,8.7
2023-12-30,21,2023-12-30T20:00,bcl,Big Cliff,1.3,1.3,0.0,1197.92,1109.22,88.7,8.8
2023-12-30,22,2023-12-30T21:00,bcl,Big Cliff,1.28,1.28,0.0,1198.62,1109.18,89.44,8.7
2023-12-30,23,2023-12-30T22:00,bcl,Big Cliff,1.29,1.29,0.0,1199.28,1109.2,90.08,8.9
2023-12-30,24,2023-12-30T23:00,bcl,Big Cliff,1.29,1.29,0.0,1199.93,1109.22,90.71,8.9
2023-12-31,1,2023-12-31T00:00,bcl,Big Cliff,1.3,1.3,0.0,1200.54,1109.23,91.31,9.1
2023-12-31,2,2023-12-31T01:00,bcl,Big Cliff,1.3,1.3,0.0,1201.15,1109.27,91.88,9.1
2023-12-31,3,2023-12-31T02:00,bcl,Big Cliff,1.3,1.3,0.0,1201.74,1109.25,92.49,9.2
2023-12-31,4,2023-12-31T03:00,bcl,Big Cliff,1.31,1.31,0.0,1202.31,1109.22,93.09,9.3
2023-12-31,5,2023-12-31T04:00,bcl,Big Cliff,1.32,1.32,0.0,1201.35,1109.26,92.09,9.3
2023-12-31,6,2023-12-31T05:00,bcl,Big Cliff,1.3,1.3,0.0,1200.5,1109.27,91.23,9.0
2023-12-31,7,2023-12-31T06:00,bcl,Big Cliff,1.31,1.31,0.0,1199.62,1109.2,90.42,9.0
2023-12-31,8,2023-12-31T07:00,bcl,Big Cliff,1.28,1.28,0.0,1198.71,1109.2,89.51,8.7
2023-12-31,9,2023-12-31T08:00,bcl,Big Cliff,1.31,1.31,0.0,1197.8,1109.23,88.57,8.9
2023-12-31,10,2023-12-31T09:00,bcl,Big Cliff,1.3,1.3,0.0,1196.88,1109.27,87.61,8.7
2023-12-31,11,2023-12-31T10:00,bcl,Big Cliff,1.31,1.31,0.0,1197.48,1109.22,88.26,8.8
2023-12-31,12,2023-12-31T11:00,bcl,Big Cliff,1.31,1.31,0.0,1198.31,1109.23,89.08,8.9
2023-12-31,13,2023-12-31T12:00,bcl,Big Cliff,1.31,1.31,0.0,1199.1,1109.26,89.84,9.0
2023-12-31,14,2023-12-31T13:00,bcl,Big Cliff,1.33,1.33,0.0,1199.89,1109.3,90.59,9.2
2023-12-31,15,2023-12-31T14:00,bcl,Big Cliff,1.39,1.39,0.0,1200.6,1109.34,91.26,9.7
2023-12-31,16,2023-12-31T15:00,bcl,Big Cliff,1.44,1.44,0.0,1201.28,1109.44,91.84,10.1
2023-12-31,17,2023-12-31T16:00,bcl,Big Cliff,1.45,1.45,0.0,1200.38,1109.49,90.89,10.1
2023-12-31,18,2023-12-31T17:00,bcl,Big Cliff,1.43,1.43,0.0,1199.39,1109.53,89.86,9.8
2023-12-31,19,2023-12-31T18:00,bcl,Big Cliff,1.49,1.49,0.0,1198.33,1109.56,88.77,10.1
2023-12-31,20,2023-12-31T19:00,bcl,Big Cliff,1.53,1.53,0.0,1197.22,1109.75,87.47,10.2
2023-12-31,21,2023-12-31T20:00,bcl,Big Cliff,1.69,1.69,0.0,1197.5,1109.81,87.69,11.3
2023-12-31,22,2023-12-31T21:00,bcl,Big Cliff,1.67,1.67,0.0,1197.88,1109.81,88.07,11.2
2023-12-31,23,2023-12-31T22:00,bcl,Big Cliff,1.64,1.64,0.0,1198.27,1109.73,88.54,11.1
2023-12-31,24,2023-12-31T23:00,bcl,Big Cliff,1.6,1.6,0.0,1198.7,1109.69,89.01,10.9
