date,hour,datetime,dam_code,dam_name,total_outflow_kcfs,gen_flow_kcfs,spill_kcfs,forebay_elev_ft,tailwater_elev_ft,head_ft,power_mw
2023-01-01,1,2023-01-01T00:00,mcn,McNary,82.5,80.0,0.0,339.24,265.59,73.65,449.6
2023-01-01,2,2023-01-01T01:00,mcn,McNary,78.5,76.0,0.0,339.22,265.45,73.77,427.8
2023-01-01,3,2023-01-01T02:00,mcn,McNary,78.8,76.3,0.0,339.24,265.42,73.82,429.8
2023-01-01,4,2023-01-01T03:00,mcn,McNary,79.2,76.7,0.0,339.13,265.61,73.52,430.3
2023-01-01,5,2023-01-01T04:00,mcn,McNary,87.5,85.0,0.0,339.14,265.69,73.45,476.4
2023-01-01,6,2023-01-01T05:00,mcn,McNary,97.0,94.5,0.0,339.1,266.0,73.1,527.1
2023-01-01,7,2023-01-01T06:00,mcn,McNary,107.6,105.1,0.0,339.03,266.08,72.95,585.0
2023-01-01,8,2023-01-01T07:00,mcn,McNary,107.5,105.0,0.0,339.03,265.97,73.06,585.3
2023-01-01,9,2023-01-01T08:00,mcn,McNary,107.7,105.2,0.0,339.09,266.0,73.09,586.7
2023-01-01,10,2023-01-01T09:00,mcn,McNary,106.7,104.2,0.0,339.07,265.99,73.08,581.0
2023-01-01,11,2023-01-01T10:00,mcn,McNary,106.9,104.4,0.0,339.01,265.92,73.09,582.2
2023-01-01,12,2023-01-01T11:00,mcn,McNary,89.5,87.0,0.0,339.16,265.66,73.5,487.9
2023-01-01,13,2023-01-01T12:00,mcn,McNary,87.4,84.9,0.0,339.1,265.67,73.43,475.7
2023-01-01,14,2023-01-01T13:00,mcn,McNary,87.1,84.6,0.0,339.11,265.73,73.38,473.7
2023-01-01,15,2023-01-01T14:00,mcn,McNary,87.7,85.2,0.0,339.12,265.92,73.2,475.9
2023-01-01,16,2023-01-01T15:00,mcn,McNary,106.4,103.9,0.0,339.04,266.06,72.98,578.6
2023-01-01,17,2023-01-01T16:00,mcn,McNary,109.0,106.5,0.0,338.94,265.97,72.97,593.0
2023-01-01,18,2023-01-01T17:00,mcn,McNary,106.9,104.4,0.0,339.03,265.99,73.04,581.8
2023-01-01,19,2023-01-01T18:00,mcn,McNary,107.8,105.3,0.0,339.03,266.01,73.02,586.7
2023-01-01,20,2023-01-01T19:00,mcn,McNary,109.3,106.8,0.0,339.09,265.86,73.23,596.7
2023-01-01,21,2023-01-01T20:00,mcn,McNary,98.8,96.3,0.0,339.04,265.85,73.19,537.8
2023-01-01,22,2023-01-01T21:00,mcn,McNary,101.0,98.5,0.0,339.05,265.89,73.16,549.8
2023-01-01,23,2023-01-01T22:00,mcn,McNary,82.5,80.0,0.0,339.22,265.55,73.67,449.7
2023-01-01,24,2023-01-01T23:00,mcn,McNary,80.1,77.6,0.0,339.21,265.54,73.67,436.2
2023-01-02,1,2023-01-02T00:00,mcn,McNary,79.7,77.2,0.0,339.18,265.56,73.62,433.6
2023-01-02,2,2023-01-02T01:00,mcn,McNary,80.5,78.0,0.0,339.19,265.67,73.52,437.5
2023-01-02,3,2023-01-02T02:00,mcn,McNary,80.2,77.7,0.0,339.21,265.65,73.56,436.1
2023-01-02,4,2023-01-02T03:00,mcn,McNary,81.1,78.6,0.0,339.19,265.65,73.54,441.0
2023-01-02,5,2023-01-02T04:00,mcn,McNary,81.8,79.3,0.0,339.14,265.66,73.48,444.6
2023-01-02,6,2023-01-02T05:00,mcn,McNary,96.5,94.0,0.0,338.99,266.01,72.98,523.4
2023-01-02,7,2023-01-02T06:00,mcn,McNary,110.0,107.5,0.0,338.99,266.34,72.65,595.9
2023-01-02,8,2023-01-02T07:00,mcn,McNary,127.5,125.0,0.0,339.01,266.44,72.57,692.1
2023-01-02,9,2023-01-02T08:00,mcn,McNary,117.7,115.2,0.0,339.08,266.35,72.73,639.3
2023-01-02,10,2023-01-02T09:00,mcn,McNary,117.6,115.1,0.0,338.98,266.21,72.77,639.1
2023-01-02,11,2023-01-02T10:00,mcn,McNary,118.4,115.9,0.0,338.93,266.2,72.73,643.2
2023-01-02,12,2023-01-02T11:00,mcn,McNary,134.7,132.2,0.0,338.92,266.62,72.3,729.3
2023-01-02,13,2023-01-02T12:00,mcn,McNary,136.6,134.1,0.0,338.89,266.63,72.26,739.4
2023-01-02,14,2023-01-02T13:00,mcn,McNary,135.8,133.3,0.0,338.87,266.71,72.16,733.9
2023-01-02,15,2023-01-02T14:00,mcn,McNary,135.1,132.6,0.0,338.8,266.72,72.08,729.3
2023-01-02,16,2023-01-02T15:00,mcn,McNary,137.4,134.9,0.0,338.88,266.63,72.25,743.7
2023-01-02,17,2023-01-02T16:00,mcn,McNary,135.9,133.4,0.0,338.81,266.74,72.07,733.6
2023-01-02,18,2023-01-02T17:00,mcn,McNary,156.1,153.6,0.0,338.64,267.38,71.26,835.1
2023-01-02,19,2023-01-02T18:00,mcn,McNary,157.1,154.6,0.0,338.71,267.38,71.33,841.4
2023-01-02,20,2023-01-02T19:00,mcn,McNary,157.8,155.3,0.0,338.65,267.41,71.24,844.2
2023-01-02,21,2023-01-02T20:00,mcn,McNary,156.6,154.1,0.0,338.6,267.15,71.45,840.1
2023-01-02,22,2023-01-02T21:00,mcn,McNary,136.0,133.5,0.0,338.68,266.47,72.21,735.5
2023-01-02,23,2023-01-02T22:00,mcn,McNary,107.8,105.3,0.0,338.77,266.21,72.56,583.0
2023-01-02,24,2023-01-02T23:00,mcn,McNary,105.8,103.3,0.0,338.78,266.37,72.41,570.7
2023-01-03,1,2023-01-03T00:00,mcn,McNary,104.8,102.3,0.0,338.92,266.32,72.6,566.7
2023-01-03,2,2023-01-03T01:00,mcn,McNary,95.4,92.9,0.0,339.08,266.24,72.84,516.3
2023-01-03,3,2023-01-03T02:00,mcn,McNary,94.5,92.0,0.0,339.19,266.25,72.94,512.0
2023-01-03,4,2023-01-03T03:00,mcn,McNary,96.0,93.5,0.0,339.4,266.33,73.07,521.3
2023-01-03,5,2023-01-03T04:00,mcn,McNary,121.0,118.5,0.0,339.4,266.89,72.51,655.6
2023-01-03,6,2023-01-03T05:00,mcn,McNary,152.0,149.5,0.0,339.39,267.43,71.96,820.8
2023-01-03,7,2023-01-03T06:00,mcn,McNary,154.8,152.3,0.0,339.38,267.48,71.9,835.5
2023-01-03,8,2023-01-03T07:00,mcn,McNary,158.7,156.2,0.0,339.31,267.52,71.79,855.6
2023-01-03,9,2023-01-03T08:00,mcn,McNary,160.6,158.1,0.0,339.22,267.34,71.88,867.1
2023-01-03,10,2023-01-03T09:00,mcn,McNary,141.3,138.8,0.0,339.27,266.65,72.62,769.1
2023-01-03,11,2023-01-03T10:00,mcn,McNary,120.3,117.8,0.0,339.22,266.33,72.89,655.1
2023-01-03,12,2023-01-03T11:00,mcn,McNary,102.7,100.2,0.0,339.14,266.31,72.83,556.8
2023-01-03,13,2023-01-03T12:00,mcn,McNary,100.2,97.7,0.0,338.99,266.38,72.61,541.3
2023-01-03,14,2023-01-03T13:00,mcn,McNary,100.4,97.9,0.0,339.13,266.32,72.81,543.9
2023-01-03,15,2023-01-03T14:00,mcn,McNary,101.0,98.5,0.0,339.01,266.34,72.67,546.2
2023-01-03,16,2023-01-03T15:00,mcn,McNary,123.1,120.6,0.0,338.87,266.73,72.14,663.8
2023-01-03,17,2023-01-03T16:00,mcn,McNary,122.0,119.5,0.0,338.85,266.64,72.21,658.4
2023-01-03,18,2023-01-03T17:00,mcn,McNary,120.9,118.4,0.0,338.86,266.63,72.23,652.5
2023-01-03,19,2023-01-03T18:00,mcn,McNary,123.3,120.8,0.0,338.87,266.66,72.21,665.6
2023-01-03,20,2023-01-03T19:00,mcn,McNary,117.1,114.6,0.0,338.83,266.33,72.5,633.9
2023-01-03,21,2023-01-03T20:00,mcn,McNary,116.2,113.7,0.0,338.88,266.3,72.58,629.7
2023-01-03,22,2023-01-03T21:00,mcn,McNary,116.0,113.5,0.0,338.88,266.27,72.61,628.8
2023-01-03,23,2023-01-03T22:00,mcn,McNary,98.6,96.1,0.0,338.89,265.8,73.09,535.9
2023-01-03,24,2023-01-03T23:00,mcn,McNary,79.0,76.5,0.0,338.97,265.52,73.45,428.7
2023-01-04,1,2023-01-04T00:00,mcn,McNary,78.4,75.9,0.0,338.97,265.63,73.34,424.7
2023-01-04,2,2023-01-04T01:00,mcn,McNary,78.6,76.1,0.0,339.09,265.64,73.45,426.5
2023-01-04,3,2023-01-04T02:00,mcn,McNary,78.7,76.2,0.0,339.25,265.8,73.45,427.0
2023-01-04,4,2023-01-04T03:00,mcn,McNary,77.9,75.4,0.0,339.29,265.8,73.49,422.8
2023-01-04,5,2023-01-04T04:00,mcn,McNary,79.4,76.9,0.0,339.38,265.81,73.57,431.7
2023-01-04,6,2023-01-04T05:00,mcn,McNary,96.7,94.2,0.0,339.26,266.24,73.02,524.8
2023-01-04,7,2023-01-04T06:00,mcn,McNary,134.6,132.1,0.0,339.2,266.92,72.28,728.5
2023-01-04,8,2023-01-04T07:00,mcn,McNary,157.0,154.5,0.0,339.11,267.31,71.8,846.4
2023-01-04,9,2023-01-04T08:00,mcn,McNary,157.1,154.6,0.0,339.15,267.08,72.07,850.1
2023-01-04,10,2023-01-04T09:00,mcn,McNary,137.7,135.2,0.0,339.09,266.39,72.7,750.0
2023-01-04,11,2023-01-04T10:00,mcn,McNary,109.9,107.4,0.0,339.11,265.52,73.59,603.0
2023-01-04,12,2023-01-04T11:00,mcn,McNary,78.8,76.3,0.0,339.08,265.31,73.77,429.5
2023-01-04,13,2023-01-04T12:00,mcn,McNary,78.0,75.5,0.0,339.05,265.66,73.39,422.8
2023-01-04,14,2023-01-04T13:00,mcn,McNary,80.6,78.1,0.0,339.03,265.89,73.14,435.8
2023-01-04,15,2023-01-04T14:00,mcn,McNary,81.4,78.9,0.0,338.97,265.86,73.11,440.1
2023-01-04,16,2023-01-04T15:00,mcn,McNary,98.0,95.5,0.0,338.96,266.01,72.95,531.6
2023-01-04,17,2023-01-04T16:00,mcn,McNary,116.2,113.7,0.0,338.69,266.33,72.36,627.7
2023-01-04,18,2023-01-04T17:00,mcn,McNary,132.3,129.8,0.0,338.72,266.39,72.33,716.3
2023-01-04,19,2023-01-04T18:00,mcn,McNary,135.8,133.3,0.0,338.68,266.41,72.27,735.0
2023-01-04,20,2023-01-04T19:00,mcn,McNary,136.3,133.8,0.0,338.63,266.39,72.24,737.5
2023-01-04,21,2023-01-04T20:00,mcn,McNary,116.2,113.7,0.0,338.67,265.93,72.74,631.0
2023-01-04,22,2023-01-04T21:00,mcn,McNary,98.3,95.8,0.0,338.65,265.3,73.35,536.2
2023-01-04,23,2023-01-04T22:00,mcn,McNary,78.2,75.7,0.0,338.72,265.13,73.59,425.0
2023-01-04,24,2023-01-04T23:00,mcn,McNary,78.2,75.7,0.0,338.66,265.32,73.34,423.6
2023-01-05,1,2023-01-05T00:00,mcn,McNary,68.3,65.8,0.0,338.68,265.32,73.36,368.3
2023-01-05,2,2023-01-05T01:00,mcn,McNary,77.6,75.1,0.0,338.62,265.64,72.98,418.2
2023-01-05,3,2023-01-05T02:00,mcn,McNary,76.6,74.1,0.0,338.61,265.33,73.28,414.3
2023-01-05,4,2023-01-05T03:00,mcn,McNary,77.5,75.0,0.0,338.58,265.3,73.28,419.3
2023-01-05,5,2023-01-05T04:00,mcn,McNary,78.4,75.9,0.0,338.6,265.52,73.08,423.2
2023-01-05,6,2023-01-05T05:00,mcn,McNary,97.2,94.7,0.0,338.45,266.02,72.43,523.4
2023-01-05,7,2023-01-05T06:00,mcn,McNary,124.9,122.4,0.0,338.49,266.51,71.98,672.2
2023-01-05,8,2023-01-05T07:00,mcn,McNary,124.7,122.2,0.0,338.54,266.3,72.24,673.6
2023-01-05,9,2023-01-05T08:00,mcn,McNary,127.1,125.3,0.0,338.46,266.3,72.16,689.9
2023-01-05,10,2023-01-05T09:00,mcn,McNary,123.9,122.1,0.0,338.41,265.98,72.43,674.8
2023-01-05,11,2023-01-05T10:00,mcn,McNary,97.0,95.2,0.0,338.54,265.15,73.39,533.1
2023-01-05,12,2023-01-05T11:00,mcn,McNary,77.6,75.8,0.0,338.51,265.13,73.38,424.4
2023-01-05,13,2023-01-05T12:00,mcn,McNary,76.4,74.6,0.0,338.39,265.39,73.0,415.5
2023-01-05,14,2023-01-05T13:00,mcn,McNary,77.4,75.6,0.0,338.56,265.47,73.09,421.6
2023-01-05,15,2023-01-05T14:00,mcn,McNary,77.1,75.3,0.0,338.51,265.18,73.33,421.3
2023-01-05,16,2023-01-05T15:00,mcn,McNary,76.6,74.8,0.0,338.55,265.25,73.3,418.3
2023-01-05,17,2023-01-05T16:00,mcn,McNary,96.9,95.1,0.0,338.58,265.59,72.99,529.6
2023-01-05,18,2023-01-05T17:00,mcn,McNary,125.1,123.3,0.0,338.51,266.21,72.3,680.2
2023-01-05,19,2023-01-05T18:00,mcn,McNary,128.3,126.5,0.0,338.57,266.25,72.32,698.0
2023-01-05,20,2023-01-05T19:00,mcn,McNary,134.0,132.2,0.0,338.66,266.15,72.51,731.4
2023-01-05,21,2023-01-05T20:00,mcn,McNary,108.7,106.9,0.0,338.61,265.65,72.96,595.1
2023-01-05,22,2023-01-05T21:00,mcn,McNary,106.8,105.0,0.0,338.65,265.57,73.08,585.5
2023-01-05,23,2023-01-05T22:00,mcn,McNary,107.9,106.1,0.0,338.6,265.67,72.93,590.4
2023-01-05,24,2023-01-05T23:00,mcn,McNary,108.1,106.3,0.0,338.8,265.67,73.13,593.1
2023-01-06,1,2023-01-06T00:00,mcn,McNary,79.8,78.0,0.0,338.98,265.23,73.75,438.9
2023-01-06,2,2023-01-06T01:00,mcn,McNary,80.6,78.8,0.0,338.88,265.29,73.59,442.5
2023-01-06,3,2023-01-06T02:00,mcn,McNary,81.3,79.5,0.0,339.08,265.1,73.98,448.8
2023-01-06,4,2023-01-06T03:00,mcn,McNary,79.6,77.8,0.0,339.31,265.26,74.05,439.6
2023-01-06,5,2023-01-06T04:00,mcn,McNary,81.1,79.3,0.0,339.32,265.66,73.66,445.7
2023-01-06,6,2023-01-06T05:00,mcn,McNary,106.2,104.4,0.0,339.24,266.33,72.91,580.8
2023-01-06,7,2023-01-06T06:00,mcn,McNary,137.5,135.7,0.0,339.38,266.55,72.83,754.1
2023-01-06,8,2023-01-06T07:00,mcn,McNary,151.9,150.1,0.0,339.36,266.7,72.66,832.1
2023-01-06,9,2023-01-06T08:00,mcn,McNary,151.9,150.1,0.0,339.35,266.67,72.68,832.4
2023-01-06,10,2023-01-06T09:00,mcn,McNary,152.1,150.3,0.0,339.27,266.39,72.88,835.8
2023-01-06,11,2023-01-06T10:00,mcn,McNary,138.0,136.2,0.0,339.4,266.31,73.09,759.6
2023-01-06,12,2023-01-06T11:00,mcn,McNary,136.4,134.6,0.0,339.33,266.27,73.06,750.3
2023-01-06,13,2023-01-06T12:00,mcn,McNary,137.7,135.9,0.0,339.31,266.41,72.9,755.9
2023-01-06,14,2023-01-06T13:00,mcn,McNary,136.3,134.5,0.0,339.38,266.33,73.05,749.7
2023-01-06,15,2023-01-06T14:00,mcn,McNary,136.3,134.5,0.0,339.37,266.27,73.1,750.2
2023-01-06,16,2023-01-06T15:00,mcn,McNary,136.6,134.8,0.0,339.37,266.33,73.04,751.2
2023-01-06,17,2023-01-06T16:00,mcn,McNary,147.5,145.7,0.0,339.39,266.6,72.79,809.2
2023-01-06,18,2023-01-06T17:00,mcn,McNary,150.3,148.5,0.0,339.38,266.7,72.68,823.5
2023-01-06,19,2023-01-06T18:00,mcn,McNary,153.4,151.6,0.0,339.3,266.77,72.53,839.0
2023-01-06,20,2023-01-06T19:00,mcn,McNary,152.1,150.3,0.0,339.2,266.69,72.51,831.5
2023-01-06,21,2023-01-06T20:00,mcn,McNary,151.5,149.7,0.0,339.13,266.59,72.54,828.6
2023-01-06,22,2023-01-06T21:00,mcn,McNary,126.5,124.7,0.0,339.22,265.99,73.23,696.8
2023-01-06,23,2023-01-06T22:00,mcn,McNary,108.4,106.6,0.0,339.19,265.8,73.39,596.9
2023-01-06,24,2023-01-06T23:00,mcn,McNary,98.6,96.8,0.0,339.19,265.61,73.58,543.5
2023-01-07,1,2023-01-07T00:00,mcn,McNary,78.9,77.1,0.0,339.24,265.25,73.99,435.3
2023-01-07,2,2023-01-07T01:00,mcn,McNary,77.7,75.9,0.0,339.28,265.54,73.74,427.0
2023-01-07,3,2023-01-07T02:00,mcn,McNary,78.1,76.3,0.0,339.36,265.6,73.76,429.4
2023-01-07,4,2023-01-07T03:00,mcn,McNary,78.9,77.1,0.0,339.39,265.53,73.86,434.5
2023-01-07,5,2023-01-07T04:00,mcn,McNary,86.4,84.6,0.0,339.43,265.71,73.72,475.9
2023-01-07,6,2023-01-07T05:00,mcn,McNary,106.0,104.2,0.0,339.36,266.2,73.16,581.7
2023-01-07,7,2023-01-07T06:00,mcn,McNary,114.6,112.8,0.0,339.46,265.98,73.48,632.4
2023-01-07,8,2023-01-07T07:00,mcn,McNary,116.6,114.8,0.0,339.56,266.25,73.31,642.1
2023-01-07,9,2023-01-07T08:00,mcn,McNary,119.0,117.2,0.0,339.47,266.18,73.29,655.4
2023-01-07,10,2023-01-07T09:00,mcn,McNary,119.6,117.8,0.0,339.51,266.03,73.48,660.4
2023-01-07,11,2023-01-07T10:00,mcn,McNary,119.6,117.8,0.0,339.44,266.03,73.41,659.8
2023-01-07,12,2023-01-07T11:00,mcn,McNary,117.8,116.0,0.0,339.48,266.09,73.39,649.6
2023-01-07,13,2023-01-07T12:00,mcn,McNary,109.9,108.1,0.0,339.45,266.05,73.4,605.4
2023-01-07,14,2023-01-07T13:00,mcn,McNary,109.7,107.9,0.0,339.38,266.04,73.34,603.8
2023-01-07,15,2023-01-07T14:00,mcn,McNary,109.7,107.9,0.0,339.41,266.04,73.37,604.0
2023-01-07,16,2023-01-07T15:00,mcn,McNary,110.4,108.6,0.0,339.41,266.1,73.31,607.5
2023-01-07,17,2023-01-07T16:00,mcn,McNary,117.2,115.4,0.0,339.34,266.21,73.13,643.9
2023-01-07,18,2023-01-07T17:00,mcn,McNary,116.1,114.3,0.0,339.42,266.16,73.26,638.9
2023-01-07,19,2023-01-07T18:00,mcn,McNary,119.0,117.2,0.0,339.34,266.25,73.09,653.6
2023-01-07,20,2023-01-07T19:00,mcn,McNary,118.7,116.9,0.0,339.28,266.14,73.14,652.4
2023-01-07,21,2023-01-07T20:00,mcn,McNary,118.2,116.4,0.0,339.27,266.16,73.11,649.3
2023-01-07,22,2023-01-07T21:00,mcn,McNary,118.4,116.6,0.0,339.32,266.02,73.3,652.1
2023-01-07,23,2023-01-07T22:00,mcn,McNary,105.4,103.6,0.0,339.24,265.94,73.3,579.4
2023-01-07,24,2023-01-07T23:00,mcn,McNary,100.0,98.2,0.0,339.33,265.88,73.45,550.3
2023-01-08,1,2023-01-08T00:00,mcn,McNary,99.2,97.4,0.0,339.28,265.9,73.38,545.3
2023-01-08,2,2023-01-08T01:00,mcn,McNary,98.6,96.8,0.0,339.36,265.96,73.4,542.1
2023-01-08,3,2023-01-08T02:00,mcn,McNary,100.5,98.7,0.0,339.42,265.95,73.47,553.3
2023-01-08,4,2023-01-08T03:00,mcn,McNary,99.8,98.0,0.0,339.56,265.97,73.59,550.3
2023-01-08,5,2023-01-08T04:00,mcn,McNary,99.2,97.4,0.0,339.48,266.11,73.37,545.3
2023-01-08,6,2023-01-08T05:00,mcn,McNary,116.7,114.9,0.0,339.48,266.31,73.17,641.5
2023-01-08,7,2023-01-08T06:00,mcn,McNary,118.4,116.6,0.0,339.56,266.43,73.13,650.6
2023-01-08,8,2023-01-08T07:00,mcn,McNary,118.8,117.0,0.0,339.54,266.38,73.16,653.1
2023-01-08,9,2023-01-08T08:00,mcn,McNary,119.5,117.7,0.0,339.52,266.33,73.19,657.3
2023-01-08,10,2023-01-08T09:00,mcn,McNary,120.0,118.2,0.0,339.52,266.35,73.17,659.9
2023-01-08,11,2023-01-08T10:00,mcn,McNary,120.5,118.7,0.0,339.49,266.31,73.18,662.8
2023-01-08,12,2023-01-08T11:00,mcn,McNary,110.0,108.2,0.0,339.51,266.29,73.22,604.5
2023-01-08,13,2023-01-08T12:00,mcn,McNary,110.5,108.7,0.0,339.46,266.34,73.12,606.4
2023-01-08,14,2023-01-08T13:00,mcn,McNary,109.1,107.3,0.0,339.51,266.35,73.16,599.0
2023-01-08,15,2023-01-08T14:00,mcn,McNary,110.2,108.4,0.0,339.53,266.33,73.2,605.4
2023-01-08,16,2023-01-08T15:00,mcn,McNary,110.2,108.4,0.0,339.55,266.27,73.28,606.1
2023-01-08,17,2023-01-08T16:00,mcn,McNary,110.1,108.3,0.0,339.47,266.32,73.15,604.5
2023-01-08,18,2023-01-08T17:00,mcn,McNary,120.1,118.3,0.0,339.49,266.36,73.13,660.1
2023-01-08,19,2023-01-08T18:00,mcn,McNary,120.3,118.5,0.0,339.52,266.55,72.97,659.8
2023-01-08,20,2023-01-08T19:00,mcn,McNary,117.0,115.2,0.0,339.5,266.45,73.05,642.1
2023-01-08,21,2023-01-08T20:00,mcn,McNary,120.2,118.4,0.0,339.44,266.3,73.14,660.7
2023-01-08,22,2023-01-08T21:00,mcn,McNary,98.8,97.0,0.0,339.59,266.03,73.56,544.4
2023-01-08,23,2023-01-08T22:00,mcn,McNary,95.9,94.1,0.0,339.46,265.98,73.48,527.6
2023-01-08,24,2023-01-08T23:00,mcn,McNary,88.7,86.9,0.0,339.55,265.95,73.6,488.0
2023-01-09,1,2023-01-09T00:00,mcn,McNary,87.6,85.8,0.0,339.59,265.95,73.64,482.1
2023-01-09,2,2023-01-09T01:00,mcn,McNary,86.7,84.9,0.0,339.57,265.99,73.58,476.6
2023-01-09,3,2023-01-09T02:00,mcn,McNary,87.1,85.3,0.0,339.44,266.02,73.42,477.8
2023-01-09,4,2023-01-09T03:00,mcn,McNary,87.9,86.1,0.0,339.55,265.92,73.63,483.7
2023-01-09,5,2023-01-09T04:00,mcn,McNary,87.7,85.9,0.0,339.55,265.93,73.62,482.5
2023-01-09,6,2023-01-09T05:00,mcn,McNary,96.2,94.4,0.0,339.45,266.21,73.24,527.5
2023-01-09,7,2023-01-09T06:00,mcn,McNary,123.8,122.0,0.0,339.42,266.59,72.83,677.9
2023-01-09,8,2023-01-09T07:00,mcn,McNary,126.6,124.8,0.0,339.41,266.55,72.86,693.8
2023-01-09,9,2023-01-09T08:00,mcn,McNary,126.5,124.7,0.0,339.43,266.57,72.86,693.2
2023-01-09,10,2023-01-09T09:00,mcn,McNary,116.9,115.1,0.0,339.48,266.2,73.28,643.6
2023-01-09,11,2023-01-09T10:00,mcn,McNary,114.2,112.4,0.0,339.4,265.99,73.41,629.6
2023-01-09,12,2023-01-09T11:00,mcn,McNary,97.1,95.3,0.0,339.5,265.92,73.58,535.0
2023-01-09,13,2023-01-09T12:00,mcn,McNary,98.4,96.6,0.0,339.53,266.13,73.4,541.0
2023-01-09,14,2023-01-09T13:00,mcn,McNary,96.4,94.6,0.0,339.49,266.11,73.38,529.7
2023-01-09,15,2023-01-09T14:00,mcn,McNary,97.9,96.1,0.0,339.43,266.05,73.38,538.1
2023-01-09,16,2023-01-09T15:00,mcn,McNary,97.8,96.0,0.0,339.42,266.12,73.3,536.9
2023-01-09,17,2023-01-09T16:00,mcn,McNary,133.4,131.6,0.0,339.27,266.62,72.65,729.5
2023-01-09,18,2023-01-09T17:00,mcn,McNary,136.5,134.7,0.0,339.31,266.42,72.89,749.1
2023-01-09,19,2023-01-09T18:00,mcn,McNary,137.8,136.0,0.0,339.27,266.57,72.7,754.4
2023-01-09,20,2023-01-09T19:00,mcn,McNary,137.9,136.1,0.0,339.21,266.39,72.82,756.2
2023-01-09,21,2023-01-09T20:00,mcn,McNary,114.1,112.3,0.0,339.3,265.96,73.34,628.4
2023-01-09,22,2023-01-09T21:00,mcn,McNary,98.7,96.9,0.0,339.27,265.9,73.37,542.5
2023-01-09,23,2023-01-09T22:00,mcn,McNary,97.6,95.8,0.0,339.34,266.05,73.29,535.7
2023-01-09,24,2023-01-09T23:00,mcn,McNary,97.5,95.7,0.0,339.38,266.14,73.24,534.8
2023-01-10,1,2023-01-10T00:00,mcn,McNary,97.6,95.8,0.0,339.44,265.99,73.45,536.9
2023-01-10,2,2023-01-10T01:00,mcn,McNary,97.6,95.8,0.0,339.46,266.14,73.32,535.9
2023-01-10,3,2023-01-10T02:00,mcn,McNary,96.9,95.1,0.0,339.47,266.0,73.47,533.1
2023-01-10,4,2023-01-10T03:00,mcn,McNary,97.8,96.0,0.0,339.54,266.02,73.52,538.5
2023-01-10,5,2023-01-10T04:00,mcn,McNary,107.0,105.2,0.0,339.55,266.15,73.4,589.2
2023-01-10,6,2023-01-10T05:00,mcn,McNary,109.2,107.4,0.0,339.55,266.34,73.21,599.9
2023-01-10,7,2023-01-10T06:00,mcn,McNary,139.3,137.5,0.0,339.57,266.86,72.71,762.8
2023-01-10,8,2023-01-10T07:00,mcn,McNary,140.5,138.7,0.0,339.64,266.72,72.92,771.7
2023-01-10,9,2023-01-10T08:00,mcn,McNary,140.8,139.0,0.0,339.74,266.65,73.09,775.2
2023-01-10,10,2023-01-10T09:00,mcn,McNary,140.7,138.9,0.0,339.66,266.47,73.19,775.7
2023-01-10,11,2023-01-10T10:00,mcn,McNary,125.8,124.0,0.0,339.73,266.18,73.55,695.9
2023-01-10,12,2023-01-10T11:00,mcn,McNary,124.1,122.3,0.0,339.66,266.28,73.38,684.7
2023-01-10,13,2023-01-10T12:00,mcn,McNary,124.6,122.8,0.0,339.56,266.32,73.24,686.2
2023-01-10,14,2023-01-10T13:00,mcn,McNary,123.3,121.5,0.0,339.48,266.28,73.2,678.6
2023-01-10,15,2023-01-10T14:00,mcn,McNary,127.2,125.4,0.0,339.56,266.42,73.14,699.8
2023-01-10,16,2023-01-10T15:00,mcn,McNary,139.9,138.1,0.0,339.43,266.6,72.83,767.4
2023-01-10,17,2023-01-10T16:00,mcn,McNary,140.4,138.6,0.0,339.38,266.61,72.77,769.6
2023-01-10,18,2023-01-10T17:00,mcn,McNary,142.0,140.2,0.0,339.37,266.67,72.7,777.7
2023-01-10,19,2023-01-10T18:00,mcn,McNary,141.7,139.9,0.0,339.34,266.69,72.65,775.5
2023-01-10,20,2023-01-10T19:00,mcn,McNary,142.3,140.5,0.0,339.28,266.42,72.86,781.1
2023-01-10,21,2023-01-10T20:00,mcn,McNary,123.7,121.9,0.0,339.3,266.22,73.08,679.7
2023-01-10,22,2023-01-10T21:00,mcn,McNary,122.1,120.3,0.0,339.3,266.13,73.17,671.6
2023-01-10,23,2023-01-10T22:00,mcn,McNary,98.6,96.8,0.0,339.35,265.86,73.49,542.8
2023-01-10,24,2023-01-10T23:00,mcn,McNary,96.6,94.8,0.0,339.29,265.84,73.45,531.3
2023-01-11,1,2023-01-11T00:00,mcn,McNary,88.2,86.4,0.0,339.39,265.73,73.66,485.6
2023-01-11,2,2023-01-11T01:00,mcn,McNary,87.6,85.8,0.0,339.42,265.84,73.58,481.7
2023-01-11,3,2023-01-11T02:00,mcn,McNary,87.9,86.1,0.0,339.45,265.71,73.74,484.4
2023-01-11,4,2023-01-11T03:00,mcn,McNary,87.5,85.7,0.0,339.49,265.87,73.62,481.4
2023-01-11,5,2023-01-11T04:00,mcn,McNary,89.5,87.7,0.0,339.51,266.03,73.48,491.7
2023-01-11,6,2023-01-11T05:00,mcn,McNary,140.0,138.2,0.0,339.44,266.68,72.76,767.2
2023-01-11,7,2023-01-11T06:00,mcn,McNary,140.6,138.8,0.0,339.62,266.54,73.08,773.9
2023-01-11,8,2023-01-11T07:00,mcn,McNary,138.1,136.3,0.0,339.59,266.6,72.99,759.1
2023-01-11,9,2023-01-11T08:00,mcn,McNary,138.4,136.6,0.0,339.6,266.43,73.17,762.6
2023-01-11,10,2023-01-11T09:00,mcn,McNary,138.2,136.4,0.0,339.6,266.34,73.26,762.4
2023-01-11,11,2023-01-11T10:00,mcn,McNary,138.3,136.5,0.0,339.63,266.3,73.33,763.7
2023-01-11,12,2023-01-11T11:00,mcn,McNary,138.2,136.4,0.0,339.6,266.32,73.28,762.6
2023-01-11,13,2023-01-11T12:00,mcn,McNary,138.7,136.9,0.0,339.62,266.41,73.21,764.7
2023-01-11,14,2023-01-11T13:00,mcn,McNary,139.0,137.2,0.0,339.66,266.38,73.28,767.1
2023-01-11,15,2023-01-11T14:00,mcn,McNary,139.2,137.4,0.0,339.62,266.39,73.23,767.7
2023-01-11,16,2023-01-11T15:00,mcn,McNary,139.2,137.4,0.0,339.55,266.37,73.18,767.2
2023-01-11,17,2023-01-11T16:00,mcn,McNary,139.2,137.4,0.0,339.63,266.52,73.11,766.5
2023-01-11,18,2023-01-11T17:00,mcn,McNary,138.9,137.1,0.0,339.6,266.57,73.03,763.9
2023-01-11,19,2023-01-11T18:00,mcn,McNary,139.1,137.3,0.0,339.68,266.38,73.3,767.9
2023-01-11,20,2023-01-11T19:00,mcn,McNary,138.6,136.8,0.0,339.63,266.37,73.26,764.7
2023-01-11,21,2023-01-11T20:00,mcn,McNary,138.9,137.1,0.0,339.61,266.33,73.28,766.6
2023-01-11,22,2023-01-11T21:00,mcn,McNary,139.3,137.5,0.0,339.54,266.33,73.21,768.1
2023-01-11,23,2023-01-11T22:00,mcn,McNary,137.9,136.1,0.0,339.51,266.31,73.2,760.1
2023-01-11,24,2023-01-11T23:00,mcn,McNary,118.8,117.0,0.0,339.57,265.96,73.61,657.1
2023-01-12,1,2023-01-12T00:00,mcn,McNary,117.6,115.8,0.0,339.39,265.95,73.44,648.9
2023-01-12,2,2023-01-12T01:00,mcn,McNary,109.8,108.0,0.0,339.43,265.96,73.47,605.4
2023-01-12,3,2023-01-12T02:00,mcn,McNary,118.4,116.6,0.0,339.37,266.25,73.12,650.5
2023-01-12,4,2023-01-12T03:00,mcn,McNary,119.6,117.8,0.0,339.42,266.33,73.09,656.9
2023-01-12,5,2023-01-12T04:00,mcn,McNary,139.2,137.4,0.0,339.31,266.64,72.67,761.8
2023-01-12,6,2023-01-12T05:00,mcn,McNary,140.7,138.9,0.0,339.37,266.6,72.77,771.2
2023-01-12,7,2023-01-12T06:00,mcn,McNary,139.7,137.9,0.0,339.32,266.59,72.73,765.2
2023-01-12,8,2023-01-12T07:00,mcn,McNary,138.3,136.5,0.0,339.43,266.65,72.78,758.0
2023-01-12,9,2023-01-12T08:00,mcn,McNary,139.5,137.7,0.0,339.33,266.65,72.68,763.6
2023-01-12,10,2023-01-12T09:00,mcn,McNary,137.0,135.2,0.0,339.38,266.3,73.08,753.9
2023-01-12,11,2023-01-12T10:00,mcn,McNary,124.6,122.8,0.0,339.3,266.12,73.18,685.7
2023-01-12,12,2023-01-12T11:00,mcn,McNary,122.0,120.2,0.0,339.27,266.21,73.06,670.1
2023-01-12,13,2023-01-12T12:00,mcn,McNary,122.5,120.7,0.0,339.33,266.18,73.15,673.7
2023-01-12,14,2023-01-12T13:00,mcn,McNary,118.1,116.3,0.0,339.18,266.31,72.87,646.6
2023-01-12,15,2023-01-12T14:00,mcn,McNary,119.1,117.3,0.0,339.18,266.33,72.85,652.0
2023-01-12,16,2023-01-12T15:00,mcn,McNary,137.6,135.8,0.0,338.98,266.65,72.33,749.5
2023-01-12,17,2023-01-12T16:00,mcn,McNary,138.7,136.9,0.0,339.04,266.52,72.52,757.5
2023-01-12,18,2023-01-12T17:00,mcn,McNary,138.6,136.8,0.0,338.98,266.6,72.38,755.5
2023-01-12,19,2023-01-12T18:00,mcn,McNary,137.7,135.9,0.0,338.9,266.37,72.53,752.1
2023-01-12,20,2023-01-12T19:00,mcn,McNary,137.6,135.8,0.0,338.81,266.3,72.51,751.3
2023-01-12,21,2023-01-12T20:00,mcn,McNary,117.6,115.8,0.0,339.01,265.85,73.16,646.4
2023-01-12,22,2023-01-12T21:00,mcn,McNary,97.3,95.5,0.0,338.96,265.53,73.43,535.1
2023-01-12,23,2023-01-12T22:00,mcn,McNary,78.0,76.2,0.0,339.01,265.04,73.97,430.1
2023-01-12,24,2023-01-12T23:00,mcn,McNary,60.2,58.4,0.0,339.23,264.86,74.37,331.4
2023-01-13,1,2023-01-13T00:00,mcn,McNary,59.5,57.7,0.0,339.21,265.0,74.21,326.7
2023-01-13,2,2023-01-13T01:00,mcn,McNary,59.5,57.7,0.0,339.2,265.07,74.13,326.4
2023-01-13,3,2023-01-13T02:00,mcn,McNary,59.6,57.8,0.0,339.39,265.04,74.35,327.9
2023-01-13,4,2023-01-13T03:00,mcn,McNary,60.5,58.7,0.0,339.3,265.12,74.18,332.2
2023-01-13,5,2023-01-13T04:00,mcn,McNary,82.9,81.1,0.0,339.3,265.8,73.5,454.8
2023-01-13,6,2023-01-13T05:00,mcn,McNary,107.5,105.7,0.0,339.29,265.99,73.3,591.2
2023-01-13,7,2023-01-13T06:00,mcn,McNary,125.3,123.5,0.0,339.27,266.28,72.99,687.8
2023-01-13,8,2023-01-13T07:00,mcn,McNary,140.1,138.3,0.0,339.39,266.4,72.99,770.2
2023-01-13,9,2023-01-13T08:00,mcn,McNary,140.8,139.0,0.0,339.36,266.24,73.12,775.5
2023-01-13,10,2023-01-13T09:00,mcn,McNary,129.1,127.3,0.0,339.39,265.97,73.42,713.1
2023-01-13,11,2023-01-13T10:00,mcn,McNary,119.2,117.4,0.0,339.42,265.93,73.49,658.3
2023-01-13,12,2023-01-13T11:00,mcn,McNary,112.9,111.1,0.0,339.31,265.85,73.46,622.7
2023-01-13,13,2023-01-13T12:00,mcn,McNary,111.1,109.3,0.0,339.36,265.88,73.48,612.8
2023-01-13,14,2023-01-13T13:00,mcn,McNary,112.2,110.4,0.0,339.33,265.92,73.41,618.4
2023-01-13,15,2023-01-13T14:00,mcn,McNary,112.8,111.0,0.0,339.33,265.93,73.4,621.6
2023-01-13,16,2023-01-13T15:00,mcn,McNary,117.6,115.8,0.0,339.31,266.11,73.2,646.8
2023-01-13,17,2023-01-13T16:00,mcn,McNary,128.5,126.7,0.0,339.22,266.37,72.85,704.3
2023-01-13,18,2023-01-13T17:00,mcn,McNary,140.3,138.5,0.0,339.12,266.45,72.67,767.9
2023-01-13,19,2023-01-13T18:00,mcn,McNary,141.5,139.7,0.0,339.13,266.58,72.55,773.3
2023-01-13,20,2023-01-13T19:00,mcn,McNary,141.5,139.7,0.0,339.1,266.38,72.72,775.1
2023-01-13,21,2023-01-13T20:00,mcn,McNary,141.8,140.0,0.0,339.07,266.22,72.85,778.2
2023-01-13,22,2023-01-13T21:00,mcn,McNary,120.8,119.0,0.0,339.15,265.93,73.22,664.8
2023-01-13,23,2023-01-13T22:00,mcn,McNary,97.4,95.6,0.0,339.19,265.66,73.53,536.3
2023-01-13,24,2023-01-13T23:00,mcn,McNary,91.9,87.9,0.0,339.25,265.7,73.55,493.3
2023-01-14,1,2023-01-14T00:00,mcn,McNary,96.7,92.7,0.0,339.14,265.93,73.21,517.8
2023-01-14,2,2023-01-14T01:00,mcn,McNary,98.9,94.9,0.0,339.15,266.09,73.06,529.0
2023-01-14,3,2023-01-14T02:00,mcn,McNary,99.1,95.1,0.0,339.25,266.29,72.96,529.4
2023-01-14,4,2023-01-14T03:00,mcn,McNary,108.5,104.5,0.0,339.13,266.21,72.92,581.4
2023-01-14,5,2023-01-14T04:00,mcn,McNary,110.3,106.3,0.0,339.24,266.09,73.15,593.3
2023-01-14,6,2023-01-14T05:00,mcn,McNary,108.9,104.9,0.0,339.15,266.1,73.05,584.7
2023-01-14,7,2023-01-14T06:00,mcn,McNary,111.1,107.1,0.0,339.21,266.28,72.93,596.0
2023-01-14,8,2023-01-14T07:00,mcn,McNary,120.9,116.9,0.0,339.16,266.34,72.82,649.5
2023-01-14,9,2023-01-14T08:00,mcn,McNary,121.7,117.7,0.0,339.3,266.3,73.0,655.6
2023-01-14,10,2023-01-14T09:00,mcn,McNary,119.1,115.1,0.0,339.3,266.27,73.03,641.4
2023-01-14,11,2023-01-14T10:00,mcn,McNary,117.9,113.9,0.0,339.31,266.24,73.07,635.0
2023-01-14,12,2023-01-14T11:00,mcn,McNary,118.6,114.6,0.0,339.28,266.21,73.07,638.9
2023-01-14,13,2023-01-14T12:00,mcn,McNary,110.1,106.1,0.0,339.34,266.07,73.27,593.2
2023-01-14,14,2023-01-14T13:00,mcn,McNary,109.2,105.2,0.0,339.26,266.13,73.13,587.0
2023-01-14,15,2023-01-14T14:00,mcn,McNary,110.5,106.5,0.0,339.27,266.07,73.2,594.8
2023-01-14,16,2023-01-14T15:00,mcn,McNary,109.8,105.8,0.0,339.28,266.19,73.09,590.0
2023-01-14,17,2023-01-14T16:00,mcn,McNary,119.0,115.0,0.0,339.21,266.24,72.97,640.3
2023-01-14,18,2023-01-14T17:00,mcn,McNary,119.8,115.8,0.0,339.27,266.28,72.99,644.9
2023-01-14,19,2023-01-14T18:00,mcn,McNary,129.9,125.9,0.0,339.27,266.63,72.64,697.8
2023-01-14,20,2023-01-14T19:00,mcn,McNary,130.7,126.7,0.0,339.18,266.39,72.79,703.7
2023-01-14,21,2023-01-14T20:00,mcn,McNary,117.9,113.9,0.0,339.23,266.19,73.04,634.8
2023-01-14,22,2023-01-14T21:00,mcn,McNary,107.8,103.8,0.0,339.1,265.99,73.11,579.0
2023-01-14,23,2023-01-14T22:00,mcn,McNary,89.9,85.9,0.0,339.15,265.81,73.34,480.7
2023-01-14,24,2023-01-14T23:00,mcn,McNary,88.3,84.3,0.0,339.21,266.04,73.17,470.6
2023-01-15,1,2023-01-15T00:00,mcn,McNary,87.5,83.5,0.0,339.19,265.9,73.29,466.9
2023-01-15,2,2023-01-15T01:00,mcn,McNary,87.9,83.9,0.0,339.06,265.88,73.18,468.5
2023-01-15,3,2023-01-15T02:00,mcn,McNary,87.8,83.8,0.0,339.15,265.83,73.32,468.8
2023-01-15,4,2023-01-15T03:00,mcn,McNary,87.9,83.9,0.0,339.13,265.8,73.33,469.4
2023-01-15,5,2023-01-15T04:00,mcn,McNary,88.1,84.1,0.0,339.19,265.67,73.52,471.8
2023-01-15,6,2023-01-15T05:00,mcn,McNary,88.3,84.3,0.0,339.26,265.85,73.41,472.2
2023-01-15,7,2023-01-15T06:00,mcn,McNary,96.8,92.8,0.0,339.21,265.97,73.24,518.6
2023-01-15,8,2023-01-15T07:00,mcn,McNary,98.0,94.0,0.0,339.39,265.97,73.42,526.6
2023-01-15,9,2023-01-15T08:00,mcn,McNary,96.6,92.6,0.0,339.42,265.97,73.45,519.0
2023-01-15,10,2023-01-15T09:00,mcn,McNary,97.7,93.7,0.0,339.5,265.66,73.84,527.9
2023-01-15,11,2023-01-15T10:00,mcn,McNary,97.6,93.6,0.0,339.52,265.65,73.87,527.6
2023-01-15,12,2023-01-15T11:00,mcn,McNary,98.3,94.3,0.0,339.6,265.79,73.81,531.1
2023-01-15,13,2023-01-15T12:00,mcn,McNary,98.4,94.4,0.0,339.64,265.81,73.83,531.8
2023-01-15,14,2023-01-15T13:00,mcn,McNary,98.2,94.2,0.0,339.7,265.8,73.9,531.2
2023-01-15,15,2023-01-15T14:00,mcn,McNary,99.4,95.4,0.0,339.67,266.11,73.56,535.4
2023-01-15,16,2023-01-15T15:00,mcn,McNary,137.2,133.2,0.0,339.55,266.62,72.93,741.2
2023-01-15,17,2023-01-15T16:00,mcn,McNary,139.0,135.0,0.0,339.56,266.69,72.87,750.6
2023-01-15,18,2023-01-15T17:00,mcn,McNary,138.9,134.9,0.0,339.56,266.62,72.94,750.8
2023-01-15,19,2023-01-15T18:00,mcn,McNary,139.7,135.7,0.0,339.56,266.55,73.01,755.9
2023-01-15,20,2023-01-15T19:00,mcn,McNary,138.7,134.7,0.0,339.51,266.39,73.12,751.5
2023-01-15,21,2023-01-15T20:00,mcn,McNary,137.5,133.5,0.0,339.5,266.33,73.17,745.3
2023-01-15,22,2023-01-15T21:00,mcn,McNary,137.1,133.1,0.0,339.54,266.34,73.2,743.4
2023-01-15,23,2023-01-15T22:00,mcn,McNary,113.8,109.8,0.0,339.63,265.89,73.74,617.8
2023-01-15,24,2023-01-15T23:00,mcn,McNary,93.6,89.6,0.0,339.47,265.77,73.7,503.8
2023-01-16,1,2023-01-16T00:00,mcn,McNary,90.6,86.6,0.0,339.45,265.65,73.8,487.6
2023-01-16,2,2023-01-16T01:00,mcn,McNary,80.1,76.1,0.0,339.52,265.6,73.92,429.2
2023-01-16,3,2023-01-16T02:00,mcn,McNary,79.4,75.4,0.0,339.48,265.9,73.58,423.3
2023-01-16,4,2023-01-16T03:00,mcn,McNary,80.0,76.0,0.0,339.43,265.93,73.5,426.2
2023-01-16,5,2023-01-16T04:00,mcn,McNary,80.4,76.4,0.0,339.5,265.93,73.57,428.9
2023-01-16,6,2023-01-16T05:00,mcn,McNary,99.2,95.2,0.0,339.39,266.01,73.38,533.0
2023-01-16,7,2023-01-16T06:00,mcn,McNary,129.3,125.3,0.0,339.31,266.64,72.67,694.8
2023-01-16,8,2023-01-16T07:00,mcn,McNary,129.7,125.7,0.0,339.3,266.4,72.9,699.2
2023-01-16,9,2023-01-16T08:00,mcn,McNary,128.7,124.7,0.0,339.31,266.56,72.75,692.2
2023-01-16,10,2023-01-16T09:00,mcn,McNary,128.5,124.5,0.0,339.21,266.44,72.77,691.3
2023-01-16,11,2023-01-16T10:00,mcn,McNary,128.4,124.4,0.0,339.19,266.25,72.94,692.3
2023-01-16,12,2023-01-16T11:00,mcn,McNary,127.9,123.9,0.0,339.12,266.31,72.81,688.3
2023-01-16,13,2023-01-16T12:00,mcn,McNary,127.1,123.1,0.0,339.05,266.36,72.69,682.7
2023-01-16,14,2023-01-16T13:00,mcn,McNary,127.1,123.1,0.0,338.96,266.43,72.53,681.2
2023-01-16,15,2023-01-16T14:00,mcn,McNary,127.0,123.0,0.0,338.9,266.56,72.34,678.9
2023-01-16,16,2023-01-16T15:00,mcn,McNary,127.3,123.3,0.0,338.94,266.54,72.4,681.1
2023-01-16,17,2023-01-16T16:00,mcn,McNary,127.8,123.8,0.0,338.88,266.35,72.53,685.1
2023-01-16,18,2023-01-16T17:00,mcn,McNary,127.8,123.8,0.0,338.84,266.35,72.49,684.7
2023-01-16,19,2023-01-16T18:00,mcn,McNary,127.4,123.4,0.0,338.84,266.29,72.55,683.1
2023-01-16,20,2023-01-16T19:00,mcn,McNary,127.5,123.5,0.0,338.74,266.31,72.43,682.5
2023-01-16,21,2023-01-16T20:00,mcn,McNary,127.5,123.5,0.0,338.71,266.26,72.45,682.7
2023-01-16,22,2023-01-16T21:00,mcn,McNary,108.1,104.1,0.0,338.9,265.88,73.02,580.0
2023-01-16,23,2023-01-16T22:00,mcn,McNary,87.1,83.1,0.0,338.89,265.24,73.65,467.0
2023-01-16,24,2023-01-16T23:00,mcn,McNary,68.8,65.0,0.0,338.95,265.16,73.79,366.0
2023-01-17,1,2023-01-17T00:00,mcn,McNary,67.4,63.6,0.0,338.92,265.35,73.57,357.0
2023-01-17,2,2023-01-17T01:00,mcn,McNary,70.7,66.9,0.0,339.02,265.56,73.46,375.0
2023-01-17,3,2023-01-17T02:00,mcn,McNary,70.5,66.7,0.0,339.06,265.58,73.48,374.0
2023-01-17,4,2023-01-17T03:00,mcn,McNary,70.7,66.9,0.0,339.13,265.53,73.6,375.7
2023-01-17,5,2023-01-17T04:00,mcn,McNary,88.3,84.5,0.0,339.13,265.88,73.25,472.3
2023-01-17,6,2023-01-17T05:00,mcn,McNary,107.6,103.8,0.0,339.13,266.15,72.98,578.0
2023-01-17,7,2023-01-17T06:00,mcn,McNary,127.0,123.2,0.0,339.16,266.47,72.69,683.3
2023-01-17,8,2023-01-17T07:00,mcn,McNary,127.7,123.9,0.0,339.24,266.56,72.68,687.1
2023-01-17,9,2023-01-17T08:00,mcn,McNary,128.1,124.3,0.0,339.23,266.31,72.92,691.6
2023-01-17,10,2023-01-17T09:00,mcn,McNary,108.7,104.9,0.0,339.31,265.83,73.48,588.1
2023-01-17,11,2023-01-17T10:00,mcn,McNary,88.9,85.1,0.0,339.35,265.5,73.85,479.5
2023-01-17,12,2023-01-17T11:00,mcn,McNary,79.0,76.2,0.0,339.37,265.52,73.85,429.4
2023-01-17,13,2023-01-17T12:00,mcn,McNary,78.5,75.7,0.0,339.31,265.81,73.5,424.5
2023-01-17,14,2023-01-17T13:00,mcn,McNary,78.7,75.9,0.0,339.42,265.83,73.59,426.2
2023-01-17,15,2023-01-17T14:00,mcn,McNary,79.5,76.7,0.0,339.42,265.82,73.6,430.7
2023-01-17,16,2023-01-17T15:00,mcn,McNary,88.6,85.8,0.0,339.43,265.83,73.6,481.8
2023-01-17,17,2023-01-17T16:00,mcn,McNary,107.2,104.4,0.0,339.41,266.09,73.32,584.0
2023-01-17,18,2023-01-17T17:00,mcn,McNary,127.7,124.9,0.0,339.41,266.48,72.93,695.0
2023-01-17,19,2023-01-17T18:00,mcn,McNary,137.9,135.1,0.0,339.42,266.7,72.72,749.6
2023-01-17,20,2023-01-17T19:00,mcn,McNary,141.3,138.5,0.0,339.34,266.61,72.73,768.6
2023-01-17,21,2023-01-17T20:00,mcn,McNary,140.4,137.6,0.0,339.27,266.4,72.87,765.1
2023-01-17,22,2023-01-17T21:00,mcn,McNary,138.2,135.4,0.0,339.36,266.13,73.23,756.5
2023-01-17,23,2023-01-17T22:00,mcn,McNary,98.2,95.4,0.0,339.37,265.59,73.78,537.0
2023-01-17,24,2023-01-17T23:00,mcn,McNary,91.3,88.5,0.0,339.33,265.67,73.66,497.4
2023-01-18,1,2023-01-18T00:00,mcn,McNary,73.1,70.3,0.0,339.37,265.29,74.08,397.4
2023-01-18,2,2023-01-18T01:00,mcn,McNary,71.9,69.1,0.0,339.35,265.44,73.91,389.7
2023-01-18,3,2023-01-18T02:00,mcn,McNary,72.4,69.6,0.0,339.37,265.38,73.99,392.9
2023-01-18,4,2023-01-18T03:00,mcn,McNary,94.0,91.2,0.0,339.26,266.23,73.03,508.2
2023-01-18,5,2023-01-18T04:00,mcn,McNary,123.8,121.0,0.0,339.24,266.56,72.68,671.0
2023-01-18,6,2023-01-18T05:00,mcn,McNary,135.5,132.7,0.0,339.13,266.68,72.45,733.6
2023-01-18,7,2023-01-18T06:00,mcn,McNary,138.1,135.3,0.0,339.06,266.95,72.11,744.4
2023-01-18,8,2023-01-18T07:00,mcn,McNary,147.8,145.0,0.0,339.01,266.87,72.14,798.1
2023-01-18,9,2023-01-18T08:00,mcn,McNary,138.5,135.7,0.0,339.07,266.58,72.49,750.6
2023-01-18,10,2023-01-18T09:00,mcn,McNary,137.1,134.3,0.0,338.98,266.55,72.43,742.2
2023-01-18,11,2023-01-18T10:00,mcn,McNary,137.0,134.2,0.0,338.98,266.65,72.33,740.6
2023-01-18,12,2023-01-18T11:00,mcn,McNary,139.5,136.7,0.0,338.98,266.76,72.22,753.3
2023-01-18,13,2023-01-18T12:00,mcn,McNary,136.4,133.6,0.0,338.91,266.67,72.24,736.4
2023-01-18,14,2023-01-18T13:00,mcn,McNary,138.6,135.8,0.0,338.84,266.75,72.09,747.0
2023-01-18,15,2023-01-18T14:00,mcn,McNary,140.3,137.5,0.0,338.86,266.65,72.21,757.6
2023-01-18,16,2023-01-18T15:00,mcn,McNary,138.7,135.9,0.0,338.85,266.91,71.94,746.0
2023-01-18,17,2023-01-18T16:00,mcn,McNary,153.6,150.8,0.0,338.73,267.26,71.47,822.3
2023-01-18,18,2023-01-18T17:00,mcn,McNary,147.9,145.1,0.0,338.69,267.03,71.66,793.4
2023-01-18,19,2023-01-18T18:00,mcn,McNary,148.9,146.1,0.0,338.57,267.07,71.5,797.0
2023-01-18,20,2023-01-18T19:00,mcn,McNary,155.3,152.5,0.0,338.58,267.07,71.51,832.1
2023-01-18,21,2023-01-18T20:00,mcn,McNary,139.7,136.9,0.0,338.66,266.87,71.79,749.9
2023-01-18,22,2023-01-18T21:00,mcn,McNary,136.6,133.8,0.0,338.63,266.55,72.08,735.9
2023-01-18,23,2023-01-18T22:00,mcn,McNary,104.1,101.3,0.0,338.81,265.98,72.83,562.9
2023-01-18,24,2023-01-18T23:00,mcn,McNary,81.0,78.2,0.0,338.89,265.81,73.08,436.0
2023-01-19,1,2023-01-19T00:00,mcn,McNary,81.3,78.5,0.0,338.73,265.8,72.93,436.8
2023-01-19,2,2023-01-19T01:00,mcn,McNary,81.6,78.8,0.0,338.85,265.95,72.9,438.3
2023-01-19,3,2023-01-19T02:00,mcn,McNary,82.7,79.9,0.0,338.92,266.02,72.9,444.4
2023-01-19,4,2023-01-19T03:00,mcn,McNary,80.7,77.9,0.0,338.95,265.94,73.01,434.0
2023-01-19,5,2023-01-19T04:00,mcn,McNary,107.3,104.5,0.0,338.72,266.59,72.13,575.1
2023-01-19,6,2023-01-19T05:00,mcn,McNary,147.7,144.9,0.0,338.58,267.16,71.42,789.6
2023-01-19,7,2023-01-19T06:00,mcn,McNary,150.3,147.5,0.0,338.71,267.03,71.68,806.7
2023-01-19,8,2023-01-19T07:00,mcn,McNary,148.8,146.0,0.0,338.6,266.94,71.66,798.3
2023-01-19,9,2023-01-19T08:00,mcn,McNary,125.4,122.6,0.0,338.6,266.34,72.26,675.9
2023-01-19,10,2023-01-19T09:00,mcn,McNary,122.7,119.9,0.0,338.59,266.21,72.38,662.2
2023-01-19,11,2023-01-19T10:00,mcn,McNary,107.8,105.0,0.0,338.65,266.04,72.61,581.7
2023-01-19,12,2023-01-19T11:00,mcn,McNary,106.4,103.6,0.0,338.61,266.28,72.33,571.7
2023-01-19,13,2023-01-19T12:00,mcn,McNary,111.0,108.2,0.0,338.55,266.33,72.22,596.2
2023-01-19,14,2023-01-19T13:00,mcn,McNary,112.6,109.8,0.0,338.51,266.34,72.17,604.6
2023-01-19,15,2023-01-19T14:00,mcn,McNary,111.9,109.1,0.0,338.52,266.24,72.28,601.7
2023-01-19,16,2023-01-19T15:00,mcn,McNary,120.6,117.8,0.0,338.43,266.35,72.08,647.9
2023-01-19,17,2023-01-19T16:00,mcn,McNary,137.7,134.9,0.0,338.24,266.73,71.51,736.0
2023-01-19,18,2023-01-19T17:00,mcn,McNary,141.2,138.4,0.0,338.33,266.85,71.48,754.8
2023-01-19,19,2023-01-19T18:00,mcn,McNary,141.2,138.4,0.0,338.27,266.85,71.42,754.2
2023-01-19,20,2023-01-19T19:00,mcn,McNary,141.7,138.9,0.0,338.19,266.77,71.42,756.9
2023-01-19,21,2023-01-19T20:00,mcn,McNary,138.6,135.8,0.0,338.16,266.58,71.58,741.7
2023-01-19,22,2023-01-19T21:00,mcn,McNary,128.8,126.0,0.0,338.21,266.14,72.07,692.9
2023-01-19,23,2023-01-19T22:00,mcn,McNary,97.7,94.9,0.0,338.35,265.62,72.73,526.6
2023-01-19,24,2023-01-19T23:00,mcn,McNary,77.9,75.1,0.0,338.28,265.57,72.71,416.6
2023-01-20,1,2023-01-20T00:00,mcn,McNary,78.7,75.9,0.0,338.3,265.57,72.73,421.2
2023-01-20,2,2023-01-20T01:00,mcn,McNary,77.8,75.0,0.0,338.42,265.61,72.81,416.7
2023-01-20,3,2023-01-20T02:00,mcn,McNary,76.4,73.6,0.0,338.58,265.64,72.94,409.6
2023-01-20,4,2023-01-20T03:00,mcn,McNary,77.4,74.6,0.0,338.64,265.69,72.95,415.2
2023-01-20,5,2023-01-20T04:00,mcn,McNary,86.9,84.1,0.0,338.62,265.88,72.74,466.8
2023-01-20,6,2023-01-20T05:00,mcn,McNary,119.6,116.8,0.0,338.72,266.48,72.24,643.8
2023-01-20,7,2023-01-20T06:00,mcn,McNary,147.7,144.9,0.0,338.84,266.86,71.98,795.8
2023-01-20,8,2023-01-20T07:00,mcn,McNary,148.7,145.9,0.0,338.85,266.97,71.88,800.2
2023-01-20,9,2023-01-20T08:00,mcn,McNary,148.5,145.7,0.0,338.83,266.7,72.13,801.9
2023-01-20,10,2023-01-20T09:00,mcn,McNary,133.2,130.4,0.0,338.95,266.32,72.63,722.6
2023-01-20,11,2023-01-20T10:00,mcn,McNary,132.5,129.7,0.0,338.86,266.33,72.53,717.8
2023-01-20,12,2023-01-20T11:00,mcn,McNary,134.2,131.4,0.0,338.89,266.35,72.54,727.3
2023-01-20,13,2023-01-20T12:00,mcn,McNary,130.7,127.9,0.0,338.91,266.32,72.59,708.4
2023-01-20,14,2023-01-20T13:00,mcn,McNary,121.7,118.9,0.0,338.82,266.26,72.56,658.3
2023-01-20,15,2023-01-20T14:00,mcn,McNary,121.1,118.3,0.0,338.79,266.14,72.65,655.8
2023-01-20,16,2023-01-20T15:00,mcn,McNary,123.8,121.0,0.0,338.75,266.21,72.54,669.7
2023-01-20,17,2023-01-20T16:00,mcn,McNary,134.1,131.3,0.0,338.7,266.35,72.35,724.8
2023-01-20,18,2023-01-20T17:00,mcn,McNary,135.1,132.3,0.0,338.67,266.44,72.23,729.1
2023-01-20,19,2023-01-20T18:00,mcn,McNary,136.0,133.2,0.0,338.6,266.55,72.05,732.3
2023-01-20,20,2023-01-20T19:00,mcn,McNary,134.5,131.7,0.0,338.6,266.32,72.28,726.3
2023-01-20,21,2023-01-20T20:00,mcn,McNary,133.1,130.3,0.0,338.59,266.24,72.35,719.3
2023-01-20,22,2023-01-20T21:00,mcn,McNary,118.6,115.8,0.0,338.5,265.94,72.56,641.1
2023-01-20,23,2023-01-20T22:00,mcn,McNary,117.1,114.3,0.0,338.55,266.02,72.53,632.5
2023-01-20,24,2023-01-20T23:00,mcn,McNary,93.9,91.1,0.0,338.65,265.54,73.11,508.2
2023-01-21,1,2023-01-21T00:00,mcn,McNary,79.1,76.3,0.0,338.57,265.34,73.23,426.3
2023-01-21,2,2023-01-21T01:00,mcn,McNary,78.0,75.2,0.0,338.55,265.36,73.19,419.9
2023-01-21,3,2023-01-21T02:00,mcn,McNary,78.3,75.5,0.0,338.76,265.57,73.19,421.6
2023-01-21,4,2023-01-21T03:00,mcn,McNary,79.0,76.2,0.0,338.76,265.59,73.17,425.4
2023-01-21,5,2023-01-21T04:00,mcn,McNary,97.2,94.4,0.0,338.7,266.09,72.61,523.0
2023-01-21,6,2023-01-21T05:00,mcn,McNary,125.4,122.6,0.0,338.76,266.54,72.22,675.6
2023-01-21,7,2023-01-21T06:00,mcn,McNary,146.9,144.1,0.0,338.81,266.76,72.05,792.2
2023-01-21,8,2023-01-21T07:00,mcn,McNary,147.5,144.7,0.0,338.91,266.79,72.12,796.2
2023-01-21,9,2023-01-21T08:00,mcn,McNary,150.4,147.6,0.0,338.88,266.86,72.02,811.1
2023-01-21,10,2023-01-21T09:00,mcn,McNary,150.4,147.6,0.0,338.94,266.65,72.29,814.1
2023-01-21,11,2023-01-21T10:00,mcn,McNary,130.5,127.7,0.0,339.05,266.28,72.77,709.0
2023-01-21,12,2023-01-21T11:00,mcn,McNary,130.9,128.1,0.0,339.03,266.32,72.71,710.7
2023-01-21,13,2023-01-21T12:00,mcn,McNary,129.4,126.6,0.0,338.92,266.31,72.61,701.4
2023-01-21,14,2023-01-21T13:00,mcn,McNary,129.0,126.2,0.0,338.88,266.37,72.51,698.2
2023-01-21,15,2023-01-21T14:00,mcn,McNary,130.1,127.3,0.0,338.94,266.58,72.36,702.8
2023-01-21,16,2023-01-21T15:00,mcn,McNary,149.8,147.0,0.0,338.75,266.81,71.94,806.9
2023-01-21,17,2023-01-21T16:00,mcn,McNary,153.7,150.9,0.0,338.78,266.83,71.95,828.4
2023-01-21,18,2023-01-21T17:00,mcn,McNary,150.8,148.0,0.0,338.84,266.77,72.07,813.8
2023-01-21,19,2023-01-21T18:00,mcn,McNary,152.1,149.3,0.0,338.72,266.99,71.73,817.1
2023-01-21,20,2023-01-21T19:00,mcn,McNary,151.7,148.9,0.0,338.69,266.66,72.03,818.3
2023-01-21,21,2023-01-21T20:00,mcn,McNary,128.5,125.7,0.0,338.91,266.2,72.71,697.4
2023-01-21,22,2023-01-21T21:00,mcn,McNary,107.9,105.1,0.0,338.94,265.88,73.06,585.9
2023-01-21,23,2023-01-21T22:00,mcn,McNary,90.5,87.7,0.0,339.07,265.64,73.43,491.4
2023-01-21,24,2023-01-21T23:00,mcn,McNary,88.7,85.9,0.0,339.28,265.66,73.62,482.5
2023-01-22,1,2023-01-22T00:00,mcn,McNary,88.2,85.4,0.0,339.36,265.71,73.65,479.9
2023-01-22,2,2023-01-22T01:00,mcn,McNary,87.8,85.0,0.0,339.43,265.83,73.6,477.3
2023-01-22,3,2023-01-22T02:00,mcn,McNary,87.9,85.1,0.0,339.46,265.75,73.71,478.6
2023-01-22,4,2023-01-22T03:00,mcn,McNary,88.8,86.0,0.0,339.52,265.59,73.93,485.1
2023-01-22,5,2023-01-22T04:00,mcn,McNary,87.9,85.1,0.0,339.55,265.39,74.16,481.5
2023-01-22,6,2023-01-22T05:00,mcn,McNary,98.5,95.7,0.0,339.46,265.89,73.57,537.2
2023-01-22,7,2023-01-22T06:00,mcn,McNary,119.2,116.4,0.0,339.43,266.21,73.22,650.3
2023-01-22,8,2023-01-22T07:00,mcn,McNary,119.3,116.5,0.0,339.46,266.19,73.27,651.3
2023-01-22,9,2023-01-22T08:00,mcn,McNary,118.3,115.5,0.0,339.4,266.13,73.27,645.7
2023-01-22,10,2023-01-22T09:00,mcn,McNary,119.5,116.7,0.0,339.36,266.0,73.36,653.2
2023-01-22,11,2023-01-22T10:00,mcn,McNary,120.1,117.3,0.0,339.35,265.88,73.47,657.6
2023-01-22,12,2023-01-22T11:00,mcn,McNary,120.5,117.7,0.0,339.25,266.0,73.25,657.8
2023-01-22,13,2023-01-22T12:00,mcn,McNary,120.5,117.7,0.0,339.21,266.13,73.08,656.3
2023-01-22,14,2023-01-22T13:00,mcn,McNary,120.6,117.8,0.0,339.16,266.05,73.11,657.1
2023-01-22,15,2023-01-22T14:00,mcn,McNary,121.2,118.4,0.0,339.13,265.97,73.16,660.9
2023-01-22,16,2023-01-22T15:00,mcn,McNary,120.0,117.2,0.0,339.0,265.92,73.08,653.5
2023-01-22,17,2023-01-22T16:00,mcn,McNary,120.1,117.3,0.0,338.96,266.03,72.93,652.7
2023-01-22,18,2023-01-22T17:00,mcn,McNary,129.7,126.9,0.0,338.94,266.24,72.7,703.9
2023-01-22,19,2023-01-22T18:00,mcn,McNary,132.8,130.0,0.0,338.9,266.33,72.57,719.8
2023-01-22,20,2023-01-22T19:00,mcn,McNary,135.3,132.5,0.0,339.02,266.33,72.69,734.9
2023-01-22,21,2023-01-22T20:00,mcn,McNary,128.0,125.2,0.0,339.03,266.21,72.82,695.6
2023-01-22,22,2023-01-22T21:00,mcn,McNary,125.5,122.7,0.0,339.04,266.02,73.02,683.6
2023-01-22,23,2023-01-22T22:00,mcn,McNary,96.1,93.3,0.0,339.27,265.3,73.97,526.6
2023-01-22,24,2023-01-22T23:00,mcn,McNary,70.5,67.7,0.0,339.26,265.31,73.95,382.0
2023-01-23,1,2023-01-23T00:00,mcn,McNary,97.4,94.6,0.0,339.21,265.89,73.32,529.2
2023-01-23,2,2023-01-23T01:00,mcn,McNary,99.0,96.2,0.0,339.27,266.03,73.24,537.6
2023-01-23,3,2023-01-23T02:00,mcn,McNary,115.7,112.9,0.0,339.19,266.49,72.7,626.3
2023-01-23,4,2023-01-23T03:00,mcn,McNary,136.1,133.3,0.0,339.13,266.94,72.19,734.2
2023-01-23,5,2023-01-23T04:00,mcn,McNary,147.3,144.5,0.0,339.12,266.78,72.34,797.6
2023-01-23,6,2023-01-23T05:00,mcn,McNary,147.9,145.1,0.0,339.02,266.81,72.21,799.4
2023-01-23,7,2023-01-23T06:00,mcn,McNary,149.5,146.7,0.0,339.15,267.08,72.07,806.7
2023-01-23,8,2023-01-23T07:00,mcn,McNary,149.1,146.3,0.0,339.22,266.73,72.49,809.2
2023-01-23,9,2023-01-23T08:00,mcn,McNary,148.5,145.7,0.0,339.24,266.74,72.5,806.0
2023-01-23,10,2023-01-23T09:00,mcn,McNary,149.3,146.5,0.0,339.31,266.72,72.59,811.4
2023-01-23,11,2023-01-23T10:00,mcn,McNary,129.5,126.7,0.0,339.44,266.34,73.1,706.7
2023-01-23,12,2023-01-23T11:00,mcn,McNary,129.3,126.5,0.0,339.37,266.34,73.03,704.9
2023-01-23,13,2023-01-23T12:00,mcn,McNary,126.3,123.5,0.0,339.4,266.3,73.1,688.8
2023-01-23,14,2023-01-23T13:00,mcn,McNary,127.9,125.1,0.0,339.36,266.38,72.98,696.6
2023-01-23,15,2023-01-23T14:00,mcn,McNary,133.7,130.9,0.0,339.27,266.39,72.88,727.9
2023-01-23,16,2023-01-23T15:00,mcn,McNary,132.6,129.8,0.0,339.26,266.42,72.84,721.4
2023-01-23,17,2023-01-23T16:00,mcn,McNary,148.8,146.0,0.0,339.13,266.68,72.45,807.1
2023-01-23,18,2023-01-23T17:00,mcn,McNary,148.6,145.8,0.0,339.14,266.64,72.5,806.5
2023-01-23,19,2023-01-23T18:00,mcn,McNary,149.1,146.3,0.0,339.09,266.64,72.45,808.7
2023-01-23,20,2023-01-23T19:00,mcn,McNary,151.5,148.7,0.0,338.95,266.61,72.34,820.8
2023-01-23,21,2023-01-23T20:00,mcn,McNary,138.2,135.4,0.0,338.83,266.27,72.56,749.6
2023-01-23,22,2023-01-23T21:00,mcn,McNary,117.0,114.2,0.0,338.85,265.92,72.93,635.5
2023-01-23,23,2023-01-23T22:00,mcn,McNary,97.6,94.8,0.0,338.92,265.57,73.35,530.6
2023-01-23,24,2023-01-23T23:00,mcn,McNary,79.3,76.5,0.0,338.96,265.38,73.58,429.5
2023-01-24,1,2023-01-24T00:00,mcn,McNary,77.7,74.9,0.0,339.06,265.62,73.44,419.7
2023-01-24,2,2023-01-24T01:00,mcn,McNary,78.2,75.4,0.0,339.12,265.66,73.46,422.6
2023-01-24,3,2023-01-24T02:00,mcn,McNary,78.4,75.6,0.0,339.16,265.64,73.52,424.1
2023-01-24,4,2023-01-24T03:00,mcn,McNary,78.5,75.7,0.0,339.25,265.64,73.61,425.2
2023-01-24,5,2023-01-24T04:00,mcn,McNary,96.7,93.9,0.0,339.32,266.19,73.13,523.9
2023-01-24,6,2023-01-24T05:00,mcn,McNary,124.6,121.8,0.0,339.3,266.61,72.69,675.5
2023-01-24,7,2023-01-24T06:00,mcn,McNary,154.7,151.9,0.0,339.19,267.25,71.94,833.8
2023-01-24,8,2023-01-24T07:00,mcn,McNary,153.6,150.8,0.0,339.34,266.96,72.38,832.8
2023-01-24,9,2023-01-24T08:00,mcn,McNary,147.9,145.1,0.0,339.34,266.39,72.95,807.6
2023-01-24,10,2023-01-24T09:00,mcn,McNary,117.3,114.5,0.0,339.41,265.75,73.66,643.5
2023-01-24,11,2023-01-24T10:00,mcn,McNary,99.1,96.3,0.0,339.36,265.64,73.72,541.7
2023-01-24,12,2023-01-24T11:00,mcn,McNary,98.2,95.4,0.0,339.4,265.86,73.54,535.3
2023-01-24,13,2023-01-24T12:00,mcn,McNary,99.2,96.4,0.0,339.39,266.03,73.36,539.6
2023-01-24,14,2023-01-24T13:00,mcn,McNary,99.2,96.4,0.0,339.37,265.97,73.4,539.9
2023-01-24,15,2023-01-24T14:00,mcn,McNary,96.7,93.9,0.0,339.43,265.81,73.62,527.5
2023-01-24,16,2023-01-24T15:00,mcn,McNary,96.8,94.0,0.0,339.41,265.65,73.76,529.0
2023-01-24,17,2023-01-24T16:00,mcn,McNary,101.7,98.9,0.0,339.35,265.99,73.36,553.6
2023-01-24,18,2023-01-24T17:00,mcn,McNary,128.8,126.0,0.0,339.26,266.65,72.61,698.1
2023-01-24,19,2023-01-24T18:00,mcn,McNary,150.8,148.0,0.0,339.28,267.0,72.28,816.2
2023-01-24,20,2023-01-24T19:00,mcn,McNary,152.1,149.3,0.0,339.26,266.9,72.36,824.3
2023-01-24,21,2023-01-24T20:00,mcn,McNary,148.7,145.9,0.0,339.06,266.61,72.45,806.5
2023-01-24,22,2023-01-24T21:00,mcn,McNary,146.9,144.1,0.0,339.03,266.28,72.75,799.9
2023-01-24,23,2023-01-24T22:00,mcn,McNary,117.7,114.9,0.0,339.15,265.85,73.3,642.6
2023-01-24,24,2023-01-24T23:00,mcn,McNary,100.9,98.1,0.0,339.1,265.89,73.21,548.0
2023-01-25,1,2023-01-25T00:00,mcn,McNary,79.4,76.6,0.0,339.24,265.59,73.65,430.5
2023-01-25,2,2023-01-25T01:00,mcn,McNary,80.2,77.4,0.0,339.23,265.72,73.51,434.1
2023-01-25,3,2023-01-25T02:00,mcn,McNary,78.0,75.2,0.0,339.24,265.62,73.62,422.4
2023-01-25,4,2023-01-25T03:00,mcn,McNary,78.7,75.9,0.0,339.26,265.86,73.4,425.1
2023-01-25,5,2023-01-25T04:00,mcn,McNary,102.2,99.4,0.0,339.16,266.32,72.84,552.4
2023-01-25,6,2023-01-25T05:00,mcn,McNary,136.3,133.5,0.0,339.07,267.08,71.99,733.3
2023-01-25,7,2023-01-25T06:00,mcn,McNary,158.9,156.1,0.0,339.05,267.37,71.68,853.7
2023-01-25,8,2023-01-25T07:00,mcn,McNary,154.9,152.1,0.0,339.05,266.8,72.25,838.5
2023-01-25,9,2023-01-25T08:00,mcn,McNary,122.7,119.9,0.0,339.14,266.04,73.1,668.7
2023-01-25,10,2023-01-25T09:00,mcn,McNary,109.9,107.1,0.0,339.2,265.89,73.31,599.1
2023-01-25,11,2023-01-25T10:00,mcn,McNary,100.9,98.1,0.0,339.25,265.83,73.42,549.6
2023-01-25,12,2023-01-25T11:00,mcn,McNary,99.8,97.0,0.0,339.31,266.16,73.15,541.4
2023-01-25,13,2023-01-25T12:00,mcn,McNary,100.5,97.7,0.0,339.38,266.13,73.25,546.0
2023-01-25,14,2023-01-25T13:00,mcn,McNary,99.5,96.7,0.0,339.36,265.96,73.4,541.6
2023-01-25,15,2023-01-25T14:00,mcn,McNary,99.8,97.0,0.0,339.41,265.81,73.6,544.7
2023-01-25,16,2023-01-25T15:00,mcn,McNary,100.7,97.9,0.0,339.4,265.83,73.57,549.6
2023-01-25,17,2023-01-25T16:00,mcn,McNary,120.5,117.7,0.0,339.38,266.32,73.06,656.1
2023-01-25,18,2023-01-25T17:00,mcn,McNary,141.3,138.5,0.0,339.35,266.71,72.64,767.6
2023-01-25,19,2023-01-25T18:00,mcn,McNary,143.3,140.5,0.0,339.47,266.66,72.81,780.5
2023-01-25,20,2023-01-25T19:00,mcn,McNary,145.1,142.3,0.0,339.38,266.59,72.79,790.3
2023-01-25,21,2023-01-25T20:00,mcn,McNary,142.5,139.7,0.0,339.4,266.29,73.11,779.3
2023-01-25,22,2023-01-25T21:00,mcn,McNary,131.0,128.2,0.0,339.44,265.97,73.47,718.7
2023-01-25,23,2023-01-25T22:00,mcn,McNary,103.0,100.2,0.0,339.49,265.67,73.82,564.4
2023-01-25,24,2023-01-25T23:00,mcn,McNary,88.7,85.9,0.0,339.41,265.71,73.7,483.0
2023-01-26,1,2023-01-26T00:00,mcn,McNary,88.9,86.1,0.0,339.39,265.7,73.69,484.1
2023-01-26,2,2023-01-26T01:00,mcn,McNary,88.6,85.8,0.0,339.47,265.73,73.74,482.7
2023-01-26,3,2023-01-26T02:00,mcn,McNary,88.0,85.2,0.0,339.51,265.76,73.75,479.4
2023-01-26,4,2023-01-26T03:00,mcn,McNary,88.9,86.1,0.0,339.51,265.85,73.66,483.9
2023-01-26,5,2023-01-26T04:00,mcn,McNary,97.5,94.7,0.0,339.51,266.02,73.49,531.0
2023-01-26,6,2023-01-26T05:00,mcn,McNary,122.0,119.2,0.0,339.52,266.6,72.92,663.2
2023-01-26,7,2023-01-26T06:00,mcn,McNary,148.4,145.6,0.0,339.45,267.01,72.44,804.8
2023-01-26,8,2023-01-26T07:00,mcn,McNary,149.1,146.3,0.0,339.49,266.87,72.62,810.6
2023-01-26,9,2023-01-26T08:00,mcn,McNary,149.1,146.3,0.0,339.47,266.72,72.75,812.1
2023-01-26,10,2023-01-26T09:00,mcn,McNary,138.1,135.3,0.0,339.53,266.35,73.18,755.5
2023-01-26,11,2023-01-26T10:00,mcn,McNary,137.0,134.2,0.0,339.37,266.4,72.97,747.2
2023-01-26,12,2023-01-26T11:00,mcn,McNary,126.9,124.1,0.0,339.62,266.32,73.3,694.1
2023-01-26,13,2023-01-26T12:00,mcn,McNary,117.0,114.2,0.0,339.56,266.34,73.22,638.0
2023-01-26,14,2023-01-26T13:00,mcn,McNary,115.8,113.0,0.0,339.46,266.27,73.19,631.0
2023-01-26,15,2023-01-26T14:00,mcn,McNary,116.8,114.0,0.0,339.49,266.28,73.21,636.8
2023-01-26,16,2023-01-26T15:00,mcn,McNary,116.8,114.0,0.0,339.5,266.18,73.32,637.8
2023-01-26,17,2023-01-26T16:00,mcn,McNary,126.0,123.2,0.0,339.39,266.37,73.02,686.4
2023-01-26,18,2023-01-26T17:00,mcn,McNary,126.5,123.7,0.0,339.44,266.58,72.86,687.7
2023-01-26,19,2023-01-26T18:00,mcn,McNary,126.4,123.6,0.0,339.49,266.51,72.98,688.3
2023-01-26,20,2023-01-26T19:00,mcn,McNary,126.2,123.4,0.0,339.43,266.37,73.06,687.9
2023-01-26,21,2023-01-26T20:00,mcn,McNary,126.4,123.6,0.0,339.45,266.36,73.09,689.3
2023-01-26,22,2023-01-26T21:00,mcn,McNary,119.0,116.2,0.0,339.43,266.14,73.29,649.8
2023-01-26,23,2023-01-26T22:00,mcn,McNary,90.2,87.4,0.0,339.4,265.86,73.54,490.4
2023-01-26,24,2023-01-26T23:00,mcn,McNary,87.9,85.1,0.0,339.35,265.97,73.38,476.5
2023-01-27,1,2023-01-27T00:00,mcn,McNary,83.5,80.7,0.0,339.38,265.96,73.42,452.1
2023-01-27,2,2023-01-27T01:00,mcn,McNary,83.2,80.4,0.0,339.42,266.1,73.32,449.8
2023-01-27,3,2023-01-27T02:00,mcn,McNary,83.3,80.5,0.0,339.4,266.04,73.36,450.6
2023-01-27,4,2023-01-27T03:00,mcn,McNary,83.5,80.7,0.0,339.27,266.11,73.16,450.5
2023-01-27,5,2023-01-27T04:00,mcn,McNary,84.6,81.8,0.0,339.27,265.85,73.42,458.2
2023-01-27,6,2023-01-27T05:00,mcn,McNary,98.8,96.0,0.0,339.23,266.13,73.1,535.4
2023-01-27,7,2023-01-27T06:00,mcn,McNary,131.3,128.5,0.0,339.12,266.66,72.46,710.4
2023-01-27,8,2023-01-27T07:00,mcn,McNary,130.8,128.0,0.0,339.23,266.55,72.68,709.8
2023-01-27,9,2023-01-27T08:00,mcn,McNary,112.4,109.6,0.0,339.28,266.23,73.05,610.9
2023-01-27,10,2023-01-27T09:00,mcn,McNary,106.0,103.2,0.0,339.21,265.81,73.4,578.0
2023-01-27,11,2023-01-27T10:00,mcn,McNary,89.5,86.7,0.0,339.3,265.34,73.96,489.3
2023-01-27,12,2023-01-27T11:00,mcn,McNary,84.9,82.1,0.0,339.29,265.48,73.81,462.4
2023-01-27,13,2023-01-27T12:00,mcn,McNary,85.1,82.3,0.0,339.34,265.57,73.77,463.2
2023-01-27,14,2023-01-27T13:00,mcn,McNary,84.2,81.4,0.0,339.34,265.43,73.91,459.0
2023-01-27,15,2023-01-27T14:00,mcn,McNary,82.7,79.9,0.0,339.33,265.65,73.68,449.2
2023-01-27,16,2023-01-27T15:00,mcn,McNary,106.0,103.2,0.0,339.27,265.84,73.43,578.2
2023-01-27,17,2023-01-27T16:00,mcn,McNary,126.9,124.1,0.0,339.25,266.21,73.04,691.6
2023-01-27,18,2023-01-27T17:00,mcn,McNary,129.9,127.1,0.0,339.24,266.3,72.94,707.4
2023-01-27,19,2023-01-27T18:00,mcn,McNary,129.0,126.2,0.0,339.23,266.32,72.91,702.1
2023-01-27,20,2023-01-27T19:00,mcn,McNary,117.4,114.6,0.0,339.21,265.88,73.33,641.2
2023-01-27,21,2023-01-27T20:00,mcn,McNary,109.2,106.4,0.0,339.26,265.55,73.71,598.4
2023-01-27,22,2023-01-27T21:00,mcn,McNary,100.1,97.3,0.0,339.29,265.47,73.82,548.0
2023-01-27,23,2023-01-27T22:00,mcn,McNary,82.4,79.6,0.0,339.28,265.2,74.08,449.9
2023-01-27,24,2023-01-27T23:00,mcn,McNary,80.6,77.8,0.0,339.34,265.48,73.86,438.4
2023-01-28,1,2023-01-28T00:00,mcn,McNary,81.0,78.2,0.0,339.29,265.3,73.99,441.5
2023-01-28,2,2023-01-28T01:00,mcn,McNary,79.9,77.1,0.0,339.27,265.25,74.02,435.4
2023-01-28,3,2023-01-28T02:00,mcn,McNary,79.4,76.6,0.0,339.22,265.21,74.01,432.6
2023-01-28,4,2023-01-28T03:00,mcn,McNary,87.2,84.4,0.0,339.25,265.52,73.73,474.8
2023-01-28,5,2023-01-28T04:00,mcn,McNary,96.7,93.9,0.0,339.29,265.6,73.69,528.0
2023-01-28,6,2023-01-28T05:00,mcn,McNary,97.7,94.9,0.0,339.26,265.84,73.42,531.6
2023-01-28,7,2023-01-28T06:00,mcn,McNary,118.0,115.2,0.0,339.06,266.14,72.92,640.9
2023-01-28,8,2023-01-28T07:00,mcn,McNary,138.5,135.7,0.0,338.98,266.27,72.71,752.8
2023-01-28,9,2023-01-28T08:00,mcn,McNary,138.0,135.2,0.0,339.13,266.11,73.02,753.3
2023-01-28,10,2023-01-28T09:00,mcn,McNary,126.9,124.1,0.0,339.1,265.82,73.28,693.9
2023-01-28,11,2023-01-28T10:00,mcn,McNary,107.8,105.0,0.0,339.15,265.52,73.63,589.9
2023-01-28,12,2023-01-28T11:00,mcn,McNary,106.9,104.1,0.0,339.23,265.54,73.69,585.3
2023-01-28,13,2023-01-28T12:00,mcn,McNary,107.0,104.2,0.0,339.19,265.6,73.59,585.1
2023-01-28,14,2023-01-28T13:00,mcn,McNary,107.1,104.3,0.0,339.23,265.56,73.67,586.3
2023-01-28,15,2023-01-28T14:00,mcn,McNary,107.4,104.6,0.0,339.34,265.56,73.78,588.8
2023-01-28,16,2023-01-28T15:00,mcn,McNary,116.4,113.6,0.0,339.31,265.78,73.53,637.3
2023-01-28,17,2023-01-28T16:00,mcn,McNary,136.8,134.0,0.0,339.33,266.09,73.24,748.8
2023-01-28,18,2023-01-28T17:00,mcn,McNary,136.8,134.0,0.0,339.34,266.1,73.24,748.8
2023-01-28,19,2023-01-28T18:00,mcn,McNary,142.8,140.0,0.0,339.37,266.2,73.17,781.6
2023-01-28,20,2023-01-28T19:00,mcn,McNary,141.4,138.6,0.0,339.32,266.17,73.15,773.6
2023-01-28,21,2023-01-28T20:00,mcn,McNary,140.2,137.4,0.0,339.36,265.97,73.39,769.4
2023-01-28,22,2023-01-28T21:00,mcn,McNary,119.4,116.6,0.0,339.42,265.44,73.98,658.2
2023-01-28,23,2023-01-28T22:00,mcn,McNary,100.8,98.0,0.0,339.41,265.3,74.11,554.2
2023-01-28,24,2023-01-28T23:00,mcn,McNary,96.4,93.6,0.0,339.44,265.37,74.07,529.0
2023-01-29,1,2023-01-29T00:00,mcn,McNary,88.2,85.4,0.0,339.51,265.31,74.2,483.5
2023-01-29,2,2023-01-29T01:00,mcn,McNary,88.1,85.3,0.0,339.57,265.44,74.13,482.5
2023-01-29,3,2023-01-29T02:00,mcn,McNary,87.9,85.1,0.0,339.5,265.35,74.15,481.5
2023-01-29,4,2023-01-29T03:00,mcn,McNary,88.7,85.9,0.0,339.58,265.39,74.19,486.3
2023-01-29,5,2023-01-29T04:00,mcn,McNary,107.5,104.7,0.0,339.47,265.76,73.71,588.8
2023-01-29,6,2023-01-29T05:00,mcn,McNary,137.3,134.5,0.0,339.43,266.34,73.09,750.1
2023-01-29,7,2023-01-29T06:00,mcn,McNary,152.0,149.2,0.0,339.48,266.59,72.89,829.8
2023-01-29,8,2023-01-29T07:00,mcn,McNary,149.6,146.8,0.0,339.54,266.39,73.15,819.3
2023-01-29,9,2023-01-29T08:00,mcn,McNary,148.7,145.9,0.0,339.58,266.32,73.26,815.5
2023-01-29,10,2023-01-29T09:00,mcn,McNary,148.0,145.2,0.0,339.55,266.04,73.51,814.4
2023-01-29,11,2023-01-29T10:00,mcn,McNary,124.8,122.0,0.0,339.69,265.61,74.08,689.6
2023-01-29,12,2023-01-29T11:00,mcn,McNary,123.3,120.5,0.0,339.47,265.79,73.68,677.4
2023-01-29,13,2023-01-29T12:00,mcn,McNary,122.9,120.1,0.0,339.49,265.76,73.73,675.6
2023-01-29,14,2023-01-29T13:00,mcn,McNary,123.1,120.3,0.0,339.55,265.79,73.76,677.0
2023-01-29,15,2023-01-29T14:00,mcn,McNary,123.2,120.4,0.0,339.45,265.72,73.73,677.3
2023-01-29,16,2023-01-29T15:00,mcn,McNary,123.3,120.5,0.0,339.43,265.99,73.44,675.2
2023-01-29,17,2023-01-29T16:00,mcn,McNary,146.3,143.5,0.0,339.37,266.33,73.04,799.7
2023-01-29,18,2023-01-29T17:00,mcn,McNary,147.1,144.3,0.0,339.35,266.34,73.01,803.8
2023-01-29,19,2023-01-29T18:00,mcn,McNary,147.4,144.6,0.0,339.28,266.35,72.93,804.6
2023-01-29,20,2023-01-29T19:00,mcn,McNary,150.2,147.4,0.0,339.19,266.36,72.83,819.1
2023-01-29,21,2023-01-29T20:00,mcn,McNary,149.6,146.8,0.0,339.08,266.33,72.75,814.9
2023-01-29,22,2023-01-29T21:00,mcn,McNary,156.7,153.9,0.0,339.03,266.33,72.7,853.7
2023-01-29,23,2023-01-29T22:00,mcn,McNary,129.9,127.1,0.0,339.08,265.72,73.36,711.4
2023-01-29,24,2023-01-29T23:00,mcn,McNary,104.4,101.6,0.0,339.05,265.44,73.61,570.6
2023-01-30,1,2023-01-30T00:00,mcn,McNary,101.2,98.4,0.0,338.97,265.37,73.6,552.6
2023-01-30,2,2023-01-30T01:00,mcn,McNary,97.8,95.0,0.0,338.98,265.57,73.41,532.1
2023-01-30,3,2023-01-30T02:00,mcn,McNary,116.3,113.5,0.0,338.93,266.17,72.76,630.1
2023-01-30,4,2023-01-30T03:00,mcn,McNary,136.8,134.0,0.0,338.91,266.64,72.27,738.9
2023-01-30,5,2023-01-30T04:00,mcn,McNary,160.1,157.3,0.0,338.88,266.79,72.09,865.2
2023-01-30,6,2023-01-30T05:00,mcn,McNary,161.2,158.4,0.0,338.9,266.67,72.23,873.0
2023-01-30,7,2023-01-30T06:00,mcn,McNary,161.0,158.2,0.0,338.82,266.66,72.16,871.0
2023-01-30,8,2023-01-30T07:00,mcn,McNary,160.1,157.3,0.0,338.92,266.49,72.43,869.3
2023-01-30,9,2023-01-30T08:00,mcn,McNary,158.6,155.8,0.0,338.97,266.49,72.48,861.6
2023-01-30,10,2023-01-30T09:00,mcn,McNary,159.7,156.9,0.0,339.03,266.7,72.33,865.9
2023-01-30,11,2023-01-30T10:00,mcn,McNary,154.0,151.2,0.0,339.1,266.42,72.68,838.5
2023-01-30,12,2023-01-30T11:00,mcn,McNary,146.3,143.5,0.0,339.05,266.31,72.74,796.4
2023-01-30,13,2023-01-30T12:00,mcn,McNary,150.3,147.5,0.0,338.87,266.39,72.48,815.7
2023-01-30,14,2023-01-30T13:00,mcn,McNary,151.1,148.3,0.0,338.8,266.38,72.42,819.5
2023-01-30,15,2023-01-30T14:00,mcn,McNary,150.6,147.8,0.0,338.77,266.38,72.39,816.4
2023-01-30,16,2023-01-30T15:00,mcn,McNary,150.9,148.1,0.0,338.67,266.38,72.29,816.9
2023-01-30,17,2023-01-30T16:00,mcn,McNary,152.6,149.8,0.0,338.68,266.35,72.33,826.7
2023-01-30,18,2023-01-30T17:00,mcn,McNary,151.4,148.6,0.0,338.64,266.3,72.34,820.2
2023-01-30,19,2023-01-30T18:00,mcn,McNary,149.9,147.1,0.0,338.64,266.34,72.3,811.5
2023-01-30,20,2023-01-30T19:00,mcn,McNary,150.5,147.7,0.0,338.7,266.32,72.38,815.7
2023-01-30,21,2023-01-30T20:00,mcn,McNary,150.9,148.1,0.0,338.67,266.31,72.36,817.7
2023-01-30,22,2023-01-30T21:00,mcn,McNary,150.0,147.2,0.0,338.67,266.29,72.38,812.9
2023-01-30,23,2023-01-30T22:00,mcn,McNary,138.9,136.1,0.0,338.75,265.87,72.88,756.8
2023-01-30,24,2023-01-30T23:00,mcn,McNary,118.6,115.8,0.0,338.8,265.46,73.34,648.0
2023-01-31,1,2023-01-31T00:00,mcn,McNary,92.7,89.9,0.0,338.89,265.22,73.67,505.3
2023-01-31,2,2023-01-31T01:00,mcn,McNary,92.1,89.3,0.0,338.82,265.32,73.5,500.8
2023-01-31,3,2023-01-31T02:00,mcn,McNary,92.8,90.0,0.0,338.99,265.45,73.54,505.0
2023-01-31,4,2023-01-31T03:00,mcn,McNary,93.6,90.8,0.0,339.06,265.72,73.34,508.1
2023-01-31,5,2023-01-31T04:00,mcn,McNary,116.8,114.0,0.0,338.99,266.13,72.86,633.8
2023-01-31,6,2023-01-31T05:00,mcn,McNary,139.4,136.6,0.0,338.99,266.62,72.37,754.3
2023-01-31,7,2023-01-31T06:00,mcn,McNary,154.5,151.7,0.0,338.99,266.58,72.41,838.1
2023-01-31,8,2023-01-31T07:00,mcn,McNary,154.1,151.3,0.0,339.06,266.58,72.48,836.7
2023-01-31,9,2023-01-31T08:00,mcn,McNary,155.2,152.4,0.0,339.02,266.57,72.45,842.5
2023-01-31,10,2023-01-31T09:00,mcn,McNary,153.7,150.9,0.0,339.03,266.36,72.67,836.7
2023-01-31,11,2023-01-31T10:00,mcn,McNary,159.9,157.1,0.0,339.09,266.61,72.48,868.8
2023-01-31,12,2023-01-31T11:00,mcn,McNary,160.5,157.7,0.0,339.12,266.5,72.62,873.8
2023-01-31,13,2023-01-31T12:00,mcn,McNary,160.3,157.5,0.0,339.08,266.62,72.46,870.8
2023-01-31,14,2023-01-31T13:00,mcn,McNary,167.0,164.2,0.0,338.94,266.7,72.24,905.1
2023-01-31,15,2023-01-31T14:00,mcn,McNary,165.8,163.0,0.0,338.95,266.71,72.24,898.4
2023-01-31,16,2023-01-31T15:00,mcn,McNary,165.7,162.9,0.0,339.01,266.73,72.28,898.4
2023-01-31,17,2023-01-31T16:00,mcn,McNary,165.4,162.6,0.0,338.98,266.74,72.24,896.2
2023-01-31,18,2023-01-31T17:00,mcn,McNary,166.0,163.2,0.0,338.96,266.71,72.25,899.7
2023-01-31,19,2023-01-31T18:00,mcn,McNary,164.5,161.7,0.0,339.0,266.77,72.23,891.2
2023-01-31,20,2023-01-31T19:00,mcn,McNary,165.3,162.5,0.0,338.98,266.79,72.19,895.1
2023-01-31,21,2023-01-31T20:00,mcn,McNary,164.2,161.4,0.0,338.93,266.63,72.3,890.4
2023-01-31,22,2023-01-31T21:00,mcn,McNary,163.2,160.4,0.0,338.96,266.41,72.55,887.9
2023-01-31,23,2023-01-31T22:00,mcn,McNary,138.4,135.6,0.0,339.05,266.18,72.87,753.9
2023-01-31,24,2023-01-31T23:00,mcn,McNary,137.5,134.7,0.0,338.96,266.3,72.66,746.8
2023-02-01,1,2023-02-01T00:00,mcn,McNary,137.2,134.4,0.0,338.9,266.29,72.61,744.6
2023-02-01,2,2023-02-01T01:00,mcn,McNary,137.0,134.2,0.0,338.9,266.32,72.58,743.2
2023-02-01,3,2023-02-01T02:00,mcn,McNary,137.0,134.2,0.0,338.85,266.56,72.29,740.2
2023-02-01,4,2023-02-01T03:00,mcn,McNary,137.7,134.9,0.0,338.79,266.58,72.21,743.2
2023-02-01,5,2023-02-01T04:00,mcn,McNary,137.9,135.1,0.0,338.85,266.57,72.28,745.1
2023-02-01,6,2023-02-01T05:00,mcn,McNary,138.5,135.7,0.0,338.74,266.68,72.06,746.1
2023-02-01,7,2023-02-01T06:00,mcn,McNary,165.0,162.2,0.0,338.65,267.16,71.49,884.8
2023-02-01,8,2023-02-01T07:00,mcn,McNary,166.7,163.9,0.0,338.72,267.06,71.66,896.1
2023-02-01,9,2023-02-01T08:00,mcn,McNary,163.4,160.6,0.0,338.67,266.86,71.81,879.9
2023-02-01,10,2023-02-01T09:00,mcn,McNary,135.6,132.8,0.0,338.94,266.09,72.85,738.2
2023-02-01,11,2023-02-01T10:00,mcn,McNary,116.4,113.6,0.0,338.89,265.98,72.91,632.0
2023-02-01,12,2023-02-01T11:00,mcn,McNary,116.4,113.6,0.0,339.0,266.1,72.9,631.9
2023-02-01,13,2023-02-01T12:00,mcn,McNary,116.6,113.8,0.0,339.03,266.33,72.7,631.2
2023-02-01,14,2023-02-01T13:00,mcn,McNary,116.0,113.2,0.0,339.28,266.32,72.96,630.2
2023-02-01,15,2023-02-01T14:00,mcn,McNary,118.1,115.3,0.0,339.29,266.3,72.99,642.1
2023-02-01,16,2023-02-01T15:00,mcn,McNary,136.7,133.9,0.0,339.26,266.65,72.61,741.8
2023-02-01,17,2023-02-01T16:00,mcn,McNary,159.8,157.0,0.0,339.34,266.9,72.44,867.8
2023-02-01,18,2023-02-01T17:00,mcn,McNary,159.9,157.1,0.0,339.31,266.92,72.39,867.7
2023-02-01,19,2023-02-01T18:00,mcn,McNary,160.8,158.0,0.0,339.26,267.04,72.22,870.6
2023-02-01,20,2023-02-01T19:00,mcn,McNary,161.1,158.3,0.0,339.2,267.06,72.14,871.3
2023-02-01,21,2023-02-01T20:00,mcn,McNary,162.3,159.5,0.0,339.14,266.78,72.36,880.6
2023-02-01,22,2023-02-01T21:00,mcn,McNary,148.8,146.0,0.0,339.06,266.59,72.47,807.3
2023-02-01,23,2023-02-01T22:00,mcn,McNary,137.9,135.1,0.0,339.12,266.34,72.78,750.2
2023-02-01,24,2023-02-01T23:00,mcn,McNary,118.1,115.3,0.0,339.09,266.29,72.8,640.4
2023-02-02,1,2023-02-02T00:00,mcn,McNary,118.6,115.8,0.0,338.87,266.31,72.56,641.1
2023-02-02,2,2023-02-02T01:00,mcn,McNary,119.8,117.0,0.0,338.85,266.33,72.52,647.4
2023-02-02,3,2023-02-02T02:00,mcn,McNary,129.5,126.7,0.0,338.81,266.44,72.37,699.6
2023-02-02,4,2023-02-02T03:00,mcn,McNary,117.8,115.0,0.0,338.88,266.25,72.63,637.3
2023-02-02,5,2023-02-02T04:00,mcn,McNary,137.4,134.6,0.0,338.67,266.84,71.83,737.7
2023-02-02,6,2023-02-02T05:00,mcn,McNary,161.7,158.9,0.0,338.66,267.18,71.48,866.6
2023-02-02,7,2023-02-02T06:00,mcn,McNary,164.8,162.0,0.0,338.69,267.14,71.55,884.4
2023-02-02,8,2023-02-02T07:00,mcn,McNary,163.5,160.7,0.0,338.69,267.13,71.56,877.4
2023-02-02,9,2023-02-02T08:00,mcn,McNary,164.3,161.5,0.0,338.72,267.04,71.68,883.3
2023-02-02,10,2023-02-02T09:00,mcn,McNary,161.2,158.4,0.0,338.74,266.85,71.89,868.9
2023-02-02,11,2023-02-02T10:00,mcn,McNary,159.4,156.6,0.0,338.86,266.83,72.03,860.7
2023-02-02,12,2023-02-02T11:00,mcn,McNary,131.9,129.1,0.0,338.95,266.41,72.54,714.5
2023-02-02,13,2023-02-02T12:00,mcn,McNary,130.1,127.3,0.0,338.9,266.66,72.24,701.7
2023-02-02,14,2023-02-02T13:00,mcn,McNary,131.6,128.8,0.0,339.02,266.76,72.26,710.1
2023-02-02,15,2023-02-02T14:00,mcn,McNary,157.7,154.9,0.0,338.95,267.1,71.85,849.2
2023-02-02,16,2023-02-02T15:00,mcn,McNary,160.6,157.8,0.0,339.03,267.08,71.95,866.3
2023-02-02,17,2023-02-02T16:00,mcn,McNary,160.2,157.4,0.0,339.01,267.26,71.75,861.7
2023-02-02,18,2023-02-02T17:00,mcn,McNary,158.2,155.4,0.0,338.99,267.08,71.91,852.6
2023-02-02,19,2023-02-02T18:00,mcn,McNary,157.5,154.7,0.0,338.92,267.12,71.8,847.5
2023-02-02,20,2023-02-02T19:00,mcn,McNary,158.7,155.9,0.0,338.94,267.0,71.94,855.7
2023-02-02,21,2023-02-02T20:00,mcn,McNary,143.0,140.2,0.0,338.93,266.77,72.16,771.9
2023-02-02,22,2023-02-02T21:00,mcn,McNary,141.9,139.1,0.0,338.93,266.72,72.21,766.4
2023-02-02,23,2023-02-02T22:00,mcn,McNary,131.5,128.7,0.0,339.0,266.49,72.51,712.0
2023-02-02,24,2023-02-02T23:00,mcn,McNary,115.7,112.9,0.0,339.05,266.2,72.85,627.5
2023-02-03,1,2023-02-03T00:00,mcn,McNary,97.5,94.7,0.0,338.99,265.98,73.01,527.5
2023-02-03,2,2023-02-03T01:00,mcn,McNary,95.9,93.1,0.0,339.04,266.23,72.81,517.2
2023-02-03,3,2023-02-03T02:00,mcn,McNary,96.1,93.3,0.0,339.1,266.18,72.92,519.1
2023-02-03,4,2023-02-03T03:00,mcn,McNary,96.8,94.0,0.0,339.14,266.31,72.83,522.4
2023-02-03,5,2023-02-03T04:00,mcn,McNary,115.9,113.1,0.0,339.18,266.59,72.59,626.4
2023-02-03,6,2023-02-03T05:00,mcn,McNary,144.9,142.1,0.0,339.09,266.91,72.18,782.6
2023-02-03,7,2023-02-03T06:00,mcn,McNary,146.9,144.1,0.0,339.21,266.9,72.31,795.0
2023-02-03,8,2023-02-03T07:00,mcn,McNary,148.1,145.3,0.0,339.15,266.83,72.32,801.8
2023-02-03,9,2023-02-03T08:00,mcn,McNary,150.1,147.3,0.0,339.13,266.86,72.27,812.2
2023-02-03,10,2023-02-03T09:00,mcn,McNary,149.1,146.3,0.0,339.17,266.77,72.4,808.2
2023-02-03,11,2023-02-03T10:00,mcn,McNary,150.3,147.5,0.0,339.2,266.76,72.44,815.3
2023-02-03,12,2023-02-03T11:00,mcn,McNary,132.8,130.0,0.0,339.23,266.43,72.8,722.1
2023-02-03,13,2023-02-03T12:00,mcn,McNary,119.0,116.2,0.0,339.1,266.26,72.84,645.8
2023-02-03,14,2023-02-03T13:00,mcn,McNary,120.0,117.2,0.0,339.15,266.31,72.84,651.4
2023-02-03,15,2023-02-03T14:00,mcn,McNary,120.8,118.0,0.0,339.22,266.34,72.88,656.2
2023-02-03,16,2023-02-03T15:00,mcn,McNary,121.5,118.7,0.0,339.24,266.35,72.89,660.2
2023-02-03,17,2023-02-03T16:00,mcn,McNary,133.0,130.2,0.0,339.13,266.83,72.3,718.2
2023-02-03,18,2023-02-03T17:00,mcn,McNary,149.8,147.0,0.0,339.21,267.01,72.2,809.8
2023-02-03,19,2023-02-03T18:00,mcn,McNary,149.1,146.3,0.0,339.14,266.84,72.3,807.1
2023-02-03,20,2023-02-03T19:00,mcn,McNary,149.3,146.5,0.0,339.13,266.75,72.38,809.1
2023-02-03,21,2023-02-03T20:00,mcn,McNary,127.6,124.8,0.0,339.29,266.29,73.0,695.1
2023-02-03,22,2023-02-03T21:00,mcn,McNary,108.4,105.6,0.0,339.37,266.0,73.37,591.2
2023-02-03,23,2023-02-03T22:00,mcn,McNary,95.3,92.5,0.0,339.46,265.92,73.54,519.0
2023-02-03,24,2023-02-03T23:00,mcn,McNary,87.7,84.9,0.0,339.61,265.98,73.63,477.0
2023-02-04,1,2023-02-04T00:00,mcn,McNary,87.8,85.0,0.0,339.62,265.99,73.63,477.5
2023-02-04,2,2023-02-04T01:00,mcn,McNary,88.1,85.3,0.0,339.58,265.98,73.6,479.0
2023-02-04,3,2023-02-04T02:00,mcn,McNary,87.9,85.1,0.0,339.59,265.91,73.68,478.4
2023-02-04,4,2023-02-04T03:00,mcn,McNary,88.3,85.5,0.0,339.63,265.96,73.67,480.6
2023-02-04,5,2023-02-04T04:00,mcn,McNary,101.4,98.6,0.0,339.6,266.23,73.37,552.0
2023-02-04,6,2023-02-04T05:00,mcn,McNary,123.6,120.8,0.0,339.59,266.55,73.04,673.2
2023-02-04,7,2023-02-04T06:00,mcn,McNary,126.7,123.9,0.0,339.63,266.56,73.07,690.8
2023-02-04,8,2023-02-04T07:00,mcn,McNary,127.0,124.2,0.0,339.53,266.62,72.91,690.9
2023-02-04,9,2023-02-04T08:00,mcn,McNary,126.5,123.7,0.0,339.51,266.56,72.95,688.5
2023-02-04,10,2023-02-04T09:00,mcn,McNary,126.5,123.7,0.0,339.56,266.34,73.22,691.1
2023-02-04,11,2023-02-04T10:00,mcn,McNary,127.2,124.4,0.0,339.51,266.33,73.18,694.6
2023-02-04,12,2023-02-04T11:00,mcn,McNary,128.3,125.5,0.0,339.5,266.45,73.05,699.5
2023-02-04,13,2023-02-04T12:00,mcn,McNary,126.5,123.7,0.0,339.46,266.43,73.03,689.3
2023-02-04,14,2023-02-04T13:00,mcn,McNary,127.9,125.1,0.0,339.46,266.35,73.11,697.8
2023-02-04,15,2023-02-04T14:00,mcn,McNary,127.6,124.8,0.0,339.47,266.31,73.16,696.6
2023-02-04,16,2023-02-04T15:00,mcn,McNary,127.4,124.6,0.0,339.38,266.42,72.96,693.6
2023-02-04,17,2023-02-04T16:00,mcn,McNary,136.6,133.8,0.0,339.36,266.61,72.75,742.7
2023-02-04,18,2023-02-04T17:00,mcn,McNary,135.0,132.2,0.0,339.37,266.58,72.79,734.2
2023-02-04,19,2023-02-04T18:00,mcn,McNary,136.3,133.5,0.0,339.37,266.7,72.67,740.2
2023-02-04,20,2023-02-04T19:00,mcn,McNary,143.8,141.0,0.0,339.26,266.6,72.66,781.7
2023-02-04,21,2023-02-04T20:00,mcn,McNary,138.3,135.5,0.0,339.34,266.32,73.02,754.9
2023-02-04,22,2023-02-04T21:00,mcn,McNary,119.9,117.1,0.0,339.36,266.18,73.18,653.8
2023-02-04,23,2023-02-04T22:00,mcn,McNary,119.4,116.6,0.0,339.25,266.05,73.2,651.2
2023-02-04,24,2023-02-04T23:00,mcn,McNary,98.9,96.1,0.0,339.4,265.6,73.8,541.1
2023-02-05,1,2023-02-05T00:00,mcn,McNary,89.2,86.4,0.0,339.42,265.52,73.9,487.2
2023-02-05,2,2023-02-05T01:00,mcn,McNary,88.0,85.2,0.0,339.38,265.71,73.67,478.9
2023-02-05,3,2023-02-05T02:00,mcn,McNary,89.8,87.0,0.0,339.41,265.8,73.61,488.6
2023-02-05,4,2023-02-05T03:00,mcn,McNary,89.4,86.6,0.0,339.49,265.98,73.51,485.7
2023-02-05,5,2023-02-05T04:00,mcn,McNary,110.2,107.4,0.0,339.35,266.25,73.1,599.0
2023-02-05,6,2023-02-05T05:00,mcn,McNary,126.1,123.3,0.0,339.35,266.33,73.02,687.0
2023-02-05,7,2023-02-05T06:00,mcn,McNary,129.3,126.5,0.0,339.4,266.39,73.01,704.7
2023-02-05,8,2023-02-05T07:00,mcn,McNary,125.8,123.0,0.0,339.42,266.41,73.01,685.2
2023-02-05,9,2023-02-05T08:00,mcn,McNary,127.5,124.7,0.0,339.35,266.35,73.0,694.6
2023-02-05,10,2023-02-05T09:00,mcn,McNary,127.0,124.2,0.0,339.46,266.31,73.15,693.2
2023-02-05,11,2023-02-05T10:00,mcn,McNary,126.2,123.4,0.0,339.4,266.32,73.08,688.1
2023-02-05,12,2023-02-05T11:00,mcn,McNary,128.5,125.7,0.0,339.44,266.41,73.03,700.4
2023-02-05,13,2023-02-05T12:00,mcn,McNary,126.0,123.2,0.0,339.42,266.43,72.99,686.1
2023-02-05,14,2023-02-05T13:00,mcn,McNary,126.8,124.0,0.0,339.51,266.41,73.1,691.6
2023-02-05,15,2023-02-05T14:00,mcn,McNary,127.9,125.1,0.0,339.53,266.4,73.13,698.0
2023-02-05,16,2023-02-05T15:00,mcn,McNary,128.8,126.0,0.0,339.52,266.38,73.14,703.2
2023-02-05,17,2023-02-05T16:00,mcn,McNary,136.8,134.0,0.0,339.52,266.54,72.98,746.2
2023-02-05,18,2023-02-05T17:00,mcn,McNary,136.4,133.6,0.0,339.53,266.56,72.97,743.8
2023-02-05,19,2023-02-05T18:00,mcn,McNary,136.8,134.0,0.0,339.51,266.62,72.89,745.2
2023-02-05,20,2023-02-05T19:00,mcn,McNary,137.3,134.5,0.0,339.38,266.68,72.7,746.1
2023-02-05,21,2023-02-05T20:00,mcn,McNary,137.3,134.5,0.0,339.45,266.65,72.8,747.1
2023-02-05,22,2023-02-05T21:00,mcn,McNary,116.8,114.0,0.0,339.49,266.27,73.22,636.9
2023-02-05,23,2023-02-05T22:00,mcn,McNary,100.0,97.2,0.0,339.52,266.16,73.36,544.1
2023-02-05,24,2023-02-05T23:00,mcn,McNary,89.9,87.1,0.0,339.54,266.06,73.48,488.3
2023-02-06,1,2023-02-06T00:00,mcn,McNary,90.9,88.1,0.0,339.44,266.15,73.29,492.7
2023-02-06,2,2023-02-06T01:00,mcn,McNary,91.4,88.6,0.0,339.42,266.14,73.28,495.4
2023-02-06,3,2023-02-06T02:00,mcn,McNary,91.7,88.9,0.0,339.47,266.08,73.39,497.8
2023-02-06,4,2023-02-06T03:00,mcn,McNary,91.5,88.7,0.0,339.39,266.13,73.26,495.8
2023-02-06,5,2023-02-06T04:00,mcn,McNary,109.0,106.2,0.0,339.35,266.31,73.04,591.8
2023-02-06,6,2023-02-06T05:00,mcn,McNary,124.0,121.2,0.0,339.32,266.34,72.98,674.9
2023-02-06,7,2023-02-06T06:00,mcn,McNary,125.9,123.1,0.0,339.28,266.52,72.76,683.4
2023-02-06,8,2023-02-06T07:00,mcn,McNary,114.9,112.1,0.0,339.33,266.18,73.15,625.7
2023-02-06,9,2023-02-06T08:00,mcn,McNary,98.0,95.2,0.0,339.31,265.93,73.38,533.0
2023-02-06,10,2023-02-06T09:00,mcn,McNary,89.0,86.2,0.0,339.29,265.89,73.4,482.8
2023-02-06,11,2023-02-06T10:00,mcn,McNary,87.8,85.0,0.0,339.17,265.97,73.2,474.7
2023-02-06,12,2023-02-06T11:00,mcn,McNary,87.9,85.1,0.0,339.21,266.09,73.12,474.8
2023-02-06,13,2023-02-06T12:00,mcn,McNary,87.8,85.0,0.0,339.16,265.95,73.21,474.8
2023-02-06,14,2023-02-06T13:00,mcn,McNary,87.6,84.8,0.0,339.14,265.88,73.26,474.0
2023-02-06,15,2023-02-06T14:00,mcn,McNary,88.5,85.7,0.0,339.1,265.67,73.43,480.2
2023-02-06,16,2023-02-06T15:00,mcn,McNary,98.2,95.4,0.0,339.1,265.97,73.13,532.3
2023-02-06,17,2023-02-06T16:00,mcn,McNary,122.5,119.7,0.0,338.9,266.26,72.64,663.4
2023-02-06,18,2023-02-06T17:00,mcn,McNary,121.7,118.9,0.0,338.99,266.22,72.77,660.2
2023-02-06,19,2023-02-06T18:00,mcn,McNary,120.4,117.6,0.0,338.92,266.25,72.67,652.1
2023-02-06,20,2023-02-06T19:00,mcn,McNary,121.1,118.3,0.0,338.76,266.0,72.76,656.8
2023-02-06,21,2023-02-06T20:00,mcn,McNary,108.2,105.4,0.0,338.91,265.56,73.35,589.9
2023-02-06,22,2023-02-06T21:00,mcn,McNary,88.2,85.4,0.0,338.9,265.33,73.57,479.4
2023-02-06,23,2023-02-06T22:00,mcn,McNary,87.6,84.8,0.0,338.85,265.56,73.29,474.2
2023-02-06,24,2023-02-06T23:00,mcn,McNary,87.9,85.1,0.0,338.9,265.38,73.52,477.4
2023-02-07,1,2023-02-07T00:00,mcn,McNary,79.2,76.4,0.0,338.97,265.22,73.75,429.9
2023-02-07,2,2023-02-07T01:00,mcn,McNary,81.1,78.3,0.0,338.87,265.24,73.63,439.9
2023-02-07,3,2023-02-07T02:00,mcn,McNary,83.0,80.2,0.0,338.79,265.25,73.54,450.0
2023-02-07,4,2023-02-07T03:00,mcn,McNary,83.3,80.5,0.0,338.8,265.46,73.34,450.5
2023-02-07,5,2023-02-07T04:00,mcn,McNary,106.4,103.6,0.0,338.69,266.04,72.65,574.3
2023-02-07,6,2023-02-07T05:00,mcn,McNary,120.9,118.1,0.0,338.64,266.2,72.44,652.8
2023-02-07,7,2023-02-07T06:00,mcn,McNary,140.5,137.7,0.0,338.59,266.32,72.27,759.3
2023-02-07,8,2023-02-07T07:00,mcn,McNary,140.6,137.8,0.0,338.67,266.14,72.53,762.6
2023-02-07,9,2023-02-07T08:00,mcn,McNary,119.3,116.5,0.0,338.68,265.7,72.98,648.7
2023-02-07,10,2023-02-07T09:00,mcn,McNary,97.8,95.0,0.0,338.67,265.27,73.4,532.0
2023-02-07,11,2023-02-07T10:00,mcn,McNary,98.1,95.3,0.0,338.7,265.51,73.19,532.2
2023-02-07,12,2023-02-07T11:00,mcn,McNary,98.8,96.0,0.0,338.91,265.25,73.66,539.5
2023-02-07,13,2023-02-07T12:00,mcn,McNary,97.2,94.4,0.0,338.93,265.35,73.58,530.0
2023-02-07,14,2023-02-07T13:00,mcn,McNary,96.0,93.2,0.0,338.95,265.47,73.48,522.5
2023-02-07,15,2023-02-07T14:00,mcn,McNary,95.2,92.4,0.0,339.08,265.42,73.66,519.3
2023-02-07,16,2023-02-07T15:00,mcn,McNary,95.2,92.4,0.0,339.09,265.43,73.66,519.3
2023-02-07,17,2023-02-07T16:00,mcn,McNary,115.9,113.1,0.0,339.05,265.87,73.18,631.5
2023-02-07,18,2023-02-07T17:00,mcn,McNary,136.1,133.3,0.0,339.01,266.16,72.85,740.9
2023-02-07,19,2023-02-07T18:00,mcn,McNary,139.6,136.8,0.0,339.04,266.37,72.67,758.5
2023-02-07,20,2023-02-07T19:00,mcn,McNary,141.9,139.1,0.0,338.82,266.21,72.61,770.6
2023-02-07,21,2023-02-07T20:00,mcn,McNary,118.9,116.1,0.0,338.96,265.53,73.43,650.5
2023-02-07,22,2023-02-07T21:00,mcn,McNary,98.4,95.6,0.0,338.95,265.19,73.76,538.0
2023-02-07,23,2023-02-07T22:00,mcn,McNary,85.1,82.3,0.0,338.99,265.14,73.85,463.7
2023-02-07,24,2023-02-07T23:00,mcn,McNary,83.5,80.7,0.0,338.96,265.5,73.46,452.3
2023-02-08,1,2023-02-08T00:00,mcn,McNary,83.1,80.3,0.0,338.96,265.26,73.7,451.6
2023-02-08,2,2023-02-08T01:00,mcn,McNary,82.9,80.1,0.0,339.02,265.34,73.68,450.3
2023-02-08,3,2023-02-08T02:00,mcn,McNary,83.5,80.7,0.0,339.05,265.21,73.84,454.7
2023-02-08,4,2023-02-08T03:00,mcn,McNary,87.3,84.5,0.0,338.97,265.27,73.7,475.2
2023-02-08,5,2023-02-08T04:00,mcn,McNary,106.9,104.1,0.0,338.86,265.82,73.04,580.1
2023-02-08,6,2023-02-08T05:00,mcn,McNary,121.8,119.0,0.0,338.89,265.98,72.91,662.0
2023-02-08,7,2023-02-08T06:00,mcn,McNary,138.0,135.2,0.0,338.87,266.25,72.62,749.1
2023-02-08,8,2023-02-08T07:00,mcn,McNary,138.4,135.6,0.0,338.85,266.03,72.82,753.4
2023-02-08,9,2023-02-08T08:00,mcn,McNary,118.4,115.6,0.0,338.82,265.35,73.47,648.0
2023-02-08,10,2023-02-08T09:00,mcn,McNary,98.0,95.2,0.0,338.81,264.96,73.85,536.4
2023-02-08,11,2023-02-08T10:00,mcn,McNary,96.3,93.5,0.0,338.78,265.24,73.54,524.6
2023-02-08,12,2023-02-08T11:00,mcn,McNary,100.1,97.3,0.0,338.83,265.44,73.39,544.8
2023-02-08,13,2023-02-08T12:00,mcn,McNary,98.3,95.5,0.0,338.77,265.42,73.35,534.5
2023-02-08,14,2023-02-08T13:00,mcn,McNary,98.1,95.3,0.0,338.83,265.44,73.39,533.6
2023-02-08,15,2023-02-08T14:00,mcn,McNary,99.0,96.2,0.0,338.81,265.14,73.67,540.7
2023-02-08,16,2023-02-08T15:00,mcn,McNary,97.9,95.1,0.0,338.86,265.14,73.72,534.9
2023-02-08,17,2023-02-08T16:00,mcn,McNary,119.1,116.3,0.0,338.74,265.72,73.02,648.0
2023-02-08,18,2023-02-08T17:00,mcn,McNary,137.6,134.8,0.0,338.75,266.16,72.59,746.6
2023-02-08,19,2023-02-08T18:00,mcn,McNary,138.3,135.5,0.0,338.66,266.04,72.62,750.8
2023-02-08,20,2023-02-08T19:00,mcn,McNary,137.6,134.8,0.0,338.59,265.89,72.7,747.7
2023-02-08,21,2023-02-08T20:00,mcn,McNary,119.0,116.2,0.0,338.61,265.26,73.35,650.3
2023-02-08,22,2023-02-08T21:00,mcn,McNary,98.7,95.9,0.0,338.62,264.91,73.71,539.3
2023-02-08,23,2023-02-08T22:00,mcn,McNary,80.4,77.6,0.0,338.66,265.04,73.62,435.9
2023-02-08,24,2023-02-08T23:00,mcn,McNary,79.3,76.5,0.0,338.66,265.14,73.52,429.1
2023-02-09,1,2023-02-09T00:00,mcn,McNary,79.1,76.3,0.0,338.66,264.98,73.68,428.9
2023-02-09,2,2023-02-09T01:00,mcn,McNary,78.8,76.0,0.0,338.71,265.06,73.65,427.1
2023-02-09,3,2023-02-09T02:00,mcn,McNary,78.8,76.0,0.0,338.8,265.01,73.79,427.9
2023-02-09,4,2023-02-09T03:00,mcn,McNary,79.3,76.5,0.0,338.79,264.97,73.82,430.9
2023-02-09,5,2023-02-09T04:00,mcn,McNary,79.5,76.7,0.0,338.97,265.21,73.76,431.7
2023-02-09,6,2023-02-09T05:00,mcn,McNary,105.8,103.0,0.0,338.9,265.8,73.1,574.5
2023-02-09,7,2023-02-09T06:00,mcn,McNary,147.9,145.1,0.0,338.93,266.32,72.61,803.9
2023-02-09,8,2023-02-09T07:00,mcn,McNary,148.1,145.2,0.0,339.03,266.31,72.72,805.6
2023-02-09,9,2023-02-09T08:00,mcn,McNary,146.8,144.0,0.0,339.04,266.01,73.03,802.4
2023-02-09,10,2023-02-09T09:00,mcn,McNary,129.7,126.9,0.0,339.14,265.57,73.57,712.3
2023-02-09,11,2023-02-09T10:00,mcn,McNary,111.5,108.7,0.0,339.2,265.25,73.95,613.3
2023-02-09,12,2023-02-09T11:00,mcn,McNary,110.6,107.8,0.0,339.2,265.37,73.83,607.3
2023-02-09,13,2023-02-09T12:00,mcn,McNary,112.7,109.9,0.0,339.24,265.62,73.62,617.3
2023-02-09,14,2023-02-09T13:00,mcn,McNary,108.8,106.0,0.0,339.32,265.4,73.92,597.9
2023-02-09,15,2023-02-09T14:00,mcn,McNary,114.7,111.9,0.0,339.24,265.78,73.46,627.2
2023-02-09,16,2023-02-09T15:00,mcn,McNary,135.2,132.4,0.0,339.15,266.2,72.95,736.9
2023-02-09,17,2023-02-09T16:00,mcn,McNary,155.8,153.0,0.0,339.14,266.42,72.72,848.9
2023-02-09,18,2023-02-09T17:00,mcn,McNary,154.7,151.9,0.0,339.13,266.36,72.77,843.4
2023-02-09,19,2023-02-09T18:00,mcn,McNary,151.4,148.6,0.0,339.03,266.31,72.72,824.5
2023-02-09,20,2023-02-09T19:00,mcn,McNary,149.6,146.8,0.0,338.89,266.32,72.57,812.8
2023-02-09,21,2023-02-09T20:00,mcn,McNary,149.5,146.7,0.0,338.84,266.09,72.75,814.3
2023-02-09,22,2023-02-09T21:00,mcn,McNary,128.9,126.1,0.0,338.95,265.59,73.36,705.8
2023-02-09,23,2023-02-09T22:00,mcn,McNary,98.9,96.1,0.0,339.04,265.26,73.78,541.0
2023-02-09,24,2023-02-09T23:00,mcn,McNary,78.1,75.3,0.0,339.03,265.06,73.97,425.0
2023-02-10,1,2023-02-10T00:00,mcn,McNary,77.9,75.1,0.0,339.04,265.05,73.99,424.0
2023-02-10,2,2023-02-10T01:00,mcn,McNary,77.8,75.0,0.0,339.15,264.96,74.19,424.6
2023-02-10,3,2023-02-10T02:00,mcn,McNary,77.9,75.1,0.0,339.21,265.08,74.13,424.8
2023-02-10,4,2023-02-10T03:00,mcn,McNary,77.8,75.0,0.0,339.26,265.0,74.26,425.0
2023-02-10,5,2023-02-10T04:00,mcn,McNary,79.4,76.6,0.0,339.36,265.1,74.26,434.0
2023-02-10,6,2023-02-10T05:00,mcn,McNary,116.8,114.0,0.0,339.34,265.76,73.58,640.0
2023-02-10,7,2023-02-10T06:00,mcn,McNary,142.5,139.7,0.0,339.37,266.14,73.23,780.6
2023-02-10,8,2023-02-10T07:00,mcn,McNary,144.0,141.2,0.0,339.42,266.17,73.25,789.2
2023-02-10,9,2023-02-10T08:00,mcn,McNary,144.2,141.4,0.0,339.38,266.01,73.37,791.6
2023-02-10,10,2023-02-10T09:00,mcn,McNary,144.5,141.7,0.0,339.35,265.95,73.4,793.6
2023-02-10,11,2023-02-10T10:00,mcn,McNary,144.6,141.8,0.0,339.43,265.87,73.56,795.9
2023-02-10,12,2023-02-10T11:00,mcn,McNary,144.4,141.6,0.0,339.42,265.84,73.58,795.0
2023-02-10,13,2023-02-10T12:00,mcn,McNary,143.5,140.7,0.0,339.43,265.92,73.51,789.2
2023-02-10,14,2023-02-10T13:00,mcn,McNary,143.5,140.7,0.0,339.45,265.93,73.52,789.3
2023-02-10,15,2023-02-10T14:00,mcn,McNary,144.2,141.4,0.0,339.45,266.04,73.41,792.0
2023-02-10,16,2023-02-10T15:00,mcn,McNary,144.3,141.5,0.0,339.44,266.1,73.34,791.8
2023-02-10,17,2023-02-10T16:00,mcn,McNary,146.9,144.1,0.0,339.44,266.21,73.23,805.2
2023-02-10,18,2023-02-10T17:00,mcn,McNary,145.1,142.3,0.0,339.44,266.2,73.24,795.2
2023-02-10,19,2023-02-10T18:00,mcn,McNary,145.0,142.2,0.0,339.43,266.22,73.21,794.3
2023-02-10,20,2023-02-10T19:00,mcn,McNary,145.2,142.4,0.0,339.48,266.12,73.36,797.1
2023-02-10,21,2023-02-10T20:00,mcn,McNary,144.8,142.0,0.0,339.41,266.07,73.34,794.6
2023-02-10,22,2023-02-10T21:00,mcn,McNary,144.5,141.7,0.0,339.39,265.99,73.4,793.6
2023-02-10,23,2023-02-10T22:00,mcn,McNary,123.8,121.0,0.0,339.5,265.55,73.95,682.7
2023-02-10,24,2023-02-10T23:00,mcn,McNary,107.5,104.7,0.0,339.48,265.47,74.01,591.2
2023-02-11,1,2023-02-11T00:00,mcn,McNary,100.2,97.4,0.0,339.41,265.48,73.93,549.4
2023-02-11,2,2023-02-11T01:00,mcn,McNary,99.8,97.0,0.0,339.52,265.56,73.96,547.4
2023-02-11,3,2023-02-11T02:00,mcn,McNary,99.8,97.0,0.0,339.62,265.63,73.99,547.6
2023-02-11,4,2023-02-11T03:00,mcn,McNary,99.9,97.1,0.0,339.58,265.64,73.94,547.8
2023-02-11,5,2023-02-11T04:00,mcn,McNary,100.3,97.5,0.0,339.62,265.66,73.96,550.2
2023-02-11,6,2023-02-11T05:00,mcn,McNary,114.0,111.2,0.0,339.57,265.98,73.59,624.4
2023-02-11,7,2023-02-11T06:00,mcn,McNary,133.0,130.2,0.0,339.54,266.3,73.24,727.6
2023-02-11,8,2023-02-11T07:00,mcn,McNary,134.0,131.2,0.0,339.57,266.19,73.38,734.6
2023-02-11,9,2023-02-11T08:00,mcn,McNary,134.5,131.7,0.0,339.59,266.16,73.43,737.9
2023-02-11,10,2023-02-11T09:00,mcn,McNary,133.9,131.1,0.0,339.53,266.09,73.44,734.6
2023-02-11,11,2023-02-11T10:00,mcn,McNary,133.4,130.6,0.0,339.52,266.01,73.51,732.5
2023-02-11,12,2023-02-11T11:00,mcn,McNary,118.1,115.3,0.0,339.53,265.65,73.88,650.0
2023-02-11,13,2023-02-11T12:00,mcn,McNary,117.2,114.4,0.0,339.45,265.93,73.52,641.7
2023-02-11,14,2023-02-11T13:00,mcn,McNary,117.5,114.7,0.0,339.47,265.67,73.8,645.9
2023-02-11,15,2023-02-11T14:00,mcn,McNary,117.7,114.9,0.0,339.4,265.65,73.75,646.6
2023-02-11,16,2023-02-11T15:00,mcn,McNary,118.3,115.5,0.0,339.4,265.88,73.52,647.9
2023-02-11,17,2023-02-11T16:00,mcn,McNary,136.7,133.9,0.0,339.27,266.14,73.13,747.1
2023-02-11,18,2023-02-11T17:00,mcn,McNary,138.0,135.2,0.0,339.33,266.14,73.19,755.0
2023-02-11,19,2023-02-11T18:00,mcn,McNary,137.6,134.8,0.0,339.25,266.15,73.1,751.9
2023-02-11,20,2023-02-11T19:00,mcn,McNary,138.6,135.8,0.0,339.24,266.16,73.08,757.2
2023-02-11,21,2023-02-11T20:00,mcn,McNary,119.5,116.7,0.0,339.29,265.6,73.69,656.2
2023-02-11,22,2023-02-11T21:00,mcn,McNary,117.2,114.4,0.0,339.25,265.75,73.5,641.6
2023-02-11,23,2023-02-11T22:00,mcn,McNary,116.7,113.9,0.0,339.24,265.89,73.35,637.5
2023-02-11,24,2023-02-11T23:00,mcn,McNary,99.1,96.3,0.0,339.24,265.63,73.61,540.9
2023-02-12,1,2023-02-12T00:00,mcn,McNary,96.9,94.1,0.0,339.11,265.71,73.4,527.0
2023-02-12,2,2023-02-12T01:00,mcn,McNary,97.4,94.6,0.0,339.13,265.72,73.41,529.9
2023-02-12,3,2023-02-12T02:00,mcn,McNary,98.4,95.6,0.0,339.05,265.62,73.43,535.6
2023-02-12,4,2023-02-12T03:00,mcn,McNary,98.6,95.8,0.0,339.05,265.65,73.4,536.5
2023-02-12,5,2023-02-12T04:00,mcn,McNary,96.9,94.1,0.0,339.0,265.9,73.1,524.8
2023-02-12,6,2023-02-12T05:00,mcn,McNary,115.5,112.7,0.0,338.87,266.17,72.7,625.1
2023-02-12,7,2023-02-12T06:00,mcn,McNary,125.6,122.8,0.0,338.9,266.28,72.62,680.4
2023-02-12,8,2023-02-12T07:00,mcn,McNary,140.7,137.9,0.0,338.82,266.38,72.44,762.2
2023-02-12,9,2023-02-12T08:00,mcn,McNary,139.4,136.6,0.0,338.93,266.36,72.57,756.4
2023-02-12,10,2023-02-12T09:00,mcn,McNary,138.8,136.0,0.0,338.83,266.24,72.59,753.3
2023-02-12,11,2023-02-12T10:00,mcn,McNary,128.4,125.6,0.0,338.92,266.07,72.85,698.1
2023-02-12,12,2023-02-12T11:00,mcn,McNary,129.0,126.2,0.0,338.9,266.18,72.72,700.2
2023-02-12,13,2023-02-12T12:00,mcn,McNary,129.3,126.5,0.0,338.94,266.15,72.79,702.6
2023-02-12,14,2023-02-12T13:00,mcn,McNary,121.7,118.9,0.0,339.05,265.95,73.1,663.2
2023-02-12,15,2023-02-12T14:00,mcn,McNary,121.7,118.9,0.0,339.1,265.94,73.16,663.7
2023-02-12,16,2023-02-12T15:00,mcn,McNary,119.8,117.0,0.0,339.19,265.94,73.25,653.9
2023-02-12,17,2023-02-12T16:00,mcn,McNary,133.5,130.7,0.0,339.1,266.28,72.82,726.2
2023-02-12,18,2023-02-12T17:00,mcn,McNary,135.0,132.2,0.0,339.15,266.24,72.91,735.4
2023-02-12,19,2023-02-12T18:00,mcn,McNary,135.3,132.5,0.0,339.11,266.31,72.8,736.0
2023-02-12,20,2023-02-12T19:00,mcn,McNary,136.9,134.1,0.0,339.14,266.21,72.93,746.2
2023-02-12,21,2023-02-12T20:00,mcn,McNary,134.8,132.0,0.0,339.14,266.1,73.04,735.6
2023-02-12,22,2023-02-12T21:00,mcn,McNary,113.1,110.3,0.0,339.24,265.72,73.52,618.7
2023-02-12,23,2023-02-12T22:00,mcn,McNary,97.6,94.8,0.0,339.1,265.61,73.49,531.6
2023-02-12,24,2023-02-12T23:00,mcn,McNary,88.0,85.2,0.0,339.14,265.46,73.68,479.0
2023-02-13,1,2023-02-13T00:00,mcn,McNary,87.1,84.3,0.0,339.14,265.42,73.72,474.2
2023-02-13,2,2023-02-13T01:00,mcn,McNary,87.5,84.7,0.0,339.15,265.57,73.58,475.5
2023-02-13,3,2023-02-13T02:00,mcn,McNary,88.0,85.2,0.0,339.13,265.75,73.38,477.0
2023-02-13,4,2023-02-13T03:00,mcn,McNary,87.8,85.0,0.0,339.01,265.59,73.42,476.2
2023-02-13,5,2023-02-13T04:00,mcn,McNary,96.0,93.2,0.0,339.02,265.88,73.14,520.1
2023-02-13,6,2023-02-13T05:00,mcn,McNary,115.5,112.7,0.0,338.9,266.0,72.9,626.9
2023-02-13,7,2023-02-13T06:00,mcn,McNary,126.2,123.4,0.0,338.82,266.17,72.65,684.0
2023-02-13,8,2023-02-13T07:00,mcn,McNary,127.6,124.8,0.0,338.77,266.2,72.57,691.0
2023-02-13,9,2023-02-13T08:00,mcn,McNary,127.7,124.9,0.0,338.77,266.21,72.56,691.5
2023-02-13,10,2023-02-13T09:00,mcn,McNary,108.6,105.8,0.0,338.64,265.86,72.78,587.5
2023-02-13,11,2023-02-13T10:00,mcn,McNary,105.6,102.8,0.0,338.7,265.89,72.81,571.1
2023-02-13,12,2023-02-13T11:00,mcn,McNary,90.0,87.2,0.0,338.66,265.92,72.74,484.0
2023-02-13,13,2023-02-13T12:00,mcn,McNary,88.1,85.3,0.0,338.72,265.85,72.87,474.3
2023-02-13,14,2023-02-13T13:00,mcn,McNary,90.5,87.7,0.0,338.67,265.92,72.75,486.8
2023-02-13,15,2023-02-13T14:00,mcn,McNary,89.9,87.1,0.0,338.62,265.77,72.85,484.1
2023-02-13,16,2023-02-13T15:00,mcn,McNary,90.7,87.9,0.0,338.71,265.92,72.79,488.2
2023-02-13,17,2023-02-13T16:00,mcn,McNary,118.1,115.3,0.0,338.74,266.18,72.56,638.3
2023-02-13,18,2023-02-13T17:00,mcn,McNary,116.9,114.1,0.0,338.77,265.96,72.81,633.9
2023-02-13,19,2023-02-13T18:00,mcn,McNary,116.4,113.6,0.0,338.8,265.97,72.83,631.3
2023-02-13,20,2023-02-13T19:00,mcn,McNary,116.6,113.8,0.0,338.77,265.93,72.84,632.5
2023-02-13,21,2023-02-13T20:00,mcn,McNary,101.8,99.0,0.0,338.9,265.51,73.39,554.4
2023-02-13,22,2023-02-13T21:00,mcn,McNary,99.8,97.0,0.0,338.85,265.64,73.21,541.8
2023-02-13,23,2023-02-13T22:00,mcn,McNary,99.4,96.6,0.0,338.82,266.09,72.73,536.1
2023-02-13,24,2023-02-13T23:00,mcn,McNary,101.0,98.2,0.0,338.95,265.84,73.11,547.8
2023-02-14,1,2023-02-14T00:00,mcn,McNary,85.0,82.2,0.0,339.05,265.32,73.73,462.4
2023-02-14,2,2023-02-14T01:00,mcn,McNary,84.1,81.3,0.0,338.89,265.27,73.62,456.7
2023-02-14,3,2023-02-14T02:00,mcn,McNary,83.5,80.7,0.0,338.96,265.01,73.95,455.3
2023-02-14,4,2023-02-14T03:00,mcn,McNary,83.5,80.7,0.0,338.94,265.28,73.66,453.6
2023-02-14,5,2023-02-14T04:00,mcn,McNary,103.0,100.2,0.0,338.9,265.82,73.08,558.7
2023-02-14,6,2023-02-14T05:00,mcn,McNary,136.2,133.4,0.0,338.63,266.3,72.33,736.2
2023-02-14,7,2023-02-14T06:00,mcn,McNary,142.5,139.7,0.0,338.74,266.25,72.49,772.7
2023-02-14,8,2023-02-14T07:00,mcn,McNary,144.3,141.5,0.0,338.66,266.03,72.63,784.1
2023-02-14,9,2023-02-14T08:00,mcn,McNary,142.3,139.5,0.0,338.66,265.65,73.01,777.1
2023-02-14,10,2023-02-14T09:00,mcn,McNary,108.5,105.7,0.0,338.8,264.95,73.85,595.6
2023-02-14,11,2023-02-14T10:00,mcn,McNary,80.2,77.4,0.0,338.72,264.66,74.06,437.4
2023-02-14,12,2023-02-14T11:00,mcn,McNary,87.8,85.0,0.0,338.65,264.99,73.66,477.7
2023-02-14,13,2023-02-14T12:00,mcn,McNary,79.8,77.0,0.0,338.73,264.82,73.91,434.2
2023-02-14,14,2023-02-14T13:00,mcn,McNary,79.8,76.9,0.0,338.74,264.78,73.96,434.0
2023-02-14,15,2023-02-14T14:00,mcn,McNary,79.8,76.4,0.0,338.7,264.52,74.18,432.4
2023-02-14,16,2023-02-14T15:00,mcn,McNary,79.8,76.5,0.0,338.65,264.75,73.9,431.4
2023-02-14,17,2023-02-14T16:00,mcn,McNary,107.0,104.2,0.0,338.55,265.12,73.43,583.8
2023-02-14,18,2023-02-14T17:00,mcn,McNary,127.2,124.4,0.0,338.52,265.43,73.09,693.7
2023-02-14,19,2023-02-14T18:00,mcn,McNary,127.4,124.6,0.0,338.59,265.43,73.16,695.5
2023-02-14,20,2023-02-14T19:00,mcn,McNary,129.4,126.6,0.0,338.37,265.34,73.03,705.4
2023-02-14,21,2023-02-14T20:00,mcn,McNary,133.6,130.8,0.0,338.24,265.03,73.21,730.6
2023-02-14,22,2023-02-14T21:00,mcn,McNary,114.8,112.0,0.0,338.3,264.51,73.79,630.6
2023-02-14,23,2023-02-14T22:00,mcn,McNary,85.4,82.6,0.0,338.2,264.28,73.92,465.9
2023-02-14,24,2023-02-14T23:00,mcn,McNary,87.0,84.2,0.0,338.3,264.63,73.67,473.3
2023-02-15,1,2023-02-15T00:00,mcn,McNary,87.6,84.8,0.0,338.32,264.6,73.72,477.0
2023-02-15,2,2023-02-15T01:00,mcn,McNary,87.0,84.2,0.0,338.43,264.56,73.87,474.6
2023-02-15,3,2023-02-15T02:00,mcn,McNary,86.0,83.2,0.0,338.56,264.62,73.94,469.4
2023-02-15,4,2023-02-15T03:00,mcn,McNary,107.9,105.1,0.0,338.4,265.17,73.23,587.2
2023-02-15,5,2023-02-15T04:00,mcn,McNary,142.2,139.4,0.0,338.39,265.9,72.49,771.0
2023-02-15,6,2023-02-15T05:00,mcn,McNary,142.8,140.0,0.0,338.49,265.91,72.58,775.3
2023-02-15,7,2023-02-15T06:00,mcn,McNary,141.9,139.1,0.0,338.33,265.73,72.6,770.5
2023-02-15,8,2023-02-15T07:00,mcn,McNary,137.9,135.1,0.0,338.49,265.35,73.14,753.9
2023-02-15,9,2023-02-15T08:00,mcn,McNary,109.7,106.9,0.0,338.65,264.68,73.97,603.3
2023-02-15,10,2023-02-15T09:00,mcn,McNary,98.6,95.8,0.0,338.59,264.55,74.04,541.2
2023-02-15,11,2023-02-15T10:00,mcn,McNary,97.2,94.4,0.0,338.75,264.66,74.09,533.6
2023-02-15,12,2023-02-15T11:00,mcn,McNary,98.1,95.3,0.0,338.79,264.63,74.16,539.2
2023-02-15,13,2023-02-15T12:00,mcn,McNary,98.9,96.1,0.0,338.81,264.66,74.15,543.7
2023-02-15,14,2023-02-15T13:00,mcn,McNary,98.1,95.3,0.0,338.76,264.71,74.05,538.4
2023-02-15,15,2023-02-15T14:00,mcn,McNary,96.7,93.9,0.0,338.79,264.45,74.34,532.6
2023-02-15,16,2023-02-15T15:00,mcn,McNary,98.7,95.9,0.0,338.86,264.64,74.22,543.1
2023-02-15,17,2023-02-15T16:00,mcn,McNary,135.8,133.0,0.0,338.73,265.19,73.54,746.3
2023-02-15,18,2023-02-15T17:00,mcn,McNary,138.9,136.1,0.0,338.87,265.24,73.63,764.6
2023-02-15,19,2023-02-15T18:00,mcn,McNary,137.1,134.3,0.0,338.77,265.23,73.54,753.6
2023-02-15,20,2023-02-15T19:00,mcn,McNary,137.8,135.0,0.0,338.75,265.07,73.68,758.9
2023-02-15,21,2023-02-15T20:00,mcn,McNary,131.6,128.8,0.0,338.8,264.75,74.05,727.7
2023-02-15,22,2023-02-15T21:00,mcn,McNary,108.4,105.6,0.0,338.87,264.25,74.62,601.2
2023-02-15,23,2023-02-15T22:00,mcn,McNary,99.0,96.2,0.0,338.82,264.24,74.58,547.4
2023-02-15,24,2023-02-15T23:00,mcn,McNary,91.2,88.4,0.0,338.8,264.13,74.67,503.6
2023-02-16,1,2023-02-16T00:00,mcn,McNary,90.2,87.4,0.0,338.75,264.07,74.68,498.0
2023-02-16,2,2023-02-16T01:00,mcn,McNary,90.2,87.4,0.0,338.79,264.19,74.6,497.5
2023-02-16,3,2023-02-16T02:00,mcn,McNary,90.4,87.6,0.0,338.81,264.19,74.62,498.8
2023-02-16,4,2023-02-16T03:00,mcn,McNary,90.7,87.9,0.0,338.87,264.33,74.54,499.9
2023-02-16,5,2023-02-16T04:00,mcn,McNary,107.6,104.8,0.0,338.83,264.7,74.13,592.8
2023-02-16,6,2023-02-16T05:00,mcn,McNary,135.5,132.7,0.0,338.78,265.24,73.54,744.6
2023-02-16,7,2023-02-16T06:00,mcn,McNary,138.2,135.4,0.0,338.79,265.18,73.61,760.5
2023-02-16,8,2023-02-16T07:00,mcn,McNary,138.7,135.9,0.0,338.71,265.13,73.58,763.0
2023-02-16,9,2023-02-16T08:00,mcn,McNary,140.0,137.2,0.0,338.75,265.01,73.74,771.9
2023-02-16,10,2023-02-16T09:00,mcn,McNary,115.6,112.8,0.0,338.81,264.36,74.45,640.8
2023-02-16,11,2023-02-16T10:00,mcn,McNary,113.7,110.9,0.0,338.78,264.63,74.15,627.4
2023-02-16,12,2023-02-16T11:00,mcn,McNary,114.8,112.0,0.0,338.86,264.55,74.31,635.0
2023-02-16,13,2023-02-16T12:00,mcn,McNary,113.1,110.3,0.0,338.86,264.63,74.23,624.7
2023-02-16,14,2023-02-16T13:00,mcn,McNary,112.9,110.1,0.0,338.85,264.58,74.27,623.9
2023-02-16,15,2023-02-16T14:00,mcn,McNary,112.7,109.9,0.0,338.84,264.53,74.31,623.1
2023-02-16,16,2023-02-16T15:00,mcn,McNary,114.8,112.0,0.0,338.84,264.58,74.26,634.6
2023-02-16,17,2023-02-16T16:00,mcn,McNary,139.4,136.6,0.0,338.7,265.22,73.48,765.9
2023-02-16,18,2023-02-16T17:00,mcn,McNary,146.7,143.9,0.0,338.71,265.45,73.26,804.4
2023-02-16,19,2023-02-16T18:00,mcn,McNary,143.9,141.1,0.0,338.84,265.25,73.59,792.3
2023-02-16,20,2023-02-16T19:00,mcn,McNary,141.6,138.8,0.0,338.74,265.07,73.67,780.2
2023-02-16,21,2023-02-16T20:00,mcn,McNary,141.8,139.0,0.0,338.69,264.93,73.76,782.3
2023-02-16,22,2023-02-16T21:00,mcn,McNary,140.4,137.6,0.0,338.68,264.96,73.72,774.0
2023-02-16,23,2023-02-16T22:00,mcn,McNary,139.4,136.6,0.0,338.62,264.99,73.63,767.4
2023-02-16,24,2023-02-16T23:00,mcn,McNary,109.5,106.7,0.0,338.73,264.48,74.25,604.5
2023-02-17,1,2023-02-17T00:00,mcn,McNary,89.8,87.0,0.0,338.65,263.96,74.69,495.8
2023-02-17,2,2023-02-17T01:00,mcn,McNary,90.1,87.3,0.0,338.59,264.09,74.5,496.2
2023-02-17,3,2023-02-17T02:00,mcn,McNary,90.5,87.7,0.0,338.71,264.28,74.43,498.0
2023-02-17,4,2023-02-17T03:00,mcn,McNary,90.9,88.1,0.0,338.77,264.6,74.17,498.6
2023-02-17,5,2023-02-17T04:00,mcn,McNary,109.1,106.3,0.0,338.63,265.05,73.58,596.8
2023-02-17,6,2023-02-17T05:00,mcn,McNary,139.6,136.8,0.0,338.63,265.31,73.32,765.3
2023-02-17,7,2023-02-17T06:00,mcn,McNary,140.0,137.2,0.0,338.68,265.25,73.43,768.7
2023-02-17,8,2023-02-17T07:00,mcn,McNary,139.2,136.4,0.0,338.64,265.15,73.49,764.8
2023-02-17,9,2023-02-17T08:00,mcn,McNary,139.5,136.7,0.0,338.7,265.02,73.68,768.5
2023-02-17,10,2023-02-17T09:00,mcn,McNary,110.2,107.4,0.0,338.87,264.54,74.33,609.1
2023-02-17,11,2023-02-17T10:00,mcn,McNary,107.0,104.2,0.0,338.73,264.59,74.14,589.4
2023-02-17,12,2023-02-17T11:00,mcn,McNary,106.4,103.6,0.0,338.82,264.62,74.2,586.5
2023-02-17,13,2023-02-17T12:00,mcn,McNary,109.5,106.7,0.0,338.94,264.74,74.2,604.1
2023-02-17,14,2023-02-17T13:00,mcn,McNary,108.3,105.5,0.0,338.89,264.71,74.18,597.1
2023-02-17,15,2023-02-17T14:00,mcn,McNary,108.7,105.9,0.0,338.86,264.68,74.18,599.4
2023-02-17,16,2023-02-17T15:00,mcn,McNary,109.7,106.9,0.0,338.83,264.65,74.18,605.0
2023-02-17,17,2023-02-17T16:00,mcn,McNary,138.0,135.2,0.0,338.75,265.2,73.55,758.7
2023-02-17,18,2023-02-17T17:00,mcn,McNary,138.3,135.5,0.0,338.82,265.16,73.66,761.5
2023-02-17,19,2023-02-17T18:00,mcn,McNary,140.0,137.2,0.0,338.76,265.16,73.6,770.5
2023-02-17,20,2023-02-17T19:00,mcn,McNary,140.0,137.2,0.0,338.7,265.07,73.63,770.8
2023-02-17,21,2023-02-17T20:00,mcn,McNary,120.8,118.0,0.0,338.73,264.64,74.09,667.1
2023-02-17,22,2023-02-17T21:00,mcn,McNary,109.1,106.3,0.0,338.74,264.49,74.25,602.2
2023-02-17,23,2023-02-17T22:00,mcn,McNary,107.5,104.7,0.0,338.76,264.4,74.36,594.0
2023-02-17,24,2023-02-17T23:00,mcn,McNary,81.0,78.2,0.0,338.83,263.79,75.04,447.7
2023-02-18,1,2023-02-18T00:00,mcn,McNary,78.4,75.6,0.0,338.73,263.92,74.81,431.5
2023-02-18,2,2023-02-18T01:00,mcn,McNary,78.4,75.6,0.0,338.71,264.06,74.65,430.6
2023-02-18,3,2023-02-18T02:00,mcn,McNary,79.1,76.3,0.0,338.79,263.97,74.82,435.6
2023-02-18,4,2023-02-18T03:00,mcn,McNary,79.3,76.5,0.0,338.8,264.18,74.62,435.6
2023-02-18,5,2023-02-18T04:00,mcn,McNary,97.1,94.3,0.0,338.72,264.57,74.15,533.5
2023-02-18,6,2023-02-18T05:00,mcn,McNary,115.6,112.8,0.0,338.65,264.75,73.9,636.0
2023-02-18,7,2023-02-18T06:00,mcn,McNary,117.6,114.8,0.0,338.69,264.87,73.82,646.6
2023-02-18,8,2023-02-18T07:00,mcn,McNary,137.8,135.0,0.0,338.64,265.24,73.4,756.1
2023-02-18,9,2023-02-18T08:00,mcn,McNary,140.4,137.6,0.0,338.61,265.19,73.42,770.8
2023-02-18,10,2023-02-18T09:00,mcn,McNary,140.0,137.2,0.0,338.61,265.01,73.6,770.5
2023-02-18,11,2023-02-18T10:00,mcn,McNary,121.3,118.5,0.0,338.69,264.76,73.93,668.4
2023-02-18,12,2023-02-18T11:00,mcn,McNary,120.2,117.4,0.0,338.64,264.78,73.86,661.6
2023-02-18,13,2023-02-18T12:00,mcn,McNary,119.1,116.3,0.0,338.65,264.68,73.97,656.4
2023-02-18,14,2023-02-18T13:00,mcn,McNary,119.9,117.1,0.0,338.66,264.58,74.08,661.9
2023-02-18,15,2023-02-18T14:00,mcn,McNary,119.5,116.7,0.0,338.71,264.56,74.15,660.2
2023-02-18,16,2023-02-18T15:00,mcn,McNary,120.4,117.6,0.0,338.68,264.46,74.22,666.0
2023-02-18,17,2023-02-18T16:00,mcn,McNary,119.7,116.9,0.0,338.59,264.45,74.14,661.3
2023-02-18,18,2023-02-18T17:00,mcn,McNary,118.3,115.5,0.0,338.66,264.45,74.21,654.0
2023-02-18,19,2023-02-18T18:00,mcn,McNary,117.9,115.1,0.0,338.58,264.55,74.03,650.1
2023-02-18,20,2023-02-18T19:00,mcn,McNary,118.0,115.2,0.0,338.52,264.49,74.03,650.7
2023-02-18,21,2023-02-18T20:00,mcn,McNary,118.3,115.5,0.0,338.48,264.52,73.96,651.8
2023-02-18,22,2023-02-18T21:00,mcn,McNary,117.6,114.8,0.0,338.48,264.41,74.07,648.8
2023-02-18,23,2023-02-18T22:00,mcn,McNary,99.0,96.2,0.0,338.41,263.91,74.5,546.8
2023-02-18,24,2023-02-18T23:00,mcn,McNary,79.8,77.0,0.0,338.39,263.71,74.68,438.8
2023-02-19,1,2023-02-19T00:00,mcn,McNary,78.2,75.4,0.0,338.38,263.79,74.59,429.1
2023-02-19,2,2023-02-19T01:00,mcn,McNary,79.2,76.4,0.0,338.4,263.78,74.62,435.0
2023-02-19,3,2023-02-19T02:00,mcn,McNary,79.2,76.4,0.0,338.37,263.74,74.63,435.0
2023-02-19,4,2023-02-19T03:00,mcn,McNary,78.8,76.0,0.0,338.45,263.73,74.72,433.3
2023-02-19,5,2023-02-19T04:00,mcn,McNary,79.0,76.2,0.0,338.49,263.87,74.62,433.8
2023-02-19,6,2023-02-19T05:00,mcn,McNary,107.9,105.1,0.0,338.36,264.5,73.86,592.3
2023-02-19,7,2023-02-19T06:00,mcn,McNary,136.7,133.9,0.0,338.34,264.89,73.45,750.4
2023-02-19,8,2023-02-19T07:00,mcn,McNary,139.3,136.5,0.0,338.32,265.0,73.32,763.6
2023-02-19,9,2023-02-19T08:00,mcn,McNary,142.3,139.5,0.0,338.25,264.92,73.33,780.5
2023-02-19,10,2023-02-19T09:00,mcn,McNary,140.2,137.4,0.0,338.11,264.71,73.4,769.5
2023-02-19,11,2023-02-19T10:00,mcn,McNary,110.6,107.8,0.0,338.26,264.17,74.09,609.4
2023-02-19,12,2023-02-19T11:00,mcn,McNary,102.0,99.2,0.0,338.19,264.06,74.13,561.1
2023-02-19,13,2023-02-19T12:00,mcn,McNary,102.8,100.0,0.0,338.15,264.36,73.79,563.0
2023-02-19,14,2023-02-19T13:00,mcn,McNary,105.4,102.6,0.0,338.16,264.46,73.7,577.0
2023-02-19,15,2023-02-19T14:00,mcn,McNary,110.2,107.4,0.0,338.18,264.74,73.44,601.8
2023-02-19,16,2023-02-19T15:00,mcn,McNary,107.1,104.3,0.0,338.12,264.59,73.53,585.2
2023-02-19,17,2023-02-19T16:00,mcn,McNary,133.7,130.9,0.0,337.94,265.16,72.78,726.9
2023-02-19,18,2023-02-19T17:00,mcn,McNary,141.7,138.9,0.0,338.0,265.49,72.51,768.5
2023-02-19,19,2023-02-19T18:00,mcn,McNary,141.8,139.0,0.0,337.89,265.12,72.77,771.8
2023-02-19,20,2023-02-19T19:00,mcn,McNary,141.1,138.3,0.0,337.87,264.98,72.89,769.2
2023-02-19,21,2023-02-19T20:00,mcn,McNary,112.7,109.9,0.0,338.01,264.48,73.53,616.6
2023-02-19,22,2023-02-19T21:00,mcn,McNary,109.1,106.3,0.0,337.95,263.98,73.97,599.9
2023-02-19,23,2023-02-19T22:00,mcn,McNary,91.6,88.8,0.0,337.91,263.8,74.11,502.1
2023-02-19,24,2023-02-19T23:00,mcn,McNary,90.0,87.2,0.0,338.01,263.96,74.05,492.7
2023-02-20,1,2023-02-20T00:00,mcn,McNary,89.7,86.9,0.0,338.1,264.0,74.1,491.3
2023-02-20,2,2023-02-20T01:00,mcn,McNary,90.1,87.3,0.0,338.01,264.0,74.01,493.0
2023-02-20,3,2023-02-20T02:00,mcn,McNary,90.5,87.7,0.0,338.02,263.84,74.18,496.4
2023-02-20,4,2023-02-20T03:00,mcn,McNary,91.4,88.6,0.0,338.17,264.08,74.09,500.9
2023-02-20,5,2023-02-20T04:00,mcn,McNary,109.0,106.2,0.0,337.89,264.59,73.3,594.0
2023-02-20,6,2023-02-20T05:00,mcn,McNary,124.1,121.3,0.0,337.97,264.86,73.11,676.6
2023-02-20,7,2023-02-20T06:00,mcn,McNary,125.9,123.1,0.0,337.96,264.83,73.13,686.9
2023-02-20,8,2023-02-20T07:00,mcn,McNary,139.0,136.2,0.0,337.87,265.04,72.83,756.9
2023-02-20,9,2023-02-20T08:00,mcn,McNary,142.7,139.9,0.0,337.88,264.96,72.92,778.4
2023-02-20,10,2023-02-20T09:00,mcn,McNary,140.8,138.0,0.0,337.88,264.92,72.96,768.2
2023-02-20,11,2023-02-20T10:00,mcn,McNary,125.9,123.1,0.0,337.99,264.73,73.26,688.1
2023-02-20,12,2023-02-20T11:00,mcn,McNary,110.8,108.0,0.0,337.97,264.65,73.32,604.2
2023-02-20,13,2023-02-20T12:00,mcn,McNary,110.4,107.6,0.0,337.93,264.62,73.31,601.9
2023-02-20,14,2023-02-20T13:00,mcn,McNary,109.7,106.9,0.0,338.02,264.48,73.54,599.8
2023-02-20,15,2023-02-20T14:00,mcn,McNary,111.9,109.1,0.0,338.03,264.66,73.37,610.8
2023-02-20,16,2023-02-20T15:00,mcn,McNary,119.4,116.6,0.0,338.07,264.78,73.29,652.0
2023-02-20,17,2023-02-20T16:00,mcn,McNary,121.7,118.9,0.0,338.31,264.88,73.43,666.2
2023-02-20,18,2023-02-20T17:00,mcn,McNary,119.2,116.4,0.0,338.43,264.76,73.67,654.3
2023-02-20,19,2023-02-20T18:00,mcn,McNary,120.0,117.2,0.0,338.25,264.49,73.76,659.6
2023-02-20,20,2023-02-20T19:00,mcn,McNary,118.4,115.6,0.0,338.23,264.44,73.79,650.8
2023-02-20,21,2023-02-20T20:00,mcn,McNary,118.7,115.9,0.0,338.17,264.65,73.52,650.1
2023-02-20,22,2023-02-20T21:00,mcn,McNary,121.2,118.4,0.0,338.44,264.81,73.63,665.2
2023-02-20,23,2023-02-20T22:00,mcn,McNary,108.3,105.5,0.0,338.71,265.01,73.7,593.3
2023-02-20,24,2023-02-20T23:00,mcn,McNary,90.7,87.9,0.0,338.43,264.63,73.8,495.0
2023-02-21,1,2023-02-21T00:00,mcn,McNary,90.4,87.6,0.0,338.8,264.44,74.36,497.0
2023-02-21,2,2023-02-21T01:00,mcn,McNary,90.3,87.5,0.0,338.88,264.24,74.64,498.3
2023-02-21,3,2023-02-21T02:00,mcn,McNary,89.3,86.5,0.0,338.85,264.42,74.43,491.2
2023-02-21,4,2023-02-21T03:00,mcn,McNary,110.6,107.8,0.0,338.98,264.98,74.0,608.7
2023-02-21,5,2023-02-21T04:00,mcn,McNary,141.6,138.8,0.0,338.87,265.79,73.08,773.9
2023-02-21,6,2023-02-21T05:00,mcn,McNary,141.9,139.1,0.0,338.94,265.6,73.34,778.4
2023-02-21,7,2023-02-21T06:00,mcn,McNary,141.2,138.4,0.0,338.79,265.14,73.65,777.7
2023-02-21,8,2023-02-21T07:00,mcn,McNary,140.0,137.2,0.0,338.87,265.08,73.79,772.5
2023-02-21,9,2023-02-21T08:00,mcn,McNary,141.2,138.4,0.0,338.82,265.26,73.56,776.8
2023-02-21,10,2023-02-21T09:00,mcn,McNary,143.0,140.2,0.0,338.77,265.28,73.49,786.1
2023-02-21,11,2023-02-21T10:00,mcn,McNary,143.3,140.5,0.0,338.89,265.54,73.35,786.3
2023-02-21,12,2023-02-21T11:00,mcn,McNary,140.1,137.3,0.0,338.89,265.53,73.36,768.5
2023-02-21,13,2023-02-21T12:00,mcn,McNary,141.1,138.3,0.0,338.74,265.51,73.23,772.7
2023-02-21,14,2023-02-21T13:00,mcn,McNary,141.2,138.4,0.0,338.65,265.47,73.18,772.8
2023-02-21,15,2023-02-21T14:00,mcn,McNary,140.9,138.1,0.0,338.7,265.39,73.31,772.5
2023-02-21,16,2023-02-21T15:00,mcn,McNary,141.4,138.6,0.0,338.62,265.18,73.44,776.6
2023-02-21,17,2023-02-21T16:00,mcn,McNary,131.3,128.5,0.0,338.6,265.02,73.58,721.4
2023-02-21,18,2023-02-21T17:00,mcn,McNary,128.4,125.6,0.0,338.56,264.92,73.64,705.7
2023-02-21,19,2023-02-21T18:00,mcn,McNary,128.7,125.9,0.0,338.62,265.04,73.58,706.8
2023-02-21,20,2023-02-21T19:00,mcn,McNary,129.9,127.1,0.0,338.65,265.08,73.57,713.5
2023-02-21,21,2023-02-21T20:00,mcn,McNary,129.4,126.6,0.0,338.56,265.08,73.48,709.8
2023-02-21,22,2023-02-21T21:00,mcn,McNary,129.0,126.2,0.0,338.6,264.95,73.65,709.2
2023-02-21,23,2023-02-21T22:00,mcn,McNary,110.7,107.9,0.0,338.63,264.63,74.0,609.2
2023-02-21,24,2023-02-21T23:00,mcn,McNary,108.9,106.1,0.0,338.51,264.54,73.97,598.8
2023-02-22,1,2023-02-22T00:00,mcn,McNary,90.6,87.8,0.0,338.63,264.08,74.55,499.4
2023-02-22,2,2023-02-22T01:00,mcn,McNary,85.2,82.4,0.0,338.75,264.11,74.64,469.3
2023-02-22,3,2023-02-22T02:00,mcn,McNary,85.4,82.6,0.0,338.8,264.46,74.34,468.5
2023-02-22,4,2023-02-22T03:00,mcn,McNary,85.4,82.6,0.0,338.94,264.23,74.71,470.9
2023-02-22,5,2023-02-22T04:00,mcn,McNary,84.7,81.9,0.0,339.03,264.26,74.77,467.2
2023-02-22,6,2023-02-22T05:00,mcn,McNary,107.8,105.0,0.0,338.94,264.92,74.02,593.0
2023-02-22,7,2023-02-22T06:00,mcn,McNary,128.4,125.6,0.0,338.99,265.23,73.76,706.9
2023-02-22,8,2023-02-22T07:00,mcn,McNary,128.4,125.6,0.0,339.11,265.12,73.99,709.1
2023-02-22,9,2023-02-22T08:00,mcn,McNary,128.9,126.1,0.0,339.13,264.99,74.14,713.3
2023-02-22,10,2023-02-22T09:00,mcn,McNary,115.0,112.2,0.0,339.22,264.74,74.48,637.6
2023-02-22,11,2023-02-22T10:00,mcn,McNary,112.2,109.4,0.0,339.18,264.71,74.47,621.6
2023-02-22,12,2023-02-22T11:00,mcn,McNary,112.5,109.7,0.0,339.22,264.65,74.57,624.2
2023-02-22,13,2023-02-22T12:00,mcn,McNary,111.7,108.9,0.0,339.1,264.68,74.42,618.4
2023-02-22,14,2023-02-22T13:00,mcn,McNary,104.1,101.3,0.0,339.16,264.93,74.23,573.7
2023-02-22,15,2023-02-22T14:00,mcn,McNary,128.1,125.3,0.0,338.95,265.15,73.8,705.6
2023-02-22,16,2023-02-22T15:00,mcn,McNary,137.8,135.0,0.0,338.99,265.16,73.83,760.5
2023-02-22,17,2023-02-22T16:00,mcn,McNary,132.1,129.3,0.0,338.95,265.15,73.8,728.1
2023-02-22,18,2023-02-22T17:00,mcn,McNary,137.6,134.8,0.0,338.85,265.25,73.6,757.0
2023-02-22,19,2023-02-22T18:00,mcn,McNary,137.2,134.4,0.0,338.83,265.27,73.56,754.3
2023-02-22,20,2023-02-22T19:00,mcn,McNary,138.4,135.6,0.0,338.85,265.16,73.69,762.4
2023-02-22,21,2023-02-22T20:00,mcn,McNary,140.1,137.3,0.0,338.91,265.25,73.66,771.7
2023-02-22,22,2023-02-22T21:00,mcn,McNary,139.6,136.8,0.0,338.82,265.31,73.51,767.3
2023-02-22,23,2023-02-22T22:00,mcn,McNary,141.4,138.6,0.0,338.85,265.25,73.6,778.3
2023-02-22,24,2023-02-22T23:00,mcn,McNary,137.7,134.9,0.0,338.98,265.1,73.88,760.4
2023-02-23,1,2023-02-23T00:00,mcn,McNary,107.5,104.7,0.0,339.05,264.4,74.65,596.3
2023-02-23,2,2023-02-23T01:00,mcn,McNary,105.8,103.0,0.0,339.09,264.37,74.72,587.2
2023-02-23,3,2023-02-23T02:00,mcn,McNary,106.8,104.0,0.0,339.06,264.48,74.58,591.8
2023-02-23,4,2023-02-23T03:00,mcn,McNary,105.6,102.8,0.0,339.12,264.66,74.46,584.0
2023-02-23,5,2023-02-23T04:00,mcn,McNary,106.9,104.1,0.0,339.19,264.84,74.35,590.5
2023-02-23,6,2023-02-23T05:00,mcn,McNary,117.7,114.9,0.0,339.15,265.26,73.89,647.8
2023-02-23,7,2023-02-23T06:00,mcn,McNary,136.5,133.7,0.0,339.22,265.36,73.86,753.5
2023-02-23,8,2023-02-23T07:00,mcn,McNary,137.8,135.0,0.0,339.36,265.3,74.06,762.9
2023-02-23,9,2023-02-23T08:00,mcn,McNary,134.8,132.0,0.0,339.38,265.13,74.25,747.8
2023-02-23,10,2023-02-23T09:00,mcn,McNary,130.0,127.2,0.0,339.36,265.1,74.26,720.7
2023-02-23,11,2023-02-23T10:00,mcn,McNary,119.8,117.0,0.0,339.35,264.79,74.56,665.6
2023-02-23,12,2023-02-23T11:00,mcn,McNary,118.2,115.4,0.0,339.32,264.73,74.59,656.8
2023-02-23,13,2023-02-23T12:00,mcn,McNary,112.9,110.1,0.0,339.26,264.73,74.53,626.1
2023-02-23,14,2023-02-23T13:00,mcn,McNary,113.1,110.3,0.0,339.35,264.79,74.56,627.5
2023-02-23,15,2023-02-23T14:00,mcn,McNary,110.7,107.9,0.0,339.31,264.74,74.57,613.9
2023-02-23,16,2023-02-23T15:00,mcn,McNary,115.0,112.2,0.0,339.29,264.87,74.42,637.1
2023-02-23,17,2023-02-23T16:00,mcn,McNary,123.4,120.6,0.0,339.25,265.14,74.11,681.9
2023-02-23,18,2023-02-23T17:00,mcn,McNary,125.8,123.0,0.0,339.36,265.08,74.28,697.1
2023-02-23,19,2023-02-23T18:00,mcn,McNary,128.3,125.5,0.0,339.46,265.18,74.28,711.3
2023-02-23,20,2023-02-23T19:00,mcn,McNary,129.9,127.1,0.0,339.45,265.24,74.21,719.7
2023-02-23,21,2023-02-23T20:00,mcn,McNary,130.2,127.4,0.0,339.46,265.15,74.31,722.3
2023-02-23,22,2023-02-23T21:00,mcn,McNary,129.7,126.9,0.0,339.54,265.08,74.46,721.0
2023-02-23,23,2023-02-23T22:00,mcn,McNary,114.2,111.4,0.0,339.56,264.83,74.73,635.2
2023-02-23,24,2023-02-23T23:00,mcn,McNary,113.1,110.3,0.0,339.51,264.85,74.66,628.3
2023-02-24,1,2023-02-24T00:00,mcn,McNary,114.1,111.3,0.0,339.46,264.8,74.66,634.0
2023-02-24,2,2023-02-24T01:00,mcn,McNary,113.8,111.0,0.0,339.51,264.89,74.62,632.0
2023-02-24,3,2023-02-24T02:00,mcn,McNary,112.0,109.2,0.0,339.52,264.87,74.65,622.0
2023-02-24,4,2023-02-24T03:00,mcn,McNary,112.9,110.1,0.0,339.49,265.01,74.48,625.7
2023-02-24,5,2023-02-24T04:00,mcn,McNary,132.1,129.3,0.0,339.44,265.32,74.12,731.2
2023-02-24,6,2023-02-24T05:00,mcn,McNary,155.4,152.6,0.0,339.44,265.62,73.82,859.5
2023-02-24,7,2023-02-24T06:00,mcn,McNary,152.3,149.5,0.0,339.48,265.6,73.88,842.7
2023-02-24,8,2023-02-24T07:00,mcn,McNary,156.0,153.2,0.0,339.49,265.53,73.96,864.5
2023-02-24,9,2023-02-24T08:00,mcn,McNary,155.5,152.7,0.0,339.51,265.53,73.98,861.9
2023-02-24,10,2023-02-24T09:00,mcn,McNary,155.9,153.1,0.0,339.51,265.53,73.98,864.2
2023-02-24,11,2023-02-24T10:00,mcn,McNary,154.6,151.8,0.0,339.59,265.47,74.12,858.5
2023-02-24,12,2023-02-24T11:00,mcn,McNary,133.4,130.6,0.0,339.65,265.06,74.59,743.3
2023-02-24,13,2023-02-24T12:00,mcn,McNary,118.7,115.9,0.0,339.57,264.98,74.59,659.6
2023-02-24,14,2023-02-24T13:00,mcn,McNary,118.7,115.9,0.0,339.55,265.14,74.41,658.0
2023-02-24,15,2023-02-24T14:00,mcn,McNary,118.6,115.8,0.0,339.62,264.99,74.63,659.4
2023-02-24,16,2023-02-24T15:00,mcn,McNary,118.8,116.0,0.0,339.56,265.07,74.49,659.3
2023-02-24,17,2023-02-24T16:00,mcn,McNary,126.9,124.1,0.0,339.61,265.37,74.24,703.0
2023-02-24,18,2023-02-24T17:00,mcn,McNary,143.6,140.8,0.0,339.5,265.61,73.89,793.8
2023-02-24,19,2023-02-24T18:00,mcn,McNary,144.0,141.2,0.0,339.6,265.54,74.06,797.9
2023-02-24,20,2023-02-24T19:00,mcn,McNary,145.4,142.6,0.0,339.59,265.69,73.9,804.1
2023-02-24,21,2023-02-24T20:00,mcn,McNary,144.3,141.5,0.0,339.56,265.59,73.97,798.6
2023-02-24,22,2023-02-24T21:00,mcn,McNary,144.5,141.7,0.0,339.5,265.47,74.03,800.4
2023-02-24,23,2023-02-24T22:00,mcn,McNary,129.7,126.9,0.0,339.57,265.18,74.39,720.3
2023-02-24,24,2023-02-24T23:00,mcn,McNary,108.9,106.1,0.0,339.56,264.83,74.73,605.0
2023-02-25,1,2023-02-25T00:00,mcn,McNary,107.7,104.9,0.0,339.5,264.98,74.52,596.4
2023-02-25,2,2023-02-25T01:00,mcn,McNary,107.1,104.3,0.0,339.48,265.1,74.38,591.9
2023-02-25,3,2023-02-25T02:00,mcn,McNary,108.6,105.8,0.0,339.53,265.08,74.45,601.0
2023-02-25,4,2023-02-25T03:00,mcn,McNary,107.4,104.6,0.0,339.56,265.09,74.47,594.3
2023-02-25,5,2023-02-25T04:00,mcn,McNary,107.2,104.4,0.0,339.54,265.17,74.37,592.4
2023-02-25,6,2023-02-25T05:00,mcn,McNary,126.6,123.8,0.0,339.47,265.45,74.02,699.2
2023-02-25,7,2023-02-25T06:00,mcn,McNary,137.5,134.7,0.0,339.45,265.73,73.72,757.7
2023-02-25,8,2023-02-25T07:00,mcn,McNary,144.4,141.6,0.0,339.54,265.83,73.71,796.4
2023-02-25,9,2023-02-25T08:00,mcn,McNary,143.9,141.1,0.0,339.57,265.78,73.79,794.4
2023-02-25,10,2023-02-25T09:00,mcn,McNary,145.4,142.6,0.0,339.56,265.6,73.96,804.7
2023-02-25,11,2023-02-25T10:00,mcn,McNary,134.2,131.4,0.0,339.61,265.29,74.32,745.1
2023-02-25,12,2023-02-25T11:00,mcn,McNary,132.9,130.1,0.0,339.54,265.38,74.16,736.2
2023-02-25,13,2023-02-25T12:00,mcn,McNary,133.0,130.2,0.0,339.58,265.65,73.93,734.4
2023-02-25,14,2023-02-25T13:00,mcn,McNary,134.2,131.4,0.0,339.48,265.53,73.95,741.4
2023-02-25,15,2023-02-25T14:00,mcn,McNary,133.7,130.9,0.0,339.48,265.41,74.07,739.8
2023-02-25,16,2023-02-25T15:00,mcn,McNary,133.5,130.7,0.0,339.39,265.4,73.99,737.9
2023-02-25,17,2023-02-25T16:00,mcn,McNary,144.9,142.1,0.0,339.29,265.66,73.63,798.3
2023-02-25,18,2023-02-25T17:00,mcn,McNary,145.0,142.2,0.0,339.32,265.72,73.6,798.5
2023-02-25,19,2023-02-25T18:00,mcn,McNary,146.7,143.9,0.0,339.22,265.97,73.25,804.3
2023-02-25,20,2023-02-25T19:00,mcn,McNary,147.4,144.6,0.0,339.12,265.74,73.38,809.6
2023-02-25,21,2023-02-25T20:00,mcn,McNary,146.5,143.7,0.0,339.12,265.72,73.4,804.8
2023-02-25,22,2023-02-25T21:00,mcn,McNary,130.4,127.6,0.0,339.18,265.25,73.93,719.8
2023-02-25,23,2023-02-25T22:00,mcn,McNary,99.2,96.4,0.0,339.16,264.71,74.45,547.6
2023-02-25,24,2023-02-25T23:00,mcn,McNary,81.7,78.9,0.0,339.17,264.44,74.73,449.9
2023-02-26,1,2023-02-26T00:00,mcn,McNary,79.5,76.7,0.0,339.19,264.69,74.5,436.0
2023-02-26,2,2023-02-26T01:00,mcn,McNary,80.5,77.7,0.0,339.08,264.8,74.28,440.4
2023-02-26,3,2023-02-26T02:00,mcn,McNary,80.8,78.0,0.0,339.19,264.83,74.36,442.5
2023-02-26,4,2023-02-26T03:00,mcn,McNary,80.6,77.8,0.0,339.12,264.85,74.27,440.9
2023-02-26,5,2023-02-26T04:00,mcn,McNary,90.3,87.5,0.0,338.96,264.96,74.0,494.0
2023-02-26,6,2023-02-26T05:00,mcn,McNary,112.7,109.9,0.0,338.93,265.35,73.58,617.0
2023-02-26,7,2023-02-26T06:00,mcn,McNary,135.3,132.5,0.0,338.87,265.53,73.34,741.4
2023-02-26,8,2023-02-26T07:00,mcn,McNary,139.0,136.2,0.0,338.9,265.48,73.42,763.0
2023-02-26,9,2023-02-26T08:00,mcn,McNary,137.4,134.6,0.0,338.83,265.48,73.35,753.3
2023-02-26,10,2023-02-26T09:00,mcn,McNary,137.1,134.3,0.0,338.89,265.3,73.59,754.1
2023-02-26,11,2023-02-26T10:00,mcn,McNary,108.3,105.5,0.0,338.84,264.71,74.13,596.7
2023-02-26,12,2023-02-26T11:00,mcn,McNary,105.4,102.6,0.0,338.89,265.18,73.71,577.0
2023-02-26,13,2023-02-26T12:00,mcn,McNary,108.2,105.4,0.0,338.96,265.44,73.52,591.2
2023-02-26,14,2023-02-26T13:00,mcn,McNary,107.6,104.8,0.0,338.94,265.28,73.66,589.0
2023-02-26,15,2023-02-26T14:00,mcn,McNary,108.7,105.9,0.0,339.0,265.16,73.84,596.6
2023-02-26,16,2023-02-26T15:00,mcn,McNary,108.0,105.2,0.0,338.97,265.27,73.7,591.6
2023-02-26,17,2023-02-26T16:00,mcn,McNary,138.2,135.4,0.0,338.93,265.5,73.43,758.6
2023-02-26,18,2023-02-26T17:00,mcn,McNary,139.0,136.2,0.0,338.97,265.42,73.55,764.3
2023-02-26,19,2023-02-26T18:00,mcn,McNary,140.5,137.7,0.0,339.02,265.58,73.44,771.6
2023-02-26,20,2023-02-26T19:00,mcn,McNary,139.6,136.8,0.0,339.05,265.32,73.73,769.6
2023-02-26,21,2023-02-26T20:00,mcn,McNary,120.3,117.5,0.0,339.06,264.93,74.13,664.6
2023-02-26,22,2023-02-26T21:00,mcn,McNary,117.3,114.5,0.0,339.1,264.62,74.48,650.7
2023-02-26,23,2023-02-26T22:00,mcn,McNary,100.9,98.1,0.0,339.15,264.33,74.82,560.0
2023-02-26,24,2023-02-26T23:00,mcn,McNary,97.8,95.0,0.0,339.09,264.54,74.55,540.4
2023-02-27,1,2023-02-27T00:00,mcn,McNary,98.3,95.5,0.0,339.02,264.57,74.45,542.5
2023-02-27,2,2023-02-27T01:00,mcn,McNary,108.7,105.9,0.0,338.89,264.92,73.97,597.7
2023-02-27,3,2023-02-27T02:00,mcn,McNary,109.2,106.4,0.0,338.91,264.68,74.23,602.6
2023-02-27,4,2023-02-27T03:00,mcn,McNary,108.5,105.7,0.0,338.84,264.67,74.17,598.2
2023-02-27,5,2023-02-27T04:00,mcn,McNary,107.4,104.6,0.0,338.82,264.71,74.11,591.5
2023-02-27,6,2023-02-27T05:00,mcn,McNary,121.3,118.5,0.0,338.82,265.15,73.67,666.1
2023-02-27,7,2023-02-27T06:00,mcn,McNary,124.5,121.7,0.0,338.89,265.04,73.85,685.7
2023-02-27,8,2023-02-27T07:00,mcn,McNary,116.8,114.0,0.0,338.93,264.87,74.06,644.2
2023-02-27,9,2023-02-27T08:00,mcn,McNary,118.4,115.6,0.0,338.94,264.69,74.25,654.9
2023-02-27,10,2023-02-27T09:00,mcn,McNary,109.7,106.9,0.0,338.99,264.41,74.58,608.3
2023-02-27,11,2023-02-27T10:00,mcn,McNary,108.4,105.6,0.0,338.98,264.61,74.37,599.2
2023-02-27,12,2023-02-27T11:00,mcn,McNary,106.2,103.4,0.0,338.93,264.62,74.31,586.3
2023-02-27,13,2023-02-27T12:00,mcn,McNary,107.2,104.4,0.0,338.92,264.63,74.29,591.8
2023-02-27,14,2023-02-27T13:00,mcn,McNary,100.9,98.1,0.0,339.26,264.3,74.96,561.1
2023-02-27,15,2023-02-27T14:00,mcn,McNary,97.4,94.6,0.0,339.23,264.24,74.99,541.3
2023-02-27,16,2023-02-27T15:00,mcn,McNary,103.1,100.3,0.0,339.14,264.64,74.5,570.1
2023-02-27,17,2023-02-27T16:00,mcn,McNary,126.8,124.0,0.0,339.12,265.13,73.99,700.0
2023-02-27,18,2023-02-27T17:00,mcn,McNary,142.0,139.2,0.0,339.21,265.5,73.71,782.9
2023-02-27,19,2023-02-27T18:00,mcn,McNary,153.6,150.8,0.0,339.22,265.6,73.62,847.1
2023-02-27,20,2023-02-27T19:00,mcn,McNary,154.1,151.3,0.0,339.25,265.6,73.65,850.2
2023-02-27,21,2023-02-27T20:00,mcn,McNary,155.1,152.3,0.0,339.16,265.46,73.7,856.4
2023-02-27,22,2023-02-27T21:00,mcn,McNary,145.5,142.7,0.0,339.13,265.3,73.83,803.9
2023-02-27,23,2023-02-27T22:00,mcn,McNary,143.1,140.3,0.0,339.02,265.24,73.78,789.8
2023-02-27,24,2023-02-27T23:00,mcn,McNary,124.0,121.2,0.0,339.21,264.96,74.25,686.6
2023-02-28,1,2023-02-28T00:00,mcn,McNary,102.8,100.0,0.0,339.06,264.62,74.44,568.0
2023-02-28,2,2023-02-28T01:00,mcn,McNary,101.8,99.0,0.0,338.99,264.61,74.38,561.8
2023-02-28,3,2023-02-28T02:00,mcn,McNary,101.8,99.0,0.0,339.04,264.62,74.42,562.1
2023-02-28,4,2023-02-28T03:00,mcn,McNary,100.9,98.1,0.0,339.04,264.66,74.38,556.7
2023-02-28,5,2023-02-28T04:00,mcn,McNary,102.1,99.3,0.0,339.11,265.0,74.11,561.5
2023-02-28,6,2023-02-28T05:00,mcn,McNary,121.7,118.9,0.0,339.05,265.36,73.69,668.5
2023-02-28,7,2023-02-28T06:00,mcn,McNary,143.1,140.3,0.0,339.09,265.57,73.52,787.0
2023-02-28,8,2023-02-28T07:00,mcn,McNary,144.7,141.9,0.0,339.13,265.46,73.67,797.6
2023-02-28,9,2023-02-28T08:00,mcn,McNary,144.0,141.2,0.0,339.13,265.34,73.79,795.0
2023-02-28,10,2023-02-28T09:00,mcn,McNary,122.8,120.0,0.0,339.26,264.84,74.42,681.4
2023-02-28,11,2023-02-28T10:00,mcn,McNary,104.3,101.5,0.0,339.25,264.33,74.92,580.2
2023-02-28,12,2023-02-28T11:00,mcn,McNary,104.8,102.0,0.0,339.33,264.54,74.79,582.1
2023-02-28,13,2023-02-28T12:00,mcn,McNary,105.5,102.7,0.0,339.36,264.76,74.6,584.6
2023-02-28,14,2023-02-28T13:00,mcn,McNary,104.6,101.8,0.0,339.21,264.7,74.51,578.7
2023-02-28,15,2023-02-28T14:00,mcn,McNary,105.8,101.8,0.0,339.27,264.84,74.43,578.1
2023-02-28,16,2023-02-28T15:00,mcn,McNary,123.6,119.6,0.0,339.24,265.06,74.18,676.9
2023-02-28,17,2023-02-28T16:00,mcn,McNary,128.2,124.2,0.0,339.16,265.04,74.12,702.4
2023-02-28,18,2023-02-28T17:00,mcn,McNary,130.1,126.1,0.0,339.11,265.23,73.88,710.8
2023-02-28,19,2023-02-28T18:00,mcn,McNary,130.4,126.4,0.0,339.03,265.3,73.73,711.1
2023-02-28,20,2023-02-28T19:00,mcn,McNary,128.3,124.3,0.0,339.06,265.14,73.92,701.1
2023-02-28,21,2023-02-28T20:00,mcn,McNary,128.0,124.0,0.0,339.02,265.01,74.01,700.2
2023-02-28,22,2023-02-28T21:00,mcn,McNary,100.3,96.3,0.0,339.13,264.52,74.61,548.2
2023-02-28,23,2023-02-28T22:00,mcn,McNary,98.2,94.2,0.0,339.01,264.58,74.43,535.0
2023-02-28,24,2023-02-28T23:00,mcn,McNary,98.2,94.2,0.0,339.05,264.59,74.46,535.2
2023-03-01,1,2023-03-01T00:00,mcn,McNary,81.8,77.8,0.0,339.18,264.31,74.87,444.4
2023-03-01,2,2023-03-01T01:00,mcn,McNary,79.2,75.2,0.0,339.12,264.29,74.83,429.4
2023-03-01,3,2023-03-01T02:00,mcn,McNary,79.4,75.4,0.0,339.1,264.31,74.79,430.3
2023-03-01,4,2023-03-01T03:00,mcn,McNary,80.7,76.7,0.0,339.22,264.53,74.69,437.1
2023-03-01,5,2023-03-01T04:00,mcn,McNary,119.2,113.2,2.0,339.16,265.32,73.84,637.8
2023-03-01,6,2023-03-01T05:00,mcn,McNary,144.9,131.0,9.9,339.24,265.62,73.62,735.9
2023-03-01,7,2023-03-01T06:00,mcn,McNary,148.1,134.0,10.0,339.34,265.38,73.96,756.2
2023-03-01,8,2023-03-01T07:00,mcn,McNary,151.9,137.8,10.0,339.22,265.54,73.68,774.7
2023-03-01,9,2023-03-01T08:00,mcn,McNary,152.4,138.4,10.0,339.24,265.21,74.03,781.8
2023-03-01,10,2023-03-01T09:00,mcn,McNary,121.9,115.9,2.1,339.4,264.58,74.82,661.6
2023-03-01,11,2023-03-01T10:00,mcn,McNary,98.3,94.3,0.0,339.35,264.21,75.14,540.6
2023-03-01,12,2023-03-01T11:00,mcn,McNary,98.3,94.3,0.0,339.31,264.29,75.02,539.8
2023-03-01,13,2023-03-01T12:00,mcn,McNary,98.1,94.1,0.0,339.4,264.31,75.09,539.1
2023-03-01,14,2023-03-01T13:00,mcn,McNary,101.5,97.5,0.0,339.4,264.54,74.86,556.9
2023-03-01,15,2023-03-01T14:00,mcn,McNary,100.0,96.0,0.0,339.37,264.57,74.8,547.9
2023-03-01,16,2023-03-01T15:00,mcn,McNary,113.9,109.9,0.0,339.32,264.96,74.36,623.5
2023-03-01,17,2023-03-01T16:00,mcn,McNary,146.1,142.1,0.0,339.29,265.49,73.8,800.2
2023-03-01,18,2023-03-01T17:00,mcn,McNary,139.2,135.2,0.0,339.41,265.5,73.91,762.4
2023-03-01,19,2023-03-01T18:00,mcn,McNary,144.4,140.4,0.0,339.35,265.58,73.77,790.3
2023-03-01,20,2023-03-01T19:00,mcn,McNary,146.8,142.8,0.0,339.27,265.58,73.69,802.9
2023-03-01,21,2023-03-01T20:00,mcn,McNary,138.8,134.8,0.0,339.32,265.24,74.08,761.9
2023-03-01,22,2023-03-01T21:00,mcn,McNary,138.6,134.6,0.0,339.36,265.06,74.3,763.1
2023-03-01,23,2023-03-01T22:00,mcn,McNary,106.3,102.3,0.0,339.42,264.46,74.96,585.1
2023-03-01,24,2023-03-01T23:00,mcn,McNary,81.2,77.2,0.0,339.35,264.0,75.35,443.8
2023-03-02,1,2023-03-02T00:00,mcn,McNary,79.1,75.1,0.0,339.25,264.46,74.79,428.6
2023-03-02,2,2023-03-02T01:00,mcn,McNary,78.7,74.7,0.0,339.3,264.42,74.88,426.8
2023-03-02,3,2023-03-02T02:00,mcn,McNary,79.5,75.5,0.0,339.28,264.46,74.82,431.0
2023-03-02,4,2023-03-02T03:00,mcn,McNary,78.8,74.8,0.0,339.36,264.46,74.9,427.5
2023-03-02,5,2023-03-02T04:00,mcn,McNary,80.3,76.3,0.0,339.22,264.6,74.62,434.4
2023-03-02,6,2023-03-02T05:00,mcn,McNary,117.2,113.2,0.0,339.15,265.31,73.84,637.8
2023-03-02,7,2023-03-02T06:00,mcn,McNary,138.3,134.3,0.0,339.16,265.58,73.58,754.0
2023-03-02,8,2023-03-02T07:00,mcn,McNary,139.0,135.0,0.0,339.14,265.56,73.58,757.9
2023-03-02,9,2023-03-02T08:00,mcn,McNary,139.9,135.9,0.0,339.14,265.17,73.97,767.0
2023-03-02,10,2023-03-02T09:00,mcn,McNary,102.6,98.6,0.0,339.24,264.19,75.05,564.6
2023-03-02,11,2023-03-02T10:00,mcn,McNary,81.2,77.2,0.0,339.15,263.9,75.25,443.2
2023-03-02,12,2023-03-02T11:00,mcn,McNary,78.0,74.0,0.0,339.27,264.19,75.08,423.9
2023-03-02,13,2023-03-02T12:00,mcn,McNary,74.0,70.0,0.0,339.27,263.94,75.33,402.3
2023-03-02,14,2023-03-02T13:00,mcn,McNary,66.0,62.0,0.0,339.11,264.3,74.81,353.9
2023-03-02,15,2023-03-02T14:00,mcn,McNary,66.3,62.3,0.0,339.07,264.38,74.69,355.0
2023-03-02,16,2023-03-02T15:00,mcn,McNary,68.0,64.0,0.0,339.22,264.5,74.72,364.9
2023-03-02,17,2023-03-02T16:00,mcn,McNary,100.0,96.0,0.0,339.05,265.23,73.82,540.7
2023-03-02,18,2023-03-02T17:00,mcn,McNary,141.8,137.8,0.0,338.99,265.89,73.1,768.6
2023-03-02,19,2023-03-02T18:00,mcn,McNary,142.4,138.4,0.0,339.24,265.46,73.78,779.1
2023-03-02,20,2023-03-02T19:00,mcn,McNary,130.6,126.6,0.0,339.24,265.07,74.17,716.5
2023-03-02,21,2023-03-02T20:00,mcn,McNary,129.5,125.5,0.0,339.06,265.11,73.95,708.1
2023-03-02,22,2023-03-02T21:00,mcn,McNary,129.0,125.0,0.0,339.11,264.91,74.2,707.7
2023-03-02,23,2023-03-02T22:00,mcn,McNary,111.0,107.0,0.0,339.18,264.9,74.28,606.4
2023-03-02,24,2023-03-02T23:00,mcn,McNary,109.3,105.3,0.0,339.01,264.93,74.08,595.2
2023-03-03,1,2023-03-03T00:00,mcn,McNary,78.3,74.3,0.0,339.14,264.24,74.9,424.6
2023-03-03,2,2023-03-03T01:00,mcn,McNary,76.1,72.1,0.0,339.17,264.18,74.99,412.5
2023-03-03,3,2023-03-03T02:00,mcn,McNary,77.5,73.5,0.0,339.29,264.25,75.04,420.8
2023-03-03,4,2023-03-03T03:00,mcn,McNary,77.5,73.5,0.0,339.3,264.54,74.76,419.3
2023-03-03,5,2023-03-03T04:00,mcn,McNary,80.2,75.9,0.3,339.38,264.61,74.77,433.0
2023-03-03,6,2023-03-03T05:00,mcn,McNary,101.7,87.7,10.1,339.38,265.18,74.2,496.5
2023-03-03,7,2023-03-03T06:00,mcn,McNary,126.8,112.7,10.1,339.4,265.22,74.18,637.9
2023-03-03,8,2023-03-03T07:00,mcn,McNary,127.7,113.4,10.2,339.54,264.97,74.57,645.2
2023-03-03,9,2023-03-03T08:00,mcn,McNary,129.9,115.7,10.2,339.43,265.14,74.29,655.8
2023-03-03,10,2023-03-03T09:00,mcn,McNary,102.4,96.7,1.7,339.52,264.69,74.83,552.1
2023-03-03,11,2023-03-03T10:00,mcn,McNary,100.2,96.2,0.0,339.41,264.85,74.56,547.3
2023-03-03,12,2023-03-03T11:00,mcn,McNary,86.4,82.4,0.0,339.58,264.47,75.11,472.2
2023-03-03,13,2023-03-03T12:00,mcn,McNary,81.6,77.6,0.0,339.6,264.15,75.45,446.7
2023-03-03,14,2023-03-03T13:00,mcn,McNary,84.1,80.1,0.0,339.6,264.44,75.16,459.4
2023-03-03,15,2023-03-03T14:00,mcn,McNary,83.9,79.9,0.0,339.67,264.38,75.29,459.0
2023-03-03,16,2023-03-03T15:00,mcn,McNary,85.1,81.1,0.0,339.63,264.51,75.12,464.8
2023-03-03,17,2023-03-03T16:00,mcn,McNary,101.1,97.1,0.0,339.55,264.94,74.61,552.8
2023-03-03,18,2023-03-03T17:00,mcn,McNary,129.8,125.8,0.0,339.48,265.34,74.14,711.6
2023-03-03,19,2023-03-03T18:00,mcn,McNary,129.9,125.9,0.0,339.51,265.01,74.5,715.7
2023-03-03,20,2023-03-03T19:00,mcn,McNary,131.7,127.7,0.0,339.39,265.0,74.39,724.8
2023-03-03,21,2023-03-03T20:00,mcn,McNary,109.2,105.2,0.0,339.48,264.52,74.96,601.7
2023-03-03,22,2023-03-03T21:00,mcn,McNary,89.8,85.8,0.0,339.4,264.43,74.97,490.8
2023-03-03,23,2023-03-03T22:00,mcn,McNary,88.6,84.6,0.0,339.36,264.57,74.79,482.8
2023-03-03,24,2023-03-03T23:00,mcn,McNary,88.9,84.9,0.0,339.32,264.64,74.68,483.8
2023-03-04,1,2023-03-04T00:00,mcn,McNary,88.6,84.6,0.0,339.34,264.59,74.75,482.5
2023-03-04,2,2023-03-04T01:00,mcn,McNary,89.6,85.6,0.0,339.31,264.6,74.71,488.0
2023-03-04,3,2023-03-04T02:00,mcn,McNary,88.2,84.2,0.0,339.24,264.54,74.7,479.9
2023-03-04,4,2023-03-04T03:00,mcn,McNary,88.9,84.9,0.0,339.19,264.56,74.63,483.4
2023-03-04,5,2023-03-04T04:00,mcn,McNary,88.6,84.6,0.0,339.27,264.56,74.71,482.3
2023-03-04,6,2023-03-04T05:00,mcn,McNary,106.3,102.3,0.0,339.13,265.09,74.04,577.9
2023-03-04,7,2023-03-04T06:00,mcn,McNary,117.0,113.0,0.0,339.23,265.09,74.14,639.2
2023-03-04,8,2023-03-04T07:00,mcn,McNary,117.2,113.2,0.0,339.14,264.94,74.2,640.9
2023-03-04,9,2023-03-04T08:00,mcn,McNary,109.6,105.6,0.0,339.23,264.83,74.4,599.5
2023-03-04,10,2023-03-04T09:00,mcn,McNary,107.0,103.0,0.0,339.21,264.83,74.38,584.5
2023-03-04,11,2023-03-04T10:00,mcn,McNary,111.0,107.0,0.0,339.13,264.75,74.38,607.2
2023-03-04,12,2023-03-04T11:00,mcn,McNary,94.4,90.4,0.0,339.25,264.24,75.01,517.4
2023-03-04,13,2023-03-04T12:00,mcn,McNary,81.4,77.4,0.0,339.23,264.39,74.84,442.0
2023-03-04,14,2023-03-04T13:00,mcn,McNary,80.2,76.2,0.0,339.13,264.12,75.01,436.1
2023-03-04,15,2023-03-04T14:00,mcn,McNary,81.5,77.5,0.0,339.33,264.22,75.11,444.1
2023-03-04,16,2023-03-04T15:00,mcn,McNary,81.2,77.2,0.0,339.21,264.67,74.54,439.1
2023-03-04,17,2023-03-04T16:00,mcn,McNary,89.2,85.2,0.0,339.1,264.84,74.26,482.7
2023-03-04,18,2023-03-04T17:00,mcn,McNary,107.2,103.2,0.0,339.18,264.92,74.26,584.7
2023-03-04,19,2023-03-04T18:00,mcn,McNary,108.8,104.8,0.0,339.22,264.89,74.33,594.4
2023-03-04,20,2023-03-04T19:00,mcn,McNary,109.0,105.0,0.0,339.15,264.87,74.28,595.1
2023-03-04,21,2023-03-04T20:00,mcn,McNary,110.0,106.0,0.0,339.01,264.84,74.17,599.9
2023-03-04,22,2023-03-04T21:00,mcn,McNary,110.2,106.2,0.0,339.18,264.83,74.35,602.5
2023-03-04,23,2023-03-04T22:00,mcn,McNary,91.8,87.8,0.0,339.23,264.2,75.03,502.6
2023-03-04,24,2023-03-04T23:00,mcn,McNary,90.3,86.3,0.0,339.14,264.54,74.6,491.2
2023-03-05,1,2023-03-05T00:00,mcn,McNary,82.1,78.1,0.0,339.18,264.25,74.93,446.5
2023-03-05,2,2023-03-05T01:00,mcn,McNary,81.1,77.1,0.0,339.11,264.43,74.68,439.3
2023-03-05,3,2023-03-05T02:00,mcn,McNary,79.8,75.8,0.0,339.18,264.23,74.95,433.5
2023-03-05,4,2023-03-05T03:00,mcn,McNary,80.5,76.5,0.0,339.16,264.47,74.69,436.0
2023-03-05,5,2023-03-05T04:00,mcn,McNary,91.2,86.6,0.5,339.11,264.59,74.52,492.4
2023-03-05,6,2023-03-05T05:00,mcn,McNary,100.5,86.6,9.8,339.11,264.68,74.43,491.8
2023-03-05,7,2023-03-05T06:00,mcn,McNary,107.9,94.1,9.8,339.13,264.62,74.51,535.0
2023-03-05,8,2023-03-05T07:00,mcn,McNary,109.7,95.8,9.9,339.15,264.61,74.54,544.9
2023-03-05,9,2023-03-05T08:00,mcn,McNary,107.2,93.4,9.9,339.1,264.59,74.51,531.0
2023-03-05,10,2023-03-05T09:00,mcn,McNary,100.5,94.6,1.9,339.2,264.37,74.83,540.1
2023-03-05,11,2023-03-05T10:00,mcn,McNary,97.7,93.7,0.0,339.15,264.31,74.84,535.1
2023-03-05,12,2023-03-05T11:00,mcn,McNary,98.3,94.3,0.0,339.14,264.43,74.71,537.5
2023-03-05,13,2023-03-05T12:00,mcn,McNary,90.1,86.1,0.0,339.19,264.12,75.07,493.2
2023-03-05,14,2023-03-05T13:00,mcn,McNary,89.9,85.9,0.0,339.07,264.17,74.9,490.9
2023-03-05,15,2023-03-05T14:00,mcn,McNary,89.5,85.5,0.0,339.15,264.03,75.12,490.1
2023-03-05,16,2023-03-05T15:00,mcn,McNary,89.7,85.7,0.0,339.12,264.18,74.94,490.0
2023-03-05,17,2023-03-05T16:00,mcn,McNary,90.3,86.3,0.0,339.03,264.43,74.6,491.2
2023-03-05,18,2023-03-05T17:00,mcn,McNary,107.6,103.6,0.0,338.96,264.97,73.99,584.9
2023-03-05,19,2023-03-05T18:00,mcn,McNary,107.3,103.3,0.0,338.94,264.86,74.08,583.9
2023-03-05,20,2023-03-05T19:00,mcn,McNary,108.7,104.7,0.0,338.88,264.78,74.1,592.0
2023-03-05,21,2023-03-05T20:00,mcn,McNary,108.4,104.4,0.0,338.86,264.66,74.2,591.1
2023-03-05,22,2023-03-05T21:00,mcn,McNary,91.8,87.8,0.0,338.89,264.18,74.71,500.5
2023-03-05,23,2023-03-05T22:00,mcn,McNary,90.9,86.9,0.0,338.88,264.15,74.73,495.5
2023-03-05,24,2023-03-05T23:00,mcn,McNary,81.8,77.8,0.0,338.92,264.25,74.67,443.3
2023-03-06,1,2023-03-06T00:00,mcn,McNary,81.9,78.2,0.0,339.0,264.25,74.75,446.0
2023-03-06,2,2023-03-06T01:00,mcn,McNary,80.5,76.8,0.0,338.95,264.25,74.7,437.7
2023-03-06,3,2023-03-06T02:00,mcn,McNary,80.6,76.9,0.0,338.94,264.25,74.69,438.2
2023-03-06,4,2023-03-06T03:00,mcn,McNary,80.9,77.2,0.0,338.96,264.26,74.7,440.0
2023-03-06,5,2023-03-06T04:00,mcn,McNary,90.4,86.7,0.0,338.9,264.58,74.32,491.6
2023-03-06,6,2023-03-06T05:00,mcn,McNary,98.6,94.9,0.0,338.81,264.63,74.18,537.1
2023-03-06,7,2023-03-06T06:00,mcn,McNary,114.7,111.0,0.0,338.75,264.95,73.8,625.0
2023-03-06,8,2023-03-06T07:00,mcn,McNary,112.8,109.1,0.0,338.75,264.92,73.83,614.6
2023-03-06,9,2023-03-06T08:00,mcn,McNary,113.2,109.5,0.0,338.63,264.86,73.77,616.3
2023-03-06,10,2023-03-06T09:00,mcn,McNary,113.3,109.6,0.0,338.6,264.65,73.95,618.4
2023-03-06,11,2023-03-06T10:00,mcn,McNary,90.5,86.8,0.0,338.78,263.98,74.8,495.4
2023-03-06,12,2023-03-06T11:00,mcn,McNary,88.6,84.9,0.0,338.65,264.2,74.45,482.3
2023-03-06,13,2023-03-06T12:00,mcn,McNary,88.4,84.7,0.0,338.65,264.15,74.5,481.5
2023-03-06,14,2023-03-06T13:00,mcn,McNary,89.4,85.7,0.0,338.7,263.95,74.75,488.8
2023-03-06,15,2023-03-06T14:00,mcn,McNary,88.7,85.0,0.0,338.69,263.97,74.72,484.6
2023-03-06,16,2023-03-06T15:00,mcn,McNary,90.4,86.7,0.0,338.59,264.26,74.33,491.7
2023-03-06,17,2023-03-06T16:00,mcn,McNary,112.2,108.5,0.0,338.53,264.7,73.83,611.2
2023-03-06,18,2023-03-06T17:00,mcn,McNary,111.8,108.1,0.0,338.57,264.7,73.87,609.3
2023-03-06,19,2023-03-06T18:00,mcn,McNary,111.6,107.9,0.0,338.48,264.68,73.8,607.6
2023-03-06,20,2023-03-06T19:00,mcn,McNary,111.8,108.1,0.0,338.42,264.52,73.9,609.5
2023-03-06,21,2023-03-06T20:00,mcn,McNary,114.0,110.3,0.0,338.41,264.56,73.85,621.5
2023-03-06,22,2023-03-06T21:00,mcn,McNary,99.6,95.9,0.0,338.44,264.23,74.21,543.0
2023-03-06,23,2023-03-06T22:00,mcn,McNary,97.4,93.7,0.0,338.35,264.21,74.14,530.0
2023-03-06,24,2023-03-06T23:00,mcn,McNary,89.2,85.5,0.0,338.43,263.93,74.5,486.0
2023-03-07,1,2023-03-07T00:00,mcn,McNary,80.3,76.6,0.0,338.49,263.88,74.61,436.1
2023-03-07,2,2023-03-07T01:00,mcn,McNary,79.4,75.7,0.0,338.49,263.87,74.62,431.0
2023-03-07,3,2023-03-07T02:00,mcn,McNary,79.1,75.4,0.0,338.44,263.93,74.51,428.7
2023-03-07,4,2023-03-07T03:00,mcn,McNary,78.3,74.6,0.0,338.56,263.96,74.6,424.6
2023-03-07,5,2023-03-07T04:00,mcn,McNary,87.6,83.9,0.0,338.5,264.25,74.25,475.3
2023-03-07,6,2023-03-07T05:00,mcn,McNary,98.6,94.9,0.0,338.48,264.36,74.12,536.7
2023-03-07,7,2023-03-07T06:00,mcn,McNary,100.1,96.4,0.0,338.52,264.38,74.14,545.3
2023-03-07,8,2023-03-07T07:00,mcn,McNary,118.6,114.9,0.0,338.55,264.8,73.75,646.6
2023-03-07,9,2023-03-07T08:00,mcn,McNary,119.0,115.3,0.0,338.6,264.8,73.8,649.2
2023-03-07,10,2023-03-07T09:00,mcn,McNary,119.4,115.7,0.0,338.56,264.57,73.99,653.2
2023-03-07,11,2023-03-07T10:00,mcn,McNary,99.7,96.0,0.0,338.62,264.21,74.41,545.0
2023-03-07,12,2023-03-07T11:00,mcn,McNary,100.1,96.4,0.0,338.51,264.11,74.4,547.2
2023-03-07,13,2023-03-07T12:00,mcn,McNary,91.7,88.0,0.0,338.62,263.84,74.78,502.1
2023-03-07,14,2023-03-07T13:00,mcn,McNary,90.5,86.8,0.0,338.58,263.96,74.62,494.2
2023-03-07,15,2023-03-07T14:00,mcn,McNary,90.3,86.6,0.0,338.61,263.92,74.69,493.5
2023-03-07,16,2023-03-07T15:00,mcn,McNary,90.0,86.3,0.0,338.66,263.92,74.74,492.1
2023-03-07,17,2023-03-07T16:00,mcn,McNary,100.6,96.9,0.0,338.67,263.97,74.7,552.3
2023-03-07,18,2023-03-07T17:00,mcn,McNary,105.3,101.6,0.0,338.72,264.47,74.25,575.6
2023-03-07,19,2023-03-07T18:00,mcn,McNary,100.4,96.7,0.0,338.78,264.29,74.49,549.6
2023-03-07,20,2023-03-07T19:00,mcn,McNary,98.7,95.0,0.0,338.8,264.39,74.41,539.4
2023-03-07,21,2023-03-07T20:00,mcn,McNary,102.6,98.9,0.0,338.79,264.19,74.6,562.9
2023-03-07,22,2023-03-07T21:00,mcn,McNary,102.3,98.6,0.0,338.91,263.78,75.13,565.2
2023-03-07,23,2023-03-07T22:00,mcn,McNary,83.0,79.3,0.0,338.96,263.66,75.3,455.6
2023-03-07,24,2023-03-07T23:00,mcn,McNary,79.0,75.3,0.0,339.07,263.43,75.64,434.6
2023-03-08,1,2023-03-08T00:00,mcn,McNary,62.0,58.3,0.0,339.15,263.18,75.97,337.9
2023-03-08,2,2023-03-08T01:00,mcn,McNary,60.4,56.7,0.0,339.27,263.41,75.86,328.2
2023-03-08,3,2023-03-08T02:00,mcn,McNary,60.3,56.6,0.0,339.27,263.5,75.77,327.2
2023-03-08,4,2023-03-08T03:00,mcn,McNary,60.2,56.5,0.0,339.38,263.74,75.64,326.1
2023-03-08,5,2023-03-08T04:00,mcn,McNary,89.3,85.0,0.6,339.37,264.49,74.88,485.6
2023-03-08,6,2023-03-08T05:00,mcn,McNary,127.9,114.1,10.1,339.34,264.93,74.41,647.8
2023-03-08,7,2023-03-08T06:00,mcn,McNary,137.6,123.7,10.2,339.5,265.01,74.49,703.1
2023-03-08,8,2023-03-08T07:00,mcn,McNary,140.1,126.2,10.2,339.41,265.07,74.34,715.8
2023-03-08,9,2023-03-08T08:00,mcn,McNary,144.5,130.6,10.1,339.34,265.12,74.22,739.6
2023-03-08,10,2023-03-08T09:00,mcn,McNary,142.9,137.6,1.7,339.37,264.82,74.55,782.7
2023-03-08,11,2023-03-08T10:00,mcn,McNary,119.1,115.4,0.0,339.37,264.32,75.05,660.8
2023-03-08,12,2023-03-08T11:00,mcn,McNary,99.1,95.4,0.0,339.32,263.8,75.52,549.7
2023-03-08,13,2023-03-08T12:00,mcn,McNary,80.5,76.8,0.0,339.31,263.82,75.49,442.4
2023-03-08,14,2023-03-08T13:00,mcn,McNary,79.1,75.4,0.0,339.32,263.94,75.38,433.7
2023-03-08,15,2023-03-08T14:00,mcn,McNary,79.3,75.6,0.0,339.34,264.04,75.3,434.4
2023-03-08,16,2023-03-08T15:00,mcn,McNary,97.2,93.5,0.0,339.28,264.46,74.82,533.8
2023-03-08,17,2023-03-08T16:00,mcn,McNary,118.0,114.3,0.0,339.21,265.01,74.2,647.1
2023-03-08,18,2023-03-08T17:00,mcn,McNary,138.6,134.9,0.0,339.15,265.29,73.86,760.2
2023-03-08,19,2023-03-08T18:00,mcn,McNary,140.0,136.3,0.0,339.12,265.24,73.88,768.3
2023-03-08,20,2023-03-08T19:00,mcn,McNary,141.0,137.3,0.0,339.05,265.2,73.85,773.7
2023-03-08,21,2023-03-08T20:00,mcn,McNary,140.3,136.6,0.0,339.01,264.96,74.05,771.8
2023-03-08,22,2023-03-08T21:00,mcn,McNary,119.9,116.2,0.0,339.12,264.56,74.56,661.1
2023-03-08,23,2023-03-08T22:00,mcn,McNary,98.6,94.9,0.0,339.14,263.98,75.16,544.2
2023-03-08,24,2023-03-08T23:00,mcn,McNary,66.2,62.5,0.0,339.25,263.54,75.71,361.0
2023-03-09,1,2023-03-09T00:00,mcn,McNary,63.6,59.9,0.0,339.14,263.67,75.47,344.9
2023-03-09,2,2023-03-09T01:00,mcn,McNary,63.7,60.0,0.0,339.25,263.68,75.57,346.0
2023-03-09,3,2023-03-09T02:00,mcn,McNary,63.8,60.1,0.0,339.33,263.81,75.52,346.3
2023-03-09,4,2023-03-09T03:00,mcn,McNary,64.5,60.8,0.0,339.34,263.95,75.39,349.7
2023-03-09,5,2023-03-09T04:00,mcn,McNary,83.2,79.5,0.0,339.22,264.52,74.7,453.1
2023-03-09,6,2023-03-09T05:00,mcn,McNary,103.4,99.7,0.0,339.2,264.89,74.31,565.3
2023-03-09,7,2023-03-09T06:00,mcn,McNary,135.7,132.0,0.0,339.14,265.35,73.79,743.2
2023-03-09,8,2023-03-09T07:00,mcn,McNary,138.4,134.7,0.0,339.23,265.31,73.92,759.7
2023-03-09,9,2023-03-09T08:00,mcn,McNary,139.1,135.4,0.0,339.22,265.28,73.94,763.9
2023-03-09,10,2023-03-09T09:00,mcn,McNary,140.9,137.2,0.0,339.11,265.22,73.89,773.5
2023-03-09,11,2023-03-09T10:00,mcn,McNary,141.1,137.4,0.0,339.12,265.18,73.94,775.2
2023-03-09,12,2023-03-09T11:00,mcn,McNary,139.4,135.7,0.0,339.12,265.02,74.1,767.2
2023-03-09,13,2023-03-09T12:00,mcn,McNary,119.9,116.2,0.0,339.17,264.52,74.65,661.9
2023-03-09,14,2023-03-09T13:00,mcn,McNary,108.0,104.3,0.0,339.07,264.62,74.45,592.5
2023-03-09,15,2023-03-09T14:00,mcn,McNary,109.6,105.9,0.0,339.13,264.73,74.4,601.2
2023-03-09,16,2023-03-09T15:00,mcn,McNary,108.3,104.6,0.0,339.15,264.79,74.36,593.5
2023-03-09,17,2023-03-09T16:00,mcn,McNary,118.9,115.2,0.0,339.06,264.98,74.08,651.1
2023-03-09,18,2023-03-09T17:00,mcn,McNary,138.3,134.6,0.0,339.1,265.42,73.68,756.7
2023-03-09,19,2023-03-09T18:00,mcn,McNary,140.5,136.8,0.0,339.16,265.22,73.94,771.8
2023-03-09,20,2023-03-09T19:00,mcn,McNary,139.2,135.5,0.0,339.1,265.15,73.95,764.5
2023-03-09,21,2023-03-09T20:00,mcn,McNary,137.5,133.8,0.0,339.09,265.03,74.06,756.1
2023-03-09,22,2023-03-09T21:00,mcn,McNary,119.1,115.4,0.0,339.23,264.5,74.73,658.0
2023-03-09,23,2023-03-09T22:00,mcn,McNary,98.4,94.7,0.0,339.28,264.03,75.25,543.7
2023-03-09,24,2023-03-09T23:00,mcn,McNary,78.8,75.1,0.0,339.31,263.77,75.54,432.9
2023-03-10,1,2023-03-10T00:00,mcn,McNary,71.7,68.0,0.0,339.33,263.74,75.59,392.2
2023-03-10,2,2023-03-10T01:00,mcn,McNary,70.9,67.2,0.0,339.38,263.92,75.46,386.9
2023-03-10,3,2023-03-10T02:00,mcn,McNary,71.0,67.3,0.0,339.41,264.0,75.41,387.2
2023-03-10,4,2023-03-10T03:00,mcn,McNary,71.0,67.3,0.0,339.38,264.24,75.14,385.8
2023-03-10,5,2023-03-10T04:00,mcn,McNary,85.5,80.6,1.2,339.36,264.69,74.67,459.2
2023-03-10,6,2023-03-10T05:00,mcn,McNary,116.2,102.5,10.0,339.2,265.09,74.11,579.6
2023-03-10,7,2023-03-10T06:00,mcn,McNary,135.4,121.7,10.0,339.3,265.12,74.18,688.8
2023-03-10,8,2023-03-10T07:00,mcn,McNary,134.6,120.9,10.0,339.2,265.15,74.05,683.1
2023-03-10,9,2023-03-10T08:00,mcn,McNary,129.4,115.8,9.9,339.11,264.96,74.15,655.2
2023-03-10,10,2023-03-10T09:00,mcn,McNary,111.9,105.4,2.8,339.24,264.33,74.91,602.4
2023-03-10,11,2023-03-10T10:00,mcn,McNary,95.3,91.6,0.0,339.31,264.23,75.08,524.7
2023-03-10,12,2023-03-10T11:00,mcn,McNary,88.4,84.7,0.0,339.15,264.21,74.94,484.3
2023-03-10,13,2023-03-10T12:00,mcn,McNary,88.9,85.2,0.0,339.16,264.54,74.62,485.1
2023-03-10,14,2023-03-10T13:00,mcn,McNary,90.1,86.4,0.0,339.13,264.68,74.45,490.8
2023-03-10,15,2023-03-10T14:00,mcn,McNary,89.2,85.5,0.0,339.27,264.5,74.77,487.8
2023-03-10,16,2023-03-10T15:00,mcn,McNary,90.3,86.6,0.0,339.27,264.51,74.76,494.0
2023-03-10,17,2023-03-10T16:00,mcn,McNary,109.2,105.5,0.0,339.15,264.99,74.16,597.0
2023-03-10,18,2023-03-10T17:00,mcn,McNary,129.1,125.4,0.0,339.25,265.16,74.09,708.9
2023-03-10,19,2023-03-10T18:00,mcn,McNary,131.3,127.6,0.0,339.25,265.41,73.84,718.9
2023-03-10,20,2023-03-10T19:00,mcn,McNary,137.0,133.3,0.0,339.17,265.47,73.7,749.6
2023-03-10,21,2023-03-10T20:00,mcn,McNary,136.3,132.6,0.0,339.25,265.16,74.09,749.6
2023-03-10,22,2023-03-10T21:00,mcn,McNary,124.2,120.5,0.0,339.29,264.71,74.58,685.7
2023-03-10,23,2023-03-10T22:00,mcn,McNary,100.5,96.8,0.0,339.29,264.39,74.9,553.2
2023-03-10,24,2023-03-10T23:00,mcn,McNary,90.3,86.6,0.0,339.3,264.24,75.06,496.0
2023-03-11,1,2023-03-11T00:00,mcn,McNary,89.4,85.7,0.0,339.29,264.46,74.83,489.3
2023-03-11,2,2023-03-11T01:00,mcn,McNary,90.1,86.4,0.0,339.31,264.52,74.79,493.0
2023-03-11,3,2023-03-11T02:00,mcn,McNary,90.6,86.9,0.0,339.36,264.31,75.05,497.6
2023-03-11,4,2023-03-11T03:00,mcn,McNary,90.8,87.1,0.0,339.44,264.37,75.07,498.9
2023-03-11,5,2023-03-11T04:00,mcn,McNary,90.6,86.9,0.0,339.48,264.55,74.93,496.8
2023-03-11,6,2023-03-11T05:00,mcn,McNary,99.2,95.5,0.0,339.45,264.78,74.67,544.1
2023-03-11,7,2023-03-11T06:00,mcn,McNary,108.9,105.2,0.0,339.48,264.95,74.53,598.2
2023-03-11,8,2023-03-11T07:00,mcn,McNary,109.1,105.4,0.0,339.62,264.93,74.69,600.7
2023-03-11,9,2023-03-11T08:00,mcn,McNary,111.2,107.5,0.0,339.55,264.88,74.67,612.5
2023-03-11,10,2023-03-11T09:00,mcn,McNary,109.7,106.0,0.0,339.68,264.74,74.94,606.1
2023-03-11,11,2023-03-11T10:00,mcn,McNary,100.9,97.2,0.0,339.62,264.54,75.08,556.8
2023-03-11,12,2023-03-11T11:00,mcn,McNary,101.6,97.9,0.0,339.66,264.7,74.96,559.9
2023-03-11,13,2023-03-11T12:00,mcn,McNary,102.5,98.8,0.0,339.67,264.83,74.84,564.2
2023-03-11,14,2023-03-11T13:00,mcn,McNary,105.4,101.7,0.0,339.64,264.81,74.83,580.7
2023-03-11,15,2023-03-11T14:00,mcn,McNary,103.7,100.0,0.0,339.55,264.81,74.74,570.3
2023-03-11,16,2023-03-11T15:00,mcn,McNary,106.6,102.9,0.0,339.57,264.87,74.7,586.5
2023-03-11,17,2023-03-11T16:00,mcn,McNary,108.4,104.7,0.0,339.43,264.92,74.51,595.2
2023-03-11,18,2023-03-11T17:00,mcn,McNary,120.1,116.4,0.0,339.43,265.13,74.3,659.9
2023-03-11,19,2023-03-11T18:00,mcn,McNary,122.3,118.6,0.0,339.46,265.04,74.42,673.4
2023-03-11,20,2023-03-11T19:00,mcn,McNary,117.9,114.2,0.0,339.4,264.99,74.41,648.4
2023-03-11,21,2023-03-11T20:00,mcn,McNary,119.1,115.4,0.0,339.41,265.04,74.37,654.8
2023-03-11,22,2023-03-11T21:00,mcn,McNary,108.6,104.9,0.0,339.42,264.85,74.57,596.8
2023-03-11,23,2023-03-11T22:00,mcn,McNary,91.1,87.4,0.0,339.48,264.46,75.02,500.3
2023-03-11,24,2023-03-11T23:00,mcn,McNary,79.8,76.1,0.0,339.41,264.52,74.89,434.8
2023-03-12,1,2023-03-12T00:00,mcn,McNary,79.5,75.8,0.0,339.38,264.7,74.68,431.9
2023-03-12,2,2023-03-12T01:00,mcn,McNary,79.7,76.0,0.0,339.38,264.69,74.69,433.1
2023-03-12,3,2023-03-12T02:00,mcn,McNary,79.6,75.9,0.0,339.48,264.79,74.69,432.5
2023-03-12,4,2023-03-12T03:00,mcn,McNary,79.8,76.1,0.0,339.42,264.84,74.58,433.0
2023-03-12,5,2023-03-12T04:00,mcn,McNary,88.8,84.3,0.8,339.35,265.06,74.29,477.8
2023-03-12,6,2023-03-12T05:00,mcn,McNary,117.5,103.7,10.1,339.36,265.22,74.14,586.6
2023-03-12,7,2023-03-12T06:00,mcn,McNary,118.4,104.6,10.1,339.38,265.25,74.13,591.6
2023-03-12,8,2023-03-12T07:00,mcn,McNary,119.5,105.7,10.2,339.38,265.26,74.12,597.8
2023-03-12,9,2023-03-12T08:00,mcn,McNary,119.5,105.7,10.2,339.36,265.27,74.09,597.5
2023-03-12,10,2023-03-12T09:00,mcn,McNary,119.6,114.6,1.3,339.46,265.23,74.23,649.1
2023-03-12,11,2023-03-12T10:00,mcn,McNary,119.2,115.5,0.0,339.32,265.21,74.11,653.1
2023-03-12,12,2023-03-12T11:00,mcn,McNary,118.1,114.4,0.0,339.32,265.51,73.81,644.3
2023-03-12,13,2023-03-12T12:00,mcn,McNary,118.4,114.7,0.0,339.27,265.53,73.74,645.3
2023-03-12,14,2023-03-12T13:00,mcn,McNary,118.1,114.4,0.0,339.21,265.47,73.74,643.7
2023-03-12,15,2023-03-12T14:00,mcn,McNary,125.2,121.5,0.0,339.15,265.54,73.61,682.4
2023-03-12,16,2023-03-12T15:00,mcn,McNary,128.7,125.0,0.0,339.04,265.54,73.5,701.0
2023-03-12,17,2023-03-12T16:00,mcn,McNary,118.7,115.0,0.0,338.95,265.62,73.33,643.4
2023-03-12,18,2023-03-12T17:00,mcn,McNary,127.6,123.9,0.0,338.88,265.82,73.06,690.7
2023-03-12,19,2023-03-12T18:00,mcn,McNary,127.4,123.7,0.0,338.87,265.83,73.04,689.4
2023-03-12,20,2023-03-12T19:00,mcn,McNary,130.5,126.8,0.0,338.72,265.67,73.05,706.7
2023-03-12,21,2023-03-12T20:00,mcn,McNary,131.1,127.4,0.0,338.76,265.71,73.05,710.1
2023-03-12,22,2023-03-12T21:00,mcn,McNary,128.4,124.7,0.0,338.64,265.64,73.0,694.6
2023-03-12,23,2023-03-12T22:00,mcn,McNary,127.2,123.5,0.0,338.63,265.57,73.06,688.4
2023-03-13,1,2023-03-13T00:00,mcn,McNary,129.4,125.7,0.0,338.48,265.94,72.54,695.7
2023-03-13,2,2023-03-13T01:00,mcn,McNary,135.1,131.4,0.0,338.37,266.21,72.16,723.5
2023-03-13,3,2023-03-13T02:00,mcn,McNary,131.8,128.1,0.0,338.24,266.09,72.15,705.2
2023-03-13,4,2023-03-13T03:00,mcn,McNary,129.3,125.6,0.0,338.09,266.15,71.94,689.4
2023-03-13,5,2023-03-13T04:00,mcn,McNary,126.8,123.1,0.0,338.04,266.1,71.94,675.7
2023-03-13,6,2023-03-13T05:00,mcn,McNary,125.4,121.7,0.0,337.96,266.16,71.8,666.7
2023-03-13,7,2023-03-13T06:00,mcn,McNary,106.6,102.9,0.0,338.03,265.54,72.49,569.1
2023-03-13,8,2023-03-13T07:00,mcn,McNary,99.5,95.8,0.0,337.97,265.71,72.26,528.2
2023-03-13,9,2023-03-13T08:00,mcn,McNary,98.9,95.2,0.0,338.05,265.58,72.47,526.4
2023-03-13,10,2023-03-13T09:00,mcn,McNary,98.8,95.1,0.0,338.08,265.58,72.5,526.1
2023-03-13,11,2023-03-13T10:00,mcn,McNary,98.7,95.0,0.0,338.15,265.7,72.45,525.2
2023-03-13,12,2023-03-13T11:00,mcn,McNary,99.4,95.7,0.0,338.16,265.9,72.26,527.6
2023-03-13,13,2023-03-13T12:00,mcn,McNary,98.8,95.1,0.0,338.23,265.77,72.46,525.8
2023-03-13,14,2023-03-13T13:00,mcn,McNary,98.3,94.6,0.0,338.02,265.68,72.34,522.1
2023-03-13,15,2023-03-13T14:00,mcn,McNary,98.7,95.0,0.0,337.94,265.58,72.36,524.5
2023-03-13,16,2023-03-13T15:00,mcn,McNary,98.6,94.9,0.0,338.0,265.8,72.2,522.8
2023-03-13,17,2023-03-13T16:00,mcn,McNary,99.6,95.9,0.0,338.18,266.19,71.99,526.8
2023-03-13,18,2023-03-13T17:00,mcn,McNary,100.0,96.3,0.0,338.15,266.24,71.91,528.4
2023-03-13,19,2023-03-13T18:00,mcn,McNary,100.3,96.6,0.0,338.32,265.88,72.44,533.9
2023-03-13,20,2023-03-13T19:00,mcn,McNary,99.2,95.5,0.0,338.3,265.82,72.48,528.1
2023-03-13,21,2023-03-13T20:00,mcn,McNary,99.3,95.6,0.0,338.21,265.7,72.51,528.9
2023-03-13,22,2023-03-13T21:00,mcn,McNary,80.9,77.2,0.0,338.35,265.69,72.66,428.0
2023-03-13,23,2023-03-13T22:00,mcn,McNary,88.0,84.3,0.0,338.38,266.1,72.28,464.9
2023-03-13,24,2023-03-13T23:00,mcn,McNary,85.5,81.8,0.0,338.46,265.59,72.87,454.8
2023-03-14,1,2023-03-14T00:00,mcn,McNary,60.7,57.0,0.0,338.65,264.92,73.73,320.7
2023-03-14,2,2023-03-14T01:00,mcn,McNary,59.5,55.8,0.0,338.58,265.03,73.55,313.1
2023-03-14,3,2023-03-14T02:00,mcn,McNary,59.7,56.0,0.0,338.49,265.22,73.27,313.1
2023-03-14,4,2023-03-14T03:00,mcn,McNary,60.7,57.0,0.0,338.63,265.56,73.07,317.8
2023-03-14,5,2023-03-14T04:00,mcn,McNary,92.8,89.1,0.0,338.5,266.12,72.38,492.1
2023-03-14,6,2023-03-14T05:00,mcn,McNary,94.9,91.2,0.0,338.66,265.74,72.92,507.4
2023-03-14,7,2023-03-14T06:00,mcn,McNary,94.1,90.4,0.0,338.71,265.56,73.15,504.6
2023-03-14,8,2023-03-14T07:00,mcn,McNary,94.2,90.5,0.0,338.68,265.53,73.15,505.1
2023-03-14,9,2023-03-14T08:00,mcn,McNary,94.6,90.9,0.0,338.78,265.54,73.24,508.0
2023-03-14,10,2023-03-14T09:00,mcn,McNary,96.6,92.9,0.0,338.74,265.49,73.25,519.2
2023-03-14,11,2023-03-14T10:00,mcn,McNary,95.3,91.6,0.0,338.66,265.55,73.11,511.0
2023-03-14,12,2023-03-14T11:00,mcn,McNary,95.5,91.8,0.0,338.69,265.24,73.45,514.5
2023-03-14,13,2023-03-14T12:00,mcn,McNary,94.7,91.0,0.0,338.64,265.07,73.57,510.8
2023-03-14,14,2023-03-14T13:00,mcn,McNary,83.9,80.2,0.0,338.62,264.94,73.68,450.9
2023-03-14,15,2023-03-14T14:00,mcn,McNary,83.2,79.5,0.0,338.55,264.96,73.59,446.4
2023-03-14,16,2023-03-14T15:00,mcn,McNary,83.5,79.8,0.0,338.53,265.05,73.48,447.4
2023-03-14,17,2023-03-14T16:00,mcn,McNary,82.3,78.6,0.0,338.52,265.02,73.5,440.8
2023-03-14,18,2023-03-14T17:00,mcn,McNary,93.0,89.3,0.0,338.55,265.11,73.44,500.4
2023-03-14,19,2023-03-14T18:00,mcn,McNary,93.4,89.7,0.0,338.59,264.99,73.6,503.7
2023-03-14,20,2023-03-14T19:00,mcn,McNary,93.6,89.9,0.0,338.64,264.98,73.66,505.3
2023-03-14,21,2023-03-14T20:00,mcn,McNary,93.2,89.5,0.0,338.59,265.05,73.54,502.2
2023-03-14,22,2023-03-14T21:00,mcn,McNary,93.5,89.8,0.0,338.6,264.84,73.76,505.4
2023-03-14,23,2023-03-14T22:00,mcn,McNary,65.6,61.9,0.0,338.82,264.23,74.59,352.3
2023-03-14,24,2023-03-14T23:00,mcn,McNary,64.7,61.0,0.0,338.68,264.46,74.22,345.4
2023-03-15,1,2023-03-15T00:00,mcn,McNary,69.4,65.7,0.0,338.67,264.54,74.13,371.6
2023-03-15,2,2023-03-15T01:00,mcn,McNary,68.1,64.4,0.0,338.78,264.52,74.26,364.9
2023-03-15,3,2023-03-15T02:00,mcn,McNary,65.1,61.4,0.0,338.9,264.58,74.32,348.2
2023-03-15,4,2023-03-15T03:00,mcn,McNary,65.0,61.3,0.0,338.75,264.86,73.89,345.6
2023-03-15,5,2023-03-15T04:00,mcn,McNary,84.0,80.3,0.0,338.72,265.03,73.69,451.5
2023-03-15,6,2023-03-15T05:00,mcn,McNary,90.2,86.5,0.0,338.84,265.25,73.59,485.7
2023-03-15,7,2023-03-15T06:00,mcn,McNary,118.8,106.4,8.7,338.85,265.61,73.24,594.6
2023-03-15,8,2023-03-15T07:00,mcn,McNary,121.3,108.1,9.5,338.83,265.35,73.48,606.1
2023-03-15,9,2023-03-15T08:00,mcn,McNary,119.2,106.0,9.5,338.77,265.24,73.53,594.7
2023-03-15,10,2023-03-15T09:00,mcn,McNary,118.6,105.4,9.5,338.79,265.12,73.67,592.5
2023-03-15,11,2023-03-15T10:00,mcn,McNary,87.4,82.1,1.6,338.96,264.82,74.14,464.4
2023-03-15,12,2023-03-15T11:00,mcn,McNary,77.4,73.7,0.0,338.93,264.84,74.09,416.6
2023-03-15,13,2023-03-15T12:00,mcn,McNary,86.2,82.5,0.0,339.04,264.92,74.12,466.6
2023-03-15,14,2023-03-15T13:00,mcn,McNary,79.2,75.5,0.0,339.07,264.84,74.23,427.6
2023-03-15,15,2023-03-15T14:00,mcn,McNary,79.4,75.7,0.0,339.13,264.74,74.39,429.7
2023-03-15,16,2023-03-15T15:00,mcn,McNary,83.5,79.8,0.0,339.06,264.8,74.26,452.1
2023-03-15,17,2023-03-15T16:00,mcn,McNary,101.7,98.0,0.0,339.03,265.0,74.03,553.6
2023-03-15,18,2023-03-15T17:00,mcn,McNary,109.4,105.7,0.0,338.97,265.45,73.52,592.9
2023-03-15,19,2023-03-15T18:00,mcn,McNary,119.7,116.0,0.0,338.96,265.47,73.49,650.4
2023-03-15,20,2023-03-15T19:00,mcn,McNary,117.5,113.8,0.0,338.98,265.28,73.7,639.9
2023-03-15,21,2023-03-15T20:00,mcn,McNary,117.5,113.8,0.0,338.97,265.18,73.79,640.7
2023-03-15,22,2023-03-15T21:00,mcn,McNary,103.8,100.1,0.0,339.03,264.7,74.33,567.7
2023-03-15,23,2023-03-15T22:00,mcn,McNary,85.2,81.5,0.0,339.09,264.72,74.37,462.5
2023-03-15,24,2023-03-15T23:00,mcn,McNary,83.6,79.9,0.0,339.12,264.83,74.29,452.9
2023-03-16,1,2023-03-16T00:00,mcn,McNary,82.7,79.0,0.0,339.13,264.89,74.24,447.5
2023-03-16,2,2023-03-16T01:00,mcn,McNary,83.4,79.7,0.0,339.01,264.84,74.17,451.0
2023-03-16,3,2023-03-16T02:00,mcn,McNary,83.6,79.9,0.0,339.02,264.77,74.25,452.7
2023-03-16,4,2023-03-16T03:00,mcn,McNary,83.9,80.2,0.0,339.06,264.75,74.31,454.7
2023-03-16,5,2023-03-16T04:00,mcn,McNary,83.6,79.9,0.0,339.04,264.66,74.38,453.4
2023-03-16,6,2023-03-16T05:00,mcn,McNary,84.8,81.1,0.0,339.0,265.02,73.98,457.8
2023-03-16,7,2023-03-16T06:00,mcn,McNary,118.4,114.7,0.0,338.87,265.82,73.05,639.3
2023-03-16,8,2023-03-16T07:00,mcn,McNary,139.3,135.6,0.0,339.06,265.92,73.14,756.7
2023-03-16,9,2023-03-16T08:00,mcn,McNary,139.2,135.5,0.0,338.98,265.34,73.64,761.3
2023-03-16,10,2023-03-16T09:00,mcn,McNary,100.3,96.6,0.0,339.14,264.27,74.87,551.8
2023-03-16,11,2023-03-16T10:00,mcn,McNary,74.4,70.7,0.0,339.13,264.06,75.07,405.0
2023-03-16,12,2023-03-16T11:00,mcn,McNary,73.8,70.1,0.0,339.18,264.22,74.96,400.9
2023-03-16,13,2023-03-16T12:00,mcn,McNary,73.8,70.1,0.0,339.21,264.45,74.76,399.9
2023-03-16,14,2023-03-16T13:00,mcn,McNary,73.9,70.2,0.0,339.3,264.49,74.81,400.7
2023-03-16,15,2023-03-16T14:00,mcn,McNary,62.1,58.4,0.0,339.32,263.83,75.49,336.4
2023-03-16,16,2023-03-16T15:00,mcn,McNary,55.5,51.8,0.0,339.34,263.8,75.54,298.6
2023-03-16,17,2023-03-16T16:00,mcn,McNary,82.7,79.0,0.0,339.24,264.44,74.8,450.9
2023-03-16,18,2023-03-16T17:00,mcn,McNary,110.1,106.4,0.0,339.16,265.34,73.82,599.3
2023-03-16,19,2023-03-16T18:00,mcn,McNary,149.0,145.3,0.0,339.14,266.09,73.05,809.9
2023-03-16,20,2023-03-16T19:00,mcn,McNary,150.5,146.8,0.0,339.16,265.83,73.33,821.4
2023-03-16,21,2023-03-16T20:00,mcn,McNary,135.5,131.8,0.0,338.94,265.29,73.65,740.6
2023-03-16,22,2023-03-16T21:00,mcn,McNary,138.0,134.3,0.0,338.92,265.13,73.79,756.1
2023-03-16,23,2023-03-16T22:00,mcn,McNary,133.0,129.3,0.0,338.94,264.99,73.95,729.6
2023-03-16,24,2023-03-16T23:00,mcn,McNary,98.6,94.9,0.0,339.01,264.5,74.51,539.5
2023-03-17,1,2023-03-17T00:00,mcn,McNary,81.9,78.2,0.0,338.96,264.79,74.17,442.5
2023-03-17,2,2023-03-17T01:00,mcn,McNary,81.1,77.4,0.0,338.98,264.62,74.36,439.1
2023-03-17,3,2023-03-17T02:00,mcn,McNary,81.2,77.5,0.0,338.97,264.54,74.43,440.1
2023-03-17,4,2023-03-17T03:00,mcn,McNary,77.8,74.1,0.0,339.05,264.57,74.48,421.1
2023-03-17,5,2023-03-17T04:00,mcn,McNary,78.8,75.1,0.0,338.95,264.88,74.07,424.4
2023-03-17,6,2023-03-17T05:00,mcn,McNary,98.4,93.6,1.1,338.84,265.06,73.78,526.9
2023-03-17,7,2023-03-17T06:00,mcn,McNary,119.1,105.9,9.6,338.82,265.54,73.28,592.1
2023-03-17,8,2023-03-17T07:00,mcn,McNary,137.8,124.5,9.6,338.92,265.78,73.14,694.8
2023-03-17,9,2023-03-17T08:00,mcn,McNary,139.1,125.7,9.7,338.95,265.65,73.3,703.0
2023-03-17,10,2023-03-17T09:00,mcn,McNary,138.1,124.8,9.7,338.96,265.27,73.69,701.7
2023-03-17,11,2023-03-17T10:00,mcn,McNary,100.5,95.2,1.6,339.19,264.44,74.75,543.0
2023-03-17,12,2023-03-17T11:00,mcn,McNary,79.8,76.1,0.0,339.09,264.52,74.57,433.0
2023-03-17,13,2023-03-17T12:00,mcn,McNary,79.2,75.5,0.0,339.18,264.82,74.36,428.4
2023-03-17,14,2023-03-17T13:00,mcn,McNary,78.6,74.9,0.0,339.33,264.79,74.54,426.0
2023-03-17,15,2023-03-17T14:00,mcn,McNary,78.9,75.2,0.0,339.46,264.63,74.83,429.4
2023-03-17,16,2023-03-17T15:00,mcn,McNary,79.2,75.5,0.0,339.5,264.68,74.82,431.0
2023-03-17,17,2023-03-17T16:00,mcn,McNary,93.7,90.0,0.0,339.36,265.01,74.35,510.6
2023-03-17,18,2023-03-17T17:00,mcn,McNary,107.6,103.9,0.0,339.41,265.13,74.28,588.9
2023-03-17,19,2023-03-17T18:00,mcn,McNary,128.4,124.7,0.0,339.38,265.58,73.8,702.2
2023-03-17,20,2023-03-17T19:00,mcn,McNary,128.5,124.8,0.0,339.44,265.45,73.99,704.6
2023-03-17,21,2023-03-17T20:00,mcn,McNary,129.8,125.8,0.0,339.39,265.41,73.98,710.1
2023-03-17,22,2023-03-17T21:00,mcn,McNary,130.7,126.7,0.0,339.37,265.1,74.27,718.0
2023-03-17,23,2023-03-17T22:00,mcn,McNary,118.8,114.8,0.0,339.37,264.86,74.51,652.7
2023-03-17,24,2023-03-17T23:00,mcn,McNary,99.2,95.2,0.0,339.41,264.47,74.94,544.3
2023-03-18,1,2023-03-18T00:00,mcn,McNary,89.6,85.6,0.0,339.35,264.48,74.87,489.0
2023-03-18,2,2023-03-18T01:00,mcn,McNary,89.0,85.0,0.0,339.28,264.65,74.63,484.0
2023-03-18,3,2023-03-18T02:00,mcn,McNary,89.6,85.6,0.0,339.29,264.65,74.64,487.5
2023-03-18,4,2023-03-18T03:00,mcn,McNary,96.9,92.9,0.0,339.19,264.94,74.25,526.3
2023-03-18,5,2023-03-18T04:00,mcn,McNary,107.5,103.5,0.0,339.19,265.19,74.0,584.4
2023-03-18,6,2023-03-18T05:00,mcn,McNary,118.4,114.4,0.0,339.07,265.46,73.61,642.5
2023-03-18,7,2023-03-18T06:00,mcn,McNary,138.0,134.0,0.0,338.93,265.9,73.03,746.7
2023-03-18,8,2023-03-18T07:00,mcn,McNary,138.1,134.1,0.0,338.99,265.84,73.15,748.5
2023-03-18,9,2023-03-18T08:00,mcn,McNary,137.3,133.3,0.0,338.9,265.56,73.34,745.9
2023-03-18,10,2023-03-18T09:00,mcn,McNary,119.6,115.6,0.0,338.99,265.14,73.85,651.4
2023-03-18,11,2023-03-18T10:00,mcn,McNary,108.5,104.5,0.0,338.93,264.99,73.94,589.5
2023-03-18,12,2023-03-18T11:00,mcn,McNary,107.9,103.9,0.0,338.92,265.1,73.82,585.2
2023-03-18,13,2023-03-18T12:00,mcn,McNary,109.2,105.2,0.0,338.93,264.98,73.95,593.6
2023-03-18,14,2023-03-18T13:00,mcn,McNary,97.0,93.0,0.0,338.89,264.79,74.1,525.8
2023-03-18,15,2023-03-18T14:00,mcn,McNary,96.5,92.5,0.0,338.79,264.8,73.99,522.2
2023-03-18,16,2023-03-18T15:00,mcn,McNary,97.2,93.2,0.0,338.77,264.79,73.98,526.1
2023-03-18,17,2023-03-18T16:00,mcn,McNary,96.9,92.9,0.0,338.57,265.11,73.46,520.7
2023-03-18,18,2023-03-18T17:00,mcn,McNary,127.2,123.2,0.0,338.48,265.74,72.74,683.8
2023-03-18,19,2023-03-18T18:00,mcn,McNary,128.0,124.0,0.0,338.4,265.78,72.62,687.1
2023-03-18,20,2023-03-18T19:00,mcn,McNary,148.7,144.7,0.0,338.22,266.06,72.16,796.7
2023-03-18,21,2023-03-18T20:00,mcn,McNary,149.9,145.9,0.0,338.21,265.76,72.45,806.5
2023-03-18,22,2023-03-18T21:00,mcn,McNary,127.9,123.9,0.0,338.25,265.25,73.0,690.1
2023-03-18,23,2023-03-18T22:00,mcn,McNary,105.8,101.8,0.0,338.29,264.85,73.44,570.4
2023-03-18,24,2023-03-18T23:00,mcn,McNary,84.2,80.2,0.0,338.32,264.92,73.4,449.2
2023-03-19,1,2023-03-19T00:00,mcn,McNary,88.7,84.7,0.0,338.29,264.99,73.3,473.7
2023-03-19,2,2023-03-19T01:00,mcn,McNary,89.4,85.4,0.0,338.25,265.0,73.25,477.3
2023-03-19,3,2023-03-19T02:00,mcn,McNary,89.6,85.6,0.0,338.33,265.11,73.22,478.2
2023-03-19,4,2023-03-19T03:00,mcn,McNary,89.9,85.9,0.0,338.17,265.16,73.01,478.5
2023-03-19,5,2023-03-19T04:00,mcn,McNary,100.2,96.2,0.0,338.1,265.34,72.76,534.1
2023-03-19,6,2023-03-19T05:00,mcn,McNary,108.7,103.7,1.0,338.16,265.5,72.66,574.9
2023-03-19,7,2023-03-19T06:00,mcn,McNary,129.6,116.8,8.8,338.18,265.87,72.31,644.4
2023-03-19,8,2023-03-19T07:00,mcn,McNary,131.0,118.1,8.9,338.19,265.88,72.31,651.6
2023-03-19,9,2023-03-19T08:00,mcn,McNary,130.6,117.7,8.9,338.28,265.81,72.47,650.8
2023-03-19,10,2023-03-19T09:00,mcn,McNary,126.0,113.0,9.0,338.35,265.54,72.81,627.8
2023-03-19,11,2023-03-19T10:00,mcn,McNary,113.1,107.6,1.5,338.36,265.07,73.29,601.7
2023-03-19,12,2023-03-19T11:00,mcn,McNary,97.8,93.8,0.0,338.4,264.93,73.47,525.8
2023-03-19,13,2023-03-19T12:00,mcn,McNary,97.0,93.0,0.0,338.31,265.1,73.21,519.5
2023-03-19,14,2023-03-19T13:00,mcn,McNary,96.8,92.8,0.0,338.29,265.08,73.21,518.4
2023-03-19,15,2023-03-19T14:00,mcn,McNary,98.2,94.2,0.0,338.27,265.0,73.27,526.6
2023-03-19,16,2023-03-19T15:00,mcn,McNary,98.2,94.2,0.0,338.14,264.98,73.16,525.8
2023-03-19,17,2023-03-19T16:00,mcn,McNary,98.9,94.9,0.0,338.14,264.92,73.22,530.2
2023-03-19,18,2023-03-19T17:00,mcn,McNary,112.6,108.6,0.0,337.99,265.6,72.39,599.8
2023-03-19,19,2023-03-19T18:00,mcn,McNary,127.6,123.6,0.0,338.04,265.75,72.29,681.7
2023-03-19,20,2023-03-19T19:00,mcn,McNary,127.4,123.4,0.0,337.93,265.79,72.14,679.2
2023-03-19,21,2023-03-19T20:00,mcn,McNary,129.2,125.2,0.0,337.82,265.69,72.13,689.0
2023-03-19,22,2023-03-19T21:00,mcn,McNary,127.5,123.5,0.0,337.84,265.44,72.4,682.2
2023-03-19,23,2023-03-19T22:00,mcn,McNary,107.7,103.7,0.0,337.97,264.89,73.08,578.2
2023-03-19,24,2023-03-19T23:00,mcn,McNary,88.5,84.5,0.0,338.0,264.82,73.18,471.8
2023-03-20,1,2023-03-20T00:00,mcn,McNary,79.1,75.1,0.0,337.97,264.9,73.07,418.7
2023-03-20,2,2023-03-20T01:00,mcn,McNary,78.1,74.1,0.0,337.97,264.93,73.04,413.0
2023-03-20,3,2023-03-20T02:00,mcn,McNary,79.1,75.1,0.0,337.91,265.15,72.76,416.9
2023-03-20,4,2023-03-20T03:00,mcn,McNary,96.5,92.5,0.0,337.84,265.44,72.4,511.0
2023-03-20,5,2023-03-20T04:00,mcn,McNary,98.8,94.8,0.0,337.9,265.13,72.77,526.4
2023-03-20,6,2023-03-20T05:00,mcn,McNary,116.9,112.9,0.0,337.67,265.72,71.95,619.8
2023-03-20,7,2023-03-20T06:00,mcn,McNary,128.6,124.6,0.0,337.56,266.02,71.54,680.1
2023-03-20,8,2023-03-20T07:00,mcn,McNary,127.1,123.1,0.0,337.67,265.84,71.83,674.7
2023-03-20,9,2023-03-20T08:00,mcn,McNary,125.5,121.5,0.0,337.64,265.75,71.89,666.5
2023-03-20,10,2023-03-20T09:00,mcn,McNary,108.1,104.1,0.0,337.72,265.39,72.33,574.5
2023-03-20,11,2023-03-20T10:00,mcn,McNary,88.0,84.0,0.0,337.81,265.15,72.66,465.7
2023-03-20,12,2023-03-20T11:00,mcn,McNary,86.6,82.6,0.0,337.91,265.47,72.44,456.5
2023-03-20,13,2023-03-20T12:00,mcn,McNary,88.9,84.9,0.0,337.96,265.65,72.31,468.4
2023-03-20,14,2023-03-20T13:00,mcn,McNary,88.9,84.9,0.0,338.05,265.58,72.47,469.5
2023-03-20,15,2023-03-20T14:00,mcn,McNary,109.6,105.6,0.0,337.96,265.89,72.07,580.7
2023-03-20,16,2023-03-20T15:00,mcn,McNary,127.6,123.6,0.0,337.97,266.01,71.96,678.6
2023-03-20,17,2023-03-20T16:00,mcn,McNary,128.4,124.4,0.0,338.07,265.97,72.1,684.4
2023-03-20,18,2023-03-20T17:00,mcn,McNary,147.5,143.5,0.0,337.84,266.35,71.49,782.7
2023-03-20,19,2023-03-20T18:00,mcn,McNary,149.3,145.3,0.0,337.85,266.6,71.25,789.9
2023-03-20,20,2023-03-20T19:00,mcn,McNary,148.3,144.3,0.0,337.85,266.4,71.45,786.7
2023-03-20,21,2023-03-20T20:00,mcn,McNary,148.9,144.9,0.0,337.84,266.31,71.53,790.8
2023-03-20,22,2023-03-20T21:00,mcn,McNary,129.5,125.5,0.0,337.9,265.84,72.06,690.0
2023-03-20,23,2023-03-20T22:00,mcn,McNary,108.2,104.2,0.0,337.96,265.66,72.3,574.8
2023-03-20,24,2023-03-20T23:00,mcn,McNary,97.8,93.8,0.0,337.97,265.53,72.44,518.4
2023-03-21,1,2023-03-21T00:00,mcn,McNary,86.6,82.6,0.0,337.99,265.72,72.27,455.5
2023-03-21,2,2023-03-21T01:00,mcn,McNary,88.5,84.5,0.0,337.83,265.84,71.99,464.1
2023-03-21,3,2023-03-21T02:00,mcn,McNary,89.1,85.1,0.0,337.93,265.81,72.12,468.3
2023-03-21,4,2023-03-21T03:00,mcn,McNary,88.8,84.8,0.0,337.87,265.72,72.15,466.8
2023-03-21,5,2023-03-21T04:00,mcn,McNary,89.8,85.8,0.0,337.76,266.07,71.69,469.3
2023-03-21,6,2023-03-21T05:00,mcn,McNary,117.3,113.3,0.0,337.64,266.27,71.37,617.0
2023-03-21,7,2023-03-21T06:00,mcn,McNary,123.2,119.2,0.0,337.67,266.32,71.35,648.9
2023-03-21,8,2023-03-21T07:00,mcn,McNary,120.8,116.8,0.0,337.63,266.34,71.29,635.3
2023-03-21,9,2023-03-21T08:00,mcn,McNary,117.6,113.6,0.0,337.66,266.09,71.57,620.3
2023-03-21,10,2023-03-21T09:00,mcn,McNary,126.0,122.0,0.0,337.62,266.01,71.61,666.6
2023-03-21,11,2023-03-21T10:00,mcn,McNary,100.7,96.7,0.0,337.86,265.61,72.25,533.1
2023-03-21,12,2023-03-21T11:00,mcn,McNary,97.0,93.0,0.0,337.76,265.86,71.9,510.2
2023-03-21,13,2023-03-21T12:00,mcn,McNary,94.9,90.9,0.0,337.83,265.49,72.34,501.7
2023-03-21,14,2023-03-21T13:00,mcn,McNary,97.2,93.2,0.0,337.91,265.79,72.12,512.9
2023-03-21,15,2023-03-21T14:00,mcn,McNary,96.3,92.3,0.0,337.96,265.73,72.23,508.7
2023-03-21,16,2023-03-21T15:00,mcn,McNary,96.1,92.1,0.0,338.0,265.81,72.19,507.3
2023-03-21,17,2023-03-21T16:00,mcn,McNary,95.9,91.9,0.0,338.03,265.75,72.28,506.8
2023-03-21,18,2023-03-21T17:00,mcn,McNary,96.4,92.4,0.0,338.02,266.01,72.01,507.7
2023-03-21,19,2023-03-21T18:00,mcn,McNary,134.5,130.5,0.0,337.78,266.76,71.02,707.2
2023-03-21,20,2023-03-21T19:00,mcn,McNary,138.7,134.7,0.0,337.92,266.77,71.15,731.3
2023-03-21,21,2023-03-21T20:00,mcn,McNary,139.8,135.8,0.0,337.87,266.72,71.15,737.2
2023-03-21,22,2023-03-21T21:00,mcn,McNary,142.3,138.3,0.0,337.68,266.38,71.3,752.4
2023-03-21,23,2023-03-21T22:00,mcn,McNary,122.0,118.0,0.0,337.9,265.82,72.08,649.0
2023-03-21,24,2023-03-21T23:00,mcn,McNary,86.1,82.1,0.0,337.96,265.42,72.54,454.4
2023-03-22,1,2023-03-22T00:00,mcn,McNary,73.1,69.1,0.0,337.93,265.83,72.1,380.1
2023-03-22,2,2023-03-22T01:00,mcn,McNary,70.8,66.8,0.0,337.94,265.71,72.23,368.1
2023-03-22,3,2023-03-22T02:00,mcn,McNary,71.0,67.0,0.0,337.93,265.7,72.23,369.2
2023-03-22,4,2023-03-22T03:00,mcn,McNary,69.0,65.0,0.0,337.96,266.06,71.9,356.6
2023-03-22,5,2023-03-22T04:00,mcn,McNary,112.4,108.4,0.0,337.68,266.39,71.29,589.6
2023-03-22,6,2023-03-22T05:00,mcn,McNary,122.4,117.4,1.0,337.7,266.42,71.28,638.5
2023-03-22,7,2023-03-22T06:00,mcn,McNary,126.0,113.6,8.5,337.76,266.61,71.15,616.7
2023-03-22,8,2023-03-22T07:00,mcn,McNary,127.5,115.0,8.4,337.68,266.58,71.1,623.9
2023-03-22,9,2023-03-22T08:00,mcn,McNary,119.6,107.2,8.4,337.72,266.27,71.45,584.4
2023-03-22,10,2023-03-22T09:00,mcn,McNary,97.7,85.2,8.5,337.89,265.89,72.0,468.1
2023-03-22,11,2023-03-22T10:00,mcn,McNary,74.7,70.0,0.7,337.92,265.85,72.07,384.9
2023-03-22,12,2023-03-22T11:00,mcn,McNary,74.1,70.1,0.0,337.91,265.99,71.92,384.7
2023-03-22,13,2023-03-22T12:00,mcn,McNary,74.0,70.0,0.0,337.82,265.85,71.97,384.4
2023-03-22,14,2023-03-22T13:00,mcn,McNary,74.2,70.2,0.0,337.78,265.83,71.95,385.4
2023-03-22,15,2023-03-22T14:00,mcn,McNary,73.5,69.5,0.0,337.92,265.56,72.36,383.7
2023-03-22,16,2023-03-22T15:00,mcn,McNary,74.2,70.2,0.0,337.87,265.54,72.33,387.4
2023-03-22,17,2023-03-22T16:00,mcn,McNary,74.5,70.5,0.0,337.85,265.74,72.11,387.9
2023-03-22,18,2023-03-22T17:00,mcn,McNary,94.7,90.7,0.0,337.82,266.07,71.75,496.5
2023-03-22,19,2023-03-22T18:00,mcn,McNary,97.0,93.0,0.0,337.8,265.81,71.99,510.8
2023-03-22,20,2023-03-22T19:00,mcn,McNary,97.0,93.0,0.0,337.88,265.66,72.22,512.5
2023-03-22,21,2023-03-22T20:00,mcn,McNary,97.1,93.1,0.0,337.92,265.36,72.56,515.4
2023-03-22,22,2023-03-22T21:00,mcn,McNary,83.3,79.3,0.0,338.06,265.14,72.92,441.2
2023-03-22,23,2023-03-22T22:00,mcn,McNary,74.5,70.5,0.0,338.13,265.32,72.81,391.7
2023-03-22,24,2023-03-22T23:00,mcn,McNary,66.4,62.4,0.0,338.13,265.45,72.68,346.0
2023-03-23,1,2023-03-23T00:00,mcn,McNary,77.9,73.9,0.0,338.07,265.48,72.59,409.3
2023-03-23,2,2023-03-23T01:00,mcn,McNary,68.6,64.6,0.0,338.19,265.23,72.96,359.6
2023-03-23,3,2023-03-23T02:00,mcn,McNary,66.8,62.8,0.0,338.16,265.48,72.68,348.3
2023-03-23,4,2023-03-23T03:00,mcn,McNary,66.7,62.7,0.0,338.17,265.24,72.93,348.9
2023-03-23,5,2023-03-23T04:00,mcn,McNary,68.1,64.1,0.0,338.25,265.61,72.64,355.3
2023-03-23,6,2023-03-23T05:00,mcn,McNary,86.9,82.9,0.0,338.13,266.01,72.12,456.2
2023-03-23,7,2023-03-23T06:00,mcn,McNary,103.9,99.9,0.0,338.1,266.04,72.06,549.3
2023-03-23,8,2023-03-23T07:00,mcn,McNary,107.3,103.3,0.0,338.05,265.87,72.18,568.9
2023-03-23,9,2023-03-23T08:00,mcn,McNary,90.3,86.3,0.0,338.17,265.49,72.68,478.6
2023-03-23,10,2023-03-23T09:00,mcn,McNary,73.2,69.2,0.0,338.28,265.22,73.06,385.8
2023-03-23,11,2023-03-23T10:00,mcn,McNary,87.3,83.3,0.0,338.3,265.89,72.41,460.2
2023-03-23,12,2023-03-23T11:00,mcn,McNary,95.6,91.6,0.0,338.37,266.11,72.26,505.0
2023-03-23,13,2023-03-23T12:00,mcn,McNary,93.8,89.8,0.0,338.47,265.89,72.58,497.3
2023-03-23,14,2023-03-23T13:00,mcn,McNary,92.7,88.7,0.0,338.42,265.78,72.64,491.6
2023-03-23,15,2023-03-23T14:00,mcn,McNary,93.9,89.9,0.0,338.4,265.72,72.68,498.5
2023-03-23,16,2023-03-23T15:00,mcn,McNary,87.1,83.1,0.0,338.45,265.39,73.06,463.2
2023-03-23,17,2023-03-23T16:00,mcn,McNary,89.8,85.8,0.0,338.37,265.96,72.41,474.0
2023-03-23,18,2023-03-23T17:00,mcn,McNary,94.5,90.5,0.0,338.34,267.17,71.17,491.4
2023-03-23,19,2023-03-23T18:00,mcn,McNary,97.1,93.1,0.0,338.3,266.45,71.85,510.4
2023-03-23,20,2023-03-23T19:00,mcn,McNary,98.0,94.0,0.0,338.14,266.4,71.74,514.5
2023-03-23,21,2023-03-23T20:00,mcn,McNary,94.1,90.1,0.0,338.29,266.07,72.22,496.5
2023-03-23,22,2023-03-23T21:00,mcn,McNary,94.4,90.4,0.0,338.32,266.03,72.29,498.6
2023-03-23,23,2023-03-23T22:00,mcn,McNary,74.8,70.8,0.0,338.48,265.97,72.51,391.7
2023-03-23,24,2023-03-23T23:00,mcn,McNary,68.7,64.7,0.0,338.49,265.95,72.54,358.1
2023-03-24,1,2023-03-24T00:00,mcn,McNary,70.0,66.0,0.0,338.42,265.68,72.74,366.3
2023-03-24,2,2023-03-24T01:00,mcn,McNary,69.0,65.0,0.0,338.64,265.55,73.09,362.5
2023-03-24,3,2023-03-24T02:00,mcn,McNary,69.5,65.5,0.0,338.82,265.56,73.26,366.1
2023-03-24,4,2023-03-24T03:00,mcn,McNary,68.1,64.1,0.0,338.7,265.67,73.03,357.2
2023-03-24,5,2023-03-24T04:00,mcn,McNary,86.7,82.7,0.0,338.65,266.22,72.43,457.0
2023-03-24,6,2023-03-24T05:00,mcn,McNary,105.8,100.1,1.6,338.56,266.48,72.08,550.5
2023-03-24,7,2023-03-24T06:00,mcn,McNary,124.6,111.3,9.3,338.65,266.46,72.19,613.1
2023-03-24,8,2023-03-24T07:00,mcn,McNary,126.5,113.2,9.3,338.61,266.45,72.16,623.3
2023-03-24,9,2023-03-24T08:00,mcn,McNary,109.0,95.6,9.4,338.7,265.82,72.88,531.6
2023-03-24,10,2023-03-24T09:00,mcn,McNary,89.3,75.8,9.4,338.72,265.74,72.98,422.1
2023-03-24,11,2023-03-24T10:00,mcn,McNary,86.8,82.4,0.4,338.59,266.14,72.45,455.5
2023-03-24,12,2023-03-24T11:00,mcn,McNary,83.7,79.7,0.0,338.83,266.26,72.57,441.3
2023-03-24,13,2023-03-24T12:00,mcn,McNary,83.0,79.0,0.0,338.83,266.23,72.6,437.6
2023-03-24,14,2023-03-24T13:00,mcn,McNary,82.4,78.4,0.0,338.93,266.11,72.82,435.6
2023-03-24,15,2023-03-24T14:00,mcn,McNary,82.6,78.6,0.0,339.03,265.81,73.22,439.1
2023-03-24,16,2023-03-24T15:00,mcn,McNary,82.2,78.2,0.0,339.11,266.17,72.94,435.2
2023-03-24,17,2023-03-24T16:00,mcn,McNary,97.3,93.3,0.0,339.1,266.79,72.31,514.8
2023-03-24,18,2023-03-24T17:00,mcn,McNary,114.8,110.8,0.0,339.12,266.86,72.26,610.9
2023-03-24,19,2023-03-24T18:00,mcn,McNary,142.1,138.1,0.0,338.97,267.25,71.72,755.7
2023-03-24,20,2023-03-24T19:00,mcn,McNary,143.9,139.9,0.0,338.91,267.11,71.8,766.4
2023-03-24,21,2023-03-24T20:00,mcn,McNary,145.3,141.3,0.0,338.87,266.88,71.99,776.1
2023-03-24,22,2023-03-24T21:00,mcn,McNary,129.7,125.7,0.0,338.92,266.34,72.58,696.1
2023-03-24,23,2023-03-24T22:00,mcn,McNary,104.8,100.8,0.0,338.93,266.07,72.86,560.4
2023-03-24,24,2023-03-24T23:00,mcn,McNary,90.2,86.2,0.0,338.96,265.91,73.05,480.5
2023-03-25,1,2023-03-25T00:00,mcn,McNary,88.5,84.5,0.0,339.06,266.25,72.81,469.4
2023-03-25,2,2023-03-25T01:00,mcn,McNary,89.1,85.1,0.0,339.05,266.24,72.81,472.8
2023-03-25,3,2023-03-25T02:00,mcn,McNary,89.0,85.0,0.0,338.99,266.25,72.74,471.8
2023-03-25,4,2023-03-25T03:00,mcn,McNary,87.0,83.0,0.0,339.03,266.16,72.87,461.5
2023-03-25,5,2023-03-25T04:00,mcn,McNary,98.0,94.0,0.0,338.97,266.13,72.84,522.4
2023-03-25,6,2023-03-25T05:00,mcn,McNary,110.5,106.5,0.0,338.94,266.36,72.58,589.8
2023-03-25,7,2023-03-25T06:00,mcn,McNary,118.3,114.3,0.0,338.99,266.62,72.37,631.1
2023-03-25,8,2023-03-25T07:00,mcn,McNary,117.4,113.4,0.0,338.93,266.61,72.32,625.7
2023-03-25,9,2023-03-25T08:00,mcn,McNary,117.9,113.9,0.0,339.0,266.34,72.66,631.5
2023-03-25,10,2023-03-25T09:00,mcn,McNary,119.2,115.2,0.0,338.93,266.33,72.6,638.1
2023-03-25,11,2023-03-25T10:00,mcn,McNary,108.6,104.6,0.0,339.05,266.16,72.89,581.7
2023-03-25,12,2023-03-25T11:00,mcn,McNary,90.2,86.2,0.0,339.12,265.88,73.24,481.7
2023-03-25,13,2023-03-25T12:00,mcn,McNary,88.8,84.8,0.0,338.99,265.92,73.07,472.8
2023-03-25,14,2023-03-25T13:00,mcn,McNary,88.5,84.5,0.0,339.06,265.88,73.18,471.8
2023-03-25,15,2023-03-25T14:00,mcn,McNary,88.1,84.1,0.0,339.09,265.8,73.29,470.3
2023-03-25,16,2023-03-25T15:00,mcn,McNary,87.7,83.7,0.0,339.09,265.81,73.28,468.0
2023-03-25,17,2023-03-25T16:00,mcn,McNary,87.6,83.6,0.0,339.07,265.84,73.23,467.1
2023-03-25,18,2023-03-25T17:00,mcn,McNary,98.8,94.8,0.0,338.91,266.32,72.59,525.1
2023-03-25,19,2023-03-25T18:00,mcn,McNary,120.5,116.5,0.0,338.82,266.55,72.27,642.4
2023-03-25,20,2023-03-25T19:00,mcn,McNary,117.1,113.1,0.0,338.83,266.33,72.5,625.6
2023-03-25,21,2023-03-25T20:00,mcn,McNary,119.7,115.7,0.0,338.88,266.41,72.47,639.8
2023-03-25,22,2023-03-25T21:00,mcn,McNary,119.5,115.5,0.0,338.83,266.19,72.64,640.2
2023-03-25,23,2023-03-25T22:00,mcn,McNary,99.8,95.8,0.0,338.87,265.77,73.1,534.3
2023-03-25,24,2023-03-25T23:00,mcn,McNary,96.7,92.7,0.0,338.88,265.76,73.12,517.2
2023-03-26,1,2023-03-26T00:00,mcn,McNary,77.9,73.9,0.0,338.83,265.78,73.05,411.9
2023-03-26,2,2023-03-26T01:00,mcn,McNary,78.2,74.2,0.0,338.85,265.91,72.94,412.9
2023-03-26,3,2023-03-26T02:00,mcn,McNary,78.7,74.7,0.0,338.89,265.84,73.05,416.4
2023-03-26,4,2023-03-26T03:00,mcn,McNary,79.1,75.1,0.0,338.9,265.94,72.96,418.1
2023-03-26,5,2023-03-26T04:00,mcn,McNary,91.2,87.2,0.0,338.88,266.34,72.54,482.6
2023-03-26,6,2023-03-26T05:00,mcn,McNary,89.5,84.2,1.3,338.91,266.17,72.74,467.3
2023-03-26,7,2023-03-26T06:00,mcn,McNary,97.2,83.6,9.6,338.86,266.14,72.72,463.9
2023-03-26,8,2023-03-26T07:00,mcn,McNary,100.3,86.7,9.6,338.8,266.13,72.67,480.7
2023-03-26,9,2023-03-26T08:00,mcn,McNary,101.3,87.6,9.6,338.95,266.09,72.86,487.0
2023-03-26,10,2023-03-26T09:00,mcn,McNary,100.9,87.2,9.7,339.01,266.13,72.88,484.9
2023-03-26,11,2023-03-26T10:00,mcn,McNary,99.1,94.5,0.6,338.94,266.23,72.71,524.3
2023-03-26,12,2023-03-26T11:00,mcn,McNary,98.2,94.2,0.0,339.02,266.19,72.83,523.5
2023-03-26,13,2023-03-26T12:00,mcn,McNary,99.0,95.0,0.0,338.99,266.23,72.76,527.4
2023-03-26,14,2023-03-26T13:00,mcn,McNary,98.3,94.3,0.0,339.0,266.11,72.89,524.5
2023-03-26,15,2023-03-26T14:00,mcn,McNary,97.9,93.9,0.0,338.91,266.12,72.79,521.5
2023-03-26,16,2023-03-26T15:00,mcn,McNary,98.5,94.5,0.0,338.93,266.11,72.82,525.1
2023-03-26,17,2023-03-26T16:00,mcn,McNary,98.2,94.2,0.0,338.84,266.13,72.71,522.6
2023-03-26,18,2023-03-26T17:00,mcn,McNary,95.2,91.2,0.0,338.91,266.12,72.79,506.5
2023-03-26,19,2023-03-26T18:00,mcn,McNary,94.3,90.3,0.0,338.86,265.9,72.96,502.7
2023-03-26,20,2023-03-26T19:00,mcn,McNary,99.7,95.7,0.0,338.79,266.16,72.63,530.3
2023-03-26,21,2023-03-26T20:00,mcn,McNary,99.4,95.4,0.0,338.89,266.03,72.86,530.3
2023-03-26,22,2023-03-26T21:00,mcn,McNary,98.8,94.8,0.0,338.86,265.82,73.04,528.3
2023-03-26,23,2023-03-26T22:00,mcn,McNary,81.0,77.0,0.0,338.97,265.55,73.42,431.3
2023-03-26,24,2023-03-26T23:00,mcn,McNary,80.1,76.1,0.0,339.02,265.75,73.27,425.4
2023-03-27,1,2023-03-27T00:00,mcn,McNary,81.6,77.6,0.0,338.9,265.83,73.07,432.6
2023-03-27,2,2023-03-27T01:00,mcn,McNary,79.7,75.7,0.0,338.94,265.9,73.04,421.9
2023-03-27,3,2023-03-27T02:00,mcn,McNary,81.7,77.7,0.0,338.94,265.77,73.17,433.8
2023-03-27,4,2023-03-27T03:00,mcn,McNary,81.5,77.5,0.0,338.9,265.91,72.99,431.6
2023-03-27,5,2023-03-27T04:00,mcn,McNary,98.5,94.5,0.0,338.75,266.01,72.74,524.5
2023-03-27,6,2023-03-27T05:00,mcn,McNary,107.8,103.8,0.0,338.79,266.12,72.67,575.5
2023-03-27,7,2023-03-27T06:00,mcn,McNary,130.0,126.0,0.0,338.71,266.63,72.08,693.0
2023-03-27,8,2023-03-27T07:00,mcn,McNary,130.2,126.2,0.0,338.63,266.61,72.02,693.5
2023-03-27,9,2023-03-27T08:00,mcn,McNary,127.8,123.8,0.0,338.63,266.34,72.29,682.8
2023-03-27,10,2023-03-27T09:00,mcn,McNary,116.6,112.6,0.0,338.69,265.94,72.75,625.0
2023-03-27,11,2023-03-27T10:00,mcn,McNary,96.2,92.2,0.0,338.68,265.49,73.19,514.9
2023-03-27,12,2023-03-27T11:00,mcn,McNary,95.7,91.7,0.0,338.63,265.68,72.95,510.4
2023-03-27,13,2023-03-27T12:00,mcn,McNary,97.5,93.5,0.0,338.66,265.91,72.75,519.0
2023-03-27,14,2023-03-27T13:00,mcn,McNary,96.5,92.5,0.0,338.63,265.93,72.7,513.1
2023-03-27,15,2023-03-27T14:00,mcn,McNary,100.4,95.7,0.0,338.65,265.85,72.8,531.6
2023-03-27,16,2023-03-27T15:00,mcn,McNary,94.5,89.8,0.0,338.64,265.57,73.07,500.7
2023-03-27,17,2023-03-27T16:00,mcn,McNary,98.9,94.2,0.0,338.67,265.65,73.02,524.8
2023-03-27,18,2023-03-27T17:00,mcn,McNary,98.8,94.1,0.0,338.63,265.89,72.74,522.3
2023-03-27,19,2023-03-27T18:00,mcn,McNary,116.5,111.8,0.0,338.61,266.13,72.48,618.3
2023-03-27,20,2023-03-27T19:00,mcn,McNary,117.0,112.3,0.0,338.66,265.99,72.67,622.7
2023-03-27,21,2023-03-27T20:00,mcn,McNary,117.0,112.3,0.0,338.64,265.88,72.76,623.4
2023-03-27,22,2023-03-27T21:00,mcn,McNary,107.9,103.2,0.0,338.66,265.54,73.12,575.8
2023-03-27,23,2023-03-27T22:00,mcn,McNary,88.6,83.9,0.0,338.83,265.15,73.68,471.7
2023-03-27,24,2023-03-27T23:00,mcn,McNary,78.9,74.2,0.0,338.83,265.13,73.7,417.2
2023-03-28,1,2023-03-28T00:00,mcn,McNary,68.3,63.6,0.0,338.89,265.09,73.8,358.1
2023-03-28,2,2023-03-28T01:00,mcn,McNary,67.2,62.5,0.0,338.83,265.31,73.52,350.6
2023-03-28,3,2023-03-28T02:00,mcn,McNary,71.1,66.4,0.0,338.84,265.13,73.71,373.4
2023-03-28,4,2023-03-28T03:00,mcn,McNary,70.2,65.5,0.0,338.94,265.17,73.77,368.7
2023-03-28,5,2023-03-28T04:00,mcn,McNary,77.1,72.4,0.0,338.88,265.33,73.55,406.3
2023-03-28,6,2023-03-28T05:00,mcn,McNary,95.2,90.5,0.0,338.82,265.71,73.11,504.8
2023-03-28,7,2023-03-28T06:00,mcn,McNary,115.2,110.5,0.0,338.8,266.03,72.77,613.5
2023-03-28,8,2023-03-28T07:00,mcn,McNary,118.4,113.7,0.0,338.93,266.02,72.91,632.5
2023-03-28,9,2023-03-28T08:00,mcn,McNary,119.5,114.8,0.0,338.93,265.74,73.19,641.1
2023-03-28,10,2023-03-28T09:00,mcn,McNary,101.3,96.6,0.0,339.0,265.19,73.81,544.0
2023-03-28,11,2023-03-28T10:00,mcn,McNary,80.6,75.9,0.0,339.12,264.86,74.26,430.1
2023-03-28,12,2023-03-28T11:00,mcn,McNary,81.1,76.4,0.0,339.14,264.92,74.22,432.7
2023-03-28,13,2023-03-28T12:00,mcn,McNary,79.8,75.1,0.0,339.22,265.14,74.08,424.5
2023-03-28,14,2023-03-28T13:00,mcn,McNary,78.0,73.3,0.0,339.18,265.15,74.03,414.0
2023-03-28,15,2023-03-28T14:00,mcn,McNary,77.4,72.7,0.0,339.25,265.21,74.04,410.7
2023-03-28,16,2023-03-28T15:00,mcn,McNary,80.3,75.6,0.0,339.24,265.13,74.11,427.5
2023-03-28,17,2023-03-28T16:00,mcn,McNary,91.7,87.0,0.0,339.12,265.48,73.64,488.8
2023-03-28,18,2023-03-28T17:00,mcn,McNary,115.1,110.4,0.0,339.07,265.98,73.09,615.7
2023-03-28,19,2023-03-28T18:00,mcn,McNary,120.7,116.0,0.0,339.03,266.01,73.02,646.3
2023-03-28,20,2023-03-28T19:00,mcn,McNary,116.0,111.3,0.0,339.13,265.82,73.31,622.6
2023-03-28,21,2023-03-28T20:00,mcn,McNary,118.0,113.3,0.0,339.19,265.59,73.6,636.3
2023-03-28,22,2023-03-28T21:00,mcn,McNary,99.1,94.4,0.0,339.23,264.99,74.24,534.7
2023-03-28,23,2023-03-28T22:00,mcn,McNary,79.2,74.5,0.0,339.28,264.93,74.35,422.6
2023-03-28,24,2023-03-28T23:00,mcn,McNary,73.7,69.0,0.0,338.65,265.12,73.53,387.1
2023-03-29,1,2023-03-29T00:00,mcn,McNary,77.6,72.9,0.0,339.24,265.11,74.13,412.3
2023-03-29,2,2023-03-29T01:00,mcn,McNary,77.4,72.7,0.0,339.37,265.19,74.18,411.5
2023-03-29,3,2023-03-29T02:00,mcn,McNary,78.2,73.5,0.0,339.38,265.2,74.18,416.0
2023-03-29,4,2023-03-29T03:00,mcn,McNary,77.8,73.1,0.0,339.37,265.2,74.17,413.7
2023-03-29,5,2023-03-29T04:00,mcn,McNary,88.7,84.0,0.0,339.35,265.53,73.82,473.1
2023-03-29,6,2023-03-29T05:00,mcn,McNary,121.8,117.1,0.0,339.18,266.12,73.06,652.8
2023-03-29,7,2023-03-29T06:00,mcn,McNary,146.4,133.2,8.5,339.17,266.34,72.83,740.2
2023-03-29,8,2023-03-29T07:00,mcn,McNary,147.0,132.4,9.9,339.19,266.24,72.95,736.9
2023-03-29,9,2023-03-29T08:00,mcn,McNary,147.9,133.2,9.9,339.17,266.13,73.04,742.3
2023-03-29,10,2023-03-29T09:00,mcn,McNary,129.5,114.9,9.9,339.18,265.74,73.44,643.8
2023-03-29,11,2023-03-29T10:00,mcn,McNary,123.4,115.5,3.2,339.14,265.59,73.55,648.2
2023-03-29,12,2023-03-29T11:00,mcn,McNary,131.1,126.4,0.0,339.1,266.03,73.07,704.7
2023-03-29,13,2023-03-29T12:00,mcn,McNary,131.6,126.9,0.0,339.12,266.12,73.0,706.8
2023-03-29,14,2023-03-29T13:00,mcn,McNary,130.8,126.1,0.0,339.12,265.97,73.15,703.8
2023-03-29,15,2023-03-29T14:00,mcn,McNary,130.6,125.9,0.0,338.94,265.89,73.05,701.7
2023-03-29,16,2023-03-29T15:00,mcn,McNary,129.3,124.6,0.0,338.9,265.71,73.19,695.8
2023-03-29,17,2023-03-29T16:00,mcn,McNary,131.8,127.1,0.0,338.87,265.89,72.98,707.7
2023-03-29,18,2023-03-29T17:00,mcn,McNary,135.7,131.0,0.0,338.74,266.08,72.66,726.3
2023-03-29,19,2023-03-29T18:00,mcn,McNary,136.5,131.8,0.0,338.65,266.18,72.47,728.8
2023-03-29,20,2023-03-29T19:00,mcn,McNary,136.0,131.3,0.0,338.62,266.13,72.49,726.2
2023-03-29,21,2023-03-29T20:00,mcn,McNary,136.2,131.5,0.0,338.54,265.92,72.62,728.6
2023-03-29,22,2023-03-29T21:00,mcn,McNary,127.9,123.2,0.0,338.52,265.61,72.91,685.4
2023-03-29,23,2023-03-29T22:00,mcn,McNary,107.2,102.5,0.0,338.56,264.93,73.63,575.8
2023-03-29,24,2023-03-29T23:00,mcn,McNary,79.5,74.8,0.0,338.55,264.82,73.73,420.8
2023-03-30,1,2023-03-30T00:00,mcn,McNary,75.9,71.2,0.0,338.57,264.94,73.63,400.0
2023-03-30,2,2023-03-30T01:00,mcn,McNary,77.5,72.8,0.0,338.67,265.06,73.61,408.9
2023-03-30,3,2023-03-30T02:00,mcn,McNary,77.2,72.5,0.0,338.75,265.01,73.74,407.9
2023-03-30,4,2023-03-30T03:00,mcn,McNary,77.3,72.6,0.0,338.8,265.01,73.79,408.8
2023-03-30,5,2023-03-30T04:00,mcn,McNary,77.9,73.2,0.0,338.85,264.96,73.89,412.7
2023-03-30,6,2023-03-30T05:00,mcn,McNary,96.0,91.3,0.0,338.78,265.3,73.48,511.9
2023-03-30,7,2023-03-30T06:00,mcn,McNary,115.9,111.2,0.0,338.79,265.63,73.16,620.7
2023-03-30,8,2023-03-30T07:00,mcn,McNary,120.2,115.5,0.0,338.74,265.62,73.12,644.4
2023-03-30,9,2023-03-30T08:00,mcn,McNary,118.8,114.1,0.0,338.87,265.49,73.38,638.8
2023-03-30,10,2023-03-30T09:00,mcn,McNary,98.2,93.5,0.0,338.92,264.91,74.01,528.0
2023-03-30,11,2023-03-30T10:00,mcn,McNary,87.1,82.4,0.0,338.94,264.97,73.97,465.1
2023-03-30,12,2023-03-30T11:00,mcn,McNary,88.3,83.6,0.0,338.95,265.24,73.71,470.2
2023-03-30,13,2023-03-30T12:00,mcn,McNary,87.6,82.9,0.0,338.97,265.17,73.8,466.8
2023-03-30,14,2023-03-30T13:00,mcn,McNary,87.9,83.2,0.0,338.99,265.13,73.86,468.9
2023-03-30,15,2023-03-30T14:00,mcn,McNary,82.0,77.3,0.0,339.03,265.37,73.66,434.4
2023-03-30,16,2023-03-30T15:00,mcn,McNary,89.9,85.2,0.0,339.02,265.44,73.58,478.3
2023-03-30,17,2023-03-30T16:00,mcn,McNary,89.9,98.2,,338.94,265.78,73.16,548.2
2023-03-30,18,2023-03-30T17:00,mcn,McNary,112.3,107.6,0.0,338.95,266.13,72.82,597.8
2023-03-30,19,2023-03-30T18:00,mcn,McNary,116.5,111.8,0.0,338.89,266.04,72.85,621.4
2023-03-30,20,2023-03-30T19:00,mcn,McNary,119.6,114.9,0.0,338.89,265.95,72.94,639.5
2023-03-30,21,2023-03-30T20:00,mcn,McNary,116.0,111.3,0.0,338.92,265.81,73.11,620.9
2023-03-30,22,2023-03-30T21:00,mcn,McNary,100.2,95.5,0.0,339.02,265.43,73.59,536.2
2023-03-30,23,2023-03-30T22:00,mcn,McNary,98.5,93.8,0.0,338.89,265.57,73.32,524.7
2023-03-30,24,2023-03-30T23:00,mcn,McNary,89.5,84.8,0.0,339.03,265.73,73.3,474.3
2023-03-31,1,2023-03-31T00:00,mcn,McNary,80.5,75.8,0.0,339.05,265.45,73.6,425.7
2023-03-31,2,2023-03-31T01:00,mcn,McNary,77.9,73.2,0.0,339.09,265.16,73.93,412.9
2023-03-31,3,2023-03-31T02:00,mcn,McNary,76.0,71.3,0.0,339.14,265.19,73.95,402.3
2023-03-31,4,2023-03-31T03:00,mcn,McNary,75.2,70.5,0.0,339.22,265.19,74.03,398.2
2023-03-31,5,2023-03-31T04:00,mcn,McNary,95.9,91.2,0.0,339.1,265.88,73.22,509.5
2023-03-31,6,2023-03-31T05:00,mcn,McNary,118.3,113.6,0.0,339.07,266.3,72.77,630.7
2023-03-31,7,2023-03-31T06:00,mcn,McNary,143.0,131.1,7.2,338.98,266.57,72.41,724.3
2023-03-31,8,2023-03-31T07:00,mcn,McNary,142.8,128.4,9.7,338.98,266.28,72.7,712.2
2023-03-31,9,2023-03-31T08:00,mcn,McNary,145.6,131.2,9.7,338.91,266.23,72.68,727.6
2023-03-31,10,2023-03-31T09:00,mcn,McNary,142.5,128.2,9.6,338.83,266.09,72.74,711.5
2023-03-31,11,2023-03-31T10:00,mcn,McNary,120.0,114.2,1.1,338.81,265.71,73.1,637.0
2023-03-31,12,2023-03-31T11:00,mcn,McNary,117.6,112.9,0.0,338.76,265.86,72.9,628.0
2023-03-31,13,2023-03-31T12:00,mcn,McNary,106.2,101.5,0.0,338.84,265.83,73.01,565.4
2023-03-31,14,2023-03-31T13:00,mcn,McNary,104.9,100.2,0.0,338.85,265.67,73.18,559.5
2023-03-31,15,2023-03-31T14:00,mcn,McNary,109.9,105.2,0.0,338.88,265.73,73.15,587.2
2023-03-31,16,2023-03-31T15:00,mcn,McNary,107.0,102.3,0.0,338.82,265.8,73.02,570.0
2023-03-31,17,2023-03-31T16:00,mcn,McNary,135.3,130.6,0.0,338.63,266.32,72.31,720.6
2023-03-31,18,2023-03-31T17:00,mcn,McNary,134.1,129.4,0.0,338.64,266.34,72.3,713.8
2023-03-31,19,2023-03-31T18:00,mcn,McNary,143.9,139.2,0.0,338.7,266.26,72.44,769.4
2023-03-31,20,2023-03-31T19:00,mcn,McNary,141.2,136.5,0.0,338.6,266.13,72.47,754.8
2023-03-31,21,2023-03-31T20:00,mcn,McNary,116.9,112.2,0.0,338.65,265.57,73.08,625.6
2023-03-31,22,2023-03-31T21:00,mcn,McNary,99.3,94.6,0.0,338.71,265.44,73.27,528.9
2023-03-31,23,2023-03-31T22:00,mcn,McNary,98.2,93.5,0.0,338.62,265.78,72.84,519.6
2023-03-31,24,2023-03-31T23:00,mcn,McNary,97.5,92.8,0.0,338.66,265.77,72.89,516.1
2023-04-01,1,2023-04-01T00:00,mcn,McNary,98.9,94.2,0.0,338.59,265.61,72.98,524.5
2023-04-01,2,2023-04-01T01:00,mcn,McNary,98.5,93.8,0.0,338.65,265.55,73.1,523.2
2023-04-01,3,2023-04-01T02:00,mcn,McNary,96.9,92.2,0.0,338.66,265.5,73.16,514.7
2023-04-01,4,2023-04-01T03:00,mcn,McNary,97.9,93.2,0.0,338.6,265.59,73.01,519.2
2023-04-01,5,2023-04-01T04:00,mcn,McNary,98.4,93.7,0.0,338.54,265.86,72.68,519.6
2023-04-01,6,2023-04-01T05:00,mcn,McNary,116.2,111.5,0.0,338.55,266.18,72.37,615.7
2023-04-01,7,2023-04-01T06:00,mcn,McNary,118.4,113.7,0.0,338.52,266.15,72.37,627.8
2023-04-01,8,2023-04-01T07:00,mcn,McNary,117.9,113.2,0.0,338.45,266.04,72.41,625.4
2023-04-01,9,2023-04-01T08:00,mcn,McNary,117.4,112.7,0.0,338.47,265.96,72.51,623.5
2023-04-01,10,2023-04-01T09:00,mcn,McNary,96.2,91.5,0.0,338.46,265.41,73.05,510.0
2023-04-01,11,2023-04-01T10:00,mcn,McNary,93.3,88.6,0.0,338.48,265.78,72.7,491.5
2023-04-01,12,2023-04-01T11:00,mcn,McNary,90.5,85.8,0.0,338.4,266.2,72.2,472.7
2023-04-01,13,2023-04-01T12:00,mcn,McNary,69.2,64.5,0.0,338.52,265.62,72.9,358.8
2023-04-01,14,2023-04-01T13:00,mcn,McNary,71.4,66.7,0.0,338.53,265.81,72.72,370.1
2023-04-01,15,2023-04-01T14:00,mcn,McNary,73.8,69.1,0.0,338.58,265.48,73.1,385.4
2023-04-01,16,2023-04-01T15:00,mcn,McNary,67.0,62.3,0.0,338.66,265.05,73.61,349.9
2023-04-01,17,2023-04-01T16:00,mcn,McNary,66.4,61.7,0.0,338.68,265.47,73.21,344.7
2023-04-01,18,2023-04-01T17:00,mcn,McNary,69.7,65.0,0.0,338.61,266.08,72.53,359.7
2023-04-01,19,2023-04-01T18:00,mcn,McNary,97.3,92.6,0.0,338.55,266.29,72.26,510.5
2023-04-01,20,2023-04-01T19:00,mcn,McNary,115.1,110.4,0.0,338.55,266.23,72.32,609.2
2023-04-01,21,2023-04-01T20:00,mcn,McNary,117.4,112.7,0.0,338.66,266.03,72.63,624.5
2023-04-01,22,2023-04-01T21:00,mcn,McNary,117.1,112.4,0.0,338.69,265.77,72.92,625.4
2023-04-01,23,2023-04-01T22:00,mcn,McNary,116.8,112.1,0.0,338.67,265.89,72.78,622.5
2023-04-01,24,2023-04-01T23:00,mcn,McNary,99.2,94.5,0.0,338.8,265.53,73.27,528.3
2023-04-02,1,2023-04-02T00:00,mcn,McNary,79.7,75.0,0.0,338.92,265.41,73.51,420.7
2023-04-02,2,2023-04-02T01:00,mcn,McNary,78.7,74.0,0.0,338.88,265.47,73.41,414.5
2023-04-02,3,2023-04-02T02:00,mcn,McNary,78.5,73.8,0.0,338.92,265.2,73.72,415.1
2023-04-02,4,2023-04-02T03:00,mcn,McNary,79.7,75.0,0.0,339.07,265.43,73.64,421.4
2023-04-02,5,2023-04-02T04:00,mcn,McNary,87.9,83.2,0.0,339.02,265.67,73.35,465.6
2023-04-02,6,2023-04-02T05:00,mcn,McNary,99.1,92.6,1.8,338.96,265.83,73.13,516.7
2023-04-02,7,2023-04-02T06:00,mcn,McNary,116.7,102.3,9.7,338.95,265.85,73.1,570.6
2023-04-02,8,2023-04-02T07:00,mcn,McNary,119.0,104.6,9.7,339.05,265.75,73.3,585.0
2023-04-02,9,2023-04-02T08:00,mcn,McNary,118.3,103.8,9.7,338.95,265.67,73.28,580.4
2023-04-02,10,2023-04-02T09:00,mcn,McNary,117.9,103.5,9.7,338.95,265.58,73.37,579.4
2023-04-02,11,2023-04-02T10:00,mcn,McNary,118.5,111.9,2.0,339.03,265.78,73.25,625.4
2023-04-02,12,2023-04-02T11:00,mcn,McNary,97.9,93.2,0.0,339.08,265.07,74.01,526.3
2023-04-02,13,2023-04-02T12:00,mcn,McNary,75.1,70.4,0.0,339.11,265.12,73.99,397.4
2023-04-02,14,2023-04-02T13:00,mcn,McNary,73.9,69.2,0.0,339.14,265.1,74.04,390.9
2023-04-02,15,2023-04-02T14:00,mcn,McNary,75.1,70.4,0.0,339.15,265.08,74.07,397.9
2023-04-02,16,2023-04-02T15:00,mcn,McNary,73.0,68.3,0.0,339.21,265.2,74.01,385.7
2023-04-02,17,2023-04-02T16:00,mcn,McNary,73.5,68.8,0.0,339.16,265.37,73.79,387.4
2023-04-02,18,2023-04-02T17:00,mcn,McNary,75.3,70.6,0.0,339.23,265.76,73.47,395.8
2023-04-02,19,2023-04-02T18:00,mcn,McNary,107.2,102.5,0.0,339.12,265.82,73.3,573.3
2023-04-02,20,2023-04-02T19:00,mcn,McNary,109.4,104.7,0.0,339.26,265.6,73.66,588.4
2023-04-02,21,2023-04-02T20:00,mcn,McNary,109.7,105.0,0.0,339.18,265.56,73.62,589.8
2023-04-02,22,2023-04-02T21:00,mcn,McNary,108.9,104.2,0.0,339.14,265.54,73.6,585.2
2023-04-02,23,2023-04-02T22:00,mcn,McNary,109.2,104.5,0.0,339.13,265.58,73.55,586.4
2023-04-02,24,2023-04-02T23:00,mcn,McNary,99.7,95.0,0.0,339.2,265.65,73.55,533.1
2023-04-03,1,2023-04-03T00:00,mcn,McNary,118.7,114.0,0.0,339.14,266.11,73.03,635.2
2023-04-03,2,2023-04-03T01:00,mcn,McNary,118.9,114.2,0.0,339.16,265.92,73.24,638.2
2023-04-03,3,2023-04-03T02:00,mcn,McNary,117.9,113.2,0.0,339.14,265.97,73.17,632.0
2023-04-03,4,2023-04-03T03:00,mcn,McNary,118.1,113.4,0.0,339.04,265.76,73.28,634.0
2023-04-03,5,2023-04-03T04:00,mcn,McNary,117.8,113.1,0.0,339.03,265.98,73.05,630.4
2023-04-03,6,2023-04-03T05:00,mcn,McNary,134.0,129.3,0.0,339.03,266.29,72.74,717.6
2023-04-03,7,2023-04-03T06:00,mcn,McNary,134.2,129.5,0.0,338.94,266.32,72.62,717.5
2023-04-03,8,2023-04-03T07:00,mcn,McNary,123.1,118.4,0.0,338.95,266.11,72.84,658.0
2023-04-03,9,2023-04-03T08:00,mcn,McNary,123.1,118.4,0.0,338.88,265.95,72.93,658.8
2023-04-03,10,2023-04-03T09:00,mcn,McNary,122.3,117.6,0.0,338.85,265.63,73.22,657.0
2023-04-03,11,2023-04-03T10:00,mcn,McNary,100.3,95.6,0.0,338.87,265.33,73.54,536.4
2023-04-03,12,2023-04-03T11:00,mcn,McNary,88.9,84.2,0.0,338.86,265.21,73.65,473.2
2023-04-03,13,2023-04-03T12:00,mcn,McNary,88.2,83.5,0.0,338.95,265.3,73.65,469.2
2023-04-03,14,2023-04-03T13:00,mcn,McNary,88.6,83.9,0.0,338.96,265.12,73.84,472.7
2023-04-03,15,2023-04-03T14:00,mcn,McNary,87.8,83.1,0.0,339.0,265.19,73.81,468.0
2023-04-03,16,2023-04-03T15:00,mcn,McNary,87.3,82.6,0.0,338.97,265.23,73.74,464.7
2023-04-03,17,2023-04-03T16:00,mcn,McNary,98.4,93.7,0.0,338.98,265.52,73.46,525.2
2023-04-03,18,2023-04-03T17:00,mcn,McNary,119.0,114.3,0.0,338.88,265.86,73.02,636.8
2023-04-03,19,2023-04-03T18:00,mcn,McNary,132.4,127.7,0.0,338.75,266.17,72.58,707.2
2023-04-03,20,2023-04-03T19:00,mcn,McNary,133.0,128.3,0.0,338.73,265.98,72.75,712.2
2023-04-03,21,2023-04-03T20:00,mcn,McNary,136.3,131.6,0.0,338.45,265.83,72.62,729.2
2023-04-03,22,2023-04-03T21:00,mcn,McNary,118.3,113.6,0.0,338.51,265.46,73.05,633.2
2023-04-03,23,2023-04-03T22:00,mcn,McNary,110.9,106.2,0.0,338.43,265.44,72.99,591.4
2023-04-03,24,2023-04-03T23:00,mcn,McNary,98.5,93.8,0.0,338.54,265.19,73.35,525.0
2023-04-04,1,2023-04-04T00:00,mcn,McNary,81.0,76.3,0.0,338.54,265.03,73.51,428.0
2023-04-04,2,2023-04-04T01:00,mcn,McNary,80.0,75.3,0.0,338.55,265.05,73.5,422.3
2023-04-04,3,2023-04-04T02:00,mcn,McNary,80.1,75.4,0.0,338.58,265.12,73.46,422.6
2023-04-04,4,2023-04-04T03:00,mcn,McNary,80.1,75.4,0.0,338.56,265.21,73.35,422.0
2023-04-04,5,2023-04-04T04:00,mcn,McNary,98.0,93.3,0.0,338.61,265.59,73.02,519.8
2023-04-04,6,2023-04-04T05:00,mcn,McNary,98.5,93.8,0.0,338.6,265.62,72.98,522.3
2023-04-04,7,2023-04-04T06:00,mcn,McNary,115.6,110.9,0.0,338.5,265.96,72.54,613.8
2023-04-04,8,2023-04-04T07:00,mcn,McNary,118.2,113.5,0.0,338.52,265.95,72.57,628.5
2023-04-04,9,2023-04-04T08:00,mcn,McNary,118.9,114.2,0.0,338.48,265.76,72.72,633.6
2023-04-04,10,2023-04-04T09:00,mcn,McNary,99.2,94.5,0.0,338.57,265.03,73.54,530.2
2023-04-04,11,2023-04-04T10:00,mcn,McNary,79.5,74.8,0.0,338.58,265.0,73.58,419.9
2023-04-04,12,2023-04-04T11:00,mcn,McNary,79.4,74.7,0.0,338.64,264.97,73.67,419.9
2023-04-04,13,2023-04-04T12:00,mcn,McNary,89.0,84.3,0.0,338.61,265.19,73.42,472.2
2023-04-04,14,2023-04-04T13:00,mcn,McNary,89.3,84.6,0.0,338.74,265.17,73.57,474.9
2023-04-04,15,2023-04-04T14:00,mcn,McNary,88.1,83.4,0.0,338.76,265.19,73.57,468.2
2023-04-04,16,2023-04-04T15:00,mcn,McNary,88.0,83.3,0.0,338.71,265.17,73.54,467.4
2023-04-04,17,2023-04-04T16:00,mcn,McNary,97.3,92.6,0.0,338.65,265.36,73.29,517.8
2023-04-04,18,2023-04-04T17:00,mcn,McNary,107.4,102.7,0.0,338.63,265.47,73.16,573.3
2023-04-04,19,2023-04-04T18:00,mcn,McNary,110.2,105.5,0.0,338.66,265.67,72.99,587.5
2023-04-04,20,2023-04-04T19:00,mcn,McNary,101.4,96.7,0.0,338.58,265.39,73.19,540.0
2023-04-04,21,2023-04-04T20:00,mcn,McNary,100.8,96.1,0.0,338.64,265.41,73.23,537.0
2023-04-04,22,2023-04-04T21:00,mcn,McNary,98.8,94.1,0.0,338.61,265.18,73.43,527.2
2023-04-04,23,2023-04-04T22:00,mcn,McNary,80.9,76.2,0.0,338.72,264.96,73.76,428.8
2023-04-04,24,2023-04-04T23:00,mcn,McNary,79.5,74.8,0.0,338.68,265.17,73.51,419.5
2023-04-05,1,2023-04-05T00:00,mcn,McNary,79.8,75.1,0.0,338.76,265.13,73.63,421.9
2023-04-05,2,2023-04-05T01:00,mcn,McNary,79.1,74.4,0.0,338.84,265.03,73.81,419.0
2023-04-05,3,2023-04-05T02:00,mcn,McNary,80.1,75.4,0.0,338.82,265.04,73.78,424.5
2023-04-05,4,2023-04-05T03:00,mcn,McNary,79.7,75.0,0.0,338.88,265.18,73.7,421.7
2023-04-05,5,2023-04-05T04:00,mcn,McNary,80.8,76.1,0.0,338.95,265.27,73.68,427.8
2023-04-05,6,2023-04-05T05:00,mcn,McNary,101.3,95.1,1.5,338.83,265.78,73.05,530.1
2023-04-05,7,2023-04-05T06:00,mcn,McNary,128.9,114.7,9.5,338.82,266.04,72.78,636.9
2023-04-05,8,2023-04-05T07:00,mcn,McNary,129.5,115.3,9.5,338.78,265.94,72.84,640.8
2023-04-05,9,2023-04-05T08:00,mcn,McNary,129.5,115.3,9.5,338.68,265.8,72.88,641.2
2023-04-05,10,2023-04-05T09:00,mcn,McNary,107.2,93.1,9.5,338.72,265.29,73.43,521.6
2023-04-05,11,2023-04-05T10:00,mcn,McNary,102.0,91.9,5.5,338.72,265.16,73.56,515.8
2023-04-05,12,2023-04-05T11:00,mcn,McNary,91.8,87.1,0.0,338.79,265.13,73.66,489.5
2023-04-05,13,2023-04-05T12:00,mcn,McNary,78.3,73.6,0.0,338.86,265.13,73.73,414.0
2023-04-05,14,2023-04-05T13:00,mcn,McNary,79.3,74.6,0.0,338.82,265.16,73.66,419.3
2023-04-05,15,2023-04-05T14:00,mcn,McNary,77.9,73.2,0.0,338.89,265.12,73.77,412.0
2023-04-05,16,2023-04-05T15:00,mcn,McNary,77.4,72.7,0.0,338.96,265.11,73.85,409.6
2023-04-05,17,2023-04-05T16:00,mcn,McNary,97.9,93.2,0.0,338.79,265.78,73.01,519.2
2023-04-05,18,2023-04-05T17:00,mcn,McNary,103.1,98.4,0.0,338.88,265.73,73.15,549.2
2023-04-05,19,2023-04-05T18:00,mcn,McNary,110.9,106.2,0.0,338.84,265.76,73.08,592.2
2023-04-05,20,2023-04-05T19:00,mcn,McNary,110.2,105.5,0.0,338.82,265.8,73.02,587.8
2023-04-05,21,2023-04-05T20:00,mcn,McNary,109.5,104.8,0.0,338.79,265.57,73.22,585.5
2023-04-05,22,2023-04-05T21:00,mcn,McNary,108.2,103.5,0.0,338.81,265.3,73.51,580.5
2023-04-05,23,2023-04-05T22:00,mcn,McNary,71.9,67.2,0.0,338.95,264.95,74.0,379.4
2023-04-05,24,2023-04-05T23:00,mcn,McNary,69.8,65.1,0.0,338.89,265.17,73.72,366.2
2023-04-06,1,2023-04-06T00:00,mcn,McNary,68.8,64.1,0.0,339.04,265.15,73.89,361.4
2023-04-06,2,2023-04-06T01:00,mcn,McNary,69.5,64.8,0.0,339.12,265.22,73.9,365.4
2023-04-06,3,2023-04-06T02:00,mcn,McNary,69.7,65.0,0.0,339.11,265.26,73.85,366.3
2023-04-06,4,2023-04-06T03:00,mcn,McNary,70.2,65.5,0.0,339.2,265.2,74.0,369.8
2023-04-06,5,2023-04-06T04:00,mcn,McNary,71.3,66.6,0.0,339.18,265.46,73.72,374.6
2023-04-06,6,2023-04-06T05:00,mcn,McNary,107.6,102.9,0.0,339.12,266.17,72.95,572.8
2023-04-06,7,2023-04-06T06:00,mcn,McNary,127.3,122.6,0.0,339.12,266.3,72.82,681.2
2023-04-06,8,2023-04-06T07:00,mcn,McNary,130.9,126.2,0.0,339.02,266.3,72.72,700.2
2023-04-06,9,2023-04-06T08:00,mcn,McNary,131.1,126.4,0.0,338.94,266.09,72.85,702.6
2023-04-06,10,2023-04-06T09:00,mcn,McNary,110.9,106.2,0.0,338.99,265.5,73.49,595.5
2023-04-06,11,2023-04-06T10:00,mcn,McNary,105.3,100.6,0.0,339.01,265.49,73.52,564.3
2023-04-06,12,2023-04-06T11:00,mcn,McNary,80.4,75.7,0.0,339.08,265.21,73.87,426.7
2023-04-06,13,2023-04-06T12:00,mcn,McNary,78.9,74.2,0.0,339.08,265.46,73.62,416.8
2023-04-06,14,2023-04-06T13:00,mcn,McNary,78.4,73.7,0.0,339.1,265.38,73.72,414.6
2023-04-06,15,2023-04-06T14:00,mcn,McNary,80.0,75.3,0.0,339.14,265.29,73.85,424.3
2023-04-06,16,2023-04-06T15:00,mcn,McNary,80.0,76.3,,339.15,265.38,73.77,429.5
2023-04-06,17,2023-04-06T16:00,mcn,McNary,113.9,109.2,0.0,339.02,265.89,73.13,609.3
2023-04-06,18,2023-04-06T17:00,mcn,McNary,110.3,105.6,0.0,339.1,265.73,73.37,591.2
2023-04-06,19,2023-04-06T18:00,mcn,McNary,129.2,124.5,0.0,338.95,266.36,72.59,689.6
2023-04-06,20,2023-04-06T19:00,mcn,McNary,130.2,125.5,0.0,338.97,266.27,72.7,696.1
2023-04-06,21,2023-04-06T20:00,mcn,McNary,129.9,125.2,0.0,338.84,266.11,72.73,694.8
2023-04-06,22,2023-04-06T21:00,mcn,McNary,118.1,113.4,0.0,338.99,265.67,73.32,634.4
2023-04-06,23,2023-04-06T22:00,mcn,McNary,76.0,71.3,0.0,339.01,265.36,73.65,400.7
2023-04-06,24,2023-04-06T23:00,mcn,McNary,70.9,66.2,0.0,339.0,265.54,73.46,371.1
2023-04-07,1,2023-04-07T00:00,mcn,McNary,73.4,68.7,0.0,339.05,265.68,73.37,384.6
2023-04-07,2,2023-04-07T01:00,mcn,McNary,74.7,70.0,0.0,339.16,265.64,73.52,392.7
2023-04-07,3,2023-04-07T02:00,mcn,McNary,74.7,70.0,0.0,339.16,265.61,73.55,392.8
2023-04-07,4,2023-04-07T03:00,mcn,McNary,75.7,71.0,0.0,339.15,265.8,73.35,397.4
2023-04-07,5,2023-04-07T04:00,mcn,McNary,92.7,88.0,0.0,339.19,266.01,73.18,491.4
2023-04-07,6,2023-04-07T05:00,mcn,McNary,112.7,106.8,1.1,339.1,266.41,72.69,592.3
2023-04-07,7,2023-04-07T06:00,mcn,McNary,132.0,117.5,9.8,339.0,266.55,72.45,649.5
2023-04-07,8,2023-04-07T07:00,mcn,McNary,133.2,118.8,9.7,339.06,266.41,72.65,658.5
2023-04-07,9,2023-04-07T08:00,mcn,McNary,113.5,99.0,9.8,339.02,265.95,73.07,551.9
2023-04-07,10,2023-04-07T09:00,mcn,McNary,108.9,94.5,9.7,339.04,265.47,73.57,530.5
2023-04-07,11,2023-04-07T10:00,mcn,McNary,91.9,85.7,1.6,339.01,265.46,73.55,480.9
2023-04-07,12,2023-04-07T11:00,mcn,McNary,88.9,84.2,0.0,338.99,265.78,73.21,470.3
2023-04-07,13,2023-04-07T12:00,mcn,McNary,88.7,84.0,0.0,339.11,265.83,73.28,469.7
2023-04-07,14,2023-04-07T13:00,mcn,McNary,89.0,84.3,0.0,339.12,265.69,73.43,472.3
2023-04-07,15,2023-04-07T14:00,mcn,McNary,68.1,63.4,0.0,339.24,265.19,74.05,358.2
2023-04-07,16,2023-04-07T15:00,mcn,McNary,67.7,63.0,0.0,339.17,265.53,73.64,354.0
2023-04-07,17,2023-04-07T16:00,mcn,McNary,81.4,76.7,0.0,339.28,265.44,73.84,432.1
2023-04-07,18,2023-04-07T17:00,mcn,McNary,79.3,74.6,0.0,339.24,265.77,73.47,418.2
2023-04-07,19,2023-04-07T18:00,mcn,McNary,86.6,81.9,0.0,339.29,265.96,73.33,458.2
2023-04-07,20,2023-04-07T19:00,mcn,McNary,88.0,83.3,0.0,339.16,265.68,73.48,467.0
2023-04-07,21,2023-04-07T20:00,mcn,McNary,90.5,85.8,0.0,339.27,265.44,73.83,483.3
2023-04-07,22,2023-04-07T21:00,mcn,McNary,86.4,81.7,0.0,339.32,265.76,73.56,458.6
2023-04-07,23,2023-04-07T22:00,mcn,McNary,91.0,86.3,0.0,339.39,265.84,73.55,484.3
2023-04-07,24,2023-04-07T23:00,mcn,McNary,88.9,84.2,0.0,339.41,265.79,73.62,473.0
2023-04-08,1,2023-04-08T00:00,mcn,McNary,79.5,74.8,0.0,339.5,265.63,73.87,421.6
2023-04-08,2,2023-04-08T01:00,mcn,McNary,79.2,74.5,0.0,339.5,265.53,73.97,420.5
2023-04-08,3,2023-04-08T02:00,mcn,McNary,79.5,74.8,0.0,339.48,265.45,74.03,422.5
2023-04-08,4,2023-04-08T03:00,mcn,McNary,79.6,74.9,0.0,339.56,265.59,73.97,422.7
2023-04-08,5,2023-04-08T04:00,mcn,McNary,80.0,75.3,0.0,339.63,265.84,73.79,424.0
2023-04-08,6,2023-04-08T05:00,mcn,McNary,108.6,103.9,0.0,339.54,266.24,73.3,581.1
2023-04-08,7,2023-04-08T06:00,mcn,McNary,109.7,105.0,0.0,339.65,266.19,73.46,588.5
2023-04-08,8,2023-04-08T07:00,mcn,McNary,109.0,104.3,0.0,339.57,266.13,73.44,584.4
2023-04-08,9,2023-04-08T08:00,mcn,McNary,109.4,104.7,0.0,339.47,266.05,73.42,586.5
2023-04-08,10,2023-04-08T09:00,mcn,McNary,109.6,104.7,0.2,339.5,266.09,73.41,586.4
2023-04-08,11,2023-04-08T10:00,mcn,McNary,108.9,104.2,0.0,339.45,266.15,73.3,582.8
2023-04-08,12,2023-04-08T11:00,mcn,McNary,109.0,104.3,0.0,339.46,266.18,73.28,583.2
2023-04-08,13,2023-04-08T12:00,mcn,McNary,109.1,104.4,0.0,339.39,266.13,73.26,583.6
2023-04-08,14,2023-04-08T13:00,mcn,McNary,108.5,103.8,0.0,339.42,266.13,73.29,580.5
2023-04-08,15,2023-04-08T14:00,mcn,McNary,109.5,104.8,0.0,339.34,266.11,73.23,585.6
2023-04-08,16,2023-04-08T15:00,mcn,McNary,110.3,105.6,0.0,339.37,266.12,73.25,590.2
2023-04-08,17,2023-04-08T16:00,mcn,McNary,101.7,97.0,0.0,339.41,266.13,73.28,542.4
2023-04-08,18,2023-04-08T17:00,mcn,McNary,101.6,96.9,0.0,339.38,266.16,73.22,541.3
2023-04-08,19,2023-04-08T18:00,mcn,McNary,102.3,97.6,0.0,339.25,266.22,73.03,543.8
2023-04-08,20,2023-04-08T19:00,mcn,McNary,102.0,97.3,0.0,339.31,266.23,73.08,542.5
2023-04-08,21,2023-04-08T20:00,mcn,McNary,101.5,96.8,0.0,339.25,266.27,72.98,539.0
2023-04-08,22,2023-04-08T21:00,mcn,McNary,101.0,96.3,0.0,339.28,266.19,73.09,537.0
2023-04-08,23,2023-04-08T22:00,mcn,McNary,96.5,91.8,0.0,339.35,266.14,73.21,512.8
2023-04-08,24,2023-04-08T23:00,mcn,McNary,92.2,87.5,0.0,339.37,266.02,73.35,489.7
2023-04-09,1,2023-04-09T00:00,mcn,McNary,89.8,85.1,0.0,339.36,266.13,73.23,475.5
2023-04-09,2,2023-04-09T01:00,mcn,McNary,89.7,85.0,0.0,339.35,266.18,73.17,474.5
2023-04-09,3,2023-04-09T02:00,mcn,McNary,89.5,84.8,0.0,339.41,266.15,73.26,474.0
2023-04-09,4,2023-04-09T03:00,mcn,McNary,89.3,84.6,0.0,339.51,266.19,73.32,473.3
2023-04-09,5,2023-04-09T04:00,mcn,McNary,89.2,84.5,0.0,339.5,266.15,73.35,472.9
2023-04-09,6,2023-04-09T05:00,mcn,McNary,90.2,84.3,1.2,339.46,266.31,73.15,470.5
2023-04-09,7,2023-04-09T06:00,mcn,McNary,108.1,93.2,10.2,339.44,266.55,72.89,518.3
2023-04-09,8,2023-04-09T07:00,mcn,McNary,109.4,94.4,10.2,339.52,266.37,73.15,526.9
2023-04-09,9,2023-04-09T08:00,mcn,McNary,110.4,95.4,10.3,339.48,266.38,73.1,532.1
2023-04-09,10,2023-04-09T09:00,mcn,McNary,108.8,93.9,10.2,339.45,266.32,73.13,523.9
2023-04-09,11,2023-04-09T10:00,mcn,McNary,101.0,94.7,1.6,339.43,266.2,73.23,529.1
2023-04-09,12,2023-04-09T11:00,mcn,McNary,100.6,95.9,0.0,339.42,266.26,73.16,535.3
2023-04-09,13,2023-04-09T12:00,mcn,McNary,94.2,89.5,0.0,339.43,266.24,73.19,499.8
2023-04-09,14,2023-04-09T13:00,mcn,McNary,91.7,87.0,0.0,339.47,265.96,73.51,488.0
2023-04-09,15,2023-04-09T14:00,mcn,McNary,84.3,79.6,0.0,339.48,265.95,73.53,446.6
2023-04-09,16,2023-04-09T15:00,mcn,McNary,79.4,74.7,0.0,339.47,266.04,73.43,418.5
2023-04-09,17,2023-04-09T16:00,mcn,McNary,108.9,104.2,0.0,339.4,266.74,72.66,577.7
2023-04-09,18,2023-04-09T17:00,mcn,McNary,113.0,108.3,0.0,339.4,266.76,72.64,600.2
2023-04-09,19,2023-04-09T18:00,mcn,McNary,118.4,113.7,0.0,339.39,266.47,72.92,632.6
2023-04-09,20,2023-04-09T19:00,mcn,McNary,120.3,115.6,0.0,339.28,266.35,72.93,643.3
2023-04-09,21,2023-04-09T20:00,mcn,McNary,120.1,115.4,0.0,339.31,266.31,73.0,642.8
2023-04-09,22,2023-04-09T21:00,mcn,McNary,119.3,114.6,0.0,339.26,266.11,73.15,639.6
2023-04-09,23,2023-04-09T22:00,mcn,McNary,89.9,85.2,0.0,339.35,265.97,73.38,477.0
2023-04-09,24,2023-04-09T23:00,mcn,McNary,85.5,80.8,0.0,339.34,265.73,73.61,453.8
2023-04-10,1,2023-04-10T00:00,mcn,McNary,92.9,52.8,35.5,339.28,266.0,73.28,295.2
2023-04-10,2,2023-04-10T01:00,mcn,McNary,103.6,51.5,47.4,339.28,266.11,73.17,287.5
2023-04-10,3,2023-04-10T02:00,mcn,McNary,104.3,51.8,47.8,339.36,266.02,73.34,289.9
2023-04-10,4,2023-04-10T03:00,mcn,McNary,103.9,51.4,47.8,339.34,266.08,73.26,287.3
2023-04-10,5,2023-04-10T04:00,mcn,McNary,104.0,51.6,47.7,339.29,265.97,73.32,288.7
2023-04-10,6,2023-04-10T05:00,mcn,McNary,104.6,52.2,47.7,339.28,265.91,73.37,292.2
2023-04-10,7,2023-04-10T06:00,mcn,McNary,104.4,51.8,47.9,339.35,266.01,73.34,289.9
2023-04-10,8,2023-04-10T07:00,mcn,McNary,104.7,52.1,47.9,339.34,266.1,73.24,291.1
2023-04-10,9,2023-04-10T08:00,mcn,McNary,104.7,52.2,47.8,339.36,266.09,73.27,291.8
2023-04-10,10,2023-04-10T09:00,mcn,McNary,104.2,51.6,47.9,339.32,266.03,73.29,288.5
2023-04-10,11,2023-04-10T10:00,mcn,McNary,104.2,51.7,47.8,339.33,266.01,73.32,289.2
2023-04-10,12,2023-04-10T11:00,mcn,McNary,104.4,51.9,47.8,339.42,265.95,73.47,290.9
2023-04-10,13,2023-04-10T12:00,mcn,McNary,104.8,52.1,48.0,339.42,265.99,73.43,291.9
2023-04-10,14,2023-04-10T13:00,mcn,McNary,104.7,52.0,48.0,339.38,266.05,73.33,290.9
2023-04-10,15,2023-04-10T14:00,mcn,McNary,105.0,52.2,48.1,339.41,265.94,73.47,292.6
2023-04-10,16,2023-04-10T15:00,mcn,McNary,104.8,52.0,48.0,339.48,265.92,73.56,291.9
2023-04-10,17,2023-04-10T16:00,mcn,McNary,104.9,52.2,48.0,339.42,265.9,73.52,292.8
2023-04-10,18,2023-04-10T17:00,mcn,McNary,105.0,52.4,47.9,339.4,265.94,73.46,293.7
2023-04-10,19,2023-04-10T18:00,mcn,McNary,104.5,51.9,47.9,339.51,265.93,73.58,291.4
2023-04-10,20,2023-04-10T19:00,mcn,McNary,104.2,51.5,48.0,339.45,266.0,73.45,288.6
2023-04-10,21,2023-04-10T20:00,mcn,McNary,124.6,51.1,68.8,339.32,266.34,72.98,284.5
2023-04-10,22,2023-04-10T21:00,mcn,McNary,125.9,51.0,70.2,339.45,266.34,73.11,284.5
2023-04-10,23,2023-04-10T22:00,mcn,McNary,125.6,51.0,69.9,339.42,266.35,73.07,284.3
2023-04-10,24,2023-04-10T23:00,mcn,McNary,125.5,51.0,69.9,339.43,266.34,73.09,284.4
2023-04-11,1,2023-04-11T00:00,mcn,McNary,125.8,51.2,69.8,339.44,266.12,73.32,286.4
2023-04-11,2,2023-04-11T01:00,mcn,McNary,125.7,51.0,69.9,339.41,266.19,73.22,284.9
2023-04-11,3,2023-04-11T02:00,mcn,McNary,125.6,51.0,69.9,339.45,266.25,73.2,284.8
2023-04-11,4,2023-04-11T03:00,mcn,McNary,125.3,50.8,69.8,339.5,266.33,73.17,283.6
2023-04-11,5,2023-04-11T04:00,mcn,McNary,125.5,51.0,69.8,339.44,266.34,73.1,284.5
2023-04-11,6,2023-04-11T05:00,mcn,McNary,125.5,51.5,69.3,339.48,266.32,73.16,287.5
2023-04-11,7,2023-04-11T06:00,mcn,McNary,125.9,51.2,70.0,339.45,266.35,73.1,285.6
2023-04-11,8,2023-04-11T07:00,mcn,McNary,125.8,50.5,70.6,339.37,266.39,72.98,281.2
2023-04-11,9,2023-04-11T08:00,mcn,McNary,126.1,51.2,70.2,339.5,266.35,73.15,285.8
2023-04-11,10,2023-04-11T09:00,mcn,McNary,125.9,50.9,70.2,339.44,266.4,73.04,283.7
2023-04-11,11,2023-04-11T10:00,mcn,McNary,125.7,50.8,70.1,339.43,266.59,72.84,282.3
2023-04-11,12,2023-04-11T11:00,mcn,McNary,125.8,51.0,70.1,339.43,266.56,72.87,283.6
2023-04-11,13,2023-04-11T12:00,mcn,McNary,126.7,52.2,69.9,339.41,266.75,72.66,289.4
2023-04-11,14,2023-04-11T13:00,mcn,McNary,126.3,51.6,70.0,339.45,266.68,72.77,286.5
2023-04-11,15,2023-04-11T14:00,mcn,McNary,125.8,51.1,70.0,339.4,266.62,72.78,283.8
2023-04-11,16,2023-04-11T15:00,mcn,McNary,126.2,51.4,70.1,339.41,266.33,73.08,286.6
2023-04-11,17,2023-04-11T16:00,mcn,McNary,126.1,51.4,70.0,339.39,266.39,73.0,286.3
2023-04-11,18,2023-04-11T17:00,mcn,McNary,126.6,51.8,70.1,339.47,266.4,73.07,288.8
2023-04-11,19,2023-04-11T18:00,mcn,McNary,126.5,51.8,70.0,339.49,266.33,73.16,289.2
2023-04-11,20,2023-04-11T19:00,mcn,McNary,126.2,51.5,70.0,339.52,266.32,73.2,287.6
2023-04-11,21,2023-04-11T20:00,mcn,McNary,126.2,51.4,70.1,339.54,266.29,73.25,287.3
2023-04-11,22,2023-04-11T21:00,mcn,McNary,126.9,52.0,70.1,339.55,266.23,73.32,290.9
2023-04-11,23,2023-04-11T22:00,mcn,McNary,126.9,52.0,70.2,339.62,266.22,73.4,291.2
2023-04-11,24,2023-04-11T23:00,mcn,McNary,126.6,51.9,70.0,339.69,266.2,73.49,291.0
2023-04-12,1,2023-04-12T00:00,mcn,McNary,126.7,52.0,70.0,339.66,266.29,73.37,291.1
2023-04-12,2,2023-04-12T01:00,mcn,McNary,127.0,52.2,70.1,339.68,266.31,73.37,292.2
2023-04-12,3,2023-04-12T02:00,mcn,McNary,127.0,52.1,70.2,339.77,266.21,73.56,292.4
2023-04-12,4,2023-04-12T03:00,mcn,McNary,145.8,51.9,89.2,339.62,266.38,73.24,290.0
2023-04-12,5,2023-04-12T04:00,mcn,McNary,147.3,52.3,90.3,339.79,266.35,73.44,293.1
2023-04-12,6,2023-04-12T05:00,mcn,McNary,165.6,52.3,108.6,339.74,266.77,72.97,291.2
2023-04-12,7,2023-04-12T06:00,mcn,McNary,166.6,52.0,109.9,339.74,266.76,72.98,289.6
2023-04-12,8,2023-04-12T07:00,mcn,McNary,166.6,52.2,109.7,339.7,266.76,72.94,290.5
2023-04-12,9,2023-04-12T08:00,mcn,McNary,166.4,51.8,109.8,339.68,266.68,73.0,288.5
2023-04-12,10,2023-04-12T09:00,mcn,McNary,165.1,50.5,109.9,339.63,266.72,72.91,280.9
2023-04-12,11,2023-04-12T10:00,mcn,McNary,165.0,50.4,109.9,339.6,266.75,72.85,280.1
2023-04-12,12,2023-04-12T11:00,mcn,McNary,164.7,50.1,109.9,339.57,266.84,72.73,278.0
2023-04-12,13,2023-04-12T12:00,mcn,McNary,165.6,50.8,110.1,339.57,266.77,72.8,282.2
2023-04-12,14,2023-04-12T13:00,mcn,McNary,164.4,49.8,109.9,339.54,266.64,72.9,277.0
2023-04-12,15,2023-04-12T14:00,mcn,McNary,164.8,50.2,110.0,339.52,266.66,72.86,279.1
2023-04-12,16,2023-04-12T15:00,mcn,McNary,164.9,50.2,109.9,339.52,266.79,72.73,278.6
2023-04-12,17,2023-04-12T16:00,mcn,McNary,164.6,49.9,110.0,339.53,266.77,72.76,277.0
2023-04-12,18,2023-04-12T17:00,mcn,McNary,165.2,50.6,109.9,339.52,266.71,72.81,281.1
2023-04-12,19,2023-04-12T18:00,mcn,McNary,165.1,50.6,109.8,339.48,266.8,72.68,280.6
2023-04-12,20,2023-04-12T19:00,mcn,McNary,165.0,50.1,110.2,339.48,266.61,72.87,278.6
2023-04-12,21,2023-04-12T20:00,mcn,McNary,164.8,50.3,109.8,339.41,266.67,72.74,279.2
2023-04-12,22,2023-04-12T21:00,mcn,McNary,165.2,50.8,109.7,339.37,266.76,72.61,281.4
2023-04-12,23,2023-04-12T22:00,mcn,McNary,154.9,50.2,100.0,339.48,266.48,73.0,279.6
2023-04-12,24,2023-04-12T23:00,mcn,McNary,155.0,50.2,100.1,339.46,266.53,72.93,279.3
2023-04-13,1,2023-04-13T00:00,mcn,McNary,155.0,50.4,100.0,339.45,266.53,72.92,280.4
2023-04-13,2,2023-04-13T01:00,mcn,McNary,154.7,50.3,99.7,339.43,266.58,72.85,279.6
2023-04-13,3,2023-04-13T02:00,mcn,McNary,155.0,50.5,99.8,339.38,266.61,72.77,280.4
2023-04-13,4,2023-04-13T03:00,mcn,McNary,155.0,50.2,100.0,339.43,266.58,72.85,279.0
2023-04-13,5,2023-04-13T04:00,mcn,McNary,155.0,50.5,99.8,339.4,266.51,72.89,280.9
2023-04-13,6,2023-04-13T05:00,mcn,McNary,154.7,50.7,99.2,339.34,266.53,72.81,281.7
2023-04-13,7,2023-04-13T06:00,mcn,McNary,150.4,50.7,95.0,339.3,266.38,72.92,282.1
2023-04-13,8,2023-04-13T07:00,mcn,McNary,149.4,49.9,94.8,339.24,266.6,72.64,276.6
2023-04-13,9,2023-04-13T08:00,mcn,McNary,149.6,49.8,95.2,339.24,266.58,72.66,276.1
2023-04-13,10,2023-04-13T09:00,mcn,McNary,150.0,49.9,95.4,339.22,266.62,72.6,276.4
2023-04-13,11,2023-04-13T10:00,mcn,McNary,150.1,50.5,94.8,339.2,266.59,72.61,279.8
2023-04-13,12,2023-04-13T11:00,mcn,McNary,150.9,50.9,95.2,339.19,266.59,72.6,282.0
2023-04-13,13,2023-04-13T12:00,mcn,McNary,150.6,50.7,95.2,339.18,266.44,72.74,281.4
2023-04-13,14,2023-04-13T13:00,mcn,McNary,149.6,50.5,94.4,339.16,266.37,72.79,280.5
2023-04-13,15,2023-04-13T14:00,mcn,McNary,150.5,50.7,95.1,339.14,266.39,72.75,281.4
2023-04-13,16,2023-04-13T15:00,mcn,McNary,150.3,50.6,95.0,339.14,266.34,72.8,281.1
2023-04-13,17,2023-04-13T16:00,mcn,McNary,150.7,50.9,95.1,339.11,266.33,72.78,282.7
2023-04-13,18,2023-04-13T17:00,mcn,McNary,150.5,50.8,95.0,339.03,266.34,72.69,281.7
2023-04-13,19,2023-04-13T18:00,mcn,McNary,151.2,51.4,95.0,339.08,266.36,72.72,285.2
2023-04-13,20,2023-04-13T19:00,mcn,McNary,150.7,50.9,95.1,339.08,266.34,72.74,282.5
2023-04-13,21,2023-04-13T20:00,mcn,McNary,151.1,51.3,95.0,339.05,266.33,72.72,284.6
2023-04-13,22,2023-04-13T21:00,mcn,McNary,150.7,51.0,95.0,339.06,266.41,72.65,282.7
2023-04-13,23,2023-04-13T22:00,mcn,McNary,150.5,50.8,95.0,339.03,266.34,72.69,281.7
2023-04-13,24,2023-04-13T23:00,mcn,McNary,150.3,50.6,95.0,339.05,266.37,72.68,280.6
2023-04-14,1,2023-04-14T00:00,mcn,McNary,150.9,51.0,95.2,339.08,266.36,72.72,283.0
2023-04-14,2,2023-04-14T01:00,mcn,McNary,146.7,50.5,91.5,339.11,266.29,72.82,280.6
2023-04-14,3,2023-04-14T02:00,mcn,McNary,140.7,50.6,85.4,339.14,266.22,72.92,281.5
2023-04-14,4,2023-04-14T03:00,mcn,McNary,140.0,51.1,84.3,339.17,266.25,72.92,284.3
2023-04-14,5,2023-04-14T04:00,mcn,McNary,140.5,51.4,84.3,339.16,266.31,72.85,285.7
2023-04-14,6,2023-04-14T05:00,mcn,McNary,140.6,51.5,84.4,339.13,266.3,72.83,286.2
2023-04-14,7,2023-04-14T06:00,mcn,McNary,141.1,51.8,84.6,339.26,266.3,72.96,288.4
2023-04-14,8,2023-04-14T07:00,mcn,McNary,140.3,50.7,84.8,339.23,266.23,73.0,282.4
2023-04-14,9,2023-04-14T08:00,mcn,McNary,140.6,51.0,84.8,339.29,266.25,73.04,284.2
2023-04-14,10,2023-04-14T09:00,mcn,McNary,140.9,51.4,84.8,339.23,266.3,72.93,286.0
2023-04-14,11,2023-04-14T10:00,mcn,McNary,140.9,51.3,84.9,339.3,266.26,73.04,285.9
2023-04-14,12,2023-04-14T11:00,mcn,McNary,140.9,51.3,84.9,339.25,266.24,73.01,285.8
2023-04-14,13,2023-04-14T12:00,mcn,McNary,141.0,51.5,84.8,339.26,266.17,73.09,287.2
2023-04-14,14,2023-04-14T13:00,mcn,McNary,140.8,51.1,85.0,339.28,266.12,73.16,285.2
2023-04-14,15,2023-04-14T14:00,mcn,McNary,140.5,51.0,84.8,339.24,266.14,73.1,284.5
2023-04-14,16,2023-04-14T15:00,mcn,McNary,140.7,51.2,84.7,339.25,266.2,73.05,285.4
2023-04-14,17,2023-04-14T16:00,mcn,McNary,140.9,51.3,84.8,339.3,266.09,73.21,286.6
2023-04-14,18,2023-04-14T17:00,mcn,McNary,140.7,51.2,84.8,339.26,266.1,73.16,285.8
2023-04-14,19,2023-04-14T18:00,mcn,McNary,140.7,51.2,84.7,339.25,266.06,73.19,285.9
2023-04-14,20,2023-04-14T19:00,mcn,McNary,139.3,49.9,84.8,339.25,266.05,73.2,278.7
2023-04-14,21,2023-04-14T20:00,mcn,McNary,139.9,50.4,84.8,339.22,266.12,73.1,281.1
2023-04-14,22,2023-04-14T21:00,mcn,McNary,140.4,50.9,84.8,339.25,266.1,73.15,284.1
2023-04-14,23,2023-04-14T22:00,mcn,McNary,140.4,51.1,84.7,339.26,266.09,73.17,285.3
2023-04-14,24,2023-04-14T23:00,mcn,McNary,136.7,51.2,80.9,339.28,266.08,73.2,286.0
2023-04-15,1,2023-04-15T00:00,mcn,McNary,134.7,50.8,79.1,339.3,266.1,73.2,283.7
2023-04-15,2,2023-04-15T01:00,mcn,McNary,136.8,51.2,80.8,339.28,266.13,73.15,285.8
2023-04-15,3,2023-04-15T02:00,mcn,McNary,134.8,51.0,79.1,339.27,266.14,73.13,284.6
2023-04-15,4,2023-04-15T03:00,mcn,McNary,136.9,51.3,80.9,339.3,266.21,73.09,286.1
2023-04-15,5,2023-04-15T04:00,mcn,McNary,134.8,50.9,79.1,339.27,266.19,73.08,283.8
2023-04-15,6,2023-04-15T05:00,mcn,McNary,135.4,51.5,79.2,339.27,266.18,73.09,287.2
2023-04-15,7,2023-04-15T06:00,mcn,McNary,134.8,50.9,79.1,339.28,266.18,73.1,283.9
2023-04-15,8,2023-04-15T07:00,mcn,McNary,134.1,50.3,79.1,339.29,266.18,73.11,280.6
2023-04-15,9,2023-04-15T08:00,mcn,McNary,136.8,51.0,81.1,339.3,266.24,73.06,284.3
2023-04-15,10,2023-04-15T09:00,mcn,McNary,137.2,51.3,81.3,339.3,266.23,73.07,286.0
2023-04-15,11,2023-04-15T10:00,mcn,McNary,136.9,51.1,81.1,339.25,266.17,73.08,284.9
2023-04-15,12,2023-04-15T11:00,mcn,McNary,136.9,51.2,81.0,339.28,266.13,73.15,285.8
2023-04-15,13,2023-04-15T12:00,mcn,McNary,135.3,51.6,79.1,339.27,266.1,73.17,288.1
2023-04-15,14,2023-04-15T13:00,mcn,McNary,137.0,51.4,80.8,339.25,266.08,73.17,287.0
2023-04-15,15,2023-04-15T14:00,mcn,McNary,134.9,51.4,78.8,339.21,266.04,73.17,287.0
2023-04-15,16,2023-04-15T15:00,mcn,McNary,134.7,51.2,78.7,339.22,266.06,73.16,285.8
2023-04-15,17,2023-04-15T16:00,mcn,McNary,136.7,51.3,80.6,339.15,266.03,73.12,286.2
2023-04-15,18,2023-04-15T17:00,mcn,McNary,136.6,51.4,80.5,339.19,266.03,73.16,286.9
2023-04-15,19,2023-04-15T18:00,mcn,McNary,136.7,51.6,80.4,339.1,266.13,72.97,287.3
2023-04-15,20,2023-04-15T19:00,mcn,McNary,136.1,51.1,80.3,339.13,266.03,73.1,285.0
2023-04-15,21,2023-04-15T20:00,mcn,McNary,136.2,51.1,80.4,339.16,266.08,73.08,284.9
2023-04-15,22,2023-04-15T21:00,mcn,McNary,136.4,51.4,80.3,339.11,266.03,73.08,286.6
2023-04-15,23,2023-04-15T22:00,mcn,McNary,136.0,51.0,80.3,339.13,266.01,73.12,284.5
2023-04-15,24,2023-04-15T23:00,mcn,McNary,136.1,51.1,80.2,339.11,266.02,73.09,285.0
2023-04-16,1,2023-04-16T00:00,mcn,McNary,136.0,51.2,80.2,339.11,266.04,73.07,285.5
2023-04-16,2,2023-04-16T01:00,mcn,McNary,135.3,51.0,79.6,339.09,266.03,73.06,284.3
2023-04-16,3,2023-04-16T02:00,mcn,McNary,132.4,51.5,76.2,339.1,265.97,73.13,287.4
2023-04-16,4,2023-04-16T03:00,mcn,McNary,132.0,51.0,76.2,339.03,266.06,72.97,283.9
2023-04-16,5,2023-04-16T04:00,mcn,McNary,131.9,51.0,76.2,339.07,266.05,73.02,284.1
2023-04-16,6,2023-04-16T05:00,mcn,McNary,132.1,51.2,76.2,339.06,266.08,72.98,285.1
2023-04-16,7,2023-04-16T06:00,mcn,McNary,131.6,50.8,76.1,339.05,266.05,73.0,283.0
2023-04-16,8,2023-04-16T07:00,mcn,McNary,131.4,50.7,76.1,339.01,266.0,73.01,282.4
2023-04-16,9,2023-04-16T08:00,mcn,McNary,131.6,50.9,76.0,339.02,266.01,73.01,283.5
2023-04-16,10,2023-04-16T09:00,mcn,McNary,131.7,51.0,76.0,339.03,266.01,73.02,284.1
2023-04-16,11,2023-04-16T10:00,mcn,McNary,131.7,51.0,76.0,339.0,266.08,72.92,283.8
2023-04-16,12,2023-04-16T11:00,mcn,McNary,131.2,50.6,75.9,338.97,266.1,72.87,281.3
2023-04-16,13,2023-04-16T12:00,mcn,McNary,131.4,50.8,75.9,338.91,266.06,72.85,282.4
2023-04-16,14,2023-04-16T13:00,mcn,McNary,131.4,50.8,75.9,338.93,266.21,72.72,281.9
2023-04-16,15,2023-04-16T14:00,mcn,McNary,131.1,50.7,75.7,338.84,266.14,72.7,281.2
2023-04-16,16,2023-04-16T15:00,mcn,McNary,131.6,51.2,75.7,338.89,266.1,72.79,284.4
2023-04-16,17,2023-04-16T16:00,mcn,McNary,131.8,51.3,75.8,338.95,266.24,72.71,284.6
2023-04-16,18,2023-04-16T17:00,mcn,McNary,132.1,51.7,75.7,338.77,266.23,72.54,286.1
2023-04-16,19,2023-04-16T18:00,mcn,McNary,130.3,50.0,75.6,338.84,266.16,72.68,277.3
2023-04-16,20,2023-04-16T19:00,mcn,McNary,130.8,50.4,75.6,338.83,266.19,72.64,279.3
2023-04-16,21,2023-04-16T20:00,mcn,McNary,130.9,50.6,75.5,338.83,266.2,72.63,280.4
2023-04-16,22,2023-04-16T21:00,mcn,McNary,131.0,50.8,75.5,338.8,266.2,72.6,281.4
2023-04-16,23,2023-04-16T22:00,mcn,McNary,122.2,50.8,66.7,338.83,266.08,72.75,282.0
2023-04-16,24,2023-04-16T23:00,mcn,McNary,121.6,51.0,65.9,338.82,266.08,72.74,283.1
2023-04-17,1,2023-04-17T00:00,mcn,McNary,121.7,51.1,65.9,338.83,265.99,72.84,284.0
2023-04-17,2,2023-04-17T01:00,mcn,McNary,121.7,51.1,65.9,338.83,266.02,72.81,283.9
2023-04-17,3,2023-04-17T02:00,mcn,McNary,121.4,50.8,65.9,338.86,266.03,72.83,282.3
2023-04-17,4,2023-04-17T03:00,mcn,McNary,121.8,51.1,66.0,338.89,266.05,72.84,284.0
2023-04-17,5,2023-04-17T04:00,mcn,McNary,121.8,50.9,66.2,338.93,266.17,72.76,282.6
2023-04-17,6,2023-04-17T05:00,mcn,McNary,122.0,51.1,66.2,338.96,266.09,72.87,284.1
2023-04-17,7,2023-04-17T06:00,mcn,McNary,134.7,50.8,79.2,338.94,266.17,72.77,282.1
2023-04-17,8,2023-04-17T07:00,mcn,McNary,135.1,50.6,79.8,338.97,266.14,72.83,281.2
2023-04-17,9,2023-04-17T08:00,mcn,McNary,135.1,50.6,79.8,338.9,266.15,72.75,280.9
2023-04-17,10,2023-04-17T09:00,mcn,McNary,134.5,50.1,79.7,338.92,266.11,72.81,278.3
2023-04-17,11,2023-04-17T10:00,mcn,McNary,134.7,50.3,79.7,338.92,266.1,72.82,279.5
2023-04-17,12,2023-04-17T11:00,mcn,McNary,134.6,50.2,79.7,338.86,266.04,72.82,278.9
2023-04-17,13,2023-04-17T12:00,mcn,McNary,135.0,50.5,79.7,338.86,266.08,72.78,280.4
2023-04-17,14,2023-04-17T13:00,mcn,McNary,140.5,50.9,85.0,338.85,266.14,72.71,282.4
2023-04-17,15,2023-04-17T14:00,mcn,McNary,140.4,50.7,85.0,338.81,266.01,72.8,281.6
2023-04-17,16,2023-04-17T15:00,mcn,McNary,140.0,50.5,84.8,338.81,266.12,72.69,280.1
2023-04-17,17,2023-04-17T16:00,mcn,McNary,140.5,51.0,84.8,338.71,266.18,72.53,282.2
2023-04-17,18,2023-04-17T17:00,mcn,McNary,140.3,50.9,84.8,338.7,266.09,72.61,282.0
2023-04-17,19,2023-04-17T18:00,mcn,McNary,140.9,51.1,85.1,338.76,266.07,72.69,283.4
2023-04-17,20,2023-04-17T19:00,mcn,McNary,140.3,50.7,84.9,338.69,266.16,72.53,280.6
2023-04-17,21,2023-04-17T20:00,mcn,McNary,140.1,50.4,85.0,338.66,266.2,72.46,278.6
2023-04-17,22,2023-04-17T21:00,mcn,McNary,140.5,50.9,84.9,338.57,266.17,72.4,281.2
2023-04-17,23,2023-04-17T22:00,mcn,McNary,140.3,50.5,85.1,338.67,266.21,72.46,279.2
2023-04-17,24,2023-04-17T23:00,mcn,McNary,140.1,50.4,85.0,338.65,266.31,72.34,278.2
2023-04-18,1,2023-04-18T00:00,mcn,McNary,140.6,51.1,84.9,338.63,266.29,72.34,282.0
2023-04-18,2,2023-04-18T01:00,mcn,McNary,140.6,51.0,84.9,338.6,266.3,72.3,281.3
2023-04-18,3,2023-04-18T02:00,mcn,McNary,141.0,51.3,85.0,338.62,266.19,72.43,283.5
2023-04-18,4,2023-04-18T03:00,mcn,McNary,140.7,51.1,84.9,338.65,266.18,72.47,282.6
2023-04-18,5,2023-04-18T04:00,mcn,McNary,140.8,51.2,84.9,338.63,266.25,72.38,282.8
2023-04-18,6,2023-04-18T05:00,mcn,McNary,140.9,51.3,84.9,338.61,266.25,72.36,283.2
2023-04-18,7,2023-04-18T06:00,mcn,McNary,140.7,51.3,84.7,338.53,266.35,72.18,282.5
2023-04-18,8,2023-04-18T07:00,mcn,McNary,140.3,50.9,84.7,338.63,266.24,72.39,281.1
2023-04-18,9,2023-04-18T08:00,mcn,McNary,140.3,50.6,85.0,338.56,266.28,72.28,279.1
2023-04-18,10,2023-04-18T09:00,mcn,McNary,140.0,50.7,84.6,338.44,266.38,72.06,278.8
2023-04-18,11,2023-04-18T10:00,mcn,McNary,139.0,50.5,83.7,338.46,266.35,72.11,277.9
2023-04-18,12,2023-04-18T11:00,mcn,McNary,135.2,50.7,79.8,338.5,266.35,72.15,279.1
2023-04-18,13,2023-04-18T12:00,mcn,McNary,135.3,50.9,79.7,338.57,266.39,72.18,280.3
2023-04-18,14,2023-04-18T13:00,mcn,McNary,135.3,50.8,79.8,338.56,266.17,72.39,280.6
2023-04-18,15,2023-04-18T14:00,mcn,McNary,135.4,50.9,79.8,338.49,266.13,72.36,281.0
2023-04-18,16,2023-04-18T15:00,mcn,McNary,135.5,51.1,79.7,338.51,266.08,72.43,282.4
2023-04-18,17,2023-04-18T16:00,mcn,McNary,135.6,51.1,79.8,338.51,265.96,72.55,282.9
2023-04-18,18,2023-04-18T17:00,mcn,McNary,135.3,50.8,79.8,338.55,265.95,72.6,281.4
2023-04-18,19,2023-04-18T18:00,mcn,McNary,135.3,50.8,79.8,338.55,266.01,72.54,281.2
2023-04-18,20,2023-04-18T19:00,mcn,McNary,135.2,50.7,79.8,338.53,265.9,72.63,281.0
2023-04-18,21,2023-04-18T20:00,mcn,McNary,135.1,50.6,79.8,338.59,266.06,72.53,280.0
2023-04-18,22,2023-04-18T21:00,mcn,McNary,135.2,50.7,79.8,338.54,266.07,72.47,280.3
2023-04-18,23,2023-04-18T22:00,mcn,McNary,131.0,50.7,75.6,338.59,265.89,72.7,281.2
2023-04-18,24,2023-04-18T23:00,mcn,McNary,129.8,50.6,74.5,338.54,265.85,72.69,280.6
2023-04-19,1,2023-04-19T00:00,mcn,McNary,130.3,50.7,74.9,338.55,265.9,72.65,281.0
2023-04-19,2,2023-04-19T01:00,mcn,McNary,130.3,50.6,75.0,338.63,265.99,72.64,280.4
2023-04-19,3,2023-04-19T02:00,mcn,McNary,130.6,50.8,75.0,338.62,266.04,72.58,281.3
2023-04-19,4,2023-04-19T03:00,mcn,McNary,130.6,50.8,75.1,338.71,266.02,72.69,281.7
2023-04-19,5,2023-04-19T04:00,mcn,McNary,131.0,51.1,75.2,338.63,265.9,72.73,283.6
2023-04-19,6,2023-04-19T05:00,mcn,McNary,130.8,51.0,75.2,338.66,265.97,72.69,282.9
2023-04-19,7,2023-04-19T06:00,mcn,McNary,130.5,50.6,75.2,338.72,266.0,72.72,280.8
2023-04-19,8,2023-04-19T07:00,mcn,McNary,130.1,50.1,75.4,338.75,266.03,72.72,278.0
2023-04-19,9,2023-04-19T08:00,mcn,McNary,130.6,50.5,75.4,338.76,266.04,72.72,280.2
2023-04-19,10,2023-04-19T09:00,mcn,McNary,131.0,50.9,75.5,338.79,265.98,72.81,282.8
2023-04-19,11,2023-04-19T10:00,mcn,McNary,131.1,51.3,75.5,338.76,265.94,72.82,285.0
2023-04-19,12,2023-04-19T11:00,mcn,McNary,131.3,51.2,75.4,338.75,265.99,72.76,284.2
2023-04-19,13,2023-04-19T12:00,mcn,McNary,131.4,51.3,75.4,338.82,266.03,72.79,284.9
2023-04-19,14,2023-04-19T13:00,mcn,McNary,130.7,50.6,75.4,338.8,265.95,72.85,281.3
2023-04-19,15,2023-04-19T14:00,mcn,McNary,131.0,50.8,75.4,338.8,265.81,72.99,282.9
2023-04-19,16,2023-04-19T15:00,mcn,McNary,130.3,50.8,74.8,338.75,265.81,72.94,282.7
2023-04-19,17,2023-04-19T16:00,mcn,McNary,130.6,51.3,74.6,338.81,266.04,72.77,284.8
2023-04-19,18,2023-04-19T17:00,mcn,McNary,130.4,50.9,74.8,338.79,266.13,72.66,282.2
2023-04-19,19,2023-04-19T18:00,mcn,McNary,130.7,51.1,74.9,338.81,266.12,72.69,283.4
2023-04-19,20,2023-04-19T19:00,mcn,McNary,130.7,51.0,75.0,338.77,265.96,72.81,283.3
2023-04-19,21,2023-04-19T20:00,mcn,McNary,130.6,50.8,75.0,338.84,266.09,72.75,282.0
2023-04-19,22,2023-04-19T21:00,mcn,McNary,130.8,51.1,75.0,338.79,266.05,72.74,283.6
2023-04-19,23,2023-04-19T22:00,mcn,McNary,130.6,50.8,75.0,338.82,266.06,72.76,282.0
2023-04-19,24,2023-04-19T23:00,mcn,McNary,130.8,50.9,75.2,338.87,266.05,72.82,282.8
2023-04-20,1,2023-04-20T00:00,mcn,McNary,130.8,50.8,75.3,338.93,266.04,72.89,282.5
2023-04-20,2,2023-04-20T01:00,mcn,McNary,131.0,51.0,75.3,338.97,265.93,73.04,284.2
2023-04-20,3,2023-04-20T02:00,mcn,McNary,131.0,51.0,75.3,339.01,266.01,73.0,284.1
2023-04-20,4,2023-04-20T03:00,mcn,McNary,131.5,51.5,75.3,338.96,266.03,72.93,286.6
2023-04-20,5,2023-04-20T04:00,mcn,McNary,131.2,51.1,75.4,339.05,265.91,73.14,285.2
2023-04-20,6,2023-04-20T05:00,mcn,McNary,132.7,51.5,76.5,339.01,265.95,73.06,287.1
2023-04-20,7,2023-04-20T06:00,mcn,McNary,135.6,51.0,80.0,338.97,265.96,73.01,284.1
2023-04-20,8,2023-04-20T07:00,mcn,McNary,135.4,50.8,80.0,339.0,265.95,73.05,283.1
2023-04-20,9,2023-04-20T08:00,mcn,McNary,135.5,50.8,80.0,338.99,266.07,72.92,282.6
2023-04-20,10,2023-04-20T09:00,mcn,McNary,135.7,50.9,80.0,339.03,266.08,72.95,283.3
2023-04-20,11,2023-04-20T10:00,mcn,McNary,135.7,50.9,80.1,339.08,265.94,73.14,284.1
2023-04-20,12,2023-04-20T11:00,mcn,McNary,135.6,50.9,80.0,339.02,265.91,73.11,283.9
2023-04-20,13,2023-04-20T12:00,mcn,McNary,135.9,51.1,80.0,339.04,265.93,73.11,285.1
2023-04-20,14,2023-04-20T13:00,mcn,McNary,135.8,51.0,80.1,338.98,265.8,73.18,284.8
2023-04-20,15,2023-04-20T14:00,mcn,McNary,135.3,50.5,80.1,339.0,265.87,73.13,281.8
2023-04-20,16,2023-04-20T15:00,mcn,McNary,136.0,51.3,80.0,338.98,265.89,73.09,286.1
2023-04-20,17,2023-04-20T16:00,mcn,McNary,135.6,50.9,80.0,338.98,265.87,73.11,283.9
2023-04-20,18,2023-04-20T17:00,mcn,McNary,135.4,50.6,80.0,339.02,265.95,73.07,282.1
2023-04-20,19,2023-04-20T18:00,mcn,McNary,135.4,50.7,80.0,339.07,265.9,73.17,283.1
2023-04-20,20,2023-04-20T19:00,mcn,McNary,135.5,50.8,80.0,339.03,265.87,73.16,283.6
2023-04-20,21,2023-04-20T20:00,mcn,McNary,135.1,50.4,80.0,338.99,265.96,73.03,280.8
2023-04-20,22,2023-04-20T21:00,mcn,McNary,134.8,50.0,80.1,339.03,265.89,73.14,279.0
2023-04-20,23,2023-04-20T22:00,mcn,McNary,135.3,50.4,80.2,339.06,265.93,73.13,281.2
2023-04-20,24,2023-04-20T23:00,mcn,McNary,135.4,50.5,80.2,339.09,265.98,73.11,281.7
2023-04-21,1,2023-04-21T00:00,mcn,McNary,135.1,50.2,80.3,339.09,266.0,73.09,280.0
2023-04-21,2,2023-04-21T01:00,mcn,McNary,135.8,50.9,80.2,339.06,266.01,73.05,283.7
2023-04-21,3,2023-04-21T02:00,mcn,McNary,135.4,50.5,80.3,339.1,266.04,73.06,281.5
2023-04-21,4,2023-04-21T03:00,mcn,McNary,135.7,50.7,80.3,339.13,266.09,73.04,282.5
2023-04-21,5,2023-04-21T04:00,mcn,McNary,135.8,50.7,80.4,339.19,266.16,73.03,282.5
2023-04-21,6,2023-04-21T05:00,mcn,McNary,136.3,50.6,81.0,339.25,266.1,73.15,282.4
2023-04-21,7,2023-04-21T06:00,mcn,McNary,136.5,50.5,81.3,339.32,266.15,73.17,281.9
2023-04-21,8,2023-04-21T07:00,mcn,McNary,136.1,50.1,81.3,339.33,266.06,73.27,280.1
2023-04-21,9,2023-04-21T08:00,mcn,McNary,135.8,49.8,81.3,339.32,266.05,73.27,278.4
2023-04-21,10,2023-04-21T09:00,mcn,McNary,136.5,50.3,81.5,339.34,266.09,73.25,281.1
2023-04-21,11,2023-04-21T10:00,mcn,McNary,136.6,50.5,81.4,339.28,266.04,73.24,282.2
2023-04-21,12,2023-04-21T11:00,mcn,McNary,136.7,50.6,81.4,339.33,266.1,73.23,282.7
2023-04-21,13,2023-04-21T12:00,mcn,McNary,136.4,50.2,81.6,339.31,266.05,73.26,280.6
2023-04-21,14,2023-04-21T13:00,mcn,McNary,136.5,50.2,81.6,339.34,266.0,73.34,280.9
2023-04-21,15,2023-04-21T14:00,mcn,McNary,137.1,50.6,81.8,339.41,265.94,73.47,283.7
2023-04-21,16,2023-04-21T15:00,mcn,McNary,137.1,50.4,82.0,339.43,265.97,73.46,282.5
2023-04-21,17,2023-04-21T16:00,mcn,McNary,137.1,50.6,81.9,339.42,265.9,73.52,283.8
2023-04-21,18,2023-04-21T17:00,mcn,McNary,136.5,50.5,81.3,339.42,265.92,73.5,283.2
2023-04-21,19,2023-04-21T18:00,mcn,McNary,136.6,50.9,81.1,339.45,265.89,73.56,285.7
2023-04-21,20,2023-04-21T19:00,mcn,McNary,136.4,50.6,81.1,339.43,266.0,73.43,283.5
2023-04-21,21,2023-04-21T20:00,mcn,McNary,136.1,50.3,81.1,339.39,266.0,73.39,281.7
2023-04-21,22,2023-04-21T21:00,mcn,McNary,136.2,50.5,81.1,339.44,266.0,73.44,283.0
2023-04-21,23,2023-04-21T22:00,mcn,McNary,136.2,50.4,81.1,339.47,266.02,73.45,282.5
2023-04-21,24,2023-04-21T23:00,mcn,McNary,135.8,50.0,81.1,339.47,265.97,73.5,280.4
2023-04-22,1,2023-04-22T00:00,mcn,McNary,136.2,50.5,81.1,339.41,265.91,73.5,283.2
2023-04-22,2,2023-04-22T01:00,mcn,McNary,136.5,50.8,81.0,339.38,265.99,73.39,284.5
2023-04-22,3,2023-04-22T02:00,mcn,McNary,136.5,50.7,81.1,339.45,265.98,73.47,284.2
2023-04-22,4,2023-04-22T03:00,mcn,McNary,136.4,50.6,81.1,339.41,265.97,73.44,283.5
2023-04-22,5,2023-04-22T04:00,mcn,McNary,136.5,50.7,81.0,339.42,265.97,73.45,284.1
2023-04-22,6,2023-04-22T05:00,mcn,McNary,136.7,51.0,81.1,339.4,265.97,73.43,285.7
2023-04-22,7,2023-04-22T06:00,mcn,McNary,136.5,50.7,81.1,339.43,265.99,73.44,284.1
2023-04-22,8,2023-04-22T07:00,mcn,McNary,136.3,50.6,81.1,339.44,266.01,73.43,283.5
2023-04-22,9,2023-04-22T08:00,mcn,McNary,136.4,50.7,81.0,339.39,266.01,73.38,283.9
2023-04-22,10,2023-04-22T09:00,mcn,McNary,136.2,50.4,81.1,339.41,266.02,73.39,282.2
2023-04-22,11,2023-04-22T10:00,mcn,McNary,136.2,50.4,81.1,339.45,265.98,73.47,282.5
2023-04-22,12,2023-04-22T11:00,mcn,McNary,136.4,50.6,81.1,339.42,265.93,73.49,283.7
2023-04-22,13,2023-04-22T12:00,mcn,McNary,136.3,50.6,81.0,339.45,265.87,73.58,284.1
2023-04-22,14,2023-04-22T13:00,mcn,McNary,136.2,50.5,81.0,339.4,265.79,73.61,283.6
2023-04-22,15,2023-04-22T14:00,mcn,McNary,136.4,50.7,81.1,339.43,265.83,73.6,284.7
2023-04-22,16,2023-04-22T15:00,mcn,McNary,136.5,50.9,80.9,339.35,265.75,73.6,285.8
2023-04-22,17,2023-04-22T16:00,mcn,McNary,136.5,51.0,80.8,339.34,265.78,73.56,286.2
2023-04-22,18,2023-04-22T17:00,mcn,McNary,136.2,50.8,80.7,339.36,265.72,73.64,285.4
2023-04-22,19,2023-04-22T18:00,mcn,McNary,136.1,50.9,80.5,339.3,265.74,73.56,285.7
2023-04-22,20,2023-04-22T19:00,mcn,McNary,135.3,50.3,80.3,339.32,265.77,73.55,282.3
2023-04-22,21,2023-04-22T20:00,mcn,McNary,135.4,50.5,80.2,339.3,265.72,73.58,283.5
2023-04-22,22,2023-04-22T21:00,mcn,McNary,135.3,50.5,80.2,339.24,265.83,73.41,282.9
2023-04-22,23,2023-04-22T22:00,mcn,McNary,135.3,50.5,80.1,339.26,265.84,73.42,282.9
2023-04-22,24,2023-04-22T23:00,mcn,McNary,135.1,50.4,80.0,339.27,265.91,73.36,282.1
2023-04-23,1,2023-04-23T00:00,mcn,McNary,135.4,50.6,80.1,339.29,265.8,73.49,283.7
2023-04-23,2,2023-04-23T01:00,mcn,McNary,135.4,50.6,80.1,339.29,265.79,73.5,283.8
2023-04-23,3,2023-04-23T02:00,mcn,McNary,134.8,50.0,80.1,339.22,265.9,73.32,279.7
2023-04-23,4,2023-04-23T03:00,mcn,McNary,134.9,50.4,79.8,339.23,265.83,73.4,282.3
2023-04-23,5,2023-04-23T04:00,mcn,McNary,135.1,50.6,79.8,339.19,265.86,73.33,283.1
2023-04-23,6,2023-04-23T05:00,mcn,McNary,134.7,50.4,79.6,339.13,265.93,73.2,281.5
2023-04-23,7,2023-04-23T06:00,mcn,McNary,134.4,50.1,79.5,339.16,265.79,73.37,280.5
2023-04-23,8,2023-04-23T07:00,mcn,McNary,134.5,50.0,79.8,339.22,265.9,73.32,279.7
2023-04-23,9,2023-04-23T08:00,mcn,McNary,130.0,50.2,75.0,339.15,265.89,73.26,280.6
2023-04-23,10,2023-04-23T09:00,mcn,McNary,129.7,50.3,74.7,339.19,265.82,73.37,281.6
2023-04-23,11,2023-04-23T10:00,mcn,McNary,129.6,50.2,74.7,339.21,265.85,73.36,281.0
2023-04-23,12,2023-04-23T11:00,mcn,McNary,129.6,50.3,74.6,339.14,265.86,73.28,281.2
2023-04-23,13,2023-04-23T12:00,mcn,McNary,129.4,50.2,74.5,339.14,265.84,73.3,280.8
2023-04-23,14,2023-04-23T13:00,mcn,McNary,129.5,50.2,74.6,339.12,265.96,73.16,280.2
2023-04-23,15,2023-04-23T14:00,mcn,McNary,129.6,50.3,74.6,339.13,265.96,73.17,280.8
2023-04-23,16,2023-04-23T15:00,mcn,McNary,129.5,50.3,74.5,339.07,265.93,73.14,280.7
2023-04-23,17,2023-04-23T16:00,mcn,McNary,129.3,50.3,74.3,339.03,265.88,73.15,280.7
2023-04-23,18,2023-04-23T17:00,mcn,McNary,129.4,50.4,74.2,339.05,265.92,73.13,281.2
2023-04-23,19,2023-04-23T18:00,mcn,McNary,129.3,50.3,74.3,339.03,266.01,73.02,280.2
2023-04-23,20,2023-04-23T19:00,mcn,McNary,128.5,49.6,74.3,339.01,266.11,72.9,275.9
2023-04-23,21,2023-04-23T20:00,mcn,McNary,128.6,49.8,74.1,338.96,266.08,72.88,276.9
2023-04-23,22,2023-04-23T21:00,mcn,McNary,128.8,50.0,74.1,338.98,266.01,72.97,278.4
2023-04-23,23,2023-04-23T22:00,mcn,McNary,129.0,50.0,74.2,339.07,266.0,73.07,278.8
2023-04-23,24,2023-04-23T23:00,mcn,McNary,128.9,49.9,74.3,339.0,266.02,72.98,277.9
2023-04-24,1,2023-04-24T00:00,mcn,McNary,129.1,50.2,74.2,339.04,266.07,72.97,279.5
2023-04-24,2,2023-04-24T01:00,mcn,McNary,129.2,50.3,74.2,339.06,265.99,73.07,280.4
2023-04-24,3,2023-04-24T02:00,mcn,McNary,131.0,50.1,76.3,339.07,265.99,73.08,279.4
2023-04-24,4,2023-04-24T03:00,mcn,McNary,130.7,49.9,76.2,339.06,265.9,73.16,278.5
2023-04-24,5,2023-04-24T04:00,mcn,McNary,131.2,50.4,76.1,339.0,265.9,73.1,281.1
2023-04-24,6,2023-04-24T05:00,mcn,McNary,134.2,50.4,79.1,339.08,266.11,72.97,280.6
2023-04-24,7,2023-04-24T06:00,mcn,McNary,135.4,50.3,80.4,338.99,266.07,72.92,279.9
2023-04-24,8,2023-04-24T07:00,mcn,McNary,134.6,49.8,80.1,339.03,266.11,72.92,277.1
2023-04-24,9,2023-04-24T08:00,mcn,McNary,134.8,50.0,80.1,339.02,266.19,72.83,277.8
2023-04-24,10,2023-04-24T09:00,mcn,McNary,134.6,49.8,80.1,338.97,266.24,72.73,276.4
2023-04-24,11,2023-04-24T10:00,mcn,McNary,134.8,50.1,80.0,338.99,266.15,72.84,278.4
2023-04-24,12,2023-04-24T11:00,mcn,McNary,135.3,50.6,80.1,339.03,266.07,72.96,281.7
2023-04-24,13,2023-04-24T12:00,mcn,McNary,135.5,50.6,80.2,339.03,266.05,72.98,281.8
2023-04-24,14,2023-04-24T13:00,mcn,McNary,135.2,50.3,80.1,338.99,266.02,72.97,280.1
2023-04-24,15,2023-04-24T14:00,mcn,McNary,135.6,50.9,80.0,338.94,266.03,72.91,283.2
2023-04-24,16,2023-04-24T15:00,mcn,McNary,135.6,50.9,80.0,338.96,265.99,72.97,283.4
2023-04-24,17,2023-04-24T16:00,mcn,McNary,135.4,50.8,79.9,338.91,265.99,72.92,282.6
2023-04-24,18,2023-04-24T17:00,mcn,McNary,135.8,51.0,80.1,338.84,265.97,72.87,283.6
2023-04-24,19,2023-04-24T18:00,mcn,McNary,135.6,50.7,80.2,338.84,266.1,72.74,281.4
2023-04-24,20,2023-04-24T19:00,mcn,McNary,135.3,50.7,79.9,338.81,266.1,72.71,281.3
2023-04-24,21,2023-04-24T20:00,mcn,McNary,135.1,50.5,80.0,338.73,266.01,72.72,280.2
2023-04-24,22,2023-04-24T21:00,mcn,McNary,135.1,50.5,79.9,338.76,266.03,72.73,280.2
2023-04-24,23,2023-04-24T22:00,mcn,McNary,135.6,50.9,80.0,338.74,265.99,72.75,282.5
2023-04-24,24,2023-04-24T23:00,mcn,McNary,135.0,50.3,79.9,338.72,266.03,72.69,279.0
2023-04-25,1,2023-04-25T00:00,mcn,McNary,135.6,51.0,79.9,338.73,266.03,72.7,282.9
2023-04-25,2,2023-04-25T01:00,mcn,McNary,135.2,50.6,79.9,338.77,266.11,72.66,280.5
2023-04-25,3,2023-04-25T02:00,mcn,McNary,135.3,50.7,80.0,338.74,266.07,72.67,281.1
2023-04-25,4,2023-04-25T03:00,mcn,McNary,135.1,50.4,80.0,338.74,266.07,72.67,279.5
2023-04-25,5,2023-04-25T04:00,mcn,McNary,135.3,50.6,80.0,338.68,266.0,72.68,280.6
2023-04-25,6,2023-04-25T05:00,mcn,McNary,135.8,51.1,80.0,338.76,266.09,72.67,283.3
2023-04-25,7,2023-04-25T06:00,mcn,McNary,135.8,51.0,80.0,338.82,266.06,72.76,283.1
2023-04-25,8,2023-04-25T07:00,mcn,McNary,135.6,50.8,80.1,338.77,266.08,72.69,281.7
2023-04-25,9,2023-04-25T08:00,mcn,McNary,135.5,50.8,80.1,338.81,266.11,72.7,281.8
2023-04-25,10,2023-04-25T09:00,mcn,McNary,135.5,50.7,80.1,338.79,266.09,72.7,281.2
2023-04-25,11,2023-04-25T10:00,mcn,McNary,135.5,50.8,80.0,338.79,266.08,72.71,281.8
2023-04-25,12,2023-04-25T11:00,mcn,McNary,135.6,50.9,80.0,338.8,266.04,72.76,282.6
2023-04-25,13,2023-04-25T12:00,mcn,McNary,135.5,50.8,80.0,338.81,266.0,72.81,282.2
2023-04-25,14,2023-04-25T13:00,mcn,McNary,135.2,50.5,80.0,338.79,265.99,72.8,280.5
2023-04-25,15,2023-04-25T14:00,mcn,McNary,135.3,50.5,80.1,338.76,265.99,72.77,280.4
2023-04-25,16,2023-04-25T15:00,mcn,McNary,135.5,50.7,80.1,338.81,265.93,72.88,281.9
2023-04-25,17,2023-04-25T16:00,mcn,McNary,135.2,50.6,79.9,338.8,265.92,72.88,281.4
2023-04-25,18,2023-04-25T17:00,mcn,McNary,135.6,50.9,80.0,338.79,265.95,72.84,282.9
2023-04-25,19,2023-04-25T18:00,mcn,McNary,134.9,50.1,80.1,338.84,265.93,72.91,278.7
2023-04-25,20,2023-04-25T19:00,mcn,McNary,135.2,50.2,80.3,338.83,265.93,72.9,279.2
2023-04-25,21,2023-04-25T20:00,mcn,McNary,134.9,50.2,80.0,338.81,265.92,72.89,279.2
2023-04-25,22,2023-04-25T21:00,mcn,McNary,134.6,50.0,79.9,338.84,265.93,72.91,278.2
2023-04-25,23,2023-04-25T22:00,mcn,McNary,134.6,49.9,80.0,338.87,265.96,72.91,277.6
2023-04-25,24,2023-04-25T23:00,mcn,McNary,134.6,49.9,80.0,338.9,266.02,72.88,277.5
2023-04-26,1,2023-04-26T00:00,mcn,McNary,140.0,50.5,84.8,338.86,266.05,72.81,280.5
2023-04-26,2,2023-04-26T01:00,mcn,McNary,140.7,51.1,84.9,338.82,266.09,72.73,283.6
2023-04-26,3,2023-04-26T02:00,mcn,McNary,141.3,51.6,84.9,338.92,266.13,72.79,286.6
2023-04-26,4,2023-04-26T03:00,mcn,McNary,141.2,51.3,85.2,338.92,266.13,72.79,284.9
2023-04-26,5,2023-04-26T04:00,mcn,McNary,141.3,51.7,85.0,338.89,266.17,72.72,286.9
2023-04-26,6,2023-04-26T05:00,mcn,McNary,141.5,51.9,84.9,338.91,266.15,72.76,288.1
2023-04-26,7,2023-04-26T06:00,mcn,McNary,141.3,51.7,84.9,338.94,266.13,72.81,287.2
2023-04-26,8,2023-04-26T07:00,mcn,McNary,140.4,50.9,84.8,338.85,266.18,72.67,282.2
2023-04-26,9,2023-04-26T08:00,mcn,McNary,140.9,51.4,84.8,338.9,266.21,72.69,285.1
2023-04-26,10,2023-04-26T09:00,mcn,McNary,140.5,50.8,84.9,338.91,266.13,72.78,282.1
2023-04-26,11,2023-04-26T10:00,mcn,McNary,140.5,50.7,85.1,338.91,266.17,72.74,281.4
2023-04-26,12,2023-04-26T11:00,mcn,McNary,140.4,50.9,84.7,338.91,266.16,72.75,282.5
2023-04-26,13,2023-04-26T12:00,mcn,McNary,140.0,50.5,84.9,338.94,266.1,72.84,280.7
2023-04-26,14,2023-04-26T13:00,mcn,McNary,140.2,50.6,84.9,338.86,266.11,72.75,280.9
2023-04-26,15,2023-04-26T14:00,mcn,McNary,140.1,50.7,84.8,338.91,266.05,72.86,281.9
2023-04-26,16,2023-04-26T15:00,mcn,McNary,140.5,50.7,85.2,338.88,266.09,72.79,281.6
2023-04-26,17,2023-04-26T16:00,mcn,McNary,139.8,50.4,84.7,338.83,266.07,72.76,279.8
2023-04-26,18,2023-04-26T17:00,mcn,McNary,140.6,51.0,84.9,338.91,266.07,72.84,283.4
2023-04-26,19,2023-04-26T18:00,mcn,McNary,140.7,51.1,84.9,338.9,266.08,72.82,283.9
2023-04-26,20,2023-04-26T19:00,mcn,McNary,140.5,50.6,85.2,338.91,266.09,72.82,281.1
2023-04-26,21,2023-04-26T20:00,mcn,McNary,139.7,50.2,84.8,338.84,266.1,72.74,278.6
2023-04-26,22,2023-04-26T21:00,mcn,McNary,140.0,50.4,84.9,338.89,266.24,72.65,279.4
2023-04-26,23,2023-04-26T22:00,mcn,McNary,134.1,50.4,79.0,338.97,266.17,72.8,280.0
2023-04-26,24,2023-04-26T23:00,mcn,McNary,130.5,51.0,74.8,338.85,266.13,72.72,283.0
2023-04-27,1,2023-04-27T00:00,mcn,McNary,130.0,50.5,74.8,338.9,266.12,72.78,280.4
2023-04-27,2,2023-04-27T01:00,mcn,McNary,129.9,50.4,74.8,338.92,266.1,72.82,280.0
2023-04-27,3,2023-04-27T02:00,mcn,McNary,130.3,50.7,74.8,338.9,266.18,72.72,281.3
2023-04-27,4,2023-04-27T03:00,mcn,McNary,130.4,50.9,74.8,338.89,266.19,72.7,282.3
2023-04-27,5,2023-04-27T04:00,mcn,McNary,130.3,50.7,74.9,339.02,266.18,72.84,281.8
2023-04-27,6,2023-04-27T05:00,mcn,McNary,130.7,51.0,75.0,339.02,266.18,72.84,283.4
2023-04-27,7,2023-04-27T06:00,mcn,McNary,147.0,50.4,91.8,338.88,266.34,72.54,279.0
2023-04-27,8,2023-04-27T07:00,mcn,McNary,150.3,50.5,95.1,339.0,266.35,72.65,279.9
2023-04-27,9,2023-04-27T08:00,mcn,McNary,150.4,50.5,95.3,338.96,266.34,72.62,279.8
2023-04-27,10,2023-04-27T09:00,mcn,McNary,150.2,50.6,94.9,338.95,266.36,72.59,280.3
2023-04-27,11,2023-04-27T10:00,mcn,McNary,150.6,50.8,95.1,338.96,266.33,72.63,281.5
2023-04-27,12,2023-04-27T11:00,mcn,McNary,150.5,50.6,95.2,338.93,266.24,72.69,280.6
2023-04-27,13,2023-04-27T12:00,mcn,McNary,151.0,51.1,95.2,338.96,266.28,72.68,283.4
2023-04-27,14,2023-04-27T13:00,mcn,McNary,150.3,50.4,95.2,338.9,266.18,72.72,279.6
2023-04-27,15,2023-04-27T14:00,mcn,McNary,150.3,50.4,95.1,338.89,266.11,72.78,279.9
2023-04-27,16,2023-04-27T15:00,mcn,McNary,150.8,51.1,95.1,338.87,266.08,72.79,283.8
2023-04-27,17,2023-04-27T16:00,mcn,McNary,150.7,51.0,95.0,338.85,266.04,72.81,283.3
2023-04-27,18,2023-04-27T17:00,mcn,McNary,151.0,51.3,95.0,338.81,266.07,72.74,284.7
2023-04-27,19,2023-04-27T18:00,mcn,McNary,150.5,50.9,94.9,338.85,266.04,72.81,282.8
2023-04-27,20,2023-04-27T19:00,mcn,McNary,150.3,50.7,94.9,338.8,266.05,72.75,281.4
2023-04-27,21,2023-04-27T20:00,mcn,McNary,150.3,50.7,94.9,338.8,266.13,72.67,281.1
2023-04-27,22,2023-04-27T21:00,mcn,McNary,150.4,50.8,94.9,338.85,266.1,72.75,282.0
2023-04-27,23,2023-04-27T22:00,mcn,McNary,149.9,50.4,94.8,338.81,266.1,72.71,279.6
2023-04-27,24,2023-04-27T23:00,mcn,McNary,149.8,50.4,94.8,338.76,266.11,72.65,279.4
2023-04-28,1,2023-04-28T00:00,mcn,McNary,149.9,50.3,95.0,338.82,266.17,72.65,278.8
2023-04-28,2,2023-04-28T01:00,mcn,McNary,149.5,49.7,95.1,338.84,266.2,72.64,275.5
2023-04-28,3,2023-04-28T02:00,mcn,McNary,149.7,49.9,95.1,338.86,266.26,72.6,276.4
2023-04-28,4,2023-04-28T03:00,mcn,McNary,149.5,49.9,94.9,338.85,266.29,72.56,276.3
2023-04-28,5,2023-04-28T04:00,mcn,McNary,149.8,50.1,95.0,338.85,266.26,72.59,277.5
2023-04-28,6,2023-04-28T05:00,mcn,McNary,149.9,50.4,94.8,338.87,266.28,72.59,279.1
2023-04-28,7,2023-04-28T06:00,mcn,McNary,149.6,49.9,94.9,338.87,266.35,72.52,276.1
2023-04-28,8,2023-04-28T07:00,mcn,McNary,150.1,50.5,94.9,338.85,266.34,72.51,279.4
2023-04-28,9,2023-04-28T08:00,mcn,McNary,150.8,51.1,95.0,338.93,266.37,72.56,282.9
2023-04-28,10,2023-04-28T09:00,mcn,McNary,150.5,50.9,94.9,338.94,266.36,72.58,281.9
2023-04-28,11,2023-04-28T10:00,mcn,McNary,150.4,50.7,95.0,338.89,266.32,72.57,280.7
2023-04-28,12,2023-04-28T11:00,mcn,McNary,150.3,50.7,95.0,338.89,266.29,72.6,280.8
2023-04-28,13,2023-04-28T12:00,mcn,McNary,150.5,50.9,94.9,338.9,266.23,72.67,282.2
2023-04-28,14,2023-04-28T13:00,mcn,McNary,150.3,50.7,94.9,338.87,266.19,72.68,281.2
2023-04-28,15,2023-04-28T14:00,mcn,McNary,150.6,51.0,94.9,338.88,266.13,72.75,283.1
2023-04-28,16,2023-04-28T15:00,mcn,McNary,150.8,51.4,94.7,338.86,266.13,72.73,285.2
2023-04-28,17,2023-04-28T16:00,mcn,McNary,150.9,51.4,94.9,338.8,266.14,72.66,285.0
2023-04-28,18,2023-04-28T17:00,mcn,McNary,150.9,51.4,94.8,338.81,266.15,72.66,285.0
2023-04-28,19,2023-04-28T18:00,mcn,McNary,151.0,51.5,94.8,338.85,266.11,72.74,285.8
2023-04-28,20,2023-04-28T19:00,mcn,McNary,150.4,50.6,95.1,338.83,266.16,72.67,280.6
2023-04-28,21,2023-04-28T20:00,mcn,McNary,150.5,50.8,95.0,338.64,266.12,72.52,281.1
2023-04-28,22,2023-04-28T21:00,mcn,McNary,149.3,50.8,93.8,338.65,266.03,72.62,281.5
2023-04-28,23,2023-04-28T22:00,mcn,McNary,140.5,50.7,85.0,338.78,266.02,72.76,281.5
2023-04-28,24,2023-04-28T23:00,mcn,McNary,140.9,50.4,85.7,338.76,266.07,72.69,279.5
2023-04-29,1,2023-04-29T00:00,mcn,McNary,140.9,51.0,85.2,338.78,266.02,72.76,283.1
2023-04-29,2,2023-04-29T01:00,mcn,McNary,140.9,51.2,85.1,338.84,266.09,72.75,284.2
2023-04-29,3,2023-04-29T02:00,mcn,McNary,140.9,50.7,85.5,338.89,266.13,72.76,281.5
2023-04-29,4,2023-04-29T03:00,mcn,McNary,140.6,50.5,85.5,338.93,266.11,72.82,280.6
2023-04-29,5,2023-04-29T04:00,mcn,McNary,138.9,50.5,83.7,338.99,266.03,72.96,281.1
2023-04-29,6,2023-04-29T05:00,mcn,McNary,138.8,50.1,84.0,339.07,266.02,73.05,279.2
2023-04-29,7,2023-04-29T06:00,mcn,McNary,141.9,50.4,86.8,339.06,266.16,72.9,280.3
2023-04-29,8,2023-04-29T07:00,mcn,McNary,149.3,49.8,94.8,339.1,266.17,72.93,277.1
2023-04-29,9,2023-04-29T08:00,mcn,McNary,150.2,50.0,95.5,339.08,266.19,72.89,278.1
2023-04-29,10,2023-04-29T09:00,mcn,McNary,159.9,50.2,105.0,339.09,266.27,72.82,278.9
2023-04-29,11,2023-04-29T10:00,mcn,McNary,160.1,50.4,105.0,339.09,266.1,72.99,280.7
2023-04-29,12,2023-04-29T11:00,mcn,McNary,164.5,50.0,109.8,339.05,266.09,72.96,278.3
2023-04-29,13,2023-04-29T12:00,mcn,McNary,164.8,50.2,109.9,339.03,266.03,73.0,279.6
2023-04-29,14,2023-04-29T13:00,mcn,McNary,165.6,50.4,110.5,339.07,266.05,73.02,280.8
2023-04-29,15,2023-04-29T14:00,mcn,McNary,165.2,50.5,110.0,339.07,266.05,73.02,281.4
2023-04-29,16,2023-04-29T15:00,mcn,McNary,165.4,50.7,110.0,339.05,266.03,73.02,282.5
2023-04-29,17,2023-04-29T16:00,mcn,McNary,165.6,51.0,109.9,339.01,266.04,72.97,283.9
2023-04-29,18,2023-04-29T17:00,mcn,McNary,165.7,51.2,109.8,339.05,266.03,73.02,285.3
2023-04-29,19,2023-04-29T18:00,mcn,McNary,164.8,50.3,109.7,339.01,265.99,73.02,280.2
2023-04-29,20,2023-04-29T19:00,mcn,McNary,164.8,50.2,109.9,339.01,266.02,72.99,279.6
2023-04-29,21,2023-04-29T20:00,mcn,McNary,165.1,50.4,110.0,339.02,266.1,72.92,280.4
2023-04-29,22,2023-04-29T21:00,mcn,McNary,165.3,50.7,109.9,339.0,266.09,72.91,282.0
2023-04-29,23,2023-04-29T22:00,mcn,McNary,165.7,50.8,110.1,338.99,266.11,72.88,282.5
2023-04-29,24,2023-04-29T23:00,mcn,McNary,165.5,50.7,110.1,338.98,266.1,72.88,281.9
2023-04-30,1,2023-04-30T00:00,mcn,McNary,165.6,50.8,110.1,338.99,266.05,72.94,282.7
2023-04-30,2,2023-04-30T01:00,mcn,McNary,165.6,50.8,110.1,339.0,266.13,72.87,282.4
2023-04-30,3,2023-04-30T02:00,mcn,McNary,165.7,50.8,110.2,339.0,266.12,72.88,282.5
2023-04-30,4,2023-04-30T03:00,mcn,McNary,165.7,50.9,110.1,339.0,266.12,72.88,283.0
2023-04-30,5,2023-04-30T04:00,mcn,McNary,165.8,51.0,110.1,339.0,266.18,72.82,283.4
2023-04-30,6,2023-04-30T05:00,mcn,McNary,165.9,51.1,110.1,339.03,266.2,72.83,284.0
2023-04-30,7,2023-04-30T06:00,mcn,McNary,165.3,50.7,109.9,339.02,266.16,72.86,281.9
2023-04-30,8,2023-04-30T07:00,mcn,McNary,165.2,50.5,110.0,339.0,266.14,72.86,280.7
2023-04-30,9,2023-04-30T08:00,mcn,McNary,165.4,50.8,109.9,339.03,266.14,72.89,282.5
2023-04-30,10,2023-04-30T09:00,mcn,McNary,165.2,50.5,109.9,339.02,266.22,72.8,280.5
2023-04-30,11,2023-04-30T10:00,mcn,McNary,165.5,50.8,110.0,339.05,266.22,72.83,282.3
2023-04-30,12,2023-04-30T11:00,mcn,McNary,165.4,50.7,110.0,339.02,266.21,72.81,281.7
2023-04-30,13,2023-04-30T12:00,mcn,McNary,165.2,50.8,109.7,339.06,266.21,72.85,282.4
2023-04-30,14,2023-04-30T13:00,mcn,McNary,165.2,50.8,109.7,338.98,266.12,72.86,282.4
2023-04-30,15,2023-04-30T14:00,mcn,McNary,165.6,50.7,110.1,339.01,266.14,72.87,281.9
2023-04-30,16,2023-04-30T15:00,mcn,McNary,165.7,50.8,110.2,339.01,266.19,72.82,282.3
2023-04-30,17,2023-04-30T16:00,mcn,McNary,165.7,50.7,110.2,339.09,266.18,72.91,282.0
2023-04-30,18,2023-04-30T17:00,mcn,McNary,165.3,50.6,110.0,339.1,266.24,72.86,281.3
2023-04-30,19,2023-04-30T18:00,mcn,McNary,165.1,50.7,109.7,339.07,266.35,72.72,281.3
2023-04-30,20,2023-04-30T19:00,mcn,McNary,164.6,49.8,110.0,339.03,266.35,72.68,276.2
2023-04-30,21,2023-04-30T20:00,mcn,McNary,165.2,50.5,110.0,339.0,266.47,72.53,279.5
2023-04-30,22,2023-04-30T21:00,mcn,McNary,164.6,50.0,109.8,339.0,266.24,72.76,277.6
2023-04-30,23,2023-04-30T22:00,mcn,McNary,164.8,50.1,110.0,339.05,266.11,72.94,278.8
2023-04-30,24,2023-04-30T23:00,mcn,McNary,165.3,50.4,110.2,339.08,266.13,72.95,280.5
2023-05-01,1,2023-05-01T00:00,mcn,McNary,164.9,50.3,110.0,339.23,266.19,73.04,280.3
2023-05-01,2,2023-05-01T01:00,mcn,McNary,165.8,50.2,110.9,339.26,266.32,72.94,279.4
2023-05-01,3,2023-05-01T02:00,mcn,McNary,184.1,49.7,129.6,339.22,266.61,72.61,275.3
2023-05-01,4,2023-05-01T03:00,mcn,McNary,185.2,50.0,130.4,339.37,266.68,72.69,277.3
2023-05-01,5,2023-05-01T04:00,mcn,McNary,185.5,50.3,130.5,339.37,266.59,72.78,279.3
2023-05-01,6,2023-05-01T05:00,mcn,McNary,185.3,50.4,130.1,339.42,266.65,72.77,279.8
2023-05-01,7,2023-05-01T06:00,mcn,McNary,211.3,50.3,156.3,339.22,267.06,72.16,276.9
2023-05-01,8,2023-05-01T07:00,mcn,McNary,217.1,51.1,161.3,339.27,267.06,72.21,281.5
2023-05-01,9,2023-05-01T08:00,mcn,McNary,216.0,50.5,160.8,339.15,267.08,72.07,277.7
2023-05-01,10,2023-05-01T09:00,mcn,McNary,215.6,50.8,160.1,339.12,266.99,72.13,279.6
2023-05-01,11,2023-05-01T10:00,mcn,McNary,215.5,51.0,159.8,339.14,267.0,72.14,280.7
2023-05-01,12,2023-05-01T11:00,mcn,McNary,215.9,51.4,159.8,339.11,266.91,72.2,283.2
2023-05-01,13,2023-05-01T12:00,mcn,McNary,215.3,51.1,159.5,339.07,266.89,72.18,281.4
2023-05-01,14,2023-05-01T13:00,mcn,McNary,215.5,51.5,159.2,339.06,266.85,72.21,283.7
2023-05-01,15,2023-05-01T14:00,mcn,McNary,215.1,51.5,158.9,339.03,266.87,72.16,283.5
2023-05-01,16,2023-05-01T15:00,mcn,McNary,218.4,51.8,161.9,339.01,266.99,72.02,284.6
2023-05-01,17,2023-05-01T16:00,mcn,McNary,230.4,51.3,174.4,339.01,267.11,71.9,281.4
2023-05-01,18,2023-05-01T17:00,mcn,McNary,230.9,51.5,174.7,339.01,267.16,71.85,282.3
2023-05-01,19,2023-05-01T18:00,mcn,McNary,231.1,51.4,175.0,339.03,267.2,71.83,281.7
2023-05-01,20,2023-05-01T19:00,mcn,McNary,231.1,51.2,175.1,339.02,267.15,71.87,280.8
2023-05-01,21,2023-05-01T20:00,mcn,McNary,230.7,51.0,175.0,338.99,267.18,71.81,279.4
2023-05-01,22,2023-05-01T21:00,mcn,McNary,231.2,51.3,175.2,339.07,267.2,71.87,281.3
2023-05-01,23,2023-05-01T22:00,mcn,McNary,231.4,51.1,175.6,339.13,267.3,71.83,280.1
2023-05-01,24,2023-05-01T23:00,mcn,McNary,231.2,51.3,175.2,339.09,267.36,71.73,280.8
2023-05-02,1,2023-05-02T00:00,mcn,McNary,231.6,51.3,175.6,339.11,267.29,71.82,281.1
2023-05-02,2,2023-05-02T01:00,mcn,McNary,232.2,51.6,175.9,339.19,267.28,71.91,283.1
2023-05-02,3,2023-05-02T02:00,mcn,McNary,231.2,51.4,175.1,339.22,267.25,71.97,282.3
2023-05-02,4,2023-05-02T03:00,mcn,McNary,241.2,51.5,185.0,339.23,267.45,71.78,282.1
2023-05-02,5,2023-05-02T04:00,mcn,McNary,241.5,51.4,185.4,339.24,267.48,71.76,281.4
2023-05-02,6,2023-05-02T05:00,mcn,McNary,242.1,52.0,185.4,339.29,267.5,71.79,284.8
2023-05-02,7,2023-05-02T06:00,mcn,McNary,241.7,51.6,185.4,339.28,267.51,71.77,282.6
2023-05-02,8,2023-05-02T07:00,mcn,McNary,240.7,51.5,184.5,339.25,267.43,71.82,282.2
2023-05-02,9,2023-05-02T08:00,mcn,McNary,240.6,51.2,184.7,339.2,267.4,71.8,280.5
2023-05-02,10,2023-05-02T09:00,mcn,McNary,241.1,51.5,184.9,339.17,267.42,71.75,281.9
2023-05-02,11,2023-05-02T10:00,mcn,McNary,241.5,52.0,184.8,339.15,267.41,71.74,284.6
2023-05-02,12,2023-05-02T11:00,mcn,McNary,240.8,51.7,184.4,339.12,267.34,71.78,283.2
2023-05-02,13,2023-05-02T12:00,mcn,McNary,255.3,51.1,199.4,339.01,267.74,71.27,277.9
2023-05-02,14,2023-05-02T13:00,mcn,McNary,257.7,51.1,201.9,339.07,267.69,71.38,278.3
2023-05-02,15,2023-05-02T14:00,mcn,McNary,258.1,51.4,202.1,339.04,267.71,71.33,279.7
2023-05-02,16,2023-05-02T15:00,mcn,McNary,257.7,51.4,201.7,339.0,267.58,71.42,280.1
2023-05-02,17,2023-05-02T16:00,mcn,McNary,257.8,51.6,201.5,338.96,267.56,71.4,281.1
2023-05-02,18,2023-05-02T17:00,mcn,McNary,257.9,51.7,201.5,338.92,267.52,71.4,281.7
2023-05-02,19,2023-05-02T18:00,mcn,McNary,257.8,51.9,201.3,338.9,267.56,71.34,282.5
2023-05-02,20,2023-05-02T19:00,mcn,McNary,257.4,51.7,201.0,338.77,267.58,71.19,280.8
2023-05-02,21,2023-05-02T20:00,mcn,McNary,257.2,51.7,200.7,338.68,267.62,71.06,280.3
2023-05-02,22,2023-05-02T21:00,mcn,McNary,257.4,52.0,200.7,338.67,267.64,71.03,281.8
2023-05-02,23,2023-05-02T22:00,mcn,McNary,257.0,51.6,200.7,338.72,267.62,71.1,279.9
2023-05-02,24,2023-05-02T23:00,mcn,McNary,257.3,51.8,200.8,338.79,267.67,71.12,281.1
2023-05-03,1,2023-05-03T00:00,mcn,McNary,265.1,52.0,208.4,338.85,268.11,70.74,280.7
2023-05-03,2,2023-05-03T01:00,mcn,McNary,273.5,51.8,217.1,338.94,268.1,70.84,280.0
2023-05-03,3,2023-05-03T02:00,mcn,McNary,273.9,51.6,217.6,339.02,268.13,70.89,279.1
2023-05-03,4,2023-05-03T03:00,mcn,McNary,274.0,51.8,217.4,339.05,268.11,70.94,280.4
2023-05-03,5,2023-05-03T04:00,mcn,McNary,273.7,51.9,217.1,339.06,268.09,70.97,281.0
2023-05-03,6,2023-05-03T05:00,mcn,McNary,291.8,51.8,235.3,338.91,268.5,70.41,278.3
2023-05-03,7,2023-05-03T06:00,mcn,McNary,301.4,51.8,244.9,338.83,268.71,70.12,277.1
2023-05-03,8,2023-05-03T07:00,mcn,McNary,301.7,52.0,245.0,338.72,268.72,70.0,277.7
2023-05-03,9,2023-05-03T08:00,mcn,McNary,301.8,52.2,244.9,338.59,268.65,69.94,278.6
2023-05-03,10,2023-05-03T09:00,mcn,McNary,302.9,52.3,245.9,338.54,268.73,69.81,278.6
2023-05-03,11,2023-05-03T10:00,mcn,McNary,302.1,52.5,244.9,338.4,268.67,69.73,279.3
2023-05-03,12,2023-05-03T11:00,mcn,McNary,301.7,52.6,244.5,338.31,268.7,69.61,279.4
2023-05-03,13,2023-05-03T12:00,mcn,McNary,302.3,52.8,244.8,338.19,268.61,69.58,280.3
2023-05-03,14,2023-05-03T13:00,mcn,McNary,301.9,53.0,244.2,338.13,268.62,69.51,281.1
2023-05-03,15,2023-05-03T14:00,mcn,McNary,302.1,53.3,244.0,338.12,268.61,69.51,282.7
2023-05-03,16,2023-05-03T15:00,mcn,McNary,302.0,53.3,244.0,338.1,268.61,69.49,282.6
2023-05-03,17,2023-05-03T16:00,mcn,McNary,302.2,52.6,244.9,338.08,268.64,69.44,278.7
2023-05-03,18,2023-05-03T17:00,mcn,McNary,302.5,53.1,244.7,338.09,268.62,69.47,281.5
2023-05-03,19,2023-05-03T18:00,mcn,McNary,302.4,52.8,244.9,338.11,268.62,69.49,280.0
2023-05-03,20,2023-05-03T19:00,mcn,McNary,302.2,52.7,244.8,338.07,268.62,69.45,279.3
2023-05-03,21,2023-05-03T20:00,mcn,McNary,301.9,52.4,244.8,338.06,268.69,69.37,277.3
2023-05-03,22,2023-05-03T21:00,mcn,McNary,302.0,52.6,244.7,338.05,268.64,69.41,278.6
2023-05-03,23,2023-05-03T22:00,mcn,McNary,302.0,52.6,244.7,338.02,268.69,69.33,278.2
2023-05-03,24,2023-05-03T23:00,mcn,McNary,302.4,53.1,244.6,338.0,268.69,69.31,280.8
2023-05-04,1,2023-05-04T00:00,mcn,McNary,302.2,53.0,244.5,337.93,268.7,69.23,280.0
2023-05-04,2,2023-05-04T01:00,mcn,McNary,301.8,52.8,244.3,337.9,268.7,69.2,278.8
2023-05-04,3,2023-05-04T02:00,mcn,McNary,302.1,52.9,244.5,338.04,268.74,69.3,279.7
2023-05-04,4,2023-05-04T03:00,mcn,McNary,301.9,52.5,244.6,338.04,268.65,69.39,278.0
2023-05-04,5,2023-05-04T04:00,mcn,McNary,302.1,52.8,244.6,338.01,268.65,69.36,279.4
2023-05-04,6,2023-05-04T05:00,mcn,McNary,302.4,53.1,244.6,338.0,268.72,69.28,280.7
2023-05-04,7,2023-05-04T06:00,mcn,McNary,302.5,53.2,244.6,338.01,268.65,69.36,281.5
2023-05-04,8,2023-05-04T07:00,mcn,McNary,302.1,53.0,244.4,337.94,268.68,69.26,280.1
2023-05-04,9,2023-05-04T08:00,mcn,McNary,302.2,52.8,244.7,337.85,268.72,69.13,278.5
2023-05-04,10,2023-05-04T09:00,mcn,McNary,302.1,53.0,244.4,337.83,268.73,69.1,279.4
2023-05-04,11,2023-05-04T10:00,mcn,McNary,302.5,53.7,244.1,337.74,268.71,69.03,282.8
2023-05-04,12,2023-05-04T11:00,mcn,McNary,302.4,53.7,244.0,337.71,268.73,68.98,282.6
2023-05-04,13,2023-05-04T12:00,mcn,McNary,302.0,53.3,244.0,337.68,268.7,68.98,280.5
2023-05-04,14,2023-05-04T13:00,mcn,McNary,301.8,53.5,243.7,337.51,268.67,68.84,281.0
2023-05-04,15,2023-05-04T14:00,mcn,McNary,303.0,53.1,245.2,337.54,268.73,68.81,278.8
2023-05-04,16,2023-05-04T15:00,mcn,McNary,302.5,52.8,245.0,337.47,268.73,68.74,276.9
2023-05-04,17,2023-05-04T16:00,mcn,McNary,302.2,52.7,244.9,337.47,268.74,68.73,276.4
2023-05-04,18,2023-05-04T17:00,mcn,McNary,303.1,53.3,245.2,337.5,268.71,68.79,279.8
2023-05-04,19,2023-05-04T18:00,mcn,McNary,303.5,53.1,245.7,337.56,268.78,68.78,278.7
2023-05-04,20,2023-05-04T19:00,mcn,McNary,303.6,53.2,245.7,337.51,268.66,68.85,279.5
2023-05-04,21,2023-05-04T20:00,mcn,McNary,304.4,53.3,246.4,337.69,268.73,68.96,280.4
2023-05-04,22,2023-05-04T21:00,mcn,McNary,304.6,53.1,246.9,337.83,268.76,69.07,279.8
2023-05-04,23,2023-05-04T22:00,mcn,McNary,305.0,52.8,247.5,338.04,268.76,69.28,279.1
2023-05-04,24,2023-05-04T23:00,mcn,McNary,305.8,53.3,247.8,338.11,268.74,69.37,282.1
2023-05-05,1,2023-05-05T00:00,mcn,McNary,304.0,53.4,246.0,338.29,268.66,69.63,283.7
2023-05-05,2,2023-05-05T01:00,mcn,McNary,307.5,53.3,249.5,338.37,268.81,69.56,282.9
2023-05-05,3,2023-05-05T02:00,mcn,McNary,323.4,53.5,265.3,338.44,269.04,69.4,283.3
2023-05-05,4,2023-05-05T03:00,mcn,McNary,323.4,53.5,265.2,338.5,269.02,69.48,283.6
2023-05-05,5,2023-05-05T04:00,mcn,McNary,322.9,53.1,265.1,338.44,269.03,69.41,281.2
2023-05-05,6,2023-05-05T05:00,mcn,McNary,328.9,59.2,265.0,338.42,269.21,69.21,312.6
2023-05-05,7,2023-05-05T06:00,mcn,McNary,323.4,53.5,265.2,338.48,269.01,69.47,283.6
2023-05-05,8,2023-05-05T07:00,mcn,McNary,321.9,52.2,264.9,338.37,268.99,69.38,276.3
2023-05-05,9,2023-05-05T08:00,mcn,McNary,321.9,52.6,264.5,338.31,269.16,69.15,277.5
2023-05-05,10,2023-05-05T09:00,mcn,McNary,322.4,53.0,264.8,338.28,268.98,69.3,280.2
2023-05-05,11,2023-05-05T10:00,mcn,McNary,322.4,52.9,264.7,338.24,269.05,69.19,279.3
2023-05-05,12,2023-05-05T11:00,mcn,McNary,322.1,53.0,264.4,338.16,269.0,69.16,279.7
2023-05-05,13,2023-05-05T12:00,mcn,McNary,322.1,53.1,264.3,338.17,269.08,69.09,279.9
2023-05-05,14,2023-05-05T13:00,mcn,McNary,322.0,53.1,264.3,338.15,269.02,69.13,280.1
2023-05-05,15,2023-05-05T14:00,mcn,McNary,322.4,53.5,264.2,338.16,268.98,69.18,282.4
2023-05-05,16,2023-05-05T15:00,mcn,McNary,322.7,53.7,264.4,338.18,269.07,69.11,283.2
2023-05-05,17,2023-05-05T16:00,mcn,McNary,323.1,53.3,265.0,338.16,269.16,69.0,280.6
2023-05-05,18,2023-05-05T17:00,mcn,McNary,323.2,53.5,265.0,338.19,269.31,68.88,281.2
2023-05-05,19,2023-05-05T18:00,mcn,McNary,323.9,54.1,265.2,338.28,269.28,69.0,284.8
2023-05-05,20,2023-05-05T19:00,mcn,McNary,323.7,53.6,265.4,338.34,269.55,68.79,281.3
2023-05-05,21,2023-05-05T20:00,mcn,McNary,324.4,53.7,266.0,338.51,269.46,69.05,282.9
2023-05-05,22,2023-05-05T21:00,mcn,McNary,324.7,53.7,266.3,338.62,269.47,69.15,283.3
2023-05-05,23,2023-05-05T22:00,mcn,McNary,323.4,53.2,265.5,338.76,269.33,69.43,281.8
2023-05-05,24,2023-05-05T23:00,mcn,McNary,323.6,52.9,266.0,338.92,269.49,69.43,280.2
2023-05-06,1,2023-05-06T00:00,mcn,McNary,324.1,53.4,266.0,339.0,269.48,69.52,283.3
2023-05-06,2,2023-05-06T01:00,mcn,McNary,323.3,53.2,265.4,339.1,269.36,69.74,283.1
2023-05-06,3,2023-05-06T02:00,mcn,McNary,323.2,53.0,265.5,339.2,269.35,69.85,282.5
2023-05-06,4,2023-05-06T03:00,mcn,McNary,323.2,53.2,265.3,339.28,269.35,69.93,283.9
2023-05-06,5,2023-05-06T04:00,mcn,McNary,323.4,53.3,265.4,339.29,269.33,69.96,284.5
2023-05-06,6,2023-05-06T05:00,mcn,McNary,337.7,67.6,265.3,339.26,269.63,69.63,359.1
2023-05-06,7,2023-05-06T06:00,mcn,McNary,339.0,69.0,265.3,339.26,269.78,69.48,365.8
2023-05-06,8,2023-05-06T07:00,mcn,McNary,338.2,68.2,265.3,339.17,269.6,69.57,362.0
2023-05-06,9,2023-05-06T08:00,mcn,McNary,338.4,69.0,264.7,339.09,269.61,69.48,365.8
2023-05-06,10,2023-05-06T09:00,mcn,McNary,337.5,68.6,264.2,339.05,269.61,69.44,363.5
2023-05-06,11,2023-05-06T10:00,mcn,McNary,337.7,68.9,264.0,339.0,269.61,69.39,364.8
2023-05-06,12,2023-05-06T11:00,mcn,McNary,338.4,68.9,264.8,338.9,269.52,69.38,364.7
2023-05-06,13,2023-05-06T12:00,mcn,McNary,338.3,68.8,264.8,338.89,269.62,69.27,363.6
2023-05-06,14,2023-05-06T13:00,mcn,McNary,338.7,69.2,264.8,338.86,269.49,69.37,366.3
2023-05-06,15,2023-05-06T14:00,mcn,McNary,338.4,69.1,264.6,338.78,269.46,69.32,365.5
2023-05-06,16,2023-05-06T15:00,mcn,McNary,338.9,69.2,265.0,338.73,269.4,69.33,366.1
2023-05-06,17,2023-05-06T16:00,mcn,McNary,339.4,70.0,264.7,338.66,269.49,69.17,369.4
2023-05-06,18,2023-05-06T17:00,mcn,McNary,359.2,89.6,264.8,338.55,269.83,68.72,469.8
2023-05-06,19,2023-05-06T18:00,mcn,McNary,360.6,90.8,265.1,338.6,269.87,68.73,476.2
2023-05-06,20,2023-05-06T19:00,mcn,McNary,361.5,91.6,265.2,338.61,269.88,68.73,480.4
2023-05-06,21,2023-05-06T20:00,mcn,McNary,361.1,91.2,265.1,338.66,269.96,68.7,478.1
2023-05-06,22,2023-05-06T21:00,mcn,McNary,360.8,90.8,265.2,338.71,270.0,68.71,476.0
2023-05-06,23,2023-05-06T22:00,mcn,McNary,353.1,83.2,265.2,338.78,269.89,68.89,437.3
2023-05-06,24,2023-05-06T23:00,mcn,McNary,348.7,78.8,265.2,338.88,269.85,69.03,415.0
2023-05-07,1,2023-05-07T00:00,mcn,McNary,348.3,78.5,265.1,338.95,269.87,69.08,413.8
2023-05-07,2,2023-05-07T01:00,mcn,McNary,348.4,78.6,265.1,338.98,269.86,69.12,414.5
2023-05-07,3,2023-05-07T02:00,mcn,McNary,348.6,78.8,265.0,338.98,269.86,69.12,415.6
2023-05-07,4,2023-05-07T03:00,mcn,McNary,348.7,79.0,265.1,338.95,269.87,69.08,416.4
2023-05-07,5,2023-05-07T04:00,mcn,McNary,349.4,79.6,265.1,338.92,269.85,69.07,419.5
2023-05-07,6,2023-05-07T05:00,mcn,McNary,349.2,79.2,265.3,338.97,269.81,69.16,417.9
2023-05-07,7,2023-05-07T06:00,mcn,McNary,334.9,64.9,265.3,338.91,269.59,69.32,343.3
2023-05-07,8,2023-05-07T07:00,mcn,McNary,333.6,64.1,264.8,338.87,269.54,69.33,339.1
2023-05-07,9,2023-05-07T08:00,mcn,McNary,333.2,63.7,264.8,338.83,269.58,69.25,336.6
2023-05-07,10,2023-05-07T09:00,mcn,McNary,333.9,64.5,264.7,338.78,269.63,69.15,340.3
2023-05-07,11,2023-05-07T10:00,mcn,McNary,333.6,64.3,264.7,338.7,269.7,69.0,338.5
2023-05-07,12,2023-05-07T11:00,mcn,McNary,324.1,54.3,265.1,338.65,269.54,69.11,286.3
2023-05-07,13,2023-05-07T12:00,mcn,McNary,322.2,52.6,265.0,338.63,269.55,69.08,277.2
2023-05-07,14,2023-05-07T13:00,mcn,McNary,322.3,52.8,264.8,338.53,269.48,69.05,278.2
2023-05-07,15,2023-05-07T14:00,mcn,McNary,322.0,52.5,264.8,338.5,269.4,69.1,276.8
2023-05-07,16,2023-05-07T15:00,mcn,McNary,322.5,52.6,265.2,338.46,269.29,69.17,277.6
2023-05-07,17,2023-05-07T16:00,mcn,McNary,326.5,52.6,269.2,338.38,269.25,69.13,277.4
2023-05-07,18,2023-05-07T17:00,mcn,McNary,327.3,53.3,269.3,338.32,269.25,69.07,280.9
2023-05-07,19,2023-05-07T18:00,mcn,McNary,327.8,53.4,269.7,338.3,269.26,69.04,281.3
2023-05-07,20,2023-05-07T19:00,mcn,McNary,327.6,53.3,269.6,338.31,269.27,69.04,280.8
2023-05-07,21,2023-05-07T20:00,mcn,McNary,327.7,53.3,269.7,338.25,269.22,69.03,280.7
2023-05-07,22,2023-05-07T21:00,mcn,McNary,327.6,53.5,269.5,338.24,269.23,69.01,281.7
2023-05-07,23,2023-05-07T22:00,mcn,McNary,327.5,53.6,269.1,338.21,269.29,68.92,281.9
2023-05-07,24,2023-05-07T23:00,mcn,McNary,327.7,53.8,269.1,338.24,269.3,68.94,283.0
2023-05-08,1,2023-05-08T00:00,mcn,McNary,328.1,53.8,269.6,338.22,269.36,68.86,282.7
2023-05-08,2,2023-05-08T01:00,mcn,McNary,328.1,53.7,269.7,338.18,269.31,68.87,282.2
2023-05-08,3,2023-05-08T02:00,mcn,McNary,328.2,53.6,269.8,338.09,269.25,68.84,281.5
2023-05-08,4,2023-05-08T03:00,mcn,McNary,328.4,53.9,269.8,338.1,269.33,68.77,282.8
2023-05-08,5,2023-05-08T04:00,mcn,McNary,328.6,54.0,269.9,338.02,269.27,68.75,283.3
2023-05-08,6,2023-05-08T05:00,mcn,McNary,328.5,53.8,270.0,337.93,269.3,68.63,281.7
2023-05-08,7,2023-05-08T06:00,mcn,McNary,326.8,53.6,268.5,337.88,269.2,68.68,280.9
2023-05-08,8,2023-05-08T07:00,mcn,McNary,327.4,53.2,269.5,337.78,269.44,68.34,277.4
2023-05-08,9,2023-05-08T08:00,mcn,McNary,328.1,53.5,269.9,337.7,269.54,68.16,278.2
2023-05-08,10,2023-05-08T09:00,mcn,McNary,328.4,54.0,269.7,337.63,269.71,67.92,279.8
2023-05-08,11,2023-05-08T10:00,mcn,McNary,329.5,55.3,269.5,337.69,269.56,68.13,287.5
2023-05-08,12,2023-05-08T11:00,mcn,McNary,328.1,54.0,269.5,337.65,269.5,68.15,280.8
2023-05-08,13,2023-05-08T12:00,mcn,McNary,327.9,53.9,269.3,337.63,269.4,68.23,280.6
2023-05-08,14,2023-05-08T13:00,mcn,McNary,327.8,53.8,269.2,337.64,269.43,68.21,280.0
2023-05-08,15,2023-05-08T14:00,mcn,McNary,328.6,54.2,269.7,337.65,269.37,68.28,282.4
2023-05-08,16,2023-05-08T15:00,mcn,McNary,327.9,54.1,269.1,337.62,269.25,68.37,282.2
2023-05-08,17,2023-05-08T16:00,mcn,McNary,318.8,54.3,259.8,337.56,269.1,68.46,283.6
2023-05-08,18,2023-05-08T17:00,mcn,McNary,318.5,54.2,259.7,337.62,269.15,68.47,283.2
2023-05-08,19,2023-05-08T18:00,mcn,McNary,318.8,53.7,260.4,337.69,269.11,68.58,281.0
2023-05-08,20,2023-05-08T19:00,mcn,McNary,318.7,53.5,260.5,337.63,269.12,68.51,279.7
2023-05-08,21,2023-05-08T20:00,mcn,McNary,318.8,53.6,260.5,337.68,269.13,68.55,280.3
2023-05-08,22,2023-05-08T21:00,mcn,McNary,318.8,53.6,260.5,337.67,269.17,68.5,280.1
2023-05-08,23,2023-05-08T22:00,mcn,McNary,319.0,53.7,260.6,337.66,269.15,68.51,280.7
2023-05-08,24,2023-05-08T23:00,mcn,McNary,318.8,53.8,260.3,337.57,269.14,68.43,280.9
2023-05-09,1,2023-05-09T00:00,mcn,McNary,318.1,53.6,259.8,337.51,269.2,68.31,279.4
2023-05-09,2,2023-05-09T01:00,mcn,McNary,318.7,54.0,260.0,337.6,269.13,68.47,282.1
2023-05-09,3,2023-05-09T02:00,mcn,McNary,319.1,54.0,260.4,337.66,269.08,68.58,282.6
2023-05-09,4,2023-05-09T03:00,mcn,McNary,319.3,53.9,260.7,337.72,269.16,68.56,282.0
2023-05-09,5,2023-05-09T04:00,mcn,McNary,319.8,54.2,260.8,337.7,269.31,68.39,282.8
2023-05-09,6,2023-05-09T05:00,mcn,McNary,320.1,54.3,261.1,337.87,269.23,68.64,284.4
2023-05-09,7,2023-05-09T06:00,mcn,McNary,319.2,53.8,260.7,337.84,269.24,68.6,281.6
2023-05-09,8,2023-05-09T07:00,mcn,McNary,317.7,53.3,259.7,337.83,269.31,68.52,278.7
2023-05-09,9,2023-05-09T08:00,mcn,McNary,318.3,53.8,259.7,337.89,269.32,68.57,281.5
2023-05-09,10,2023-05-09T09:00,mcn,McNary,318.3,53.7,259.9,337.92,269.33,68.59,281.0
2023-05-09,11,2023-05-09T10:00,mcn,McNary,319.9,55.4,259.9,337.89,269.35,68.54,289.7
2023-05-09,12,2023-05-09T11:00,mcn,McNary,320.6,56.1,259.8,337.87,269.29,68.58,293.6
2023-05-09,13,2023-05-09T12:00,mcn,McNary,322.1,57.5,259.9,337.91,269.17,68.74,301.6
2023-05-09,14,2023-05-09T13:00,mcn,McNary,320.2,55.4,260.1,337.92,269.11,68.81,290.9
2023-05-09,15,2023-05-09T14:00,mcn,McNary,319.4,54.5,260.2,337.91,269.04,68.87,286.4
2023-05-09,16,2023-05-09T15:00,mcn,McNary,320.5,55.9,260.0,337.85,269.05,68.8,293.4
2023-05-09,17,2023-05-09T16:00,mcn,McNary,319.5,55.1,259.7,337.86,268.8,69.06,290.3
2023-05-09,18,2023-05-09T17:00,mcn,McNary,319.4,55.2,259.5,337.78,268.73,69.05,290.8
2023-05-09,19,2023-05-09T18:00,mcn,McNary,319.8,55.7,259.3,337.8,268.72,69.08,293.6
2023-05-09,20,2023-05-09T19:00,mcn,McNary,317.7,53.8,259.2,337.72,268.72,69.0,283.2
2023-05-09,21,2023-05-09T20:00,mcn,McNary,319.4,55.7,259.0,337.69,268.75,68.94,293.0
2023-05-09,22,2023-05-09T21:00,mcn,McNary,321.3,57.8,258.8,337.64,269.01,68.63,302.7
2023-05-09,23,2023-05-09T22:00,mcn,McNary,323.4,60.2,258.5,337.55,268.94,68.61,315.1
2023-05-09,24,2023-05-09T23:00,mcn,McNary,321.3,57.9,258.7,337.5,268.88,68.62,303.1
2023-05-10,1,2023-05-10T00:00,mcn,McNary,323.5,59.2,259.5,337.53,269.05,68.48,309.3
2023-05-10,2,2023-05-10T01:00,mcn,McNary,327.5,63.5,259.3,337.52,269.0,68.52,332.0
2023-05-10,3,2023-05-10T02:00,mcn,McNary,326.2,62.0,259.4,337.49,268.93,68.56,324.3
2023-05-10,4,2023-05-10T03:00,mcn,McNary,327.7,63.4,259.6,337.47,269.03,68.44,331.1
2023-05-10,5,2023-05-10T04:00,mcn,McNary,324.2,59.7,259.7,337.57,268.84,68.73,313.1
2023-05-10,6,2023-05-10T05:00,mcn,McNary,324.4,59.7,260.0,337.6,268.99,68.61,312.5
2023-05-10,7,2023-05-10T06:00,mcn,McNary,327.1,62.9,259.5,337.62,268.99,68.63,329.4
2023-05-10,8,2023-05-10T07:00,mcn,McNary,324.0,59.5,259.8,337.65,269.15,68.5,311.0
2023-05-10,9,2023-05-10T08:00,mcn,McNary,325.5,60.9,259.9,337.59,269.19,68.4,317.8
2023-05-10,10,2023-05-10T09:00,mcn,McNary,329.8,65.3,259.8,337.61,269.19,68.42,340.9
2023-05-10,11,2023-05-10T10:00,mcn,McNary,329.1,64.7,259.7,337.61,269.21,68.4,337.7
2023-05-10,12,2023-05-10T11:00,mcn,McNary,325.6,61.6,259.4,337.49,269.17,68.32,321.1
2023-05-10,13,2023-05-10T12:00,mcn,McNary,354.6,90.9,259.0,337.38,269.69,67.69,469.5
2023-05-10,14,2023-05-10T13:00,mcn,McNary,340.8,77.0,259.1,337.37,269.39,67.98,399.4
2023-05-10,15,2023-05-10T14:00,mcn,McNary,340.9,77.3,258.9,337.33,269.45,67.88,400.4
2023-05-10,16,2023-05-10T15:00,mcn,McNary,343.8,79.7,259.3,337.23,269.46,67.77,412.1
2023-05-10,17,2023-05-10T16:00,mcn,McNary,341.3,76.8,259.8,337.3,269.26,68.04,398.7
2023-05-10,18,2023-05-10T17:00,mcn,McNary,345.2,80.6,259.9,337.25,269.36,67.89,417.5
2023-05-10,19,2023-05-10T18:00,mcn,McNary,344.0,79.4,259.9,337.3,269.38,67.92,411.5
2023-05-10,20,2023-05-10T19:00,mcn,McNary,343.5,78.8,260.1,337.34,269.36,67.98,408.7
2023-05-10,21,2023-05-10T20:00,mcn,McNary,343.4,78.7,260.0,337.28,269.44,67.84,407.4
2023-05-10,22,2023-05-10T21:00,mcn,McNary,342.7,78.1,260.0,337.38,269.24,68.14,406.0
2023-05-10,23,2023-05-10T22:00,mcn,McNary,324.3,59.3,260.3,337.48,269.06,68.42,309.6
2023-05-10,24,2023-05-10T23:00,mcn,McNary,321.4,56.0,260.6,337.5,269.12,68.38,292.2
2023-05-11,1,2023-05-11T00:00,mcn,McNary,321.6,56.0,260.9,337.49,269.07,68.42,292.3
2023-05-11,2,2023-05-11T01:00,mcn,McNary,321.2,54.8,261.7,337.65,269.0,68.65,287.0
2023-05-11,3,2023-05-11T02:00,mcn,McNary,320.0,55.2,260.1,337.69,268.99,68.7,289.3
2023-05-11,4,2023-05-11T03:00,mcn,McNary,319.2,54.6,259.9,337.81,268.98,68.83,286.7
2023-05-11,5,2023-05-11T04:00,mcn,McNary,319.1,54.1,260.3,337.87,269.14,68.73,283.7
2023-05-11,6,2023-05-11T05:00,mcn,McNary,333.2,68.0,260.5,337.91,269.35,68.56,355.7
2023-05-11,7,2023-05-11T06:00,mcn,McNary,335.3,69.9,260.8,337.99,269.22,68.77,366.8
2023-05-11,8,2023-05-11T07:00,mcn,McNary,333.5,68.6,260.2,338.04,269.2,68.84,360.3
2023-05-11,9,2023-05-11T08:00,mcn,McNary,322.2,57.2,260.3,338.09,269.05,69.04,301.3
2023-05-11,10,2023-05-11T09:00,mcn,McNary,321.3,56.4,260.3,338.03,268.99,69.04,297.1
2023-05-11,11,2023-05-11T10:00,mcn,McNary,319.5,54.5,260.3,338.13,268.94,69.19,287.7
2023-05-11,12,2023-05-11T11:00,mcn,McNary,321.7,56.7,260.3,338.1,268.82,69.28,299.7
2023-05-11,13,2023-05-11T12:00,mcn,McNary,314.9,49.8,260.4,338.14,268.71,69.43,263.8
2023-05-11,14,2023-05-11T13:00,mcn,McNary,315.3,50.1,260.4,338.14,268.71,69.43,265.4
2023-05-11,15,2023-05-11T14:00,mcn,McNary,319.2,54.1,260.4,338.09,269.0,69.09,285.2
2023-05-11,16,2023-05-11T15:00,mcn,McNary,336.1,71.0,260.4,338.01,269.21,68.8,372.7
2023-05-11,17,2023-05-11T16:00,mcn,McNary,339.0,69.2,265.1,337.97,269.21,68.76,363.1
2023-05-11,18,2023-05-11T17:00,mcn,McNary,323.2,53.4,265.2,338.0,268.91,69.09,281.5
2023-05-11,19,2023-05-11T18:00,mcn,McNary,320.3,50.6,265.0,337.93,268.76,69.17,267.1
2023-05-11,20,2023-05-11T19:00,mcn,McNary,319.8,50.4,264.7,337.93,268.78,69.15,265.9
2023-05-11,21,2023-05-11T20:00,mcn,McNary,321.8,52.5,264.6,337.88,268.96,68.92,276.1
2023-05-11,22,2023-05-11T21:00,mcn,McNary,323.1,53.9,264.5,337.85,269.03,68.82,283.0
2023-05-11,23,2023-05-11T22:00,mcn,McNary,323.3,54.3,264.3,337.81,269.11,68.7,284.6
2023-05-11,24,2023-05-11T23:00,mcn,McNary,323.2,54.3,264.2,337.76,269.1,68.66,284.5
2023-05-12,1,2023-05-12T00:00,mcn,McNary,308.6,51.9,252.0,337.8,268.71,69.09,273.6
2023-05-12,2,2023-05-12T01:00,mcn,McNary,301.2,51.7,244.8,337.82,268.58,69.24,273.1
2023-05-12,3,2023-05-12T02:00,mcn,McNary,301.3,51.8,244.8,337.83,268.61,69.22,273.6
2023-05-12,4,2023-05-12T03:00,mcn,McNary,301.3,51.8,244.8,337.86,268.63,69.23,273.6
2023-05-12,5,2023-05-12T04:00,mcn,McNary,301.4,51.9,244.9,337.87,268.71,69.16,273.9
2023-05-12,6,2023-05-12T05:00,mcn,McNary,301.8,52.2,244.9,337.88,268.76,69.12,275.3
2023-05-12,7,2023-05-12T06:00,mcn,McNary,301.2,51.5,245.0,337.95,268.72,69.23,272.0
2023-05-12,8,2023-05-12T07:00,mcn,McNary,301.0,51.3,245.0,337.96,268.67,69.29,271.2
2023-05-12,9,2023-05-12T08:00,mcn,McNary,301.1,51.5,244.9,337.94,268.74,69.2,271.9
2023-05-12,10,2023-05-12T09:00,mcn,McNary,301.1,51.5,244.9,338.0,268.74,69.26,272.2
2023-05-12,11,2023-05-12T10:00,mcn,McNary,301.1,51.3,245.1,338.0,268.63,69.37,271.5
2023-05-12,12,2023-05-12T11:00,mcn,McNary,301.1,51.3,245.1,337.95,268.53,69.42,271.7
2023-05-12,13,2023-05-12T12:00,mcn,McNary,299.9,50.3,244.9,337.9,268.48,69.42,266.4
2023-05-12,14,2023-05-12T13:00,mcn,McNary,300.1,50.5,244.9,337.9,268.49,69.41,267.4
2023-05-12,15,2023-05-12T14:00,mcn,McNary,300.0,50.5,244.9,337.87,268.47,69.4,267.4
2023-05-12,16,2023-05-12T15:00,mcn,McNary,300.2,50.7,244.8,337.87,268.46,69.41,268.5
2023-05-12,17,2023-05-12T16:00,mcn,McNary,300.0,50.6,244.7,337.86,268.4,69.46,268.2
2023-05-12,18,2023-05-12T17:00,mcn,McNary,300.3,50.8,244.8,337.84,268.46,69.38,268.9
2023-05-12,19,2023-05-12T18:00,mcn,McNary,300.4,51.0,244.8,337.87,268.39,69.48,270.4
2023-05-12,20,2023-05-12T19:00,mcn,McNary,300.1,50.6,244.8,337.91,268.47,69.44,268.1
2023-05-12,21,2023-05-12T20:00,mcn,McNary,300.3,50.7,244.9,337.93,268.46,69.47,268.7
2023-05-12,22,2023-05-12T21:00,mcn,McNary,300.1,50.4,245.0,337.93,268.51,69.42,267.0
2023-05-12,23,2023-05-12T22:00,mcn,McNary,300.1,50.4,245.1,337.99,268.52,69.47,267.1
2023-05-12,24,2023-05-12T23:00,mcn,McNary,300.4,50.5,245.2,338.03,268.6,69.43,267.5
2023-05-13,1,2023-05-13T00:00,mcn,McNary,305.2,50.6,249.9,338.1,268.69,69.41,268.0
2023-05-13,2,2023-05-13T01:00,mcn,McNary,305.2,50.5,250.0,338.22,268.61,69.61,268.2
2023-05-13,3,2023-05-13T02:00,mcn,McNary,305.5,50.6,250.1,338.15,268.67,69.48,268.2
2023-05-13,4,2023-05-13T03:00,mcn,McNary,305.4,50.8,249.9,338.17,268.71,69.46,269.2
2023-05-13,5,2023-05-13T04:00,mcn,McNary,305.5,50.7,250.1,338.21,268.66,69.55,269.0
2023-05-13,6,2023-05-13T05:00,mcn,McNary,305.4,50.5,250.3,338.24,268.66,69.58,268.1
2023-05-13,7,2023-05-13T06:00,mcn,McNary,305.4,50.3,250.4,338.25,268.66,69.59,267.1
2023-05-13,8,2023-05-13T07:00,mcn,McNary,305.2,50.3,250.2,338.27,268.68,69.59,267.1
2023-05-13,9,2023-05-13T08:00,mcn,McNary,305.2,50.3,250.2,338.29,268.67,69.62,267.2
2023-05-13,10,2023-05-13T09:00,mcn,McNary,305.1,50.5,250.0,338.3,268.66,69.64,268.3
2023-05-13,11,2023-05-13T10:00,mcn,McNary,305.1,50.3,250.1,338.3,268.73,69.57,267.0
2023-05-13,12,2023-05-13T11:00,mcn,McNary,305.6,50.7,250.2,338.29,268.7,69.59,269.2
2023-05-13,13,2023-05-13T12:00,mcn,McNary,305.4,50.5,250.1,338.24,268.67,69.57,268.1
2023-05-13,14,2023-05-13T13:00,mcn,McNary,305.3,50.7,249.9,338.26,268.57,69.69,269.6
2023-05-13,15,2023-05-13T14:00,mcn,McNary,305.6,50.6,250.3,338.35,268.48,69.87,269.8
2023-05-13,16,2023-05-13T15:00,mcn,McNary,306.1,51.3,250.2,338.38,268.53,69.85,273.4
2023-05-13,17,2023-05-13T16:00,mcn,McNary,305.0,50.6,249.7,338.34,268.44,69.9,269.9
2023-05-13,18,2023-05-13T17:00,mcn,McNary,305.6,50.7,250.1,338.36,268.45,69.91,270.4
2023-05-13,19,2023-05-13T18:00,mcn,McNary,305.4,50.7,250.0,338.33,268.41,69.92,270.5
2023-05-13,20,2023-05-13T19:00,mcn,McNary,305.6,50.4,250.5,338.4,268.49,69.91,268.8
2023-05-13,21,2023-05-13T20:00,mcn,McNary,306.5,50.4,251.4,338.43,268.68,69.75,268.2
2023-05-13,22,2023-05-13T21:00,mcn,McNary,320.6,51.0,264.9,338.5,268.87,69.63,271.0
2023-05-13,23,2023-05-13T22:00,mcn,McNary,320.8,51.1,265.0,338.53,268.8,69.73,271.9
2023-05-13,24,2023-05-13T23:00,mcn,McNary,321.3,51.5,265.1,338.54,268.88,69.66,273.7
2023-05-14,1,2023-05-14T00:00,mcn,McNary,321.4,51.6,265.1,338.6,268.9,69.7,274.4
2023-05-14,2,2023-05-14T01:00,mcn,McNary,321.6,51.8,265.1,338.62,268.95,69.67,275.4
2023-05-14,3,2023-05-14T02:00,mcn,McNary,321.5,51.8,265.0,338.65,268.96,69.69,275.4
2023-05-14,4,2023-05-14T03:00,mcn,McNary,321.3,51.8,264.9,338.65,269.03,69.62,275.2
2023-05-14,5,2023-05-14T04:00,mcn,McNary,321.7,51.7,265.2,338.65,268.99,69.66,274.8
2023-05-14,6,2023-05-14T05:00,mcn,McNary,321.9,52.0,265.3,338.71,269.08,69.63,276.3
2023-05-14,7,2023-05-14T06:00,mcn,McNary,329.8,60.1,265.0,338.71,269.17,69.54,318.9
2023-05-14,8,2023-05-14T07:00,mcn,McNary,330.5,60.7,265.1,338.77,269.2,69.57,322.2
2023-05-14,9,2023-05-14T08:00,mcn,McNary,330.4,60.7,265.0,338.82,269.23,69.59,322.3
2023-05-14,10,2023-05-14T09:00,mcn,McNary,330.6,60.6,265.3,338.85,269.26,69.59,321.8
2023-05-14,11,2023-05-14T10:00,mcn,McNary,330.5,60.6,265.2,338.89,269.25,69.64,322.0
2023-05-14,12,2023-05-14T11:00,mcn,McNary,330.3,60.4,265.1,338.91,269.18,69.73,321.4
2023-05-14,13,2023-05-14T12:00,mcn,McNary,330.5,60.5,265.3,338.91,269.14,69.77,322.1
2023-05-14,14,2023-05-14T13:00,mcn,McNary,330.1,60.5,264.9,338.93,269.11,69.82,322.3
2023-05-14,15,2023-05-14T14:00,mcn,McNary,330.4,60.8,264.9,338.89,269.12,69.77,323.7
2023-05-14,16,2023-05-14T15:00,mcn,McNary,330.6,60.5,265.3,338.87,269.12,69.75,322.0
2023-05-14,17,2023-05-14T16:00,mcn,McNary,331.1,61.5,264.9,338.89,269.09,69.8,327.5
2023-05-14,18,2023-05-14T17:00,mcn,McNary,330.8,61.1,265.0,338.84,269.05,69.79,325.4
2023-05-14,19,2023-05-14T18:00,mcn,McNary,331.6,61.9,265.0,338.78,269.18,69.6,328.7
2023-05-14,20,2023-05-14T19:00,mcn,McNary,344.5,74.9,264.9,338.67,269.31,69.36,396.4
2023-05-14,21,2023-05-14T20:00,mcn,McNary,351.6,82.3,264.7,338.58,269.51,69.07,433.7
2023-05-14,22,2023-05-14T21:00,mcn,McNary,345.1,75.7,264.7,338.52,269.37,69.15,399.4
2023-05-14,23,2023-05-14T22:00,mcn,McNary,341.9,72.4,264.8,338.46,269.25,69.21,382.3
2023-05-14,24,2023-05-14T23:00,mcn,McNary,331.4,61.6,265.0,338.39,269.1,69.29,325.7
2023-05-15,1,2023-05-15T00:00,mcn,McNary,327.5,57.7,265.1,338.45,269.02,69.43,305.7
2023-05-15,2,2023-05-15T01:00,mcn,McNary,325.7,55.7,265.3,338.54,268.97,69.57,295.7
2023-05-15,3,2023-05-15T02:00,mcn,McNary,325.1,55.6,264.8,338.6,269.05,69.55,295.1
2023-05-15,4,2023-05-15T03:00,mcn,McNary,327.9,58.1,265.1,338.66,269.12,69.54,308.3
2023-05-15,5,2023-05-15T04:00,mcn,McNary,329.0,59.2,265.1,338.73,269.18,69.55,314.2
2023-05-15,6,2023-05-15T05:00,mcn,McNary,329.5,59.9,264.9,338.72,269.23,69.49,317.6
2023-05-15,7,2023-05-15T06:00,mcn,McNary,329.4,59.6,265.1,338.8,269.31,69.49,316.0
2023-05-15,8,2023-05-15T07:00,mcn,McNary,329.2,59.4,265.1,338.82,269.15,69.67,315.8
2023-05-15,9,2023-05-15T08:00,mcn,McNary,329.4,59.8,264.9,338.84,269.31,69.53,317.2
2023-05-15,10,2023-05-15T09:00,mcn,McNary,329.3,59.7,264.9,338.85,269.29,69.56,316.9
2023-05-15,11,2023-05-15T10:00,mcn,McNary,329.8,60.3,264.8,338.84,269.36,69.48,319.7
2023-05-15,12,2023-05-15T11:00,mcn,McNary,345.5,76.0,264.9,338.77,269.63,69.14,400.9
2023-05-15,13,2023-05-15T12:00,mcn,McNary,357.8,88.2,264.9,338.72,269.76,68.96,464.1
2023-05-15,14,2023-05-15T13:00,mcn,McNary,360.0,90.0,265.3,338.72,269.82,68.9,473.1
2023-05-15,15,2023-05-15T14:00,mcn,McNary,362.0,92.4,264.9,338.65,269.77,68.88,485.6
2023-05-15,16,2023-05-15T15:00,mcn,McNary,362.0,92.2,265.2,338.64,269.84,68.8,484.0
2023-05-15,17,2023-05-15T16:00,mcn,McNary,379.3,109.5,265.1,338.64,270.33,68.31,570.7
2023-05-15,18,2023-05-15T17:00,mcn,McNary,379.8,110.0,265.1,338.63,270.31,68.32,573.4
2023-05-15,19,2023-05-15T18:00,mcn,McNary,379.4,109.7,265.0,338.63,270.3,68.33,571.9
2023-05-15,20,2023-05-15T19:00,mcn,McNary,379.1,109.5,264.9,338.73,270.25,68.48,572.1
2023-05-15,21,2023-05-15T20:00,mcn,McNary,360.1,90.0,265.4,338.82,269.83,68.99,473.8
2023-05-15,22,2023-05-15T21:00,mcn,McNary,358.7,89.1,265.0,338.85,269.86,68.99,469.0
2023-05-15,23,2023-05-15T22:00,mcn,McNary,361.7,91.7,265.3,338.97,269.78,69.19,484.1
2023-05-15,24,2023-05-15T23:00,mcn,McNary,361.9,91.8,265.3,339.09,269.89,69.2,484.7
2023-05-16,1,2023-05-16T00:00,mcn,McNary,364.3,94.3,265.4,339.13,270.03,69.1,497.2
2023-05-16,2,2023-05-16T01:00,mcn,McNary,370.5,100.1,265.6,339.28,270.21,69.07,527.5
2023-05-16,3,2023-05-16T02:00,mcn,McNary,382.0,112.0,265.2,339.27,270.49,68.78,587.8
2023-05-16,4,2023-05-16T03:00,mcn,McNary,407.5,138.1,264.7,339.24,271.13,68.11,717.7
2023-05-16,5,2023-05-16T04:00,mcn,McNary,402.7,132.8,265.2,339.33,270.99,68.34,692.5
2023-05-16,6,2023-05-16T05:00,mcn,McNary,399.2,129.5,265.0,339.27,270.98,68.29,674.8
2023-05-16,7,2023-05-16T06:00,mcn,McNary,400.9,130.9,265.3,339.27,271.02,68.25,681.7
2023-05-16,8,2023-05-16T07:00,mcn,McNary,407.2,137.7,264.9,339.15,271.15,68.0,714.4
2023-05-16,9,2023-05-16T08:00,mcn,McNary,411.1,141.7,264.7,339.13,271.26,67.87,733.8
2023-05-16,10,2023-05-16T09:00,mcn,McNary,411.3,141.9,264.7,339.06,271.17,67.89,735.0
2023-05-16,11,2023-05-16T10:00,mcn,McNary,404.3,135.0,264.5,338.95,271.07,67.88,699.2
2023-05-16,12,2023-05-16T11:00,mcn,McNary,402.8,133.0,265.2,338.95,271.06,67.89,688.9
2023-05-16,13,2023-05-16T12:00,mcn,McNary,431.9,162.2,264.9,338.74,271.76,66.98,828.9
2023-05-16,14,2023-05-16T13:00,mcn,McNary,420.9,151.3,264.9,338.56,271.44,67.12,774.8
2023-05-16,15,2023-05-16T14:00,mcn,McNary,424.2,155.0,264.6,338.28,271.72,66.56,787.2
2023-05-16,16,2023-05-16T15:00,mcn,McNary,415.7,146.1,264.9,338.33,271.19,67.14,748.4
2023-05-16,17,2023-05-16T16:00,mcn,McNary,407.3,138.0,264.6,338.21,271.18,67.03,705.8
2023-05-16,18,2023-05-16T17:00,mcn,McNary,403.6,134.5,264.4,338.18,271.08,67.1,688.6
2023-05-16,19,2023-05-16T18:00,mcn,McNary,404.1,135.4,264.0,338.16,271.09,67.07,692.9
2023-05-16,20,2023-05-16T19:00,mcn,McNary,409.0,140.5,263.7,338.09,271.28,66.81,716.2
2023-05-16,21,2023-05-16T20:00,mcn,McNary,406.4,137.7,264.0,338.12,271.29,66.83,702.2
2023-05-16,22,2023-05-16T21:00,mcn,McNary,408.9,139.8,264.5,338.16,271.32,66.84,713.0
2023-05-16,23,2023-05-16T22:00,mcn,McNary,406.7,137.3,264.6,338.18,271.3,66.88,700.6
2023-05-16,24,2023-05-16T23:00,mcn,McNary,407.8,138.2,264.9,338.24,271.33,66.91,705.5
2023-05-17,1,2023-05-17T00:00,mcn,McNary,408.4,138.5,265.2,338.31,271.22,67.09,709.0
2023-05-17,2,2023-05-17T01:00,mcn,McNary,404.1,133.5,265.9,338.41,271.14,67.27,685.2
2023-05-17,3,2023-05-17T02:00,mcn,McNary,401.3,131.5,265.1,338.44,271.12,67.32,675.5
2023-05-17,4,2023-05-17T03:00,mcn,McNary,401.5,131.4,265.3,338.57,271.3,67.27,674.4
2023-05-17,5,2023-05-17T04:00,mcn,McNary,402.1,131.9,265.6,338.63,271.13,67.5,679.3
2023-05-17,6,2023-05-17T05:00,mcn,McNary,406.6,136.8,265.1,338.68,271.24,67.44,703.9
2023-05-17,7,2023-05-17T06:00,mcn,McNary,406.6,136.8,265.1,338.72,271.31,67.41,703.6
2023-05-17,8,2023-05-17T07:00,mcn,McNary,404.7,134.8,265.3,338.75,271.41,67.34,692.6
2023-05-17,9,2023-05-17T08:00,mcn,McNary,404.7,134.8,265.2,338.75,271.15,67.6,695.3
2023-05-17,10,2023-05-17T09:00,mcn,McNary,406.0,136.2,265.1,338.65,271.41,67.24,698.8
2023-05-17,11,2023-05-17T10:00,mcn,McNary,409.5,139.8,264.9,338.64,271.34,67.3,717.9
2023-05-17,12,2023-05-17T11:00,mcn,McNary,402.4,132.7,265.0,338.67,271.08,67.59,684.3
2023-05-17,13,2023-05-17T12:00,mcn,McNary,400.6,130.9,265.0,338.65,270.98,67.67,675.9
2023-05-17,14,2023-05-17T13:00,mcn,McNary,399.8,130.1,264.9,338.65,270.94,67.71,672.1
2023-05-17,15,2023-05-17T14:00,mcn,McNary,392.0,122.2,265.1,338.71,270.84,67.87,632.8
2023-05-17,16,2023-05-17T15:00,mcn,McNary,393.3,123.5,265.1,338.67,270.96,67.71,638.0
2023-05-17,17,2023-05-17T16:00,mcn,McNary,393.4,123.5,265.2,338.74,270.92,67.82,639.1
2023-05-17,18,2023-05-17T17:00,mcn,McNary,393.7,123.7,265.3,338.79,270.88,67.91,641.0
2023-05-17,19,2023-05-17T18:00,mcn,McNary,394.6,124.3,265.5,338.92,270.96,67.96,644.5
2023-05-17,20,2023-05-17T19:00,mcn,McNary,393.4,122.6,266.1,338.98,270.81,68.17,637.7
2023-05-17,21,2023-05-17T20:00,mcn,McNary,392.9,121.7,266.5,339.02,271.07,67.95,631.0
2023-05-17,22,2023-05-17T21:00,mcn,McNary,397.2,126.7,265.8,339.12,271.0,68.12,658.5
2023-05-17,23,2023-05-17T22:00,mcn,McNary,397.5,127.4,265.3,339.18,271.04,68.14,662.4
2023-05-17,24,2023-05-17T23:00,mcn,McNary,400.5,130.8,265.0,339.22,271.05,68.17,680.3
2023-05-18,1,2023-05-18T00:00,mcn,McNary,402.1,132.3,265.0,339.28,271.03,68.25,688.9
2023-05-18,2,2023-05-18T01:00,mcn,McNary,397.3,127.4,265.2,339.37,270.9,68.47,665.6
2023-05-18,3,2023-05-18T02:00,mcn,McNary,396.6,126.6,265.2,339.38,270.93,68.45,661.2
2023-05-18,4,2023-05-18T03:00,mcn,McNary,392.4,123.1,264.6,339.42,270.97,68.45,642.9
2023-05-18,5,2023-05-18T04:00,mcn,McNary,394.2,124.8,264.7,339.4,270.93,68.47,652.0
2023-05-18,6,2023-05-18T05:00,mcn,McNary,400.8,131.4,264.7,339.47,270.96,68.51,686.9
2023-05-18,7,2023-05-18T06:00,mcn,McNary,401.3,131.8,264.8,339.41,271.06,68.35,687.4
2023-05-18,8,2023-05-18T07:00,mcn,McNary,400.3,131.0,264.7,339.39,271.04,68.35,683.2
2023-05-18,9,2023-05-18T08:00,mcn,McNary,401.4,132.1,264.6,339.4,271.06,68.34,688.8
2023-05-18,10,2023-05-18T09:00,mcn,McNary,400.3,131.0,264.6,339.37,271.05,68.32,682.9
2023-05-18,11,2023-05-18T10:00,mcn,McNary,403.9,134.7,264.5,339.3,271.09,68.21,701.0
2023-05-18,12,2023-05-18T11:00,mcn,McNary,402.1,132.8,264.7,339.23,271.09,68.14,690.4
2023-05-18,13,2023-05-18T12:00,mcn,McNary,405.4,135.5,265.2,339.2,270.97,68.23,705.4
2023-05-18,14,2023-05-18T13:00,mcn,McNary,406.6,137.2,264.8,339.1,271.05,68.05,712.4
2023-05-18,15,2023-05-18T14:00,mcn,McNary,408.3,139.3,264.3,339.07,271.04,68.03,723.1
2023-05-18,16,2023-05-18T15:00,mcn,McNary,404.9,135.5,264.7,339.05,271.0,68.05,703.5
2023-05-18,17,2023-05-18T16:00,mcn,McNary,409.1,139.7,264.6,339.01,271.09,67.92,724.0
2023-05-18,18,2023-05-18T17:00,mcn,McNary,409.8,139.9,265.2,339.0,271.13,67.87,724.5
2023-05-18,19,2023-05-18T18:00,mcn,McNary,412.6,142.7,265.2,339.05,271.18,67.87,739.0
2023-05-18,20,2023-05-18T19:00,mcn,McNary,410.4,140.2,265.5,339.03,271.17,67.86,725.9
2023-05-18,21,2023-05-18T20:00,mcn,McNary,412.4,142.5,265.2,339.06,271.13,67.93,738.6
2023-05-18,22,2023-05-18T21:00,mcn,McNary,410.6,141.1,264.9,339.11,271.11,68.0,732.1
2023-05-18,23,2023-05-18T22:00,mcn,McNary,410.5,140.5,265.3,339.21,271.15,68.06,729.6
2023-05-18,24,2023-05-18T23:00,mcn,McNary,410.5,140.3,265.5,339.26,271.12,68.14,729.4
2023-05-19,1,2023-05-19T00:00,mcn,McNary,410.2,140.3,265.1,339.27,271.18,68.09,728.9
2023-05-19,2,2023-05-19T01:00,mcn,McNary,411.2,141.3,265.3,339.38,271.13,68.25,735.8
2023-05-19,3,2023-05-19T02:00,mcn,McNary,408.2,138.0,265.5,339.43,271.17,68.26,718.7
2023-05-19,4,2023-05-19T03:00,mcn,McNary,409.9,139.7,265.5,339.45,271.13,68.32,728.2
2023-05-19,5,2023-05-19T04:00,mcn,McNary,409.6,139.9,265.0,339.46,271.22,68.24,728.4
2023-05-19,6,2023-05-19T05:00,mcn,McNary,408.9,139.4,264.8,339.4,271.13,68.27,726.1
2023-05-19,7,2023-05-19T06:00,mcn,McNary,409.1,139.8,264.6,339.32,271.15,68.17,727.2
2023-05-19,8,2023-05-19T07:00,mcn,McNary,406.3,137.1,264.5,339.33,271.1,68.23,713.7
2023-05-19,9,2023-05-19T08:00,mcn,McNary,407.4,138.3,264.4,339.29,271.33,67.96,717.1
2023-05-19,10,2023-05-19T09:00,mcn,McNary,407.6,138.7,264.2,339.18,271.13,68.05,720.2
2023-05-19,11,2023-05-19T10:00,mcn,McNary,405.0,136.7,263.6,339.12,271.08,68.04,709.7
2023-05-19,12,2023-05-19T11:00,mcn,McNary,400.9,132.9,263.3,339.03,270.99,68.04,689.9
2023-05-19,13,2023-05-19T12:00,mcn,McNary,402.3,134.0,263.7,338.94,270.93,68.01,695.3
2023-05-19,14,2023-05-19T13:00,mcn,McNary,407.8,138.1,265.0,338.85,270.94,67.91,715.6
2023-05-19,15,2023-05-19T14:00,mcn,McNary,404.2,134.8,264.7,338.77,270.92,67.85,697.9
2023-05-19,16,2023-05-19T15:00,mcn,McNary,403.6,134.4,264.5,338.71,270.95,67.76,694.9
2023-05-19,17,2023-05-19T16:00,mcn,McNary,404.6,135.5,264.3,338.73,270.95,67.78,700.8
2023-05-19,18,2023-05-19T17:00,mcn,McNary,403.9,135.1,264.2,338.64,270.97,67.67,697.6
2023-05-19,19,2023-05-19T18:00,mcn,McNary,408.4,139.6,264.0,338.61,271.11,67.5,719.0
2023-05-19,20,2023-05-19T19:00,mcn,McNary,404.4,135.6,264.1,338.71,270.74,67.97,703.2
2023-05-19,21,2023-05-19T20:00,mcn,McNary,389.0,120.0,264.3,338.74,270.64,68.1,623.5
2023-05-19,22,2023-05-19T21:00,mcn,McNary,389.6,120.7,264.2,338.65,270.81,67.84,624.8
2023-05-19,23,2023-05-19T22:00,mcn,McNary,408.3,139.2,264.4,338.63,271.07,67.56,717.6
2023-05-19,24,2023-05-19T23:00,mcn,McNary,407.6,137.8,265.1,338.69,271.09,67.6,710.8
2023-05-20,1,2023-05-20T00:00,mcn,McNary,403.5,133.6,265.2,338.74,270.83,67.91,692.3
2023-05-20,2,2023-05-20T01:00,mcn,McNary,397.7,127.9,265.1,338.68,270.89,67.79,661.5
2023-05-20,3,2023-05-20T02:00,mcn,McNary,402.6,132.9,265.0,338.66,270.9,67.76,687.1
2023-05-20,4,2023-05-20T03:00,mcn,McNary,400.1,130.4,265.0,338.7,270.98,67.72,673.8
2023-05-20,5,2023-05-20T04:00,mcn,McNary,407.4,137.8,264.9,338.61,271.1,67.51,709.8
2023-05-20,6,2023-05-20T05:00,mcn,McNary,407.9,138.5,264.7,338.6,271.07,67.53,713.6
2023-05-20,7,2023-05-20T06:00,mcn,McNary,404.3,134.9,264.7,338.58,271.01,67.57,695.5
2023-05-20,8,2023-05-20T07:00,mcn,McNary,407.5,138.3,264.5,338.53,270.92,67.61,713.4
2023-05-20,9,2023-05-20T08:00,mcn,McNary,413.3,144.2,264.4,338.55,271.13,67.42,741.8
2023-05-20,10,2023-05-20T09:00,mcn,McNary,407.8,138.5,264.5,338.56,271.11,67.45,712.8
2023-05-20,11,2023-05-20T10:00,mcn,McNary,408.0,138.7,264.6,338.53,271.09,67.44,713.7
2023-05-20,12,2023-05-20T11:00,mcn,McNary,408.6,139.3,264.6,338.58,271.05,67.53,717.7
2023-05-20,13,2023-05-20T12:00,mcn,McNary,407.4,138.0,264.7,338.64,270.95,67.69,712.7
2023-05-20,14,2023-05-20T13:00,mcn,McNary,407.7,138.2,264.8,338.63,271.08,67.55,712.3
2023-05-20,15,2023-05-20T14:00,mcn,McNary,408.6,139.0,264.9,338.63,271.02,67.61,717.1
2023-05-20,16,2023-05-20T15:00,mcn,McNary,408.6,139.0,264.9,338.65,271.06,67.59,716.8
2023-05-20,17,2023-05-20T16:00,mcn,McNary,407.8,138.1,265.0,338.69,271.06,67.63,712.6
2023-05-20,18,2023-05-20T17:00,mcn,McNary,408.3,138.4,265.1,338.72,271.01,67.71,715.0
2023-05-20,19,2023-05-20T18:00,mcn,McNary,401.0,131.2,265.1,338.85,270.88,67.97,680.4
2023-05-20,20,2023-05-20T19:00,mcn,McNary,406.9,137.2,265.1,338.75,271.05,67.7,708.7
2023-05-20,21,2023-05-20T20:00,mcn,McNary,406.6,136.9,265.0,338.78,271.01,67.77,707.9
2023-05-20,22,2023-05-20T21:00,mcn,McNary,407.7,138.1,264.9,338.7,271.08,67.62,712.5
2023-05-20,23,2023-05-20T22:00,mcn,McNary,409.3,140.0,264.6,338.59,271.21,67.38,719.8
2023-05-20,24,2023-05-20T23:00,mcn,McNary,404.9,135.1,265.1,338.71,271.15,67.56,696.4
2023-05-21,1,2023-05-21T00:00,mcn,McNary,410.2,140.2,265.4,338.72,271.08,67.64,723.6
2023-05-21,2,2023-05-21T01:00,mcn,McNary,408.7,138.7,265.2,338.76,271.18,67.58,715.2
2023-05-21,3,2023-05-21T02:00,mcn,McNary,408.4,138.6,265.1,338.7,271.11,67.59,714.8
2023-05-21,4,2023-05-21T03:00,mcn,McNary,401.3,131.5,265.1,338.72,270.97,67.75,679.8
2023-05-21,5,2023-05-21T04:00,mcn,McNary,403.6,134.0,264.9,338.65,271.0,67.65,691.7
2023-05-21,6,2023-05-21T05:00,mcn,McNary,402.1,132.5,264.9,338.69,271.02,67.67,684.1
2023-05-21,7,2023-05-21T06:00,mcn,McNary,401.6,132.0,264.9,338.65,271.01,67.64,681.2
2023-05-21,8,2023-05-21T07:00,mcn,McNary,400.7,131.1,264.9,338.64,270.99,67.65,676.7
2023-05-21,9,2023-05-21T08:00,mcn,McNary,401.8,132.2,264.8,338.62,271.07,67.55,681.4
2023-05-21,10,2023-05-21T09:00,mcn,McNary,400.0,130.5,264.8,338.62,271.09,67.53,672.4
2023-05-21,11,2023-05-21T10:00,mcn,McNary,402.0,132.5,264.8,338.62,271.05,67.57,683.1
2023-05-21,12,2023-05-21T11:00,mcn,McNary,399.9,130.5,264.7,338.59,271.02,67.57,672.8
2023-05-21,13,2023-05-21T12:00,mcn,McNary,407.3,137.9,264.7,338.58,271.09,67.49,710.1
2023-05-21,14,2023-05-21T13:00,mcn,McNary,408.4,139.0,264.7,338.56,271.09,67.47,715.6
2023-05-21,15,2023-05-21T14:00,mcn,McNary,407.6,138.2,264.7,338.61,271.1,67.51,711.9
2023-05-21,16,2023-05-21T15:00,mcn,McNary,408.6,139.1,264.8,338.61,271.19,67.42,715.6
2023-05-21,17,2023-05-21T16:00,mcn,McNary,414.0,144.5,264.8,338.61,271.26,67.35,742.6
2023-05-21,18,2023-05-21T17:00,mcn,McNary,410.7,141.3,264.7,338.57,271.24,67.33,725.9
2023-05-21,19,2023-05-21T18:00,mcn,McNary,403.2,133.8,264.7,338.58,271.22,67.36,687.7
2023-05-21,20,2023-05-21T19:00,mcn,McNary,403.9,134.5,264.7,338.61,271.19,67.42,691.9
2023-05-21,21,2023-05-21T20:00,mcn,McNary,407.5,138.0,264.8,338.65,271.47,67.18,707.4
2023-05-21,22,2023-05-21T21:00,mcn,McNary,410.1,140.3,265.1,338.73,271.44,67.29,720.3
2023-05-21,23,2023-05-21T22:00,mcn,McNary,407.6,137.7,265.2,338.79,271.36,67.43,708.5
2023-05-21,24,2023-05-21T23:00,mcn,McNary,408.8,138.8,265.3,338.83,271.34,67.49,714.7
2023-05-22,1,2023-05-22T00:00,mcn,McNary,408.1,137.8,265.6,338.89,271.15,67.74,712.2
2023-05-22,2,2023-05-22T01:00,mcn,McNary,409.1,138.7,265.7,338.87,271.35,67.52,714.6
2023-05-22,3,2023-05-22T02:00,mcn,McNary,407.5,137.2,265.7,338.86,271.21,67.65,708.2
2023-05-22,4,2023-05-22T03:00,mcn,McNary,408.5,138.1,265.7,338.84,271.31,67.53,711.6
2023-05-22,5,2023-05-22T04:00,mcn,McNary,408.6,138.2,265.7,338.89,271.22,67.67,713.6
2023-05-22,6,2023-05-22T05:00,mcn,McNary,399.1,128.2,266.2,339.0,271.04,67.96,664.8
2023-05-22,7,2023-05-22T06:00,mcn,McNary,418.5,101.3,312.6,338.82,271.34,67.48,521.6
2023-05-22,8,2023-05-22T07:00,mcn,McNary,397.6,87.6,305.3,338.95,270.8,68.15,455.5
2023-05-22,9,2023-05-22T08:00,mcn,McNary,401.6,92.2,304.8,338.84,271.03,67.81,477.0
2023-05-22,10,2023-05-22T09:00,mcn,McNary,410.5,96.3,309.5,338.82,271.08,67.74,497.7
2023-05-22,11,2023-05-22T10:00,mcn,McNary,405.7,90.7,310.3,338.82,271.01,67.81,469.3
2023-05-22,12,2023-05-22T11:00,mcn,McNary,409.2,94.6,309.9,338.74,270.95,67.79,489.3
2023-05-22,13,2023-05-22T12:00,mcn,McNary,407.0,92.3,309.9,338.75,270.87,67.88,478.0
2023-05-22,14,2023-05-22T13:00,mcn,McNary,404.7,90.2,309.8,338.63,270.87,67.76,466.3
2023-05-22,15,2023-05-22T14:00,mcn,McNary,409.4,94.9,309.7,338.55,271.04,67.51,488.8
2023-05-22,16,2023-05-22T15:00,mcn,McNary,408.2,94.4,309.2,338.43,271.1,67.33,485.0
2023-05-22,17,2023-05-22T16:00,mcn,McNary,405.9,92.1,309.1,338.31,271.0,67.31,473.0
2023-05-22,18,2023-05-22T17:00,mcn,McNary,405.8,91.6,309.4,338.15,271.01,67.14,469.2
2023-05-22,19,2023-05-22T18:00,mcn,McNary,406.0,92.3,309.0,338.02,271.06,66.96,471.6
2023-05-22,20,2023-05-22T19:00,mcn,McNary,406.1,92.7,308.7,337.83,271.03,66.8,472.5
2023-05-22,21,2023-05-22T20:00,mcn,McNary,405.0,91.2,309.0,337.7,270.99,66.71,464.2
2023-05-22,22,2023-05-22T21:00,mcn,McNary,410.5,96.4,309.3,337.65,271.04,66.61,489.9
2023-05-22,23,2023-05-22T22:00,mcn,McNary,411.7,97.8,309.2,337.63,271.05,66.58,496.8
2023-05-22,24,2023-05-22T23:00,mcn,McNary,411.0,97.2,309.1,337.57,271.0,66.57,493.7
2023-05-23,1,2023-05-23T00:00,mcn,McNary,406.0,92.1,309.2,337.62,270.94,66.68,468.6
2023-05-23,2,2023-05-23T01:00,mcn,McNary,408.3,94.4,309.2,337.66,270.95,66.71,480.5
2023-05-23,3,2023-05-23T02:00,mcn,McNary,406.3,92.1,309.5,337.75,270.92,66.83,469.6
2023-05-23,4,2023-05-23T03:00,mcn,McNary,406.4,91.7,310.1,337.78,271.03,66.75,467.0
2023-05-23,5,2023-05-23T04:00,mcn,McNary,404.9,90.2,310.0,337.86,270.91,66.95,460.8
2023-05-23,6,2023-05-23T05:00,mcn,McNary,400.0,84.3,311.0,337.94,270.96,66.98,430.8
2023-05-23,7,2023-05-23T06:00,mcn,McNary,404.9,89.1,311.1,337.98,270.89,67.09,456.1
2023-05-23,8,2023-05-23T07:00,mcn,McNary,403.8,88.3,310.8,338.04,270.87,67.17,452.5
2023-05-23,9,2023-05-23T08:00,mcn,McNary,407.0,91.8,310.5,338.04,270.92,67.12,470.1
2023-05-23,10,2023-05-23T09:00,mcn,McNary,408.6,93.4,310.5,338.04,270.96,67.08,478.0
2023-05-23,11,2023-05-23T10:00,mcn,McNary,409.4,94.1,310.6,338.08,271.11,66.97,480.8
2023-05-23,12,2023-05-23T11:00,mcn,McNary,407.6,92.2,310.7,338.06,270.96,67.1,472.0
2023-05-23,13,2023-05-23T12:00,mcn,McNary,403.3,93.9,304.7,338.06,270.76,67.3,482.2
2023-05-23,14,2023-05-23T13:00,mcn,McNary,410.5,116.3,289.5,338.04,270.95,67.09,595.3
2023-05-23,15,2023-05-23T14:00,mcn,McNary,407.7,113.4,289.5,338.03,270.93,67.1,580.6
2023-05-23,16,2023-05-23T15:00,mcn,McNary,409.7,115.4,289.6,338.09,270.91,67.18,591.5
2023-05-23,17,2023-05-23T16:00,mcn,McNary,408.3,113.9,289.7,338.08,270.92,67.16,583.7
2023-05-23,18,2023-05-23T17:00,mcn,McNary,408.7,114.3,289.7,338.11,270.97,67.14,585.5
2023-05-23,19,2023-05-23T18:00,mcn,McNary,411.7,117.2,289.8,338.15,270.98,67.17,600.7
2023-05-23,20,2023-05-23T19:00,mcn,McNary,409.5,114.9,289.9,338.17,271.0,67.17,588.9
2023-05-23,21,2023-05-23T20:00,mcn,McNary,401.4,115.8,280.9,338.22,270.82,67.4,595.5
2023-05-23,22,2023-05-23T21:00,mcn,McNary,398.2,113.3,280.2,338.25,270.82,67.43,582.9
2023-05-23,23,2023-05-23T22:00,mcn,McNary,400.1,115.5,279.9,338.25,270.86,67.39,593.9
2023-05-23,24,2023-05-23T23:00,mcn,McNary,386.4,115.1,266.6,338.32,270.56,67.76,595.1
2023-05-24,1,2023-05-24T00:00,mcn,McNary,380.5,111.1,264.7,338.31,270.37,67.94,575.9
2023-05-24,2,2023-05-24T01:00,mcn,McNary,369.9,100.6,264.7,338.32,270.19,68.13,523.0
2023-05-24,3,2023-05-24T02:00,mcn,McNary,367.7,98.3,264.6,338.27,270.16,68.11,510.8
2023-05-24,4,2023-05-24T03:00,mcn,McNary,368.9,99.9,264.4,338.26,270.19,68.07,518.9
2023-05-24,5,2023-05-24T04:00,mcn,McNary,364.5,94.8,265.0,338.2,270.09,68.11,492.7
2023-05-24,6,2023-05-24T05:00,mcn,McNary,362.8,93.4,264.7,338.18,269.93,68.25,486.4
2023-05-24,7,2023-05-24T06:00,mcn,McNary,346.4,76.7,265.0,338.25,269.65,68.6,401.5
2023-05-24,8,2023-05-24T07:00,mcn,McNary,344.7,75.1,264.9,338.2,269.6,68.6,393.1
2023-05-24,9,2023-05-24T08:00,mcn,McNary,347.2,77.9,264.6,338.19,269.55,68.64,408.0
2023-05-24,10,2023-05-24T09:00,mcn,McNary,348.0,78.6,264.7,338.21,269.62,68.59,411.3
2023-05-24,11,2023-05-24T10:00,mcn,McNary,348.2,78.7,264.8,338.25,269.5,68.75,412.8
2023-05-24,12,2023-05-24T11:00,mcn,McNary,346.9,77.1,265.1,338.26,269.43,68.83,404.9
2023-05-24,13,2023-05-24T12:00,mcn,McNary,351.1,81.1,265.3,338.3,269.35,68.95,426.7
2023-05-24,14,2023-05-24T13:00,mcn,McNary,350.0,79.6,265.6,338.35,269.34,69.01,419.1
2023-05-24,15,2023-05-24T14:00,mcn,McNary,346.2,75.7,265.8,338.43,269.32,69.11,399.2
2023-05-24,16,2023-05-24T15:00,mcn,McNary,344.0,73.9,265.4,338.49,269.34,69.15,389.9
2023-05-24,17,2023-05-24T16:00,mcn,McNary,346.1,75.7,265.6,338.54,269.35,69.19,399.6
2023-05-24,18,2023-05-24T17:00,mcn,McNary,356.9,86.6,265.7,338.55,269.4,69.15,456.9
2023-05-24,19,2023-05-24T18:00,mcn,McNary,366.6,96.2,265.7,338.61,269.43,69.18,507.8
2023-05-24,20,2023-05-24T19:00,mcn,McNary,361.4,91.3,265.4,338.6,269.48,69.12,481.5
2023-05-24,21,2023-05-24T20:00,mcn,McNary,357.3,87.4,265.2,338.61,269.41,69.2,461.5
2023-05-24,22,2023-05-24T21:00,mcn,McNary,365.0,95.3,265.0,338.51,269.69,68.82,500.4
2023-05-24,23,2023-05-24T22:00,mcn,McNary,376.1,106.6,264.7,338.52,269.92,68.6,558.0
2023-05-24,24,2023-05-24T23:00,mcn,McNary,379.5,110.0,264.8,338.52,270.03,68.49,574.8
2023-05-25,1,2023-05-25T00:00,mcn,McNary,380.5,110.9,264.9,338.54,270.05,68.49,579.5
2023-05-25,2,2023-05-25T01:00,mcn,McNary,376.6,107.3,264.6,338.46,269.82,68.64,562.0
2023-05-25,3,2023-05-25T02:00,mcn,McNary,355.9,86.5,264.7,338.44,269.54,68.9,454.7
2023-05-25,4,2023-05-25T03:00,mcn,McNary,354.4,85.4,264.3,338.37,269.51,68.86,448.7
2023-05-25,5,2023-05-25T04:00,mcn,McNary,352.3,83.6,264.0,338.29,269.63,68.66,438.0
2023-05-25,6,2023-05-25T05:00,mcn,McNary,359.4,90.8,263.9,338.11,269.6,68.51,474.6
2023-05-25,7,2023-05-25T06:00,mcn,McNary,351.6,82.4,264.5,338.09,269.53,68.56,431.0
2023-05-25,8,2023-05-25T07:00,mcn,McNary,351.6,82.2,264.7,337.94,269.71,68.23,427.9
2023-05-25,9,2023-05-25T08:00,mcn,McNary,355.1,86.2,264.1,337.84,269.49,68.35,449.5
2023-05-25,10,2023-05-25T09:00,mcn,McNary,352.6,84.0,263.9,337.82,269.51,68.31,437.8
2023-05-25,11,2023-05-25T10:00,mcn,McNary,349.0,79.4,264.9,337.8,269.45,68.35,414.1
2023-05-25,12,2023-05-25T11:00,mcn,McNary,342.2,72.6,264.9,337.75,269.39,68.36,378.7
2023-05-25,13,2023-05-25T12:00,mcn,McNary,349.0,79.4,264.9,337.64,269.3,68.34,414.0
2023-05-25,14,2023-05-25T13:00,mcn,McNary,352.6,83.2,264.7,337.64,269.3,68.34,433.8
2023-05-25,15,2023-05-25T14:00,mcn,McNary,350.5,80.9,264.9,337.57,269.41,68.16,420.7
2023-05-25,16,2023-05-25T15:00,mcn,McNary,346.7,77.2,264.8,337.51,269.41,68.1,401.1
2023-05-25,17,2023-05-25T16:00,mcn,McNary,358.5,88.7,265.0,337.46,269.38,68.08,460.8
2023-05-25,18,2023-05-25T17:00,mcn,McNary,364.1,94.2,265.2,337.51,269.48,68.03,489.0
2023-05-25,19,2023-05-25T18:00,mcn,McNary,366.6,97.1,264.8,337.56,269.61,67.95,503.4
2023-05-25,20,2023-05-25T19:00,mcn,McNary,360.5,91.0,264.8,337.58,269.43,68.15,473.2
2023-05-25,21,2023-05-25T20:00,mcn,McNary,360.9,91.1,265.1,337.56,269.53,68.03,472.9
2023-05-25,22,2023-05-25T21:00,mcn,McNary,359.1,89.4,265.0,337.58,269.57,68.01,463.9
2023-05-25,23,2023-05-25T22:00,mcn,McNary,364.6,94.8,265.1,337.62,269.55,68.07,492.4
2023-05-25,24,2023-05-25T23:00,mcn,McNary,334.9,64.8,265.4,337.81,269.13,68.68,339.6
2023-05-26,1,2023-05-26T00:00,mcn,McNary,328.0,57.9,265.3,337.91,269.07,68.84,304.1
2023-05-26,2,2023-05-26T01:00,mcn,McNary,328.3,58.6,265.0,338.01,269.07,68.94,308.2
2023-05-26,3,2023-05-26T02:00,mcn,McNary,331.6,61.9,265.0,338.1,269.18,68.92,325.5
2023-05-26,4,2023-05-26T03:00,mcn,McNary,335.9,66.1,265.1,338.13,269.33,68.8,347.0
2023-05-26,5,2023-05-26T04:00,mcn,McNary,336.4,66.8,264.9,338.18,269.34,68.84,350.9
2023-05-26,6,2023-05-26T05:00,mcn,McNary,330.4,60.7,265.0,338.16,269.15,69.01,319.6
2023-05-26,7,2023-05-26T06:00,mcn,McNary,323.8,54.2,264.9,338.17,269.04,69.13,285.9
2023-05-26,8,2023-05-26T07:00,mcn,McNary,309.2,54.4,250.0,338.23,268.68,69.55,288.7
2023-05-26,9,2023-05-26T08:00,mcn,McNary,298.5,53.7,240.1,338.31,268.49,69.82,286.1
2023-05-26,10,2023-05-26T09:00,mcn,McNary,300.7,55.9,240.1,338.25,268.64,69.61,296.9
2023-05-26,11,2023-05-26T10:00,mcn,McNary,299.9,54.9,240.3,338.36,268.61,69.75,292.2
2023-05-26,12,2023-05-26T11:00,mcn,McNary,299.3,54.2,240.4,338.33,268.5,69.83,288.8
2023-05-26,13,2023-05-26T12:00,mcn,McNary,298.4,53.6,240.1,338.37,268.41,69.96,286.1
2023-05-26,14,2023-05-26T13:00,mcn,McNary,298.5,53.7,240.1,338.39,268.34,70.05,287.0
2023-05-26,15,2023-05-26T14:00,mcn,McNary,298.4,53.8,239.9,338.4,268.3,70.1,287.8
2023-05-26,16,2023-05-26T15:00,mcn,McNary,297.8,53.2,239.9,338.38,268.33,70.05,284.3
2023-05-26,17,2023-05-26T16:00,mcn,McNary,299.8,55.0,240.1,338.42,268.29,70.13,294.3
2023-05-26,18,2023-05-26T17:00,mcn,McNary,300.2,55.3,240.2,338.46,268.36,70.1,295.8
2023-05-26,19,2023-05-26T18:00,mcn,McNary,297.7,52.9,240.2,338.52,268.27,70.25,283.5
2023-05-26,20,2023-05-26T19:00,mcn,McNary,298.2,53.5,240.1,338.56,268.26,70.3,287.0
2023-05-26,21,2023-05-26T20:00,mcn,McNary,297.1,52.4,240.0,338.61,268.26,70.35,281.3
2023-05-26,22,2023-05-26T21:00,mcn,McNary,297.8,53.1,240.0,338.61,268.29,70.32,284.9
2023-05-26,23,2023-05-26T22:00,mcn,McNary,302.5,57.8,239.9,338.65,268.33,70.32,310.1
2023-05-26,24,2023-05-26T23:00,mcn,McNary,297.6,52.9,240.1,338.71,268.32,70.39,284.1
2023-05-27,1,2023-05-27T00:00,mcn,McNary,299.7,54.8,240.2,338.71,268.33,70.38,294.3
2023-05-27,2,2023-05-27T01:00,mcn,McNary,299.0,54.2,240.0,338.79,268.29,70.5,291.5
2023-05-27,3,2023-05-27T02:00,mcn,McNary,297.5,52.9,239.9,338.79,268.28,70.51,284.6
2023-05-27,4,2023-05-27T03:00,mcn,McNary,297.5,52.9,239.9,338.84,268.19,70.65,285.2
2023-05-27,5,2023-05-27T04:00,mcn,McNary,296.5,51.8,240.0,338.86,268.31,70.55,278.8
2023-05-27,6,2023-05-27T05:00,mcn,McNary,296.0,51.2,240.1,338.87,268.37,70.5,275.4
2023-05-27,7,2023-05-27T06:00,mcn,McNary,296.5,51.7,240.1,338.94,268.39,70.55,278.3
2023-05-27,8,2023-05-27T07:00,mcn,McNary,297.2,52.4,240.1,338.92,268.39,70.53,282.0
2023-05-27,9,2023-05-27T08:00,mcn,McNary,296.6,51.8,240.1,338.92,268.39,70.53,278.8
2023-05-27,10,2023-05-27T09:00,mcn,McNary,299.1,54.4,240.0,338.89,268.49,70.4,292.2
2023-05-27,11,2023-05-27T10:00,mcn,McNary,297.1,52.3,240.1,338.97,268.5,70.47,281.2
2023-05-27,12,2023-05-27T11:00,mcn,McNary,297.6,52.8,240.1,338.94,268.46,70.48,283.9
2023-05-27,13,2023-05-27T12:00,mcn,McNary,296.2,51.4,240.1,338.95,268.36,70.59,276.8
2023-05-27,14,2023-05-27T13:00,mcn,McNary,297.2,52.5,240.0,338.97,268.31,70.66,283.0
2023-05-27,15,2023-05-27T14:00,mcn,McNary,298.9,54.3,239.9,338.96,268.3,70.66,292.8
2023-05-27,16,2023-05-27T15:00,mcn,McNary,296.0,51.4,239.9,338.95,268.21,70.74,277.4
2023-05-27,17,2023-05-27T16:00,mcn,McNary,295.9,51.2,239.9,338.96,268.22,70.74,276.4
2023-05-27,18,2023-05-27T17:00,mcn,McNary,297.4,52.7,240.0,338.94,268.44,70.5,283.5
2023-05-27,19,2023-05-27T18:00,mcn,McNary,297.6,52.8,240.1,339.01,268.39,70.62,284.5
2023-05-27,20,2023-05-27T19:00,mcn,McNary,296.9,51.8,240.4,339.1,268.26,70.84,280.0
2023-05-27,21,2023-05-27T20:00,mcn,McNary,292.1,51.9,235.4,339.25,267.96,71.29,282.3
2023-05-27,22,2023-05-27T21:00,mcn,McNary,276.9,52.3,219.9,339.17,267.83,71.34,284.7
2023-05-27,23,2023-05-27T22:00,mcn,McNary,277.7,53.2,219.8,339.11,267.94,71.17,288.9
2023-05-27,24,2023-05-27T23:00,mcn,McNary,277.9,53.1,220.1,339.25,267.93,71.32,289.0
2023-05-28,1,2023-05-28T00:00,mcn,McNary,277.8,53.0,220.1,339.25,267.87,71.38,288.7
2023-05-28,2,2023-05-28T01:00,mcn,McNary,276.1,51.5,219.9,339.31,267.83,71.48,280.9
2023-05-28,3,2023-05-28T02:00,mcn,McNary,276.3,51.8,219.8,339.3,267.74,71.56,282.8
2023-05-28,4,2023-05-28T03:00,mcn,McNary,276.9,52.1,220.1,339.32,267.88,71.44,284.0
2023-05-28,5,2023-05-28T04:00,mcn,McNary,276.7,51.9,220.1,339.37,267.95,71.42,282.8
2023-05-28,6,2023-05-28T05:00,mcn,McNary,276.6,52.0,219.9,339.35,267.94,71.41,283.3
2023-05-28,7,2023-05-28T06:00,mcn,McNary,274.9,50.5,219.7,339.34,267.84,71.5,275.5
2023-05-28,8,2023-05-28T07:00,mcn,McNary,275.9,51.4,219.8,339.33,267.92,71.41,280.1
2023-05-28,9,2023-05-28T08:00,mcn,McNary,276.5,52.0,219.8,339.33,267.96,71.37,283.2
2023-05-28,10,2023-05-28T09:00,mcn,McNary,276.9,52.1,220.1,339.26,268.08,71.18,283.0
2023-05-28,11,2023-05-28T10:00,mcn,McNary,291.7,53.9,233.1,339.24,268.38,70.86,291.4
2023-05-28,12,2023-05-28T11:00,mcn,McNary,291.0,53.4,232.9,339.22,268.27,70.95,289.1
2023-05-28,13,2023-05-28T12:00,mcn,McNary,290.3,52.7,232.9,339.16,268.09,71.07,285.8
2023-05-28,14,2023-05-28T13:00,mcn,McNary,290.1,52.7,232.7,339.1,268.13,70.97,285.4
2023-05-28,15,2023-05-28T14:00,mcn,McNary,290.7,52.9,233.1,339.13,268.16,70.97,286.5
2023-05-28,16,2023-05-28T15:00,mcn,McNary,289.9,52.1,233.2,339.07,268.22,70.85,281.6
2023-05-28,17,2023-05-28T16:00,mcn,McNary,290.0,52.6,232.6,339.01,268.25,70.76,284.0
2023-05-28,18,2023-05-28T17:00,mcn,McNary,290.5,52.7,233.1,339.03,268.21,70.82,284.8
2023-05-28,19,2023-05-28T18:00,mcn,McNary,290.3,52.6,233.0,339.06,268.22,70.84,284.3
2023-05-28,20,2023-05-28T19:00,mcn,McNary,317.7,52.4,260.6,338.84,268.74,70.1,280.3
2023-05-28,21,2023-05-28T20:00,mcn,McNary,321.7,52.0,265.0,338.74,268.93,69.81,277.0
2023-05-28,22,2023-05-28T21:00,mcn,McNary,324.0,54.3,264.9,338.58,268.95,69.63,288.5
2023-05-28,23,2023-05-28T22:00,mcn,McNary,322.1,52.5,264.9,338.51,269.01,69.5,278.4
2023-05-28,24,2023-05-28T23:00,mcn,McNary,324.9,55.5,264.7,338.46,269.04,69.42,294.0
2023-05-29,1,2023-05-29T00:00,mcn,McNary,295.0,55.7,234.6,338.6,268.57,70.03,297.6
2023-05-29,2,2023-05-29T01:00,mcn,McNary,266.6,53.4,208.5,338.68,268.23,70.45,287.0
2023-05-29,3,2023-05-29T02:00,mcn,McNary,265.9,53.2,208.0,338.67,268.04,70.63,286.7
2023-05-29,4,2023-05-29T03:00,mcn,McNary,265.3,52.5,208.1,338.84,268.17,70.67,283.1
2023-05-29,5,2023-05-29T04:00,mcn,McNary,263.9,52.6,206.6,338.92,268.03,70.89,284.5
2023-05-29,6,2023-05-29T05:00,mcn,McNary,264.8,51.5,208.6,338.95,268.05,70.9,278.6
2023-05-29,7,2023-05-29T06:00,mcn,McNary,263.1,51.3,207.1,339.04,268.0,71.04,278.1
2023-05-29,8,2023-05-29T07:00,mcn,McNary,264.3,52.2,207.5,339.09,268.01,71.08,283.1
2023-05-29,9,2023-05-29T08:00,mcn,McNary,264.8,52.4,207.8,339.13,268.0,71.13,284.4
2023-05-29,10,2023-05-29T09:00,mcn,McNary,264.7,52.0,208.0,339.13,268.0,71.13,282.2
2023-05-29,11,2023-05-29T10:00,mcn,McNary,264.7,51.8,208.2,339.17,268.0,71.17,281.3
2023-05-29,12,2023-05-29T11:00,mcn,McNary,265.1,51.8,208.6,339.22,267.83,71.39,282.2
2023-05-29,13,2023-05-29T12:00,mcn,McNary,264.9,51.5,208.7,339.26,267.74,71.52,281.0
2023-05-29,14,2023-05-29T13:00,mcn,McNary,264.7,51.3,208.7,339.29,267.74,71.55,280.1
2023-05-29,15,2023-05-29T14:00,mcn,McNary,264.7,51.2,208.8,339.28,267.84,71.44,279.1
2023-05-29,16,2023-05-29T15:00,mcn,McNary,265.6,51.6,209.3,339.3,267.81,71.49,281.5
2023-05-29,17,2023-05-29T16:00,mcn,McNary,274.5,51.6,218.2,339.29,267.87,71.42,281.2
2023-05-29,18,2023-05-29T17:00,mcn,McNary,274.4,51.4,218.3,339.36,267.86,71.5,280.4
2023-05-29,19,2023-05-29T18:00,mcn,McNary,274.5,51.6,218.2,339.37,267.85,71.52,281.6
2023-05-29,20,2023-05-29T19:00,mcn,McNary,274.1,51.2,218.2,339.39,267.89,71.5,279.3
2023-05-29,21,2023-05-29T20:00,mcn,McNary,273.8,51.1,218.1,339.42,267.91,71.51,278.8
2023-05-29,22,2023-05-29T21:00,mcn,McNary,274.0,51.0,218.3,339.41,267.89,71.52,278.3
2023-05-29,23,2023-05-29T22:00,mcn,McNary,273.9,51.1,218.1,339.53,267.91,71.62,279.2
2023-05-29,24,2023-05-29T23:00,mcn,McNary,273.9,50.9,218.3,339.54,267.92,71.62,278.1
2023-05-30,1,2023-05-30T00:00,mcn,McNary,273.9,51.0,218.2,339.59,267.92,71.67,278.9
2023-05-30,2,2023-05-30T01:00,mcn,McNary,273.5,50.9,217.9,339.56,268.01,71.55,277.9
2023-05-30,3,2023-05-30T02:00,mcn,McNary,274.5,51.3,218.5,339.56,268.14,71.42,279.6
2023-05-30,4,2023-05-30T03:00,mcn,McNary,285.4,51.1,229.5,339.52,268.31,71.21,277.6
2023-05-30,5,2023-05-30T04:00,mcn,McNary,286.2,51.4,230.1,339.58,268.34,71.24,279.4
2023-05-30,6,2023-05-30T05:00,mcn,McNary,285.9,51.0,230.2,339.55,268.35,71.2,277.1
2023-05-30,7,2023-05-30T06:00,mcn,McNary,285.8,51.1,230.0,339.5,268.42,71.08,277.1
2023-05-30,8,2023-05-30T07:00,mcn,McNary,286.3,51.7,229.9,339.45,268.45,71.0,280.1
2023-05-30,9,2023-05-30T08:00,mcn,McNary,285.2,50.6,229.9,339.41,268.39,71.02,274.2
2023-05-30,10,2023-05-30T09:00,mcn,McNary,287.5,52.7,230.2,339.33,268.47,70.86,284.9
2023-05-30,11,2023-05-30T10:00,mcn,McNary,287.0,52.2,230.1,339.37,268.4,70.97,282.7
2023-05-30,12,2023-05-30T11:00,mcn,McNary,286.9,52.1,230.1,339.26,268.3,70.96,282.1
2023-05-30,13,2023-05-30T12:00,mcn,McNary,287.2,52.5,230.0,339.21,268.29,70.92,284.1
2023-05-30,14,2023-05-30T13:00,mcn,McNary,283.2,52.8,225.7,339.19,268.16,71.03,286.2
2023-05-30,15,2023-05-30T14:00,mcn,McNary,273.7,51.2,217.8,339.15,267.98,71.17,278.0
2023-05-30,16,2023-05-30T15:00,mcn,McNary,274.1,51.8,217.6,339.07,268.11,70.96,280.5
2023-05-30,17,2023-05-30T16:00,mcn,McNary,274.2,51.9,217.6,339.06,268.15,70.91,280.8
2023-05-30,18,2023-05-30T17:00,mcn,McNary,275.1,52.6,217.8,339.04,268.22,70.82,284.2
2023-05-30,19,2023-05-30T18:00,mcn,McNary,274.9,52.6,217.6,338.97,268.21,70.76,284.0
2023-05-30,20,2023-05-30T19:00,mcn,McNary,274.9,52.4,217.7,338.91,268.19,70.72,282.7
2023-05-30,21,2023-05-30T20:00,mcn,McNary,275.0,52.7,217.6,338.76,268.21,70.55,283.7
2023-05-30,22,2023-05-30T21:00,mcn,McNary,274.5,52.1,217.7,338.66,268.21,70.45,280.1
2023-05-30,23,2023-05-30T22:00,mcn,McNary,271.2,52.3,214.3,338.69,267.96,70.73,282.2
2023-05-30,24,2023-05-30T23:00,mcn,McNary,259.5,52.3,202.5,338.76,267.91,70.85,282.7
2023-05-31,1,2023-05-31T00:00,mcn,McNary,258.7,52.1,201.9,338.72,267.99,70.73,281.2
2023-05-31,2,2023-05-31T01:00,mcn,McNary,259.1,52.3,202.1,338.81,268.0,70.81,282.6
2023-05-31,3,2023-05-31T02:00,mcn,McNary,259.4,52.7,202.0,338.81,268.01,70.8,284.7
2023-05-31,4,2023-05-31T03:00,mcn,McNary,259.3,52.4,202.2,338.85,267.99,70.86,283.3
2023-05-31,5,2023-05-31T04:00,mcn,McNary,259.6,52.5,202.3,338.87,267.96,70.91,284.0
2023-05-31,6,2023-05-31T05:00,mcn,McNary,259.1,52.5,201.9,338.95,267.99,70.96,284.2
2023-05-31,7,2023-05-31T06:00,mcn,McNary,258.8,52.1,202.0,338.91,268.04,70.87,281.7
2023-05-31,8,2023-05-31T07:00,mcn,McNary,258.6,52.0,201.9,338.88,268.05,70.83,281.0
2023-05-31,9,2023-05-31T08:00,mcn,McNary,259.5,52.8,201.9,338.97,268.04,70.93,285.8
2023-05-31,10,2023-05-31T09:00,mcn,McNary,257.9,51.1,202.1,339.03,267.88,71.15,277.4
2023-05-31,11,2023-05-31T10:00,mcn,McNary,259.3,52.5,202.1,339.07,267.77,71.3,285.6
2023-05-31,12,2023-05-31T11:00,mcn,McNary,258.4,51.4,202.2,339.13,267.63,71.5,280.4
2023-05-31,13,2023-05-31T12:00,mcn,McNary,258.2,51.4,202.1,339.15,267.54,71.61,280.8
2023-05-31,14,2023-05-31T13:00,mcn,McNary,257.4,50.8,201.9,339.15,267.56,71.59,277.5
2023-05-31,15,2023-05-31T14:00,mcn,McNary,258.1,51.3,202.1,339.18,267.53,71.65,280.5
2023-05-31,16,2023-05-31T15:00,mcn,McNary,258.8,52.0,202.1,339.25,267.48,71.77,284.8
2023-05-31,17,2023-05-31T16:00,mcn,McNary,258.6,52.0,201.9,339.27,267.59,71.68,284.4
2023-05-31,18,2023-05-31T17:00,mcn,McNary,258.4,51.8,201.9,339.29,267.7,71.59,282.9
2023-05-31,19,2023-05-31T18:00,mcn,McNary,258.6,52.1,201.8,339.33,267.7,71.63,284.7
2023-05-31,20,2023-05-31T19:00,mcn,McNary,258.3,51.7,201.9,339.35,267.91,71.44,281.8
2023-05-31,21,2023-05-31T20:00,mcn,McNary,258.3,51.6,202.0,339.48,267.92,71.56,281.7
2023-05-31,22,2023-05-31T21:00,mcn,McNary,258.7,52.0,202.0,339.52,267.86,71.66,284.3
2023-05-31,23,2023-05-31T22:00,mcn,McNary,258.4,51.7,202.0,339.61,267.67,71.94,283.8
2023-05-31,24,2023-05-31T23:00,mcn,McNary,258.1,51.5,201.9,339.68,267.7,71.98,282.8
2023-06-01,1,2023-06-01T00:00,mcn,McNary,258.3,51.5,202.2,339.76,267.66,72.1,283.3
2023-06-01,2,2023-06-01T01:00,mcn,McNary,258.0,51.3,202.0,339.84,267.73,72.11,282.3
2023-06-01,3,2023-06-01T02:00,mcn,McNary,266.6,51.3,210.6,339.81,267.87,71.94,281.6
2023-06-01,4,2023-06-01T03:00,mcn,McNary,268.3,51.6,212.0,339.8,267.84,71.96,283.3
2023-06-01,5,2023-06-01T04:00,mcn,McNary,268.1,51.3,212.1,339.81,267.82,71.99,281.8
2023-06-01,6,2023-06-01T05:00,mcn,McNary,268.1,51.3,212.2,339.8,267.78,72.02,281.9
2023-06-01,7,2023-06-01T06:00,mcn,McNary,267.8,51.1,212.0,339.78,267.93,71.85,280.1
2023-06-01,8,2023-06-01T07:00,mcn,McNary,267.7,51.0,212.0,339.74,267.9,71.84,279.6
2023-06-01,9,2023-06-01T08:00,mcn,McNary,267.7,51.1,211.9,339.73,267.91,71.82,280.0
2023-06-01,10,2023-06-01T09:00,mcn,McNary,268.0,51.3,212.0,339.73,267.93,71.8,281.0
2023-06-01,11,2023-06-01T10:00,mcn,McNary,267.9,51.5,211.7,339.63,267.86,71.77,282.0
2023-06-01,12,2023-06-01T11:00,mcn,McNary,267.7,51.3,211.7,339.6,267.65,71.95,281.6
2023-06-01,13,2023-06-01T12:00,mcn,McNary,250.8,51.3,194.9,339.58,267.36,72.22,282.7
2023-06-01,14,2023-06-01T13:00,mcn,McNary,250.7,51.0,195.0,339.46,267.32,72.14,280.7
2023-06-01,15,2023-06-01T14:00,mcn,McNary,250.5,51.1,194.6,339.42,267.33,72.09,281.1
2023-06-01,16,2023-06-01T15:00,mcn,McNary,250.3,50.9,194.7,339.38,267.37,72.01,279.7
2023-06-01,17,2023-06-01T16:00,mcn,McNary,250.6,50.9,195.0,339.33,267.37,71.96,279.5
2023-06-01,18,2023-06-01T17:00,mcn,McNary,250.6,51.0,194.9,339.2,267.37,71.83,279.5
2023-06-01,19,2023-06-01T18:00,mcn,McNary,250.6,51.4,194.5,339.13,267.34,71.79,281.5
2023-06-01,20,2023-06-01T19:00,mcn,McNary,250.8,51.3,194.8,339.09,267.31,71.78,281.0
2023-06-01,21,2023-06-01T20:00,mcn,McNary,250.5,51.0,194.9,339.03,267.34,71.69,279.0
2023-06-01,22,2023-06-01T21:00,mcn,McNary,249.0,51.1,193.2,339.03,267.15,71.88,280.3
2023-06-01,23,2023-06-01T22:00,mcn,McNary,225.8,51.3,169.9,339.04,266.9,72.14,282.4
2023-06-01,24,2023-06-01T23:00,mcn,McNary,225.1,50.7,169.6,338.95,266.89,72.06,278.8
2023-06-02,1,2023-06-02T00:00,mcn,McNary,225.6,50.8,170.1,339.01,266.87,72.14,279.6
2023-06-02,2,2023-06-02T01:00,mcn,McNary,225.8,51.0,170.1,338.98,266.92,72.06,280.4
2023-06-02,3,2023-06-02T02:00,mcn,McNary,225.4,50.8,169.9,339.0,266.99,72.01,279.1
2023-06-02,4,2023-06-02T03:00,mcn,McNary,226.0,51.0,170.3,339.06,267.01,72.05,280.4
2023-06-02,5,2023-06-02T04:00,mcn,McNary,226.4,51.1,170.6,339.1,266.97,72.13,281.2
2023-06-02,6,2023-06-02T05:00,mcn,McNary,226.1,51.3,170.0,339.12,266.92,72.2,282.6
2023-06-02,7,2023-06-02T06:00,mcn,McNary,225.8,51.0,170.2,339.17,266.96,72.21,281.0
2023-06-02,8,2023-06-02T07:00,mcn,McNary,225.9,51.0,170.2,339.25,267.0,72.25,281.1
2023-06-02,9,2023-06-02T08:00,mcn,McNary,225.1,50.5,169.9,339.22,266.97,72.25,278.4
2023-06-02,10,2023-06-02T09:00,mcn,McNary,225.3,50.6,169.9,339.23,266.99,72.24,278.9
2023-06-02,11,2023-06-02T10:00,mcn,McNary,225.4,50.8,169.8,339.25,266.96,72.29,280.2
2023-06-02,12,2023-06-02T11:00,mcn,McNary,225.4,50.9,169.8,339.23,266.85,72.38,281.1
2023-06-02,13,2023-06-02T12:00,mcn,McNary,225.5,50.8,170.0,339.22,266.64,72.58,281.3
2023-06-02,14,2023-06-02T13:00,mcn,McNary,225.4,50.7,170.0,339.23,266.51,72.72,281.3
2023-06-02,15,2023-06-02T14:00,mcn,McNary,225.6,50.8,170.0,339.24,266.6,72.64,281.6
2023-06-02,16,2023-06-02T15:00,mcn,McNary,225.7,51.1,170.0,339.24,266.62,72.62,283.1
2023-06-02,17,2023-06-02T16:00,mcn,McNary,225.4,50.8,169.9,339.22,266.64,72.58,281.3
2023-06-02,18,2023-06-02T17:00,mcn,McNary,225.6,51.0,170.0,339.27,266.64,72.63,282.6
2023-06-02,19,2023-06-02T18:00,mcn,McNary,225.6,51.0,170.0,339.27,266.68,72.59,282.5
2023-06-02,20,2023-06-02T19:00,mcn,McNary,225.3,50.5,170.1,339.31,266.65,72.66,280.0
2023-06-02,21,2023-06-02T20:00,mcn,McNary,227.1,50.7,171.8,339.33,266.86,72.47,280.3
2023-06-02,22,2023-06-02T21:00,mcn,McNary,235.5,50.6,180.2,339.41,266.98,72.43,279.6
2023-06-02,23,2023-06-02T22:00,mcn,McNary,235.4,50.5,180.1,339.44,266.96,72.48,279.3
2023-06-02,24,2023-06-02T23:00,mcn,McNary,235.6,50.7,180.1,339.46,266.94,72.52,280.5
2023-06-03,1,2023-06-03T00:00,mcn,McNary,240.3,50.7,184.9,339.46,267.04,72.42,280.2
2023-06-03,2,2023-06-03T01:00,mcn,McNary,240.7,50.7,185.3,339.61,267.11,72.5,280.5
2023-06-03,3,2023-06-03T02:00,mcn,McNary,240.2,50.6,185.0,339.54,267.28,72.26,279.0
2023-06-03,4,2023-06-03T03:00,mcn,McNary,240.6,51.0,184.9,339.56,267.16,72.4,281.7
2023-06-03,5,2023-06-03T04:00,mcn,McNary,240.9,51.0,185.2,339.55,267.18,72.37,281.6
2023-06-03,6,2023-06-03T05:00,mcn,McNary,240.6,50.9,185.0,339.53,267.17,72.36,281.0
2023-06-03,7,2023-06-03T06:00,mcn,McNary,240.3,50.5,185.1,339.55,267.18,72.37,278.9
2023-06-03,8,2023-06-03T07:00,mcn,McNary,240.6,50.7,185.1,339.52,267.21,72.31,279.7
2023-06-03,9,2023-06-03T08:00,mcn,McNary,240.7,50.9,185.1,339.5,267.21,72.29,280.8
2023-06-03,10,2023-06-03T09:00,mcn,McNary,240.7,50.7,185.3,339.44,267.26,72.18,279.2
2023-06-03,11,2023-06-03T10:00,mcn,McNary,240.5,50.8,185.0,339.39,267.19,72.2,279.9
2023-06-03,12,2023-06-03T11:00,mcn,McNary,240.3,50.9,184.7,339.28,267.05,72.23,280.5
2023-06-03,13,2023-06-03T12:00,mcn,McNary,230.3,50.6,175.0,339.24,266.78,72.46,279.8
2023-06-03,14,2023-06-03T13:00,mcn,McNary,229.9,50.5,174.7,339.16,266.74,72.42,279.0
2023-06-03,15,2023-06-03T14:00,mcn,McNary,229.8,50.6,174.4,339.07,266.77,72.3,279.1
2023-06-03,16,2023-06-03T15:00,mcn,McNary,229.8,50.4,174.6,338.97,266.79,72.18,277.6
2023-06-03,17,2023-06-03T16:00,mcn,McNary,230.4,51.0,174.7,338.85,266.77,72.08,280.5
2023-06-03,18,2023-06-03T17:00,mcn,McNary,230.3,50.8,174.8,338.79,266.79,72.0,279.1
2023-06-03,19,2023-06-03T18:00,mcn,McNary,230.2,50.7,174.8,338.69,266.79,71.9,278.1
2023-06-03,20,2023-06-03T19:00,mcn,McNary,230.4,50.8,174.9,338.64,266.79,71.85,278.5
2023-06-03,21,2023-06-03T20:00,mcn,McNary,230.5,50.9,175.0,338.62,266.77,71.85,279.0
2023-06-03,22,2023-06-03T21:00,mcn,McNary,230.5,50.6,175.2,338.59,266.85,71.74,277.0
2023-06-03,23,2023-06-03T22:00,mcn,McNary,230.6,50.8,175.1,338.51,266.86,71.65,277.7
2023-06-03,24,2023-06-03T23:00,mcn,McNary,230.3,50.7,174.9,338.53,266.89,71.64,277.1
2023-06-04,1,2023-06-04T00:00,mcn,McNary,230.5,50.9,174.8,338.49,266.88,71.61,278.1
2023-06-04,2,2023-06-04T01:00,mcn,McNary,230.4,50.8,174.9,338.49,266.95,71.54,277.3
2023-06-04,3,2023-06-04T02:00,mcn,McNary,226.2,51.1,170.4,338.65,266.92,71.73,279.7
2023-06-04,4,2023-06-04T03:00,mcn,McNary,220.6,51.1,164.9,338.63,266.9,71.73,279.7
2023-06-04,5,2023-06-04T04:00,mcn,McNary,220.6,51.0,164.9,338.64,266.92,71.72,279.1
2023-06-04,6,2023-06-04T05:00,mcn,McNary,220.8,51.0,165.0,338.68,266.93,71.75,279.2
2023-06-04,7,2023-06-04T06:00,mcn,McNary,220.3,50.7,164.9,338.7,266.93,71.77,277.6
2023-06-04,8,2023-06-04T07:00,mcn,McNary,220.9,51.3,164.9,338.71,266.96,71.75,280.8
2023-06-04,9,2023-06-04T08:00,mcn,McNary,220.6,50.8,165.1,338.72,266.94,71.78,278.2
2023-06-04,10,2023-06-04T09:00,mcn,McNary,220.9,51.1,165.0,338.71,266.95,71.76,279.8
2023-06-04,11,2023-06-04T10:00,mcn,McNary,220.6,50.8,165.1,338.71,266.92,71.79,278.3
2023-06-04,12,2023-06-04T11:00,mcn,McNary,220.8,50.9,165.2,338.66,266.83,71.83,279.0
2023-06-04,13,2023-06-04T12:00,mcn,McNary,220.7,51.0,165.0,338.65,266.72,71.93,279.9
2023-06-04,14,2023-06-04T13:00,mcn,McNary,220.7,51.0,165.0,338.61,266.65,71.96,280.0
2023-06-04,15,2023-06-04T14:00,mcn,McNary,220.6,50.9,165.1,338.57,266.72,71.85,279.0
2023-06-04,16,2023-06-04T15:00,mcn,McNary,220.6,50.9,165.0,338.61,266.74,71.87,279.1
2023-06-04,17,2023-06-04T16:00,mcn,McNary,221.1,51.5,165.0,338.55,266.69,71.86,282.4
2023-06-04,18,2023-06-04T17:00,mcn,McNary,221.1,51.5,164.9,338.51,266.67,71.84,282.3
2023-06-04,19,2023-06-04T18:00,mcn,McNary,221.0,51.5,164.8,338.46,266.69,71.77,282.0
2023-06-04,20,2023-06-04T19:00,mcn,McNary,219.8,50.9,164.2,338.45,266.63,71.82,278.9
2023-06-04,21,2023-06-04T20:00,mcn,McNary,210.5,50.8,155.0,338.46,266.42,72.04,279.2
2023-06-04,22,2023-06-04T21:00,mcn,McNary,210.3,50.6,154.9,338.4,266.51,71.89,277.6
2023-06-04,23,2023-06-04T22:00,mcn,McNary,210.5,50.9,154.9,338.44,266.55,71.89,279.2
2023-06-04,24,2023-06-04T23:00,mcn,McNary,210.4,50.7,154.9,338.46,266.45,72.01,278.6
2023-06-05,1,2023-06-05T00:00,mcn,McNary,210.7,51.0,155.0,338.42,266.43,71.99,280.1
2023-06-05,2,2023-06-05T01:00,mcn,McNary,210.4,50.7,154.9,338.45,266.5,71.95,278.3
2023-06-05,3,2023-06-05T02:00,mcn,McNary,210.5,50.7,155.1,338.52,266.55,71.97,278.4
2023-06-05,4,2023-06-05T03:00,mcn,McNary,210.7,50.9,155.1,338.54,266.55,71.99,279.6
2023-06-05,5,2023-06-05T04:00,mcn,McNary,210.7,51.2,154.8,338.62,266.57,72.05,281.5
2023-06-05,6,2023-06-05T05:00,mcn,McNary,210.7,51.1,154.9,338.63,266.57,72.06,281.0
2023-06-05,7,2023-06-05T06:00,mcn,McNary,210.6,51.0,154.9,338.66,266.56,72.1,280.6
2023-06-05,8,2023-06-05T07:00,mcn,McNary,210.1,50.2,155.2,338.67,266.47,72.2,276.5
2023-06-05,9,2023-06-05T08:00,mcn,McNary,211.3,51.4,155.1,338.65,266.4,72.25,283.4
2023-06-05,10,2023-06-05T09:00,mcn,McNary,210.4,50.8,154.9,338.64,266.42,72.22,279.9
2023-06-05,11,2023-06-05T10:00,mcn,McNary,210.9,51.1,155.0,338.65,266.36,72.29,281.9
2023-06-05,12,2023-06-05T11:00,mcn,McNary,210.5,50.8,155.0,338.62,266.27,72.35,280.4
2023-06-05,13,2023-06-05T12:00,mcn,McNary,210.5,50.7,155.0,338.61,266.15,72.46,280.3
2023-06-05,14,2023-06-05T13:00,mcn,McNary,210.9,50.9,155.2,338.62,266.17,72.45,281.4
2023-06-05,15,2023-06-05T14:00,mcn,McNary,211.0,51.3,155.0,338.61,266.24,72.37,283.3
2023-06-05,16,2023-06-05T15:00,mcn,McNary,211.3,51.6,155.0,338.56,266.12,72.44,285.2
2023-06-05,17,2023-06-05T16:00,mcn,McNary,210.7,51.0,154.9,338.57,266.17,72.4,281.7
2023-06-05,18,2023-06-05T17:00,mcn,McNary,210.4,50.8,154.9,338.51,266.04,72.47,280.9
2023-06-05,19,2023-06-05T18:00,mcn,McNary,212.1,51.1,156.2,338.49,266.15,72.34,282.0
2023-06-05,20,2023-06-05T19:00,mcn,McNary,220.4,50.7,165.1,338.47,266.25,72.22,279.4
2023-06-05,21,2023-06-05T20:00,mcn,McNary,220.2,50.5,165.0,338.48,266.26,72.22,278.3
2023-06-05,22,2023-06-05T21:00,mcn,McNary,220.4,50.7,165.0,338.46,266.25,72.21,279.3
2023-06-05,23,2023-06-05T22:00,mcn,McNary,220.0,50.4,165.0,338.48,266.32,72.16,277.5
2023-06-05,24,2023-06-05T23:00,mcn,McNary,220.8,51.0,165.1,338.55,266.28,72.27,281.2
2023-06-06,1,2023-06-06T00:00,mcn,McNary,221.4,50.8,165.8,338.55,266.35,72.2,279.9
2023-06-06,2,2023-06-06T01:00,mcn,McNary,225.4,50.8,169.9,338.61,266.37,72.24,280.0
2023-06-06,3,2023-06-06T02:00,mcn,McNary,225.7,50.9,170.0,338.64,266.45,72.19,280.4
2023-06-06,4,2023-06-06T03:00,mcn,McNary,225.7,51.2,169.8,338.69,266.46,72.23,282.2
2023-06-06,5,2023-06-06T04:00,mcn,McNary,226.9,52.2,170.0,338.71,266.4,72.31,288.0
2023-06-06,6,2023-06-06T05:00,mcn,McNary,227.0,52.3,170.0,338.77,266.42,72.35,288.7
2023-06-06,7,2023-06-06T06:00,mcn,McNary,227.2,52.6,169.9,338.78,266.56,72.22,289.8
2023-06-06,8,2023-06-06T07:00,mcn,McNary,227.3,52.6,170.1,338.79,266.58,72.21,289.8
2023-06-06,9,2023-06-06T08:00,mcn,McNary,228.5,53.8,170.0,338.82,266.58,72.24,296.5
2023-06-06,10,2023-06-06T09:00,mcn,McNary,228.5,53.9,169.9,338.87,266.55,72.32,297.4
2023-06-06,11,2023-06-06T10:00,mcn,McNary,225.2,50.6,169.9,338.89,266.39,72.5,279.9
2023-06-06,12,2023-06-06T11:00,mcn,McNary,225.6,51.2,169.7,338.88,266.39,72.49,283.2
2023-06-06,13,2023-06-06T12:00,mcn,McNary,226.3,51.5,170.1,338.89,266.27,72.62,285.4
2023-06-06,14,2023-06-06T13:00,mcn,McNary,225.4,50.5,170.2,338.87,266.25,72.62,279.8
2023-06-06,15,2023-06-06T14:00,mcn,McNary,224.8,50.4,169.7,338.81,266.3,72.51,278.8
2023-06-06,16,2023-06-06T15:00,mcn,McNary,225.2,50.7,169.8,338.81,266.29,72.52,280.5
2023-06-06,17,2023-06-06T16:00,mcn,McNary,225.5,50.8,170.0,338.75,266.27,72.48,280.9
2023-06-06,18,2023-06-06T17:00,mcn,McNary,224.9,50.1,170.1,338.75,266.3,72.45,276.9
2023-06-06,19,2023-06-06T18:00,mcn,McNary,224.6,49.9,169.9,338.73,266.27,72.46,275.9
2023-06-06,20,2023-06-06T19:00,mcn,McNary,224.6,50.0,169.9,338.67,266.29,72.38,276.1
2023-06-06,21,2023-06-06T20:00,mcn,McNary,225.3,50.5,170.1,338.7,266.29,72.41,279.0
2023-06-06,22,2023-06-06T21:00,mcn,McNary,225.0,50.4,169.9,338.63,266.33,72.3,278.0
2023-06-06,23,2023-06-06T22:00,mcn,McNary,224.9,50.4,169.9,338.61,266.32,72.29,278.0
2023-06-06,24,2023-06-06T23:00,mcn,McNary,224.7,50.3,169.7,338.64,266.34,72.3,277.5
2023-06-07,1,2023-06-07T00:00,mcn,McNary,224.7,50.1,169.9,338.6,266.34,72.26,276.2
2023-06-07,2,2023-06-07T01:00,mcn,McNary,225.2,50.6,169.9,338.63,266.36,72.27,279.0
2023-06-07,3,2023-06-07T02:00,mcn,McNary,225.0,50.3,170.0,338.61,266.41,72.2,277.1
2023-06-07,4,2023-06-07T03:00,mcn,McNary,224.7,50.2,169.8,338.61,266.38,72.23,276.7
2023-06-07,5,2023-06-07T04:00,mcn,McNary,219.3,50.3,164.3,338.62,266.33,72.29,277.4
2023-06-07,6,2023-06-07T05:00,mcn,McNary,218.3,50.6,163.0,338.64,266.36,72.28,279.1
2023-06-07,7,2023-06-07T06:00,mcn,McNary,218.0,50.2,163.1,338.64,266.34,72.3,276.9
2023-06-07,8,2023-06-07T07:00,mcn,McNary,218.5,50.7,163.2,338.65,266.32,72.33,279.8
2023-06-07,9,2023-06-07T08:00,mcn,McNary,218.8,50.9,163.2,338.65,266.33,72.32,280.9
2023-06-07,10,2023-06-07T09:00,mcn,McNary,218.5,50.6,163.2,338.64,266.34,72.3,279.1
2023-06-07,11,2023-06-07T10:00,mcn,McNary,218.3,50.4,163.2,338.68,266.29,72.39,278.4
2023-06-07,12,2023-06-07T11:00,mcn,McNary,218.4,50.4,163.3,338.66,266.32,72.34,278.2
2023-06-07,13,2023-06-07T12:00,mcn,McNary,224.7,50.2,169.8,338.65,266.36,72.29,276.9
2023-06-07,14,2023-06-07T13:00,mcn,McNary,225.8,51.1,170.0,338.64,266.33,72.31,281.9
2023-06-07,15,2023-06-07T14:00,mcn,McNary,225.5,50.8,170.0,338.65,266.29,72.36,280.5
2023-06-07,16,2023-06-07T15:00,mcn,McNary,225.9,51.1,170.0,338.62,266.31,72.31,281.9
2023-06-07,17,2023-06-07T16:00,mcn,McNary,225.2,50.6,170.0,338.61,266.27,72.34,279.3
2023-06-07,18,2023-06-07T17:00,mcn,McNary,225.5,50.9,170.0,338.63,266.16,72.47,281.4
2023-06-07,19,2023-06-07T18:00,mcn,McNary,225.4,50.5,170.1,338.6,266.18,72.42,279.0
2023-06-07,20,2023-06-07T19:00,mcn,McNary,223.0,50.4,167.9,338.64,265.97,72.67,279.5
2023-06-07,21,2023-06-07T20:00,mcn,McNary,214.9,50.5,159.7,338.6,265.88,72.72,280.2
2023-06-07,22,2023-06-07T21:00,mcn,McNary,214.6,50.3,159.7,338.57,265.99,72.58,278.6
2023-06-07,23,2023-06-07T22:00,mcn,McNary,214.8,50.3,159.8,338.61,266.02,72.59,278.6
2023-06-07,24,2023-06-07T23:00,mcn,McNary,214.8,50.2,159.9,338.62,266.0,72.62,278.2
2023-06-08,1,2023-06-08T00:00,mcn,McNary,215.1,50.5,159.8,338.64,266.01,72.63,279.9
2023-06-08,2,2023-06-08T01:00,mcn,McNary,214.5,50.1,159.7,338.64,266.02,72.62,277.6
2023-06-08,3,2023-06-08T02:00,mcn,McNary,214.6,50.0,159.9,338.7,266.06,72.64,277.1
2023-06-08,4,2023-06-08T03:00,mcn,McNary,215.3,50.6,160.0,338.69,266.02,72.67,280.6
2023-06-08,5,2023-06-08T04:00,mcn,McNary,215.0,50.3,160.0,338.73,265.96,72.77,279.3
2023-06-08,6,2023-06-08T05:00,mcn,McNary,215.1,50.5,159.9,338.75,265.95,72.8,280.5
2023-06-08,7,2023-06-08T06:00,mcn,McNary,214.6,49.8,160.1,338.76,265.97,72.79,276.6
2023-06-08,8,2023-06-08T07:00,mcn,McNary,214.7,50.1,159.9,338.68,265.97,72.71,277.9
2023-06-08,9,2023-06-08T08:00,mcn,McNary,214.8,50.3,159.8,338.76,265.98,72.78,279.3
2023-06-08,10,2023-06-08T09:00,mcn,McNary,215.3,50.6,159.9,338.74,266.04,72.7,280.7
2023-06-08,11,2023-06-08T10:00,mcn,McNary,215.8,51.2,159.9,338.73,265.96,72.77,284.3
2023-06-08,12,2023-06-08T11:00,mcn,McNary,214.7,50.1,159.9,338.79,265.96,72.83,278.4
2023-06-08,13,2023-06-08T12:00,mcn,McNary,214.9,50.3,159.9,338.75,265.92,72.83,279.5
2023-06-08,14,2023-06-08T13:00,mcn,McNary,214.6,50.1,159.9,338.71,265.89,72.82,278.4
2023-06-08,15,2023-06-08T14:00,mcn,McNary,214.5,50.0,159.8,338.73,265.86,72.87,278.0
2023-06-08,16,2023-06-08T15:00,mcn,McNary,214.6,50.1,159.8,338.73,265.89,72.84,278.4
2023-06-08,17,2023-06-08T16:00,mcn,McNary,214.5,50.0,159.9,338.72,265.92,72.8,277.7
2023-06-08,18,2023-06-08T17:00,mcn,McNary,214.8,50.2,159.9,338.72,265.81,72.91,279.3
2023-06-08,19,2023-06-08T18:00,mcn,McNary,214.5,49.9,160.0,338.73,265.73,73.0,277.9
2023-06-08,20,2023-06-08T19:00,mcn,McNary,214.7,50.1,159.9,338.71,265.75,72.96,278.9
2023-06-08,21,2023-06-08T20:00,mcn,McNary,214.2,49.5,159.9,338.71,265.82,72.89,275.3
2023-06-08,22,2023-06-08T21:00,mcn,McNary,214.2,49.5,159.9,338.73,265.75,72.98,275.6
2023-06-08,23,2023-06-08T22:00,mcn,McNary,214.4,49.8,159.9,338.76,265.74,73.02,277.5
2023-06-08,24,2023-06-08T23:00,mcn,McNary,214.2,49.7,159.8,338.73,265.76,72.97,276.7
2023-06-09,1,2023-06-09T00:00,mcn,McNary,214.5,49.9,160.0,338.73,265.81,72.92,277.6
2023-06-09,2,2023-06-09T01:00,mcn,McNary,214.6,50.0,159.8,338.71,265.79,72.92,278.2
2023-06-09,3,2023-06-09T02:00,mcn,McNary,215.1,50.4,160.0,338.76,265.82,72.94,280.5
2023-06-09,4,2023-06-09T03:00,mcn,McNary,215.0,50.3,160.1,338.74,265.82,72.92,279.9
2023-06-09,5,2023-06-09T04:00,mcn,McNary,214.3,50.5,159.2,338.73,265.78,72.95,281.1
2023-06-09,6,2023-06-09T05:00,mcn,McNary,205.3,49.9,150.7,338.77,265.71,73.06,278.2
2023-06-09,7,2023-06-09T06:00,mcn,McNary,205.3,49.6,151.0,338.81,265.71,73.1,276.6
2023-06-09,8,2023-06-09T07:00,mcn,McNary,205.2,49.7,150.8,338.8,265.73,73.07,277.1
2023-06-09,9,2023-06-09T08:00,mcn,McNary,205.6,49.9,151.0,338.81,265.74,73.07,278.2
2023-06-09,10,2023-06-09T09:00,mcn,McNary,205.3,49.7,150.9,338.81,265.72,73.09,277.2
2023-06-09,11,2023-06-09T10:00,mcn,McNary,205.7,49.9,151.0,338.82,265.73,73.09,278.3
2023-06-09,12,2023-06-09T11:00,mcn,McNary,205.2,49.7,150.7,338.83,265.6,73.23,277.7
2023-06-09,13,2023-06-09T12:00,mcn,McNary,189.6,49.7,135.2,338.9,265.33,73.57,279.0
2023-06-09,14,2023-06-09T13:00,mcn,McNary,189.1,49.4,135.0,338.86,265.24,73.62,277.5
2023-06-09,15,2023-06-09T14:00,mcn,McNary,189.5,49.6,135.1,338.91,265.23,73.68,278.8
2023-06-09,16,2023-06-09T15:00,mcn,McNary,189.4,49.6,135.1,338.93,265.34,73.59,278.5
2023-06-09,17,2023-06-09T16:00,mcn,McNary,189.3,49.5,135.1,338.93,265.33,73.6,278.0
2023-06-09,18,2023-06-09T17:00,mcn,McNary,189.6,49.7,135.1,338.92,265.33,73.59,279.1
2023-06-09,19,2023-06-09T18:00,mcn,McNary,189.7,49.9,135.1,338.85,265.27,73.58,280.1
2023-06-09,20,2023-06-09T19:00,mcn,McNary,189.2,49.5,135.0,338.91,265.27,73.64,278.1
2023-06-09,21,2023-06-09T20:00,mcn,McNary,188.9,49.3,134.9,338.84,265.36,73.48,276.4
2023-06-09,22,2023-06-09T21:00,mcn,McNary,188.6,49.1,134.8,338.8,265.38,73.42,275.1
2023-06-09,23,2023-06-09T22:00,mcn,McNary,189.4,49.8,134.9,338.84,265.35,73.49,279.2
2023-06-09,24,2023-06-09T23:00,mcn,McNary,189.5,49.7,135.1,338.93,265.19,73.74,279.6
2023-06-10,1,2023-06-10T00:00,mcn,McNary,189.2,49.5,135.0,338.96,265.18,73.78,278.7
2023-06-10,2,2023-06-10T01:00,mcn,McNary,188.9,49.3,134.9,338.99,265.29,73.7,277.2
2023-06-10,3,2023-06-10T02:00,mcn,McNary,189.3,49.6,135.0,339.05,265.34,73.71,279.0
2023-06-10,4,2023-06-10T03:00,mcn,McNary,189.1,49.6,134.8,339.08,265.29,73.79,279.3
2023-06-10,5,2023-06-10T04:00,mcn,McNary,189.2,49.4,135.2,339.05,265.17,73.88,278.5
2023-06-10,6,2023-06-10T05:00,mcn,McNary,189.2,49.5,135.0,339.07,265.18,73.89,279.1
2023-06-10,7,2023-06-10T06:00,mcn,McNary,189.0,49.3,135.0,339.03,265.22,73.81,277.6
2023-06-10,8,2023-06-10T07:00,mcn,McNary,188.9,49.3,134.9,339.02,265.3,73.72,277.3
2023-06-10,9,2023-06-10T08:00,mcn,McNary,189.1,49.3,135.0,338.99,265.21,73.78,277.5
2023-06-10,10,2023-06-10T09:00,mcn,McNary,175.3,49.6,121.0,339.06,264.93,74.13,280.5
2023-06-10,11,2023-06-10T10:00,mcn,McNary,175.0,49.9,120.4,339.03,264.93,74.1,282.1
2023-06-10,12,2023-06-10T11:00,mcn,McNary,174.9,49.9,120.3,339.02,264.78,74.24,282.7
2023-06-10,13,2023-06-10T12:00,mcn,McNary,174.7,49.6,120.3,339.04,264.75,74.29,281.1
2023-06-10,14,2023-06-10T13:00,mcn,McNary,174.6,49.5,120.4,339.04,264.62,74.42,281.1
2023-06-10,15,2023-06-10T14:00,mcn,McNary,174.3,49.3,120.3,338.99,264.68,74.31,279.5
2023-06-10,16,2023-06-10T15:00,mcn,McNary,174.5,49.5,120.2,338.98,264.71,74.27,280.5
2023-06-10,17,2023-06-10T16:00,mcn,McNary,174.7,49.7,120.4,338.99,264.69,74.3,281.8
2023-06-10,18,2023-06-10T17:00,mcn,McNary,175.0,49.6,120.7,338.98,264.92,74.06,280.3
2023-06-10,19,2023-06-10T18:00,mcn,McNary,174.9,49.5,120.7,338.96,264.74,74.22,280.3
2023-06-10,20,2023-06-10T19:00,mcn,McNary,174.9,49.5,120.7,338.96,264.64,74.32,280.7
2023-06-10,21,2023-06-10T20:00,mcn,McNary,175.0,49.6,120.7,338.93,264.69,74.24,281.0
2023-06-10,22,2023-06-10T21:00,mcn,McNary,174.8,49.4,120.6,338.92,264.75,74.17,279.6
2023-06-10,23,2023-06-10T22:00,mcn,McNary,161.4,49.4,107.3,339.0,264.52,74.48,280.7
2023-06-10,24,2023-06-10T23:00,mcn,McNary,159.9,49.8,105.3,338.98,264.61,74.37,282.6
2023-06-11,1,2023-06-11T00:00,mcn,McNary,159.6,49.6,105.3,339.0,264.67,74.33,281.3
2023-06-11,2,2023-06-11T01:00,mcn,McNary,159.5,49.5,105.3,339.02,264.67,74.35,280.8
2023-06-11,3,2023-06-11T02:00,mcn,McNary,159.7,49.7,105.3,339.04,264.67,74.37,282.0
2023-06-11,4,2023-06-11T03:00,mcn,McNary,160.1,50.0,105.4,339.0,264.71,74.29,283.4
2023-06-11,5,2023-06-11T04:00,mcn,McNary,160.5,50.4,105.4,339.03,264.68,74.35,285.9
2023-06-11,6,2023-06-11T05:00,mcn,McNary,162.0,49.8,107.5,339.04,264.8,74.24,282.1
2023-06-11,7,2023-06-11T06:00,mcn,McNary,170.7,49.8,116.2,339.08,264.83,74.25,282.1
2023-06-11,8,2023-06-11T07:00,mcn,McNary,171.1,50.3,116.1,339.1,264.84,74.26,285.0
2023-06-11,9,2023-06-11T08:00,mcn,McNary,171.1,50.3,116.1,339.08,264.81,74.27,285.0
2023-06-11,10,2023-06-11T09:00,mcn,McNary,171.5,50.6,116.1,339.13,264.85,74.28,286.8
2023-06-11,11,2023-06-11T10:00,mcn,McNary,171.5,50.6,116.2,339.09,264.78,74.31,286.9
2023-06-11,12,2023-06-11T11:00,mcn,McNary,170.8,50.2,115.9,339.08,264.69,74.39,284.9
2023-06-11,13,2023-06-11T12:00,mcn,McNary,171.0,50.3,116.0,339.09,264.64,74.45,285.7
2023-06-11,14,2023-06-11T13:00,mcn,McNary,174.7,50.1,119.9,339.06,264.64,74.42,284.5
2023-06-11,15,2023-06-11T14:00,mcn,McNary,175.2,50.5,120.0,339.05,264.72,74.33,286.4
2023-06-11,16,2023-06-11T15:00,mcn,McNary,175.4,50.9,119.8,339.02,264.72,74.3,288.6
2023-06-11,17,2023-06-11T16:00,mcn,McNary,174.7,50.3,119.7,339.02,264.77,74.25,285.0
2023-06-11,18,2023-06-11T17:00,mcn,McNary,175.3,50.9,119.6,338.99,264.67,74.32,288.6
2023-06-11,19,2023-06-11T18:00,mcn,McNary,175.6,51.0,120.0,338.93,264.69,74.24,288.9
2023-06-11,20,2023-06-11T19:00,mcn,McNary,175.5,50.9,119.9,338.97,264.7,74.27,288.4
2023-06-11,21,2023-06-11T20:00,mcn,McNary,175.3,50.6,119.9,338.85,264.7,74.15,286.3
2023-06-11,22,2023-06-11T21:00,mcn,McNary,175.3,50.5,120.1,338.84,264.84,74.0,285.1
2023-06-11,23,2023-06-11T22:00,mcn,McNary,174.3,51.0,118.6,338.82,264.67,74.15,288.5
2023-06-11,24,2023-06-11T23:00,mcn,McNary,165.3,50.7,109.9,338.79,264.62,74.17,286.9
2023-06-12,1,2023-06-12T00:00,mcn,McNary,165.3,50.7,109.9,338.83,264.63,74.2,287.0
2023-06-12,2,2023-06-12T01:00,mcn,McNary,165.4,50.8,109.9,338.82,264.74,74.08,287.1
2023-06-12,3,2023-06-12T02:00,mcn,McNary,165.3,50.7,109.9,338.84,264.72,74.12,286.7
2023-06-12,4,2023-06-12T03:00,mcn,McNary,165.5,50.8,110.0,338.86,264.74,74.12,287.3
2023-06-12,5,2023-06-12T04:00,mcn,McNary,165.9,51.2,110.0,338.87,264.75,74.12,289.6
2023-06-12,6,2023-06-12T05:00,mcn,McNary,165.5,50.7,110.0,338.89,264.71,74.18,287.0
2023-06-12,7,2023-06-12T06:00,mcn,McNary,165.8,51.0,110.1,338.93,264.72,74.21,288.8
2023-06-12,8,2023-06-12T07:00,mcn,McNary,165.2,50.4,110.1,338.94,264.7,74.24,285.5
2023-06-12,9,2023-06-12T08:00,mcn,McNary,165.6,50.7,110.2,338.95,264.7,74.25,287.2
2023-06-12,10,2023-06-12T09:00,mcn,McNary,165.2,50.3,110.2,338.98,264.72,74.26,285.0
2023-06-12,11,2023-06-12T10:00,mcn,McNary,165.2,50.6,109.9,339.03,264.69,74.34,287.0
2023-06-12,12,2023-06-12T11:00,mcn,McNary,165.4,50.7,110.0,339.03,264.56,74.47,288.1
2023-06-12,13,2023-06-12T12:00,mcn,McNary,165.3,50.5,110.1,339.08,264.43,74.65,287.6
2023-06-12,14,2023-06-12T13:00,mcn,McNary,164.8,49.7,110.4,339.12,264.4,74.72,283.3
2023-06-12,15,2023-06-12T14:00,mcn,McNary,164.9,50.1,110.1,339.14,264.45,74.69,285.5
2023-06-12,16,2023-06-12T15:00,mcn,McNary,165.0,50.2,110.1,339.19,264.46,74.73,286.2
2023-06-12,17,2023-06-12T16:00,mcn,McNary,165.0,50.2,110.1,339.21,264.45,74.76,286.4
2023-06-12,18,2023-06-12T17:00,mcn,McNary,183.6,51.1,127.8,339.13,264.83,74.3,289.7
2023-06-12,19,2023-06-12T18:00,mcn,McNary,192.0,50.2,137.1,339.08,265.25,73.83,282.8
2023-06-12,20,2023-06-12T19:00,mcn,McNary,214.6,50.2,159.7,338.99,265.33,73.66,282.1
2023-06-12,21,2023-06-12T20:00,mcn,McNary,215.1,50.6,159.8,338.97,265.17,73.8,284.9
2023-06-12,22,2023-06-12T21:00,mcn,McNary,215.2,50.4,160.0,338.85,265.19,73.66,283.3
2023-06-12,23,2023-06-12T22:00,mcn,McNary,198.0,50.9,142.4,338.9,264.61,74.29,288.5
2023-06-12,24,2023-06-12T23:00,mcn,McNary,175.1,50.2,120.2,338.91,264.24,74.67,286.0
2023-06-13,1,2023-06-13T00:00,mcn,McNary,175.8,50.4,120.7,338.85,264.33,74.52,286.6
2023-06-13,2,2023-06-13T01:00,mcn,McNary,175.4,50.0,120.6,338.96,264.54,74.42,283.9
2023-06-13,3,2023-06-13T02:00,mcn,McNary,176.2,50.8,120.7,338.89,264.6,74.29,288.0
2023-06-13,4,2023-06-13T03:00,mcn,McNary,174.3,50.9,118.7,338.89,264.55,74.34,288.7
2023-06-13,5,2023-06-13T04:00,mcn,McNary,174.2,50.8,118.8,338.95,264.54,74.41,288.4
2023-06-13,6,2023-06-13T05:00,mcn,McNary,174.1,50.5,118.9,339.01,264.57,74.44,286.8
2023-06-13,7,2023-06-13T06:00,mcn,McNary,189.5,50.4,134.5,338.95,264.9,74.05,284.8
2023-06-13,8,2023-06-13T07:00,mcn,McNary,190.4,50.6,135.0,339.0,264.96,74.04,285.9
2023-06-13,9,2023-06-13T08:00,mcn,McNary,190.2,50.6,135.0,339.01,265.02,73.99,285.7
2023-06-13,10,2023-06-13T09:00,mcn,McNary,190.6,50.9,135.1,339.02,265.0,74.02,287.5
2023-06-13,11,2023-06-13T10:00,mcn,McNary,190.2,50.5,134.9,339.06,264.92,74.14,285.7
2023-06-13,12,2023-06-13T11:00,mcn,McNary,190.7,51.1,134.9,339.05,264.89,74.16,289.1
2023-06-13,13,2023-06-13T12:00,mcn,McNary,190.7,50.8,135.2,339.05,265.14,73.91,286.5
2023-06-13,14,2023-06-13T13:00,mcn,McNary,190.3,50.5,135.0,339.01,265.17,73.84,284.5
2023-06-13,15,2023-06-13T14:00,mcn,McNary,191.0,51.2,135.1,339.0,265.29,73.71,288.0
2023-06-13,16,2023-06-13T15:00,mcn,McNary,191.1,51.5,135.0,338.91,265.6,73.31,288.1
2023-06-13,17,2023-06-13T16:00,mcn,McNary,191.7,52.0,135.0,338.86,265.66,73.2,290.4
2023-06-13,18,2023-06-13T17:00,mcn,McNary,191.2,51.3,135.2,338.94,265.55,73.39,287.3
2023-06-13,19,2023-06-13T18:00,mcn,McNary,191.7,51.7,135.3,338.94,265.63,73.31,289.2
2023-06-13,20,2023-06-13T19:00,mcn,McNary,191.1,51.2,135.2,338.98,265.64,73.34,286.5
2023-06-13,21,2023-06-13T20:00,mcn,McNary,191.3,51.0,135.6,339.04,265.58,73.46,285.9
2023-06-13,22,2023-06-13T21:00,mcn,McNary,190.9,50.8,135.4,339.08,265.39,73.69,285.6
2023-06-13,23,2023-06-13T22:00,mcn,McNary,175.1,50.8,119.6,339.13,265.29,73.84,286.2
2023-06-13,24,2023-06-13T23:00,mcn,McNary,174.5,50.4,119.4,339.13,265.14,73.99,284.5
2023-06-14,1,2023-06-14T00:00,mcn,McNary,174.5,50.3,119.6,339.18,265.29,73.89,283.6
2023-06-14,2,2023-06-14T01:00,mcn,McNary,175.4,50.3,120.4,339.13,265.3,73.83,283.4
2023-06-14,3,2023-06-14T02:00,mcn,McNary,174.1,50.0,119.5,339.17,265.32,73.85,281.7
2023-06-14,4,2023-06-14T03:00,mcn,McNary,174.2,50.2,119.3,339.13,265.52,73.61,281.9
2023-06-14,5,2023-06-14T04:00,mcn,McNary,174.6,50.4,119.5,339.14,265.51,73.63,283.1
2023-06-14,6,2023-06-14T05:00,mcn,McNary,189.5,50.3,134.5,339.07,265.76,73.31,281.4
2023-06-14,7,2023-06-14T06:00,mcn,McNary,190.3,50.3,135.2,339.08,265.72,73.36,281.5
2023-06-14,8,2023-06-14T07:00,mcn,McNary,189.8,50.0,135.1,339.07,265.78,73.29,279.6
2023-06-14,9,2023-06-14T08:00,mcn,McNary,190.2,50.5,135.0,339.03,265.7,73.33,282.6
2023-06-14,10,2023-06-14T09:00,mcn,McNary,190.5,50.5,135.4,339.13,265.57,73.56,283.4
2023-06-14,11,2023-06-14T10:00,mcn,McNary,190.3,50.3,135.0,339.13,265.56,73.57,282.4
2023-06-14,12,2023-06-14T11:00,mcn,McNary,190.0,50.3,135.0,339.24,265.47,73.77,283.1
2023-06-14,13,2023-06-14T12:00,mcn,McNary,190.2,50.5,134.9,339.18,265.36,73.82,284.4
2023-06-14,14,2023-06-14T13:00,mcn,McNary,190.0,50.2,135.1,339.21,265.35,73.86,282.9
2023-06-14,15,2023-06-14T14:00,mcn,McNary,190.1,50.5,135.0,339.21,265.38,73.83,284.5
2023-06-14,16,2023-06-14T15:00,mcn,McNary,190.0,50.3,135.0,339.25,265.38,73.87,283.5
2023-06-14,17,2023-06-14T16:00,mcn,McNary,189.9,50.2,135.0,339.25,265.37,73.88,283.0
2023-06-14,18,2023-06-14T17:00,mcn,McNary,189.8,50.1,135.0,339.23,265.6,73.63,281.5
2023-06-14,19,2023-06-14T18:00,mcn,McNary,190.5,50.8,135.1,339.25,265.61,73.64,285.4
2023-06-14,20,2023-06-14T19:00,mcn,McNary,189.9,50.4,134.8,339.24,265.66,73.58,283.0
2023-06-14,21,2023-06-14T20:00,mcn,McNary,190.1,50.4,135.0,339.33,265.66,73.67,283.3
2023-06-14,22,2023-06-14T21:00,mcn,McNary,190.1,50.3,135.2,339.39,265.44,73.95,283.8
2023-06-14,23,2023-06-14T22:00,mcn,McNary,190.5,50.7,135.1,339.43,265.43,74.0,286.3
2023-06-14,24,2023-06-14T23:00,mcn,McNary,190.2,50.5,135.0,339.36,265.39,73.97,285.0
2023-06-15,1,2023-06-15T00:00,mcn,McNary,190.0,50.5,134.8,339.41,265.46,73.95,284.9
2023-06-15,2,2023-06-15T01:00,mcn,McNary,189.8,50.1,135.0,339.39,265.51,73.88,282.4
2023-06-15,3,2023-06-15T02:00,mcn,McNary,190.0,50.3,135.0,339.39,265.53,73.86,283.5
2023-06-15,4,2023-06-15T03:00,mcn,McNary,190.0,50.4,134.9,339.44,265.54,73.9,284.2
2023-06-15,5,2023-06-15T04:00,mcn,McNary,190.3,50.7,134.9,339.43,265.54,73.89,285.8
2023-06-15,6,2023-06-15T05:00,mcn,McNary,189.6,50.0,134.9,339.44,265.57,73.87,281.8
2023-06-15,7,2023-06-15T06:00,mcn,McNary,189.4,49.7,134.9,339.45,265.56,73.89,280.2
2023-06-15,8,2023-06-15T07:00,mcn,McNary,189.5,49.8,135.0,339.44,265.56,73.88,280.7
2023-06-15,9,2023-06-15T08:00,mcn,McNary,189.6,49.9,135.0,339.48,265.57,73.91,281.4
2023-06-15,10,2023-06-15T09:00,mcn,McNary,189.6,49.9,135.0,339.46,265.55,73.91,281.4
2023-06-15,11,2023-06-15T10:00,mcn,McNary,191.5,49.8,137.0,339.45,265.54,73.91,280.8
2023-06-15,12,2023-06-15T11:00,mcn,McNary,199.4,49.7,145.0,339.41,265.45,73.96,280.5
2023-06-15,13,2023-06-15T12:00,mcn,McNary,199.7,49.9,145.1,339.43,265.27,74.16,282.4
2023-06-15,14,2023-06-15T13:00,mcn,McNary,199.3,49.6,145.0,339.39,265.17,74.22,280.9
2023-06-15,15,2023-06-15T14:00,mcn,McNary,199.8,50.0,145.1,339.39,265.27,74.12,282.8
2023-06-15,16,2023-06-15T15:00,mcn,McNary,199.8,50.2,144.9,339.34,265.23,74.11,283.9
2023-06-15,17,2023-06-15T16:00,mcn,McNary,199.7,49.9,145.1,339.42,265.14,74.28,282.8
2023-06-15,18,2023-06-15T17:00,mcn,McNary,199.6,49.8,145.1,339.44,265.18,74.26,282.2
2023-06-15,19,2023-06-15T18:00,mcn,McNary,199.5,49.8,145.0,339.48,265.1,74.38,282.6
2023-06-15,20,2023-06-15T19:00,mcn,McNary,199.7,50.0,145.1,339.41,265.04,74.37,283.7
2023-06-15,21,2023-06-15T20:00,mcn,McNary,199.4,49.8,144.9,339.36,265.0,74.36,282.5
2023-06-15,22,2023-06-15T21:00,mcn,McNary,198.9,49.5,144.7,339.25,265.06,74.19,280.2
2023-06-15,23,2023-06-15T22:00,mcn,McNary,199.4,49.6,145.0,339.29,265.07,74.22,280.9
2023-06-15,24,2023-06-15T23:00,mcn,McNary,196.5,49.9,142.0,339.41,264.84,74.57,283.9
2023-06-16,1,2023-06-16T00:00,mcn,McNary,172.4,56.3,111.4,339.4,264.58,74.82,321.4
2023-06-16,2,2023-06-16T01:00,mcn,McNary,173.0,57.3,111.0,339.44,264.6,74.84,327.2
2023-06-16,3,2023-06-16T02:00,mcn,McNary,174.5,58.5,111.3,339.51,264.74,74.77,333.7
2023-06-16,4,2023-06-16T03:00,mcn,McNary,174.1,58.2,111.2,339.6,264.79,74.81,332.2
2023-06-16,5,2023-06-16T04:00,mcn,McNary,174.6,58.8,111.1,339.6,264.92,74.68,335.0
2023-06-16,6,2023-06-16T05:00,mcn,McNary,194.9,79.0,111.2,339.6,265.29,74.31,447.9
2023-06-16,7,2023-06-16T06:00,mcn,McNary,195.9,80.1,111.1,339.69,265.2,74.49,455.3
2023-06-16,8,2023-06-16T07:00,mcn,McNary,195.2,79.6,110.8,339.64,265.15,74.49,452.4
2023-06-16,9,2023-06-16T08:00,mcn,McNary,190.8,75.2,111.0,339.65,265.18,74.47,427.3
2023-06-16,10,2023-06-16T09:00,mcn,McNary,186.8,71.1,111.0,339.61,265.02,74.59,404.6
2023-06-16,11,2023-06-16T10:00,mcn,McNary,185.1,69.3,111.1,339.64,264.89,74.75,395.2
2023-06-16,12,2023-06-16T11:00,mcn,McNary,184.8,69.0,111.1,339.61,264.83,74.78,393.7
2023-06-16,13,2023-06-16T12:00,mcn,McNary,183.8,68.0,111.1,339.64,264.72,74.92,388.7
2023-06-16,14,2023-06-16T13:00,mcn,McNary,184.0,68.0,111.3,339.56,264.7,74.86,388.4
2023-06-16,15,2023-06-16T14:00,mcn,McNary,183.5,67.8,111.1,339.55,264.68,74.87,387.3
2023-06-16,16,2023-06-16T15:00,mcn,McNary,183.8,68.0,111.1,339.5,264.64,74.86,388.4
2023-06-16,17,2023-06-16T16:00,mcn,McNary,183.9,68.2,111.0,339.45,264.75,74.7,388.7
2023-06-16,18,2023-06-16T17:00,mcn,McNary,194.5,78.9,110.8,339.43,264.96,74.47,448.3
2023-06-16,19,2023-06-16T18:00,mcn,McNary,195.5,79.9,110.9,339.42,265.19,74.23,452.5
2023-06-16,20,2023-06-16T19:00,mcn,McNary,195.1,79.3,111.1,339.36,265.19,74.17,448.8
2023-06-16,21,2023-06-16T20:00,mcn,McNary,194.4,78.7,111.0,339.3,264.99,74.31,446.2
2023-06-16,22,2023-06-16T21:00,mcn,McNary,193.2,77.7,110.9,339.33,264.73,74.6,442.3
2023-06-16,23,2023-06-16T22:00,mcn,McNary,170.0,53.7,111.6,339.43,264.52,74.91,306.9
2023-06-16,24,2023-06-16T23:00,mcn,McNary,167.3,51.5,111.1,339.39,264.59,74.8,293.9
2023-06-17,1,2023-06-17T00:00,mcn,McNary,164.5,54.3,105.6,339.44,264.52,74.92,310.4
2023-06-17,2,2023-06-17T01:00,mcn,McNary,164.0,54.1,105.2,339.47,264.56,74.91,309.2
2023-06-17,3,2023-06-17T02:00,mcn,McNary,165.3,55.4,105.1,339.52,264.67,74.85,316.4
2023-06-17,4,2023-06-17T03:00,mcn,McNary,165.6,55.7,105.2,339.54,264.7,74.84,318.1
2023-06-17,5,2023-06-17T04:00,mcn,McNary,165.6,55.8,105.1,339.6,264.63,74.97,319.2
2023-06-17,6,2023-06-17T05:00,mcn,McNary,165.4,55.6,105.1,339.58,264.81,74.77,317.2
2023-06-17,7,2023-06-17T06:00,mcn,McNary,183.3,73.7,104.8,339.52,265.05,74.47,418.8
2023-06-17,8,2023-06-17T07:00,mcn,McNary,184.0,74.3,105.0,339.51,265.02,74.49,422.3
2023-06-17,9,2023-06-17T08:00,mcn,McNary,185.0,75.3,105.0,339.42,265.12,74.3,426.9
2023-06-17,10,2023-06-17T09:00,mcn,McNary,185.7,76.1,105.0,339.38,265.11,74.27,431.2
2023-06-17,11,2023-06-17T10:00,mcn,McNary,184.3,74.9,104.7,339.35,264.93,74.42,425.3
2023-06-17,12,2023-06-17T11:00,mcn,McNary,170.4,60.6,105.1,339.35,264.77,74.58,344.8
2023-06-17,13,2023-06-17T12:00,mcn,McNary,169.8,60.2,104.9,339.29,264.7,74.59,342.6
2023-06-17,14,2023-06-17T13:00,mcn,McNary,169.3,59.9,104.7,339.31,264.85,74.46,340.3
2023-06-17,15,2023-06-17T14:00,mcn,McNary,169.7,60.0,105.0,339.28,264.98,74.3,340.1
2023-06-17,16,2023-06-17T15:00,mcn,McNary,169.9,60.1,105.1,339.23,265.01,74.22,340.3
2023-06-17,17,2023-06-17T16:00,mcn,McNary,173.2,60.0,108.5,339.27,265.06,74.21,339.7
2023-06-17,18,2023-06-17T17:00,mcn,McNary,179.0,69.6,104.7,339.22,265.29,73.93,392.6
2023-06-17,19,2023-06-17T18:00,mcn,McNary,180.7,71.1,104.8,339.14,265.24,73.9,400.9
2023-06-17,20,2023-06-17T19:00,mcn,McNary,181.0,71.3,105.0,339.09,265.34,73.75,401.2
2023-06-17,21,2023-06-17T20:00,mcn,McNary,180.8,70.9,105.2,339.12,265.39,73.73,398.9
2023-06-17,22,2023-06-17T21:00,mcn,McNary,180.1,70.5,104.9,339.0,265.31,73.69,396.4
2023-06-17,23,2023-06-17T22:00,mcn,McNary,162.1,52.2,105.2,339.08,264.81,74.27,295.8
2023-06-17,24,2023-06-17T23:00,mcn,McNary,160.5,50.7,105.1,339.11,264.78,74.33,287.5
2023-06-18,1,2023-06-18T00:00,mcn,McNary,160.7,56.4,99.6,339.13,264.77,74.36,320.0
2023-06-18,2,2023-06-18T01:00,mcn,McNary,159.9,56.2,99.0,339.12,264.95,74.17,318.0
2023-06-18,3,2023-06-18T02:00,mcn,McNary,160.9,57.0,99.3,339.25,265.25,74.0,321.8
2023-06-18,4,2023-06-18T03:00,mcn,McNary,160.1,56.1,99.3,339.3,265.25,74.05,317.0
2023-06-18,5,2023-06-18T04:00,mcn,McNary,159.7,56.1,98.9,339.28,264.99,74.29,318.0
2023-06-18,6,2023-06-18T05:00,mcn,McNary,159.7,55.9,99.1,339.29,264.93,74.36,317.2
2023-06-18,7,2023-06-18T06:00,mcn,McNary,159.9,56.2,99.0,339.29,265.1,74.19,318.1
2023-06-18,8,2023-06-18T07:00,mcn,McNary,159.5,56.1,98.8,339.25,265.26,73.99,316.7
2023-06-18,9,2023-06-18T08:00,mcn,McNary,161.0,57.2,99.2,339.33,265.23,74.1,323.4
2023-06-18,10,2023-06-18T09:00,mcn,McNary,161.0,56.9,99.4,339.45,265.07,74.38,322.9
2023-06-18,11,2023-06-18T10:00,mcn,McNary,160.4,56.7,99.0,339.41,264.92,74.49,322.3
2023-06-18,12,2023-06-18T11:00,mcn,McNary,160.1,56.4,99.1,339.43,264.89,74.54,320.8
2023-06-18,13,2023-06-18T12:00,mcn,McNary,169.6,65.8,99.1,339.44,264.9,74.54,374.2
2023-06-18,14,2023-06-18T13:00,mcn,McNary,171.0,67.1,99.1,339.45,264.98,74.47,381.3
2023-06-18,15,2023-06-18T14:00,mcn,McNary,170.2,66.4,99.1,339.39,265.0,74.39,376.9
2023-06-18,16,2023-06-18T15:00,mcn,McNary,169.9,66.1,99.1,339.36,265.11,74.25,374.5
2023-06-18,17,2023-06-18T16:00,mcn,McNary,170.2,66.8,98.6,339.26,265.26,74.0,377.2
2023-06-18,18,2023-06-18T17:00,mcn,McNary,180.2,76.8,98.7,339.19,265.58,73.61,431.3
2023-06-18,19,2023-06-18T18:00,mcn,McNary,181.0,77.1,99.2,339.27,265.44,73.83,434.3
2023-06-18,20,2023-06-18T19:00,mcn,McNary,179.4,75.7,99.0,339.21,265.18,74.03,427.6
2023-06-18,21,2023-06-18T20:00,mcn,McNary,179.6,75.9,98.9,339.13,265.04,74.09,429.1
2023-06-18,22,2023-06-18T21:00,mcn,McNary,179.0,75.3,99.1,339.2,265.06,74.14,426.0
2023-06-18,23,2023-06-18T22:00,mcn,McNary,170.5,67.1,98.8,339.13,264.87,74.26,380.2
2023-06-18,24,2023-06-18T23:00,mcn,McNary,169.1,65.8,98.6,339.15,264.99,74.16,372.3
2023-06-19,1,2023-06-19T00:00,mcn,McNary,151.6,51.5,95.4,339.24,264.61,74.63,293.3
2023-06-19,2,2023-06-19T01:00,mcn,McNary,150.4,50.4,95.3,339.3,264.7,74.6,286.9
2023-06-19,3,2023-06-19T02:00,mcn,McNary,150.5,50.7,95.1,339.34,264.73,74.61,288.6
2023-06-19,4,2023-06-19T03:00,mcn,McNary,150.4,50.5,95.2,339.36,264.73,74.63,287.6
2023-06-19,5,2023-06-19T04:00,mcn,McNary,150.9,50.8,95.4,339.35,264.86,74.49,288.7
2023-06-19,6,2023-06-19T05:00,mcn,McNary,164.3,65.0,94.7,339.34,265.07,74.27,368.3
2023-06-19,7,2023-06-19T06:00,mcn,McNary,165.1,65.3,95.0,339.33,265.13,74.2,369.7
2023-06-19,8,2023-06-19T07:00,mcn,McNary,164.8,65.2,94.9,339.26,265.1,74.16,368.9
2023-06-19,9,2023-06-19T08:00,mcn,McNary,166.0,66.3,95.0,339.27,265.21,74.06,374.6
2023-06-19,10,2023-06-19T09:00,mcn,McNary,166.0,66.2,95.1,339.27,265.24,74.03,373.9
2023-06-19,11,2023-06-19T10:00,mcn,McNary,165.5,65.9,94.8,339.27,265.12,74.15,372.8
2023-06-19,12,2023-06-19T11:00,mcn,McNary,165.4,65.9,94.8,339.22,265.05,74.17,372.9
2023-06-19,13,2023-06-19T12:00,mcn,McNary,165.9,66.4,94.8,339.26,264.92,74.34,376.6
2023-06-19,14,2023-06-19T13:00,mcn,McNary,155.5,55.9,95.0,339.29,264.81,74.48,317.7
2023-06-19,15,2023-06-19T14:00,mcn,McNary,154.9,54.9,95.3,339.3,264.82,74.48,312.0
2023-06-19,16,2023-06-19T15:00,mcn,McNary,154.7,55.5,94.5,339.26,264.84,74.42,315.1
2023-06-19,17,2023-06-19T16:00,mcn,McNary,155.3,55.5,95.1,339.31,264.83,74.48,315.4
2023-06-19,18,2023-06-19T17:00,mcn,McNary,154.9,55.3,94.8,339.32,264.89,74.43,314.0
2023-06-19,19,2023-06-19T18:00,mcn,McNary,154.9,55.1,95.1,339.33,264.93,74.4,312.8
2023-06-19,20,2023-06-19T19:00,mcn,McNary,156.2,56.6,94.9,339.32,265.0,74.32,321.0
2023-06-19,21,2023-06-19T20:00,mcn,McNary,182.8,83.8,94.3,339.23,265.6,73.63,470.8
2023-06-19,22,2023-06-19T21:00,mcn,McNary,185.1,85.2,95.1,339.31,265.45,73.86,480.1
2023-06-19,23,2023-06-19T22:00,mcn,McNary,171.4,71.3,95.5,339.28,265.24,74.04,402.8
2023-06-19,24,2023-06-19T23:00,mcn,McNary,155.5,55.8,95.0,339.34,264.81,74.53,317.3
2023-06-20,1,2023-06-20T00:00,mcn,McNary,154.8,57.7,92.4,339.52,264.8,74.72,329.0
2023-06-20,2,2023-06-20T01:00,mcn,McNary,154.7,57.9,92.1,339.6,264.9,74.7,330.0
2023-06-20,3,2023-06-20T02:00,mcn,McNary,154.7,57.9,92.1,339.71,265.03,74.68,329.9
2023-06-20,4,2023-06-20T03:00,mcn,McNary,173.7,76.6,92.4,339.65,265.63,74.02,432.6
2023-06-20,5,2023-06-20T04:00,mcn,McNary,181.7,84.9,92.1,339.72,265.6,74.12,480.1
2023-06-20,6,2023-06-20T05:00,mcn,McNary,181.1,84.8,91.7,339.74,265.46,74.28,480.6
2023-06-20,7,2023-06-20T06:00,mcn,McNary,181.8,84.7,92.4,339.69,265.53,74.16,479.3
2023-06-20,8,2023-06-20T07:00,mcn,McNary,180.7,83.9,92.1,339.6,265.52,74.08,474.2
2023-06-20,9,2023-06-20T08:00,mcn,McNary,179.9,83.9,91.4,339.57,265.56,74.01,473.8
2023-06-20,10,2023-06-20T09:00,mcn,McNary,181.3,84.4,92.2,339.46,265.58,73.88,475.8
2023-06-20,11,2023-06-20T10:00,mcn,McNary,181.6,84.6,92.3,339.5,265.41,74.09,478.2
2023-06-20,12,2023-06-20T11:00,mcn,McNary,180.4,83.8,91.9,339.5,265.25,74.25,474.8
2023-06-20,13,2023-06-20T12:00,mcn,McNary,166.6,69.9,91.9,339.48,265.07,74.41,396.9
2023-06-20,14,2023-06-20T13:00,mcn,McNary,161.1,64.6,91.8,339.46,264.9,74.56,367.5
2023-06-20,15,2023-06-20T14:00,mcn,McNary,160.5,63.9,91.9,339.46,264.93,74.53,363.4
2023-06-20,16,2023-06-20T15:00,mcn,McNary,160.9,64.2,91.9,339.47,265.01,74.46,364.7
2023-06-20,17,2023-06-20T16:00,mcn,McNary,180.6,84.0,92.0,339.33,265.49,73.84,473.3
2023-06-20,18,2023-06-20T17:00,mcn,McNary,191.5,94.9,92.0,339.35,265.73,73.62,533.1
2023-06-20,19,2023-06-20T18:00,mcn,McNary,192.6,95.9,92.0,339.3,265.64,73.66,539.0
2023-06-20,20,2023-06-20T19:00,mcn,McNary,191.1,94.4,92.0,339.24,265.6,73.64,530.4
2023-06-20,21,2023-06-20T20:00,mcn,McNary,191.0,94.2,92.1,339.19,265.51,73.68,529.6
2023-06-20,22,2023-06-20T21:00,mcn,McNary,190.5,93.9,91.9,339.24,265.36,73.88,529.3
2023-06-20,23,2023-06-20T22:00,mcn,McNary,162.2,65.4,92.1,339.35,264.87,74.48,371.7
2023-06-20,24,2023-06-20T23:00,mcn,McNary,151.3,54.4,92.2,339.3,264.82,74.48,309.1
2023-06-21,1,2023-06-21T00:00,mcn,McNary,155.3,53.8,96.7,339.34,264.97,74.37,305.3
2023-06-21,2,2023-06-21T01:00,mcn,McNary,157.2,53.5,99.0,339.39,264.87,74.52,304.2
2023-06-21,3,2023-06-21T02:00,mcn,McNary,157.3,53.6,99.0,339.43,264.9,74.53,304.8
2023-06-21,4,2023-06-21T03:00,mcn,McNary,157.2,53.5,99.0,339.46,265.05,74.41,303.7
2023-06-21,5,2023-06-21T04:00,mcn,McNary,157.6,53.7,99.1,339.5,265.02,74.48,305.2
2023-06-21,6,2023-06-21T05:00,mcn,McNary,157.3,53.6,99.0,339.53,265.0,74.53,304.8
2023-06-21,7,2023-06-21T06:00,mcn,McNary,159.9,56.1,99.1,339.58,265.08,74.5,318.9
2023-06-21,8,2023-06-21T07:00,mcn,McNary,160.2,56.5,99.0,339.61,265.08,74.53,321.3
2023-06-21,9,2023-06-21T08:00,mcn,McNary,159.8,56.1,99.0,339.61,265.07,74.54,319.1
2023-06-21,10,2023-06-21T09:00,mcn,McNary,159.8,56.2,99.0,339.6,265.03,74.57,319.8
2023-06-21,11,2023-06-21T10:00,mcn,McNary,159.8,56.1,99.0,339.71,264.9,74.81,320.2
2023-06-21,12,2023-06-21T11:00,mcn,McNary,159.3,55.8,98.8,339.65,264.88,74.77,318.3
2023-06-21,13,2023-06-21T12:00,mcn,McNary,159.5,56.0,98.8,339.64,264.72,74.92,320.1
2023-06-21,14,2023-06-21T13:00,mcn,McNary,158.9,55.4,98.8,339.65,264.64,75.01,317.1
2023-06-21,15,2023-06-21T14:00,mcn,McNary,159.6,56.1,98.8,339.61,264.72,74.89,320.6
2023-06-21,16,2023-06-21T15:00,mcn,McNary,168.9,65.2,98.9,339.58,264.73,74.85,372.4
2023-06-21,17,2023-06-21T16:00,mcn,McNary,169.6,65.8,99.1,339.62,264.77,74.85,375.8
2023-06-21,18,2023-06-21T17:00,mcn,McNary,169.9,65.9,99.2,339.58,264.78,74.8,376.1
2023-06-21,19,2023-06-21T18:00,mcn,McNary,169.9,65.9,99.2,339.55,264.78,74.77,376.0
2023-06-21,20,2023-06-21T19:00,mcn,McNary,169.6,65.7,99.2,339.63,264.73,74.9,375.5
2023-06-21,21,2023-06-21T20:00,mcn,McNary,169.4,65.5,99.2,339.59,264.69,74.9,374.3
2023-06-21,22,2023-06-21T21:00,mcn,McNary,161.1,57.1,99.3,339.63,264.55,75.08,327.1
2023-06-21,23,2023-06-21T22:00,mcn,McNary,159.9,56.0,99.2,339.66,264.58,75.08,320.8
2023-06-21,24,2023-06-21T23:00,mcn,McNary,160.3,56.4,99.2,339.64,264.62,75.02,322.8
2023-06-22,1,2023-06-22T00:00,mcn,McNary,161.1,61.7,94.6,339.6,264.73,74.87,352.5
2023-06-22,2,2023-06-22T01:00,mcn,McNary,159.3,62.4,92.2,339.6,264.74,74.86,356.4
2023-06-22,3,2023-06-22T02:00,mcn,McNary,159.5,62.6,92.2,339.54,264.84,74.7,356.8
2023-06-22,4,2023-06-22T03:00,mcn,McNary,159.5,62.6,92.2,339.46,264.83,74.63,356.5
2023-06-22,5,2023-06-22T04:00,mcn,McNary,159.1,62.1,92.2,339.42,264.85,74.57,353.3
2023-06-22,6,2023-06-22T05:00,mcn,McNary,159.1,62.3,92.1,339.36,264.85,74.51,354.2
2023-06-22,7,2023-06-22T06:00,mcn,McNary,158.7,62.3,91.7,339.29,264.9,74.39,353.6
2023-06-22,8,2023-06-22T07:00,mcn,McNary,159.1,62.8,91.6,339.28,264.92,74.36,356.3
2023-06-22,9,2023-06-22T08:00,mcn,McNary,159.1,62.4,92.0,339.29,264.96,74.33,353.9
2023-06-22,10,2023-06-22T09:00,mcn,McNary,159.7,62.7,92.3,339.35,264.95,74.4,355.9
2023-06-22,11,2023-06-22T10:00,mcn,McNary,160.2,63.1,92.3,339.38,264.81,74.57,359.0
2023-06-22,12,2023-06-22T11:00,mcn,McNary,159.5,62.8,92.0,339.44,264.69,74.75,358.2
2023-06-22,13,2023-06-22T12:00,mcn,McNary,159.3,62.6,92.0,339.47,264.52,74.95,358.0
2023-06-22,14,2023-06-22T13:00,mcn,McNary,159.4,62.7,92.0,339.47,264.52,74.95,358.6
2023-06-22,15,2023-06-22T14:00,mcn,McNary,159.7,63.0,92.0,339.45,264.66,74.79,359.5
2023-06-22,16,2023-06-22T15:00,mcn,McNary,177.8,81.1,92.0,339.45,264.75,74.7,462.2
2023-06-22,17,2023-06-22T16:00,mcn,McNary,179.7,83.0,92.0,339.54,264.68,74.86,474.1
2023-06-22,18,2023-06-22T17:00,mcn,McNary,179.9,83.2,92.0,339.52,264.72,74.8,474.8
2023-06-22,19,2023-06-22T18:00,mcn,McNary,179.6,82.8,92.0,339.59,264.75,74.84,472.8
2023-06-22,20,2023-06-22T19:00,mcn,McNary,179.5,82.8,92.0,339.59,264.73,74.86,472.9
2023-06-22,21,2023-06-22T20:00,mcn,McNary,178.1,81.4,92.0,339.6,264.7,74.9,465.2
2023-06-22,22,2023-06-22T21:00,mcn,McNary,178.7,81.9,92.0,339.6,264.76,74.84,467.7
2023-06-22,23,2023-06-22T22:00,mcn,McNary,178.1,81.4,92.0,339.69,264.75,74.94,465.4
2023-06-22,24,2023-06-22T23:00,mcn,McNary,159.9,63.2,92.0,339.76,264.62,75.14,362.3
2023-06-23,1,2023-06-23T00:00,mcn,McNary,150.7,51.9,94.1,339.7,264.43,75.27,298.1
2023-06-23,2,2023-06-23T01:00,mcn,McNary,149.7,50.7,94.3,339.64,264.44,75.2,290.9
2023-06-23,3,2023-06-23T02:00,mcn,McNary,150.8,51.8,94.3,339.62,264.7,74.92,296.1
2023-06-23,4,2023-06-23T03:00,mcn,McNary,172.2,73.2,94.3,339.47,264.95,74.52,416.2
2023-06-23,5,2023-06-23T04:00,mcn,McNary,175.1,76.1,94.3,339.48,265.0,74.48,432.5
2023-06-23,6,2023-06-23T05:00,mcn,McNary,174.7,75.8,94.2,339.39,265.03,74.36,430.1
2023-06-23,7,2023-06-23T06:00,mcn,McNary,174.4,75.8,93.9,339.27,264.97,74.3,429.7
2023-06-23,8,2023-06-23T07:00,mcn,McNary,174.2,75.9,93.6,339.21,264.97,74.24,429.9
2023-06-23,9,2023-06-23T08:00,mcn,McNary,175.9,76.5,94.7,339.12,265.06,74.06,432.3
2023-06-23,10,2023-06-23T09:00,mcn,McNary,176.0,76.6,94.7,339.08,265.14,73.94,432.1
2023-06-23,11,2023-06-23T10:00,mcn,McNary,175.9,76.5,94.7,339.13,265.02,74.11,432.6
2023-06-23,12,2023-06-23T11:00,mcn,McNary,175.9,76.5,94.8,339.05,264.81,74.24,433.3
2023-06-23,13,2023-06-23T12:00,mcn,McNary,175.4,76.1,94.6,339.05,264.73,74.32,431.5
2023-06-23,14,2023-06-23T13:00,mcn,McNary,175.3,76.0,94.6,339.06,264.7,74.36,431.2
2023-06-23,15,2023-06-23T14:00,mcn,McNary,175.6,76.3,94.6,339.07,264.74,74.33,432.7
2023-06-23,16,2023-06-23T15:00,mcn,McNary,175.4,76.2,94.6,339.05,264.72,74.33,432.2
2023-06-23,17,2023-06-23T16:00,mcn,McNary,175.2,76.0,94.5,339.03,264.7,74.33,431.0
2023-06-23,18,2023-06-23T17:00,mcn,McNary,175.6,76.5,94.5,338.96,264.66,74.3,433.7
2023-06-23,19,2023-06-23T18:00,mcn,McNary,176.3,77.1,94.5,338.95,264.87,74.08,435.8
2023-06-23,20,2023-06-23T19:00,mcn,McNary,174.9,75.7,94.5,338.94,264.93,74.01,427.5
2023-06-23,21,2023-06-23T20:00,mcn,McNary,175.4,76.3,94.5,338.95,264.78,74.17,431.8
2023-06-23,22,2023-06-23T21:00,mcn,McNary,175.5,76.3,94.5,338.89,264.79,74.1,431.4
2023-06-23,23,2023-06-23T22:00,mcn,McNary,174.7,75.5,94.5,338.81,264.73,74.08,426.7
2023-06-23,24,2023-06-23T23:00,mcn,McNary,153.9,54.8,94.5,338.85,264.57,74.28,310.6
2023-06-24,1,2023-06-24T00:00,mcn,McNary,148.8,49.5,94.6,338.78,264.57,74.21,280.3
2023-06-24,2,2023-06-24T01:00,mcn,McNary,152.2,49.5,98.0,338.79,264.64,74.15,280.1
2023-06-24,3,2023-06-24T02:00,mcn,McNary,152.4,49.7,98.0,338.72,264.71,74.01,280.7
2023-06-24,4,2023-06-24T03:00,mcn,McNary,152.4,49.7,98.0,338.72,264.8,73.92,280.3
2023-06-24,5,2023-06-24T04:00,mcn,McNary,153.1,50.3,98.0,338.7,264.83,73.87,283.5
2023-06-24,6,2023-06-24T05:00,mcn,McNary,152.7,50.0,98.0,338.73,264.78,73.95,282.1
2023-06-24,7,2023-06-24T06:00,mcn,McNary,152.4,49.7,98.0,338.74,264.78,73.96,280.5
2023-06-24,8,2023-06-24T07:00,mcn,McNary,152.7,50.1,97.9,338.74,264.81,73.93,282.6
2023-06-24,9,2023-06-24T08:00,mcn,McNary,152.1,50.2,97.2,338.82,264.89,73.93,283.2
2023-06-24,10,2023-06-24T09:00,mcn,McNary,151.9,50.0,97.2,338.88,264.92,73.96,282.2
2023-06-24,11,2023-06-24T10:00,mcn,McNary,151.6,49.7,97.2,338.89,264.88,74.01,280.7
2023-06-24,12,2023-06-24T11:00,mcn,McNary,151.5,49.6,97.2,338.92,264.69,74.23,280.9
2023-06-24,13,2023-06-24T12:00,mcn,McNary,152.0,50.1,97.2,338.92,264.51,74.41,284.4
2023-06-24,14,2023-06-24T13:00,mcn,McNary,151.4,49.4,97.2,338.89,264.52,74.37,280.3
2023-06-24,15,2023-06-24T14:00,mcn,McNary,151.7,49.8,97.1,338.88,264.54,74.34,282.5
2023-06-24,16,2023-06-24T15:00,mcn,McNary,151.3,49.8,96.9,338.87,264.58,74.29,282.3
2023-06-24,17,2023-06-24T16:00,mcn,McNary,151.6,49.6,97.2,338.82,264.56,74.26,281.0
2023-06-24,18,2023-06-24T17:00,mcn,McNary,151.6,49.7,97.1,338.8,264.51,74.29,281.7
2023-06-24,19,2023-06-24T18:00,mcn,McNary,151.7,49.8,97.1,338.89,264.53,74.36,282.5
2023-06-24,20,2023-06-24T19:00,mcn,McNary,151.1,49.2,97.1,338.89,264.49,74.4,279.3
2023-06-24,21,2023-06-24T20:00,mcn,McNary,151.0,49.1,97.1,338.93,264.57,74.36,278.6
2023-06-24,22,2023-06-24T21:00,mcn,McNary,151.2,49.3,97.1,338.91,264.56,74.35,279.7
2023-06-24,23,2023-06-24T22:00,mcn,McNary,151.3,49.4,97.1,338.9,264.53,74.37,280.3
2023-06-24,24,2023-06-24T23:00,mcn,McNary,151.3,49.4,97.1,338.85,264.52,74.33,280.2
2023-06-25,1,2023-06-25T00:00,mcn,McNary,144.6,49.7,90.1,338.82,264.43,74.39,282.1
2023-06-25,2,2023-06-25T01:00,mcn,McNary,139.8,49.6,85.5,338.76,264.54,74.22,280.9
2023-06-25,3,2023-06-25T02:00,mcn,McNary,139.7,49.4,85.5,338.79,264.59,74.2,279.7
2023-06-25,4,2023-06-25T03:00,mcn,McNary,139.7,49.4,85.6,338.78,264.6,74.18,279.6
2023-06-25,5,2023-06-25T04:00,mcn,McNary,139.9,49.6,85.6,338.78,264.62,74.16,280.7
2023-06-25,6,2023-06-25T05:00,mcn,McNary,139.8,49.5,85.6,338.8,264.64,74.16,280.1
2023-06-25,7,2023-06-25T06:00,mcn,McNary,139.7,49.3,85.8,338.81,264.69,74.12,278.8
2023-06-25,8,2023-06-25T07:00,mcn,McNary,140.2,49.6,85.9,338.8,264.72,74.08,280.4
2023-06-25,9,2023-06-25T08:00,mcn,McNary,139.9,49.6,85.6,338.78,264.72,74.06,280.3
2023-06-25,10,2023-06-25T09:00,mcn,McNary,140.0,49.4,85.9,338.76,264.74,74.02,279.0
2023-06-25,11,2023-06-25T10:00,mcn,McNary,140.2,49.8,85.7,338.71,264.7,74.01,281.2
2023-06-25,12,2023-06-25T11:00,mcn,McNary,139.7,49.4,85.6,338.66,264.5,74.16,279.5
2023-06-25,13,2023-06-25T12:00,mcn,McNary,139.6,49.3,85.6,338.63,264.47,74.16,279.0
2023-06-25,14,2023-06-25T13:00,mcn,McNary,139.6,49.3,85.6,338.62,264.42,74.2,279.1
2023-06-25,15,2023-06-25T14:00,mcn,McNary,140.1,49.5,85.9,338.63,264.47,74.16,280.1
2023-06-25,16,2023-06-25T15:00,mcn,McNary,139.5,49.2,85.6,338.58,264.46,74.12,278.2
2023-06-25,17,2023-06-25T16:00,mcn,McNary,139.9,49.6,85.6,338.53,264.37,74.16,280.7
2023-06-25,18,2023-06-25T17:00,mcn,McNary,139.6,49.3,85.6,338.56,264.32,74.24,279.3
2023-06-25,19,2023-06-25T18:00,mcn,McNary,139.9,49.6,85.6,338.45,264.29,74.16,280.7
2023-06-25,20,2023-06-25T19:00,mcn,McNary,139.9,49.6,85.6,338.47,264.37,74.1,280.4
2023-06-25,21,2023-06-25T20:00,mcn,McNary,139.4,49.2,85.6,338.51,264.38,74.13,278.3
2023-06-25,22,2023-06-25T21:00,mcn,McNary,139.9,49.5,85.7,338.52,264.36,74.16,280.1
2023-06-25,23,2023-06-25T22:00,mcn,McNary,140.0,49.8,85.6,338.52,264.29,74.23,282.1
2023-06-25,24,2023-06-25T23:00,mcn,McNary,139.7,49.4,85.6,338.56,264.27,74.29,280.0
2023-06-26,1,2023-06-26T00:00,mcn,McNary,135.0,49.8,80.5,338.63,264.11,74.52,283.2
2023-06-26,2,2023-06-26T01:00,mcn,McNary,135.5,50.6,80.2,338.64,264.34,74.3,286.9
2023-06-26,3,2023-06-26T02:00,mcn,McNary,135.3,50.4,80.2,338.63,264.52,74.11,285.0
2023-06-26,4,2023-06-26T03:00,mcn,McNary,135.3,50.4,80.2,338.64,264.51,74.13,285.1
2023-06-26,5,2023-06-26T04:00,mcn,McNary,135.8,50.9,80.2,338.65,264.54,74.11,287.8
2023-06-26,6,2023-06-26T05:00,mcn,McNary,135.9,51.0,80.2,338.66,264.48,74.18,288.7
2023-06-26,7,2023-06-26T06:00,mcn,McNary,135.8,51.0,80.2,338.66,264.65,74.01,288.0
2023-06-26,8,2023-06-26T07:00,mcn,McNary,136.2,51.1,80.4,338.65,264.58,74.07,288.8
2023-06-26,9,2023-06-26T08:00,mcn,McNary,136.1,51.1,80.4,338.65,264.64,74.01,288.6
2023-06-26,10,2023-06-26T09:00,mcn,McNary,136.0,50.9,80.4,338.67,264.51,74.16,288.0
2023-06-26,11,2023-06-26T10:00,mcn,McNary,138.9,51.2,82.9,338.64,264.53,74.11,289.5
2023-06-26,12,2023-06-26T11:00,mcn,McNary,145.3,60.2,80.4,338.67,264.45,74.22,340.9
2023-06-26,13,2023-06-26T12:00,mcn,McNary,146.9,61.8,80.4,338.65,264.46,74.19,349.8
2023-06-26,14,2023-06-26T13:00,mcn,McNary,153.9,68.8,80.4,338.63,264.65,73.98,388.4
2023-06-26,15,2023-06-26T14:00,mcn,McNary,155.3,70.2,80.3,338.67,264.68,73.99,396.3
2023-06-26,16,2023-06-26T15:00,mcn,McNary,161.1,76.2,80.3,338.65,264.82,73.83,429.3
2023-06-26,17,2023-06-26T16:00,mcn,McNary,161.5,76.9,79.9,338.62,264.67,73.95,433.9
2023-06-26,18,2023-06-26T17:00,mcn,McNary,161.0,76.4,79.9,338.63,264.8,73.83,430.4
2023-06-26,19,2023-06-26T18:00,mcn,McNary,161.9,77.3,79.9,338.61,264.82,73.79,435.2
2023-06-26,20,2023-06-26T19:00,mcn,McNary,179.9,95.2,80.0,338.55,265.17,73.38,533.0
2023-06-26,21,2023-06-26T20:00,mcn,McNary,179.9,95.2,80.0,338.62,265.06,73.56,534.3
2023-06-26,22,2023-06-26T21:00,mcn,McNary,161.8,77.2,79.9,338.64,264.6,74.04,436.1
2023-06-26,23,2023-06-26T22:00,mcn,McNary,142.7,58.0,80.0,338.64,264.22,74.42,329.3
2023-06-26,24,2023-06-26T23:00,mcn,McNary,139.9,55.2,80.0,338.68,264.39,74.29,312.9
2023-06-27,1,2023-06-27T00:00,mcn,McNary,139.9,55.2,80.0,338.81,264.38,74.43,313.5
2023-06-27,2,2023-06-27T01:00,mcn,McNary,140.9,55.2,81.0,338.9,264.59,74.31,313.0
2023-06-27,3,2023-06-27T02:00,mcn,McNary,141.0,52.4,83.9,338.9,264.67,74.23,296.8
2023-06-27,4,2023-06-27T03:00,mcn,McNary,140.6,52.0,83.9,339.01,264.65,74.36,295.0
2023-06-27,5,2023-06-27T04:00,mcn,McNary,140.3,51.6,84.0,339.09,264.53,74.56,293.5
2023-06-27,6,2023-06-27T05:00,mcn,McNary,140.4,51.7,84.0,339.14,264.66,74.48,293.8
2023-06-27,7,2023-06-27T06:00,mcn,McNary,158.4,69.9,83.9,339.14,265.02,74.12,395.3
2023-06-27,8,2023-06-27T07:00,mcn,McNary,159.8,70.8,84.2,339.18,265.08,74.1,400.3
2023-06-27,9,2023-06-27T08:00,mcn,McNary,160.3,71.3,84.3,339.22,264.95,74.27,404.0
2023-06-27,10,2023-06-27T09:00,mcn,McNary,160.2,71.0,84.5,339.15,264.91,74.24,402.2
2023-06-27,11,2023-06-27T10:00,mcn,McNary,160.4,71.2,84.4,339.14,264.82,74.32,403.7
2023-06-27,12,2023-06-27T11:00,mcn,McNary,160.0,70.8,84.4,339.16,264.69,74.47,402.3
2023-06-27,13,2023-06-27T12:00,mcn,McNary,159.9,70.8,84.4,339.14,264.64,74.5,402.5
2023-06-27,14,2023-06-27T13:00,mcn,McNary,159.8,70.6,84.4,339.13,264.66,74.47,401.2
2023-06-27,15,2023-06-27T14:00,mcn,McNary,160.4,71.2,84.5,339.13,264.61,74.52,404.8
2023-06-27,16,2023-06-27T15:00,mcn,McNary,160.9,71.5,84.8,339.05,264.88,74.17,404.6
2023-06-27,17,2023-06-27T16:00,mcn,McNary,178.0,89.5,83.8,339.02,265.33,73.69,503.2
2023-06-27,18,2023-06-27T17:00,mcn,McNary,178.4,90.2,83.5,339.12,265.24,73.88,508.5
2023-06-27,19,2023-06-27T18:00,mcn,McNary,178.1,89.9,83.5,339.07,265.22,73.85,506.6
2023-06-27,20,2023-06-27T19:00,mcn,McNary,178.5,90.0,83.8,339.1,265.22,73.88,507.3
2023-06-27,21,2023-06-27T20:00,mcn,McNary,177.8,89.2,83.8,339.16,265.25,73.91,503.0
2023-06-27,22,2023-06-27T21:00,mcn,McNary,178.7,90.1,83.9,339.14,265.28,73.86,507.8
2023-06-27,23,2023-06-27T22:00,mcn,McNary,178.5,90.0,83.9,339.17,265.26,73.91,507.5
2023-06-27,24,2023-06-27T23:00,mcn,McNary,176.0,87.4,83.9,339.23,264.66,74.57,497.3
2023-06-28,1,2023-06-28T00:00,mcn,McNary,150.6,55.0,91.0,339.43,264.45,74.98,314.7
2023-06-28,2,2023-06-28T01:00,mcn,McNary,149.4,52.4,92.3,339.4,264.55,74.85,299.3
2023-06-28,3,2023-06-28T02:00,mcn,McNary,149.4,52.7,92.0,339.47,264.61,74.86,301.0
2023-06-28,4,2023-06-28T03:00,mcn,McNary,149.2,52.4,92.0,339.54,264.81,74.73,298.8
2023-06-28,5,2023-06-28T04:00,mcn,McNary,149.3,52.6,92.0,339.59,264.76,74.83,300.3
2023-06-28,6,2023-06-28T05:00,mcn,McNary,149.5,52.7,92.0,339.74,264.75,74.99,301.5
2023-06-28,7,2023-06-28T06:00,mcn,McNary,149.6,52.9,92.0,339.69,264.69,75.0,302.7
2023-06-28,8,2023-06-28T07:00,mcn,McNary,149.5,52.7,92.0,339.68,264.71,74.97,301.5
2023-06-28,9,2023-06-28T08:00,mcn,McNary,149.3,52.6,92.0,339.69,264.68,75.01,301.0
2023-06-28,10,2023-06-28T09:00,mcn,McNary,149.4,52.7,92.0,339.62,264.67,74.95,301.4
2023-06-28,11,2023-06-28T10:00,mcn,McNary,149.5,52.7,92.1,339.59,264.66,74.93,301.3
2023-06-28,12,2023-06-28T11:00,mcn,McNary,149.0,52.3,92.0,339.58,264.54,75.04,299.4
2023-06-28,13,2023-06-28T12:00,mcn,McNary,148.6,51.9,92.0,339.47,264.4,75.07,297.3
2023-06-28,14,2023-06-28T13:00,mcn,McNary,149.1,52.3,92.0,339.37,264.45,74.92,299.0
2023-06-28,15,2023-06-28T14:00,mcn,McNary,168.0,72.1,91.1,339.27,264.8,74.47,409.7
2023-06-28,16,2023-06-28T15:00,mcn,McNary,169.1,72.2,92.3,339.23,264.81,74.42,410.0
2023-06-28,17,2023-06-28T16:00,mcn,McNary,169.5,72.6,92.1,339.11,264.77,74.34,411.8
2023-06-28,18,2023-06-28T17:00,mcn,McNary,169.7,73.1,91.9,339.05,264.87,74.18,413.7
2023-06-28,19,2023-06-28T18:00,mcn,McNary,170.1,73.5,92.0,339.06,264.74,74.32,416.8
2023-06-28,20,2023-06-28T19:00,mcn,McNary,169.5,72.9,91.9,338.99,264.61,74.38,413.7
2023-06-28,21,2023-06-28T20:00,mcn,McNary,168.9,72.3,91.9,338.91,264.66,74.25,409.6
2023-06-28,22,2023-06-28T21:00,mcn,McNary,168.7,72.1,91.9,338.85,264.55,74.3,408.7
2023-06-28,23,2023-06-28T22:00,mcn,McNary,150.2,53.7,91.9,338.88,264.22,74.66,305.9
2023-06-28,24,2023-06-28T23:00,mcn,McNary,149.5,52.9,91.9,338.78,264.33,74.45,300.5
2023-06-29,1,2023-06-29T00:00,mcn,McNary,148.5,52.6,91.2,338.79,264.35,74.44,298.8
2023-06-29,2,2023-06-29T01:00,mcn,McNary,148.3,52.5,91.1,338.85,264.44,74.41,298.1
2023-06-29,3,2023-06-29T02:00,mcn,McNary,148.2,52.4,91.1,338.87,264.57,74.3,297.1
2023-06-29,4,2023-06-29T03:00,mcn,McNary,148.2,52.5,91.1,338.94,264.6,74.34,297.8
2023-06-29,5,2023-06-29T04:00,mcn,McNary,148.3,52.5,91.1,338.98,264.49,74.49,298.4
2023-06-29,6,2023-06-29T05:00,mcn,McNary,147.6,53.2,89.7,339.03,264.68,74.35,301.8
2023-06-29,7,2023-06-29T06:00,mcn,McNary,165.9,72.0,89.2,339.06,264.8,74.26,408.0
2023-06-29,8,2023-06-29T07:00,mcn,McNary,162.4,68.4,89.3,339.19,264.71,74.48,388.7
2023-06-29,9,2023-06-29T08:00,mcn,McNary,158.5,64.3,89.4,339.16,264.69,74.47,365.4
2023-06-29,10,2023-06-29T09:00,mcn,McNary,157.7,63.7,89.4,339.14,264.68,74.46,361.9
2023-06-29,11,2023-06-29T10:00,mcn,McNary,157.9,63.8,89.3,339.2,264.58,74.62,363.2
2023-06-29,12,2023-06-29T11:00,mcn,McNary,157.6,63.5,89.3,339.12,264.43,74.69,361.9
2023-06-29,13,2023-06-29T12:00,mcn,McNary,157.5,63.5,89.3,339.09,264.29,74.8,362.4
2023-06-29,14,2023-06-29T13:00,mcn,McNary,157.6,63.6,89.2,339.05,264.34,74.71,362.5
2023-06-29,15,2023-06-29T14:00,mcn,McNary,157.7,63.7,89.2,339.02,264.36,74.66,362.9
2023-06-29,16,2023-06-29T15:00,mcn,McNary,157.7,63.8,89.2,339.04,264.39,74.65,363.4
2023-06-29,17,2023-06-29T16:00,mcn,McNary,160.8,66.9,89.2,339.05,264.4,74.65,381.0
2023-06-29,18,2023-06-29T17:00,mcn,McNary,161.9,67.9,89.3,339.08,264.6,74.48,385.9
2023-06-29,19,2023-06-29T18:00,mcn,McNary,178.5,84.6,89.2,339.03,264.97,74.06,478.1
2023-06-29,20,2023-06-29T19:00,mcn,McNary,179.4,85.5,89.2,339.1,264.93,74.17,483.9
2023-06-29,21,2023-06-29T20:00,mcn,McNary,178.8,84.8,89.2,339.06,264.68,74.38,481.3
2023-06-29,22,2023-06-29T21:00,mcn,McNary,160.6,66.6,89.3,339.13,264.28,74.85,380.4
2023-06-29,23,2023-06-29T22:00,mcn,McNary,146.0,52.0,89.4,339.2,263.93,75.27,298.6
2023-06-29,24,2023-06-29T23:00,mcn,McNary,145.3,51.2,89.5,339.26,263.98,75.28,294.1
2023-06-30,1,2023-06-30T00:00,mcn,McNary,144.7,50.2,89.8,339.26,263.92,75.34,288.6
2023-06-30,2,2023-06-30T01:00,mcn,McNary,144.2,50.0,89.6,339.22,264.19,75.03,286.2
2023-06-30,3,2023-06-30T02:00,mcn,McNary,145.2,50.8,89.7,339.26,264.01,75.25,291.7
2023-06-30,4,2023-06-30T03:00,mcn,McNary,144.7,50.1,89.9,339.33,264.06,75.27,287.7
2023-06-30,5,2023-06-30T04:00,mcn,McNary,145.1,50.3,90.1,339.31,264.04,75.27,288.9
2023-06-30,6,2023-06-30T05:00,mcn,McNary,145.8,51.0,90.2,339.32,264.26,75.06,292.1
2023-06-30,7,2023-06-30T06:00,mcn,McNary,158.9,64.3,89.9,339.27,264.47,74.8,367.0
2023-06-30,8,2023-06-30T07:00,mcn,McNary,155.9,61.3,90.0,339.28,264.25,75.03,350.9
2023-06-30,9,2023-06-30T08:00,mcn,McNary,151.2,56.5,90.0,339.27,264.21,75.06,323.6
2023-06-30,10,2023-06-30T09:00,mcn,McNary,150.8,56.1,90.0,339.32,264.16,75.16,321.7
2023-06-30,11,2023-06-30T10:00,mcn,McNary,150.2,55.7,89.8,339.25,264.03,75.22,319.7
2023-06-30,12,2023-06-30T11:00,mcn,McNary,150.2,56.0,89.6,339.21,263.93,75.28,321.7
2023-06-30,13,2023-06-30T12:00,mcn,McNary,149.8,55.8,89.3,339.13,263.87,75.26,320.4
2023-06-30,14,2023-06-30T13:00,mcn,McNary,150.0,56.1,89.2,339.09,263.79,75.3,322.3
2023-06-30,15,2023-06-30T14:00,mcn,McNary,149.7,55.8,89.2,339.07,263.73,75.34,320.8
2023-06-30,16,2023-06-30T15:00,mcn,McNary,150.7,56.0,90.0,339.07,263.77,75.3,321.7
2023-06-30,17,2023-06-30T16:00,mcn,McNary,150.8,56.0,90.1,339.04,263.85,75.19,321.3
2023-06-30,18,2023-06-30T17:00,mcn,McNary,151.0,56.2,90.2,339.11,263.86,75.25,322.7
2023-06-30,19,2023-06-30T18:00,mcn,McNary,151.2,56.3,90.2,339.14,263.85,75.29,323.4
2023-06-30,20,2023-06-30T19:00,mcn,McNary,150.6,55.7,90.2,339.18,263.81,75.37,320.3
2023-06-30,21,2023-06-30T20:00,mcn,McNary,150.8,55.8,90.3,339.22,263.73,75.49,321.4
2023-06-30,22,2023-06-30T21:00,mcn,McNary,150.9,55.7,90.5,339.24,263.92,75.32,320.1
2023-06-30,23,2023-06-30T22:00,mcn,McNary,151.2,55.7,90.8,339.29,263.85,75.44,320.6
2023-06-30,24,2023-06-30T23:00,mcn,McNary,151.5,55.7,91.0,339.41,263.85,75.56,321.1
2023-07-01,1,2023-07-01T00:00,mcn,McNary,140.8,50.8,85.3,339.44,263.73,75.71,293.5
2023-07-01,2,2023-07-01T01:00,mcn,McNary,139.6,50.0,84.9,339.47,263.72,75.75,289.0
2023-07-01,3,2023-07-01T02:00,mcn,McNary,139.5,49.9,84.9,339.42,263.8,75.62,287.9
2023-07-01,4,2023-07-01T03:00,mcn,McNary,139.6,49.9,85.0,339.51,263.89,75.62,287.9
2023-07-01,5,2023-07-01T04:00,mcn,McNary,139.6,50.0,84.9,339.56,263.98,75.58,288.3
2023-07-01,6,2023-07-01T05:00,mcn,McNary,139.6,50.0,84.9,339.55,263.99,75.56,288.3
2023-07-01,7,2023-07-01T06:00,mcn,McNary,139.6,50.0,84.9,339.62,263.94,75.68,288.7
2023-07-01,8,2023-07-01T07:00,mcn,McNary,139.6,50.1,84.9,339.63,263.95,75.68,289.3
2023-07-01,9,2023-07-01T08:00,mcn,McNary,139.6,50.0,84.9,339.61,264.04,75.57,288.3
2023-07-01,10,2023-07-01T09:00,mcn,McNary,140.0,50.3,85.0,339.64,264.12,75.52,289.8
2023-07-01,11,2023-07-01T10:00,mcn,McNary,139.9,50.1,85.0,339.62,263.98,75.64,289.1
2023-07-01,12,2023-07-01T11:00,mcn,McNary,140.0,50.2,85.0,339.64,263.92,75.72,290.0
2023-07-01,13,2023-07-01T12:00,mcn,McNary,139.6,50.0,84.9,339.64,263.83,75.81,289.2
2023-07-01,14,2023-07-01T13:00,mcn,McNary,140.8,51.2,84.9,339.59,263.92,75.67,295.6
2023-07-01,15,2023-07-01T14:00,mcn,McNary,170.4,80.9,84.9,339.46,264.65,74.81,461.8
2023-07-01,16,2023-07-01T15:00,mcn,McNary,172.2,82.6,84.9,339.53,264.69,74.84,471.7
2023-07-01,17,2023-07-01T16:00,mcn,McNary,172.3,82.7,84.9,339.51,264.69,74.82,472.1
2023-07-01,18,2023-07-01T17:00,mcn,McNary,171.4,81.8,84.9,339.4,264.68,74.72,466.4
2023-07-01,19,2023-07-01T18:00,mcn,McNary,172.5,82.9,84.9,339.35,264.64,74.71,472.6
2023-07-01,20,2023-07-01T19:00,mcn,McNary,171.3,81.9,84.8,339.36,264.59,74.77,467.2
2023-07-01,21,2023-07-01T20:00,mcn,McNary,171.9,82.1,85.1,339.35,264.7,74.65,467.6
2023-07-01,22,2023-07-01T21:00,mcn,McNary,171.9,82.0,85.2,339.4,264.64,74.76,467.7
2023-07-01,23,2023-07-01T22:00,mcn,McNary,151.6,62.0,85.0,339.51,263.96,75.55,357.4
2023-07-01,24,2023-07-01T23:00,mcn,McNary,140.3,50.6,84.9,339.5,263.69,75.81,292.7
2023-07-02,1,2023-07-02T00:00,mcn,McNary,140.7,49.9,86.1,339.43,263.71,75.72,288.3
2023-07-02,2,2023-07-02T01:00,mcn,McNary,140.5,49.7,86.0,339.51,263.8,75.71,287.1
2023-07-02,3,2023-07-02T02:00,mcn,McNary,140.9,50.1,86.1,339.48,264.2,75.28,287.8
2023-07-02,4,2023-07-02T03:00,mcn,McNary,141.1,50.3,86.1,339.51,264.27,75.24,288.8
2023-07-02,5,2023-07-02T04:00,mcn,McNary,141.2,50.4,86.1,339.5,264.21,75.29,289.5
2023-07-02,6,2023-07-02T05:00,mcn,McNary,140.9,50.1,86.1,339.58,263.96,75.62,289.1
2023-07-02,7,2023-07-02T06:00,mcn,McNary,140.6,49.9,86.0,339.6,264.14,75.46,287.3
2023-07-02,8,2023-07-02T07:00,mcn,McNary,144.5,53.8,85.9,339.59,264.47,75.12,308.4
2023-07-02,9,2023-07-02T08:00,mcn,McNary,146.2,55.5,86.0,339.61,264.58,75.03,317.7
2023-07-02,10,2023-07-02T09:00,mcn,McNary,145.8,55.1,86.0,339.61,264.5,75.11,315.8
2023-07-02,11,2023-07-02T10:00,mcn,McNary,146.0,55.3,86.0,339.61,264.47,75.14,317.0
2023-07-02,12,2023-07-02T11:00,mcn,McNary,145.6,54.9,86.0,339.62,264.31,75.31,315.5
2023-07-02,13,2023-07-02T12:00,mcn,McNary,145.6,55.0,86.0,339.63,264.21,75.42,316.5
2023-07-02,14,2023-07-02T13:00,mcn,McNary,144.9,54.5,85.7,339.62,264.24,75.38,313.5
2023-07-02,15,2023-07-02T14:00,mcn,McNary,140.1,49.4,86.0,339.63,264.2,75.43,284.3
2023-07-02,16,2023-07-02T15:00,mcn,McNary,141.0,50.3,86.0,339.63,264.24,75.39,289.3
2023-07-02,17,2023-07-02T16:00,mcn,McNary,140.8,50.2,85.9,339.65,264.25,75.4,288.8
2023-07-02,18,2023-07-02T17:00,mcn,McNary,140.7,50.1,85.9,339.61,263.98,75.63,289.1
2023-07-02,19,2023-07-02T18:00,mcn,McNary,140.5,49.8,86.1,339.7,263.99,75.71,287.7
2023-07-02,20,2023-07-02T19:00,mcn,McNary,140.7,49.9,86.1,339.62,263.9,75.72,288.3
2023-07-02,21,2023-07-02T20:00,mcn,McNary,140.6,49.8,86.1,339.67,264.01,75.66,287.5
2023-07-02,22,2023-07-02T21:00,mcn,McNary,140.7,50.0,85.9,339.69,264.02,75.67,288.7
2023-07-02,23,2023-07-02T22:00,mcn,McNary,140.4,49.7,86.0,339.74,263.96,75.78,287.4
2023-07-02,24,2023-07-02T23:00,mcn,McNary,139.5,48.9,85.9,339.73,263.92,75.81,282.9
2023-07-03,1,2023-07-03T00:00,mcn,McNary,139.2,50.6,83.9,339.69,263.91,75.78,292.6
2023-07-03,2,2023-07-03T01:00,mcn,McNary,136.0,50.6,80.7,339.72,264.03,75.69,292.2
2023-07-03,3,2023-07-03T02:00,mcn,McNary,136.1,50.7,80.7,339.69,264.24,75.45,291.9
2023-07-03,4,2023-07-03T03:00,mcn,McNary,136.6,51.1,80.7,339.73,264.28,75.45,294.2
2023-07-03,5,2023-07-03T04:00,mcn,McNary,136.2,50.8,80.7,339.74,264.07,75.67,293.3
2023-07-03,6,2023-07-03T05:00,mcn,McNary,136.2,50.8,80.7,339.69,264.14,75.55,292.8
2023-07-03,7,2023-07-03T06:00,mcn,McNary,136.4,51.0,80.7,339.66,264.21,75.45,293.6
2023-07-03,8,2023-07-03T07:00,mcn,McNary,136.7,51.3,80.7,339.66,264.27,75.39,295.1
2023-07-03,9,2023-07-03T08:00,mcn,McNary,136.9,51.3,80.9,339.62,264.47,75.15,294.2
2023-07-03,10,2023-07-03T09:00,mcn,McNary,136.2,50.8,80.7,339.59,264.4,75.19,291.4
2023-07-03,11,2023-07-03T10:00,mcn,McNary,136.5,51.0,80.7,339.57,264.14,75.43,293.5
2023-07-03,12,2023-07-03T11:00,mcn,McNary,136.5,51.1,80.7,339.57,264.01,75.56,294.6
2023-07-03,13,2023-07-03T12:00,mcn,McNary,135.9,50.5,80.7,339.54,263.97,75.57,291.2
2023-07-03,14,2023-07-03T13:00,mcn,McNary,136.7,51.3,80.7,339.53,263.86,75.67,296.2
2023-07-03,15,2023-07-03T14:00,mcn,McNary,136.4,51.0,80.7,339.59,263.94,75.65,294.4
2023-07-03,16,2023-07-03T15:00,mcn,McNary,136.2,50.8,80.7,339.58,263.94,75.64,293.2
2023-07-03,17,2023-07-03T16:00,mcn,McNary,135.9,50.5,80.7,339.62,263.93,75.69,291.6
2023-07-03,18,2023-07-03T17:00,mcn,McNary,136.9,51.5,80.7,339.58,264.16,75.42,296.4
2023-07-03,19,2023-07-03T18:00,mcn,McNary,153.7,68.2,80.7,339.6,264.32,75.28,391.7
2023-07-03,20,2023-07-03T19:00,mcn,McNary,153.7,68.2,80.8,339.68,264.26,75.42,392.5
2023-07-03,21,2023-07-03T20:00,mcn,McNary,154.2,68.8,80.7,339.61,264.35,75.26,395.1
2023-07-03,22,2023-07-03T21:00,mcn,McNary,154.5,69.1,80.7,339.64,264.3,75.34,397.2
2023-07-03,23,2023-07-03T22:00,mcn,McNary,154.1,68.7,80.7,339.62,264.16,75.46,395.5
2023-07-03,24,2023-07-03T23:00,mcn,McNary,141.3,55.9,80.7,339.62,263.97,75.65,322.7
2023-07-04,1,2023-07-04T00:00,mcn,McNary,140.2,55.5,79.9,339.6,263.99,75.61,320.2
2023-07-04,2,2023-07-04T01:00,mcn,McNary,139.6,55.0,79.9,339.52,264.0,75.52,316.9
2023-07-04,3,2023-07-04T02:00,mcn,McNary,139.1,54.6,79.9,339.54,264.05,75.49,314.5
2023-07-04,4,2023-07-04T03:00,mcn,McNary,138.8,54.3,79.9,339.55,264.2,75.35,312.2
2023-07-04,5,2023-07-04T04:00,mcn,McNary,139.7,55.2,79.9,339.58,264.43,75.15,316.5
2023-07-04,6,2023-07-04T05:00,mcn,McNary,139.5,54.9,79.9,339.62,264.4,75.22,315.1
2023-07-04,7,2023-07-04T06:00,mcn,McNary,140.1,55.5,79.9,339.61,264.3,75.31,318.9
2023-07-04,8,2023-07-04T07:00,mcn,McNary,140.4,55.8,79.9,339.69,264.22,75.47,321.3
2023-07-04,9,2023-07-04T08:00,mcn,McNary,139.9,55.3,79.9,339.74,264.36,75.38,318.1
2023-07-04,10,2023-07-04T09:00,mcn,McNary,140.1,55.6,79.9,339.74,264.58,75.16,318.8
2023-07-04,11,2023-07-04T10:00,mcn,McNary,140.1,55.5,79.9,339.84,264.47,75.37,319.2
2023-07-04,12,2023-07-04T11:00,mcn,McNary,140.0,55.4,79.9,339.87,264.3,75.57,319.4
2023-07-04,13,2023-07-04T12:00,mcn,McNary,139.6,55.0,79.9,339.89,264.16,75.73,317.8
2023-07-04,14,2023-07-04T13:00,mcn,McNary,140.3,55.6,79.9,339.88,264.19,75.69,321.1
2023-07-04,15,2023-07-04T14:00,mcn,McNary,158.3,73.7,79.9,339.84,264.55,75.29,423.4
2023-07-04,16,2023-07-04T15:00,mcn,McNary,159.4,74.7,79.9,339.88,264.61,75.27,429.0
2023-07-04,17,2023-07-04T16:00,mcn,McNary,159.2,74.6,79.9,339.79,264.6,75.19,428.0
2023-07-04,18,2023-07-04T17:00,mcn,McNary,158.6,74.0,79.9,339.76,264.64,75.12,424.1
2023-07-04,19,2023-07-04T18:00,mcn,McNary,159.4,74.8,79.9,339.71,264.63,75.08,428.5
2023-07-04,20,2023-07-04T19:00,mcn,McNary,159.3,74.7,79.9,339.7,264.66,75.04,427.7
2023-07-04,21,2023-07-04T20:00,mcn,McNary,159.7,75.1,79.9,339.65,264.79,74.86,429.0
2023-07-04,22,2023-07-04T21:00,mcn,McNary,158.7,74.1,79.9,339.66,264.54,75.12,424.7
2023-07-04,23,2023-07-04T22:00,mcn,McNary,141.5,56.9,79.9,339.69,264.2,75.49,327.7
2023-07-04,24,2023-07-04T23:00,mcn,McNary,141.4,56.8,79.9,339.62,264.33,75.29,326.3
2023-07-05,1,2023-07-05T00:00,mcn,McNary,143.3,55.9,82.8,339.66,264.31,75.35,321.4
2023-07-05,2,2023-07-05T01:00,mcn,McNary,144.0,56.3,83.0,339.58,264.56,75.02,322.3
2023-07-05,3,2023-07-05T02:00,mcn,McNary,144.5,56.8,83.0,339.58,264.62,74.96,324.9
2023-07-05,4,2023-07-05T03:00,mcn,McNary,144.8,57.1,83.0,339.61,264.6,75.01,326.8
2023-07-05,5,2023-07-05T04:00,mcn,McNary,144.7,57.0,83.0,339.57,264.54,75.03,326.3
2023-07-05,6,2023-07-05T05:00,mcn,McNary,143.5,55.8,82.9,339.54,264.5,75.04,319.5
2023-07-05,7,2023-07-05T06:00,mcn,McNary,144.4,56.6,83.1,339.58,264.68,74.9,323.5
2023-07-05,8,2023-07-05T07:00,mcn,McNary,144.7,57.1,82.9,339.53,264.6,74.93,326.4
2023-07-05,9,2023-07-05T08:00,mcn,McNary,144.2,56.6,83.0,339.48,264.7,74.78,322.9
2023-07-05,10,2023-07-05T09:00,mcn,McNary,147.3,60.0,82.6,339.44,264.66,74.78,342.3
2023-07-05,11,2023-07-05T10:00,mcn,McNary,147.0,59.4,82.9,339.41,264.65,74.76,338.8
2023-07-05,12,2023-07-05T11:00,mcn,McNary,146.7,59.2,82.8,339.35,264.52,74.83,338.0
2023-07-05,13,2023-07-05T12:00,mcn,McNary,146.1,59.2,82.2,339.31,264.46,74.85,338.1
2023-07-05,14,2023-07-05T13:00,mcn,McNary,146.2,59.1,82.4,339.23,264.43,74.8,337.3
2023-07-05,15,2023-07-05T14:00,mcn,McNary,160.5,73.1,82.7,339.18,264.65,74.53,415.7
2023-07-05,16,2023-07-05T15:00,mcn,McNary,162.5,74.7,83.1,339.13,264.77,74.36,423.8
2023-07-05,17,2023-07-05T16:00,mcn,McNary,180.1,92.5,82.8,339.11,265.1,74.01,522.3
2023-07-05,18,2023-07-05T17:00,mcn,McNary,182.4,94.8,82.9,339.12,265.11,74.01,535.3
2023-07-05,19,2023-07-05T18:00,mcn,McNary,179.9,92.4,82.8,339.08,265.16,73.92,521.1
2023-07-05,20,2023-07-05T19:00,mcn,McNary,180.4,92.7,83.0,339.03,264.98,74.05,523.8
2023-07-05,21,2023-07-05T20:00,mcn,McNary,181.4,93.7,83.0,339.02,264.96,74.06,529.5
2023-07-05,22,2023-07-05T21:00,mcn,McNary,180.4,92.7,83.1,339.07,264.83,74.24,525.1
2023-07-05,23,2023-07-05T22:00,mcn,McNary,146.1,58.3,83.1,339.19,264.14,75.05,333.8
2023-07-05,24,2023-07-05T23:00,mcn,McNary,144.9,56.8,83.5,339.13,264.27,74.86,324.4
2023-07-06,1,2023-07-06T00:00,mcn,McNary,146.0,53.2,88.1,339.23,264.45,74.78,303.5
2023-07-06,2,2023-07-06T01:00,mcn,McNary,145.7,52.4,88.7,339.36,264.47,74.89,299.4
2023-07-06,3,2023-07-06T02:00,mcn,McNary,144.4,51.7,87.9,339.31,264.54,74.77,294.9
2023-07-06,4,2023-07-06T03:00,mcn,McNary,145.3,52.2,88.4,339.44,264.58,74.86,298.2
2023-07-06,5,2023-07-06T04:00,mcn,McNary,144.7,52.0,88.0,339.5,264.27,75.23,298.5
2023-07-06,6,2023-07-06T05:00,mcn,McNary,145.1,52.3,88.2,339.52,264.32,75.2,300.1
2023-07-06,7,2023-07-06T06:00,mcn,McNary,158.6,65.7,88.1,339.5,264.66,74.84,375.2
2023-07-06,8,2023-07-06T07:00,mcn,McNary,158.4,65.7,88.0,339.55,264.8,74.75,374.7
2023-07-06,9,2023-07-06T08:00,mcn,McNary,158.7,66.0,88.0,339.52,264.67,74.85,376.9
2023-07-06,10,2023-07-06T09:00,mcn,McNary,159.4,66.7,88.0,339.52,264.66,74.86,381.0
2023-07-06,11,2023-07-06T10:00,mcn,McNary,159.9,67.2,88.0,339.57,264.57,75.0,384.6
2023-07-06,12,2023-07-06T11:00,mcn,McNary,145.8,52.9,88.2,339.6,264.27,75.33,304.1
2023-07-06,13,2023-07-06T12:00,mcn,McNary,145.2,52.5,88.0,339.53,264.22,75.31,301.7
2023-07-06,14,2023-07-06T13:00,mcn,McNary,144.9,51.8,88.4,339.51,264.2,75.31,297.7
2023-07-06,15,2023-07-06T14:00,mcn,McNary,145.3,52.8,87.8,339.46,264.06,75.4,303.8
2023-07-06,16,2023-07-06T15:00,mcn,McNary,145.0,52.5,87.8,339.34,264.17,75.17,301.1
2023-07-06,17,2023-07-06T16:00,mcn,McNary,158.1,65.8,87.6,339.31,264.39,74.92,376.1
2023-07-06,18,2023-07-06T17:00,mcn,McNary,159.4,66.5,88.2,339.33,264.42,74.91,380.1
2023-07-06,19,2023-07-06T18:00,mcn,McNary,159.6,67.5,87.4,339.21,264.37,74.84,385.4
2023-07-06,20,2023-07-06T19:00,mcn,McNary,159.3,66.9,87.8,339.13,264.37,74.76,381.6
2023-07-06,21,2023-07-06T20:00,mcn,McNary,159.2,66.8,87.7,339.11,264.35,74.76,381.0
2023-07-06,22,2023-07-06T21:00,mcn,McNary,158.6,66.0,88.0,339.07,264.31,74.76,376.5
2023-07-06,23,2023-07-06T22:00,mcn,McNary,146.9,54.2,88.0,339.09,264.15,74.94,309.9
2023-07-06,24,2023-07-06T23:00,mcn,McNary,144.9,52.2,88.1,339.05,264.34,74.71,297.6
2023-07-07,1,2023-07-07T00:00,mcn,McNary,142.9,51.7,86.5,339.06,264.21,74.85,295.3
2023-07-07,2,2023-07-07T01:00,mcn,McNary,141.8,51.1,86.0,339.05,264.2,74.85,291.8
2023-07-07,3,2023-07-07T02:00,mcn,McNary,142.3,51.5,86.1,339.12,264.33,74.79,293.9
2023-07-07,4,2023-07-07T03:00,mcn,McNary,142.6,51.7,86.2,339.15,264.38,74.77,294.9
2023-07-07,5,2023-07-07T04:00,mcn,McNary,141.3,50.5,86.1,339.21,264.11,75.1,289.4
2023-07-07,6,2023-07-07T05:00,mcn,McNary,141.3,50.3,86.4,339.29,264.24,75.05,288.0
2023-07-07,7,2023-07-07T06:00,mcn,McNary,141.8,50.5,86.6,339.34,264.33,75.01,289.0
2023-07-07,8,2023-07-07T07:00,mcn,McNary,141.0,50.0,86.3,339.4,264.29,75.11,286.5
2023-07-07,9,2023-07-07T08:00,mcn,McNary,140.6,49.9,86.0,339.43,264.29,75.14,286.1
2023-07-07,10,2023-07-07T09:00,mcn,McNary,140.6,50.0,85.9,339.47,264.35,75.12,286.6
2023-07-07,11,2023-07-07T10:00,mcn,McNary,141.0,50.1,86.1,339.47,264.45,75.02,286.8
2023-07-07,12,2023-07-07T11:00,mcn,McNary,141.0,50.4,85.9,339.46,264.22,75.24,289.3
2023-07-07,13,2023-07-07T12:00,mcn,McNary,140.9,50.1,86.1,339.49,263.98,75.51,288.6
2023-07-07,14,2023-07-07T13:00,mcn,McNary,140.4,49.7,86.1,339.4,264.2,75.2,285.2
2023-07-07,15,2023-07-07T14:00,mcn,McNary,148.5,58.0,85.8,339.39,264.18,75.21,332.8
2023-07-07,16,2023-07-07T15:00,mcn,McNary,148.8,58.3,85.8,339.44,264.2,75.24,334.7
2023-07-07,17,2023-07-07T16:00,mcn,McNary,149.8,59.2,86.0,339.42,264.11,75.31,340.2
2023-07-07,18,2023-07-07T17:00,mcn,McNary,150.0,59.2,86.0,339.39,264.22,75.17,339.5
2023-07-07,19,2023-07-07T18:00,mcn,McNary,151.1,60.3,86.1,339.33,264.17,75.16,345.8
2023-07-07,20,2023-07-07T19:00,mcn,McNary,158.7,68.2,85.8,339.33,264.35,74.98,390.2
2023-07-07,21,2023-07-07T20:00,mcn,McNary,158.6,68.0,85.9,339.32,264.38,74.94,388.8
2023-07-07,22,2023-07-07T21:00,mcn,McNary,158.3,67.7,85.9,339.36,264.39,74.97,387.3
2023-07-07,23,2023-07-07T22:00,mcn,McNary,142.6,52.0,85.9,339.4,263.98,75.42,299.2
2023-07-07,24,2023-07-07T23:00,mcn,McNary,141.5,51.1,85.7,339.35,264.1,75.25,293.4
2023-07-08,1,2023-07-08T00:00,mcn,McNary,139.5,51.7,83.1,339.26,264.16,75.1,296.2
2023-07-08,2,2023-07-08T01:00,mcn,McNary,139.4,51.2,83.5,339.33,264.26,75.07,293.3
2023-07-08,3,2023-07-08T02:00,mcn,McNary,138.1,51.0,82.4,339.3,264.34,74.96,291.7
2023-07-08,4,2023-07-08T03:00,mcn,McNary,138.6,50.8,83.1,339.34,264.39,74.95,290.5
2023-07-08,5,2023-07-08T04:00,mcn,McNary,138.6,50.9,83.0,339.33,264.25,75.08,291.6
2023-07-08,6,2023-07-08T05:00,mcn,McNary,138.5,50.9,82.9,339.35,264.33,75.02,291.4
2023-07-08,7,2023-07-08T06:00,mcn,McNary,138.9,51.3,83.0,339.33,264.26,75.07,293.8
2023-07-08,8,2023-07-08T07:00,mcn,McNary,138.3,50.7,82.9,339.29,264.35,74.94,289.9
2023-07-08,9,2023-07-08T08:00,mcn,McNary,138.5,50.5,83.3,339.25,264.45,74.8,288.2
2023-07-08,10,2023-07-08T09:00,mcn,McNary,138.5,51.4,82.4,339.26,264.39,74.87,293.6
2023-07-08,11,2023-07-08T10:00,mcn,McNary,139.8,51.6,83.5,339.27,264.39,74.88,294.8
2023-07-08,12,2023-07-08T11:00,mcn,McNary,137.7,50.8,82.2,339.26,264.18,75.08,291.0
2023-07-08,13,2023-07-08T12:00,mcn,McNary,138.6,50.9,83.0,339.24,263.99,75.25,292.2
2023-07-08,14,2023-07-08T13:00,mcn,McNary,138.9,50.9,83.3,339.21,264.02,75.19,292.0
2023-07-08,15,2023-07-08T14:00,mcn,McNary,138.2,50.9,82.6,339.18,264.18,75.0,291.3
2023-07-08,16,2023-07-08T15:00,mcn,McNary,139.6,51.2,83.7,339.16,264.31,74.85,292.4
2023-07-08,17,2023-07-08T16:00,mcn,McNary,157.7,69.5,83.5,339.05,264.4,74.65,395.9
2023-07-08,18,2023-07-08T17:00,mcn,McNary,159.1,71.0,83.4,338.98,264.35,74.63,404.3
2023-07-08,19,2023-07-08T18:00,mcn,McNary,159.2,71.1,83.4,338.91,264.3,74.61,404.8
2023-07-08,20,2023-07-08T19:00,mcn,McNary,158.9,70.8,83.4,338.81,264.29,74.52,402.6
2023-07-08,21,2023-07-08T20:00,mcn,McNary,159.2,71.2,83.4,338.74,264.31,74.43,404.3
2023-07-08,22,2023-07-08T21:00,mcn,McNary,158.8,70.7,83.4,338.7,264.27,74.43,401.5
2023-07-08,23,2023-07-08T22:00,mcn,McNary,138.8,50.7,83.4,338.72,263.99,74.73,289.1
2023-07-08,24,2023-07-08T23:00,mcn,McNary,138.9,50.8,83.4,338.59,264.05,74.54,288.9
2023-07-09,1,2023-07-09T00:00,mcn,McNary,137.3,50.6,82.0,338.62,264.34,74.28,286.8
2023-07-09,2,2023-07-09T01:00,mcn,McNary,136.4,50.0,81.7,338.64,264.22,74.42,283.9
2023-07-09,3,2023-07-09T02:00,mcn,McNary,136.6,50.0,81.9,338.65,264.2,74.45,284.0
2023-07-09,4,2023-07-09T03:00,mcn,McNary,137.5,51.0,81.9,338.65,264.35,74.3,289.1
2023-07-09,5,2023-07-09T04:00,mcn,McNary,137.2,50.7,81.8,338.61,264.12,74.49,288.2
2023-07-09,6,2023-07-09T05:00,mcn,McNary,136.8,50.3,81.8,338.62,264.19,74.43,285.7
2023-07-09,7,2023-07-09T06:00,mcn,McNary,137.6,51.1,81.8,338.61,264.27,74.34,289.8
2023-07-09,8,2023-07-09T07:00,mcn,McNary,136.8,50.3,81.8,338.6,264.19,74.41,285.6
2023-07-09,9,2023-07-09T08:00,mcn,McNary,137.2,50.3,82.1,338.57,264.26,74.31,285.2
2023-07-09,10,2023-07-09T09:00,mcn,McNary,137.3,50.7,81.9,338.54,264.25,74.29,287.4
2023-07-09,11,2023-07-09T10:00,mcn,McNary,137.1,50.5,81.9,338.48,264.07,74.41,286.7
2023-07-09,12,2023-07-09T11:00,mcn,McNary,137.2,50.8,81.8,338.42,263.83,74.59,289.1
2023-07-09,13,2023-07-09T12:00,mcn,McNary,136.8,50.3,81.8,338.36,263.59,74.77,287.0
2023-07-09,14,2023-07-09T13:00,mcn,McNary,137.5,50.8,82.0,338.31,263.59,74.72,289.6
2023-07-09,15,2023-07-09T14:00,mcn,McNary,137.2,50.5,82.0,338.25,263.58,74.67,287.7
2023-07-09,16,2023-07-09T15:00,mcn,McNary,136.8,50.2,81.9,338.18,263.49,74.69,286.1
2023-07-09,17,2023-07-09T16:00,mcn,McNary,136.7,50.1,81.8,338.16,263.36,74.8,285.9
2023-07-09,18,2023-07-09T17:00,mcn,McNary,136.4,49.9,81.8,338.11,263.24,74.87,285.1
2023-07-09,19,2023-07-09T18:00,mcn,McNary,136.4,49.9,81.8,338.07,263.51,74.56,283.9
2023-07-09,20,2023-07-09T19:00,mcn,McNary,136.4,49.8,81.9,338.03,263.62,74.41,282.7
2023-07-09,21,2023-07-09T20:00,mcn,McNary,137.1,50.5,81.9,338.0,263.7,74.3,286.3
2023-07-09,22,2023-07-09T21:00,mcn,McNary,136.8,50.2,81.9,337.9,263.74,74.16,284.1
2023-07-09,23,2023-07-09T22:00,mcn,McNary,137.1,50.4,82.0,337.9,263.85,74.05,284.8
2023-07-09,24,2023-07-09T23:00,mcn,McNary,137.5,50.7,82.1,337.89,263.89,74.0,286.3
2023-07-10,1,2023-07-10T00:00,mcn,McNary,132.8,50.1,78.0,337.86,263.87,73.99,282.8
2023-07-10,2,2023-07-10T01:00,mcn,McNary,133.1,50.4,77.9,337.87,263.99,73.88,284.1
2023-07-10,3,2023-07-10T02:00,mcn,McNary,133.5,50.9,77.9,337.88,264.23,73.65,286.0
2023-07-10,4,2023-07-10T03:00,mcn,McNary,133.8,51.1,77.9,337.9,264.15,73.75,287.5
2023-07-10,5,2023-07-10T04:00,mcn,McNary,133.2,50.5,78.0,337.92,264.3,73.62,283.7
2023-07-10,6,2023-07-10T05:00,mcn,McNary,133.9,51.2,77.9,337.91,264.24,73.67,287.8
2023-07-10,7,2023-07-10T06:00,mcn,McNary,133.4,50.7,78.0,337.92,264.47,73.45,284.1
2023-07-10,8,2023-07-10T07:00,mcn,McNary,134.4,51.7,78.0,337.96,264.41,73.55,290.1
2023-07-10,9,2023-07-10T08:00,mcn,McNary,134.3,51.6,78.0,337.92,264.27,73.65,290.0
2023-07-10,10,2023-07-10T09:00,mcn,McNary,133.4,50.8,77.8,337.89,264.38,73.51,284.9
2023-07-10,11,2023-07-10T10:00,mcn,McNary,133.5,51.4,77.4,337.91,264.31,73.6,288.6
2023-07-10,12,2023-07-10T11:00,mcn,McNary,134.0,51.9,77.4,337.9,264.26,73.64,291.6
2023-07-10,13,2023-07-10T12:00,mcn,McNary,135.3,51.8,78.9,337.85,264.45,73.4,290.1
2023-07-10,14,2023-07-10T13:00,mcn,McNary,134.0,50.9,78.3,337.81,264.28,73.53,285.6
2023-07-10,15,2023-07-10T14:00,mcn,McNary,134.6,51.6,78.3,337.79,264.21,73.58,289.7
2023-07-10,16,2023-07-10T15:00,mcn,McNary,134.6,51.6,78.3,337.79,264.07,73.72,290.2
2023-07-10,17,2023-07-10T16:00,mcn,McNary,134.1,51.3,78.1,337.78,264.25,73.53,287.8
2023-07-10,18,2023-07-10T17:00,mcn,McNary,133.5,50.9,77.9,337.76,264.21,73.55,285.6
2023-07-10,19,2023-07-10T18:00,mcn,McNary,134.1,51.4,77.9,337.76,264.23,73.53,288.4
2023-07-10,20,2023-07-10T19:00,mcn,McNary,134.7,52.0,78.0,337.74,264.13,73.61,292.1
2023-07-10,21,2023-07-10T20:00,mcn,McNary,134.1,51.4,77.9,337.74,263.92,73.82,289.5
2023-07-10,22,2023-07-10T21:00,mcn,McNary,134.7,52.1,78.0,337.73,264.02,73.71,293.0
2023-07-10,23,2023-07-10T22:00,mcn,McNary,134.2,51.5,78.0,337.71,263.94,73.77,289.9
2023-07-10,24,2023-07-10T23:00,mcn,McNary,133.3,51.4,77.2,337.74,263.87,73.87,289.7
2023-07-11,1,2023-07-11T00:00,mcn,McNary,120.2,50.7,64.8,337.66,263.94,73.72,285.2
2023-07-11,2,2023-07-11T01:00,mcn,McNary,119.9,50.4,64.8,337.61,264.09,73.52,282.7
2023-07-11,3,2023-07-11T02:00,mcn,McNary,119.9,50.5,64.8,337.64,263.96,73.68,283.9
2023-07-11,4,2023-07-11T03:00,mcn,McNary,119.9,50.4,64.8,337.6,264.05,73.55,282.8
2023-07-11,5,2023-07-11T04:00,mcn,McNary,121.1,50.8,65.6,337.56,263.99,73.57,285.2
2023-07-11,6,2023-07-11T05:00,mcn,McNary,131.2,50.7,75.8,337.61,264.28,73.33,283.7
2023-07-11,7,2023-07-11T06:00,mcn,McNary,131.5,50.9,75.9,337.56,264.11,73.45,285.3
2023-07-11,8,2023-07-11T07:00,mcn,McNary,131.4,50.8,75.9,337.52,264.08,73.44,284.7
2023-07-11,9,2023-07-11T08:00,mcn,McNary,131.5,51.0,75.8,337.49,264.36,73.13,284.6
2023-07-11,10,2023-07-11T09:00,mcn,McNary,131.3,51.2,75.4,337.5,264.24,73.26,286.2
2023-07-11,11,2023-07-11T10:00,mcn,McNary,132.6,51.5,76.4,337.5,264.13,73.37,288.3
2023-07-11,12,2023-07-11T11:00,mcn,McNary,132.3,51.5,76.1,337.53,264.3,73.23,287.8
2023-07-11,13,2023-07-11T12:00,mcn,McNary,132.1,51.3,76.1,337.56,264.04,73.52,287.8
2023-07-11,14,2023-07-11T13:00,mcn,McNary,132.4,51.4,76.2,337.62,263.96,73.66,288.9
2023-07-11,15,2023-07-11T14:00,mcn,McNary,131.6,50.9,76.0,337.67,263.98,73.69,286.2
2023-07-11,16,2023-07-11T15:00,mcn,McNary,132.3,51.6,76.0,337.72,263.95,73.77,290.4
2023-07-11,17,2023-07-11T16:00,mcn,McNary,132.3,51.6,76.0,337.75,263.98,73.77,290.4
2023-07-11,18,2023-07-11T17:00,mcn,McNary,132.0,51.3,76.0,337.82,263.97,73.85,289.1
2023-07-11,19,2023-07-11T18:00,mcn,McNary,131.9,51.2,76.0,337.91,263.92,73.99,289.0
2023-07-11,20,2023-07-11T19:00,mcn,McNary,132.7,51.9,76.1,337.98,263.77,74.21,293.9
2023-07-11,21,2023-07-11T20:00,mcn,McNary,132.3,51.6,76.0,338.06,263.93,74.13,291.9
2023-07-11,22,2023-07-11T21:00,mcn,McNary,131.7,51.0,76.0,338.11,263.72,74.39,289.5
2023-07-11,23,2023-07-11T22:00,mcn,McNary,131.5,51.0,75.8,338.15,263.77,74.38,289.4
2023-07-11,24,2023-07-11T23:00,mcn,McNary,131.3,50.5,76.1,338.23,263.78,74.45,286.9
2023-07-12,1,2023-07-12T00:00,mcn,McNary,129.5,50.8,74.0,338.29,263.46,74.83,290.0
2023-07-12,2,2023-07-12T01:00,mcn,McNary,129.3,50.7,73.9,338.41,263.55,74.86,289.6
2023-07-12,3,2023-07-12T02:00,mcn,McNary,129.4,50.7,74.0,338.51,263.72,74.79,289.3
2023-07-12,4,2023-07-12T03:00,mcn,McNary,130.0,51.4,74.0,338.55,263.74,74.81,293.4
2023-07-12,5,2023-07-12T04:00,mcn,McNary,143.8,65.2,74.0,338.6,263.92,74.68,371.5
2023-07-12,6,2023-07-12T05:00,mcn,McNary,145.5,66.8,74.0,338.64,264.24,74.4,379.2
2023-07-12,7,2023-07-12T06:00,mcn,McNary,164.1,85.4,74.0,338.63,264.54,74.09,482.8
2023-07-12,8,2023-07-12T07:00,mcn,McNary,164.5,86.2,73.6,338.65,264.6,74.05,487.0
2023-07-12,9,2023-07-12T08:00,mcn,McNary,166.0,86.8,74.5,338.65,264.69,73.96,489.8
2023-07-12,10,2023-07-12T09:00,mcn,McNary,165.0,86.3,74.0,338.64,264.66,73.98,487.1
2023-07-12,11,2023-07-12T10:00,mcn,McNary,165.0,86.3,74.0,338.64,264.6,74.04,487.5
2023-07-12,12,2023-07-12T11:00,mcn,McNary,164.7,86.0,74.0,338.6,264.58,74.02,485.7
2023-07-12,13,2023-07-12T12:00,mcn,McNary,165.3,86.6,74.0,338.54,264.57,73.97,488.8
2023-07-12,14,2023-07-12T13:00,mcn,McNary,165.2,86.5,74.1,338.55,264.55,74.0,488.4
2023-07-12,15,2023-07-12T14:00,mcn,McNary,164.8,86.0,74.2,338.48,264.61,73.87,484.7
2023-07-12,16,2023-07-12T15:00,mcn,McNary,165.3,86.4,74.2,338.41,264.87,73.54,484.8
2023-07-12,17,2023-07-12T16:00,mcn,McNary,184.0,105.4,73.9,338.31,265.09,73.22,588.8
2023-07-12,18,2023-07-12T17:00,mcn,McNary,185.6,106.9,73.9,338.28,265.15,73.13,596.5
2023-07-12,19,2023-07-12T18:00,mcn,McNary,186.3,107.6,74.0,338.18,265.12,73.06,599.8
2023-07-12,20,2023-07-12T19:00,mcn,McNary,185.6,106.9,74.0,338.22,265.0,73.22,597.2
2023-07-12,21,2023-07-12T20:00,mcn,McNary,185.9,107.3,74.0,338.2,265.02,73.18,599.1
2023-07-12,22,2023-07-12T21:00,mcn,McNary,185.2,106.4,74.1,338.21,264.91,73.3,595.1
2023-07-12,23,2023-07-12T22:00,mcn,McNary,165.6,86.8,74.1,338.31,264.47,73.84,489.0
2023-07-12,24,2023-07-12T23:00,mcn,McNary,145.2,66.4,74.2,338.44,264.16,74.28,376.3
2023-07-13,1,2023-07-13T00:00,mcn,McNary,146.3,51.3,90.3,338.31,264.21,74.1,290.0
2023-07-13,2,2023-07-13T01:00,mcn,McNary,147.3,50.6,92.0,338.37,264.4,73.97,285.6
2023-07-13,3,2023-07-13T02:00,mcn,McNary,147.2,50.7,91.8,338.48,264.45,74.03,286.4
2023-07-13,4,2023-07-13T03:00,mcn,McNary,147.0,50.5,91.9,338.48,264.54,73.94,284.9
2023-07-13,5,2023-07-13T04:00,mcn,McNary,147.0,50.3,91.9,338.53,264.4,74.13,284.5
2023-07-13,6,2023-07-13T05:00,mcn,McNary,146.5,49.9,91.9,338.57,264.42,74.15,282.3
2023-07-13,7,2023-07-13T06:00,mcn,McNary,146.3,49.7,91.9,338.59,264.45,74.14,281.1
2023-07-13,8,2023-07-13T07:00,mcn,McNary,146.1,49.8,91.6,338.6,264.38,74.22,282.0
2023-07-13,9,2023-07-13T08:00,mcn,McNary,146.4,49.9,91.9,338.64,264.62,74.02,281.8
2023-07-13,10,2023-07-13T09:00,mcn,McNary,146.4,49.8,91.9,338.67,264.51,74.16,281.8
2023-07-13,11,2023-07-13T10:00,mcn,McNary,146.6,49.9,92.0,338.7,264.51,74.19,282.5
2023-07-13,12,2023-07-13T11:00,mcn,McNary,146.5,49.8,92.0,338.74,264.46,74.28,282.2
2023-07-13,13,2023-07-13T12:00,mcn,McNary,146.6,50.1,91.8,338.76,264.25,74.51,284.8
2023-07-13,14,2023-07-13T13:00,mcn,McNary,147.3,50.8,91.8,338.77,264.24,74.53,288.9
2023-07-13,15,2023-07-13T14:00,mcn,McNary,163.2,66.4,92.1,338.74,264.56,74.18,375.8
2023-07-13,16,2023-07-13T15:00,mcn,McNary,166.3,69.5,92.1,338.69,264.71,73.98,392.3
2023-07-13,17,2023-07-13T16:00,mcn,McNary,183.9,87.2,92.0,338.62,265.14,73.48,488.9
2023-07-13,18,2023-07-13T17:00,mcn,McNary,185.9,88.4,92.7,338.57,265.07,73.5,495.8
2023-07-13,19,2023-07-13T18:00,mcn,McNary,184.9,88.4,91.8,338.51,265.0,73.51,495.8
2023-07-13,20,2023-07-13T19:00,mcn,McNary,183.9,87.4,91.8,338.48,264.84,73.64,491.1
2023-07-13,21,2023-07-13T20:00,mcn,McNary,184.1,87.4,92.0,338.45,264.88,73.57,490.6
2023-07-13,22,2023-07-13T21:00,mcn,McNary,183.3,86.5,92.1,338.46,264.93,73.53,485.3
2023-07-13,23,2023-07-13T22:00,mcn,McNary,183.0,86.5,91.8,338.52,264.95,73.57,485.6
2023-07-13,24,2023-07-13T23:00,mcn,McNary,182.4,85.9,91.8,338.53,264.68,73.85,484.0
2023-07-14,1,2023-07-14T00:00,mcn,McNary,151.1,54.5,91.8,338.64,264.27,74.37,309.3
2023-07-14,2,2023-07-14T01:00,mcn,McNary,149.4,52.7,92.0,338.63,264.52,74.11,298.0
2023-07-14,3,2023-07-14T02:00,mcn,McNary,149.5,52.9,91.9,338.69,264.69,74.0,298.7
2023-07-14,4,2023-07-14T03:00,mcn,McNary,149.5,53.0,91.9,338.8,264.7,74.1,299.7
2023-07-14,5,2023-07-14T04:00,mcn,McNary,149.5,52.7,92.0,338.85,264.73,74.12,298.0
2023-07-14,6,2023-07-14T05:00,mcn,McNary,149.4,52.7,92.0,338.88,264.77,74.11,298.0
2023-07-14,7,2023-07-14T06:00,mcn,McNary,149.5,52.7,92.0,338.94,264.74,74.2,298.4
2023-07-14,8,2023-07-14T07:00,mcn,McNary,150.0,53.3,92.0,338.99,264.81,74.18,301.7
2023-07-14,9,2023-07-14T08:00,mcn,McNary,150.0,53.3,92.0,339.02,264.87,74.15,301.6
2023-07-14,10,2023-07-14T09:00,mcn,McNary,150.1,53.3,92.0,339.04,264.77,74.27,302.0
2023-07-14,11,2023-07-14T10:00,mcn,McNary,150.0,53.2,92.1,339.08,264.7,74.38,301.9
2023-07-14,12,2023-07-14T11:00,mcn,McNary,149.9,53.0,92.1,339.09,264.53,74.56,301.5
2023-07-14,13,2023-07-14T12:00,mcn,McNary,150.1,53.2,92.1,339.06,264.66,74.4,302.0
2023-07-14,14,2023-07-14T13:00,mcn,McNary,169.6,72.9,92.0,338.93,264.93,74.0,411.6
2023-07-14,15,2023-07-14T14:00,mcn,McNary,199.2,102.5,92.0,338.83,265.43,73.4,574.0
2023-07-14,16,2023-07-14T15:00,mcn,McNary,200.7,104.0,92.0,338.77,265.48,73.29,581.6
2023-07-14,17,2023-07-14T16:00,mcn,McNary,200.2,103.4,92.0,338.64,265.44,73.2,577.5
2023-07-14,18,2023-07-14T17:00,mcn,McNary,200.5,103.7,92.0,338.51,265.26,73.25,579.6
2023-07-14,19,2023-07-14T18:00,mcn,McNary,201.2,104.4,92.0,338.49,265.15,73.34,584.2
2023-07-14,20,2023-07-14T19:00,mcn,McNary,199.7,103.0,92.0,338.48,265.11,73.37,576.6
2023-07-14,21,2023-07-14T20:00,mcn,McNary,199.5,102.7,92.0,338.48,265.1,73.38,575.0
2023-07-14,22,2023-07-14T21:00,mcn,McNary,179.2,82.4,92.0,338.55,264.46,74.09,465.8
2023-07-14,23,2023-07-14T22:00,mcn,McNary,150.8,54.1,92.0,338.63,263.93,74.7,308.3
2023-07-14,24,2023-07-14T23:00,mcn,McNary,148.9,52.2,92.0,338.64,263.94,74.7,297.5
2023-07-15,1,2023-07-15T00:00,mcn,McNary,151.2,51.7,94.8,338.68,264.15,74.53,294.0
2023-07-15,2,2023-07-15T01:00,mcn,McNary,151.2,51.5,95.0,338.79,264.41,74.38,292.3
2023-07-15,3,2023-07-15T02:00,mcn,McNary,151.2,51.5,95.0,338.87,264.42,74.45,292.5
2023-07-15,4,2023-07-15T03:00,mcn,McNary,151.4,51.7,95.0,338.91,264.44,74.47,293.8
2023-07-15,5,2023-07-15T04:00,mcn,McNary,151.4,51.7,95.0,339.01,264.25,74.76,294.9
2023-07-15,6,2023-07-15T05:00,mcn,McNary,151.5,51.7,95.1,339.07,264.35,74.72,294.7
2023-07-15,7,2023-07-15T06:00,mcn,McNary,163.0,63.2,95.1,339.05,264.66,74.39,358.7
2023-07-15,8,2023-07-15T07:00,mcn,McNary,164.7,64.9,95.1,339.11,264.73,74.38,368.3
2023-07-15,9,2023-07-15T08:00,mcn,McNary,164.7,64.8,95.2,339.12,264.86,74.26,367.2
2023-07-15,10,2023-07-15T09:00,mcn,McNary,164.3,64.4,95.2,339.11,264.61,74.5,366.1
2023-07-15,11,2023-07-15T10:00,mcn,McNary,164.3,64.5,95.1,339.05,264.62,74.43,366.3
2023-07-15,12,2023-07-15T11:00,mcn,McNary,164.5,64.7,95.1,339.06,264.48,74.58,368.2
2023-07-15,13,2023-07-15T12:00,mcn,McNary,150.3,50.5,95.2,339.05,263.99,75.06,289.2
2023-07-15,14,2023-07-15T13:00,mcn,McNary,149.2,49.4,95.1,338.98,264.06,74.92,282.4
2023-07-15,15,2023-07-15T14:00,mcn,McNary,149.6,49.9,95.0,338.97,264.02,74.95,285.4
2023-07-15,16,2023-07-15T15:00,mcn,McNary,149.5,49.9,95.0,338.91,263.98,74.93,285.3
2023-07-15,17,2023-07-15T16:00,mcn,McNary,163.5,63.8,95.0,338.88,264.37,74.51,362.7
2023-07-15,18,2023-07-15T17:00,mcn,McNary,164.7,65.0,95.0,338.79,264.71,74.08,367.4
2023-07-15,19,2023-07-15T18:00,mcn,McNary,178.4,78.7,95.0,338.67,264.88,73.79,443.1
2023-07-15,20,2023-07-15T19:00,mcn,McNary,179.0,79.4,95.0,338.64,264.77,73.87,447.5
2023-07-15,21,2023-07-15T20:00,mcn,McNary,179.3,79.6,95.0,338.61,264.69,73.92,449.0
2023-07-15,22,2023-07-15T21:00,mcn,McNary,179.1,79.4,95.0,338.53,264.58,73.95,448.0
2023-07-15,23,2023-07-15T22:00,mcn,McNary,164.2,64.6,95.0,338.56,264.35,74.21,365.8
2023-07-15,24,2023-07-15T23:00,mcn,McNary,150.6,51.3,94.6,338.61,264.11,74.5,291.6
2023-07-16,1,2023-07-16T00:00,mcn,McNary,139.7,50.1,85.0,338.59,263.77,74.82,286.0
2023-07-16,2,2023-07-16T01:00,mcn,McNary,139.7,50.0,85.0,338.71,263.8,74.91,285.8
2023-07-16,3,2023-07-16T02:00,mcn,McNary,139.4,49.8,85.0,338.77,264.09,74.68,283.8
2023-07-16,4,2023-07-16T03:00,mcn,McNary,139.3,49.6,85.0,338.87,264.05,74.82,283.2
2023-07-16,5,2023-07-16T04:00,mcn,McNary,139.4,49.7,85.0,338.95,264.12,74.83,283.8
2023-07-16,6,2023-07-16T05:00,mcn,McNary,139.8,49.9,85.2,339.03,264.15,74.88,285.1
2023-07-16,7,2023-07-16T06:00,mcn,McNary,145.4,49.3,91.4,339.06,264.18,74.88,281.7
2023-07-16,8,2023-07-16T07:00,mcn,McNary,146.1,49.9,91.5,339.12,264.18,74.94,285.3
2023-07-16,9,2023-07-16T08:00,mcn,McNary,146.6,50.2,91.7,339.12,264.22,74.9,286.9
2023-07-16,10,2023-07-16T09:00,mcn,McNary,145.9,49.5,91.7,339.12,264.38,74.74,282.3
2023-07-16,11,2023-07-16T10:00,mcn,McNary,146.2,49.8,91.7,339.1,264.31,74.79,284.2
2023-07-16,12,2023-07-16T11:00,mcn,McNary,146.3,49.9,91.7,339.08,264.17,74.91,285.2
2023-07-16,13,2023-07-16T12:00,mcn,McNary,146.1,49.8,91.6,339.03,263.96,75.07,285.2
2023-07-16,14,2023-07-16T13:00,mcn,McNary,145.9,49.7,91.5,338.96,263.99,74.97,284.3
2023-07-16,15,2023-07-16T14:00,mcn,McNary,145.8,49.7,91.4,338.88,263.97,74.91,284.1
2023-07-16,16,2023-07-16T15:00,mcn,McNary,146.0,49.7,91.6,338.83,263.97,74.86,283.9
2023-07-16,17,2023-07-16T16:00,mcn,McNary,146.3,50.0,91.6,338.73,263.89,74.84,285.5
2023-07-16,18,2023-07-16T17:00,mcn,McNary,146.2,49.9,91.6,338.72,264.0,74.72,284.5
2023-07-16,19,2023-07-16T18:00,mcn,McNary,146.4,50.1,91.6,338.7,264.11,74.59,285.1
2023-07-16,20,2023-07-16T19:00,mcn,McNary,145.5,49.2,91.6,338.72,264.14,74.58,280.0
2023-07-16,21,2023-07-16T20:00,mcn,McNary,145.3,49.1,91.6,338.76,263.95,74.81,280.3
2023-07-16,22,2023-07-16T21:00,mcn,McNary,145.8,49.5,91.6,338.8,263.97,74.83,282.6
2023-07-16,23,2023-07-16T22:00,mcn,McNary,146.1,49.8,91.6,338.9,263.9,75.0,285.0
2023-07-16,24,2023-07-16T23:00,mcn,McNary,146.2,50.2,91.3,339.11,263.74,75.37,288.7
2023-07-17,1,2023-07-17T00:00,mcn,McNary,138.2,51.2,82.4,339.28,263.66,75.62,295.4
2023-07-17,2,2023-07-17T01:00,mcn,McNary,139.2,51.6,82.9,339.31,263.74,75.57,297.5
2023-07-17,3,2023-07-17T02:00,mcn,McNary,139.3,51.7,82.8,339.48,263.88,75.6,298.2
2023-07-17,4,2023-07-17T03:00,mcn,McNary,139.3,51.8,82.8,339.57,264.14,75.43,298.1
2023-07-17,5,2023-07-17T04:00,mcn,McNary,140.1,52.7,82.8,339.6,264.21,75.39,303.1
2023-07-17,6,2023-07-17T05:00,mcn,McNary,150.2,62.7,82.8,339.6,264.49,75.11,359.3
2023-07-17,7,2023-07-17T06:00,mcn,McNary,150.8,63.3,82.8,339.61,264.56,75.05,362.5
2023-07-17,8,2023-07-17T07:00,mcn,McNary,160.8,73.6,82.5,339.57,265.11,74.46,418.1
2023-07-17,9,2023-07-17T08:00,mcn,McNary,161.2,74.6,81.9,339.55,265.18,74.37,423.3
2023-07-17,10,2023-07-17T09:00,mcn,McNary,160.7,74.1,82.0,339.55,264.86,74.69,422.3
2023-07-17,11,2023-07-17T10:00,mcn,McNary,156.1,69.4,82.0,339.55,264.58,74.97,397.0
2023-07-17,12,2023-07-17T11:00,mcn,McNary,155.6,69.0,82.0,339.42,264.5,74.92,394.4
2023-07-17,13,2023-07-17T12:00,mcn,McNary,155.8,69.2,82.0,339.38,264.33,75.05,396.3
2023-07-17,14,2023-07-17T13:00,mcn,McNary,155.8,69.3,81.8,339.37,264.42,74.95,396.3
2023-07-17,15,2023-07-17T14:00,mcn,McNary,154.6,68.3,81.6,339.33,264.41,74.92,390.4
2023-07-17,16,2023-07-17T15:00,mcn,McNary,154.7,68.0,82.1,339.24,264.46,74.78,388.0
2023-07-17,17,2023-07-17T16:00,mcn,McNary,155.2,68.7,81.8,339.18,264.45,74.73,391.7
2023-07-17,18,2023-07-17T17:00,mcn,McNary,168.9,82.2,81.9,339.1,264.75,74.35,466.3
2023-07-17,19,2023-07-17T18:00,mcn,McNary,170.2,83.6,81.9,339.06,264.77,74.29,473.9
2023-07-17,20,2023-07-17T19:00,mcn,McNary,169.8,83.2,81.8,338.99,264.69,74.3,471.7
2023-07-17,21,2023-07-17T20:00,mcn,McNary,168.8,82.4,81.8,338.98,264.74,74.24,466.8
2023-07-17,22,2023-07-17T21:00,mcn,McNary,169.4,82.9,81.8,338.94,264.69,74.25,469.7
2023-07-17,23,2023-07-17T22:00,mcn,McNary,150.3,63.8,81.8,339.02,264.02,75.0,365.1
2023-07-17,24,2023-07-17T23:00,mcn,McNary,138.7,52.1,81.8,339.02,263.85,75.17,298.8
2023-07-18,1,2023-07-18T00:00,mcn,McNary,141.7,51.3,85.6,338.99,263.98,75.01,293.6
2023-07-18,2,2023-07-18T01:00,mcn,McNary,144.0,51.4,87.9,339.06,264.19,74.87,293.6
2023-07-18,3,2023-07-18T02:00,mcn,McNary,144.0,51.5,87.8,339.02,264.45,74.57,293.0
2023-07-18,4,2023-07-18T03:00,mcn,McNary,144.2,51.6,87.9,339.06,264.52,74.54,293.5
2023-07-18,5,2023-07-18T04:00,mcn,McNary,144.2,51.6,87.9,339.07,264.54,74.53,293.4
2023-07-18,6,2023-07-18T05:00,mcn,McNary,144.8,52.2,87.9,339.12,264.36,74.76,297.8
2023-07-18,7,2023-07-18T06:00,mcn,McNary,153.9,61.2,88.0,339.09,264.64,74.45,347.6
2023-07-18,8,2023-07-18T07:00,mcn,McNary,155.0,62.2,88.1,339.14,264.78,74.36,352.9
2023-07-18,9,2023-07-18T08:00,mcn,McNary,156.4,62.4,89.3,339.22,264.72,74.5,354.7
2023-07-18,10,2023-07-18T09:00,mcn,McNary,155.9,62.7,88.5,339.21,264.66,74.55,356.6
2023-07-18,11,2023-07-18T10:00,mcn,McNary,154.6,62.1,87.8,339.22,264.56,74.66,353.8
2023-07-18,12,2023-07-18T11:00,mcn,McNary,155.3,62.6,88.0,339.24,264.51,74.73,356.9
2023-07-18,13,2023-07-18T12:00,mcn,McNary,154.8,62.4,87.7,339.23,264.49,74.74,355.8
2023-07-18,14,2023-07-18T13:00,mcn,McNary,154.5,62.6,87.2,339.22,264.49,74.73,356.9
2023-07-18,15,2023-07-18T14:00,mcn,McNary,155.0,62.3,87.9,339.2,264.45,74.75,355.3
2023-07-18,16,2023-07-18T15:00,mcn,McNary,154.8,62.4,87.7,339.13,264.46,74.67,355.5
2023-07-18,17,2023-07-18T16:00,mcn,McNary,169.4,76.6,88.1,339.03,264.76,74.27,434.1
2023-07-18,18,2023-07-18T17:00,mcn,McNary,170.0,77.8,87.5,338.98,264.8,74.18,440.3
2023-07-18,19,2023-07-18T18:00,mcn,McNary,189.6,97.1,87.8,338.81,265.16,73.65,545.7
2023-07-18,20,2023-07-18T19:00,mcn,McNary,191.0,98.2,88.1,338.69,265.16,73.53,550.9
2023-07-18,21,2023-07-18T20:00,mcn,McNary,198.5,105.8,88.0,338.56,265.22,73.34,592.0
2023-07-18,22,2023-07-18T21:00,mcn,McNary,198.3,105.7,87.9,338.49,265.16,73.33,591.4
2023-07-18,23,2023-07-18T22:00,mcn,McNary,174.6,82.0,87.9,338.5,264.45,74.05,463.3
2023-07-18,24,2023-07-18T23:00,mcn,McNary,151.1,58.5,87.9,338.45,264.17,74.28,331.6
2023-07-19,1,2023-07-19T00:00,mcn,McNary,145.0,50.3,90.0,338.41,264.08,74.33,285.3
2023-07-19,2,2023-07-19T01:00,mcn,McNary,145.9,50.6,90.6,338.34,264.11,74.23,286.6
2023-07-19,3,2023-07-19T02:00,mcn,McNary,146.6,51.4,90.4,338.29,264.45,73.84,289.6
2023-07-19,4,2023-07-19T03:00,mcn,McNary,146.6,51.5,90.4,338.3,264.51,73.79,290.0
2023-07-19,5,2023-07-19T04:00,mcn,McNary,146.9,51.9,90.4,338.25,264.54,73.71,291.9
2023-07-19,6,2023-07-19T05:00,mcn,McNary,146.8,51.8,90.3,338.27,264.42,73.85,291.9
2023-07-19,7,2023-07-19T06:00,mcn,McNary,146.9,51.9,90.4,338.27,264.42,73.85,292.4
2023-07-19,8,2023-07-19T07:00,mcn,McNary,146.4,51.3,90.4,338.29,264.61,73.68,288.4
2023-07-19,9,2023-07-19T08:00,mcn,McNary,146.7,51.1,90.9,338.34,264.65,73.69,287.3
2023-07-19,10,2023-07-19T09:00,mcn,McNary,147.0,51.2,91.1,338.44,264.65,73.79,288.3
2023-07-19,11,2023-07-19T10:00,mcn,McNary,147.0,51.1,91.2,338.5,264.67,73.83,287.9
2023-07-19,12,2023-07-19T11:00,mcn,McNary,146.9,51.0,91.2,338.5,264.47,74.03,288.1
2023-07-19,13,2023-07-19T12:00,mcn,McNary,146.9,51.0,91.2,338.52,264.33,74.19,288.7
2023-07-19,14,2023-07-19T13:00,mcn,McNary,146.7,50.8,91.2,338.53,264.32,74.21,287.6
2023-07-19,15,2023-07-19T14:00,mcn,McNary,146.7,50.8,91.2,338.51,264.38,74.13,287.3
2023-07-19,16,2023-07-19T15:00,mcn,McNary,146.6,50.8,91.2,338.49,264.41,74.08,287.1
2023-07-19,17,2023-07-19T16:00,mcn,McNary,146.8,50.9,91.2,338.48,264.39,74.09,287.7
2023-07-19,18,2023-07-19T17:00,mcn,McNary,146.8,51.0,91.2,338.42,264.27,74.15,288.5
2023-07-19,19,2023-07-19T18:00,mcn,McNary,147.3,51.5,91.1,338.39,264.32,74.07,291.1
2023-07-19,20,2023-07-19T19:00,mcn,McNary,163.9,68.2,91.0,338.37,264.41,73.96,384.9
2023-07-19,21,2023-07-19T20:00,mcn,McNary,163.3,67.5,91.1,338.39,264.4,73.99,381.1
2023-07-19,22,2023-07-19T21:00,mcn,McNary,164.7,68.9,91.1,338.36,264.2,74.16,389.9
2023-07-19,23,2023-07-19T22:00,mcn,McNary,147.5,51.7,91.1,338.34,263.94,74.4,293.5
2023-07-19,24,2023-07-19T23:00,mcn,McNary,147.0,51.4,90.9,338.21,263.91,74.3,291.4
2023-07-20,1,2023-07-20T00:00,mcn,McNary,140.3,50.3,85.3,338.18,263.93,74.25,285.0
2023-07-20,2,2023-07-20T01:00,mcn,McNary,140.0,50.4,85.0,338.07,264.12,73.95,284.4
2023-07-20,3,2023-07-20T02:00,mcn,McNary,139.8,50.2,85.0,338.09,264.19,73.9,283.1
2023-07-20,4,2023-07-20T03:00,mcn,McNary,140.0,50.3,85.0,338.04,264.29,73.75,283.0
2023-07-20,5,2023-07-20T04:00,mcn,McNary,139.8,50.2,85.0,338.07,264.13,73.94,283.2
2023-07-20,6,2023-07-20T05:00,mcn,McNary,139.7,50.1,85.0,338.06,264.04,74.02,283.0
2023-07-20,7,2023-07-20T06:00,mcn,McNary,139.5,49.8,85.0,338.03,264.09,73.94,281.0
2023-07-20,8,2023-07-20T07:00,mcn,McNary,139.9,50.2,85.0,338.12,264.2,73.92,283.1
2023-07-20,9,2023-07-20T08:00,mcn,McNary,140.0,50.3,85.0,338.1,264.23,73.87,283.5
2023-07-20,10,2023-07-20T09:00,mcn,McNary,140.3,50.6,85.0,338.21,264.13,74.08,286.0
2023-07-20,11,2023-07-20T10:00,mcn,McNary,139.0,49.3,85.0,338.18,263.99,74.19,279.1
2023-07-20,12,2023-07-20T11:00,mcn,McNary,138.9,49.2,85.0,338.18,263.96,74.22,278.6
2023-07-20,13,2023-07-20T12:00,mcn,McNary,139.1,49.4,85.0,338.21,263.9,74.31,280.1
2023-07-20,14,2023-07-20T13:00,mcn,McNary,138.9,49.1,85.0,338.13,263.85,74.28,278.3
2023-07-20,15,2023-07-20T14:00,mcn,McNary,139.1,49.4,85.0,338.12,263.75,74.37,280.3
2023-07-20,16,2023-07-20T15:00,mcn,McNary,139.6,49.9,85.0,338.06,263.87,74.19,282.5
2023-07-20,17,2023-07-20T16:00,mcn,McNary,158.4,68.8,84.9,337.98,264.21,73.77,387.3
2023-07-20,18,2023-07-20T17:00,mcn,McNary,160.0,70.4,84.9,337.93,263.97,73.96,397.3
2023-07-20,19,2023-07-20T18:00,mcn,McNary,159.2,69.6,84.9,337.85,263.97,73.88,392.3
2023-07-20,20,2023-07-20T19:00,mcn,McNary,159.8,70.2,84.8,337.81,264.04,73.77,395.1
2023-07-20,21,2023-07-20T20:00,mcn,McNary,159.5,69.9,84.8,337.77,263.99,73.78,393.5
2023-07-20,22,2023-07-20T21:00,mcn,McNary,158.8,69.2,84.8,337.66,263.88,73.78,389.6
2023-07-20,23,2023-07-20T22:00,mcn,McNary,159.8,70.3,84.8,337.61,264.12,73.49,394.2
2023-07-20,24,2023-07-20T23:00,mcn,McNary,142.1,52.6,84.8,337.57,263.9,73.67,295.7
2023-07-21,1,2023-07-21T00:00,mcn,McNary,140.0,52.3,83.0,337.51,263.92,73.59,293.7
2023-07-21,2,2023-07-21T01:00,mcn,McNary,139.7,52.0,83.0,337.59,263.96,73.63,292.1
2023-07-21,3,2023-07-21T02:00,mcn,McNary,138.8,51.1,83.0,337.66,264.04,73.62,287.0
2023-07-21,4,2023-07-21T03:00,mcn,McNary,139.8,52.0,83.1,337.68,264.0,73.68,292.3
2023-07-21,5,2023-07-21T04:00,mcn,McNary,139.4,51.6,83.1,337.76,264.16,73.6,289.8
2023-07-21,6,2023-07-21T05:00,mcn,McNary,140.2,52.3,83.1,337.82,264.16,73.66,293.9
2023-07-21,7,2023-07-21T06:00,mcn,McNary,139.0,51.1,83.2,337.82,263.94,73.88,288.1
2023-07-21,8,2023-07-21T07:00,mcn,McNary,138.8,50.9,83.2,337.92,263.94,73.98,287.3
2023-07-21,9,2023-07-21T08:00,mcn,McNary,137.9,50.4,82.8,337.92,264.09,73.83,283.9
2023-07-21,10,2023-07-21T09:00,mcn,McNary,138.4,51.0,82.8,337.94,264.17,73.77,287.1
2023-07-21,11,2023-07-21T10:00,mcn,McNary,138.5,51.0,82.8,337.91,264.17,73.74,286.9
2023-07-21,12,2023-07-21T11:00,mcn,McNary,138.1,50.7,82.8,337.93,264.0,73.93,286.0
2023-07-21,13,2023-07-21T12:00,mcn,McNary,138.2,50.7,82.8,337.87,263.89,73.98,286.2
2023-07-21,14,2023-07-21T13:00,mcn,McNary,137.0,49.5,82.7,337.9,263.71,74.19,280.2
2023-07-21,15,2023-07-21T14:00,mcn,McNary,137.2,49.7,82.7,337.83,263.93,73.9,280.2
2023-07-21,16,2023-07-21T15:00,mcn,McNary,137.1,49.6,82.7,337.81,263.92,73.89,279.6
2023-07-21,17,2023-07-21T16:00,mcn,McNary,136.9,49.5,82.7,337.79,263.94,73.85,278.9
2023-07-21,18,2023-07-21T17:00,mcn,McNary,136.9,49.5,82.7,337.76,263.94,73.82,278.8
2023-07-21,19,2023-07-21T18:00,mcn,McNary,136.9,49.5,82.7,337.72,263.8,73.92,279.2
2023-07-21,20,2023-07-21T19:00,mcn,McNary,137.1,49.6,82.7,337.82,263.68,74.14,280.6
2023-07-21,21,2023-07-21T20:00,mcn,McNary,136.9,49.5,82.7,337.79,263.61,74.18,280.2
2023-07-21,22,2023-07-21T21:00,mcn,McNary,137.0,49.6,82.7,337.8,263.63,74.17,280.7
2023-07-21,23,2023-07-21T22:00,mcn,McNary,136.9,49.5,82.7,337.86,263.7,74.16,280.1
2023-07-21,24,2023-07-21T23:00,mcn,McNary,136.9,49.4,82.8,337.88,263.81,74.07,279.2
2023-07-22,1,2023-07-22T00:00,mcn,McNary,133.3,49.0,79.6,337.95,263.75,74.2,277.4
2023-07-22,2,2023-07-22T01:00,mcn,McNary,132.9,49.0,79.2,338.07,263.81,74.26,277.6
2023-07-22,3,2023-07-22T02:00,mcn,McNary,134.0,50.0,79.2,338.08,263.81,74.27,283.3
2023-07-22,4,2023-07-22T03:00,mcn,McNary,134.0,50.1,79.3,338.18,263.77,74.41,284.4
2023-07-22,5,2023-07-22T04:00,mcn,McNary,134.4,50.4,79.3,338.24,263.82,74.42,286.2
2023-07-22,6,2023-07-22T05:00,mcn,McNary,134.2,50.1,79.4,338.31,263.84,74.47,284.7
2023-07-22,7,2023-07-22T06:00,mcn,McNary,133.7,50.0,79.1,338.36,263.82,74.54,284.4
2023-07-22,8,2023-07-22T07:00,mcn,McNary,134.2,50.9,78.6,338.38,263.83,74.55,289.5
2023-07-22,9,2023-07-22T08:00,mcn,McNary,133.7,50.4,78.7,338.41,263.84,74.57,286.8
2023-07-22,10,2023-07-22T09:00,mcn,McNary,133.8,50.4,78.7,338.44,263.8,74.64,287.0
2023-07-22,11,2023-07-22T10:00,mcn,McNary,133.7,50.4,78.7,338.42,263.84,74.58,286.8
2023-07-22,12,2023-07-22T11:00,mcn,McNary,133.7,50.3,78.7,338.39,263.86,74.53,286.0
2023-07-22,13,2023-07-22T12:00,mcn,McNary,133.3,50.0,78.6,338.36,263.77,74.59,284.6
2023-07-22,14,2023-07-22T13:00,mcn,McNary,133.5,50.1,78.6,338.34,263.77,74.57,285.1
2023-07-22,15,2023-07-22T14:00,mcn,McNary,133.4,50.2,78.5,338.3,263.88,74.42,285.0
2023-07-22,16,2023-07-22T15:00,mcn,McNary,133.4,50.2,78.5,338.27,263.74,74.53,285.5
2023-07-22,17,2023-07-22T16:00,mcn,McNary,133.1,50.0,78.4,338.25,263.84,74.41,283.9
2023-07-22,18,2023-07-22T17:00,mcn,McNary,133.4,50.4,78.3,338.23,263.82,74.41,286.1
2023-07-22,19,2023-07-22T18:00,mcn,McNary,133.2,50.3,78.3,338.21,263.81,74.4,285.5
2023-07-22,20,2023-07-22T19:00,mcn,McNary,132.1,49.1,78.3,338.26,263.63,74.63,279.6
2023-07-22,21,2023-07-22T20:00,mcn,McNary,132.5,49.4,78.4,338.25,263.45,74.8,281.9
2023-07-22,22,2023-07-22T21:00,mcn,McNary,132.7,49.7,78.4,338.27,263.54,74.73,283.4
2023-07-22,23,2023-07-22T22:00,mcn,McNary,132.9,49.9,78.4,338.27,263.49,74.78,284.7
2023-07-22,24,2023-07-22T23:00,mcn,McNary,133.0,49.9,78.4,338.29,263.51,74.78,284.7
2023-07-23,1,2023-07-23T00:00,mcn,McNary,131.0,50.3,75.9,338.33,263.48,74.85,287.3
2023-07-23,2,2023-07-23T01:00,mcn,McNary,134.6,53.7,76.2,338.36,263.55,74.81,306.5
2023-07-23,3,2023-07-23T02:00,mcn,McNary,135.2,54.2,76.3,338.4,263.68,74.72,309.0
2023-07-23,4,2023-07-23T03:00,mcn,McNary,135.7,54.7,76.3,338.52,263.64,74.88,312.5
2023-07-23,5,2023-07-23T04:00,mcn,McNary,134.9,53.9,76.3,338.53,263.79,74.74,307.4
2023-07-23,6,2023-07-23T05:00,mcn,McNary,133.9,53.0,76.2,338.62,263.77,74.85,302.7
2023-07-23,7,2023-07-23T06:00,mcn,McNary,133.2,52.3,76.2,338.68,263.82,74.86,298.7
2023-07-23,8,2023-07-23T07:00,mcn,McNary,134.5,53.6,76.2,338.76,263.98,74.78,305.8
2023-07-23,9,2023-07-23T08:00,mcn,McNary,134.4,53.6,76.2,338.82,263.84,74.98,306.6
2023-07-23,10,2023-07-23T09:00,mcn,McNary,133.9,53.0,76.2,338.85,263.89,74.96,303.1
2023-07-23,11,2023-07-23T10:00,mcn,McNary,134.0,53.2,76.2,338.9,263.9,75.0,304.4
2023-07-23,12,2023-07-23T11:00,mcn,McNary,134.0,53.1,76.2,338.95,263.93,75.02,303.9
2023-07-23,13,2023-07-23T12:00,mcn,McNary,133.7,52.8,76.2,338.94,263.73,75.21,303.0
2023-07-23,14,2023-07-23T13:00,mcn,McNary,133.7,52.8,76.2,338.95,263.64,75.31,303.4
2023-07-23,15,2023-07-23T14:00,mcn,McNary,133.4,52.5,76.2,339.0,263.83,75.17,301.1
2023-07-23,16,2023-07-23T15:00,mcn,McNary,134.3,53.4,76.2,338.99,263.78,75.21,306.4
2023-07-23,17,2023-07-23T16:00,mcn,McNary,133.8,52.9,76.2,339.05,263.79,75.26,303.8
2023-07-23,18,2023-07-23T17:00,mcn,McNary,136.7,55.8,76.2,339.03,263.8,75.23,320.3
2023-07-23,19,2023-07-23T18:00,mcn,McNary,139.3,58.3,76.2,339.1,263.56,75.54,336.0
2023-07-23,20,2023-07-23T19:00,mcn,McNary,138.4,57.4,76.3,339.16,263.45,75.71,331.6
2023-07-23,21,2023-07-23T20:00,mcn,McNary,135.0,53.9,76.4,339.24,263.58,75.66,311.2
2023-07-23,22,2023-07-23T21:00,mcn,McNary,136.1,54.8,76.6,339.31,263.64,75.67,316.4
2023-07-23,23,2023-07-23T22:00,mcn,McNary,136.3,55.0,76.7,339.43,263.71,75.72,317.8
2023-07-23,24,2023-07-23T23:00,mcn,McNary,135.0,54.2,76.1,339.5,263.59,75.91,313.9
2023-07-24,1,2023-07-24T00:00,mcn,McNary,135.5,54.0,76.8,339.54,263.66,75.88,312.6
2023-07-24,2,2023-07-24T01:00,mcn,McNary,142.3,60.7,76.9,339.68,264.0,75.68,350.5
2023-07-24,3,2023-07-24T02:00,mcn,McNary,147.3,65.7,76.9,339.73,264.19,75.54,378.7
2023-07-24,4,2023-07-24T03:00,mcn,McNary,152.1,70.5,76.9,339.78,264.49,75.29,405.0
2023-07-24,5,2023-07-24T04:00,mcn,McNary,170.0,88.4,76.9,339.75,264.83,74.92,505.3
2023-07-24,6,2023-07-24T05:00,mcn,McNary,171.6,90.0,76.9,339.81,264.83,74.98,514.9
2023-07-24,7,2023-07-24T06:00,mcn,McNary,171.5,89.9,76.9,339.81,264.92,74.89,513.7
2023-07-24,8,2023-07-24T07:00,mcn,McNary,172.8,91.2,76.9,339.77,265.24,74.53,518.6
2023-07-24,9,2023-07-24T08:00,mcn,McNary,173.0,91.4,76.9,339.71,265.24,74.47,519.3
2023-07-24,10,2023-07-24T09:00,mcn,McNary,172.8,91.2,76.9,339.69,265.25,74.44,518.0
2023-07-24,11,2023-07-24T10:00,mcn,McNary,172.9,91.3,76.9,339.6,265.22,74.38,518.1
2023-07-24,12,2023-07-24T11:00,mcn,McNary,156.9,75.2,76.9,339.57,264.86,74.71,428.7
2023-07-24,13,2023-07-24T12:00,mcn,McNary,137.8,56.1,76.9,339.54,264.52,75.02,321.1
2023-07-24,14,2023-07-24T13:00,mcn,McNary,136.6,55.0,76.9,339.5,264.49,75.01,314.8
2023-07-24,15,2023-07-24T14:00,mcn,McNary,136.6,54.9,76.9,339.49,264.7,74.79,313.3
2023-07-24,16,2023-07-24T15:00,mcn,McNary,137.2,55.6,77.0,339.41,265.05,74.36,315.5
2023-07-24,17,2023-07-24T16:00,mcn,McNary,155.4,74.1,76.6,339.25,265.49,73.76,417.0
2023-07-24,18,2023-07-24T17:00,mcn,McNary,172.1,90.9,76.4,339.35,265.52,73.83,512.1
2023-07-24,19,2023-07-24T18:00,mcn,McNary,173.9,92.4,76.8,339.29,265.28,74.01,521.8
2023-07-24,20,2023-07-24T19:00,mcn,McNary,172.9,92.0,76.2,339.06,265.15,73.91,518.8
2023-07-24,21,2023-07-24T20:00,mcn,McNary,165.7,85.0,76.0,339.09,265.15,73.94,479.5
2023-07-24,22,2023-07-24T21:00,mcn,McNary,154.2,73.5,76.0,339.07,264.9,74.17,415.9
2023-07-24,23,2023-07-24T22:00,mcn,McNary,135.3,54.5,76.0,339.06,264.83,74.23,308.7
2023-07-24,24,2023-07-24T23:00,mcn,McNary,134.3,53.6,76.0,339.05,264.91,74.14,303.2
2023-07-25,1,2023-07-25T00:00,mcn,McNary,143.8,52.2,86.9,339.05,264.84,74.21,295.6
2023-07-25,2,2023-07-25T01:00,mcn,McNary,145.3,51.7,88.9,339.11,264.83,74.28,293.0
2023-07-25,3,2023-07-25T02:00,mcn,McNary,144.9,51.4,88.8,339.08,264.93,74.15,290.8
2023-07-25,4,2023-07-25T03:00,mcn,McNary,144.4,50.6,89.0,339.14,264.96,74.18,286.4
2023-07-25,5,2023-07-25T04:00,mcn,McNary,144.4,50.7,89.0,339.14,265.0,74.14,286.8
2023-07-25,6,2023-07-25T05:00,mcn,McNary,144.4,50.7,89.0,339.21,264.99,74.22,287.1
2023-07-25,7,2023-07-25T06:00,mcn,McNary,144.3,50.6,89.1,339.22,264.91,74.31,286.9
2023-07-25,8,2023-07-25T07:00,mcn,McNary,144.0,50.2,89.1,339.24,264.96,74.28,284.5
2023-07-25,9,2023-07-25T08:00,mcn,McNary,143.8,50.0,89.1,339.22,265.04,74.18,283.0
2023-07-25,10,2023-07-25T09:00,mcn,McNary,143.9,50.1,89.1,339.21,264.9,74.31,284.1
2023-07-25,11,2023-07-25T10:00,mcn,McNary,143.2,49.5,89.0,339.26,264.85,74.41,281.0
2023-07-25,12,2023-07-25T11:00,mcn,McNary,143.3,50.0,88.7,339.16,264.82,74.34,283.6
2023-07-25,13,2023-07-25T12:00,mcn,McNary,143.8,50.1,88.9,339.1,264.77,74.33,284.1
2023-07-25,14,2023-07-25T13:00,mcn,McNary,143.7,49.9,89.1,339.12,264.81,74.31,282.9
2023-07-25,15,2023-07-25T14:00,mcn,McNary,143.0,49.2,89.0,339.01,264.82,74.19,278.5
2023-07-25,16,2023-07-25T15:00,mcn,McNary,142.8,49.2,88.9,339.04,264.81,74.23,278.7
2023-07-25,17,2023-07-25T16:00,mcn,McNary,143.0,49.3,88.9,338.99,264.77,74.22,279.2
2023-07-25,18,2023-07-25T17:00,mcn,McNary,143.4,49.8,88.9,338.96,264.81,74.15,281.8
2023-07-25,19,2023-07-25T18:00,mcn,McNary,143.9,50.2,89.1,338.99,264.66,74.33,284.7
2023-07-25,20,2023-07-25T19:00,mcn,McNary,143.8,50.2,88.8,338.98,264.58,74.4,285.0
2023-07-25,21,2023-07-25T20:00,mcn,McNary,142.9,49.2,89.0,338.97,264.54,74.43,279.4
2023-07-25,22,2023-07-25T21:00,mcn,McNary,143.2,49.5,89.0,339.05,264.44,74.61,281.8
2023-07-25,23,2023-07-25T22:00,mcn,McNary,143.3,49.5,89.1,339.08,264.42,74.66,282.0
2023-07-25,24,2023-07-25T23:00,mcn,McNary,143.7,50.1,88.9,339.05,264.4,74.65,285.4
2023-07-26,1,2023-07-26T00:00,mcn,McNary,136.4,49.9,81.8,339.14,264.29,74.85,285.0
2023-07-26,2,2023-07-26T01:00,mcn,McNary,136.3,49.9,81.8,339.06,264.35,74.71,284.4
2023-07-26,3,2023-07-26T02:00,mcn,McNary,136.7,49.9,82.1,339.08,264.46,74.62,284.1
2023-07-26,4,2023-07-26T03:00,mcn,McNary,135.9,49.7,81.5,339.12,264.47,74.65,283.1
2023-07-26,5,2023-07-26T04:00,mcn,McNary,136.5,50.0,81.8,339.12,264.39,74.73,285.1
2023-07-26,6,2023-07-26T05:00,mcn,McNary,137.1,50.0,82.4,339.16,264.45,74.71,285.0
2023-07-26,7,2023-07-26T06:00,mcn,McNary,135.9,49.7,81.5,339.2,264.52,74.68,283.2
2023-07-26,8,2023-07-26T07:00,mcn,McNary,136.2,49.7,81.8,339.26,264.54,74.72,283.3
2023-07-26,9,2023-07-26T08:00,mcn,McNary,136.6,49.8,82.1,339.36,264.52,74.84,284.4
2023-07-26,10,2023-07-26T09:00,mcn,McNary,136.3,49.5,82.1,339.42,264.52,74.9,282.9
2023-07-26,11,2023-07-26T10:00,mcn,McNary,135.8,49.3,81.9,339.48,264.42,75.06,282.3
2023-07-26,12,2023-07-26T11:00,mcn,McNary,135.7,49.2,81.8,339.48,264.4,75.08,281.8
2023-07-26,13,2023-07-26T12:00,mcn,McNary,136.5,49.8,82.0,339.47,264.27,75.2,285.7
2023-07-26,14,2023-07-26T13:00,mcn,McNary,149.4,62.6,82.1,339.44,264.55,74.89,357.7
2023-07-26,15,2023-07-26T14:00,mcn,McNary,168.4,81.7,82.0,339.38,265.02,74.36,463.5
2023-07-26,16,2023-07-26T15:00,mcn,McNary,179.0,92.4,81.9,339.33,265.16,74.17,522.9
2023-07-26,17,2023-07-26T16:00,mcn,McNary,180.0,93.3,82.0,339.33,265.14,74.19,528.1
2023-07-26,18,2023-07-26T17:00,mcn,McNary,180.1,93.3,82.1,339.35,264.92,74.43,529.9
2023-07-26,19,2023-07-26T18:00,mcn,McNary,180.1,93.4,82.0,339.35,264.82,74.53,531.1
2023-07-26,20,2023-07-26T19:00,mcn,McNary,178.4,91.8,81.9,339.34,264.77,74.57,522.3
2023-07-26,21,2023-07-26T20:00,mcn,McNary,159.9,73.2,82.0,339.47,264.6,74.87,418.2
2023-07-26,22,2023-07-26T21:00,mcn,McNary,159.0,72.3,82.0,339.45,264.65,74.8,412.6
2023-07-26,23,2023-07-26T22:00,mcn,McNary,158.4,71.9,81.7,339.56,264.47,75.09,411.9
2023-07-26,24,2023-07-26T23:00,mcn,McNary,138.3,51.7,82.0,339.72,263.95,75.77,298.9
2023-07-27,1,2023-07-27T00:00,mcn,McNary,140.2,50.2,85.3,339.74,264.0,75.74,290.1
2023-07-27,2,2023-07-27T01:00,mcn,McNary,145.0,54.8,85.5,339.8,264.44,75.36,315.1
2023-07-27,3,2023-07-27T02:00,mcn,McNary,145.9,55.7,85.5,339.9,264.58,75.32,320.1
2023-07-27,4,2023-07-27T03:00,mcn,McNary,160.8,70.7,85.4,339.95,264.92,75.03,404.7
2023-07-27,5,2023-07-27T04:00,mcn,McNary,166.3,76.2,85.4,339.97,265.0,74.97,435.9
2023-07-27,6,2023-07-27T05:00,mcn,McNary,176.1,85.9,85.5,339.93,265.1,74.83,490.4
2023-07-27,7,2023-07-27T06:00,mcn,McNary,176.4,86.5,85.1,339.97,265.16,74.81,493.7
2023-07-27,8,2023-07-27T07:00,mcn,McNary,176.5,86.5,85.3,339.96,265.25,74.71,493.1
2023-07-27,9,2023-07-27T08:00,mcn,McNary,178.8,86.5,87.6,339.98,264.99,74.99,494.9
2023-07-27,10,2023-07-27T09:00,mcn,McNary,179.5,85.7,89.1,339.98,264.69,75.29,492.3
2023-07-27,11,2023-07-27T10:00,mcn,McNary,157.1,66.9,85.6,339.8,264.74,75.06,383.1
2023-07-27,12,2023-07-27T11:00,mcn,McNary,146.9,56.7,85.5,339.82,264.62,75.2,325.3
2023-07-27,13,2023-07-27T12:00,mcn,McNary,145.6,55.7,85.2,339.75,264.43,75.32,320.1
2023-07-27,14,2023-07-27T13:00,mcn,McNary,141.7,52.0,85.0,339.71,264.39,75.32,298.8
2023-07-27,15,2023-07-27T14:00,mcn,McNary,142.1,51.6,85.8,339.61,264.42,75.19,296.0
2023-07-27,16,2023-07-27T15:00,mcn,McNary,141.9,51.6,85.6,339.57,264.4,75.17,296.0
2023-07-27,17,2023-07-27T16:00,mcn,McNary,142.2,51.9,85.6,339.52,264.44,75.08,297.3
2023-07-27,18,2023-07-27T17:00,mcn,McNary,158.3,68.2,85.4,339.46,264.6,74.86,389.5
2023-07-27,19,2023-07-27T18:00,mcn,McNary,160.1,69.9,85.5,339.48,264.58,74.9,399.5
2023-07-27,20,2023-07-27T19:00,mcn,McNary,159.6,69.4,85.5,339.52,264.59,74.93,396.8
2023-07-27,21,2023-07-27T20:00,mcn,McNary,158.7,68.5,85.5,339.49,264.53,74.96,391.8
2023-07-27,22,2023-07-27T21:00,mcn,McNary,158.6,68.4,85.5,339.54,264.4,75.14,392.1
2023-07-27,23,2023-07-27T22:00,mcn,McNary,144.7,54.5,85.5,339.61,264.15,75.46,313.8
2023-07-27,24,2023-07-27T23:00,mcn,McNary,143.7,53.5,85.5,339.6,264.18,75.42,307.9
2023-07-28,1,2023-07-28T00:00,mcn,McNary,144.5,50.9,88.9,339.77,264.19,75.58,293.5
2023-07-28,2,2023-07-28T01:00,mcn,McNary,144.5,50.6,89.2,339.82,264.23,75.59,291.8
2023-07-28,3,2023-07-28T02:00,mcn,McNary,144.4,50.8,88.9,339.88,264.31,75.57,292.9
2023-07-28,4,2023-07-28T03:00,mcn,McNary,144.7,51.1,88.9,339.93,264.44,75.49,294.3
2023-07-28,5,2023-07-28T04:00,mcn,McNary,164.3,70.7,88.9,339.9,264.64,75.26,406.0
2023-07-28,6,2023-07-28T05:00,mcn,McNary,165.6,71.7,89.2,339.97,264.66,75.31,412.0
2023-07-28,7,2023-07-28T06:00,mcn,McNary,168.9,75.2,89.0,339.96,264.74,75.22,431.6
2023-07-28,8,2023-07-28T07:00,mcn,McNary,160.8,66.6,89.5,339.93,264.62,75.31,382.7
2023-07-28,9,2023-07-28T08:00,mcn,McNary,159.5,65.1,89.7,339.89,264.53,75.36,374.3
2023-07-28,10,2023-07-28T09:00,mcn,McNary,146.1,51.6,89.7,339.87,264.33,75.54,297.4
2023-07-28,11,2023-07-28T10:00,mcn,McNary,144.3,50.3,89.3,339.79,264.15,75.64,290.3
2023-07-28,12,2023-07-28T11:00,mcn,McNary,144.2,50.4,89.1,339.79,264.23,75.56,290.6
2023-07-28,13,2023-07-28T12:00,mcn,McNary,143.5,49.8,89.1,339.78,264.14,75.64,287.4
2023-07-28,14,2023-07-28T13:00,mcn,McNary,143.7,49.9,89.1,339.78,263.95,75.83,288.7
2023-07-28,15,2023-07-28T14:00,mcn,McNary,145.1,51.5,88.9,339.75,264.17,75.58,297.0
2023-07-28,16,2023-07-28T15:00,mcn,McNary,169.0,75.4,88.9,339.64,264.66,74.98,431.4
2023-07-28,17,2023-07-28T16:00,mcn,McNary,172.7,79.1,88.9,339.6,264.94,74.66,450.6
2023-07-28,18,2023-07-28T17:00,mcn,McNary,190.7,97.0,89.0,339.52,265.14,74.38,550.5
2023-07-28,19,2023-07-28T18:00,mcn,McNary,191.3,97.5,89.1,339.51,265.13,74.38,553.3
2023-07-28,20,2023-07-28T19:00,mcn,McNary,191.2,97.5,89.1,339.5,265.14,74.36,553.2
2023-07-28,21,2023-07-28T20:00,mcn,McNary,190.3,96.5,89.1,339.46,264.99,74.47,548.3
2023-07-28,22,2023-07-28T21:00,mcn,McNary,188.9,95.1,89.1,339.52,264.76,74.76,542.5
2023-07-28,23,2023-07-28T22:00,mcn,McNary,170.0,76.3,89.1,339.55,264.48,75.07,437.0
2023-07-28,24,2023-07-28T23:00,mcn,McNary,149.0,55.4,88.9,339.57,264.32,75.25,318.1
2023-07-29,1,2023-07-29T00:00,mcn,McNary,146.8,50.1,92.0,339.52,264.22,75.3,287.8
2023-07-29,2,2023-07-29T01:00,mcn,McNary,147.0,50.3,92.1,339.55,264.33,75.22,288.7
2023-07-29,3,2023-07-29T02:00,mcn,McNary,147.3,50.5,92.1,339.58,264.39,75.19,289.7
2023-07-29,4,2023-07-29T03:00,mcn,McNary,147.2,50.7,91.9,339.58,264.44,75.14,290.7
2023-07-29,5,2023-07-29T04:00,mcn,McNary,146.9,50.2,92.0,339.6,264.6,75.0,287.3
2023-07-29,6,2023-07-29T05:00,mcn,McNary,146.7,50.0,92.0,339.68,264.62,75.06,286.4
2023-07-29,7,2023-07-29T06:00,mcn,McNary,147.4,50.7,92.0,339.62,264.58,75.04,290.3
2023-07-29,8,2023-07-29T07:00,mcn,McNary,147.8,51.1,92.0,339.67,264.7,74.97,292.3
2023-07-29,9,2023-07-29T08:00,mcn,McNary,146.9,50.2,92.0,339.67,264.77,74.9,286.9
2023-07-29,10,2023-07-29T09:00,mcn,McNary,146.8,50.3,91.8,339.68,264.62,75.06,288.1
2023-07-29,11,2023-07-29T10:00,mcn,McNary,147.1,50.4,92.0,339.62,264.62,75.0,288.4
2023-07-29,12,2023-07-29T11:00,mcn,McNary,146.8,50.1,92.0,339.65,264.57,75.08,287.0
2023-07-29,13,2023-07-29T12:00,mcn,McNary,146.9,50.2,92.0,339.58,264.47,75.11,287.7
2023-07-29,14,2023-07-29T13:00,mcn,McNary,146.9,50.2,92.0,339.5,264.43,75.07,287.5
2023-07-29,15,2023-07-29T14:00,mcn,McNary,147.4,50.7,92.0,339.47,264.4,75.07,290.4
2023-07-29,16,2023-07-29T15:00,mcn,McNary,147.5,50.8,92.0,339.36,264.37,74.99,290.7
2023-07-29,17,2023-07-29T16:00,mcn,McNary,147.2,50.7,91.8,339.33,264.39,74.94,289.9
2023-07-29,18,2023-07-29T17:00,mcn,McNary,146.9,50.7,91.5,339.29,264.43,74.86,289.6
2023-07-29,19,2023-07-29T18:00,mcn,McNary,147.3,51.1,91.4,339.27,264.42,74.85,291.8
2023-07-29,20,2023-07-29T19:00,mcn,McNary,147.0,50.8,91.5,339.3,264.53,74.77,289.8
2023-07-29,21,2023-07-29T20:00,mcn,McNary,147.3,50.8,91.7,339.36,264.56,74.8,289.9
2023-07-29,22,2023-07-29T21:00,mcn,McNary,147.5,51.1,91.6,339.32,264.35,74.97,292.3
2023-07-29,23,2023-07-29T22:00,mcn,McNary,147.4,51.0,91.7,339.34,264.37,74.97,291.7
2023-07-29,24,2023-07-29T23:00,mcn,McNary,147.3,50.9,91.7,339.32,264.48,74.84,290.7
2023-07-30,1,2023-07-30T00:00,mcn,McNary,139.7,51.1,83.9,339.33,264.39,74.94,292.2
2023-07-30,2,2023-07-30T01:00,mcn,McNary,130.8,51.1,75.1,339.38,264.42,74.96,292.3
2023-07-30,3,2023-07-30T02:00,mcn,McNary,129.9,51.2,73.9,339.37,264.36,75.01,293.0
2023-07-30,4,2023-07-30T03:00,mcn,McNary,129.9,51.3,73.9,339.43,264.45,74.98,293.5
2023-07-30,5,2023-07-30T04:00,mcn,McNary,130.0,51.2,74.1,339.44,264.33,75.11,293.4
2023-07-30,6,2023-07-30T05:00,mcn,McNary,129.4,50.8,73.9,339.45,264.24,75.21,291.5
2023-07-30,7,2023-07-30T06:00,mcn,McNary,129.1,50.3,74.0,339.52,264.46,75.06,288.1
2023-07-30,8,2023-07-30T07:00,mcn,McNary,129.2,50.5,74.1,339.49,264.48,75.01,289.0
2023-07-30,9,2023-07-30T08:00,mcn,McNary,129.6,50.8,74.1,339.43,264.48,74.95,290.5
2023-07-30,10,2023-07-30T09:00,mcn,McNary,129.9,51.4,73.8,339.52,264.45,75.07,294.4
2023-07-30,11,2023-07-30T10:00,mcn,McNary,129.3,50.8,73.9,339.48,264.36,75.12,291.2
2023-07-30,12,2023-07-30T11:00,mcn,McNary,129.9,51.3,73.9,339.52,264.38,75.14,294.1
2023-07-30,13,2023-07-30T12:00,mcn,McNary,130.5,51.9,73.9,339.45,264.21,75.24,297.9
2023-07-30,14,2023-07-30T13:00,mcn,McNary,128.9,50.3,73.9,339.38,264.13,75.25,288.8
2023-07-30,15,2023-07-30T14:00,mcn,McNary,129.1,50.4,74.0,339.35,264.13,75.22,289.3
2023-07-30,16,2023-07-30T15:00,mcn,McNary,128.9,50.3,73.9,339.3,264.23,75.07,288.1
2023-07-30,17,2023-07-30T16:00,mcn,McNary,128.6,50.0,73.9,339.27,264.21,75.06,286.4
2023-07-30,18,2023-07-30T17:00,mcn,McNary,131.6,50.7,76.1,339.18,264.32,74.86,289.6
2023-07-30,19,2023-07-30T18:00,mcn,McNary,139.4,51.0,83.7,339.15,264.4,74.75,290.9
2023-07-30,20,2023-07-30T19:00,mcn,McNary,139.5,50.8,84.0,339.22,264.36,74.86,290.2
2023-07-30,21,2023-07-30T20:00,mcn,McNary,139.9,51.3,83.8,339.12,264.23,74.89,293.1
2023-07-30,22,2023-07-30T21:00,mcn,McNary,140.1,51.4,84.0,339.1,264.17,74.93,293.9
2023-07-30,23,2023-07-30T22:00,mcn,McNary,139.8,51.1,84.0,339.12,264.14,74.98,292.3
2023-07-30,24,2023-07-30T23:00,mcn,McNary,139.6,50.9,84.0,339.12,264.17,74.95,291.1
2023-07-31,1,2023-07-31T00:00,mcn,McNary,124.8,52.8,67.3,339.17,264.12,75.05,302.3
2023-07-31,2,2023-07-31T01:00,mcn,McNary,130.7,51.0,75.0,339.12,264.05,75.07,292.1
2023-07-31,3,2023-07-31T02:00,mcn,McNary,130.8,51.2,74.9,339.11,264.12,74.99,293.0
2023-07-31,4,2023-07-31T03:00,mcn,McNary,130.9,51.2,75.0,339.13,264.15,74.98,292.9
2023-07-31,5,2023-07-31T04:00,mcn,McNary,132.2,52.5,75.0,339.17,264.4,74.77,299.5
2023-07-31,6,2023-07-31T05:00,mcn,McNary,131.5,51.7,75.0,339.19,264.46,74.73,294.8
2023-07-31,7,2023-07-31T06:00,mcn,McNary,134.9,55.1,75.1,339.2,264.42,74.78,314.4
2023-07-31,8,2023-07-31T07:00,mcn,McNary,135.7,55.7,75.3,339.28,264.42,74.86,318.1
2023-07-31,9,2023-07-31T08:00,mcn,McNary,135.6,55.4,75.5,339.28,264.43,74.85,316.4
2023-07-31,10,2023-07-31T09:00,mcn,McNary,135.7,55.5,75.5,339.31,264.44,74.87,317.0
2023-07-31,11,2023-07-31T10:00,mcn,McNary,135.8,55.5,75.6,339.31,264.48,74.83,316.9
2023-07-31,12,2023-07-31T11:00,mcn,McNary,135.0,54.7,75.6,339.3,264.55,74.75,312.0
2023-07-31,13,2023-07-31T12:00,mcn,McNary,135.2,55.3,75.2,339.2,264.3,74.9,316.0
2023-07-31,14,2023-07-31T13:00,mcn,McNary,134.8,55.3,74.8,339.18,264.3,74.88,315.9
2023-07-31,15,2023-07-31T14:00,mcn,McNary,157.1,77.8,74.6,339.02,264.68,74.34,441.3
2023-07-31,16,2023-07-31T15:00,mcn,McNary,159.9,80.6,74.6,338.92,264.76,74.16,456.1
2023-07-31,17,2023-07-31T16:00,mcn,McNary,174.6,95.2,74.7,338.77,264.98,73.79,536.0
2023-07-31,18,2023-07-31T17:00,mcn,McNary,174.9,95.4,74.7,338.64,264.96,73.68,536.3
2023-07-31,19,2023-07-31T18:00,mcn,McNary,173.9,94.5,74.7,338.64,264.8,73.84,532.4
2023-07-31,20,2023-07-31T19:00,mcn,McNary,175.4,95.9,74.7,338.52,264.75,73.77,539.8
2023-07-31,21,2023-07-31T20:00,mcn,McNary,172.9,93.5,74.7,338.46,264.84,73.62,525.2
2023-07-31,22,2023-07-31T21:00,mcn,McNary,174.6,95.2,74.7,338.38,264.82,73.56,534.3
2023-07-31,23,2023-07-31T22:00,mcn,McNary,160.5,81.1,74.7,338.4,264.43,73.97,457.7
2023-07-31,24,2023-07-31T23:00,mcn,McNary,136.7,57.2,74.7,338.4,263.91,74.49,325.1
2023-08-01,1,2023-08-01T00:00,mcn,McNary,135.1,50.2,80.2,338.4,263.91,74.49,285.3
2023-08-01,2,2023-08-01T01:00,mcn,McNary,139.0,50.4,83.9,338.39,263.95,74.44,286.3
2023-08-01,3,2023-08-01T02:00,mcn,McNary,139.8,51.1,84.0,338.39,264.07,74.32,289.8
2023-08-01,4,2023-08-01T03:00,mcn,McNary,139.4,50.7,84.0,338.41,264.51,73.9,285.9
2023-08-01,5,2023-08-01T04:00,mcn,McNary,139.5,50.7,84.0,338.41,264.26,74.15,286.8
2023-08-01,6,2023-08-01T05:00,mcn,McNary,139.5,50.7,84.0,338.44,264.22,74.22,287.1
2023-08-01,7,2023-08-01T06:00,mcn,McNary,139.2,50.6,83.9,338.45,264.2,74.25,286.7
2023-08-01,8,2023-08-01T07:00,mcn,McNary,139.0,50.4,83.9,338.48,264.2,74.28,285.6
2023-08-01,9,2023-08-01T08:00,mcn,McNary,139.5,50.9,83.9,338.47,264.23,74.24,288.3
2023-08-01,10,2023-08-01T09:00,mcn,McNary,139.8,51.6,83.5,338.47,264.43,74.04,291.5
2023-08-01,11,2023-08-01T10:00,mcn,McNary,138.1,49.9,83.5,338.45,264.44,74.01,281.8
2023-08-01,12,2023-08-01T11:00,mcn,McNary,140.1,51.9,83.5,338.45,264.27,74.18,293.8
2023-08-01,13,2023-08-01T12:00,mcn,McNary,139.3,51.1,83.5,338.43,264.17,74.26,289.5
2023-08-01,14,2023-08-01T13:00,mcn,McNary,138.7,50.3,83.7,338.42,264.2,74.22,284.8
2023-08-01,15,2023-08-01T14:00,mcn,McNary,139.5,50.7,84.1,338.43,264.29,74.14,286.8
2023-08-01,16,2023-08-01T15:00,mcn,McNary,138.8,49.9,84.1,338.41,264.2,74.21,282.5
2023-08-01,17,2023-08-01T16:00,mcn,McNary,140.0,51.1,84.1,338.44,264.36,74.08,288.8
2023-08-01,18,2023-08-01T17:00,mcn,McNary,140.2,51.4,84.1,338.43,264.27,74.16,290.8
2023-08-01,19,2023-08-01T18:00,mcn,McNary,139.8,51.0,84.1,338.47,264.03,74.44,289.7
2023-08-01,20,2023-08-01T19:00,mcn,McNary,139.7,50.9,84.1,338.48,263.95,74.53,289.4
2023-08-01,21,2023-08-01T20:00,mcn,McNary,139.1,50.3,84.1,338.54,263.91,74.63,286.4
2023-08-01,22,2023-08-01T21:00,mcn,McNary,139.0,50.2,84.1,338.63,263.94,74.69,286.1
2023-08-01,23,2023-08-01T22:00,mcn,McNary,139.9,51.1,84.1,338.68,263.95,74.73,291.4
2023-08-01,24,2023-08-01T23:00,mcn,McNary,139.8,50.9,84.1,338.72,263.91,74.81,290.5
2023-08-02,1,2023-08-02T00:00,mcn,McNary,133.3,50.1,78.6,338.8,263.76,75.04,286.9
2023-08-02,2,2023-08-02T01:00,mcn,McNary,133.1,49.4,79.0,338.87,263.88,74.99,282.7
2023-08-02,3,2023-08-02T02:00,mcn,McNary,134.4,50.9,78.8,338.9,264.2,74.7,290.1
2023-08-02,4,2023-08-02T03:00,mcn,McNary,134.7,51.0,79.0,338.99,264.19,74.8,291.1
2023-08-02,5,2023-08-02T04:00,mcn,McNary,135.0,51.3,79.0,339.0,264.08,74.92,293.3
2023-08-02,6,2023-08-02T05:00,mcn,McNary,135.2,51.5,79.0,339.07,264.08,74.99,294.7
2023-08-02,7,2023-08-02T06:00,mcn,McNary,135.3,51.7,78.9,339.09,264.26,74.83,295.2
2023-08-02,8,2023-08-02T07:00,mcn,McNary,134.4,50.9,78.8,339.11,264.27,74.84,290.7
2023-08-02,9,2023-08-02T08:00,mcn,McNary,134.7,50.9,79.1,339.12,264.35,74.77,290.4
2023-08-02,10,2023-08-02T09:00,mcn,McNary,135.2,51.4,79.1,339.11,264.46,74.65,292.8
2023-08-02,11,2023-08-02T10:00,mcn,McNary,138.4,54.8,78.9,339.1,264.51,74.59,311.9
2023-08-02,12,2023-08-02T11:00,mcn,McNary,133.9,50.3,78.9,339.11,264.49,74.62,286.4
2023-08-02,13,2023-08-02T12:00,mcn,McNary,133.9,50.2,79.0,339.17,264.41,74.76,286.4
2023-08-02,14,2023-08-02T13:00,mcn,McNary,133.6,50.0,78.8,339.18,264.21,74.97,286.0
2023-08-02,15,2023-08-02T14:00,mcn,McNary,134.4,50.7,79.0,339.1,264.36,74.74,289.1
2023-08-02,16,2023-08-02T15:00,mcn,McNary,150.6,67.1,78.9,338.97,264.71,74.26,380.2
2023-08-02,17,2023-08-02T16:00,mcn,McNary,152.7,69.0,79.0,339.0,264.76,74.24,390.9
2023-08-02,18,2023-08-02T17:00,mcn,McNary,151.6,68.0,79.0,338.94,264.72,74.22,385.1
2023-08-02,19,2023-08-02T18:00,mcn,McNary,151.9,68.1,79.1,338.89,264.52,74.37,386.4
2023-08-02,20,2023-08-02T19:00,mcn,McNary,150.8,67.2,78.9,338.88,264.31,74.57,382.3
2023-08-02,21,2023-08-02T20:00,mcn,McNary,135.4,51.8,78.9,338.88,264.0,74.88,296.0
2023-08-02,22,2023-08-02T21:00,mcn,McNary,134.9,51.2,78.9,338.85,264.17,74.68,291.7
2023-08-02,23,2023-08-02T22:00,mcn,McNary,134.2,50.6,79.0,338.84,264.24,74.6,288.0
2023-08-02,24,2023-08-02T23:00,mcn,McNary,134.8,51.1,78.9,338.88,264.06,74.82,291.7
2023-08-03,1,2023-08-03T00:00,mcn,McNary,134.8,51.1,78.9,338.81,264.13,74.68,291.2
2023-08-03,2,2023-08-03T01:00,mcn,McNary,135.0,51.3,79.0,338.72,264.17,74.55,291.8
2023-08-03,3,2023-08-03T02:00,mcn,McNary,134.3,50.7,78.9,338.75,264.18,74.57,288.5
2023-08-03,4,2023-08-03T03:00,mcn,McNary,133.7,50.1,78.9,338.74,264.3,74.44,284.6
2023-08-03,5,2023-08-03T04:00,mcn,McNary,133.9,50.3,78.9,338.75,264.37,74.38,285.5
2023-08-03,6,2023-08-03T05:00,mcn,McNary,133.8,50.2,79.0,338.82,264.4,74.42,285.0
2023-08-03,7,2023-08-03T06:00,mcn,McNary,133.6,50.2,78.8,338.84,264.38,74.46,285.2
2023-08-03,8,2023-08-03T07:00,mcn,McNary,134.8,51.1,79.0,338.81,264.38,74.43,290.2
2023-08-03,9,2023-08-03T08:00,mcn,McNary,115.5,50.1,60.6,338.87,264.25,74.62,285.2
2023-08-03,10,2023-08-03T09:00,mcn,McNary,114.8,50.5,59.5,338.73,264.37,74.36,286.5
2023-08-03,11,2023-08-03T10:00,mcn,McNary,114.5,50.3,59.5,338.78,264.35,74.43,285.7
2023-08-03,12,2023-08-03T11:00,mcn,McNary,114.4,50.1,59.5,338.84,264.3,74.54,284.9
2023-08-03,13,2023-08-03T12:00,mcn,McNary,114.8,50.6,59.5,338.81,264.17,74.64,288.2
2023-08-03,14,2023-08-03T13:00,mcn,McNary,114.8,50.6,59.5,338.78,264.18,74.6,288.0
2023-08-03,15,2023-08-03T14:00,mcn,McNary,114.4,50.2,59.5,338.81,264.14,74.67,286.0
2023-08-03,16,2023-08-03T15:00,mcn,McNary,114.9,50.7,59.5,338.75,264.2,74.55,288.4
2023-08-03,17,2023-08-03T16:00,mcn,McNary,114.4,50.1,59.5,338.62,264.19,74.43,284.5
2023-08-03,18,2023-08-03T17:00,mcn,McNary,114.5,50.3,59.5,338.63,264.23,74.4,285.5
2023-08-03,19,2023-08-03T18:00,mcn,McNary,114.8,50.6,59.5,338.57,264.22,74.35,287.0
2023-08-03,20,2023-08-03T19:00,mcn,McNary,114.7,50.4,59.5,338.55,263.99,74.56,286.7
2023-08-03,21,2023-08-03T20:00,mcn,McNary,114.5,50.3,59.5,338.54,263.96,74.58,286.2
2023-08-03,22,2023-08-03T21:00,mcn,McNary,114.9,50.7,59.5,338.69,263.96,74.73,289.1
2023-08-03,23,2023-08-03T22:00,mcn,McNary,114.8,50.6,59.5,338.74,264.1,74.64,288.2
2023-08-03,24,2023-08-03T23:00,mcn,McNary,115.0,50.8,59.5,338.85,264.07,74.78,289.9
2023-08-04,1,2023-08-04T00:00,mcn,McNary,120.6,49.8,66.1,338.93,264.34,74.59,283.4
2023-08-04,2,2023-08-04T01:00,mcn,McNary,123.6,49.9,69.0,338.95,264.38,74.57,283.9
2023-08-04,3,2023-08-04T02:00,mcn,McNary,123.5,49.8,69.0,339.05,264.37,74.68,283.8
2023-08-04,4,2023-08-04T03:00,mcn,McNary,123.8,50.1,69.0,339.08,264.31,74.77,285.8
2023-08-04,5,2023-08-04T04:00,mcn,McNary,123.7,49.9,69.1,339.13,264.27,74.86,285.0
2023-08-04,6,2023-08-04T05:00,mcn,McNary,124.0,50.1,69.3,339.2,264.35,74.85,286.1
2023-08-04,7,2023-08-04T06:00,mcn,McNary,126.1,52.2,69.2,339.26,264.45,74.81,298.0
2023-08-04,8,2023-08-04T07:00,mcn,McNary,123.9,50.1,69.1,339.31,264.54,74.77,285.8
2023-08-04,9,2023-08-04T08:00,mcn,McNary,127.0,52.9,69.3,339.43,264.58,74.85,302.1
2023-08-04,10,2023-08-04T09:00,mcn,McNary,127.1,53.3,69.1,339.44,264.6,74.84,304.4
2023-08-04,11,2023-08-04T10:00,mcn,McNary,127.1,53.3,69.1,339.47,264.52,74.95,304.8
2023-08-04,12,2023-08-04T11:00,mcn,McNary,127.7,53.9,69.1,339.36,264.56,74.8,307.6
2023-08-04,13,2023-08-04T12:00,mcn,McNary,127.6,53.8,69.1,339.44,264.56,74.88,307.4
2023-08-04,14,2023-08-04T13:00,mcn,McNary,127.5,53.7,69.1,339.38,264.56,74.82,306.6
2023-08-04,15,2023-08-04T14:00,mcn,McNary,127.5,53.9,68.9,339.32,264.61,74.71,307.3
2023-08-04,16,2023-08-04T15:00,mcn,McNary,127.5,53.9,68.9,339.22,264.56,74.66,307.0
2023-08-04,17,2023-08-04T16:00,mcn,McNary,127.7,54.0,69.1,339.16,264.66,74.5,307.0
2023-08-04,18,2023-08-04T17:00,mcn,McNary,128.0,54.2,69.1,339.15,264.71,74.44,307.8
2023-08-04,19,2023-08-04T18:00,mcn,McNary,128.0,54.3,69.0,339.08,264.66,74.42,308.3
2023-08-04,20,2023-08-04T19:00,mcn,McNary,127.6,53.9,69.0,338.99,264.58,74.41,306.0
2023-08-04,21,2023-08-04T20:00,mcn,McNary,127.8,54.0,69.0,339.04,264.4,74.64,307.5
2023-08-04,22,2023-08-04T21:00,mcn,McNary,127.4,53.7,69.0,338.94,264.48,74.46,305.1
2023-08-04,23,2023-08-04T22:00,mcn,McNary,128.5,54.8,69.0,338.85,264.44,74.41,311.1
2023-08-04,24,2023-08-04T23:00,mcn,McNary,127.9,54.1,69.0,338.82,264.49,74.33,306.8
2023-08-05,1,2023-08-05T00:00,mcn,McNary,130.7,54.1,72.0,338.77,264.47,74.3,306.7
2023-08-05,2,2023-08-05T01:00,mcn,McNary,130.5,54.1,71.6,338.75,264.51,74.24,306.5
2023-08-05,3,2023-08-05T02:00,mcn,McNary,131.3,54.0,72.5,338.73,264.63,74.1,305.3
2023-08-05,4,2023-08-05T03:00,mcn,McNary,130.6,54.2,71.8,338.7,264.61,74.09,306.4
2023-08-05,5,2023-08-05T04:00,mcn,McNary,131.0,54.0,72.4,338.73,264.64,74.09,305.3
2023-08-05,6,2023-08-05T05:00,mcn,McNary,130.3,54.1,71.5,338.74,264.59,74.15,306.1
2023-08-05,7,2023-08-05T06:00,mcn,McNary,131.3,54.0,72.6,338.7,264.65,74.05,305.1
2023-08-05,8,2023-08-05T07:00,mcn,McNary,130.2,53.8,71.7,338.73,264.69,74.04,303.9
2023-08-05,9,2023-08-05T08:00,mcn,McNary,131.3,54.2,72.4,338.74,264.7,74.04,306.2
2023-08-05,10,2023-08-05T09:00,mcn,McNary,131.1,54.4,72.0,338.7,264.77,73.93,306.9
2023-08-05,11,2023-08-05T10:00,mcn,McNary,140.3,63.8,71.8,338.64,264.95,73.69,358.7
2023-08-05,12,2023-08-05T11:00,mcn,McNary,140.4,63.7,72.0,338.64,264.78,73.86,359.0
2023-08-05,13,2023-08-05T12:00,mcn,McNary,140.1,63.6,71.8,338.56,264.84,73.72,357.7
2023-08-05,14,2023-08-05T13:00,mcn,McNary,140.4,63.6,72.1,338.62,264.81,73.81,358.2
2023-08-05,15,2023-08-05T14:00,mcn,McNary,139.8,63.4,71.7,338.62,264.71,73.91,357.5
2023-08-05,16,2023-08-05T15:00,mcn,McNary,139.8,63.2,71.9,338.55,264.73,73.82,356.0
2023-08-05,17,2023-08-05T16:00,mcn,McNary,139.9,63.2,72.0,338.52,264.67,73.85,356.1
2023-08-05,18,2023-08-05T17:00,mcn,McNary,139.6,63.2,71.8,338.46,264.62,73.84,356.1
2023-08-05,19,2023-08-05T18:00,mcn,McNary,139.9,63.2,72.1,338.42,264.61,73.81,355.9
2023-08-05,20,2023-08-05T19:00,mcn,McNary,139.1,62.7,71.6,338.36,264.62,73.74,352.8
2023-08-05,21,2023-08-05T20:00,mcn,McNary,139.4,62.6,72.1,338.33,264.59,73.74,352.2
2023-08-05,22,2023-08-05T21:00,mcn,McNary,139.3,62.7,71.9,338.3,264.63,73.67,352.4
2023-08-05,23,2023-08-05T22:00,mcn,McNary,139.3,62.6,72.0,338.23,264.64,73.59,351.5
2023-08-05,24,2023-08-05T23:00,mcn,McNary,138.9,62.3,71.9,338.24,264.54,73.7,350.3
2023-08-06,1,2023-08-06T00:00,mcn,McNary,135.5,53.4,77.5,338.23,264.38,73.85,300.9
2023-08-06,2,2023-08-06T01:00,mcn,McNary,135.1,53.1,77.4,338.16,264.33,73.83,299.1
2023-08-06,3,2023-08-06T02:00,mcn,McNary,134.9,52.9,77.3,338.14,264.49,73.65,297.3
2023-08-06,4,2023-08-06T03:00,mcn,McNary,135.5,53.3,77.5,338.2,264.51,73.69,299.7
2023-08-06,5,2023-08-06T04:00,mcn,McNary,135.6,53.4,77.5,338.17,264.53,73.64,300.0
2023-08-06,6,2023-08-06T05:00,mcn,McNary,135.7,53.4,77.5,338.27,264.6,73.67,300.2
2023-08-06,7,2023-08-06T06:00,mcn,McNary,139.4,57.4,77.4,338.3,264.69,73.61,322.4
2023-08-06,8,2023-08-06T07:00,mcn,McNary,139.1,57.0,77.4,338.33,264.75,73.58,320.0
2023-08-06,9,2023-08-06T08:00,mcn,McNary,138.7,56.6,77.4,338.34,264.76,73.58,317.8
2023-08-06,10,2023-08-06T09:00,mcn,McNary,138.8,56.7,77.4,338.32,264.81,73.51,318.0
2023-08-06,11,2023-08-06T10:00,mcn,McNary,138.9,56.7,77.4,338.33,264.86,73.47,317.8
2023-08-06,12,2023-08-06T11:00,mcn,McNary,138.9,56.7,77.5,338.43,264.75,73.68,318.8
2023-08-06,13,2023-08-06T12:00,mcn,McNary,138.8,56.6,77.5,338.42,264.7,73.72,318.4
2023-08-06,14,2023-08-06T13:00,mcn,McNary,139.1,56.9,77.4,338.39,264.71,73.68,319.9
2023-08-06,15,2023-08-06T14:00,mcn,McNary,138.7,56.6,77.4,338.32,264.71,73.61,317.9
2023-08-06,16,2023-08-06T15:00,mcn,McNary,138.7,56.6,77.3,338.18,264.73,73.45,317.2
2023-08-06,17,2023-08-06T16:00,mcn,McNary,138.8,56.9,77.3,338.1,264.62,73.48,319.0
2023-08-06,18,2023-08-06T17:00,mcn,McNary,139.0,57.1,77.2,338.05,264.58,73.47,320.1
2023-08-06,19,2023-08-06T18:00,mcn,McNary,138.6,56.7,77.2,338.03,264.6,73.43,317.7
2023-08-06,20,2023-08-06T19:00,mcn,McNary,138.1,56.2,77.2,337.95,264.56,73.39,314.7
2023-08-06,21,2023-08-06T20:00,mcn,McNary,137.8,56.0,77.0,337.87,264.61,73.26,313.0
2023-08-06,22,2023-08-06T21:00,mcn,McNary,138.4,56.8,76.9,337.82,264.63,73.19,317.2
2023-08-06,23,2023-08-06T22:00,mcn,McNary,137.9,56.4,76.8,337.73,264.55,73.18,314.9
2023-08-06,24,2023-08-06T23:00,mcn,McNary,138.2,56.7,76.8,337.63,264.59,73.04,316.0
2023-08-07,1,2023-08-07T00:00,mcn,McNary,133.4,50.3,78.4,337.5,264.47,73.03,280.3
2023-08-07,2,2023-08-07T01:00,mcn,McNary,133.8,50.5,78.5,337.48,264.51,72.97,281.2
2023-08-07,3,2023-08-07T02:00,mcn,McNary,133.4,50.1,78.5,337.45,264.61,72.84,278.4
2023-08-07,4,2023-08-07T03:00,mcn,McNary,133.6,50.4,78.5,337.41,264.62,72.79,279.9
2023-08-07,5,2023-08-07T04:00,mcn,McNary,133.6,50.3,78.5,337.38,264.66,72.72,279.1
2023-08-07,6,2023-08-07T05:00,mcn,McNary,134.0,50.7,78.5,337.35,264.71,72.64,281.0
2023-08-07,7,2023-08-07T06:00,mcn,McNary,133.5,50.3,78.5,337.39,264.58,72.81,279.4
2023-08-07,8,2023-08-07T07:00,mcn,McNary,134.1,50.9,78.5,337.35,264.68,72.67,282.2
2023-08-07,9,2023-08-07T08:00,mcn,McNary,133.9,50.7,78.5,337.4,264.73,72.67,281.1
2023-08-07,10,2023-08-07T09:00,mcn,McNary,133.7,50.4,78.5,337.43,264.7,72.73,279.7
2023-08-07,11,2023-08-07T10:00,mcn,McNary,133.9,50.6,78.5,337.44,264.78,72.66,280.5
2023-08-07,12,2023-08-07T11:00,mcn,McNary,126.0,50.5,70.8,337.42,264.59,72.83,280.6
2023-08-07,13,2023-08-07T12:00,mcn,McNary,124.0,50.3,69.0,337.42,264.56,72.86,279.6
2023-08-07,14,2023-08-07T13:00,mcn,McNary,124.5,50.8,69.0,337.4,264.56,72.84,282.3
2023-08-07,15,2023-08-07T14:00,mcn,McNary,124.2,50.5,69.0,337.42,264.56,72.86,280.7
2023-08-07,16,2023-08-07T15:00,mcn,McNary,124.5,50.7,69.1,337.39,264.53,72.86,281.9
2023-08-07,17,2023-08-07T16:00,mcn,McNary,124.5,50.8,68.9,337.41,264.49,72.92,282.6
2023-08-07,18,2023-08-07T17:00,mcn,McNary,124.1,50.5,68.9,337.38,264.51,72.87,280.8
2023-08-07,19,2023-08-07T18:00,mcn,McNary,125.1,50.6,69.8,337.39,264.51,72.88,281.4
2023-08-07,20,2023-08-07T19:00,mcn,McNary,133.4,50.3,78.4,337.38,264.59,72.79,279.4
2023-08-07,21,2023-08-07T20:00,mcn,McNary,133.5,50.4,78.4,337.47,264.41,73.06,281.0
2023-08-07,22,2023-08-07T21:00,mcn,McNary,133.3,50.2,78.4,337.49,264.43,73.06,279.8
2023-08-07,23,2023-08-07T22:00,mcn,McNary,133.4,50.3,78.4,337.51,264.46,73.05,280.4
2023-08-07,24,2023-08-07T23:00,mcn,McNary,133.3,50.2,78.4,337.55,264.42,73.13,280.1
2023-08-08,1,2023-08-08T00:00,mcn,McNary,129.8,50.5,74.6,337.53,264.51,73.02,281.4
2023-08-08,2,2023-08-08T01:00,mcn,McNary,129.3,49.9,74.6,337.57,264.53,73.04,278.1
2023-08-08,3,2023-08-08T02:00,mcn,McNary,129.4,50.0,74.7,337.61,264.46,73.15,279.1
2023-08-08,4,2023-08-08T03:00,mcn,McNary,129.6,50.3,74.6,337.71,264.5,73.21,281.0
2023-08-08,5,2023-08-08T04:00,mcn,McNary,129.7,50.4,74.6,337.77,264.47,73.3,281.9
2023-08-08,6,2023-08-08T05:00,mcn,McNary,129.2,49.9,74.6,337.84,264.51,73.33,279.2
2023-08-08,7,2023-08-08T06:00,mcn,McNary,129.5,50.1,74.7,337.95,264.55,73.4,280.6
2023-08-08,8,2023-08-08T07:00,mcn,McNary,129.6,50.1,74.7,337.98,264.59,73.39,280.5
2023-08-08,9,2023-08-08T08:00,mcn,McNary,129.6,50.2,74.7,338.0,264.59,73.41,281.2
2023-08-08,10,2023-08-08T09:00,mcn,McNary,129.2,50.4,74.2,338.1,264.57,73.53,282.8
2023-08-08,11,2023-08-08T10:00,mcn,McNary,129.3,50.7,73.9,338.16,264.58,73.58,284.6
2023-08-08,12,2023-08-08T11:00,mcn,McNary,129.3,50.7,73.9,338.23,264.64,73.59,284.7
2023-08-08,13,2023-08-08T12:00,mcn,McNary,129.0,50.3,74.0,338.28,264.47,73.81,283.3
2023-08-08,14,2023-08-08T13:00,mcn,McNary,128.6,49.9,74.0,338.3,264.44,73.86,281.2
2023-08-08,15,2023-08-08T14:00,mcn,McNary,129.1,50.4,74.0,338.2,264.33,73.87,284.1
2023-08-08,16,2023-08-08T15:00,mcn,McNary,129.1,50.5,73.9,338.16,264.43,73.73,284.1
2023-08-08,17,2023-08-08T16:00,mcn,McNary,129.2,50.6,73.9,338.14,264.36,73.78,284.8
2023-08-08,18,2023-08-08T17:00,mcn,McNary,129.2,50.6,73.9,338.07,264.32,73.75,284.7
2023-08-08,19,2023-08-08T18:00,mcn,McNary,128.9,50.4,73.8,338.05,264.37,73.68,283.3
2023-08-08,20,2023-08-08T19:00,mcn,McNary,128.6,50.1,73.8,338.05,264.31,73.74,281.9
2023-08-08,21,2023-08-08T20:00,mcn,McNary,129.1,50.5,73.9,338.11,264.3,73.81,284.4
2023-08-08,22,2023-08-08T21:00,mcn,McNary,129.1,50.5,73.9,338.11,264.07,74.04,285.3
2023-08-08,23,2023-08-08T22:00,mcn,McNary,128.6,50.0,73.9,338.12,264.0,74.12,282.8
2023-08-08,24,2023-08-08T23:00,mcn,McNary,128.8,50.2,73.9,338.11,264.02,74.09,283.8
2023-08-09,1,2023-08-09T00:00,mcn,McNary,128.7,50.1,73.8,338.05,264.22,73.83,282.2
2023-08-09,2,2023-08-09T01:00,mcn,McNary,128.7,50.1,73.9,338.11,264.3,73.81,282.1
2023-08-09,3,2023-08-09T02:00,mcn,McNary,129.1,50.5,73.9,338.17,264.43,73.74,284.1
2023-08-09,4,2023-08-09T03:00,mcn,McNary,129.0,50.4,73.9,338.24,264.32,73.92,284.3
2023-08-09,5,2023-08-09T04:00,mcn,McNary,128.9,50.2,74.0,338.29,264.19,74.1,283.8
2023-08-09,6,2023-08-09T05:00,mcn,McNary,129.0,50.2,74.1,338.36,264.31,74.05,283.6
2023-08-09,7,2023-08-09T06:00,mcn,McNary,128.8,49.9,74.2,338.4,264.37,74.03,281.9
2023-08-09,8,2023-08-09T07:00,mcn,McNary,129.0,50.1,74.2,338.44,264.41,74.03,283.0
2023-08-09,9,2023-08-09T08:00,mcn,McNary,128.7,49.8,74.2,338.55,264.42,74.13,281.7
2023-08-09,10,2023-08-09T09:00,mcn,McNary,127.7,49.6,73.4,338.59,264.32,74.27,281.1
2023-08-09,11,2023-08-09T10:00,mcn,McNary,127.6,49.7,73.2,338.57,264.39,74.18,281.3
2023-08-09,12,2023-08-09T11:00,mcn,McNary,127.3,49.4,73.2,338.6,264.19,74.41,280.5
2023-08-09,13,2023-08-09T12:00,mcn,McNary,127.5,49.6,73.2,338.63,264.23,74.4,281.6
2023-08-09,14,2023-08-09T13:00,mcn,McNary,127.8,49.9,73.2,338.59,264.18,74.41,283.3
2023-08-09,15,2023-08-09T14:00,mcn,McNary,127.4,49.7,73.0,338.47,264.21,74.26,281.6
2023-08-09,16,2023-08-09T15:00,mcn,McNary,128.3,50.5,73.0,338.48,264.22,74.26,286.1
2023-08-09,17,2023-08-09T16:00,mcn,McNary,128.2,50.4,73.0,338.43,264.28,74.15,285.1
2023-08-09,18,2023-08-09T17:00,mcn,McNary,128.4,50.7,73.0,338.42,264.49,73.93,286.0
2023-08-09,19,2023-08-09T18:00,mcn,McNary,128.2,50.5,73.0,338.42,264.46,73.96,285.0
2023-08-09,20,2023-08-09T19:00,mcn,McNary,128.1,50.4,73.0,338.39,264.3,74.09,284.9
2023-08-09,21,2023-08-09T20:00,mcn,McNary,127.8,50.1,73.0,338.44,263.99,74.45,284.6
2023-08-09,22,2023-08-09T21:00,mcn,McNary,128.0,50.2,73.0,338.46,263.89,74.57,285.6
2023-08-09,23,2023-08-09T22:00,mcn,McNary,128.2,50.5,73.0,338.47,263.95,74.52,287.1
2023-08-09,24,2023-08-09T23:00,mcn,McNary,128.1,50.4,73.0,338.41,264.11,74.3,285.7
2023-08-10,1,2023-08-10T00:00,mcn,McNary,128.4,50.8,72.9,338.34,264.01,74.33,288.1
2023-08-10,2,2023-08-10T01:00,mcn,McNary,128.5,50.8,72.9,338.35,263.86,74.49,288.7
2023-08-10,3,2023-08-10T02:00,mcn,McNary,128.2,50.7,72.9,338.31,264.08,74.23,287.2
2023-08-10,4,2023-08-10T03:00,mcn,McNary,128.2,50.7,72.8,338.28,264.11,74.17,286.9
2023-08-10,5,2023-08-10T04:00,mcn,McNary,128.3,50.8,72.9,338.32,264.18,74.14,287.4
2023-08-10,6,2023-08-10T05:00,mcn,McNary,134.1,56.6,72.8,338.27,264.33,73.94,319.3
2023-08-10,7,2023-08-10T06:00,mcn,McNary,134.3,56.8,72.8,338.33,264.26,74.07,321.0
2023-08-10,8,2023-08-10T07:00,mcn,McNary,134.3,56.7,73.0,338.37,264.3,74.07,320.4
2023-08-10,9,2023-08-10T08:00,mcn,McNary,144.5,66.9,72.9,338.32,264.57,73.75,376.5
2023-08-10,10,2023-08-10T09:00,mcn,McNary,145.1,67.5,72.9,338.38,264.58,73.8,380.1
2023-08-10,11,2023-08-10T10:00,mcn,McNary,145.2,67.5,73.0,338.39,264.54,73.85,380.3
2023-08-10,12,2023-08-10T11:00,mcn,McNary,145.0,67.4,72.9,338.35,264.36,73.99,380.5
2023-08-10,13,2023-08-10T12:00,mcn,McNary,145.4,67.8,72.9,338.37,264.43,73.94,382.5
2023-08-10,14,2023-08-10T13:00,mcn,McNary,145.4,67.8,72.9,338.37,264.34,74.03,383.0
2023-08-10,15,2023-08-10T14:00,mcn,McNary,144.8,67.2,72.8,338.24,264.38,73.86,378.7
2023-08-10,16,2023-08-10T15:00,mcn,McNary,145.1,67.6,72.7,338.22,264.37,73.85,380.9
2023-08-10,17,2023-08-10T16:00,mcn,McNary,144.7,67.3,72.8,338.24,264.35,73.89,379.4
2023-08-10,18,2023-08-10T17:00,mcn,McNary,145.8,68.4,72.7,338.13,264.38,73.75,384.9
2023-08-10,19,2023-08-10T18:00,mcn,McNary,159.7,82.3,72.7,338.11,264.56,73.55,461.9
2023-08-10,20,2023-08-10T19:00,mcn,McNary,160.1,82.8,72.7,338.14,264.6,73.54,464.6
2023-08-10,21,2023-08-10T20:00,mcn,McNary,159.0,81.6,72.7,338.09,264.63,73.46,457.4
2023-08-10,22,2023-08-10T21:00,mcn,McNary,159.6,82.2,72.7,338.12,264.54,73.58,461.5
2023-08-10,23,2023-08-10T22:00,mcn,McNary,144.8,67.4,72.7,338.14,264.28,73.86,379.8
2023-08-10,24,2023-08-10T23:00,mcn,McNary,136.9,59.5,72.7,338.15,264.17,73.98,335.9
2023-08-11,1,2023-08-11T00:00,mcn,McNary,136.7,52.3,79.7,338.21,264.33,73.88,294.8
2023-08-11,2,2023-08-11T01:00,mcn,McNary,137.2,51.4,81.1,338.26,264.53,73.73,289.2
2023-08-11,3,2023-08-11T02:00,mcn,McNary,138.1,52.3,81.1,338.17,264.48,73.69,294.1
2023-08-11,4,2023-08-11T03:00,mcn,McNary,137.9,52.1,81.1,338.28,264.49,73.79,293.3
2023-08-11,5,2023-08-11T04:00,mcn,McNary,137.4,51.5,81.2,338.32,264.52,73.8,290.0
2023-08-11,6,2023-08-11T05:00,mcn,McNary,137.8,51.9,81.2,338.38,264.45,73.93,292.8
2023-08-11,7,2023-08-11T06:00,mcn,McNary,149.0,63.0,81.3,338.36,264.69,73.67,354.1
2023-08-11,8,2023-08-11T07:00,mcn,McNary,149.7,63.7,81.4,338.5,264.78,73.72,358.3
2023-08-11,9,2023-08-11T08:00,mcn,McNary,149.8,63.8,81.4,338.57,264.76,73.81,359.3
2023-08-11,10,2023-08-11T09:00,mcn,McNary,150.4,64.3,81.4,338.6,264.67,73.93,362.7
2023-08-11,11,2023-08-11T10:00,mcn,McNary,149.5,63.4,81.4,338.68,264.64,74.04,358.2
2023-08-11,12,2023-08-11T11:00,mcn,McNary,149.4,63.3,81.4,338.77,264.63,74.14,358.1
2023-08-11,13,2023-08-11T12:00,mcn,McNary,149.4,63.3,81.4,338.78,264.67,74.11,357.9
2023-08-11,14,2023-08-11T13:00,mcn,McNary,170.8,85.0,81.1,338.76,265.17,73.59,477.3
2023-08-11,15,2023-08-11T14:00,mcn,McNary,171.0,85.2,81.0,338.78,265.22,73.56,478.2
2023-08-11,16,2023-08-11T15:00,mcn,McNary,171.6,85.9,81.0,338.66,265.02,73.64,482.6
2023-08-11,17,2023-08-11T16:00,mcn,McNary,179.2,93.4,81.1,338.6,265.36,73.24,521.9
2023-08-11,18,2023-08-11T17:00,mcn,McNary,179.8,94.0,81.1,338.63,265.2,73.43,526.7
2023-08-11,19,2023-08-11T18:00,mcn,McNary,180.1,94.3,81.1,338.62,265.18,73.44,528.4
2023-08-11,20,2023-08-11T19:00,mcn,McNary,179.4,93.7,81.1,338.54,265.23,73.31,524.1
2023-08-11,21,2023-08-11T20:00,mcn,McNary,179.2,93.5,81.1,338.56,265.22,73.34,523.2
2023-08-11,22,2023-08-11T21:00,mcn,McNary,160.8,75.1,81.0,338.63,264.68,73.95,423.7
2023-08-11,23,2023-08-11T22:00,mcn,McNary,146.5,60.7,81.0,338.69,264.59,74.1,343.2
2023-08-11,24,2023-08-11T23:00,mcn,McNary,145.3,59.6,81.1,338.76,264.34,74.42,338.4
2023-08-12,1,2023-08-12T00:00,mcn,McNary,144.3,51.0,88.6,338.83,264.39,74.44,289.7
2023-08-12,2,2023-08-12T01:00,mcn,McNary,144.4,51.1,88.6,338.9,264.43,74.47,290.4
2023-08-12,3,2023-08-12T02:00,mcn,McNary,144.7,51.4,88.5,338.87,264.56,74.31,291.4
2023-08-12,4,2023-08-12T03:00,mcn,McNary,144.5,51.2,88.6,338.97,264.54,74.43,290.8
2023-08-12,5,2023-08-12T04:00,mcn,McNary,143.7,50.5,88.6,339.01,264.51,74.5,287.1
2023-08-12,6,2023-08-12T05:00,mcn,McNary,143.9,50.6,88.6,339.0,264.42,74.58,287.9
2023-08-12,7,2023-08-12T06:00,mcn,McNary,143.2,49.9,88.6,339.1,264.45,74.65,284.2
2023-08-12,8,2023-08-12T07:00,mcn,McNary,145.2,51.7,88.7,339.17,264.52,74.65,294.5
2023-08-12,9,2023-08-12T08:00,mcn,McNary,145.9,52.1,89.1,339.31,264.53,74.78,297.3
2023-08-12,10,2023-08-12T09:00,mcn,McNary,146.1,51.9,89.6,339.35,264.54,74.81,296.2
2023-08-12,11,2023-08-12T10:00,mcn,McNary,146.5,52.1,89.7,339.44,264.47,74.97,298.0
2023-08-12,12,2023-08-12T11:00,mcn,McNary,146.4,51.8,89.8,339.5,264.41,75.09,296.8
2023-08-12,13,2023-08-12T12:00,mcn,McNary,146.7,52.1,89.9,339.57,264.31,75.26,299.2
2023-08-12,14,2023-08-12T13:00,mcn,McNary,145.0,52.0,88.3,339.6,264.29,75.31,298.8
2023-08-12,15,2023-08-12T14:00,mcn,McNary,145.1,52.1,88.3,339.57,264.34,75.23,299.1
2023-08-12,16,2023-08-12T15:00,mcn,McNary,145.4,52.4,88.3,339.59,264.33,75.26,300.9
2023-08-12,17,2023-08-12T16:00,mcn,McNary,145.7,52.7,88.3,339.58,264.33,75.25,302.6
2023-08-12,18,2023-08-12T17:00,mcn,McNary,163.3,70.3,88.3,339.46,264.62,74.84,401.4
2023-08-12,19,2023-08-12T18:00,mcn,McNary,164.4,71.4,88.3,339.5,264.6,74.9,408.0
2023-08-12,20,2023-08-12T19:00,mcn,McNary,163.6,70.6,88.3,339.57,264.46,75.11,404.6
2023-08-12,21,2023-08-12T20:00,mcn,McNary,163.7,70.7,88.3,339.51,264.48,75.03,404.7
2023-08-12,22,2023-08-12T21:00,mcn,McNary,163.7,70.7,88.3,339.52,264.4,75.12,405.2
2023-08-12,23,2023-08-12T22:00,mcn,McNary,143.9,50.9,88.3,339.62,264.07,75.55,293.4
2023-08-12,24,2023-08-12T23:00,mcn,McNary,142.5,49.6,88.3,339.55,264.29,75.26,284.8
2023-08-13,1,2023-08-13T00:00,mcn,McNary,141.0,51.3,85.1,339.47,264.29,75.18,294.3
2023-08-13,2,2023-08-13T01:00,mcn,McNary,141.1,51.3,85.0,339.55,264.47,75.08,293.9
2023-08-13,3,2023-08-13T02:00,mcn,McNary,141.4,51.6,85.0,339.51,264.46,75.05,295.5
2023-08-13,4,2023-08-13T03:00,mcn,McNary,141.3,51.6,85.0,339.57,264.39,75.18,296.0
2023-08-13,5,2023-08-13T04:00,mcn,McNary,140.9,51.2,85.0,339.59,264.47,75.12,293.5
2023-08-13,6,2023-08-13T05:00,mcn,McNary,141.3,51.6,85.0,339.61,264.53,75.08,295.6
2023-08-13,7,2023-08-13T06:00,mcn,McNary,141.2,51.5,85.0,339.66,264.63,75.03,294.8
2023-08-13,8,2023-08-13T07:00,mcn,McNary,141.4,51.6,85.1,339.72,264.67,75.05,295.5
2023-08-13,9,2023-08-13T08:00,mcn,McNary,141.9,52.1,85.1,339.81,264.74,75.07,298.4
2023-08-13,10,2023-08-13T09:00,mcn,McNary,157.0,67.2,85.1,339.68,264.97,74.71,383.1
2023-08-13,11,2023-08-13T10:00,mcn,McNary,157.7,67.9,85.1,339.79,264.89,74.9,388.0
2023-08-13,12,2023-08-13T11:00,mcn,McNary,142.7,52.9,85.1,339.8,264.59,75.21,303.6
2023-08-13,13,2023-08-13T12:00,mcn,McNary,141.4,51.7,85.1,339.71,264.53,75.18,296.6
2023-08-13,14,2023-08-13T13:00,mcn,McNary,141.8,52.0,85.1,339.64,264.57,75.07,297.8
2023-08-13,15,2023-08-13T14:00,mcn,McNary,140.8,51.0,85.1,339.59,264.58,75.01,291.9
2023-08-13,16,2023-08-13T15:00,mcn,McNary,140.4,50.7,85.1,339.53,264.71,74.82,289.4
2023-08-13,17,2023-08-13T16:00,mcn,McNary,141.0,51.2,85.1,339.38,264.79,74.59,291.4
2023-08-13,18,2023-08-13T17:00,mcn,McNary,167.3,78.2,84.4,339.2,265.08,74.12,442.2
2023-08-13,19,2023-08-13T18:00,mcn,McNary,167.7,79.0,84.0,339.19,265.03,74.16,447.0
2023-08-13,20,2023-08-13T19:00,mcn,McNary,167.4,78.3,84.4,339.16,264.82,74.34,444.1
2023-08-13,21,2023-08-13T20:00,mcn,McNary,167.6,78.1,84.7,339.04,264.63,74.41,443.4
2023-08-13,22,2023-08-13T21:00,mcn,McNary,141.4,51.8,85.0,339.09,264.22,74.87,295.9
2023-08-13,23,2023-08-13T22:00,mcn,McNary,139.4,49.8,84.9,338.96,264.24,74.72,283.9
2023-08-13,24,2023-08-13T23:00,mcn,McNary,140.2,50.6,84.8,338.92,264.3,74.62,288.1
2023-08-14,1,2023-08-14T00:00,mcn,McNary,138.6,50.8,83.1,338.82,264.3,74.52,288.8
2023-08-14,2,2023-08-14T01:00,mcn,McNary,138.8,51.0,83.1,338.8,264.44,74.36,289.4
2023-08-14,3,2023-08-14T02:00,mcn,McNary,138.8,51.1,83.0,338.78,264.62,74.16,289.1
2023-08-14,4,2023-08-14T03:00,mcn,McNary,138.9,51.2,83.1,338.74,264.53,74.21,289.9
2023-08-14,5,2023-08-14T04:00,mcn,McNary,139.1,51.3,83.1,338.75,264.54,74.21,290.5
2023-08-14,6,2023-08-14T05:00,mcn,McNary,138.9,51.2,83.0,338.77,264.53,74.24,290.0
2023-08-14,7,2023-08-14T06:00,mcn,McNary,138.5,50.8,83.0,338.79,264.6,74.19,287.6
2023-08-14,8,2023-08-14T07:00,mcn,McNary,138.9,51.2,83.1,338.84,264.72,74.12,289.6
2023-08-14,9,2023-08-14T08:00,mcn,McNary,139.2,51.4,83.1,338.96,264.64,74.32,291.5
2023-08-14,10,2023-08-14T09:00,mcn,McNary,139.0,51.2,83.1,339.02,264.63,74.39,290.6
2023-08-14,11,2023-08-14T10:00,mcn,McNary,138.9,51.0,83.2,339.11,264.6,74.51,289.9
2023-08-14,12,2023-08-14T11:00,mcn,McNary,138.8,50.9,83.2,339.12,264.54,74.58,289.6
2023-08-14,13,2023-08-14T12:00,mcn,McNary,139.1,51.2,83.2,339.11,264.49,74.62,291.5
2023-08-14,14,2023-08-14T13:00,mcn,McNary,138.8,50.9,83.2,339.2,264.55,74.65,289.9
2023-08-14,15,2023-08-14T14:00,mcn,McNary,139.0,51.0,83.3,339.24,264.5,74.74,290.8
2023-08-14,16,2023-08-14T15:00,mcn,McNary,140.5,52.0,83.7,339.25,264.66,74.59,295.9
2023-08-14,17,2023-08-14T16:00,mcn,McNary,173.8,85.8,83.2,339.11,265.07,74.04,484.7
2023-08-14,18,2023-08-14T17:00,mcn,McNary,175.8,87.9,83.2,339.06,265.24,73.82,495.1
2023-08-14,19,2023-08-14T18:00,mcn,McNary,197.8,110.0,83.1,338.93,265.82,73.11,613.6
2023-08-14,20,2023-08-14T19:00,mcn,McNary,198.0,110.2,83.1,338.83,265.75,73.08,614.5
2023-08-14,21,2023-08-14T20:00,mcn,McNary,197.0,109.3,83.1,338.74,265.56,73.18,610.3
2023-08-14,22,2023-08-14T21:00,mcn,McNary,177.9,90.1,83.1,338.64,264.9,73.74,506.9
2023-08-14,23,2023-08-14T22:00,mcn,McNary,174.5,86.8,83.0,338.56,264.78,73.78,488.6
2023-08-14,24,2023-08-14T23:00,mcn,McNary,152.3,70.4,77.2,338.58,264.2,74.38,399.5
2023-08-15,1,2023-08-15T00:00,mcn,McNary,117.8,93.0,20.2,338.54,264.4,74.14,526.1
2023-08-15,2,2023-08-15T01:00,mcn,McNary,119.7,94.8,20.2,338.47,264.45,74.02,535.4
2023-08-15,3,2023-08-15T02:00,mcn,McNary,125.8,101.0,20.2,338.49,264.76,73.73,568.2
2023-08-15,4,2023-08-15T03:00,mcn,McNary,126.0,101.1,20.2,338.57,264.8,73.77,569.1
2023-08-15,5,2023-08-15T04:00,mcn,McNary,130.2,105.3,20.2,338.53,265.07,73.46,590.2
2023-08-15,6,2023-08-15T05:00,mcn,McNary,141.8,116.9,20.2,338.52,265.35,73.17,652.6
2023-08-15,7,2023-08-15T06:00,mcn,McNary,155.8,130.9,20.2,338.52,265.59,72.93,728.4
2023-08-15,8,2023-08-15T07:00,mcn,McNary,156.3,131.4,20.2,338.51,265.6,72.91,731.0
2023-08-15,9,2023-08-15T08:00,mcn,McNary,157.1,132.2,20.2,338.51,265.65,72.86,734.9
2023-08-15,10,2023-08-15T09:00,mcn,McNary,156.0,131.4,19.9,338.45,265.63,72.82,730.1
2023-08-15,11,2023-08-15T10:00,mcn,McNary,151.0,126.4,19.9,338.46,265.65,72.81,702.2
2023-08-15,12,2023-08-15T11:00,mcn,McNary,156.2,131.6,19.9,338.4,265.65,72.75,730.5
2023-08-15,13,2023-08-15T12:00,mcn,McNary,155.9,131.3,19.9,338.41,265.59,72.82,729.5
2023-08-15,14,2023-08-15T13:00,mcn,McNary,156.4,131.9,19.9,338.35,265.63,72.72,731.9
2023-08-15,15,2023-08-15T14:00,mcn,McNary,156.0,131.4,19.9,338.3,265.51,72.79,729.8
2023-08-15,16,2023-08-15T15:00,mcn,McNary,156.1,131.6,19.8,338.21,265.64,72.57,728.7
2023-08-15,17,2023-08-15T16:00,mcn,McNary,156.1,131.5,19.9,338.14,265.74,72.4,726.4
2023-08-15,18,2023-08-15T17:00,mcn,McNary,157.5,132.9,19.9,338.06,265.57,72.49,735.1
2023-08-15,19,2023-08-15T18:00,mcn,McNary,159.2,134.6,19.9,338.02,265.46,72.56,745.2
2023-08-15,20,2023-08-15T19:00,mcn,McNary,155.4,130.8,19.9,337.97,265.37,72.6,724.6
2023-08-15,21,2023-08-15T20:00,mcn,McNary,153.2,128.6,19.9,337.93,265.35,72.58,712.2
2023-08-15,22,2023-08-15T21:00,mcn,McNary,152.8,128.2,19.9,337.92,265.16,72.76,711.7
2023-08-15,23,2023-08-15T22:00,mcn,McNary,137.2,112.6,19.9,337.95,264.89,73.06,627.7
2023-08-15,24,2023-08-15T23:00,mcn,McNary,136.4,111.8,19.9,338.06,264.73,73.33,625.5
2023-08-16,1,2023-08-16T00:00,mcn,McNary,122.3,97.7,19.9,338.14,264.42,73.72,549.5
2023-08-16,2,2023-08-16T01:00,mcn,McNary,119.2,94.6,19.9,338.24,264.43,73.81,532.8
2023-08-16,3,2023-08-16T02:00,mcn,McNary,120.0,95.4,19.9,338.32,264.61,73.71,536.5
2023-08-16,4,2023-08-16T03:00,mcn,McNary,120.2,95.6,19.9,338.39,264.77,73.62,537.0
2023-08-16,5,2023-08-16T04:00,mcn,McNary,120.5,95.9,19.9,338.48,264.69,73.79,539.9
2023-08-16,6,2023-08-16T05:00,mcn,McNary,120.7,96.1,19.9,338.52,264.85,73.67,540.2
2023-08-16,7,2023-08-16T06:00,mcn,McNary,138.2,113.5,20.0,338.54,265.21,73.33,635.0
2023-08-16,8,2023-08-16T07:00,mcn,McNary,140.8,116.1,20.0,338.56,265.44,73.12,647.7
2023-08-16,9,2023-08-16T08:00,mcn,McNary,154.9,130.2,20.0,338.5,265.75,72.75,722.7
2023-08-16,10,2023-08-16T09:00,mcn,McNary,156.3,131.7,20.0,338.47,265.86,72.61,729.6
2023-08-16,11,2023-08-16T10:00,mcn,McNary,156.2,131.5,20.0,338.42,265.76,72.66,729.0
2023-08-16,12,2023-08-16T11:00,mcn,McNary,156.5,131.9,20.0,338.35,265.7,72.65,731.1
2023-08-16,13,2023-08-16T12:00,mcn,McNary,156.4,131.7,20.0,338.27,265.68,72.59,729.4
2023-08-16,14,2023-08-16T13:00,mcn,McNary,156.5,131.8,20.0,338.12,265.74,72.38,727.9
2023-08-16,15,2023-08-16T14:00,mcn,McNary,159.8,135.1,20.0,338.01,265.72,72.29,745.2
2023-08-16,16,2023-08-16T15:00,mcn,McNary,157.2,132.5,19.9,337.85,265.6,72.25,730.4
2023-08-16,17,2023-08-16T16:00,mcn,McNary,156.3,131.7,19.9,337.83,265.38,72.45,728.0
2023-08-16,18,2023-08-16T17:00,mcn,McNary,156.2,131.7,19.9,337.78,265.42,72.36,727.1
2023-08-16,19,2023-08-16T18:00,mcn,McNary,158.3,133.7,19.9,337.66,265.41,72.25,737.0
2023-08-16,20,2023-08-16T19:00,mcn,McNary,156.1,131.6,19.9,337.65,265.41,72.24,725.4
2023-08-16,21,2023-08-16T20:00,mcn,McNary,156.3,131.7,19.9,337.63,265.44,72.19,725.4
2023-08-16,22,2023-08-16T21:00,mcn,McNary,155.6,131.1,19.9,337.72,265.09,72.63,726.5
2023-08-16,23,2023-08-16T22:00,mcn,McNary,136.7,112.2,19.9,337.84,264.57,73.27,627.3
2023-08-16,24,2023-08-16T23:00,mcn,McNary,122.3,97.6,19.9,337.91,264.01,73.9,550.3
2023-08-17,1,2023-08-17T00:00,mcn,McNary,121.2,96.6,20.0,338.03,264.13,73.9,544.7
2023-08-17,2,2023-08-17T01:00,mcn,McNary,120.1,95.4,20.0,338.17,264.33,73.84,537.5
2023-08-17,3,2023-08-17T02:00,mcn,McNary,120.4,95.7,20.0,338.33,264.32,74.01,540.4
2023-08-17,4,2023-08-17T03:00,mcn,McNary,120.3,95.6,20.0,338.41,264.32,74.09,540.4
2023-08-17,5,2023-08-17T04:00,mcn,McNary,121.1,96.4,20.0,338.5,264.57,73.93,543.8
2023-08-17,6,2023-08-17T05:00,mcn,McNary,139.6,115.0,20.0,338.53,265.19,73.34,643.5
2023-08-17,7,2023-08-17T06:00,mcn,McNary,158.3,133.6,20.0,338.49,265.59,72.9,743.1
2023-08-17,8,2023-08-17T07:00,mcn,McNary,168.5,143.9,20.0,338.52,265.94,72.58,796.9
2023-08-17,9,2023-08-17T08:00,mcn,McNary,171.2,146.5,20.0,338.53,265.98,72.55,811.0
2023-08-17,10,2023-08-17T09:00,mcn,McNary,170.9,146.2,20.0,338.49,265.91,72.58,809.6
2023-08-17,11,2023-08-17T10:00,mcn,McNary,170.1,145.4,20.0,338.48,265.87,72.61,805.5
2023-08-17,12,2023-08-17T11:00,mcn,McNary,164.7,140.1,20.0,338.47,265.62,72.85,778.7
2023-08-17,13,2023-08-17T12:00,mcn,McNary,163.3,130.7,27.9,338.39,265.79,72.6,724.0
2023-08-17,14,2023-08-17T13:00,mcn,McNary,171.1,131.5,34.9,338.33,265.83,72.5,727.4
2023-08-17,15,2023-08-17T14:00,mcn,McNary,170.2,130.6,34.9,338.31,265.98,72.33,720.8
2023-08-17,16,2023-08-17T15:00,mcn,McNary,169.0,129.4,34.9,338.17,266.05,72.12,712.1
2023-08-17,17,2023-08-17T16:00,mcn,McNary,170.8,140.2,26.0,338.28,266.01,72.27,773.1
2023-08-17,18,2023-08-17T17:00,mcn,McNary,167.1,142.4,20.0,338.41,265.84,72.57,788.5
2023-08-17,19,2023-08-17T18:00,mcn,McNary,167.2,142.5,20.0,338.37,265.69,72.68,790.2
2023-08-17,20,2023-08-17T19:00,mcn,McNary,165.6,140.9,20.0,338.35,265.79,72.56,780.1
2023-08-17,21,2023-08-17T20:00,mcn,McNary,166.1,141.4,20.0,338.33,265.77,72.56,782.8
2023-08-17,22,2023-08-17T21:00,mcn,McNary,166.5,141.8,20.0,338.32,265.79,72.53,784.7
2023-08-17,23,2023-08-17T22:00,mcn,McNary,155.4,130.7,20.0,338.34,265.29,73.05,728.5
2023-08-17,24,2023-08-17T23:00,mcn,McNary,121.3,96.6,20.0,338.43,264.42,74.01,545.5
2023-08-18,1,2023-08-18T00:00,mcn,McNary,118.8,94.0,20.0,338.39,264.47,73.92,530.2
2023-08-18,2,2023-08-18T01:00,mcn,McNary,119.3,94.6,20.0,338.41,264.75,73.66,531.7
2023-08-18,3,2023-08-18T02:00,mcn,McNary,120.1,95.4,20.0,338.46,264.9,73.56,535.4
2023-08-18,4,2023-08-18T03:00,mcn,McNary,120.2,95.5,20.0,338.5,265.02,73.48,535.4
2023-08-18,5,2023-08-18T04:00,mcn,McNary,121.7,97.0,20.0,338.5,265.19,73.31,542.6
2023-08-18,6,2023-08-18T05:00,mcn,McNary,139.3,114.6,20.0,338.43,265.64,72.79,636.5
2023-08-18,7,2023-08-18T06:00,mcn,McNary,164.3,139.6,20.0,338.34,266.14,72.2,769.0
2023-08-18,8,2023-08-18T07:00,mcn,McNary,166.8,142.1,20.0,338.42,266.28,72.14,782.2
2023-08-18,9,2023-08-18T08:00,mcn,McNary,167.5,142.8,20.0,338.31,266.34,71.97,784.2
2023-08-18,10,2023-08-18T09:00,mcn,McNary,167.8,143.1,20.0,338.25,266.51,71.74,783.3
2023-08-18,11,2023-08-18T10:00,mcn,McNary,168.0,143.3,20.0,338.27,266.37,71.9,786.1
2023-08-18,12,2023-08-18T11:00,mcn,McNary,167.9,143.2,20.0,338.26,266.29,71.97,786.4
2023-08-18,13,2023-08-18T12:00,mcn,McNary,168.2,143.5,20.0,338.15,266.39,71.76,785.7
2023-08-18,14,2023-08-18T13:00,mcn,McNary,168.0,143.3,20.0,338.17,266.35,71.82,785.3
2023-08-18,15,2023-08-18T14:00,mcn,McNary,167.6,142.9,20.0,338.15,266.28,71.87,783.6
2023-08-18,16,2023-08-18T15:00,mcn,McNary,167.9,143.2,20.0,338.11,266.32,71.79,784.4
2023-08-18,17,2023-08-18T16:00,mcn,McNary,167.6,142.9,20.0,338.02,266.33,71.69,781.7
2023-08-18,18,2023-08-18T17:00,mcn,McNary,168.0,143.3,20.0,338.01,266.25,71.76,784.6
2023-08-18,19,2023-08-18T18:00,mcn,McNary,168.0,143.3,20.0,337.94,266.19,71.75,784.5
2023-08-18,20,2023-08-18T19:00,mcn,McNary,167.6,143.0,19.9,337.89,266.15,71.74,782.7
2023-08-18,21,2023-08-18T20:00,mcn,McNary,168.1,143.5,19.9,337.85,266.06,71.79,786.0
2023-08-18,22,2023-08-18T21:00,mcn,McNary,167.3,142.7,19.9,337.87,266.04,71.83,782.1
2023-08-18,23,2023-08-18T22:00,mcn,McNary,146.0,121.4,20.0,337.97,265.44,72.53,671.8
2023-08-18,24,2023-08-18T23:00,mcn,McNary,114.1,89.4,20.0,338.08,264.45,73.63,502.2
2023-08-19,1,2023-08-19T00:00,mcn,McNary,110.1,85.4,20.0,338.12,264.67,73.45,478.6
2023-08-19,2,2023-08-19T01:00,mcn,McNary,110.1,85.4,20.0,338.3,264.82,73.48,478.8
2023-08-19,3,2023-08-19T02:00,mcn,McNary,111.0,86.3,20.0,338.42,264.72,73.7,485.3
2023-08-19,4,2023-08-19T03:00,mcn,McNary,110.3,85.6,20.0,338.49,264.74,73.75,481.7
2023-08-19,5,2023-08-19T04:00,mcn,McNary,110.1,85.4,20.0,338.57,264.59,73.98,482.1
2023-08-19,6,2023-08-19T05:00,mcn,McNary,110.1,85.4,20.0,338.65,264.53,74.12,483.0
2023-08-19,7,2023-08-19T06:00,mcn,McNary,139.5,114.8,20.0,338.69,265.53,73.16,640.8
2023-08-19,8,2023-08-19T07:00,mcn,McNary,140.9,116.2,20.0,338.83,265.56,73.27,649.6
2023-08-19,9,2023-08-19T08:00,mcn,McNary,140.6,115.9,20.0,338.86,265.55,73.31,648.3
2023-08-19,10,2023-08-19T09:00,mcn,McNary,140.8,116.1,20.0,338.92,265.5,73.42,650.4
2023-08-19,11,2023-08-19T10:00,mcn,McNary,141.5,116.8,20.0,338.92,265.65,73.27,653.0
2023-08-19,12,2023-08-19T11:00,mcn,McNary,167.4,142.7,20.0,338.9,265.99,72.91,793.8
2023-08-19,13,2023-08-19T12:00,mcn,McNary,168.9,144.2,20.0,338.91,266.04,72.87,801.7
2023-08-19,14,2023-08-19T13:00,mcn,McNary,167.0,142.2,20.0,338.88,266.01,72.87,790.6
2023-08-19,15,2023-08-19T14:00,mcn,McNary,169.1,144.4,20.0,338.77,266.07,72.7,801.0
2023-08-19,16,2023-08-19T15:00,mcn,McNary,168.7,144.0,20.0,338.71,265.98,72.73,799.1
2023-08-19,17,2023-08-19T16:00,mcn,McNary,169.7,145.0,20.0,338.61,266.02,72.59,803.1
2023-08-19,18,2023-08-19T17:00,mcn,McNary,170.8,146.1,20.0,338.58,266.06,72.52,808.4
2023-08-19,19,2023-08-19T18:00,mcn,McNary,169.0,144.3,20.0,338.52,266.06,72.46,797.8
2023-08-19,20,2023-08-19T19:00,mcn,McNary,168.3,143.6,20.0,338.42,265.97,72.45,793.8
2023-08-19,21,2023-08-19T20:00,mcn,McNary,168.4,143.7,20.0,338.4,265.98,72.42,794.0
2023-08-19,22,2023-08-19T21:00,mcn,McNary,168.1,143.4,20.0,338.43,265.82,72.61,794.5
2023-08-19,23,2023-08-19T22:00,mcn,McNary,136.2,111.5,20.0,338.5,265.15,73.35,624.0
2023-08-19,24,2023-08-19T23:00,mcn,McNary,132.8,108.1,20.0,338.48,264.72,73.76,608.4
2023-08-20,1,2023-08-20T00:00,mcn,McNary,111.2,86.5,20.0,338.5,264.32,74.18,489.6
2023-08-20,2,2023-08-20T01:00,mcn,McNary,109.7,85.0,20.0,338.52,264.43,74.09,480.5
2023-08-20,3,2023-08-20T02:00,mcn,McNary,109.8,85.1,20.0,338.59,264.57,74.02,480.6
2023-08-20,4,2023-08-20T03:00,mcn,McNary,109.9,85.2,20.0,338.72,264.63,74.09,481.6
2023-08-20,5,2023-08-20T04:00,mcn,McNary,109.9,85.2,20.0,338.77,264.39,74.38,483.5
2023-08-20,6,2023-08-20T05:00,mcn,McNary,111.0,86.3,20.0,338.77,264.75,74.02,487.4
2023-08-20,7,2023-08-20T06:00,mcn,McNary,140.2,115.5,20.0,338.81,265.51,73.3,646.0
2023-08-20,8,2023-08-20T07:00,mcn,McNary,142.5,117.8,20.0,338.89,265.53,73.36,659.4
2023-08-20,9,2023-08-20T08:00,mcn,McNary,141.7,117.0,20.0,338.89,265.59,73.3,654.4
2023-08-20,10,2023-08-20T09:00,mcn,McNary,141.9,117.2,20.0,338.86,265.6,73.26,655.1
2023-08-20,11,2023-08-20T10:00,mcn,McNary,142.4,117.7,20.0,338.83,265.69,73.14,656.8
2023-08-20,12,2023-08-20T11:00,mcn,McNary,167.3,142.6,20.0,338.73,266.05,72.68,790.8
2023-08-20,13,2023-08-20T12:00,mcn,McNary,168.9,144.2,20.0,338.7,266.13,72.57,798.4
2023-08-20,14,2023-08-20T13:00,mcn,McNary,168.8,144.2,19.9,338.62,266.16,72.46,797.2
2023-08-20,15,2023-08-20T14:00,mcn,McNary,168.9,144.3,19.8,338.54,266.18,72.36,796.7
2023-08-20,16,2023-08-20T15:00,mcn,McNary,168.3,143.7,19.8,338.52,266.14,72.38,793.6
2023-08-20,17,2023-08-20T16:00,mcn,McNary,164.6,140.1,19.8,338.51,266.02,72.49,774.9
2023-08-20,18,2023-08-20T17:00,mcn,McNary,164.5,139.9,19.8,338.46,266.07,72.39,772.7
2023-08-20,19,2023-08-20T18:00,mcn,McNary,164.3,139.8,19.9,338.43,266.05,72.38,772.1
2023-08-20,20,2023-08-20T19:00,mcn,McNary,164.1,139.5,19.8,338.37,265.99,72.38,770.4
2023-08-20,21,2023-08-20T20:00,mcn,McNary,163.0,138.4,19.8,338.38,265.8,72.58,766.4
2023-08-20,22,2023-08-20T21:00,mcn,McNary,132.0,107.5,19.8,338.5,264.86,73.64,604.0
2023-08-20,23,2023-08-20T22:00,mcn,McNary,115.6,91.1,19.8,338.48,264.48,74.0,514.4
2023-08-20,24,2023-08-20T23:00,mcn,McNary,113.8,89.2,19.9,338.53,264.38,74.15,504.7
2023-08-21,1,2023-08-21T00:00,mcn,McNary,100.0,75.5,19.8,338.68,264.24,74.44,428.8
2023-08-21,2,2023-08-21T01:00,mcn,McNary,98.2,73.7,19.8,338.78,264.43,74.35,418.1
2023-08-21,3,2023-08-21T02:00,mcn,McNary,98.8,74.4,19.8,338.9,264.43,74.47,422.7
2023-08-21,4,2023-08-21T03:00,mcn,McNary,99.0,74.4,19.9,339.02,264.29,74.73,424.2
2023-08-21,5,2023-08-21T04:00,mcn,McNary,99.1,74.4,20.0,339.2,264.24,74.96,425.5
2023-08-21,6,2023-08-21T05:00,mcn,McNary,98.6,73.8,20.1,339.31,264.23,75.08,422.8
2023-08-21,7,2023-08-21T06:00,mcn,McNary,98.7,73.8,20.2,339.4,264.11,75.29,424.0
2023-08-21,8,2023-08-21T07:00,mcn,McNary,98.4,73.4,20.3,339.51,264.27,75.24,421.4
2023-08-21,9,2023-08-21T08:00,mcn,McNary,99.3,74.3,20.3,339.6,264.42,75.18,426.2
2023-08-21,10,2023-08-21T09:00,mcn,McNary,119.1,94.1,20.3,339.6,264.72,74.88,537.6
2023-08-21,11,2023-08-21T10:00,mcn,McNary,121.0,96.1,20.3,339.68,264.69,74.99,549.9
2023-08-21,12,2023-08-21T11:00,mcn,McNary,122.3,97.3,20.3,339.66,264.96,74.7,554.6
2023-08-21,13,2023-08-21T12:00,mcn,McNary,139.8,114.8,20.3,339.61,265.35,74.26,650.5
2023-08-21,14,2023-08-21T13:00,mcn,McNary,140.8,115.8,20.3,339.61,265.31,74.3,656.5
2023-08-21,15,2023-08-21T14:00,mcn,McNary,141.2,116.2,20.3,339.6,265.23,74.37,659.4
2023-08-21,16,2023-08-21T15:00,mcn,McNary,140.8,115.9,20.3,339.58,265.28,74.3,657.0
2023-08-21,17,2023-08-21T16:00,mcn,McNary,141.1,116.1,20.3,339.53,265.29,74.24,657.6
2023-08-21,18,2023-08-21T17:00,mcn,McNary,140.5,115.5,20.3,339.5,265.24,74.26,654.4
2023-08-21,19,2023-08-21T18:00,mcn,McNary,140.1,115.2,20.3,339.45,265.28,74.17,651.9
2023-08-21,20,2023-08-21T19:00,mcn,McNary,139.8,114.8,20.3,339.38,265.27,74.11,649.1
2023-08-21,21,2023-08-21T20:00,mcn,McNary,140.5,115.5,20.2,339.28,265.28,74.0,652.1
2023-08-21,22,2023-08-21T21:00,mcn,McNary,139.2,114.4,20.1,339.27,265.09,74.18,647.5
2023-08-21,23,2023-08-21T22:00,mcn,McNary,119.6,94.8,20.1,339.26,264.51,74.75,540.7
2023-08-21,24,2023-08-21T23:00,mcn,McNary,101.3,76.5,20.1,339.21,264.21,75.0,437.8
2023-08-22,1,2023-08-22T00:00,mcn,McNary,100.3,75.6,20.1,339.2,264.29,74.91,432.1
2023-08-22,2,2023-08-22T01:00,mcn,McNary,100.1,75.4,20.1,339.26,264.43,74.83,430.5
2023-08-22,3,2023-08-22T02:00,mcn,McNary,100.2,75.4,20.2,339.34,264.25,75.09,432.0
2023-08-22,4,2023-08-22T03:00,mcn,McNary,101.4,76.6,20.1,339.47,264.52,74.95,438.1
2023-08-22,5,2023-08-22T04:00,mcn,McNary,101.4,76.6,20.1,339.47,264.52,74.95,438.1
2023-08-22,6,2023-08-22T05:00,mcn,McNary,128.3,103.5,20.1,339.45,264.79,74.66,589.6
2023-08-22,7,2023-08-22T06:00,mcn,McNary,128.7,103.9,20.1,339.61,264.85,74.76,592.7
2023-08-22,8,2023-08-22T07:00,mcn,McNary,121.5,96.7,20.1,339.59,264.75,74.84,552.2
2023-08-22,9,2023-08-22T08:00,mcn,McNary,121.0,96.2,20.1,339.52,264.78,74.74,548.6
2023-08-22,10,2023-08-22T09:00,mcn,McNary,121.4,96.6,20.1,339.61,264.73,74.88,551.9
2023-08-22,11,2023-08-22T10:00,mcn,McNary,121.2,96.5,20.1,339.59,264.46,75.13,553.2
2023-08-22,12,2023-08-22T11:00,mcn,McNary,121.2,96.5,20.0,339.66,264.61,75.05,552.6
2023-08-22,13,2023-08-22T12:00,mcn,McNary,121.4,96.7,20.0,339.67,264.63,75.04,553.7
2023-08-22,14,2023-08-22T13:00,mcn,McNary,121.2,96.5,20.0,339.63,264.53,75.1,553.0
2023-08-22,15,2023-08-22T14:00,mcn,McNary,129.9,105.2,20.0,339.61,264.69,74.92,601.4
2023-08-22,16,2023-08-22T15:00,mcn,McNary,131.4,106.4,20.3,339.61,264.79,74.82,607.4
2023-08-22,17,2023-08-22T16:00,mcn,McNary,130.3,105.5,20.1,339.56,264.79,74.77,601.9
2023-08-22,18,2023-08-22T17:00,mcn,McNary,130.3,105.5,20.1,339.46,264.8,74.66,601.0
2023-08-22,19,2023-08-22T18:00,mcn,McNary,130.3,105.5,20.1,339.39,264.82,74.57,600.3
2023-08-22,20,2023-08-22T19:00,mcn,McNary,131.3,106.6,20.0,339.29,264.73,74.56,606.4
2023-08-22,21,2023-08-22T20:00,mcn,McNary,133.3,108.8,19.9,339.12,264.9,74.22,616.1
2023-08-22,22,2023-08-22T21:00,mcn,McNary,131.5,107.0,19.8,339.1,264.6,74.5,608.2
2023-08-22,23,2023-08-22T22:00,mcn,McNary,96.3,71.8,19.8,339.07,263.6,75.47,413.5
2023-08-22,24,2023-08-22T23:00,mcn,McNary,81.9,57.4,19.8,338.97,263.56,75.41,330.3
2023-08-23,1,2023-08-23T00:00,mcn,McNary,80.5,56.1,19.8,338.94,263.62,75.32,322.4
2023-08-23,2,2023-08-23T01:00,mcn,McNary,80.7,56.2,19.8,338.94,263.73,75.21,322.5
2023-08-23,3,2023-08-23T02:00,mcn,McNary,80.9,56.5,19.8,339.01,263.95,75.06,323.6
2023-08-23,4,2023-08-23T03:00,mcn,McNary,81.4,57.0,19.8,339.04,263.93,75.11,326.7
2023-08-23,5,2023-08-23T04:00,mcn,McNary,81.0,56.3,19.9,339.06,263.65,75.41,323.9
2023-08-23,6,2023-08-23T05:00,mcn,McNary,80.4,55.6,20.1,339.09,263.55,75.54,320.5
2023-08-23,7,2023-08-23T06:00,mcn,McNary,81.1,56.3,20.1,339.19,263.64,75.55,324.5
2023-08-23,8,2023-08-23T07:00,mcn,McNary,80.6,55.6,20.3,339.23,263.84,75.39,319.8
2023-08-23,9,2023-08-23T08:00,mcn,McNary,80.8,55.7,20.4,339.25,263.88,75.37,320.3
2023-08-23,10,2023-08-23T09:00,mcn,McNary,79.7,54.6,20.4,339.32,263.78,75.54,314.7
2023-08-23,11,2023-08-23T10:00,mcn,McNary,75.5,50.7,20.1,339.33,263.88,75.45,291.9
2023-08-23,12,2023-08-23T11:00,mcn,McNary,101.8,77.0,20.1,339.28,264.06,75.22,441.9
2023-08-23,13,2023-08-23T12:00,mcn,McNary,121.5,96.8,20.0,339.26,264.64,74.62,551.1
2023-08-23,14,2023-08-23T13:00,mcn,McNary,141.2,116.5,20.0,339.17,265.03,74.14,659.0
2023-08-23,15,2023-08-23T14:00,mcn,McNary,142.8,118.1,19.9,339.11,264.99,74.12,667.9
2023-08-23,16,2023-08-23T15:00,mcn,McNary,142.3,117.7,19.9,339.0,264.95,74.05,665.0
2023-08-23,17,2023-08-23T16:00,mcn,McNary,142.0,117.3,20.0,338.91,264.86,74.05,662.7
2023-08-23,18,2023-08-23T17:00,mcn,McNary,141.6,116.8,20.2,338.82,264.96,73.86,658.2
2023-08-23,19,2023-08-23T18:00,mcn,McNary,148.2,123.3,20.2,338.68,264.94,73.74,693.7
2023-08-23,20,2023-08-23T19:00,mcn,McNary,145.6,120.7,20.2,338.58,265.02,73.56,677.4
2023-08-23,21,2023-08-23T20:00,mcn,McNary,146.7,121.8,20.2,338.5,264.99,73.51,683.2
2023-08-23,22,2023-08-23T21:00,mcn,McNary,144.9,120.0,20.2,338.44,264.88,73.56,673.5
2023-08-23,23,2023-08-23T22:00,mcn,McNary,120.7,95.8,20.2,338.43,264.36,74.07,541.4
2023-08-23,24,2023-08-23T23:00,mcn,McNary,100.5,75.9,19.9,338.39,263.92,74.47,431.3
2023-08-24,1,2023-08-24T00:00,mcn,McNary,82.0,57.4,19.9,338.44,263.72,74.72,327.2
2023-08-24,2,2023-08-24T01:00,mcn,McNary,81.4,56.9,19.8,338.5,263.92,74.58,323.8
2023-08-24,3,2023-08-24T02:00,mcn,McNary,81.5,56.9,19.9,338.58,264.08,74.5,323.4
2023-08-24,4,2023-08-24T03:00,mcn,McNary,81.9,57.4,19.9,338.64,264.01,74.63,326.9
2023-08-24,5,2023-08-24T04:00,mcn,McNary,81.2,56.6,19.9,338.76,263.92,74.84,323.2
2023-08-24,6,2023-08-24T05:00,mcn,McNary,81.3,56.8,19.8,338.86,263.89,74.97,324.9
2023-08-24,7,2023-08-24T06:00,mcn,McNary,98.1,73.6,19.8,338.91,264.35,74.56,418.7
2023-08-24,8,2023-08-24T07:00,mcn,McNary,100.1,75.4,20.1,338.98,264.4,74.58,429.1
2023-08-24,9,2023-08-24T08:00,mcn,McNary,98.7,73.8,20.2,339.07,264.32,74.75,420.9
2023-08-24,10,2023-08-24T09:00,mcn,McNary,99.1,74.1,20.2,339.15,264.23,74.92,423.6
2023-08-24,11,2023-08-24T10:00,mcn,McNary,99.2,74.2,20.3,339.28,264.1,75.18,425.6
2023-08-24,12,2023-08-24T11:00,mcn,McNary,99.4,74.4,20.3,339.19,264.13,75.06,426.1
2023-08-24,13,2023-08-24T12:00,mcn,McNary,119.2,94.3,20.2,339.11,264.54,74.57,536.5
2023-08-24,14,2023-08-24T13:00,mcn,McNary,120.9,96.0,20.2,339.18,264.54,74.64,546.7
2023-08-24,15,2023-08-24T14:00,mcn,McNary,123.3,98.4,20.2,339.1,264.61,74.49,559.3
2023-08-24,16,2023-08-24T15:00,mcn,McNary,145.2,120.3,20.2,338.95,265.07,73.88,678.1
2023-08-24,17,2023-08-24T16:00,mcn,McNary,166.6,141.8,20.1,338.88,265.69,73.19,791.9
2023-08-24,18,2023-08-24T17:00,mcn,McNary,167.9,143.1,20.1,338.87,265.65,73.22,799.5
2023-08-24,19,2023-08-24T18:00,mcn,McNary,168.4,143.6,20.1,338.66,265.69,72.97,799.5
2023-08-24,20,2023-08-24T19:00,mcn,McNary,168.6,143.7,20.1,338.62,265.53,73.09,801.4
2023-08-24,21,2023-08-24T20:00,mcn,McNary,140.5,115.7,20.1,338.66,264.76,73.9,652.4
2023-08-24,22,2023-08-24T21:00,mcn,McNary,140.3,115.4,20.1,338.56,264.94,73.62,648.2
2023-08-24,23,2023-08-24T22:00,mcn,McNary,140.2,115.3,20.1,338.51,264.74,73.77,649.0
2023-08-24,24,2023-08-24T23:00,mcn,McNary,118.4,93.5,20.1,338.56,264.07,74.49,531.4
2023-08-25,1,2023-08-25T00:00,mcn,McNary,87.1,62.3,20.1,338.47,263.51,74.96,356.3
2023-08-25,2,2023-08-25T01:00,mcn,McNary,86.6,61.8,20.1,338.42,263.75,74.67,352.1
2023-08-25,3,2023-08-25T02:00,mcn,McNary,87.0,62.2,20.1,338.6,263.45,75.15,356.7
2023-08-25,4,2023-08-25T03:00,mcn,McNary,86.7,61.8,20.2,338.78,263.91,74.87,353.0
2023-08-25,5,2023-08-25T04:00,mcn,McNary,86.6,61.7,20.1,338.76,263.9,74.86,352.4
2023-08-25,6,2023-08-25T05:00,mcn,McNary,86.6,61.7,20.1,338.69,263.92,74.77,352.0
2023-08-25,7,2023-08-25T06:00,mcn,McNary,117.0,92.1,20.1,338.69,264.39,74.3,522.1
2023-08-25,8,2023-08-25T07:00,mcn,McNary,118.2,93.4,20.1,338.84,264.67,74.17,528.6
2023-08-25,9,2023-08-25T08:00,mcn,McNary,119.7,94.9,20.1,338.95,264.66,74.29,537.9
2023-08-25,10,2023-08-25T09:00,mcn,McNary,119.5,94.6,20.1,338.9,264.66,74.24,535.9
2023-08-25,11,2023-08-25T10:00,mcn,McNary,119.5,94.7,20.1,338.97,264.7,74.27,536.6
2023-08-25,12,2023-08-25T11:00,mcn,McNary,119.6,94.7,20.2,338.96,264.53,74.43,537.8
2023-08-25,13,2023-08-25T12:00,mcn,McNary,119.4,94.5,20.1,339.02,264.61,74.41,536.5
2023-08-25,14,2023-08-25T13:00,mcn,McNary,119.2,94.3,20.2,339.12,264.47,74.65,537.1
2023-08-25,15,2023-08-25T14:00,mcn,McNary,119.2,94.3,20.2,339.17,264.46,74.71,537.5
2023-08-25,16,2023-08-25T15:00,mcn,McNary,119.4,94.5,20.3,339.24,264.47,74.77,539.1
2023-08-25,17,2023-08-25T16:00,mcn,McNary,118.9,93.9,20.3,339.26,264.37,74.89,536.6
2023-08-25,18,2023-08-25T17:00,mcn,McNary,119.1,94.0,20.4,339.38,264.15,75.23,539.6
2023-08-25,19,2023-08-25T18:00,mcn,McNary,123.3,98.3,20.3,339.31,264.32,74.99,562.4
2023-08-25,20,2023-08-25T19:00,mcn,McNary,126.9,102.0,20.2,339.34,264.36,74.98,583.5
2023-08-25,21,2023-08-25T20:00,mcn,McNary,127.0,102.0,20.3,339.42,264.15,75.27,585.8
2023-08-25,22,2023-08-25T21:00,mcn,McNary,127.0,102.4,19.9,339.42,264.16,75.26,588.0
2023-08-25,23,2023-08-25T22:00,mcn,McNary,116.4,91.7,20.0,339.5,263.77,75.73,529.9
2023-08-25,24,2023-08-25T23:00,mcn,McNary,101.8,77.1,19.9,339.52,263.52,76.0,447.1
2023-08-26,1,2023-08-26T00:00,mcn,McNary,101.2,76.6,19.9,339.45,263.5,75.95,443.9
2023-08-26,2,2023-08-26T01:00,mcn,McNary,101.5,76.9,19.9,339.44,263.75,75.69,444.1
2023-08-26,3,2023-08-26T02:00,mcn,McNary,102.2,77.6,19.9,339.49,263.88,75.61,447.7
2023-08-26,4,2023-08-26T03:00,mcn,McNary,100.8,76.1,19.9,339.52,263.91,75.61,439.0
2023-08-26,5,2023-08-26T04:00,mcn,McNary,101.7,77.1,19.9,339.53,263.93,75.6,444.7
2023-08-26,6,2023-08-26T05:00,mcn,McNary,102.0,77.3,19.9,339.58,263.89,75.69,446.4
2023-08-26,7,2023-08-26T06:00,mcn,McNary,119.8,95.1,19.9,339.54,264.26,75.28,546.2
2023-08-26,8,2023-08-26T07:00,mcn,McNary,121.2,96.6,19.9,339.59,264.34,75.25,554.6
2023-08-26,9,2023-08-26T08:00,mcn,McNary,119.4,94.8,19.9,339.59,264.31,75.28,544.5
2023-08-26,10,2023-08-26T09:00,mcn,McNary,120.2,95.6,19.9,339.5,264.31,75.19,548.5
2023-08-26,11,2023-08-26T10:00,mcn,McNary,120.2,95.6,19.9,339.53,264.31,75.22,548.7
2023-08-26,12,2023-08-26T11:00,mcn,McNary,120.8,96.1,19.9,339.46,264.27,75.19,551.3
2023-08-26,13,2023-08-26T12:00,mcn,McNary,121.9,97.2,19.9,339.4,264.35,75.05,556.6
2023-08-26,14,2023-08-26T13:00,mcn,McNary,121.0,96.4,19.9,339.35,264.58,74.77,550.0
2023-08-26,15,2023-08-26T14:00,mcn,McNary,146.2,121.8,19.7,339.21,264.92,74.29,690.4
2023-08-26,16,2023-08-26T15:00,mcn,McNary,149.7,125.3,19.7,339.14,264.95,74.19,709.3
2023-08-26,17,2023-08-26T16:00,mcn,McNary,149.4,125.1,19.6,339.05,264.9,74.15,707.8
2023-08-26,18,2023-08-26T17:00,mcn,McNary,150.4,126.1,19.6,338.95,264.95,74.0,712.0
2023-08-26,19,2023-08-26T18:00,mcn,McNary,151.6,127.3,19.6,338.93,265.0,73.93,718.1
2023-08-26,20,2023-08-26T19:00,mcn,McNary,150.4,126.0,19.7,338.89,265.06,73.83,709.8
2023-08-26,21,2023-08-26T20:00,mcn,McNary,151.7,127.0,20.0,338.78,265.05,73.73,714.5
2023-08-26,22,2023-08-26T21:00,mcn,McNary,152.8,128.1,20.0,338.77,265.23,73.54,718.8
2023-08-26,23,2023-08-26T22:00,mcn,McNary,152.0,127.3,20.0,338.76,264.93,73.83,717.1
2023-08-26,24,2023-08-26T23:00,mcn,McNary,121.7,97.1,20.0,338.83,264.22,74.61,552.8
2023-08-27,1,2023-08-27T00:00,mcn,McNary,90.8,66.1,20.0,338.78,263.72,75.06,378.6
2023-08-27,2,2023-08-27T01:00,mcn,McNary,90.6,65.9,20.0,338.72,263.81,74.91,376.7
2023-08-27,3,2023-08-27T02:00,mcn,McNary,89.6,65.0,20.0,338.92,263.89,75.03,372.1
2023-08-27,4,2023-08-27T03:00,mcn,McNary,90.4,65.8,20.0,339.02,264.05,74.97,376.4
2023-08-27,5,2023-08-27T04:00,mcn,McNary,91.4,66.7,20.0,339.13,264.12,75.01,381.7
2023-08-27,6,2023-08-27T05:00,mcn,McNary,91.2,66.4,20.0,339.18,264.0,75.18,380.9
2023-08-27,7,2023-08-27T06:00,mcn,McNary,104.7,79.9,20.1,339.29,264.25,75.04,457.5
2023-08-27,8,2023-08-27T07:00,mcn,McNary,106.9,82.0,20.2,339.34,264.18,75.16,470.2
2023-08-27,9,2023-08-27T08:00,mcn,McNary,107.2,82.3,20.2,339.43,264.37,75.06,471.3
2023-08-27,10,2023-08-27T09:00,mcn,McNary,121.3,96.5,20.1,339.35,264.76,74.59,549.2
2023-08-27,11,2023-08-27T10:00,mcn,McNary,135.8,111.1,20.0,339.34,265.02,74.32,630.0
2023-08-27,12,2023-08-27T11:00,mcn,McNary,136.5,111.8,20.0,339.35,264.96,74.39,634.6
2023-08-27,13,2023-08-27T12:00,mcn,McNary,137.4,112.5,20.2,339.22,264.8,74.42,638.8
2023-08-27,14,2023-08-27T13:00,mcn,McNary,136.7,111.9,20.1,339.17,264.85,74.32,634.5
2023-08-27,15,2023-08-27T14:00,mcn,McNary,150.4,125.8,20.0,339.01,265.02,73.99,710.2
2023-08-27,16,2023-08-27T15:00,mcn,McNary,151.2,126.5,19.9,338.95,265.1,73.85,712.8
2023-08-27,17,2023-08-27T16:00,mcn,McNary,151.5,126.8,20.0,338.81,265.15,73.66,712.6
2023-08-27,18,2023-08-27T17:00,mcn,McNary,151.5,126.7,20.1,338.72,265.15,73.57,711.2
2023-08-27,19,2023-08-27T18:00,mcn,McNary,150.6,125.8,20.1,338.65,264.94,73.71,707.5
2023-08-27,20,2023-08-27T19:00,mcn,McNary,149.8,125.0,20.2,338.59,264.87,73.72,703.1
2023-08-27,21,2023-08-27T20:00,mcn,McNary,150.3,125.4,20.2,338.54,264.88,73.66,704.8
2023-08-27,22,2023-08-27T21:00,mcn,McNary,130.2,105.3,20.2,338.63,264.1,74.53,598.8
2023-08-27,23,2023-08-27T22:00,mcn,McNary,101.8,77.0,20.2,338.7,263.77,74.93,440.2
2023-08-27,24,2023-08-27T23:00,mcn,McNary,98.8,73.9,20.2,338.68,263.8,74.88,422.2
2023-08-28,1,2023-08-28T00:00,mcn,McNary,97.8,72.9,20.2,338.74,263.83,74.91,416.7
2023-08-28,2,2023-08-28T01:00,mcn,McNary,98.5,73.6,20.2,338.87,264.11,74.76,419.8
2023-08-28,3,2023-08-28T02:00,mcn,McNary,98.7,73.9,20.2,338.95,264.24,74.71,421.3
2023-08-28,4,2023-08-28T03:00,mcn,McNary,98.7,73.8,20.2,339.09,264.14,74.95,422.0
2023-08-28,5,2023-08-28T04:00,mcn,McNary,99.0,74.0,20.2,339.23,263.94,75.29,425.1
2023-08-28,6,2023-08-28T05:00,mcn,McNary,98.2,73.1,20.4,339.28,264.18,75.1,418.9
2023-08-28,7,2023-08-28T06:00,mcn,McNary,117.9,92.8,20.4,339.32,264.63,74.69,528.9
2023-08-28,8,2023-08-28T07:00,mcn,McNary,121.2,96.1,20.5,339.35,264.68,74.67,547.5
2023-08-28,9,2023-08-28T08:00,mcn,McNary,123.6,98.4,20.5,339.36,264.77,74.59,560.0
2023-08-28,10,2023-08-28T09:00,mcn,McNary,136.3,111.2,20.5,339.3,265.0,74.3,630.4
2023-08-28,11,2023-08-28T10:00,mcn,McNary,136.2,111.2,20.4,339.35,264.91,74.44,631.6
2023-08-28,12,2023-08-28T11:00,mcn,McNary,137.9,113.2,20.0,339.32,264.86,74.46,643.1
2023-08-28,13,2023-08-28T12:00,mcn,McNary,136.7,111.9,20.0,339.24,264.92,74.32,634.5
2023-08-28,14,2023-08-28T13:00,mcn,McNary,137.1,112.5,19.9,339.12,265.12,74.0,635.2
2023-08-28,15,2023-08-28T14:00,mcn,McNary,150.9,126.4,19.9,338.98,265.18,73.8,711.8
2023-08-28,16,2023-08-28T15:00,mcn,McNary,150.2,125.7,19.8,338.98,265.33,73.65,706.4
2023-08-28,17,2023-08-28T16:00,mcn,McNary,148.9,124.3,19.9,338.83,265.25,73.58,697.8
2023-08-28,18,2023-08-28T17:00,mcn,McNary,151.1,126.2,20.2,338.68,265.33,73.35,706.3
2023-08-28,19,2023-08-28T18:00,mcn,McNary,151.0,126.1,20.2,338.6,265.25,73.35,705.7
2023-08-28,20,2023-08-28T19:00,mcn,McNary,149.9,125.0,20.2,338.53,265.2,73.33,699.4
2023-08-28,21,2023-08-28T20:00,mcn,McNary,149.9,125.0,20.2,338.54,265.29,73.25,698.6
2023-08-28,22,2023-08-28T21:00,mcn,McNary,122.0,97.2,20.2,338.51,264.27,74.24,550.6
2023-08-28,23,2023-08-28T22:00,mcn,McNary,102.8,77.9,20.2,338.47,264.13,74.34,441.9
2023-08-28,24,2023-08-28T23:00,mcn,McNary,98.6,73.7,20.2,338.45,264.12,74.33,418.0
2023-08-29,1,2023-08-29T00:00,mcn,McNary,99.3,74.4,20.2,338.42,264.23,74.19,421.2
2023-08-29,2,2023-08-29T01:00,mcn,McNary,99.3,74.4,20.2,338.38,264.35,74.03,420.2
2023-08-29,3,2023-08-29T02:00,mcn,McNary,98.9,74.0,20.2,338.5,264.42,74.08,418.3
2023-08-29,4,2023-08-29T03:00,mcn,McNary,98.9,74.0,20.2,338.52,264.25,74.27,419.3
2023-08-29,5,2023-08-29T04:00,mcn,McNary,99.2,74.4,20.2,338.47,264.25,74.22,421.3
2023-08-29,6,2023-08-29T05:00,mcn,McNary,98.7,73.8,20.2,338.53,264.32,74.21,417.9
2023-08-29,7,2023-08-29T06:00,mcn,McNary,117.8,93.0,20.2,338.49,264.95,73.54,521.8
2023-08-29,8,2023-08-29T07:00,mcn,McNary,118.3,93.4,20.2,338.48,265.15,73.33,522.6
2023-08-29,9,2023-08-29T08:00,mcn,McNary,120.1,95.3,20.2,338.47,265.21,73.26,532.7
2023-08-29,10,2023-08-29T09:00,mcn,McNary,119.2,94.4,20.2,338.48,265.13,73.35,528.3
2023-08-29,11,2023-08-29T10:00,mcn,McNary,120.2,95.4,20.2,338.48,265.05,73.43,534.5
2023-08-29,12,2023-08-29T11:00,mcn,McNary,120.6,95.8,20.2,338.5,265.04,73.46,537.0
2023-08-29,13,2023-08-29T12:00,mcn,McNary,120.0,95.2,20.2,338.5,265.22,73.28,532.3
2023-08-29,14,2023-08-29T13:00,mcn,McNary,119.2,94.4,20.2,338.54,265.27,73.27,527.7
2023-08-29,15,2023-08-29T14:00,mcn,McNary,120.1,95.3,20.2,338.51,265.26,73.25,532.6
2023-08-29,16,2023-08-29T15:00,mcn,McNary,121.3,96.4,20.2,338.5,265.34,73.16,538.1
2023-08-29,17,2023-08-29T16:00,mcn,McNary,146.8,121.9,20.2,338.36,265.85,72.51,674.4
2023-08-29,18,2023-08-29T17:00,mcn,McNary,147.9,123.0,20.2,338.23,265.9,72.33,678.8
2023-08-29,19,2023-08-29T18:00,mcn,McNary,147.2,122.3,20.2,338.23,265.83,72.4,675.6
2023-08-29,20,2023-08-29T19:00,mcn,McNary,145.6,120.8,20.2,338.3,265.61,72.69,670.0
2023-08-29,21,2023-08-29T20:00,mcn,McNary,145.9,121.0,20.2,338.16,265.55,72.61,670.4
2023-08-29,22,2023-08-29T21:00,mcn,McNary,145.7,120.9,20.2,338.17,265.25,72.92,672.7
2023-08-29,23,2023-08-29T22:00,mcn,McNary,112.9,88.0,20.2,338.38,264.52,73.86,495.9
2023-08-29,24,2023-08-29T23:00,mcn,McNary,102.6,77.7,20.2,338.32,264.37,73.95,438.4
2023-08-30,1,2023-08-30T00:00,mcn,McNary,101.9,77.0,20.2,338.29,264.45,73.84,433.8
2023-08-30,2,2023-08-30T01:00,mcn,McNary,101.9,77.0,20.2,338.32,264.55,73.77,433.4
2023-08-30,3,2023-08-30T02:00,mcn,McNary,102.1,77.2,20.2,338.36,264.69,73.67,433.9
2023-08-30,4,2023-08-30T03:00,mcn,McNary,101.8,76.9,20.2,338.4,264.77,73.63,432.0
2023-08-30,5,2023-08-30T04:00,mcn,McNary,102.6,77.7,20.2,338.48,264.68,73.8,437.5
2023-08-30,6,2023-08-30T05:00,mcn,McNary,101.6,76.7,20.2,338.55,264.35,74.2,434.2
2023-08-30,7,2023-08-30T06:00,mcn,McNary,110.0,85.2,20.2,338.52,264.66,73.86,480.1
2023-08-30,8,2023-08-30T07:00,mcn,McNary,110.7,86.1,19.9,338.53,264.66,73.87,485.3
2023-08-30,9,2023-08-30T08:00,mcn,McNary,111.5,86.7,20.2,338.47,264.74,73.73,487.7
2023-08-30,10,2023-08-30T09:00,mcn,McNary,112.7,87.8,20.2,338.48,264.87,73.61,493.1
2023-08-30,11,2023-08-30T10:00,mcn,McNary,112.9,88.2,20.1,338.56,264.77,73.79,496.6
2023-08-30,12,2023-08-30T11:00,mcn,McNary,111.9,86.9,20.3,338.61,264.58,74.03,490.9
2023-08-30,13,2023-08-30T12:00,mcn,McNary,112.1,87.1,20.3,338.56,264.61,73.95,491.5
2023-08-30,14,2023-08-30T13:00,mcn,McNary,111.4,86.3,20.3,338.53,264.49,74.04,487.5
2023-08-30,15,2023-08-30T14:00,mcn,McNary,111.4,86.6,20.1,338.57,264.65,73.92,488.4
2023-08-30,16,2023-08-30T15:00,mcn,McNary,120.6,95.9,20.1,338.54,264.96,73.58,538.4
2023-08-30,17,2023-08-30T16:00,mcn,McNary,139.1,114.3,20.1,338.47,265.2,73.27,639.0
2023-08-30,18,2023-08-30T17:00,mcn,McNary,141.1,116.3,20.1,338.48,265.08,73.4,651.3
2023-08-30,19,2023-08-30T18:00,mcn,McNary,140.4,115.6,20.1,338.49,264.97,73.52,648.5
2023-08-30,20,2023-08-30T19:00,mcn,McNary,149.8,125.0,20.1,338.38,265.25,73.13,697.5
2023-08-30,21,2023-08-30T20:00,mcn,McNary,150.6,125.9,20.1,338.45,265.1,73.35,704.6
2023-08-30,22,2023-08-30T21:00,mcn,McNary,149.6,124.9,20.1,338.37,264.98,73.39,699.4
2023-08-30,23,2023-08-30T22:00,mcn,McNary,131.8,107.1,20.1,338.31,264.58,73.73,602.5
2023-08-30,24,2023-08-30T23:00,mcn,McNary,120.9,96.1,20.1,338.4,264.01,74.39,545.5
2023-08-31,1,2023-08-31T00:00,mcn,McNary,100.7,75.9,20.1,338.36,263.92,74.44,431.1
2023-08-31,2,2023-08-31T01:00,mcn,McNary,100.2,75.4,20.0,338.37,263.92,74.45,428.3
2023-08-31,3,2023-08-31T02:00,mcn,McNary,100.2,75.5,20.1,338.46,264.24,74.22,427.6
2023-08-31,4,2023-08-31T03:00,mcn,McNary,100.8,76.0,20.1,338.51,264.29,74.22,430.4
2023-08-31,5,2023-08-31T04:00,mcn,McNary,101.5,76.7,20.1,338.54,263.99,74.55,436.3
2023-08-31,6,2023-08-31T05:00,mcn,McNary,101.2,76.4,20.1,338.56,264.26,74.3,433.1
2023-08-31,7,2023-08-31T06:00,mcn,McNary,119.2,94.4,20.1,338.55,264.51,74.04,533.3
2023-08-31,8,2023-08-31T07:00,mcn,McNary,121.3,96.5,20.1,338.58,264.63,73.95,544.5
2023-08-31,9,2023-08-31T08:00,mcn,McNary,120.3,95.5,20.1,338.59,264.55,74.04,539.5
2023-08-31,10,2023-08-31T09:00,mcn,McNary,120.0,95.2,20.1,338.61,264.51,74.1,538.2
2023-08-31,11,2023-08-31T10:00,mcn,McNary,120.4,95.6,20.1,338.62,264.44,74.18,541.1
2023-08-31,12,2023-08-31T11:00,mcn,McNary,131.7,106.9,20.1,338.6,264.67,73.93,603.0
2023-08-31,13,2023-08-31T12:00,mcn,McNary,130.2,105.4,20.1,338.63,264.71,73.92,594.5
2023-08-31,14,2023-08-31T13:00,mcn,McNary,131.8,107.1,20.1,338.72,264.75,73.97,604.5
2023-08-31,15,2023-08-31T14:00,mcn,McNary,132.6,107.8,20.1,338.82,264.68,74.14,609.8
2023-08-31,16,2023-08-31T15:00,mcn,McNary,133.1,108.2,20.3,338.8,265.07,73.73,608.7
2023-08-31,17,2023-08-31T16:00,mcn,McNary,152.1,126.8,20.6,338.82,265.55,73.27,708.9
2023-08-31,18,2023-08-31T17:00,mcn,McNary,153.6,128.6,20.3,338.81,265.43,73.38,720.0
2023-08-31,19,2023-08-31T18:00,mcn,McNary,152.6,127.7,20.3,338.82,265.43,73.39,715.1
2023-08-31,20,2023-08-31T19:00,mcn,McNary,154.2,129.2,20.3,338.79,265.47,73.32,722.8
2023-08-31,21,2023-08-31T20:00,mcn,McNary,153.1,128.1,20.3,338.79,265.34,73.45,717.9
2023-08-31,22,2023-08-31T21:00,mcn,McNary,151.5,126.6,20.3,338.87,265.06,73.81,713.0
2023-08-31,23,2023-08-31T22:00,mcn,McNary,124.7,99.7,20.3,339.07,264.27,74.8,569.0
2023-08-31,24,2023-08-31T23:00,mcn,McNary,103.3,79.9,18.7,339.18,263.73,75.45,460.0
2023-09-01,1,2023-09-01T00:00,mcn,McNary,85.3,80.6,0.0,339.26,263.76,75.5,464.3
2023-09-01,2,2023-09-01T01:00,mcn,McNary,86.8,82.1,0.0,339.33,264.03,75.3,471.7
2023-09-01,3,2023-09-01T02:00,mcn,McNary,104.3,99.6,0.0,339.34,264.61,74.73,567.9
2023-09-01,4,2023-09-01T03:00,mcn,McNary,106.4,101.7,0.0,339.49,264.73,74.76,580.1
2023-09-01,5,2023-09-01T04:00,mcn,McNary,106.8,101.4,0.7,339.46,264.83,74.63,577.4
2023-09-01,6,2023-09-01T05:00,mcn,McNary,119.2,104.2,10.2,339.48,264.81,74.67,593.7
2023-09-01,7,2023-09-01T06:00,mcn,McNary,117.8,102.8,10.2,339.52,264.81,74.71,586.0
2023-09-01,8,2023-09-01T07:00,mcn,McNary,117.8,102.7,10.3,339.53,265.13,74.4,583.0
2023-09-01,9,2023-09-01T08:00,mcn,McNary,150.9,136.0,10.2,339.39,266.08,73.31,760.7
2023-09-01,10,2023-09-01T09:00,mcn,McNary,154.5,148.5,1.4,339.42,265.99,73.43,832.0
2023-09-01,11,2023-09-01T10:00,mcn,McNary,152.6,147.9,0.0,339.22,265.89,73.33,827.5
2023-09-01,12,2023-09-01T11:00,mcn,McNary,152.2,147.5,0.0,339.21,265.9,73.31,825.0
2023-09-01,13,2023-09-01T12:00,mcn,McNary,154.2,149.5,0.0,339.07,265.92,73.15,834.4
2023-09-01,14,2023-09-01T13:00,mcn,McNary,153.0,148.3,0.0,338.96,265.93,73.03,826.4
2023-09-01,15,2023-09-01T14:00,mcn,McNary,153.7,149.0,0.0,338.94,266.11,72.83,828.0
2023-09-01,16,2023-09-01T15:00,mcn,McNary,155.3,150.6,0.0,338.89,266.02,72.87,837.3
2023-09-01,17,2023-09-01T16:00,mcn,McNary,128.5,123.8,0.0,338.89,265.37,73.52,694.5
2023-09-01,18,2023-09-01T17:00,mcn,McNary,101.6,96.9,0.0,338.85,264.78,74.07,547.6
2023-09-01,19,2023-09-01T18:00,mcn,McNary,99.7,95.0,0.0,338.79,264.93,73.86,535.4
2023-09-01,20,2023-09-01T19:00,mcn,McNary,117.0,112.3,0.0,338.82,265.35,73.47,629.5
2023-09-01,21,2023-09-01T20:00,mcn,McNary,119.8,115.1,0.0,338.87,265.35,73.52,645.7
2023-09-01,22,2023-09-01T21:00,mcn,McNary,103.3,98.6,0.0,338.94,265.06,73.88,555.8
2023-09-01,23,2023-09-01T22:00,mcn,McNary,101.3,96.6,0.0,338.83,264.93,73.9,544.7
2023-09-01,24,2023-09-01T23:00,mcn,McNary,91.5,86.8,0.0,338.93,264.65,74.28,491.9
2023-09-02,1,2023-09-02T00:00,mcn,McNary,71.8,67.1,0.0,339.03,264.48,74.55,381.7
2023-09-02,2,2023-09-02T01:00,mcn,McNary,69.9,65.2,0.0,338.89,264.7,74.19,369.1
2023-09-02,3,2023-09-02T02:00,mcn,McNary,71.2,66.5,0.0,339.0,264.77,74.23,376.6
2023-09-02,4,2023-09-02T03:00,mcn,McNary,71.2,66.5,0.0,339.13,264.75,74.38,377.4
2023-09-02,5,2023-09-02T04:00,mcn,McNary,70.7,66.0,0.0,339.23,264.78,74.45,374.9
2023-09-02,6,2023-09-02T05:00,mcn,McNary,71.1,66.4,0.0,339.29,264.81,74.48,377.3
2023-09-02,7,2023-09-02T06:00,mcn,McNary,106.6,101.9,0.0,339.27,265.45,73.82,573.9
2023-09-02,8,2023-09-02T07:00,mcn,McNary,110.2,105.5,0.0,339.33,265.39,73.94,595.2
2023-09-02,9,2023-09-02T08:00,mcn,McNary,108.6,103.9,0.0,339.46,265.47,73.99,586.6
2023-09-02,10,2023-09-02T09:00,mcn,McNary,106.9,102.2,0.0,339.38,265.45,73.93,576.5
2023-09-02,11,2023-09-02T10:00,mcn,McNary,116.6,111.9,0.0,339.34,265.63,73.71,629.3
2023-09-02,12,2023-09-02T11:00,mcn,McNary,118.4,113.7,0.0,339.39,265.49,73.9,641.1
2023-09-02,13,2023-09-02T12:00,mcn,McNary,120.8,116.1,0.0,339.33,265.74,73.59,651.9
2023-09-02,14,2023-09-02T13:00,mcn,McNary,121.0,116.3,0.0,339.26,265.71,73.55,652.7
2023-09-02,15,2023-09-02T14:00,mcn,McNary,120.9,116.2,0.0,339.24,265.69,73.55,652.1
2023-09-02,16,2023-09-02T15:00,mcn,McNary,122.1,117.4,0.0,339.34,265.64,73.7,660.2
2023-09-02,17,2023-09-02T16:00,mcn,McNary,118.8,114.1,0.0,339.31,265.55,73.76,642.1
2023-09-02,18,2023-09-02T17:00,mcn,McNary,118.1,113.4,0.0,339.26,265.64,73.62,637.0
2023-09-02,19,2023-09-02T18:00,mcn,McNary,120.1,115.4,0.0,339.27,265.66,73.61,648.1
2023-09-02,20,2023-09-02T19:00,mcn,McNary,119.7,115.0,0.0,339.22,265.66,73.56,645.5
2023-09-02,21,2023-09-02T20:00,mcn,McNary,121.4,116.7,0.0,339.19,265.68,73.51,654.5
2023-09-02,22,2023-09-02T21:00,mcn,McNary,109.7,105.0,0.0,339.28,265.31,73.97,592.6
2023-09-02,23,2023-09-02T22:00,mcn,McNary,81.9,77.2,0.0,339.29,264.98,74.31,437.7
2023-09-02,24,2023-09-02T23:00,mcn,McNary,80.1,75.4,0.0,339.15,265.02,74.13,426.5
2023-09-03,1,2023-09-03T00:00,mcn,McNary,80.1,75.4,0.0,339.07,265.15,73.92,425.3
2023-09-03,2,2023-09-03T01:00,mcn,McNary,80.5,75.8,0.0,339.17,265.35,73.82,426.9
2023-09-03,3,2023-09-03T02:00,mcn,McNary,80.4,75.7,0.0,339.12,265.38,73.74,425.9
2023-09-03,4,2023-09-03T03:00,mcn,McNary,80.3,75.6,0.0,339.17,265.39,73.78,425.6
2023-09-03,5,2023-09-03T04:00,mcn,McNary,81.7,75.9,1.1,339.22,265.27,73.95,428.3
2023-09-03,6,2023-09-03T05:00,mcn,McNary,90.3,75.7,9.9,339.17,265.33,73.84,426.5
2023-09-03,7,2023-09-03T06:00,mcn,McNary,90.1,75.5,9.9,339.14,265.5,73.64,424.2
2023-09-03,8,2023-09-03T07:00,mcn,McNary,90.5,75.8,10.0,339.23,265.5,73.73,426.4
2023-09-03,9,2023-09-03T08:00,mcn,McNary,90.5,75.9,9.9,339.14,265.73,73.41,425.1
2023-09-03,10,2023-09-03T09:00,mcn,McNary,90.4,84.7,1.0,339.13,265.6,73.53,475.2
2023-09-03,11,2023-09-03T10:00,mcn,McNary,89.7,85.0,0.0,339.1,265.49,73.61,477.4
2023-09-03,12,2023-09-03T11:00,mcn,McNary,89.1,84.4,0.0,338.97,265.49,73.48,473.2
2023-09-03,13,2023-09-03T12:00,mcn,McNary,86.8,82.1,0.0,338.94,265.66,73.28,459.0
2023-09-03,14,2023-09-03T13:00,mcn,McNary,90.3,85.6,0.0,338.86,265.69,73.17,477.9
2023-09-03,15,2023-09-03T14:00,mcn,McNary,90.8,86.1,0.0,338.92,265.59,73.33,481.7
2023-09-03,16,2023-09-03T15:00,mcn,McNary,90.5,85.8,0.0,338.82,265.55,73.27,479.7
2023-09-03,17,2023-09-03T16:00,mcn,McNary,91.0,86.3,0.0,338.82,265.51,73.31,482.7
2023-09-03,18,2023-09-03T17:00,mcn,McNary,92.5,87.8,0.0,338.82,265.63,73.19,490.3
2023-09-03,19,2023-09-03T18:00,mcn,McNary,93.9,89.2,0.0,338.63,265.67,72.96,496.6
2023-09-03,20,2023-09-03T19:00,mcn,McNary,92.2,87.5,0.0,338.59,265.68,72.91,486.8
2023-09-03,21,2023-09-03T20:00,mcn,McNary,73.5,68.8,0.0,338.71,265.19,73.52,385.9
2023-09-03,22,2023-09-03T21:00,mcn,McNary,72.4,67.7,0.0,338.64,265.35,73.29,378.6
2023-09-03,23,2023-09-03T22:00,mcn,McNary,72.5,67.8,0.0,338.64,265.34,73.3,379.2
2023-09-03,24,2023-09-03T23:00,mcn,McNary,72.5,67.8,0.0,338.57,265.3,73.27,379.0
2023-09-04,1,2023-09-04T00:00,mcn,McNary,72.5,67.8,0.0,338.63,265.18,73.45,380.0
2023-09-04,2,2023-09-04T01:00,mcn,McNary,72.4,67.7,0.0,338.59,265.02,73.57,380.0
2023-09-04,3,2023-09-04T02:00,mcn,McNary,72.1,67.4,0.0,338.51,265.02,73.49,377.9
2023-09-04,4,2023-09-04T03:00,mcn,McNary,72.2,67.5,0.0,338.58,265.06,73.52,378.6
2023-09-04,5,2023-09-04T04:00,mcn,McNary,72.3,67.6,0.0,338.51,265.21,73.3,378.1
2023-09-04,6,2023-09-04T05:00,mcn,McNary,72.9,68.2,0.0,338.45,265.35,73.1,380.4
2023-09-04,7,2023-09-04T06:00,mcn,McNary,72.9,68.2,0.0,338.43,265.2,73.23,381.1
2023-09-04,8,2023-09-04T07:00,mcn,McNary,71.7,67.0,0.0,338.44,265.34,73.1,373.7
2023-09-04,9,2023-09-04T08:00,mcn,McNary,71.4,66.7,0.0,338.38,265.15,73.23,372.7
2023-09-04,10,2023-09-04T09:00,mcn,McNary,71.6,66.9,0.0,338.39,265.15,73.24,373.9
2023-09-04,11,2023-09-04T10:00,mcn,McNary,70.0,65.3,0.0,338.43,265.36,73.07,364.1
2023-09-04,12,2023-09-04T11:00,mcn,McNary,69.1,64.4,0.0,338.4,265.5,72.9,358.2
2023-09-04,13,2023-09-04T12:00,mcn,McNary,70.2,65.5,0.0,338.51,265.13,73.38,366.7
2023-09-04,14,2023-09-04T13:00,mcn,McNary,88.0,83.3,0.0,338.38,265.33,73.05,464.3
2023-09-04,15,2023-09-04T14:00,mcn,McNary,91.5,86.8,0.0,338.54,265.25,73.29,485.4
2023-09-04,16,2023-09-04T15:00,mcn,McNary,91.3,86.6,0.0,338.62,265.14,73.48,485.5
2023-09-04,17,2023-09-04T16:00,mcn,McNary,92.3,87.6,0.0,338.57,265.3,73.27,489.7
2023-09-04,18,2023-09-04T17:00,mcn,McNary,91.5,86.8,0.0,338.61,265.24,73.37,485.9
2023-09-04,19,2023-09-04T18:00,mcn,McNary,90.6,85.9,0.0,338.64,265.23,73.41,481.1
2023-09-04,20,2023-09-04T19:00,mcn,McNary,91.1,86.4,0.0,338.66,265.24,73.42,484.0
2023-09-04,21,2023-09-04T20:00,mcn,McNary,90.6,85.9,0.0,338.75,264.96,73.79,483.6
2023-09-04,22,2023-09-04T21:00,mcn,McNary,72.3,67.6,0.0,338.73,264.72,74.01,381.7
2023-09-04,23,2023-09-04T22:00,mcn,McNary,71.1,66.4,0.0,338.75,264.91,73.84,374.1
2023-09-04,24,2023-09-04T23:00,mcn,McNary,70.7,66.0,0.0,338.87,264.84,74.03,372.8
2023-09-05,1,2023-09-05T00:00,mcn,McNary,72.0,67.3,0.0,338.82,264.98,73.84,379.2
2023-09-05,2,2023-09-05T01:00,mcn,McNary,68.0,63.3,0.0,338.85,264.88,73.97,357.3
2023-09-05,3,2023-09-05T02:00,mcn,McNary,67.6,62.9,0.0,338.9,264.86,74.04,355.3
2023-09-05,4,2023-09-05T03:00,mcn,McNary,69.0,64.3,0.0,339.01,264.81,74.2,364.0
2023-09-05,5,2023-09-05T04:00,mcn,McNary,70.6,65.9,0.0,339.07,264.88,74.19,373.0
2023-09-05,6,2023-09-05T05:00,mcn,McNary,70.5,65.8,0.0,339.12,264.93,74.19,372.5
2023-09-05,7,2023-09-05T06:00,mcn,McNary,75.0,70.3,0.0,339.08,265.0,74.08,397.4
2023-09-05,8,2023-09-05T07:00,mcn,McNary,76.5,71.8,0.0,339.18,264.86,74.32,407.2
2023-09-05,9,2023-09-05T08:00,mcn,McNary,75.4,70.7,0.0,339.13,264.83,74.3,400.8
2023-09-05,10,2023-09-05T09:00,mcn,McNary,89.4,84.7,0.0,339.18,265.21,73.97,478.0
2023-09-05,11,2023-09-05T10:00,mcn,McNary,91.6,86.9,0.0,339.13,265.33,73.8,489.3
2023-09-05,12,2023-09-05T11:00,mcn,McNary,91.3,86.6,0.0,339.1,265.15,73.95,488.6
2023-09-05,13,2023-09-05T12:00,mcn,McNary,92.7,88.0,0.0,339.07,265.36,73.71,494.9
2023-09-05,14,2023-09-05T13:00,mcn,McNary,91.8,87.1,0.0,339.06,265.09,73.97,491.6
2023-09-05,15,2023-09-05T14:00,mcn,McNary,91.6,86.9,0.0,339.07,264.99,74.08,491.2
2023-09-05,16,2023-09-05T15:00,mcn,McNary,92.1,87.4,0.0,339.07,265.07,74.0,493.5
2023-09-05,17,2023-09-05T16:00,mcn,McNary,92.1,87.4,0.0,338.97,265.0,73.97,493.3
2023-09-05,18,2023-09-05T17:00,mcn,McNary,105.9,101.2,0.0,338.98,265.42,73.56,568.0
2023-09-05,19,2023-09-05T18:00,mcn,McNary,106.6,101.9,0.0,339.06,265.35,73.71,573.1
2023-09-05,20,2023-09-05T19:00,mcn,McNary,105.1,100.4,0.0,339.07,265.24,73.83,565.6
2023-09-05,21,2023-09-05T20:00,mcn,McNary,104.1,99.4,0.0,339.05,265.16,73.89,560.4
2023-09-05,22,2023-09-05T21:00,mcn,McNary,89.8,85.1,0.0,339.06,264.92,74.14,481.4
2023-09-05,23,2023-09-05T22:00,mcn,McNary,90.3,85.6,0.0,339.0,265.04,73.96,483.1
2023-09-05,24,2023-09-05T23:00,mcn,McNary,71.9,67.2,0.0,339.09,264.82,74.27,380.8
2023-09-06,1,2023-09-06T00:00,mcn,McNary,71.1,66.4,0.0,339.1,264.94,74.16,375.7
2023-09-06,2,2023-09-06T01:00,mcn,McNary,71.7,67.0,0.0,339.13,264.9,74.23,379.5
2023-09-06,3,2023-09-06T02:00,mcn,McNary,71.0,66.3,0.0,339.2,264.91,74.29,375.8
2023-09-06,4,2023-09-06T03:00,mcn,McNary,70.2,65.5,0.0,339.3,264.93,74.37,371.7
2023-09-06,5,2023-09-06T04:00,mcn,McNary,70.8,65.4,0.6,339.27,265.03,74.24,370.5
2023-09-06,6,2023-09-06T05:00,mcn,McNary,88.5,73.7,10.0,339.29,265.11,74.18,417.1
2023-09-06,7,2023-09-06T06:00,mcn,McNary,90.7,76.2,10.1,339.36,265.2,74.16,431.2
2023-09-06,8,2023-09-06T07:00,mcn,McNary,91.1,76.6,10.2,339.35,265.3,74.05,432.8
2023-09-06,9,2023-09-06T08:00,mcn,McNary,97.6,83.1,10.1,339.33,265.36,73.97,469.0
2023-09-06,10,2023-09-06T09:00,mcn,McNary,90.3,84.2,1.7,339.43,265.13,74.3,477.3
2023-09-06,11,2023-09-06T10:00,mcn,McNary,88.6,84.2,0.0,339.43,265.08,74.35,477.7
2023-09-06,12,2023-09-06T11:00,mcn,McNary,80.2,75.5,0.0,339.39,265.09,74.3,428.0
2023-09-06,13,2023-09-06T12:00,mcn,McNary,90.2,85.5,0.0,339.42,265.25,74.17,483.9
2023-09-06,14,2023-09-06T13:00,mcn,McNary,83.8,79.1,0.0,339.41,265.04,74.37,448.8
2023-09-06,15,2023-09-06T14:00,mcn,McNary,84.3,79.6,0.0,339.31,265.24,74.07,449.9
2023-09-06,16,2023-09-06T15:00,mcn,McNary,104.5,99.8,0.0,339.26,265.56,73.7,561.2
2023-09-06,17,2023-09-06T16:00,mcn,McNary,108.7,104.0,0.0,339.37,265.7,73.67,584.6
2023-09-06,18,2023-09-06T17:00,mcn,McNary,108.0,103.3,0.0,339.28,265.88,73.4,578.5
2023-09-06,19,2023-09-06T18:00,mcn,McNary,110.5,105.8,0.0,339.28,265.81,73.47,593.1
2023-09-06,20,2023-09-06T19:00,mcn,McNary,111.1,106.4,0.0,339.19,265.65,73.54,597.0
2023-09-06,21,2023-09-06T20:00,mcn,McNary,110.2,105.5,0.0,339.17,265.45,73.72,593.4
2023-09-06,22,2023-09-06T21:00,mcn,McNary,90.1,85.4,0.0,339.14,264.98,74.16,483.2
2023-09-06,23,2023-09-06T22:00,mcn,McNary,71.6,66.9,0.0,339.23,264.97,74.26,379.1
2023-09-06,24,2023-09-06T23:00,mcn,McNary,67.8,63.1,0.0,339.16,265.02,74.14,356.9
2023-09-07,1,2023-09-07T00:00,mcn,McNary,65.6,60.9,0.0,339.16,265.15,74.01,343.9
2023-09-07,2,2023-09-07T01:00,mcn,McNary,65.7,61.0,0.0,339.11,265.13,73.98,344.3
2023-09-07,3,2023-09-07T02:00,mcn,McNary,65.8,61.1,0.0,339.11,265.04,74.07,345.3
2023-09-07,4,2023-09-07T03:00,mcn,McNary,65.2,60.5,0.0,339.09,264.99,74.1,342.1
2023-09-07,5,2023-09-07T04:00,mcn,McNary,65.6,60.9,0.0,339.12,265.01,74.11,344.4
2023-09-07,6,2023-09-07T05:00,mcn,McNary,65.4,60.7,0.0,339.03,265.07,73.96,342.5
2023-09-07,7,2023-09-07T06:00,mcn,McNary,65.1,60.4,0.0,338.98,265.08,73.9,340.6
2023-09-07,8,2023-09-07T07:00,mcn,McNary,53.8,49.1,0.0,339.16,265.04,74.12,277.7
2023-09-07,9,2023-09-07T08:00,mcn,McNary,65.2,60.5,0.0,339.11,265.05,74.06,341.9
2023-09-07,10,2023-09-07T09:00,mcn,McNary,66.0,61.3,0.0,339.14,264.92,74.22,347.1
2023-09-07,11,2023-09-07T10:00,mcn,McNary,64.6,59.9,0.0,339.1,264.87,74.23,339.3
2023-09-07,12,2023-09-07T11:00,mcn,McNary,65.2,60.5,0.0,339.1,265.02,74.08,342.0
2023-09-07,13,2023-09-07T12:00,mcn,McNary,66.1,61.4,0.0,339.08,264.9,74.18,347.5
2023-09-07,14,2023-09-07T13:00,mcn,McNary,68.8,64.1,0.0,339.04,264.97,74.07,362.3
2023-09-07,15,2023-09-07T14:00,mcn,McNary,81.0,76.3,0.0,339.04,265.01,74.03,431.0
2023-09-07,16,2023-09-07T15:00,mcn,McNary,81.2,76.5,0.0,339.04,264.94,74.1,432.5
2023-09-07,17,2023-09-07T16:00,mcn,McNary,81.6,76.9,0.0,339.05,264.95,74.1,434.8
2023-09-07,18,2023-09-07T17:00,mcn,McNary,80.1,75.4,0.0,339.13,264.87,74.26,427.2
2023-09-07,19,2023-09-07T18:00,mcn,McNary,78.7,74.0,0.0,339.18,264.9,74.28,419.4
2023-09-07,20,2023-09-07T19:00,mcn,McNary,79.8,75.1,0.0,339.16,264.92,74.24,425.4
2023-09-07,21,2023-09-07T20:00,mcn,McNary,78.0,73.3,0.0,339.27,264.94,74.33,415.7
2023-09-07,22,2023-09-07T21:00,mcn,McNary,77.4,72.7,0.0,339.33,264.96,74.37,412.5
2023-09-07,23,2023-09-07T22:00,mcn,McNary,63.3,58.6,0.0,339.47,264.74,74.73,334.1
2023-09-07,24,2023-09-07T23:00,mcn,McNary,66.8,62.1,0.0,339.43,264.86,74.57,353.3
2023-09-08,1,2023-09-08T00:00,mcn,McNary,66.3,61.6,0.0,339.42,264.85,74.57,350.5
2023-09-08,2,2023-09-08T01:00,mcn,McNary,70.7,66.0,0.0,339.44,265.05,74.39,374.6
2023-09-08,3,2023-09-08T02:00,mcn,McNary,71.3,66.6,0.0,339.52,265.09,74.43,378.2
2023-09-08,4,2023-09-08T03:00,mcn,McNary,71.2,66.5,0.0,339.53,265.08,74.45,377.8
2023-09-08,5,2023-09-08T04:00,mcn,McNary,80.8,76.0,0.1,339.5,265.15,74.35,431.1
2023-09-08,6,2023-09-08T05:00,mcn,McNary,91.9,77.1,10.1,339.52,265.1,74.42,437.8
2023-09-08,7,2023-09-08T06:00,mcn,McNary,91.9,76.9,10.3,339.61,265.11,74.5,437.1
2023-09-08,8,2023-09-08T07:00,mcn,McNary,98.8,83.8,10.4,339.55,265.4,74.15,474.1
2023-09-08,9,2023-09-08T08:00,mcn,McNary,100.2,85.2,10.3,339.61,265.44,74.17,482.2
2023-09-08,10,2023-09-08T09:00,mcn,McNary,89.3,84.4,0.2,339.65,265.28,74.37,478.9
2023-09-08,11,2023-09-08T10:00,mcn,McNary,90.1,85.4,0.0,339.59,265.42,74.17,483.3
2023-09-08,12,2023-09-08T11:00,mcn,McNary,91.5,86.8,0.0,339.59,265.41,74.18,491.3
2023-09-08,13,2023-09-08T12:00,mcn,McNary,92.0,87.3,0.0,339.55,265.3,74.25,494.6
2023-09-08,14,2023-09-08T13:00,mcn,McNary,90.7,86.0,0.0,339.48,265.51,73.97,485.4
2023-09-08,15,2023-09-08T14:00,mcn,McNary,106.8,102.1,0.0,339.36,265.73,73.63,573.6
2023-09-08,16,2023-09-08T15:00,mcn,McNary,111.5,106.8,0.0,339.32,265.69,73.63,600.0
2023-09-08,17,2023-09-08T16:00,mcn,McNary,109.6,104.9,0.0,339.32,265.67,73.65,589.5
2023-09-08,18,2023-09-08T17:00,mcn,McNary,112.5,107.8,0.0,339.29,265.67,73.62,605.5
2023-09-08,19,2023-09-08T18:00,mcn,McNary,109.5,104.8,0.0,339.32,265.61,73.71,589.4
2023-09-08,20,2023-09-08T19:00,mcn,McNary,110.6,105.9,0.0,339.21,265.68,73.53,594.1
2023-09-08,21,2023-09-08T20:00,mcn,McNary,109.9,105.2,0.0,339.23,265.75,73.48,589.8
2023-09-08,22,2023-09-08T21:00,mcn,McNary,100.6,95.9,0.0,339.2,265.64,73.56,538.3
2023-09-08,23,2023-09-08T22:00,mcn,McNary,99.4,94.7,0.0,339.23,265.47,73.76,533.0
2023-09-08,24,2023-09-08T23:00,mcn,McNary,81.7,77.0,0.0,339.21,265.38,73.83,433.8
2023-09-09,1,2023-09-09T00:00,mcn,McNary,79.7,75.0,0.0,339.17,265.34,73.83,422.5
2023-09-09,2,2023-09-09T01:00,mcn,McNary,81.2,76.5,0.0,339.11,265.61,73.5,429.0
2023-09-09,3,2023-09-09T02:00,mcn,McNary,80.3,75.6,0.0,339.19,265.64,73.55,424.3
2023-09-09,4,2023-09-09T03:00,mcn,McNary,80.6,75.9,0.0,339.28,265.61,73.67,426.6
2023-09-09,5,2023-09-09T04:00,mcn,McNary,80.6,75.9,0.0,339.34,265.58,73.76,427.2
2023-09-09,6,2023-09-09T05:00,mcn,McNary,80.2,75.5,0.0,339.4,265.44,73.96,426.1
2023-09-09,7,2023-09-09T06:00,mcn,McNary,71.5,66.8,0.0,339.51,265.4,74.11,377.7
2023-09-09,8,2023-09-09T07:00,mcn,McNary,70.4,65.7,0.0,339.51,265.55,73.96,370.8
2023-09-09,9,2023-09-09T08:00,mcn,McNary,70.6,65.9,0.0,339.57,265.52,74.05,372.3
2023-09-09,10,2023-09-09T09:00,mcn,McNary,70.6,65.9,0.0,339.64,265.46,74.18,373.0
2023-09-09,11,2023-09-09T10:00,mcn,McNary,71.4,66.7,0.0,339.58,265.65,73.93,376.2
2023-09-09,12,2023-09-09T11:00,mcn,McNary,88.8,84.1,0.0,339.54,265.71,73.83,473.8
2023-09-09,13,2023-09-09T12:00,mcn,McNary,89.3,84.6,0.0,339.52,265.62,73.9,477.0
2023-09-09,14,2023-09-09T13:00,mcn,McNary,90.6,85.9,0.0,339.48,265.7,73.78,483.6
2023-09-09,15,2023-09-09T14:00,mcn,McNary,90.5,85.8,0.0,339.41,265.69,73.72,482.6
2023-09-09,16,2023-09-09T15:00,mcn,McNary,89.3,84.6,0.0,339.35,265.56,73.79,476.3
2023-09-09,17,2023-09-09T16:00,mcn,McNary,89.9,85.2,0.0,339.39,265.62,73.77,479.6
2023-09-09,18,2023-09-09T17:00,mcn,McNary,90.3,85.6,0.0,339.37,265.52,73.85,482.3
2023-09-09,19,2023-09-09T18:00,mcn,McNary,90.0,85.3,0.0,339.35,265.55,73.8,480.3
2023-09-09,20,2023-09-09T19:00,mcn,McNary,90.7,86.0,0.0,339.31,265.65,73.66,483.3
2023-09-09,21,2023-09-09T20:00,mcn,McNary,92.7,88.0,0.0,339.33,265.65,73.68,494.7
2023-09-09,22,2023-09-09T21:00,mcn,McNary,90.7,86.0,0.0,339.28,265.63,73.65,483.3
2023-09-09,23,2023-09-09T22:00,mcn,McNary,90.3,85.6,0.0,339.28,265.64,73.64,481.0
2023-09-09,24,2023-09-09T23:00,mcn,McNary,88.0,83.3,0.0,339.26,265.63,73.63,468.0
2023-09-10,1,2023-09-10T00:00,mcn,McNary,70.8,66.1,0.0,339.35,265.33,74.02,373.3
2023-09-10,2,2023-09-10T01:00,mcn,McNary,68.9,64.2,0.0,339.27,265.5,73.77,361.4
2023-09-10,3,2023-09-10T02:00,mcn,McNary,70.9,66.2,0.0,339.16,265.59,73.57,371.6
2023-09-10,4,2023-09-10T03:00,mcn,McNary,71.0,66.3,0.0,339.18,265.56,73.62,372.4
2023-09-10,5,2023-09-10T04:00,mcn,McNary,71.7,66.3,0.8,339.28,265.72,73.56,372.1
2023-09-10,6,2023-09-10T05:00,mcn,McNary,94.9,80.2,10.0,339.21,266.03,73.18,447.8
2023-09-10,7,2023-09-10T06:00,mcn,McNary,95.2,80.5,10.0,339.28,265.88,73.4,450.8
2023-09-10,8,2023-09-10T07:00,mcn,McNary,93.6,78.8,10.1,339.34,265.92,73.42,441.4
2023-09-10,9,2023-09-10T08:00,mcn,McNary,100.2,85.8,9.8,339.32,265.86,73.46,480.9
2023-09-10,10,2023-09-10T09:00,mcn,McNary,77.8,73.0,0.0,339.36,265.62,73.74,410.7
2023-09-10,11,2023-09-10T10:00,mcn,McNary,77.6,72.9,0.0,339.3,265.79,73.51,408.9
2023-09-10,12,2023-09-10T11:00,mcn,McNary,77.9,73.2,0.0,339.29,265.8,73.49,410.5
2023-09-10,13,2023-09-10T12:00,mcn,McNary,74.9,70.2,0.0,339.33,265.71,73.62,394.3
2023-09-10,14,2023-09-10T13:00,mcn,McNary,77.0,72.3,0.0,339.21,265.71,73.5,405.5
2023-09-10,15,2023-09-10T14:00,mcn,McNary,86.1,81.4,0.0,339.21,265.92,73.29,455.2
2023-09-10,16,2023-09-10T15:00,mcn,McNary,87.6,82.9,0.0,339.17,265.64,73.53,465.1
2023-09-10,17,2023-09-10T16:00,mcn,McNary,83.7,79.0,0.0,339.21,265.71,73.5,443.0
2023-09-10,18,2023-09-10T17:00,mcn,McNary,86.8,82.1,0.0,339.13,265.83,73.3,459.2
2023-09-10,19,2023-09-10T18:00,mcn,McNary,86.1,81.4,0.0,339.18,265.79,73.39,455.8
2023-09-10,20,2023-09-10T19:00,mcn,McNary,82.9,78.2,0.0,339.12,265.73,73.39,437.9
2023-09-10,21,2023-09-10T20:00,mcn,McNary,78.9,74.2,0.0,339.18,265.71,73.47,415.9
2023-09-10,22,2023-09-10T21:00,mcn,McNary,82.9,78.2,0.0,339.21,265.57,73.64,439.4
2023-09-10,23,2023-09-10T22:00,mcn,McNary,59.5,54.8,0.0,339.19,265.35,73.84,308.7
2023-09-10,24,2023-09-10T23:00,mcn,McNary,55.4,50.7,0.0,339.13,265.59,73.54,284.5
2023-09-11,1,2023-09-11T00:00,mcn,McNary,54.6,49.9,0.0,339.18,265.62,73.56,280.1
2023-09-11,2,2023-09-11T01:00,mcn,McNary,54.8,50.1,0.0,339.06,265.74,73.32,280.3
2023-09-11,3,2023-09-11T02:00,mcn,McNary,54.9,50.2,0.0,339.21,265.68,73.53,281.6
2023-09-11,4,2023-09-11T03:00,mcn,McNary,56.6,51.9,0.0,339.24,265.71,73.53,291.2
2023-09-11,5,2023-09-11T04:00,mcn,McNary,55.5,50.8,0.0,339.23,265.48,73.75,285.9
2023-09-11,6,2023-09-11T05:00,mcn,McNary,55.4,50.7,0.0,339.34,265.61,73.73,285.2
2023-09-11,7,2023-09-11T06:00,mcn,McNary,58.4,53.7,0.0,339.35,265.72,73.63,301.7
2023-09-11,8,2023-09-11T07:00,mcn,McNary,56.6,51.9,0.0,339.37,265.66,73.71,291.9
2023-09-11,9,2023-09-11T08:00,mcn,McNary,55.4,50.7,0.0,339.4,265.62,73.78,285.4
2023-09-11,10,2023-09-11T09:00,mcn,McNary,63.5,58.8,0.0,339.42,265.61,73.81,331.1
2023-09-11,11,2023-09-11T10:00,mcn,McNary,55.2,50.5,0.0,339.51,265.4,74.11,285.6
2023-09-11,12,2023-09-11T11:00,mcn,McNary,61.3,56.6,0.0,339.42,265.58,73.84,318.9
2023-09-11,13,2023-09-11T12:00,mcn,McNary,61.8,57.1,0.0,339.47,265.55,73.92,322.0
2023-09-11,14,2023-09-11T13:00,mcn,McNary,60.0,55.3,0.0,339.51,265.65,73.86,311.6
2023-09-11,15,2023-09-11T14:00,mcn,McNary,70.4,65.7,0.0,339.46,265.51,73.95,370.7
2023-09-11,16,2023-09-11T15:00,mcn,McNary,71.6,66.9,0.0,339.44,265.67,73.77,376.6
2023-09-11,17,2023-09-11T16:00,mcn,McNary,89.6,84.9,0.0,339.37,265.88,73.49,476.1
2023-09-11,18,2023-09-11T17:00,mcn,McNary,95.3,90.6,0.0,339.38,265.91,73.47,507.9
2023-09-11,19,2023-09-11T18:00,mcn,McNary,81.6,76.9,0.0,339.39,265.71,73.68,432.3
2023-09-11,20,2023-09-11T19:00,mcn,McNary,82.1,77.4,0.0,339.33,265.74,73.59,434.6
2023-09-11,21,2023-09-11T20:00,mcn,McNary,88.5,83.8,0.0,339.34,265.84,73.5,470.0
2023-09-11,22,2023-09-11T21:00,mcn,McNary,84.2,79.5,0.0,339.32,265.8,73.52,446.0
2023-09-11,23,2023-09-11T22:00,mcn,McNary,65.2,60.5,0.0,339.36,265.51,73.85,340.9
2023-09-11,24,2023-09-11T23:00,mcn,McNary,63.9,59.2,0.0,339.31,265.49,73.82,333.4
2023-09-12,1,2023-09-12T00:00,mcn,McNary,63.4,58.7,0.0,339.26,265.38,73.88,330.9
2023-09-12,2,2023-09-12T01:00,mcn,McNary,60.9,56.2,0.0,339.28,265.58,73.7,316.0
2023-09-12,3,2023-09-12T02:00,mcn,McNary,61.1,56.4,0.0,339.32,265.73,73.59,316.7
2023-09-12,4,2023-09-12T03:00,mcn,McNary,60.9,56.2,0.0,339.26,265.63,73.63,315.7
2023-09-12,5,2023-09-12T04:00,mcn,McNary,59.4,54.7,0.0,339.34,265.61,73.73,307.7
2023-09-12,6,2023-09-12T05:00,mcn,McNary,61.9,57.2,0.0,339.36,265.71,73.65,321.4
2023-09-12,7,2023-09-12T06:00,mcn,McNary,63.3,58.6,0.0,339.42,265.66,73.76,329.8
2023-09-12,8,2023-09-12T07:00,mcn,McNary,58.6,53.9,0.0,339.44,265.58,73.86,303.8
2023-09-12,9,2023-09-12T08:00,mcn,McNary,62.2,57.5,0.0,339.46,265.61,73.85,324.0
2023-09-12,10,2023-09-12T09:00,mcn,McNary,63.9,59.2,0.0,339.5,265.56,73.94,334.0
2023-09-12,11,2023-09-12T10:00,mcn,McNary,64.1,59.4,0.0,339.46,265.62,73.84,334.7
2023-09-12,12,2023-09-12T11:00,mcn,McNary,64.9,60.2,0.0,339.51,265.49,74.02,340.0
2023-09-12,13,2023-09-12T12:00,mcn,McNary,65.6,60.9,0.0,339.53,265.57,73.96,343.7
2023-09-12,14,2023-09-12T13:00,mcn,McNary,66.7,62.0,0.0,339.44,265.42,74.02,350.2
2023-09-12,15,2023-09-12T14:00,mcn,McNary,94.9,90.2,0.0,339.28,265.88,73.4,505.2
2023-09-12,16,2023-09-12T15:00,mcn,McNary,95.0,90.3,0.0,339.39,265.81,73.58,507.0
2023-09-12,17,2023-09-12T16:00,mcn,McNary,93.4,88.7,0.0,339.3,265.75,73.55,497.8
2023-09-12,18,2023-09-12T17:00,mcn,McNary,93.9,89.2,0.0,339.21,265.64,73.57,500.7
2023-09-12,19,2023-09-12T18:00,mcn,McNary,94.0,89.3,0.0,339.31,265.77,73.54,501.1
2023-09-12,20,2023-09-12T19:00,mcn,McNary,94.8,90.1,0.0,339.23,265.81,73.42,504.7
2023-09-12,21,2023-09-12T20:00,mcn,McNary,94.4,89.7,0.0,339.3,265.83,73.47,502.8
2023-09-12,22,2023-09-12T21:00,mcn,McNary,64.9,60.2,0.0,339.4,265.31,74.09,340.3
2023-09-12,23,2023-09-12T22:00,mcn,McNary,60.0,55.3,0.0,339.36,265.25,74.11,312.7
2023-09-12,24,2023-09-12T23:00,mcn,McNary,58.3,53.6,0.0,339.43,265.23,74.2,303.5
2023-09-13,1,2023-09-13T00:00,mcn,McNary,58.7,54.0,0.0,339.46,265.25,74.21,305.8
2023-09-13,2,2023-09-13T01:00,mcn,McNary,60.6,55.9,0.0,339.5,265.42,74.08,316.0
2023-09-13,3,2023-09-13T02:00,mcn,McNary,58.5,53.8,0.0,339.54,265.67,73.87,303.2
2023-09-13,4,2023-09-13T03:00,mcn,McNary,58.2,53.5,0.0,339.61,265.32,74.29,303.3
2023-09-13,5,2023-09-13T04:00,mcn,McNary,60.4,54.6,1.1,339.53,265.38,74.15,308.9
2023-09-13,6,2023-09-13T05:00,mcn,McNary,82.1,67.1,10.3,339.55,265.46,74.09,379.3
2023-09-13,7,2023-09-13T06:00,mcn,McNary,82.8,67.7,10.4,339.67,265.41,74.26,383.6
2023-09-13,8,2023-09-13T07:00,mcn,McNary,84.1,68.9,10.5,339.75,265.68,74.07,389.4
2023-09-13,9,2023-09-13T08:00,mcn,McNary,84.6,69.4,10.5,339.68,265.69,73.99,391.8
2023-09-13,10,2023-09-13T09:00,mcn,McNary,84.9,79.1,1.1,339.72,265.77,73.95,446.3
2023-09-13,11,2023-09-13T10:00,mcn,McNary,85.5,80.8,0.0,339.71,265.74,73.97,456.0
2023-09-13,12,2023-09-13T11:00,mcn,McNary,86.6,81.9,0.0,339.67,265.74,73.93,462.0
2023-09-13,13,2023-09-13T12:00,mcn,McNary,86.3,81.6,0.0,339.66,265.85,73.81,459.5
2023-09-13,14,2023-09-13T13:00,mcn,McNary,95.4,90.7,0.0,339.6,266.05,73.55,509.0
2023-09-13,15,2023-09-13T14:00,mcn,McNary,96.9,92.2,0.0,339.56,265.94,73.62,517.9
2023-09-13,16,2023-09-13T15:00,mcn,McNary,97.5,92.8,0.0,339.52,265.83,73.69,521.8
2023-09-13,17,2023-09-13T16:00,mcn,McNary,95.2,90.5,0.0,339.55,265.8,73.75,509.3
2023-09-13,18,2023-09-13T17:00,mcn,McNary,96.8,92.1,0.0,339.43,265.8,73.63,517.4
2023-09-13,19,2023-09-13T18:00,mcn,McNary,96.5,91.8,0.0,339.49,265.79,73.7,516.2
2023-09-13,20,2023-09-13T19:00,mcn,McNary,93.7,89.0,0.0,339.42,265.82,73.6,499.8
2023-09-13,21,2023-09-13T20:00,mcn,McNary,96.0,91.3,0.0,339.39,265.85,73.54,512.3
2023-09-13,22,2023-09-13T21:00,mcn,McNary,95.7,91.0,0.0,339.33,265.8,73.53,510.5
2023-09-13,23,2023-09-13T22:00,mcn,McNary,94.2,89.5,0.0,339.4,265.72,73.68,503.1
2023-09-13,24,2023-09-13T23:00,mcn,McNary,75.7,71.0,0.0,339.51,265.3,74.21,402.0
2023-09-14,1,2023-09-14T00:00,mcn,McNary,59.9,55.2,0.0,339.55,265.09,74.46,313.6
2023-09-14,2,2023-09-14T01:00,mcn,McNary,56.3,51.6,0.0,339.62,265.19,74.43,293.0
2023-09-14,3,2023-09-14T02:00,mcn,McNary,56.1,51.4,0.0,339.66,265.39,74.27,291.3
2023-09-14,4,2023-09-14T03:00,mcn,McNary,57.3,52.6,0.0,339.7,265.43,74.27,298.1
2023-09-14,5,2023-09-14T04:00,mcn,McNary,74.4,69.7,0.0,339.73,265.72,74.01,393.6
2023-09-14,6,2023-09-14T05:00,mcn,McNary,83.9,79.2,0.0,339.69,265.76,73.93,446.8
2023-09-14,7,2023-09-14T06:00,mcn,McNary,94.3,89.6,0.0,339.75,265.79,73.96,505.6
2023-09-14,8,2023-09-14T07:00,mcn,McNary,93.7,89.0,0.0,339.71,265.81,73.9,501.8
2023-09-14,9,2023-09-14T08:00,mcn,McNary,93.8,89.1,0.0,339.69,265.8,73.89,502.3
2023-09-14,10,2023-09-14T09:00,mcn,McNary,95.8,91.1,0.0,339.59,265.86,73.73,512.5
2023-09-14,11,2023-09-14T10:00,mcn,McNary,94.6,89.9,0.0,339.59,265.89,73.7,505.5
2023-09-14,12,2023-09-14T11:00,mcn,McNary,94.5,89.8,0.0,339.53,265.82,73.71,505.0
2023-09-14,13,2023-09-14T12:00,mcn,McNary,90.7,86.0,0.0,339.45,265.73,73.72,483.7
2023-09-14,14,2023-09-14T13:00,mcn,McNary,92.8,88.1,0.0,339.47,265.79,73.68,495.3
2023-09-14,15,2023-09-14T14:00,mcn,McNary,102.4,97.7,0.0,339.29,265.99,73.3,546.4
2023-09-14,16,2023-09-14T15:00,mcn,McNary,102.2,97.5,0.0,339.36,266.03,73.33,545.5
2023-09-14,17,2023-09-14T16:00,mcn,McNary,103.1,98.4,0.0,339.3,266.01,73.29,550.3
2023-09-14,18,2023-09-14T17:00,mcn,McNary,103.0,98.3,0.0,339.27,265.93,73.34,550.1
2023-09-14,19,2023-09-14T18:00,mcn,McNary,101.2,96.5,0.0,339.24,265.93,73.31,539.8
2023-09-14,20,2023-09-14T19:00,mcn,McNary,100.9,96.2,0.0,339.21,265.82,73.39,538.7
2023-09-14,21,2023-09-14T20:00,mcn,McNary,101.1,96.4,0.0,339.24,265.82,73.42,540.0
2023-09-14,22,2023-09-14T21:00,mcn,McNary,84.0,79.3,0.0,339.27,265.53,73.74,446.2
2023-09-14,23,2023-09-14T22:00,mcn,McNary,82.9,78.2,0.0,339.19,265.36,73.83,440.5
2023-09-14,24,2023-09-14T23:00,mcn,McNary,69.9,65.2,0.0,339.23,265.03,74.2,369.1
2023-09-15,1,2023-09-15T00:00,mcn,McNary,67.2,62.5,0.0,339.25,265.22,74.03,353.0
2023-09-15,2,2023-09-15T01:00,mcn,McNary,64.1,59.4,0.0,339.27,265.26,74.01,335.4
2023-09-15,3,2023-09-15T02:00,mcn,McNary,63.8,59.1,0.0,339.26,265.42,73.84,333.0
2023-09-15,4,2023-09-15T03:00,mcn,McNary,63.7,59.0,0.0,339.32,265.44,73.88,332.6
2023-09-15,5,2023-09-15T04:00,mcn,McNary,64.7,59.1,0.9,339.31,265.44,73.87,333.1
2023-09-15,6,2023-09-15T05:00,mcn,McNary,80.0,65.2,10.0,339.27,265.52,73.75,366.9
2023-09-15,7,2023-09-15T06:00,mcn,McNary,81.2,66.4,10.1,339.37,265.45,73.92,374.5
2023-09-15,8,2023-09-15T07:00,mcn,McNary,77.3,62.4,10.2,339.45,265.5,73.95,352.1
2023-09-15,9,2023-09-15T08:00,mcn,McNary,78.6,63.7,10.1,339.38,265.57,73.81,358.7
2023-09-15,10,2023-09-15T09:00,mcn,McNary,68.3,62.2,1.4,339.45,265.41,74.04,351.4
2023-09-15,11,2023-09-15T10:00,mcn,McNary,63.4,58.7,0.0,339.41,265.44,73.97,331.3
2023-09-15,12,2023-09-15T11:00,mcn,McNary,64.0,59.3,0.0,339.36,265.51,73.85,334.1
2023-09-15,13,2023-09-15T12:00,mcn,McNary,65.6,60.9,0.0,339.41,265.59,73.82,343.0
2023-09-15,14,2023-09-15T13:00,mcn,McNary,69.5,64.8,0.0,339.44,265.52,73.92,365.5
2023-09-15,15,2023-09-15T14:00,mcn,McNary,69.8,65.1,0.0,339.39,265.41,73.98,367.5
2023-09-15,16,2023-09-15T15:00,mcn,McNary,70.4,65.7,0.0,339.36,265.27,74.09,371.4
2023-09-15,17,2023-09-15T16:00,mcn,McNary,89.9,85.2,0.0,339.27,265.62,73.65,478.8
2023-09-15,18,2023-09-15T17:00,mcn,McNary,91.4,86.7,0.0,339.22,265.56,73.66,487.3
2023-09-15,19,2023-09-15T18:00,mcn,McNary,90.6,85.9,0.0,339.2,265.46,73.74,483.3
2023-09-15,20,2023-09-15T19:00,mcn,McNary,90.4,85.7,0.0,339.23,265.31,73.92,483.4
2023-09-15,21,2023-09-15T20:00,mcn,McNary,90.0,85.3,0.0,339.14,265.3,73.84,480.6
2023-09-15,22,2023-09-15T21:00,mcn,McNary,91.9,87.2,0.0,339.13,265.33,73.8,491.0
2023-09-15,23,2023-09-15T22:00,mcn,McNary,90.7,86.0,0.0,339.12,265.42,73.7,483.6
2023-09-15,24,2023-09-15T23:00,mcn,McNary,89.6,84.9,0.0,339.15,265.48,73.67,477.2
2023-09-16,1,2023-09-16T00:00,mcn,McNary,68.5,63.8,0.0,339.16,264.93,74.23,361.3
2023-09-16,2,2023-09-16T01:00,mcn,McNary,63.5,58.8,0.0,339.13,264.98,74.15,332.7
2023-09-16,3,2023-09-16T02:00,mcn,McNary,65.0,60.3,0.0,339.11,265.05,74.06,340.7
2023-09-16,4,2023-09-16T03:00,mcn,McNary,64.5,59.8,0.0,339.16,265.35,73.81,336.8
2023-09-16,5,2023-09-16T04:00,mcn,McNary,65.2,60.5,0.0,339.18,265.39,73.79,340.6
2023-09-16,6,2023-09-16T05:00,mcn,McNary,70.9,66.2,0.0,339.11,265.47,73.64,372.0
2023-09-16,7,2023-09-16T06:00,mcn,McNary,69.8,65.1,0.0,339.23,265.27,73.96,367.4
2023-09-16,8,2023-09-16T07:00,mcn,McNary,68.2,63.5,0.0,339.24,265.16,74.08,358.9
2023-09-16,9,2023-09-16T08:00,mcn,McNary,62.2,57.5,0.0,339.21,265.2,74.01,324.7
2023-09-16,10,2023-09-16T09:00,mcn,McNary,69.9,65.2,0.0,339.14,265.43,73.71,366.7
2023-09-16,11,2023-09-16T10:00,mcn,McNary,64.5,59.8,0.0,339.17,265.45,73.72,336.4
2023-09-16,12,2023-09-16T11:00,mcn,McNary,70.4,65.7,0.0,339.16,265.43,73.73,369.6
2023-09-16,13,2023-09-16T12:00,mcn,McNary,70.5,65.8,0.0,339.24,265.18,74.06,371.8
2023-09-16,14,2023-09-16T13:00,mcn,McNary,70.7,66.0,0.0,339.2,265.09,74.11,373.2
2023-09-16,15,2023-09-16T14:00,mcn,McNary,65.5,60.8,0.0,339.13,265.04,74.09,343.7
2023-09-16,16,2023-09-16T15:00,mcn,McNary,66.7,62.0,0.0,339.03,265.37,73.66,348.5
2023-09-16,17,2023-09-16T16:00,mcn,McNary,79.3,74.6,0.0,339.08,265.44,73.64,419.2
2023-09-16,18,2023-09-16T17:00,mcn,McNary,84.7,80.0,0.0,339.09,265.38,73.71,449.9
2023-09-16,19,2023-09-16T18:00,mcn,McNary,86.2,81.5,0.0,339.13,265.31,73.82,459.0
2023-09-16,20,2023-09-16T19:00,mcn,McNary,81.0,76.3,0.0,339.11,265.41,73.7,429.1
2023-09-16,21,2023-09-16T20:00,mcn,McNary,84.8,80.1,0.0,339.07,265.35,73.72,450.5
2023-09-16,22,2023-09-16T21:00,mcn,McNary,70.6,65.9,0.0,339.14,265.17,73.97,371.9
2023-09-16,23,2023-09-16T22:00,mcn,McNary,68.8,64.1,0.0,339.14,265.37,73.77,360.8
2023-09-16,24,2023-09-16T23:00,mcn,McNary,68.4,63.7,0.0,339.02,265.2,73.82,358.8
2023-09-17,1,2023-09-17T00:00,mcn,McNary,58.2,53.5,0.0,339.04,265.1,73.94,301.8
2023-09-17,2,2023-09-17T01:00,mcn,McNary,57.5,52.8,0.0,338.99,265.11,73.88,297.6
2023-09-17,3,2023-09-17T02:00,mcn,McNary,57.5,52.8,0.0,339.0,265.3,73.7,296.9
2023-09-17,4,2023-09-17T03:00,mcn,McNary,57.7,53.0,0.0,339.03,265.3,73.73,298.2
2023-09-17,5,2023-09-17T04:00,mcn,McNary,57.9,52.3,0.9,339.04,265.34,73.7,294.1
2023-09-17,6,2023-09-17T05:00,mcn,McNary,66.6,52.2,9.7,339.0,265.36,73.64,293.3
2023-09-17,7,2023-09-17T06:00,mcn,McNary,66.7,52.3,9.7,339.0,265.09,73.91,294.9
2023-09-17,8,2023-09-17T07:00,mcn,McNary,66.5,52.2,9.7,338.96,265.28,73.68,293.5
2023-09-17,9,2023-09-17T08:00,mcn,McNary,66.8,52.5,9.6,338.9,265.4,73.5,294.4
2023-09-17,10,2023-09-17T09:00,mcn,McNary,58.5,52.3,1.5,338.89,265.38,73.51,293.3
2023-09-17,11,2023-09-17T10:00,mcn,McNary,58.0,53.3,0.0,338.8,265.36,73.44,298.7
2023-09-17,12,2023-09-17T11:00,mcn,McNary,58.5,53.8,0.0,338.85,265.34,73.51,301.8
2023-09-17,13,2023-09-17T12:00,mcn,McNary,58.4,53.7,0.0,338.85,265.31,73.54,301.3
2023-09-17,14,2023-09-17T13:00,mcn,McNary,60.1,55.4,0.0,338.81,265.29,73.52,310.8
2023-09-17,15,2023-09-17T14:00,mcn,McNary,65.7,61.0,0.0,338.79,265.37,73.42,341.7
2023-09-17,16,2023-09-17T15:00,mcn,McNary,66.6,61.9,0.0,338.74,265.28,73.46,346.9
2023-09-17,17,2023-09-17T16:00,mcn,McNary,86.1,81.4,0.0,338.63,265.62,73.01,453.5
2023-09-17,18,2023-09-17T17:00,mcn,McNary,86.9,82.2,0.0,338.62,265.5,73.12,458.6
2023-09-17,19,2023-09-17T18:00,mcn,McNary,85.4,80.7,0.0,338.61,265.46,73.15,450.4
2023-09-17,20,2023-09-17T19:00,mcn,McNary,85.4,80.7,0.0,338.61,265.42,73.19,450.7
2023-09-17,21,2023-09-17T20:00,mcn,McNary,84.9,80.2,0.0,338.57,265.28,73.29,448.5
2023-09-17,22,2023-09-17T21:00,mcn,McNary,61.1,56.4,0.0,338.6,264.93,73.67,317.0
2023-09-17,23,2023-09-17T22:00,mcn,McNary,59.9,55.2,0.0,338.56,265.15,73.41,309.2
2023-09-17,24,2023-09-17T23:00,mcn,McNary,58.6,53.9,0.0,338.57,265.2,73.37,301.7
2023-09-18,1,2023-09-18T00:00,mcn,McNary,66.5,61.8,0.0,338.62,265.31,73.31,345.7
2023-09-18,2,2023-09-18T01:00,mcn,McNary,60.0,55.3,0.0,338.56,265.37,73.19,308.8
2023-09-18,3,2023-09-18T02:00,mcn,McNary,60.0,55.3,0.0,338.52,265.34,73.18,308.8
2023-09-18,4,2023-09-18T03:00,mcn,McNary,58.6,53.9,0.0,338.53,265.14,73.39,301.8
2023-09-18,5,2023-09-18T04:00,mcn,McNary,58.7,54.0,0.0,338.58,265.31,73.27,301.9
2023-09-18,6,2023-09-18T05:00,mcn,McNary,59.5,54.8,0.0,338.48,265.35,73.13,305.8
2023-09-18,7,2023-09-18T06:00,mcn,McNary,73.4,68.7,0.0,338.42,265.5,72.92,382.2
2023-09-18,8,2023-09-18T07:00,mcn,McNary,65.9,61.2,0.0,338.53,265.34,73.19,341.8
2023-09-18,9,2023-09-18T08:00,mcn,McNary,62.9,58.2,0.0,338.42,265.34,73.08,324.5
2023-09-18,10,2023-09-18T09:00,mcn,McNary,63.3,58.6,0.0,338.41,265.42,72.99,326.4
2023-09-18,11,2023-09-18T10:00,mcn,McNary,67.7,63.0,0.0,338.4,265.52,72.88,350.3
2023-09-18,12,2023-09-18T11:00,mcn,McNary,67.0,62.3,0.0,338.33,265.74,72.59,345.1
2023-09-18,13,2023-09-18T12:00,mcn,McNary,68.0,63.3,0.0,338.24,265.81,72.43,349.8
2023-09-18,14,2023-09-18T13:00,mcn,McNary,67.9,63.2,0.0,338.21,265.95,72.26,348.4
2023-09-18,15,2023-09-18T14:00,mcn,McNary,67.7,63.0,0.0,338.15,265.74,72.41,348.1
2023-09-18,16,2023-09-18T15:00,mcn,McNary,66.0,61.3,0.0,338.15,265.68,72.47,339.0
2023-09-18,17,2023-09-18T16:00,mcn,McNary,66.8,62.1,0.0,338.18,265.64,72.54,343.7
2023-09-18,18,2023-09-18T17:00,mcn,McNary,70.5,65.8,0.0,338.18,265.61,72.57,364.3
2023-09-18,19,2023-09-18T18:00,mcn,McNary,70.8,66.1,0.0,338.34,265.7,72.64,366.4
2023-09-18,20,2023-09-18T19:00,mcn,McNary,72.2,67.5,0.0,338.31,265.44,72.87,375.3
2023-09-18,21,2023-09-18T20:00,mcn,McNary,70.2,65.5,0.0,338.38,265.33,73.05,365.1
2023-09-18,22,2023-09-18T21:00,mcn,McNary,70.5,65.8,0.0,338.4,265.45,72.95,366.2
2023-09-18,23,2023-09-18T22:00,mcn,McNary,70.3,65.6,0.0,338.41,265.37,73.04,365.6
2023-09-18,24,2023-09-18T23:00,mcn,McNary,59.0,54.3,0.0,338.44,265.32,73.12,302.9
2023-09-19,1,2023-09-19T00:00,mcn,McNary,61.2,56.5,0.0,338.39,265.36,73.03,314.8
2023-09-19,2,2023-09-19T01:00,mcn,McNary,60.5,55.8,0.0,338.39,265.24,73.15,311.4
2023-09-19,3,2023-09-19T02:00,mcn,McNary,61.3,56.6,0.0,338.39,265.18,73.21,316.2
2023-09-19,4,2023-09-19T03:00,mcn,McNary,61.2,56.5,0.0,338.37,265.34,73.03,314.8
2023-09-19,5,2023-09-19T04:00,mcn,McNary,59.7,55.0,0.0,338.36,265.42,72.94,306.1
2023-09-19,6,2023-09-19T05:00,mcn,McNary,59.5,54.8,0.0,338.39,265.31,73.08,305.6
2023-09-19,7,2023-09-19T06:00,mcn,McNary,59.9,55.2,0.0,338.4,265.37,73.03,307.6
2023-09-19,8,2023-09-19T07:00,mcn,McNary,59.9,55.2,0.0,338.37,265.49,72.88,307.0
2023-09-19,9,2023-09-19T08:00,mcn,McNary,59.4,54.7,0.0,338.41,265.42,72.99,304.6
2023-09-19,10,2023-09-19T09:00,mcn,McNary,61.1,56.4,0.0,338.48,265.49,72.99,314.1
2023-09-19,11,2023-09-19T10:00,mcn,McNary,58.6,53.9,0.0,338.53,265.33,73.2,301.0
2023-09-19,12,2023-09-19T11:00,mcn,McNary,60.5,55.8,0.0,338.5,265.31,73.19,311.6
2023-09-19,13,2023-09-19T12:00,mcn,McNary,60.0,55.3,0.0,338.55,265.14,73.41,309.7
2023-09-19,14,2023-09-19T13:00,mcn,McNary,59.9,55.2,0.0,338.62,265.11,73.51,309.6
2023-09-19,15,2023-09-19T14:00,mcn,McNary,59.4,54.7,0.0,338.65,265.09,73.56,307.0
2023-09-19,16,2023-09-19T15:00,mcn,McNary,60.7,56.0,0.0,338.69,265.12,73.57,314.3
2023-09-19,17,2023-09-19T16:00,mcn,McNary,80.3,75.6,0.0,338.8,265.44,73.36,423.2
2023-09-19,18,2023-09-19T17:00,mcn,McNary,80.9,76.2,0.0,338.83,265.35,73.48,427.2
2023-09-19,19,2023-09-19T18:00,mcn,McNary,79.5,74.8,0.0,339.05,265.39,73.66,420.4
2023-09-19,20,2023-09-19T19:00,mcn,McNary,79.5,74.8,0.0,339.0,265.39,73.61,420.1
2023-09-19,21,2023-09-19T20:00,mcn,McNary,80.4,75.7,0.0,338.97,265.4,73.57,424.9
2023-09-19,22,2023-09-19T21:00,mcn,McNary,80.5,75.8,0.0,339.15,265.36,73.79,426.8
2023-09-19,23,2023-09-19T22:00,mcn,McNary,64.7,60.0,0.0,339.25,265.37,73.88,338.2
2023-09-19,24,2023-09-19T23:00,mcn,McNary,63.2,58.5,0.0,339.21,265.24,73.97,330.2
2023-09-20,1,2023-09-20T00:00,mcn,McNary,59.5,54.8,0.0,339.16,265.05,74.11,309.9
2023-09-20,2,2023-09-20T01:00,mcn,McNary,59.2,54.5,0.0,339.21,265.17,74.04,307.9
2023-09-20,3,2023-09-20T02:00,mcn,McNary,59.4,54.7,0.0,339.18,265.24,73.94,308.6
2023-09-20,4,2023-09-20T03:00,mcn,McNary,59.0,54.3,0.0,339.23,265.49,73.74,305.5
2023-09-20,5,2023-09-20T04:00,mcn,McNary,61.5,54.7,2.0,339.09,265.43,73.66,307.4
2023-09-20,6,2023-09-20T05:00,mcn,McNary,69.3,54.7,9.9,339.07,265.27,73.8,308.0
2023-09-20,7,2023-09-20T06:00,mcn,McNary,71.2,56.6,9.9,339.18,265.19,73.99,319.5
2023-09-20,8,2023-09-20T07:00,mcn,McNary,69.8,55.2,9.9,339.09,265.42,73.67,310.3
2023-09-20,9,2023-09-20T08:00,mcn,McNary,70.9,56.6,9.6,339.19,265.39,73.8,318.7
2023-09-20,10,2023-09-20T09:00,mcn,McNary,72.7,68.0,0.0,339.04,265.48,73.56,381.7
2023-09-20,11,2023-09-20T10:00,mcn,McNary,80.9,76.2,0.0,339.0,265.5,73.5,427.3
2023-09-20,12,2023-09-20T11:00,mcn,McNary,73.5,68.8,0.0,339.08,265.25,73.83,387.6
2023-09-20,13,2023-09-20T12:00,mcn,McNary,73.2,68.5,0.0,339.05,265.39,73.66,385.0
2023-09-20,14,2023-09-20T13:00,mcn,McNary,74.1,69.4,0.0,338.9,265.53,73.37,388.5
2023-09-20,15,2023-09-20T14:00,mcn,McNary,79.4,74.7,0.0,338.83,265.64,73.19,417.2
2023-09-20,16,2023-09-20T15:00,mcn,McNary,81.8,77.1,0.0,338.86,265.55,73.31,431.3
2023-09-20,17,2023-09-20T16:00,mcn,McNary,93.4,88.7,0.0,338.84,265.83,73.01,494.1
2023-09-20,18,2023-09-20T17:00,mcn,McNary,92.7,88.0,0.0,338.84,265.54,73.3,492.2
2023-09-20,19,2023-09-20T18:00,mcn,McNary,91.0,86.3,0.0,338.79,265.53,73.26,482.4
2023-09-20,20,2023-09-20T19:00,mcn,McNary,90.9,86.2,0.0,338.78,265.53,73.25,481.8
2023-09-20,21,2023-09-20T20:00,mcn,McNary,91.3,86.6,0.0,338.77,265.52,73.25,484.0
2023-09-20,22,2023-09-20T21:00,mcn,McNary,93.1,88.4,0.0,338.71,265.58,73.13,493.3
2023-09-20,23,2023-09-20T22:00,mcn,McNary,91.4,86.7,0.0,338.68,265.52,73.16,484.0
2023-09-20,24,2023-09-20T23:00,mcn,McNary,80.4,75.7,0.0,338.57,265.13,73.44,424.2
2023-09-21,1,2023-09-21T00:00,mcn,McNary,61.2,56.5,0.0,338.65,264.93,73.72,317.8
2023-09-21,2,2023-09-21T01:00,mcn,McNary,61.1,56.4,0.0,338.55,265.01,73.54,316.5
2023-09-21,3,2023-09-21T02:00,mcn,McNary,60.0,55.3,0.0,338.68,265.13,73.55,310.3
2023-09-21,4,2023-09-21T03:00,mcn,McNary,60.8,56.1,0.0,338.7,265.23,73.47,314.5
2023-09-21,5,2023-09-21T04:00,mcn,McNary,60.5,55.8,0.0,338.73,265.17,73.56,313.2
2023-09-21,6,2023-09-21T05:00,mcn,McNary,59.9,55.2,0.0,338.64,265.05,73.59,309.9
2023-09-21,7,2023-09-21T06:00,mcn,McNary,62.1,57.4,0.0,338.74,264.86,73.88,323.6
2023-09-21,8,2023-09-21T07:00,mcn,McNary,61.6,56.9,0.0,338.72,264.93,73.79,320.4
2023-09-21,9,2023-09-21T08:00,mcn,McNary,61.5,56.8,0.0,338.73,265.14,73.59,318.9
2023-09-21,10,2023-09-21T09:00,mcn,McNary,59.8,55.1,0.0,338.76,265.1,73.66,309.7
2023-09-21,11,2023-09-21T10:00,mcn,McNary,61.9,57.2,0.0,338.75,265.07,73.68,321.6
2023-09-21,12,2023-09-21T11:00,mcn,McNary,72.1,67.4,0.0,338.7,265.16,73.54,378.2
2023-09-21,13,2023-09-21T12:00,mcn,McNary,72.9,68.2,0.0,338.8,265.02,73.78,383.9
2023-09-21,14,2023-09-21T13:00,mcn,McNary,72.3,67.6,0.0,338.74,265.07,73.67,380.0
2023-09-21,15,2023-09-21T14:00,mcn,McNary,70.3,65.6,0.0,338.77,265.25,73.52,368.0
2023-09-21,16,2023-09-21T15:00,mcn,McNary,71.7,67.0,0.0,338.71,265.26,73.45,375.5
2023-09-21,17,2023-09-21T16:00,mcn,McNary,82.9,78.2,0.0,338.64,265.48,73.16,436.5
2023-09-21,18,2023-09-21T17:00,mcn,McNary,81.0,76.3,0.0,338.55,265.32,73.23,426.3
2023-09-21,19,2023-09-21T18:00,mcn,McNary,79.5,74.8,0.0,338.61,265.2,73.41,419.0
2023-09-21,20,2023-09-21T19:00,mcn,McNary,79.7,75.0,0.0,338.73,265.12,73.61,421.2
2023-09-21,21,2023-09-21T20:00,mcn,McNary,80.3,75.6,0.0,338.7,265.23,73.47,423.8
2023-09-21,22,2023-09-21T21:00,mcn,McNary,80.9,76.2,0.0,338.72,265.11,73.61,428.0
2023-09-21,23,2023-09-21T22:00,mcn,McNary,61.2,56.5,0.0,338.73,264.95,73.78,318.1
2023-09-21,24,2023-09-21T23:00,mcn,McNary,60.0,55.3,0.0,338.59,264.96,73.63,310.7
2023-09-22,1,2023-09-22T00:00,mcn,McNary,58.3,53.6,0.0,338.63,264.93,73.7,301.4
2023-09-22,2,2023-09-22T01:00,mcn,McNary,57.9,53.2,0.0,338.55,265.02,73.53,298.5
2023-09-22,3,2023-09-22T02:00,mcn,McNary,58.0,53.3,0.0,338.64,265.09,73.55,299.1
2023-09-22,4,2023-09-22T03:00,mcn,McNary,57.5,52.8,0.0,338.7,265.11,73.59,296.5
2023-09-22,5,2023-09-22T04:00,mcn,McNary,58.5,51.7,2.1,338.65,265.07,73.58,290.3
2023-09-22,6,2023-09-22T05:00,mcn,McNary,66.7,52.6,9.4,338.76,265.05,73.71,295.8
2023-09-22,7,2023-09-22T06:00,mcn,McNary,67.6,53.4,9.5,338.81,265.01,73.8,300.7
2023-09-22,8,2023-09-22T07:00,mcn,McNary,72.2,58.0,9.5,338.8,265.16,73.64,325.9
2023-09-22,9,2023-09-22T08:00,mcn,McNary,70.6,56.3,9.5,338.83,265.2,73.63,316.3
2023-09-22,10,2023-09-22T09:00,mcn,McNary,62.5,57.1,0.7,338.91,264.99,73.92,322.0
2023-09-22,11,2023-09-22T10:00,mcn,McNary,61.4,56.7,0.0,338.95,264.97,73.98,320.1
2023-09-22,12,2023-09-22T11:00,mcn,McNary,62.9,58.2,0.0,338.98,264.94,74.04,328.8
2023-09-22,13,2023-09-22T12:00,mcn,McNary,63.2,58.5,0.0,339.06,264.92,74.14,330.9
2023-09-22,14,2023-09-22T13:00,mcn,McNary,61.2,56.5,0.0,339.07,265.14,73.93,318.7
2023-09-22,15,2023-09-22T14:00,mcn,McNary,64.4,59.7,0.0,339.07,265.01,74.06,337.4
2023-09-22,16,2023-09-22T15:00,mcn,McNary,63.8,59.1,0.0,339.07,265.07,74.0,333.7
2023-09-22,17,2023-09-22T16:00,mcn,McNary,90.3,85.6,0.0,339.0,265.39,73.61,480.8
2023-09-22,18,2023-09-22T17:00,mcn,McNary,93.4,88.7,0.0,339.02,265.25,73.77,499.3
2023-09-22,19,2023-09-22T18:00,mcn,McNary,98.9,94.2,0.0,338.97,265.47,73.5,528.3
2023-09-22,20,2023-09-22T19:00,mcn,McNary,101.4,96.7,0.0,338.88,265.54,73.34,541.1
2023-09-22,21,2023-09-22T20:00,mcn,McNary,103.8,99.1,0.0,338.87,265.63,73.24,553.8
2023-09-22,22,2023-09-22T21:00,mcn,McNary,104.3,99.6,0.0,338.86,265.51,73.35,557.4
2023-09-22,23,2023-09-22T22:00,mcn,McNary,83.1,78.4,0.0,338.94,264.98,73.96,442.4
2023-09-22,24,2023-09-22T23:00,mcn,McNary,63.8,59.1,0.0,338.92,265.02,73.9,333.2
2023-09-23,1,2023-09-23T00:00,mcn,McNary,65.3,60.6,0.0,338.87,265.18,73.69,340.7
2023-09-23,2,2023-09-23T01:00,mcn,McNary,63.0,58.3,0.0,338.92,265.15,73.77,328.2
2023-09-23,3,2023-09-23T02:00,mcn,McNary,59.9,55.2,0.0,338.97,265.05,73.92,311.3
2023-09-23,4,2023-09-23T03:00,mcn,McNary,56.4,51.7,0.0,339.02,265.31,73.71,290.8
2023-09-23,5,2023-09-23T04:00,mcn,McNary,62.0,57.3,0.0,339.09,265.23,73.86,322.9
2023-09-23,6,2023-09-23T05:00,mcn,McNary,62.5,57.8,0.0,339.19,265.02,74.17,327.1
2023-09-23,7,2023-09-23T06:00,mcn,McNary,63.2,58.5,0.0,339.27,265.24,74.03,330.4
2023-09-23,8,2023-09-23T07:00,mcn,McNary,59.7,55.0,0.0,339.4,265.24,74.16,311.2
2023-09-23,9,2023-09-23T08:00,mcn,McNary,71.2,66.5,0.0,339.39,265.45,73.94,375.2
2023-09-23,10,2023-09-23T09:00,mcn,McNary,84.0,79.3,0.0,339.42,265.7,73.72,446.0
2023-09-23,11,2023-09-23T10:00,mcn,McNary,94.6,89.9,0.0,339.33,265.83,73.5,504.2
2023-09-23,12,2023-09-23T11:00,mcn,McNary,94.5,89.8,0.0,339.42,265.8,73.62,504.4
2023-09-23,13,2023-09-23T12:00,mcn,McNary,100.6,95.9,0.0,339.3,265.88,73.42,537.2
2023-09-23,14,2023-09-23T13:00,mcn,McNary,97.6,92.9,0.0,339.27,265.83,73.44,520.6
2023-09-23,15,2023-09-23T14:00,mcn,McNary,94.2,89.5,0.0,339.13,265.84,73.29,500.5
2023-09-23,16,2023-09-23T15:00,mcn,McNary,98.2,93.5,0.0,339.13,266.04,73.09,521.4
2023-09-23,17,2023-09-23T16:00,mcn,McNary,105.0,100.3,0.0,339.0,266.22,72.78,557.0
2023-09-23,18,2023-09-23T17:00,mcn,McNary,114.4,109.7,0.0,338.9,266.28,72.62,607.8
2023-09-23,19,2023-09-23T18:00,mcn,McNary,112.2,107.5,0.0,338.87,266.25,72.62,595.6
2023-09-23,20,2023-09-23T19:00,mcn,McNary,110.8,106.1,0.0,338.82,266.15,72.67,588.3
2023-09-23,21,2023-09-23T20:00,mcn,McNary,108.3,103.6,0.0,338.71,265.96,72.75,575.1
2023-09-23,22,2023-09-23T21:00,mcn,McNary,91.4,86.7,0.0,338.74,265.77,72.97,482.7
2023-09-23,23,2023-09-23T22:00,mcn,McNary,89.4,84.7,0.0,338.66,265.93,72.73,470.0
2023-09-23,24,2023-09-23T23:00,mcn,McNary,72.4,67.7,0.0,338.7,265.68,73.02,377.2
2023-09-24,1,2023-09-24T00:00,mcn,McNary,61.9,57.2,0.0,338.53,265.49,73.04,318.8
2023-09-24,2,2023-09-24T01:00,mcn,McNary,61.2,56.5,0.0,338.63,265.55,73.08,315.0
2023-09-24,3,2023-09-24T02:00,mcn,McNary,61.2,56.5,0.0,338.58,265.52,73.06,315.0
2023-09-24,4,2023-09-24T03:00,mcn,McNary,61.1,56.4,0.0,338.63,265.56,73.07,314.4
2023-09-24,5,2023-09-24T04:00,mcn,McNary,60.7,56.0,0.0,338.54,265.62,72.92,311.6
2023-09-24,6,2023-09-24T05:00,mcn,McNary,59.3,54.6,0.0,338.57,265.52,73.05,304.3
2023-09-24,7,2023-09-24T06:00,mcn,McNary,55.2,50.5,0.0,338.61,265.41,73.2,282.1
2023-09-24,8,2023-09-24T07:00,mcn,McNary,54.5,49.8,0.0,338.5,265.44,73.06,277.6
2023-09-24,9,2023-09-24T08:00,mcn,McNary,55.1,50.4,0.0,338.57,265.42,73.15,281.3
2023-09-24,10,2023-09-24T09:00,mcn,McNary,54.7,50.0,0.0,338.59,265.45,73.14,279.0
2023-09-24,11,2023-09-24T10:00,mcn,McNary,55.0,50.3,0.0,338.63,265.35,73.28,281.2
2023-09-24,12,2023-09-24T11:00,mcn,McNary,55.2,50.5,0.0,338.68,265.14,73.54,283.4
2023-09-24,13,2023-09-24T12:00,mcn,McNary,54.8,50.1,0.0,338.65,265.17,73.48,280.9
2023-09-24,14,2023-09-24T13:00,mcn,McNary,55.1,50.4,0.0,338.64,265.25,73.39,282.2
2023-09-24,15,2023-09-24T14:00,mcn,McNary,62.2,57.5,0.0,338.51,265.35,73.16,321.0
2023-09-24,16,2023-09-24T15:00,mcn,McNary,63.7,59.0,0.0,338.5,265.51,72.99,328.6
2023-09-24,17,2023-09-24T16:00,mcn,McNary,74.1,69.4,0.0,338.4,265.5,72.9,386.0
2023-09-24,18,2023-09-24T17:00,mcn,McNary,82.6,77.9,0.0,338.43,265.64,72.79,432.6
2023-09-24,19,2023-09-24T18:00,mcn,McNary,82.2,77.5,0.0,338.54,265.42,73.12,432.4
2023-09-24,20,2023-09-24T19:00,mcn,McNary,80.6,75.9,0.0,338.46,265.41,73.05,423.0
2023-09-24,21,2023-09-24T20:00,mcn,McNary,82.1,77.4,0.0,338.4,265.54,72.86,430.3
2023-09-24,22,2023-09-24T21:00,mcn,McNary,81.9,77.2,0.0,338.5,265.38,73.12,430.7
2023-09-24,23,2023-09-24T22:00,mcn,McNary,60.8,56.1,0.0,338.5,265.05,73.45,314.4
2023-09-24,24,2023-09-24T23:00,mcn,McNary,56.3,51.6,0.0,338.45,265.09,73.36,288.8
2023-09-25,1,2023-09-25T00:00,mcn,McNary,54.5,49.8,0.0,338.39,265.0,73.39,278.9
2023-09-25,2,2023-09-25T01:00,mcn,McNary,54.3,49.6,0.0,338.4,265.07,73.33,277.5
2023-09-25,3,2023-09-25T02:00,mcn,McNary,55.0,50.3,0.0,338.61,265.42,73.19,280.9
2023-09-25,4,2023-09-25T03:00,mcn,McNary,55.1,50.4,0.0,338.53,265.37,73.16,281.3
2023-09-25,5,2023-09-25T04:00,mcn,McNary,55.5,50.2,0.5,338.51,265.21,73.3,280.8
2023-09-25,6,2023-09-25T05:00,mcn,McNary,64.4,50.5,9.2,338.55,265.17,73.38,282.7
2023-09-25,7,2023-09-25T06:00,mcn,McNary,65.1,51.2,9.2,338.51,265.19,73.32,286.4
2023-09-25,8,2023-09-25T07:00,mcn,McNary,64.9,51.0,9.2,338.56,265.26,73.3,285.2
2023-09-25,9,2023-09-25T08:00,mcn,McNary,65.6,51.6,9.3,338.51,265.28,73.23,288.3
2023-09-25,10,2023-09-25T09:00,mcn,McNary,64.8,58.4,1.8,338.61,265.16,73.45,327.3
2023-09-25,11,2023-09-25T10:00,mcn,McNary,60.3,55.6,0.0,338.56,265.1,73.46,311.6
2023-09-25,12,2023-09-25T11:00,mcn,McNary,60.2,55.5,0.0,338.54,265.15,73.39,310.8
2023-09-25,13,2023-09-25T12:00,mcn,McNary,61.6,56.9,0.0,338.53,265.22,73.31,318.3
2023-09-25,14,2023-09-25T13:00,mcn,McNary,60.8,56.1,0.0,338.52,265.51,73.01,312.5
2023-09-25,15,2023-09-25T14:00,mcn,McNary,69.5,64.8,0.0,338.49,265.5,72.99,360.9
2023-09-25,16,2023-09-25T15:00,mcn,McNary,71.0,66.3,0.0,338.56,265.31,73.25,370.5
2023-09-25,17,2023-09-25T16:00,mcn,McNary,71.7,67.0,0.0,338.58,265.13,73.45,375.5
2023-09-25,18,2023-09-25T17:00,mcn,McNary,71.3,66.6,0.0,338.53,265.24,73.29,372.4
2023-09-25,19,2023-09-25T18:00,mcn,McNary,70.2,65.5,0.0,338.49,265.24,73.25,366.1
2023-09-25,20,2023-09-25T19:00,mcn,McNary,70.3,65.6,0.0,338.51,265.34,73.17,366.2
2023-09-25,21,2023-09-25T20:00,mcn,McNary,67.5,62.8,0.0,338.51,265.38,73.13,350.4
2023-09-25,22,2023-09-25T21:00,mcn,McNary,71.1,66.4,0.0,338.61,265.14,73.47,372.2
2023-09-25,23,2023-09-25T22:00,mcn,McNary,56.2,51.5,0.0,338.64,265.0,73.64,289.4
2023-09-25,24,2023-09-25T23:00,mcn,McNary,55.7,51.0,0.0,338.58,265.14,73.44,285.8
2023-09-26,1,2023-09-26T00:00,mcn,McNary,54.9,50.2,0.0,338.57,265.17,73.4,281.1
2023-09-26,2,2023-09-26T01:00,mcn,McNary,54.8,50.1,0.0,338.56,265.14,73.42,280.7
2023-09-26,3,2023-09-26T02:00,mcn,McNary,55.3,50.6,0.0,338.62,265.19,73.43,283.5
2023-09-26,4,2023-09-26T03:00,mcn,McNary,55.1,50.4,0.0,338.71,265.18,73.53,282.8
2023-09-26,5,2023-09-26T04:00,mcn,McNary,55.2,50.5,0.0,338.66,265.09,73.57,283.5
2023-09-26,6,2023-09-26T05:00,mcn,McNary,56.2,51.5,0.0,338.73,265.23,73.5,288.8
2023-09-26,7,2023-09-26T06:00,mcn,McNary,65.6,60.9,0.0,338.75,265.5,73.25,340.4
2023-09-26,8,2023-09-26T07:00,mcn,McNary,66.5,61.8,0.0,338.77,265.41,73.36,345.9
2023-09-26,9,2023-09-26T08:00,mcn,McNary,64.4,59.7,0.0,338.82,265.29,73.53,334.9
2023-09-26,10,2023-09-26T09:00,mcn,McNary,65.5,60.8,0.0,338.89,265.26,73.63,341.6
2023-09-26,11,2023-09-26T10:00,mcn,McNary,64.9,60.2,0.0,338.96,265.16,73.8,339.0
2023-09-26,12,2023-09-26T11:00,mcn,McNary,56.1,51.4,0.0,338.98,265.12,73.86,289.7
2023-09-26,13,2023-09-26T12:00,mcn,McNary,55.8,51.1,0.0,339.03,265.21,73.82,287.8
2023-09-26,14,2023-09-26T13:00,mcn,McNary,55.4,50.7,0.0,339.08,265.14,73.94,286.0
2023-09-26,15,2023-09-26T14:00,mcn,McNary,55.0,50.3,0.0,339.06,264.99,74.07,284.3
2023-09-26,16,2023-09-26T15:00,mcn,McNary,55.5,50.8,0.0,339.06,265.04,74.02,286.9
2023-09-26,17,2023-09-26T16:00,mcn,McNary,68.6,63.9,0.0,339.06,265.31,73.75,359.6
2023-09-26,18,2023-09-26T17:00,mcn,McNary,79.8,75.1,0.0,339.06,265.39,73.67,422.1
2023-09-26,19,2023-09-26T18:00,mcn,McNary,80.4,75.7,0.0,339.05,265.4,73.65,425.4
2023-09-26,20,2023-09-26T19:00,mcn,McNary,80.9,76.2,0.0,339.02,265.39,73.63,428.1
2023-09-26,21,2023-09-26T20:00,mcn,McNary,81.2,76.5,0.0,338.97,265.25,73.72,430.3
2023-09-26,22,2023-09-26T21:00,mcn,McNary,80.5,75.8,0.0,338.96,265.04,73.92,427.5
2023-09-26,23,2023-09-26T22:00,mcn,McNary,62.7,58.0,0.0,339.0,264.89,74.11,328.0
2023-09-26,24,2023-09-26T23:00,mcn,McNary,61.5,56.8,0.0,338.92,265.04,73.88,320.2
2023-09-27,1,2023-09-27T00:00,mcn,McNary,61.0,56.3,0.0,338.97,265.01,73.96,317.7
2023-09-27,2,2023-09-27T01:00,mcn,McNary,61.6,56.9,0.0,339.01,265.23,73.78,320.3
2023-09-27,3,2023-09-27T02:00,mcn,McNary,62.1,57.4,0.0,338.96,265.14,73.82,323.3
2023-09-27,4,2023-09-27T03:00,mcn,McNary,62.0,57.3,0.0,338.98,265.08,73.9,323.1
2023-09-27,5,2023-09-27T04:00,mcn,McNary,61.2,56.2,0.2,339.02,265.04,73.98,317.2
2023-09-27,6,2023-09-27T05:00,mcn,McNary,71.0,56.6,9.7,339.03,265.21,73.82,318.8
2023-09-27,7,2023-09-27T06:00,mcn,McNary,74.5,60.1,9.8,339.13,265.29,73.84,338.6
2023-09-27,8,2023-09-27T07:00,mcn,McNary,75.0,60.4,9.9,339.13,265.34,73.79,340.1
2023-09-27,9,2023-09-27T08:00,mcn,McNary,75.4,60.8,9.9,339.11,265.3,73.81,342.4
2023-09-27,10,2023-09-27T09:00,mcn,McNary,66.0,60.5,0.8,339.19,264.98,74.21,342.6
2023-09-27,11,2023-09-27T10:00,mcn,McNary,64.3,59.6,0.0,339.25,265.0,74.25,337.7
2023-09-27,12,2023-09-27T11:00,mcn,McNary,64.3,59.6,0.0,339.29,265.15,74.14,337.2
2023-09-27,13,2023-09-27T12:00,mcn,McNary,64.2,59.5,0.0,339.26,265.55,73.71,334.6
2023-09-27,14,2023-09-27T13:00,mcn,McNary,65.0,60.3,0.0,339.19,265.68,73.51,338.2
2023-09-27,15,2023-09-27T14:00,mcn,McNary,75.3,70.6,0.0,339.24,265.52,73.72,397.1
2023-09-27,16,2023-09-27T15:00,mcn,McNary,75.7,71.0,0.0,339.3,265.41,73.89,400.3
2023-09-27,17,2023-09-27T16:00,mcn,McNary,90.7,86.0,0.0,339.15,265.68,73.47,482.1
2023-09-27,18,2023-09-27T17:00,mcn,McNary,91.6,86.9,0.0,339.17,265.68,73.49,487.3
2023-09-27,19,2023-09-27T18:00,mcn,McNary,82.1,77.4,0.0,339.14,265.7,73.44,433.7
2023-09-27,20,2023-09-27T19:00,mcn,McNary,81.3,76.6,0.0,339.05,265.77,73.28,428.3
2023-09-27,21,2023-09-27T20:00,mcn,McNary,81.5,76.8,0.0,339.19,265.52,73.67,431.7
2023-09-27,22,2023-09-27T21:00,mcn,McNary,80.6,75.9,0.0,339.16,265.12,74.04,428.8
2023-09-27,23,2023-09-27T22:00,mcn,McNary,70.8,66.1,0.0,339.23,265.06,74.17,374.1
2023-09-27,24,2023-09-27T23:00,mcn,McNary,62.1,57.4,0.0,339.22,265.03,74.19,324.9
2023-09-28,1,2023-09-28T00:00,mcn,McNary,61.5,56.8,0.0,339.12,265.11,74.01,320.7
2023-09-28,2,2023-09-28T01:00,mcn,McNary,61.5,56.8,0.0,339.18,265.16,74.02,320.8
2023-09-28,3,2023-09-28T02:00,mcn,McNary,61.8,57.1,0.0,339.14,265.18,73.96,322.2
2023-09-28,4,2023-09-28T03:00,mcn,McNary,61.8,57.1,0.0,339.13,265.05,74.08,322.7
2023-09-28,5,2023-09-28T04:00,mcn,McNary,62.2,57.5,0.0,339.16,265.16,74.0,324.7
2023-09-28,6,2023-09-28T05:00,mcn,McNary,75.4,70.7,0.0,339.1,265.34,73.76,397.9
2023-09-28,7,2023-09-28T06:00,mcn,McNary,75.9,71.2,0.0,339.09,265.3,73.79,400.9
2023-09-28,8,2023-09-28T07:00,mcn,McNary,76.0,71.3,0.0,339.07,265.31,73.76,401.3
2023-09-28,9,2023-09-28T08:00,mcn,McNary,76.1,71.4,0.0,339.04,265.34,73.7,401.5
2023-09-28,10,2023-09-28T09:00,mcn,McNary,76.0,71.3,0.0,339.06,265.25,73.81,401.5
2023-09-28,11,2023-09-28T10:00,mcn,McNary,76.0,68.9,0.0,339.07,265.12,73.95,388.8
2023-09-28,12,2023-09-28T11:00,mcn,McNary,76.6,71.9,0.0,339.04,265.57,73.47,403.1
2023-09-28,13,2023-09-28T12:00,mcn,McNary,75.0,70.3,0.0,338.94,265.55,73.39,393.7
2023-09-28,14,2023-09-28T13:00,mcn,McNary,76.3,71.6,0.0,338.98,265.48,73.5,401.5
2023-09-28,15,2023-09-28T14:00,mcn,McNary,90.7,86.0,0.0,338.82,265.76,73.06,479.4
2023-09-28,16,2023-09-28T15:00,mcn,McNary,91.3,86.6,0.0,338.89,265.42,73.47,485.5
2023-09-28,17,2023-09-28T16:00,mcn,McNary,93.7,89.0,0.0,338.86,265.54,73.32,497.9
2023-09-28,18,2023-09-28T17:00,mcn,McNary,90.2,85.5,0.0,338.78,265.71,73.07,476.7
2023-09-28,19,2023-09-28T18:00,mcn,McNary,90.5,85.8,0.0,338.75,265.66,73.09,478.5
2023-09-28,20,2023-09-28T19:00,mcn,McNary,92.0,87.3,0.0,338.73,265.48,73.25,487.9
2023-09-28,21,2023-09-28T20:00,mcn,McNary,91.7,87.0,0.0,338.7,265.52,73.18,485.8
2023-09-28,22,2023-09-28T21:00,mcn,McNary,92.1,87.4,0.0,338.74,265.49,73.25,488.5
2023-09-28,23,2023-09-28T22:00,mcn,McNary,75.9,71.2,0.0,338.74,265.06,73.68,400.3
2023-09-28,24,2023-09-28T23:00,mcn,McNary,62.5,57.8,0.0,338.8,264.94,73.86,325.7
2023-09-29,1,2023-09-29T00:00,mcn,McNary,60.8,56.1,0.0,338.64,264.98,73.66,315.3
2023-09-29,2,2023-09-29T01:00,mcn,McNary,60.9,56.2,0.0,338.71,265.0,73.71,316.1
2023-09-29,3,2023-09-29T02:00,mcn,McNary,60.8,56.1,0.0,338.75,265.18,73.57,314.9
2023-09-29,4,2023-09-29T03:00,mcn,McNary,60.9,56.2,0.0,338.68,265.21,73.47,315.0
2023-09-29,5,2023-09-29T04:00,mcn,McNary,71.0,65.9,0.4,338.65,265.27,73.38,369.0
2023-09-29,6,2023-09-29T05:00,mcn,McNary,79.2,65.2,9.4,338.71,265.23,73.48,365.5
2023-09-29,7,2023-09-29T06:00,mcn,McNary,80.7,66.6,9.4,338.66,265.28,73.38,372.9
2023-09-29,8,2023-09-29T07:00,mcn,McNary,79.1,65.0,9.4,338.63,265.26,73.37,363.9
2023-09-29,9,2023-09-29T08:00,mcn,McNary,72.0,57.9,9.4,338.77,265.1,73.67,325.5
2023-09-29,10,2023-09-29T09:00,mcn,McNary,63.5,56.6,2.2,338.77,264.99,73.78,318.6
2023-09-29,11,2023-09-29T10:00,mcn,McNary,61.0,56.3,0.0,338.77,265.0,73.77,316.9
2023-09-29,12,2023-09-29T11:00,mcn,McNary,61.0,56.3,0.0,338.81,265.1,73.71,316.6
2023-09-29,13,2023-09-29T12:00,mcn,McNary,62.0,57.3,0.0,338.84,265.13,73.71,322.3
2023-09-29,14,2023-09-29T13:00,mcn,McNary,61.6,56.9,0.0,338.91,265.11,73.8,320.4
2023-09-29,15,2023-09-29T14:00,mcn,McNary,61.9,57.2,0.0,338.93,265.01,73.92,322.6
2023-09-29,16,2023-09-29T15:00,mcn,McNary,60.6,55.9,0.0,338.9,265.05,73.85,315.0
2023-09-29,17,2023-09-29T16:00,mcn,McNary,79.7,75.0,0.0,338.87,265.38,73.49,420.5
2023-09-29,18,2023-09-29T17:00,mcn,McNary,80.7,76.0,0.0,338.9,265.38,73.52,426.3
2023-09-29,19,2023-09-29T18:00,mcn,McNary,90.5,85.8,0.0,338.84,265.61,73.23,479.4
2023-09-29,20,2023-09-29T19:00,mcn,McNary,92.0,87.3,0.0,338.77,265.53,73.24,487.9
2023-09-29,21,2023-09-29T20:00,mcn,McNary,92.2,87.5,0.0,338.78,265.55,73.23,488.9
2023-09-29,22,2023-09-29T21:00,mcn,McNary,91.5,86.8,0.0,338.74,265.41,73.33,485.7
2023-09-29,23,2023-09-29T22:00,mcn,McNary,91.3,86.6,0.0,338.7,265.54,73.16,483.4
2023-09-29,24,2023-09-29T23:00,mcn,McNary,76.3,71.6,0.0,338.62,265.18,73.44,401.2
2023-09-30,1,2023-09-30T00:00,mcn,McNary,75.8,71.1,0.0,338.6,265.21,73.39,398.1
2023-09-30,2,2023-09-30T01:00,mcn,McNary,76.3,71.6,0.0,338.52,265.14,73.38,400.9
2023-09-30,3,2023-09-30T02:00,mcn,McNary,63.6,58.9,0.0,338.71,264.96,73.75,331.4
2023-09-30,4,2023-09-30T03:00,mcn,McNary,62.9,58.2,0.0,338.59,265.2,73.39,325.9
2023-09-30,5,2023-09-30T04:00,mcn,McNary,62.7,58.0,0.0,338.64,265.22,73.42,324.9
2023-09-30,6,2023-09-30T05:00,mcn,McNary,59.6,54.9,0.0,338.73,265.08,73.65,308.5
2023-09-30,7,2023-09-30T06:00,mcn,McNary,61.0,56.3,0.0,338.75,265.08,73.67,316.5
2023-09-30,8,2023-09-30T07:00,mcn,McNary,60.1,55.4,0.0,338.76,265.16,73.6,311.1
2023-09-30,9,2023-09-30T08:00,mcn,McNary,62.4,57.7,0.0,338.82,265.16,73.66,324.3
2023-09-30,10,2023-09-30T09:00,mcn,McNary,61.1,56.4,0.0,338.86,265.14,73.72,317.2
2023-09-30,11,2023-09-30T10:00,mcn,McNary,59.6,54.9,0.0,338.9,265.1,73.8,309.1
2023-09-30,12,2023-09-30T11:00,mcn,McNary,59.6,54.9,0.0,338.84,264.97,73.87,309.4
2023-09-30,13,2023-09-30T12:00,mcn,McNary,58.6,53.9,0.0,338.84,264.96,73.88,303.8
2023-09-30,14,2023-09-30T13:00,mcn,McNary,60.0,55.3,0.0,338.88,265.05,73.83,311.5
2023-09-30,15,2023-09-30T14:00,mcn,McNary,60.2,55.5,0.0,338.89,264.99,73.9,312.9
2023-09-30,16,2023-09-30T15:00,mcn,McNary,60.4,55.7,0.0,338.83,265.09,73.74,313.4
2023-09-30,17,2023-09-30T16:00,mcn,McNary,65.6,60.9,0.0,338.83,265.12,73.71,342.5
2023-09-30,18,2023-09-30T17:00,mcn,McNary,75.4,70.7,0.0,338.78,265.14,73.64,397.2
2023-09-30,19,2023-09-30T18:00,mcn,McNary,75.4,70.7,0.0,338.9,265.07,73.83,398.3
2023-09-30,20,2023-09-30T19:00,mcn,McNary,76.0,71.3,0.0,338.81,265.1,73.71,401.0
2023-09-30,21,2023-09-30T20:00,mcn,McNary,75.6,70.9,0.0,338.8,265.07,73.73,398.9
2023-09-30,22,2023-09-30T21:00,mcn,McNary,75.5,70.8,0.0,338.8,265.15,73.65,397.9
2023-09-30,23,2023-09-30T22:00,mcn,McNary,75.0,70.3,0.0,338.84,265.07,73.77,395.7
2023-09-30,24,2023-09-30T23:00,mcn,McNary,61.8,57.1,0.0,338.84,264.92,73.92,322.0
2023-10-01,1,2023-10-01T00:00,mcn,McNary,60.4,55.7,0.0,338.81,264.95,73.86,313.9
2023-10-01,2,2023-10-01T01:00,mcn,McNary,60.4,55.7,0.0,338.8,264.89,73.91,314.1
2023-10-01,3,2023-10-01T02:00,mcn,McNary,60.5,55.8,0.0,338.87,264.92,73.95,314.8
2023-10-01,4,2023-10-01T03:00,mcn,McNary,59.9,55.2,0.0,338.85,264.98,73.87,311.1
2023-10-01,5,2023-10-01T04:00,mcn,McNary,61.7,55.1,1.9,338.82,265.06,73.76,310.1
2023-10-01,6,2023-10-01T05:00,mcn,McNary,69.9,55.6,9.5,338.82,264.96,73.86,313.3
2023-10-01,7,2023-10-01T06:00,mcn,McNary,69.4,55.2,9.5,338.88,264.97,73.91,311.3
2023-10-01,8,2023-10-01T07:00,mcn,McNary,69.1,54.8,9.6,338.89,265.0,73.89,309.0
2023-10-01,9,2023-10-01T08:00,mcn,McNary,70.1,55.9,9.5,338.86,265.05,73.81,314.8
2023-10-01,10,2023-10-01T09:00,mcn,McNary,59.4,54.6,0.2,338.96,264.99,73.97,308.2
2023-10-01,11,2023-10-01T10:00,mcn,McNary,60.5,55.8,0.0,338.92,265.02,73.9,314.6
2023-10-01,12,2023-10-01T11:00,mcn,McNary,61.5,56.8,0.0,338.89,264.96,73.93,320.4
2023-10-01,13,2023-10-01T12:00,mcn,McNary,60.7,56.0,0.0,338.88,264.89,73.99,316.1
2023-10-01,14,2023-10-01T13:00,mcn,McNary,61.8,57.1,0.0,338.9,264.89,74.01,322.4
2023-10-01,15,2023-10-01T14:00,mcn,McNary,62.6,57.9,0.0,338.84,264.88,73.96,326.7
2023-10-01,16,2023-10-01T15:00,mcn,McNary,69.0,64.3,0.0,338.85,264.94,73.91,362.6
2023-10-01,17,2023-10-01T16:00,mcn,McNary,83.2,78.5,0.0,338.73,265.15,73.58,440.7
2023-10-01,18,2023-10-01T17:00,mcn,McNary,90.3,85.6,0.0,338.76,265.29,73.47,479.9
2023-10-01,19,2023-10-01T18:00,mcn,McNary,91.0,86.3,0.0,338.76,265.23,73.53,484.2
2023-10-01,20,2023-10-01T19:00,mcn,McNary,91.7,87.0,0.0,338.65,265.24,73.41,487.3
2023-10-01,21,2023-10-01T20:00,mcn,McNary,91.4,86.7,0.0,338.66,265.15,73.51,486.3
2023-10-01,22,2023-10-01T21:00,mcn,McNary,75.8,71.1,0.0,338.72,264.84,73.88,400.8
2023-10-01,23,2023-10-01T22:00,mcn,McNary,61.9,57.2,0.0,338.76,264.83,73.93,322.7
2023-10-01,24,2023-10-01T23:00,mcn,McNary,60.0,55.3,0.0,338.81,264.96,73.85,311.6
2023-10-02,1,2023-10-02T00:00,mcn,McNary,59.5,54.8,0.0,338.74,264.87,73.87,308.9
2023-10-02,2,2023-10-02T01:00,mcn,McNary,59.3,54.6,0.0,338.87,264.89,73.98,308.2
2023-10-02,3,2023-10-02T02:00,mcn,McNary,59.4,54.7,0.0,338.89,265.05,73.84,308.2
2023-10-02,4,2023-10-02T03:00,mcn,McNary,60.1,55.4,0.0,338.9,264.94,73.96,312.6
2023-10-02,5,2023-10-02T04:00,mcn,McNary,60.7,56.0,0.0,338.96,265.02,73.94,315.9
2023-10-02,6,2023-10-02T05:00,mcn,McNary,68.7,64.0,0.0,338.99,265.07,73.92,361.0
2023-10-02,7,2023-10-02T06:00,mcn,McNary,70.2,65.5,0.0,339.0,265.09,73.91,369.4
2023-10-02,8,2023-10-02T07:00,mcn,McNary,72.4,67.7,0.0,339.0,265.03,73.97,382.1
2023-10-02,9,2023-10-02T08:00,mcn,McNary,70.6,65.9,0.0,339.0,265.08,73.92,371.7
2023-10-02,10,2023-10-02T09:00,mcn,McNary,69.4,64.7,0.0,339.07,265.01,74.06,365.6
2023-10-02,11,2023-10-02T10:00,mcn,McNary,69.3,64.6,0.0,339.1,264.95,74.15,365.5
2023-10-02,12,2023-10-02T11:00,mcn,McNary,68.5,63.8,0.0,339.08,265.2,73.88,359.6
2023-10-02,13,2023-10-02T12:00,mcn,McNary,70.0,65.3,0.0,339.1,265.16,73.94,368.4
2023-10-02,14,2023-10-02T13:00,mcn,McNary,70.4,65.7,0.0,339.11,265.11,74.0,371.0
2023-10-02,15,2023-10-02T14:00,mcn,McNary,70.6,65.9,0.0,339.16,264.97,74.19,373.0
2023-10-02,16,2023-10-02T15:00,mcn,McNary,70.9,66.2,0.0,339.14,265.12,74.02,373.9
2023-10-02,17,2023-10-02T16:00,mcn,McNary,71.3,66.6,0.0,339.19,265.05,74.14,376.7
2023-10-02,18,2023-10-02T17:00,mcn,McNary,71.7,67.0,0.0,339.24,264.96,74.28,379.7
2023-10-02,19,2023-10-02T18:00,mcn,McNary,69.7,65.0,0.0,339.22,264.96,74.26,368.3
2023-10-02,20,2023-10-02T19:00,mcn,McNary,68.9,64.2,0.0,339.19,265.0,74.19,363.4
2023-10-02,21,2023-10-02T20:00,mcn,McNary,70.5,65.8,0.0,339.24,265.02,74.22,372.6
2023-10-02,22,2023-10-02T21:00,mcn,McNary,71.3,66.6,0.0,339.2,264.98,74.22,377.2
2023-10-02,23,2023-10-02T22:00,mcn,McNary,71.1,66.4,0.0,339.25,264.93,74.32,376.5
2023-10-02,24,2023-10-02T23:00,mcn,McNary,62.2,57.5,0.0,339.32,264.83,74.49,326.8
2023-10-03,1,2023-10-03T00:00,mcn,McNary,61.0,56.3,0.0,339.37,264.89,74.48,319.9
2023-10-03,2,2023-10-03T01:00,mcn,McNary,61.2,56.5,0.0,339.39,264.84,74.55,321.4
2023-10-03,3,2023-10-03T02:00,mcn,McNary,62.1,57.4,0.0,339.43,264.9,74.53,326.4
2023-10-03,4,2023-10-03T03:00,mcn,McNary,62.0,57.3,0.0,339.44,265.11,74.33,325.0
2023-10-03,5,2023-10-03T04:00,mcn,McNary,79.7,75.0,0.0,339.46,265.2,74.26,425.0
2023-10-03,6,2023-10-03T05:00,mcn,McNary,81.1,76.4,0.0,339.52,265.08,74.44,433.9
2023-10-03,7,2023-10-03T06:00,mcn,McNary,91.0,86.3,0.0,339.57,265.25,74.32,489.4
2023-10-03,8,2023-10-03T07:00,mcn,McNary,90.6,85.9,0.0,339.64,265.12,74.52,488.4
2023-10-03,9,2023-10-03T08:00,mcn,McNary,91.6,86.9,0.0,339.58,265.23,74.35,493.0
2023-10-03,10,2023-10-03T09:00,mcn,McNary,92.6,87.9,0.0,339.67,265.39,74.28,498.2
2023-10-03,11,2023-10-03T10:00,mcn,McNary,88.6,83.9,0.0,339.62,265.35,74.27,475.4
2023-10-03,12,2023-10-03T11:00,mcn,McNary,92.4,87.7,0.0,339.62,265.45,74.17,496.3
2023-10-03,13,2023-10-03T12:00,mcn,McNary,91.0,86.3,0.0,339.68,265.21,74.47,490.4
2023-10-03,14,2023-10-03T13:00,mcn,McNary,78.7,74.0,0.0,339.67,265.06,74.61,421.3
2023-10-03,15,2023-10-03T14:00,mcn,McNary,80.1,75.4,0.0,339.62,265.14,74.48,428.5
2023-10-03,16,2023-10-03T15:00,mcn,McNary,80.3,75.6,0.0,339.65,265.33,74.32,428.7
2023-10-03,17,2023-10-03T16:00,mcn,McNary,81.7,77.0,0.0,339.67,265.28,74.39,437.0
2023-10-03,18,2023-10-03T17:00,mcn,McNary,92.2,87.5,0.0,339.59,265.57,74.02,494.2
2023-10-03,19,2023-10-03T18:00,mcn,McNary,91.3,86.6,0.0,339.52,265.54,73.98,488.8
2023-10-03,20,2023-10-03T19:00,mcn,McNary,91.4,86.7,0.0,339.46,265.48,73.98,489.4
2023-10-03,21,2023-10-03T20:00,mcn,McNary,90.6,85.9,0.0,339.42,265.48,73.94,484.6
2023-10-03,22,2023-10-03T21:00,mcn,McNary,80.7,76.0,0.0,339.54,265.32,74.22,430.4
2023-10-03,23,2023-10-03T22:00,mcn,McNary,70.8,66.1,0.0,339.5,265.16,74.34,374.9
2023-10-03,24,2023-10-03T23:00,mcn,McNary,68.8,64.1,0.0,339.58,265.32,74.26,363.2
2023-10-04,1,2023-10-04T00:00,mcn,McNary,68.2,63.5,0.0,339.55,265.25,74.3,360.0
2023-10-04,2,2023-10-04T01:00,mcn,McNary,70.7,66.0,0.0,339.49,265.21,74.28,374.1
2023-10-04,3,2023-10-04T02:00,mcn,McNary,70.0,65.3,0.0,339.47,265.44,74.03,368.8
2023-10-04,4,2023-10-04T03:00,mcn,McNary,73.2,68.5,0.0,339.54,265.25,74.29,388.3
2023-10-04,5,2023-10-04T04:00,mcn,McNary,72.1,65.5,1.9,339.45,265.37,74.08,370.2
2023-10-04,6,2023-10-04T05:00,mcn,McNary,90.9,76.0,10.2,339.42,265.57,73.85,428.2
2023-10-04,7,2023-10-04T06:00,mcn,McNary,91.7,76.8,10.2,339.43,265.47,73.96,433.4
2023-10-04,8,2023-10-04T07:00,mcn,McNary,90.4,75.5,10.2,339.39,265.52,73.87,425.5
2023-10-04,9,2023-10-04T08:00,mcn,McNary,85.1,70.3,10.1,339.35,265.28,74.07,397.3
2023-10-04,10,2023-10-04T09:00,mcn,McNary,74.3,68.1,1.5,339.39,265.12,74.27,385.9
2023-10-04,11,2023-10-04T10:00,mcn,McNary,71.5,66.8,0.0,339.34,265.15,74.19,378.1
2023-10-04,12,2023-10-04T11:00,mcn,McNary,75.8,71.1,0.0,339.34,265.46,73.88,400.8
2023-10-04,13,2023-10-04T12:00,mcn,McNary,76.1,71.4,0.0,339.32,265.39,73.93,402.8
2023-10-04,14,2023-10-04T13:00,mcn,McNary,75.5,70.8,0.0,339.31,265.34,73.97,399.6
2023-10-04,15,2023-10-04T14:00,mcn,McNary,76.1,71.4,0.0,339.27,265.14,74.13,403.8
2023-10-04,16,2023-10-04T15:00,mcn,McNary,77.4,72.7,0.0,339.23,265.09,74.14,411.3
2023-10-04,17,2023-10-04T16:00,mcn,McNary,84.9,80.2,0.0,339.14,265.29,73.85,451.9
2023-10-04,18,2023-10-04T17:00,mcn,McNary,86.9,82.2,0.0,339.2,265.49,73.71,462.3
2023-10-04,19,2023-10-04T18:00,mcn,McNary,87.5,82.8,0.0,339.23,265.46,73.77,466.1
2023-10-04,20,2023-10-04T19:00,mcn,McNary,86.0,81.3,0.0,339.25,265.17,74.08,459.5
2023-10-04,21,2023-10-04T20:00,mcn,McNary,85.4,80.7,0.0,339.27,265.13,74.14,456.5
2023-10-04,22,2023-10-04T21:00,mcn,McNary,84.5,79.8,0.0,339.27,265.06,74.21,451.8
2023-10-04,23,2023-10-04T22:00,mcn,McNary,66.9,62.2,0.0,339.35,264.94,74.41,353.1
2023-10-04,24,2023-10-04T23:00,mcn,McNary,66.4,61.7,0.0,339.3,265.12,74.18,349.2
2023-10-05,1,2023-10-05T00:00,mcn,McNary,65.4,60.7,0.0,339.25,265.11,74.14,343.4
2023-10-05,2,2023-10-05T01:00,mcn,McNary,66.3,61.6,0.0,339.25,265.11,74.14,348.5
2023-10-05,3,2023-10-05T02:00,mcn,McNary,66.3,61.6,0.0,339.32,265.1,74.22,348.8
2023-10-05,4,2023-10-05T03:00,mcn,McNary,66.1,61.4,0.0,339.36,265.11,74.25,347.8
2023-10-05,5,2023-10-05T04:00,mcn,McNary,67.1,62.4,0.0,339.39,265.07,74.32,353.8
2023-10-05,6,2023-10-05T05:00,mcn,McNary,72.5,67.8,0.0,339.45,265.23,74.22,384.0
2023-10-05,7,2023-10-05T06:00,mcn,McNary,77.6,72.9,0.0,339.46,265.4,74.06,411.9
2023-10-05,8,2023-10-05T07:00,mcn,McNary,84.5,79.8,0.0,339.5,265.49,74.01,450.6
2023-10-05,9,2023-10-05T08:00,mcn,McNary,86.6,81.9,0.0,339.48,265.33,74.15,463.4
2023-10-05,10,2023-10-05T09:00,mcn,McNary,75.0,70.3,0.0,339.55,264.96,74.59,400.1
2023-10-05,11,2023-10-05T10:00,mcn,McNary,73.9,69.2,0.0,339.55,265.01,74.54,393.6
2023-10-05,12,2023-10-05T11:00,mcn,McNary,74.4,69.7,0.0,339.47,265.11,74.36,395.5
2023-10-05,13,2023-10-05T12:00,mcn,McNary,74.8,70.1,0.0,339.46,265.23,74.23,397.0
2023-10-05,14,2023-10-05T13:00,mcn,McNary,75.0,70.3,0.0,339.41,265.14,74.27,398.4
2023-10-05,15,2023-10-05T14:00,mcn,McNary,76.0,71.3,0.0,339.39,265.3,74.09,403.1
2023-10-05,16,2023-10-05T15:00,mcn,McNary,94.6,89.9,0.0,339.27,265.38,73.89,506.8
2023-10-05,17,2023-10-05T16:00,mcn,McNary,93.3,88.6,0.0,339.2,265.62,73.58,497.4
2023-10-05,18,2023-10-05T17:00,mcn,McNary,113.9,109.2,0.0,338.99,266.03,72.96,607.9
2023-10-05,19,2023-10-05T18:00,mcn,McNary,117.9,113.2,0.0,339.03,266.08,72.95,630.1
2023-10-05,20,2023-10-05T19:00,mcn,McNary,117.8,113.1,0.0,339.06,265.83,73.23,631.9
2023-10-05,21,2023-10-05T20:00,mcn,McNary,100.7,96.0,0.0,339.07,265.41,73.66,539.5
2023-10-05,22,2023-10-05T21:00,mcn,McNary,88.1,83.4,0.0,339.07,265.02,74.05,471.2
2023-10-05,23,2023-10-05T22:00,mcn,McNary,70.0,65.3,0.0,339.13,264.85,74.28,370.1
2023-10-05,24,2023-10-05T23:00,mcn,McNary,63.2,58.5,0.0,339.11,264.89,74.22,331.3
2023-10-06,1,2023-10-06T00:00,mcn,McNary,62.3,57.6,0.0,339.12,264.97,74.15,325.9
2023-10-06,2,2023-10-06T01:00,mcn,McNary,57.9,53.2,0.0,339.11,265.0,74.11,300.8
2023-10-06,3,2023-10-06T02:00,mcn,McNary,58.3,53.6,0.0,339.2,265.01,74.19,303.4
2023-10-06,4,2023-10-06T03:00,mcn,McNary,57.5,52.8,0.0,339.27,264.94,74.33,299.4
2023-10-06,5,2023-10-06T04:00,mcn,McNary,61.9,55.2,2.1,339.32,265.24,74.08,312.0
2023-10-06,6,2023-10-06T05:00,mcn,McNary,81.6,66.8,10.1,339.28,265.57,73.71,375.7
2023-10-06,7,2023-10-06T06:00,mcn,McNary,100.8,86.1,10.0,339.26,265.76,73.5,482.9
2023-10-06,8,2023-10-06T07:00,mcn,McNary,99.8,85.1,10.0,339.34,265.46,73.88,479.7
2023-10-06,9,2023-10-06T08:00,mcn,McNary,89.6,74.7,10.1,339.38,265.15,74.23,423.1
2023-10-06,10,2023-10-06T09:00,mcn,McNary,84.2,71.7,7.7,339.33,264.91,74.42,407.1
2023-10-06,11,2023-10-06T10:00,mcn,McNary,70.8,66.1,0.0,339.32,264.9,74.42,375.3
2023-10-06,12,2023-10-06T11:00,mcn,McNary,70.6,65.9,0.0,339.34,265.27,74.07,372.4
2023-10-06,13,2023-10-06T12:00,mcn,McNary,70.0,65.3,0.0,339.38,265.25,74.13,369.3
2023-10-06,14,2023-10-06T13:00,mcn,McNary,70.4,65.7,0.0,339.4,265.16,74.24,372.2
2023-10-06,15,2023-10-06T14:00,mcn,McNary,74.8,70.1,0.0,339.29,265.04,74.25,397.1
2023-10-06,16,2023-10-06T15:00,mcn,McNary,72.7,68.0,0.0,339.31,264.95,74.36,385.8
2023-10-06,17,2023-10-06T16:00,mcn,McNary,73.2,68.5,0.0,339.16,265.44,73.72,385.3
2023-10-06,18,2023-10-06T17:00,mcn,McNary,117.9,113.2,0.0,339.03,266.15,72.88,629.5
2023-10-06,19,2023-10-06T18:00,mcn,McNary,120.6,115.9,0.0,339.13,266.02,73.11,646.5
2023-10-06,20,2023-10-06T19:00,mcn,McNary,95.4,90.7,0.0,339.22,265.22,74.0,512.1
2023-10-06,21,2023-10-06T20:00,mcn,McNary,67.3,62.6,0.0,339.12,264.74,74.38,355.3
2023-10-06,22,2023-10-06T21:00,mcn,McNary,65.9,61.2,0.0,339.13,264.83,74.3,346.9
2023-10-06,23,2023-10-06T22:00,mcn,McNary,64.6,59.9,0.0,339.17,264.89,74.28,339.5
2023-10-06,24,2023-10-06T23:00,mcn,McNary,64.5,59.8,0.0,339.14,265.44,73.7,336.3
2023-10-07,1,2023-10-07T00:00,mcn,McNary,65.7,61.0,0.0,339.18,265.26,73.92,344.0
2023-10-07,2,2023-10-07T01:00,mcn,McNary,66.0,61.3,0.0,339.2,265.1,74.1,346.6
2023-10-07,3,2023-10-07T02:00,mcn,McNary,77.9,73.2,0.0,339.1,265.06,74.04,413.5
2023-10-07,4,2023-10-07T03:00,mcn,McNary,80.3,75.6,0.0,339.24,265.08,74.16,427.8
2023-10-07,5,2023-10-07T04:00,mcn,McNary,80.8,76.1,0.0,339.2,265.45,73.75,428.2
2023-10-07,6,2023-10-07T05:00,mcn,McNary,81.3,76.6,0.0,339.22,265.71,73.51,429.6
2023-10-07,7,2023-10-07T06:00,mcn,McNary,98.9,94.2,0.0,339.2,265.9,73.3,526.8
2023-10-07,8,2023-10-07T07:00,mcn,McNary,92.6,87.9,0.0,339.28,265.55,73.73,494.5
2023-10-07,9,2023-10-07T08:00,mcn,McNary,96.6,91.9,0.0,339.21,265.68,73.53,515.6
2023-10-07,10,2023-10-07T09:00,mcn,McNary,99.5,94.8,0.0,339.22,265.8,73.42,531.1
2023-10-07,11,2023-10-07T10:00,mcn,McNary,84.2,79.5,0.0,339.27,265.55,73.72,447.2
2023-10-07,12,2023-10-07T11:00,mcn,McNary,83.1,78.4,0.0,339.28,265.71,73.57,440.1
2023-10-07,13,2023-10-07T12:00,mcn,McNary,83.7,79.0,0.0,339.29,265.67,73.62,443.8
2023-10-07,14,2023-10-07T13:00,mcn,McNary,82.2,77.5,0.0,339.33,265.33,74.0,437.6
2023-10-07,15,2023-10-07T14:00,mcn,McNary,65.7,61.0,0.0,339.33,265.11,74.22,345.4
2023-10-07,16,2023-10-07T15:00,mcn,McNary,72.7,68.0,0.0,339.26,265.55,73.71,382.4
2023-10-07,17,2023-10-07T16:00,mcn,McNary,76.4,71.7,0.0,339.25,265.48,73.77,403.6
2023-10-07,18,2023-10-07T17:00,mcn,McNary,76.2,71.5,0.0,339.27,265.52,73.75,402.3
2023-10-07,19,2023-10-07T18:00,mcn,McNary,75.8,71.1,0.0,339.21,265.5,73.71,399.9
2023-10-07,20,2023-10-07T19:00,mcn,McNary,75.3,70.6,0.0,339.23,265.2,74.03,398.8
2023-10-07,21,2023-10-07T20:00,mcn,McNary,70.2,65.5,0.0,339.26,265.1,74.16,370.6
2023-10-07,22,2023-10-07T21:00,mcn,McNary,69.5,64.8,0.0,339.28,265.38,73.9,365.4
2023-10-07,23,2023-10-07T22:00,mcn,McNary,69.6,64.9,0.0,339.25,265.4,73.85,365.7
2023-10-07,24,2023-10-07T23:00,mcn,McNary,70.1,65.4,0.0,339.28,265.42,73.86,368.6
2023-10-08,1,2023-10-08T00:00,mcn,McNary,70.0,65.3,0.0,339.13,265.42,73.71,367.3
2023-10-08,2,2023-10-08T01:00,mcn,McNary,70.7,66.0,0.0,339.18,265.26,73.92,372.2
2023-10-08,3,2023-10-08T02:00,mcn,McNary,70.9,66.2,0.0,339.28,265.27,74.01,373.8
2023-10-08,4,2023-10-08T03:00,mcn,McNary,84.9,80.2,0.0,339.26,265.73,73.53,449.9
2023-10-08,5,2023-10-08T04:00,mcn,McNary,98.5,91.8,2.0,339.18,266.09,73.09,511.9
2023-10-08,6,2023-10-08T05:00,mcn,McNary,122.3,107.7,9.9,339.14,266.36,72.78,598.1
2023-10-08,7,2023-10-08T06:00,mcn,McNary,140.9,126.4,9.8,339.07,266.61,72.46,698.8
2023-10-08,8,2023-10-08T07:00,mcn,McNary,120.2,105.6,9.9,339.15,265.9,73.25,590.2
2023-10-08,9,2023-10-08T08:00,mcn,McNary,102.4,87.8,9.9,339.06,265.79,73.27,490.8
2023-10-08,10,2023-10-08T09:00,mcn,McNary,82.6,76.9,1.1,339.14,265.52,73.62,432.0
2023-10-08,11,2023-10-08T10:00,mcn,McNary,65.0,60.3,0.0,339.17,265.39,73.78,339.5
2023-10-08,12,2023-10-08T11:00,mcn,McNary,64.6,59.9,0.0,339.12,265.57,73.55,336.2
2023-10-08,13,2023-10-08T12:00,mcn,McNary,64.8,60.1,0.0,339.14,265.59,73.55,337.3
2023-10-08,14,2023-10-08T13:00,mcn,McNary,64.9,60.2,0.0,339.1,265.48,73.62,338.2
2023-10-08,15,2023-10-08T14:00,mcn,McNary,64.9,60.2,0.0,339.11,265.36,73.75,338.8
2023-10-08,16,2023-10-08T15:00,mcn,McNary,64.7,60.0,0.0,339.24,265.22,74.02,338.9
2023-10-08,17,2023-10-08T16:00,mcn,McNary,65.2,60.5,0.0,339.2,265.24,73.96,341.4
2023-10-08,18,2023-10-08T17:00,mcn,McNary,68.8,64.1,0.0,339.2,265.44,73.76,360.7
2023-10-08,19,2023-10-08T18:00,mcn,McNary,68.7,64.0,0.0,339.22,265.43,73.79,360.3
2023-10-08,20,2023-10-08T19:00,mcn,McNary,79.6,74.9,0.0,339.23,265.35,73.88,422.2
2023-10-08,21,2023-10-08T20:00,mcn,McNary,80.5,75.8,0.0,339.23,265.29,73.94,427.6
2023-10-08,22,2023-10-08T21:00,mcn,McNary,80.1,75.4,0.0,339.17,265.15,74.02,425.8
2023-10-08,23,2023-10-08T22:00,mcn,McNary,74.3,69.6,0.0,339.23,265.11,74.12,393.6
2023-10-08,24,2023-10-08T23:00,mcn,McNary,74.4,69.7,0.0,339.13,265.14,73.99,393.5
2023-10-09,1,2023-10-09T00:00,mcn,McNary,74.9,70.2,0.0,339.08,265.16,73.92,395.9
2023-10-09,2,2023-10-09T01:00,mcn,McNary,75.1,70.4,0.0,339.14,265.26,73.88,396.8
2023-10-09,3,2023-10-09T02:00,mcn,McNary,74.7,70.0,0.0,339.15,265.28,73.87,394.5
2023-10-09,4,2023-10-09T03:00,mcn,McNary,71.3,66.6,0.0,339.22,265.22,74.0,376.0
2023-10-09,5,2023-10-09T04:00,mcn,McNary,71.1,66.4,0.0,339.24,265.46,73.78,373.8
2023-10-09,6,2023-10-09T05:00,mcn,McNary,92.9,88.2,0.0,339.19,265.87,73.32,493.4
2023-10-09,7,2023-10-09T06:00,mcn,McNary,96.3,91.6,0.0,339.22,265.85,73.37,512.8
2023-10-09,8,2023-10-09T07:00,mcn,McNary,95.8,91.1,0.0,339.28,265.82,73.46,510.6
2023-10-09,9,2023-10-09T08:00,mcn,McNary,96.4,91.7,0.0,339.26,265.87,73.39,513.5
2023-10-09,10,2023-10-09T09:00,mcn,McNary,96.1,91.4,0.0,339.21,265.72,73.49,512.5
2023-10-09,11,2023-10-09T10:00,mcn,McNary,96.0,91.3,0.0,339.2,265.74,73.46,511.7
2023-10-09,12,2023-10-09T11:00,mcn,McNary,94.8,90.1,0.0,339.14,265.82,73.32,504.0
2023-10-09,13,2023-10-09T12:00,mcn,McNary,95.1,90.4,0.0,339.12,265.82,73.3,505.6
2023-10-09,14,2023-10-09T13:00,mcn,McNary,95.3,90.6,0.0,339.02,265.82,73.2,506.0
2023-10-09,15,2023-10-09T14:00,mcn,McNary,95.3,90.6,0.0,338.93,265.8,73.13,505.5
2023-10-09,16,2023-10-09T15:00,mcn,McNary,95.6,90.9,0.0,338.9,265.84,73.06,506.7
2023-10-09,17,2023-10-09T16:00,mcn,McNary,95.8,91.1,0.0,338.91,265.96,72.95,507.1
2023-10-09,18,2023-10-09T17:00,mcn,McNary,96.7,92.0,0.0,338.79,266.03,72.76,510.7
2023-10-09,19,2023-10-09T18:00,mcn,McNary,95.3,90.6,0.0,338.8,265.81,72.99,504.6
2023-10-09,20,2023-10-09T19:00,mcn,McNary,95.1,90.4,0.0,338.77,265.79,72.98,503.4
2023-10-09,21,2023-10-09T20:00,mcn,McNary,86.0,81.3,0.0,338.73,265.48,73.25,454.4
2023-10-09,22,2023-10-09T21:00,mcn,McNary,85.9,81.2,0.0,338.7,265.66,73.04,452.5
2023-10-09,23,2023-10-09T22:00,mcn,McNary,84.2,79.5,0.0,338.73,265.58,73.15,443.7
2023-10-09,24,2023-10-09T23:00,mcn,McNary,73.9,69.2,0.0,338.75,265.52,73.23,386.7
2023-10-10,1,2023-10-10T00:00,mcn,McNary,72.5,67.8,0.0,338.74,265.49,73.25,378.9
2023-10-10,2,2023-10-10T01:00,mcn,McNary,75.6,70.9,0.0,338.65,265.56,73.09,395.4
2023-10-10,3,2023-10-10T02:00,mcn,McNary,75.8,71.1,0.0,338.84,265.54,73.3,397.6
2023-10-10,4,2023-10-10T03:00,mcn,McNary,75.6,70.9,0.0,338.8,265.52,73.28,396.4
2023-10-10,5,2023-10-10T04:00,mcn,McNary,75.7,71.0,0.0,338.85,265.59,73.26,396.9
2023-10-10,6,2023-10-10T05:00,mcn,McNary,76.2,71.5,0.0,338.85,265.53,73.32,400.0
2023-10-10,7,2023-10-10T06:00,mcn,McNary,75.9,71.2,0.0,338.96,265.67,73.29,398.2
2023-10-10,8,2023-10-10T07:00,mcn,McNary,75.2,70.5,0.0,339.0,265.55,73.45,395.1
2023-10-10,9,2023-10-10T08:00,mcn,McNary,75.3,70.6,0.0,338.97,265.49,73.48,395.8
2023-10-10,10,2023-10-10T09:00,mcn,McNary,75.8,71.1,0.0,339.01,265.73,73.28,397.5
2023-10-10,11,2023-10-10T10:00,mcn,McNary,75.8,71.3,0.0,338.99,265.53,73.46,399.6
2023-10-10,12,2023-10-10T11:00,mcn,McNary,75.3,70.6,0.0,338.95,265.55,73.4,395.4
2023-10-10,13,2023-10-10T12:00,mcn,McNary,75.6,70.9,0.0,338.96,265.53,73.43,397.2
2023-10-10,14,2023-10-10T13:00,mcn,McNary,75.5,70.8,0.0,338.88,265.54,73.34,396.2
2023-10-10,15,2023-10-10T14:00,mcn,McNary,74.7,70.0,0.0,338.91,265.5,73.41,392.1
2023-10-10,16,2023-10-10T15:00,mcn,McNary,72.8,68.1,0.0,338.92,265.18,73.74,383.2
2023-10-10,17,2023-10-10T16:00,mcn,McNary,73.5,68.8,0.0,338.86,265.52,73.34,385.0
2023-10-10,18,2023-10-10T17:00,mcn,McNary,90.0,85.3,0.0,338.75,266.03,72.72,473.3
2023-10-10,19,2023-10-10T18:00,mcn,McNary,89.9,85.2,0.0,338.78,265.82,72.96,474.3
2023-10-10,20,2023-10-10T19:00,mcn,McNary,90.2,85.5,0.0,338.75,265.84,72.91,475.6
2023-10-10,21,2023-10-10T20:00,mcn,McNary,89.7,85.0,0.0,338.74,265.62,73.12,474.2
2023-10-10,22,2023-10-10T21:00,mcn,McNary,72.9,68.2,0.0,338.86,265.12,73.74,383.7
2023-10-10,23,2023-10-10T22:00,mcn,McNary,67.0,62.3,0.0,338.86,265.28,73.58,349.8
2023-10-10,24,2023-10-10T23:00,mcn,McNary,66.5,61.8,0.0,338.84,265.58,73.26,345.4
2023-10-11,1,2023-10-11T00:00,mcn,McNary,66.9,62.2,0.0,338.94,265.6,73.34,348.1
2023-10-11,2,2023-10-11T01:00,mcn,McNary,66.6,61.9,0.0,338.91,265.49,73.42,346.8
2023-10-11,3,2023-10-11T02:00,mcn,McNary,66.8,62.1,0.0,338.91,265.4,73.51,348.3
2023-10-11,4,2023-10-11T03:00,mcn,McNary,65.5,60.8,0.0,338.95,265.22,73.73,342.0
2023-10-11,5,2023-10-11T04:00,mcn,McNary,66.7,60.9,1.1,338.99,265.45,73.54,341.7
2023-10-11,6,2023-10-11T05:00,mcn,McNary,75.3,60.9,9.7,339.02,265.54,73.48,341.4
2023-10-11,7,2023-10-11T06:00,mcn,McNary,75.7,61.2,9.9,339.2,265.45,73.75,344.4
2023-10-11,8,2023-10-11T07:00,mcn,McNary,75.1,60.5,9.9,339.22,265.43,73.79,340.6
2023-10-11,9,2023-10-11T08:00,mcn,McNary,75.4,60.7,10.0,339.28,265.44,73.84,342.0
2023-10-11,10,2023-10-11T09:00,mcn,McNary,74.6,69.4,0.4,339.28,265.49,73.79,390.7
2023-10-11,11,2023-10-11T10:00,mcn,McNary,74.4,69.7,0.0,339.26,265.51,73.75,392.2
2023-10-11,12,2023-10-11T11:00,mcn,McNary,73.6,68.9,0.0,339.25,265.54,73.71,387.5
2023-10-11,13,2023-10-11T12:00,mcn,McNary,73.7,69.0,0.0,339.25,265.39,73.86,388.9
2023-10-11,14,2023-10-11T13:00,mcn,McNary,73.7,69.0,0.0,339.24,265.38,73.86,388.9
2023-10-11,15,2023-10-11T14:00,mcn,McNary,73.6,68.9,0.0,339.16,265.4,73.76,387.8
2023-10-11,16,2023-10-11T15:00,mcn,McNary,74.4,69.7,0.0,339.1,265.42,73.68,391.8
2023-10-11,17,2023-10-11T16:00,mcn,McNary,69.0,64.3,0.0,339.08,265.48,73.6,361.1
2023-10-11,18,2023-10-11T17:00,mcn,McNary,84.4,79.7,0.0,339.01,265.82,73.19,445.1
2023-10-11,19,2023-10-11T18:00,mcn,McNary,85.4,80.7,0.0,339.03,265.82,73.21,450.8
2023-10-11,20,2023-10-11T19:00,mcn,McNary,85.6,80.9,0.0,339.04,265.69,73.35,452.8
2023-10-11,21,2023-10-11T20:00,mcn,McNary,85.9,81.2,0.0,338.99,265.59,73.4,454.8
2023-10-11,22,2023-10-11T21:00,mcn,McNary,86.2,81.5,0.0,338.99,265.59,73.4,456.4
2023-10-11,23,2023-10-11T22:00,mcn,McNary,80.5,75.8,0.0,338.94,265.25,73.69,426.2
2023-10-11,24,2023-10-11T23:00,mcn,McNary,70.8,66.1,0.0,338.94,265.39,73.55,370.9
2023-10-12,1,2023-10-12T00:00,mcn,McNary,65.2,60.5,0.0,338.93,265.32,73.61,339.8
2023-10-12,2,2023-10-12T01:00,mcn,McNary,56.1,51.4,0.0,338.96,265.18,73.78,289.4
2023-10-12,3,2023-10-12T02:00,mcn,McNary,64.5,59.8,0.0,338.9,265.31,73.59,335.8
2023-10-12,4,2023-10-12T03:00,mcn,McNary,61.8,57.1,0.0,338.95,265.28,73.67,321.0
2023-10-12,5,2023-10-12T04:00,mcn,McNary,63.1,58.4,0.0,338.98,265.34,73.64,328.1
2023-10-12,6,2023-10-12T05:00,mcn,McNary,64.9,60.2,0.0,339.0,265.64,73.36,337.0
2023-10-12,7,2023-10-12T06:00,mcn,McNary,85.0,80.3,0.0,339.04,265.8,73.24,448.7
2023-10-12,8,2023-10-12T07:00,mcn,McNary,81.4,76.7,0.0,339.14,265.65,73.49,430.1
2023-10-12,9,2023-10-12T08:00,mcn,McNary,80.8,76.1,0.0,339.19,265.62,73.57,427.2
2023-10-12,10,2023-10-12T09:00,mcn,McNary,66.2,61.5,0.0,339.26,265.14,74.12,347.8
2023-10-12,11,2023-10-12T10:00,mcn,McNary,65.4,60.7,0.0,339.22,265.14,74.08,343.1
2023-10-12,12,2023-10-12T11:00,mcn,McNary,62.9,58.2,0.0,339.24,265.05,74.19,329.5
2023-10-12,13,2023-10-12T12:00,mcn,McNary,64.3,59.4,0.2,339.24,265.11,74.13,336.0
2023-10-12,14,2023-10-12T13:00,mcn,McNary,65.1,60.4,0.0,339.19,265.2,73.99,341.0
2023-10-12,15,2023-10-12T14:00,mcn,McNary,72.1,67.4,0.0,339.13,265.21,73.92,380.1
2023-10-12,16,2023-10-12T15:00,mcn,McNary,75.7,71.0,0.0,339.11,265.17,73.94,400.6
2023-10-12,17,2023-10-12T16:00,mcn,McNary,76.9,72.2,0.0,339.07,265.27,73.8,406.6
2023-10-12,18,2023-10-12T17:00,mcn,McNary,80.6,75.9,0.0,339.02,265.3,73.72,426.9
2023-10-12,19,2023-10-12T18:00,mcn,McNary,81.3,76.6,0.0,338.98,265.26,73.72,430.9
2023-10-12,20,2023-10-12T19:00,mcn,McNary,81.2,76.5,0.0,339.1,265.31,73.79,430.7
2023-10-12,21,2023-10-12T20:00,mcn,McNary,81.5,76.8,0.0,339.0,265.19,73.81,432.5
2023-10-12,22,2023-10-12T21:00,mcn,McNary,81.2,76.5,0.0,339.09,265.17,73.92,431.5
2023-10-12,23,2023-10-12T22:00,mcn,McNary,71.2,66.5,0.0,339.13,265.06,74.07,375.8
2023-10-12,24,2023-10-12T23:00,mcn,McNary,63.8,59.1,0.0,339.08,265.04,74.04,333.9
2023-10-13,1,2023-10-13T00:00,mcn,McNary,65.3,60.6,0.0,338.97,265.11,73.86,341.5
2023-10-13,2,2023-10-13T01:00,mcn,McNary,62.3,57.6,0.0,339.16,265.07,74.09,325.6
2023-10-13,3,2023-10-13T02:00,mcn,McNary,63.0,58.3,0.0,339.16,265.26,73.9,328.7
2023-10-13,4,2023-10-13T03:00,mcn,McNary,80.3,75.6,0.0,339.1,265.48,73.62,424.7
2023-10-13,5,2023-10-13T04:00,mcn,McNary,81.9,76.3,0.9,339.18,265.66,73.52,428.0
2023-10-13,6,2023-10-13T05:00,mcn,McNary,110.0,95.4,9.9,339.11,266.02,73.09,532.0
2023-10-13,7,2023-10-13T06:00,mcn,McNary,100.7,86.1,9.9,339.16,265.85,73.31,481.6
2023-10-13,8,2023-10-13T07:00,mcn,McNary,99.7,85.1,9.9,339.19,265.85,73.34,476.2
2023-10-13,9,2023-10-13T08:00,mcn,McNary,100.0,85.3,10.0,339.26,265.59,73.67,479.5
2023-10-13,10,2023-10-13T09:00,mcn,McNary,79.3,72.4,2.2,339.4,265.31,74.09,409.3
2023-10-13,11,2023-10-13T10:00,mcn,McNary,74.0,69.3,0.0,339.33,265.32,74.01,391.3
2023-10-13,12,2023-10-13T11:00,mcn,McNary,74.8,70.1,0.0,339.33,265.54,73.79,394.7
2023-10-13,13,2023-10-13T12:00,mcn,McNary,89.5,84.8,0.0,339.29,265.93,73.36,474.7
2023-10-13,14,2023-10-13T13:00,mcn,McNary,94.6,89.9,0.0,339.27,265.85,73.42,503.6
2023-10-13,15,2023-10-13T14:00,mcn,McNary,95.4,90.7,0.0,339.16,265.81,73.35,507.6
2023-10-13,16,2023-10-13T15:00,mcn,McNary,86.0,81.3,0.0,339.13,265.57,73.56,456.3
2023-10-13,17,2023-10-13T16:00,mcn,McNary,86.1,81.4,0.0,338.92,265.61,73.31,455.3
2023-10-13,18,2023-10-13T17:00,mcn,McNary,85.6,80.9,0.0,338.93,265.67,73.26,452.2
2023-10-13,19,2023-10-13T18:00,mcn,McNary,85.2,80.5,0.0,338.86,265.72,73.14,449.2
2023-10-13,20,2023-10-13T19:00,mcn,McNary,85.3,80.6,0.0,338.86,265.62,73.24,450.4
2023-10-13,21,2023-10-13T20:00,mcn,McNary,85.8,81.1,0.0,338.88,265.51,73.37,454.0
2023-10-13,22,2023-10-13T21:00,mcn,McNary,83.8,79.1,0.0,338.86,265.17,73.69,444.7
2023-10-13,23,2023-10-13T22:00,mcn,McNary,66.5,61.8,0.0,338.91,264.99,73.92,348.6
2023-10-13,24,2023-10-13T23:00,mcn,McNary,64.4,59.7,0.0,338.85,265.18,73.67,335.6
2023-10-14,1,2023-10-14T00:00,mcn,McNary,65.1,60.4,0.0,338.76,265.09,73.67,339.5
2023-10-14,2,2023-10-14T01:00,mcn,McNary,65.2,60.5,0.0,338.83,265.12,73.71,340.3
2023-10-14,3,2023-10-14T02:00,mcn,McNary,65.0,60.3,0.0,338.85,265.12,73.73,339.2
2023-10-14,4,2023-10-14T03:00,mcn,McNary,65.5,60.8,0.0,338.88,265.24,73.64,341.6
2023-10-14,5,2023-10-14T04:00,mcn,McNary,77.5,72.8,0.0,338.88,265.58,73.3,407.2
2023-10-14,6,2023-10-14T05:00,mcn,McNary,100.0,95.3,0.0,338.89,265.9,72.99,530.7
2023-10-14,7,2023-10-14T06:00,mcn,McNary,101.4,96.7,0.0,338.93,265.93,73.0,538.6
2023-10-14,8,2023-10-14T07:00,mcn,McNary,105.7,101.0,0.0,338.85,266.01,72.84,561.3
2023-10-14,9,2023-10-14T08:00,mcn,McNary,114.6,109.9,0.0,338.8,265.93,72.87,611.0
2023-10-14,10,2023-10-14T09:00,mcn,McNary,114.5,109.8,0.0,338.84,265.61,73.23,613.5
2023-10-14,11,2023-10-14T10:00,mcn,McNary,86.6,81.9,0.0,338.88,265.3,73.58,459.8
2023-10-14,12,2023-10-14T11:00,mcn,McNary,67.0,62.3,0.0,338.82,265.2,73.62,350.0
2023-10-14,13,2023-10-14T12:00,mcn,McNary,65.9,61.2,0.0,338.79,265.25,73.54,343.4
2023-10-14,14,2023-10-14T13:00,mcn,McNary,65.7,61.0,0.0,338.82,265.17,73.65,342.8
2023-10-14,15,2023-10-14T14:00,mcn,McNary,59.1,54.4,0.0,338.85,265.02,73.83,306.4
2023-10-14,16,2023-10-14T15:00,mcn,McNary,56.8,52.1,0.0,338.76,264.97,73.79,293.3
2023-10-14,17,2023-10-14T16:00,mcn,McNary,55.9,51.2,0.0,338.82,264.9,73.92,288.8
2023-10-14,18,2023-10-14T17:00,mcn,McNary,55.3,50.6,0.0,338.8,265.01,73.79,284.9
2023-10-14,19,2023-10-14T18:00,mcn,McNary,55.6,50.9,0.0,338.84,265.09,73.75,286.4
2023-10-14,20,2023-10-14T19:00,mcn,McNary,55.5,50.8,0.0,338.84,265.02,73.82,286.1
2023-10-14,21,2023-10-14T20:00,mcn,McNary,56.1,51.4,0.0,338.88,264.84,74.04,290.4
2023-10-14,22,2023-10-14T21:00,mcn,McNary,64.9,60.2,0.0,338.92,264.9,74.02,340.0
2023-10-14,23,2023-10-14T22:00,mcn,McNary,65.6,60.9,0.0,339.01,264.86,74.15,344.6
2023-10-14,24,2023-10-14T23:00,mcn,McNary,65.5,60.8,0.0,338.95,264.94,74.01,343.3
2023-10-15,1,2023-10-15T00:00,mcn,McNary,75.4,70.7,0.0,338.94,265.11,73.83,398.3
2023-10-15,2,2023-10-15T01:00,mcn,McNary,76.2,71.5,0.0,339.0,265.04,73.96,403.5
2023-10-15,3,2023-10-15T02:00,mcn,McNary,76.0,71.3,0.0,339.01,264.93,74.08,403.0
2023-10-15,4,2023-10-15T03:00,mcn,McNary,76.7,72.0,0.0,339.01,265.22,73.79,405.4
2023-10-15,5,2023-10-15T04:00,mcn,McNary,96.1,89.0,2.4,339.0,265.67,73.33,498.0
2023-10-15,6,2023-10-15T05:00,mcn,McNary,104.7,90.3,9.8,339.11,265.6,73.51,506.5
2023-10-15,7,2023-10-15T06:00,mcn,McNary,104.7,90.2,9.8,339.08,265.65,73.43,505.4
2023-10-15,8,2023-10-15T07:00,mcn,McNary,104.6,90.2,9.7,338.96,265.75,73.21,503.9
2023-10-15,9,2023-10-15T08:00,mcn,McNary,104.8,90.4,9.7,338.98,265.59,73.39,506.2
2023-10-15,10,2023-10-15T09:00,mcn,McNary,86.7,80.3,1.7,339.04,265.02,74.02,453.5
2023-10-15,11,2023-10-15T10:00,mcn,McNary,71.0,66.3,0.0,339.01,265.14,73.87,373.7
2023-10-15,12,2023-10-15T11:00,mcn,McNary,70.1,65.4,0.0,339.02,265.24,73.78,368.2
2023-10-15,13,2023-10-15T12:00,mcn,McNary,69.9,65.2,0.0,338.99,265.12,73.87,367.5
2023-10-15,14,2023-10-15T13:00,mcn,McNary,64.9,60.2,0.0,339.05,264.92,74.13,340.5
2023-10-15,15,2023-10-15T14:00,mcn,McNary,68.8,64.1,0.0,338.99,265.06,73.93,361.6
2023-10-15,16,2023-10-15T15:00,mcn,McNary,82.5,77.8,0.0,338.93,265.12,73.81,438.1
2023-10-15,17,2023-10-15T16:00,mcn,McNary,71.8,67.1,0.0,338.95,264.94,74.01,378.9
2023-10-15,18,2023-10-15T17:00,mcn,McNary,72.0,67.3,0.0,338.88,265.34,73.54,377.6
2023-10-15,19,2023-10-15T18:00,mcn,McNary,70.6,65.9,0.0,338.96,265.09,73.87,371.4
2023-10-15,20,2023-10-15T19:00,mcn,McNary,70.4,65.7,0.0,338.89,264.96,73.93,370.6
2023-10-15,21,2023-10-15T20:00,mcn,McNary,69.7,65.0,0.0,338.91,265.03,73.88,366.4
2023-10-15,22,2023-10-15T21:00,mcn,McNary,69.6,64.9,0.0,338.89,265.11,73.78,365.3
2023-10-15,23,2023-10-15T22:00,mcn,McNary,70.1,65.4,0.0,338.88,264.93,73.95,369.0
2023-10-15,24,2023-10-15T23:00,mcn,McNary,66.2,61.5,0.0,338.92,264.88,74.04,347.4
2023-10-16,1,2023-10-16T00:00,mcn,McNary,65.9,61.2,0.0,338.86,264.94,73.92,345.2
2023-10-16,2,2023-10-16T01:00,mcn,McNary,63.4,58.7,0.0,338.9,264.79,74.11,331.9
2023-10-16,3,2023-10-16T02:00,mcn,McNary,65.6,60.9,0.0,338.85,265.05,73.8,342.9
2023-10-16,4,2023-10-16T03:00,mcn,McNary,59.3,54.6,0.0,338.84,264.99,73.85,307.7
2023-10-16,5,2023-10-16T04:00,mcn,McNary,64.6,59.9,0.0,338.84,265.02,73.82,337.4
2023-10-16,6,2023-10-16T05:00,mcn,McNary,70.8,66.1,0.0,338.83,265.12,73.71,371.8
2023-10-16,7,2023-10-16T06:00,mcn,McNary,80.2,75.5,0.0,338.95,265.28,73.67,424.4
2023-10-16,8,2023-10-16T07:00,mcn,McNary,81.2,76.5,0.0,338.99,265.25,73.74,430.4
2023-10-16,9,2023-10-16T08:00,mcn,McNary,81.5,76.8,0.0,338.96,265.24,73.72,432.0
2023-10-16,10,2023-10-16T09:00,mcn,McNary,71.7,67.0,0.0,339.03,264.95,74.08,378.7
2023-10-16,11,2023-10-16T10:00,mcn,McNary,71.3,66.6,0.0,339.05,264.95,74.1,376.5
2023-10-16,12,2023-10-16T11:00,mcn,McNary,71.3,66.6,0.0,339.07,264.98,74.09,376.5
2023-10-16,13,2023-10-16T12:00,mcn,McNary,71.5,66.8,0.0,339.1,265.05,74.05,377.4
2023-10-16,14,2023-10-16T13:00,mcn,McNary,72.1,67.4,0.0,339.14,265.08,74.06,380.9
2023-10-16,15,2023-10-16T14:00,mcn,McNary,71.6,66.9,0.0,339.07,265.22,73.85,377.0
2023-10-16,16,2023-10-16T15:00,mcn,McNary,99.5,94.8,0.0,338.99,265.56,73.43,531.1
2023-10-16,17,2023-10-16T16:00,mcn,McNary,102.4,97.7,0.0,338.93,265.53,73.4,547.2
2023-10-16,18,2023-10-16T17:00,mcn,McNary,100.6,95.9,0.0,338.87,265.58,73.29,536.3
2023-10-16,19,2023-10-16T18:00,mcn,McNary,100.5,95.8,0.0,338.92,265.74,73.18,534.9
2023-10-16,20,2023-10-16T19:00,mcn,McNary,98.3,93.6,0.0,338.83,265.5,73.33,523.7
2023-10-16,21,2023-10-16T20:00,mcn,McNary,64.0,59.3,0.0,338.89,264.68,74.21,335.8
2023-10-16,22,2023-10-16T21:00,mcn,McNary,63.6,58.9,0.0,338.87,264.89,73.98,332.5
2023-10-16,23,2023-10-16T22:00,mcn,McNary,64.5,59.8,0.0,338.92,264.98,73.94,337.4
2023-10-16,24,2023-10-16T23:00,mcn,McNary,64.9,60.2,0.0,338.92,265.24,73.68,338.4
2023-10-17,1,2023-10-17T00:00,mcn,McNary,65.6,60.9,0.0,338.93,265.22,73.71,342.5
2023-10-17,2,2023-10-17T01:00,mcn,McNary,66.8,62.1,0.0,338.93,265.09,73.84,349.9
2023-10-17,3,2023-10-17T02:00,mcn,McNary,66.1,61.4,0.0,338.84,264.93,73.91,346.3
2023-10-17,4,2023-10-17T03:00,mcn,McNary,66.3,61.6,0.0,338.84,264.95,73.89,347.3
2023-10-17,5,2023-10-17T04:00,mcn,McNary,67.2,62.5,0.0,338.91,265.05,73.86,352.2
2023-10-17,6,2023-10-17T05:00,mcn,McNary,66.8,62.1,0.0,338.88,265.25,73.63,348.9
2023-10-17,7,2023-10-17T06:00,mcn,McNary,94.0,89.3,0.0,338.75,265.84,72.91,496.8
2023-10-17,8,2023-10-17T07:00,mcn,McNary,98.5,93.8,0.0,338.72,265.64,73.08,523.0
2023-10-17,9,2023-10-17T08:00,mcn,McNary,95.1,90.4,0.0,338.66,265.58,73.08,504.1
2023-10-17,10,2023-10-17T09:00,mcn,McNary,96.5,91.8,0.0,338.62,265.43,73.19,512.6
2023-10-17,11,2023-10-17T10:00,mcn,McNary,77.6,72.9,0.0,338.69,265.15,73.54,409.0
2023-10-17,12,2023-10-17T11:00,mcn,McNary,77.4,72.7,0.0,338.62,265.37,73.25,406.3
2023-10-17,13,2023-10-17T12:00,mcn,McNary,77.8,73.1,0.0,338.67,265.58,73.09,407.7
2023-10-17,14,2023-10-17T13:00,mcn,McNary,78.7,74.0,0.0,338.7,265.24,73.46,414.8
2023-10-17,15,2023-10-17T14:00,mcn,McNary,78.1,73.4,0.0,338.7,265.26,73.44,411.3
2023-10-17,16,2023-10-17T15:00,mcn,McNary,96.5,91.8,0.0,338.56,265.75,72.81,510.0
2023-10-17,17,2023-10-17T16:00,mcn,McNary,100.5,95.8,0.0,338.53,265.8,72.73,531.6
2023-10-17,18,2023-10-17T17:00,mcn,McNary,97.9,93.2,0.0,338.49,265.53,72.96,518.8
2023-10-17,19,2023-10-17T18:00,mcn,McNary,95.8,91.1,0.0,338.48,265.77,72.71,505.4
2023-10-17,20,2023-10-17T19:00,mcn,McNary,96.4,91.7,0.0,338.4,265.73,72.67,508.5
2023-10-17,21,2023-10-17T20:00,mcn,McNary,97.8,93.1,0.0,338.32,265.53,72.79,517.1
2023-10-17,22,2023-10-17T21:00,mcn,McNary,96.5,91.8,0.0,338.34,265.46,72.88,510.5
2023-10-17,23,2023-10-17T22:00,mcn,McNary,76.3,71.6,0.0,338.39,265.24,73.15,399.6
2023-10-17,24,2023-10-17T23:00,mcn,McNary,65.7,61.0,0.0,338.4,265.13,73.27,341.0
2023-10-18,1,2023-10-18T00:00,mcn,McNary,66.1,61.4,0.0,338.36,265.3,73.06,342.3
2023-10-18,2,2023-10-18T01:00,mcn,McNary,66.1,61.4,0.0,338.42,265.32,73.1,342.5
2023-10-18,3,2023-10-18T02:00,mcn,McNary,66.1,61.4,0.0,338.3,265.36,72.94,341.7
2023-10-18,4,2023-10-18T03:00,mcn,McNary,66.2,61.5,0.0,338.39,265.5,72.89,342.0
2023-10-18,5,2023-10-18T04:00,mcn,McNary,68.0,61.7,1.6,338.34,265.4,72.94,343.4
2023-10-18,6,2023-10-18T05:00,mcn,McNary,75.9,62.2,9.1,338.37,265.52,72.85,345.7
2023-10-18,7,2023-10-18T06:00,mcn,McNary,84.6,70.7,9.1,338.42,265.64,72.78,392.6
2023-10-18,8,2023-10-18T07:00,mcn,McNary,86.7,72.8,9.2,338.52,265.66,72.86,404.7
2023-10-18,9,2023-10-18T08:00,mcn,McNary,86.3,72.2,9.3,338.67,265.63,73.04,402.4
2023-10-18,10,2023-10-18T09:00,mcn,McNary,78.6,72.7,1.2,338.73,265.58,73.15,405.8
2023-10-18,11,2023-10-18T10:00,mcn,McNary,76.3,71.6,0.0,338.83,265.65,73.18,399.8
2023-10-18,12,2023-10-18T11:00,mcn,McNary,78.8,74.1,0.0,338.96,265.64,73.32,414.5
2023-10-18,13,2023-10-18T12:00,mcn,McNary,79.0,74.3,0.0,338.95,265.63,73.32,415.7
2023-10-18,14,2023-10-18T13:00,mcn,McNary,77.8,73.1,0.0,338.94,265.6,73.34,409.1
2023-10-18,15,2023-10-18T14:00,mcn,McNary,77.4,72.7,0.0,339.03,265.71,73.32,406.7
2023-10-18,16,2023-10-18T15:00,mcn,McNary,95.9,91.2,0.0,338.93,266.06,72.87,507.1
2023-10-18,17,2023-10-18T16:00,mcn,McNary,107.7,103.0,0.0,338.95,265.94,73.01,573.8
2023-10-18,18,2023-10-18T17:00,mcn,McNary,107.1,102.4,0.0,338.89,266.01,72.88,569.4
2023-10-18,19,2023-10-18T18:00,mcn,McNary,106.5,101.8,0.0,338.85,266.03,72.82,565.6
2023-10-18,20,2023-10-18T19:00,mcn,McNary,105.6,100.9,0.0,338.71,265.92,72.79,560.4
2023-10-18,21,2023-10-18T20:00,mcn,McNary,105.2,100.5,0.0,338.79,265.78,73.01,559.9
2023-10-18,22,2023-10-18T21:00,mcn,McNary,86.7,82.0,0.0,338.77,265.75,73.02,456.9
2023-10-18,23,2023-10-18T22:00,mcn,McNary,85.0,80.3,0.0,338.77,265.65,73.12,448.0
2023-10-18,24,2023-10-18T23:00,mcn,McNary,67.4,62.7,0.0,338.8,265.58,73.22,350.3
2023-10-19,1,2023-10-19T00:00,mcn,McNary,65.5,60.8,0.0,338.66,265.6,73.06,338.9
2023-10-19,2,2023-10-19T01:00,mcn,McNary,65.8,61.1,0.0,338.7,265.61,73.09,340.7
2023-10-19,3,2023-10-19T02:00,mcn,McNary,65.4,60.7,0.0,338.74,265.62,73.12,338.6
2023-10-19,4,2023-10-19T03:00,mcn,McNary,65.5,60.8,0.0,338.72,265.58,73.14,339.3
2023-10-19,5,2023-10-19T04:00,mcn,McNary,74.6,69.9,0.0,338.81,265.86,72.95,389.1
2023-10-19,6,2023-10-19T05:00,mcn,McNary,76.2,71.5,0.0,338.86,265.91,72.95,398.0
2023-10-19,7,2023-10-19T06:00,mcn,McNary,95.2,90.5,0.0,338.91,266.18,72.73,502.2
2023-10-19,8,2023-10-19T07:00,mcn,McNary,95.3,90.6,0.0,338.99,266.0,72.99,504.6
2023-10-19,9,2023-10-19T08:00,mcn,McNary,74.9,70.2,0.0,339.09,265.56,73.53,393.8
2023-10-19,10,2023-10-19T09:00,mcn,McNary,75.1,70.4,0.0,339.13,265.54,73.59,395.3
2023-10-19,11,2023-10-19T10:00,mcn,McNary,82.9,69.6,8.6,339.2,265.62,73.58,390.7
2023-10-19,12,2023-10-19T11:00,mcn,McNary,81.2,71.2,5.3,339.21,265.81,73.4,398.7
2023-10-19,13,2023-10-19T12:00,mcn,McNary,81.4,70.6,6.1,339.3,265.71,73.59,396.4
2023-10-19,14,2023-10-19T13:00,mcn,McNary,80.1,68.6,6.8,339.28,265.71,73.57,385.1
2023-10-19,15,2023-10-19T14:00,mcn,McNary,93.2,84.8,3.7,339.19,265.86,73.33,474.5
2023-10-19,16,2023-10-19T15:00,mcn,McNary,92.7,88.0,0.0,339.22,265.69,73.53,493.7
2023-10-19,17,2023-10-19T16:00,mcn,McNary,88.7,84.0,0.0,339.17,265.97,73.2,469.2
2023-10-19,18,2023-10-19T17:00,mcn,McNary,93.4,88.7,0.0,339.15,265.84,73.31,496.1
2023-10-19,19,2023-10-19T18:00,mcn,McNary,85.1,80.4,0.0,339.22,265.65,73.57,451.3
2023-10-19,20,2023-10-19T19:00,mcn,McNary,66.3,61.6,0.0,339.25,265.26,73.99,347.8
2023-10-19,21,2023-10-19T20:00,mcn,McNary,66.2,61.5,0.0,339.2,265.46,73.74,346.0
2023-10-19,22,2023-10-19T21:00,mcn,McNary,66.3,61.6,0.0,339.2,265.44,73.76,346.7
2023-10-19,23,2023-10-19T22:00,mcn,McNary,65.5,60.8,0.0,339.12,265.58,73.54,341.2
2023-10-19,24,2023-10-19T23:00,mcn,McNary,65.3,60.6,0.0,339.19,265.76,73.43,339.5
2023-10-20,1,2023-10-20T00:00,mcn,McNary,64.1,59.4,0.0,339.13,265.58,73.55,333.3
2023-10-20,2,2023-10-20T01:00,mcn,McNary,66.0,61.3,0.0,339.16,265.46,73.7,344.7
2023-10-20,3,2023-10-20T02:00,mcn,McNary,64.6,59.9,0.0,339.17,265.53,73.64,336.6
2023-10-20,4,2023-10-20T03:00,mcn,McNary,65.9,61.2,0.0,339.09,265.68,73.41,342.8
2023-10-20,5,2023-10-20T04:00,mcn,McNary,86.8,80.6,1.4,339.04,266.18,72.86,448.1
2023-10-20,6,2023-10-20T05:00,mcn,McNary,104.7,90.2,9.8,339.07,266.29,72.78,500.9
2023-10-20,7,2023-10-20T06:00,mcn,McNary,105.6,91.1,9.8,339.02,266.23,72.79,506.0
2023-10-20,8,2023-10-20T07:00,mcn,McNary,104.1,89.6,9.8,339.07,265.97,73.1,499.7
2023-10-20,9,2023-10-20T08:00,mcn,McNary,84.6,70.1,9.8,339.08,265.51,73.57,393.5
2023-10-20,10,2023-10-20T09:00,mcn,McNary,61.0,56.3,0.0,339.12,265.42,73.7,316.6
2023-10-20,11,2023-10-20T10:00,mcn,McNary,72.8,58.3,9.8,339.12,265.64,73.48,326.9
2023-10-20,12,2023-10-20T11:00,mcn,McNary,66.7,62.0,0.0,339.19,265.81,73.38,347.1
2023-10-20,13,2023-10-20T12:00,mcn,McNary,63.2,58.5,0.0,339.28,265.66,73.62,328.6
2023-10-20,14,2023-10-20T13:00,mcn,McNary,62.6,57.9,0.0,339.27,265.57,73.7,325.6
2023-10-20,15,2023-10-20T14:00,mcn,McNary,62.6,58.3,,339.26,265.36,73.9,328.7
2023-10-20,16,2023-10-20T15:00,mcn,McNary,65.5,60.8,0.0,339.25,265.49,73.76,342.2
2023-10-20,17,2023-10-20T16:00,mcn,McNary,91.5,86.8,0.0,339.09,266.2,72.89,482.7
2023-10-20,18,2023-10-20T17:00,mcn,McNary,105.7,101.0,0.0,339.09,266.41,72.68,560.1
2023-10-20,19,2023-10-20T18:00,mcn,McNary,105.3,100.6,0.0,339.19,266.28,72.91,559.6
2023-10-20,20,2023-10-20T19:00,mcn,McNary,103.0,98.3,0.0,339.12,266.03,73.09,548.2
2023-10-20,21,2023-10-20T20:00,mcn,McNary,86.4,81.7,0.0,339.19,265.17,74.02,461.4
2023-10-20,22,2023-10-20T21:00,mcn,McNary,75.7,71.0,0.0,339.14,265.24,73.9,400.3
2023-10-20,23,2023-10-20T22:00,mcn,McNary,66.7,62.0,0.0,339.13,265.54,73.59,348.1
2023-10-20,24,2023-10-20T23:00,mcn,McNary,65.8,61.1,0.0,339.16,265.77,73.39,342.1
2023-10-21,1,2023-10-21T00:00,mcn,McNary,65.4,60.7,0.0,339.17,265.58,73.59,340.8
2023-10-21,2,2023-10-21T01:00,mcn,McNary,65.6,60.9,0.0,339.12,265.5,73.62,342.1
2023-10-21,3,2023-10-21T02:00,mcn,McNary,66.2,61.5,0.0,339.19,265.35,73.84,346.5
2023-10-21,4,2023-10-21T03:00,mcn,McNary,66.4,61.7,0.0,339.15,265.38,73.77,347.3
2023-10-21,5,2023-10-21T04:00,mcn,McNary,66.9,62.2,0.0,339.17,265.61,73.56,349.1
2023-10-21,6,2023-10-21T05:00,mcn,McNary,66.6,61.9,0.0,339.15,265.64,73.51,347.2
2023-10-21,7,2023-10-21T06:00,mcn,McNary,66.3,61.6,0.0,339.23,265.71,73.52,345.5
2023-10-21,8,2023-10-21T07:00,mcn,McNary,80.4,75.7,0.0,339.28,265.86,73.42,424.1
2023-10-21,9,2023-10-21T08:00,mcn,McNary,95.4,90.7,0.0,339.28,265.97,73.31,507.3
2023-10-21,10,2023-10-21T09:00,mcn,McNary,96.2,91.5,0.0,339.35,266.0,73.35,512.1
2023-10-21,11,2023-10-21T10:00,mcn,McNary,96.1,91.4,0.0,339.34,266.0,73.34,511.5
2023-10-21,12,2023-10-21T11:00,mcn,McNary,82.7,78.0,0.0,339.35,265.61,73.74,438.9
2023-10-21,13,2023-10-21T12:00,mcn,McNary,70.5,65.8,0.0,339.38,265.38,74.0,371.5
2023-10-21,14,2023-10-21T13:00,mcn,McNary,70.2,65.5,0.0,339.37,265.32,74.05,370.1
2023-10-21,15,2023-10-21T14:00,mcn,McNary,69.9,65.2,0.0,339.37,265.46,73.91,367.7
2023-10-21,16,2023-10-21T15:00,mcn,McNary,79.3,74.6,0.0,339.35,265.58,73.77,419.9
2023-10-21,17,2023-10-21T16:00,mcn,McNary,81.5,76.8,0.0,339.26,265.73,73.53,430.9
2023-10-21,18,2023-10-21T17:00,mcn,McNary,94.0,89.3,0.0,339.11,265.89,73.22,498.9
2023-10-21,19,2023-10-21T18:00,mcn,McNary,96.1,91.4,0.0,339.1,265.74,73.36,511.6
2023-10-21,20,2023-10-21T19:00,mcn,McNary,95.7,91.0,0.0,339.09,265.74,73.35,509.3
2023-10-21,21,2023-10-21T20:00,mcn,McNary,82.1,77.4,0.0,339.06,265.58,73.48,433.9
2023-10-21,22,2023-10-21T21:00,mcn,McNary,80.8,76.1,0.0,338.92,265.71,73.21,425.1
2023-10-21,23,2023-10-21T22:00,mcn,McNary,80.7,76.0,0.0,338.96,265.38,73.58,426.7
2023-10-21,24,2023-10-21T23:00,mcn,McNary,61.3,56.6,0.0,338.96,265.13,73.83,318.8
2023-10-22,1,2023-10-22T00:00,mcn,McNary,60.3,55.6,0.0,338.92,265.14,73.78,313.0
2023-10-22,2,2023-10-22T01:00,mcn,McNary,61.4,56.7,0.0,338.93,265.23,73.7,318.8
2023-10-22,3,2023-10-22T02:00,mcn,McNary,61.7,57.0,0.0,338.92,265.34,73.58,320.0
2023-10-22,4,2023-10-22T03:00,mcn,McNary,61.8,57.1,0.0,338.95,265.41,73.54,320.4
2023-10-22,5,2023-10-22T04:00,mcn,McNary,63.2,57.1,1.4,338.87,265.49,73.38,319.7
2023-10-22,6,2023-10-22T05:00,mcn,McNary,71.6,57.3,9.6,338.88,265.3,73.58,321.7
2023-10-22,7,2023-10-22T06:00,mcn,McNary,80.4,66.1,9.6,338.88,265.48,73.4,370.2
2023-10-22,8,2023-10-22T07:00,mcn,McNary,80.1,65.8,9.6,338.87,265.62,73.25,367.8
2023-10-22,9,2023-10-22T08:00,mcn,McNary,79.6,65.4,9.5,338.84,265.59,73.25,365.5
2023-10-22,10,2023-10-22T09:00,mcn,McNary,81.3,76.5,0.1,338.79,265.63,73.16,427.0
2023-10-22,11,2023-10-22T10:00,mcn,McNary,79.8,75.1,0.0,338.76,265.45,73.31,420.1
2023-10-22,12,2023-10-22T11:00,mcn,McNary,66.4,61.7,0.0,338.79,265.2,73.59,346.4
2023-10-22,13,2023-10-22T12:00,mcn,McNary,65.3,60.6,0.0,338.77,265.37,73.4,339.4
2023-10-22,14,2023-10-22T13:00,mcn,McNary,65.4,60.7,0.0,338.83,265.41,73.42,340.0
2023-10-22,15,2023-10-22T14:00,mcn,McNary,65.4,60.7,0.0,338.86,265.25,73.61,340.9
2023-10-22,16,2023-10-22T15:00,mcn,McNary,66.4,61.7,0.0,338.81,265.45,73.36,345.4
2023-10-22,17,2023-10-22T16:00,mcn,McNary,80.2,75.5,0.0,338.73,265.55,73.18,421.6
2023-10-22,18,2023-10-22T17:00,mcn,McNary,79.1,74.4,0.0,338.76,265.41,73.35,416.4
2023-10-22,19,2023-10-22T18:00,mcn,McNary,78.6,73.9,0.0,338.79,265.47,73.32,413.4
2023-10-22,20,2023-10-22T19:00,mcn,McNary,66.0,61.3,0.0,338.79,265.17,73.62,344.3
2023-10-22,21,2023-10-22T20:00,mcn,McNary,66.0,61.3,0.0,338.79,265.18,73.61,344.3
2023-10-22,22,2023-10-22T21:00,mcn,McNary,66.9,62.2,0.0,338.74,265.22,73.52,348.9
2023-10-22,23,2023-10-22T22:00,mcn,McNary,64.7,60.0,0.0,338.77,265.26,73.51,336.5
2023-10-22,24,2023-10-22T23:00,mcn,McNary,66.3,61.6,0.0,338.74,265.34,73.4,345.0
2023-10-23,1,2023-10-23T00:00,mcn,McNary,65.7,61.0,0.0,338.78,265.31,73.47,342.0
2023-10-23,2,2023-10-23T01:00,mcn,McNary,66.2,61.5,0.0,338.68,265.25,73.43,344.6
2023-10-23,3,2023-10-23T02:00,mcn,McNary,66.6,61.9,0.0,338.77,265.18,73.59,347.6
2023-10-23,4,2023-10-23T03:00,mcn,McNary,66.7,62.0,0.0,338.71,265.23,73.48,347.6
2023-10-23,5,2023-10-23T04:00,mcn,McNary,66.3,61.6,0.0,338.71,265.26,73.45,345.2
2023-10-23,6,2023-10-23T05:00,mcn,McNary,67.3,62.6,0.0,338.64,265.26,73.38,350.5
2023-10-23,7,2023-10-23T06:00,mcn,McNary,65.4,60.7,0.0,338.73,265.27,73.46,340.2
2023-10-23,8,2023-10-23T07:00,mcn,McNary,65.2,60.5,0.0,338.79,265.25,73.54,339.5
2023-10-23,9,2023-10-23T08:00,mcn,McNary,64.3,59.6,0.0,338.8,265.22,73.58,334.6
2023-10-23,10,2023-10-23T09:00,mcn,McNary,67.2,62.5,0.0,338.78,265.31,73.47,350.4
2023-10-23,11,2023-10-23T10:00,mcn,McNary,66.0,61.3,0.0,338.85,265.44,73.41,343.4
2023-10-23,12,2023-10-23T11:00,mcn,McNary,65.8,61.1,0.0,338.8,265.4,73.4,342.2
2023-10-23,13,2023-10-23T12:00,mcn,McNary,67.0,62.3,0.0,338.91,265.22,73.69,350.3
2023-10-23,14,2023-10-23T13:00,mcn,McNary,65.8,61.1,0.0,338.84,265.45,73.39,342.1
2023-10-23,15,2023-10-23T14:00,mcn,McNary,66.5,61.8,0.0,338.86,265.4,73.46,346.4
2023-10-23,16,2023-10-23T15:00,mcn,McNary,61.1,56.4,0.0,338.86,265.27,73.59,316.7
2023-10-23,17,2023-10-23T16:00,mcn,McNary,64.8,60.1,0.0,338.83,265.31,73.52,337.1
2023-10-23,18,2023-10-23T17:00,mcn,McNary,64.8,60.1,0.0,338.86,265.58,73.28,336.0
2023-10-23,19,2023-10-23T18:00,mcn,McNary,76.6,71.9,0.0,338.75,265.47,73.28,402.0
2023-10-23,20,2023-10-23T19:00,mcn,McNary,77.0,72.3,0.0,338.82,265.43,73.39,404.9
2023-10-23,21,2023-10-23T20:00,mcn,McNary,76.7,72.0,0.0,338.81,265.51,73.3,402.7
2023-10-23,22,2023-10-23T21:00,mcn,McNary,72.3,67.6,0.0,338.78,265.16,73.62,379.7
2023-10-23,23,2023-10-23T22:00,mcn,McNary,73.6,68.9,0.0,338.85,265.2,73.65,387.2
2023-10-23,24,2023-10-23T23:00,mcn,McNary,65.9,61.2,0.0,338.78,264.93,73.85,344.8
2023-10-24,1,2023-10-24T00:00,mcn,McNary,65.9,61.2,0.0,338.71,265.1,73.61,343.7
2023-10-24,2,2023-10-24T01:00,mcn,McNary,65.8,61.1,0.0,338.76,265.13,73.63,343.3
2023-10-24,3,2023-10-24T02:00,mcn,McNary,64.0,59.3,0.0,338.75,265.1,73.65,333.2
2023-10-24,4,2023-10-24T03:00,mcn,McNary,65.0,60.3,0.0,338.76,265.11,73.65,338.9
2023-10-24,5,2023-10-24T04:00,mcn,McNary,68.0,63.3,0.0,338.74,265.13,73.61,355.5
2023-10-24,6,2023-10-24T05:00,mcn,McNary,69.9,65.2,0.0,338.76,265.04,73.72,366.7
2023-10-24,7,2023-10-24T06:00,mcn,McNary,66.6,61.9,0.0,338.71,265.2,73.51,347.2
2023-10-24,8,2023-10-24T07:00,mcn,McNary,76.6,71.9,0.0,338.7,265.34,73.36,402.5
2023-10-24,9,2023-10-24T08:00,mcn,McNary,78.3,73.6,0.0,338.71,265.24,73.47,412.6
2023-10-24,10,2023-10-24T09:00,mcn,McNary,77.3,72.6,0.0,338.67,265.16,73.51,407.2
2023-10-24,11,2023-10-24T10:00,mcn,McNary,75.0,70.3,0.0,338.66,265.29,73.37,393.5
2023-10-24,12,2023-10-24T11:00,mcn,McNary,79.3,74.6,0.0,338.71,265.38,73.33,417.4
2023-10-24,13,2023-10-24T12:00,mcn,McNary,85.2,80.5,0.0,338.67,265.27,73.4,450.8
2023-10-24,14,2023-10-24T13:00,mcn,McNary,66.8,62.1,0.0,338.73,264.99,73.74,349.4
2023-10-24,15,2023-10-24T14:00,mcn,McNary,68.4,62.9,0.8,338.7,265.03,73.67,353.6
2023-10-24,16,2023-10-24T15:00,mcn,McNary,67.0,62.3,0.0,338.76,265.04,73.72,350.4
2023-10-24,17,2023-10-24T16:00,mcn,McNary,77.1,72.4,0.0,338.74,265.32,73.42,405.6
2023-10-24,18,2023-10-24T17:00,mcn,McNary,87.2,82.5,0.0,338.7,265.67,73.03,459.7
2023-10-24,19,2023-10-24T18:00,mcn,McNary,91.7,87.0,0.0,338.66,265.64,73.02,484.7
2023-10-24,20,2023-10-24T19:00,mcn,McNary,86.9,82.2,0.0,338.69,265.29,73.4,460.4
2023-10-24,21,2023-10-24T20:00,mcn,McNary,89.8,85.1,0.0,338.59,265.31,73.28,475.8
2023-10-24,22,2023-10-24T21:00,mcn,McNary,88.1,83.4,0.0,338.65,265.12,73.53,467.9
2023-10-24,23,2023-10-24T22:00,mcn,McNary,81.0,76.3,0.0,338.59,265.07,73.52,428.0
2023-10-24,24,2023-10-24T23:00,mcn,McNary,62.4,57.7,0.0,338.57,264.9,73.67,324.3
2023-10-25,1,2023-10-25T00:00,mcn,McNary,70.4,65.7,0.0,338.52,265.08,73.44,368.1
2023-10-25,2,2023-10-25T01:00,mcn,McNary,70.7,66.0,0.0,338.59,264.89,73.7,371.1
2023-10-25,3,2023-10-25T02:00,mcn,McNary,70.9,66.2,0.0,338.57,265.0,73.57,371.6
2023-10-25,4,2023-10-25T03:00,mcn,McNary,71.3,66.6,0.0,338.49,265.42,73.07,371.3
2023-10-25,5,2023-10-25T04:00,mcn,McNary,91.4,85.1,1.6,338.45,265.73,72.72,472.2
2023-10-25,6,2023-10-25T05:00,mcn,McNary,90.0,76.0,9.2,338.66,265.35,73.31,425.1
2023-10-25,7,2023-10-25T06:00,mcn,McNary,89.1,75.1,9.3,338.69,265.38,73.31,420.1
2023-10-25,8,2023-10-25T07:00,mcn,McNary,90.4,76.3,9.3,338.64,265.43,73.21,426.2
2023-10-25,9,2023-10-25T08:00,mcn,McNary,92.5,78.5,9.4,338.75,265.35,73.4,439.6
2023-10-25,10,2023-10-25T09:00,mcn,McNary,79.4,74.5,0.2,338.87,265.22,73.65,418.7
2023-10-25,11,2023-10-25T10:00,mcn,McNary,80.5,75.8,0.0,338.95,265.32,73.63,425.8
2023-10-25,12,2023-10-25T11:00,mcn,McNary,81.1,76.4,0.0,339.03,265.19,73.84,430.4
2023-10-25,13,2023-10-25T12:00,mcn,McNary,80.1,75.4,0.0,339.02,265.2,73.82,424.7
2023-10-25,14,2023-10-25T13:00,mcn,McNary,77.6,72.9,0.0,339.07,265.27,73.8,410.5
2023-10-25,15,2023-10-25T14:00,mcn,McNary,79.5,74.8,0.0,339.09,265.26,73.83,421.4
2023-10-25,16,2023-10-25T15:00,mcn,McNary,84.0,79.3,0.0,339.13,265.35,73.78,446.4
2023-10-25,17,2023-10-25T16:00,mcn,McNary,101.7,97.0,0.0,339.03,265.7,73.33,542.7
2023-10-25,18,2023-10-25T17:00,mcn,McNary,108.8,104.1,0.0,338.98,265.7,73.28,582.1
2023-10-25,19,2023-10-25T18:00,mcn,McNary,110.8,106.1,0.0,339.03,265.63,73.4,594.2
2023-10-25,20,2023-10-25T19:00,mcn,McNary,120.2,115.5,0.0,338.98,265.77,73.21,645.2
2023-10-25,21,2023-10-25T20:00,mcn,McNary,115.8,111.1,0.0,338.97,265.78,73.19,620.4
2023-10-25,22,2023-10-25T21:00,mcn,McNary,120.0,115.3,0.0,338.96,265.83,73.13,643.4
2023-10-25,23,2023-10-25T22:00,mcn,McNary,91.3,86.6,0.0,339.0,265.05,73.95,488.6
2023-10-25,24,2023-10-25T23:00,mcn,McNary,76.6,71.9,0.0,338.92,264.99,73.93,405.6
2023-10-26,1,2023-10-26T00:00,mcn,McNary,65.6,60.9,0.0,338.9,264.93,73.97,343.7
2023-10-26,2,2023-10-26T01:00,mcn,McNary,65.5,60.8,0.0,338.93,265.01,73.92,342.9
2023-10-26,3,2023-10-26T02:00,mcn,McNary,64.9,60.2,0.0,338.86,265.14,73.72,338.6
2023-10-26,4,2023-10-26T03:00,mcn,McNary,66.0,61.3,0.0,338.94,265.23,73.71,344.8
2023-10-26,5,2023-10-26T04:00,mcn,McNary,81.8,77.1,0.0,338.88,265.44,73.44,432.0
2023-10-26,6,2023-10-26T05:00,mcn,McNary,102.5,97.8,0.0,338.94,265.82,73.12,545.6
2023-10-26,7,2023-10-26T06:00,mcn,McNary,122.7,118.0,0.0,338.96,266.18,72.78,655.3
2023-10-26,8,2023-10-26T07:00,mcn,McNary,123.8,119.1,0.0,339.04,266.16,72.88,662.3
2023-10-26,9,2023-10-26T08:00,mcn,McNary,123.4,118.7,0.0,339.03,266.14,72.89,660.2
2023-10-26,10,2023-10-26T09:00,mcn,McNary,126.7,122.0,0.0,339.01,266.05,72.96,679.2
2023-10-26,11,2023-10-26T10:00,mcn,McNary,130.3,125.6,0.0,339.08,266.12,72.96,699.2
2023-10-26,12,2023-10-26T11:00,mcn,McNary,124.3,119.6,0.0,339.07,266.05,73.02,666.3
2023-10-26,13,2023-10-26T12:00,mcn,McNary,124.3,119.6,0.0,339.07,266.11,72.96,665.8
2023-10-26,14,2023-10-26T13:00,mcn,McNary,110.2,105.5,0.0,339.1,265.76,73.34,590.4
2023-10-26,15,2023-10-26T14:00,mcn,McNary,102.1,97.4,0.0,339.09,265.61,73.48,546.1
2023-10-26,16,2023-10-26T15:00,mcn,McNary,100.0,95.3,0.0,339.07,265.57,73.5,534.4
2023-10-26,17,2023-10-26T16:00,mcn,McNary,89.0,84.3,0.0,339.1,265.5,73.6,473.4
2023-10-26,18,2023-10-26T17:00,mcn,McNary,86.9,82.2,0.0,339.06,265.65,73.41,460.4
2023-10-26,19,2023-10-26T18:00,mcn,McNary,89.8,85.1,0.0,339.09,265.61,73.48,477.1
2023-10-26,20,2023-10-26T19:00,mcn,McNary,89.7,85.0,0.0,339.11,265.39,73.72,478.1
2023-10-26,21,2023-10-26T20:00,mcn,McNary,90.0,85.3,0.0,339.03,265.36,73.67,479.5
2023-10-26,22,2023-10-26T21:00,mcn,McNary,93.2,88.5,0.0,339.04,265.42,73.62,497.1
2023-10-26,23,2023-10-26T22:00,mcn,McNary,91.3,86.6,0.0,339.05,265.23,73.82,487.8
2023-10-26,24,2023-10-26T23:00,mcn,McNary,65.3,60.6,0.0,339.07,264.79,74.28,343.5
2023-10-27,1,2023-10-27T00:00,mcn,McNary,61.7,57.0,0.0,339.06,264.92,74.14,322.4
2023-10-27,2,2023-10-27T01:00,mcn,McNary,59.7,55.0,0.0,339.05,264.96,74.09,310.9
2023-10-27,3,2023-10-27T02:00,mcn,McNary,60.7,56.0,0.0,339.08,265.01,74.07,316.5
2023-10-27,4,2023-10-27T03:00,mcn,McNary,65.9,61.2,0.0,339.06,265.25,73.81,344.7
2023-10-27,5,2023-10-27T04:00,mcn,McNary,87.0,80.8,1.6,339.03,265.79,73.24,451.5
2023-10-27,6,2023-10-27T05:00,mcn,McNary,109.8,95.3,9.8,339.07,265.83,73.24,532.6
2023-10-27,7,2023-10-27T06:00,mcn,McNary,114.8,100.3,9.8,339.07,265.68,73.39,561.6
2023-10-27,8,2023-10-27T07:00,mcn,McNary,111.2,96.7,9.8,339.08,265.71,73.37,541.3
2023-10-27,9,2023-10-27T08:00,mcn,McNary,113.1,98.7,9.7,339.1,265.55,73.55,553.9
2023-10-27,10,2023-10-27T09:00,mcn,McNary,103.6,98.8,0.1,339.13,265.49,73.64,555.1
2023-10-27,11,2023-10-27T10:00,mcn,McNary,86.5,81.8,0.0,339.16,265.31,73.85,460.9
2023-10-27,12,2023-10-27T11:00,mcn,McNary,76.0,71.3,0.0,339.13,265.17,73.96,402.4
2023-10-27,13,2023-10-27T12:00,mcn,McNary,76.9,72.2,0.0,339.11,265.16,73.95,407.4
2023-10-27,14,2023-10-27T13:00,mcn,McNary,77.0,72.3,0.0,339.1,265.11,73.99,408.2
2023-10-27,15,2023-10-27T14:00,mcn,McNary,76.3,71.6,0.0,339.1,265.26,73.84,403.4
2023-10-27,16,2023-10-27T15:00,mcn,McNary,76.5,71.8,0.0,339.1,265.28,73.82,404.4
2023-10-27,17,2023-10-27T16:00,mcn,McNary,77.2,72.5,0.0,339.03,265.25,73.78,408.1
2023-10-27,18,2023-10-27T17:00,mcn,McNary,83.6,78.9,0.0,338.96,265.42,73.54,442.7
2023-10-27,19,2023-10-27T18:00,mcn,McNary,81.4,76.7,0.0,338.93,265.34,73.59,430.7
2023-10-27,20,2023-10-27T19:00,mcn,McNary,77.3,72.6,0.0,338.96,265.27,73.69,408.2
2023-10-27,21,2023-10-27T20:00,mcn,McNary,86.8,82.1,0.0,338.9,265.29,73.61,461.1
2023-10-27,22,2023-10-27T21:00,mcn,McNary,66.0,61.3,0.0,338.96,264.93,74.03,346.3
2023-10-27,23,2023-10-27T22:00,mcn,McNary,65.7,61.0,0.0,338.9,265.0,73.9,344.0
2023-10-27,24,2023-10-27T23:00,mcn,McNary,65.7,61.0,0.0,338.86,264.89,73.97,344.3
2023-10-28,1,2023-10-28T00:00,mcn,McNary,64.7,60.0,0.0,338.95,265.01,73.94,338.5
2023-10-28,2,2023-10-28T01:00,mcn,McNary,64.7,60.0,0.0,338.93,265.09,73.84,338.0
2023-10-28,3,2023-10-28T02:00,mcn,McNary,65.0,60.3,0.0,338.86,265.09,73.77,339.4
2023-10-28,4,2023-10-28T03:00,mcn,McNary,65.1,60.4,0.0,338.96,265.03,73.93,340.7
2023-10-28,5,2023-10-28T04:00,mcn,McNary,65.1,60.4,0.0,338.99,265.01,73.98,340.9
2023-10-28,6,2023-10-28T05:00,mcn,McNary,65.3,60.6,0.0,339.04,265.11,73.93,341.8
2023-10-28,7,2023-10-28T06:00,mcn,McNary,66.0,61.3,0.0,339.07,265.22,73.85,345.4
2023-10-28,8,2023-10-28T07:00,mcn,McNary,84.9,80.2,0.0,339.13,265.59,73.54,450.0
2023-10-28,9,2023-10-28T08:00,mcn,McNary,85.3,80.6,0.0,339.18,265.5,73.68,453.1
2023-10-28,10,2023-10-28T09:00,mcn,McNary,85.1,80.4,0.0,339.14,265.44,73.7,452.1
2023-10-28,11,2023-10-28T10:00,mcn,McNary,85.3,80.6,0.0,339.18,265.1,74.08,455.6
2023-10-28,12,2023-10-28T11:00,mcn,McNary,72.5,67.8,0.0,339.2,265.01,74.19,383.8
2023-10-28,13,2023-10-28T12:00,mcn,McNary,70.9,66.2,0.0,339.25,265.08,74.17,374.6
2023-10-28,14,2023-10-28T13:00,mcn,McNary,71.6,66.9,0.0,339.24,265.14,74.1,378.2
2023-10-28,15,2023-10-28T14:00,mcn,McNary,66.5,61.8,0.0,339.26,265.09,74.17,349.7
2023-10-28,16,2023-10-28T15:00,mcn,McNary,67.8,63.1,0.0,339.21,264.96,74.25,357.5
2023-10-28,17,2023-10-28T16:00,mcn,McNary,70.4,65.7,0.0,339.16,265.02,74.14,371.7
2023-10-28,18,2023-10-28T17:00,mcn,McNary,84.8,80.1,0.0,339.12,265.23,73.89,451.6
2023-10-28,19,2023-10-28T18:00,mcn,McNary,76.5,71.8,0.0,339.14,265.26,73.88,404.7
2023-10-28,20,2023-10-28T19:00,mcn,McNary,81.1,76.4,0.0,339.13,265.32,73.81,430.3
2023-10-28,21,2023-10-28T20:00,mcn,McNary,86.1,81.4,0.0,339.1,265.16,73.94,459.2
2023-10-28,22,2023-10-28T21:00,mcn,McNary,67.2,62.5,0.0,339.13,264.96,74.17,353.7
2023-10-28,23,2023-10-28T22:00,mcn,McNary,66.0,61.3,0.0,339.1,265.04,74.06,346.4
2023-10-28,24,2023-10-28T23:00,mcn,McNary,65.9,61.2,0.0,339.06,265.13,73.93,345.2
2023-10-29,1,2023-10-29T00:00,mcn,McNary,65.8,61.1,0.0,339.06,265.09,73.97,344.8
2023-10-29,2,2023-10-29T01:00,mcn,McNary,66.7,62.0,0.0,339.07,265.08,73.99,350.0
2023-10-29,3,2023-10-29T02:00,mcn,McNary,65.9,61.2,0.0,339.07,265.09,73.98,345.5
2023-10-29,4,2023-10-29T03:00,mcn,McNary,66.1,61.4,0.0,339.02,264.97,74.05,346.9
2023-10-29,5,2023-10-29T04:00,mcn,McNary,63.3,56.8,1.8,339.06,265.07,73.99,320.7
2023-10-29,6,2023-10-29T05:00,mcn,McNary,74.1,59.6,9.8,339.01,265.19,73.82,335.7
2023-10-29,7,2023-10-29T06:00,mcn,McNary,77.5,63.0,9.8,339.03,265.21,73.82,354.8
2023-10-29,8,2023-10-29T07:00,mcn,McNary,75.9,61.4,9.8,339.01,265.23,73.78,345.6
2023-10-29,9,2023-10-29T08:00,mcn,McNary,78.6,64.1,9.8,339.11,265.22,73.89,361.4
2023-10-29,10,2023-10-29T09:00,mcn,McNary,73.1,68.2,0.2,339.08,265.11,73.97,384.9
2023-10-29,11,2023-10-29T10:00,mcn,McNary,69.5,64.8,0.0,339.12,265.03,74.09,366.3
2023-10-29,12,2023-10-29T11:00,mcn,McNary,70.3,65.6,0.0,339.14,265.04,74.1,370.9
2023-10-29,13,2023-10-29T12:00,mcn,McNary,65.3,60.6,0.0,339.13,265.15,73.98,342.1
2023-10-29,14,2023-10-29T13:00,mcn,McNary,66.4,61.7,0.0,339.1,265.2,73.9,347.9
2023-10-29,15,2023-10-29T14:00,mcn,McNary,73.2,68.5,0.0,339.09,265.22,73.87,386.1
2023-10-29,16,2023-10-29T15:00,mcn,McNary,73.8,69.1,0.0,339.06,265.13,73.93,389.8
2023-10-29,17,2023-10-29T16:00,mcn,McNary,78.2,73.5,0.0,339.04,265.21,73.83,414.0
2023-10-29,18,2023-10-29T17:00,mcn,McNary,83.3,78.6,0.0,338.93,265.46,73.47,440.6
2023-10-29,19,2023-10-29T18:00,mcn,McNary,88.3,83.6,0.0,338.9,265.54,73.36,467.9
2023-10-29,20,2023-10-29T19:00,mcn,McNary,89.7,85.0,0.0,338.87,265.49,73.38,475.9
2023-10-29,21,2023-10-29T20:00,mcn,McNary,91.3,86.6,0.0,338.77,265.57,73.2,483.7
2023-10-29,22,2023-10-29T21:00,mcn,McNary,88.4,83.7,0.0,338.71,265.48,73.23,467.7
2023-10-29,23,2023-10-29T22:00,mcn,McNary,72.9,68.2,0.0,338.72,265.09,73.63,383.1
2023-10-29,24,2023-10-29T23:00,mcn,McNary,63.3,58.6,0.0,338.72,265.23,73.49,328.6
2023-10-30,1,2023-10-30T00:00,mcn,McNary,61.0,56.3,0.0,338.64,265.23,73.41,315.3
2023-10-30,2,2023-10-30T01:00,mcn,McNary,59.4,54.7,0.0,338.62,265.25,73.37,306.2
2023-10-30,3,2023-10-30T02:00,mcn,McNary,60.9,56.2,0.0,338.61,265.38,73.23,314.0
2023-10-30,4,2023-10-30T03:00,mcn,McNary,63.4,58.7,0.0,338.61,265.34,73.27,328.2
2023-10-30,5,2023-10-30T04:00,mcn,McNary,64.6,59.9,0.0,338.57,265.49,73.08,334.0
2023-10-30,6,2023-10-30T05:00,mcn,McNary,100.0,95.3,0.0,338.37,266.17,72.2,525.0
2023-10-30,7,2023-10-30T06:00,mcn,McNary,112.7,108.0,0.0,338.42,266.29,72.13,594.4
2023-10-30,8,2023-10-30T07:00,mcn,McNary,115.0,110.3,0.0,338.4,266.37,72.03,606.2
2023-10-30,9,2023-10-30T08:00,mcn,McNary,119.5,114.8,0.0,338.31,266.31,72.0,630.7
2023-10-30,10,2023-10-30T09:00,mcn,McNary,97.7,93.0,0.0,338.4,265.32,73.08,518.6
2023-10-30,11,2023-10-30T10:00,mcn,McNary,68.5,63.8,0.0,338.35,264.92,73.43,357.5
2023-10-30,12,2023-10-30T11:00,mcn,McNary,65.0,60.3,0.0,338.27,265.18,73.09,336.3
2023-10-30,13,2023-10-30T12:00,mcn,McNary,65.0,60.3,0.0,338.3,265.35,72.95,335.6
2023-10-30,14,2023-10-30T13:00,mcn,McNary,67.5,62.8,0.0,338.31,265.54,72.77,348.7
2023-10-30,15,2023-10-30T14:00,mcn,McNary,61.8,57.1,0.0,338.4,265.44,72.96,317.9
2023-10-30,16,2023-10-30T15:00,mcn,McNary,61.5,56.8,0.0,338.38,265.16,73.22,317.3
2023-10-30,17,2023-10-30T16:00,mcn,McNary,63.0,58.3,0.0,338.19,265.16,73.03,324.9
2023-10-30,18,2023-10-30T17:00,mcn,McNary,93.2,88.5,0.0,338.17,265.92,72.25,487.9
2023-10-30,19,2023-10-30T18:00,mcn,McNary,95.7,91.0,0.0,338.13,265.97,72.16,501.0
2023-10-30,20,2023-10-30T19:00,mcn,McNary,94.9,90.2,0.0,338.14,266.02,72.12,496.3
2023-10-30,21,2023-10-30T20:00,mcn,McNary,96.0,91.3,0.0,338.07,265.84,72.23,503.2
2023-10-30,22,2023-10-30T21:00,mcn,McNary,95.5,90.8,0.0,337.98,265.73,72.25,500.6
2023-10-30,23,2023-10-30T22:00,mcn,McNary,94.0,89.3,0.0,338.02,265.22,72.8,496.0
2023-10-30,24,2023-10-30T23:00,mcn,McNary,66.6,61.9,0.0,338.0,265.32,72.68,343.3
2023-10-31,1,2023-10-31T00:00,mcn,McNary,65.3,60.6,0.0,337.93,265.71,72.22,333.9
2023-10-31,2,2023-10-31T01:00,mcn,McNary,65.2,60.5,0.0,337.94,265.46,72.48,334.6
2023-10-31,3,2023-10-31T02:00,mcn,McNary,64.4,59.7,0.0,338.0,265.32,72.68,331.1
2023-10-31,4,2023-10-31T03:00,mcn,McNary,64.7,60.0,0.0,338.15,265.29,72.86,333.6
2023-10-31,5,2023-10-31T04:00,mcn,McNary,65.5,60.8,0.0,338.16,265.56,72.6,336.8
2023-10-31,6,2023-10-31T05:00,mcn,McNary,94.3,89.6,0.0,338.13,266.36,71.77,490.7
2023-10-31,7,2023-10-31T06:00,mcn,McNary,124.1,119.4,0.0,338.05,266.76,71.29,649.5
2023-10-31,8,2023-10-31T07:00,mcn,McNary,128.5,123.8,0.0,338.03,266.66,71.37,674.2
2023-10-31,9,2023-10-31T08:00,mcn,McNary,129.2,124.5,0.0,338.06,266.4,71.66,680.7
2023-10-31,10,2023-10-31T09:00,mcn,McNary,126.2,121.5,0.0,338.11,266.11,72.0,667.5
2023-10-31,11,2023-10-31T10:00,mcn,McNary,106.8,102.1,0.0,338.18,265.66,72.52,564.9
2023-10-31,12,2023-10-31T11:00,mcn,McNary,77.8,73.1,0.0,338.29,265.41,72.88,406.5
2023-10-31,13,2023-10-31T12:00,mcn,McNary,72.8,68.1,0.0,338.36,265.5,72.86,378.6
2023-10-31,14,2023-10-31T13:00,mcn,McNary,71.2,66.5,0.0,338.28,265.46,72.82,369.5
2023-10-31,15,2023-10-31T14:00,mcn,McNary,70.8,66.1,0.0,338.36,265.45,72.91,367.7
2023-10-31,16,2023-10-31T15:00,mcn,McNary,72.4,67.7,0.0,338.38,265.37,73.01,377.1
2023-10-31,17,2023-10-31T16:00,mcn,McNary,71.5,66.8,0.0,338.34,265.5,72.84,371.3
2023-10-31,18,2023-10-31T17:00,mcn,McNary,94.6,89.9,0.0,338.22,265.89,72.33,496.1
2023-10-31,19,2023-10-31T18:00,mcn,McNary,95.9,91.2,0.0,338.28,265.78,72.5,504.5
2023-10-31,20,2023-10-31T19:00,mcn,McNary,95.6,90.9,0.0,338.33,265.87,72.46,502.6
2023-10-31,21,2023-10-31T20:00,mcn,McNary,95.2,90.5,0.0,338.24,265.51,72.73,502.2
2023-10-31,22,2023-10-31T21:00,mcn,McNary,71.7,67.0,0.0,338.28,264.96,73.32,374.8
2023-10-31,23,2023-10-31T22:00,mcn,McNary,67.5,62.8,0.0,338.25,264.91,73.34,351.4
2023-10-31,24,2023-10-31T23:00,mcn,McNary,68.3,63.6,0.0,338.23,265.1,73.13,354.9
2023-11-01,1,2023-11-01T00:00,mcn,McNary,68.7,64.0,0.0,338.29,265.25,73.04,356.7
2023-11-01,2,2023-11-01T01:00,mcn,McNary,68.1,63.4,0.0,338.34,265.26,73.08,353.5
2023-11-01,3,2023-11-01T02:00,mcn,McNary,69.7,65.0,0.0,338.35,265.22,73.13,362.7
2023-11-01,4,2023-11-01T03:00,mcn,McNary,65.5,60.8,0.0,338.33,265.15,73.18,339.5
2023-11-01,5,2023-11-01T04:00,mcn,McNary,82.7,76.2,1.8,338.37,265.72,72.65,422.4
2023-11-01,6,2023-11-01T05:00,mcn,McNary,101.3,87.5,9.1,338.4,265.89,72.51,484.1
2023-11-01,7,2023-11-01T06:00,mcn,McNary,123.2,109.4,9.1,338.4,266.19,72.21,602.8
2023-11-01,8,2023-11-01T07:00,mcn,McNary,125.0,111.2,9.1,338.45,266.23,72.22,612.8
2023-11-01,9,2023-11-01T08:00,mcn,McNary,125.2,111.4,9.2,338.45,266.08,72.37,615.1
2023-11-01,10,2023-11-01T09:00,mcn,McNary,127.9,122.8,0.3,338.47,265.98,72.49,679.2
2023-11-01,11,2023-11-01T10:00,mcn,McNary,118.6,113.9,0.0,338.55,265.72,72.83,632.9
2023-11-01,12,2023-11-01T11:00,mcn,McNary,96.9,92.2,0.0,338.5,265.24,73.26,515.4
2023-11-01,13,2023-11-01T12:00,mcn,McNary,95.5,90.8,0.0,338.58,265.43,73.15,506.8
2023-11-01,14,2023-11-01T13:00,mcn,McNary,95.2,90.5,0.0,338.54,265.27,73.27,505.9
2023-11-01,15,2023-11-01T14:00,mcn,McNary,96.0,91.3,0.0,338.65,265.23,73.42,511.5
2023-11-01,16,2023-11-01T15:00,mcn,McNary,92.9,88.2,0.0,338.52,265.23,73.29,493.2
2023-11-01,17,2023-11-01T16:00,mcn,McNary,94.4,89.7,0.0,338.45,265.61,72.84,498.5
2023-11-01,18,2023-11-01T17:00,mcn,McNary,121.3,116.6,0.0,338.33,266.04,72.29,643.1
2023-11-01,19,2023-11-01T18:00,mcn,McNary,125.2,120.5,0.0,338.34,265.96,72.38,665.5
2023-11-01,20,2023-11-01T19:00,mcn,McNary,125.6,120.9,0.0,338.17,266.05,72.12,665.3
2023-11-01,21,2023-11-01T20:00,mcn,McNary,126.4,121.7,0.0,337.96,265.94,72.02,668.8
2023-11-01,22,2023-11-01T21:00,mcn,McNary,125.2,120.5,0.0,338.07,265.79,72.28,664.6
2023-11-01,23,2023-11-01T22:00,mcn,McNary,93.2,88.5,0.0,338.12,264.89,73.23,494.5
2023-11-01,24,2023-11-01T23:00,mcn,McNary,76.3,71.6,0.0,338.02,264.95,73.07,399.2
2023-11-02,1,2023-11-02T00:00,mcn,McNary,75.6,70.9,0.0,337.97,265.18,72.79,393.8
2023-11-02,2,2023-11-02T01:00,mcn,McNary,75.3,70.6,0.0,338.07,265.14,72.93,392.9
2023-11-02,3,2023-11-02T02:00,mcn,McNary,75.9,71.2,0.0,338.15,265.16,72.99,396.5
2023-11-02,4,2023-11-02T03:00,mcn,McNary,76.0,71.3,0.0,338.11,265.25,72.86,396.4
2023-11-02,5,2023-11-02T04:00,mcn,McNary,76.2,71.5,0.0,338.16,265.09,73.07,398.6
2023-11-02,6,2023-11-02T05:00,mcn,McNary,76.2,71.5,0.0,338.2,265.32,72.88,397.6
2023-11-02,7,2023-11-02T06:00,mcn,McNary,106.3,101.6,0.0,338.17,265.77,72.4,561.3
2023-11-02,8,2023-11-02T07:00,mcn,McNary,112.3,107.6,0.0,338.44,265.83,72.61,596.1
2023-11-02,9,2023-11-02T08:00,mcn,McNary,112.5,107.8,0.0,338.46,265.78,72.68,597.8
2023-11-02,10,2023-11-02T09:00,mcn,McNary,114.4,109.7,0.0,338.47,265.65,72.82,609.5
2023-11-02,11,2023-11-02T10:00,mcn,McNary,114.9,110.2,0.0,338.53,265.66,72.87,612.7
2023-11-02,12,2023-11-02T11:00,mcn,McNary,114.8,110.1,0.0,338.59,265.57,73.02,613.4
2023-11-02,13,2023-11-02T12:00,mcn,McNary,116.2,111.5,0.0,338.72,265.79,72.93,620.4
2023-11-02,14,2023-11-02T13:00,mcn,McNary,104.3,99.6,0.0,338.71,265.65,73.06,555.2
2023-11-02,15,2023-11-02T14:00,mcn,McNary,103.2,98.5,0.0,338.59,265.44,73.15,549.8
2023-11-02,16,2023-11-02T15:00,mcn,McNary,103.6,98.9,0.0,338.67,265.42,73.25,552.7
2023-11-02,17,2023-11-02T16:00,mcn,McNary,104.8,100.1,0.0,338.75,265.49,73.26,559.5
2023-11-02,18,2023-11-02T17:00,mcn,McNary,115.1,110.4,0.0,338.64,265.69,72.95,614.5
2023-11-02,19,2023-11-02T18:00,mcn,McNary,115.2,110.5,0.0,338.62,265.84,72.78,613.6
2023-11-02,20,2023-11-02T19:00,mcn,McNary,115.0,110.3,0.0,338.53,265.7,72.83,612.9
2023-11-02,21,2023-11-02T20:00,mcn,McNary,115.0,110.3,0.0,338.43,265.56,72.87,613.3
2023-11-02,22,2023-11-02T21:00,mcn,McNary,100.1,95.4,0.0,338.45,265.07,73.38,534.1
2023-11-02,23,2023-11-02T22:00,mcn,McNary,77.0,72.3,0.0,338.45,265.0,73.45,405.2
2023-11-02,24,2023-11-02T23:00,mcn,McNary,75.8,71.1,0.0,338.36,265.1,73.26,397.4
2023-11-03,1,2023-11-03T00:00,mcn,McNary,76.2,71.5,0.0,338.4,265.08,73.32,400.0
2023-11-03,2,2023-11-03T01:00,mcn,McNary,75.9,71.2,0.0,338.41,265.11,73.3,398.2
2023-11-03,3,2023-11-03T02:00,mcn,McNary,76.6,71.9,0.0,338.42,265.25,73.17,401.4
2023-11-03,4,2023-11-03T03:00,mcn,McNary,76.2,71.5,0.0,338.52,265.14,73.38,400.3
2023-11-03,5,2023-11-03T04:00,mcn,McNary,96.1,89.6,1.8,338.35,265.76,72.59,496.3
2023-11-03,6,2023-11-03T05:00,mcn,McNary,114.4,100.7,9.0,338.39,265.62,72.77,559.1
2023-11-03,7,2023-11-03T06:00,mcn,McNary,116.5,102.7,9.1,338.39,265.7,72.69,569.6
2023-11-03,8,2023-11-03T07:00,mcn,McNary,115.8,102.1,9.0,338.23,265.72,72.51,564.9
2023-11-03,9,2023-11-03T08:00,mcn,McNary,113.9,100.2,9.0,338.36,265.58,72.78,556.4
2023-11-03,10,2023-11-03T09:00,mcn,McNary,93.2,87.8,0.7,338.52,265.13,73.39,491.6
2023-11-03,11,2023-11-03T10:00,mcn,McNary,82.1,77.4,0.0,338.39,265.1,73.29,432.8
2023-11-03,12,2023-11-03T11:00,mcn,McNary,89.0,84.3,0.0,338.42,265.41,73.01,469.6
2023-11-03,13,2023-11-03T12:00,mcn,McNary,90.3,85.6,0.0,338.5,265.29,73.21,478.2
2023-11-03,14,2023-11-03T13:00,mcn,McNary,91.1,86.4,0.0,338.53,265.15,73.38,483.7
2023-11-03,15,2023-11-03T14:00,mcn,McNary,92.2,87.5,0.0,338.47,265.12,73.35,489.7
2023-11-03,16,2023-11-03T15:00,mcn,McNary,90.4,85.7,0.0,338.51,265.04,73.47,480.4
2023-11-03,17,2023-11-03T16:00,mcn,McNary,101.2,96.5,0.0,338.46,265.4,73.06,537.9
2023-11-03,18,2023-11-03T17:00,mcn,McNary,102.5,97.8,0.0,338.51,265.36,73.15,545.9
2023-11-03,19,2023-11-03T18:00,mcn,McNary,100.8,96.1,0.0,338.49,265.36,73.13,536.2
2023-11-03,20,2023-11-03T19:00,mcn,McNary,100.0,95.3,0.0,338.41,265.1,73.31,533.1
2023-11-03,21,2023-11-03T20:00,mcn,McNary,77.9,73.2,0.0,338.47,264.67,73.8,412.2
2023-11-03,22,2023-11-03T21:00,mcn,McNary,75.2,70.5,0.0,338.42,264.66,73.76,396.8
2023-11-03,23,2023-11-03T22:00,mcn,McNary,76.2,71.5,0.0,338.39,264.75,73.64,401.7
2023-11-03,24,2023-11-03T23:00,mcn,McNary,76.3,71.6,0.0,338.39,264.73,73.66,402.4
2023-11-04,1,2023-11-04T00:00,mcn,McNary,76.6,71.9,0.0,338.42,264.89,73.53,403.4
2023-11-04,2,2023-11-04T01:00,mcn,McNary,76.8,72.1,0.0,338.35,264.82,73.53,404.5
2023-11-04,3,2023-11-04T02:00,mcn,McNary,76.1,71.4,0.0,338.4,264.77,73.63,401.1
2023-11-04,4,2023-11-04T03:00,mcn,McNary,75.9,71.2,0.0,338.39,264.72,73.67,400.2
2023-11-04,5,2023-11-04T04:00,mcn,McNary,76.2,71.5,0.0,338.53,264.77,73.76,402.4
2023-11-04,6,2023-11-04T05:00,mcn,McNary,76.2,71.5,0.0,338.56,264.81,73.75,402.3
2023-11-04,7,2023-11-04T06:00,mcn,McNary,76.9,72.2,0.0,338.6,265.03,73.57,405.3
2023-11-04,8,2023-11-04T07:00,mcn,McNary,110.1,105.4,0.0,338.49,265.51,72.98,586.9
2023-11-04,9,2023-11-04T08:00,mcn,McNary,132.6,127.9,0.0,338.62,265.87,72.75,710.0
2023-11-04,10,2023-11-04T09:00,mcn,McNary,143.6,138.9,0.0,338.56,265.97,72.59,769.3
2023-11-04,11,2023-11-04T10:00,mcn,McNary,131.5,126.8,0.0,338.65,265.72,72.93,705.6
2023-11-04,12,2023-11-04T11:00,mcn,McNary,129.9,125.2,0.0,338.57,265.7,72.87,696.1
2023-11-04,13,2023-11-04T12:00,mcn,McNary,116.9,112.2,0.0,338.61,265.26,73.35,627.9
2023-11-04,14,2023-11-04T13:00,mcn,McNary,116.3,111.6,0.0,338.48,265.47,73.01,621.7
2023-11-04,15,2023-11-04T14:00,mcn,McNary,115.5,110.8,0.0,338.57,265.5,73.07,617.7
2023-11-04,16,2023-11-04T15:00,mcn,McNary,118.1,113.4,0.0,338.54,265.59,72.95,631.2
2023-11-04,17,2023-11-04T16:00,mcn,McNary,115.5,110.8,0.0,338.65,265.3,73.35,620.1
2023-11-04,18,2023-11-04T17:00,mcn,McNary,113.3,108.6,0.0,338.58,265.29,73.29,607.3
2023-11-04,19,2023-11-04T18:00,mcn,McNary,101.4,96.7,0.0,338.59,265.01,73.58,542.9
2023-11-04,20,2023-11-04T19:00,mcn,McNary,98.8,94.1,0.0,338.55,264.85,73.7,529.2
2023-11-04,21,2023-11-04T20:00,mcn,McNary,85.8,81.1,0.0,338.66,264.72,73.94,457.5
2023-11-04,22,2023-11-04T21:00,mcn,McNary,76.6,71.9,0.0,338.52,264.68,73.84,405.1
2023-11-04,23,2023-11-04T22:00,mcn,McNary,75.7,71.0,0.0,338.58,264.64,73.94,400.6
2023-11-04,24,2023-11-04T23:00,mcn,McNary,76.0,71.3,0.0,338.65,264.67,73.98,402.5
2023-11-04,1,2023-11-04T00:00,mcn,McNary,74.8,70.1,0.0,338.63,264.59,74.04,396.0
2023-11-05,1,2023-11-05T00:00,mcn,McNary,76.7,72.0,0.0,338.65,264.58,74.07,406.9
2023-11-05,2,2023-11-05T01:00,mcn,McNary,63.9,59.2,0.0,338.76,264.32,74.44,336.2
2023-11-05,3,2023-11-05T02:00,mcn,McNary,76.3,71.6,0.0,338.68,264.68,74.0,404.3
2023-11-05,4,2023-11-05T03:00,mcn,McNary,76.6,71.9,0.0,338.78,264.62,74.16,406.8
2023-11-05,5,2023-11-05T04:00,mcn,McNary,78.0,71.4,1.9,338.78,264.85,73.93,402.8
2023-11-05,6,2023-11-05T05:00,mcn,McNary,94.7,80.4,9.6,338.87,264.89,73.98,453.8
2023-11-05,7,2023-11-05T06:00,mcn,McNary,95.4,81.1,9.6,338.9,264.81,74.09,458.5
2023-11-05,8,2023-11-05T07:00,mcn,McNary,95.0,80.7,9.6,338.91,264.78,74.13,456.4
2023-11-05,9,2023-11-05T08:00,mcn,McNary,95.5,81.2,9.6,338.93,264.81,74.12,459.2
2023-11-05,10,2023-11-05T09:00,mcn,McNary,86.3,80.7,0.9,339.0,264.68,74.32,457.6
2023-11-05,11,2023-11-05T10:00,mcn,McNary,89.8,85.1,0.0,339.01,264.71,74.3,482.4
2023-11-05,12,2023-11-05T11:00,mcn,McNary,91.2,86.5,0.0,339.02,264.75,74.27,490.2
2023-11-05,13,2023-11-05T12:00,mcn,McNary,91.2,86.5,0.0,339.06,264.7,74.36,490.8
2023-11-05,14,2023-11-05T13:00,mcn,McNary,93.7,89.0,0.0,339.01,264.77,74.24,504.1
2023-11-05,15,2023-11-05T14:00,mcn,McNary,94.5,89.8,0.0,338.95,264.77,74.18,508.3
2023-11-05,16,2023-11-05T15:00,mcn,McNary,94.8,90.1,0.0,338.92,264.79,74.13,509.6
2023-11-05,17,2023-11-05T16:00,mcn,McNary,111.7,107.0,0.0,338.77,265.01,73.76,602.2
2023-11-05,18,2023-11-05T17:00,mcn,McNary,113.6,108.9,0.0,338.82,264.89,73.93,614.3
2023-11-05,19,2023-11-05T18:00,mcn,McNary,110.5,105.8,0.0,338.71,264.82,73.89,596.5
2023-11-05,20,2023-11-05T19:00,mcn,McNary,111.4,106.7,0.0,338.66,264.77,73.89,601.6
2023-11-05,21,2023-11-05T20:00,mcn,McNary,94.7,90.0,0.0,338.76,264.34,74.42,511.0
2023-11-05,22,2023-11-05T21:00,mcn,McNary,76.8,72.1,0.0,338.7,263.94,74.76,411.3
2023-11-05,23,2023-11-05T22:00,mcn,McNary,74.4,69.7,0.0,338.61,264.23,74.38,395.6
2023-11-05,24,2023-11-05T23:00,mcn,McNary,76.9,72.2,0.0,338.65,264.27,74.38,409.7
2023-11-06,1,2023-11-06T00:00,mcn,McNary,75.6,70.9,0.0,338.65,264.32,74.33,402.1
2023-11-06,2,2023-11-06T01:00,mcn,McNary,76.9,72.2,0.0,338.63,264.36,74.27,409.1
2023-11-06,3,2023-11-06T02:00,mcn,McNary,77.5,72.8,0.0,338.58,264.37,74.21,412.2
2023-11-06,4,2023-11-06T03:00,mcn,McNary,76.8,72.1,0.0,338.7,264.22,74.48,409.7
2023-11-06,5,2023-11-06T04:00,mcn,McNary,76.6,71.9,0.0,338.68,264.35,74.33,407.8
2023-11-06,6,2023-11-06T05:00,mcn,McNary,95.6,90.9,0.0,338.58,264.79,73.79,511.8
2023-11-06,7,2023-11-06T06:00,mcn,McNary,115.6,110.9,0.0,338.62,265.01,73.61,622.9
2023-11-06,8,2023-11-06T07:00,mcn,McNary,113.3,108.6,0.0,338.8,264.94,73.86,612.0
2023-11-06,9,2023-11-06T08:00,mcn,McNary,112.6,107.9,0.0,338.68,264.91,73.77,607.3
2023-11-06,10,2023-11-06T09:00,mcn,McNary,112.4,107.7,0.0,338.7,264.78,73.92,607.4
2023-11-06,11,2023-11-06T10:00,mcn,McNary,96.0,91.1,0.3,338.81,264.35,74.46,517.6
2023-11-06,12,2023-11-06T11:00,mcn,McNary,93.0,88.3,0.0,338.92,264.42,74.5,501.9
2023-11-06,13,2023-11-06T12:00,mcn,McNary,91.2,86.5,0.0,338.86,264.66,74.2,489.7
2023-11-06,14,2023-11-06T13:00,mcn,McNary,93.0,88.3,0.0,338.86,264.79,74.07,499.0
2023-11-06,15,2023-11-06T14:00,mcn,McNary,94.3,89.6,0.0,338.95,264.74,74.21,507.3
2023-11-06,16,2023-11-06T15:00,mcn,McNary,96.2,91.5,0.0,338.92,264.96,73.96,516.3
2023-11-06,17,2023-11-06T16:00,mcn,McNary,113.4,108.7,0.0,338.83,264.94,73.89,612.8
2023-11-06,18,2023-11-06T17:00,mcn,McNary,120.4,115.7,0.0,338.69,265.12,73.57,649.5
2023-11-06,19,2023-11-06T18:00,mcn,McNary,126.0,121.3,0.0,338.68,265.23,73.45,679.8
2023-11-06,20,2023-11-06T19:00,mcn,McNary,126.7,122.0,0.0,338.64,265.22,73.42,683.4
2023-11-06,21,2023-11-06T20:00,mcn,McNary,127.0,122.3,0.0,338.62,265.17,73.45,685.4
2023-11-06,22,2023-11-06T21:00,mcn,McNary,117.1,112.4,0.0,338.59,264.81,73.78,632.7
2023-11-06,23,2023-11-06T22:00,mcn,McNary,98.1,93.4,0.0,338.64,264.28,74.36,529.9
2023-11-06,24,2023-11-06T23:00,mcn,McNary,87.6,82.9,0.0,338.61,264.25,74.36,470.3
2023-11-07,1,2023-11-07T00:00,mcn,McNary,77.5,72.8,0.0,338.67,263.98,74.69,414.9
2023-11-07,2,2023-11-07T01:00,mcn,McNary,75.8,71.1,0.0,338.6,264.29,74.31,403.1
2023-11-07,3,2023-11-07T02:00,mcn,McNary,75.0,70.3,0.0,338.59,264.25,74.34,398.8
2023-11-07,4,2023-11-07T03:00,mcn,McNary,75.5,70.8,0.0,338.66,264.3,74.36,401.7
2023-11-07,5,2023-11-07T04:00,mcn,McNary,75.5,70.8,0.0,338.59,264.09,74.5,402.5
2023-11-07,6,2023-11-07T05:00,mcn,McNary,84.7,80.0,0.0,338.65,264.47,74.18,452.8
2023-11-07,7,2023-11-07T06:00,mcn,McNary,93.7,89.0,0.0,338.66,264.69,73.97,502.3
2023-11-07,8,2023-11-07T07:00,mcn,McNary,94.7,90.0,0.0,338.68,264.7,73.98,508.0
2023-11-07,9,2023-11-07T08:00,mcn,McNary,94.9,90.2,0.0,338.66,264.86,73.8,507.9
2023-11-07,10,2023-11-07T09:00,mcn,McNary,85.8,81.1,0.0,338.65,264.38,74.27,459.6
2023-11-07,11,2023-11-07T10:00,mcn,McNary,84.3,79.6,0.0,338.75,264.41,74.34,451.5
2023-11-07,12,2023-11-07T11:00,mcn,McNary,85.2,80.5,0.0,338.61,264.68,73.93,454.1
2023-11-07,13,2023-11-07T12:00,mcn,McNary,85.2,80.5,0.0,338.62,264.81,73.81,453.4
2023-11-07,14,2023-11-07T13:00,mcn,McNary,85.7,81.0,0.0,338.72,264.87,73.85,456.4
2023-11-07,15,2023-11-07T14:00,mcn,McNary,95.9,91.2,0.0,338.62,265.13,73.49,511.4
2023-11-07,16,2023-11-07T15:00,mcn,McNary,111.2,106.5,0.0,338.65,265.0,73.65,598.5
2023-11-07,17,2023-11-07T16:00,mcn,McNary,110.9,106.2,0.0,338.69,264.74,73.95,599.2
2023-11-07,18,2023-11-07T17:00,mcn,McNary,111.3,106.6,0.0,338.69,264.72,73.97,601.6
2023-11-07,19,2023-11-07T18:00,mcn,McNary,110.6,105.9,0.0,338.65,264.78,73.87,596.9
2023-11-07,20,2023-11-07T19:00,mcn,McNary,111.1,106.4,0.0,338.65,264.63,74.02,600.9
2023-11-07,21,2023-11-07T20:00,mcn,McNary,93.1,88.4,0.0,338.76,264.33,74.43,502.0
2023-11-07,22,2023-11-07T21:00,mcn,McNary,91.3,86.6,0.0,338.7,264.35,74.35,491.3
2023-11-07,23,2023-11-07T22:00,mcn,McNary,90.7,86.0,0.0,338.73,264.32,74.41,488.3
2023-11-07,24,2023-11-07T23:00,mcn,McNary,76.8,72.1,0.0,338.78,263.97,74.81,411.5
2023-11-08,1,2023-11-08T00:00,mcn,McNary,75.3,70.6,0.0,338.78,264.29,74.49,401.3
2023-11-08,2,2023-11-08T01:00,mcn,McNary,76.5,71.8,0.0,338.78,264.28,74.5,408.1
2023-11-08,3,2023-11-08T02:00,mcn,McNary,76.8,72.1,0.0,338.75,263.96,74.79,411.4
2023-11-08,4,2023-11-08T03:00,mcn,McNary,76.4,71.7,0.0,338.81,264.14,74.67,408.5
2023-11-08,5,2023-11-08T04:00,mcn,McNary,75.9,71.2,0.0,338.88,264.28,74.6,405.3
2023-11-08,6,2023-11-08T05:00,mcn,McNary,94.8,80.9,9.2,338.77,264.62,74.15,457.7
2023-11-08,7,2023-11-08T06:00,mcn,McNary,114.6,100.5,9.4,338.7,264.76,73.94,567.0
2023-11-08,8,2023-11-08T07:00,mcn,McNary,114.3,100.1,9.5,338.85,264.6,74.25,567.1
2023-11-08,9,2023-11-08T08:00,mcn,McNary,115.2,101.0,9.5,338.7,264.71,73.99,570.2
2023-11-08,10,2023-11-08T09:00,mcn,McNary,121.2,114.1,2.4,338.75,264.91,73.84,642.8
2023-11-08,11,2023-11-08T10:00,mcn,McNary,119.0,114.3,0.0,338.72,264.88,73.84,644.0
2023-11-08,12,2023-11-08T11:00,mcn,McNary,116.5,111.8,0.0,338.7,264.79,73.91,630.5
2023-11-08,13,2023-11-08T12:00,mcn,McNary,102.7,98.0,0.0,338.68,264.63,74.05,553.7
2023-11-08,14,2023-11-08T13:00,mcn,McNary,102.6,97.9,0.0,338.61,264.65,73.96,552.5
2023-11-08,15,2023-11-08T14:00,mcn,McNary,102.2,97.5,0.0,338.58,264.69,73.89,549.7
2023-11-08,16,2023-11-08T15:00,mcn,McNary,102.9,98.2,0.0,338.56,264.66,73.9,553.7
2023-11-08,17,2023-11-08T16:00,mcn,McNary,102.8,98.1,0.0,338.47,264.73,73.74,551.9
2023-11-08,18,2023-11-08T17:00,mcn,McNary,119.1,114.4,0.0,338.38,265.03,73.35,640.3
2023-11-08,19,2023-11-08T18:00,mcn,McNary,121.4,116.7,0.0,338.53,265.0,73.53,654.7
2023-11-08,20,2023-11-08T19:00,mcn,McNary,121.0,116.3,0.0,338.4,264.98,73.42,651.5
2023-11-08,21,2023-11-08T20:00,mcn,McNary,120.6,115.9,0.0,338.32,264.92,73.4,649.1
2023-11-08,22,2023-11-08T21:00,mcn,McNary,111.9,107.2,0.0,338.46,264.38,74.08,605.9
2023-11-08,23,2023-11-08T22:00,mcn,McNary,90.4,85.7,0.0,338.52,263.97,74.55,487.5
2023-11-08,24,2023-11-08T23:00,mcn,McNary,75.2,70.5,0.0,338.54,263.93,74.61,401.3
2023-11-09,1,2023-11-09T00:00,mcn,McNary,74.8,70.1,0.0,338.47,264.0,74.47,398.3
2023-11-09,2,2023-11-09T01:00,mcn,McNary,76.4,71.7,0.0,338.49,264.28,74.21,406.0
2023-11-09,3,2023-11-09T02:00,mcn,McNary,75.5,70.8,0.0,338.52,264.39,74.13,400.5
2023-11-09,4,2023-11-09T03:00,mcn,McNary,85.1,80.4,0.0,338.46,264.49,73.97,453.8
2023-11-09,5,2023-11-09T04:00,mcn,McNary,106.2,101.5,0.0,338.49,264.92,73.57,569.8
2023-11-09,6,2023-11-09T05:00,mcn,McNary,125.5,120.8,0.0,338.48,265.3,73.18,674.5
2023-11-09,7,2023-11-09T06:00,mcn,McNary,148.1,143.4,0.0,338.56,265.85,72.71,795.6
2023-11-09,8,2023-11-09T07:00,mcn,McNary,142.2,137.5,0.0,338.47,265.45,73.02,766.1
2023-11-09,9,2023-11-09T08:00,mcn,McNary,141.8,137.1,0.0,338.5,265.3,73.2,765.7
2023-11-09,10,2023-11-09T09:00,mcn,McNary,134.8,130.1,0.0,338.52,265.12,73.4,728.6
2023-11-09,11,2023-11-09T10:00,mcn,McNary,124.8,120.1,0.0,338.61,264.86,73.75,675.8
2023-11-09,12,2023-11-09T11:00,mcn,McNary,123.5,118.8,0.0,338.49,264.91,73.58,667.0
2023-11-09,13,2023-11-09T12:00,mcn,McNary,121.4,116.7,0.0,338.62,265.01,73.61,655.4
2023-11-09,14,2023-11-09T13:00,mcn,McNary,122.8,118.1,0.0,338.58,264.98,73.6,663.2
2023-11-09,15,2023-11-09T14:00,mcn,McNary,123.1,118.4,0.0,338.49,264.95,73.54,664.4
2023-11-09,16,2023-11-09T15:00,mcn,McNary,122.2,117.5,0.0,338.5,264.9,73.6,659.8
2023-11-09,17,2023-11-09T16:00,mcn,McNary,133.1,128.4,0.0,338.35,265.3,73.05,715.7
2023-11-09,18,2023-11-09T17:00,mcn,McNary,131.8,127.1,0.0,338.31,265.14,73.17,709.6
2023-11-09,19,2023-11-09T18:00,mcn,McNary,131.4,126.7,0.0,338.29,265.11,73.18,707.4
2023-11-09,20,2023-11-09T19:00,mcn,McNary,131.1,126.4,0.0,338.23,265.07,73.16,705.6
2023-11-09,21,2023-11-09T20:00,mcn,McNary,117.9,113.2,0.0,338.3,264.59,73.71,636.6
2023-11-09,22,2023-11-09T21:00,mcn,McNary,101.8,97.1,0.0,338.27,264.37,73.9,547.5
2023-11-09,23,2023-11-09T22:00,mcn,McNary,89.3,84.6,0.0,338.27,264.09,74.18,478.8
2023-11-09,24,2023-11-09T23:00,mcn,McNary,85.1,80.4,0.0,338.36,264.21,74.15,454.9
2023-11-10,1,2023-11-10T00:00,mcn,McNary,85.0,80.3,0.0,338.26,264.28,73.98,453.3
2023-11-10,2,2023-11-10T01:00,mcn,McNary,84.7,80.0,0.0,338.27,264.38,73.89,451.0
2023-11-10,3,2023-11-10T02:00,mcn,McNary,86.3,81.6,0.0,338.29,264.38,73.91,460.2
2023-11-10,4,2023-11-10T03:00,mcn,McNary,85.8,81.1,0.0,338.41,264.41,74.0,457.9
2023-11-10,5,2023-11-10T04:00,mcn,McNary,96.0,89.5,1.8,338.43,264.54,73.89,504.6
2023-11-10,6,2023-11-10T05:00,mcn,McNary,123.8,110.0,9.1,338.46,264.99,73.47,616.6
2023-11-10,7,2023-11-10T06:00,mcn,McNary,125.3,111.3,9.2,338.68,265.02,73.66,625.5
2023-11-10,8,2023-11-10T07:00,mcn,McNary,127.1,113.0,9.4,338.71,264.99,73.72,635.6
2023-11-10,9,2023-11-10T08:00,mcn,McNary,126.4,112.2,9.5,338.74,264.94,73.8,631.8
2023-11-10,10,2023-11-10T09:00,mcn,McNary,123.6,117.3,1.6,338.94,264.81,74.13,663.5
2023-11-10,11,2023-11-10T10:00,mcn,McNary,122.9,118.2,0.0,339.01,264.85,74.16,668.8
2023-11-10,12,2023-11-10T11:00,mcn,McNary,123.5,118.8,0.0,338.97,264.91,74.06,671.3
2023-11-10,13,2023-11-10T12:00,mcn,McNary,125.2,120.5,0.0,338.96,265.02,73.94,679.8
2023-11-10,14,2023-11-10T13:00,mcn,McNary,124.4,119.7,0.0,338.98,265.0,73.98,675.7
2023-11-10,15,2023-11-10T14:00,mcn,McNary,125.7,121.0,0.0,339.0,265.13,73.87,682.0
2023-11-10,16,2023-11-10T15:00,mcn,McNary,150.5,145.8,0.0,338.8,265.63,73.17,814.0
2023-11-10,17,2023-11-10T16:00,mcn,McNary,152.0,147.3,0.0,338.74,265.7,73.04,820.9
2023-11-10,18,2023-11-10T17:00,mcn,McNary,151.8,147.1,0.0,338.63,265.64,72.99,819.2
2023-11-10,19,2023-11-10T18:00,mcn,McNary,149.9,145.2,0.0,338.58,265.74,72.84,807.0
2023-11-10,20,2023-11-10T19:00,mcn,McNary,149.8,145.1,0.0,338.52,265.47,73.05,808.7
2023-11-10,21,2023-11-10T20:00,mcn,McNary,138.7,134.0,0.0,338.53,265.09,73.44,750.9
2023-11-10,22,2023-11-10T21:00,mcn,McNary,125.0,120.3,0.0,338.4,264.95,73.45,674.2
2023-11-10,23,2023-11-10T22:00,mcn,McNary,121.6,116.9,0.0,338.42,264.9,73.52,655.8
2023-11-10,24,2023-11-10T23:00,mcn,McNary,102.1,97.4,0.0,338.4,264.41,73.99,549.9
2023-11-11,1,2023-11-11T00:00,mcn,McNary,83.5,78.8,0.0,338.46,264.18,74.28,446.6
2023-11-11,2,2023-11-11T01:00,mcn,McNary,81.2,76.5,0.0,338.37,264.36,74.01,432.0
2023-11-11,3,2023-11-11T02:00,mcn,McNary,81.5,76.8,0.0,338.39,264.37,74.02,433.7
2023-11-11,4,2023-11-11T03:00,mcn,McNary,82.1,77.4,0.0,338.57,264.39,74.18,438.1
2023-11-11,5,2023-11-11T04:00,mcn,McNary,82.5,77.8,0.0,338.64,264.41,74.23,440.6
2023-11-11,6,2023-11-11T05:00,mcn,McNary,100.6,95.9,0.0,338.57,264.77,73.8,540.0
2023-11-11,7,2023-11-11T06:00,mcn,McNary,121.4,116.7,0.0,338.58,265.1,73.48,654.3
2023-11-11,8,2023-11-11T07:00,mcn,McNary,122.0,117.3,0.0,338.68,265.05,73.63,659.0
2023-11-11,9,2023-11-11T08:00,mcn,McNary,121.7,117.0,0.0,338.74,265.09,73.65,657.5
2023-11-11,10,2023-11-11T09:00,mcn,McNary,119.7,115.0,0.0,338.81,264.9,73.91,648.5
2023-11-11,11,2023-11-11T10:00,mcn,McNary,112.4,107.7,0.0,338.7,264.8,73.9,607.3
2023-11-11,12,2023-11-11T11:00,mcn,McNary,111.0,106.3,0.0,338.76,264.75,74.01,600.3
2023-11-11,13,2023-11-11T12:00,mcn,McNary,111.7,107.0,0.0,338.79,265.25,73.54,600.4
2023-11-11,14,2023-11-11T13:00,mcn,McNary,108.8,104.1,0.0,338.86,265.3,73.56,584.3
2023-11-11,15,2023-11-11T14:00,mcn,McNary,106.8,102.1,0.0,338.65,265.1,73.55,573.0
2023-11-11,16,2023-11-11T15:00,mcn,McNary,120.0,115.3,0.0,338.69,265.36,73.33,645.1
2023-11-11,17,2023-11-11T16:00,mcn,McNary,114.0,109.3,0.0,338.76,264.88,73.88,616.1
2023-11-11,18,2023-11-11T17:00,mcn,McNary,107.0,102.3,0.0,338.62,264.69,73.93,577.1
2023-11-11,19,2023-11-11T18:00,mcn,McNary,112.2,107.5,0.0,338.69,264.75,73.94,606.5
2023-11-11,20,2023-11-11T19:00,mcn,McNary,111.0,106.3,0.0,338.72,264.84,73.88,599.2
2023-11-11,21,2023-11-11T20:00,mcn,McNary,101.8,97.1,0.0,338.68,264.62,74.06,548.7
2023-11-11,22,2023-11-11T21:00,mcn,McNary,100.1,95.4,0.0,338.64,264.57,74.07,539.2
2023-11-11,23,2023-11-11T22:00,mcn,McNary,101.1,96.4,0.0,338.62,264.49,74.13,545.2
2023-11-11,24,2023-11-11T23:00,mcn,McNary,101.1,96.4,0.0,338.66,264.38,74.28,546.4
2023-11-12,1,2023-11-12T00:00,mcn,McNary,86.4,81.7,0.0,338.59,264.33,74.26,462.9
2023-11-12,2,2023-11-12T01:00,mcn,McNary,86.1,81.4,0.0,338.58,264.39,74.19,460.8
2023-11-12,3,2023-11-12T02:00,mcn,McNary,86.5,81.8,0.0,338.61,264.35,74.26,463.5
2023-11-12,4,2023-11-12T03:00,mcn,McNary,86.1,81.4,0.0,338.66,264.38,74.28,461.3
2023-11-12,5,2023-11-12T04:00,mcn,McNary,87.7,81.1,1.9,338.67,264.36,74.31,459.8
2023-11-12,6,2023-11-12T05:00,mcn,McNary,103.7,89.7,9.3,338.57,264.49,74.08,507.0
2023-11-12,7,2023-11-12T06:00,mcn,McNary,117.9,103.9,9.3,338.67,264.92,73.75,584.7
2023-11-12,8,2023-11-12T07:00,mcn,McNary,119.2,105.2,9.4,338.69,264.85,73.84,592.7
2023-11-12,9,2023-11-12T08:00,mcn,McNary,120.9,107.1,9.1,338.64,264.76,73.88,603.7
2023-11-12,10,2023-11-12T09:00,mcn,McNary,121.7,117.0,0.0,338.63,264.86,73.77,658.6
2023-11-12,11,2023-11-12T10:00,mcn,McNary,122.2,117.5,0.0,338.64,264.88,73.76,661.3
2023-11-12,12,2023-11-12T11:00,mcn,McNary,122.9,118.2,0.0,338.6,264.85,73.75,665.1
2023-11-12,13,2023-11-12T12:00,mcn,McNary,121.7,117.0,0.0,338.6,264.86,73.74,658.3
2023-11-12,14,2023-11-12T13:00,mcn,McNary,122.7,118.0,0.0,338.56,264.83,73.73,663.8
2023-11-12,15,2023-11-12T14:00,mcn,McNary,122.9,118.2,0.0,338.44,264.77,73.67,664.4
2023-11-12,16,2023-11-12T15:00,mcn,McNary,124.4,119.7,0.0,338.38,264.78,73.6,672.2
2023-11-12,17,2023-11-12T16:00,mcn,McNary,123.8,119.1,0.0,338.28,264.77,73.51,668.0
2023-11-12,18,2023-11-12T17:00,mcn,McNary,122.1,117.4,0.0,338.21,264.76,73.45,657.9
2023-11-12,19,2023-11-12T18:00,mcn,McNary,121.3,116.6,0.0,338.27,264.61,73.66,655.3
2023-11-12,20,2023-11-12T19:00,mcn,McNary,91.2,86.5,0.0,338.35,263.95,74.4,491.0
2023-11-12,21,2023-11-12T20:00,mcn,McNary,89.3,84.6,0.0,338.28,263.88,74.4,480.3
2023-11-12,22,2023-11-12T21:00,mcn,McNary,87.8,83.1,0.0,338.29,263.94,74.35,471.4
2023-11-12,23,2023-11-12T22:00,mcn,McNary,87.4,82.7,0.0,338.37,263.83,74.54,470.3
2023-11-12,24,2023-11-12T23:00,mcn,McNary,87.8,83.1,0.0,338.4,263.98,74.42,471.9
2023-11-13,1,2023-11-13T00:00,mcn,McNary,87.4,82.7,0.0,338.41,263.99,74.42,469.6
2023-11-13,2,2023-11-13T01:00,mcn,McNary,88.9,84.2,0.0,338.39,263.93,74.46,478.4
2023-11-13,3,2023-11-13T02:00,mcn,McNary,88.6,83.9,0.0,338.41,263.9,74.51,477.0
2023-11-13,4,2023-11-13T03:00,mcn,McNary,87.9,83.2,0.0,338.44,263.91,74.53,473.1
2023-11-13,5,2023-11-13T04:00,mcn,McNary,88.7,84.0,0.0,338.43,264.27,74.16,475.3
2023-11-13,6,2023-11-13T05:00,mcn,McNary,119.5,114.8,0.0,338.36,264.9,73.46,643.5
2023-11-13,7,2023-11-13T06:00,mcn,McNary,127.8,123.1,0.0,338.5,265.0,73.5,690.4
2023-11-13,8,2023-11-13T07:00,mcn,McNary,123.2,118.5,0.0,338.57,264.85,73.72,666.5
2023-11-13,9,2023-11-13T08:00,mcn,McNary,123.0,118.3,0.0,338.52,264.75,73.77,665.9
2023-11-13,10,2023-11-13T09:00,mcn,McNary,122.0,117.3,0.0,338.54,264.76,73.78,660.3
2023-11-13,11,2023-11-13T10:00,mcn,McNary,131.4,126.7,0.0,338.53,264.82,73.71,712.6
2023-11-13,12,2023-11-13T11:00,mcn,McNary,132.5,127.8,0.0,338.5,264.91,73.59,717.6
2023-11-13,13,2023-11-13T12:00,mcn,McNary,132.9,128.2,0.0,338.57,265.08,73.49,718.9
2023-11-13,14,2023-11-13T13:00,mcn,McNary,133.8,129.1,0.0,338.48,265.0,73.48,723.8
2023-11-13,15,2023-11-13T14:00,mcn,McNary,133.8,129.1,0.0,338.41,265.09,73.32,722.2
2023-11-13,16,2023-11-13T15:00,mcn,McNary,135.1,130.4,0.0,338.39,265.09,73.3,729.3
2023-11-13,17,2023-11-13T16:00,mcn,McNary,132.8,128.1,0.0,338.31,265.1,73.21,715.6
2023-11-13,18,2023-11-13T17:00,mcn,McNary,132.7,128.0,0.0,338.25,265.25,73.0,712.9
2023-11-13,19,2023-11-13T18:00,mcn,McNary,132.3,127.6,0.0,338.07,265.2,72.87,709.5
2023-11-13,20,2023-11-13T19:00,mcn,McNary,130.7,126.0,0.0,338.07,265.08,72.99,701.7
2023-11-13,21,2023-11-13T20:00,mcn,McNary,129.9,125.2,0.0,338.0,264.96,73.04,697.7
2023-11-13,22,2023-11-13T21:00,mcn,McNary,128.6,123.9,0.0,337.95,264.91,73.04,690.5
2023-11-13,23,2023-11-13T22:00,mcn,McNary,97.9,93.2,0.0,338.0,264.01,73.99,526.2
2023-11-13,24,2023-11-13T23:00,mcn,McNary,95.2,90.5,0.0,337.91,263.99,73.92,510.4
2023-11-14,1,2023-11-14T00:00,mcn,McNary,86.2,81.5,0.0,338.01,264.0,74.01,460.2
2023-11-14,2,2023-11-14T01:00,mcn,McNary,85.2,80.5,0.0,337.99,263.98,74.01,454.6
2023-11-14,3,2023-11-14T02:00,mcn,McNary,85.1,80.4,0.0,337.92,264.06,73.86,453.1
2023-11-14,4,2023-11-14T03:00,mcn,McNary,85.2,80.5,0.0,338.01,264.46,73.55,451.8
2023-11-14,5,2023-11-14T04:00,mcn,McNary,85.3,80.6,0.0,338.06,264.3,73.76,453.6
2023-11-14,6,2023-11-14T05:00,mcn,McNary,87.0,82.3,0.0,338.01,264.72,73.29,460.2
2023-11-14,7,2023-11-14T06:00,mcn,McNary,130.6,125.9,0.0,337.98,265.34,72.64,697.8
2023-11-14,8,2023-11-14T07:00,mcn,McNary,133.0,128.3,0.0,338.06,265.17,72.89,713.5
2023-11-14,9,2023-11-14T08:00,mcn,McNary,133.5,128.8,0.0,338.15,265.18,72.97,717.1
2023-11-14,10,2023-11-14T09:00,mcn,McNary,133.0,128.3,0.0,338.16,265.09,73.07,715.3
2023-11-14,11,2023-11-14T10:00,mcn,McNary,133.9,129.2,0.0,338.26,264.96,73.3,722.6
2023-11-14,12,2023-11-14T11:00,mcn,McNary,132.0,127.3,0.0,338.41,264.96,73.45,713.4
2023-11-14,13,2023-11-14T12:00,mcn,McNary,132.2,127.5,0.0,338.44,265.12,73.32,713.3
2023-11-14,14,2023-11-14T13:00,mcn,McNary,132.9,128.2,0.0,338.43,265.21,73.22,716.2
2023-11-14,15,2023-11-14T14:00,mcn,McNary,133.4,128.7,0.0,338.45,265.2,73.25,719.3
2023-11-14,16,2023-11-14T15:00,mcn,McNary,132.7,128.0,0.0,338.43,265.16,73.27,715.6
2023-11-14,17,2023-11-14T16:00,mcn,McNary,131.8,127.1,0.0,338.31,265.14,73.17,709.6
2023-11-14,18,2023-11-14T17:00,mcn,McNary,132.1,127.4,0.0,338.31,265.32,72.99,709.5
2023-11-14,19,2023-11-14T18:00,mcn,McNary,131.8,127.1,0.0,338.27,265.41,72.86,706.6
2023-11-14,20,2023-11-14T19:00,mcn,McNary,131.7,127.0,0.0,338.19,265.47,72.72,704.7
2023-11-14,21,2023-11-14T20:00,mcn,McNary,130.9,126.2,0.0,338.13,265.39,72.74,700.4
2023-11-14,22,2023-11-14T21:00,mcn,McNary,111.5,106.8,0.0,338.09,264.83,73.26,597.0
2023-11-14,23,2023-11-14T22:00,mcn,McNary,91.9,87.2,0.0,338.05,264.67,73.38,488.2
2023-11-14,24,2023-11-14T23:00,mcn,McNary,90.7,86.0,0.0,338.02,264.79,73.23,480.5
2023-11-15,1,2023-11-15T00:00,mcn,McNary,90.7,86.0,0.0,338.02,264.78,73.24,480.6
2023-11-15,2,2023-11-15T01:00,mcn,McNary,90.7,86.0,0.0,338.12,264.83,73.29,480.9
2023-11-15,3,2023-11-15T02:00,mcn,McNary,91.0,86.3,0.0,338.21,264.85,73.36,483.1
2023-11-15,4,2023-11-15T03:00,mcn,McNary,91.0,86.3,0.0,338.29,264.87,73.42,483.4
2023-11-15,5,2023-11-15T04:00,mcn,McNary,92.4,86.2,1.4,338.37,264.79,73.58,483.9
2023-11-15,6,2023-11-15T05:00,mcn,McNary,110.1,96.3,9.1,338.48,265.09,73.39,539.2
2023-11-15,7,2023-11-15T06:00,mcn,McNary,140.5,126.6,9.2,338.6,265.87,72.73,702.5
2023-11-15,8,2023-11-15T07:00,mcn,McNary,141.1,127.0,9.4,338.73,265.86,72.87,706.1
2023-11-15,9,2023-11-15T08:00,mcn,McNary,156.4,142.3,9.4,338.74,266.05,72.69,789.2
2023-11-15,10,2023-11-15T09:00,mcn,McNary,150.0,144.6,0.7,338.97,265.83,73.14,807.0
2023-11-15,11,2023-11-15T10:00,mcn,McNary,146.8,142.1,0.0,338.93,265.72,73.21,793.8
2023-11-15,12,2023-11-15T11:00,mcn,McNary,149.3,144.6,0.0,338.98,265.82,73.16,807.2
2023-11-15,13,2023-11-15T12:00,mcn,McNary,148.8,144.1,0.0,339.04,266.03,73.01,802.7
2023-11-15,14,2023-11-15T13:00,mcn,McNary,147.5,142.8,0.0,339.05,265.97,73.08,796.3
2023-11-15,15,2023-11-15T14:00,mcn,McNary,148.9,144.2,0.0,339.0,265.97,73.03,803.5
2023-11-15,16,2023-11-15T15:00,mcn,McNary,148.9,144.2,0.0,338.91,266.03,72.88,801.9
2023-11-15,17,2023-11-15T16:00,mcn,McNary,146.4,141.7,0.0,338.8,265.9,72.9,788.2
2023-11-15,18,2023-11-15T17:00,mcn,McNary,130.5,125.8,0.0,338.75,265.67,73.08,701.5
2023-11-15,19,2023-11-15T18:00,mcn,McNary,129.5,124.8,0.0,338.64,265.81,72.83,693.5
2023-11-15,20,2023-11-15T19:00,mcn,McNary,129.4,124.7,0.0,338.58,265.86,72.72,691.9
2023-11-15,21,2023-11-15T20:00,mcn,McNary,129.6,124.9,0.0,338.45,265.82,72.63,692.2
2023-11-15,22,2023-11-15T21:00,mcn,McNary,128.1,123.4,0.0,338.4,265.55,72.85,685.9
2023-11-15,23,2023-11-15T22:00,mcn,McNary,97.9,93.2,0.0,338.41,264.91,73.5,522.7
2023-11-15,24,2023-11-15T23:00,mcn,McNary,96.3,91.6,0.0,338.35,264.98,73.37,512.8
2023-11-16,1,2023-11-16T00:00,mcn,McNary,95.5,90.8,0.0,338.24,264.9,73.34,508.1
2023-11-16,2,2023-11-16T01:00,mcn,McNary,93.2,88.5,0.0,338.39,264.87,73.52,496.4
2023-11-16,3,2023-11-16T02:00,mcn,McNary,93.8,89.1,0.0,338.38,265.04,73.34,498.6
2023-11-16,4,2023-11-16T03:00,mcn,McNary,94.4,89.7,0.0,338.43,265.09,73.34,501.9
2023-11-16,5,2023-11-16T04:00,mcn,McNary,94.8,90.1,0.0,338.51,264.92,73.59,505.9
2023-11-16,6,2023-11-16T05:00,mcn,McNary,95.6,90.9,0.0,338.53,265.22,73.31,508.5
2023-11-16,7,2023-11-16T06:00,mcn,McNary,134.0,129.3,0.0,338.4,266.16,72.24,712.7
2023-11-16,8,2023-11-16T07:00,mcn,McNary,139.7,135.0,0.0,338.65,266.11,72.54,747.2
2023-11-16,9,2023-11-16T08:00,mcn,McNary,135.5,130.8,0.0,338.66,265.95,72.71,725.6
2023-11-16,10,2023-11-16T09:00,mcn,McNary,136.1,131.4,0.0,338.68,265.89,72.79,729.8
2023-11-16,11,2023-11-16T10:00,mcn,McNary,134.7,130.0,0.0,338.82,265.81,73.01,724.2
2023-11-16,12,2023-11-16T11:00,mcn,McNary,132.5,127.8,0.0,338.89,265.48,73.41,715.8
2023-11-16,13,2023-11-16T12:00,mcn,McNary,115.9,111.2,0.0,338.93,265.31,73.62,624.6
2023-11-16,14,2023-11-16T13:00,mcn,McNary,113.1,108.4,0.0,338.82,265.46,73.36,606.8
2023-11-16,15,2023-11-16T14:00,mcn,McNary,116.7,112.0,0.0,338.81,265.44,73.37,627.0
2023-11-16,16,2023-11-16T15:00,mcn,McNary,116.7,112.0,0.0,338.84,265.43,73.41,627.3
2023-11-16,17,2023-11-16T16:00,mcn,McNary,114.3,109.6,0.0,338.77,265.47,73.3,613.0
2023-11-16,18,2023-11-16T17:00,mcn,McNary,123.1,118.4,0.0,338.73,265.73,73.0,659.5
2023-11-16,19,2023-11-16T18:00,mcn,McNary,125.6,120.9,0.0,338.7,265.72,72.98,673.2
2023-11-16,20,2023-11-16T19:00,mcn,McNary,124.7,120.0,0.0,338.57,265.5,73.07,669.0
2023-11-16,21,2023-11-16T20:00,mcn,McNary,123.0,118.3,0.0,338.54,265.61,72.93,658.3
2023-11-16,22,2023-11-16T21:00,mcn,McNary,122.2,117.5,0.0,338.49,265.24,73.25,656.7
2023-11-16,23,2023-11-16T22:00,mcn,McNary,94.8,90.1,0.0,338.56,264.84,73.72,506.8
2023-11-16,24,2023-11-16T23:00,mcn,McNary,84.6,79.9,0.0,338.53,264.8,73.73,449.5
2023-11-17,1,2023-11-17T00:00,mcn,McNary,84.5,79.8,0.0,338.53,264.76,73.77,449.2
2023-11-17,2,2023-11-17T01:00,mcn,McNary,84.8,80.1,0.0,338.5,264.8,73.7,450.4
2023-11-17,3,2023-11-17T02:00,mcn,McNary,84.4,79.7,0.0,338.57,264.86,73.71,448.2
2023-11-17,4,2023-11-17T03:00,mcn,McNary,85.5,80.8,0.0,338.59,265.18,73.41,452.6
2023-11-17,5,2023-11-17T04:00,mcn,McNary,114.0,109.3,0.0,338.6,265.76,72.84,607.5
2023-11-17,6,2023-11-17T05:00,mcn,McNary,142.0,137.3,0.0,338.64,266.1,72.54,759.9
2023-11-17,7,2023-11-17T06:00,mcn,McNary,150.6,145.9,0.0,338.75,266.19,72.56,807.8
2023-11-17,8,2023-11-17T07:00,mcn,McNary,150.3,145.6,0.0,338.78,266.26,72.52,805.6
2023-11-17,9,2023-11-17T08:00,mcn,McNary,149.7,145.0,0.0,338.86,266.14,72.72,804.5
2023-11-17,10,2023-11-17T09:00,mcn,McNary,151.3,146.6,0.0,338.94,266.02,72.92,815.7
2023-11-17,11,2023-11-17T10:00,mcn,McNary,150.3,145.6,0.0,338.98,266.05,72.93,810.2
2023-11-17,12,2023-11-17T11:00,mcn,McNary,150.3,145.6,0.0,339.08,266.18,72.9,809.9
2023-11-17,13,2023-11-17T12:00,mcn,McNary,150.6,145.9,0.0,339.03,266.17,72.86,811.1
2023-11-17,14,2023-11-17T13:00,mcn,McNary,143.9,139.2,0.0,339.07,266.05,73.02,775.5
2023-11-17,15,2023-11-17T14:00,mcn,McNary,144.3,139.6,0.0,338.97,266.16,72.81,775.5
2023-11-17,16,2023-11-17T15:00,mcn,McNary,143.9,139.2,0.0,338.94,266.13,72.81,773.3
2023-11-17,17,2023-11-17T16:00,mcn,McNary,144.8,140.1,0.0,338.87,266.19,72.68,776.9
2023-11-17,18,2023-11-17T17:00,mcn,McNary,140.0,135.3,0.0,338.8,266.21,72.59,749.4
2023-11-17,19,2023-11-17T18:00,mcn,McNary,140.7,136.0,0.0,338.7,266.33,72.37,751.0
2023-11-17,20,2023-11-17T19:00,mcn,McNary,141.1,136.4,0.0,338.7,266.32,72.38,753.3
2023-11-17,21,2023-11-17T20:00,mcn,McNary,139.7,135.0,0.0,338.66,266.16,72.5,746.8
2023-11-17,22,2023-11-17T21:00,mcn,McNary,125.2,120.5,0.0,338.57,265.89,72.68,668.2
2023-11-17,23,2023-11-17T22:00,mcn,McNary,124.6,119.9,0.0,338.47,265.98,72.49,663.2
2023-11-17,24,2023-11-17T23:00,mcn,McNary,123.6,118.9,0.0,338.36,265.97,72.39,656.7
2023-11-18,1,2023-11-18T00:00,mcn,McNary,127.4,122.7,0.0,338.23,266.19,72.04,674.4
2023-11-18,2,2023-11-18T01:00,mcn,McNary,128.1,123.4,0.0,338.23,266.14,72.09,678.8
2023-11-18,3,2023-11-18T02:00,mcn,McNary,125.7,121.0,0.0,338.17,265.99,72.18,666.4
2023-11-18,4,2023-11-18T03:00,mcn,McNary,126.3,121.6,0.0,338.15,265.92,72.23,670.2
2023-11-18,5,2023-11-18T04:00,mcn,McNary,126.4,121.7,0.0,338.09,265.95,72.14,669.9
2023-11-18,6,2023-11-18T05:00,mcn,McNary,126.5,121.8,0.0,338.16,266.07,72.09,670.0
2023-11-18,7,2023-11-18T06:00,mcn,McNary,140.6,135.9,0.0,338.15,266.32,71.83,744.8
2023-11-18,8,2023-11-18T07:00,mcn,McNary,141.1,136.4,0.0,338.29,266.34,71.95,748.8
2023-11-18,9,2023-11-18T08:00,mcn,McNary,139.8,135.1,0.0,338.4,266.18,72.22,744.5
2023-11-18,10,2023-11-18T09:00,mcn,McNary,122.0,117.3,0.0,338.52,265.75,72.77,651.3
2023-11-18,11,2023-11-18T10:00,mcn,McNary,119.1,114.4,0.0,338.63,265.44,73.19,638.9
2023-11-18,12,2023-11-18T11:00,mcn,McNary,101.5,96.8,0.0,338.77,265.2,73.57,543.4
2023-11-18,13,2023-11-18T12:00,mcn,McNary,101.4,96.7,0.0,338.85,265.28,73.57,542.8
2023-11-18,14,2023-11-18T13:00,mcn,McNary,101.2,96.5,0.0,338.99,265.38,73.61,542.0
2023-11-18,15,2023-11-18T14:00,mcn,McNary,102.4,97.7,0.0,339.03,265.53,73.5,547.9
2023-11-18,16,2023-11-18T15:00,mcn,McNary,121.0,116.3,0.0,339.0,265.82,73.18,649.4
2023-11-18,17,2023-11-18T16:00,mcn,McNary,121.4,116.7,0.0,339.03,265.88,73.15,651.3
2023-11-18,18,2023-11-18T17:00,mcn,McNary,138.8,134.1,0.0,338.89,266.04,72.85,745.4
2023-11-18,19,2023-11-18T18:00,mcn,McNary,139.8,135.1,0.0,338.89,266.04,72.85,750.9
2023-11-18,20,2023-11-18T19:00,mcn,McNary,140.3,135.6,0.0,338.86,266.07,72.79,753.1
2023-11-18,21,2023-11-18T20:00,mcn,McNary,139.3,134.6,0.0,338.77,265.8,72.97,749.4
2023-11-18,22,2023-11-18T21:00,mcn,McNary,110.8,106.1,0.0,338.83,265.21,73.62,596.0
2023-11-18,23,2023-11-18T22:00,mcn,McNary,90.0,85.3,0.0,338.81,264.9,73.91,481.0
2023-11-18,24,2023-11-18T23:00,mcn,McNary,87.2,82.5,0.0,338.75,264.93,73.82,464.7
2023-11-19,1,2023-11-19T00:00,mcn,McNary,88.0,83.3,0.0,338.64,265.05,73.59,467.7
2023-11-19,2,2023-11-19T01:00,mcn,McNary,89.2,84.5,0.0,338.77,265.19,73.58,474.4
2023-11-19,3,2023-11-19T02:00,mcn,McNary,88.7,84.0,0.0,338.76,265.15,73.61,471.8
2023-11-19,4,2023-11-19T03:00,mcn,McNary,89.0,84.3,0.0,338.75,265.04,73.71,474.1
2023-11-19,5,2023-11-19T04:00,mcn,McNary,90.5,85.8,0.0,338.87,265.2,73.67,482.3
2023-11-19,6,2023-11-19T05:00,mcn,McNary,109.4,104.7,0.0,338.87,265.87,73.0,583.2
2023-11-19,7,2023-11-19T06:00,mcn,McNary,123.4,118.7,0.0,338.9,266.03,72.87,660.0
2023-11-19,8,2023-11-19T07:00,mcn,McNary,124.1,119.4,0.0,338.92,265.93,72.99,665.0
2023-11-19,9,2023-11-19T08:00,mcn,McNary,126.2,121.5,0.0,338.97,265.94,73.03,677.0
2023-11-19,10,2023-11-19T09:00,mcn,McNary,124.5,119.8,0.0,339.05,265.89,73.16,668.7
2023-11-19,11,2023-11-19T10:00,mcn,McNary,109.4,104.7,0.0,339.05,265.72,73.33,585.8
2023-11-19,12,2023-11-19T11:00,mcn,McNary,107.5,102.8,0.0,339.01,265.93,73.08,573.2
2023-11-19,13,2023-11-19T12:00,mcn,McNary,108.3,103.6,0.0,339.14,266.0,73.14,578.1
2023-11-19,14,2023-11-19T13:00,mcn,McNary,103.9,99.2,0.0,339.2,265.81,73.39,555.5
2023-11-19,15,2023-11-19T14:00,mcn,McNary,108.0,103.3,0.0,339.25,265.72,73.53,579.5
2023-11-19,16,2023-11-19T15:00,mcn,McNary,105.1,100.4,0.0,339.22,265.55,73.67,564.4
2023-11-19,17,2023-11-19T16:00,mcn,McNary,125.8,121.1,0.0,339.07,265.81,73.26,676.9
2023-11-19,18,2023-11-19T17:00,mcn,McNary,126.6,121.9,0.0,339.12,266.07,73.05,679.4
2023-11-19,19,2023-11-19T18:00,mcn,McNary,125.3,120.6,0.0,339.09,266.17,72.92,671.0
2023-11-19,20,2023-11-19T19:00,mcn,McNary,125.9,121.2,0.0,339.1,265.92,73.18,676.7
2023-11-19,21,2023-11-19T20:00,mcn,McNary,125.9,121.2,0.0,338.96,265.87,73.09,675.9
2023-11-19,22,2023-11-19T21:00,mcn,McNary,125.2,120.5,0.0,338.94,265.5,73.44,675.2
2023-11-19,23,2023-11-19T22:00,mcn,McNary,106.3,101.6,0.0,338.96,265.27,73.69,571.3
2023-11-19,24,2023-11-19T23:00,mcn,McNary,91.3,86.6,0.0,338.89,265.25,73.64,486.6
2023-11-20,1,2023-11-20T00:00,mcn,McNary,89.5,84.8,0.0,338.85,265.26,73.59,476.1
2023-11-20,2,2023-11-20T01:00,mcn,McNary,91.2,86.5,0.0,338.88,265.42,73.46,484.8
2023-11-20,3,2023-11-20T02:00,mcn,McNary,91.9,87.2,0.0,338.89,265.41,73.48,488.9
2023-11-20,4,2023-11-20T03:00,mcn,McNary,105.6,100.9,0.0,338.85,265.81,73.04,562.3
2023-11-20,5,2023-11-20T04:00,mcn,McNary,120.9,116.2,0.0,338.77,266.21,72.56,643.3
2023-11-20,6,2023-11-20T05:00,mcn,McNary,140.7,136.0,0.0,338.77,266.34,72.43,751.6
2023-11-20,7,2023-11-20T06:00,mcn,McNary,146.2,141.5,0.0,338.69,266.61,72.08,778.2
2023-11-20,8,2023-11-20T07:00,mcn,McNary,147.8,143.1,0.0,338.56,266.63,71.93,785.4
2023-11-20,9,2023-11-20T08:00,mcn,McNary,148.9,144.2,0.0,338.62,266.42,72.2,794.4
2023-11-20,10,2023-11-20T09:00,mcn,McNary,144.9,140.2,0.0,338.69,266.29,72.4,774.5
2023-11-20,11,2023-11-20T10:00,mcn,McNary,131.9,127.2,0.0,338.79,266.0,72.79,706.5
2023-11-20,12,2023-11-20T11:00,mcn,McNary,109.7,105.0,0.0,338.94,265.7,73.24,586.8
2023-11-20,13,2023-11-20T12:00,mcn,McNary,109.4,104.7,0.0,338.99,265.83,73.16,584.4
2023-11-20,14,2023-11-20T13:00,mcn,McNary,110.2,105.5,0.0,338.96,265.84,73.12,588.6
2023-11-20,15,2023-11-20T14:00,mcn,McNary,110.5,105.8,0.0,339.02,265.79,73.23,591.2
2023-11-20,16,2023-11-20T15:00,mcn,McNary,111.6,106.9,0.0,338.95,265.82,73.13,596.5
2023-11-20,17,2023-11-20T16:00,mcn,McNary,129.5,124.8,0.0,338.84,266.12,72.72,692.5
2023-11-20,18,2023-11-20T17:00,mcn,McNary,129.7,125.0,0.0,338.85,266.09,72.76,693.9
2023-11-20,19,2023-11-20T18:00,mcn,McNary,129.4,124.7,0.0,338.8,266.11,72.69,691.6
2023-11-20,20,2023-11-20T19:00,mcn,McNary,129.3,124.6,0.0,338.76,266.0,72.76,691.7
2023-11-20,21,2023-11-20T20:00,mcn,McNary,118.9,114.2,0.0,338.75,265.85,72.9,635.2
2023-11-20,22,2023-11-20T21:00,mcn,McNary,118.5,113.8,0.0,338.6,265.88,72.72,631.4
2023-11-20,23,2023-11-20T22:00,mcn,McNary,111.0,106.3,0.0,338.55,265.69,72.86,590.9
2023-11-20,24,2023-11-20T23:00,mcn,McNary,108.2,103.5,0.0,338.56,265.51,73.05,576.9
2023-11-21,1,2023-11-21T00:00,mcn,McNary,96.0,91.3,0.0,338.55,265.18,73.37,511.1
2023-11-21,2,2023-11-21T01:00,mcn,McNary,94.2,89.5,0.0,338.55,265.35,73.2,499.9
2023-11-21,3,2023-11-21T02:00,mcn,McNary,94.4,89.7,0.0,338.47,265.47,73.0,499.6
2023-11-21,4,2023-11-21T03:00,mcn,McNary,95.0,90.3,0.0,338.57,265.79,72.78,501.4
2023-11-21,5,2023-11-21T04:00,mcn,McNary,111.2,106.5,0.0,338.58,266.05,72.53,589.4
2023-11-21,6,2023-11-21T05:00,mcn,McNary,134.0,129.3,0.0,338.53,266.59,71.94,709.7
2023-11-21,7,2023-11-21T06:00,mcn,McNary,154.1,149.4,0.0,338.64,266.68,71.96,820.3
2023-11-21,8,2023-11-21T07:00,mcn,McNary,151.8,147.1,0.0,338.73,266.76,71.97,807.8
2023-11-21,9,2023-11-21T08:00,mcn,McNary,153.2,148.5,0.0,338.8,266.63,72.17,817.7
2023-11-21,10,2023-11-21T09:00,mcn,McNary,152.1,147.4,0.0,338.82,266.44,72.38,814.0
2023-11-21,11,2023-11-21T10:00,mcn,McNary,150.3,145.6,0.0,338.94,266.33,72.61,806.6
2023-11-21,12,2023-11-21T11:00,mcn,McNary,150.1,145.4,0.0,338.92,266.33,72.59,805.3
2023-11-21,13,2023-11-21T12:00,mcn,McNary,150.4,145.7,0.0,338.97,266.42,72.55,806.5
2023-11-21,14,2023-11-21T13:00,mcn,McNary,149.4,144.7,0.0,338.87,266.32,72.55,801.0
2023-11-21,15,2023-11-21T14:00,mcn,McNary,133.3,128.6,0.0,339.01,266.04,72.97,716.0
2023-11-21,16,2023-11-21T15:00,mcn,McNary,132.8,128.1,0.0,338.83,266.1,72.73,710.9
2023-11-21,17,2023-11-21T16:00,mcn,McNary,129.9,125.2,0.0,338.78,266.01,72.77,695.2
2023-11-21,18,2023-11-21T17:00,mcn,McNary,127.9,123.2,0.0,338.79,265.99,72.8,684.3
2023-11-21,19,2023-11-21T18:00,mcn,McNary,119.2,114.5,0.0,338.64,265.81,72.83,636.3
2023-11-21,20,2023-11-21T19:00,mcn,McNary,120.0,115.3,0.0,338.6,265.77,72.83,640.7
2023-11-21,21,2023-11-21T20:00,mcn,McNary,120.1,115.4,0.0,338.58,265.82,72.76,640.7
2023-11-21,22,2023-11-21T21:00,mcn,McNary,116.6,111.9,0.0,338.53,265.46,73.07,623.9
2023-11-21,23,2023-11-21T22:00,mcn,McNary,91.9,87.2,0.0,338.65,264.97,73.68,490.2
2023-11-21,24,2023-11-21T23:00,mcn,McNary,89.5,84.8,0.0,338.52,264.85,73.67,476.7
2023-11-22,1,2023-11-22T00:00,mcn,McNary,89.9,85.2,0.0,338.43,264.82,73.61,478.5
2023-11-22,2,2023-11-22T01:00,mcn,McNary,86.6,81.9,0.0,338.5,264.9,73.6,459.9
2023-11-22,3,2023-11-22T02:00,mcn,McNary,84.7,80.0,0.0,338.6,265.03,73.57,449.1
2023-11-22,4,2023-11-22T03:00,mcn,McNary,90.4,85.7,0.0,338.58,265.08,73.5,480.6
2023-11-22,5,2023-11-22T04:00,mcn,McNary,85.9,81.2,0.0,338.76,264.98,73.78,457.1
2023-11-22,6,2023-11-22T05:00,mcn,McNary,113.6,108.9,0.0,338.64,265.77,72.87,605.5
2023-11-22,7,2023-11-22T06:00,mcn,McNary,143.2,138.5,0.0,338.66,266.19,72.47,765.8
2023-11-22,8,2023-11-22T07:00,mcn,McNary,143.5,138.8,0.0,338.78,266.07,72.71,770.0
2023-11-22,9,2023-11-22T08:00,mcn,McNary,145.6,140.9,0.0,338.77,266.21,72.56,780.1
2023-11-22,10,2023-11-22T09:00,mcn,McNary,145.4,140.7,0.0,338.82,266.04,72.78,781.3
2023-11-22,11,2023-11-22T10:00,mcn,McNary,100.0,95.3,0.0,338.96,265.3,73.66,535.6
2023-11-22,12,2023-11-22T11:00,mcn,McNary,113.8,109.1,0.0,338.96,265.36,73.6,612.7
2023-11-22,13,2023-11-22T12:00,mcn,McNary,114.3,109.6,0.0,338.94,265.54,73.4,613.8
2023-11-22,14,2023-11-22T13:00,mcn,McNary,114.6,109.9,0.0,338.96,265.53,73.43,615.7
2023-11-22,15,2023-11-22T14:00,mcn,McNary,115.8,111.1,0.0,338.89,265.66,73.23,620.8
2023-11-22,16,2023-11-22T15:00,mcn,McNary,116.5,111.8,0.0,338.83,265.63,73.2,624.4
2023-11-22,17,2023-11-22T16:00,mcn,McNary,128.5,123.8,0.0,338.73,265.8,72.93,688.9
2023-11-22,18,2023-11-22T17:00,mcn,McNary,129.3,124.6,0.0,338.66,265.86,72.8,692.1
2023-11-22,19,2023-11-22T18:00,mcn,McNary,129.9,125.2,0.0,338.64,265.91,72.73,694.8
2023-11-22,20,2023-11-22T19:00,mcn,McNary,130.5,125.8,0.0,338.58,265.86,72.72,698.0
2023-11-22,21,2023-11-22T20:00,mcn,McNary,130.6,125.9,0.0,338.54,265.86,72.68,698.2
2023-11-22,22,2023-11-22T21:00,mcn,McNary,129.8,125.1,0.0,338.45,265.58,72.87,695.6
2023-11-22,23,2023-11-22T22:00,mcn,McNary,102.7,98.0,0.0,338.49,265.16,73.33,548.3
2023-11-22,24,2023-11-22T23:00,mcn,McNary,101.8,97.1,0.0,338.32,265.19,73.13,541.8
2023-11-23,1,2023-11-23T00:00,mcn,McNary,100.1,95.4,0.0,338.28,265.25,73.03,531.6
2023-11-23,2,2023-11-23T01:00,mcn,McNary,100.1,95.4,0.0,338.3,265.39,72.91,530.7
2023-11-23,3,2023-11-23T02:00,mcn,McNary,100.3,95.6,0.0,338.33,265.44,72.89,531.7
2023-11-23,4,2023-11-23T03:00,mcn,McNary,101.0,96.3,0.0,338.35,265.44,72.91,535.7
2023-11-23,5,2023-11-23T04:00,mcn,McNary,101.5,96.8,0.0,338.37,265.4,72.97,538.9
2023-11-23,6,2023-11-23T05:00,mcn,McNary,114.3,109.6,0.0,338.47,265.56,72.91,609.7
2023-11-23,7,2023-11-23T06:00,mcn,McNary,130.8,126.1,0.0,338.47,266.07,72.4,696.6
2023-11-23,8,2023-11-23T07:00,mcn,McNary,130.8,126.1,0.0,338.55,266.03,72.52,697.7
2023-11-23,9,2023-11-23T08:00,mcn,McNary,134.9,130.2,0.0,338.66,265.93,72.73,722.5
2023-11-23,10,2023-11-23T09:00,mcn,McNary,134.2,129.5,0.0,338.8,265.95,72.85,719.8
2023-11-23,11,2023-11-23T10:00,mcn,McNary,131.0,126.3,0.0,338.93,265.83,73.1,704.4
2023-11-23,12,2023-11-23T11:00,mcn,McNary,130.0,125.3,0.0,338.97,265.88,73.09,698.8
2023-11-23,13,2023-11-23T12:00,mcn,McNary,127.8,123.1,0.0,338.99,265.8,73.19,687.4
2023-11-23,14,2023-11-23T13:00,mcn,McNary,129.7,125.0,0.0,339.07,265.86,73.21,698.2
2023-11-23,15,2023-11-23T14:00,mcn,McNary,130.1,125.4,0.0,339.02,265.83,73.19,700.3
2023-11-23,16,2023-11-23T15:00,mcn,McNary,129.6,124.9,0.0,339.0,265.81,73.19,697.5
2023-11-23,17,2023-11-23T16:00,mcn,McNary,129.7,125.0,0.0,338.95,265.87,73.08,697.0
2023-11-23,18,2023-11-23T17:00,mcn,McNary,129.8,125.1,0.0,338.88,265.87,73.01,696.9
2023-11-23,19,2023-11-23T18:00,mcn,McNary,129.4,124.7,0.0,338.89,265.92,72.97,694.3
2023-11-23,20,2023-11-23T19:00,mcn,McNary,130.8,126.1,0.0,338.77,265.95,72.82,700.6
2023-11-23,21,2023-11-23T20:00,mcn,McNary,130.8,126.1,0.0,338.74,265.89,72.85,700.9
2023-11-23,22,2023-11-23T21:00,mcn,McNary,130.0,125.3,0.0,338.68,265.66,73.02,698.1
2023-11-23,23,2023-11-23T22:00,mcn,McNary,102.1,97.4,0.0,338.73,265.06,73.67,547.5
2023-11-23,24,2023-11-23T23:00,mcn,McNary,90.7,86.0,0.0,338.67,264.97,73.7,483.6
2023-11-24,1,2023-11-24T00:00,mcn,McNary,90.2,85.5,0.0,338.59,265.01,73.58,480.0
2023-11-24,2,2023-11-24T01:00,mcn,McNary,89.9,85.2,0.0,338.71,264.97,73.74,479.4
2023-11-24,3,2023-11-24T02:00,mcn,McNary,90.3,85.6,0.0,338.7,265.09,73.61,480.8
2023-11-24,4,2023-11-24T03:00,mcn,McNary,90.5,85.8,0.0,338.81,265.05,73.76,482.9
2023-11-24,5,2023-11-24T04:00,mcn,McNary,91.0,86.3,0.0,338.8,265.05,73.75,485.6
2023-11-24,6,2023-11-24T05:00,mcn,McNary,104.6,99.9,0.0,338.88,265.3,73.58,560.9
2023-11-24,7,2023-11-24T06:00,mcn,McNary,120.6,115.9,0.0,338.92,265.7,73.22,647.5
2023-11-24,8,2023-11-24T07:00,mcn,McNary,122.9,118.2,0.0,338.95,265.65,73.3,661.1
2023-11-24,9,2023-11-24T08:00,mcn,McNary,120.1,115.4,0.0,339.12,265.54,73.58,647.9
2023-11-24,10,2023-11-24T09:00,mcn,McNary,119.4,114.7,0.0,339.15,265.49,73.66,644.6
2023-11-24,11,2023-11-24T10:00,mcn,McNary,119.1,114.4,0.0,339.32,265.38,73.94,645.4
2023-11-24,12,2023-11-24T11:00,mcn,McNary,120.3,115.6,0.0,339.35,265.55,73.8,650.9
2023-11-24,13,2023-11-24T12:00,mcn,McNary,140.4,135.7,0.0,339.34,265.86,73.48,760.8
2023-11-24,14,2023-11-24T13:00,mcn,McNary,141.6,136.9,0.0,339.34,265.87,73.47,767.4
2023-11-24,15,2023-11-24T14:00,mcn,McNary,142.0,137.3,0.0,339.31,265.87,73.44,769.4
2023-11-24,16,2023-11-24T15:00,mcn,McNary,142.8,138.1,0.0,339.16,265.84,73.32,772.6
2023-11-24,17,2023-11-24T16:00,mcn,McNary,143.9,139.2,0.0,339.07,265.89,73.18,777.2
2023-11-24,18,2023-11-24T17:00,mcn,McNary,142.5,137.8,0.0,339.04,265.88,73.16,769.2
2023-11-24,19,2023-11-24T18:00,mcn,McNary,142.2,137.5,0.0,338.96,266.05,72.91,764.9
2023-11-24,20,2023-11-24T19:00,mcn,McNary,142.2,137.5,0.0,338.79,266.01,72.78,763.6
2023-11-24,21,2023-11-24T20:00,mcn,McNary,141.9,137.2,0.0,338.72,265.95,72.77,761.8
2023-11-24,22,2023-11-24T21:00,mcn,McNary,132.9,128.2,0.0,338.7,265.71,72.99,714.0
2023-11-24,23,2023-11-24T22:00,mcn,McNary,110.7,106.0,0.0,338.77,265.09,73.68,595.9
2023-11-24,24,2023-11-24T23:00,mcn,McNary,91.2,86.5,0.0,338.72,264.89,73.83,487.3
2023-11-25,1,2023-11-25T00:00,mcn,McNary,90.3,85.6,0.0,338.61,264.96,73.65,481.0
2023-11-25,2,2023-11-25T01:00,mcn,McNary,90.3,85.6,0.0,338.65,264.96,73.69,481.3
2023-11-25,3,2023-11-25T02:00,mcn,McNary,90.5,85.8,0.0,338.74,265.0,73.74,482.7
2023-11-25,4,2023-11-25T03:00,mcn,McNary,90.6,85.9,0.0,338.72,265.16,73.56,482.1
2023-11-25,5,2023-11-25T04:00,mcn,McNary,111.4,106.7,0.0,338.68,265.63,73.05,594.7
2023-11-25,6,2023-11-25T05:00,mcn,McNary,131.4,126.7,0.0,338.8,265.87,72.93,705.0
2023-11-25,7,2023-11-25T06:00,mcn,McNary,149.0,144.3,0.0,338.79,266.3,72.49,798.1
2023-11-25,8,2023-11-25T07:00,mcn,McNary,147.7,143.0,0.0,338.87,266.29,72.58,791.9
2023-11-25,9,2023-11-25T08:00,mcn,McNary,148.1,143.4,0.0,339.0,266.19,72.81,796.6
2023-11-25,10,2023-11-25T09:00,mcn,McNary,147.5,142.8,0.0,339.01,266.05,72.96,794.9
2023-11-25,11,2023-11-25T10:00,mcn,McNary,148.1,143.4,0.0,339.08,266.04,73.04,799.2
2023-11-25,12,2023-11-25T11:00,mcn,McNary,147.4,142.7,0.0,339.14,266.14,73.0,794.8
2023-11-25,13,2023-11-25T12:00,mcn,McNary,147.3,142.6,0.0,339.14,266.19,72.95,793.7
2023-11-25,14,2023-11-25T13:00,mcn,McNary,146.9,142.2,0.0,339.13,266.21,72.92,791.2
2023-11-25,15,2023-11-25T14:00,mcn,McNary,148.0,143.3,0.0,339.06,266.23,72.83,796.3
2023-11-25,16,2023-11-25T15:00,mcn,McNary,148.3,143.6,0.0,338.9,266.27,72.63,795.8
2023-11-25,17,2023-11-25T16:00,mcn,McNary,147.5,142.8,0.0,338.86,266.24,72.62,791.2
2023-11-25,18,2023-11-25T17:00,mcn,McNary,147.8,143.1,0.0,338.8,266.28,72.52,791.8
2023-11-25,19,2023-11-25T18:00,mcn,McNary,148.3,143.6,0.0,338.63,266.31,72.32,792.4
2023-11-25,20,2023-11-25T19:00,mcn,McNary,147.5,142.8,0.0,338.52,266.3,72.22,786.9
2023-11-25,21,2023-11-25T20:00,mcn,McNary,147.4,142.7,0.0,338.48,266.31,72.17,785.8
2023-11-25,22,2023-11-25T21:00,mcn,McNary,146.5,141.8,0.0,338.35,266.33,72.02,779.2
2023-11-25,23,2023-11-25T22:00,mcn,McNary,145.5,140.8,0.0,338.26,266.23,72.03,773.8
2023-11-25,24,2023-11-25T23:00,mcn,McNary,125.3,120.6,0.0,338.33,265.57,72.76,669.5
2023-11-26,1,2023-11-26T00:00,mcn,McNary,101.7,97.0,0.0,338.1,265.57,72.53,536.8
2023-11-26,2,2023-11-26T01:00,mcn,McNary,100.1,95.4,0.0,338.02,265.68,72.34,526.6
2023-11-26,3,2023-11-26T02:00,mcn,McNary,99.9,95.2,0.0,338.09,265.68,72.41,526.0
2023-11-26,4,2023-11-26T03:00,mcn,McNary,100.5,95.8,0.0,338.15,265.79,72.36,528.9
2023-11-26,5,2023-11-26T04:00,mcn,McNary,119.2,114.5,0.0,338.1,266.34,71.76,626.9
2023-11-26,6,2023-11-26T05:00,mcn,McNary,140.1,135.4,0.0,338.12,266.63,71.49,738.6
2023-11-26,7,2023-11-26T06:00,mcn,McNary,140.8,136.1,0.0,338.17,266.4,71.77,745.3
2023-11-26,8,2023-11-26T07:00,mcn,McNary,139.5,134.8,0.0,338.16,266.34,71.82,738.7
2023-11-26,9,2023-11-26T08:00,mcn,McNary,119.5,114.8,0.0,338.39,265.78,72.61,636.0
2023-11-26,10,2023-11-26T09:00,mcn,McNary,119.3,114.6,0.0,338.44,265.81,72.63,635.1
2023-11-26,11,2023-11-26T10:00,mcn,McNary,118.2,113.5,0.0,338.48,265.86,72.62,628.9
2023-11-26,12,2023-11-26T11:00,mcn,McNary,129.0,124.3,0.0,338.56,266.15,72.41,686.7
2023-11-26,13,2023-11-26T12:00,mcn,McNary,129.6,124.9,0.0,338.67,266.07,72.6,691.9
2023-11-26,14,2023-11-26T13:00,mcn,McNary,131.3,126.6,0.0,338.6,266.2,72.4,699.4
2023-11-26,15,2023-11-26T14:00,mcn,McNary,130.2,125.5,0.0,338.53,266.15,72.38,693.1
2023-11-26,16,2023-11-26T15:00,mcn,McNary,129.3,124.6,0.0,338.41,266.17,72.24,686.8
2023-11-26,17,2023-11-26T16:00,mcn,McNary,139.5,134.8,0.0,338.3,266.29,72.01,740.6
2023-11-26,18,2023-11-26T17:00,mcn,McNary,140.2,135.5,0.0,338.19,266.35,71.84,742.7
2023-11-26,19,2023-11-26T18:00,mcn,McNary,139.7,135.0,0.0,338.14,266.35,71.79,739.5
2023-11-26,20,2023-11-26T19:00,mcn,McNary,139.7,135.0,0.0,338.03,266.22,71.81,739.7
2023-11-26,21,2023-11-26T20:00,mcn,McNary,139.1,134.4,0.0,337.89,266.22,71.67,735.0
2023-11-26,22,2023-11-26T21:00,mcn,McNary,138.6,133.9,0.0,337.79,266.15,71.64,731.9
2023-11-26,23,2023-11-26T22:00,mcn,McNary,124.9,120.2,0.0,337.67,265.72,71.95,659.9
2023-11-26,24,2023-11-26T23:00,mcn,McNary,109.7,105.0,0.0,337.72,265.37,72.35,579.6
2023-11-27,1,2023-11-27T00:00,mcn,McNary,100.2,95.5,0.0,337.63,265.44,72.19,526.0
2023-11-27,2,2023-11-27T01:00,mcn,McNary,98.7,94.0,0.0,337.68,265.55,72.13,517.3
2023-11-27,3,2023-11-27T02:00,mcn,McNary,98.6,93.9,0.0,337.64,265.61,72.03,516.1
2023-11-27,4,2023-11-27T03:00,mcn,McNary,98.9,94.2,0.0,337.66,265.62,72.04,517.8
2023-11-27,5,2023-11-27T04:00,mcn,McNary,100.6,95.9,0.0,337.67,265.7,71.97,526.6
2023-11-27,6,2023-11-27T05:00,mcn,McNary,123.8,119.1,0.0,337.66,266.18,71.48,649.6
2023-11-27,7,2023-11-27T06:00,mcn,McNary,131.6,126.9,0.0,337.75,266.13,71.62,693.5
2023-11-27,8,2023-11-27T07:00,mcn,McNary,137.5,132.8,0.0,337.88,266.14,71.74,726.9
2023-11-27,9,2023-11-27T08:00,mcn,McNary,130.3,125.6,0.0,337.97,266.07,71.9,689.0
2023-11-27,10,2023-11-27T09:00,mcn,McNary,127.5,122.8,0.0,338.06,265.85,72.21,676.6
2023-11-27,11,2023-11-27T10:00,mcn,McNary,126.9,122.2,0.0,338.2,265.68,72.52,676.2
2023-11-27,12,2023-11-27T11:00,mcn,McNary,126.0,121.3,0.0,338.3,265.72,72.58,671.7
2023-11-27,13,2023-11-27T12:00,mcn,McNary,129.6,124.9,0.0,338.33,265.96,72.37,689.7
2023-11-27,14,2023-11-27T13:00,mcn,McNary,130.2,125.5,0.0,338.39,265.92,72.47,693.9
2023-11-27,15,2023-11-27T14:00,mcn,McNary,130.5,125.8,0.0,338.38,265.84,72.54,696.3
2023-11-27,16,2023-11-27T15:00,mcn,McNary,130.7,126.0,0.0,338.39,265.71,72.68,698.7
2023-11-27,17,2023-11-27T16:00,mcn,McNary,132.1,127.4,0.0,338.42,265.74,72.68,706.5
2023-11-27,18,2023-11-27T17:00,mcn,McNary,140.9,136.2,0.0,338.39,265.99,72.4,752.4
2023-11-27,19,2023-11-27T18:00,mcn,McNary,141.5,136.8,0.0,338.5,266.18,72.32,754.9
2023-11-27,20,2023-11-27T19:00,mcn,McNary,144.7,140.0,0.0,338.41,266.16,72.25,771.8
2023-11-27,21,2023-11-27T20:00,mcn,McNary,145.1,140.4,0.0,338.47,266.08,72.39,775.5
2023-11-27,22,2023-11-27T21:00,mcn,McNary,143.9,139.2,0.0,338.58,265.83,72.75,772.7
2023-11-27,23,2023-11-27T22:00,mcn,McNary,123.3,118.6,0.0,338.69,265.38,73.31,663.4
2023-11-27,24,2023-11-27T23:00,mcn,McNary,120.2,115.5,0.0,338.79,265.44,73.35,646.4
2023-11-28,1,2023-11-28T00:00,mcn,McNary,111.4,106.7,0.0,338.91,265.31,73.6,599.2
2023-11-28,2,2023-11-28T01:00,mcn,McNary,111.2,106.5,0.0,339.01,265.33,73.68,598.7
2023-11-28,3,2023-11-28T02:00,mcn,McNary,110.9,106.2,0.0,339.11,265.37,73.74,597.5
2023-11-28,4,2023-11-28T03:00,mcn,McNary,111.8,107.1,0.0,339.22,265.63,73.59,601.4
2023-11-28,5,2023-11-28T04:00,mcn,McNary,132.1,127.4,0.0,339.23,266.05,73.18,711.4
2023-11-28,6,2023-11-28T05:00,mcn,McNary,149.9,145.2,0.0,339.31,266.19,73.12,810.1
2023-11-28,7,2023-11-28T06:00,mcn,McNary,150.3,145.6,0.0,339.34,266.33,73.01,811.1
2023-11-28,8,2023-11-28T07:00,mcn,McNary,152.4,147.7,0.0,339.33,266.18,73.15,824.4
2023-11-28,9,2023-11-28T08:00,mcn,McNary,152.3,147.6,0.0,339.42,266.16,73.26,825.0
2023-11-28,10,2023-11-28T09:00,mcn,McNary,135.0,130.3,0.0,339.47,265.79,73.68,732.5
2023-11-28,11,2023-11-28T10:00,mcn,McNary,148.0,143.3,0.0,339.4,266.19,73.21,800.5
2023-11-28,12,2023-11-28T11:00,mcn,McNary,154.0,149.3,0.0,339.4,266.31,73.09,832.6
2023-11-28,13,2023-11-28T12:00,mcn,McNary,154.7,150.0,0.0,339.4,266.31,73.09,836.5
2023-11-28,14,2023-11-28T13:00,mcn,McNary,154.1,149.4,0.0,339.32,266.58,72.74,829.2
2023-11-28,15,2023-11-28T14:00,mcn,McNary,155.1,150.4,0.0,339.26,266.55,72.71,834.4
2023-11-28,16,2023-11-28T15:00,mcn,McNary,154.9,150.2,0.0,339.28,266.43,72.85,834.9
2023-11-28,17,2023-11-28T16:00,mcn,McNary,154.6,149.9,0.0,339.28,266.56,72.72,831.7
2023-11-28,18,2023-11-28T17:00,mcn,McNary,155.3,150.6,0.0,339.2,266.71,72.49,833.0
2023-11-28,19,2023-11-28T18:00,mcn,McNary,155.1,150.4,0.0,339.29,266.89,72.4,830.8
2023-11-28,20,2023-11-28T19:00,mcn,McNary,155.9,151.2,0.0,339.24,266.66,72.58,837.3
2023-11-28,21,2023-11-28T20:00,mcn,McNary,154.9,150.2,0.0,339.24,266.65,72.59,831.9
2023-11-28,22,2023-11-28T21:00,mcn,McNary,154.6,149.9,0.0,339.31,266.63,72.68,831.3
2023-11-28,23,2023-11-28T22:00,mcn,McNary,146.9,142.2,0.0,339.39,266.67,72.72,789.0
2023-11-28,24,2023-11-28T23:00,mcn,McNary,145.7,141.0,0.0,339.4,266.7,72.7,782.1
2023-11-29,1,2023-11-29T00:00,mcn,McNary,143.5,138.8,0.0,339.39,266.4,72.99,773.0
2023-11-29,2,2023-11-29T01:00,mcn,McNary,140.2,135.5,0.0,339.4,266.49,72.91,753.8
2023-11-29,3,2023-11-29T02:00,mcn,McNary,140.4,135.7,0.0,339.43,266.72,72.71,752.8
2023-11-29,4,2023-11-29T03:00,mcn,McNary,146.6,141.9,0.0,339.42,267.06,72.36,783.4
2023-11-29,5,2023-11-29T04:00,mcn,McNary,147.2,142.5,0.0,339.48,267.1,72.38,787.0
2023-11-29,6,2023-11-29T05:00,mcn,McNary,155.9,151.2,0.0,339.4,267.21,72.19,832.8
2023-11-29,7,2023-11-29T06:00,mcn,McNary,156.4,151.7,0.0,339.41,267.21,72.2,835.7
2023-11-29,8,2023-11-29T07:00,mcn,McNary,156.0,151.3,0.0,339.37,267.15,72.22,833.7
2023-11-29,9,2023-11-29T08:00,mcn,McNary,156.0,151.3,0.0,339.34,267.04,72.3,834.6
2023-11-29,10,2023-11-29T09:00,mcn,McNary,132.5,127.8,0.0,339.4,266.58,72.82,710.1
2023-11-29,11,2023-11-29T10:00,mcn,McNary,130.1,125.4,0.0,339.38,266.45,72.93,697.8
2023-11-29,12,2023-11-29T11:00,mcn,McNary,117.0,112.3,0.0,339.44,266.33,73.11,626.4
2023-11-29,13,2023-11-29T12:00,mcn,McNary,115.8,111.1,0.0,339.43,266.35,73.08,619.5
2023-11-29,14,2023-11-29T13:00,mcn,McNary,115.8,111.1,0.0,339.43,266.34,73.09,619.6
2023-11-29,15,2023-11-29T14:00,mcn,McNary,116.0,111.3,0.0,339.41,266.61,72.8,618.2
2023-11-29,16,2023-11-29T15:00,mcn,McNary,131.4,126.7,0.0,339.34,266.66,72.68,702.6
2023-11-29,17,2023-11-29T16:00,mcn,McNary,130.4,125.7,0.0,339.37,266.57,72.8,698.2
2023-11-29,18,2023-11-29T17:00,mcn,McNary,129.9,125.2,0.0,339.35,266.51,72.84,695.8
2023-11-29,19,2023-11-29T18:00,mcn,McNary,129.9,125.2,0.0,339.33,266.71,72.62,693.7
2023-11-29,20,2023-11-29T19:00,mcn,McNary,131.0,126.3,0.0,339.28,266.54,72.74,701.0
2023-11-29,21,2023-11-29T20:00,mcn,McNary,130.4,125.7,0.0,339.3,266.55,72.75,697.7
2023-11-29,22,2023-11-29T21:00,mcn,McNary,130.0,125.3,0.0,339.21,266.51,72.7,695.0
2023-11-29,23,2023-11-29T22:00,mcn,McNary,130.5,125.8,0.0,339.16,266.6,72.56,696.5
2023-11-29,24,2023-11-29T23:00,mcn,McNary,130.4,125.7,0.0,339.16,266.33,72.83,698.5
2023-11-30,1,2023-11-30T00:00,mcn,McNary,110.6,105.9,0.0,339.23,266.01,73.22,591.6
2023-11-30,2,2023-11-30T01:00,mcn,McNary,88.2,83.5,0.0,339.29,265.63,73.66,469.3
2023-11-30,3,2023-11-30T02:00,mcn,McNary,87.2,82.5,0.0,339.33,265.85,73.48,462.5
2023-11-30,4,2023-11-30T03:00,mcn,McNary,88.5,83.8,0.0,339.42,265.99,73.43,469.5
2023-11-30,5,2023-11-30T04:00,mcn,McNary,108.8,104.1,0.0,339.39,266.48,72.91,579.1
2023-11-30,6,2023-11-30T05:00,mcn,McNary,128.7,124.0,0.0,339.38,266.69,72.69,687.7
2023-11-30,7,2023-11-30T06:00,mcn,McNary,129.1,124.4,0.0,339.44,266.42,73.02,693.1
2023-11-30,8,2023-11-30T07:00,mcn,McNary,130.4,125.7,0.0,339.42,266.41,73.01,700.2
2023-11-30,9,2023-11-30T08:00,mcn,McNary,130.8,126.1,0.0,339.4,266.38,73.02,702.6
2023-11-30,10,2023-11-30T09:00,mcn,McNary,121.5,116.8,0.0,339.41,266.27,73.14,651.8
2023-11-30,11,2023-11-30T10:00,mcn,McNary,111.7,107.0,0.0,339.34,266.21,73.13,597.0
2023-11-30,12,2023-11-30T11:00,mcn,McNary,110.1,105.4,0.0,339.29,266.34,72.95,586.7
2023-11-30,13,2023-11-30T12:00,mcn,McNary,110.3,105.6,0.0,339.25,266.12,73.13,589.2
2023-11-30,14,2023-11-30T13:00,mcn,McNary,110.7,106.0,0.0,339.18,266.17,73.01,590.5
2023-11-30,15,2023-11-30T14:00,mcn,McNary,111.2,106.5,0.0,339.15,266.28,72.87,592.1
2023-11-30,16,2023-11-30T15:00,mcn,McNary,124.9,120.2,0.0,339.08,266.43,72.65,666.3
2023-11-30,17,2023-11-30T16:00,mcn,McNary,125.9,121.2,0.0,339.08,266.4,72.68,672.1
2023-11-30,18,2023-11-30T17:00,mcn,McNary,126.1,121.4,0.0,338.97,266.51,72.46,671.2
2023-11-30,19,2023-11-30T18:00,mcn,McNary,125.8,121.1,0.0,338.96,266.37,72.59,670.7
2023-11-30,20,2023-11-30T19:00,mcn,McNary,126.1,121.4,0.0,338.98,266.4,72.58,672.3
2023-11-30,21,2023-11-30T20:00,mcn,McNary,125.3,120.6,0.0,338.95,266.32,72.63,668.3
2023-11-30,22,2023-11-30T21:00,mcn,McNary,101.6,96.9,0.0,338.97,266.1,72.87,538.8
2023-11-30,23,2023-11-30T22:00,mcn,McNary,99.6,94.9,0.0,338.93,266.02,72.91,527.9
2023-11-30,24,2023-11-30T23:00,mcn,McNary,99.6,94.9,0.0,338.99,266.03,72.96,528.3
2023-12-01,1,2023-12-01T00:00,mcn,McNary,100.0,95.3,0.0,339.02,266.02,73.0,530.8
2023-12-01,2,2023-12-01T01:00,mcn,McNary,100.0,95.3,0.0,339.06,266.1,72.96,530.5
2023-12-01,3,2023-12-01T02:00,mcn,McNary,100.4,95.7,0.0,339.13,266.16,72.97,532.8
2023-12-01,4,2023-12-01T03:00,mcn,McNary,100.3,95.6,0.0,339.21,266.06,73.15,533.6
2023-12-01,5,2023-12-01T04:00,mcn,McNary,109.6,104.9,0.0,339.19,266.27,72.92,583.6
2023-12-01,6,2023-12-01T05:00,mcn,McNary,128.9,124.2,0.0,339.14,266.55,72.59,687.9
2023-12-01,7,2023-12-01T06:00,mcn,McNary,130.4,125.7,0.0,339.17,266.57,72.6,696.3
2023-12-01,8,2023-12-01T07:00,mcn,McNary,129.1,124.4,0.0,339.21,266.65,72.56,688.7
2023-12-01,9,2023-12-01T08:00,mcn,McNary,128.9,124.2,0.0,339.2,266.4,72.8,689.9
2023-12-01,10,2023-12-01T09:00,mcn,McNary,121.2,116.5,0.0,339.17,266.16,73.01,649.0
2023-12-01,11,2023-12-01T10:00,mcn,McNary,110.5,105.8,0.0,339.07,266.16,72.91,588.6
2023-12-01,12,2023-12-01T11:00,mcn,McNary,109.7,105.0,0.0,339.05,266.29,72.76,582.9
2023-12-01,13,2023-12-01T12:00,mcn,McNary,109.6,104.9,0.0,339.01,266.23,72.78,582.5
2023-12-01,14,2023-12-01T13:00,mcn,McNary,110.7,106.0,0.0,339.08,266.28,72.8,588.8
2023-12-01,15,2023-12-01T14:00,mcn,McNary,110.9,106.2,0.0,338.93,266.32,72.61,588.4
2023-12-01,16,2023-12-01T15:00,mcn,McNary,125.7,121.0,0.0,338.91,266.69,72.22,666.8
2023-12-01,17,2023-12-01T16:00,mcn,McNary,125.8,121.1,0.0,338.9,266.49,72.41,669.1
2023-12-01,18,2023-12-01T17:00,mcn,McNary,125.8,121.1,0.0,338.84,266.56,72.28,667.9
2023-12-01,19,2023-12-01T18:00,mcn,McNary,126.1,121.4,0.0,338.65,266.26,72.39,670.5
2023-12-01,20,2023-12-01T19:00,mcn,McNary,126.1,121.4,0.0,338.66,266.28,72.38,670.4
2023-12-01,21,2023-12-01T20:00,mcn,McNary,126.2,121.5,0.0,338.61,266.36,72.25,669.8
2023-12-01,22,2023-12-01T21:00,mcn,McNary,125.7,121.0,0.0,338.59,266.28,72.31,667.6
2023-12-01,23,2023-12-01T22:00,mcn,McNary,102.3,97.6,0.0,338.65,265.79,72.86,542.6
2023-12-01,24,2023-12-01T23:00,mcn,McNary,85.3,80.6,0.0,338.63,265.51,73.12,449.7
2023-12-02,1,2023-12-02T00:00,mcn,McNary,85.1,80.4,0.0,338.63,265.6,73.03,448.0
2023-12-02,2,2023-12-02T01:00,mcn,McNary,84.9,80.2,0.0,338.64,265.59,73.05,447.0
2023-12-02,3,2023-12-02T02:00,mcn,McNary,84.8,80.1,0.0,338.67,265.66,73.01,446.2
2023-12-02,4,2023-12-02T03:00,mcn,McNary,84.6,79.9,0.0,338.7,265.61,73.09,445.6
2023-12-02,5,2023-12-02T04:00,mcn,McNary,85.2,80.5,0.0,338.72,265.5,73.22,449.7
2023-12-02,6,2023-12-02T05:00,mcn,McNary,94.9,90.2,0.0,338.55,265.71,72.84,501.3
2023-12-02,7,2023-12-02T06:00,mcn,McNary,108.5,103.8,0.0,338.4,265.92,72.48,574.0
2023-12-02,8,2023-12-02T07:00,mcn,McNary,108.9,104.2,0.0,338.71,265.89,72.82,579.0
2023-12-02,9,2023-12-02T08:00,mcn,McNary,109.0,104.3,0.0,338.73,265.9,72.83,579.6
2023-12-02,10,2023-12-02T09:00,mcn,McNary,109.6,104.9,0.0,338.67,265.85,72.82,582.8
2023-12-02,11,2023-12-02T10:00,mcn,McNary,109.3,104.6,0.0,338.68,266.03,72.65,579.8
2023-12-02,12,2023-12-02T11:00,mcn,McNary,109.5,104.8,0.0,338.75,265.81,72.94,583.2
2023-12-02,13,2023-12-02T12:00,mcn,McNary,101.0,96.3,0.0,338.78,265.55,73.23,538.1
2023-12-02,14,2023-12-02T13:00,mcn,McNary,99.8,95.1,0.0,338.68,265.4,73.28,531.7
2023-12-02,15,2023-12-02T14:00,mcn,McNary,100.9,96.2,0.0,338.76,265.49,73.27,537.8
2023-12-02,16,2023-12-02T15:00,mcn,McNary,100.9,96.2,0.0,338.67,265.46,73.21,537.4
2023-12-02,17,2023-12-02T16:00,mcn,McNary,118.8,114.1,0.0,338.51,265.93,72.58,631.9
2023-12-02,18,2023-12-02T17:00,mcn,McNary,119.2,114.5,0.0,338.53,265.87,72.66,634.8
2023-12-02,19,2023-12-02T18:00,mcn,McNary,120.7,116.0,0.0,338.52,265.67,72.85,644.8
2023-12-02,20,2023-12-02T19:00,mcn,McNary,121.0,116.3,0.0,338.48,265.55,72.93,647.2
2023-12-02,21,2023-12-02T20:00,mcn,McNary,120.0,115.3,0.0,338.5,265.35,73.15,643.5
2023-12-02,22,2023-12-02T21:00,mcn,McNary,101.5,96.8,0.0,338.52,265.04,73.48,542.7
2023-12-02,23,2023-12-02T22:00,mcn,McNary,99.5,94.8,0.0,338.45,265.08,73.37,530.7
2023-12-02,24,2023-12-02T23:00,mcn,McNary,82.6,77.9,0.0,338.54,264.83,73.71,438.1
2023-12-03,1,2023-12-03T00:00,mcn,McNary,80.9,76.2,0.0,338.51,264.81,73.7,428.5
2023-12-03,2,2023-12-03T01:00,mcn,McNary,80.6,75.9,0.0,338.48,264.76,73.72,426.9
2023-12-03,3,2023-12-03T02:00,mcn,McNary,81.0,76.3,0.0,338.42,264.74,73.68,428.9
2023-12-03,4,2023-12-03T03:00,mcn,McNary,80.9,76.2,0.0,338.48,264.79,73.69,428.4
2023-12-03,5,2023-12-03T04:00,mcn,McNary,80.8,76.1,0.0,338.48,264.75,73.73,428.1
2023-12-03,6,2023-12-03T05:00,mcn,McNary,81.3,76.6,0.0,338.45,264.73,73.72,430.9
2023-12-03,7,2023-12-03T06:00,mcn,McNary,99.7,95.0,0.0,338.28,264.97,73.31,531.4
2023-12-03,8,2023-12-03T07:00,mcn,McNary,99.5,94.8,0.0,338.32,264.9,73.42,531.1
2023-12-03,9,2023-12-03T08:00,mcn,McNary,100.3,95.6,0.0,338.33,264.86,73.47,535.9
2023-12-03,10,2023-12-03T09:00,mcn,McNary,99.7,95.0,0.0,338.28,264.96,73.32,531.5
2023-12-03,11,2023-12-03T10:00,mcn,McNary,99.7,95.0,0.0,338.27,264.93,73.34,531.6
2023-12-03,12,2023-12-03T11:00,mcn,McNary,100.5,95.8,0.0,338.31,264.84,73.47,537.0
2023-12-03,13,2023-12-03T12:00,mcn,McNary,98.6,93.9,0.0,338.24,264.91,73.33,525.4
2023-12-03,14,2023-12-03T13:00,mcn,McNary,98.7,94.0,0.0,338.16,264.9,73.26,525.4
2023-12-03,15,2023-12-03T14:00,mcn,McNary,99.9,95.2,0.0,338.2,264.87,73.33,532.7
2023-12-03,16,2023-12-03T15:00,mcn,McNary,100.2,95.5,0.0,338.01,265.03,72.98,531.8
2023-12-03,17,2023-12-03T16:00,mcn,McNary,121.8,117.1,0.0,337.99,265.37,72.62,648.8
2023-12-03,18,2023-12-03T17:00,mcn,McNary,122.4,117.7,0.0,338.11,265.2,72.91,654.8
2023-12-03,19,2023-12-03T18:00,mcn,McNary,123.5,118.8,0.0,337.87,265.14,72.73,659.3
2023-12-03,20,2023-12-03T19:00,mcn,McNary,122.7,118.0,0.0,337.91,265.18,72.73,654.8
2023-12-03,21,2023-12-03T20:00,mcn,McNary,122.4,117.7,0.0,337.8,265.21,72.59,651.9
2023-12-03,22,2023-12-03T21:00,mcn,McNary,123.2,118.5,0.0,337.78,265.08,72.7,657.3
2023-12-03,23,2023-12-03T22:00,mcn,McNary,101.8,97.1,0.0,337.95,264.54,73.41,543.9
2023-12-03,24,2023-12-03T23:00,mcn,McNary,81.9,77.2,0.0,337.95,264.34,73.61,433.6
2023-12-04,1,2023-12-04T00:00,mcn,McNary,79.8,75.1,0.0,337.88,264.37,73.51,421.2
2023-12-04,2,2023-12-04T01:00,mcn,McNary,79.6,74.9,0.0,337.93,264.4,73.53,420.2
2023-12-04,3,2023-12-04T02:00,mcn,McNary,80.0,75.3,0.0,337.93,264.47,73.46,422.1
2023-12-04,4,2023-12-04T03:00,mcn,McNary,80.2,75.5,0.0,337.92,264.53,73.39,422.8
2023-12-04,5,2023-12-04T04:00,mcn,McNary,80.4,75.7,0.0,337.93,264.44,73.49,424.5
2023-12-04,6,2023-12-04T05:00,mcn,McNary,81.5,76.8,0.0,338.09,264.39,73.7,431.9
2023-12-04,7,2023-12-04T06:00,mcn,McNary,81.3,76.6,0.0,338.04,264.48,73.56,429.9
2023-12-04,8,2023-12-04T07:00,mcn,McNary,99.5,94.8,0.0,337.98,264.81,73.17,529.3
2023-12-04,9,2023-12-04T08:00,mcn,McNary,101.8,97.1,0.0,338.02,264.72,73.3,543.1
2023-12-04,10,2023-12-04T09:00,mcn,McNary,102.2,97.5,0.0,337.98,264.62,73.36,545.7
2023-12-04,11,2023-12-04T10:00,mcn,McNary,101.7,97.0,0.0,338.02,264.43,73.59,544.6
2023-12-04,12,2023-12-04T11:00,mcn,McNary,82.5,77.8,0.0,338.08,263.81,74.27,440.9
2023-12-04,13,2023-12-04T12:00,mcn,McNary,80.8,76.1,0.0,338.03,263.88,74.15,430.5
2023-12-04,14,2023-12-04T13:00,mcn,McNary,80.0,75.3,0.0,337.89,264.01,73.88,424.5
2023-12-04,15,2023-12-04T14:00,mcn,McNary,81.5,76.8,0.0,337.91,264.16,73.75,432.2
2023-12-04,16,2023-12-04T15:00,mcn,McNary,90.1,85.4,0.0,337.84,264.44,73.4,478.3
2023-12-04,17,2023-12-04T16:00,mcn,McNary,91.2,86.5,0.0,337.8,264.41,73.39,484.4
2023-12-04,18,2023-12-04T17:00,mcn,McNary,90.5,85.8,0.0,337.84,264.3,73.54,481.4
2023-12-04,19,2023-12-04T18:00,mcn,McNary,91.5,86.8,0.0,337.86,264.31,73.55,487.1
2023-12-04,20,2023-12-04T19:00,mcn,McNary,91.1,86.4,0.0,337.87,264.21,73.66,485.6
2023-12-04,21,2023-12-04T20:00,mcn,McNary,77.6,72.9,0.0,337.96,263.78,74.18,412.6
2023-12-04,22,2023-12-04T21:00,mcn,McNary,67.3,62.6,0.0,337.87,263.61,74.26,354.7
2023-12-04,23,2023-12-04T22:00,mcn,McNary,75.1,70.4,0.0,337.83,263.72,74.11,398.1
2023-12-04,24,2023-12-04T23:00,mcn,McNary,71.8,67.1,0.0,337.92,263.7,74.22,380.0
2023-12-05,1,2023-12-05T00:00,mcn,McNary,70.8,66.1,0.0,337.86,263.76,74.1,373.7
2023-12-05,2,2023-12-05T01:00,mcn,McNary,71.4,66.7,0.0,337.79,263.71,74.08,377.0
2023-12-05,3,2023-12-05T02:00,mcn,McNary,70.9,66.2,0.0,337.88,263.65,74.23,374.9
2023-12-05,4,2023-12-05T03:00,mcn,McNary,71.9,67.2,0.0,337.82,263.65,74.17,380.3
2023-12-05,5,2023-12-05T04:00,mcn,McNary,71.5,66.8,0.0,337.79,263.7,74.09,377.6
2023-12-05,6,2023-12-05T05:00,mcn,McNary,72.1,67.4,0.0,337.77,263.79,73.98,380.5
2023-12-05,7,2023-12-05T06:00,mcn,McNary,79.4,74.7,0.0,337.8,263.87,73.93,421.4
2023-12-05,8,2023-12-05T07:00,mcn,McNary,79.8,75.1,0.0,337.83,264.04,73.79,422.8
2023-12-05,9,2023-12-05T08:00,mcn,McNary,79.3,74.6,0.0,337.84,263.8,74.04,421.4
2023-12-05,10,2023-12-05T09:00,mcn,McNary,70.2,65.5,0.0,337.76,263.68,74.08,370.2
2023-12-05,11,2023-12-05T10:00,mcn,McNary,70.4,65.7,0.0,337.8,263.63,74.17,371.8
2023-12-05,12,2023-12-05T11:00,mcn,McNary,69.8,65.1,0.0,337.91,263.54,74.37,369.4
2023-12-05,13,2023-12-05T12:00,mcn,McNary,70.0,65.3,0.0,337.92,263.57,74.35,370.4
2023-12-05,14,2023-12-05T13:00,mcn,McNary,70.9,66.2,0.0,337.94,263.55,74.39,375.7
2023-12-05,15,2023-12-05T14:00,mcn,McNary,71.3,66.6,0.0,337.98,263.69,74.29,377.5
2023-12-05,16,2023-12-05T15:00,mcn,McNary,80.7,76.0,0.0,337.95,263.8,74.15,430.0
2023-12-05,17,2023-12-05T16:00,mcn,McNary,79.9,75.2,0.0,337.95,263.68,74.27,426.1
2023-12-05,18,2023-12-05T17:00,mcn,McNary,80.9,76.2,0.0,338.09,263.72,74.37,432.4
2023-12-05,19,2023-12-05T18:00,mcn,McNary,80.4,75.7,0.0,337.95,263.63,74.32,429.3
2023-12-05,20,2023-12-05T19:00,mcn,McNary,80.5,75.8,0.0,337.98,263.5,74.48,430.8
2023-12-05,21,2023-12-05T20:00,mcn,McNary,62.3,57.6,0.0,338.14,263.24,74.9,329.2
2023-12-05,22,2023-12-05T21:00,mcn,McNary,61.6,56.9,0.0,338.06,263.38,74.68,324.2
2023-12-05,23,2023-12-05T22:00,mcn,McNary,62.3,57.6,0.0,338.14,263.58,74.56,327.7
2023-12-05,24,2023-12-05T23:00,mcn,McNary,62.4,57.7,0.0,338.24,263.35,74.89,329.7
2023-12-06,1,2023-12-06T00:00,mcn,McNary,62.1,57.4,0.0,338.2,263.43,74.77,327.5
2023-12-06,2,2023-12-06T01:00,mcn,McNary,61.9,57.2,0.0,338.25,263.44,74.81,326.5
2023-12-06,3,2023-12-06T02:00,mcn,McNary,62.1,57.4,0.0,338.15,263.36,74.79,327.6
2023-12-06,4,2023-12-06T03:00,mcn,McNary,62.4,57.7,0.0,338.31,263.36,74.95,330.0
2023-12-06,5,2023-12-06T04:00,mcn,McNary,61.0,56.3,0.0,338.27,263.44,74.83,321.4
2023-12-06,6,2023-12-06T05:00,mcn,McNary,62.2,57.5,0.0,338.26,263.54,74.72,327.8
2023-12-06,7,2023-12-06T06:00,mcn,McNary,80.5,75.8,0.0,338.21,263.73,74.48,430.8
2023-12-06,8,2023-12-06T07:00,mcn,McNary,80.2,75.5,0.0,338.23,263.62,74.61,429.8
2023-12-06,9,2023-12-06T08:00,mcn,McNary,80.4,75.7,0.0,338.36,263.65,74.71,431.5
2023-12-06,10,2023-12-06T09:00,mcn,McNary,79.5,74.8,0.0,338.34,263.51,74.83,427.1
2023-12-06,11,2023-12-06T10:00,mcn,McNary,68.0,63.3,0.0,338.32,263.37,74.95,362.0
2023-12-06,12,2023-12-06T11:00,mcn,McNary,71.5,66.8,0.0,338.35,263.5,74.85,381.5
2023-12-06,13,2023-12-06T12:00,mcn,McNary,69.0,64.3,0.0,338.42,263.63,74.79,366.9
2023-12-06,14,2023-12-06T13:00,mcn,McNary,68.8,64.1,0.0,338.46,263.53,74.93,366.5
2023-12-06,15,2023-12-06T14:00,mcn,McNary,68.9,64.2,0.0,338.48,263.54,74.94,367.1
2023-12-06,16,2023-12-06T15:00,mcn,McNary,70.5,65.8,0.0,338.48,263.63,74.85,375.8
2023-12-06,17,2023-12-06T16:00,mcn,McNary,87.8,83.1,0.0,338.43,263.78,74.65,473.3
2023-12-06,18,2023-12-06T17:00,mcn,McNary,89.4,84.7,0.0,338.46,263.92,74.54,481.7
2023-12-06,19,2023-12-06T18:00,mcn,McNary,88.1,83.4,0.0,338.45,263.84,74.61,474.8
2023-12-06,20,2023-12-06T19:00,mcn,McNary,89.2,84.5,0.0,338.42,263.82,74.6,481.0
2023-12-06,21,2023-12-06T20:00,mcn,McNary,88.8,84.1,0.0,338.38,263.78,74.6,478.7
2023-12-06,22,2023-12-06T21:00,mcn,McNary,68.5,63.8,0.0,338.41,263.59,74.82,364.2
2023-12-06,23,2023-12-06T22:00,mcn,McNary,70.3,65.6,0.0,338.34,263.7,74.64,373.6
2023-12-06,24,2023-12-06T23:00,mcn,McNary,71.8,67.1,0.0,338.51,263.76,74.75,382.7
2023-12-07,1,2023-12-07T00:00,mcn,McNary,70.7,66.0,0.0,338.52,263.84,74.68,376.1
2023-12-07,2,2023-12-07T01:00,mcn,McNary,71.4,66.7,0.0,338.53,263.8,74.73,380.3
2023-12-07,3,2023-12-07T02:00,mcn,McNary,70.9,66.2,0.0,338.47,263.77,74.7,377.3
2023-12-07,4,2023-12-07T03:00,mcn,McNary,70.7,66.0,0.0,338.52,263.72,74.8,376.7
2023-12-07,5,2023-12-07T04:00,mcn,McNary,79.8,75.1,0.0,338.39,263.87,74.52,427.0
2023-12-07,6,2023-12-07T05:00,mcn,McNary,90.2,85.5,0.0,338.39,264.16,74.23,484.3
2023-12-07,7,2023-12-07T06:00,mcn,McNary,89.8,85.1,0.0,338.4,264.07,74.33,482.6
2023-12-07,8,2023-12-07T07:00,mcn,McNary,83.5,78.8,0.0,338.34,264.03,74.31,446.8
2023-12-07,9,2023-12-07T08:00,mcn,McNary,90.8,86.1,0.0,338.33,263.94,74.39,488.7
2023-12-07,10,2023-12-07T09:00,mcn,McNary,89.7,85.0,0.0,338.46,263.93,74.53,483.4
2023-12-07,11,2023-12-07T10:00,mcn,McNary,91.0,86.3,0.0,338.43,263.99,74.44,490.2
2023-12-07,12,2023-12-07T11:00,mcn,McNary,89.9,85.2,0.0,338.45,264.07,74.38,483.5
2023-12-07,13,2023-12-07T12:00,mcn,McNary,89.8,85.1,0.0,338.37,264.4,73.97,480.3
2023-12-07,14,2023-12-07T13:00,mcn,McNary,90.8,86.1,0.0,338.47,264.08,74.39,488.7
2023-12-07,15,2023-12-07T14:00,mcn,McNary,90.9,86.2,0.0,338.42,264.03,74.39,489.3
2023-12-07,16,2023-12-07T15:00,mcn,McNary,92.2,87.5,0.0,338.36,264.46,73.9,493.4
2023-12-07,17,2023-12-07T16:00,mcn,McNary,109.9,105.2,0.0,338.25,264.86,73.39,589.1
2023-12-07,18,2023-12-07T17:00,mcn,McNary,111.1,106.4,0.0,338.24,265.02,73.22,594.4
2023-12-07,19,2023-12-07T18:00,mcn,McNary,110.8,106.1,0.0,338.16,265.16,73.0,591.0
2023-12-07,20,2023-12-07T19:00,mcn,McNary,111.5,106.8,0.0,338.16,265.09,73.07,595.4
2023-12-07,21,2023-12-07T20:00,mcn,McNary,110.6,105.9,0.0,338.16,264.82,73.34,592.6
2023-12-07,22,2023-12-07T21:00,mcn,McNary,92.8,88.1,0.0,338.21,264.69,73.52,494.2
2023-12-07,23,2023-12-07T22:00,mcn,McNary,90.9,86.2,0.0,338.12,264.67,73.45,483.1
2023-12-07,24,2023-12-07T23:00,mcn,McNary,72.5,67.8,0.0,338.36,264.51,73.85,382.0
2023-12-08,1,2023-12-08T00:00,mcn,McNary,70.8,66.1,0.0,338.3,264.59,73.71,371.8
2023-12-08,2,2023-12-08T01:00,mcn,McNary,71.4,66.7,0.0,338.28,264.6,73.68,375.0
2023-12-08,3,2023-12-08T02:00,mcn,McNary,71.7,67.0,0.0,338.37,264.51,73.86,377.6
2023-12-08,4,2023-12-08T03:00,mcn,McNary,71.7,67.0,0.0,338.36,264.71,73.65,376.5
2023-12-08,5,2023-12-08T04:00,mcn,McNary,81.0,76.3,0.0,338.42,264.91,73.51,428.0
2023-12-08,6,2023-12-08T05:00,mcn,McNary,100.5,95.8,0.0,338.49,265.09,73.4,536.5
2023-12-08,7,2023-12-08T06:00,mcn,McNary,101.4,96.7,0.0,338.59,265.02,73.57,542.8
2023-12-08,8,2023-12-08T07:00,mcn,McNary,111.6,106.9,0.0,338.53,265.38,73.15,596.6
2023-12-08,9,2023-12-08T08:00,mcn,McNary,111.0,106.3,0.0,338.6,265.23,73.37,595.1
2023-12-08,10,2023-12-08T09:00,mcn,McNary,109.8,105.1,0.0,338.66,265.03,73.63,590.4
2023-12-08,11,2023-12-08T10:00,mcn,McNary,91.1,86.4,0.0,338.66,264.88,73.78,486.4
2023-12-08,12,2023-12-08T11:00,mcn,McNary,90.5,85.8,0.0,338.74,264.99,73.75,482.8
2023-12-08,13,2023-12-08T12:00,mcn,McNary,90.9,86.2,0.0,338.73,265.17,73.56,483.8
2023-12-08,14,2023-12-08T13:00,mcn,McNary,90.7,86.0,0.0,338.84,265.11,73.73,483.8
2023-12-08,15,2023-12-08T14:00,mcn,McNary,92.1,87.4,0.0,338.77,265.14,73.63,491.0
2023-12-08,16,2023-12-08T15:00,mcn,McNary,110.3,105.6,0.0,338.75,265.47,73.28,590.4
2023-12-08,17,2023-12-08T16:00,mcn,McNary,111.2,106.5,0.0,338.84,265.34,73.5,597.3
2023-12-08,18,2023-12-08T17:00,mcn,McNary,112.0,107.3,0.0,338.82,265.49,73.33,600.4
2023-12-08,19,2023-12-08T18:00,mcn,McNary,111.4,106.7,0.0,338.78,265.42,73.36,597.2
2023-12-08,20,2023-12-08T19:00,mcn,McNary,110.7,106.0,0.0,338.82,265.38,73.44,594.0
2023-12-08,21,2023-12-08T20:00,mcn,McNary,110.3,105.6,0.0,338.75,265.38,73.37,591.2
2023-12-08,22,2023-12-08T21:00,mcn,McNary,110.7,106.0,0.0,338.83,265.44,73.39,593.6
2023-12-08,23,2023-12-08T22:00,mcn,McNary,110.4,105.7,0.0,338.88,265.3,73.58,593.4
2023-12-08,24,2023-12-08T23:00,mcn,McNary,91.2,86.5,0.0,339.02,264.75,74.27,490.2
2023-12-09,1,2023-12-09T00:00,mcn,McNary,71.8,67.1,0.0,339.02,264.63,74.39,380.9
2023-12-09,2,2023-12-09T01:00,mcn,McNary,70.9,66.2,0.0,339.04,264.81,74.23,374.9
2023-12-09,3,2023-12-09T02:00,mcn,McNary,70.9,66.2,0.0,339.06,264.84,74.22,374.9
2023-12-09,4,2023-12-09T03:00,mcn,McNary,81.1,76.4,0.0,338.98,265.41,73.57,428.9
2023-12-09,5,2023-12-09T04:00,mcn,McNary,118.7,114.0,0.0,339.0,266.05,72.95,634.5
2023-12-09,6,2023-12-09T05:00,mcn,McNary,120.5,115.8,0.0,339.01,265.93,73.08,645.7
2023-12-09,7,2023-12-09T06:00,mcn,McNary,121.4,116.7,0.0,338.97,265.93,73.04,650.4
2023-12-09,8,2023-12-09T07:00,mcn,McNary,120.8,116.1,0.0,338.95,265.98,72.97,646.4
2023-12-09,9,2023-12-09T08:00,mcn,McNary,121.6,116.9,0.0,339.0,265.9,73.1,652.0
2023-12-09,10,2023-12-09T09:00,mcn,McNary,122.4,117.7,0.0,338.91,265.86,73.05,656.0
2023-12-09,11,2023-12-09T10:00,mcn,McNary,121.3,116.6,0.0,338.97,265.86,73.11,650.4
2023-12-09,12,2023-12-09T11:00,mcn,McNary,120.9,116.2,0.0,338.98,265.57,73.41,650.9
2023-12-09,13,2023-12-09T12:00,mcn,McNary,107.0,102.3,0.0,338.93,265.23,73.7,575.3
2023-12-09,14,2023-12-09T13:00,mcn,McNary,105.3,100.6,0.0,338.87,265.42,73.45,563.8
2023-12-09,15,2023-12-09T14:00,mcn,McNary,106.9,102.2,0.0,338.83,265.53,73.3,571.6
2023-12-09,16,2023-12-09T15:00,mcn,McNary,107.3,102.6,0.0,338.77,265.53,73.24,573.4
2023-12-09,17,2023-12-09T16:00,mcn,McNary,119.6,114.9,0.0,338.68,265.62,73.06,640.5
2023-12-09,18,2023-12-09T17:00,mcn,McNary,119.7,115.0,0.0,338.74,265.56,73.18,642.1
2023-12-09,19,2023-12-09T18:00,mcn,McNary,120.1,115.4,0.0,338.63,265.61,73.02,642.9
2023-12-09,20,2023-12-09T19:00,mcn,McNary,119.4,114.7,0.0,338.6,265.64,72.96,638.5
2023-12-09,21,2023-12-09T20:00,mcn,McNary,119.8,115.1,0.0,338.57,265.47,73.1,642.0
2023-12-09,22,2023-12-09T21:00,mcn,McNary,102.1,97.4,0.0,338.72,264.95,73.77,548.2
2023-12-09,23,2023-12-09T22:00,mcn,McNary,99.6,94.9,0.0,338.68,264.74,73.94,535.4
2023-12-09,24,2023-12-09T23:00,mcn,McNary,80.9,76.2,0.0,338.77,264.56,74.21,431.5
2023-12-10,1,2023-12-10T00:00,mcn,McNary,79.6,74.9,0.0,338.63,264.56,74.07,423.3
2023-12-10,2,2023-12-10T01:00,mcn,McNary,80.0,75.3,0.0,338.7,264.73,73.97,425.0
2023-12-10,3,2023-12-10T02:00,mcn,McNary,80.3,75.6,0.0,338.71,264.78,73.93,426.4
2023-12-10,4,2023-12-10T03:00,mcn,McNary,80.9,76.2,0.0,338.73,264.75,73.98,430.1
2023-12-10,5,2023-12-10T04:00,mcn,McNary,79.8,75.1,0.0,338.66,264.72,73.94,423.7
2023-12-10,6,2023-12-10T05:00,mcn,McNary,80.3,75.6,0.0,338.78,264.62,74.16,427.8
2023-12-10,7,2023-12-10T06:00,mcn,McNary,80.5,75.8,0.0,338.73,264.85,73.88,427.3
2023-12-10,8,2023-12-10T07:00,mcn,McNary,100.9,96.2,0.0,338.67,265.14,73.53,539.7
2023-12-10,9,2023-12-10T08:00,mcn,McNary,102.2,97.5,0.0,338.72,265.1,73.62,547.7
2023-12-10,10,2023-12-10T09:00,mcn,McNary,102.1,97.4,0.0,338.76,264.98,73.78,548.3
2023-12-10,11,2023-12-10T10:00,mcn,McNary,100.6,95.9,0.0,338.94,265.01,73.93,541.0
2023-12-10,12,2023-12-10T11:00,mcn,McNary,101.5,96.8,0.0,338.89,264.87,74.02,546.7
2023-12-10,13,2023-12-10T12:00,mcn,McNary,100.6,95.9,0.0,338.86,264.95,73.91,540.8
2023-12-10,14,2023-12-10T13:00,mcn,McNary,101.1,96.4,0.0,339.0,265.11,73.89,543.5
2023-12-10,15,2023-12-10T14:00,mcn,McNary,102.3,97.6,0.0,338.91,265.32,73.59,548.0
2023-12-10,16,2023-12-10T15:00,mcn,McNary,119.5,114.8,0.0,338.89,265.55,73.34,642.4
2023-12-10,17,2023-12-10T16:00,mcn,McNary,119.8,115.1,0.0,338.94,265.53,73.41,644.7
2023-12-10,18,2023-12-10T17:00,mcn,McNary,118.3,113.6,0.0,338.9,265.49,73.41,636.3
2023-12-10,19,2023-12-10T18:00,mcn,McNary,119.5,114.8,0.0,338.82,265.49,73.33,642.3
2023-12-10,20,2023-12-10T19:00,mcn,McNary,119.7,115.0,0.0,338.79,265.49,73.3,643.2
2023-12-10,21,2023-12-10T20:00,mcn,McNary,119.1,114.4,0.0,338.83,265.46,73.37,640.4
2023-12-10,22,2023-12-10T21:00,mcn,McNary,117.8,113.1,0.0,338.85,265.21,73.64,635.5
2023-12-10,23,2023-12-10T22:00,mcn,McNary,81.9,77.2,0.0,338.95,264.53,74.42,438.4
2023-12-10,24,2023-12-10T23:00,mcn,McNary,79.7,75.0,0.0,338.9,264.57,74.33,425.4
2023-12-11,1,2023-12-11T00:00,mcn,McNary,80.2,75.5,0.0,338.89,264.52,74.37,428.4
2023-12-11,2,2023-12-11T01:00,mcn,McNary,79.7,75.0,0.0,338.9,264.66,74.24,424.8
2023-12-11,3,2023-12-11T02:00,mcn,McNary,79.8,75.1,0.0,338.92,264.65,74.27,425.6
2023-12-11,4,2023-12-11T03:00,mcn,McNary,80.0,75.3,0.0,338.92,264.71,74.21,426.4
2023-12-11,5,2023-12-11T04:00,mcn,McNary,80.6,75.9,0.0,338.9,264.62,74.28,430.2
2023-12-11,6,2023-12-11T05:00,mcn,McNary,100.5,95.8,0.0,338.79,265.11,73.68,538.6
2023-12-11,7,2023-12-11T06:00,mcn,McNary,121.1,116.4,0.0,338.77,265.42,73.35,651.4
2023-12-11,8,2023-12-11T07:00,mcn,McNary,117.0,112.3,0.0,338.76,265.2,73.56,630.3
2023-12-11,9,2023-12-11T08:00,mcn,McNary,108.2,103.5,0.0,338.79,265.04,73.75,582.4
2023-12-11,10,2023-12-11T09:00,mcn,McNary,108.2,103.5,0.0,338.72,264.92,73.8,582.8
2023-12-11,11,2023-12-11T10:00,mcn,McNary,107.6,102.9,0.0,338.7,265.03,73.67,578.4
2023-12-11,12,2023-12-11T11:00,mcn,McNary,108.3,103.6,0.0,338.81,265.11,73.7,582.6
2023-12-11,13,2023-12-11T12:00,mcn,McNary,108.7,104.0,0.0,338.79,265.41,73.38,582.3
2023-12-11,14,2023-12-11T13:00,mcn,McNary,109.3,104.6,0.0,338.83,265.25,73.58,587.2
2023-12-11,15,2023-12-11T14:00,mcn,McNary,101.7,97.0,0.0,338.76,265.09,73.67,545.2
2023-12-11,16,2023-12-11T15:00,mcn,McNary,100.8,96.1,0.0,338.79,265.13,73.66,540.1
2023-12-11,17,2023-12-11T16:00,mcn,McNary,102.3,97.6,0.0,338.79,265.31,73.48,547.2
2023-12-11,18,2023-12-11T17:00,mcn,McNary,120.8,116.1,0.0,338.79,265.82,72.97,646.4
2023-12-11,19,2023-12-11T18:00,mcn,McNary,123.4,118.7,0.0,338.86,265.87,72.99,661.1
2023-12-11,20,2023-12-11T19:00,mcn,McNary,122.4,117.7,0.0,338.86,265.64,73.22,657.6
2023-12-11,21,2023-12-11T20:00,mcn,McNary,120.0,115.3,0.0,338.8,265.5,73.3,644.8
2023-12-11,22,2023-12-11T21:00,mcn,McNary,120.1,115.4,0.0,338.66,265.52,73.14,644.0
2023-12-11,23,2023-12-11T22:00,mcn,McNary,119.9,115.2,0.0,338.62,265.46,73.16,643.1
2023-12-11,24,2023-12-11T23:00,mcn,McNary,119.3,114.6,0.0,338.51,265.64,72.87,637.2
2023-12-12,1,2023-12-12T00:00,mcn,McNary,121.9,117.2,0.0,338.43,265.57,72.86,651.5
2023-12-12,2,2023-12-12T01:00,mcn,McNary,122.0,117.3,0.0,338.4,265.57,72.83,651.8
2023-12-12,3,2023-12-12T02:00,mcn,McNary,122.4,117.7,0.0,338.32,265.75,72.57,651.7
2023-12-12,4,2023-12-12T03:00,mcn,McNary,122.1,117.4,0.0,338.25,265.7,72.55,649.9
2023-12-12,5,2023-12-12T04:00,mcn,McNary,120.3,115.6,0.0,338.21,265.79,72.42,638.8
2023-12-12,6,2023-12-12T05:00,mcn,McNary,123.0,118.3,0.0,338.24,265.8,72.44,653.9
2023-12-12,7,2023-12-12T06:00,mcn,McNary,101.4,96.7,0.0,338.27,265.38,72.89,537.8
2023-12-12,8,2023-12-12T07:00,mcn,McNary,101.5,96.8,0.0,338.18,265.54,72.64,536.5
2023-12-12,9,2023-12-12T08:00,mcn,McNary,101.5,96.8,0.0,338.27,265.3,72.97,538.9
2023-12-12,10,2023-12-12T09:00,mcn,McNary,101.2,96.5,0.0,338.38,265.23,73.15,538.6
2023-12-12,11,2023-12-12T10:00,mcn,McNary,101.1,96.4,0.0,338.36,265.19,73.17,538.2
2023-12-12,12,2023-12-12T11:00,mcn,McNary,101.1,96.4,0.0,338.36,265.17,73.19,538.3
2023-12-12,13,2023-12-12T12:00,mcn,McNary,101.1,96.4,0.0,338.41,265.11,73.3,539.1
2023-12-12,14,2023-12-12T13:00,mcn,McNary,100.2,95.5,0.0,338.47,265.17,73.3,534.1
2023-12-12,15,2023-12-12T14:00,mcn,McNary,101.6,96.9,0.0,338.51,265.45,73.06,540.2
2023-12-12,16,2023-12-12T15:00,mcn,McNary,110.2,105.5,0.0,338.55,265.69,72.86,586.5
2023-12-12,17,2023-12-12T16:00,mcn,McNary,113.4,108.7,0.0,338.56,265.6,72.96,605.1
2023-12-12,18,2023-12-12T17:00,mcn,McNary,132.5,127.8,0.0,338.53,266.08,72.45,706.5
2023-12-12,19,2023-12-12T18:00,mcn,McNary,127.9,123.2,0.0,338.51,265.86,72.65,682.9
2023-12-12,20,2023-12-12T19:00,mcn,McNary,134.6,129.9,0.0,338.43,265.86,72.57,719.3
2023-12-12,21,2023-12-12T20:00,mcn,McNary,133.4,128.7,0.0,338.4,265.88,72.52,712.1
2023-12-12,22,2023-12-12T21:00,mcn,McNary,132.9,128.2,0.0,338.39,265.87,72.52,709.4
2023-12-12,23,2023-12-12T22:00,mcn,McNary,133.3,128.6,0.0,338.29,265.94,72.35,709.9
2023-12-12,24,2023-12-12T23:00,mcn,McNary,132.4,127.7,0.0,338.22,265.97,72.25,704.0
2023-12-13,1,2023-12-13T00:00,mcn,McNary,133.0,128.3,0.0,338.14,265.86,72.28,707.6
2023-12-13,2,2023-12-13T01:00,mcn,McNary,133.1,128.4,0.0,338.07,265.85,72.22,707.5
2023-12-13,3,2023-12-13T02:00,mcn,McNary,133.2,128.5,0.0,338.08,266.07,72.01,706.0
2023-12-13,4,2023-12-13T03:00,mcn,McNary,132.7,128.0,0.0,337.95,266.2,71.75,700.7
2023-12-13,5,2023-12-13T04:00,mcn,McNary,133.2,128.5,0.0,338.0,266.09,71.91,705.0
2023-12-13,6,2023-12-13T05:00,mcn,McNary,132.4,127.7,0.0,338.05,265.93,72.12,702.7
2023-12-13,7,2023-12-13T06:00,mcn,McNary,101.7,97.0,0.0,338.13,265.49,72.64,537.6
2023-12-13,8,2023-12-13T07:00,mcn,McNary,98.9,94.2,0.0,338.17,265.49,72.68,522.4
2023-12-13,9,2023-12-13T08:00,mcn,McNary,99.4,94.7,0.0,338.29,265.44,72.85,526.4
2023-12-13,10,2023-12-13T09:00,mcn,McNary,98.9,94.2,0.0,338.37,265.2,73.17,525.9
2023-12-13,11,2023-12-13T10:00,mcn,McNary,98.4,93.7,0.0,338.41,265.24,73.17,523.1
2023-12-13,12,2023-12-13T11:00,mcn,McNary,99.8,95.1,0.0,338.48,265.18,73.3,531.9
2023-12-13,13,2023-12-13T12:00,mcn,McNary,99.7,95.0,0.0,338.51,265.17,73.34,531.6
2023-12-13,14,2023-12-13T13:00,mcn,McNary,99.3,94.6,0.0,338.53,265.42,73.11,527.7
2023-12-13,15,2023-12-13T14:00,mcn,McNary,99.6,94.9,0.0,338.52,265.49,73.03,528.8
2023-12-13,16,2023-12-13T15:00,mcn,McNary,100.5,95.8,0.0,338.53,265.55,72.98,533.5
2023-12-13,17,2023-12-13T16:00,mcn,McNary,128.1,123.4,0.0,338.47,265.96,72.51,682.7
2023-12-13,18,2023-12-13T17:00,mcn,McNary,129.2,124.5,0.0,338.57,265.92,72.65,690.1
2023-12-13,19,2023-12-13T18:00,mcn,McNary,129.5,124.8,0.0,338.49,265.87,72.62,691.5
2023-12-13,20,2023-12-13T19:00,mcn,McNary,129.6,124.9,0.0,338.4,265.78,72.62,692.1
2023-12-13,21,2023-12-13T20:00,mcn,McNary,128.6,123.9,0.0,338.45,265.58,72.87,688.9
2023-12-13,22,2023-12-13T21:00,mcn,McNary,108.6,103.9,0.0,338.5,264.99,73.51,582.8
2023-12-13,23,2023-12-13T22:00,mcn,McNary,89.4,84.7,0.0,338.39,264.83,73.56,475.4
2023-12-13,24,2023-12-13T23:00,mcn,McNary,88.3,83.6,0.0,338.37,264.93,73.44,468.5
2023-12-14,1,2023-12-14T00:00,mcn,McNary,88.8,84.1,0.0,338.44,264.93,73.51,471.7
2023-12-14,2,2023-12-14T01:00,mcn,McNary,88.5,83.8,0.0,338.34,265.03,73.31,468.7
2023-12-14,3,2023-12-14T02:00,mcn,McNary,88.4,83.7,0.0,338.37,265.09,73.28,468.0
2023-12-14,4,2023-12-14T03:00,mcn,McNary,89.0,84.3,0.0,338.42,265.16,73.26,471.2
2023-12-14,5,2023-12-14T04:00,mcn,McNary,100.0,95.3,0.0,338.31,265.26,73.05,531.2
2023-12-14,6,2023-12-14T05:00,mcn,McNary,124.6,119.9,0.0,338.32,265.87,72.45,662.8
2023-12-14,7,2023-12-14T06:00,mcn,McNary,125.0,120.3,0.0,338.51,265.9,72.61,666.5
2023-12-14,8,2023-12-14T07:00,mcn,McNary,125.4,120.7,0.0,338.35,265.86,72.49,667.6
2023-12-14,9,2023-12-14T08:00,mcn,McNary,123.1,118.4,0.0,338.37,265.75,72.62,656.0
2023-12-14,10,2023-12-14T09:00,mcn,McNary,121.8,117.1,0.0,338.42,265.15,73.27,654.6
2023-12-14,11,2023-12-14T10:00,mcn,McNary,105.2,100.5,0.0,338.51,264.93,73.58,564.2
2023-12-14,12,2023-12-14T11:00,mcn,McNary,90.9,86.2,0.0,338.59,264.94,73.65,484.4
2023-12-14,13,2023-12-14T12:00,mcn,McNary,90.5,85.8,0.0,338.65,265.1,73.55,481.5
2023-12-14,14,2023-12-14T13:00,mcn,McNary,89.2,84.5,0.0,338.84,265.1,73.74,475.4
2023-12-14,15,2023-12-14T14:00,mcn,McNary,91.6,86.9,0.0,338.89,265.23,73.66,488.4
2023-12-14,16,2023-12-14T15:00,mcn,McNary,114.6,109.9,0.0,338.84,265.85,72.99,612.0
2023-12-14,17,2023-12-14T16:00,mcn,McNary,135.4,130.7,0.0,338.83,266.08,72.75,725.5
2023-12-14,18,2023-12-14T17:00,mcn,McNary,136.4,131.7,0.0,338.74,266.04,72.7,730.5
2023-12-14,19,2023-12-14T18:00,mcn,McNary,136.6,131.9,0.0,338.78,265.99,72.79,732.6
2023-12-14,20,2023-12-14T19:00,mcn,McNary,136.7,132.0,0.0,338.65,265.89,72.76,732.8
2023-12-14,21,2023-12-14T20:00,mcn,McNary,136.9,132.2,0.0,338.65,265.9,72.75,733.8
2023-12-14,22,2023-12-14T21:00,mcn,McNary,136.7,132.0,0.0,338.79,265.9,72.89,734.1
2023-12-14,23,2023-12-14T22:00,mcn,McNary,120.5,115.8,0.0,338.71,265.56,73.15,646.3
2023-12-14,24,2023-12-14T23:00,mcn,McNary,103.0,98.3,0.0,338.76,265.22,73.54,551.6
2023-12-15,1,2023-12-15T00:00,mcn,McNary,84.7,80.0,0.0,338.88,264.84,74.04,451.9
2023-12-15,2,2023-12-15T01:00,mcn,McNary,83.0,78.3,0.0,338.89,264.85,74.04,442.3
2023-12-15,3,2023-12-15T02:00,mcn,McNary,82.8,78.1,0.0,338.85,265.01,73.84,440.0
2023-12-15,4,2023-12-15T03:00,mcn,McNary,82.4,77.7,0.0,339.01,265.07,73.94,438.4
2023-12-15,5,2023-12-15T04:00,mcn,McNary,94.8,90.1,0.0,338.99,265.54,73.45,504.9
2023-12-15,6,2023-12-15T05:00,mcn,McNary,116.3,111.6,0.0,338.99,265.74,73.25,623.7
2023-12-15,7,2023-12-15T06:00,mcn,McNary,136.0,131.3,0.0,339.02,266.03,72.99,731.2
2023-12-15,8,2023-12-15T07:00,mcn,McNary,135.3,130.6,0.0,339.23,265.97,73.26,730.0
2023-12-15,9,2023-12-15T08:00,mcn,McNary,136.0,131.3,0.0,339.2,265.99,73.21,733.4
2023-12-15,10,2023-12-15T09:00,mcn,McNary,135.2,130.5,0.0,339.22,265.84,73.38,730.7
2023-12-15,11,2023-12-15T10:00,mcn,McNary,111.5,106.8,0.0,339.35,265.52,73.83,601.6
2023-12-15,12,2023-12-15T11:00,mcn,McNary,118.6,113.9,0.0,339.29,265.6,73.69,640.4
2023-12-15,13,2023-12-15T12:00,mcn,McNary,116.6,111.9,0.0,339.27,265.65,73.62,628.6
2023-12-15,14,2023-12-15T13:00,mcn,McNary,120.0,115.3,0.0,339.19,265.81,73.38,645.6
2023-12-15,15,2023-12-15T14:00,mcn,McNary,122.6,117.9,0.0,339.21,265.74,73.47,660.9
2023-12-15,16,2023-12-15T15:00,mcn,McNary,121.3,116.6,0.0,339.06,265.88,73.18,651.1
2023-12-15,17,2023-12-15T16:00,mcn,McNary,144.1,139.4,0.0,339.0,266.27,72.73,773.6
2023-12-15,18,2023-12-15T17:00,mcn,McNary,145.4,140.7,0.0,338.99,266.23,72.76,781.1
2023-12-15,19,2023-12-15T18:00,mcn,McNary,145.2,140.5,0.0,338.94,266.28,72.66,778.9
2023-12-15,20,2023-12-15T19:00,mcn,McNary,137.9,133.2,0.0,338.82,266.08,72.74,739.3
2023-12-15,21,2023-12-15T20:00,mcn,McNary,136.7,132.0,0.0,338.73,266.19,72.54,730.6
2023-12-15,22,2023-12-15T21:00,mcn,McNary,137.1,132.4,0.0,338.71,265.98,72.73,734.7
2023-12-15,23,2023-12-15T22:00,mcn,McNary,127.6,122.9,0.0,338.66,265.98,72.68,681.5
2023-12-15,24,2023-12-15T23:00,mcn,McNary,117.2,112.5,0.0,338.71,265.8,72.91,625.8
2023-12-16,1,2023-12-16T00:00,mcn,McNary,107.9,103.2,0.0,338.66,265.72,72.94,574.3
2023-12-16,2,2023-12-16T01:00,mcn,McNary,107.8,103.1,0.0,338.63,265.7,72.93,573.7
2023-12-16,3,2023-12-16T02:00,mcn,McNary,102.3,97.6,0.0,338.71,265.57,73.14,544.7
2023-12-16,4,2023-12-16T03:00,mcn,McNary,95.7,91.0,0.0,338.73,265.61,73.12,507.7
2023-12-16,5,2023-12-16T04:00,mcn,McNary,97.6,92.9,0.0,338.75,265.75,73.0,517.4
2023-12-16,6,2023-12-16T05:00,mcn,McNary,115.8,111.1,0.0,338.75,265.92,72.83,617.4
2023-12-16,7,2023-12-16T06:00,mcn,McNary,116.5,111.8,0.0,338.82,265.89,72.93,622.1
2023-12-16,8,2023-12-16T07:00,mcn,McNary,120.5,115.8,0.0,338.8,265.85,72.95,644.6
2023-12-16,9,2023-12-16T08:00,mcn,McNary,119.6,114.9,0.0,338.86,265.72,73.14,641.2
2023-12-16,10,2023-12-16T09:00,mcn,McNary,107.4,102.7,0.0,338.97,265.6,73.37,574.9
2023-12-16,11,2023-12-16T10:00,mcn,McNary,106.2,101.5,0.0,338.87,265.6,73.27,567.4
2023-12-16,12,2023-12-16T11:00,mcn,McNary,93.9,89.2,0.0,338.96,265.23,73.73,501.8
2023-12-16,13,2023-12-16T12:00,mcn,McNary,93.9,89.2,0.0,338.9,265.24,73.66,501.3
2023-12-16,14,2023-12-16T13:00,mcn,McNary,94.2,89.5,0.0,338.89,265.23,73.66,503.0
2023-12-16,15,2023-12-16T14:00,mcn,McNary,94.5,89.8,0.0,338.87,265.31,73.56,504.0
2023-12-16,16,2023-12-16T15:00,mcn,McNary,95.2,90.5,0.0,338.87,265.55,73.32,506.3
2023-12-16,17,2023-12-16T16:00,mcn,McNary,110.8,106.1,0.0,338.79,265.84,72.95,590.6
2023-12-16,18,2023-12-16T17:00,mcn,McNary,113.7,109.0,0.0,338.9,265.8,73.1,608.0
2023-12-16,19,2023-12-16T18:00,mcn,McNary,115.5,110.8,0.0,338.78,265.61,73.17,618.6
2023-12-16,20,2023-12-16T19:00,mcn,McNary,115.1,110.4,0.0,338.83,265.56,73.27,617.2
2023-12-16,21,2023-12-16T20:00,mcn,McNary,113.8,109.1,0.0,338.8,265.54,73.26,609.8
2023-12-16,22,2023-12-16T21:00,mcn,McNary,90.8,86.1,0.0,338.86,265.07,73.79,484.8
2023-12-16,23,2023-12-16T22:00,mcn,McNary,89.7,85.0,0.0,338.78,265.23,73.55,477.0
2023-12-16,24,2023-12-16T23:00,mcn,McNary,90.3,85.6,0.0,338.82,265.15,73.67,481.2
2023-12-17,1,2023-12-17T00:00,mcn,McNary,89.8,85.1,0.0,338.74,265.2,73.54,477.5
2023-12-17,2,2023-12-17T01:00,mcn,McNary,89.6,84.9,0.0,338.78,265.23,73.55,476.4
2023-12-17,3,2023-12-17T02:00,mcn,McNary,90.8,86.1,0.0,338.63,265.31,73.32,481.7
2023-12-17,4,2023-12-17T03:00,mcn,McNary,90.6,85.9,0.0,338.71,265.25,73.46,481.5
2023-12-17,5,2023-12-17T04:00,mcn,McNary,92.4,87.7,0.0,338.66,265.58,73.08,489.0
2023-12-17,6,2023-12-17T05:00,mcn,McNary,126.9,122.2,0.0,338.51,266.1,72.41,675.1
2023-12-17,7,2023-12-17T06:00,mcn,McNary,128.1,123.4,0.0,338.6,265.99,72.61,683.7
2023-12-17,8,2023-12-17T07:00,mcn,McNary,122.1,117.4,0.0,338.5,265.91,72.59,650.2
2023-12-17,9,2023-12-17T08:00,mcn,McNary,124.3,119.6,0.0,338.48,265.83,72.65,663.0
2023-12-17,10,2023-12-17T09:00,mcn,McNary,123.3,118.6,0.0,338.5,265.6,72.9,659.7
2023-12-17,11,2023-12-17T10:00,mcn,McNary,95.0,90.3,0.0,338.63,265.18,73.45,506.1
2023-12-17,12,2023-12-17T11:00,mcn,McNary,95.7,91.0,0.0,338.55,265.53,73.02,507.0
2023-12-17,13,2023-12-17T12:00,mcn,McNary,96.6,91.9,0.0,338.54,265.58,72.96,511.6
2023-12-17,14,2023-12-17T13:00,mcn,McNary,96.7,92.0,0.0,338.56,265.43,73.13,513.3
2023-12-17,15,2023-12-17T14:00,mcn,McNary,96.1,91.4,0.0,338.57,265.4,73.17,510.3
2023-12-17,16,2023-12-17T15:00,mcn,McNary,97.6,92.9,0.0,338.44,265.48,72.96,517.2
2023-12-17,17,2023-12-17T16:00,mcn,McNary,110.5,105.8,0.0,338.39,265.6,72.79,587.6
2023-12-17,18,2023-12-17T17:00,mcn,McNary,111.1,106.4,0.0,338.4,265.58,72.82,591.2
2023-12-17,19,2023-12-17T18:00,mcn,McNary,109.5,104.8,0.0,338.4,265.58,72.82,582.3
2023-12-17,20,2023-12-17T19:00,mcn,McNary,110.1,105.4,0.0,338.39,265.59,72.8,585.5
2023-12-17,21,2023-12-17T20:00,mcn,McNary,109.2,104.5,0.0,338.32,265.56,72.76,580.1
2023-12-17,22,2023-12-17T21:00,mcn,McNary,108.3,103.6,0.0,338.35,265.31,73.04,577.4
2023-12-17,23,2023-12-17T22:00,mcn,McNary,100.4,95.7,0.0,338.39,265.14,73.25,534.9
2023-12-17,24,2023-12-17T23:00,mcn,McNary,91.3,86.6,0.0,338.4,265.04,73.36,484.7
2023-12-18,1,2023-12-18T00:00,mcn,McNary,76.1,71.4,0.0,338.39,264.88,73.51,400.5
2023-12-18,2,2023-12-18T01:00,mcn,McNary,74.1,69.4,0.0,338.47,264.87,73.6,389.7
2023-12-18,3,2023-12-18T02:00,mcn,McNary,74.2,69.5,0.0,338.6,264.91,73.69,390.8
2023-12-18,4,2023-12-18T03:00,mcn,McNary,74.5,69.8,0.0,338.65,264.93,73.72,392.6
2023-12-18,5,2023-12-18T04:00,mcn,McNary,75.3,70.6,0.0,338.66,265.18,73.48,395.8
2023-12-18,6,2023-12-18T05:00,mcn,McNary,105.8,101.1,0.0,338.65,265.63,73.02,563.3
2023-12-18,7,2023-12-18T06:00,mcn,McNary,130.3,125.6,0.0,338.77,265.93,72.84,698.0
2023-12-18,8,2023-12-18T07:00,mcn,McNary,130.7,126.0,0.0,338.73,265.72,73.01,701.9
2023-12-18,9,2023-12-18T08:00,mcn,McNary,129.9,125.2,0.0,338.67,265.67,73.0,697.4
2023-12-18,10,2023-12-18T09:00,mcn,McNary,130.0,125.3,0.0,338.8,265.62,73.18,699.6
2023-12-18,11,2023-12-18T10:00,mcn,McNary,109.1,104.4,0.0,338.92,265.06,73.86,588.3
2023-12-18,12,2023-12-18T11:00,mcn,McNary,108.3,103.6,0.0,338.73,265.26,73.47,580.8
2023-12-18,13,2023-12-18T12:00,mcn,McNary,110.1,105.4,0.0,338.74,265.38,73.36,590.0
2023-12-18,14,2023-12-18T13:00,mcn,McNary,112.1,107.4,0.0,338.81,265.43,73.38,601.3
2023-12-18,15,2023-12-18T14:00,mcn,McNary,112.4,107.7,0.0,338.75,265.35,73.4,603.2
2023-12-18,16,2023-12-18T15:00,mcn,McNary,110.5,105.8,0.0,338.71,265.33,73.38,592.4
2023-12-18,17,2023-12-18T16:00,mcn,McNary,128.2,123.5,0.0,338.59,265.67,72.92,687.1
2023-12-18,18,2023-12-18T17:00,mcn,McNary,126.4,121.7,0.0,338.67,265.62,73.05,678.3
2023-12-18,19,2023-12-18T18:00,mcn,McNary,127.6,122.9,0.0,338.72,265.59,73.13,685.8
2023-12-18,20,2023-12-18T19:00,mcn,McNary,108.7,104.0,0.0,338.77,265.16,73.61,584.1
2023-12-18,21,2023-12-18T20:00,mcn,McNary,107.7,103.0,0.0,338.8,264.99,73.81,580.1
2023-12-18,22,2023-12-18T21:00,mcn,McNary,84.6,79.9,0.0,338.85,264.61,74.24,452.6
2023-12-18,23,2023-12-18T22:00,mcn,McNary,84.4,79.7,0.0,338.92,264.77,74.15,450.9
2023-12-18,24,2023-12-18T23:00,mcn,McNary,82.8,78.1,0.0,339.0,264.73,74.27,442.6
2023-12-19,1,2023-12-19T00:00,mcn,McNary,83.8,79.1,0.0,339.12,264.73,74.39,449.0
2023-12-19,2,2023-12-19T01:00,mcn,McNary,84.4,79.7,0.0,339.08,264.7,74.38,452.3
2023-12-19,3,2023-12-19T02:00,mcn,McNary,83.9,79.2,0.0,339.17,264.75,74.42,449.7
2023-12-19,4,2023-12-19T03:00,mcn,McNary,83.1,78.4,0.0,339.3,264.63,74.67,446.7
2023-12-19,5,2023-12-19T04:00,mcn,McNary,83.8,79.1,0.0,339.27,264.83,74.44,449.3
2023-12-19,6,2023-12-19T05:00,mcn,McNary,103.3,98.6,0.0,339.22,265.16,74.06,557.2
2023-12-19,7,2023-12-19T06:00,mcn,McNary,130.6,125.9,0.0,339.22,265.81,73.41,705.2
2023-12-19,8,2023-12-19T07:00,mcn,McNary,141.9,137.2,0.0,339.31,265.85,73.46,769.0
2023-12-19,9,2023-12-19T08:00,mcn,McNary,141.8,137.1,0.0,339.29,265.82,73.47,768.5
2023-12-19,10,2023-12-19T09:00,mcn,McNary,139.6,135.6,0.0,339.22,265.59,73.63,761.8
2023-12-19,11,2023-12-19T10:00,mcn,McNary,124.3,120.3,0.0,339.3,265.18,74.12,680.3
2023-12-19,12,2023-12-19T11:00,mcn,McNary,122.6,118.6,0.0,339.21,265.27,73.94,669.1
2023-12-19,13,2023-12-19T12:00,mcn,McNary,126.6,122.6,0.0,339.07,265.59,73.48,687.4
2023-12-19,14,2023-12-19T13:00,mcn,McNary,125.9,121.9,0.0,339.1,265.56,73.54,684.0
2023-12-19,15,2023-12-19T14:00,mcn,McNary,125.5,121.5,0.0,339.09,265.31,73.78,684.0
2023-12-19,16,2023-12-19T15:00,mcn,McNary,122.8,118.8,0.0,339.02,265.17,73.85,669.4
2023-12-19,17,2023-12-19T16:00,mcn,McNary,127.0,123.0,0.0,338.99,265.41,73.58,690.5
2023-12-19,18,2023-12-19T17:00,mcn,McNary,139.0,135.0,0.0,338.94,265.79,73.15,753.5
2023-12-19,19,2023-12-19T18:00,mcn,McNary,140.9,136.9,0.0,338.9,265.94,72.96,762.1
2023-12-19,20,2023-12-19T19:00,mcn,McNary,140.5,136.5,0.0,338.86,265.9,72.96,759.9
2023-12-19,21,2023-12-19T20:00,mcn,McNary,140.1,136.1,0.0,338.78,265.9,72.88,756.8
2023-12-19,22,2023-12-19T21:00,mcn,McNary,138.9,134.9,0.0,338.86,265.57,73.29,754.4
2023-12-19,23,2023-12-19T22:00,mcn,McNary,108.3,104.3,0.0,338.93,265.06,73.87,587.9
2023-12-19,24,2023-12-19T23:00,mcn,McNary,88.2,84.2,0.0,338.9,265.08,73.82,474.3
2023-12-20,1,2023-12-20T00:00,mcn,McNary,90.5,86.5,0.0,338.82,265.31,73.51,485.2
2023-12-20,2,2023-12-20T01:00,mcn,McNary,90.7,86.7,0.0,338.89,265.31,73.58,486.7
2023-12-20,3,2023-12-20T02:00,mcn,McNary,91.8,87.8,0.0,338.88,265.28,73.6,493.1
2023-12-20,4,2023-12-20T03:00,mcn,McNary,90.3,86.3,0.0,339.0,265.25,73.75,485.6
2023-12-20,5,2023-12-20T04:00,mcn,McNary,90.3,86.3,0.0,338.92,265.59,73.33,482.9
2023-12-20,6,2023-12-20T05:00,mcn,McNary,109.5,105.5,0.0,338.95,265.8,73.15,588.8
2023-12-20,7,2023-12-20T06:00,mcn,McNary,119.9,115.9,0.0,338.99,265.83,73.16,647.0
2023-12-20,8,2023-12-20T07:00,mcn,McNary,120.7,116.7,0.0,339.05,265.86,73.19,651.7
2023-12-20,9,2023-12-20T08:00,mcn,McNary,121.1,117.1,0.0,339.07,265.67,73.4,655.8
2023-12-20,10,2023-12-20T09:00,mcn,McNary,108.1,104.1,0.0,339.2,265.42,73.78,586.0
2023-12-20,11,2023-12-20T10:00,mcn,McNary,97.2,93.2,0.0,339.2,265.19,74.01,526.3
2023-12-20,12,2023-12-20T11:00,mcn,McNary,98.3,94.3,0.0,339.11,265.45,73.66,530.0
2023-12-20,13,2023-12-20T12:00,mcn,McNary,97.3,93.3,0.0,339.13,265.53,73.6,523.9
2023-12-20,14,2023-12-20T13:00,mcn,McNary,97.7,93.7,0.0,339.07,265.54,73.53,525.7
2023-12-20,15,2023-12-20T14:00,mcn,McNary,97.4,93.4,0.0,339.05,265.6,73.45,523.4
2023-12-20,16,2023-12-20T15:00,mcn,McNary,114.2,110.2,0.0,338.97,265.87,73.1,614.6
2023-12-20,17,2023-12-20T16:00,mcn,McNary,131.0,127.0,0.0,339.0,266.03,72.97,707.1
2023-12-20,18,2023-12-20T17:00,mcn,McNary,132.5,128.5,0.0,339.03,266.1,72.93,715.0
2023-12-20,19,2023-12-20T18:00,mcn,McNary,133.0,129.0,0.0,338.98,266.24,72.74,716.0
2023-12-20,20,2023-12-20T19:00,mcn,McNary,133.3,129.3,0.0,338.98,266.0,72.98,720.0
2023-12-20,21,2023-12-20T20:00,mcn,McNary,124.0,120.0,0.0,338.93,265.62,73.31,671.2
2023-12-20,22,2023-12-20T21:00,mcn,McNary,121.5,117.5,0.0,338.97,265.58,73.39,658.0
2023-12-20,23,2023-12-20T22:00,mcn,McNary,109.0,105.0,0.0,339.03,265.55,73.48,588.7
2023-12-20,24,2023-12-20T23:00,mcn,McNary,107.4,103.4,0.0,338.98,265.48,73.5,579.9
2023-12-21,1,2023-12-21T00:00,mcn,McNary,99.2,95.2,0.0,338.98,265.29,73.69,535.3
2023-12-21,2,2023-12-21T01:00,mcn,McNary,98.2,94.2,0.0,338.99,265.34,73.65,529.4
2023-12-21,3,2023-12-21T02:00,mcn,McNary,97.5,93.5,0.0,338.92,265.24,73.68,525.6
2023-12-21,4,2023-12-21T03:00,mcn,McNary,98.5,94.5,0.0,339.01,265.5,73.51,530.0
2023-12-21,5,2023-12-21T04:00,mcn,McNary,98.6,94.6,0.0,338.91,265.62,73.29,529.0
2023-12-21,6,2023-12-21T05:00,mcn,McNary,118.7,114.7,0.0,338.89,265.9,72.99,638.8
2023-12-21,7,2023-12-21T06:00,mcn,McNary,119.2,115.2,0.0,338.93,265.73,73.2,643.4
2023-12-21,8,2023-12-21T07:00,mcn,McNary,118.2,114.2,0.0,338.94,265.74,73.2,637.8
2023-12-21,9,2023-12-21T08:00,mcn,McNary,111.3,107.3,0.0,338.97,265.58,73.39,600.8
2023-12-21,10,2023-12-21T09:00,mcn,McNary,113.9,109.9,0.0,338.9,265.52,73.38,615.3
2023-12-21,11,2023-12-21T10:00,mcn,McNary,107.5,103.5,0.0,338.95,265.48,73.47,580.2
2023-12-21,12,2023-12-21T11:00,mcn,McNary,103.9,99.9,0.0,338.92,265.46,73.46,559.9
2023-12-21,13,2023-12-21T12:00,mcn,McNary,107.0,103.0,0.0,338.93,265.6,73.33,576.3
2023-12-21,14,2023-12-21T13:00,mcn,McNary,106.7,102.7,0.0,338.96,265.55,73.41,575.2
2023-12-21,15,2023-12-21T14:00,mcn,McNary,107.2,103.2,0.0,338.88,265.59,73.29,577.1
2023-12-21,16,2023-12-21T15:00,mcn,McNary,107.3,103.3,0.0,338.85,265.59,73.26,577.4
2023-12-21,17,2023-12-21T16:00,mcn,McNary,125.7,121.7,0.0,338.76,265.88,72.88,676.7
2023-12-21,18,2023-12-21T17:00,mcn,McNary,126.3,122.3,0.0,338.92,265.81,73.11,682.2
2023-12-21,19,2023-12-21T18:00,mcn,McNary,127.2,123.2,0.0,338.86,265.8,73.06,686.8
2023-12-21,20,2023-12-21T19:00,mcn,McNary,127.3,123.3,0.0,338.81,265.75,73.06,687.3
2023-12-21,21,2023-12-21T20:00,mcn,McNary,127.1,123.1,0.0,338.86,265.76,73.1,686.6
2023-12-21,22,2023-12-21T21:00,mcn,McNary,126.5,122.5,0.0,338.78,265.57,73.21,684.3
2023-12-21,23,2023-12-21T22:00,mcn,McNary,107.3,103.3,0.0,338.85,265.29,73.56,579.8
2023-12-21,24,2023-12-21T23:00,mcn,McNary,105.6,101.6,0.0,338.81,265.15,73.66,571.0
2023-12-22,1,2023-12-22T00:00,mcn,McNary,88.7,84.7,0.0,338.76,264.93,73.83,477.1
2023-12-22,2,2023-12-22T01:00,mcn,McNary,87.3,83.3,0.0,338.65,265.06,73.59,467.7
2023-12-22,3,2023-12-22T02:00,mcn,McNary,88.0,84.0,0.0,338.65,265.14,73.51,471.1
2023-12-22,4,2023-12-22T03:00,mcn,McNary,88.1,84.1,0.0,338.66,265.25,73.41,471.1
2023-12-22,5,2023-12-22T04:00,mcn,McNary,88.4,84.4,0.0,338.68,265.28,73.4,472.7
2023-12-22,6,2023-12-22T05:00,mcn,McNary,108.7,104.7,0.0,338.64,265.92,72.72,580.9
2023-12-22,7,2023-12-22T06:00,mcn,McNary,127.2,123.2,0.0,338.6,266.14,72.46,681.1
2023-12-22,8,2023-12-22T07:00,mcn,McNary,139.6,135.6,0.0,338.73,266.13,72.6,751.1
2023-12-22,9,2023-12-22T08:00,mcn,McNary,138.8,134.8,0.0,338.63,266.04,72.59,746.6
2023-12-22,10,2023-12-22T09:00,mcn,McNary,138.3,134.3,0.0,338.66,265.96,72.7,745.0
2023-12-22,11,2023-12-22T10:00,mcn,McNary,137.2,133.2,0.0,338.65,265.83,72.82,740.1
2023-12-22,12,2023-12-22T11:00,mcn,McNary,116.8,112.8,0.0,338.73,265.48,73.25,630.4
2023-12-22,13,2023-12-22T12:00,mcn,McNary,100.9,96.9,0.0,338.59,265.5,73.09,540.4
2023-12-22,14,2023-12-22T13:00,mcn,McNary,101.3,97.3,0.0,338.46,265.55,72.91,541.3
2023-12-22,15,2023-12-22T14:00,mcn,McNary,101.9,97.9,0.0,338.61,265.68,72.93,544.8
2023-12-22,16,2023-12-22T15:00,mcn,McNary,122.1,118.1,0.0,338.48,266.08,72.4,652.4
2023-12-22,17,2023-12-22T16:00,mcn,McNary,122.9,118.9,0.0,338.46,266.2,72.26,655.5
2023-12-22,18,2023-12-22T17:00,mcn,McNary,123.3,119.3,0.0,338.44,266.06,72.38,658.8
2023-12-22,19,2023-12-22T18:00,mcn,McNary,123.4,119.4,0.0,338.58,265.94,72.64,661.8
2023-12-22,20,2023-12-22T19:00,mcn,McNary,123.1,119.1,0.0,338.5,265.83,72.67,660.4
2023-12-22,21,2023-12-22T20:00,mcn,McNary,124.8,120.8,0.0,338.6,265.88,72.72,670.3
2023-12-22,22,2023-12-22T21:00,mcn,McNary,124.7,120.7,0.0,338.55,265.81,72.74,669.9
2023-12-22,23,2023-12-22T22:00,mcn,McNary,104.2,100.2,0.0,338.62,265.43,73.19,559.6
2023-12-22,24,2023-12-22T23:00,mcn,McNary,88.4,84.4,0.0,338.56,265.08,73.48,473.2
2023-12-23,1,2023-12-23T00:00,mcn,McNary,78.8,74.8,0.0,338.54,264.86,73.68,420.5
2023-12-23,2,2023-12-23T01:00,mcn,McNary,78.8,74.8,0.0,338.58,265.01,73.57,419.9
2023-12-23,3,2023-12-23T02:00,mcn,McNary,79.8,75.8,0.0,338.51,265.17,73.34,424.2
2023-12-23,4,2023-12-23T03:00,mcn,McNary,80.1,76.1,0.0,338.64,265.21,73.43,426.4
2023-12-23,5,2023-12-23T04:00,mcn,McNary,80.5,76.5,0.0,338.51,265.18,73.33,428.0
2023-12-23,6,2023-12-23T05:00,mcn,McNary,96.2,92.2,0.0,338.49,265.12,73.37,516.1
2023-12-23,7,2023-12-23T06:00,mcn,McNary,100.8,96.8,0.0,338.56,265.2,73.36,541.8
2023-12-23,8,2023-12-23T07:00,mcn,McNary,99.5,95.5,0.0,338.61,265.09,73.52,535.7
2023-12-23,9,2023-12-23T08:00,mcn,McNary,100.2,96.2,0.0,338.6,265.11,73.49,539.4
2023-12-23,10,2023-12-23T09:00,mcn,McNary,99.2,95.2,0.0,338.64,264.95,73.69,535.3
2023-12-23,11,2023-12-23T10:00,mcn,McNary,89.4,85.4,0.0,338.76,264.68,74.08,482.7
2023-12-23,12,2023-12-23T11:00,mcn,McNary,88.4,84.4,0.0,338.74,264.65,74.09,477.1
2023-12-23,13,2023-12-23T12:00,mcn,McNary,88.5,84.5,0.0,338.7,264.71,73.99,477.0
2023-12-23,14,2023-12-23T13:00,mcn,McNary,88.5,84.5,0.0,338.71,264.66,74.05,477.4
2023-12-23,15,2023-12-23T14:00,mcn,McNary,89.0,85.0,0.0,338.8,264.81,73.99,479.9
2023-12-23,16,2023-12-23T15:00,mcn,McNary,107.4,103.4,0.0,338.66,265.09,73.57,580.4
2023-12-23,17,2023-12-23T16:00,mcn,McNary,126.5,122.5,0.0,338.76,265.47,73.29,685.0
2023-12-23,18,2023-12-23T17:00,mcn,McNary,127.2,123.2,0.0,338.84,265.39,73.45,690.4
2023-12-23,19,2023-12-23T18:00,mcn,McNary,127.2,123.2,0.0,338.84,265.49,73.35,689.5
2023-12-23,20,2023-12-23T19:00,mcn,McNary,129.8,125.8,0.0,338.78,265.48,73.3,703.6
2023-12-23,21,2023-12-23T20:00,mcn,McNary,129.4,125.4,0.0,338.92,265.25,73.67,704.9
2023-12-23,22,2023-12-23T21:00,mcn,McNary,109.9,105.9,0.0,339.0,264.89,74.11,598.8
2023-12-23,23,2023-12-23T22:00,mcn,McNary,92.8,88.8,0.0,339.09,264.63,74.46,504.5
2023-12-23,24,2023-12-23T23:00,mcn,McNary,91.7,87.7,0.0,339.11,264.68,74.43,498.0
2023-12-24,1,2023-12-24T00:00,mcn,McNary,91.4,87.4,0.0,339.12,264.61,74.51,496.9
2023-12-24,2,2023-12-24T01:00,mcn,McNary,89.8,85.8,0.0,339.05,264.63,74.42,487.2
2023-12-24,3,2023-12-24T02:00,mcn,McNary,90.5,86.5,0.0,339.11,264.63,74.48,491.6
2023-12-24,4,2023-12-24T03:00,mcn,McNary,90.0,86.0,0.0,339.14,264.8,74.34,487.8
2023-12-24,5,2023-12-24T04:00,mcn,McNary,99.4,95.4,0.0,339.08,265.05,74.03,538.9
2023-12-24,6,2023-12-24T05:00,mcn,McNary,118.1,114.1,0.0,339.18,265.27,73.91,643.4
2023-12-24,7,2023-12-24T06:00,mcn,McNary,133.9,129.9,0.0,339.19,265.61,73.58,729.3
2023-12-24,8,2023-12-24T07:00,mcn,McNary,133.3,129.3,0.0,339.24,265.59,73.65,726.6
2023-12-24,9,2023-12-24T08:00,mcn,McNary,133.5,129.5,0.0,339.19,265.49,73.7,728.2
2023-12-24,10,2023-12-24T09:00,mcn,McNary,134.4,130.4,0.0,339.14,265.32,73.82,734.5
2023-12-24,11,2023-12-24T10:00,mcn,McNary,134.1,130.1,0.0,339.18,265.25,73.93,733.9
2023-12-24,12,2023-12-24T11:00,mcn,McNary,120.6,116.6,0.0,339.14,265.13,74.01,658.4
2023-12-24,13,2023-12-24T12:00,mcn,McNary,118.7,114.7,0.0,339.1,265.19,73.91,646.8
2023-12-24,14,2023-12-24T13:00,mcn,McNary,119.5,115.5,0.0,339.04,265.12,73.92,651.4
2023-12-24,15,2023-12-24T14:00,mcn,McNary,120.2,116.2,0.0,339.01,265.15,73.86,654.8
2023-12-24,16,2023-12-24T15:00,mcn,McNary,127.4,123.4,0.0,338.95,265.36,73.59,692.9
2023-12-24,17,2023-12-24T16:00,mcn,McNary,144.5,140.5,0.0,338.88,265.7,73.18,784.5
2023-12-24,18,2023-12-24T17:00,mcn,McNary,146.0,142.0,0.0,338.91,265.82,73.09,791.9
2023-12-24,19,2023-12-24T18:00,mcn,McNary,145.5,141.5,0.0,338.84,265.65,73.19,790.2
2023-12-24,20,2023-12-24T19:00,mcn,McNary,146.1,142.1,0.0,338.8,265.86,72.94,790.8
2023-12-24,21,2023-12-24T20:00,mcn,McNary,146.5,142.5,0.0,338.76,265.64,73.12,795.0
2023-12-24,22,2023-12-24T21:00,mcn,McNary,125.6,121.6,0.0,338.84,264.99,73.85,685.2
2023-12-24,23,2023-12-24T22:00,mcn,McNary,97.4,93.4,0.0,338.98,264.66,74.32,529.6
2023-12-24,24,2023-12-24T23:00,mcn,McNary,90.9,86.9,0.0,339.06,264.64,74.42,493.4
2023-12-25,1,2023-12-25T00:00,mcn,McNary,94.7,90.7,0.0,339.13,264.69,74.44,515.2
2023-12-25,2,2023-12-25T01:00,mcn,McNary,94.7,90.7,0.0,339.25,264.84,74.41,514.9
2023-12-25,3,2023-12-25T02:00,mcn,McNary,95.2,91.2,0.0,339.23,264.99,74.24,516.6
2023-12-25,4,2023-12-25T03:00,mcn,McNary,104.7,100.7,0.0,339.23,265.26,73.97,568.3
2023-12-25,5,2023-12-25T04:00,mcn,McNary,123.9,119.9,0.0,339.15,265.48,73.67,674.0
2023-12-25,6,2023-12-25T05:00,mcn,McNary,143.8,139.8,0.0,339.23,265.73,73.5,784.0
2023-12-25,7,2023-12-25T06:00,mcn,McNary,144.9,140.9,0.0,339.2,265.86,73.34,788.5
2023-12-25,8,2023-12-25T07:00,mcn,McNary,143.6,139.6,0.0,339.31,265.86,73.45,782.4
2023-12-25,9,2023-12-25T08:00,mcn,McNary,142.9,138.9,0.0,339.23,265.86,73.37,777.6
2023-12-25,10,2023-12-25T09:00,mcn,McNary,145.1,141.1,0.0,339.22,265.8,73.42,790.4
2023-12-25,11,2023-12-25T10:00,mcn,McNary,143.7,139.7,0.0,339.2,265.67,73.53,783.8
2023-12-25,12,2023-12-25T11:00,mcn,McNary,144.2,140.2,0.0,339.12,265.9,73.22,783.3
2023-12-25,13,2023-12-25T12:00,mcn,McNary,144.6,140.6,0.0,339.04,265.93,73.11,784.3
2023-12-25,14,2023-12-25T13:00,mcn,McNary,145.0,141.0,0.0,338.94,265.88,73.06,786.0
2023-12-25,15,2023-12-25T14:00,mcn,McNary,145.9,141.9,0.0,338.87,265.88,72.99,790.3
2023-12-25,16,2023-12-25T15:00,mcn,McNary,146.3,142.3,0.0,338.78,265.93,72.85,791.0
2023-12-25,17,2023-12-25T16:00,mcn,McNary,145.8,141.8,0.0,338.72,265.95,72.77,787.3
2023-12-25,18,2023-12-25T17:00,mcn,McNary,144.9,140.9,0.0,338.6,265.98,72.62,780.7
2023-12-25,19,2023-12-25T18:00,mcn,McNary,146.2,142.2,0.0,338.51,266.05,72.46,786.2
2023-12-25,20,2023-12-25T19:00,mcn,McNary,143.9,139.9,0.0,338.43,265.96,72.47,773.6
2023-12-25,21,2023-12-25T20:00,mcn,McNary,144.1,140.1,0.0,338.38,265.94,72.44,774.4
2023-12-25,22,2023-12-25T21:00,mcn,McNary,142.6,138.6,0.0,338.45,265.68,72.77,769.6
2023-12-25,23,2023-12-25T22:00,mcn,McNary,118.0,114.0,0.0,338.58,265.27,73.31,637.7
2023-12-25,24,2023-12-25T23:00,mcn,McNary,97.9,93.9,0.0,338.73,264.91,73.82,528.9
2023-12-26,1,2023-12-26T00:00,mcn,McNary,83.4,79.4,0.0,338.87,264.69,74.18,449.4
2023-12-26,2,2023-12-26T01:00,mcn,McNary,82.1,78.1,0.0,338.98,264.87,74.11,441.6
2023-12-26,3,2023-12-26T02:00,mcn,McNary,82.3,78.3,0.0,339.14,264.94,74.2,443.3
2023-12-26,4,2023-12-26T03:00,mcn,McNary,83.6,79.6,0.0,339.3,265.09,74.21,450.7
2023-12-26,5,2023-12-26T04:00,mcn,McNary,108.1,104.1,0.0,339.2,265.69,73.51,583.9
2023-12-26,6,2023-12-26T05:00,mcn,McNary,136.3,132.3,0.0,339.31,266.0,73.31,740.0
2023-12-26,7,2023-12-26T06:00,mcn,McNary,147.0,143.0,0.0,339.37,266.03,73.34,800.2
2023-12-26,8,2023-12-26T07:00,mcn,McNary,144.8,140.8,0.0,339.47,265.98,73.49,789.5
2023-12-26,9,2023-12-26T08:00,mcn,McNary,144.7,140.7,0.0,339.42,266.02,73.4,788.0
2023-12-26,10,2023-12-26T09:00,mcn,McNary,145.2,141.2,0.0,339.4,265.87,73.53,792.2
2023-12-26,11,2023-12-26T10:00,mcn,McNary,143.8,139.8,0.0,339.49,265.82,73.67,785.8
2023-12-26,12,2023-12-26T11:00,mcn,McNary,127.0,123.0,0.0,339.48,265.61,73.87,693.3
2023-12-26,13,2023-12-26T12:00,mcn,McNary,127.0,123.0,0.0,339.41,265.81,73.6,690.7
2023-12-26,14,2023-12-26T13:00,mcn,McNary,127.2,123.2,0.0,339.5,265.74,73.76,693.4
2023-12-26,15,2023-12-26T14:00,mcn,McNary,128.4,124.4,0.0,339.51,265.69,73.82,700.7
2023-12-26,16,2023-12-26T15:00,mcn,McNary,128.2,124.2,0.0,339.43,265.86,73.57,697.2
2023-12-26,17,2023-12-26T16:00,mcn,McNary,143.1,139.1,0.0,339.43,266.14,73.29,777.9
2023-12-26,18,2023-12-26T17:00,mcn,McNary,142.8,138.8,0.0,339.5,266.13,73.37,777.0
2023-12-26,19,2023-12-26T18:00,mcn,McNary,142.4,138.4,0.0,339.44,266.19,73.25,773.5
2023-12-26,20,2023-12-26T19:00,mcn,McNary,143.1,139.1,0.0,339.44,266.07,73.37,778.7
2023-12-26,21,2023-12-26T20:00,mcn,McNary,144.1,140.1,0.0,339.42,266.16,73.26,783.1
2023-12-26,22,2023-12-26T21:00,mcn,McNary,144.0,140.0,0.0,339.44,266.14,73.3,783.0
2023-12-26,23,2023-12-26T22:00,mcn,McNary,142.8,138.8,0.0,339.39,266.14,73.25,775.7
2023-12-26,24,2023-12-26T23:00,mcn,McNary,118.1,114.1,0.0,339.42,265.7,73.72,641.8
2023-12-27,1,2023-12-27T00:00,mcn,McNary,98.5,94.5,0.0,339.37,265.41,73.96,533.3
2023-12-27,2,2023-12-27T01:00,mcn,McNary,96.8,92.8,0.0,339.34,265.54,73.8,522.6
2023-12-27,3,2023-12-27T02:00,mcn,McNary,97.6,93.6,0.0,339.48,265.57,73.91,527.8
2023-12-27,4,2023-12-27T03:00,mcn,McNary,98.4,94.4,0.0,339.5,265.8,73.7,530.8
2023-12-27,5,2023-12-27T04:00,mcn,McNary,106.5,102.5,0.0,339.52,266.08,73.44,574.4
2023-12-27,6,2023-12-27T05:00,mcn,McNary,121.5,117.5,0.0,339.43,266.27,73.16,655.9
2023-12-27,7,2023-12-27T06:00,mcn,McNary,146.1,142.1,0.0,339.42,266.45,72.97,791.2
2023-12-27,8,2023-12-27T07:00,mcn,McNary,146.3,142.3,0.0,339.4,266.34,73.06,793.2
2023-12-27,9,2023-12-27T08:00,mcn,McNary,146.8,142.8,0.0,339.32,266.43,72.89,794.2
2023-12-27,10,2023-12-27T09:00,mcn,McNary,146.8,142.8,0.0,339.26,266.4,72.86,793.9
2023-12-27,11,2023-12-27T10:00,mcn,McNary,133.8,129.8,0.0,339.28,266.12,73.16,724.6
2023-12-27,12,2023-12-27T11:00,mcn,McNary,112.9,108.9,0.0,339.22,265.86,73.36,609.6
2023-12-27,13,2023-12-27T12:00,mcn,McNary,112.1,108.1,0.0,339.14,265.94,73.2,603.8
2023-12-27,14,2023-12-27T13:00,mcn,McNary,112.0,108.0,0.0,339.14,265.97,73.17,603.0
2023-12-27,15,2023-12-27T14:00,mcn,McNary,112.0,108.0,0.0,339.09,266.11,72.98,601.4
2023-12-27,16,2023-12-27T15:00,mcn,McNary,127.9,123.9,0.0,339.04,266.34,72.7,687.3
2023-12-27,17,2023-12-27T16:00,mcn,McNary,129.3,125.3,0.0,339.13,266.31,72.82,696.2
2023-12-27,18,2023-12-27T17:00,mcn,McNary,128.9,124.9,0.0,339.07,266.33,72.74,693.2
2023-12-27,19,2023-12-27T18:00,mcn,McNary,128.7,124.7,0.0,339.22,266.24,72.98,694.4
2023-12-27,20,2023-12-27T19:00,mcn,McNary,124.3,120.3,0.0,339.22,266.23,72.99,670.0
2023-12-27,21,2023-12-27T20:00,mcn,McNary,123.8,119.8,0.0,339.19,266.31,72.88,666.2
2023-12-27,22,2023-12-27T21:00,mcn,McNary,123.9,119.9,0.0,339.21,266.32,72.89,666.8
2023-12-27,23,2023-12-27T22:00,mcn,McNary,123.2,119.2,0.0,339.25,266.22,73.03,664.2
2023-12-27,24,2023-12-27T23:00,mcn,McNary,122.5,118.5,0.0,339.29,266.15,73.14,661.3
2023-12-28,1,2023-12-28T00:00,mcn,McNary,99.6,95.6,0.0,339.38,265.9,73.48,536.0
2023-12-28,2,2023-12-28T01:00,mcn,McNary,97.9,93.9,0.0,339.26,265.96,73.3,525.2
2023-12-28,3,2023-12-28T02:00,mcn,McNary,98.0,94.0,0.0,339.34,266.04,73.3,525.7
2023-12-28,4,2023-12-28T03:00,mcn,McNary,98.5,94.5,0.0,339.44,266.03,73.41,529.3
2023-12-28,5,2023-12-28T04:00,mcn,McNary,98.3,94.3,0.0,339.49,266.12,73.37,527.9
2023-12-28,6,2023-12-28T05:00,mcn,McNary,98.6,94.6,0.0,339.45,266.25,73.2,528.4
2023-12-28,7,2023-12-28T06:00,mcn,McNary,117.0,113.0,0.0,339.46,266.51,72.95,629.0
2023-12-28,8,2023-12-28T07:00,mcn,McNary,134.7,130.7,0.0,339.45,266.79,72.66,724.6
2023-12-28,9,2023-12-28T08:00,mcn,McNary,136.3,132.3,0.0,339.48,266.7,72.78,734.7
2023-12-28,10,2023-12-28T09:00,mcn,McNary,136.1,132.1,0.0,339.51,266.59,72.92,735.0
2023-12-28,11,2023-12-28T10:00,mcn,McNary,118.0,114.0,0.0,339.55,266.27,73.28,637.4
2023-12-28,12,2023-12-28T11:00,mcn,McNary,116.1,112.1,0.0,339.53,266.24,73.29,626.9
2023-12-28,13,2023-12-28T12:00,mcn,McNary,107.5,103.5,0.0,339.58,266.18,73.4,579.6
2023-12-28,14,2023-12-28T13:00,mcn,McNary,106.9,102.9,0.0,339.61,266.28,73.33,575.7
2023-12-28,15,2023-12-28T14:00,mcn,McNary,107.6,103.6,0.0,339.63,266.3,73.33,579.7
2023-12-28,16,2023-12-28T15:00,mcn,McNary,126.5,122.5,0.0,339.61,266.68,72.93,681.7
2023-12-28,17,2023-12-28T16:00,mcn,McNary,140.4,136.4,0.0,339.53,266.75,72.78,757.4
2023-12-28,18,2023-12-28T17:00,mcn,McNary,140.0,136.0,0.0,339.55,266.71,72.84,755.8
2023-12-28,19,2023-12-28T18:00,mcn,McNary,140.0,136.0,0.0,339.46,266.77,72.69,754.3
2023-12-28,20,2023-12-28T19:00,mcn,McNary,141.1,137.1,0.0,339.47,266.66,72.81,761.6
2023-12-28,21,2023-12-28T20:00,mcn,McNary,140.4,136.4,0.0,339.34,266.77,72.57,755.3
2023-12-28,22,2023-12-28T21:00,mcn,McNary,140.7,136.7,0.0,339.32,266.67,72.65,757.8
2023-12-28,23,2023-12-28T22:00,mcn,McNary,136.1,132.1,0.0,339.37,266.5,72.87,734.5
2023-12-28,24,2023-12-28T23:00,mcn,McNary,107.6,103.6,0.0,339.38,266.11,73.27,579.2
2023-12-29,1,2023-12-29T00:00,mcn,McNary,106.1,102.1,0.0,339.32,266.11,73.21,570.3
2023-12-29,2,2023-12-29T01:00,mcn,McNary,105.9,101.9,0.0,339.27,266.14,73.13,568.6
2023-12-29,3,2023-12-29T02:00,mcn,McNary,106.5,102.5,0.0,339.32,266.27,73.05,571.3
2023-12-29,4,2023-12-29T03:00,mcn,McNary,106.1,102.1,0.0,339.32,266.26,73.06,569.2
2023-12-29,5,2023-12-29T04:00,mcn,McNary,106.5,102.5,0.0,339.32,266.31,73.01,571.0
2023-12-29,6,2023-12-29T05:00,mcn,McNary,120.3,116.3,0.0,339.34,266.4,72.94,647.2
2023-12-29,7,2023-12-29T06:00,mcn,McNary,138.6,134.6,0.0,339.24,266.7,72.54,745.0
2023-12-29,8,2023-12-29T07:00,mcn,McNary,139.2,135.2,0.0,339.36,266.8,72.56,748.5
2023-12-29,9,2023-12-29T08:00,mcn,McNary,140.3,136.3,0.0,339.28,266.81,72.47,753.7
2023-12-29,10,2023-12-29T09:00,mcn,McNary,140.8,136.8,0.0,339.3,266.64,72.66,758.4
2023-12-29,11,2023-12-29T10:00,mcn,McNary,130.2,126.2,0.0,339.35,266.34,73.01,703.0
2023-12-29,12,2023-12-29T11:00,mcn,McNary,129.3,125.3,0.0,339.28,266.41,72.87,696.7
2023-12-29,13,2023-12-29T12:00,mcn,McNary,130.1,126.1,0.0,339.28,266.59,72.69,699.4
2023-12-29,14,2023-12-29T13:00,mcn,McNary,130.3,126.3,0.0,339.33,266.4,72.93,702.8
2023-12-29,15,2023-12-29T14:00,mcn,McNary,130.8,126.8,0.0,339.35,266.44,72.91,705.4
2023-12-29,16,2023-12-29T15:00,mcn,McNary,141.2,137.2,0.0,339.21,266.83,72.38,757.7
2023-12-29,17,2023-12-29T16:00,mcn,McNary,141.1,137.1,0.0,339.28,266.85,72.43,757.7
2023-12-29,18,2023-12-29T17:00,mcn,McNary,140.3,136.3,0.0,339.27,266.99,72.28,751.7
2023-12-29,19,2023-12-29T18:00,mcn,McNary,140.6,136.6,0.0,339.18,266.93,72.25,753.0
2023-12-29,20,2023-12-29T19:00,mcn,McNary,137.3,133.3,0.0,339.14,266.71,72.43,736.7
2023-12-29,21,2023-12-29T20:00,mcn,McNary,135.3,131.3,0.0,339.24,266.41,72.83,729.6
2023-12-29,22,2023-12-29T21:00,mcn,McNary,99.9,95.9,0.0,339.33,265.95,73.38,536.9
2023-12-29,23,2023-12-29T22:00,mcn,McNary,96.0,92.0,0.0,339.24,266.01,73.23,514.0
2023-12-29,24,2023-12-29T23:00,mcn,McNary,96.3,92.3,0.0,339.34,265.98,73.36,516.6
2023-12-30,1,2023-12-30T00:00,mcn,McNary,96.6,92.6,0.0,339.44,265.89,73.55,519.7
2023-12-30,2,2023-12-30T01:00,mcn,McNary,96.1,92.1,0.0,339.46,265.85,73.61,517.3
2023-12-30,3,2023-12-30T02:00,mcn,McNary,97.3,93.3,0.0,339.58,265.97,73.61,524.0
2023-12-30,4,2023-12-30T03:00,mcn,McNary,130.0,126.0,0.0,339.53,266.63,72.9,700.8
2023-12-30,5,2023-12-30T04:00,mcn,McNary,131.5,127.5,0.0,339.6,266.61,72.99,710.1
2023-12-30,6,2023-12-30T05:00,mcn,McNary,132.5,128.5,0.0,339.63,266.61,73.02,715.9
2023-12-30,7,2023-12-30T06:00,mcn,McNary,132.2,128.2,0.0,339.62,266.62,73.0,714.1
2023-12-30,8,2023-12-30T07:00,mcn,McNary,131.3,127.3,0.0,339.59,266.46,73.13,710.3
2023-12-30,9,2023-12-30T08:00,mcn,McNary,132.5,128.5,0.0,339.61,266.56,73.05,716.2
2023-12-30,10,2023-12-30T09:00,mcn,McNary,131.1,127.1,0.0,339.55,266.34,73.21,710.0
2023-12-30,11,2023-12-30T10:00,mcn,McNary,131.3,127.3,0.0,339.57,266.34,73.23,711.3
2023-12-30,12,2023-12-30T11:00,mcn,McNary,112.9,108.9,0.0,339.64,266.02,73.62,611.7
2023-12-30,13,2023-12-30T12:00,mcn,McNary,93.8,89.8,0.0,339.64,265.84,73.8,505.7
2023-12-30,14,2023-12-30T13:00,mcn,McNary,92.7,88.7,0.0,339.44,265.95,73.49,497.4
2023-12-30,15,2023-12-30T14:00,mcn,McNary,94.1,90.1,0.0,339.39,266.11,73.28,503.8
2023-12-30,16,2023-12-30T15:00,mcn,McNary,112.2,108.2,0.0,339.35,266.32,73.03,602.9
2023-12-30,17,2023-12-30T16:00,mcn,McNary,130.3,126.3,0.0,339.28,266.71,72.57,699.3
2023-12-30,18,2023-12-30T17:00,mcn,McNary,131.7,127.7,0.0,339.25,266.57,72.68,708.2
2023-12-30,19,2023-12-30T18:00,mcn,McNary,131.3,127.3,0.0,339.19,266.62,72.57,704.9
2023-12-30,20,2023-12-30T19:00,mcn,McNary,131.3,127.3,0.0,339.06,266.34,72.72,706.3
2023-12-30,21,2023-12-30T20:00,mcn,McNary,113.1,109.1,0.0,339.13,266.03,73.1,608.5
2023-12-30,22,2023-12-30T21:00,mcn,McNary,110.1,106.1,0.0,339.05,266.08,72.97,590.7
2023-12-30,23,2023-12-30T22:00,mcn,McNary,88.8,84.8,0.0,339.17,265.61,73.56,476.0
2023-12-30,24,2023-12-30T23:00,mcn,McNary,86.9,82.9,0.0,339.08,265.67,73.41,464.3
2023-12-31,1,2023-12-31T00:00,mcn,McNary,87.5,83.5,0.0,339.13,265.67,73.46,468.0
2023-12-31,2,2023-12-31T01:00,mcn,McNary,87.6,83.6,0.0,339.08,265.53,73.55,469.2
2023-12-31,3,2023-12-31T02:00,mcn,McNary,86.7,82.7,0.0,338.96,265.57,73.39,463.1
2023-12-31,4,2023-12-31T03:00,mcn,McNary,87.4,83.4,0.0,338.99,265.61,73.38,466.9
2023-12-31,5,2023-12-31T04:00,mcn,McNary,88.1,84.1,0.0,338.94,265.61,73.33,470.5
2023-12-31,6,2023-12-31T05:00,mcn,McNary,106.0,102.0,0.0,338.83,266.12,72.71,565.9
2023-12-31,7,2023-12-31T06:00,mcn,McNary,121.4,117.4,0.0,338.73,266.29,72.44,648.9
2023-12-31,8,2023-12-31T07:00,mcn,McNary,125.8,121.8,0.0,338.76,266.36,72.4,672.8
2023-12-31,9,2023-12-31T08:00,mcn,McNary,125.0,121.0,0.0,338.71,266.16,72.55,669.8
2023-12-31,10,2023-12-31T09:00,mcn,McNary,109.3,105.3,0.0,338.66,265.84,72.82,585.1
2023-12-31,11,2023-12-31T10:00,mcn,McNary,89.8,85.8,0.0,338.7,265.5,73.2,479.2
2023-12-31,12,2023-12-31T11:00,mcn,McNary,89.9,85.9,0.0,338.65,265.65,73.0,478.5
2023-12-31,13,2023-12-31T12:00,mcn,McNary,89.9,85.9,0.0,338.66,265.67,72.99,478.4
2023-12-31,14,2023-12-31T13:00,mcn,McNary,90.0,86.0,0.0,338.65,265.64,73.01,479.1
2023-12-31,15,2023-12-31T14:00,mcn,McNary,89.8,85.8,0.0,338.68,265.58,73.1,478.6
2023-12-31,16,2023-12-31T15:00,mcn,McNary,90.5,86.5,0.0,338.63,265.6,73.03,482.0
2023-12-31,17,2023-12-31T16:00,mcn,McNary,108.2,104.2,0.0,338.56,265.63,72.93,579.8
2023-12-31,18,2023-12-31T17:00,mcn,McNary,108.9,104.9,0.0,338.58,265.8,72.78,582.5
2023-12-31,19,2023-12-31T18:00,mcn,McNary,110.1,106.1,0.0,338.57,265.95,72.62,587.9
2023-12-31,20,2023-12-31T19:00,mcn,McNary,107.1,103.1,0.0,338.5,265.66,72.84,573.0
2023-12-31,21,2023-12-31T20:00,mcn,McNary,108.2,104.2,0.0,338.51,265.59,72.92,579.7
2023-12-31,22,2023-12-31T21:00,mcn,McNary,79.4,75.4,0.0,338.62,264.87,73.75,424.3
2023-12-31,23,2023-12-31T22:00,mcn,McNary,77.0,73.0,0.0,338.55,265.06,73.49,409.3
2023-12-31,24,2023-12-31T23:00,mcn,McNary,78.4,74.4,0.0,338.59,265.05,73.54,417.5
