step,a_km,e,i_deg,Omega_deg,omega_deg,nu_deg,period_s,r_apogee_km,r_perigee_km
0,91571.0,0.9260573762435705,45,0,0,0,275770.7222569769,176371.0,6771.000000000002
1,91571.0,0.9260573762435705,44.86024844720497,0,0,0,275770.7222569769,176371.0,6771.000000000002
2,91571.0,0.9260573762435705,44.72049689440993,0,0,0,275770.7222569769,176371.0,6771.000000000002
3,91571.0,0.9260573762435705,44.5807453416149,0,0,0,275770.7222569769,176371.0,6771.000000000002
4,91571.0,0.9260573762435705,44.44099378881987,0,0,0,275770.7222569769,176371.0,6771.000000000002
5,91571.0,0.9260573762435705,44.301242236024834,0,0,0,275770.7222569769,176371.0,6771.000000000002
6,91571.0,0.9260573762435705,44.1614906832298,0,0,0,275770.7222569769,176371.0,6771.000000000002
7,91571.0,0.9260573762435705,44.02173913043477,0,0,0,275770.7222569769,176371.0,6771.000000000002
8,91571.0,0.9260573762435705,43.881987577639734,0,0,0,275770.7222569769,176371.0,6771.000000000002
9,91571.0,0.9260573762435705,43.7422360248447,0,0,0,275770.7222569769,176371.0,6771.000000000002
10,91571.0,0.9260573762435705,43.60248447204967,0,0,0,275770.7222569769,176371.0,6771.000000000002
11,91571.0,0.9260573762435705,43.462732919254634,0,0,0,275770.7222569769,176371.0,6771.000000000002
12,91571.0,0.9260573762435705,43.3229813664596,0,0,0,275770.7222569769,176371.0,6771.000000000002
13,91571.0,0.9260573762435705,43.18322981366457,0,0,0,275770.7222569769,176371.0,6771.000000000002
14,91571.0,0.9260573762435705,43.043478260869534,0,0,0,275770.7222569769,176371.0,6771.000000000002
15,91571.0,0.9260573762435705,42.9037267080745,0,0,0,275770.7222569769,176371.0,6771.000000000002
16,91571.0,0.9260573762435705,42.76397515527947,0,0,0,275770.7222569769,176371.0,6771.000000000002
17,91571.0,0.9260573762435705,42.624223602484435,0,0,0,275770.7222569769,176371.0,6771.000000000002
18,91571.0,0.9260573762435705,42.4844720496894,0,0,0,275770.7222569769,176371.0,6771.000000000002
19,91571.0,0.9260573762435705,42.34472049689437,0,0,0,275770.7222569769,176371.0,6771.000000000002
20,91571.0,0.9260573762435705,42.204968944099335,0,0,0,275770.7222569769,176371.0,6771.000000000002
21,91571.0,0.9260573762435705,42.0652173913043,0,0,0,275770.7222569769,176371.0,6771.000000000002
22,91571.0,0.9260573762435705,41.92546583850927,0,0,0,275770.7222569769,176371.0,6771.000000000002
23,91571.0,0.9260573762435705,41.785714285714235,0,0,0,275770.7222569769,176371.0,6771.000000000002
24,91571.0,0.9260573762435705,41.6459627329192,0,0,0,275770.7222569769,176371.0,6771.000000000002
25,91571.0,0.9260573762435705,41.50621118012417,0,0,0,275770.7222569769,176371.0,6771.000000000002
26,91571.0,0.9260573762435705,41.366459627329135,0,0,0,275770.7222569769,176371.0,6771.000000000002
27,91571.0,0.9260573762435705,41.2267080745341,0,0,0,275770.7222569769,176371.0,6771.000000000002
28,91571.0,0.9260573762435705,41.08695652173907,0,0,0,275770.7222569769,176371.0,6771.000000000002
29,91571.0,0.9260573762435705,40.947204968944035,0,0,0,275770.7222569769,176371.0,6771.000000000002
30,91571.0,0.9260573762435705,40.807453416149,0,0,0,275770.7222569769,176371.0,6771.000000000002
31,91571.0,0.9260573762435705,40.66770186335397,0,0,0,275770.7222569769,176371.0,6771.000000000002
32,91571.0,0.9260573762435705,40.527950310558936,0,0,0,275770.7222569769,176371.0,6771.000000000002
33,91571.0,0.9260573762435705,40.3881987577639,0,0,0,275770.7222569769,176371.0,6771.000000000002
34,91571.0,0.9260573762435705,40.24844720496887,0,0,0,275770.7222569769,176371.0,6771.000000000002
35,91571.0,0.9260573762435705,40.108695652173836,0,0,0,275770.7222569769,176371.0,6771.000000000002
36,91571.0,0.9260573762435705,39.9689440993788,0,0,0,275770.7222569769,176371.0,6771.000000000002
37,91571.0,0.9260573762435705,39.82919254658377,0,0,0,275770.7222569769,176371.0,6771.000000000002
38,91571.0,0.9260573762435705,39.689440993788736,0,0,0,275770.7222569769,176371.0,6771.000000000002
39,91571.0,0.9260573762435705,39.5496894409937,0,0,0,275770.7222569769,176371.0,6771.000000000002
40,91571.0,0.9260573762435705,39.40993788819867,0,0,0,275770.7222569769,176371.0,6771.000000000002
41,91571.0,0.9260573762435705,39.270186335403636,0,0,0,275770.7222569769,176371.0,6771.000000000002
42,91571.0,0.9260573762435705,39.1304347826086,0,0,0,275770.7222569769,176371.0,6771.000000000002
43,91571.0,0.9260573762435705,38.99068322981357,0,0,0,275770.7222569769,176371.0,6771.000000000002
44,91571.0,0.9260573762435705,38.85093167701854,0,0,0,275770.7222569769,176371.0,6771.000000000002
45,91571.0,0.9260573762435705,38.7111801242235,0,0,0,275770.7222569769,176371.0,6771.000000000002
46,91571.0,0.9260573762435705,38.57142857142847,0,0,0,275770.7222569769,176371.0,6771.000000000002
47,91571.0,0.9260573762435705,38.43167701863344,0,0,0,275770.7222569769,176371.0,6771.000000000002
48,91571.0,0.9260573762435705,38.2919254658384,0,0,0,275770.7222569769,176371.0,6771.000000000002
49,91571.0,0.9260573762435705,38.15217391304337,0,0,0,275770.7222569769,176371.0,6771.000000000002
50,91571.0,0.9260573762435705,38.01242236024834,0,0,0,275770.7222569769,176371.0,6771.000000000002
51,91571.0,0.9260573762435705,37.872670807453304,0,0,0,275770.7222569769,176371.0,6771.000000000002
52,91571.0,0.9260573762435705,37.73291925465827,0,0,0,275770.7222569769,176371.0,6771.000000000002
53,91571.0,0.9260573762435705,37.59316770186324,0,0,0,275770.7222569769,176371.0,6771.000000000002
54,91571.0,0.9260573762435705,37.453416149068204,0,0,0,275770.7222569769,176371.0,6771.000000000002
55,91571.0,0.9260573762435705,37.31366459627317,0,0,0,275770.7222569769,176371.0,6771.000000000002
56,91571.0,0.9260573762435705,37.17391304347814,0,0,0,275770.7222569769,176371.0,6771.000000000002
57,91571.0,0.9260573762435705,37.034161490683104,0,0,0,275770.7222569769,176371.0,6771.000000000002
58,91571.0,0.9260573762435705,36.89440993788807,0,0,0,275770.7222569769,176371.0,6771.000000000002
59,91571.0,0.9260573762435705,36.75465838509304,0,0,0,275770.7222569769,176371.0,6771.000000000002
60,91571.0,0.9260573762435705,36.614906832298004,0,0,0,275770.7222569769,176371.0,6771.000000000002
61,91571.0,0.9260573762435705,36.47515527950297,0,0,0,275770.7222569769,176371.0,6771.000000000002
62,91571.0,0.9260573762435705,36.33540372670794,0,0,0,275770.7222569769,176371.0,6771.000000000002
63,91571.0,0.9260573762435705,36.195652173912904,0,0,0,275770.7222569769,176371.0,6771.000000000002
64,91571.0,0.9260573762435705,36.05590062111787,0,0,0,275770.7222569769,176371.0,6771.000000000002
65,91571.0,0.9260573762435705,35.91614906832284,0,0,0,275770.7222569769,176371.0,6771.000000000002
66,91571.0,0.9260573762435705,35.776397515527805,0,0,0,275770.7222569769,176371.0,6771.000000000002
67,91571.0,0.9260573762435705,35.63664596273277,0,0,0,275770.7222569769,176371.0,6771.000000000002
68,91571.0,0.9260573762435705,35.49689440993774,0,0,0,275770.7222569769,176371.0,6771.000000000002
69,91571.0,0.9260573762435705,35.357142857142705,0,0,0,275770.7222569769,176371.0,6771.000000000002
70,91571.0,0.9260573762435705,35.21739130434767,0,0,0,275770.7222569769,176371.0,6771.000000000002
71,91571.0,0.9260573762435705,35.07763975155264,0,0,0,275770.7222569769,176371.0,6771.000000000002
72,91571.0,0.9260573762435705,34.937888198757605,0,0,0,275770.7222569769,176371.0,6771.000000000002
73,91571.0,0.9260573762435705,34.79813664596257,0,0,0,275770.7222569769,176371.0,6771.000000000002
74,91571.0,0.9260573762435705,34.65838509316754,0,0,0,275770.7222569769,176371.0,6771.000000000002
75,91571.0,0.9260573762435705,34.518633540372505,0,0,0,275770.7222569769,176371.0,6771.000000000002
76,91571.0,0.9260573762435705,34.37888198757747,0,0,0,275770.7222569769,176371.0,6771.000000000002
77,91571.0,0.9260573762435705,34.23913043478244,0,0,0,275770.7222569769,176371.0,6771.000000000002
78,91571.0,0.9260573762435705,34.099378881987406,0,0,0,275770.7222569769,176371.0,6771.000000000002
79,91571.0,0.9260573762435705,33.95962732919237,0,0,0,275770.7222569769,176371.0,6771.000000000002
80,91571.0,0.9260573762435705,33.81987577639734,0,0,0,275770.7222569769,176371.0,6771.000000000002
81,91571.0,0.9260573762435705,33.680124223602306,0,0,0,275770.7222569769,176371.0,6771.000000000002
82,91571.0,0.9260573762435705,33.54037267080727,0,0,0,275770.7222569769,176371.0,6771.000000000002
83,91571.0,0.9260573762435705,33.40062111801224,0,0,0,275770.7222569769,176371.0,6771.000000000002
84,91571.0,0.9260573762435705,33.260869565217206,0,0,0,275770.7222569769,176371.0,6771.000000000002
85,91571.0,0.9260573762435705,33.12111801242217,0,0,0,275770.7222569769,176371.0,6771.000000000002
86,91571.0,0.9260573762435705,32.98136645962714,0,0,0,275770.7222569769,176371.0,6771.000000000002
87,91571.0,0.9260573762435705,32.841614906832106,0,0,0,275770.7222569769,176371.0,6771.000000000002
88,91571.0,0.9260573762435705,32.70186335403707,0,0,0,275770.7222569769,176371.0,6771.000000000002
89,91571.0,0.9260573762435705,32.56211180124204,0,0,0,275770.7222569769,176371.0,6771.000000000002
90,91571.0,0.9260573762435705,32.422360248447006,0,0,0,275770.7222569769,176371.0,6771.000000000002
91,91571.0,0.9260573762435705,32.28260869565197,0,0,0,275770.7222569769,176371.0,6771.000000000002
92,91571.0,0.9260573762435705,32.14285714285694,0,0,0,275770.7222569769,176371.0,6771.000000000002
93,91571.0,0.9260573762435705,32.00310559006191,0,0,0,275770.7222569769,176371.0,6771.000000000002
94,91571.0,0.9260573762435705,31.863354037266877,0,0,0,275770.7222569769,176371.0,6771.000000000002
95,91571.0,0.9260573762435705,31.723602484471847,0,0,0,275770.7222569769,176371.0,6771.000000000002
96,91571.0,0.9260573762435705,31.583850931676817,0,0,0,275770.7222569769,176371.0,6771.000000000002
97,91571.0,0.9260573762435705,31.444099378881788,0,0,0,275770.7222569769,176371.0,6771.000000000002
98,91571.0,0.9260573762435705,31.304347826086758,0,0,0,275770.7222569769,176371.0,6771.000000000002
99,91571.0,0.9260573762435705,31.16459627329173,0,0,0,275770.7222569769,176371.0,6771.000000000002
100,91571.0,0.9260573762435705,31.0248447204967,0,0,0,275770.7222569769,176371.0,6771.000000000002
101,91571.0,0.9260573762435705,30.88509316770167,0,0,0,275770.7222569769,176371.0,6771.000000000002
102,91571.0,0.9260573762435705,30.74534161490664,0,0,0,275770.7222569769,176371.0,6771.000000000002
103,91571.0,0.9260573762435705,30.60559006211161,0,0,0,275770.7222569769,176371.0,6771.000000000002
104,91571.0,0.9260573762435705,30.46583850931658,0,0,0,275770.7222569769,176371.0,6771.000000000002
105,91571.0,0.9260573762435705,30.32608695652155,0,0,0,275770.7222569769,176371.0,6771.000000000002
106,91571.0,0.9260573762435705,30.18633540372652,0,0,0,275770.7222569769,176371.0,6771.000000000002
107,91571.0,0.9260573762435705,30.04658385093149,0,0,0,275770.7222569769,176371.0,6771.000000000002
108,91571.0,0.9260573762435705,29.90683229813646,0,0,0,275770.7222569769,176371.0,6771.000000000002
109,91571.0,0.9260573762435705,29.76708074534143,0,0,0,275770.7222569769,176371.0,6771.000000000002
110,91571.0,0.9260573762435705,29.6273291925464,0,0,0,275770.7222569769,176371.0,6771.000000000002
111,91571.0,0.9260573762435705,29.487577639751372,0,0,0,275770.7222569769,176371.0,6771.000000000002
112,91571.0,0.9260573762435705,29.347826086956342,0,0,0,275770.7222569769,176371.0,6771.000000000002
113,91571.0,0.9260573762435705,29.208074534161312,0,0,0,275770.7222569769,176371.0,6771.000000000002
114,91571.0,0.9260573762435705,29.068322981366283,0,0,0,275770.7222569769,176371.0,6771.000000000002
115,91571.0,0.9260573762435705,28.928571428571253,0,0,0,275770.7222569769,176371.0,6771.000000000002
116,91571.0,0.9260573762435705,28.788819875776223,0,0,0,275770.7222569769,176371.0,6771.000000000002
117,91571.0,0.9260573762435705,28.649068322981194,0,0,0,275770.7222569769,176371.0,6771.000000000002
118,91571.0,0.9260573762435705,28.509316770186164,0,0,0,275770.7222569769,176371.0,6771.000000000002
119,91571.0,0.9260573762435705,28.369565217391134,0,0,0,275770.7222569769,176371.0,6771.000000000002
120,91571.0,0.9260573762435705,28.229813664596104,0,0,0,275770.7222569769,176371.0,6771.000000000002
121,91571.0,0.9260573762435705,28.090062111801075,0,0,0,275770.7222569769,176371.0,6771.000000000002
122,91571.0,0.9260573762435705,27.950310559006045,0,0,0,275770.7222569769,176371.0,6771.000000000002
123,91571.0,0.9260573762435705,27.810559006211015,0,0,0,275770.7222569769,176371.0,6771.000000000002
124,91571.0,0.9260573762435705,27.670807453415986,0,0,0,275770.7222569769,176371.0,6771.000000000002
125,91571.0,0.9260573762435705,27.531055900620956,0,0,0,275770.7222569769,176371.0,6771.000000000002
126,91571.0,0.9260573762435705,27.391304347825926,0,0,0,275770.7222569769,176371.0,6771.000000000002
127,91571.0,0.9260573762435705,27.251552795030896,0,0,0,275770.7222569769,176371.0,6771.000000000002
128,91571.0,0.9260573762435705,27.111801242235867,0,0,0,275770.7222569769,176371.0,6771.000000000002
129,91571.0,0.9260573762435705,26.972049689440837,0,0,0,275770.7222569769,176371.0,6771.000000000002
130,91571.0,0.9260573762435705,26.832298136645807,0,0,0,275770.7222569769,176371.0,6771.000000000002
131,91571.0,0.9260573762435705,26.692546583850778,0,0,0,275770.7222569769,176371.0,6771.000000000002
132,91571.0,0.9260573762435705,26.552795031055748,0,0,0,275770.7222569769,176371.0,6771.000000000002
133,91571.0,0.9260573762435705,26.413043478260718,0,0,0,275770.7222569769,176371.0,6771.000000000002
134,91571.0,0.9260573762435705,26.27329192546569,0,0,0,275770.7222569769,176371.0,6771.000000000002
135,91571.0,0.9260573762435705,26.13354037267066,0,0,0,275770.7222569769,176371.0,6771.000000000002
136,91571.0,0.9260573762435705,25.99378881987563,0,0,0,275770.7222569769,176371.0,6771.000000000002
137,91571.0,0.9260573762435705,25.8540372670806,0,0,0,275770.7222569769,176371.0,6771.000000000002
138,91571.0,0.9260573762435705,25.71428571428557,0,0,0,275770.7222569769,176371.0,6771.000000000002
139,91571.0,0.9260573762435705,25.57453416149054,0,0,0,275770.7222569769,176371.0,6771.000000000002
140,91571.0,0.9260573762435705,25.43478260869551,0,0,0,275770.7222569769,176371.0,6771.000000000002
141,91571.0,0.9260573762435705,25.29503105590048,0,0,0,275770.7222569769,176371.0,6771.000000000002
142,91571.0,0.9260573762435705,25.15527950310545,0,0,0,275770.7222569769,176371.0,6771.000000000002
143,91571.0,0.9260573762435705,25.01552795031042,0,0,0,275770.7222569769,176371.0,6771.000000000002
144,91571.0,0.9260573762435705,24.87577639751539,0,0,0,275770.7222569769,176371.0,6771.000000000002
145,91571.0,0.9260573762435705,24.73602484472036,0,0,0,275770.7222569769,176371.0,6771.000000000002
146,91571.0,0.9260573762435705,24.596273291925332,0,0,0,275770.7222569769,176371.0,6771.000000000002
147,91571.0,0.9260573762435705,24.456521739130302,0,0,0,275770.7222569769,176371.0,6771.000000000002
148,91571.0,0.9260573762435705,24.316770186335273,0,0,0,275770.7222569769,176371.0,6771.000000000002
149,91571.0,0.9260573762435705,24.177018633540243,0,0,0,275770.7222569769,176371.0,6771.000000000002
150,91571.0,0.9260573762435705,24.037267080745213,0,0,0,275770.7222569769,176371.0,6771.000000000002
151,91571.0,0.9260573762435705,23.897515527950183,0,0,0,275770.7222569769,176371.0,6771.000000000002
152,91571.0,0.9260573762435705,23.757763975155154,0,0,0,275770.7222569769,176371.0,6771.000000000002
153,91571.0,0.9260573762435705,23.618012422360124,0,0,0,275770.7222569769,176371.0,6771.000000000002
154,91571.0,0.9260573762435705,23.478260869565094,0,0,0,275770.7222569769,176371.0,6771.000000000002
155,91571.0,0.9260573762435705,23.338509316770065,0,0,0,275770.7222569769,176371.0,6771.000000000002
156,91571.0,0.9260573762435705,23.198757763975035,0,0,0,275770.7222569769,176371.0,6771.000000000002
157,91571.0,0.9260573762435705,23.059006211180005,0,0,0,275770.7222569769,176371.0,6771.000000000002
158,91571.0,0.9260573762435705,22.919254658384975,0,0,0,275770.7222569769,176371.0,6771.000000000002
159,91571.0,0.9260573762435705,22.779503105589946,0,0,0,275770.7222569769,176371.0,6771.000000000002
160,91571.0,0.9260573762435705,22.639751552794916,0,0,0,275770.7222569769,176371.0,6771.000000000002
161,91571.0,0.9260573762435705,22.499999999999886,0,0,0,275770.7222569769,176371.0,6771.000000000002
162,91571.0,0.9260573762435705,22.360248447204857,0,0,0,275770.7222569769,176371.0,6771.000000000002
163,91571.0,0.9260573762435705,22.220496894409827,0,0,0,275770.7222569769,176371.0,6771.000000000002
164,91571.0,0.9260573762435705,22.080745341614797,0,0,0,275770.7222569769,176371.0,6771.000000000002
165,91571.0,0.9260573762435705,21.940993788819767,0,0,0,275770.7222569769,176371.0,6771.000000000002
166,91571.0,0.9260573762435705,21.801242236024738,0,0,0,275770.7222569769,176371.0,6771.000000000002
167,91571.0,0.9260573762435705,21.661490683229708,0,0,0,275770.7222569769,176371.0,6771.000000000002
168,91571.0,0.9260573762435705,21.52173913043468,0,0,0,275770.7222569769,176371.0,6771.000000000002
169,91571.0,0.9260573762435705,21.38198757763965,0,0,0,275770.7222569769,176371.0,6771.000000000002
170,91571.0,0.9260573762435705,21.24223602484462,0,0,0,275770.7222569769,176371.0,6771.000000000002
171,91571.0,0.9260573762435705,21.10248447204959,0,0,0,275770.7222569769,176371.0,6771.000000000002
172,91571.0,0.9260573762435705,20.96273291925456,0,0,0,275770.7222569769,176371.0,6771.000000000002
173,91571.0,0.9260573762435705,20.82298136645953,0,0,0,275770.7222569769,176371.0,6771.000000000002
174,91571.0,0.9260573762435705,20.6832298136645,0,0,0,275770.7222569769,176371.0,6771.000000000002
175,91571.0,0.9260573762435705,20.54347826086947,0,0,0,275770.7222569769,176371.0,6771.000000000002
176,91571.0,0.9260573762435705,20.40372670807444,0,0,0,275770.7222569769,176371.0,6771.000000000002
177,91571.0,0.9260573762435705,20.26397515527941,0,0,0,275770.7222569769,176371.0,6771.000000000002
178,91571.0,0.9260573762435705,20.12422360248438,0,0,0,275770.7222569769,176371.0,6771.000000000002
179,91571.0,0.9260573762435705,19.98447204968935,0,0,0,275770.7222569769,176371.0,6771.000000000002
180,91571.0,0.9260573762435705,19.844720496894322,0,0,0,275770.7222569769,176371.0,6771.000000000002
181,91571.0,0.9260573762435705,19.704968944099292,0,0,0,275770.7222569769,176371.0,6771.000000000002
182,91571.0,0.9260573762435705,19.565217391304262,0,0,0,275770.7222569769,176371.0,6771.000000000002
183,91571.0,0.9260573762435705,19.425465838509233,0,0,0,275770.7222569769,176371.0,6771.000000000002
184,91571.0,0.9260573762435705,19.285714285714203,0,0,0,275770.7222569769,176371.0,6771.000000000002
185,91571.0,0.9260573762435705,19.145962732919173,0,0,0,275770.7222569769,176371.0,6771.000000000002
186,91571.0,0.9260573762435705,19.006211180124144,0,0,0,275770.7222569769,176371.0,6771.000000000002
187,91571.0,0.9260573762435705,18.866459627329114,0,0,0,275770.7222569769,176371.0,6771.000000000002
188,91571.0,0.9260573762435705,18.726708074534084,0,0,0,275770.7222569769,176371.0,6771.000000000002
189,91571.0,0.9260573762435705,18.586956521739054,0,0,0,275770.7222569769,176371.0,6771.000000000002
190,91571.0,0.9260573762435705,18.447204968944025,0,0,0,275770.7222569769,176371.0,6771.000000000002
191,91571.0,0.9260573762435705,18.307453416148995,0,0,0,275770.7222569769,176371.0,6771.000000000002
192,91571.0,0.9260573762435705,18.167701863353965,0,0,0,275770.7222569769,176371.0,6771.000000000002
193,91571.0,0.9260573762435705,18.027950310558936,0,0,0,275770.7222569769,176371.0,6771.000000000002
194,91571.0,0.9260573762435705,17.888198757763906,0,0,0,275770.7222569769,176371.0,6771.000000000002
195,91571.0,0.9260573762435705,17.748447204968876,0,0,0,275770.7222569769,176371.0,6771.000000000002
196,91571.0,0.9260573762435705,17.608695652173846,0,0,0,275770.7222569769,176371.0,6771.000000000002
197,91571.0,0.9260573762435705,17.468944099378817,0,0,0,275770.7222569769,176371.0,6771.000000000002
198,91571.0,0.9260573762435705,17.329192546583787,0,0,0,275770.7222569769,176371.0,6771.000000000002
199,91571.0,0.9260573762435705,17.189440993788757,0,0,0,275770.7222569769,176371.0,6771.000000000002
200,91571.0,0.9260573762435705,17.049689440993728,0,0,0,275770.7222569769,176371.0,6771.000000000002
201,91571.0,0.9260573762435705,16.909937888198698,0,0,0,275770.7222569769,176371.0,6771.000000000002
202,91571.0,0.9260573762435705,16.770186335403668,0,0,0,275770.7222569769,176371.0,6771.000000000002
203,91571.0,0.9260573762435705,16.63043478260864,0,0,0,275770.7222569769,176371.0,6771.000000000002
204,91571.0,0.9260573762435705,16.49068322981361,0,0,0,275770.7222569769,176371.0,6771.000000000002
205,91571.0,0.9260573762435705,16.35093167701858,0,0,0,275770.7222569769,176371.0,6771.000000000002
206,91571.0,0.9260573762435705,16.21118012422355,0,0,0,275770.7222569769,176371.0,6771.000000000002
207,91571.0,0.9260573762435705,16.07142857142852,0,0,0,275770.7222569769,176371.0,6771.000000000002
208,91571.0,0.9260573762435705,15.931677018633488,0,0,0,275770.7222569769,176371.0,6771.000000000002
209,91571.0,0.9260573762435705,15.791925465838457,0,0,0,275770.7222569769,176371.0,6771.000000000002
210,91571.0,0.9260573762435705,15.652173913043425,0,0,0,275770.7222569769,176371.0,6771.000000000002
211,91571.0,0.9260573762435705,15.512422360248394,0,0,0,275770.7222569769,176371.0,6771.000000000002
212,91571.0,0.9260573762435705,15.372670807453362,0,0,0,275770.7222569769,176371.0,6771.000000000002
213,91571.0,0.9260573762435705,15.23291925465833,0,0,0,275770.7222569769,176371.0,6771.000000000002
214,91571.0,0.9260573762435705,15.0931677018633,0,0,0,275770.7222569769,176371.0,6771.000000000002
215,91571.0,0.9260573762435705,14.953416149068268,0,0,0,275770.7222569769,176371.0,6771.000000000002
216,91571.0,0.9260573762435705,14.813664596273236,0,0,0,275770.7222569769,176371.0,6771.000000000002
217,91571.0,0.9260573762435705,14.673913043478205,0,0,0,275770.7222569769,176371.0,6771.000000000002
218,91571.0,0.9260573762435705,14.534161490683173,0,0,0,275770.7222569769,176371.0,6771.000000000002
219,91571.0,0.9260573762435705,14.394409937888142,0,0,0,275770.7222569769,176371.0,6771.000000000002
220,91571.0,0.9260573762435705,14.25465838509311,0,0,0,275770.7222569769,176371.0,6771.000000000002
221,91571.0,0.9260573762435705,14.114906832298079,0,0,0,275770.7222569769,176371.0,6771.000000000002
222,91571.0,0.9260573762435705,13.975155279503047,0,0,0,275770.7222569769,176371.0,6771.000000000002
223,91571.0,0.9260573762435705,13.835403726708016,0,0,0,275770.7222569769,176371.0,6771.000000000002
224,91571.0,0.9260573762435705,13.695652173912984,0,0,0,275770.7222569769,176371.0,6771.000000000002
225,91571.0,0.9260573762435705,13.555900621117953,0,0,0,275770.7222569769,176371.0,6771.000000000002
226,91571.0,0.9260573762435705,13.416149068322921,0,0,0,275770.7222569769,176371.0,6771.000000000002
227,91571.0,0.9260573762435705,13.27639751552789,0,0,0,275770.7222569769,176371.0,6771.000000000002
228,91571.0,0.9260573762435705,13.136645962732858,0,0,0,275770.7222569769,176371.0,6771.000000000002
229,91571.0,0.9260573762435705,12.996894409937827,0,0,0,275770.7222569769,176371.0,6771.000000000002
230,91571.0,0.9260573762435705,12.857142857142795,0,0,0,275770.7222569769,176371.0,6771.000000000002
231,91571.0,0.9260573762435705,12.717391304347764,0,0,0,275770.7222569769,176371.0,6771.000000000002
232,91571.0,0.9260573762435705,12.577639751552733,0,0,0,275770.7222569769,176371.0,6771.000000000002
233,91571.0,0.9260573762435705,12.437888198757701,0,0,0,275770.7222569769,176371.0,6771.000000000002
234,91571.0,0.9260573762435705,12.29813664596267,0,0,0,275770.7222569769,176371.0,6771.000000000002
235,91571.0,0.9260573762435705,12.158385093167638,0,0,0,275770.7222569769,176371.0,6771.000000000002
236,91571.0,0.9260573762435705,12.018633540372607,0,0,0,275770.7222569769,176371.0,6771.000000000002
237,91571.0,0.9260573762435705,11.878881987577575,0,0,0,275770.7222569769,176371.0,6771.000000000002
238,91571.0,0.9260573762435705,11.739130434782544,0,0,0,275770.7222569769,176371.0,6771.000000000002
239,91571.0,0.9260573762435705,11.599378881987512,0,0,0,275770.7222569769,176371.0,6771.000000000002
240,91571.0,0.9260573762435705,11.45962732919248,0,0,0,275770.7222569769,176371.0,6771.000000000002
241,91571.0,0.9260573762435705,11.31987577639745,0,0,0,275770.7222569769,176371.0,6771.000000000002
242,91571.0,0.9260573762435705,11.180124223602418,0,0,0,275770.7222569769,176371.0,6771.000000000002
243,91571.0,0.9260573762435705,11.040372670807386,0,0,0,275770.7222569769,176371.0,6771.000000000002
244,91571.0,0.9260573762435705,10.900621118012355,0,0,0,275770.7222569769,176371.0,6771.000000000002
245,91571.0,0.9260573762435705,10.760869565217323,0,0,0,275770.7222569769,176371.0,6771.000000000002
246,91571.0,0.9260573762435705,10.621118012422292,0,0,0,275770.7222569769,176371.0,6771.000000000002
247,91571.0,0.9260573762435705,10.48136645962726,0,0,0,275770.7222569769,176371.0,6771.000000000002
248,91571.0,0.9260573762435705,10.341614906832229,0,0,0,275770.7222569769,176371.0,6771.000000000002
249,91571.0,0.9260573762435705,10.201863354037197,0,0,0,275770.7222569769,176371.0,6771.000000000002
250,91571.0,0.9260573762435705,10.062111801242166,0,0,0,275770.7222569769,176371.0,6771.000000000002
251,91571.0,0.9260573762435705,9.922360248447134,0,0,0,275770.7222569769,176371.0,6771.000000000002
252,91571.0,0.9260573762435705,9.782608695652103,0,0,0,275770.7222569769,176371.0,6771.000000000002
253,91571.0,0.9260573762435705,9.642857142857071,0,0,0,275770.7222569769,176371.0,6771.000000000002
254,91571.0,0.9260573762435705,9.50310559006204,0,0,0,275770.7222569769,176371.0,6771.000000000002
255,91571.0,0.9260573762435705,9.363354037267008,0,0,0,275770.7222569769,176371.0,6771.000000000002
256,91571.0,0.9260573762435705,9.223602484471977,0,0,0,275770.7222569769,176371.0,6771.000000000002
257,91571.0,0.9260573762435705,9.083850931676945,0,0,0,275770.7222569769,176371.0,6771.000000000002
258,91571.0,0.9260573762435705,8.944099378881914,0,0,0,275770.7222569769,176371.0,6771.000000000002
259,91571.0,0.9260573762435705,8.804347826086882,0,0,0,275770.7222569769,176371.0,6771.000000000002
260,91571.0,0.9260573762435705,8.664596273291851,0,0,0,275770.7222569769,176371.0,6771.000000000002
261,91571.0,0.9260573762435705,8.52484472049682,0,0,0,275770.7222569769,176371.0,6771.000000000002
262,91571.0,0.9260573762435705,8.385093167701788,0,0,0,275770.7222569769,176371.0,6771.000000000002
263,91571.0,0.9260573762435705,8.245341614906756,0,0,0,275770.7222569769,176371.0,6771.000000000002
264,91571.0,0.9260573762435705,8.105590062111725,0,0,0,275770.7222569769,176371.0,6771.000000000002
265,91571.0,0.9260573762435705,7.9658385093166935,0,0,0,275770.7222569769,176371.0,6771.000000000002
266,91571.0,0.9260573762435705,7.826086956521662,0,0,0,275770.7222569769,176371.0,6771.000000000002
267,91571.0,0.9260573762435705,7.6863354037266305,0,0,0,275770.7222569769,176371.0,6771.000000000002
268,91571.0,0.9260573762435705,7.546583850931599,0,0,0,275770.7222569769,176371.0,6771.000000000002
269,91571.0,0.9260573762435705,7.4068322981365675,0,0,0,275770.7222569769,176371.0,6771.000000000002
270,91571.0,0.9260573762435705,7.267080745341536,0,0,0,275770.7222569769,176371.0,6771.000000000002
271,91571.0,0.9260573762435705,7.1273291925465045,0,0,0,275770.7222569769,176371.0,6771.000000000002
272,91571.0,0.9260573762435705,6.987577639751473,0,0,0,275770.7222569769,176371.0,6771.000000000002
273,91571.0,0.9260573762435705,6.847826086956442,0,0,0,275770.7222569769,176371.0,6771.000000000002
274,91571.0,0.9260573762435705,6.70807453416141,0,0,0,275770.7222569769,176371.0,6771.000000000002
275,91571.0,0.9260573762435705,6.568322981366379,0,0,0,275770.7222569769,176371.0,6771.000000000002
276,91571.0,0.9260573762435705,6.428571428571347,0,0,0,275770.7222569769,176371.0,6771.000000000002
277,91571.0,0.9260573762435705,6.288819875776316,0,0,0,275770.7222569769,176371.0,6771.000000000002
278,91571.0,0.9260573762435705,6.149068322981284,0,0,0,275770.7222569769,176371.0,6771.000000000002
279,91571.0,0.9260573762435705,6.009316770186253,0,0,0,275770.7222569769,176371.0,6771.000000000002
280,91571.0,0.9260573762435705,5.869565217391221,0,0,0,275770.7222569769,176371.0,6771.000000000002
281,91571.0,0.9260573762435705,5.72981366459619,0,0,0,275770.7222569769,176371.0,6771.000000000002
282,91571.0,0.9260573762435705,5.590062111801158,0,0,0,275770.7222569769,176371.0,6771.000000000002
283,91571.0,0.9260573762435705,5.450310559006127,0,0,0,275770.7222569769,176371.0,6771.000000000002
284,91571.0,0.9260573762435705,5.310559006211095,0,0,0,275770.7222569769,176371.0,6771.000000000002
285,91571.0,0.9260573762435705,5.170807453416064,0,0,0,275770.7222569769,176371.0,6771.000000000002
286,91571.0,0.9260573762435705,5.031055900621032,0,0,0,275770.7222569769,176371.0,6771.000000000002
287,91571.0,0.9260573762435705,4.891304347826001,0,0,0,275770.7222569769,176371.0,6771.000000000002
288,91571.0,0.9260573762435705,4.751552795030969,0,0,0,275770.7222569769,176371.0,6771.000000000002
289,91571.0,0.9260573762435705,4.611801242235938,0,0,0,275770.7222569769,176371.0,6771.000000000002
290,91571.0,0.9260573762435705,4.472049689440906,0,0,0,275770.7222569769,176371.0,6771.000000000002
291,91571.0,0.9260573762435705,4.332298136645875,0,0,0,275770.7222569769,176371.0,6771.000000000002
292,91571.0,0.9260573762435705,4.192546583850843,0,0,0,275770.7222569769,176371.0,6771.000000000002
293,91571.0,0.9260573762435705,4.052795031055812,0,0,0,275770.7222569769,176371.0,6771.000000000002
294,91571.0,0.9260573762435705,3.913043478260781,0,0,0,275770.7222569769,176371.0,6771.000000000002
295,91571.0,0.9260573762435705,3.7732919254657498,0,0,0,275770.7222569769,176371.0,6771.000000000002
296,91571.0,0.9260573762435705,3.6335403726707187,0,0,0,275770.7222569769,176371.0,6771.000000000002
297,91571.0,0.9260573762435705,3.4937888198756877,0,0,0,275770.7222569769,176371.0,6771.000000000002
298,91571.0,0.9260573762435705,3.3540372670806566,0,0,0,275770.7222569769,176371.0,6771.000000000002
299,91571.0,0.9260573762435705,3.2142857142856256,0,0,0,275770.7222569769,176371.0,6771.000000000002
300,91571.0,0.9260573762435705,3.0745341614905946,0,0,0,275770.7222569769,176371.0,6771.000000000002
301,91571.0,0.9260573762435705,2.9347826086955635,0,0,0,275770.7222569769,176371.0,6771.000000000002
302,91571.0,0.9260573762435705,2.7950310559005325,0,0,0,275770.7222569769,176371.0,6771.000000000002
303,91571.0,0.9260573762435705,2.6552795031055014,0,0,0,275770.7222569769,176371.0,6771.000000000002
304,91571.0,0.9260573762435705,2.5155279503104704,0,0,0,275770.7222569769,176371.0,6771.000000000002
305,91571.0,0.9260573762435705,2.3757763975154393,0,0,0,275770.7222569769,176371.0,6771.000000000002
306,91571.0,0.9260573762435705,2.2360248447204083,0,0,0,275770.7222569769,176371.0,6771.000000000002
307,91571.0,0.9260573762435705,2.0962732919253773,0,0,0,275770.7222569769,176371.0,6771.000000000002
308,91571.0,0.9260573762435705,1.9565217391303462,0,0,0,275770.7222569769,176371.0,6771.000000000002
309,91571.0,0.9260573762435705,1.8167701863353152,0,0,0,275770.7222569769,176371.0,6771.000000000002
310,91571.0,0.9260573762435705,1.6770186335402841,0,0,0,275770.7222569769,176371.0,6771.000000000002
311,91571.0,0.9260573762435705,1.537267080745253,0,0,0,275770.7222569769,176371.0,6771.000000000002
312,91571.0,0.9260573762435705,1.397515527950222,0,0,0,275770.7222569769,176371.0,6771.000000000002
313,91571.0,0.9260573762435705,1.257763975155191,0,0,0,275770.7222569769,176371.0,6771.000000000002
314,91571.0,0.9260573762435705,1.11801242236016,0,0,0,275770.7222569769,176371.0,6771.000000000002
315,91571.0,0.9260573762435705,0.9782608695651289,0,0,0,275770.7222569769,176371.0,6771.000000000002
316,91571.0,0.9260573762435705,0.8385093167700979,0,0,0,275770.7222569769,176371.0,6771.000000000002
317,91571.0,0.9260573762435705,0.6987577639750668,0,0,0,275770.7222569769,176371.0,6771.000000000002
318,91571.0,0.9260573762435705,0.5590062111800358,0,0,0,275770.7222569769,176371.0,6771.000000000002
319,91571.0,0.9260573762435705,0.41925465838500475,0,0,0,275770.7222569769,176371.0,6771.000000000002
320,91571.0,0.9260573762435705,0.2795031055899737,0,0,0,275770.7222569769,176371.0,6771.000000000002
321,91571.0,0.9260573762435705,0.13975155279494267,0,0,0,275770.7222569769,176371.0,6771.000000000002
322,91571.0,0.9260573762435705,-8.837375276016246e-14,0,0,0,275770.7222569769,176371.0,6771.000000000002
323,91588.22358880642,0.9256951722508944,-8.837375276016246e-14,0,0,0,275848.5304855152,176371.0,6805.447177612834
324,91605.49576318427,0.9253320833058851,-8.837375276016246e-14,0,0,0,275926.56554868066,176371.0,6839.991526368536
325,91622.81657444756,0.9249681094085427,-8.837375276016246e-14,0,0,0,276004.8277397351,176371.0,6874.633148895111
326,91640.18607408325,0.9246032505588666,-8.837375276016246e-14,0,0,0,276083.3173529733,176371.0,6909.372148166496
327,91657.6043137516,0.924237506756858,-8.837375276016246e-14,0,0,0,276162.0346837247,176371.0,6944.208627503188
328,91675.0713452867,0.9238708780025158,-8.837375276016246e-14,0,0,0,276240.98002835753,176371.0,6979.142690573402
329,91692.58722069675,0.9235033642958406,-8.837375276016246e-14,0,0,0,276320.15368428,176371.0,7014.174441393504
330,91710.15199216454,0.9231349656368322,-8.837375276016246e-14,0,0,0,276399.55594994436,176371.0,7049.303984329072
331,91727.7657120478,0.9227656820254906,-8.837375276016246e-14,0,0,0,276479.18712484866,176371.0,7084.531424095601
332,91745.42843287966,0.922395513461816,-8.837375276016246e-14,0,0,0,276559.04750953993,176371.0,7119.8568657593305
333,91763.14020736907,0.9220244599458081,-8.837375276016246e-14,0,0,0,276639.1374056173,176371.0,7155.280414738138
334,91780.90108840111,0.9216525214774671,-8.837375276016246e-14,0,0,0,276719.45711573394,176371.0,7190.80217680222
335,91798.71112903755,0.9212796980567928,-8.837375276016246e-14,0,0,0,276800.0069436006,176371.0,7226.422258075093
336,91816.57038251712,0.9209059896837855,-8.837375276016246e-14,0,0,0,276880.7871939879,176371.0,7262.140765034248
337,91834.47890225606,0.9205313963584452,-8.837375276016246e-14,0,0,0,276961.79817272973,176371.0,7297.957804512116
338,91852.43674184846,0.9201559180807712,-8.837375276016246e-14,0,0,0,277043.04018672544,176371.0,7333.873483696926
339,91870.44395506667,0.9197795548507643,-8.837375276016246e-14,0,0,0,277124.5135439429,176371.0,7369.887910133354
340,91888.5005958618,0.919402306668424,-8.837375276016246e-14,0,0,0,277206.2185534218,176371.0,7406.001191723604
341,91906.60671836401,0.9190241735337512,-8.837375276016246e-14,0,0,0,277288.1555252757,176371.0,7442.21343672802
342,91924.76237688313,0.9186451554467447,-8.837375276016246e-14,0,0,0,277370.3247706957,176371.0,7478.5247537662535
343,91942.96762590889,0.9182652524074053,-8.837375276016246e-14,0,0,0,277452.7266019528,176371.0,7514.935251817768
344,91961.22252011148,0.9178844644157325,-8.837375276016246e-14,0,0,0,277535.3613324011,176371.0,7551.4450402229595
345,91979.52711434192,0.9175027914717266,-8.837375276016246e-14,0,0,0,277618.2292764804,176371.0,7588.054228683839
346,91997.88146363253,0.9171202335753874,-8.837375276016246e-14,0,0,0,277701.33074971946,176371.0,7624.76292726506
347,92016.2856231973,0.9167367907267154,-8.837375276016246e-14,0,0,0,277784.66606873873,176371.0,7661.571246394603
348,92034.73964843244,0.91635246292571,-8.837375276016246e-14,0,0,0,277868.2355512536,176371.0,7698.479296864876
349,92053.24359491668,0.9159672501723717,-8.837375276016246e-14,0,0,0,277952.03951607685,176371.0,7735.487189833362
350,92071.79751841185,0.9155811524666997,-8.837375276016246e-14,0,0,0,278036.0782831222,176371.0,7772.595036823708
351,92090.40147486317,0.915194169808695,-8.837375276016246e-14,0,0,0,278120.3521734067,176371.0,7809.802949726355
352,92109.05552039985,0.914806302198357,-8.837375276016246e-14,0,0,0,278204.8615090544,176371.0,7847.1110407997
353,92127.75971133541,0.9144175496356859,-8.837375276016246e-14,0,0,0,278289.60661329876,176371.0,7884.51942267082
354,92146.51410416822,0.9140279121206811,-8.837375276016246e-14,0,0,0,278374.5878104862,176371.0,7922.028208336446
355,92165.31875558183,0.9136373896533441,-8.837375276016246e-14,0,0,0,278459.8054260785,176371.0,7959.6375111636535
356,92184.1737224456,0.9132459822336731,-8.837375276016246e-14,0,0,0,278545.25978665677,176371.0,7997.347444891207
357,92203.07906181498,0.9128536898616693,-8.837375276016246e-14,0,0,0,278630.9512199237,176371.0,8035.158123629957
358,92222.03483093204,0.9124605125373324,-8.837375276016246e-14,0,0,0,278716.88005470677,176371.0,8073.0696618640695
359,92241.04108722595,0.9120664502606619,-8.837375276016246e-14,0,0,0,278803.0466209619,176371.0,8111.082174451912
360,92260.09788831338,0.9116715030316587,-8.837375276016246e-14,0,0,0,278889.451249776,176371.0,8149.195776626762
361,92279.20529199901,0.911275670850322,-8.837375276016246e-14,0,0,0,278976.0942733701,176371.0,8187.410583998027
362,92298.36335627595,0.9108789537166524,-8.837375276016246e-14,0,0,0,279062.976025103,176371.0,8225.726712551903
363,92317.57213932625,0.9104813516306494,-8.837375276016246e-14,0,0,0,279150.0968394737,176371.0,8264.144278652508
364,92336.8316995213,0.9100828645923138,-8.837375276016246e-14,0,0,0,279237.4570521252,176371.0,8302.663399042587
365,92356.1420954224,0.9096834926016444,-8.837375276016246e-14,0,0,0,279325.0569998474,176371.0,8341.284190844799
366,92375.5033857811,0.909283235658642,-8.837375276016246e-14,0,0,0,279412.8970205801,176371.0,8380.006771562223
367,92394.91562953981,0.9088820937633064,-8.837375276016246e-14,0,0,0,279500.9774534167,176371.0,8418.831259079623
368,92414.37888583213,0.9084800669156377,-8.837375276016246e-14,0,0,0,279589.29863860685,176371.0,8457.757771664266
369,92433.89321398342,0.9080771551156361,-8.837375276016246e-14,0,0,0,279677.86091755994,176371.0,8496.786427966852
370,92453.45867351131,0.9076733583633012,-8.837375276016246e-14,0,0,0,279766.6646328488,176371.0,8535.91734702262
371,92473.07532412607,0.9072686766586329,-8.837375276016246e-14,0,0,0,279855.710128212,176371.0,8575.150648252133
372,92492.74322573114,0.9068631100016313,-8.837375276016246e-14,0,0,0,279944.997748558,176371.0,8614.48645146228
373,92512.46243842364,0.9064566583922968,-8.837375276016246e-14,0,0,0,280034.52783996763,176371.0,8653.92487684727
374,92532.23302249482,0.9060493218306291,-8.837375276016246e-14,0,0,0,280124.30074969836,176371.0,8693.466044989642
375,92552.05503843058,0.9056411003166283,-8.837375276016246e-14,0,0,0,280214.3168261867,176371.0,8733.110076861172
376,92571.92854691193,0.9052319938502942,-8.837375276016246e-14,0,0,0,280304.5764190523,176371.0,8772.857093823877
377,92591.85360881548,0.9048220024316274,-8.837375276016246e-14,0,0,0,280395.0798791005,176371.0,8812.707217630956
378,92611.83028521398,0.9044111260606267,-8.837375276016246e-14,0,0,0,280485.82755832653,176371.0,8852.660570427955
379,92631.8586373767,0.9039993647372933,-8.837375276016246e-14,0,0,0,280576.8198099179,176371.0,8892.717274753413
380,92651.9387267701,0.9035867184616269,-8.837375276016246e-14,0,0,0,280668.05698825885,176371.0,8932.877453540183
381,92672.07061505818,0.9031731872336266,-8.837375276016246e-14,0,0,0,280759.5394489332,176371.0,8973.141230116373
382,92692.25436410304,0.9027587710532938,-8.837375276016246e-14,0,0,0,280851.26754872745,176371.0,9013.508728206067
383,92712.49003596538,0.9023434699206276,-8.837375276016246e-14,0,0,0,280943.2416456349,176371.0,9053.980071930764
384,92732.77769290503,0.9019272838356283,-8.837375276016246e-14,0,0,0,281035.4620988586,176371.0,9094.55538581006
385,92753.11739738139,0.9015102127982959,-8.837375276016246e-14,0,0,0,281127.92926881503,176371.0,9135.234794762771
386,92773.509212054,0.9010922568086301,-8.837375276016246e-14,0,0,0,281220.64351713756,176371.0,9176.018424108024
387,92793.95319978308,0.900673415866631,-8.837375276016246e-14,0,0,0,281313.60520667996,176371.0,9216.906399566162
388,92814.44942362986,0.9002536899722993,-8.837375276016246e-14,0,0,0,281406.81470151944,176371.0,9257.898847259734
389,92834.9979468574,0.8998330791256339,-8.837375276016246e-14,0,0,0,281500.2723669612,176371.0,9298.995893714802
390,92855.5988329308,0.8994115833266356,-8.837375276016246e-14,0,0,0,281593.9785695407,176371.0,9340.197665861611
391,92876.25214551794,0.8989892025753043,-8.837375276016246e-14,0,0,0,281687.9336770283,176371.0,9381.504291035868
392,92896.95794848987,0.8985659368716399,-8.837375276016246e-14,0,0,0,281782.13805843215,176371.0,9422.915896979737
393,92917.71630592145,0.8981417862156418,-8.837375276016246e-14,0,0,0,281876.5920840023,176371.0,9464.432611842894
394,92938.52728209172,0.8977167506073109,-8.837375276016246e-14,0,0,0,281971.29612523335,176371.0,9506.054564183423
395,92959.39094148458,0.8972908300466464,-8.837375276016246e-14,0,0,0,282066.25055486936,176371.0,9547.781882969175
396,92980.30734878924,0.8968640245336492,-8.837375276016246e-14,0,0,0,282161.4557469064,176371.0,9589.614697578483
397,93001.27656890076,0.8964363340683188,-8.837375276016246e-14,0,0,0,282256.91207659675,176371.0,9631.55313780153
398,93022.29866692064,0.8960077586506547,-8.837375276016246e-14,0,0,0,282352.61992045253,176371.0,9673.59733384129
399,93043.37370815722,0.8955782982806582,-8.837375276016246e-14,0,0,0,282448.5796562488,176371.0,9715.747416314445
400,93064.50175812641,0.8951479529583282,-8.837375276016246e-14,0,0,0,282544.79166302836,176371.0,9758.003516252822
401,93085.68288255208,0.894716722683665,-8.837375276016246e-14,0,0,0,282641.2563211043,176371.0,9800.36576510415
402,93106.91714736664,0.8942846074566688,-8.837375276016246e-14,0,0,0,282737.9740120642,176371.0,9842.834294733277
403,93128.20461871166,0.893851607277339,-8.837375276016246e-14,0,0,0,282834.9451187745,176371.0,9885.409237423335
404,93149.54536293831,0.8934177221456763,-8.837375276016246e-14,0,0,0,282932.1700253828,176371.0,9928.090725876624
405,93170.93944660795,0.8929829520616805,-8.837375276016246e-14,0,0,0,283029.6491173228,176371.0,9970.878893215902
406,93192.38693649272,0.8925472970253516,-8.837375276016246e-14,0,0,0,283127.382781318,176371.0,10013.773872985454
407,93213.88789957608,0.8921107570366895,-8.837375276016246e-14,0,0,0,283225.3714053849,176371.0,10056.77579915215
408,93235.44240305328,0.8916733320956944,-8.837375276016246e-14,0,0,0,283323.61537883733,176371.0,10099.884806106562
409,93257.0505143321,0.8912350222023655,-8.837375276016246e-14,0,0,0,283422.11509229016,176371.0,10143.10102866421
410,93278.71230103319,0.890795827356704,-8.837375276016246e-14,0,0,0,283520.8709376629,176371.0,10186.424602066363
411,93300.4278309908,0.8903557475587092,-8.837375276016246e-14,0,0,0,283619.88330818387,176371.0,10229.855661981592
412,93322.19717225328,0.8899147828083815,-8.837375276016246e-14,0,0,0,283719.152598394,176371.0,10273.394344506543
413,93344.0203930837,0.8894729331057201,-8.837375276016246e-14,0,0,0,283818.679204151,176371.0,10317.040786167392
414,93365.8975619603,0.8890301984507258,-8.837375276016246e-14,0,0,0,283918.4635226323,176371.0,10360.795123920594
415,93387.82874757721,0.8885865788433982,-8.837375276016246e-14,0,0,0,284018.5059523403,176371.0,10404.657495154424
416,93409.81401884493,0.8881420742837374,-8.837375276016246e-14,0,0,0,284118.80689310556,176371.0,10448.628037689865
417,93431.85344489092,0.8876966847717436,-8.837375276016246e-14,0,0,0,284219.3667460905,176371.0,10492.70688978184
418,93453.94709506021,0.8872504103074168,-8.837375276016246e-14,0,0,0,284320.18591379427,176371.0,10536.894190120416
419,93476.09503891598,0.8868032508907566,-8.837375276016246e-14,0,0,0,284421.26480005606,176371.0,10581.190077831961
420,93498.29734624011,0.8863552065217633,-8.837375276016246e-14,0,0,0,284522.6038100594,176371.0,10625.594692480228
421,93520.55408703379,0.8859062772004369,-8.837375276016246e-14,0,0,0,284624.20335033577,176371.0,10670.10817406758
422,93542.86533151813,0.8854564629267769,-8.837375276016246e-14,0,0,0,284726.06382876955,176371.0,10714.73066303626
423,93565.23115013466,0.8850057637007844,-8.837375276016246e-14,0,0,0,284828.18565460114,176371.0,10759.46230026931
424,93587.65161354607,0.8845541795224585,-8.837375276016246e-14,0,0,0,284930.5692384315,176371.0,10804.303227092136
425,93610.12679263671,0.884101710391799,-8.837375276016246e-14,0,0,0,285033.21499222645,176371.0,10849.253585273429
426,93632.65675851316,0.8836483563088069,-8.837375276016246e-14,0,0,0,285136.12332932005,176371.0,10894.313517026307
427,93655.24158250492,0.8831941172734812,-8.837375276016246e-14,0,0,0,285239.2946644197,176371.0,10939.483165009859
428,93677.88133616498,0.8827389932858225,-8.837375276016246e-14,0,0,0,285342.72941360966,176371.0,10984.762672329965
429,93700.57609127037,0.8822829843458309,-8.837375276016246e-14,0,0,0,285446.42799435515,176371.0,11030.152182540742
430,93723.32591982286,0.881826090453506,-8.837375276016246e-14,0,0,0,285550.39082550723,176371.0,11075.651839645721
431,93746.13089404952,0.8813683116088478,-8.837375276016246e-14,0,0,0,285654.6183273063,176371.0,11121.261788099053
432,93768.99108640333,0.8809096478118565,-8.837375276016246e-14,0,0,0,285759.11092138645,176371.0,11166.982172806656
433,93791.9065695638,0.8804500990625321,-8.837375276016246e-14,0,0,0,285863.8690307802,176371.0,11212.813139127595
434,93814.87741643762,0.8799896653608741,-8.837375276016246e-14,0,0,0,285968.89307992236,176371.0,11258.754832875256
435,93837.90370015922,0.8795283467068835,-8.837375276016246e-14,0,0,0,286074.183494654,176371.0,11304.807400318434
436,93860.98549409145,0.8790661431005595,-8.837375276016246e-14,0,0,0,286179.7407022275,176371.0,11350.970988182913
437,93884.12287182621,0.8786030545419024,-8.837375276016246e-14,0,0,0,286285.56513131055,176371.0,11397.245743652426
438,93907.31590718501,0.878139081030912,-8.837375276016246e-14,0,0,0,286391.65721199004,176371.0,11443.631814370023
439,93930.56467421967,0.8776742225675884,-8.837375276016246e-14,0,0,0,286498.01737577707,176371.0,11490.129348439337
440,93953.8692472129,0.8772084791519319,-8.837375276016246e-14,0,0,0,286604.64605561114,176371.0,11536.738494425808
441,93977.22970067902,0.8767418507839422,-8.837375276016246e-14,0,0,0,286711.54368586425,176371.0,11583.459401358035
442,94000.6461093645,0.876274337463619,-8.837375276016246e-14,0,0,0,286818.7107023459,176371.0,11630.292218729004
443,94024.11854824865,0.875805939190963,-8.837375276016246e-14,0,0,0,286926.1475423067,176371.0,11677.237096497302
444,94047.64709254427,0.8753366559659737,-8.837375276016246e-14,0,0,0,287033.85464444367,176371.0,11724.294185088544
445,94071.23181769828,0.8748664877886514,-8.837375276016246e-14,0,0,0,287141.8324489041,176371.0,11771.463635396554
446,94094.87279939238,0.8743954346589957,-8.837375276016246e-14,0,0,0,287250.0813972904,176371.0,11818.745598784766
447,94118.57011354373,0.8739234965770064,-8.837375276016246e-14,0,0,0,287358.6019326646,176371.0,11866.140227087459
448,94142.32383630546,0.8734506735426848,-8.837375276016246e-14,0,0,0,287467.3944995522,176371.0,11913.647672610905
449,94166.13404406756,0.8729769655560298,-8.837375276016246e-14,0,0,0,287576.45954394806,176371.0,11961.26808813511
450,94190.00081345739,0.8725023726170411,-8.837375276016246e-14,0,0,0,287685.7975133197,176371.0,12009.001626914785
451,94213.92422134032,0.8720268947257199,-8.837375276016246e-14,0,0,0,287795.4088566124,176371.0,12056.84844268063
452,94237.9043448205,0.8715505318820651,-8.837375276016246e-14,0,0,0,287905.29402425396,176371.0,12104.80868964102
453,94261.94126124147,0.8710732840860773,-8.837375276016246e-14,0,0,0,288015.4534681592,176371.0,12152.882522482947
454,94286.03504818681,0.8705951513377563,-8.837375276016246e-14,0,0,0,288125.8876417342,176371.0,12201.070096373616
455,94310.18578348085,0.8701161336371022,-8.837375276016246e-14,0,0,0,288236.59699988185,176371.0,12249.371566961694
456,94334.39354518933,0.8696362309841148,-8.837375276016246e-14,0,0,0,288347.5819990055,176371.0,12297.787090378673
457,94358.65841162011,0.8691554433787945,-8.837375276016246e-14,0,0,0,288458.8430970146,176371.0,12346.316823240219
458,94382.9804613238,0.868673770821141,-8.837375276016246e-14,0,0,0,288570.38075332873,176371.0,12394.960922647584
459,94407.35977309447,0.868191213311154,-8.837375276016246e-14,0,0,0,288682.195428883,176371.0,12443.71954618895
460,94431.79642597036,0.8677077708488341,-8.837375276016246e-14,0,0,0,288794.28758613206,176371.0,12492.592851940719
461,94456.29049923453,0.8672234434341808,-8.837375276016246e-14,0,0,0,288906.65768905554,176371.0,12541.580998469066
462,94480.84207241556,0.8667382310671947,-8.837375276016246e-14,0,0,0,289019.30620316253,176371.0,12590.68414483111
463,94505.45122528829,0.866252133747875,-8.837375276016246e-14,0,0,0,289132.23359549657,176371.0,12639.90245057658
464,94530.11803787445,0.8657651514762223,-8.837375276016246e-14,0,0,0,289245.44033464027,176371.0,12689.236075748897
465,94554.8425904434,0.8652772842522369,-8.837375276016246e-14,0,0,0,289358.92689072044,176371.0,12738.685180886787
466,94579.62496351288,0.8647885320759177,-8.837375276016246e-14,0,0,0,289472.69373541296,176371.0,12788.24992702576
467,94604.4652378496,0.8642988949472656,-8.837375276016246e-14,0,0,0,289586.7413419476,176371.0,12837.930475699184
468,94629.36349447005,0.8638083728662802,-8.837375276016246e-14,0,0,0,289701.07018511277,176371.0,12887.7269889401
469,94654.31981464117,0.863316965832962,-8.837375276016246e-14,0,0,0,289815.68074126105,176371.0,12937.63962928234
470,94679.3342798811,0.8628246738473104,-8.837375276016246e-14,0,0,0,289930.5734883135,176371.0,12987.668559762213
471,94704.40697195986,0.8623314969093259,-8.837375276016246e-14,0,0,0,290045.7489057651,176371.0,13037.813943919717
472,94729.5379729001,0.8618374350190077,-8.837375276016246e-14,0,0,0,290161.20747469,176371.0,13088.07594580019
473,94754.72736497776,0.8613424881763565,-8.837375276016246e-14,0,0,0,290276.9496777453,176371.0,13138.45472995552
474,94779.97523072292,0.8608466563813719,-8.837375276016246e-14,0,0,0,290392.97599917796,176371.0,13188.950461445846
475,94805.28165292038,0.8603499396340548,-8.837375276016246e-14,0,0,0,290509.2869248285,176371.0,13239.563305840767
476,94830.64671461059,0.8598523379344039,-8.837375276016246e-14,0,0,0,290625.8829421367,176371.0,13290.29342922118
477,94856.07049909013,0.8593538512824204,-8.837375276016246e-14,0,0,0,290742.76454014657,176371.0,13341.140998180248
478,94881.55308991269,0.8588544796781035,-8.837375276016246e-14,0,0,0,290859.9322095115,176371.0,13392.106179825376
479,94907.09457088969,0.8583542231214532,-8.837375276016246e-14,0,0,0,290977.3864424997,176371.0,13443.189141779387
480,94932.69502609102,0.8578530816124699,-8.837375276016246e-14,0,0,0,291095.127732999,176371.0,13494.390052182049
481,94958.35453984584,0.8573510551511536,-8.837375276016246e-14,0,0,0,291213.1565765221,176371.0,13545.709079691671
482,94984.0731967433,0.856848143737504,-8.837375276016246e-14,0,0,0,291331.47347021225,176371.0,13597.146393486599
483,95009.85108163331,0.8563443473715211,-8.837375276016246e-14,0,0,0,291450.07891284826,176371.0,13648.702163266626
484,95035.68827962728,0.855839666053205,-8.837375276016246e-14,0,0,0,291568.9734048496,176371.0,13700.376559254577
485,95061.58487609892,0.8553340997825558,-8.837375276016246e-14,0,0,0,291688.15744828194,176371.0,13752.169752197828
486,95087.5409566849,0.8548276485595736,-8.837375276016246e-14,0,0,0,291807.63154686237,176371.0,13804.081913369799
487,95113.55660728579,0.854320312384258,-8.837375276016246e-14,0,0,0,291927.3962059651,176371.0,13856.11321457159
488,95139.63191406666,0.8538120912566096,-8.837375276016246e-14,0,0,0,292047.4519326262,176371.0,13908.263828133327
489,95165.766963458,0.8533029851766278,-8.837375276016246e-14,0,0,0,292167.7992355497,176371.0,13960.533926915978
490,95191.96184215634,0.8527929941443126,-8.837375276016246e-14,0,0,0,292288.4386251125,176371.0,14012.923684312675
491,95218.21663712514,0.8522821181596649,-8.837375276016246e-14,0,0,0,292409.37061337015,176371.0,14065.433274250277
492,95244.5314355956,0.8517703572226836,-8.837375276016246e-14,0,0,0,292530.59571406216,176371.0,14118.062871191221
493,95270.90632506738,0.8512577113333688,-8.837375276016246e-14,0,0,0,292652.11444261775,176371.0,14170.812650134752
494,95297.3413933093,0.8507441804917213,-8.837375276016246e-14,0,0,0,292773.9273161607,176371.0,14223.68278661859
495,95323.83672836034,0.8502297646977406,-8.837375276016246e-14,0,0,0,292896.03485351574,176371.0,14276.673456720688
496,95350.39241853032,0.8497144639514269,-8.837375276016246e-14,0,0,0,293018.4375752138,176371.0,14329.784837060628
497,95377.0085524007,0.8491982782527794,-8.837375276016246e-14,0,0,0,293141.1360034975,176371.0,14383.01710480141
498,95403.68521882537,0.8486812076017991,-8.837375276016246e-14,0,0,0,293264.1306623268,176371.0,14436.370437650743
499,95430.4225069315,0.8481632519984856,-8.837375276016246e-14,0,0,0,293387.4220773847,176371.0,14489.845013863003
500,95457.22050612031,0.8476444114428394,-8.837375276016246e-14,0,0,0,293511.010776083,176371.0,14543.441012240619
501,95484.07930606797,0.8471246859348593,-8.837375276016246e-14,0,0,0,293634.8972875679,176371.0,14597.15861213594
502,95510.99899672625,0.8466040754745463,-8.837375276016246e-14,0,0,0,293759.08214272565,176371.0,14650.997993452504
503,95537.97966832349,0.8460825800619003,-8.837375276016246e-14,0,0,0,293883.56587418844,176371.0,14704.959336646978
504,95565.02141136536,0.8455601996969211,-8.837375276016246e-14,0,0,0,294008.34901634016,176371.0,14759.042822730727
505,95592.1243166357,0.8450369343796089,-8.837375276016246e-14,0,0,0,294133.4321053221,176371.0,14813.2486332714
506,95619.28847519738,0.8445127841099629,-8.837375276016246e-14,0,0,0,294258.815679039,176371.0,14867.576950394752
507,95646.51397839299,0.8439877488879841,-8.837375276016246e-14,0,0,0,294384.50027716445,176371.0,14922.027956785985
508,95673.80091784589,0.8434618287136724,-8.837375276016246e-14,0,0,0,294510.4864411472,176371.0,14976.60183569177
509,95701.14938546091,0.842935023587027,-8.837375276016246e-14,0,0,0,294636.774714217,176371.0,15031.298770921825
510,95728.5594734252,0.8424073335080491,-8.837375276016246e-14,0,0,0,294763.3656413902,176371.0,15086.118946850385
511,95756.03127420916,0.8418787584767373,-8.837375276016246e-14,0,0,0,294890.2597694764,176371.0,15141.062548418322
512,95783.56488056717,0.8413492984930928,-8.837375276016246e-14,0,0,0,295017.4576470834,176371.0,15196.12976113434
513,95811.16038553855,0.8408189535571151,-8.837375276016246e-14,0,0,0,295144.95982462406,176371.0,15251.320771077104
514,95838.81788244836,0.8402877236688044,-8.837375276016246e-14,0,0,0,295272.76685432217,176371.0,15306.635764896719
515,95866.5374649083,0.8397556088281604,-8.837375276016246e-14,0,0,0,295400.87929021823,176371.0,15362.074929816585
516,95894.3192268175,0.8392226090351829,-8.837375276016246e-14,0,0,0,295529.2976881757,176371.0,15417.638453635018
517,95922.1632623635,0.8386887242898724,-8.837375276016246e-14,0,0,0,295658.02260588715,176371.0,15473.32652472699
518,95950.06966602297,0.838153954592229,-8.837375276016246e-14,0,0,0,295787.05460288026,176371.0,15529.139332045948
519,95978.0385325628,0.8376182999422519,-8.837375276016246e-14,0,0,0,295916.39424052445,176371.0,15585.077065125603
520,96006.06995704072,0.8370817603399423,-8.837375276016246e-14,0,0,0,296046.0420820361,176371.0,15641.139914081425
521,96034.16403480641,0.8365443357852991,-8.837375276016246e-14,0,0,0,296175.9986924859,176371.0,15697.328069612824
522,96062.32086150227,0.8360060262783227,-8.837375276016246e-14,0,0,0,296306.2646388044,176371.0,15753.64172300454
523,96090.54053306428,0.8354668318190135,-8.837375276016246e-14,0,0,0,296436.8404897883,176371.0,15810.081066128567
524,96118.82314572304,0.8349267524073707,-8.837375276016246e-14,0,0,0,296567.7268161073,176371.0,15866.64629144609
525,96147.1687960045,0.8343857880433947,-8.837375276016246e-14,0,0,0,296698.9241903096,176371.0,15923.337592008997
526,96175.5775807309,0.8338439387270862,-8.837375276016246e-14,0,0,0,296830.433186829,176371.0,15980.1551614618
527,96204.04959702183,0.8333012044584438,-8.837375276016246e-14,0,0,0,296962.254381991,176371.0,16037.099194043674
528,96232.58494229491,0.8327575852374687,-8.837375276016246e-14,0,0,0,297094.3883540191,176371.0,16094.169884589812
529,96261.18371426684,0.8322130810641601,-8.837375276016246e-14,0,0,0,297226.8356830413,176371.0,16151.367428533678
530,96289.84601095428,0.8316676919385186,-8.837375276016246e-14,0,0,0,297359.59695109684,176371.0,16208.692021908559
531,96318.57193067478,0.8311214178605442,-8.837375276016246e-14,0,0,0,297492.6727421422,176371.0,16266.143861349547
532,96347.36157204772,0.8305742588302358,-8.837375276016246e-14,0,0,0,297626.0636420585,176371.0,16323.72314409544
533,96376.21503399515,0.8300262148475948,-8.837375276016246e-14,0,0,0,297759.77023865667,176371.0,16381.430067990299
534,96405.13241574283,0.8294772859126207,-8.837375276016246e-14,0,0,0,297893.79312168533,176371.0,16439.264831485656
535,96434.11381682113,0.8289274720253133,-8.837375276016246e-14,0,0,0,298028.1328828369,176371.0,16497.22763364226
536,96463.15933706594,0.8283767731856726,-8.837375276016246e-14,0,0,0,298162.79011575424,176371.0,16555.31867413187
537,96492.26907661962,0.8278251893936988,-8.837375276016246e-14,0,0,0,298297.76541603723,176371.0,16613.538153239242
538,96521.44313593199,0.8272727206493917,-8.837375276016246e-14,0,0,0,298433.0593812499,176371.0,16671.886271863976
539,96550.6816157612,0.8267193669527517,-8.837375276016246e-14,0,0,0,298568.6726109265,176371.0,16730.363231522417
540,96579.98461717482,0.8261651283037783,-8.837375276016246e-14,0,0,0,298704.60570657894,176371.0,16788.96923434965
541,96609.35224155062,0.8256100047024721,-8.837375276016246e-14,0,0,0,298840.859271703,176371.0,16847.704483101224
542,96638.78459057768,0.8250539961488323,-8.837375276016246e-14,0,0,0,298977.43391178583,176371.0,16906.569181155362
543,96668.28176625728,0.8244971026428598,-8.837375276016246e-14,0,0,0,299114.3302343119,176371.0,16965.56353251456
544,96697.84387090392,0.8239393241845538,-8.837375276016246e-14,0,0,0,299251.548848771,176371.0,17024.68774180784
545,96727.47100714623,0.8233806607739149,-8.837375276016246e-14,0,0,0,299389.09036666405,176371.0,17083.94201429247
546,96757.16327792805,0.8228211124109426,-8.837375276016246e-14,0,0,0,299526.95540151093,176371.0,17143.32655585609
547,96786.92078650925,0.8222606790956373,-8.837375276016246e-14,0,0,0,299665.1445688566,176371.0,17202.841573018504
548,96816.74363646693,0.8216993608279985,-8.837375276016246e-14,0,0,0,299803.6584862792,176371.0,17262.487272933857
549,96846.63193169622,0.8211371576080266,-8.837375276016246e-14,0,0,0,299942.4977733961,176371.0,17322.263863392436
550,96876.58577641135,0.8205740694357222,-8.837375276016246e-14,0,0,0,300081.6630518713,176371.0,17382.171552822685
551,96906.60527514674,0.8200100963110839,-8.837375276016246e-14,0,0,0,300221.1549454231,176371.0,17442.21055029347
552,96936.69053275781,0.8194452382341126,-8.837375276016246e-14,0,0,0,300360.97407983016,176371.0,17502.381065515638
553,96966.84165442218,0.8188794952048084,-8.837375276016246e-14,0,0,0,300501.1210829396,176371.0,17562.683308844356
554,96997.05874564056,0.8183128672231705,-8.837375276016246e-14,0,0,0,300641.5965846738,176371.0,17623.117491281126
555,97027.34191223778,0.8177453542891999,-8.837375276016246e-14,0,0,0,300782.40121703735,176371.0,17683.68382447556
556,97057.69126036388,0.8171769564028961,-8.837375276016246e-14,0,0,0,300923.53561412496,176371.0,17744.382520727755
557,97088.10689649508,0.8166076735642587,-8.837375276016246e-14,0,0,0,301065.00041212875,176371.0,17805.213792990176
558,97118.58892743479,0.8160375057732887,-8.837375276016246e-14,0,0,0,301206.7962493444,176371.0,17866.17785486957
559,97149.13746031471,0.8154664530299851,-8.837375276016246e-14,0,0,0,301348.9237661803,176371.0,17927.274920629417
560,97179.75260259579,0.8148945153343488,-8.837375276016246e-14,0,0,0,301491.38360516337,176371.0,17988.505205191577
561,97210.43446206937,0.8143216926863788,-8.837375276016246e-14,0,0,0,301634.1764109476,176371.0,18049.86892413875
562,97241.18314685812,0.8137479850860758,-8.837375276016246e-14,0,0,0,301777.3028303208,176371.0,18111.36629371625
563,97271.99876541714,0.8131733925334401,-8.837375276016246e-14,0,0,0,301920.76351221226,176371.0,18172.997530834287
564,97302.88142653508,0.8125979150284708,-8.837375276016246e-14,0,0,0,302064.55910770094,176371.0,18234.76285307016
565,97333.83123933506,0.8120215525711683,-8.837375276016246e-14,0,0,0,302208.6902700219,176371.0,18296.66247867013
566,97364.84831327584,0.8114443051615328,-8.837375276016246e-14,0,0,0,302353.15765457466,176371.0,18358.69662655169
567,97395.93275815288,0.8108661727995641,-8.837375276016246e-14,0,0,0,302497.9619189307,176371.0,18420.865516305763
568,97427.08468409938,0.810287155485262,-8.837375276016246e-14,0,0,0,302643.1037228412,176371.0,18483.16936819876
569,97458.30420158734,0.8097072532186271,-8.837375276016246e-14,0,0,0,302788.5837282442,176371.0,18545.608403174665
570,97489.59142142872,0.8091264659996589,-8.837375276016246e-14,0,0,0,302934.4025992732,176371.0,18608.18284285744
571,97520.94645477648,0.8085447938283572,-8.837375276016246e-14,0,0,0,303080.5610022644,176371.0,18670.892909552967
572,97552.36941312563,0.8079622367047228,-8.837375276016246e-14,0,0,0,303227.0596057642,176371.0,18733.73882625126
573,97583.86040831442,0.807378794628755,-8.837375276016246e-14,0,0,0,303373.899080538,176371.0,18796.72081662884
574,97615.41955252536,0.8067944676004539,-8.837375276016246e-14,0,0,0,303521.08009957726,176371.0,18859.839105050723
575,97647.04695828634,0.8062092556198202,-8.837375276016246e-14,0,0,0,303668.6033381074,176371.0,18923.09391657269
576,97678.74273847183,0.8056231586868527,-8.837375276016246e-14,0,0,0,303816.46947359655,176371.0,18986.485476943675
577,97710.50700630386,0.8050361768015522,-8.837375276016246e-14,0,0,0,303964.6791857626,176371.0,19050.014012607724
578,97742.33987535318,0.8044483099639188,-8.837375276016246e-14,0,0,0,304113.23315658164,176371.0,19113.679750706364
579,97774.24145954048,0.803859558173952,-8.837375276016246e-14,0,0,0,304262.13207029627,176371.0,19177.482919080965
580,97806.21187313739,0.8032699214316523,-8.837375276016246e-14,0,0,0,304411.37661342305,176371.0,19241.423746274777
581,97838.2512307677,0.8026793997370194,-8.837375276016246e-14,0,0,0,304560.96747476136,176371.0,19305.502461535383
582,97870.35964740845,0.8020879930900531,-8.837375276016246e-14,0,0,0,304710.9053454009,176371.0,19369.719294816892
583,97902.5372383911,0.8014957014907536,-8.837375276016246e-14,0,0,0,304861.1909187304,176371.0,19434.074476782203
584,97934.78411940267,0.8009025249391211,-8.837375276016246e-14,0,0,0,305011.82489044557,176371.0,19498.568238805336
585,97967.10040648689,0.8003084634351554,-8.837375276016246e-14,0,0,0,305162.80795855745,176371.0,19563.20081297378
586,97999.48621604539,0.7997135169788563,-8.837375276016246e-14,0,0,0,305314.14082340087,176371.0,19627.972432090784
587,98031.9416648388,0.799117685570224,-8.837375276016246e-14,0,0,0,305465.8241876426,176371.0,19692.883329677607
588,98064.46686998794,0.7985209692092592,-8.837375276016246e-14,0,0,0,305617.8587562896,176371.0,19757.93373997588
589,98097.0619489751,0.7979233678959607,-8.837375276016246e-14,0,0,0,305770.2452366982,176371.0,19823.12389795019
590,98129.72701964501,0.7973248816303293,-8.837375276016246e-14,0,0,0,305922.98433858156,176371.0,19888.454039290024
591,98162.46220020625,0.7967255104123643,-8.837375276016246e-14,0,0,0,306076.076774019,176371.0,19953.92440041251
592,98195.26760923224,0.7961252542420665,-8.837375276016246e-14,0,0,0,306229.52325746394,176371.0,20019.535218464465
593,98228.14336566254,0.7955241131194355,-8.837375276016246e-14,0,0,0,306383.32450575277,176371.0,20085.286731325086
594,98261.08958880408,0.7949220870444713,-8.837375276016246e-14,0,0,0,306537.48123811366,176371.0,20151.17917760817
595,98294.10639833228,0.794319176017174,-8.837375276016246e-14,0,0,0,306691.994176175,176371.0,20217.212796664557
596,98327.19391429228,0.7937153800375434,-8.837375276016246e-14,0,0,0,306846.86404397385,176371.0,20283.38782858456
597,98360.3522571002,0.7931106991055796,-8.837375276016246e-14,0,0,0,307002.09156796534,176371.0,20349.70451420038
598,98393.58154754428,0.7925051332212827,-8.837375276016246e-14,0,0,0,307157.6774770307,176371.0,20416.16309508856
599,98426.88190678619,0.7918986823846528,-8.837375276016246e-14,0,0,0,307313.62250248675,176371.0,20482.763813572386
600,98460.25345636223,0.7912913465956894,-8.837375276016246e-14,0,0,0,307469.9273780944,176371.0,20549.506912724475
601,98493.69631818453,0.7906831258543929,-8.837375276016246e-14,0,0,0,307626.5928400676,176371.0,20616.392636369073
602,98527.2106145423,0.7900740201607637,-8.837375276016246e-14,0,0,0,307783.619627082,176371.0,20683.4212290846
603,98560.79646810314,0.7894640295148008,-8.837375276016246e-14,0,0,0,307941.00848028506,176371.0,20750.592936206293
604,98594.4540019142,0.7888531539165051,-8.837375276016246e-14,0,0,0,308098.7601433033,176371.0,20817.908003828394
605,98628.18333940352,0.7882413933658756,-8.837375276016246e-14,0,0,0,308256.8753622531,176371.0,20885.36667880705
606,98661.98460438118,0.7876287478629136,-8.837375276016246e-14,0,0,0,308415.35488574853,176371.0,20952.969208762373
607,98695.85792104073,0.7870152174076182,-8.837375276016246e-14,0,0,0,308574.1994649114,176371.0,21020.71584208147
608,98729.8034139603,0.7864008019999897,-8.837375276016246e-14,0,0,0,308733.4098533798,176371.0,21088.606827920594
609,98763.82120810398,0.7857855016400279,-8.837375276016246e-14,0,0,0,308892.9868073178,176371.0,21156.642416207967
610,98797.91142882306,0.7851693163277331,-8.837375276016246e-14,0,0,0,309052.9310854244,176371.0,21224.822857646126
611,98832.07420185735,0.7845522460631051,-8.837375276016246e-14,0,0,0,309213.24344894313,176371.0,21293.1484037147
612,98866.30965333643,0.783934290846144,-8.837375276016246e-14,0,0,0,309373.92466167116,176371.0,21361.61930667286
613,98900.61790978101,0.7833154506768494,-8.837375276016246e-14,0,0,0,309534.9754899691,176371.0,21430.235819562018
614,98934.99909810415,0.7826957255552218,-8.837375276016246e-14,0,0,0,309696.3967027696,176371.0,21498.998196208304
615,98969.45334561268,0.7820751154812611,-8.837375276016246e-14,0,0,0,309858.18907158816,176371.0,21567.906691225362
616,99003.98078000842,0.7814536204549674,-8.837375276016246e-14,0,0,0,310020.3533705314,176371.0,21636.961560016836
617,99038.58152938959,0.78083124047634,-8.837375276016246e-14,0,0,0,310182.89037630754,176371.0,21706.16305877918
618,99073.25572225201,0.7802079755453801,-8.837375276016246e-14,0,0,0,310345.8008682353,176371.0,21775.511444504024
619,99108.00348749063,0.7795838256620866,-8.837375276016246e-14,0,0,0,310509.08562825434,176371.0,21845.00697498126
620,99142.82495440067,0.7789587908264601,-8.837375276016246e-14,0,0,0,310672.74544093444,176371.0,21914.649908801326
621,99177.72025267906,0.7783328710385005,-8.837375276016246e-14,0,0,0,310836.7810934852,176371.0,21984.440505358136
622,99212.68951242586,0.7777060662982076,-8.837375276016246e-14,0,0,0,311001.19337576645,176371.0,22054.379024851707
623,99247.73286414544,0.7770783766055815,-8.837375276016246e-14,0,0,0,311165.9830802974,176371.0,22124.465728290877
624,99282.85043874802,0.7764498019606223,-8.837375276016246e-14,0,0,0,311331.151002267,176371.0,22194.700877496038
625,99318.04236755092,0.7758203423633301,-8.837375276016246e-14,0,0,0,311496.6979395437,176371.0,22265.084735101842
626,99353.30878228003,0.7751899978137045,-8.837375276016246e-14,0,0,0,311662.6246926855,176371.0,22335.61756456007
627,99388.64981507111,0.7745587683117456,-8.837375276016246e-14,0,0,0,311828.93206495,176371.0,22406.299630142224
628,99424.0655984712,0.7739266538574536,-8.837375276016246e-14,0,0,0,311995.62086230423,176371.0,22477.131196942417
629,99459.55626544004,0.7732936544508289,-8.837375276016246e-14,0,0,0,312162.6918934353,176371.0,22548.11253088008
630,99495.12194935147,0.7726597700918707,-8.837375276016246e-14,0,0,0,312330.1459697603,176371.0,22619.243898702924
631,99530.76278399478,0.7720250007805793,-8.837375276016246e-14,0,0,0,312497.98390543624,176371.0,22690.525567989553
632,99566.4789035762,0.7713893465169548,-8.837375276016246e-14,0,0,0,312666.2065173707,176371.0,22761.95780715239
633,99602.27044272026,0.7707528073009968,-8.837375276016246e-14,0,0,0,312834.8146252324,176371.0,22833.540885440518
634,99638.1375364712,0.7701153831327063,-8.837375276016246e-14,0,0,0,313003.8090514606,176371.0,22905.275072942393
635,99674.08032029451,0.7694770740120822,-8.837375276016246e-14,0,0,0,313173.1906212766,176371.0,22977.160640589023
636,99710.09893007824,0.7688378799391249,-8.837375276016246e-14,0,0,0,313342.9601626938,176371.0,23049.19786015648
637,99746.19350213448,0.7681978009138344,-8.837375276016246e-14,0,0,0,313513.11850652774,176371.0,23121.387004268978
638,99782.36417320085,0.7675568369362109,-8.837375276016246e-14,0,0,0,313683.66648640746,176371.0,23193.728346401713
639,99818.61108044191,0.7669149880062545,-8.837375276016246e-14,0,0,0,313854.6049387856,176371.0,23266.222160883826
640,99854.93436145068,0.7662722541239644,-8.837375276016246e-14,0,0,0,314025.9347029494,176371.0,23338.868722901363
641,99891.33415424998,0.7656286352893416,-8.837375276016246e-14,0,0,0,314197.6566210309,176371.0,23411.668308499975
642,99927.81059729413,0.7649841315023851,-8.837375276016246e-14,0,0,0,314369.7715380185,176371.0,23484.621194588246
643,99964.36382947011,0.7643387427630961,-8.837375276016246e-14,0,0,0,314542.2803017667,176371.0,23557.727658940206
644,100000.99399009942,0.7636924690714733,-8.837375276016246e-14,0,0,0,314715.18376300833,176371.0,23630.987980198835
645,100037.70121893924,0.7630453104275177,-8.837375276016246e-14,0,0,0,314888.48277536395,176371.0,23704.402437878485
646,100074.48565618417,0.7623972668312289,-8.837375276016246e-14,0,0,0,315062.1781953543,176371.0,23777.97131236834
647,100111.3474424676,0.7617483382826069,-8.837375276016246e-14,0,0,0,315236.27088241006,176371.0,23851.694884935194
648,100148.28671886328,0.7610985247816517,-8.837375276016246e-14,0,0,0,315410.761698884,176371.0,23925.57343772655
649,100185.30362688683,0.7604478263283632,-8.837375276016246e-14,0,0,0,315585.65151006106,176371.0,23999.60725377366
650,100222.39830849724,0.7597962429227418,-8.837375276016246e-14,0,0,0,315760.9411841703,176371.0,24073.79661699448
651,100259.57090609848,0.7591437745647871,-8.837375276016246e-14,0,0,0,315936.63159239595,176371.0,24148.14181219697
652,100296.82156254096,0.7584904212544992,-8.837375276016246e-14,0,0,0,316112.7236088887,176371.0,24222.643125081933
653,100334.15042112312,0.757836182991878,-8.837375276016246e-14,0,0,0,316289.21811077656,176371.0,24297.30084224624
654,100371.55762559295,0.757181059776924,-8.837375276016246e-14,0,0,0,316466.1159781771,176371.0,24372.115251185885
655,100409.04332014959,0.7565250516096367,-8.837375276016246e-14,0,0,0,316643.41809420823,176371.0,24447.086640299178
656,100446.60764944492,0.755868158490016,-8.837375276016246e-14,0,0,0,316821.12534500007,176371.0,24522.215298889834
657,100484.25075858503,0.7552103804180623,-8.837375276016246e-14,0,0,0,316999.23861970607,176371.0,24597.50151717006
658,100521.97279313194,0.7545517173937755,-8.837375276016246e-14,0,0,0,317177.75881051534,176371.0,24672.94558626386
659,100559.77389910506,0.7538921694171554,-8.837375276016246e-14,0,0,0,317356.68681266357,176371.0,24748.547798210104
660,100597.65422298286,0.7532317364882024,-8.837375276016246e-14,0,0,0,317536.0235244449,176371.0,24824.308445965733
661,100635.61391170454,0.752570418606916,-8.837375276016246e-14,0,0,0,317715.76984722447,176371.0,24900.227823409077
662,100673.65311267144,0.7519082157732966,-8.837375276016246e-14,0,0,0,317895.9266854491,176371.0,24976.306225342872
663,100711.77197374885,0.7512451279873438,-8.837375276016246e-14,0,0,0,318076.49494665983,176371.0,25052.543947497714
664,100749.97064326756,0.750581155249058,-8.837375276016246e-14,0,0,0,318257.4755415038,176371.0,25128.941286535115
665,100788.24927002545,0.7499162975584392,-8.837375276016246e-14,0,0,0,318438.8693837462,176371.0,25205.498540050896
666,100826.60800328926,0.7492505549154866,-8.837375276016246e-14,0,0,0,318620.67739028245,176371.0,25282.216006578536
667,100865.04699279605,0.7485839273202015,-8.837375276016246e-14,0,0,0,318802.90048114985,176371.0,25359.093985592102
668,100903.56638875505,0.7479164147725827,-8.837375276016246e-14,0,0,0,318985.53957954055,176371.0,25436.132777510087
669,100942.16634184911,0.7472480172726315,-8.837375276016246e-14,0,0,0,319168.59561181266,176371.0,25513.33268369821
670,100980.84700323663,0.7465787348203463,-8.837375276016246e-14,0,0,0,319352.0695075041,176371.0,25590.694006473266
671,101019.60852455297,0.7459085674157286,-8.837375276016246e-14,0,0,0,319535.9621993432,176371.0,25668.217049105933
672,101058.45105791235,0.7452375150587773,-8.837375276016246e-14,0,0,0,319720.27462326264,176371.0,25745.902115824683
673,101097.37475590936,0.7445655777494928,-8.837375276016246e-14,0,0,0,319905.00771841075,176371.0,25823.749511818714
674,101136.37977162079,0.7438927554878754,-8.837375276016246e-14,0,0,0,320090.1624271648,176371.0,25901.75954324158
675,101175.4662586073,0.7432190482739247,-8.837375276016246e-14,0,0,0,320275.7396951431,176371.0,25979.9325172146
676,101214.63437091511,0.7425444561076409,-8.837375276016246e-14,0,0,0,320461.74047121825,176371.0,26058.268741830216
677,101253.88426307775,0.7418689789890236,-8.837375276016246e-14,0,0,0,320648.16570752906,176371.0,26136.768526155494
678,101293.21609011773,0.7411926169180736,-8.837375276016246e-14,0,0,0,320835.0163594937,176371.0,26215.43218023545
679,101332.63000754839,0.7405153698947902,-8.837375276016246e-14,0,0,0,321022.29338582285,176371.0,26294.26001509678
680,101372.12617137554,0.7398372379191738,-8.837375276016246e-14,0,0,0,321209.9977485322,176371.0,26373.25234275107
681,101411.70473809926,0.7391582209912242,-8.837375276016246e-14,0,0,0,321398.1304129553,176371.0,26452.40947619851
682,101451.36586471567,0.738478319110941,-8.837375276016246e-14,0,0,0,321586.69234775717,176371.0,26531.731729431347
683,101491.10970871862,0.7377975322783252,-8.837375276016246e-14,0,0,0,321775.6845249463,176371.0,26611.219417437245
684,101530.93642810162,0.7371158604933761,-8.837375276016246e-14,0,0,0,321965.1079198892,176371.0,26690.87285620323
685,101570.84618135945,0.7364333037560937,-8.837375276016246e-14,0,0,0,322154.96351132257,176371.0,26770.69236271889
686,101610.83912749006,0.7357498620664784,-8.837375276016246e-14,0,0,0,322345.2522813666,176371.0,26850.67825498012
687,101650.91542599638,0.7350655354245297,-8.837375276016246e-14,0,0,0,322535.97521553916,176371.0,26930.830851992767
688,101691.07523688806,0.7343803238302478,-8.837375276016246e-14,0,0,0,322727.1333027682,176371.0,27011.150473776117
689,101731.3187206833,0.7336942272836329,-8.837375276016246e-14,0,0,0,322918.7275354057,176371.0,27091.63744136659
690,101771.64603841075,0.7330072457846843,-8.837375276016246e-14,0,0,0,323110.75890924135,176371.0,27172.292076821504
691,101812.05735161122,0.7323193793334033,-8.837375276016246e-14,0,0,0,323303.22842351545,176371.0,27253.114703222433
692,101852.55282233965,0.7316306279297888,-8.837375276016246e-14,0,0,0,323496.13708093355,176371.0,27334.105644679308
693,101893.1326131669,0.730940991573841,-8.837375276016246e-14,0,0,0,323689.4858876795,176371.0,27415.265226333813
694,101933.79688718155,0.7302504702655603,-8.837375276016246e-14,0,0,0,323883.27585342916,176371.0,27496.593774363115
695,101974.5458079919,0.7295590640049463,-8.837375276016246e-14,0,0,0,324077.50799136487,176371.0,27578.09161598381
696,102015.37953972773,0.7288667727919991,-8.837375276016246e-14,0,0,0,324272.183318189,176371.0,27659.759079455445
697,102056.2982470422,0.7281735966267187,-8.837375276016246e-14,0,0,0,324467.30285413755,176371.0,27741.5964940844
698,102097.30209511382,0.727479535509105,-8.837375276016246e-14,0,0,0,324662.86762299505,176371.0,27823.60419022764
699,102138.39124964825,0.7267845894391585,-8.837375276016246e-14,0,0,0,324858.87865210813,176371.0,27905.78249929651
700,102179.56587688031,0.7260887584168787,-8.837375276016246e-14,0,0,0,325055.33697239985,176371.0,27988.13175376062
701,102220.8261435758,0.7253920424422657,-8.837375276016246e-14,0,0,0,325252.24361838395,176371.0,28070.652287151595
702,102262.17221703348,0.7246944415153196,-8.837375276016246e-14,0,0,0,325449.59962817916,176371.0,28153.34443406697
703,102303.60426508702,0.7239959556360405,-8.837375276016246e-14,0,0,0,325647.40604352386,176371.0,28236.208530174037
704,102345.12245610692,0.7232965848044277,-8.837375276016246e-14,0,0,0,325845.66390979034,176371.0,28319.244912213842
705,102386.72695900241,0.7225963290204824,-8.837375276016246e-14,0,0,0,326044.37427599897,176371.0,28402.453918004805
706,102428.41794322355,0.7218951882842033,-8.837375276016246e-14,0,0,0,326243.53819483385,176371.0,28485.83588644712
707,102470.19557876307,0.7211931625955914,-8.837375276016246e-14,0,0,0,326443.15672265633,176371.0,28569.391157526145
708,102512.06003615841,0.7204902519546463,-8.837375276016246e-14,0,0,0,326643.2309195207,176371.0,28653.120072316804
709,102554.01148649369,0.7197864563613678,-8.837375276016246e-14,0,0,0,326843.7618491885,176371.0,28737.022972987383
710,102596.05010140174,0.7190817758157564,-8.837375276016246e-14,0,0,0,327044.75057914347,176371.0,28821.100202803464
711,102638.17605306604,0.7183762103178117,-8.837375276016246e-14,0,0,0,327246.19818060676,176371.0,28905.352106132083
712,102680.38951422284,0.7176697598675339,-8.837375276016246e-14,0,0,0,327448.1057285519,176371.0,28989.77902844569
713,102722.69065816309,0.7169624244649231,-8.837375276016246e-14,0,0,0,327650.47430172,176371.0,29074.381316326177
714,102765.07965873452,0.7162542041099789,-8.837375276016246e-14,0,0,0,327853.3049826346,176371.0,29159.15931746905
715,102807.5566903437,0.7155450988027012,-8.837375276016246e-14,0,0,0,328056.59885761735,176371.0,29244.11338068741
716,102850.121927958,0.7148351085430911,-8.837375276016246e-14,0,0,0,328260.3570168032,176371.0,29329.243855915993
717,102892.77554710781,0.7141242333311473,-8.837375276016246e-14,0,0,0,328464.58055415587,176371.0,29414.55109421563
718,102935.51772388848,0.7134124731668705,-8.837375276016246e-14,0,0,0,328669.27056748327,176371.0,29500.035447776965
719,102978.34863496247,0.7126998280502606,-8.837375276016246e-14,0,0,0,328874.42815845343,176371.0,29585.697269924935
720,103021.2684575614,0.7119862979813174,-8.837375276016246e-14,0,0,0,329080.05443260947,176371.0,29671.536915122793
721,103064.27736948819,0.7112718829600411,-8.837375276016246e-14,0,0,0,329286.15049938613,176371.0,29757.554738976378
722,103107.37554911914,0.7105565829864318,-8.837375276016246e-14,0,0,0,329492.7174721249,176371.0,29843.75109823828
723,103150.5631754061,0.709840398060489,-8.837375276016246e-14,0,0,0,329699.75646809046,176371.0,29930.126350812214
724,103193.84042787855,0.7091233281822131,-8.837375276016246e-14,0,0,0,329907.26860848645,176371.0,30016.680855757095
725,103237.20748664573,0.708405373351604,-8.837375276016246e-14,0,0,0,330115.2550184714,176371.0,30103.41497329145
726,103280.66453239882,0.707686533568662,-8.837375276016246e-14,0,0,0,330323.71682717465,176371.0,30190.329064797646
727,103324.21174641316,0.7069668088333867,-8.837375276016246e-14,0,0,0,330532.65516771347,176371.0,30277.423492826318
728,103367.84931055031,0.706246199145778,-8.837375276016246e-14,0,0,0,330742.0711772085,176371.0,30364.698621100622
729,103411.57740726027,0.7055247045058364,-8.837375276016246e-14,0,0,0,330951.96599680005,176371.0,30452.15481452054
730,103455.39621958371,0.7048023249135615,-8.837375276016246e-14,0,0,0,331162.34077166545,176371.0,30539.792439167424
731,103499.30593115411,0.704079060368954,-8.837375276016246e-14,0,0,0,331373.1966510345,176371.0,30627.611862308222
732,103543.30672620008,0.7033549108720125,-8.837375276016246e-14,0,0,0,331584.5347882072,176371.0,30715.613452400168
733,103587.3987895474,0.7026298764227383,-8.837375276016246e-14,0,0,0,331796.3563405692,176371.0,30803.797579094797
734,103631.5823066214,0.701903957021131,-8.837375276016246e-14,0,0,0,332008.6624696097,176371.0,30892.16461324282
735,103675.85746344921,0.7011771526671904,-8.837375276016246e-14,0,0,0,332221.4543409378,176371.0,30980.714926898414
736,103720.22444666189,0.7004494633609164,-8.837375276016246e-14,0,0,0,332434.73312429944,176371.0,31069.448893323766
737,103764.68344349676,0.6997208891023095,-8.837375276016246e-14,0,0,0,332648.4999935945,176371.0,31158.366886993517
738,103809.23464179973,0.6989914298913693,-8.837375276016246e-14,0,0,0,332862.7561268941,176371.0,31247.46928359947
739,103853.8782300275,0.6982610857280962,-8.837375276016246e-14,0,0,0,333077.50270645745,176371.0,31336.756460055007
740,103898.61439724993,0.6975298566124895,-8.837375276016246e-14,0,0,0,333292.74091874977,176371.0,31426.228794499853
741,103943.4433331522,0.69679774254455,-8.837375276016246e-14,0,0,0,333508.4719544587,176371.0,31515.886666304395
742,103988.36522803735,0.6960647435242768,-8.837375276016246e-14,0,0,0,333724.69700851274,176371.0,31605.730456074703
743,104033.38027282838,0.6953308595516712,-8.837375276016246e-14,0,0,0,333941.41728009813,176371.0,31695.76054565675
744,104078.48865907078,0.6945960906267321,-8.837375276016246e-14,0,0,0,334158.633972677,176371.0,31785.97731814154
745,104123.69057893475,0.6938604367494594,-8.837375276016246e-14,0,0,0,334376.3482940049,176371.0,31876.381157869513
746,104168.9862252176,0.693123897919854,-8.837375276016246e-14,0,0,0,334594.5614561483,176371.0,31966.9724504352
747,104214.37579134613,0.6923864741379153,-8.837375276016246e-14,0,0,0,334813.2746755031,176371.0,32057.751582692264
748,104259.85947137901,0.6916481654036437,-8.837375276016246e-14,0,0,0,335032.489172812,176371.0,32148.71894275801
749,104305.43746000917,0.6909089717170387,-8.837375276016246e-14,0,0,0,335252.20617318334,176371.0,32239.874920018345
750,104351.1099525662,0.6901688930781007,-8.837375276016246e-14,0,0,0,335472.42690610874,176371.0,32331.21990513241
751,104396.87714501879,0.6894279294868293,-8.837375276016246e-14,0,0,0,335693.1526054814,176371.0,32422.754290037596
752,104442.73923397712,0.6886860809432247,-8.837375276016246e-14,0,0,0,335914.38450961467,176371.0,32514.478467954243
753,104488.69641669528,0.6879433474472871,-8.837375276016246e-14,0,0,0,336136.12386126036,176371.0,32606.392833390575
754,104534.74889107383,0.6871997289990164,-8.837375276016246e-14,0,0,0,336358.3719076275,176371.0,32698.497782147668
755,104580.89685566213,0.6864552255984127,-8.837375276016246e-14,0,0,0,336581.12990040076,176371.0,32790.79371132426
756,104627.14050966092,0.6857098372454753,-8.837375276016246e-14,0,0,0,336804.3990957594,176371.0,32883.281019321854
757,104673.48005292471,0.6849635639402052,-8.837375276016246e-14,0,0,0,337028.1807543959,176371.0,32975.96010584942
758,104719.91568596436,0.6842164056826019,-8.837375276016246e-14,0,0,0,337252.47614153504,176371.0,33068.8313719287
759,104766.44760994955,0.6834683624726647,-8.837375276016246e-14,0,0,0,337477.28652695316,176371.0,33161.89521989911
760,104813.07602671126,0.6827194343103951,-8.837375276016246e-14,0,0,0,337702.6131849965,176371.0,33255.15205342252
761,104859.80113874438,0.6819696211957922,-8.837375276016246e-14,0,0,0,337928.45739460125,176371.0,33348.602277488775
762,104906.62314921025,0.6812189231288561,-8.837375276016246e-14,0,0,0,338154.8204393127,176371.0,33442.24629842051
763,104953.54226193915,0.6804673401095869,-8.837375276016246e-14,0,0,0,338381.70360730466,176371.0,33536.0845238783
764,105000.55868143291,0.6797148721379842,-8.837375276016246e-14,0,0,0,338609.1081913985,176371.0,33630.117362865836
765,105047.67261286748,0.6789615192140488,-8.837375276016246e-14,0,0,0,338837.03548908315,176371.0,33724.34522573495
766,105094.88426209554,0.67820728133778,-8.837375276016246e-14,0,0,0,339065.4868025351,176371.0,33818.76852419109
767,105142.19383564912,0.677452158509178,-8.837375276016246e-14,0,0,0,339294.4634386378,176371.0,33913.38767129824
768,105189.60154074215,0.6766961507282427,-8.837375276016246e-14,0,0,0,339523.9667090018,176371.0,34008.20308148431
769,105237.10758527316,0.6759392579949746,-8.837375276016246e-14,0,0,0,339753.9979299847,176371.0,34103.21517054631
770,105284.71217782788,0.6751814803093732,-8.837375276016246e-14,0,0,0,339984.5584227111,176371.0,34198.42435565576
771,105332.41552768195,0.6744228176714386,-8.837375276016246e-14,0,0,0,340215.6495130932,176371.0,34293.831055363895
772,105380.21784480351,0.6736632700811709,-8.837375276016246e-14,0,0,0,340447.27253185085,176371.0,34389.43568960702
773,105428.11933985597,0.6729028375385695,-8.837375276016246e-14,0,0,0,340679.42881453247,176371.0,34485.238679711954
774,105476.12022420057,0.6721415200436356,-8.837375276016246e-14,0,0,0,340912.11970153457,176371.0,34581.24044840114
775,105524.22070989927,0.6713793175963685,-8.837375276016246e-14,0,0,0,341145.34653812356,176371.0,34677.441419798524
776,105572.4210097173,0.670616230196768,-8.837375276016246e-14,0,0,0,341379.1106744557,176371.0,34773.84201943462
777,105620.72133712606,0.6698522578448343,-8.837375276016246e-14,0,0,0,341613.4134655987,176371.0,34870.4426742521
778,105669.12190630562,0.6690874005405676,-8.837375276016246e-14,0,0,0,341848.25627155165,176371.0,34967.24381261125
779,105717.62293214779,0.6683216582839677,-8.837375276016246e-14,0,0,0,342083.64045726723,176371.0,35064.24586429556
780,105766.22463025863,0.6675550310750344,-8.837375276016246e-14,0,0,0,342319.56739267224,176371.0,35161.449260517256
781,105814.92721696137,0.6667875189137682,-8.837375276016246e-14,0,0,0,342556.03845268884,176371.0,35258.85443392274
782,105863.73090929918,0.6660191218001688,-8.837375276016246e-14,0,0,0,342793.05501725635,176371.0,35356.461818598356
783,105912.63592503798,0.6652498397342361,-8.837375276016246e-14,0,0,0,343030.61847135256,176371.0,35454.271850075966
784,105961.64248266927,0.6644796727159703,-8.837375276016246e-14,0,0,0,343268.73020501545,176371.0,35552.284965338535
785,106010.75080141294,0.6637086207453713,-8.837375276016246e-14,0,0,0,343507.3916133647,176371.0,35650.50160282589
786,106059.96110122018,0.6629366838224393,-8.837375276016246e-14,0,0,0,343746.6040966238,176371.0,35748.922202440364
787,106109.2736027763,0.6621638619471741,-8.837375276016246e-14,0,0,0,343986.36906014197,176371.0,35847.547205552604
788,106158.68852750365,0.6613901551195756,-8.837375276016246e-14,0,0,0,344226.6879144162,176371.0,35946.3770550073
789,106208.20609756444,0.6606155633396442,-8.837375276016246e-14,0,0,0,344467.56207511335,176371.0,36045.41219512887
790,106257.82653586377,0.6598400866073793,-8.837375276016246e-14,0,0,0,344708.9929630928,176371.0,36144.65307172754
791,106307.55006605243,0.6590637249227813,-8.837375276016246e-14,0,0,0,344950.98200442834,176371.0,36244.100132104846
792,106357.3769125299,0.6582864782858502,-8.837375276016246e-14,0,0,0,345193.53063043125,176371.0,36343.7538250598
793,106407.30730044731,0.6575083466965861,-8.837375276016246e-14,0,0,0,345436.6402776726,176371.0,36443.61460089462
794,106457.34145571041,0.6567293301549886,-8.837375276016246e-14,0,0,0,345680.3123880066,176371.0,36543.682911420816
795,106507.47960498248,0.6559494286610577,-8.837375276016246e-14,0,0,0,345924.54840859235,176371.0,36643.959209964974
796,106557.72197568737,0.6551686422147942,-8.837375276016246e-14,0,0,0,346169.34979191807,176371.0,36744.443951374735
797,106608.06879601257,0.6543869708161973,-8.837375276016246e-14,0,0,0,346414.7179958237,176371.0,36845.13759202513
798,106658.52029491213,0.6536044144652673,-8.837375276016246e-14,0,0,0,346660.6544835243,176371.0,36946.04058982426
799,106709.07670210979,0.6528209731620038,-8.837375276016246e-14,0,0,0,346907.1607236333,176371.0,37047.15340421956
800,106759.7382481019,0.6520366469064074,-8.837375276016246e-14,0,0,0,347154.23819018574,176371.0,37148.4764962038
801,106810.50516416068,0.6512514356984778,-8.837375276016246e-14,0,0,0,347401.88836266275,176371.0,37250.01032832137
802,106861.37768233714,0.650465339538215,-8.837375276016246e-14,0,0,0,347650.1127260145,176371.0,37351.75536467429
803,106912.35603546427,0.6496783584256189,-8.837375276016246e-14,0,0,0,347898.9127706844,176371.0,37453.71207092853
804,106963.44045716006,0.64889049236069,-8.837375276016246e-14,0,0,0,348148.28999263304,176371.0,37555.88091432012
805,107014.63118183079,0.6481017413434278,-8.837375276016246e-14,0,0,0,348398.2458933625,176371.0,37658.26236366157
806,107065.928444674,0.6473121053738322,-8.837375276016246e-14,0,0,0,348648.78197994037,176371.0,37760.856889348004
807,107117.33248168176,0.6465215844519034,-8.837375276016246e-14,0,0,0,348899.89976502414,176371.0,37863.664963363524
808,107168.84352964377,0.6457301785776419,-8.837375276016246e-14,0,0,0,349151.6007668858,176371.0,37966.687059287535
809,107220.46182615064,0.644937887751047,-8.837375276016246e-14,0,0,0,349403.88650943676,176371.0,38069.92365230128
810,107272.18760959702,0.6441447119721189,-8.837375276016246e-14,0,0,0,349656.758522252,176371.0,38173.37521919405
811,107324.02111918486,0.6433506512408576,-8.837375276016246e-14,0,0,0,349910.2183405957,176371.0,38277.04223836973
812,107375.96259492662,0.6425557055572633,-8.837375276016246e-14,0,0,0,350164.2675054455,176371.0,38380.92518985324
813,107428.01227764857,0.6417598749213356,-8.837375276016246e-14,0,0,0,350418.9075635185,176371.0,38485.02455529712
814,107480.17040899396,0.6409631593330749,-8.837375276016246e-14,0,0,0,350674.1400672955,176371.0,38589.34081798792
815,107532.43723142649,0.6401655587924808,-8.837375276016246e-14,0,0,0,350929.96657504793,176371.0,38693.87446285298
816,107584.81298823339,0.6393670732995538,-8.837375276016246e-14,0,0,0,351186.38865086186,176371.0,38798.625976466785
817,107637.29792352891,0.6385677028542938,-8.837375276016246e-14,0,0,0,351443.4078646648,176371.0,38903.59584705781
818,107689.89228225758,0.6377674474567001,-8.837375276016246e-14,0,0,0,351701.0257922511,176371.0,39008.784564515176
819,107742.59631019758,0.6369663071067735,-8.837375276016246e-14,0,0,0,351959.244015308,176371.0,39114.19262039515
820,107795.41025396404,0.6361642818045137,-8.837375276016246e-14,0,0,0,352218.06412144145,176371.0,39219.820507928096
821,107848.33436101259,0.6353613715499209,-8.837375276016246e-14,0,0,0,352477.4877042032,176371.0,39325.66872202517
822,107901.36887964257,0.6345575763429947,-8.837375276016246e-14,0,0,0,352737.5163631163,176371.0,39431.73775928515
823,107954.51405900058,0.6337528961837358,-8.837375276016246e-14,0,0,0,352998.15170370205,176371.0,39538.028118001144
824,108007.77014908387,0.6329473310721432,-8.837375276016246e-14,0,0,0,353259.3953375069,176371.0,39644.54029816774
825,108061.13740074378,0.6321408810082174,-8.837375276016246e-14,0,0,0,353521.24888212874,176371.0,39751.274801487576
826,108114.61606568922,0.6313335459919589,-8.837375276016246e-14,0,0,0,353783.7139612441,176371.0,39858.232131378434
827,108168.20639649019,0.6305253260233668,-8.837375276016246e-14,0,0,0,354046.79220463574,176371.0,39965.41279298039
828,108221.90864658123,0.6297162211024414,-8.837375276016246e-14,0,0,0,354310.48524821905,176371.0,40072.817293162465
829,108275.72307026492,0.6289062312291835,-8.837375276016246e-14,0,0,0,354574.7947340699,176371.0,40180.44614052985
830,108329.64992271559,0.628095356403592,-8.837375276016246e-14,0,0,0,354839.7223104526,176371.0,40288.29984543118
831,108383.68945998265,0.6272835966256674,-8.837375276016246e-14,0,0,0,355105.26963184687,176371.0,40396.3789199653
832,108437.84193899427,0.6264709518954097,-8.837375276016246e-14,0,0,0,355371.4383589758,176371.0,40504.68387798855
833,108492.10761756104,0.6256574222128188,-8.837375276016246e-14,0,0,0,355638.23015883454,176371.0,40613.21523512207
834,108546.48675437944,0.6248430075778948,-8.837375276016246e-14,0,0,0,355905.64670471766,176371.0,40721.97350875887
835,108600.97960903557,0.6240277079906376,-8.837375276016246e-14,0,0,0,356173.68967624777,176371.0,40830.95921807113
836,108655.58644200876,0.6232115234510474,-8.837375276016246e-14,0,0,0,356442.360759404,176371.0,40940.17288401751
837,108710.30751467528,0.6223944539591235,-8.837375276016246e-14,0,0,0,356711.66164655075,176371.0,41049.615029350556
838,108765.1430893119,0.6215764995148669,-8.837375276016246e-14,0,0,0,356981.5940364658,176371.0,41159.286178623785
839,108820.09342909977,0.6207576601182767,-8.837375276016246e-14,0,0,0,357252.15963437024,176371.0,41269.18685819954
840,108875.15879812794,0.619937935769354,-8.837375276016246e-14,0,0,0,357523.3601519564,176371.0,41379.31759625589
841,108930.33946139737,0.6191173264680976,-8.837375276016246e-14,0,0,0,357795.1973074184,176371.0,41489.67892279472
842,108985.63568482434,0.618295832214508,-8.837375276016246e-14,0,0,0,358067.67282548023,176371.0,41600.2713696487
843,109041.04773524455,0.6174734530085855,-8.837375276016246e-14,0,0,0,358340.78843742615,176371.0,41711.0954704891
844,109096.57588041671,0.6166501888503297,-8.837375276016246e-14,0,0,0,358614.5458811301,176371.0,41822.15176083342
845,109152.22038902645,0.6158260397397408,-8.837375276016246e-14,0,0,0,358888.9469010856,176371.0,41933.4407780529
846,109207.98153069013,0.6150010056768187,-8.837375276016246e-14,0,0,0,359163.99324843584,176371.0,42044.96306138026
847,109263.85957595868,0.6141750866615634,-8.837375276016246e-14,0,0,0,359439.6866810038,176371.0,42156.719151917365
848,109264.00000000001,0.6141730121540487,-8.837375276016246e-14,0,0,0,359440.37959982204,176371.0,42157.00000000002
849,109030.50849393377,0.6133467542037048,-8.837375276016246e-14,0,0,0,358288.83714668197,175904.0169878675,42157.00000000003
850,108798.07217135868,0.6125207077786996,-8.837375276016246e-14,0,0,0,357143.7227140619,175439.14434271734,42157.00000000002
851,108566.68391830691,0.6116948728790328,-8.837375276016246e-14,0,0,0,356004.9859731751,174976.3678366138,42157.00000000003
852,108336.33668462737,0.6108692495047049,-8.837375276016246e-14,0,0,0,354872.57710167614,174515.67336925474,42157.00000000002
853,108107.02348327161,0.6100438376557157,-8.837375276016246e-14,0,0,0,353746.4467774405,174057.0469665432,42157.00000000002
854,107878.73738958928,0.6092186373320649,-8.837375276016246e-14,0,0,0,352626.54617243423,173600.47477917853,42157.000000000015
855,107651.47154063349,0.6083936485337529,-8.837375276016246e-14,0,0,0,351512.82694667473,173145.94308126695,42157.000000000015
856,107425.21913447474,0.6075688712607796,-8.837375276016246e-14,0,0,0,350405.24124227476,172693.43826894945,42157.000000000015
857,107199.9734295245,0.6067443055131454,-8.837375276016246e-14,0,0,0,349303.74167757545,172242.94685904897,42157.000000000015
858,106975.72774386717,0.6059199512908493,-8.837375276016246e-14,0,0,0,348208.28134136,171794.45548773432,42157.00000000002
859,106752.47545460207,0.605095808593892,-8.837375276016246e-14,0,0,0,347118.8137871565,171347.9509092041,42157.00000000002
860,106530.20999719277,0.6042718774222737,-8.837375276016246e-14,0,0,0,346035.2930276153,170903.4199943855,42157.00000000002
861,106308.92486482549,0.6034481577759936,-8.837375276016246e-14,0,0,0,344957.67352896876,170460.84972965094,42157.00000000003
862,106088.6136077767,0.6026246496550526,-8.837375276016246e-14,0,0,0,343885.9102055746,170020.22721555337,42157.00000000002
863,105869.2698327877,0.6018013530594503,-8.837375276016246e-14,0,0,0,342819.9584145284,169581.53966557537,42157.00000000002
864,105650.88720244831,0.6009782679891864,-8.837375276016246e-14,0,0,0,341759.7739503592,169144.7744048966,42157.00000000003
865,105433.45943458854,0.6001553944442615,-8.837375276016246e-14,0,0,0,340705.3130397978,168709.91886917705,42157.000000000015
866,105216.9803016777,0.5993327324246748,-8.837375276016246e-14,0,0,0,339656.53233661747,168276.96060335537,42157.00000000002
867,105001.44363023208,0.5985102819304271,-8.837375276016246e-14,0,0,0,338613.388916551,167845.88726046414,42157.00000000003
868,104786.84330022938,0.5976880429615181,-8.837375276016246e-14,0,0,0,337575.8402722736,167416.68660045875,42157.000000000015
869,104573.17324453173,0.5968660155179477,-8.837375276016246e-14,0,0,0,336543.8443084624,166989.34648906344,42157.00000000002
870,104360.42744831544,0.5960441995997161,-8.837375276016246e-14,0,0,0,335517.35933692043,166563.85489663086,42157.00000000002
871,104148.59994850842,0.5952225952068233,-8.837375276016246e-14,0,0,0,334496.34407177044,166140.19989701684,42157.000000000015
872,103937.68483323473,0.5944012023392689,-8.837375276016246e-14,0,0,0,333480.7576247155,165718.36966646943,42157.000000000015
873,103727.67624126663,0.5935800209970534,-8.837375276016246e-14,0,0,0,332470.5595003665,165298.35248253323,42157.00000000002
874,103518.56836148276,0.5927590511801764,-8.837375276016246e-14,0,0,0,331465.70959163096,164880.1367229655,42157.000000000015
875,103310.35543233462,0.5919382928886381,-8.837375276016246e-14,0,0,0,330466.1681751715,164463.7108646692,42157.00000000003
876,103103.03174131837,0.5911177461224384,-8.837375276016246e-14,0,0,0,329471.89590692037,164049.0634826367,42157.00000000003
877,102896.59162445457,0.5902974108815775,-8.837375276016246e-14,0,0,0,328482.85381766123,163636.1832489091,42157.00000000002
878,102691.02946577391,0.5894772871660556,-8.837375276016246e-14,0,0,0,327499.00330866914,163225.0589315478,42157.00000000002
879,102486.33969680933,0.5886573749758722,-8.837375276016246e-14,0,0,0,326520.3061474091,162815.67939361863,42157.00000000002
880,102282.51679609521,0.5878376743110272,-8.837375276016246e-14,0,0,0,325546.7244632972,162408.0335921904,42157.00000000003
881,102079.55528867256,0.5870181851715213,-8.837375276016246e-14,0,0,0,324578.2207435178,162002.1105773451,42157.00000000003
882,101877.44974559991,0.5861989075573539,-8.837375276016246e-14,0,0,0,323614.757828895,161597.8994911998,42157.000000000015
883,101676.19478347132,0.585379841468525,-8.837375276016246e-14,0,0,0,322656.29890982545,161195.3895669426,42157.000000000015
884,101475.78506393997,0.5845609869050349,-8.837375276016246e-14,0,0,0,321702.8075222636,160794.5701278799,42157.00000000002
885,101276.21529324731,0.5837423438668834,-8.837375276016246e-14,0,0,0,320754.2475437595,160395.4305864946,42157.00000000002
886,101077.48022175902,0.582923912354071,-8.837375276016246e-14,0,0,0,319810.58318955515,159997.960443518,42157.000000000015
887,100879.57464350565,0.5821056923665967,-8.837375276016246e-14,0,0,0,318871.7790087272,159602.1492870113,42157.00000000002
888,100682.49339573036,0.5812876839044614,-8.837375276016246e-14,0,0,0,317937.79988038907,159207.9867914607,42157.00000000003
889,100486.2313584407,0.5804698869676647,-8.837375276016246e-14,0,0,0,317008.61100993614,158815.46271688136,42157.00000000002
890,100290.78345396736,0.579652301556207,-8.837375276016246e-14,0,0,0,316084.1779253485,158424.5669079347,42157.00000000002
891,100096.14464652726,0.5788349276700877,-8.837375276016246e-14,0,0,0,315164.4664735368,158035.2892930545,42157.000000000015
892,99902.30994179298,0.5780177653093072,-8.837375276016246e-14,0,0,0,314249.44281674275,157647.61988358592,42157.00000000002
893,99709.27438646668,0.5772008144738651,-8.837375276016246e-14,0,0,0,313339.07342898275,157261.54877293337,42157.00000000002
894,99517.03306786001,0.5763840751637618,-8.837375276016246e-14,0,0,0,312433.3250925425,156877.06613572003,42157.00000000002
895,99325.58111347847,0.5755675473789972,-8.837375276016246e-14,0,0,0,311532.1648945154,156494.16222695692,42157.00000000002
896,99134.91369061136,0.5747512311195715,-8.837375276016246e-14,0,0,0,310635.5602233886,156112.82738122268,42157.000000000015
897,98945.02600592647,0.5739351263854844,-8.837375276016246e-14,0,0,0,309743.4787656728,155733.0520118529,42157.00000000002
898,98755.91330506992,0.5731192331767361,-8.837375276016246e-14,0,0,0,308855.8885025778,155354.8266101398,42157.00000000002
899,98567.57087227065,0.5723035514933262,-8.837375276016246e-14,0,0,0,307972.7577067311,154978.1417445413,42157.00000000002
900,98379.99402995,0.5714880813352552,-8.837375276016246e-14,0,0,0,307094.0549389401,154602.98805989997,42157.000000000015
901,98193.17813833573,0.5706728227025228,-8.837375276016246e-14,0,0,0,306219.7490449959,154229.35627667143,42157.00000000002
902,98007.11859508073,0.569857775595129,-8.837375276016246e-14,0,0,0,305349.80915251904,153857.23719016142,42157.00000000002
903,97821.81083488678,0.5690429400130741,-8.837375276016246e-14,0,0,0,304484.20466784853,153486.62166977354,42157.00000000002
904,97637.25032913202,0.5682283159563575,-8.837375276016246e-14,0,0,0,303622.90527296724,153117.500658264,42157.00000000002
905,97453.43258550394,0.5674139034249799,-8.837375276016246e-14,0,0,0,302765.8809224725,152749.86517100784,42157.000000000015
906,97270.35314763572,0.566599702418941,-8.837375276016246e-14,0,0,0,301913.10184058105,152383.7062952714,42157.00000000002
907,97088.00759474761,0.5657857129382405,-8.837375276016246e-14,0,0,0,301064.5385181756,152019.0151894952,42157.00000000002
908,96906.39154129264,0.5649719349828792,-8.837375276016246e-14,0,0,0,300220.1617098904,151655.78308258526,42157.00000000002
909,96725.50063660576,0.564158368552856,-8.837375276016246e-14,0,0,0,299379.9424312302,151294.0012732115,42157.00000000003
910,96545.33056455849,0.5633450136481719,-8.837375276016246e-14,0,0,0,298543.851955733,150933.66112911695,42157.00000000002
911,96365.87704321614,0.5625318702688262,-8.837375276016246e-14,0,0,0,297711.86181216105,150574.75408643225,42157.00000000002
912,96187.13582450044,0.5617189384148192,-8.837375276016246e-14,0,0,0,296883.94378173596,150217.27164900085,42157.00000000002
913,96009.1026938553,0.560906218086151,-8.837375276016246e-14,0,0,0,296060.0698954033,149861.20538771056,42157.00000000003
914,95831.77346991685,0.5600937092828217,-8.837375276016246e-14,0,0,0,295240.2124311349,149506.54693983367,42157.00000000002
915,95655.14400418739,0.5592814120048311,-8.837375276016246e-14,0,0,0,294424.3439112651,149153.28800837474,42157.000000000015
916,95479.21018071295,0.5584693262521787,-8.837375276016246e-14,0,0,0,293612.4370998602,148801.42036142587,42157.00000000003
917,95303.9679157651,0.5576574520248653,-8.837375276016246e-14,0,0,0,292804.4650001233,148450.9358315302,42157.00000000002
918,95129.41315752591,0.5568457893228906,-8.837375276016246e-14,0,0,0,292000.400851829,148101.8263150518,42157.000000000015
919,94955.54188577698,0.5560343381462546,-8.837375276016246e-14,0,0,0,291200.2181287928,147754.08377155394,42157.00000000002
920,94782.35011159195,0.5552230984949571,-8.837375276016246e-14,0,0,0,290403.89053637214,147407.70022318387,42157.00000000002
921,94609.83387703275,0.5544120703689984,-8.837375276016246e-14,0,0,0,289611.3920089983,147062.66775406548,42157.00000000002
922,94437.98925484918,0.5536012537683784,-8.837375276016246e-14,0,0,0,288822.69670773984,146718.97850969833,42157.00000000002
923,94266.81234818196,0.5527906486930969,-8.837375276016246e-14,0,0,0,288037.7790178959,146376.6246963639,42157.00000000002
924,94096.29929026972,0.5519802551431543,-8.837375276016246e-14,0,0,0,287256.61354662175,146035.5985805394,42157.00000000003
925,93926.44624415839,0.5511700731185503,-8.837375276016246e-14,0,0,0,286479.17512057995,145695.89248831675,42157.00000000003
926,93757.24940241511,0.5503601026192851,-8.837375276016246e-14,0,0,0,285705.438783626,145357.4988048302,42157.00000000002
927,93588.7049868445,0.5495503436453586,-8.837375276016246e-14,0,0,0,284935.3797945185,145020.40997368898,42157.00000000002
928,93420.80924820872,0.5487407961967707,-8.837375276016246e-14,0,0,0,284168.97362466017,144684.61849641742,42157.00000000002
929,93253.55846595048,0.5479314602735215,-8.837375276016246e-14,0,0,0,283406.1959558658,144350.11693190094,42157.00000000002
930,93086.94894791946,0.547122335875611,-8.837375276016246e-14,0,0,0,282647.0226781588,144016.8978958389,42157.000000000015
931,92920.97703010154,0.5463134230030389,-8.837375276016246e-14,0,0,0,281891.4298875939,143684.95406020305,42157.000000000015
932,92755.63907635157,0.5455047216558058,-8.837375276016246e-14,0,0,0,281139.39388410805,143354.2781527031,42157.00000000002
933,92590.93147812854,0.5446962318339115,-8.837375276016246e-14,0,0,0,280390.8911693957,143024.86295625704,42157.00000000002
934,92426.85065423434,0.5438879535373556,-8.837375276016246e-14,0,0,0,279645.8984448122,142696.70130846865,42157.00000000002
935,92263.39305055536,0.5430798867661386,-8.837375276016246e-14,0,0,0,278904.3926093028,142369.78610111072,42157.000000000015
936,92100.55513980673,0.5422720315202598,-8.837375276016246e-14,0,0,0,278166.35075735545,142044.11027961344,42157.00000000003
937,91938.33342127992,0.5414643877997203,-8.837375276016246e-14,0,0,0,277431.75017698057,141719.66684255982,42157.00000000003
938,91776.7244205925,0.5406569556045193,-8.837375276016246e-14,0,0,0,276700.5683477128,141396.448841185,42157.000000000015
939,91615.72468944153,0.5398497349346569,-8.837375276016246e-14,0,0,0,275972.782938641,141074.44937888303,42157.000000000015
940,91455.33080535916,0.5390427257901331,-8.837375276016246e-14,0,0,0,275248.37180645816,140753.6616107183,42157.00000000003
941,91295.53937147111,0.5382359281709481,-8.837375276016246e-14,0,0,0,274527.3129935377,140434.0787429422,42157.00000000002
942,91136.34701625803,0.5374293420771019,-8.837375276016246e-14,0,0,0,273809.5847260322,140115.69403251604,42157.00000000003
943,90977.7503933191,0.5366229675085943,-8.837375276016246e-14,0,0,0,273095.1654119939,139798.50078663818,42157.00000000003
944,90819.74618113888,0.5358168044654255,-8.837375276016246e-14,0,0,0,272384.0336395207,139482.49236227773,42157.000000000015
945,90662.33108285614,0.535010852947595,-8.837375276016246e-14,0,0,0,271676.1681749212,139167.66216571225,42157.00000000002
946,90505.50182603582,0.5342051129551035,-8.837375276016246e-14,0,0,0,270971.54796090507,138854.0036520716,42157.00000000002
947,90349.25516244289,0.5333995844879507,-8.837375276016246e-14,0,0,0,270270.15211479145,138541.51032488575,42157.00000000002
948,90193.58786781938,0.5325942675461364,-8.837375276016246e-14,0,0,0,269571.9599267426,138230.17573563874,42157.00000000003
949,90038.49674166337,0.5317891621296607,-8.837375276016246e-14,0,0,0,268876.9508580156,137919.99348332672,42157.00000000003
950,89883.97860701081,0.5309842682385241,-8.837375276016246e-14,0,0,0,268185.10453923757,137610.9572140216,42157.00000000002
951,89730.03031021914,0.5301795858727258,-8.837375276016246e-14,0,0,0,267496.4007686978,137303.06062043825,42157.00000000002
952,89576.64872075418,0.5293751150322663,-8.837375276016246e-14,0,0,0,266810.819510665,136996.29744150833,42157.00000000002
953,89423.83073097853,0.5285708557171457,-8.837375276016246e-14,0,0,0,266128.3408937201,136690.66146195706,42157.00000000002
954,89271.57325594273,0.5277668079273637,-8.837375276016246e-14,0,0,0,265448.94520911126,136386.14651188545,42157.00000000002
955,89119.87323317851,0.5269629716629203,-8.837375276016246e-14,0,0,0,264772.6129091275,136082.746466357,42157.000000000015
956,88968.7276224946,0.5261593469238155,-8.837375276016246e-14,0,0,0,264099.3246054921,135780.45524498916,42157.000000000015
957,88818.13340577434,0.5253559337100495,-8.837375276016246e-14,0,0,0,263429.0610677743,135479.26681154864,42157.00000000002
958,88668.0875867757,0.5245527320216221,-8.837375276016246e-14,0,0,0,262761.80322181963,135179.17517355137,42157.00000000003
959,88518.58719093355,0.5237497418585334,-8.837375276016246e-14,0,0,0,262097.53214819904,134880.17438186708,42157.00000000002
960,88369.62926516401,0.5229469632207834,-8.837375276016246e-14,0,0,0,261436.2290806767,134582.258530328,42157.00000000002
961,88221.21087767079,0.5221443961083722,-8.837375276016246e-14,0,0,0,260777.87540469432,134285.42175534158,42157.00000000002
962,88073.32911775376,0.5213420405212996,-8.837375276016246e-14,0,0,0,260122.4526558743,133989.6582355075,42157.00000000002
963,87925.98109561953,0.5205398964595656,-8.837375276016246e-14,0,0,0,259469.9425185396,133694.96219123903,42157.00000000002
964,87779.1639421942,0.5197379639231703,-8.837375276016246e-14,0,0,0,258820.32682425226,133401.32788438836,42157.000000000015
965,87632.87480893784,0.5189362429121137,-8.837375276016246e-14,0,0,0,258173.58755036656,133108.74961787564,42157.00000000002
966,87487.11086766119,0.5181347334263958,-8.837375276016246e-14,0,0,0,257529.70681860068,132817.22173532238,42157.00000000002
967,87341.8693103443,0.5173334354660168,-8.837375276016246e-14,0,0,0,256888.66689362476,132526.73862068856,42157.000000000015
968,87197.14734895693,0.5165323490309766,-8.837375276016246e-14,0,0,0,256250.4501816644,132237.29469791384,42157.000000000015
969,87052.94221528101,0.5157314741212744,-8.837375276016246e-14,0,0,0,255615.03922912048,131948.884430562,42157.000000000015
970,86909.2511607353,0.5149308107369113,-8.837375276016246e-14,0,0,0,254982.41672120703,131661.50232147056,42157.00000000002
971,86766.07145620105,0.5141303588778869,-8.837375276016246e-14,0,0,0,254352.56548060037,131375.14291240208,42157.00000000002
972,86623.40039185036,0.5133301185442011,-8.837375276016246e-14,0,0,0,253725.46846610744,131089.8007837007,42157.00000000002
973,86481.23527697606,0.512530089735854,-8.837375276016246e-14,0,0,0,253101.10877134858,130805.47055395211,42157.000000000015
974,86339.57343982329,0.5117302724528459,-8.837375276016246e-14,0,0,0,252479.4696234544,130522.14687964655,42157.00000000002
975,86198.41222742271,0.5109306666951758,-8.837375276016246e-14,0,0,0,251860.5343817773,130239.8244548454,42157.00000000003
976,86057.74900542626,0.5101312724628451,-8.837375276016246e-14,0,0,0,251244.28653662064,129958.49801085249,42157.00000000002
977,85917.58115794341,0.5093320897558526,-8.837375276016246e-14,0,0,0,250630.70970797742,129678.16231588679,42157.00000000002
978,85777.9060873803,0.508533118574199,-8.837375276016246e-14,0,0,0,250019.7876442883,129398.81217476056,42157.00000000002
979,85638.72121427975,0.5077343589178841,-8.837375276016246e-14,0,0,0,249411.50422120982,129120.44242855947,42157.00000000002
980,85500.02397716344,0.506935810786908,-8.837375276016246e-14,0,0,0,248805.84344039895,128843.04795432686,42157.00000000002
981,85361.81183237536,0.5061374741812703,-8.837375276016246e-14,0,0,0,248202.78942830994,128566.6236647507,42157.00000000002
982,85224.08225392728,0.5053393491009714,-8.837375276016246e-14,0,0,0,247602.32643500585,128291.16450785454,42157.000000000015
983,85086.83273334548,0.5045414355460112,-8.837375276016246e-14,0,0,0,247004.43883298256,128016.66546669095,42157.00000000002
984,84950.0607795193,0.5037437335163897,-8.837375276016246e-14,0,0,0,246409.1111160064,127743.12155903858,42157.00000000003
985,84813.76391855105,0.5029462430121068,-8.837375276016246e-14,0,0,0,245816.3278979643,127470.52783710208,42157.00000000002
986,84677.93969360783,0.5021489640331628,-8.837375276016246e-14,0,0,0,245226.07391172842,127198.87938721562,42157.00000000002
987,84542.58566477428,0.501351896579557,-8.837375276016246e-14,0,0,0,244638.33400803027,126928.17132954852,42157.00000000002
988,84407.69940890772,0.5005550406512903,-8.837375276016246e-14,0,0,0,244053.09315435198,126658.39881781541,42157.00000000002
989,84273.27851949382,0.4997583962483624,-8.837375276016246e-14,0,0,0,243470.33643382494,126389.55703898762,42157.00000000002
990,84139.32060650438,0.4989619633707729,-8.837375276016246e-14,0,0,0,242890.04904414408,126121.64121300874,42157.00000000002
991,84005.8232962565,0.49816574201852215,-8.837375276016246e-14,0,0,0,242312.2162964935,125854.64659251296,42157.00000000002
992,83872.78423127295,0.49736973219161007,-8.837375276016246e-14,0,0,0,241736.823614483,125588.56846254587,42157.00000000003
993,83740.20107014416,0.49657393389003657,-8.837375276016246e-14,0,0,0,241163.85653309722,125323.4021402883,42157.00000000002
994,83608.07148739167,0.4957783471138021,-8.837375276016246e-14,0,0,0,240593.30069765678,125059.14297478333,42157.00000000002
995,83476.39317333259,0.4949829718629061,-8.837375276016246e-14,0,0,0,240025.14186278894,124795.78634666515,42157.00000000002
996,83345.16383394606,0.49418780813734886,-8.837375276016246e-14,0,0,0,239459.36589141242,124533.3276678921,42157.00000000002
997,83214.38119074049,0.49339285593713034,-8.837375276016246e-14,0,0,0,238895.95875373087,124271.76238148096,42157.00000000002
998,83084.04298062241,0.4925981152622503,-8.837375276016246e-14,0,0,0,238334.90652623848,124011.08596124481,42157.000000000015
999,82954.14695576677,0.4918035861127089,-8.837375276016246e-14,0,0,0,237776.195390737,123751.29391153353,42157.00000000002
1000,82824.69088348825,0.49100926848850635,-8.837375276016246e-14,0,0,0,237219.81163336226,123492.38176697647,42157.00000000002
1001,82695.672546114,0.4902151623896426,-8.837375276016246e-14,0,0,0,236665.7416436218,123234.34509222799,42157.00000000002
1002,82567.08974085774,0.48942126781611717,-8.837375276016246e-14,0,0,0,236113.9719134434,122977.17948171546,42157.00000000003
1003,82438.94027969516,0.4886275847679309,-8.837375276016246e-14,0,0,0,235564.48903623398,122720.8805593903,42157.00000000002
1004,82311.22198924019,0.4878341132450831,-8.837375276016246e-14,0,0,0,235017.27970594732,122465.44397848035,42157.00000000002
1005,82183.93271062309,0.48704085324757396,-8.837375276016246e-14,0,0,0,234472.33071616388,122210.86542124616,42157.000000000015
1006,82057.07029936933,0.48624780477540364,-8.837375276016246e-14,0,0,0,233929.62895917945,121957.14059873864,42157.00000000002
1007,81930.63262527972,0.4854549678285718,-8.837375276016246e-14,0,0,0,233389.16142510314,121704.26525055942,42157.000000000015
1008,81804.61757231204,0.4846623424070786,-8.837375276016246e-14,0,0,0,232850.91520096682,121452.23514462406,42157.00000000002
1009,81679.02303846348,0.48386992851092425,-8.837375276016246e-14,0,0,0,232314.8774698423,121201.04607692694,42157.00000000002
1010,81553.84693565442,0.4830777261401086,-8.837375276016246e-14,0,0,0,231781.03550996896,120950.69387130883,42157.00000000002
1011,81429.08718961335,0.48228573529463137,-8.837375276016246e-14,0,0,0,231249.37669389066,120701.17437922668,42157.00000000003
1012,81304.74173976299,0.48149395597449307,-8.837375276016246e-14,0,0,0,230719.8884876019,120452.48347952597,42157.00000000002
1013,81180.80853910743,0.4807023881796936,-8.837375276016246e-14,0,0,0,230192.55844970274,120204.61707821484,42157.00000000003
1014,81057.28555412024,0.47991103191023243,-8.837375276016246e-14,0,0,0,229667.37423056277,119957.57110824047,42157.00000000002
1015,80934.17076463433,0.4791198871661103,-8.837375276016246e-14,0,0,0,229144.32357149536,119711.34152926863,42157.00000000002
1016,80811.46216373183,0.47832895394732666,-8.837375276016246e-14,0,0,0,228623.39430393776,119465.92432746365,42157.00000000002
1017,80689.15775763619,0.4775382322538817,-8.837375276016246e-14,0,0,0,228104.5743486434,119221.31551527236,42157.000000000015
1018,80567.25556560447,0.47674772208577554,-8.837375276016246e-14,0,0,0,227587.8517148801,118977.51113120893,42157.00000000002
1019,80445.75361982107,0.47595742344300773,-8.837375276016246e-14,0,0,0,227073.21449963772,118734.50723964212,42157.00000000002
1020,80324.64996529264,0.47516733632557906,-8.837375276016246e-14,0,0,0,226560.650886845,118492.29993058527,42157.00000000002
1021,80203.94265974348,0.47437746073348885,-8.837375276016246e-14,0,0,0,226050.14914659254,118250.88531948693,42157.00000000002
1022,80083.62977351257,0.47358779666673745,-8.837375276016246e-14,0,0,0,225541.69763436643,118010.25954702513,42157.000000000015
1023,79963.70938945125,0.47279834412532473,-8.837375276016246e-14,0,0,0,225035.28479028834,117770.41877890249,42157.000000000015
1024,79844.17960282188,0.47200910310925037,-8.837375276016246e-14,0,0,0,224530.89913836366,117531.35920564373,42157.00000000002
1025,79725.03852119777,0.4712200736185149,-8.837375276016246e-14,0,0,0,224028.5292857388,117293.07704239553,42157.00000000002
1026,79606.28426436374,0.4704312556531185,-8.837375276016246e-14,0,0,0,223528.16392196476,117055.56852872747,42157.000000000015
1027,79487.91496421765,0.4696426492130602,-8.837375276016246e-14,0,0,0,223029.79181826828,116818.82992843527,42157.00000000002
1028,79369.92876467342,0.46885425429834093,-8.837375276016246e-14,0,0,0,222533.40182683317,116582.85752934682,42157.00000000002
1029,79252.32382156413,0.46806607090896013,-8.837375276016246e-14,0,0,0,222038.98288008536,116347.64764312824,42157.00000000002
1030,79135.09830254683,0.4672780990449181,-8.837375276016246e-14,0,0,0,221546.5239899885,116113.19660509365,42157.00000000002
1031,79018.25038700776,0.4664903387062148,-8.837375276016246e-14,0,0,0,221056.01424734527,115879.50077401551,42157.00000000002
1032,78901.7782659687,0.4657027898928503,-8.837375276016246e-14,0,0,0,220567.44282110615,115646.5565319374,42157.00000000002
1033,78785.68014199418,0.4649154526048245,-8.837375276016246e-14,0,0,0,220080.79895768568,115414.36028398832,42157.00000000002
1034,78669.95422909947,0.4641283268421371,-8.837375276016246e-14,0,0,0,219596.07198028546,115182.90845819892,42157.00000000002
1035,78554.59875265976,0.46334141260478856,-8.837375276016246e-14,0,0,0,219113.2512882249,114952.19750531949,42157.00000000002
1036,78439.61194931973,0.46255470989277847,-8.837375276016246e-14,0,0,0,218632.32635627736,114722.22389863944,42157.00000000002
1037,78324.99206690448,0.4617682187061072,-8.837375276016246e-14,0,0,0,218153.2867340147,114492.98413380893,42157.00000000002
1038,78210.73736433091,0.4609819390447749,-8.837375276016246e-14,0,0,0,217676.1220451578,114264.47472866181,42157.00000000002
1039,78096.84611152003,0.460195870908781,-8.837375276016246e-14,0,0,0,217200.82198693306,114036.69222304004,42157.00000000002
1040,77983.31658931039,0.4594100142981259,-8.837375276016246e-14,0,0,0,216727.37632943733,113809.63317862074,42157.00000000002
1041,77870.14708937192,0.4586243692128096,-8.837375276016246e-14,0,0,0,216255.77491500764,113583.29417874382,42157.00000000002
1042,77757.33591412079,0.45783893565283174,-8.837375276016246e-14,0,0,0,215786.00765759766,113357.67182824157,42157.00000000002
1043,77644.88137663517,0.4570537136181926,-8.837375276016246e-14,0,0,0,215318.06454216177,113132.76275327032,42157.00000000002
1044,77532.7818005715,0.4562687031088921,-8.837375276016246e-14,0,0,0,214851.93562404354,112908.56360114296,42157.00000000002
1045,77421.0355200818,0.45548390412493056,-8.837375276016246e-14,0,0,0,214387.61102837167,112685.07104016359,42157.00000000002
1046,77309.64087973161,0.4546993166663075,-8.837375276016246e-14,0,0,0,213925.08094946158,112462.2817594632,42157.000000000015
1047,77198.5962344188,0.45391494073302296,-8.837375276016246e-14,0,0,0,213464.33565022342,112240.19246883759,42157.00000000002
1048,77087.89994929309,0.45313077632507737,-8.837375276016246e-14,0,0,0,213005.36546157562,112018.79989858616,42157.00000000002
1049,76977.55039967624,0.45234682344247046,-8.837375276016246e-14,0,0,0,212548.16078186454,111798.10079935247,42157.00000000002
1050,76867.54597098313,0.45156308208520224,-8.837375276016246e-14,0,0,0,212092.71207628996,111578.09194196625,42157.00000000002
1051,76757.8850586435,0.4507795522532726,-8.837375276016246e-14,0,0,0,211639.00987633647,111358.77011728699,42157.00000000002
1052,76648.56606802442,0.44999623394668165,-8.837375276016246e-14,0,0,0,211187.0447792105,111140.13213604882,42157.000000000015
1053,76539.5874143535,0.4492131271654294,-8.837375276016246e-14,0,0,0,210736.80744728303,110922.17482870698,42157.00000000002
1054,76430.94752264273,0.4484302319095158,-8.837375276016246e-14,0,0,0,210288.2886075375,110704.89504528543,42157.00000000002
1055,76322.64482761321,0.44764754817894103,-8.837375276016246e-14,0,0,0,209841.47905102404,110488.2896552264,42157.00000000002
1056,76214.67777362028,0.44686507597370484,-8.837375276016246e-14,0,0,0,209396.36963231803,110272.35554724054,42157.00000000002
1057,76107.0448145797,0.44608281529380733,-8.837375276016246e-14,0,0,0,208952.95126898543,110057.08962915937,42157.00000000003
1058,75999.74441389414,0.4453007661392483,-8.837375276016246e-14,0,0,0,208511.2149410519,109842.48882778826,42157.00000000002
1059,75892.77504438079,0.4445189285100284,-8.837375276016246e-14,0,0,0,208071.15169047922,109628.55008876156,42157.00000000002
1060,75786.13518819901,0.44373730240614684,-8.837375276016246e-14,0,0,0,207632.752620644,109415.27037639801,42157.00000000002
1061,75679.82333677934,0.4429558878276041,-8.837375276016246e-14,0,0,0,207196.00889582458,109202.64667355867,42157.00000000002
1062,75573.83799075267,0.44217468477440014,-8.837375276016246e-14,0,0,0,206760.91174069126,108990.67598150532,42157.00000000002
1063,75468.17765988012,0.44139369324653455,-8.837375276016246e-14,0,0,0,206327.45243980142,108779.35531976022,42157.00000000002
1064,75362.84086298395,0.4406129132440081,-8.837375276016246e-14,0,0,0,205895.6223371013,108568.6817259679,42157.000000000015
1065,75257.82612787845,0.43983234476682,-8.837375276016246e-14,0,0,0,205465.41283543027,108358.65225575688,42157.00000000002
1066,75153.13199130206,0.4390519878149707,-8.837375276016246e-14,0,0,0,205036.8153960322,108149.2639826041,42157.00000000002
1067,75048.75699884971,0.43827184238845995,-8.837375276016246e-14,0,0,0,204609.82153807025,107940.51399769941,42157.00000000002
1068,74944.69970490609,0.43749190848728814,-8.837375276016246e-14,0,0,0,204184.42283814706,107732.39940981215,42157.00000000002
1069,74840.95867257903,0.43671218611145446,-8.837375276016246e-14,0,0,0,203760.61092982866,107524.91734515803,42157.00000000002
1070,74737.53247363433,0.43593267526096025,-8.837375276016246e-14,0,0,0,203338.3775031756,107318.06494726863,42157.00000000003
1071,74634.41968842997,0.43515337593580417,-8.837375276016246e-14,0,0,0,202917.7143042742,107111.83937685993,42157.00000000002
1072,74531.61890585229,0.4343742881359871,-8.837375276016246e-14,0,0,0,202498.61313477767,106906.23781170456,42157.00000000002
1073,74429.12872325147,0.4335954118615084,-8.837375276016246e-14,0,0,0,202081.06585144703,106701.25744650292,42157.00000000002
1074,74326.94774637862,0.4328167471123687,-8.837375276016246e-14,0,0,0,201665.06436569974,106496.89549275722,42157.00000000002
1075,74225.07458932264,0.4320382938885675,-8.837375276016246e-14,0,0,0,201250.60064316078,106293.14917864527,42157.00000000002
1076,74123.50787444825,0.4312600521901052,-8.837375276016246e-14,0,0,0,200837.66670321912,106090.01574889646,42157.00000000002
1077,74022.24623233407,0.4304820220169814,-8.837375276016246e-14,0,0,0,200426.25461858773,105887.49246466813,42157.00000000002
1078,73921.28830171174,0.4297042033691961,-8.837375276016246e-14,0,0,0,200016.35651486873,105685.57660342347,42157.00000000002
1079,73820.63272940522,0.4289265962467498,-8.837375276016246e-14,0,0,0,199607.964570122,105484.26545881042,42157.00000000002
1080,73720.27817027067,0.4281492006496421,-8.837375276016246e-14,0,0,0,199201.07101443797,105283.55634054133,42157.00000000002
1081,73620.22328713705,0.4273720165778727,-8.837375276016246e-14,0,0,0,198795.66812951473,105083.44657427407,42157.00000000002
1082,73520.46675074726,0.42659504403144266,-8.837375276016246e-14,0,0,0,198391.74824824004,104883.93350149451,42157.000000000015
1083,73421.00723969933,0.42581828301035085,-8.837375276016246e-14,0,0,0,197989.30375427494,104685.01447939864,42157.00000000002
1084,73321.84344038885,0.42504173351459795,-8.837375276016246e-14,0,0,0,197588.3270816443,104486.68688077768,42157.00000000002
1085,73222.9740469513,0.4242653955441835,-8.837375276016246e-14,0,0,0,197188.81071432898,104288.94809390258,42157.00000000002
1086,73124.39776120528,0.4234892690991078,-8.837375276016246e-14,0,0,0,196790.74718586353,104091.79552241055,42157.00000000002
1087,73026.11329259604,0.42271335417937095,-8.837375276016246e-14,0,0,0,196394.12907893636,103895.22658519207,42157.00000000002
1088,72928.11935813949,0.4219376507849727,-8.837375276016246e-14,0,0,0,195998.94902499445,103699.23871627897,42157.00000000002
1089,72830.41468236689,0.42116215891591324,-8.837375276016246e-14,0,0,0,195605.19970385203,103503.82936473374,42157.00000000002
1090,72732.99799726978,0.42038687857219226,-8.837375276016246e-14,0,0,0,195212.87384330205,103308.99599453952,42157.00000000002
1091,72635.86804224567,0.41961180975381007,-8.837375276016246e-14,0,0,0,194821.96421873264,103114.7360844913,42157.00000000003
1092,72539.0235640439,0.4188369524607666,-8.837375276016246e-14,0,0,0,194432.46365274576,102921.04712808778,42157.00000000002
1093,72442.46331671228,0.418062306693062,-8.837375276016246e-14,0,0,0,194044.36501478087,102727.92663342455,42157.00000000002
1094,72346.1860615438,0.41728787245069565,-8.837375276016246e-14,0,0,0,193657.66122074044,102535.3721230876,42157.00000000002
1095,72250.19056702439,0.4165136497336681,-8.837375276016246e-14,0,0,0,193272.3452326213,102343.38113404876,42157.00000000002
1096,72154.47560878049,0.4157396385419794,-8.837375276016246e-14,0,0,0,192888.41005814716,102151.95121756096,42157.00000000002
1097,72059.03996952751,0.4149658388756293,-8.837375276016246e-14,0,0,0,192505.8487504058,101961.07993905501,42157.00000000002
1098,71963.88243901859,0.4141922507346181,-8.837375276016246e-14,0,0,0,192124.65440748958,101770.76487803715,42157.00000000002
1099,71869.00181399376,0.4134188741189453,-8.837375276016246e-14,0,0,0,191744.8201721389,101581.00362798749,42157.00000000002
1100,71774.39689812968,0.412645709028611,-8.837375276016246e-14,0,0,0,191366.33923138957,101391.79379625933,42157.00000000002
1101,71680.0665019898,0.411872755463616,-8.837375276016246e-14,0,0,0,190989.20481622353,101203.13300397957,42157.00000000002
1102,71586.00944297451,0.4111000134239592,-8.837375276016246e-14,0,0,0,190613.4102012208,101015.01888594899,42157.00000000002
1103,71492.22454527262,0.4103274829096414,-8.837375276016246e-14,0,0,0,190238.94870421864,100827.44909054521,42157.00000000002
1104,71398.71063981224,0.40955516392066205,-8.837375276016246e-14,0,0,0,189865.81368596942,100640.42127962447,42157.00000000002
1105,71305.4665642129,0.4087830564570212,-8.837375276016246e-14,0,0,0,189493.99854980537,100453.93312842578,42157.00000000002
1106,71212.49116273767,0.40801116051871944,-8.837375276016246e-14,0,0,0,189123.49674130444,100267.98232547531,42157.00000000002
1107,71119.78328624561,0.4072394761057564,-8.837375276016246e-14,0,0,0,188754.30174795902,100082.5665724912,42157.00000000002
1108,71027.34179214493,0.4064680032181317,-8.837375276016246e-14,0,0,0,188386.40709884898,99897.68358428984,42157.00000000002
1109,70935.16554434643,0.4056967418558459,-8.837375276016246e-14,0,0,0,188019.8063643174,99713.33108869284,42157.000000000015
1110,70843.25341321721,0.4049256920188987,-8.837375276016246e-14,0,0,0,187654.49315564847,99529.5068264344,42157.00000000003
1111,70751.60427553492,0.4041548537072901,-8.837375276016246e-14,0,0,0,187290.46112474895,99346.20855106981,42157.00000000002
1112,70660.21701444242,0.4033842269210205,-8.837375276016246e-14,0,0,0,186927.70396383325,99163.43402888482,42157.00000000002
1113,70569.09051940254,0.40261381166008914,-8.837375276016246e-14,0,0,0,186566.2154051093,98981.18103880505,42157.00000000002
1114,70478.22368615378,0.4018436079244967,-8.837375276016246e-14,0,0,0,186205.9892204703,98799.44737230754,42157.00000000003
1115,70387.61541666575,0.40107361571424305,-8.837375276016246e-14,0,0,0,185847.01922118635,98618.23083333147,42157.00000000002
1116,70297.2646190954,0.400303835029328,-8.837375276016246e-14,0,0,0,185489.2992576007,98437.52923819078,42157.000000000015
1117,70207.17020774352,0.3995342658697515,-8.837375276016246e-14,0,0,0,185132.82321882845,98257.34041548702,42157.00000000002
1118,70117.33110301157,0.3987649082355138,-8.837375276016246e-14,0,0,0,184777.58503245754,98077.66220602312,42157.00000000002
1119,70027.74623135889,0.3979957621266149,-8.837375276016246e-14,0,0,0,184423.57866425288,97898.49246271777,42157.00000000002
1120,69938.41452526022,0.3972268275430545,-8.837375276016246e-14,0,0,0,184070.79811786278,97719.8290505204,42157.00000000002
1121,69849.3349231638,0.3964581044848331,-8.837375276016246e-14,0,0,0,183719.237434529,97541.66984632758,42157.00000000002
1122,69760.50636944937,0.39568959295195016,-8.837375276016246e-14,0,0,0,183368.89069279758,97364.01273889872,42157.00000000002
1123,69671.92781438706,0.3949212929444057,-8.837375276016246e-14,0,0,0,183019.75200823435,97186.85562877411,42157.00000000002
1124,69583.59821409632,0.39415320446220026,-8.837375276016246e-14,0,0,0,182671.81553314222,97010.19642819262,42157.00000000002
1125,69495.51653050505,0.39338532750533317,-8.837375276016246e-14,0,0,0,182325.07545627977,96834.03306101006,42157.00000000002
1126,69407.68173130951,0.392617662073805,-8.837375276016246e-14,0,0,0,181979.52600258478,96658.363462619,42157.00000000002
1127,69320.09278993413,0.3918502081676155,-8.837375276016246e-14,0,0,0,181635.16143289808,96483.18557986824,42157.00000000002
1128,69232.74868549196,0.3910829657867647,-8.837375276016246e-14,0,0,0,181291.97604369125,96308.49737098388,42157.00000000002
1129,69145.64840274517,0.3903159349312525,-8.837375276016246e-14,0,0,0,180949.96416679586,96134.29680549032,42157.00000000002
1130,69058.79093206624,0.3895491156010791,-8.837375276016246e-14,0,0,0,180609.12016913612,95960.58186413247,42157.00000000002
1131,68972.1752693991,0.38878250779624424,-8.837375276016246e-14,0,0,0,180269.43845246284,95787.35053879817,42157.00000000002
1132,68885.80041622082,0.3880161115167482,-8.837375276016246e-14,0,0,0,179930.9134530906,95614.60083244162,42157.00000000002
1133,68799.6653795035,0.3872499267625906,-8.837375276016246e-14,0,0,0,179593.53964163654,95442.33075900696,42157.00000000002
1134,68713.76917167666,0.3864839535337723,-8.837375276016246e-14,0,0,0,179257.31152276282,95270.5383433533,42157.00000000002
1135,68628.11081058955,0.3857181918302922,-8.837375276016246e-14,0,0,0,178922.22363491898,95099.2216211791,42157.00000000002
1136,68542.6893194743,0.3849526416521506,-8.837375276016246e-14,0,0,0,178588.27055008928,94928.37863894859,42157.00000000002
1137,68457.50372690901,0.384187302999348,-8.837375276016246e-14,0,0,0,178255.44687354102,94758.007453818,42157.00000000002
1138,68372.55306678108,0.383422175871884,-8.837375276016246e-14,0,0,0,177923.74724357406,94588.10613356215,42157.00000000002
1139,68287.8363782512,0.3826572602697589,-8.837375276016246e-14,0,0,0,177593.16633127476,94418.67275650238,42157.00000000002
1140,68203.35270571723,0.381892556192972,-8.837375276016246e-14,0,0,0,177263.6988402701,94249.70541143444,42157.00000000002
1141,68119.10109877882,0.3811280636415242,-8.837375276016246e-14,0,0,0,176935.33950648588,94081.2021975576,42157.00000000002
1142,68035.08061220177,0.3803637826154149,-8.837375276016246e-14,0,0,0,176608.0830979046,93913.1612244035,42157.00000000002
1143,67951.29030588323,0.3795997131146447,-8.837375276016246e-14,0,0,0,176281.9244143282,93745.58061176645,42157.00000000002
1144,67867.72924481668,0.37883585513921236,-8.837375276016246e-14,0,0,0,175956.85828714032,93578.45848963334,42157.00000000002
1145,67784.39649905782,0.3780722086891194,-8.837375276016246e-14,0,0,0,175632.8795790734,93411.79299811562,42157.00000000002
1146,67701.29114368993,0.377308773764365,-8.837375276016246e-14,0,0,0,175309.98318397463,93245.58228737985,42157.00000000002
1147,67618.4122587902,0.3765455503649491,-8.837375276016246e-14,0,0,0,174988.16402657668,93079.82451758037,42157.00000000002
1148,67535.75892939603,0.37578253849087195,-8.837375276016246e-14,0,0,0,174667.41706226926,92914.51785879205,42157.00000000002
1149,67453.33024547163,0.3750197381421333,-8.837375276016246e-14,0,0,0,174347.7372768724,92749.66049094324,42157.00000000002
1150,67371.12530187496,0.37425714931873366,-8.837375276016246e-14,0,0,0,174029.1196864127,92585.25060374988,42157.00000000002
1151,67289.14319832469,0.3734947720206725,-8.837375276016246e-14,0,0,0,173711.5593369,92421.28639664935,42157.00000000002
1152,67207.38303936792,0.37273260624795035,-8.837375276016246e-14,0,0,0,173395.05130410814,92257.76607873582,42157.00000000002
1153,67125.84393434755,0.37197065200056645,-8.837375276016246e-14,0,0,0,173079.590693355,92094.68786869508,42157.00000000002
1154,67044.52499737049,0.37120890927852146,-8.837375276016246e-14,0,0,0,172765.17263928734,91932.04999474097,42157.00000000002
1155,66963.42534727564,0.37044737808181505,-8.837375276016246e-14,0,0,0,172451.79230566468,91769.85069455126,42157.00000000002
1156,66882.54410760247,0.3696860584104473,-8.837375276016246e-14,0,0,0,172139.4448851473,91608.08821520492,42157.00000000002
1157,66801.88040655968,0.3689249502644184,-8.837375276016246e-14,0,0,0,171828.12559908477,91446.76081311934,42157.00000000002
1158,66721.43337699413,0.3681640536437283,-8.837375276016246e-14,0,0,0,171517.82969730665,91285.86675398824,42157.00000000002
1159,66641.20215636006,0.36740336854837674,-8.837375276016246e-14,0,0,0,171208.5524579151,91125.40431272009,42157.00000000002
1160,66561.1858866885,0.3666428949783638,-8.837375276016246e-14,0,0,0,170900.28918707927,90965.37177337699,42157.00000000002
1161,66481.38371455707,0.3658826329336895,-8.837375276016246e-14,0,0,0,170593.03521883138,90805.76742911412,42157.00000000002
1162,66401.79479105977,0.36512258241435414,-8.837375276016246e-14,0,0,0,170286.78591486465,90646.58958211952,42157.00000000002
1163,66322.41827177719,0.36436274342035735,-8.837375276016246e-14,0,0,0,169981.5366643324,90487.83654355437,42157.00000000002
1164,66243.25331674692,0.36360311595169903,-8.837375276016246e-14,0,0,0,169677.28288364998,90329.50663349383,42157.00000000002
1165,66164.29909043424,0.3628437000083795,-8.837375276016246e-14,0,0,0,169374.0200162975,90171.59818086846,42157.00000000002
1166,66085.5547617029,0.3620844955903988,-8.837375276016246e-14,0,0,0,169071.7435326243,90014.10952340576,42157.00000000002
1167,66007.01950378621,0.36132550269775676,-8.837375276016246e-14,0,0,0,168770.44892965557,89857.0390075724,42157.00000000002
1168,65928.69249425846,0.3605667213304533,-8.837375276016246e-14,0,0,0,168470.13173090003,89700.3849885169,42157.00000000002
1169,65850.5729150064,0.35980815148848844,-8.837375276016246e-14,0,0,0,168170.78748616006,89544.14583001279,42157.00000000002
1170,65772.65995220104,0.35904979317186236,-8.837375276016246e-14,0,0,0,167872.41177134242,89388.31990440206,42157.00000000002
1171,65694.95279626963,0.3582916463805751,-8.837375276016246e-14,0,0,0,167575.00018827134,89232.90559253925,42157.00000000002
1172,65617.45064186785,0.3575337111146263,-8.837375276016246e-14,0,0,0,167278.54836450279,89077.90128373569,42157.00000000002
1173,65540.15268785234,0.3567759873740165,-8.837375276016246e-14,0,0,0,166983.05195314073,88923.30537570467,42157.00000000002
1174,65463.05813725319,0.3560184751587452,-8.837375276016246e-14,0,0,0,166688.5066326542,88769.11627450635,42157.00000000002
1175,65386.166197246945,0.35526117446881256,-8.837375276016246e-14,0,0,0,166394.9081066969,88615.33239449386,42157.00000000002
1176,65309.4760791296,0.3545040853042185,-8.837375276016246e-14,0,0,0,166102.25210392752,88461.95215825918,42157.00000000002
1177,65232.986998289925,0.35374720766496304,-8.837375276016246e-14,0,0,0,165810.53437783185,88308.97399657982,42157.00000000002
1178,65156.69817418297,0.3529905415510468,-8.837375276016246e-14,0,0,0,165519.7507065468,88156.39634836592,42157.00000000002
1179,65080.60883030358,0.3522340869624687,-8.837375276016246e-14,0,0,0,165229.89689268442,88004.21766060714,42157.00000000002
1180,65004.71819416061,0.35147784389922954,-8.837375276016246e-14,0,0,0,164940.96876316,87852.4363883212,42157.00000000002
1181,64929.02549725073,0.35072181236132893,-8.837375276016246e-14,0,0,0,164652.96216901866,87701.05099450145,42157.00000000002
1182,64853.52997503296,0.34996599234876735,-8.837375276016246e-14,0,0,0,164365.87298526586,87550.05995006589,42157.00000000002
1183,64778.23086690292,0.34921038386154424,-8.837375276016246e-14,0,0,0,164079.69711069734,87399.46173380582,42157.00000000002
1184,64703.12741616779,0.3484549868996598,-8.837375276016246e-14,0,0,0,163794.43046773213,87249.25483233556,42157.00000000002
1185,64628.21887002099,0.34769980146311386,-8.837375276016246e-14,0,0,0,163510.0690022459,87099.43774004195,42157.00000000002
1186,64553.50447951743,0.3469448275519067,-8.837375276016246e-14,0,0,0,163226.60868340623,86950.00895903485,42157.00000000002
1187,64478.98349954869,0.34619006516603823,-8.837375276016246e-14,0,0,0,162944.04550350874,86800.96699909736,42157.00000000002
1188,64404.65518881848,0.3454355143055087,-8.837375276016246e-14,0,0,0,162662.3754778151,86652.31037763692,42157.00000000002
1189,64330.51880981832,0.3446811749703177,-8.837375276016246e-14,0,0,0,162381.59464439203,86504.03761963663,42157.00000000002
1190,64256.57362880342,0.3439270471604655,-8.837375276016246e-14,0,0,0,162101.6990639519,86356.14725760682,42157.00000000002
1191,64182.81891576856,0.34317313087595147,-8.837375276016246e-14,0,0,0,161822.68481969423,86208.63783153711,42157.00000000002
1192,64109.253944424585,0.34241942611677656,-8.837375276016246e-14,0,0,0,161544.5480171494,86061.50788884914,42157.00000000002
1193,64035.87799217446,0.34166593288294034,-8.837375276016246e-14,0,0,0,161267.2847840223,85914.75598434889,42157.00000000002
1194,63962.69034009003,0.3409126511744427,-8.837375276016246e-14,0,0,0,160990.89127003832,85768.38068018004,42157.00000000002
1195,63889.69027288878,0.34015958099128396,-8.837375276016246e-14,0,0,0,160715.3636467904,85622.38054577753,42157.00000000002
1196,63816.87707891063,0.3394067223334637,-8.837375276016246e-14,0,0,0,160440.69810758694,85476.75415782123,42157.00000000002
1197,63744.250050095136,0.3386540752009819,-8.837375276016246e-14,0,0,0,160166.8908673013,85331.50010019024,42157.00000000002
1198,63671.808481958826,0.33790163959383923,-8.837375276016246e-14,0,0,0,159893.93816222297,85186.61696391764,42157.00000000002
1199,63599.55167357243,0.3371494155120349,-8.837375276016246e-14,0,0,0,159621.83624990852,85042.10334714483,42157.00000000002
1200,63527.47892753871,0.3363974029555694,-8.837375276016246e-14,0,0,0,159350.58140903548,84897.95785507739,42157.00000000002
1201,63455.589549970115,0.3356456019244427,-8.837375276016246e-14,0,0,0,159080.16993925624,84754.17909994021,42157.00000000002
1202,63383.882850466805,0.3348940124186547,-8.837375276016246e-14,0,0,0,158810.5981610538,84610.7657009336,42157.00000000002
1203,63312.35814209469,0.33414263443820513,-8.837375276016246e-14,0,0,0,158541.86241559798,84467.71628418934,42157.00000000002
1204,63241.01474136383,0.3333914679830946,-8.837375276016246e-14,0,0,0,158273.95906460396,84325.02948272765,42157.00000000002
1205,63169.851968206756,0.33264051305332254,-8.837375276016246e-14,0,0,0,158006.88449019042,84182.70393641348,42157.00000000002
1206,63098.86914595711,0.33188976964888894,-8.837375276016246e-14,0,0,0,157740.63509474025,84040.73829191421,42157.00000000002
1207,63028.06560132856,0.3311392377697945,-8.837375276016246e-14,0,0,0,157475.20730076198,83899.1312026571,42157.00000000002
1208,62957.44066439344,0.3303889174160384,-8.837375276016246e-14,0,0,0,157210.59755075106,83757.88132878687,42157.00000000002
1209,62886.9936685621,0.32963880858762107,-8.837375276016246e-14,0,0,0,156946.80230705487,83616.98733712417,42157.00000000002
1210,62816.723950562,0.32888891128454245,-8.837375276016246e-14,0,0,0,156683.81805173607,83476.44790112399,42157.00000000002
1211,62746.630850417125,0.3281392255068023,-8.837375276016246e-14,0,0,0,156421.64128643883,83336.26170083423,42157.00000000002
1212,62676.71371142761,0.32738975125440095,-8.837375276016246e-14,0,0,0,156160.2685322557,83196.42742285521,42157.00000000002
1213,62606.971880149365,0.3266404885273386,-8.837375276016246e-14,0,0,0,155899.69632959517,83056.9437602987,42157.00000000002
1214,62537.40470637387,0.32589143732561476,-8.837375276016246e-14,0,0,0,155639.92123805045,82917.80941274771,42157.00000000002
1215,62468.0115431083,0.32514259764922937,-8.837375276016246e-14,0,0,0,155380.9398362698,82779.02308621658,42157.00000000002
1216,62398.79174655565,0.3243939694981828,-8.837375276016246e-14,0,0,0,155122.74872182737,82640.58349311129,42157.00000000002
1217,62329.744676094975,0.3236455528724749,-8.837375276016246e-14,0,0,0,154865.3445110952,82502.48935218994,42157.00000000002
1218,62260.86969426187,0.322897347772106,-8.837375276016246e-14,0,0,0,154608.72383911617,82364.73938852373,42157.00000000002
1219,62192.16616672897,0.3221493541970756,-8.837375276016246e-14,0,0,0,154352.88335947803,82227.33233345793,42157.00000000002
1220,62123.633462286816,0.32140157214738363,-8.837375276016246e-14,0,0,0,154097.8197441886,82090.2669245736,42157.00000000002
1221,62055.270952824656,0.3206540016230305,-8.837375276016246e-14,0,0,0,153843.5296835519,81953.54190564928,42157.00000000002
1222,61987.07801331145,0.319906642624016,-8.837375276016246e-14,0,0,0,153590.00988604507,81817.15602662288,42157.00000000002
1223,61919.05402177703,0.31915949515034037,-8.837375276016246e-14,0,0,0,153337.2570781962,81681.10804355404,42157.00000000002
1224,61851.19835929339,0.3184125592020035,-8.837375276016246e-14,0,0,0,153085.26800446372,81545.39671858677,42157.00000000002
1225,61783.51040995606,0.317665834779005,-8.837375276016246e-14,0,0,0,152834.0394271158,81410.0208199121,42157.00000000002
1226,61715.9895608658,0.3169193218813453,-8.837375276016246e-14,0,0,0,152583.56812611176,81274.97912173157,42157.00000000002
1227,61648.635202110156,0.3161730205090243,-8.837375276016246e-14,0,0,0,152333.85089898374,81140.27040422028,42157.00000000002
1228,61581.44672674538,0.3154269306620422,-8.837375276016246e-14,0,0,0,152084.8845607193,81005.89345349073,42157.00000000002
1229,61514.42353077831,0.31468105234039845,-8.837375276016246e-14,0,0,0,151836.66594364514,80871.84706155659,42157.00000000002
1230,61447.56501314856,0.3139353855440934,-8.837375276016246e-14,0,0,0,151589.19189731195,80738.13002629709,42157.00000000002
1231,61380.8705757107,0.31318993027312725,-8.837375276016246e-14,0,0,0,151342.45928837973,80604.74115142139,42157.00000000002
1232,61314.33962321658,0.3124446865274997,-8.837375276016246e-14,0,0,0,151096.4650005041,80471.67924643314,42157.00000000002
1233,61247.97156329785,0.3116996543072109,-8.837375276016246e-14,0,0,0,150851.20593422378,80338.94312659568,42157.00000000002
1234,61181.7658064485,0.3109548336122604,-8.837375276016246e-14,0,0,0,150606.6790068485,80206.53161289697,42157.00000000002
1235,61115.7217660078,0.31021022444264923,-8.837375276016246e-14,0,0,0,150362.88115234888,80074.44353201559,42157.00000000002
1236,61049.83885814282,0.3094658267983762,-8.837375276016246e-14,0,0,0,150119.80932124492,79942.67771628563,42157.00000000002
1237,60984.11650183176,0.3087216406794421,-8.837375276016246e-14,0,0,0,149877.46048049835,79811.23300366351,42157.00000000002
1238,60918.55411884679,0.30797766608584654,-8.837375276016246e-14,0,0,0,149635.8316134029,79680.10823769357,42157.00000000002
1239,60853.15113373745,0.3072339030175898,-8.837375276016246e-14,0,0,0,149394.91971947788,79549.30226747486,42157.00000000002
1240,60787.90697381389,0.30649035147467174,-8.837375276016246e-14,0,0,0,149154.72181436073,79418.81394762776,42157.00000000002
1241,60722.82106913041,0.3057470114570925,-8.837375276016246e-14,0,0,0,148915.23492970152,79288.6421382608,42157.00000000002
1242,60657.892852469005,0.3050038829648519,-8.837375276016246e-14,0,0,0,148676.45611305788,79158.785704938,42157.00000000002
1243,60593.12175932304,0.3042609659979497,-8.837375276016246e-14,0,0,0,148438.38242779055,79029.24351864606,42157.00000000002
1244,60528.507227881186,0.30351826055638653,-8.837375276016246e-14,0,0,0,148201.0109529605,78900.01445576236,42157.00000000002
1245,60464.048699011204,0.3027757666401616,-8.837375276016246e-14,0,0,0,147964.3387832256,78771.0973980224,42157.00000000002
1246,60399.74561624417,0.3020334842492758,-8.837375276016246e-14,0,0,0,147728.36302873958,78642.49123248832,42157.00000000002
1247,60335.597425758446,0.30129141338372867,-8.837375276016246e-14,0,0,0,147493.08081505023,78514.19485151686,42157.00000000002
1248,60271.603576364054,0.3005495540435198,-8.837375276016246e-14,0,0,0,147258.48928299942,78386.20715272808,42157.00000000002
1249,60207.763519487184,0.2998079062286503,-8.837375276016246e-14,0,0,0,147024.58558862426,78258.52703897435,42157.00000000002
1250,60144.076709154404,0.2990664699391188,-8.837375276016246e-14,0,0,0,146791.366903057,78131.15341830878,42157.00000000002
1251,60080.542601977584,0.2983252451749262,-8.837375276016246e-14,0,0,0,146558.83041242856,78004.08520395515,42157.00000000002
1252,60017.16065713844,0.29758423193607264,-8.837375276016246e-14,0,0,0,146326.97331777035,77877.32131427687,42157.00000000002
1253,59953.930336373305,0.2968434302225572,-8.837375276016246e-14,0,0,0,146095.79283491778,77750.86067274658,42157.00000000002
1254,59890.8511039583,0.2961028400343807,-8.837375276016246e-14,0,0,0,145865.28619441544,77624.70220791658,42157.00000000002
1255,59827.922426694124,0.29536246137154276,-8.837375276016246e-14,0,0,0,145635.45064142093,77498.84485338822,42157.00000000002
1256,59765.14377389137,0.2946222942340436,-8.837375276016246e-14,0,0,0,145406.2834356115,77373.28754778272,42157.00000000002
1257,59702.51461735568,0.2938823386218833,-8.837375276016246e-14,0,0,0,145177.78185108988,77248.02923471134,42157.00000000002
1258,59640.034431373155,0.29314259453506164,-8.837375276016246e-14,0,0,0,144949.94317629185,77123.0688627463,42157.00000000002
1259,59577.70269269579,0.29240306197357857,-8.837375276016246e-14,0,0,0,144722.76471389382,76998.40538539155,42157.00000000002
1260,59515.51888052705,0.2916637409374344,-8.837375276016246e-14,0,0,0,144496.24378072162,76874.03776105407,42157.00000000002
1261,59453.48247650747,0.2909246314266285,-8.837375276016246e-14,0,0,0,144270.37770765938,76749.96495301493,42157.00000000002
1262,59391.59296470059,0.2901857334411615,-8.837375276016246e-14,0,0,0,144045.16383956018,76626.18592940115,42157.00000000002
1263,59329.849831578606,0.2894470469810333,-8.837375276016246e-14,0,0,0,143820.59953515584,76502.69966315718,42157.00000000002
1264,59268.25256600843,0.28870857204624356,-8.837375276016246e-14,0,0,0,143596.68216696873,76379.50513201683,42157.00000000002
1265,59206.80065923778,0.2879703086367925,-8.837375276016246e-14,0,0,0,143373.40912122367,76256.60131847554,42157.00000000002
1266,59145.493604881325,0.2872322567526806,-8.837375276016246e-14,0,0,0,143150.7777977606,76133.98720976262,42157.00000000002
1267,59084.3308989068,0.2864944163939068,-8.837375276016246e-14,0,0,0,142928.78560994734,76011.66179781358,42157.00000000002
1268,59023.31203962162,0.28575678756047185,-8.837375276016246e-14,0,0,0,142707.4299845945,75889.6240792432,42157.00000000002
1269,58962.4365276591,0.2850193702523758,-8.837375276016246e-14,0,0,0,142486.70836186933,75767.87305531817,42157.00000000002
1270,58901.70386596505,0.2842821644696183,-8.837375276016246e-14,0,0,0,142266.61819521108,75646.40773193007,42157.00000000002
1271,58841.11355978445,0.28354517021219927,-8.837375276016246e-14,0,0,0,142047.156951247,75525.22711956887,42157.00000000002
1272,58780.66511664819,0.28280838748011916,-8.837375276016246e-14,0,0,0,141828.322109709,75404.33023329636,42157.00000000002
1273,58720.35804635978,0.28207181627337785,-8.837375276016246e-14,0,0,0,141610.11116335026,75283.71609271955,42157.00000000002
1274,58660.19186098235,0.281335456591975,-8.837375276016246e-14,0,0,0,141392.52161786341,75163.38372196467,42157.00000000002
1275,58600.16607482561,0.28059930843591085,-8.837375276016246e-14,0,0,0,141175.55099179878,75043.3321496512,42157.00000000002
1276,58540.280204432995,0.2798633718051855,-8.837375276016246e-14,0,0,0,140959.19681648328,74923.56040886596,42157.00000000002
1277,58480.53376856872,0.2791276466997987,-8.837375276016246e-14,0,0,0,140743.45663594003,74804.06753713742,42157.00000000002
1278,58420.926288205184,0.27839213311975075,-8.837375276016246e-14,0,0,0,140528.32800680862,74684.85257641035,42157.00000000002
1279,58361.45728651023,0.2776568310650416,-8.837375276016246e-14,0,0,0,140313.80849826557,74565.91457302045,42157.00000000002
1280,58302.12628883459,0.27692174053567087,-8.837375276016246e-14,0,0,0,140099.89569194597,74447.25257766915,42157.00000000002
1281,58242.932822699455,0.27618686153163874,-8.837375276016246e-14,0,0,0,139886.58718186535,74328.86564539888,42157.00000000002
1282,58183.876417784086,0.2754521940529455,-8.837375276016246e-14,0,0,0,139673.88057434213,74210.75283556814,42157.00000000002
1283,58124.95660591344,0.274717738099591,-8.837375276016246e-14,0,0,0,139461.7734879207,74092.91321182686,42157.00000000002
1284,58066.172921046,0.27398349367157493,-8.837375276016246e-14,0,0,0,139250.26355329502,73975.34584209199,42157.00000000002
1285,58007.52489926169,0.2732494607688978,-8.837375276016246e-14,0,0,0,139039.34841323315,73858.04979852335,42157.00000000002
1286,57949.01207874967,0.2725156393915591,-8.837375276016246e-14,0,0,0,138829.02572250142,73741.02415749931,42157.00000000002
1287,57890.63399979653,0.2717820295395592,-8.837375276016246e-14,0,0,0,138619.2931477904,73624.26799959305,42157.00000000002
1288,57832.390204774325,0.27104863121289824,-8.837375276016246e-14,0,0,0,138410.14836764042,73507.78040954864,42157.00000000002
1289,57774.2802381287,0.27031544441157573,-8.837375276016246e-14,0,0,0,138201.58907236785,73391.56047625736,42157.00000000002
1290,57716.303646367276,0.2695824691355918,-8.837375276016246e-14,0,0,0,137993.6129639925,73275.60729273454,42157.00000000002
1291,57658.459978047955,0.2688497053849467,-8.837375276016246e-14,0,0,0,137786.21775616475,73159.9199560959,42157.00000000002
1292,57600.74878376733,0.26811715315964035,-8.837375276016246e-14,0,0,0,137579.4011740938,73044.49756753464,42157.00000000002
1293,57543.1696161492,0.2673848124596725,-8.837375276016246e-14,0,0,0,137373.16095447596,72929.33923229839,42157.00000000002
1294,57485.72202983317,0.26665268328504343,-8.837375276016246e-14,0,0,0,137167.49484542402,72814.4440596663,42157.00000000002
1295,57428.40558146329,0.26592076563575295,-8.837375276016246e-14,0,0,0,136962.40060639664,72699.81116292655,42157.00000000002
1296,57371.21982967683,0.2651890595118014,-8.837375276016246e-14,0,0,0,136757.87600812854,72585.43965935364,42157.00000000002
1297,57314.164335093024,0.2644575649131883,-8.837375276016246e-14,0,0,0,136553.91883256097,72471.32867018603,42157.00000000002
1298,57257.23866030207,0.2637262818399141,-8.837375276016246e-14,0,0,0,136350.5268727732,72357.47732060413,42157.00000000002
1299,57200.44236985395,0.26299521029197837,-8.837375276016246e-14,0,0,0,136147.6979329135,72243.88473970788,42157.00000000002
1300,57143.775030247605,0.26226435026938133,-8.837375276016246e-14,0,0,0,135945.42982813195,72130.5500604952,42157.00000000002
1301,57087.23620991998,0.2615337017721231,-8.837375276016246e-14,0,0,0,135743.72038451262,72017.47241983993,42157.00000000002
1302,57030.82547923519,0.26080326480020344,-8.837375276016246e-14,0,0,0,135542.56743900673,71904.65095847035,42157.00000000002
1303,56974.54241047382,0.2600730393536226,-8.837375276016246e-14,0,0,0,135341.9688393663,71792.08482094761,42157.00000000002
1304,56918.38657782224,0.2593430254323805,-8.837375276016246e-14,0,0,0,135141.92244407814,71679.77315564446,42157.00000000002
1305,56862.357557361975,0.25861322303647694,-8.837375276016246e-14,0,0,0,134942.42612229844,71567.71511472392,42157.00000000002
1306,56806.45492705923,0.25788363216591215,-8.837375276016246e-14,0,0,0,134743.4777537877,71455.90985411845,42157.00000000002
1307,56750.67826675439,0.25715425282068594,-8.837375276016246e-14,0,0,0,134545.07522884634,71344.35653350876,42157.00000000002
1308,56695.02715815163,0.2564250850007984,-8.837375276016246e-14,0,0,0,134347.21644825034,71233.05431630324,42157.00000000002
1309,56639.501184808636,0.2556961287062498,-8.837375276016246e-14,0,0,0,134149.89932318812,71122.00236961726,42157.00000000002
1310,56584.099932126264,0.25496738393703944,-8.837375276016246e-14,0,0,0,133953.12177519675,71011.19986425251,42157.00000000002
1311,56528.822987338506,0.2542388506931681,-8.837375276016246e-14,0,0,0,133756.88173610004,70900.64597467698,42157.00000000002
1312,56473.66993950218,0.25351052897463533,-8.837375276016246e-14,0,0,0,133561.17714794548,70790.33987900434,42157.00000000002
1313,56418.64037948704,0.25278241878144114,-8.837375276016246e-14,0,0,0,133366.005962943,70680.28075897406,42157.00000000002
1314,56363.73389996576,0.2520545201135862,-8.837375276016246e-14,0,0,0,133171.36614340357,70570.4677999315,42157.00000000002
1315,56308.95009540387,0.2513268329710693,-8.837375276016246e-14,0,0,0,132977.25566167763,70460.9001908077,42157.00000000002
1316,56254.28856205015,0.25059935735389127,-8.837375276016246e-14,0,0,0,132783.67250009568,70351.57712410027,42157.00000000002
1317,56199.74889792666,0.24987209326205206,-8.837375276016246e-14,0,0,0,132590.61465090743,70242.49779585331,42157.00000000002
1318,56145.33070281906,0.24914504069555132,-8.837375276016246e-14,0,0,0,132398.0801162222,70133.66140563811,42157.00000000002
1319,56091.03357826701,0.24841819965438927,-8.837375276016246e-14,0,0,0,132206.06690795024,70025.06715653399,42157.00000000002
1320,56036.85712755451,0.24769157013856635,-8.837375276016246e-14,0,0,0,132014.5730477435,69916.714255109,42157.00000000002
1321,55982.800955700324,0.24696515214808168,-8.837375276016246e-14,0,0,0,131823.59656693714,69808.60191140062,42157.00000000002
1322,55928.864669448645,0.2462389456829357,-8.837375276016246e-14,0,0,0,131633.13550649196,69700.72933889728,42157.00000000002
1323,55875.04787725962,0.24551295074312862,-8.837375276016246e-14,0,0,0,131443.18791693688,69593.0957545192,42157.00000000002
1324,55821.35018929991,0.24478716732866013,-8.837375276016246e-14,0,0,0,131253.75185831124,69485.70037859981,42157.00000000002
1325,55767.771217433576,0.24406159543953032,-8.837375276016246e-14,0,0,0,131064.82540010869,69378.54243486714,42157.00000000002
1326,55714.31057521272,0.2433362350757391,-8.837375276016246e-14,0,0,0,130876.40662122046,69271.62115042542,42157.00000000002
1327,55660.967877868396,0.24261108623728667,-8.837375276016246e-14,0,0,0,130688.49360987968,69164.93575573678,42157.00000000002
1328,55607.74274230144,0.24188614892417282,-8.837375276016246e-14,0,0,0,130501.08446360557,69058.48548460285,42157.00000000002
1329,55554.63478707351,0.241161423136398,-8.837375276016246e-14,0,0,0,130314.17728914857,68952.269574147,42157.00000000002
1330,55501.643632397965,0.2404369088739613,-8.837375276016246e-14,0,0,0,130127.77020243512,68846.28726479592,42157.00000000002
1331,55448.76890013114,0.23971260613686374,-8.837375276016246e-14,0,0,0,129941.86132851403,68740.53780026225,42157.00000000002
1332,55396.01021376323,0.23898851492510476,-8.837375276016246e-14,0,0,0,129756.44880150157,68635.02042752644,42157.00000000002
1333,55343.367198409665,0.23826463523868424,-8.837375276016246e-14,0,0,0,129571.53076452855,68529.73439681932,42157.00000000002
1334,55290.83948080229,0.23754096707760264,-8.837375276016246e-14,0,0,0,129387.10536968675,68424.67896160456,42157.00000000002
1335,55238.42668928063,0.2368175104418596,-8.837375276016246e-14,0,0,0,129203.17077797597,68319.85337856125,42157.00000000002
1336,55186.12845378333,0.2360942653314555,-8.837375276016246e-14,0,0,0,129019.72515925193,68215.25690756664,42157.00000000002
1337,55133.94440583944,0.23537123174638996,-8.837375276016246e-14,0,0,0,128836.76669217352,68110.88881167884,42157.00000000002
1338,55081.874178559985,0.2346484096866629,-8.837375276016246e-14,0,0,0,128654.29356415142,68006.74835711994,42157.00000000002
1339,55029.917406629495,0.23392579915227463,-8.837375276016246e-14,0,0,0,128472.30397129671,67902.83481325897,42157.00000000002
1340,54978.073726297516,0.23320340014322516,-8.837375276016246e-14,0,0,0,128290.79611836963,67799.14745259502,42157.00000000002
1341,54926.342775370256,0.23248121265951438,-8.837375276016246e-14,0,0,0,128109.76821872886,67695.68555074048,42157.00000000002
1342,54874.72419320227,0.23175923670114207,-8.837375276016246e-14,0,0,0,127929.21849428116,67592.44838640453,42157.00000000002
1343,54823.21762068827,0.23103747226810867,-8.837375276016246e-14,0,0,0,127749.14517543162,67489.43524137653,42157.00000000002
1344,54771.82270025479,0.23031591936041385,-8.837375276016246e-14,0,0,0,127569.54650103362,67386.64540050956,42157.00000000002
1345,54720.539075852095,0.2295945779780576,-8.837375276016246e-14,0,0,0,127390.42071833974,67284.07815170416,42157.00000000002
1346,54669.36639294611,0.22887344812104016,-8.837375276016246e-14,0,0,0,127211.76608295269,67181.73278589219,42157.00000000002
1347,54618.3042985103,0.2281525297893614,-8.837375276016246e-14,0,0,0,127033.58085877671,67079.60859702057,42157.00000000002
1348,54567.35244101771,0.22743182298302156,-8.837375276016246e-14,0,0,0,126855.86331796923,66977.7048820354,42157.00000000002
1349,54516.51047043296,0.22671132770202007,-8.837375276016246e-14,0,0,0,126678.6117408928,66876.02094086588,42157.00000000002
1350,54465.77803820443,0.2259910439463575,-8.837375276016246e-14,0,0,0,126501.82441606768,66774.55607640884,42157.00000000002
1351,54415.15479725633,0.22527097171603339,-8.837375276016246e-14,0,0,0,126325.49964012431,66673.30959451264,42157.00000000002
1352,54364.64040198096,0.2245511110110482,-8.837375276016246e-14,0,0,0,126149.63571775639,66572.28080396191,42157.00000000002
1353,54314.2345082309,0.22383146183140146,-8.837375276016246e-14,0,0,0,125974.23096167411,66471.46901646176,42157.00000000002
1354,54263.93677331133,0.22311202417709353,-8.837375276016246e-14,0,0,0,125799.283692558,66370.87354662265,42157.00000000002
1355,54213.74685597243,0.22239279804812428,-8.837375276016246e-14,0,0,0,125624.7922390127,66270.49371194483,42157.00000000002
1356,54163.664416401676,0.22167378344449373,-8.837375276016246e-14,0,0,0,125450.75493752131,66170.32883280334,42157.00000000002
1357,54113.68911621636,0.22095498036620187,-8.837375276016246e-14,0,0,0,125277.17013239992,66070.3782324327,42157.00000000002
1358,54063.820618456026,0.22023638881324858,-8.837375276016246e-14,0,0,0,125104.03617575257,65970.64123691204,42157.00000000002
1359,54014.05858757508,0.219518008785634,-8.837375276016246e-14,0,0,0,124931.35142742649,65871.11717515012,42157.00000000002
1360,53964.40268943529,0.2187998402833582,-8.837375276016246e-14,0,0,0,124759.11425496751,65771.80537887056,42157.00000000002
1361,53914.85259129848,0.2180818833064212,-8.837375276016246e-14,0,0,0,124587.32303357593,65672.70518259692,42157.00000000002
1362,53865.40796181913,0.21736413785482256,-8.837375276016246e-14,0,0,0,124415.9761460624,65573.81592363825,42157.00000000002
1363,53816.06847103725,0.21664660392856294,-8.837375276016246e-14,0,0,0,124245.07198280496,65475.13694207449,42157.00000000002
1364,53766.833790370954,0.2159292815276418,-8.837375276016246e-14,0,0,0,124074.60894170488,65376.66758074188,42157.00000000002
1365,53717.703592609425,0.21521217065205933,-8.837375276016246e-14,0,0,0,123904.58542814436,65278.40718521883,42157.00000000002
1366,53668.6775519057,0.21449527130181567,-8.837375276016246e-14,0,0,0,123734.99985494342,65180.355103811366,42157.00000000002
1367,53619.75534376959,0.2137785834769106,-8.837375276016246e-14,0,0,0,123565.85064231764,65082.51068753916,42157.00000000002
1368,53570.93664506065,0.2130621071773442,-8.837375276016246e-14,0,0,0,123397.13621783594,64984.87329012127,42157.00000000002
1369,53522.221133981126,0.21234584240311638,-8.837375276016246e-14,0,0,0,123228.85501637882,64887.44226796223,42157.00000000002
1370,53473.608490069055,0.2116297891542277,-8.837375276016246e-14,0,0,0,123061.00548009672,64790.21698013808,42157.00000000002
1371,53425.098394191235,0.21091394743067726,-8.837375276016246e-14,0,0,0,122893.58605836854,64693.19678838244,42157.00000000002
1372,53376.69052853648,0.21019831723246563,-8.837375276016246e-14,0,0,0,122726.59520776106,64596.38105707294,42157.00000000002
1373,53328.38457660868,0.20948289855959257,-8.837375276016246e-14,0,0,0,122560.03139198775,64499.769153217334,42157.00000000002
1374,53280.1802232201,0.20876769141205853,-8.837375276016246e-14,0,0,0,122393.89308186868,64403.36044644019,42157.00000000002
1375,53232.07715448449,0.20805269578986285,-8.837375276016246e-14,0,0,0,122228.17875528992,64307.154308968966,42157.00000000002
1376,53184.07505781055,0.20733791169300608,-8.837375276016246e-14,0,0,0,122062.88689716396,64211.15011562108,42157.00000000002
1377,53136.17362189512,0.2066233391214879,-8.837375276016246e-14,0,0,0,121898.01599938987,64115.34724379021,42157.00000000002
1378,53088.37253671661,0.2059089780753085,-8.837375276016246e-14,0,0,0,121733.56456081383,64019.7450734332,42157.00000000002
1379,53040.67149352843,0.2051948285544677,-8.837375276016246e-14,0,0,0,121569.53108719026,63924.34298705684,42157.00000000002
1380,52993.07018485239,0.20448089055896523,-8.837375276016246e-14,0,0,0,121405.91409114256,63829.14036970476,42157.00000000002
1381,52945.568304472305,0.20376716408880202,-8.837375276016246e-14,0,0,0,121242.7120921251,63734.136608944595,42157.00000000002
1382,52898.16554742736,0.20305364914397717,-8.837375276016246e-14,0,0,0,121079.923616384,63639.33109485469,42157.00000000002
1383,52850.861610005835,0.2023403457244911,-8.837375276016246e-14,0,0,0,120917.54719691972,63544.723220011656,42157.00000000002
1384,52803.656189738664,0.20162725383034374,-8.837375276016246e-14,0,0,0,120755.58137344907,63450.3123794773,42157.00000000002
1385,52756.54898539305,0.20091437346153507,-8.837375276016246e-14,0,0,0,120594.02469236722,63356.097970786075,42157.00000000002
1386,52709.539696966225,0.20020170461806497,-8.837375276016246e-14,0,0,0,120432.87570671091,63262.079393932436,42157.00000000002
1387,52662.62802567914,0.19948924729993367,-8.837375276016246e-14,0,0,0,120272.13297612095,63168.256051358265,42157.00000000002
1388,52615.81367397027,0.19877700150714117,-8.837375276016246e-14,0,0,0,120111.79506680548,63074.62734794052,42157.00000000002
1389,52569.09634548932,0.19806496723968714,-8.837375276016246e-14,0,0,0,119951.86055150327,62981.19269097861,42157.00000000002
1390,52522.475745091215,0.1973531444975717,-8.837375276016246e-14,0,0,0,119792.32800944755,62887.95149018241,42157.00000000002
1391,52475.9515788299,0.19664153328079526,-8.837375276016246e-14,0,0,0,119633.19602632966,62794.90315765978,42157.00000000002
1392,52429.52355395224,0.1959301335893573,-8.837375276016246e-14,0,0,0,119474.46319426317,62702.04710790446,42157.00000000002
1393,52383.191378892036,0.19521894542325824,-8.837375276016246e-14,0,0,0,119316.12811174842,62609.38275778405,42157.00000000002
1394,52336.95476326396,0.19450796878249765,-8.837375276016246e-14,0,0,0,119158.18938363675,62516.90952652789,42157.00000000002
1395,52290.81341785763,0.19379720366707565,-8.837375276016246e-14,0,0,0,119000.64562109558,62424.62683571524,42157.00000000002
1396,52244.76705463167,0.19308665007699244,-8.837375276016246e-14,0,0,0,118843.4954415734,62332.53410926332,42157.00000000002
1397,52198.81538670779,0.19237630801224803,-8.837375276016246e-14,0,0,0,118686.73746876488,62240.63077341556,42157.00000000002
1398,52152.958128364924,0.1916661774728422,-8.837375276016246e-14,0,0,0,118530.37033257647,62148.916256729826,42157.00000000002
1399,52107.19499503343,0.1909562584587754,-8.837375276016246e-14,0,0,0,118374.39266909215,62057.38999006684,42157.00000000002
1400,52061.52570328923,0.19024655097004672,-8.837375276016246e-14,0,0,0,118218.80312053916,61966.05140657844,42157.00000000002
1401,52015.9499708482,0.18953705500665718,-8.837375276016246e-14,0,0,0,118063.60033525457,61874.899941696385,42157.00000000002
1402,51970.46751656025,0.188827770568606,-8.837375276016246e-14,0,0,0,117908.7829676511,61783.93503312049,42157.00000000002
1403,51925.0780604038,0.18811869765589362,-8.837375276016246e-14,0,0,0,117754.34967818424,61693.15612080759,42157.00000000002
1404,51879.78132348004,0.18740983626852004,-8.837375276016246e-14,0,0,0,117600.29913331878,61602.562646960054,42157.00000000002
1405,51834.57702800733,0.18670118640648503,-8.837375276016246e-14,0,0,0,117446.6300054958,61512.15405601464,42157.00000000002
1406,51789.46489731561,0.18599274806978872,-8.837375276016246e-14,0,0,0,117293.3409731001,61421.92979463119,42157.00000000002
1407,51744.44465584089,0.1852845212584312,-8.837375276016246e-14,0,0,0,117140.43072042761,61331.88931168176,42157.00000000002
1408,51699.51602911964,0.18457650597241204,-8.837375276016246e-14,0,0,0,116987.89793765284,61242.03205823925,42157.00000000002
1409,51654.67874378341,0.1838687022117318,-8.837375276016246e-14,0,0,0,116835.74132079714,61152.35748756679,42157.00000000002
1410,51609.9325275533,0.18316110997639035,-8.837375276016246e-14,0,0,0,116683.95957169645,61062.86505510657,42157.00000000002
1411,51565.27710923456,0.1824537292663876,-8.837375276016246e-14,0,0,0,116532.55139796973,60973.554218469086,42157.00000000002
1412,51520.71221871119,0.1817465600817233,-8.837375276016246e-14,0,0,0,116381.51551298732,60884.42443742235,42157.00000000002
1413,51476.237586940646,0.1810396024223978,-8.837375276016246e-14,0,0,0,116230.85063583993,60795.47517388128,42157.00000000002
1414,51431.85294594842,0.1803328562884109,-8.837375276016246e-14,0,0,0,116080.55549130727,60706.70589189681,42157.00000000002
1415,51387.55802882282,0.17962632167976267,-8.837375276016246e-14,0,0,0,115930.62880982725,60618.116057645624,42157.00000000002
1416,51343.35256970968,0.17891999859645313,-8.837375276016246e-14,0,0,0,115781.06932746519,60529.70513941933,42157.00000000002
1417,51299.23630380713,0.1782138870384825,-8.837375276016246e-14,0,0,0,115631.87578588349,60441.47260761424,42157.00000000002
1418,51255.208967360384,0.17750798700585058,-8.837375276016246e-14,0,0,0,115483.04693231107,60353.417934720754,42157.00000000002
1419,51211.27029765659,0.1768022984985571,-8.837375276016246e-14,0,0,0,115334.58151951346,60265.54059531316,42157.00000000002
1420,51167.420033019705,0.1760968215166021,-8.837375276016246e-14,0,0,0,115186.4783057628,60177.84006603939,42157.00000000002
1421,51123.65791280539,0.17539155605998635,-8.837375276016246e-14,0,0,0,115038.73605480819,60090.31582561076,42157.00000000002
1422,51079.98367739585,0.17468650212870895,-8.837375276016246e-14,0,0,0,114891.35353584586,60002.96735479168,42157.00000000002
1423,51036.3970681949,0.17398165972277035,-8.837375276016246e-14,0,0,0,114744.32952349015,59915.79413638978,42157.00000000002
1424,50992.89782762287,0.17327702884217033,-8.837375276016246e-14,0,0,0,114597.6627977442,59828.795655245725,42157.00000000002
1425,50949.48569911168,0.1725726094869091,-8.837375276016246e-14,0,0,0,114451.35214397099,59741.971398223344,42157.00000000002
1426,50906.1604270998,0.17186840165698647,-8.837375276016246e-14,0,0,0,114305.39635286442,59655.32085419958,42157.00000000002
1427,50862.9217570274,0.17116440535240263,-8.837375276016246e-14,0,0,0,114159.79422042092,59568.84351405477,42157.00000000002
1428,50819.769435331385,0.17046062057315736,-8.837375276016246e-14,0,0,0,114014.5445479108,59482.53887066275,42157.00000000002
1429,50776.70320944058,0.1697570473192508,-8.837375276016246e-14,0,0,0,113869.64614185013,59396.406418881146,42157.00000000002
1430,50733.72282777084,0.1690536855906828,-8.837375276016246e-14,0,0,0,113725.09781397255,59310.44565554166,42157.00000000002
1431,50690.828039720276,0.1683505353874536,-8.837375276016246e-14,0,0,0,113580.89838120158,59224.65607944054,42157.00000000002
1432,50648.01859566442,0.16764759670956308,-8.837375276016246e-14,0,0,0,113437.04666562262,59139.037191328825,42157.00000000002
1433,50605.294246951526,0.1669448695570115,-8.837375276016246e-14,0,0,0,113293.5414944557,59053.58849390303,42157.00000000002
1434,50562.65474589775,0.16624235392979825,-8.837375276016246e-14,0,0,0,113150.38170002772,58968.30949179548,42157.00000000002
1435,50520.099845782555,0.16554004982792392,-8.837375276016246e-14,0,0,0,113007.56611974565,58883.199691565096,42157.00000000002
1436,50477.62930084395,0.16483795725138806,-8.837375276016246e-14,0,0,0,112865.09359606927,58798.258601687885,42157.00000000002
1437,50435.2428662739,0.1641360762001911,-8.837375276016246e-14,0,0,0,112722.96297648441,58713.48573254777,42157.00000000002
1438,50392.94029821364,0.16343440667433273,-8.837375276016246e-14,0,0,0,112581.17311347615,58628.880596427254,42157.00000000002
1439,50350.72135374913,0.16273294867381283,-8.837375276016246e-14,0,0,0,112439.72286450239,58544.442707498245,42157.00000000002
1440,50308.58579090651,0.16203170219863183,-8.837375276016246e-14,0,0,0,112298.61109196751,58460.171581812996,42157.00000000002
1441,50266.53336864746,0.16133066724878953,-8.837375276016246e-14,0,0,0,112157.8366631961,58376.0667372949,42157.00000000002
1442,50224.56384686479,0.1606298438242859,-8.837375276016246e-14,0,0,0,112017.39845040694,58292.127693729555,42157.00000000002
1443,50182.67698637788,0.15992923192512098,-8.837375276016246e-14,0,0,0,111877.29533068721,58208.353972755736,42157.00000000002
1444,50140.872548928266,0.15922883155129486,-8.837375276016246e-14,0,0,0,111737.52618596671,58124.74509785651,42157.00000000002
1445,50099.15029717513,0.1585286427028071,-8.837375276016246e-14,0,0,0,111598.0899029923,58041.300594350236,42157.00000000002
1446,50057.509994691005,0.15782866537965823,-8.837375276016246e-14,0,0,0,111458.98537330265,57958.019989381995,42157.00000000002
1447,50015.951405957276,0.15712889958184806,-8.837375276016246e-14,0,0,0,111320.2114932029,57874.90281191453,42157.00000000002
1448,49974.474296359855,0.15642934530937647,-8.837375276016246e-14,0,0,0,111181.76716373955,57791.94859271968,42157.00000000002
1449,49933.07843218489,0.15573000256224367,-8.837375276016246e-14,0,0,0,111043.6512906757,57709.15686436976,42157.00000000002
1450,49891.76358061438,0.15503087134044968,-8.837375276016246e-14,0,0,0,110905.86278446612,57626.52716122874,42157.00000000002
1451,49850.52950972192,0.15433195164399394,-8.837375276016246e-14,0,0,0,110768.40056023275,57544.05901944381,42157.00000000002
1452,49809.3759884685,0.15363324347287743,-8.837375276016246e-14,0,0,0,110631.26353774038,57461.75197693698,42157.00000000002
1453,49768.30278669812,0.1529347468270993,-8.837375276016246e-14,0,0,0,110494.45064137186,57379.60557339622,42157.00000000002
1454,49727.309675133736,0.15223646170665983,-8.837375276016246e-14,0,0,0,110357.96080010461,57297.61935026745,42157.00000000002
1455,49686.39642537298,0.15153838811155917,-8.837375276016246e-14,0,0,0,110221.79294748612,57215.792850745944,42157.00000000002
1456,49645.562809883995,0.15084052604179699,-8.837375276016246e-14,0,0,0,110085.9460216103,57134.12561976796,42157.00000000002
1457,49604.808602001365,0.1501428754973737,-8.837375276016246e-14,0,0,0,109950.41896509382,57052.61720400271,42157.00000000002
1458,49564.133575921885,0.149445436478289,-8.837375276016246e-14,0,0,0,109815.21072505237,56971.26715184376,42157.00000000002
1459,49523.53750670057,0.148748208984543,-8.837375276016246e-14,0,0,0,109680.32025307737,56890.07501340112,42157.00000000002
1460,49483.02017024653,0.14805119301613567,-8.837375276016246e-14,0,0,0,109545.74650521277,56809.04034049303,42157.00000000002
1461,49442.58134331891,0.14735438857306704,-8.837375276016246e-14,0,0,0,109411.48844193164,56728.1626866378,42157.00000000002
1462,49402.220803522934,0.1466577956553371,-8.837375276016246e-14,0,0,0,109277.5450281136,56647.44160704584,42157.00000000002
1463,49361.93832930582,0.14596141426294595,-8.837375276016246e-14,0,0,0,109143.91523302163,56566.87665861162,42157.00000000002
1464,49321.73369995284,0.1452652443958934,-8.837375276016246e-14,0,0,0,109010.59803027942,56486.46739990567,42157.00000000002
1465,49281.60669558338,0.1445692860541794,-8.837375276016246e-14,0,0,0,108877.59239784897,56406.21339116674,42157.00000000002
1466,49241.55709714698,0.14387353923780433,-8.837375276016246e-14,0,0,0,108744.89731800808,56326.114194293936,42157.00000000002
1467,49201.5846864194,0.14317800394676772,-8.837375276016246e-14,0,0,0,108612.51177732796,56246.16937283878,42157.00000000002
1468,49161.68924599882,0.14248268018107002,-8.837375276016246e-14,0,0,0,108480.43476665123,56166.37849199762,42157.00000000002
1469,49121.87055930184,0.1417875679407109,-8.837375276016246e-14,0,0,0,108348.66528106974,56086.74111860365,42157.00000000002
1470,49082.12841055974,0.14109266722569047,-8.837375276016246e-14,0,0,0,108217.2023199028,56007.25682111945,42157.00000000002
1471,49042.4625848146,0.14039797803600873,-8.837375276016246e-14,0,0,0,108086.04488667545,55927.92516962918,42157.00000000002
1472,49002.87286791555,0.13970350037166568,-8.837375276016246e-14,0,0,0,107955.19198909677,55848.74573583108,42157.00000000002
1473,48963.3590465149,0.1390092342326612,-8.837375276016246e-14,0,0,0,107824.64263903834,55769.71809302978,42157.00000000002
1474,48923.9209080645,0.13831517961899564,-8.837375276016246e-14,0,0,0,107694.39585251306,55690.84181612898,42157.00000000002
1475,48884.55824081186,0.13762133653066855,-8.837375276016246e-14,0,0,0,107564.4506496537,55612.116481623685,42157.00000000002
1476,48845.27083379655,0.13692770496768025,-8.837375276016246e-14,0,0,0,107434.80605469202,55533.54166759308,42157.00000000002
1477,48806.05847684645,0.13623428493003042,-8.837375276016246e-14,0,0,0,107305.46109593757,55455.11695369287,42157.00000000002
1478,48766.920960574076,0.1355410764177194,-8.837375276016246e-14,0,0,0,107176.41480575711,55376.84192114813,42157.00000000002
1479,48727.85807637293,0.13484807943074717,-8.837375276016246e-14,0,0,0,107047.6662205537,55298.716152745845,42157.00000000002
1480,48688.86961641387,0.13415529396911363,-8.837375276016246e-14,0,0,0,106919.21438074604,55220.73923282772,42157.00000000002
1481,48649.95537364146,0.13346272003281878,-8.837375276016246e-14,0,0,0,106791.05833074826,55142.910747282906,42157.00000000002
1482,48611.115141770424,0.13277035762186262,-8.837375276016246e-14,0,0,0,106663.19711894935,55065.230283540826,42157.00000000002
1483,48572.34871528202,0.13207820673624493,-8.837375276016246e-14,0,0,0,106535.62979769293,54987.697430564025,42157.00000000002
1484,48533.65588942057,0.13138626737596615,-8.837375276016246e-14,0,0,0,106408.35542325747,54910.31177884112,42157.00000000002
1485,48495.03646018979,0.13069453954102594,-8.837375276016246e-14,0,0,0,106281.37305583584,54833.072920379556,42157.00000000002
1486,48456.49022434941,0.13000302323142443,-8.837375276016246e-14,0,0,0,106154.68175951572,54755.98044869879,42157.00000000002
1487,48418.01697941159,0.12931171844716172,-8.837375276016246e-14,0,0,0,106028.28060225994,54679.03395882315,42157.00000000002
1488,48379.616523637465,0.1286206251882377,-8.837375276016246e-14,0,0,0,105902.16865588658,54602.233047274916,42157.00000000002
1489,48341.2886560337,0.12792974345465213,-8.837375276016246e-14,0,0,0,105776.3449960496,54525.57731206737,42157.00000000002
1490,48303.033176349054,0.1272390732464055,-8.837375276016246e-14,0,0,0,105650.80870221961,54449.066352698086,42157.00000000002
1491,48264.84988507092,0.12654861456349742,-8.837375276016246e-14,0,0,0,105525.55885766428,54372.69977014183,42157.00000000002
1492,48226.73858342199,0.12585836740592793,-8.837375276016246e-14,0,0,0,105400.59454942949,54296.47716684396,42157.00000000002
1493,48188.69907335681,0.12516833177369735,-8.837375276016246e-14,0,0,0,105275.91486832003,54220.398146713596,42157.00000000002
1494,48150.73115755844,0.12447850766680524,-8.837375276016246e-14,0,0,0,105151.51890888081,54144.46231511686,42157.00000000002
1495,48112.83463943514,0.12378889508525204,-8.837375276016246e-14,0,0,0,105027.40576937805,54068.66927887025,42157.00000000002
1496,48075.009323116974,0.1230994940290373,-8.837375276016246e-14,0,0,0,104903.57455178046,53993.018646233926,42157.00000000002
1497,48037.25501345258,0.12241030449816137,-8.837375276016246e-14,0,0,0,104780.02436174074,53917.51002690513,42157.00000000002
1498,47999.57151600583,0.12172132649262424,-8.837375276016246e-14,0,0,0,104656.75430857718,53842.14303201164,42157.00000000002
1499,47961.95863705256,0.12103256001242557,-8.837375276016246e-14,0,0,0,104533.76350525499,53766.91727410509,42157.00000000002
1500,47924.416183577334,0.1203440050575657,-8.837375276016246e-14,0,0,0,104411.05106836834,53691.832367154646,42157.00000000002
1501,47886.94396327021,0.11965566162804453,-8.837375276016246e-14,0,0,0,104288.61611812208,53616.88792654041,42157.00000000002
1502,47849.54178452349,0.11896752972386193,-8.837375276016246e-14,0,0,0,104166.45777831356,53542.08356904696,42157.00000000002
1503,47812.20945642857,0.11827960934501813,-8.837375276016246e-14,0,0,0,104044.57517631505,53467.41891285713,42157.00000000002
1504,47774.94678877272,0.11759190049151325,-8.837375276016246e-14,0,0,0,103922.96744305543,53392.89357754543,42157.00000000002
1505,47737.753592035886,0.11690440316334672,-8.837375276016246e-14,0,0,0,103801.63371300278,53318.50718407175,42157.00000000002
1506,47700.62967738762,0.11621711736051865,-8.837375276016246e-14,0,0,0,103680.57312414663,53244.25935477521,42157.00000000002
1507,47663.574856683925,0.11553004308302961,-8.837375276016246e-14,0,0,0,103559.78481798062,53170.14971336783,42157.00000000002
1508,47626.588942464085,0.11484318033087926,-8.837375276016246e-14,0,0,0,103439.2679394847,53096.17788492814,42157.00000000002
1509,47589.67174794763,0.1141565291040676,-8.837375276016246e-14,0,0,0,103319.0216371082,53022.343495895235,42157.00000000002
1510,47552.82308703122,0.11347008940259462,-8.837375276016246e-14,0,0,0,103199.04506275237,52948.646174062415,42157.00000000002
1511,47516.0427742856,0.11278386122646022,-8.837375276016246e-14,0,0,0,103079.33737175332,52875.08554857117,42157.00000000002
1512,47479.33062495254,0.11209784457566452,-8.837375276016246e-14,0,0,0,102959.89772286508,52801.66124990505,42157.00000000002
1513,47442.68645494183,0.11141203945020761,-8.837375276016246e-14,0,0,0,102840.72527824261,52728.37290988364,42157.00000000002
1514,47406.11008082822,0.11072644585008928,-8.837375276016246e-14,0,0,0,102721.81920342497,52655.22016165643,42157.00000000002
1515,47369.60131984846,0.11004106377530964,-8.837375276016246e-14,0,0,0,102603.17866731864,52582.2026396969,42157.00000000002
1516,47333.15998989831,0.10935589322586892,-8.837375276016246e-14,0,0,0,102484.80284218093,52509.3199797966,42157.00000000002
1517,47296.78590952955,0.10867093420176666,-8.837375276016246e-14,0,0,0,102366.69090360332,52436.57181905908,42157.00000000002
1518,47260.47889794707,0.10798618670300297,-8.837375276016246e-14,0,0,0,102248.84203049517,52363.957795894115,42157.00000000002
1519,47224.2387750059,0.10730165072957798,-8.837375276016246e-14,0,0,0,102131.25540506738,52291.47755001177,42157.00000000002
1520,47188.06536120834,0.10661732628149201,-8.837375276016246e-14,0,0,0,102013.93021281606,52219.13072241666,42157.00000000002
1521,47151.95847770097,0.1059332133587444,-8.837375276016246e-14,0,0,0,101896.86564250643,52146.916955401924,42157.00000000002
1522,47115.91794627188,0.10524931196133558,-8.837375276016246e-14,0,0,0,101780.06088615679,52074.83589254374,42157.00000000002
1523,47079.94358934769,0.10456562208926556,-8.837375276016246e-14,0,0,0,101663.51513902258,52002.88717869536,42157.00000000002
1524,47044.03522999075,0.10388214374253402,-8.837375276016246e-14,0,0,0,101547.22759958038,51931.070459981485,42157.00000000002
1525,47008.19269189633,0.10319887692114138,-8.837375276016246e-14,0,0,0,101431.19746951244,51859.385383792636,42157.00000000002
1526,46972.41579938968,0.10251582162508721,-8.837375276016246e-14,0,0,0,101315.42395369054,51787.83159877934,42157.00000000002
1527,46936.704377423375,0.10183297785437184,-8.837375276016246e-14,0,0,0,101199.90626016092,51716.40875484673,42157.00000000002
1528,46901.05825157438,0.10115034560899505,-8.837375276016246e-14,0,0,0,101084.64360012834,51645.11650314874,42157.00000000002
1529,46865.477248041374,0.10046792488895717,-8.837375276016246e-14,0,0,0,100969.63518794095,51573.95449608272,42157.00000000002
1530,46829.9611936419,0.09978571569425787,-8.837375276016246e-14,0,0,0,100854.88024107482,51502.92238728378,42157.00000000002
1531,46794.50991580968,0.09910371802489715,-8.837375276016246e-14,0,0,0,100740.37798011873,51432.01983161934,42157.00000000002
1532,46759.12324259185,0.09842193188087534,-8.837375276016246e-14,0,0,0,100626.12762875918,51361.24648518368,42157.00000000002
1533,46723.80100264623,0.09774035726219199,-8.837375276016246e-14,0,0,0,100512.128413765,51290.602005292436,42157.00000000002
1534,46688.54302523864,0.09705899416884745,-8.837375276016246e-14,0,0,0,100398.37956497275,51220.08605047726,42157.00000000002
1535,46653.34914024019,0.09637784260084148,-8.837375276016246e-14,0,0,0,100284.88031527157,51149.69828048036,42157.00000000002
1536,46618.21917812462,0.0956969025581742,-8.837375276016246e-14,0,0,0,100171.62990058848,51079.43835624922,42157.00000000002
1537,46583.15296996562,0.09501617404084572,-8.837375276016246e-14,0,0,0,100058.62755987376,51009.30593993121,42157.00000000002
1538,46548.15034743416,0.09433565704885605,-8.837375276016246e-14,0,0,0,99945.87253508605,50939.300694868296,42157.00000000002
1539,46513.211142795895,0.09365535158220473,-8.837375276016246e-14,0,0,0,99833.364071178,50869.42228559177,42157.00000000002
1540,46478.335188908546,0.09297525764089232,-8.837375276016246e-14,0,0,0,99721.10141608189,50799.67037781706,42157.00000000002
1541,46443.52231921924,0.0922953752249186,-8.837375276016246e-14,0,0,0,99609.08382069503,50730.04463843847,42157.00000000002
1542,46408.772367761965,0.09161570433428345,-8.837375276016246e-14,0,0,0,99497.31053886552,50660.5447355239,42157.00000000002
1543,46374.08516915496,0.09093624496898689,-8.837375276016246e-14,0,0,0,99385.78082737817,50591.1703383099,42157.00000000002
1544,46339.460558598184,0.09025699712902935,-8.837375276016246e-14,0,0,0,99274.49394594022,50521.92111719635,42157.00000000002
1545,46304.89837187071,0.08957796081441038,-8.837375276016246e-14,0,0,0,99163.44915716731,50452.796743741404,42157.00000000002
1546,46270.39844532821,0.08889913602512978,-8.837375276016246e-14,0,0,0,99052.64572656946,50383.7968906564,42157.00000000002
1547,46235.96061590046,0.08822052276118797,-8.837375276016246e-14,0,0,0,98942.08292253735,50314.921231800894,42157.00000000002
1548,46201.5847210888,0.08754212102258518,-8.837375276016246e-14,0,0,0,98831.76001632836,50246.16944217758,42157.00000000002
1549,46167.27059896359,0.08686393080932087,-8.837375276016246e-14,0,0,0,98721.6762820527,50177.54119792715,42157.00000000002
1550,46133.0180881618,0.08618595212139535,-8.837375276016246e-14,0,0,0,98611.8309966601,50109.036176323585,42157.00000000002
1551,46098.82702788448,0.0855081849588083,-8.837375276016246e-14,0,0,0,98502.22343992583,50040.65405576893,42157.00000000002
1552,46064.697257894346,0.08483062932156016,-8.837375276016246e-14,0,0,0,98392.85289443757,49972.39451578867,42157.00000000002
1553,46030.62861851327,0.08415328520965049,-8.837375276016246e-14,0,0,0,98283.71864558161,49904.25723702652,42157.00000000002
1554,45996.62095061991,0.08347615262307961,-8.837375276016246e-14,0,0,0,98174.8199815298,49836.241901239795,42157.00000000002
1555,45962.67409564724,0.08279923156184743,-8.837375276016246e-14,0,0,0,98066.15619322611,49768.34819129447,42157.00000000002
1556,45928.78789558017,0.08212252202595394,-8.837375276016246e-14,0,0,0,97957.72657437345,49700.57579116033,42157.00000000002
1557,45894.96219295311,0.08144602401539902,-8.837375276016246e-14,0,0,0,97849.53042142047,49632.924385906204,42157.00000000002
1558,45861.19683084765,0.08076973753018302,-8.837375276016246e-14,0,0,0,97741.56703354872,49565.39366169528,42157.00000000002
1559,45827.491652890094,0.08009366257030548,-8.837375276016246e-14,0,0,0,97633.83571265938,49497.983305780166,42157.00000000002
1560,45793.8465032492,0.07941779913576674,-8.837375276016246e-14,0,0,0,97526.33576336059,49430.69300649838,42157.00000000002
1561,45760.261226633775,0.0787421472265668,-8.837375276016246e-14,0,0,0,97419.0664929545,49363.52245326753,42157.00000000002
1562,45726.73566829033,0.07806670684270545,-8.837375276016246e-14,0,0,0,97312.02721142446,49296.47133658063,42157.00000000002
1563,45693.26967400077,0.07739147798418256,-8.837375276016246e-14,0,0,0,97205.21723142233,49229.53934800151,42157.00000000002
1564,45659.86309008013,0.07671646065099846,-8.837375276016246e-14,0,0,0,97098.63586825608,49162.726180160236,42157.00000000002
1565,45626.51576337422,0.0760416548431534,-8.837375276016246e-14,0,0,0,96992.28243987699,49096.031526748426,42157.00000000002
1566,45593.2275412573,0.07536706056064657,-8.837375276016246e-14,0,0,0,96886.15626686707,49029.455082514585,42157.00000000002
1567,45559.99827162992,0.07469267780347866,-8.837375276016246e-14,0,0,0,96780.25667242704,48962.99654325982,42157.00000000002
1568,45526.827802916545,0.07401850657164932,-8.837375276016246e-14,0,0,0,96674.5829823636,48896.65560583307,42157.00000000002
1569,45493.71598406338,0.07334454686515879,-8.837375276016246e-14,0,0,0,96569.13452507748,48830.431968126744,42157.00000000002
1570,45460.66266453607,0.07267079868400683,-8.837375276016246e-14,0,0,0,96463.91063155081,48764.32532907212,42157.00000000002
1571,45427.667694317504,0.07199726202819356,-8.837375276016246e-14,0,0,0,96358.91063533546,48698.33538863498,42157.00000000002
1572,45394.730923905605,0.0713239368977191,-8.837375276016246e-14,0,0,0,96254.13387254064,48632.46184781118,42157.00000000002
1573,45361.85220431108,0.07065082329258321,-8.837375276016246e-14,0,0,0,96149.579681821,48566.70440862213,42157.00000000002
1574,45329.031387055285,0.06997792121278612,-8.837375276016246e-14,0,0,0,96045.24740436472,48501.062774110556,42157.00000000002
1575,45296.268324167984,0.06930523065832761,-8.837375276016246e-14,0,0,0,95941.13638388157,48435.53664833594,42157.00000000002
1576,45263.56286818521,0.06863275162920779,-8.837375276016246e-14,0,0,0,95837.24596659114,48370.1257363704,42157.00000000002
1577,45230.9148721471,0.06796048412542666,-8.837375276016246e-14,0,0,0,95733.57550121112,48304.82974429418,42157.00000000002
1578,45198.32418959573,0.06728842814698421,-8.837375276016246e-14,0,0,0,95630.12433894559,48239.648379191436,42157.00000000002
1579,45165.790674573,0.06661658369388046,-8.837375276016246e-14,0,0,0,95526.8918334734,48174.581349145985,42157.00000000002
1580,45133.314181618465,0.06594495076611528,-8.837375276016246e-14,0,0,0,95423.87734093665,48109.6283632369,42157.00000000002
1581,45100.894565767274,0.06527352936368902,-8.837375276016246e-14,0,0,0,95321.08021992927,48044.789131534526,42157.00000000002
1582,45068.531682548004,0.06460231948660133,-8.837375276016246e-14,0,0,0,95218.49983148537,47980.063365095986,42157.00000000002
1583,45036.2253879806,0.06393132113485234,-8.837375276016246e-14,0,0,0,95116.13553906817,47915.45077596117,42157.00000000002
1584,45003.97553857428,0.06326053430844192,-8.837375276016246e-14,0,0,0,95013.98670855851,47850.951077148544,42157.00000000002
1585,44971.78199132547,0.06258995900737019,-8.837375276016246e-14,0,0,0,94912.0527082437,47786.56398265092,42157.00000000002
1586,44939.644603715744,0.06191959523163748,-8.837375276016246e-14,0,0,0,94810.33290880638,47722.28920743146,42157.00000000002
1587,44907.5632337097,0.06124944298124324,-8.837375276016246e-14,0,0,0,94708.82668331322,47658.12646741938,42157.00000000002
1588,44875.537739753025,0.06057950225618769,-8.837375276016246e-14,0,0,0,94607.53340720413,47594.07547950603,42157.00000000002
1589,44843.56798077039,0.059909773056470716,-8.837375276016246e-14,0,0,0,94506.45245828111,47530.13596154076,42157.00000000002
1590,44811.65381616347,0.059240255382092544,-8.837375276016246e-14,0,0,0,94405.58321669737,47466.30763232691,42157.00000000002
1591,44779.795105808866,0.05857094923305295,-8.837375276016246e-14,0,0,0,94304.92506494641,47402.59021161772,42157.00000000002
1592,44747.9917100562,0.05790185460935238,-8.837375276016246e-14,0,0,0,94204.47738785138,47338.98342011238,42157.00000000002
1593,44716.243489726,0.05723297151099005,-8.837375276016246e-14,0,0,0,94104.23957255397,47275.486979451984,42157.00000000002
1594,44684.55030610786,0.05656429993796663,-8.837375276016246e-14,0,0,0,94004.21100850421,47212.10061221571,42157.00000000002
1595,44652.91202095834,0.055895839890281684,-8.837375276016246e-14,0,0,0,93904.39108744937,47148.82404191667,42157.00000000002
1596,44621.328496499096,0.05522759136793565,-8.837375276016246e-14,0,0,0,93804.7792034238,47085.65699299817,42157.00000000002
1597,44589.79959541485,0.05455955437092819,-8.837375276016246e-14,0,0,0,93705.37475273796,47022.59919082967,42157.00000000002
1598,44558.32518085153,0.05389172889925964,-8.837375276016246e-14,0,0,0,93606.17713396842,46959.65036170304,42157.00000000002
1599,44526.90511641424,0.05322411495292945,-8.837375276016246e-14,0,0,0,93507.18574794703,46896.81023282846,42157.00000000002
1600,44495.53926616545,0.052556712531938166,-8.837375276016246e-14,0,0,0,93408.39999775102,46834.078532330874,42157.00000000002
1601,44464.22749462298,0.05188952163628546,-8.837375276016246e-14,0,0,0,93309.81928869229,46771.45498924593,42157.00000000002
1602,44432.969666758174,0.05122254226597156,-8.837375276016246e-14,0,0,0,93211.44302830742,46708.939333516326,42157.00000000002
1603,44401.76564799395,0.05055577442099635,-8.837375276016246e-14,0,0,0,93113.27062634744,46646.53129598787,42157.00000000002
1604,44370.615304202925,0.0498892181013596,-8.837375276016246e-14,0,0,0,93015.3014947676,46584.23060840582,42157.00000000002
1605,44339.51850170559,0.049222873307061654,-8.837375276016246e-14,0,0,0,92917.53504771752,46522.03700341116,42157.00000000002
1606,44308.47510726839,0.04855674003810251,-8.837375276016246e-14,0,0,0,92819.97070153097,46459.95021453675,42157.00000000002
1607,44277.48498810185,0.04789081829448183,-8.837375276016246e-14,0,0,0,92722.60787471596,46397.96997620368,42157.00000000002
1608,44246.54801185883,0.04722510807620006,-8.837375276016246e-14,0,0,0,92625.44598794493,46336.09602371764,42157.00000000002
1609,44215.66404663255,0.04655960938325687,-8.837375276016246e-14,0,0,0,92528.48446404473,46274.32809326508,42157.00000000002
1610,44184.83296095487,0.04589432221565248,-8.837375276016246e-14,0,0,0,92431.72272798697,46212.66592190971,42157.00000000002
1611,44154.0546237944,0.04522924657338656,-8.837375276016246e-14,0,0,0,92335.16020687816,46151.10924758878,42157.00000000002
1612,44123.32890455474,0.04456438245645922,-8.837375276016246e-14,0,0,0,92238.79632995007,46089.65780910946,42157.00000000002
1613,44092.65567307268,0.043899729864870896,-8.837375276016246e-14,0,0,0,92142.63052855017,46028.31134614534,42157.00000000002
1614,44062.034799616325,0.04323528879862104,-8.837375276016246e-14,0,0,0,92046.66223613182,45967.06959923263,42157.00000000002
1615,44031.46615488343,0.04257105925771021,-8.837375276016246e-14,0,0,0,91950.89088824492,45905.93230976683,42157.00000000002
1616,44000.949609999494,0.04190704124213773,-8.837375276016246e-14,0,0,0,91855.31592252626,45844.89921999897,42157.00000000002
1617,43970.48503651613,0.041243234751903834,-8.837375276016246e-14,0,0,0,91759.9367786903,45783.970073032244,42157.00000000002
1618,43940.072306409245,0.04057963978700918,-8.837375276016246e-14,0,0,0,91664.75289851965,45723.144612818476,42157.00000000002
1619,43909.71129207722,0.03991625634745277,-8.837375276016246e-14,0,0,0,91569.76372585558,45662.42258415442,42157.00000000002
1620,43879.40186633929,0.039253084433235164,-8.837375276016246e-14,0,0,0,91474.968706589,45601.80373267856,42157.00000000002
1621,43849.14390243376,0.03859012404435602,-8.837375276016246e-14,0,0,0,91380.36728865112,45541.2878048675,42157.00000000002
1622,43818.93727401627,0.03792737518081579,-8.837375276016246e-14,0,0,0,91285.95892200424,45480.87454803252,42157.00000000002
1623,43788.7818551581,0.03726483784261436,-8.837375276016246e-14,0,0,0,91191.74305863254,45420.56371031618,42157.00000000002
1624,43758.67752034444,0.0366025120297514,-8.837375276016246e-14,0,0,0,91097.71915253314,45360.35504068885,42157.00000000002
1625,43728.62414447273,0.035940397742227126,-8.837375276016246e-14,0,0,0,91003.88665970696,45300.24828894544,42157.00000000002
1626,43698.62160285093,0.03527849498004143,-8.837375276016246e-14,0,0,0,90910.2450381497,45240.24320570183,42157.00000000002
1627,43668.66977119589,0.03461680374319476,-8.837375276016246e-14,0,0,0,90816.79374784302,45180.33954239177,42157.00000000002
1628,43638.76852563161,0.03395532403168666,-8.837375276016246e-14,0,0,0,90723.53225074548,45120.5370512632,42157.00000000002
1629,43608.91774268763,0.033294055845517145,-8.837375276016246e-14,0,0,0,90630.46001078376,45060.83548537524,42157.00000000002
1630,43579.117299297344,0.03263299918468643,-8.837375276016246e-14,0,0,0,90537.57649384387,45001.234598594674,42157.00000000002
1631,43549.36707279637,0.03197215404919407,-8.837375276016246e-14,0,0,0,90444.88116776235,44941.73414559271,42157.00000000002
1632,43519.66694092091,0.03131152043904073,-8.837375276016246e-14,0,0,0,90352.37350231764,44882.333881841805,42157.00000000002
1633,43490.01678180611,0.03065109835422619,-8.837375276016246e-14,0,0,0,90260.05296922132,44823.0335636122,42157.00000000002
1634,43460.41647398439,0.02999088779475001,-8.837375276016246e-14,0,0,0,90167.91904210941,44763.83294796876,42157.00000000002
1635,43430.86589638395,0.02933088876061274,-8.837375276016246e-14,0,0,0,90075.97119653411,44704.731792767874,42157.00000000002
1636,43401.36492832701,0.028671101251813935,-8.837375276016246e-14,0,0,0,89984.20890995483,44645.729856654005,42157.00000000002
1637,43371.91344952834,0.028011525268353932,-8.837375276016246e-14,0,0,0,89892.6316617301,44586.826899056665,42157.00000000002
1638,43342.511340093595,0.02735216081023273,-8.837375276016246e-14,0,0,0,89801.23893310894,44528.02268018717,42157.00000000002
1639,43313.158480517726,0.026693007877450103,-8.837375276016246e-14,0,0,0,89710.03020722237,44469.31696103543,42157.00000000002
1640,43283.85475168344,0.026034066470006056,-8.837375276016246e-14,0,0,0,89619.00496907525,44410.70950336685,42157.00000000002
1641,43254.600034859606,0.0253753365879007,-8.837375276016246e-14,0,0,0,89528.1627055379,44352.20006971918,42157.00000000002
1642,43225.39421169973,0.024716818231134252,-8.837375276016246e-14,0,0,0,89437.50290533784,44293.78842339943,42157.00000000002
1643,43196.23716424032,0.024058511399706495,-8.837375276016246e-14,0,0,0,89347.02505905148,44235.474328480625,42157.00000000002
1644,43167.12877489943,0.023400416093617316,-8.837375276016246e-14,0,0,0,89256.728659096,44177.257549798844,42157.00000000002
1645,43138.068926475054,0.022742532312866715,-8.837375276016246e-14,0,0,0,89166.61319972131,44119.13785295009,42157.00000000002
1646,43109.057502143645,0.022084860057455025,-8.837375276016246e-14,0,0,0,89076.67817700184,44061.11500428727,42157.00000000002
1647,43080.094385458535,0.02142739932738169,-8.837375276016246e-14,0,0,0,88986.92308882842,44003.18877091705,42157.00000000002
1648,43051.179460348496,0.02077015012264749,-8.837375276016246e-14,0,0,0,88897.34743490058,43945.35892069697,42157.00000000002
1649,43022.31261111612,0.020113112443251535,-8.837375276016246e-14,0,0,0,88807.9507167181,43887.62522223221,42157.00000000002
1650,42993.493722436426,0.01945628628919438,-8.837375276016246e-14,0,0,0,88718.73243757356,43829.98744487284,42157.00000000002
1651,42964.72267935531,0.018799671660476136,-8.837375276016246e-14,0,0,0,88629.69210254416,43772.4453587106,42157.00000000002
1652,42935.99936728805,0.01814326855709647,-8.837375276016246e-14,0,0,0,88540.82921848395,43714.99873457608,42157.00000000002
1653,42907.32367201784,0.01748707697905527,-8.837375276016246e-14,0,0,0,88452.14329401606,43657.64734403565,42157.00000000002
1654,42878.69547969433,0.016831096926352984,-8.837375276016246e-14,0,0,0,88363.63383952492,43600.39095938864,42157.00000000002
1655,42850.114676832134,0.016175328398989275,-8.837375276016246e-14,0,0,0,88275.30036714852,43543.22935366425,42157.00000000002
1656,42821.58115030938,0.015519771396964255,-8.837375276016246e-14,0,0,0,88187.1423907707,43486.16230061874,42157.00000000002
1657,42793.094787366266,0.014864425920278146,-8.837375276016246e-14,0,0,0,88099.15942601365,43429.18957473251,42157.00000000002
1658,42764.65547560359,0.014209291968930393,-8.837375276016246e-14,0,0,0,88011.35099023006,43372.31095120717,42157.00000000002
1659,42736.26310298136,0.013554369542921552,-8.837375276016246e-14,0,0,0,87923.71660249583,43315.52620596269,42157.00000000002
1660,42707.91755781727,0.012899658642251288,-8.837375276016246e-14,0,0,0,87836.25578360228,43258.83511563453,42157.00000000002
1661,42679.61872878541,0.012245159266919825,-8.837375276016246e-14,0,0,0,87748.96805604892,43202.2374575708,42157.00000000002
1662,42651.36650491471,0.011590871416926829,-8.837375276016246e-14,0,0,0,87661.85294403578,43145.7330098294,42157.00000000002
1663,42623.16077558762,0.010936795092272633,-8.837375276016246e-14,0,0,0,87574.90997345618,43089.321551175206,42157.00000000002
1664,42595.00143053867,0.01028293029295746,-8.837375276016246e-14,0,0,0,87488.1386718892,43033.00286107732,42157.00000000002
1665,42566.88835985307,0.009629277018980531,-8.837375276016246e-14,0,0,0,87401.53856859246,42976.77671970611,42157.00000000002
1666,42538.82145396532,0.008975835270342403,-8.837375276016246e-14,0,0,0,87315.10919449475,42920.64290793062,42157.00000000002
1667,42510.800603657866,0.008322605047043075,-8.837375276016246e-14,0,0,0,87228.85008218892,42864.60120731571,42157.00000000002
1668,42482.82570005964,0.007669586349082325,-8.837375276016246e-14,0,0,0,87142.76076592438,42808.65140011926,42157.00000000002
1669,42454.89663464476,0.007016779176460153,-8.837375276016246e-14,0,0,0,87056.84078160023,42752.793269289505,42157.00000000002
1670,42427.013299231156,0.006364183529176892,-8.837375276016246e-14,0,0,0,86971.08966675792,42697.02659846229,42157.00000000002
1671,42399.175585979145,0.005711799407231988,-8.837375276016246e-14,0,0,0,86885.50696057414,42641.35117195827,42157.00000000002
1672,42371.38338739017,0.0050596268106258835,-8.837375276016246e-14,0,0,0,86800.09220385386,42585.76677478031,42157.00000000002
1673,42343.63659630541,0.0044076657393586904,-8.837375276016246e-14,0,0,0,86714.84493902323,42530.27319261081,42157.00000000002
1674,42315.93510590442,0.0037559161934299645,-8.837375276016246e-14,0,0,0,86629.7647101225,42474.87021180882,42157.00000000002
1675,42288.27880970384,0.00310437817284015,-8.837375276016246e-14,0,0,0,86544.85106279922,42419.557619407664,42157.00000000002
1676,42260.667601556044,0.0024530516775889133,-8.837375276016246e-14,0,0,0,86460.10354430114,42364.33520311207,42157.00000000002
1677,42233.10137564781,0.001801936707676255,-8.837375276016246e-14,0,0,0,86375.52170346942,42309.202751295605,42157.00000000002
1678,42205.580026499054,0.0011510332631023967,-8.837375276016246e-14,0,0,0,86291.1050907318,42254.160052998086,42157.00000000002
1679,42178.10344896145,0.0005003413438672277,-8.837375276016246e-14,0,0,0,86206.8532580956,42199.206897922864,42157.00000000002
1680,42157.000000002525,5.939693181744587e-14,-8.837375276016246e-14,0,0,0,86142.16207249476,42157.000000005035,42157.00000000002
