step,a_km,e,i_deg,Omega_deg,omega_deg,nu_deg,period_s,r_apogee_km,r_perigee_km
0,31571.0,0.7855310253080359,45,0,0,0,55826.92774635969,56371.0,6771.0
1,31571.0,0.7855310253080359,44.953512396694215,0,0,0,55826.92774635969,56371.0,6771.0
2,31571.0,0.7855310253080359,44.90702479338843,0,0,0,55826.92774635969,56371.0,6771.0
3,31571.0,0.7855310253080359,44.860537190082646,0,0,0,55826.92774635969,56371.0,6771.0
4,31571.0,0.7855310253080359,44.81404958677686,0,0,0,55826.92774635969,56371.0,6771.0
5,31571.0,0.7855310253080359,44.767561983471076,0,0,0,55826.92774635969,56371.0,6771.0
6,31571.0,0.7855310253080359,44.72107438016529,0,0,0,55826.92774635969,56371.0,6771.0
7,31571.0,0.7855310253080359,44.674586776859506,0,0,0,55826.92774635969,56371.0,6771.0
8,31571.0,0.7855310253080359,44.62809917355372,0,0,0,55826.92774635969,56371.0,6771.0
9,31571.0,0.7855310253080359,44.58161157024794,0,0,0,55826.92774635969,56371.0,6771.0
10,31571.0,0.7855310253080359,44.53512396694215,0,0,0,55826.92774635969,56371.0,6771.0
11,31571.0,0.7855310253080359,44.48863636363637,0,0,0,55826.92774635969,56371.0,6771.0
12,31571.0,0.7855310253080359,44.44214876033058,0,0,0,55826.92774635969,56371.0,6771.0
13,31571.0,0.7855310253080359,44.3956611570248,0,0,0,55826.92774635969,56371.0,6771.0
14,31571.0,0.7855310253080359,44.34917355371901,0,0,0,55826.92774635969,56371.0,6771.0
15,31571.0,0.7855310253080359,44.30268595041323,0,0,0,55826.92774635969,56371.0,6771.0
16,31571.0,0.7855310253080359,44.25619834710744,0,0,0,55826.92774635969,56371.0,6771.0
17,31571.0,0.7855310253080359,44.20971074380166,0,0,0,55826.92774635969,56371.0,6771.0
18,31571.0,0.7855310253080359,44.16322314049587,0,0,0,55826.92774635969,56371.0,6771.0
19,31571.0,0.7855310253080359,44.11673553719009,0,0,0,55826.92774635969,56371.0,6771.0
20,31571.0,0.7855310253080359,44.0702479338843,0,0,0,55826.92774635969,56371.0,6771.0
21,31571.0,0.7855310253080359,44.02376033057852,0,0,0,55826.92774635969,56371.0,6771.0
22,31571.0,0.7855310253080359,43.977272727272734,0,0,0,55826.92774635969,56371.0,6771.0
23,31571.0,0.7855310253080359,43.93078512396695,0,0,0,55826.92774635969,56371.0,6771.0
24,31571.0,0.7855310253080359,43.884297520661164,0,0,0,55826.92774635969,56371.0,6771.0
25,31571.0,0.7855310253080359,43.83780991735538,0,0,0,55826.92774635969,56371.0,6771.0
26,31571.0,0.7855310253080359,43.791322314049594,0,0,0,55826.92774635969,56371.0,6771.0
27,31571.0,0.7855310253080359,43.74483471074381,0,0,0,55826.92774635969,56371.0,6771.0
28,31571.0,0.7855310253080359,43.698347107438025,0,0,0,55826.92774635969,56371.0,6771.0
29,31571.0,0.7855310253080359,43.65185950413224,0,0,0,55826.92774635969,56371.0,6771.0
30,31571.0,0.7855310253080359,43.605371900826455,0,0,0,55826.92774635969,56371.0,6771.0
31,31571.0,0.7855310253080359,43.55888429752067,0,0,0,55826.92774635969,56371.0,6771.0
32,31571.0,0.7855310253080359,43.512396694214885,0,0,0,55826.92774635969,56371.0,6771.0
33,31571.0,0.7855310253080359,43.4659090909091,0,0,0,55826.92774635969,56371.0,6771.0
34,31571.0,0.7855310253080359,43.419421487603316,0,0,0,55826.92774635969,56371.0,6771.0
35,31571.0,0.7855310253080359,43.37293388429753,0,0,0,55826.92774635969,56371.0,6771.0
36,31571.0,0.7855310253080359,43.326446280991746,0,0,0,55826.92774635969,56371.0,6771.0
37,31571.0,0.7855310253080359,43.27995867768596,0,0,0,55826.92774635969,56371.0,6771.0
38,31571.0,0.7855310253080359,43.233471074380176,0,0,0,55826.92774635969,56371.0,6771.0
39,31571.0,0.7855310253080359,43.18698347107439,0,0,0,55826.92774635969,56371.0,6771.0
40,31571.0,0.7855310253080359,43.14049586776861,0,0,0,55826.92774635969,56371.0,6771.0
41,31571.0,0.7855310253080359,43.09400826446282,0,0,0,55826.92774635969,56371.0,6771.0
42,31571.0,0.7855310253080359,43.04752066115704,0,0,0,55826.92774635969,56371.0,6771.0
43,31571.0,0.7855310253080359,43.00103305785125,0,0,0,55826.92774635969,56371.0,6771.0
44,31571.0,0.7855310253080359,42.95454545454547,0,0,0,55826.92774635969,56371.0,6771.0
45,31571.0,0.7855310253080359,42.90805785123968,0,0,0,55826.92774635969,56371.0,6771.0
46,31571.0,0.7855310253080359,42.8615702479339,0,0,0,55826.92774635969,56371.0,6771.0
47,31571.0,0.7855310253080359,42.81508264462811,0,0,0,55826.92774635969,56371.0,6771.0
48,31571.0,0.7855310253080359,42.76859504132233,0,0,0,55826.92774635969,56371.0,6771.0
49,31571.0,0.7855310253080359,42.72210743801654,0,0,0,55826.92774635969,56371.0,6771.0
50,31571.0,0.7855310253080359,42.67561983471076,0,0,0,55826.92774635969,56371.0,6771.0
51,31571.0,0.7855310253080359,42.629132231404974,0,0,0,55826.92774635969,56371.0,6771.0
52,31571.0,0.7855310253080359,42.58264462809919,0,0,0,55826.92774635969,56371.0,6771.0
53,31571.0,0.7855310253080359,42.536157024793404,0,0,0,55826.92774635969,56371.0,6771.0
54,31571.0,0.7855310253080359,42.48966942148762,0,0,0,55826.92774635969,56371.0,6771.0
55,31571.0,0.7855310253080359,42.443181818181834,0,0,0,55826.92774635969,56371.0,6771.0
56,31571.0,0.7855310253080359,42.39669421487605,0,0,0,55826.92774635969,56371.0,6771.0
57,31571.0,0.7855310253080359,42.350206611570265,0,0,0,55826.92774635969,56371.0,6771.0
58,31571.0,0.7855310253080359,42.30371900826448,0,0,0,55826.92774635969,56371.0,6771.0
59,31571.0,0.7855310253080359,42.257231404958695,0,0,0,55826.92774635969,56371.0,6771.0
60,31571.0,0.7855310253080359,42.21074380165291,0,0,0,55826.92774635969,56371.0,6771.0
61,31571.0,0.7855310253080359,42.164256198347125,0,0,0,55826.92774635969,56371.0,6771.0
62,31571.0,0.7855310253080359,42.11776859504134,0,0,0,55826.92774635969,56371.0,6771.0
63,31571.0,0.7855310253080359,42.071280991735556,0,0,0,55826.92774635969,56371.0,6771.0
64,31571.0,0.7855310253080359,42.02479338842977,0,0,0,55826.92774635969,56371.0,6771.0
65,31571.0,0.7855310253080359,41.978305785123986,0,0,0,55826.92774635969,56371.0,6771.0
66,31571.0,0.7855310253080359,41.9318181818182,0,0,0,55826.92774635969,56371.0,6771.0
67,31571.0,0.7855310253080359,41.885330578512416,0,0,0,55826.92774635969,56371.0,6771.0
68,31571.0,0.7855310253080359,41.83884297520663,0,0,0,55826.92774635969,56371.0,6771.0
69,31571.0,0.7855310253080359,41.79235537190085,0,0,0,55826.92774635969,56371.0,6771.0
70,31571.0,0.7855310253080359,41.74586776859506,0,0,0,55826.92774635969,56371.0,6771.0
71,31571.0,0.7855310253080359,41.69938016528928,0,0,0,55826.92774635969,56371.0,6771.0
72,31571.0,0.7855310253080359,41.65289256198349,0,0,0,55826.92774635969,56371.0,6771.0
73,31571.0,0.7855310253080359,41.60640495867771,0,0,0,55826.92774635969,56371.0,6771.0
74,31571.0,0.7855310253080359,41.55991735537192,0,0,0,55826.92774635969,56371.0,6771.0
75,31571.0,0.7855310253080359,41.51342975206614,0,0,0,55826.92774635969,56371.0,6771.0
76,31571.0,0.7855310253080359,41.46694214876035,0,0,0,55826.92774635969,56371.0,6771.0
77,31571.0,0.7855310253080359,41.42045454545457,0,0,0,55826.92774635969,56371.0,6771.0
78,31571.0,0.7855310253080359,41.37396694214878,0,0,0,55826.92774635969,56371.0,6771.0
79,31571.0,0.7855310253080359,41.327479338843,0,0,0,55826.92774635969,56371.0,6771.0
80,31571.0,0.7855310253080359,41.280991735537214,0,0,0,55826.92774635969,56371.0,6771.0
81,31571.0,0.7855310253080359,41.23450413223143,0,0,0,55826.92774635969,56371.0,6771.0
82,31571.0,0.7855310253080359,41.188016528925644,0,0,0,55826.92774635969,56371.0,6771.0
83,31571.0,0.7855310253080359,41.14152892561986,0,0,0,55826.92774635969,56371.0,6771.0
84,31571.0,0.7855310253080359,41.095041322314074,0,0,0,55826.92774635969,56371.0,6771.0
85,31571.0,0.7855310253080359,41.04855371900829,0,0,0,55826.92774635969,56371.0,6771.0
86,31571.0,0.7855310253080359,41.002066115702505,0,0,0,55826.92774635969,56371.0,6771.0
87,31571.0,0.7855310253080359,40.95557851239672,0,0,0,55826.92774635969,56371.0,6771.0
88,31571.0,0.7855310253080359,40.909090909090935,0,0,0,55826.92774635969,56371.0,6771.0
89,31571.0,0.7855310253080359,40.86260330578515,0,0,0,55826.92774635969,56371.0,6771.0
90,31571.0,0.7855310253080359,40.816115702479365,0,0,0,55826.92774635969,56371.0,6771.0
91,31571.0,0.7855310253080359,40.76962809917358,0,0,0,55826.92774635969,56371.0,6771.0
92,31571.0,0.7855310253080359,40.723140495867796,0,0,0,55826.92774635969,56371.0,6771.0
93,31571.0,0.7855310253080359,40.67665289256201,0,0,0,55826.92774635969,56371.0,6771.0
94,31571.0,0.7855310253080359,40.630165289256226,0,0,0,55826.92774635969,56371.0,6771.0
95,31571.0,0.7855310253080359,40.58367768595044,0,0,0,55826.92774635969,56371.0,6771.0
96,31571.0,0.7855310253080359,40.537190082644656,0,0,0,55826.92774635969,56371.0,6771.0
97,31571.0,0.7855310253080359,40.49070247933887,0,0,0,55826.92774635969,56371.0,6771.0
98,31571.0,0.7855310253080359,40.44421487603309,0,0,0,55826.92774635969,56371.0,6771.0
99,31571.0,0.7855310253080359,40.3977272727273,0,0,0,55826.92774635969,56371.0,6771.0
100,31571.0,0.7855310253080359,40.35123966942152,0,0,0,55826.92774635969,56371.0,6771.0
101,31571.0,0.7855310253080359,40.30475206611573,0,0,0,55826.92774635969,56371.0,6771.0
102,31571.0,0.7855310253080359,40.25826446280995,0,0,0,55826.92774635969,56371.0,6771.0
103,31571.0,0.7855310253080359,40.21177685950416,0,0,0,55826.92774635969,56371.0,6771.0
104,31571.0,0.7855310253080359,40.16528925619838,0,0,0,55826.92774635969,56371.0,6771.0
105,31571.0,0.7855310253080359,40.11880165289259,0,0,0,55826.92774635969,56371.0,6771.0
106,31571.0,0.7855310253080359,40.07231404958681,0,0,0,55826.92774635969,56371.0,6771.0
107,31571.0,0.7855310253080359,40.02582644628102,0,0,0,55826.92774635969,56371.0,6771.0
108,31571.0,0.7855310253080359,39.97933884297524,0,0,0,55826.92774635969,56371.0,6771.0
109,31571.0,0.7855310253080359,39.93285123966945,0,0,0,55826.92774635969,56371.0,6771.0
110,31571.0,0.7855310253080359,39.88636363636367,0,0,0,55826.92774635969,56371.0,6771.0
111,31571.0,0.7855310253080359,39.839876033057884,0,0,0,55826.92774635969,56371.0,6771.0
112,31571.0,0.7855310253080359,39.7933884297521,0,0,0,55826.92774635969,56371.0,6771.0
113,31571.0,0.7855310253080359,39.746900826446314,0,0,0,55826.92774635969,56371.0,6771.0
114,31571.0,0.7855310253080359,39.70041322314053,0,0,0,55826.92774635969,56371.0,6771.0
115,31571.0,0.7855310253080359,39.653925619834745,0,0,0,55826.92774635969,56371.0,6771.0
116,31571.0,0.7855310253080359,39.60743801652896,0,0,0,55826.92774635969,56371.0,6771.0
117,31571.0,0.7855310253080359,39.560950413223175,0,0,0,55826.92774635969,56371.0,6771.0
118,31571.0,0.7855310253080359,39.51446280991739,0,0,0,55826.92774635969,56371.0,6771.0
119,31571.0,0.7855310253080359,39.467975206611605,0,0,0,55826.92774635969,56371.0,6771.0
120,31571.0,0.7855310253080359,39.42148760330582,0,0,0,55826.92774635969,56371.0,6771.0
121,31571.0,0.7855310253080359,39.375000000000036,0,0,0,55826.92774635969,56371.0,6771.0
122,31571.0,0.7855310253080359,39.32851239669425,0,0,0,55826.92774635969,56371.0,6771.0
123,31571.0,0.7855310253080359,39.282024793388466,0,0,0,55826.92774635969,56371.0,6771.0
124,31571.0,0.7855310253080359,39.23553719008268,0,0,0,55826.92774635969,56371.0,6771.0
125,31571.0,0.7855310253080359,39.189049586776896,0,0,0,55826.92774635969,56371.0,6771.0
126,31571.0,0.7855310253080359,39.14256198347111,0,0,0,55826.92774635969,56371.0,6771.0
127,31571.0,0.7855310253080359,39.09607438016533,0,0,0,55826.92774635969,56371.0,6771.0
128,31571.0,0.7855310253080359,39.04958677685954,0,0,0,55826.92774635969,56371.0,6771.0
129,31571.0,0.7855310253080359,39.00309917355376,0,0,0,55826.92774635969,56371.0,6771.0
130,31571.0,0.7855310253080359,38.95661157024797,0,0,0,55826.92774635969,56371.0,6771.0
131,31571.0,0.7855310253080359,38.91012396694219,0,0,0,55826.92774635969,56371.0,6771.0
132,31571.0,0.7855310253080359,38.8636363636364,0,0,0,55826.92774635969,56371.0,6771.0
133,31571.0,0.7855310253080359,38.81714876033062,0,0,0,55826.92774635969,56371.0,6771.0
134,31571.0,0.7855310253080359,38.77066115702483,0,0,0,55826.92774635969,56371.0,6771.0
135,31571.0,0.7855310253080359,38.72417355371905,0,0,0,55826.92774635969,56371.0,6771.0
136,31571.0,0.7855310253080359,38.67768595041326,0,0,0,55826.92774635969,56371.0,6771.0
137,31571.0,0.7855310253080359,38.63119834710748,0,0,0,55826.92774635969,56371.0,6771.0
138,31571.0,0.7855310253080359,38.58471074380169,0,0,0,55826.92774635969,56371.0,6771.0
139,31571.0,0.7855310253080359,38.53822314049591,0,0,0,55826.92774635969,56371.0,6771.0
140,31571.0,0.7855310253080359,38.491735537190124,0,0,0,55826.92774635969,56371.0,6771.0
141,31571.0,0.7855310253080359,38.44524793388434,0,0,0,55826.92774635969,56371.0,6771.0
142,31571.0,0.7855310253080359,38.398760330578554,0,0,0,55826.92774635969,56371.0,6771.0
143,31571.0,0.7855310253080359,38.35227272727277,0,0,0,55826.92774635969,56371.0,6771.0
144,31571.0,0.7855310253080359,38.305785123966984,0,0,0,55826.92774635969,56371.0,6771.0
145,31571.0,0.7855310253080359,38.2592975206612,0,0,0,55826.92774635969,56371.0,6771.0
146,31571.0,0.7855310253080359,38.212809917355415,0,0,0,55826.92774635969,56371.0,6771.0
147,31571.0,0.7855310253080359,38.16632231404963,0,0,0,55826.92774635969,56371.0,6771.0
148,31571.0,0.7855310253080359,38.119834710743845,0,0,0,55826.92774635969,56371.0,6771.0
149,31571.0,0.7855310253080359,38.07334710743806,0,0,0,55826.92774635969,56371.0,6771.0
150,31571.0,0.7855310253080359,38.026859504132275,0,0,0,55826.92774635969,56371.0,6771.0
151,31571.0,0.7855310253080359,37.98037190082649,0,0,0,55826.92774635969,56371.0,6771.0
152,31571.0,0.7855310253080359,37.933884297520706,0,0,0,55826.92774635969,56371.0,6771.0
153,31571.0,0.7855310253080359,37.88739669421492,0,0,0,55826.92774635969,56371.0,6771.0
154,31571.0,0.7855310253080359,37.840909090909136,0,0,0,55826.92774635969,56371.0,6771.0
155,31571.0,0.7855310253080359,37.79442148760335,0,0,0,55826.92774635969,56371.0,6771.0
156,31571.0,0.7855310253080359,37.74793388429757,0,0,0,55826.92774635969,56371.0,6771.0
157,31571.0,0.7855310253080359,37.70144628099178,0,0,0,55826.92774635969,56371.0,6771.0
158,31571.0,0.7855310253080359,37.654958677686,0,0,0,55826.92774635969,56371.0,6771.0
159,31571.0,0.7855310253080359,37.60847107438021,0,0,0,55826.92774635969,56371.0,6771.0
160,31571.0,0.7855310253080359,37.56198347107443,0,0,0,55826.92774635969,56371.0,6771.0
161,31571.0,0.7855310253080359,37.51549586776864,0,0,0,55826.92774635969,56371.0,6771.0
162,31571.0,0.7855310253080359,37.46900826446286,0,0,0,55826.92774635969,56371.0,6771.0
163,31571.0,0.7855310253080359,37.42252066115707,0,0,0,55826.92774635969,56371.0,6771.0
164,31571.0,0.7855310253080359,37.37603305785129,0,0,0,55826.92774635969,56371.0,6771.0
165,31571.0,0.7855310253080359,37.3295454545455,0,0,0,55826.92774635969,56371.0,6771.0
166,31571.0,0.7855310253080359,37.28305785123972,0,0,0,55826.92774635969,56371.0,6771.0
167,31571.0,0.7855310253080359,37.23657024793393,0,0,0,55826.92774635969,56371.0,6771.0
168,31571.0,0.7855310253080359,37.19008264462815,0,0,0,55826.92774635969,56371.0,6771.0
169,31571.0,0.7855310253080359,37.143595041322364,0,0,0,55826.92774635969,56371.0,6771.0
170,31571.0,0.7855310253080359,37.09710743801658,0,0,0,55826.92774635969,56371.0,6771.0
171,31571.0,0.7855310253080359,37.050619834710794,0,0,0,55826.92774635969,56371.0,6771.0
172,31571.0,0.7855310253080359,37.00413223140501,0,0,0,55826.92774635969,56371.0,6771.0
173,31571.0,0.7855310253080359,36.957644628099224,0,0,0,55826.92774635969,56371.0,6771.0
174,31571.0,0.7855310253080359,36.91115702479344,0,0,0,55826.92774635969,56371.0,6771.0
175,31571.0,0.7855310253080359,36.864669421487655,0,0,0,55826.92774635969,56371.0,6771.0
176,31571.0,0.7855310253080359,36.81818181818187,0,0,0,55826.92774635969,56371.0,6771.0
177,31571.0,0.7855310253080359,36.771694214876085,0,0,0,55826.92774635969,56371.0,6771.0
178,31571.0,0.7855310253080359,36.7252066115703,0,0,0,55826.92774635969,56371.0,6771.0
179,31571.0,0.7855310253080359,36.678719008264515,0,0,0,55826.92774635969,56371.0,6771.0
180,31571.0,0.7855310253080359,36.63223140495873,0,0,0,55826.92774635969,56371.0,6771.0
181,31571.0,0.7855310253080359,36.585743801652946,0,0,0,55826.92774635969,56371.0,6771.0
182,31571.0,0.7855310253080359,36.53925619834716,0,0,0,55826.92774635969,56371.0,6771.0
183,31571.0,0.7855310253080359,36.492768595041376,0,0,0,55826.92774635969,56371.0,6771.0
184,31571.0,0.7855310253080359,36.44628099173559,0,0,0,55826.92774635969,56371.0,6771.0
185,31571.0,0.7855310253080359,36.399793388429806,0,0,0,55826.92774635969,56371.0,6771.0
186,31571.0,0.7855310253080359,36.35330578512402,0,0,0,55826.92774635969,56371.0,6771.0
187,31571.0,0.7855310253080359,36.30681818181824,0,0,0,55826.92774635969,56371.0,6771.0
188,31571.0,0.7855310253080359,36.26033057851245,0,0,0,55826.92774635969,56371.0,6771.0
189,31571.0,0.7855310253080359,36.21384297520667,0,0,0,55826.92774635969,56371.0,6771.0
190,31571.0,0.7855310253080359,36.16735537190088,0,0,0,55826.92774635969,56371.0,6771.0
191,31571.0,0.7855310253080359,36.1208677685951,0,0,0,55826.92774635969,56371.0,6771.0
192,31571.0,0.7855310253080359,36.07438016528931,0,0,0,55826.92774635969,56371.0,6771.0
193,31571.0,0.7855310253080359,36.02789256198353,0,0,0,55826.92774635969,56371.0,6771.0
194,31571.0,0.7855310253080359,35.98140495867774,0,0,0,55826.92774635969,56371.0,6771.0
195,31571.0,0.7855310253080359,35.93491735537196,0,0,0,55826.92774635969,56371.0,6771.0
196,31571.0,0.7855310253080359,35.88842975206617,0,0,0,55826.92774635969,56371.0,6771.0
197,31571.0,0.7855310253080359,35.84194214876039,0,0,0,55826.92774635969,56371.0,6771.0
198,31571.0,0.7855310253080359,35.795454545454604,0,0,0,55826.92774635969,56371.0,6771.0
199,31571.0,0.7855310253080359,35.74896694214882,0,0,0,55826.92774635969,56371.0,6771.0
200,31571.0,0.7855310253080359,35.702479338843034,0,0,0,55826.92774635969,56371.0,6771.0
201,31571.0,0.7855310253080359,35.65599173553725,0,0,0,55826.92774635969,56371.0,6771.0
202,31571.0,0.7855310253080359,35.609504132231464,0,0,0,55826.92774635969,56371.0,6771.0
203,31571.0,0.7855310253080359,35.56301652892568,0,0,0,55826.92774635969,56371.0,6771.0
204,31571.0,0.7855310253080359,35.516528925619895,0,0,0,55826.92774635969,56371.0,6771.0
205,31571.0,0.7855310253080359,35.47004132231411,0,0,0,55826.92774635969,56371.0,6771.0
206,31571.0,0.7855310253080359,35.423553719008325,0,0,0,55826.92774635969,56371.0,6771.0
207,31571.0,0.7855310253080359,35.37706611570254,0,0,0,55826.92774635969,56371.0,6771.0
208,31571.0,0.7855310253080359,35.330578512396755,0,0,0,55826.92774635969,56371.0,6771.0
209,31571.0,0.7855310253080359,35.28409090909097,0,0,0,55826.92774635969,56371.0,6771.0
210,31571.0,0.7855310253080359,35.237603305785186,0,0,0,55826.92774635969,56371.0,6771.0
211,31571.0,0.7855310253080359,35.1911157024794,0,0,0,55826.92774635969,56371.0,6771.0
212,31571.0,0.7855310253080359,35.144628099173616,0,0,0,55826.92774635969,56371.0,6771.0
213,31571.0,0.7855310253080359,35.09814049586783,0,0,0,55826.92774635969,56371.0,6771.0
214,31571.0,0.7855310253080359,35.051652892562046,0,0,0,55826.92774635969,56371.0,6771.0
215,31571.0,0.7855310253080359,35.00516528925626,0,0,0,55826.92774635969,56371.0,6771.0
216,31571.0,0.7855310253080359,34.95867768595048,0,0,0,55826.92774635969,56371.0,6771.0
217,31571.0,0.7855310253080359,34.91219008264469,0,0,0,55826.92774635969,56371.0,6771.0
218,31571.0,0.7855310253080359,34.86570247933891,0,0,0,55826.92774635969,56371.0,6771.0
219,31571.0,0.7855310253080359,34.81921487603312,0,0,0,55826.92774635969,56371.0,6771.0
220,31571.0,0.7855310253080359,34.77272727272734,0,0,0,55826.92774635969,56371.0,6771.0
221,31571.0,0.7855310253080359,34.72623966942155,0,0,0,55826.92774635969,56371.0,6771.0
222,31571.0,0.7855310253080359,34.67975206611577,0,0,0,55826.92774635969,56371.0,6771.0
223,31571.0,0.7855310253080359,34.63326446280998,0,0,0,55826.92774635969,56371.0,6771.0
224,31571.0,0.7855310253080359,34.5867768595042,0,0,0,55826.92774635969,56371.0,6771.0
225,31571.0,0.7855310253080359,34.54028925619841,0,0,0,55826.92774635969,56371.0,6771.0
226,31571.0,0.7855310253080359,34.49380165289263,0,0,0,55826.92774635969,56371.0,6771.0
227,31571.0,0.7855310253080359,34.44731404958684,0,0,0,55826.92774635969,56371.0,6771.0
228,31571.0,0.7855310253080359,34.40082644628106,0,0,0,55826.92774635969,56371.0,6771.0
229,31571.0,0.7855310253080359,34.354338842975274,0,0,0,55826.92774635969,56371.0,6771.0
230,31571.0,0.7855310253080359,34.30785123966949,0,0,0,55826.92774635969,56371.0,6771.0
231,31571.0,0.7855310253080359,34.261363636363704,0,0,0,55826.92774635969,56371.0,6771.0
232,31571.0,0.7855310253080359,34.21487603305792,0,0,0,55826.92774635969,56371.0,6771.0
233,31571.0,0.7855310253080359,34.168388429752135,0,0,0,55826.92774635969,56371.0,6771.0
234,31571.0,0.7855310253080359,34.12190082644635,0,0,0,55826.92774635969,56371.0,6771.0
235,31571.0,0.7855310253080359,34.075413223140565,0,0,0,55826.92774635969,56371.0,6771.0
236,31571.0,0.7855310253080359,34.02892561983478,0,0,0,55826.92774635969,56371.0,6771.0
237,31571.0,0.7855310253080359,33.982438016528995,0,0,0,55826.92774635969,56371.0,6771.0
238,31571.0,0.7855310253080359,33.93595041322321,0,0,0,55826.92774635969,56371.0,6771.0
239,31571.0,0.7855310253080359,33.889462809917426,0,0,0,55826.92774635969,56371.0,6771.0
240,31571.0,0.7855310253080359,33.84297520661164,0,0,0,55826.92774635969,56371.0,6771.0
241,31571.0,0.7855310253080359,33.796487603305856,0,0,0,55826.92774635969,56371.0,6771.0
242,31571.0,0.7855310253080359,33.75000000000007,0,0,0,55826.92774635969,56371.0,6771.0
243,31571.0,0.7855310253080359,33.703512396694286,0,0,0,55826.92774635969,56371.0,6771.0
244,31571.0,0.7855310253080359,33.6570247933885,0,0,0,55826.92774635969,56371.0,6771.0
245,31571.0,0.7855310253080359,33.61053719008272,0,0,0,55826.92774635969,56371.0,6771.0
246,31571.0,0.7855310253080359,33.56404958677693,0,0,0,55826.92774635969,56371.0,6771.0
247,31571.0,0.7855310253080359,33.51756198347115,0,0,0,55826.92774635969,56371.0,6771.0
248,31571.0,0.7855310253080359,33.47107438016536,0,0,0,55826.92774635969,56371.0,6771.0
249,31571.0,0.7855310253080359,33.42458677685958,0,0,0,55826.92774635969,56371.0,6771.0
250,31571.0,0.7855310253080359,33.37809917355379,0,0,0,55826.92774635969,56371.0,6771.0
251,31571.0,0.7855310253080359,33.33161157024801,0,0,0,55826.92774635969,56371.0,6771.0
252,31571.0,0.7855310253080359,33.28512396694222,0,0,0,55826.92774635969,56371.0,6771.0
253,31571.0,0.7855310253080359,33.23863636363644,0,0,0,55826.92774635969,56371.0,6771.0
254,31571.0,0.7855310253080359,33.19214876033065,0,0,0,55826.92774635969,56371.0,6771.0
255,31571.0,0.7855310253080359,33.14566115702487,0,0,0,55826.92774635969,56371.0,6771.0
256,31571.0,0.7855310253080359,33.09917355371908,0,0,0,55826.92774635969,56371.0,6771.0
257,31571.0,0.7855310253080359,33.0526859504133,0,0,0,55826.92774635969,56371.0,6771.0
258,31571.0,0.7855310253080359,33.006198347107514,0,0,0,55826.92774635969,56371.0,6771.0
259,31571.0,0.7855310253080359,32.95971074380173,0,0,0,55826.92774635969,56371.0,6771.0
260,31571.0,0.7855310253080359,32.913223140495944,0,0,0,55826.92774635969,56371.0,6771.0
261,31571.0,0.7855310253080359,32.86673553719016,0,0,0,55826.92774635969,56371.0,6771.0
262,31571.0,0.7855310253080359,32.820247933884374,0,0,0,55826.92774635969,56371.0,6771.0
263,31571.0,0.7855310253080359,32.77376033057859,0,0,0,55826.92774635969,56371.0,6771.0
264,31571.0,0.7855310253080359,32.727272727272805,0,0,0,55826.92774635969,56371.0,6771.0
265,31571.0,0.7855310253080359,32.68078512396702,0,0,0,55826.92774635969,56371.0,6771.0
266,31571.0,0.7855310253080359,32.634297520661235,0,0,0,55826.92774635969,56371.0,6771.0
267,31571.0,0.7855310253080359,32.58780991735545,0,0,0,55826.92774635969,56371.0,6771.0
268,31571.0,0.7855310253080359,32.541322314049665,0,0,0,55826.92774635969,56371.0,6771.0
269,31571.0,0.7855310253080359,32.49483471074388,0,0,0,55826.92774635969,56371.0,6771.0
270,31571.0,0.7855310253080359,32.448347107438096,0,0,0,55826.92774635969,56371.0,6771.0
271,31571.0,0.7855310253080359,32.40185950413231,0,0,0,55826.92774635969,56371.0,6771.0
272,31571.0,0.7855310253080359,32.355371900826526,0,0,0,55826.92774635969,56371.0,6771.0
273,31571.0,0.7855310253080359,32.30888429752074,0,0,0,55826.92774635969,56371.0,6771.0
274,31571.0,0.7855310253080359,32.26239669421496,0,0,0,55826.92774635969,56371.0,6771.0
275,31571.0,0.7855310253080359,32.21590909090917,0,0,0,55826.92774635969,56371.0,6771.0
276,31571.0,0.7855310253080359,32.16942148760339,0,0,0,55826.92774635969,56371.0,6771.0
277,31571.0,0.7855310253080359,32.1229338842976,0,0,0,55826.92774635969,56371.0,6771.0
278,31571.0,0.7855310253080359,32.07644628099182,0,0,0,55826.92774635969,56371.0,6771.0
279,31571.0,0.7855310253080359,32.02995867768603,0,0,0,55826.92774635969,56371.0,6771.0
280,31571.0,0.7855310253080359,31.983471074380248,0,0,0,55826.92774635969,56371.0,6771.0
281,31571.0,0.7855310253080359,31.936983471074463,0,0,0,55826.92774635969,56371.0,6771.0
282,31571.0,0.7855310253080359,31.890495867768678,0,0,0,55826.92774635969,56371.0,6771.0
283,31571.0,0.7855310253080359,31.844008264462893,0,0,0,55826.92774635969,56371.0,6771.0
284,31571.0,0.7855310253080359,31.797520661157108,0,0,0,55826.92774635969,56371.0,6771.0
285,31571.0,0.7855310253080359,31.751033057851323,0,0,0,55826.92774635969,56371.0,6771.0
286,31571.0,0.7855310253080359,31.70454545454554,0,0,0,55826.92774635969,56371.0,6771.0
287,31571.0,0.7855310253080359,31.658057851239754,0,0,0,55826.92774635969,56371.0,6771.0
288,31571.0,0.7855310253080359,31.61157024793397,0,0,0,55826.92774635969,56371.0,6771.0
289,31571.0,0.7855310253080359,31.565082644628184,0,0,0,55826.92774635969,56371.0,6771.0
290,31571.0,0.7855310253080359,31.5185950413224,0,0,0,55826.92774635969,56371.0,6771.0
291,31571.0,0.7855310253080359,31.472107438016614,0,0,0,55826.92774635969,56371.0,6771.0
292,31571.0,0.7855310253080359,31.42561983471083,0,0,0,55826.92774635969,56371.0,6771.0
293,31571.0,0.7855310253080359,31.379132231405045,0,0,0,55826.92774635969,56371.0,6771.0
294,31571.0,0.7855310253080359,31.33264462809926,0,0,0,55826.92774635969,56371.0,6771.0
295,31571.0,0.7855310253080359,31.286157024793475,0,0,0,55826.92774635969,56371.0,6771.0
296,31571.0,0.7855310253080359,31.23966942148769,0,0,0,55826.92774635969,56371.0,6771.0
297,31571.0,0.7855310253080359,31.193181818181905,0,0,0,55826.92774635969,56371.0,6771.0
298,31571.0,0.7855310253080359,31.14669421487612,0,0,0,55826.92774635969,56371.0,6771.0
299,31571.0,0.7855310253080359,31.100206611570336,0,0,0,55826.92774635969,56371.0,6771.0
300,31571.0,0.7855310253080359,31.05371900826455,0,0,0,55826.92774635969,56371.0,6771.0
301,31571.0,0.7855310253080359,31.007231404958766,0,0,0,55826.92774635969,56371.0,6771.0
302,31571.0,0.7855310253080359,30.96074380165298,0,0,0,55826.92774635969,56371.0,6771.0
303,31571.0,0.7855310253080359,30.914256198347196,0,0,0,55826.92774635969,56371.0,6771.0
304,31571.0,0.7855310253080359,30.86776859504141,0,0,0,55826.92774635969,56371.0,6771.0
305,31571.0,0.7855310253080359,30.821280991735627,0,0,0,55826.92774635969,56371.0,6771.0
306,31571.0,0.7855310253080359,30.774793388429842,0,0,0,55826.92774635969,56371.0,6771.0
307,31571.0,0.7855310253080359,30.728305785124057,0,0,0,55826.92774635969,56371.0,6771.0
308,31571.0,0.7855310253080359,30.681818181818272,0,0,0,55826.92774635969,56371.0,6771.0
309,31571.0,0.7855310253080359,30.635330578512487,0,0,0,55826.92774635969,56371.0,6771.0
310,31571.0,0.7855310253080359,30.588842975206703,0,0,0,55826.92774635969,56371.0,6771.0
311,31571.0,0.7855310253080359,30.542355371900918,0,0,0,55826.92774635969,56371.0,6771.0
312,31571.0,0.7855310253080359,30.495867768595133,0,0,0,55826.92774635969,56371.0,6771.0
313,31571.0,0.7855310253080359,30.449380165289348,0,0,0,55826.92774635969,56371.0,6771.0
314,31571.0,0.7855310253080359,30.402892561983563,0,0,0,55826.92774635969,56371.0,6771.0
315,31571.0,0.7855310253080359,30.35640495867778,0,0,0,55826.92774635969,56371.0,6771.0
316,31571.0,0.7855310253080359,30.309917355371994,0,0,0,55826.92774635969,56371.0,6771.0
317,31571.0,0.7855310253080359,30.26342975206621,0,0,0,55826.92774635969,56371.0,6771.0
318,31571.0,0.7855310253080359,30.216942148760424,0,0,0,55826.92774635969,56371.0,6771.0
319,31571.0,0.7855310253080359,30.17045454545464,0,0,0,55826.92774635969,56371.0,6771.0
320,31571.0,0.7855310253080359,30.123966942148854,0,0,0,55826.92774635969,56371.0,6771.0
321,31571.0,0.7855310253080359,30.07747933884307,0,0,0,55826.92774635969,56371.0,6771.0
322,31571.0,0.7855310253080359,30.030991735537285,0,0,0,55826.92774635969,56371.0,6771.0
323,31571.0,0.7855310253080359,29.9845041322315,0,0,0,55826.92774635969,56371.0,6771.0
324,31571.0,0.7855310253080359,29.938016528925715,0,0,0,55826.92774635969,56371.0,6771.0
325,31571.0,0.7855310253080359,29.89152892561993,0,0,0,55826.92774635969,56371.0,6771.0
326,31571.0,0.7855310253080359,29.845041322314145,0,0,0,55826.92774635969,56371.0,6771.0
327,31571.0,0.7855310253080359,29.79855371900836,0,0,0,55826.92774635969,56371.0,6771.0
328,31571.0,0.7855310253080359,29.752066115702576,0,0,0,55826.92774635969,56371.0,6771.0
329,31571.0,0.7855310253080359,29.70557851239679,0,0,0,55826.92774635969,56371.0,6771.0
330,31571.0,0.7855310253080359,29.659090909091006,0,0,0,55826.92774635969,56371.0,6771.0
331,31571.0,0.7855310253080359,29.61260330578522,0,0,0,55826.92774635969,56371.0,6771.0
332,31571.0,0.7855310253080359,29.566115702479436,0,0,0,55826.92774635969,56371.0,6771.0
333,31571.0,0.7855310253080359,29.51962809917365,0,0,0,55826.92774635969,56371.0,6771.0
334,31571.0,0.7855310253080359,29.473140495867867,0,0,0,55826.92774635969,56371.0,6771.0
335,31571.0,0.7855310253080359,29.426652892562082,0,0,0,55826.92774635969,56371.0,6771.0
336,31571.0,0.7855310253080359,29.380165289256297,0,0,0,55826.92774635969,56371.0,6771.0
337,31571.0,0.7855310253080359,29.333677685950512,0,0,0,55826.92774635969,56371.0,6771.0
338,31571.0,0.7855310253080359,29.287190082644727,0,0,0,55826.92774635969,56371.0,6771.0
339,31571.0,0.7855310253080359,29.240702479338943,0,0,0,55826.92774635969,56371.0,6771.0
340,31571.0,0.7855310253080359,29.194214876033158,0,0,0,55826.92774635969,56371.0,6771.0
341,31571.0,0.7855310253080359,29.147727272727373,0,0,0,55826.92774635969,56371.0,6771.0
342,31571.0,0.7855310253080359,29.101239669421588,0,0,0,55826.92774635969,56371.0,6771.0
343,31571.0,0.7855310253080359,29.054752066115803,0,0,0,55826.92774635969,56371.0,6771.0
344,31571.0,0.7855310253080359,29.00826446281002,0,0,0,55826.92774635969,56371.0,6771.0
345,31571.0,0.7855310253080359,28.961776859504234,0,0,0,55826.92774635969,56371.0,6771.0
346,31571.0,0.7855310253080359,28.91528925619845,0,0,0,55826.92774635969,56371.0,6771.0
347,31571.0,0.7855310253080359,28.868801652892664,0,0,0,55826.92774635969,56371.0,6771.0
348,31571.0,0.7855310253080359,28.82231404958688,0,0,0,55826.92774635969,56371.0,6771.0
349,31571.0,0.7855310253080359,28.775826446281094,0,0,0,55826.92774635969,56371.0,6771.0
350,31571.0,0.7855310253080359,28.72933884297531,0,0,0,55826.92774635969,56371.0,6771.0
351,31571.0,0.7855310253080359,28.682851239669525,0,0,0,55826.92774635969,56371.0,6771.0
352,31571.0,0.7855310253080359,28.63636363636374,0,0,0,55826.92774635969,56371.0,6771.0
353,31571.0,0.7855310253080359,28.589876033057955,0,0,0,55826.92774635969,56371.0,6771.0
354,31571.0,0.7855310253080359,28.54338842975217,0,0,0,55826.92774635969,56371.0,6771.0
355,31571.0,0.7855310253080359,28.496900826446385,0,0,0,55826.92774635969,56371.0,6771.0
356,31571.0,0.7855310253080359,28.4504132231406,0,0,0,55826.92774635969,56371.0,6771.0
357,31571.0,0.7855310253080359,28.403925619834816,0,0,0,55826.92774635969,56371.0,6771.0
358,31571.0,0.7855310253080359,28.35743801652903,0,0,0,55826.92774635969,56371.0,6771.0
359,31571.0,0.7855310253080359,28.310950413223246,0,0,0,55826.92774635969,56371.0,6771.0
360,31571.0,0.7855310253080359,28.26446280991746,0,0,0,55826.92774635969,56371.0,6771.0
361,31571.0,0.7855310253080359,28.217975206611676,0,0,0,55826.92774635969,56371.0,6771.0
362,31571.0,0.7855310253080359,28.17148760330589,0,0,0,55826.92774635969,56371.0,6771.0
363,31571.0,0.7855310253080359,28.125000000000107,0,0,0,55826.92774635969,56371.0,6771.0
364,31571.0,0.7855310253080359,28.07851239669432,0,0,0,55826.92774635969,56371.0,6771.0
365,31571.0,0.7855310253080359,28.032024793388537,0,0,0,55826.92774635969,56371.0,6771.0
366,31571.0,0.7855310253080359,27.985537190082752,0,0,0,55826.92774635969,56371.0,6771.0
367,31571.0,0.7855310253080359,27.939049586776967,0,0,0,55826.92774635969,56371.0,6771.0
368,31571.0,0.7855310253080359,27.892561983471182,0,0,0,55826.92774635969,56371.0,6771.0
369,31571.0,0.7855310253080359,27.846074380165398,0,0,0,55826.92774635969,56371.0,6771.0
370,31571.0,0.7855310253080359,27.799586776859613,0,0,0,55826.92774635969,56371.0,6771.0
371,31571.0,0.7855310253080359,27.753099173553828,0,0,0,55826.92774635969,56371.0,6771.0
372,31571.0,0.7855310253080359,27.706611570248043,0,0,0,55826.92774635969,56371.0,6771.0
373,31571.0,0.7855310253080359,27.66012396694226,0,0,0,55826.92774635969,56371.0,6771.0
374,31571.0,0.7855310253080359,27.613636363636473,0,0,0,55826.92774635969,56371.0,6771.0
375,31571.0,0.7855310253080359,27.56714876033069,0,0,0,55826.92774635969,56371.0,6771.0
376,31571.0,0.7855310253080359,27.520661157024904,0,0,0,55826.92774635969,56371.0,6771.0
377,31571.0,0.7855310253080359,27.47417355371912,0,0,0,55826.92774635969,56371.0,6771.0
378,31571.0,0.7855310253080359,27.427685950413334,0,0,0,55826.92774635969,56371.0,6771.0
379,31571.0,0.7855310253080359,27.38119834710755,0,0,0,55826.92774635969,56371.0,6771.0
380,31571.0,0.7855310253080359,27.334710743801764,0,0,0,55826.92774635969,56371.0,6771.0
381,31571.0,0.7855310253080359,27.28822314049598,0,0,0,55826.92774635969,56371.0,6771.0
382,31571.0,0.7855310253080359,27.241735537190195,0,0,0,55826.92774635969,56371.0,6771.0
383,31571.0,0.7855310253080359,27.19524793388441,0,0,0,55826.92774635969,56371.0,6771.0
384,31571.0,0.7855310253080359,27.148760330578625,0,0,0,55826.92774635969,56371.0,6771.0
385,31571.0,0.7855310253080359,27.10227272727284,0,0,0,55826.92774635969,56371.0,6771.0
386,31571.0,0.7855310253080359,27.055785123967055,0,0,0,55826.92774635969,56371.0,6771.0
387,31571.0,0.7855310253080359,27.00929752066127,0,0,0,55826.92774635969,56371.0,6771.0
388,31571.0,0.7855310253080359,26.962809917355486,0,0,0,55826.92774635969,56371.0,6771.0
389,31571.0,0.7855310253080359,26.9163223140497,0,0,0,55826.92774635969,56371.0,6771.0
390,31571.0,0.7855310253080359,26.869834710743916,0,0,0,55826.92774635969,56371.0,6771.0
391,31571.0,0.7855310253080359,26.82334710743813,0,0,0,55826.92774635969,56371.0,6771.0
392,31571.0,0.7855310253080359,26.776859504132347,0,0,0,55826.92774635969,56371.0,6771.0
393,31571.0,0.7855310253080359,26.73037190082656,0,0,0,55826.92774635969,56371.0,6771.0
394,31571.0,0.7855310253080359,26.683884297520777,0,0,0,55826.92774635969,56371.0,6771.0
395,31571.0,0.7855310253080359,26.637396694214992,0,0,0,55826.92774635969,56371.0,6771.0
396,31571.0,0.7855310253080359,26.590909090909207,0,0,0,55826.92774635969,56371.0,6771.0
397,31571.0,0.7855310253080359,26.544421487603422,0,0,0,55826.92774635969,56371.0,6771.0
398,31571.0,0.7855310253080359,26.497933884297638,0,0,0,55826.92774635969,56371.0,6771.0
399,31571.0,0.7855310253080359,26.451446280991853,0,0,0,55826.92774635969,56371.0,6771.0
400,31571.0,0.7855310253080359,26.404958677686068,0,0,0,55826.92774635969,56371.0,6771.0
401,31571.0,0.7855310253080359,26.358471074380283,0,0,0,55826.92774635969,56371.0,6771.0
402,31571.0,0.7855310253080359,26.311983471074498,0,0,0,55826.92774635969,56371.0,6771.0
403,31571.0,0.7855310253080359,26.265495867768713,0,0,0,55826.92774635969,56371.0,6771.0
404,31571.0,0.7855310253080359,26.21900826446293,0,0,0,55826.92774635969,56371.0,6771.0
405,31571.0,0.7855310253080359,26.172520661157144,0,0,0,55826.92774635969,56371.0,6771.0
406,31571.0,0.7855310253080359,26.12603305785136,0,0,0,55826.92774635969,56371.0,6771.0
407,31571.0,0.7855310253080359,26.079545454545574,0,0,0,55826.92774635969,56371.0,6771.0
408,31571.0,0.7855310253080359,26.03305785123979,0,0,0,55826.92774635969,56371.0,6771.0
409,31571.0,0.7855310253080359,25.986570247934004,0,0,0,55826.92774635969,56371.0,6771.0
410,31571.0,0.7855310253080359,25.94008264462822,0,0,0,55826.92774635969,56371.0,6771.0
411,31571.0,0.7855310253080359,25.893595041322435,0,0,0,55826.92774635969,56371.0,6771.0
412,31571.0,0.7855310253080359,25.84710743801665,0,0,0,55826.92774635969,56371.0,6771.0
413,31571.0,0.7855310253080359,25.800619834710865,0,0,0,55826.92774635969,56371.0,6771.0
414,31571.0,0.7855310253080359,25.75413223140508,0,0,0,55826.92774635969,56371.0,6771.0
415,31571.0,0.7855310253080359,25.707644628099295,0,0,0,55826.92774635969,56371.0,6771.0
416,31571.0,0.7855310253080359,25.66115702479351,0,0,0,55826.92774635969,56371.0,6771.0
417,31571.0,0.7855310253080359,25.614669421487726,0,0,0,55826.92774635969,56371.0,6771.0
418,31571.0,0.7855310253080359,25.56818181818194,0,0,0,55826.92774635969,56371.0,6771.0
419,31571.0,0.7855310253080359,25.521694214876156,0,0,0,55826.92774635969,56371.0,6771.0
420,31571.0,0.7855310253080359,25.47520661157037,0,0,0,55826.92774635969,56371.0,6771.0
421,31571.0,0.7855310253080359,25.428719008264586,0,0,0,55826.92774635969,56371.0,6771.0
422,31571.0,0.7855310253080359,25.3822314049588,0,0,0,55826.92774635969,56371.0,6771.0
423,31571.0,0.7855310253080359,25.335743801653017,0,0,0,55826.92774635969,56371.0,6771.0
424,31571.0,0.7855310253080359,25.289256198347232,0,0,0,55826.92774635969,56371.0,6771.0
425,31571.0,0.7855310253080359,25.242768595041447,0,0,0,55826.92774635969,56371.0,6771.0
426,31571.0,0.7855310253080359,25.196280991735662,0,0,0,55826.92774635969,56371.0,6771.0
427,31571.0,0.7855310253080359,25.149793388429877,0,0,0,55826.92774635969,56371.0,6771.0
428,31571.0,0.7855310253080359,25.103305785124093,0,0,0,55826.92774635969,56371.0,6771.0
429,31571.0,0.7855310253080359,25.056818181818308,0,0,0,55826.92774635969,56371.0,6771.0
430,31571.0,0.7855310253080359,25.010330578512523,0,0,0,55826.92774635969,56371.0,6771.0
431,31571.0,0.7855310253080359,24.963842975206738,0,0,0,55826.92774635969,56371.0,6771.0
432,31571.0,0.7855310253080359,24.917355371900953,0,0,0,55826.92774635969,56371.0,6771.0
433,31571.0,0.7855310253080359,24.87086776859517,0,0,0,55826.92774635969,56371.0,6771.0
434,31571.0,0.7855310253080359,24.824380165289384,0,0,0,55826.92774635969,56371.0,6771.0
435,31571.0,0.7855310253080359,24.7778925619836,0,0,0,55826.92774635969,56371.0,6771.0
436,31571.0,0.7855310253080359,24.731404958677814,0,0,0,55826.92774635969,56371.0,6771.0
437,31571.0,0.7855310253080359,24.68491735537203,0,0,0,55826.92774635969,56371.0,6771.0
438,31571.0,0.7855310253080359,24.638429752066244,0,0,0,55826.92774635969,56371.0,6771.0
439,31571.0,0.7855310253080359,24.59194214876046,0,0,0,55826.92774635969,56371.0,6771.0
440,31571.0,0.7855310253080359,24.545454545454675,0,0,0,55826.92774635969,56371.0,6771.0
441,31571.0,0.7855310253080359,24.49896694214889,0,0,0,55826.92774635969,56371.0,6771.0
442,31571.0,0.7855310253080359,24.452479338843105,0,0,0,55826.92774635969,56371.0,6771.0
443,31571.0,0.7855310253080359,24.40599173553732,0,0,0,55826.92774635969,56371.0,6771.0
444,31571.0,0.7855310253080359,24.359504132231535,0,0,0,55826.92774635969,56371.0,6771.0
445,31571.0,0.7855310253080359,24.31301652892575,0,0,0,55826.92774635969,56371.0,6771.0
446,31571.0,0.7855310253080359,24.266528925619966,0,0,0,55826.92774635969,56371.0,6771.0
447,31571.0,0.7855310253080359,24.22004132231418,0,0,0,55826.92774635969,56371.0,6771.0
448,31571.0,0.7855310253080359,24.173553719008396,0,0,0,55826.92774635969,56371.0,6771.0
449,31571.0,0.7855310253080359,24.12706611570261,0,0,0,55826.92774635969,56371.0,6771.0
450,31571.0,0.7855310253080359,24.080578512396826,0,0,0,55826.92774635969,56371.0,6771.0
451,31571.0,0.7855310253080359,24.03409090909104,0,0,0,55826.92774635969,56371.0,6771.0
452,31571.0,0.7855310253080359,23.987603305785257,0,0,0,55826.92774635969,56371.0,6771.0
453,31571.0,0.7855310253080359,23.941115702479472,0,0,0,55826.92774635969,56371.0,6771.0
454,31571.0,0.7855310253080359,23.894628099173687,0,0,0,55826.92774635969,56371.0,6771.0
455,31571.0,0.7855310253080359,23.848140495867902,0,0,0,55826.92774635969,56371.0,6771.0
456,31571.0,0.7855310253080359,23.801652892562117,0,0,0,55826.92774635969,56371.0,6771.0
457,31571.0,0.7855310253080359,23.755165289256333,0,0,0,55826.92774635969,56371.0,6771.0
458,31571.0,0.7855310253080359,23.708677685950548,0,0,0,55826.92774635969,56371.0,6771.0
459,31571.0,0.7855310253080359,23.662190082644763,0,0,0,55826.92774635969,56371.0,6771.0
460,31571.0,0.7855310253080359,23.615702479338978,0,0,0,55826.92774635969,56371.0,6771.0
461,31571.0,0.7855310253080359,23.569214876033193,0,0,0,55826.92774635969,56371.0,6771.0
462,31571.0,0.7855310253080359,23.52272727272741,0,0,0,55826.92774635969,56371.0,6771.0
463,31571.0,0.7855310253080359,23.476239669421624,0,0,0,55826.92774635969,56371.0,6771.0
464,31571.0,0.7855310253080359,23.42975206611584,0,0,0,55826.92774635969,56371.0,6771.0
465,31571.0,0.7855310253080359,23.383264462810054,0,0,0,55826.92774635969,56371.0,6771.0
466,31571.0,0.7855310253080359,23.33677685950427,0,0,0,55826.92774635969,56371.0,6771.0
467,31571.0,0.7855310253080359,23.290289256198484,0,0,0,55826.92774635969,56371.0,6771.0
468,31571.0,0.7855310253080359,23.2438016528927,0,0,0,55826.92774635969,56371.0,6771.0
469,31571.0,0.7855310253080359,23.197314049586915,0,0,0,55826.92774635969,56371.0,6771.0
470,31571.0,0.7855310253080359,23.15082644628113,0,0,0,55826.92774635969,56371.0,6771.0
471,31571.0,0.7855310253080359,23.104338842975345,0,0,0,55826.92774635969,56371.0,6771.0
472,31571.0,0.7855310253080359,23.05785123966956,0,0,0,55826.92774635969,56371.0,6771.0
473,31571.0,0.7855310253080359,23.011363636363775,0,0,0,55826.92774635969,56371.0,6771.0
474,31571.0,0.7855310253080359,22.96487603305799,0,0,0,55826.92774635969,56371.0,6771.0
475,31571.0,0.7855310253080359,22.918388429752206,0,0,0,55826.92774635969,56371.0,6771.0
476,31571.0,0.7855310253080359,22.87190082644642,0,0,0,55826.92774635969,56371.0,6771.0
477,31571.0,0.7855310253080359,22.825413223140636,0,0,0,55826.92774635969,56371.0,6771.0
478,31571.0,0.7855310253080359,22.77892561983485,0,0,0,55826.92774635969,56371.0,6771.0
479,31571.0,0.7855310253080359,22.732438016529066,0,0,0,55826.92774635969,56371.0,6771.0
480,31571.0,0.7855310253080359,22.68595041322328,0,0,0,55826.92774635969,56371.0,6771.0
481,31571.0,0.7855310253080359,22.639462809917497,0,0,0,55826.92774635969,56371.0,6771.0
482,31571.0,0.7855310253080359,22.59297520661171,0,0,0,55826.92774635969,56371.0,6771.0
483,31571.0,0.7855310253080359,22.546487603305927,0,0,0,55826.92774635969,56371.0,6771.0
484,31571.0,0.7855310253080359,22.500000000000142,0,0,0,55826.92774635969,56371.0,6771.0
485,31571.0,0.7855310253080359,22.453512396694357,0,0,0,55826.92774635969,56371.0,6771.0
486,31571.0,0.7855310253080359,22.407024793388572,0,0,0,55826.92774635969,56371.0,6771.0
487,31571.0,0.7855310253080359,22.360537190082788,0,0,0,55826.92774635969,56371.0,6771.0
488,31571.0,0.7855310253080359,22.314049586777003,0,0,0,55826.92774635969,56371.0,6771.0
489,31571.0,0.7855310253080359,22.267561983471218,0,0,0,55826.92774635969,56371.0,6771.0
490,31571.0,0.7855310253080359,22.221074380165433,0,0,0,55826.92774635969,56371.0,6771.0
491,31571.0,0.7855310253080359,22.17458677685965,0,0,0,55826.92774635969,56371.0,6771.0
492,31571.0,0.7855310253080359,22.128099173553863,0,0,0,55826.92774635969,56371.0,6771.0
493,31571.0,0.7855310253080359,22.08161157024808,0,0,0,55826.92774635969,56371.0,6771.0
494,31571.0,0.7855310253080359,22.035123966942294,0,0,0,55826.92774635969,56371.0,6771.0
495,31571.0,0.7855310253080359,21.98863636363651,0,0,0,55826.92774635969,56371.0,6771.0
496,31571.0,0.7855310253080359,21.942148760330724,0,0,0,55826.92774635969,56371.0,6771.0
497,31571.0,0.7855310253080359,21.89566115702494,0,0,0,55826.92774635969,56371.0,6771.0
498,31571.0,0.7855310253080359,21.849173553719154,0,0,0,55826.92774635969,56371.0,6771.0
499,31571.0,0.7855310253080359,21.80268595041337,0,0,0,55826.92774635969,56371.0,6771.0
500,31571.0,0.7855310253080359,21.756198347107585,0,0,0,55826.92774635969,56371.0,6771.0
501,31571.0,0.7855310253080359,21.7097107438018,0,0,0,55826.92774635969,56371.0,6771.0
502,31571.0,0.7855310253080359,21.663223140496015,0,0,0,55826.92774635969,56371.0,6771.0
503,31571.0,0.7855310253080359,21.61673553719023,0,0,0,55826.92774635969,56371.0,6771.0
504,31571.0,0.7855310253080359,21.570247933884446,0,0,0,55826.92774635969,56371.0,6771.0
505,31571.0,0.7855310253080359,21.52376033057866,0,0,0,55826.92774635969,56371.0,6771.0
506,31571.0,0.7855310253080359,21.477272727272876,0,0,0,55826.92774635969,56371.0,6771.0
507,31571.0,0.7855310253080359,21.43078512396709,0,0,0,55826.92774635969,56371.0,6771.0
508,31571.0,0.7855310253080359,21.384297520661306,0,0,0,55826.92774635969,56371.0,6771.0
509,31571.0,0.7855310253080359,21.33780991735552,0,0,0,55826.92774635969,56371.0,6771.0
510,31571.0,0.7855310253080359,21.291322314049737,0,0,0,55826.92774635969,56371.0,6771.0
511,31571.0,0.7855310253080359,21.24483471074395,0,0,0,55826.92774635969,56371.0,6771.0
512,31571.0,0.7855310253080359,21.198347107438167,0,0,0,55826.92774635969,56371.0,6771.0
513,31571.0,0.7855310253080359,21.151859504132382,0,0,0,55826.92774635969,56371.0,6771.0
514,31571.0,0.7855310253080359,21.105371900826597,0,0,0,55826.92774635969,56371.0,6771.0
515,31571.0,0.7855310253080359,21.058884297520812,0,0,0,55826.92774635969,56371.0,6771.0
516,31571.0,0.7855310253080359,21.012396694215028,0,0,0,55826.92774635969,56371.0,6771.0
517,31571.0,0.7855310253080359,20.965909090909243,0,0,0,55826.92774635969,56371.0,6771.0
518,31571.0,0.7855310253080359,20.919421487603458,0,0,0,55826.92774635969,56371.0,6771.0
519,31571.0,0.7855310253080359,20.872933884297673,0,0,0,55826.92774635969,56371.0,6771.0
520,31571.0,0.7855310253080359,20.826446280991888,0,0,0,55826.92774635969,56371.0,6771.0
521,31571.0,0.7855310253080359,20.779958677686103,0,0,0,55826.92774635969,56371.0,6771.0
522,31571.0,0.7855310253080359,20.73347107438032,0,0,0,55826.92774635969,56371.0,6771.0
523,31571.0,0.7855310253080359,20.686983471074534,0,0,0,55826.92774635969,56371.0,6771.0
524,31571.0,0.7855310253080359,20.64049586776875,0,0,0,55826.92774635969,56371.0,6771.0
525,31571.0,0.7855310253080359,20.594008264462964,0,0,0,55826.92774635969,56371.0,6771.0
526,31571.0,0.7855310253080359,20.54752066115718,0,0,0,55826.92774635969,56371.0,6771.0
527,31571.0,0.7855310253080359,20.501033057851394,0,0,0,55826.92774635969,56371.0,6771.0
528,31571.0,0.7855310253080359,20.45454545454561,0,0,0,55826.92774635969,56371.0,6771.0
529,31571.0,0.7855310253080359,20.408057851239825,0,0,0,55826.92774635969,56371.0,6771.0
530,31571.0,0.7855310253080359,20.36157024793404,0,0,0,55826.92774635969,56371.0,6771.0
531,31571.0,0.7855310253080359,20.315082644628255,0,0,0,55826.92774635969,56371.0,6771.0
532,31571.0,0.7855310253080359,20.26859504132247,0,0,0,55826.92774635969,56371.0,6771.0
533,31571.0,0.7855310253080359,20.222107438016685,0,0,0,55826.92774635969,56371.0,6771.0
534,31571.0,0.7855310253080359,20.1756198347109,0,0,0,55826.92774635969,56371.0,6771.0
535,31571.0,0.7855310253080359,20.129132231405116,0,0,0,55826.92774635969,56371.0,6771.0
536,31571.0,0.7855310253080359,20.08264462809933,0,0,0,55826.92774635969,56371.0,6771.0
537,31571.0,0.7855310253080359,20.036157024793546,0,0,0,55826.92774635969,56371.0,6771.0
538,31571.0,0.7855310253080359,19.98966942148776,0,0,0,55826.92774635969,56371.0,6771.0
539,31571.0,0.7855310253080359,19.943181818181976,0,0,0,55826.92774635969,56371.0,6771.0
540,31571.0,0.7855310253080359,19.89669421487619,0,0,0,55826.92774635969,56371.0,6771.0
541,31571.0,0.7855310253080359,19.850206611570407,0,0,0,55826.92774635969,56371.0,6771.0
542,31571.0,0.7855310253080359,19.803719008264622,0,0,0,55826.92774635969,56371.0,6771.0
543,31571.0,0.7855310253080359,19.757231404958837,0,0,0,55826.92774635969,56371.0,6771.0
544,31571.0,0.7855310253080359,19.710743801653052,0,0,0,55826.92774635969,56371.0,6771.0
545,31571.0,0.7855310253080359,19.664256198347267,0,0,0,55826.92774635969,56371.0,6771.0
546,31571.0,0.7855310253080359,19.617768595041483,0,0,0,55826.92774635969,56371.0,6771.0
547,31571.0,0.7855310253080359,19.571280991735698,0,0,0,55826.92774635969,56371.0,6771.0
548,31571.0,0.7855310253080359,19.524793388429913,0,0,0,55826.92774635969,56371.0,6771.0
549,31571.0,0.7855310253080359,19.478305785124128,0,0,0,55826.92774635969,56371.0,6771.0
550,31571.0,0.7855310253080359,19.431818181818343,0,0,0,55826.92774635969,56371.0,6771.0
551,31571.0,0.7855310253080359,19.38533057851256,0,0,0,55826.92774635969,56371.0,6771.0
552,31571.0,0.7855310253080359,19.338842975206774,0,0,0,55826.92774635969,56371.0,6771.0
553,31571.0,0.7855310253080359,19.29235537190099,0,0,0,55826.92774635969,56371.0,6771.0
554,31571.0,0.7855310253080359,19.245867768595204,0,0,0,55826.92774635969,56371.0,6771.0
555,31571.0,0.7855310253080359,19.19938016528942,0,0,0,55826.92774635969,56371.0,6771.0
556,31571.0,0.7855310253080359,19.152892561983634,0,0,0,55826.92774635969,56371.0,6771.0
557,31571.0,0.7855310253080359,19.10640495867785,0,0,0,55826.92774635969,56371.0,6771.0
558,31571.0,0.7855310253080359,19.059917355372065,0,0,0,55826.92774635969,56371.0,6771.0
559,31571.0,0.7855310253080359,19.01342975206628,0,0,0,55826.92774635969,56371.0,6771.0
560,31571.0,0.7855310253080359,18.966942148760495,0,0,0,55826.92774635969,56371.0,6771.0
561,31571.0,0.7855310253080359,18.92045454545471,0,0,0,55826.92774635969,56371.0,6771.0
562,31571.0,0.7855310253080359,18.873966942148925,0,0,0,55826.92774635969,56371.0,6771.0
563,31571.0,0.7855310253080359,18.82747933884314,0,0,0,55826.92774635969,56371.0,6771.0
564,31571.0,0.7855310253080359,18.780991735537356,0,0,0,55826.92774635969,56371.0,6771.0
565,31571.0,0.7855310253080359,18.73450413223157,0,0,0,55826.92774635969,56371.0,6771.0
566,31571.0,0.7855310253080359,18.688016528925786,0,0,0,55826.92774635969,56371.0,6771.0
567,31571.0,0.7855310253080359,18.64152892562,0,0,0,55826.92774635969,56371.0,6771.0
568,31571.0,0.7855310253080359,18.595041322314216,0,0,0,55826.92774635969,56371.0,6771.0
569,31571.0,0.7855310253080359,18.54855371900843,0,0,0,55826.92774635969,56371.0,6771.0
570,31571.0,0.7855310253080359,18.502066115702647,0,0,0,55826.92774635969,56371.0,6771.0
571,31571.0,0.7855310253080359,18.455578512396862,0,0,0,55826.92774635969,56371.0,6771.0
572,31571.0,0.7855310253080359,18.409090909091077,0,0,0,55826.92774635969,56371.0,6771.0
573,31571.0,0.7855310253080359,18.362603305785292,0,0,0,55826.92774635969,56371.0,6771.0
574,31571.0,0.7855310253080359,18.316115702479507,0,0,0,55826.92774635969,56371.0,6771.0
575,31571.0,0.7855310253080359,18.269628099173723,0,0,0,55826.92774635969,56371.0,6771.0
576,31571.0,0.7855310253080359,18.223140495867938,0,0,0,55826.92774635969,56371.0,6771.0
577,31571.0,0.7855310253080359,18.176652892562153,0,0,0,55826.92774635969,56371.0,6771.0
578,31571.0,0.7855310253080359,18.130165289256368,0,0,0,55826.92774635969,56371.0,6771.0
579,31571.0,0.7855310253080359,18.083677685950583,0,0,0,55826.92774635969,56371.0,6771.0
580,31571.0,0.7855310253080359,18.0371900826448,0,0,0,55826.92774635969,56371.0,6771.0
581,31571.0,0.7855310253080359,17.990702479339014,0,0,0,55826.92774635969,56371.0,6771.0
582,31571.0,0.7855310253080359,17.94421487603323,0,0,0,55826.92774635969,56371.0,6771.0
583,31571.0,0.7855310253080359,17.897727272727444,0,0,0,55826.92774635969,56371.0,6771.0
584,31571.0,0.7855310253080359,17.85123966942166,0,0,0,55826.92774635969,56371.0,6771.0
585,31571.0,0.7855310253080359,17.804752066115874,0,0,0,55826.92774635969,56371.0,6771.0
586,31571.0,0.7855310253080359,17.75826446281009,0,0,0,55826.92774635969,56371.0,6771.0
587,31571.0,0.7855310253080359,17.711776859504305,0,0,0,55826.92774635969,56371.0,6771.0
588,31571.0,0.7855310253080359,17.66528925619852,0,0,0,55826.92774635969,56371.0,6771.0
589,31571.0,0.7855310253080359,17.618801652892735,0,0,0,55826.92774635969,56371.0,6771.0
590,31571.0,0.7855310253080359,17.57231404958695,0,0,0,55826.92774635969,56371.0,6771.0
591,31571.0,0.7855310253080359,17.525826446281165,0,0,0,55826.92774635969,56371.0,6771.0
592,31571.0,0.7855310253080359,17.47933884297538,0,0,0,55826.92774635969,56371.0,6771.0
593,31571.0,0.7855310253080359,17.432851239669596,0,0,0,55826.92774635969,56371.0,6771.0
594,31571.0,0.7855310253080359,17.38636363636381,0,0,0,55826.92774635969,56371.0,6771.0
595,31571.0,0.7855310253080359,17.339876033058026,0,0,0,55826.92774635969,56371.0,6771.0
596,31571.0,0.7855310253080359,17.29338842975224,0,0,0,55826.92774635969,56371.0,6771.0
597,31571.0,0.7855310253080359,17.246900826446456,0,0,0,55826.92774635969,56371.0,6771.0
598,31571.0,0.7855310253080359,17.20041322314067,0,0,0,55826.92774635969,56371.0,6771.0
599,31571.0,0.7855310253080359,17.153925619834887,0,0,0,55826.92774635969,56371.0,6771.0
600,31571.0,0.7855310253080359,17.107438016529102,0,0,0,55826.92774635969,56371.0,6771.0
601,31571.0,0.7855310253080359,17.060950413223317,0,0,0,55826.92774635969,56371.0,6771.0
602,31571.0,0.7855310253080359,17.014462809917532,0,0,0,55826.92774635969,56371.0,6771.0
603,31571.0,0.7855310253080359,16.967975206611747,0,0,0,55826.92774635969,56371.0,6771.0
604,31571.0,0.7855310253080359,16.921487603305962,0,0,0,55826.92774635969,56371.0,6771.0
605,31571.0,0.7855310253080359,16.875000000000178,0,0,0,55826.92774635969,56371.0,6771.0
606,31571.0,0.7855310253080359,16.828512396694393,0,0,0,55826.92774635969,56371.0,6771.0
607,31571.0,0.7855310253080359,16.782024793388608,0,0,0,55826.92774635969,56371.0,6771.0
608,31571.0,0.7855310253080359,16.735537190082823,0,0,0,55826.92774635969,56371.0,6771.0
609,31571.0,0.7855310253080359,16.68904958677704,0,0,0,55826.92774635969,56371.0,6771.0
610,31571.0,0.7855310253080359,16.642561983471253,0,0,0,55826.92774635969,56371.0,6771.0
611,31571.0,0.7855310253080359,16.59607438016547,0,0,0,55826.92774635969,56371.0,6771.0
612,31571.0,0.7855310253080359,16.549586776859684,0,0,0,55826.92774635969,56371.0,6771.0
613,31571.0,0.7855310253080359,16.5030991735539,0,0,0,55826.92774635969,56371.0,6771.0
614,31571.0,0.7855310253080359,16.456611570248114,0,0,0,55826.92774635969,56371.0,6771.0
615,31571.0,0.7855310253080359,16.41012396694233,0,0,0,55826.92774635969,56371.0,6771.0
616,31571.0,0.7855310253080359,16.363636363636545,0,0,0,55826.92774635969,56371.0,6771.0
617,31571.0,0.7855310253080359,16.31714876033076,0,0,0,55826.92774635969,56371.0,6771.0
618,31571.0,0.7855310253080359,16.270661157024975,0,0,0,55826.92774635969,56371.0,6771.0
619,31571.0,0.7855310253080359,16.22417355371919,0,0,0,55826.92774635969,56371.0,6771.0
620,31571.0,0.7855310253080359,16.177685950413405,0,0,0,55826.92774635969,56371.0,6771.0
621,31571.0,0.7855310253080359,16.13119834710762,0,0,0,55826.92774635969,56371.0,6771.0
622,31571.0,0.7855310253080359,16.084710743801836,0,0,0,55826.92774635969,56371.0,6771.0
623,31571.0,0.7855310253080359,16.03822314049605,0,0,0,55826.92774635969,56371.0,6771.0
624,31571.0,0.7855310253080359,15.991735537190266,0,0,0,55826.92774635969,56371.0,6771.0
625,31571.0,0.7855310253080359,15.945247933884481,0,0,0,55826.92774635969,56371.0,6771.0
626,31571.0,0.7855310253080359,15.898760330578696,0,0,0,55826.92774635969,56371.0,6771.0
627,31571.0,0.7855310253080359,15.852272727272911,0,0,0,55826.92774635969,56371.0,6771.0
628,31571.0,0.7855310253080359,15.805785123967127,0,0,0,55826.92774635969,56371.0,6771.0
629,31571.0,0.7855310253080359,15.759297520661342,0,0,0,55826.92774635969,56371.0,6771.0
630,31571.0,0.7855310253080359,15.712809917355557,0,0,0,55826.92774635969,56371.0,6771.0
631,31571.0,0.7855310253080359,15.666322314049772,0,0,0,55826.92774635969,56371.0,6771.0
632,31571.0,0.7855310253080359,15.619834710743987,0,0,0,55826.92774635969,56371.0,6771.0
633,31571.0,0.7855310253080359,15.573347107438202,0,0,0,55826.92774635969,56371.0,6771.0
634,31571.0,0.7855310253080359,15.526859504132418,0,0,0,55826.92774635969,56371.0,6771.0
635,31571.0,0.7855310253080359,15.480371900826633,0,0,0,55826.92774635969,56371.0,6771.0
636,31571.0,0.7855310253080359,15.433884297520848,0,0,0,55826.92774635969,56371.0,6771.0
637,31571.0,0.7855310253080359,15.387396694215063,0,0,0,55826.92774635969,56371.0,6771.0
638,31571.0,0.7855310253080359,15.340909090909278,0,0,0,55826.92774635969,56371.0,6771.0
639,31571.0,0.7855310253080359,15.294421487603493,0,0,0,55826.92774635969,56371.0,6771.0
640,31571.0,0.7855310253080359,15.247933884297709,0,0,0,55826.92774635969,56371.0,6771.0
641,31571.0,0.7855310253080359,15.201446280991924,0,0,0,55826.92774635969,56371.0,6771.0
642,31571.0,0.7855310253080359,15.154958677686139,0,0,0,55826.92774635969,56371.0,6771.0
643,31571.0,0.7855310253080359,15.108471074380354,0,0,0,55826.92774635969,56371.0,6771.0
644,31571.0,0.7855310253080359,15.06198347107457,0,0,0,55826.92774635969,56371.0,6771.0
645,31571.0,0.7855310253080359,15.015495867768784,0,0,0,55826.92774635969,56371.0,6771.0
646,31571.0,0.7855310253080359,14.969008264463,0,0,0,55826.92774635969,56371.0,6771.0
647,31571.0,0.7855310253080359,14.922520661157215,0,0,0,55826.92774635969,56371.0,6771.0
648,31571.0,0.7855310253080359,14.87603305785143,0,0,0,55826.92774635969,56371.0,6771.0
649,31571.0,0.7855310253080359,14.829545454545645,0,0,0,55826.92774635969,56371.0,6771.0
650,31571.0,0.7855310253080359,14.78305785123986,0,0,0,55826.92774635969,56371.0,6771.0
651,31571.0,0.7855310253080359,14.736570247934075,0,0,0,55826.92774635969,56371.0,6771.0
652,31571.0,0.7855310253080359,14.69008264462829,0,0,0,55826.92774635969,56371.0,6771.0
653,31571.0,0.7855310253080359,14.643595041322506,0,0,0,55826.92774635969,56371.0,6771.0
654,31571.0,0.7855310253080359,14.597107438016721,0,0,0,55826.92774635969,56371.0,6771.0
655,31571.0,0.7855310253080359,14.550619834710936,0,0,0,55826.92774635969,56371.0,6771.0
656,31571.0,0.7855310253080359,14.504132231405151,0,0,0,55826.92774635969,56371.0,6771.0
657,31571.0,0.7855310253080359,14.457644628099366,0,0,0,55826.92774635969,56371.0,6771.0
658,31571.0,0.7855310253080359,14.411157024793582,0,0,0,55826.92774635969,56371.0,6771.0
659,31571.0,0.7855310253080359,14.364669421487797,0,0,0,55826.92774635969,56371.0,6771.0
660,31571.0,0.7855310253080359,14.318181818182012,0,0,0,55826.92774635969,56371.0,6771.0
661,31571.0,0.7855310253080359,14.271694214876227,0,0,0,55826.92774635969,56371.0,6771.0
662,31571.0,0.7855310253080359,14.225206611570442,0,0,0,55826.92774635969,56371.0,6771.0
663,31571.0,0.7855310253080359,14.178719008264657,0,0,0,55826.92774635969,56371.0,6771.0
664,31571.0,0.7855310253080359,14.132231404958873,0,0,0,55826.92774635969,56371.0,6771.0
665,31571.0,0.7855310253080359,14.085743801653088,0,0,0,55826.92774635969,56371.0,6771.0
666,31571.0,0.7855310253080359,14.039256198347303,0,0,0,55826.92774635969,56371.0,6771.0
667,31571.0,0.7855310253080359,13.992768595041518,0,0,0,55826.92774635969,56371.0,6771.0
668,31571.0,0.7855310253080359,13.946280991735733,0,0,0,55826.92774635969,56371.0,6771.0
669,31571.0,0.7855310253080359,13.899793388429948,0,0,0,55826.92774635969,56371.0,6771.0
670,31571.0,0.7855310253080359,13.853305785124164,0,0,0,55826.92774635969,56371.0,6771.0
671,31571.0,0.7855310253080359,13.806818181818379,0,0,0,55826.92774635969,56371.0,6771.0
672,31571.0,0.7855310253080359,13.760330578512594,0,0,0,55826.92774635969,56371.0,6771.0
673,31571.0,0.7855310253080359,13.71384297520681,0,0,0,55826.92774635969,56371.0,6771.0
674,31571.0,0.7855310253080359,13.667355371901024,0,0,0,55826.92774635969,56371.0,6771.0
675,31571.0,0.7855310253080359,13.62086776859524,0,0,0,55826.92774635969,56371.0,6771.0
676,31571.0,0.7855310253080359,13.574380165289455,0,0,0,55826.92774635969,56371.0,6771.0
677,31571.0,0.7855310253080359,13.52789256198367,0,0,0,55826.92774635969,56371.0,6771.0
678,31571.0,0.7855310253080359,13.481404958677885,0,0,0,55826.92774635969,56371.0,6771.0
679,31571.0,0.7855310253080359,13.4349173553721,0,0,0,55826.92774635969,56371.0,6771.0
680,31571.0,0.7855310253080359,13.388429752066315,0,0,0,55826.92774635969,56371.0,6771.0
681,31571.0,0.7855310253080359,13.34194214876053,0,0,0,55826.92774635969,56371.0,6771.0
682,31571.0,0.7855310253080359,13.295454545454746,0,0,0,55826.92774635969,56371.0,6771.0
683,31571.0,0.7855310253080359,13.24896694214896,0,0,0,55826.92774635969,56371.0,6771.0
684,31571.0,0.7855310253080359,13.202479338843176,0,0,0,55826.92774635969,56371.0,6771.0
685,31571.0,0.7855310253080359,13.155991735537391,0,0,0,55826.92774635969,56371.0,6771.0
686,31571.0,0.7855310253080359,13.109504132231606,0,0,0,55826.92774635969,56371.0,6771.0
687,31571.0,0.7855310253080359,13.063016528925822,0,0,0,55826.92774635969,56371.0,6771.0
688,31571.0,0.7855310253080359,13.016528925620037,0,0,0,55826.92774635969,56371.0,6771.0
689,31571.0,0.7855310253080359,12.970041322314252,0,0,0,55826.92774635969,56371.0,6771.0
690,31571.0,0.7855310253080359,12.923553719008467,0,0,0,55826.92774635969,56371.0,6771.0
691,31571.0,0.7855310253080359,12.877066115702682,0,0,0,55826.92774635969,56371.0,6771.0
692,31571.0,0.7855310253080359,12.830578512396897,0,0,0,55826.92774635969,56371.0,6771.0
693,31571.0,0.7855310253080359,12.784090909091113,0,0,0,55826.92774635969,56371.0,6771.0
694,31571.0,0.7855310253080359,12.737603305785328,0,0,0,55826.92774635969,56371.0,6771.0
695,31571.0,0.7855310253080359,12.691115702479543,0,0,0,55826.92774635969,56371.0,6771.0
696,31571.0,0.7855310253080359,12.644628099173758,0,0,0,55826.92774635969,56371.0,6771.0
697,31571.0,0.7855310253080359,12.598140495867973,0,0,0,55826.92774635969,56371.0,6771.0
698,31571.0,0.7855310253080359,12.551652892562188,0,0,0,55826.92774635969,56371.0,6771.0
699,31571.0,0.7855310253080359,12.505165289256404,0,0,0,55826.92774635969,56371.0,6771.0
700,31571.0,0.7855310253080359,12.458677685950619,0,0,0,55826.92774635969,56371.0,6771.0
701,31571.0,0.7855310253080359,12.412190082644834,0,0,0,55826.92774635969,56371.0,6771.0
702,31571.0,0.7855310253080359,12.365702479339049,0,0,0,55826.92774635969,56371.0,6771.0
703,31571.0,0.7855310253080359,12.319214876033264,0,0,0,55826.92774635969,56371.0,6771.0
704,31571.0,0.7855310253080359,12.27272727272748,0,0,0,55826.92774635969,56371.0,6771.0
705,31571.0,0.7855310253080359,12.226239669421695,0,0,0,55826.92774635969,56371.0,6771.0
706,31571.0,0.7855310253080359,12.17975206611591,0,0,0,55826.92774635969,56371.0,6771.0
707,31571.0,0.7855310253080359,12.133264462810125,0,0,0,55826.92774635969,56371.0,6771.0
708,31571.0,0.7855310253080359,12.08677685950434,0,0,0,55826.92774635969,56371.0,6771.0
709,31571.0,0.7855310253080359,12.040289256198555,0,0,0,55826.92774635969,56371.0,6771.0
710,31571.0,0.7855310253080359,11.99380165289277,0,0,0,55826.92774635969,56371.0,6771.0
711,31571.0,0.7855310253080359,11.947314049586986,0,0,0,55826.92774635969,56371.0,6771.0
712,31571.0,0.7855310253080359,11.9008264462812,0,0,0,55826.92774635969,56371.0,6771.0
713,31571.0,0.7855310253080359,11.854338842975416,0,0,0,55826.92774635969,56371.0,6771.0
714,31571.0,0.7855310253080359,11.807851239669631,0,0,0,55826.92774635969,56371.0,6771.0
715,31571.0,0.7855310253080359,11.761363636363846,0,0,0,55826.92774635969,56371.0,6771.0
716,31571.0,0.7855310253080359,11.714876033058061,0,0,0,55826.92774635969,56371.0,6771.0
717,31571.0,0.7855310253080359,11.668388429752277,0,0,0,55826.92774635969,56371.0,6771.0
718,31571.0,0.7855310253080359,11.621900826446492,0,0,0,55826.92774635969,56371.0,6771.0
719,31571.0,0.7855310253080359,11.575413223140707,0,0,0,55826.92774635969,56371.0,6771.0
720,31571.0,0.7855310253080359,11.528925619834922,0,0,0,55826.92774635969,56371.0,6771.0
721,31571.0,0.7855310253080359,11.482438016529137,0,0,0,55826.92774635969,56371.0,6771.0
722,31571.0,0.7855310253080359,11.435950413223352,0,0,0,55826.92774635969,56371.0,6771.0
723,31571.0,0.7855310253080359,11.389462809917568,0,0,0,55826.92774635969,56371.0,6771.0
724,31571.0,0.7855310253080359,11.342975206611783,0,0,0,55826.92774635969,56371.0,6771.0
725,31571.0,0.7855310253080359,11.296487603305998,0,0,0,55826.92774635969,56371.0,6771.0
726,31571.0,0.7855310253080359,11.250000000000213,0,0,0,55826.92774635969,56371.0,6771.0
727,31571.0,0.7855310253080359,11.203512396694428,0,0,0,55826.92774635969,56371.0,6771.0
728,31571.0,0.7855310253080359,11.157024793388644,0,0,0,55826.92774635969,56371.0,6771.0
729,31571.0,0.7855310253080359,11.110537190082859,0,0,0,55826.92774635969,56371.0,6771.0
730,31571.0,0.7855310253080359,11.064049586777074,0,0,0,55826.92774635969,56371.0,6771.0
731,31571.0,0.7855310253080359,11.017561983471289,0,0,0,55826.92774635969,56371.0,6771.0
732,31571.0,0.7855310253080359,10.971074380165504,0,0,0,55826.92774635969,56371.0,6771.0
733,31571.0,0.7855310253080359,10.92458677685972,0,0,0,55826.92774635969,56371.0,6771.0
734,31571.0,0.7855310253080359,10.878099173553935,0,0,0,55826.92774635969,56371.0,6771.0
735,31571.0,0.7855310253080359,10.83161157024815,0,0,0,55826.92774635969,56371.0,6771.0
736,31571.0,0.7855310253080359,10.785123966942365,0,0,0,55826.92774635969,56371.0,6771.0
737,31571.0,0.7855310253080359,10.73863636363658,0,0,0,55826.92774635969,56371.0,6771.0
738,31571.0,0.7855310253080359,10.692148760330795,0,0,0,55826.92774635969,56371.0,6771.0
739,31571.0,0.7855310253080359,10.64566115702501,0,0,0,55826.92774635969,56371.0,6771.0
740,31571.0,0.7855310253080359,10.599173553719226,0,0,0,55826.92774635969,56371.0,6771.0
741,31571.0,0.7855310253080359,10.55268595041344,0,0,0,55826.92774635969,56371.0,6771.0
742,31571.0,0.7855310253080359,10.506198347107656,0,0,0,55826.92774635969,56371.0,6771.0
743,31571.0,0.7855310253080359,10.459710743801871,0,0,0,55826.92774635969,56371.0,6771.0
744,31571.0,0.7855310253080359,10.413223140496086,0,0,0,55826.92774635969,56371.0,6771.0
745,31571.0,0.7855310253080359,10.366735537190301,0,0,0,55826.92774635969,56371.0,6771.0
746,31571.0,0.7855310253080359,10.320247933884517,0,0,0,55826.92774635969,56371.0,6771.0
747,31571.0,0.7855310253080359,10.273760330578732,0,0,0,55826.92774635969,56371.0,6771.0
748,31571.0,0.7855310253080359,10.227272727272947,0,0,0,55826.92774635969,56371.0,6771.0
749,31571.0,0.7855310253080359,10.180785123967162,0,0,0,55826.92774635969,56371.0,6771.0
750,31571.0,0.7855310253080359,10.134297520661377,0,0,0,55826.92774635969,56371.0,6771.0
751,31571.0,0.7855310253080359,10.087809917355592,0,0,0,55826.92774635969,56371.0,6771.0
752,31571.0,0.7855310253080359,10.041322314049808,0,0,0,55826.92774635969,56371.0,6771.0
753,31571.0,0.7855310253080359,9.994834710744023,0,0,0,55826.92774635969,56371.0,6771.0
754,31571.0,0.7855310253080359,9.948347107438238,0,0,0,55826.92774635969,56371.0,6771.0
755,31571.0,0.7855310253080359,9.901859504132453,0,0,0,55826.92774635969,56371.0,6771.0
756,31571.0,0.7855310253080359,9.855371900826668,0,0,0,55826.92774635969,56371.0,6771.0
757,31571.0,0.7855310253080359,9.808884297520883,0,0,0,55826.92774635969,56371.0,6771.0
758,31571.0,0.7855310253080359,9.762396694215099,0,0,0,55826.92774635969,56371.0,6771.0
759,31571.0,0.7855310253080359,9.715909090909314,0,0,0,55826.92774635969,56371.0,6771.0
760,31571.0,0.7855310253080359,9.669421487603529,0,0,0,55826.92774635969,56371.0,6771.0
761,31571.0,0.7855310253080359,9.622933884297744,0,0,0,55826.92774635969,56371.0,6771.0
762,31571.0,0.7855310253080359,9.57644628099196,0,0,0,55826.92774635969,56371.0,6771.0
763,31571.0,0.7855310253080359,9.529958677686174,0,0,0,55826.92774635969,56371.0,6771.0
764,31571.0,0.7855310253080359,9.48347107438039,0,0,0,55826.92774635969,56371.0,6771.0
765,31571.0,0.7855310253080359,9.436983471074605,0,0,0,55826.92774635969,56371.0,6771.0
766,31571.0,0.7855310253080359,9.39049586776882,0,0,0,55826.92774635969,56371.0,6771.0
767,31571.0,0.7855310253080359,9.344008264463035,0,0,0,55826.92774635969,56371.0,6771.0
768,31571.0,0.7855310253080359,9.29752066115725,0,0,0,55826.92774635969,56371.0,6771.0
769,31571.0,0.7855310253080359,9.251033057851465,0,0,0,55826.92774635969,56371.0,6771.0
770,31571.0,0.7855310253080359,9.20454545454568,0,0,0,55826.92774635969,56371.0,6771.0
771,31571.0,0.7855310253080359,9.158057851239896,0,0,0,55826.92774635969,56371.0,6771.0
772,31571.0,0.7855310253080359,9.111570247934111,0,0,0,55826.92774635969,56371.0,6771.0
773,31571.0,0.7855310253080359,9.065082644628326,0,0,0,55826.92774635969,56371.0,6771.0
774,31571.0,0.7855310253080359,9.018595041322541,0,0,0,55826.92774635969,56371.0,6771.0
775,31571.0,0.7855310253080359,8.972107438016756,0,0,0,55826.92774635969,56371.0,6771.0
776,31571.0,0.7855310253080359,8.925619834710972,0,0,0,55826.92774635969,56371.0,6771.0
777,31571.0,0.7855310253080359,8.879132231405187,0,0,0,55826.92774635969,56371.0,6771.0
778,31571.0,0.7855310253080359,8.832644628099402,0,0,0,55826.92774635969,56371.0,6771.0
779,31571.0,0.7855310253080359,8.786157024793617,0,0,0,55826.92774635969,56371.0,6771.0
780,31571.0,0.7855310253080359,8.739669421487832,0,0,0,55826.92774635969,56371.0,6771.0
781,31571.0,0.7855310253080359,8.693181818182047,0,0,0,55826.92774635969,56371.0,6771.0
782,31571.0,0.7855310253080359,8.646694214876263,0,0,0,55826.92774635969,56371.0,6771.0
783,31571.0,0.7855310253080359,8.600206611570478,0,0,0,55826.92774635969,56371.0,6771.0
784,31571.0,0.7855310253080359,8.553719008264693,0,0,0,55826.92774635969,56371.0,6771.0
785,31571.0,0.7855310253080359,8.507231404958908,0,0,0,55826.92774635969,56371.0,6771.0
786,31571.0,0.7855310253080359,8.460743801653123,0,0,0,55826.92774635969,56371.0,6771.0
787,31571.0,0.7855310253080359,8.414256198347339,0,0,0,55826.92774635969,56371.0,6771.0
788,31571.0,0.7855310253080359,8.367768595041554,0,0,0,55826.92774635969,56371.0,6771.0
789,31571.0,0.7855310253080359,8.321280991735769,0,0,0,55826.92774635969,56371.0,6771.0
790,31571.0,0.7855310253080359,8.274793388429984,0,0,0,55826.92774635969,56371.0,6771.0
791,31571.0,0.7855310253080359,8.2283057851242,0,0,0,55826.92774635969,56371.0,6771.0
792,31571.0,0.7855310253080359,8.181818181818414,0,0,0,55826.92774635969,56371.0,6771.0
793,31571.0,0.7855310253080359,8.13533057851263,0,0,0,55826.92774635969,56371.0,6771.0
794,31571.0,0.7855310253080359,8.088842975206845,0,0,0,55826.92774635969,56371.0,6771.0
795,31571.0,0.7855310253080359,8.04235537190106,0,0,0,55826.92774635969,56371.0,6771.0
796,31571.0,0.7855310253080359,7.995867768595275,0,0,0,55826.92774635969,56371.0,6771.0
797,31571.0,0.7855310253080359,7.94938016528949,0,0,0,55826.92774635969,56371.0,6771.0
798,31571.0,0.7855310253080359,7.902892561983705,0,0,0,55826.92774635969,56371.0,6771.0
799,31571.0,0.7855310253080359,7.8564049586779205,0,0,0,55826.92774635969,56371.0,6771.0
800,31571.0,0.7855310253080359,7.809917355372136,0,0,0,55826.92774635969,56371.0,6771.0
801,31571.0,0.7855310253080359,7.763429752066351,0,0,0,55826.92774635969,56371.0,6771.0
802,31571.0,0.7855310253080359,7.716942148760566,0,0,0,55826.92774635969,56371.0,6771.0
803,31571.0,0.7855310253080359,7.670454545454781,0,0,0,55826.92774635969,56371.0,6771.0
804,31571.0,0.7855310253080359,7.623966942148996,0,0,0,55826.92774635969,56371.0,6771.0
805,31571.0,0.7855310253080359,7.577479338843212,0,0,0,55826.92774635969,56371.0,6771.0
806,31571.0,0.7855310253080359,7.530991735537427,0,0,0,55826.92774635969,56371.0,6771.0
807,31571.0,0.7855310253080359,7.484504132231642,0,0,0,55826.92774635969,56371.0,6771.0
808,31571.0,0.7855310253080359,7.438016528925857,0,0,0,55826.92774635969,56371.0,6771.0
809,31571.0,0.7855310253080359,7.391528925620072,0,0,0,55826.92774635969,56371.0,6771.0
810,31571.0,0.7855310253080359,7.345041322314287,0,0,0,55826.92774635969,56371.0,6771.0
811,31571.0,0.7855310253080359,7.298553719008503,0,0,0,55826.92774635969,56371.0,6771.0
812,31571.0,0.7855310253080359,7.252066115702718,0,0,0,55826.92774635969,56371.0,6771.0
813,31571.0,0.7855310253080359,7.205578512396933,0,0,0,55826.92774635969,56371.0,6771.0
814,31571.0,0.7855310253080359,7.159090909091148,0,0,0,55826.92774635969,56371.0,6771.0
815,31571.0,0.7855310253080359,7.112603305785363,0,0,0,55826.92774635969,56371.0,6771.0
816,31571.0,0.7855310253080359,7.066115702479578,0,0,0,55826.92774635969,56371.0,6771.0
817,31571.0,0.7855310253080359,7.019628099173794,0,0,0,55826.92774635969,56371.0,6771.0
818,31571.0,0.7855310253080359,6.973140495868009,0,0,0,55826.92774635969,56371.0,6771.0
819,31571.0,0.7855310253080359,6.926652892562224,0,0,0,55826.92774635969,56371.0,6771.0
820,31571.0,0.7855310253080359,6.880165289256439,0,0,0,55826.92774635969,56371.0,6771.0
821,31571.0,0.7855310253080359,6.833677685950654,0,0,0,55826.92774635969,56371.0,6771.0
822,31571.0,0.7855310253080359,6.7871900826448694,0,0,0,55826.92774635969,56371.0,6771.0
823,31571.0,0.7855310253080359,6.740702479339085,0,0,0,55826.92774635969,56371.0,6771.0
824,31571.0,0.7855310253080359,6.6942148760333,0,0,0,55826.92774635969,56371.0,6771.0
825,31571.0,0.7855310253080359,6.647727272727515,0,0,0,55826.92774635969,56371.0,6771.0
826,31571.0,0.7855310253080359,6.60123966942173,0,0,0,55826.92774635969,56371.0,6771.0
827,31571.0,0.7855310253080359,6.554752066115945,0,0,0,55826.92774635969,56371.0,6771.0
828,31571.0,0.7855310253080359,6.5082644628101605,0,0,0,55826.92774635969,56371.0,6771.0
829,31571.0,0.7855310253080359,6.461776859504376,0,0,0,55826.92774635969,56371.0,6771.0
830,31571.0,0.7855310253080359,6.415289256198591,0,0,0,55826.92774635969,56371.0,6771.0
831,31571.0,0.7855310253080359,6.368801652892806,0,0,0,55826.92774635969,56371.0,6771.0
832,31571.0,0.7855310253080359,6.322314049587021,0,0,0,55826.92774635969,56371.0,6771.0
833,31571.0,0.7855310253080359,6.275826446281236,0,0,0,55826.92774635969,56371.0,6771.0
834,31571.0,0.7855310253080359,6.2293388429754515,0,0,0,55826.92774635969,56371.0,6771.0
835,31571.0,0.7855310253080359,6.182851239669667,0,0,0,55826.92774635969,56371.0,6771.0
836,31571.0,0.7855310253080359,6.136363636363882,0,0,0,55826.92774635969,56371.0,6771.0
837,31571.0,0.7855310253080359,6.089876033058097,0,0,0,55826.92774635969,56371.0,6771.0
838,31571.0,0.7855310253080359,6.043388429752312,0,0,0,55826.92774635969,56371.0,6771.0
839,31571.0,0.7855310253080359,5.996900826446527,0,0,0,55826.92774635969,56371.0,6771.0
840,31571.0,0.7855310253080359,5.9504132231407425,0,0,0,55826.92774635969,56371.0,6771.0
841,31571.0,0.7855310253080359,5.903925619834958,0,0,0,55826.92774635969,56371.0,6771.0
842,31571.0,0.7855310253080359,5.857438016529173,0,0,0,55826.92774635969,56371.0,6771.0
843,31571.0,0.7855310253080359,5.810950413223388,0,0,0,55826.92774635969,56371.0,6771.0
844,31571.0,0.7855310253080359,5.764462809917603,0,0,0,55826.92774635969,56371.0,6771.0
845,31571.0,0.7855310253080359,5.717975206611818,0,0,0,55826.92774635969,56371.0,6771.0
846,31571.0,0.7855310253080359,5.6714876033060335,0,0,0,55826.92774635969,56371.0,6771.0
847,31571.0,0.7855310253080359,5.625000000000249,0,0,0,55826.92774635969,56371.0,6771.0
848,31571.0,0.7855310253080359,5.578512396694464,0,0,0,55826.92774635969,56371.0,6771.0
849,31571.0,0.7855310253080359,5.532024793388679,0,0,0,55826.92774635969,56371.0,6771.0
850,31571.0,0.7855310253080359,5.485537190082894,0,0,0,55826.92774635969,56371.0,6771.0
851,31571.0,0.7855310253080359,5.439049586777109,0,0,0,55826.92774635969,56371.0,6771.0
852,31571.0,0.7855310253080359,5.3925619834713245,0,0,0,55826.92774635969,56371.0,6771.0
853,31571.0,0.7855310253080359,5.34607438016554,0,0,0,55826.92774635969,56371.0,6771.0
854,31571.0,0.7855310253080359,5.299586776859755,0,0,0,55826.92774635969,56371.0,6771.0
855,31571.0,0.7855310253080359,5.25309917355397,0,0,0,55826.92774635969,56371.0,6771.0
856,31571.0,0.7855310253080359,5.206611570248185,0,0,0,55826.92774635969,56371.0,6771.0
857,31571.0,0.7855310253080359,5.1601239669424,0,0,0,55826.92774635969,56371.0,6771.0
858,31571.0,0.7855310253080359,5.113636363636616,0,0,0,55826.92774635969,56371.0,6771.0
859,31571.0,0.7855310253080359,5.067148760330831,0,0,0,55826.92774635969,56371.0,6771.0
860,31571.0,0.7855310253080359,5.020661157025046,0,0,0,55826.92774635969,56371.0,6771.0
861,31571.0,0.7855310253080359,4.974173553719261,0,0,0,55826.92774635969,56371.0,6771.0
862,31571.0,0.7855310253080359,4.927685950413476,0,0,0,55826.92774635969,56371.0,6771.0
863,31571.0,0.7855310253080359,4.881198347107691,0,0,0,55826.92774635969,56371.0,6771.0
864,31571.0,0.7855310253080359,4.834710743801907,0,0,0,55826.92774635969,56371.0,6771.0
865,31571.0,0.7855310253080359,4.788223140496122,0,0,0,55826.92774635969,56371.0,6771.0
866,31571.0,0.7855310253080359,4.741735537190337,0,0,0,55826.92774635969,56371.0,6771.0
867,31571.0,0.7855310253080359,4.695247933884552,0,0,0,55826.92774635969,56371.0,6771.0
868,31571.0,0.7855310253080359,4.648760330578767,0,0,0,55826.92774635969,56371.0,6771.0
869,31571.0,0.7855310253080359,4.602272727272982,0,0,0,55826.92774635969,56371.0,6771.0
870,31571.0,0.7855310253080359,4.555785123967198,0,0,0,55826.92774635969,56371.0,6771.0
871,31571.0,0.7855310253080359,4.509297520661413,0,0,0,55826.92774635969,56371.0,6771.0
872,31571.0,0.7855310253080359,4.462809917355628,0,0,0,55826.92774635969,56371.0,6771.0
873,31571.0,0.7855310253080359,4.416322314049843,0,0,0,55826.92774635969,56371.0,6771.0
874,31571.0,0.7855310253080359,4.369834710744058,0,0,0,55826.92774635969,56371.0,6771.0
875,31571.0,0.7855310253080359,4.323347107438273,0,0,0,55826.92774635969,56371.0,6771.0
876,31571.0,0.7855310253080359,4.276859504132489,0,0,0,55826.92774635969,56371.0,6771.0
877,31571.0,0.7855310253080359,4.230371900826704,0,0,0,55826.92774635969,56371.0,6771.0
878,31571.0,0.7855310253080359,4.183884297520919,0,0,0,55826.92774635969,56371.0,6771.0
879,31571.0,0.7855310253080359,4.137396694215134,0,0,0,55826.92774635969,56371.0,6771.0
880,31571.0,0.7855310253080359,4.090909090909349,0,0,0,55826.92774635969,56371.0,6771.0
881,31571.0,0.7855310253080359,4.0444214876035645,0,0,0,55826.92774635969,56371.0,6771.0
882,31571.0,0.7855310253080359,3.997933884297779,0,0,0,55826.92774635969,56371.0,6771.0
883,31571.0,0.7855310253080359,3.951446280991994,0,0,0,55826.92774635969,56371.0,6771.0
884,31571.0,0.7855310253080359,3.9049586776862086,0,0,0,55826.92774635969,56371.0,6771.0
885,31571.0,0.7855310253080359,3.8584710743804234,0,0,0,55826.92774635969,56371.0,6771.0
886,31571.0,0.7855310253080359,3.811983471074638,0,0,0,55826.92774635969,56371.0,6771.0
887,31571.0,0.7855310253080359,3.765495867768853,0,0,0,55826.92774635969,56371.0,6771.0
888,31571.0,0.7855310253080359,3.7190082644630675,0,0,0,55826.92774635969,56371.0,6771.0
889,31571.0,0.7855310253080359,3.6725206611572823,0,0,0,55826.92774635969,56371.0,6771.0
890,31571.0,0.7855310253080359,3.626033057851497,0,0,0,55826.92774635969,56371.0,6771.0
891,31571.0,0.7855310253080359,3.5795454545457117,0,0,0,55826.92774635969,56371.0,6771.0
892,31571.0,0.7855310253080359,3.5330578512399264,0,0,0,55826.92774635969,56371.0,6771.0
893,31571.0,0.7855310253080359,3.486570247934141,0,0,0,55826.92774635969,56371.0,6771.0
894,31571.0,0.7855310253080359,3.440082644628356,0,0,0,55826.92774635969,56371.0,6771.0
895,31571.0,0.7855310253080359,3.3935950413225706,0,0,0,55826.92774635969,56371.0,6771.0
896,31571.0,0.7855310253080359,3.3471074380167853,0,0,0,55826.92774635969,56371.0,6771.0
897,31571.0,0.7855310253080359,3.300619834711,0,0,0,55826.92774635969,56371.0,6771.0
898,31571.0,0.7855310253080359,3.254132231405215,0,0,0,55826.92774635969,56371.0,6771.0
899,31571.0,0.7855310253080359,3.2076446280994295,0,0,0,55826.92774635969,56371.0,6771.0
900,31571.0,0.7855310253080359,3.1611570247936442,0,0,0,55826.92774635969,56371.0,6771.0
901,31571.0,0.7855310253080359,3.114669421487859,0,0,0,55826.92774635969,56371.0,6771.0
902,31571.0,0.7855310253080359,3.0681818181820737,0,0,0,55826.92774635969,56371.0,6771.0
903,31571.0,0.7855310253080359,3.0216942148762884,0,0,0,55826.92774635969,56371.0,6771.0
904,31571.0,0.7855310253080359,2.975206611570503,0,0,0,55826.92774635969,56371.0,6771.0
905,31571.0,0.7855310253080359,2.928719008264718,0,0,0,55826.92774635969,56371.0,6771.0
906,31571.0,0.7855310253080359,2.8822314049589326,0,0,0,55826.92774635969,56371.0,6771.0
907,31571.0,0.7855310253080359,2.8357438016531473,0,0,0,55826.92774635969,56371.0,6771.0
908,31571.0,0.7855310253080359,2.789256198347362,0,0,0,55826.92774635969,56371.0,6771.0
909,31571.0,0.7855310253080359,2.7427685950415768,0,0,0,55826.92774635969,56371.0,6771.0
910,31571.0,0.7855310253080359,2.6962809917357915,0,0,0,55826.92774635969,56371.0,6771.0
911,31571.0,0.7855310253080359,2.6497933884300062,0,0,0,55826.92774635969,56371.0,6771.0
912,31571.0,0.7855310253080359,2.603305785124221,0,0,0,55826.92774635969,56371.0,6771.0
913,31571.0,0.7855310253080359,2.5568181818184357,0,0,0,55826.92774635969,56371.0,6771.0
914,31571.0,0.7855310253080359,2.5103305785126504,0,0,0,55826.92774635969,56371.0,6771.0
915,31571.0,0.7855310253080359,2.463842975206865,0,0,0,55826.92774635969,56371.0,6771.0
916,31571.0,0.7855310253080359,2.41735537190108,0,0,0,55826.92774635969,56371.0,6771.0
917,31571.0,0.7855310253080359,2.3708677685952946,0,0,0,55826.92774635969,56371.0,6771.0
918,31571.0,0.7855310253080359,2.3243801652895093,0,0,0,55826.92774635969,56371.0,6771.0
919,31571.0,0.7855310253080359,2.277892561983724,0,0,0,55826.92774635969,56371.0,6771.0
920,31571.0,0.7855310253080359,2.2314049586779388,0,0,0,55826.92774635969,56371.0,6771.0
921,31571.0,0.7855310253080359,2.1849173553721535,0,0,0,55826.92774635969,56371.0,6771.0
922,31571.0,0.7855310253080359,2.138429752066368,0,0,0,55826.92774635969,56371.0,6771.0
923,31571.0,0.7855310253080359,2.091942148760583,0,0,0,55826.92774635969,56371.0,6771.0
924,31571.0,0.7855310253080359,2.0454545454547977,0,0,0,55826.92774635969,56371.0,6771.0
925,31571.0,0.7855310253080359,1.9989669421490126,0,0,0,55826.92774635969,56371.0,6771.0
926,31571.0,0.7855310253080359,1.9524793388432276,0,0,0,55826.92774635969,56371.0,6771.0
927,31571.0,0.7855310253080359,1.9059917355374425,0,0,0,55826.92774635969,56371.0,6771.0
928,31571.0,0.7855310253080359,1.8595041322316574,0,0,0,55826.92774635969,56371.0,6771.0
929,31571.0,0.7855310253080359,1.8130165289258724,0,0,0,55826.92774635969,56371.0,6771.0
930,31571.0,0.7855310253080359,1.7665289256200873,0,0,0,55826.92774635969,56371.0,6771.0
931,31571.0,0.7855310253080359,1.7200413223143023,0,0,0,55826.92774635969,56371.0,6771.0
932,31571.0,0.7855310253080359,1.6735537190085172,0,0,0,55826.92774635969,56371.0,6771.0
933,31571.0,0.7855310253080359,1.6270661157027322,0,0,0,55826.92774635969,56371.0,6771.0
934,31571.0,0.7855310253080359,1.5805785123969471,0,0,0,55826.92774635969,56371.0,6771.0
935,31571.0,0.7855310253080359,1.534090909091162,0,0,0,55826.92774635969,56371.0,6771.0
936,31571.0,0.7855310253080359,1.487603305785377,0,0,0,55826.92774635969,56371.0,6771.0
937,31571.0,0.7855310253080359,1.441115702479592,0,0,0,55826.92774635969,56371.0,6771.0
938,31571.0,0.7855310253080359,1.394628099173807,0,0,0,55826.92774635969,56371.0,6771.0
939,31571.0,0.7855310253080359,1.3481404958680219,0,0,0,55826.92774635969,56371.0,6771.0
940,31571.0,0.7855310253080359,1.3016528925622368,0,0,0,55826.92774635969,56371.0,6771.0
941,31571.0,0.7855310253080359,1.2551652892564518,0,0,0,55826.92774635969,56371.0,6771.0
942,31571.0,0.7855310253080359,1.2086776859506667,0,0,0,55826.92774635969,56371.0,6771.0
943,31571.0,0.7855310253080359,1.1621900826448817,0,0,0,55826.92774635969,56371.0,6771.0
944,31571.0,0.7855310253080359,1.1157024793390966,0,0,0,55826.92774635969,56371.0,6771.0
945,31571.0,0.7855310253080359,1.0692148760333116,0,0,0,55826.92774635969,56371.0,6771.0
946,31571.0,0.7855310253080359,1.0227272727275265,0,0,0,55826.92774635969,56371.0,6771.0
947,31571.0,0.7855310253080359,0.9762396694217413,0,0,0,55826.92774635969,56371.0,6771.0
948,31571.0,0.7855310253080359,0.9297520661159562,0,0,0,55826.92774635969,56371.0,6771.0
949,31571.0,0.7855310253080359,0.883264462810171,0,0,0,55826.92774635969,56371.0,6771.0
950,31571.0,0.7855310253080359,0.8367768595043859,0,0,0,55826.92774635969,56371.0,6771.0
951,31571.0,0.7855310253080359,0.7902892561986007,0,0,0,55826.92774635969,56371.0,6771.0
952,31571.0,0.7855310253080359,0.7438016528928155,0,0,0,55826.92774635969,56371.0,6771.0
953,31571.0,0.7855310253080359,0.6973140495870304,0,0,0,55826.92774635969,56371.0,6771.0
954,31571.0,0.7855310253080359,0.6508264462812452,0,0,0,55826.92774635969,56371.0,6771.0
955,31571.0,0.7855310253080359,0.60433884297546,0,0,0,55826.92774635969,56371.0,6771.0
956,31571.0,0.7855310253080359,0.5578512396696749,0,0,0,55826.92774635969,56371.0,6771.0
957,31571.0,0.7855310253080359,0.5113636363638897,0,0,0,55826.92774635969,56371.0,6771.0
958,31571.0,0.7855310253080359,0.4648760330581046,0,0,0,55826.92774635969,56371.0,6771.0
959,31571.0,0.7855310253080359,0.4183884297523195,0,0,0,55826.92774635969,56371.0,6771.0
960,31571.0,0.7855310253080359,0.3719008264465344,0,0,0,55826.92774635969,56371.0,6771.0
961,31571.0,0.7855310253080359,0.3254132231407493,0,0,0,55826.92774635969,56371.0,6771.0
962,31571.0,0.7855310253080359,0.27892561983496417,0,0,0,55826.92774635969,56371.0,6771.0
963,31571.0,0.7855310253080359,0.23243801652917906,0,0,0,55826.92774635969,56371.0,6771.0
964,31571.0,0.7855310253080359,0.18595041322339395,0,0,0,55826.92774635969,56371.0,6771.0
965,31571.0,0.7855310253080359,0.13946280991760884,0,0,0,55826.92774635969,56371.0,6771.0
966,31571.0,0.7855310253080359,0.09297520661182372,0,0,0,55826.92774635969,56371.0,6771.0
967,31571.0,0.7855310253080359,0.0464876033060386,0,0,0,55826.92774635969,56371.0,6771.0
968,31571.0,0.7855310253080359,2.5347779430973105e-13,0,0,0,55826.92774635969,56371.0,6771.0
969,31577.162450624503,0.7851825694643804,2.5347779430973105e-13,0,0,0,55843.274115179396,56371.0,6783.324901249006
970,31583.332312509265,0.7848338307757678,2.5347779430973105e-13,0,0,0,55859.64174092714,56371.0,6795.664625018528
971,31589.50959293321,0.7844848092421979,2.5347779430973105e-13,0,0,0,55876.030648521104,56371.0,6808.01918586642
972,31595.69429918801,0.7841355048636707,2.5347779430973105e-13,0,0,0,55892.44086292669,56371.0,6820.388598376018
973,31601.886438578113,0.7837859176401858,2.5347779430973105e-13,0,0,0,55908.87240915661,56371.0,6832.772877156223
974,31608.08601842075,0.7834360475717439,2.5347779430973105e-13,0,0,0,55925.32531227101,56371.0,6845.172036841498
975,31614.29304604599,0.7830858946583448,2.5347779430973105e-13,0,0,0,55941.79959737756,56371.0,6857.586092091979
976,31620.507528796752,0.782735458899988,2.5347779430973105e-13,0,0,0,55958.2952896316,56371.0,6870.015057593502
977,31626.729474028813,0.7823847402966737,2.5347779430973105e-13,0,0,0,55974.81241423616,56371.0,6882.458948057624
978,31632.958889110847,0.7820337388484022,2.5347779430973105e-13,0,0,0,55991.350996442074,56371.0,6894.917778221691
979,31639.19578142445,0.7816824545551735,2.5347779430973105e-13,0,0,0,56007.911061548155,56371.0,6907.391562848896
980,31645.44015836416,0.7813308874169875,2.5347779430973105e-13,0,0,0,56024.49263490121,56371.0,6919.880316728317
981,31651.692027337493,0.7809790374338439,2.5347779430973105e-13,0,0,0,56041.09574189619,56371.0,6932.384054674987
982,31657.951395764943,0.7806269046057432,2.5347779430973105e-13,0,0,0,56057.72040797627,56371.0,6944.902791529887
983,31664.21827108004,0.7802744889326849,2.5347779430973105e-13,0,0,0,56074.366658632964,56371.0,6957.436542160078
984,31670.49266072933,0.7799217904146696,2.5347779430973105e-13,0,0,0,56091.03451940618,56371.0,6969.985321458658
985,31676.774572172457,0.7795688090516963,2.5347779430973105e-13,0,0,0,56107.724015884414,56371.0,6982.549144344916
986,31683.06401288213,0.7792155448437663,2.5347779430973105e-13,0,0,0,56124.43517370473,56371.0,6995.128025764256
987,31689.360990344187,0.7788619977908788,2.5347779430973105e-13,0,0,0,56141.168018552984,56371.0,7007.72198068837
988,31695.66551205761,0.7785081678930339,2.5347779430973105e-13,0,0,0,56157.92257616385,56371.0,7020.33102411522
989,31701.977585534543,0.7781540551502317,2.5347779430973105e-13,0,0,0,56174.69887232093,56371.0,7032.955171069087
990,31708.29721830033,0.7777996595624719,2.5347779430973105e-13,0,0,0,56191.4969328569,56371.0,7045.594436600659
991,31714.624417893516,0.7774449811297548,2.5347779430973105e-13,0,0,0,56208.31678365355,56371.0,7058.248835787031
992,31720.959191865895,0.7770900198520805,2.5347779430973105e-13,0,0,0,56225.158450641924,56371.0,7070.918383731791
993,31727.301547782536,0.7767347757294489,2.5347779430973105e-13,0,0,0,56242.02195980243,56371.0,7083.603095565069
994,31733.651493221794,0.7763792487618597,2.5347779430973105e-13,0,0,0,56258.907337164936,56371.0,7096.30298644359
995,31740.009035775336,0.7760234389493137,2.5347779430973105e-13,0,0,0,56275.81460880887,56371.0,7109.018071550669
996,31746.374183048192,0.7756673462918096,2.5347779430973105e-13,0,0,0,56292.743800863325,56371.0,7121.748366096387
997,31752.746942658734,0.7753109707893486,2.5347779430973105e-13,0,0,0,56309.69493950715,56371.0,7134.493885317469
998,31759.12732223875,0.7749543124419302,2.5347779430973105e-13,0,0,0,56326.66805096907,56371.0,7147.254644477498
999,31765.515329433438,0.7745973712495544,2.5347779430973105e-13,0,0,0,56343.66316152784,56371.0,7160.030658866874
1000,31771.910971901438,0.7742401472122213,2.5347779430973105e-13,0,0,0,56360.68029751222,56371.0,7172.821943802878
1001,31778.314257314873,0.773882640329931,2.5347779430973105e-13,0,0,0,56377.71948530122,56371.0,7185.628514629748
1002,31784.72519335936,0.7735248506026831,2.5347779430973105e-13,0,0,0,56394.780751324164,56371.0,7198.450386718725
1003,31791.143787734032,0.7731667780304781,2.5347779430973105e-13,0,0,0,56411.86412206072,56371.0,7211.287575468062
1004,31797.570048151574,0.7728084226133156,2.5347779430973105e-13,0,0,0,56428.96962404108,56371.0,7224.140096303146
1005,31804.003982338254,0.7724497843511955,2.5347779430973105e-13,0,0,0,56446.09728384611,56371.0,7237.007964676507
1006,31810.445598033926,0.7720908632441181,2.5347779430973105e-13,0,0,0,56463.24712810734,56371.0,7249.891196067854
1007,31816.89490299208,0.7717316592920838,2.5347779430973105e-13,0,0,0,56480.41918350715,56371.0,7262.78980598416
1008,31823.35190497986,0.7713721724950919,2.5347779430973105e-13,0,0,0,56497.61347677887,56371.0,7275.703809959723
1009,31829.8166117781,0.7710124028531424,2.5347779430973105e-13,0,0,0,56514.8300347069,56371.0,7288.633223556199
1010,31836.28903118131,0.7706523503662359,2.5347779430973105e-13,0,0,0,56532.068884126726,56371.0,7301.578062362618
1011,31842.76917099776,0.770292015034372,2.5347779430973105e-13,0,0,0,56549.33005192518,56371.0,7314.538341995518
1012,31849.25703904947,0.7699313968575505,2.5347779430973105e-13,0,0,0,56566.613565040425,56371.0,7327.514078098938
1013,31855.75264317224,0.7695704958357719,2.5347779430973105e-13,0,0,0,56583.91945046213,56371.0,7340.505286344479
1014,31862.255991215687,0.769209311969036,2.5347779430973105e-13,0,0,0,56601.24773523149,56371.0,7353.511982431374
1015,31868.76709104327,0.7688478452573426,2.5347779430973105e-13,0,0,0,56618.598446441516,56371.0,7366.5341820865415
1016,31875.28595053231,0.7684860957006918,2.5347779430973105e-13,0,0,0,56635.97161123696,56371.0,7379.57190106462
1017,31881.81257757402,0.7681240632990836,2.5347779430973105e-13,0,0,0,56653.3672568145,56371.0,7392.6251551480345
1018,31888.34698007352,0.7677617480525181,2.5347779430973105e-13,0,0,0,56670.785410422846,56371.0,7405.6939601470385
1019,31894.88916594989,0.7673991499609953,2.5347779430973105e-13,0,0,0,56688.226099362895,56371.0,7418.778331899785
1020,31901.43914313619,0.7670362690245152,2.5347779430973105e-13,0,0,0,56705.68935098777,56371.0,7431.878286272381
1021,31907.996919579462,0.7666731052430775,2.5347779430973105e-13,0,0,0,56723.17519270294,56371.0,7444.993839158924
1022,31914.562503240773,0.7663096586166829,2.5347779430973105e-13,0,0,0,56740.68365196638,56371.0,7458.125006481549
1023,31921.135902095266,0.7659459291453308,2.5347779430973105e-13,0,0,0,56758.21475628865,56371.0,7471.271804190531
1024,31927.717124132145,0.7655819168290212,2.5347779430973105e-13,0,0,0,56775.76853323306,56371.0,7484.434248264292
1025,31934.306177354738,0.7652176216677542,2.5347779430973105e-13,0,0,0,56793.345010415665,56371.0,7497.612354709474
1026,31940.903069780485,0.7648530436615302,2.5347779430973105e-13,0,0,0,56810.94421550547,56371.0,7510.806139560968
1027,31947.507809441024,0.7644881828103482,2.5347779430973105e-13,0,0,0,56828.56617622457,56371.0,7524.015618882046
1028,31954.120404382145,0.7641230391142093,2.5347779430973105e-13,0,0,0,56846.21092034813,56371.0,7537.240808764293
1029,31960.74086266389,0.7637576125731131,2.5347779430973105e-13,0,0,0,56863.87847570468,56371.0,7550.481725327777
1030,31967.369192360526,0.7633919031870595,2.5347779430973105e-13,0,0,0,56881.568870176074,56371.0,7563.73838472105
1031,31974.005401560607,0.7630259109560484,2.5347779430973105e-13,0,0,0,56899.2821316977,56371.0,7577.010803121211
1032,31980.649498366976,0.7626596358800801,2.5347779430973105e-13,0,0,0,56917.01828825852,56371.0,7590.298996733951
1033,31987.301490896818,0.7622930779591544,2.5347779430973105e-13,0,0,0,56934.777367901275,56371.0,7603.602981793636
1034,31993.961387281663,0.7619262371932716,2.5347779430973105e-13,0,0,0,56952.55939872251,56371.0,7616.9227745633225
1035,32000.629195667443,0.7615591135824309,2.5347779430973105e-13,0,0,0,56970.36440887277,56371.0,7630.258391334887
1036,32007.304924214484,0.7611917071266332,2.5347779430973105e-13,0,0,0,56988.192426556634,56371.0,7643.609848428968
1037,32013.98858109757,0.760824017825878,2.5347779430973105e-13,0,0,0,57006.04348003292,56371.0,7656.977162195136
1038,32020.680174505942,0.7604560456801654,2.5347779430973105e-13,0,0,0,57023.917597614694,56371.0,7670.360349011883
1039,32027.379712643342,0.7600877906894958,2.5347779430973105e-13,0,0,0,57041.814807669514,56371.0,7683.759425286684
1040,32034.087203728053,0.7597192528538685,2.5347779430973105e-13,0,0,0,57059.73513861946,56371.0,7697.174407456106
1041,32040.80265599289,0.759350432173284,2.5347779430973105e-13,0,0,0,57077.67861894127,56371.0,7710.6053119857825
1042,32047.526077685263,0.7589813286477425,2.5347779430973105e-13,0,0,0,57095.645277166426,56371.0,7724.052155370527
1043,32054.257477067207,0.758611942277243,2.5347779430973105e-13,0,0,0,57113.6351418814,56371.0,7737.514954134413
1044,32060.996862415366,0.7582422730617866,2.5347779430973105e-13,0,0,0,57131.64824172759,56371.0,7750.993724830731
1045,32067.74424202108,0.7578723210013727,2.5347779430973105e-13,0,0,0,57149.68460540157,56371.0,7764.488484042159
1046,32074.499624190375,0.7575020860960016,2.5347779430973105e-13,0,0,0,57167.74426165518,56371.0,7777.999248380748
1047,32081.26301724401,0.7571315683456727,2.5347779430973105e-13,0,0,0,57185.827239295606,56371.0,7791.5260344880235
1048,32088.03442951749,0.7567607677503871,2.5347779430973105e-13,0,0,0,57203.93356718554,56371.0,7805.068859034978
1049,32094.813869361125,0.7563896843101434,2.5347779430973105e-13,0,0,0,57222.063274243315,56371.0,7818.627738722251
1050,32101.60134514001,0.7560183180249427,2.5347779430973105e-13,0,0,0,57240.21638944294,56371.0,7832.202690280023
1051,32108.3968652341,0.7556466688947849,2.5347779430973105e-13,0,0,0,57258.39294181431,56371.0,7845.793730468197
1052,32115.200438038228,0.7552747369196693,2.5347779430973105e-13,0,0,0,57276.59296044335,56371.0,7859.400876076457
1053,32122.012071962108,0.7549025220995969,2.5347779430973105e-13,0,0,0,57294.81647447197,56371.0,7873.024143924216
1054,32128.831775430408,0.7545300244345667,2.5347779430973105e-13,0,0,0,57313.06351309843,56371.0,7886.663550860818
1055,32135.659556882743,0.7541572439245794,2.5347779430973105e-13,0,0,0,57331.334105577225,56371.0,7900.319113765483
1056,32142.49542477372,0.7537841805696344,2.5347779430973105e-13,0,0,0,57349.62828121937,56371.0,7913.990849547439
1057,32149.339387572956,0.7534108343697323,2.5347779430973105e-13,0,0,0,57367.94606939244,56371.0,7927.678775145916
1058,32156.191453765136,0.7530372053248731,2.5347779430973105e-13,0,0,0,57386.28749952076,56371.0,7941.382907530271
1059,32163.051631850012,0.7526632934350561,2.5347779430973105e-13,0,0,0,57404.65260108546,56371.0,7955.103263700026
1060,32169.919930342447,0.7522890987002819,2.5347779430973105e-13,0,0,0,57423.04140362462,56371.0,7968.8398606848905
1061,32176.796357772433,0.7519146211205505,2.5347779430973105e-13,0,0,0,57441.45393673342,56371.0,7982.592715544864
1062,32183.68092268515,0.7515398606958614,2.5347779430973105e-13,0,0,0,57459.890230064266,56371.0,7996.361845370299
1063,32190.573633640957,0.7511648174262151,2.5347779430973105e-13,0,0,0,57478.35031332683,56371.0,8010.147267281914
1064,32197.474499215445,0.7507894913116118,2.5347779430973105e-13,0,0,0,57496.83421628828,56371.0,8023.948998430889
1065,32204.38352799948,0.7504138823520508,2.5347779430973105e-13,0,0,0,57515.3419687734,56371.0,8037.7670559989565
1066,32211.30072859919,0.7500379905475325,2.5347779430973105e-13,0,0,0,57533.87360066463,56371.0,8051.601457198384
1067,32218.22610963605,0.749661815898057,2.5347779430973105e-13,0,0,0,57552.42914190224,56371.0,8065.452219272095
1068,32225.15967974686,0.7492853584036241,2.5347779430973105e-13,0,0,0,57571.00862248453,56371.0,8079.3193594937175
1069,32232.10144758382,0.7489086180642335,2.5347779430973105e-13,0,0,0,57589.61207246782,56371.0,8093.202895167642
1070,32239.05142181452,0.7485315948798859,2.5347779430973105e-13,0,0,0,57608.239521966636,56371.0,8107.102843629046
1071,32246.009611122012,0.748154288850581,2.5347779430973105e-13,0,0,0,57626.8910011539,56371.0,8121.019222244024
1072,32252.976024204807,0.7477766999763185,2.5347779430973105e-13,0,0,0,57645.56654026096,56371.0,8134.9520484096165
1073,32259.95066977692,0.7473988282570987,2.5347779430973105e-13,0,0,0,57664.26616957779,56371.0,8148.901339553844
1074,32266.9335565679,0.7470206736929219,2.5347779430973105e-13,0,0,0,57682.98991945305,56371.0,8162.867113135799
1075,32273.92469332287,0.7466422362837872,2.5347779430973105e-13,0,0,0,57701.73782029433,56371.0,8176.849386645741
1076,32280.92408880253,0.7462635160296955,2.5347779430973105e-13,0,0,0,57720.509902568105,56371.0,8190.8481776050585
1077,32287.931751783217,0.7458845129306466,2.5347779430973105e-13,0,0,0,57739.30619680003,56371.0,8204.863503566432
1078,32294.947691056936,0.74550522698664,2.5347779430973105e-13,0,0,0,57758.12673357501,56371.0,8218.89538211387
1079,32301.971915431364,0.745125658197676,2.5347779430973105e-13,0,0,0,57776.97154353729,56371.0,8232.943830862725
1080,32309.0044337299,0.7447458065637547,2.5347779430973105e-13,0,0,0,57795.84065739061,56371.0,8247.008867459801
1081,32316.045254791698,0.7443656720848764,2.5347779430973105e-13,0,0,0,57814.73410589836,56371.0,8261.090509583397
1082,32323.094387471705,0.7439852547610406,2.5347779430973105e-13,0,0,0,57833.651919883734,56371.0,8275.188774943406
1083,32330.15184064067,0.7436045545922474,2.5347779430973105e-13,0,0,0,57852.59413022978,56371.0,8289.303681281337
1084,32337.2176231852,0.7432235715784965,2.5347779430973105e-13,0,0,0,57871.560767879615,56371.0,8303.435246370396
1085,32344.291744007758,0.7428423057197886,2.5347779430973105e-13,0,0,0,57890.55186383645,56371.0,8317.583488015513
1086,32351.374212026734,0.7424607570161235,2.5347779430973105e-13,0,0,0,57909.56744916383,56371.0,8331.74842405347
1087,32358.465036176472,0.7420789254675006,2.5347779430973105e-13,0,0,0,57928.60755498578,56371.0,8345.930072352947
1088,32365.564225407263,0.7416968110739206,2.5347779430973105e-13,0,0,0,57947.67221248681,56371.0,8360.128450814529
1089,32372.671788685417,0.7413144138353833,2.5347779430973105e-13,0,0,0,57966.76145291214,56371.0,8374.343577370837
1090,32379.787734993286,0.7409317337518886,2.5347779430973105e-13,0,0,0,57985.87530756788,56371.0,8388.575469986574
1091,32386.912073329284,0.7405487708234364,2.5347779430973105e-13,0,0,0,58005.013807821044,56371.0,8402.824146658571
1092,32394.044812707925,0.7401655250500272,2.5347779430973105e-13,0,0,0,58024.17698509973,56371.0,8417.089625415854
1093,32401.185962159874,0.7397819964316605,2.5347779430973105e-13,0,0,0,58043.36487089333,56371.0,8431.371924319748
1094,32408.33553073195,0.7393981849683364,2.5347779430973105e-13,0,0,0,58062.5774967526,56371.0,8445.671061463898
1095,32415.493527487175,0.7390140906600549,2.5347779430973105e-13,0,0,0,58081.814894289746,56371.0,8459.987054974346
1096,32422.659961504793,0.7386297135068163,2.5347779430973105e-13,0,0,0,58101.077095178654,56371.0,8474.319923009585
1097,32429.834841880336,0.7382450535086202,2.5347779430973105e-13,0,0,0,58120.36413115501,56371.0,8488.66968376067
1098,32437.018177725622,0.7378601106654665,2.5347779430973105e-13,0,0,0,58139.67603401638,56371.0,8503.036355451246
1099,32444.209978168794,0.7374748849773556,2.5347779430973105e-13,0,0,0,58159.01283562243,56371.0,8517.41995633759
1100,32451.41025235436,0.7370893764442878,2.5347779430973105e-13,0,0,0,58178.374567894934,56371.0,8531.820504708714
1101,32458.619009443246,0.7367035850662618,2.5347779430973105e-13,0,0,0,58197.761262818116,56371.0,8546.238018886492
1102,32465.83625861277,0.7363175108432791,2.5347779430973105e-13,0,0,0,58217.17295243855,56371.0,8560.672517225537
1103,32473.062009056743,0.735931153775339,2.5347779430973105e-13,0,0,0,58236.60966886547,56371.0,8575.124018113485
1104,32480.296269985472,0.7355445138624412,2.5347779430973105e-13,0,0,0,58256.071444270914,56371.0,8589.592539970945
1105,32487.53905062578,0.7351575911045862,2.5347779430973105e-13,0,0,0,58275.55831088972,56371.0,8604.078101251554
1106,32494.790360221054,0.7347703855017738,2.5347779430973105e-13,0,0,0,58295.07030101977,56371.0,8618.580720442109
1107,32502.050208031287,0.7343828970540041,2.5347779430973105e-13,0,0,0,58314.60744702216,56371.0,8633.100416062574
1108,32509.318603333093,0.7339951257612773,2.5347779430973105e-13,0,0,0,58334.16978132123,56371.0,8647.637206666186
1109,32516.595555419768,0.733607071623593,2.5347779430973105e-13,0,0,0,58353.757336404844,56371.0,8662.191110839534
1110,32523.881073601286,0.7332187346409511,2.5347779430973105e-13,0,0,0,58373.37014482441,56371.0,8676.762147202573
1111,32531.175167204357,0.7328301148133523,2.5347779430973105e-13,0,0,0,58393.00823919507,56371.0,8691.350334408715
1112,32538.477845572474,0.7324412121407957,2.5347779430973105e-13,0,0,0,58412.67165219588,56371.0,8705.955691144944
1113,32545.7891180659,0.7320520266232822,2.5347779430973105e-13,0,0,0,58432.36041656983,56371.0,8720.578236131794
1114,32553.108994061757,0.7316625582608112,2.5347779430973105e-13,0,0,0,58452.07456512418,56371.0,8735.21798812351
1115,32560.43748295403,0.7312728070533827,2.5347779430973105e-13,0,0,0,58471.81413073044,56371.0,8749.874965908057
1116,32567.7745941536,0.7308827730009968,2.5347779430973105e-13,0,0,0,58491.579146324584,56371.0,8764.549188307205
1117,32575.120337088298,0.7304924561036534,2.5347779430973105e-13,0,0,0,58511.369644907165,56371.0,8779.240674176595
1118,32582.4747212029,0.7301018563613533,2.5347779430973105e-13,0,0,0,58531.18565954347,56371.0,8793.949442405796
1119,32589.83775595922,0.7297109737740954,2.5347779430973105e-13,0,0,0,58551.027223363715,56371.0,8808.675511918436
1120,32597.209450836097,0.7293198083418801,2.5347779430973105e-13,0,0,0,58570.89436956312,56371.0,8823.41890167219
1121,32604.589815329447,0.7289283600647074,2.5347779430973105e-13,0,0,0,58590.787131402045,56371.0,8838.179630658891
1122,32611.978858952298,0.7285366289425772,2.5347779430973105e-13,0,0,0,58610.70554220624,56371.0,8852.957717904595
1123,32619.376591234814,0.72814461497549,2.5347779430973105e-13,0,0,0,58630.64963536687,56371.0,8867.753182469629
1124,32626.783021724354,0.7277523181634455,2.5347779430973105e-13,0,0,0,58650.61944434076,56371.0,8882.566043448709
1125,32634.198159985488,0.7273597385064436,2.5347779430973105e-13,0,0,0,58670.61500265047,56371.0,8897.39631997098
1126,32641.622015600038,0.7269668760044845,2.5347779430973105e-13,0,0,0,58690.636343884486,56371.0,8912.244031200073
1127,32649.054598167106,0.7265737306575679,2.5347779430973105e-13,0,0,0,58710.68350169735,56371.0,8927.10919633421
1128,32656.49591730313,0.7261803024656934,2.5347779430973105e-13,0,0,0,58730.75650980985,56371.0,8941.99183460626
1129,32663.94598264187,0.7257865914288624,2.5347779430973105e-13,0,0,0,58750.85540200902,56371.0,8956.891965283745
1130,32671.40480383453,0.7253925975470736,2.5347779430973105e-13,0,0,0,58770.98021214856,56371.0,8971.809607669062
1131,32678.872390549703,0.7249983208203274,2.5347779430973105e-13,0,0,0,58791.130974148735,56371.0,8986.744781099409
1132,32686.348752473463,0.724603761248624,2.5347779430973105e-13,0,0,0,58811.30772199663,56371.0,9001.697504946922
1133,32693.833899309368,0.7242089188319634,2.5347779430973105e-13,0,0,0,58831.51048974627,56371.0,9016.667798618737
1134,32701.32784077854,0.7238137935703453,2.5347779430973105e-13,0,0,0,58851.73931151887,56371.0,9031.655681557078
1135,32708.83058661965,0.7234183854637697,2.5347779430973105e-13,0,0,0,58871.99422150284,56371.0,9046.661173239296
1136,32716.342146588977,0.7230226945122369,2.5347779430973105e-13,0,0,0,58892.275253954016,56371.0,9061.684293177954
1137,32723.86253046046,0.7226267207157466,2.5347779430973105e-13,0,0,0,58912.582443195824,56371.0,9076.725060920924
1138,32731.391748025708,0.7222304640742991,2.5347779430973105e-13,0,0,0,58932.9158236194,56371.0,9091.783496051416
1139,32738.929809094043,0.7218339245878944,2.5347779430973105e-13,0,0,0,58953.27542968374,56371.0,9106.859618188086
1140,32746.47672349255,0.7214371022565322,2.5347779430973105e-13,0,0,0,58973.66129591589,56371.0,9121.953446985102
1141,32754.03250106611,0.7210399970802124,2.5347779430973105e-13,0,0,0,58994.073456911115,56371.0,9137.065002132222
1142,32761.5971516774,0.7206426090589357,2.5347779430973105e-13,0,0,0,59014.5119473329,56371.0,9152.194303354801
1143,32769.170685207,0.7202449381927016,2.5347779430973105e-13,0,0,0,59034.97680191338,56371.0,9167.341370413993
1144,32776.75311155337,0.7198469844815096,2.5347779430973105e-13,0,0,0,59055.46805545322,56371.0,9182.506223106739
1145,32784.3444406329,0.7194487479253606,2.5347779430973105e-13,0,0,0,59075.985742821904,56371.0,9197.688881265804
1146,32791.94468237997,0.7190502285242544,2.5347779430973105e-13,0,0,0,59096.52989895795,56371.0,9212.889364759945
1147,32799.553846746974,0.7186514262781907,2.5347779430973105e-13,0,0,0,59117.100558868944,56371.0,9228.107693493946
1148,32807.171943704336,0.7182523411871695,2.5347779430973105e-13,0,0,0,59137.69775763171,56371.0,9243.343887408673
1149,32814.79898324058,0.7178529732511914,2.5347779430973105e-13,0,0,0,59158.32153039257,56371.0,9258.597966481158
1150,32822.434975362354,0.7174533224702557,2.5347779430973105e-13,0,0,0,59178.97191236742,56371.0,9273.869950724707
1151,32830.07993009447,0.7170533888443624,2.5347779430973105e-13,0,0,0,59199.64893884192,56371.0,9289.159860188942
1152,32837.73385747993,0.7166531723735119,2.5347779430973105e-13,0,0,0,59220.35264517158,56371.0,9304.467714959857
1153,32845.39676757997,0.7162526730577041,2.5347779430973105e-13,0,0,0,59241.08306678204,56371.0,9319.793535159943
1154,32853.06867047412,0.7158518908969391,2.5347779430973105e-13,0,0,0,59261.84023916913,56371.0,9335.137340948231
1155,32860.7495762602,0.7154508258912164,2.5347779430973105e-13,0,0,0,59282.62419789911,56371.0,9350.499152520399
1156,32868.439495054394,0.7150494780405368,2.5347779430973105e-13,0,0,0,59303.43497860874,56371.0,9365.878990108786
1157,32876.13843699127,0.7146478473448998,2.5347779430973105e-13,0,0,0,59324.27261700553,56371.0,9381.276873982539
1158,32883.84641222384,0.7142459338043052,2.5347779430973105e-13,0,0,0,59345.13714886788,56371.0,9396.69282444767
1159,32891.56343092355,0.7138437374187532,2.5347779430973105e-13,0,0,0,59366.02861004515,56371.0,9412.126861847095
1160,32899.289503280364,0.7134412581882441,2.5347779430973105e-13,0,0,0,59386.94703645796,56371.0,9427.579006560729
1161,32907.02463950281,0.7130384961127774,2.5347779430973105e-13,0,0,0,59407.89246409831,56371.0,9443.049279005616
1162,32914.768849817956,0.7126354511923536,2.5347779430973105e-13,0,0,0,59428.86492902963,56371.0,9458.537699635912
1163,32922.52214447153,0.7122321234269722,2.5347779430973105e-13,0,0,0,59449.86446738715,56371.0,9474.044288943058
1164,32930.28453372789,0.7118285128166333,2.5347779430973105e-13,0,0,0,59470.891115377904,56371.0,9489.569067455786
1165,32938.0560278701,0.7114246193613376,2.5347779430973105e-13,0,0,0,59491.944909280886,56371.0,9505.112055740203
1166,32945.83663719997,0.7110204430610843,2.5347779430973105e-13,0,0,0,59513.025885447394,56371.0,9520.673274399946
1167,32953.62637203808,0.7106159839158734,2.5347779430973105e-13,0,0,0,59534.13408030099,56371.0,9536.252744076166
1168,32961.42524272382,0.7102112419257056,2.5347779430973105e-13,0,0,0,59555.26953033776,56371.0,9551.850485447632
1169,32969.23325961543,0.7098062170905803,2.5347779430973105e-13,0,0,0,59576.4322721265,56371.0,9567.466519230858
1170,32977.050433090066,0.7094009094104976,2.5347779430973105e-13,0,0,0,59597.622342308845,56371.0,9583.10086618013
1171,32984.8767735438,0.7089953188854572,2.5347779430973105e-13,0,0,0,59618.83977759946,56371.0,9598.753547087603
1172,32992.712291391676,0.7085894455154598,2.5347779430973105e-13,0,0,0,59640.08461478616,56371.0,9614.424582783355
1173,33000.55699706776,0.7081832893005049,2.5347779430973105e-13,0,0,0,59661.356890730145,56371.0,9630.113994135521
1174,33008.41090102516,0.7077768502405928,2.5347779430973105e-13,0,0,0,59682.65664236613,56371.0,9645.821802050326
1175,33016.27401373609,0.7073701283357234,2.5347779430973105e-13,0,0,0,59703.983906702495,56371.0,9661.548027472181
1176,33024.14634569189,0.7069631235858969,2.5347779430973105e-13,0,0,0,59725.33872082154,56371.0,9677.29269138377
1177,33032.02790740307,0.7065558359911124,2.5347779430973105e-13,0,0,0,59746.7211218796,56371.0,9693.05581480614
1178,33039.91870939936,0.7061482655513707,2.5347779430973105e-13,0,0,0,59768.131147107146,56371.0,9708.837418798721
1179,33047.818762229734,0.705740412266672,2.5347779430973105e-13,0,0,0,59789.56883380906,56371.0,9724.637524459466
1180,33055.728076462474,0.7053322761370155,2.5347779430973105e-13,0,0,0,59811.03421936482,56371.0,9740.456152924946
1181,33063.646662685176,0.7049238571624024,2.5347779430973105e-13,0,0,0,59832.52734122852,56371.0,9756.29332537035
1182,33071.57453150485,0.704515155342831,2.5347779430973105e-13,0,0,0,59854.04823692928,56371.0,9772.149063009696
1183,33079.51169354787,0.7041061706783027,2.5347779430973105e-13,0,0,0,59875.596944071185,56371.0,9788.023387095744
1184,33087.45815946011,0.7036969031688172,2.5347779430973105e-13,0,0,0,59897.17350033359,56371.0,9803.916318920219
1185,33095.413939906924,0.7032873528143742,2.5347779430973105e-13,0,0,0,59918.777943471294,56371.0,9819.827879813847
1186,33103.3790455732,0.7028775196149741,2.5347779430973105e-13,0,0,0,59940.410311314634,56371.0,9835.7580911464
1187,33111.35348716344,0.702467403570616,2.5347779430973105e-13,0,0,0,59962.0706417698,56371.0,9851.706974326877
1188,33119.33727540171,0.7020570046813011,2.5347779430973105e-13,0,0,0,59983.75897281881,56371.0,9867.674550803424
1189,33127.330421031795,0.7016463229470287,2.5347779430973105e-13,0,0,0,60005.475342519894,56371.0,9883.660842063593
1190,33135.33293481716,0.7012353583677988,2.5347779430973105e-13,0,0,0,60027.21978900754,56371.0,9899.665869634322
1191,33143.34482754102,0.7008241109436115,2.5347779430973105e-13,0,0,0,60048.99235049273,56371.0,9915.689655082038
1192,33151.36611000636,0.7004125806744674,2.5347779430973105e-13,0,0,0,60070.79306526302,56371.0,9931.732220012726
1193,33159.396793036045,0.7000007675603654,2.5347779430973105e-13,0,0,0,60092.62197168292,56371.0,9947.793586072094
1194,33167.436887472766,0.6995886716013062,2.5347779430973105e-13,0,0,0,60114.479108193875,56371.0,9963.87377494553
1195,33175.48640417914,0.69917629279729,2.5347779430973105e-13,0,0,0,60136.36451331449,56371.0,9979.972808358272
1196,33183.54535403775,0.6987636311483161,2.5347779430973105e-13,0,0,0,60158.27822564082,56371.0,9996.090708075499
1197,33191.613747951174,0.6983506866543849,2.5347779430973105e-13,0,0,0,60180.220283846385,56371.0,10012.227495902349
1198,33199.691596842036,0.6979374593154963,2.5347779430973105e-13,0,0,0,60202.19072668252,56371.0,10028.383193684072
1199,33207.77891165304,0.6975239491316501,2.5347779430973105e-13,0,0,0,60224.1895929784,56371.0,10044.557823306084
1200,33215.87570334701,0.6971101561028468,2.5347779430973105e-13,0,0,0,60246.21692164132,56371.0,10060.75140669402
1201,33223.981982906946,0.6966960802290862,2.5347779430973105e-13,0,0,0,60268.27275165684,56371.0,10076.963965813893
1202,33232.09776133607,0.6962817215103683,2.5347779430973105e-13,0,0,0,60290.357122088986,56371.0,10093.195522672135
1203,33240.223049657834,0.6958670799466933,2.5347779430973105e-13,0,0,0,60312.47007208042,56371.0,10109.44609931567
1204,33248.35785891603,0.6954521555380606,2.5347779430973105e-13,0,0,0,60334.61164085269,56371.0,10125.71571783206
1205,33256.50220017476,0.6950369482844705,2.5347779430973105e-13,0,0,0,60356.78186770624,56371.0,10142.004400349515
1206,33264.656084518516,0.6946214581859229,2.5347779430973105e-13,0,0,0,60378.98079202082,56371.0,10158.312169037032
1207,33272.81952305222,0.6942056852424183,2.5347779430973105e-13,0,0,0,60401.20845325545,56371.0,10174.63904610444
1208,33280.992526901275,0.6937896294539563,2.5347779430973105e-13,0,0,0,60423.46489094884,56371.0,10190.985053802551
1209,33289.175107211595,0.693373290820537,2.5347779430973105e-13,0,0,0,60445.75014471937,56371.0,10207.350214423188
1210,33297.367275149656,0.69295666934216,2.5347779430973105e-13,0,0,0,60468.0642542654,56371.0,10223.734550299316
1211,33305.569041902534,0.6925397650188261,2.5347779430973105e-13,0,0,0,60490.407259365384,56371.0,10240.138083805065
1212,33313.78041867796,0.6921225778505342,2.5347779430973105e-13,0,0,0,60512.77919987816,56371.0,10256.560837355923
1213,33322.00141670434,0.6917051078372856,2.5347779430973105e-13,0,0,0,60535.180115742965,56371.0,10273.002833408682
1214,33330.23204723084,0.6912873549790794,2.5347779430973105e-13,0,0,0,60557.61004697983,56371.0,10289.464094461686
1215,33338.4723215274,0.6908693192759161,2.5347779430973105e-13,0,0,0,60580.06903368965,56371.0,10305.944643054794
1216,33346.72225088478,0.6904510007277951,2.5347779430973105e-13,0,0,0,60602.55711605438,56371.0,10322.44450176955
1217,33354.9818466146,0.6900323993347168,2.5347779430973105e-13,0,0,0,60625.07433433721,56371.0,10338.963693229205
1218,33363.25112004943,0.6896135150966813,2.5347779430973105e-13,0,0,0,60647.620728882874,56371.0,10355.502240098851
1219,33371.53008254276,0.6891943480136882,2.5347779430973105e-13,0,0,0,60670.19634011768,56371.0,10372.060165085522
1220,33379.81874546911,0.688774898085738,2.5347779430973105e-13,0,0,0,60692.801208549805,56371.0,10388.637490938216
1221,33388.11712022404,0.6883551653128306,2.5347779430973105e-13,0,0,0,60715.43537476948,56371.0,10405.234240448071
1222,33396.42521822421,0.6879351496949653,2.5347779430973105e-13,0,0,0,60738.09887944915,56371.0,10421.850436448425
1223,33404.74305090742,0.6875148512321432,2.5347779430973105e-13,0,0,0,60760.79176334369,56371.0,10438.486101814837
1224,33413.070629732654,0.6870942699243634,2.5347779430973105e-13,0,0,0,60783.514067290576,56371.0,10455.141259465307
1225,33421.40796618012,0.6866734057716266,2.5347779430973105e-13,0,0,0,60806.265832210105,56371.0,10471.815932360245
1226,33429.75507175134,0.6862522587739319,2.5347779430973105e-13,0,0,0,60829.04709910566,56371.0,10488.510143502675
1227,33438.1119579691,0.6858308289312802,2.5347779430973105e-13,0,0,0,60851.85790906371,56371.0,10505.223915938199
1228,33446.4786363776,0.6854091162436713,2.5347779430973105e-13,0,0,0,60874.69830325419,56371.0,10521.957272755197
1229,33454.855118542444,0.6849871207111049,2.5347779430973105e-13,0,0,0,60897.56832293065,56371.0,10538.710237084886
1230,33463.241416050696,0.6845648423335811,2.5347779430973105e-13,0,0,0,60920.46800943042,56371.0,10555.482832101392
1231,33471.63754051093,0.6841422811111,2.5347779430973105e-13,0,0,0,60943.39740417482,56371.0,10572.275081021853
1232,33480.04350355327,0.6837194370436612,2.5347779430973105e-13,0,0,0,60966.35654866943,56371.0,10589.087007106542
1233,33488.459316829445,0.6832963101312652,2.5347779430973105e-13,0,0,0,60989.34548450411,56370.99999999999,10605.918633658894
1234,33496.88499201283,0.6828729003739122,2.5347779430973105e-13,0,0,0,61012.364253353444,56371.0,10622.769984025656
1235,33505.32054079849,0.6824492077716018,2.5347779430973105e-13,0,0,0,61035.412896976755,56371.0,10639.641081596985
1236,33513.765974903254,0.6820252323243339,2.5347779430973105e-13,0,0,0,61058.49145721837,56371.0,10656.531949806506
1237,33522.22130606571,0.6816009740321087,2.5347779430973105e-13,0,0,0,61081.59997600781,56371.00000000001,10673.442612131414
1238,33530.686546046294,0.6811764328949261,2.5347779430973105e-13,0,0,0,61104.738495360056,56371.0,10690.373092092588
1239,33539.16170662733,0.6807516089127863,2.5347779430973105e-13,0,0,0,61127.90705737565,56371.0,10707.323413254664
1240,33547.64679961308,0.6803265020856888,2.5347779430973105e-13,0,0,0,61151.10570424098,56371.0,10724.293599226161
1241,33556.14183682976,0.679901112413634,2.5347779430973105e-13,0,0,0,61174.33447822841,56371.0,10741.283673659522
1242,33564.646830125625,0.6794754398966223,2.5347779430973105e-13,0,0,0,61197.59342169656,56371.0,10758.293660251247
1243,33573.161791371014,0.6790494845346526,2.5347779430973105e-13,0,0,0,61220.882577090495,56371.0,10775.323582742032
1244,33581.68673245837,0.678623246327726,2.5347779430973105e-13,0,0,0,61244.20198694189,56371.0,10792.373464916747
1245,33590.22166530232,0.6781967252758421,2.5347779430973105e-13,0,0,0,61267.55169386925,56371.0,10809.443330604645
1246,33598.76660183971,0.6777699213790007,2.5347779430973105e-13,0,0,0,61290.931740578184,56371.0,10826.533203679413
1247,33607.32155402963,0.6773428346372021,2.5347779430973105e-13,0,0,0,61314.34216986151,56371.0,10843.64310805926
1248,33615.88653385352,0.6769154650504461,2.5347779430973105e-13,0,0,0,61337.78302459954,56371.0,10860.773067707036
1249,33624.46155331516,0.6764878126187326,2.5347779430973105e-13,0,0,0,61361.25434776029,56371.0,10877.923106630316
1250,33633.04662444075,0.6760598773420614,2.5347779430973105e-13,0,0,0,61384.756182399586,56371.0,10895.093248881505
1251,33641.641759278944,0.6756316592204334,2.5347779430973105e-13,0,0,0,61408.2885716614,56371.0,10912.28351855789
1252,33650.246969900916,0.6752031582538482,2.5347779430973105e-13,0,0,0,61431.85155877802,56371.0,10929.49393980183
1253,33658.86226840041,0.6747743744423051,2.5347779430973105e-13,0,0,0,61455.44518707028,56371.0,10946.724536800815
1254,33667.48766689374,0.674345307785805,2.5347779430973105e-13,0,0,0,61479.06949994765,56371.0,10963.975333787486
1255,33676.123177519934,0.6739159582843472,2.5347779430973105e-13,0,0,0,61502.72454090866,56371.0,10981.24635503987
1256,33684.76881244068,0.6734863259379325,2.5347779430973105e-13,0,0,0,61526.41035354094,56371.0,10998.537624881354
1257,33693.42458384044,0.6730564107465602,2.5347779430973105e-13,0,0,0,61550.1269815215,56371.0,11015.849167680879
1258,33702.09050392649,0.6726262127102307,2.5347779430973105e-13,0,0,0,61573.87446861694,56371.0,11033.181007852985
1259,33710.76658492897,0.6721957318289438,2.5347779430973105e-13,0,0,0,61597.65285868369,56371.0,11050.533169857938
1260,33719.4528391009,0.6717649681026996,2.5347779430973105e-13,0,0,0,61621.46219566815,56371.0,11067.905678201801
1261,33728.149278718294,0.6713339215314977,2.5347779430973105e-13,0,0,0,61645.302523607046,56371.0,11085.298557436585
1262,33736.85591608014,0.6709025921153386,2.5347779430973105e-13,0,0,0,61669.17388662744,56371.0,11102.711832160276
1263,33745.5727635085,0.6704709798542223,2.5347779430973105e-13,0,0,0,61693.07632894716,56371.0,11120.145527016999
1264,33754.299833348545,0.670039084748149,2.5347779430973105e-13,0,0,0,61717.0098948749,56371.0,11137.599666697088
1265,33763.037137968626,0.6696069067971175,2.5347779430973105e-13,0,0,0,61740.97462881049,56371.0,11155.07427593725
1266,33771.78468976026,0.6691744460011293,2.5347779430973105e-13,0,0,0,61764.97057524498,56371.0,11172.569379520517
1267,33780.54250113827,0.6687417023601834,2.5347779430973105e-13,0,0,0,61788.99777876116,56371.0,11190.085002276535
1268,33789.31058454076,0.6683086758742802,2.5347779430973105e-13,0,0,0,61813.05628403342,56371.0,11207.621169081523
1269,33798.08895242922,0.6678753665434198,2.5347779430973105e-13,0,0,0,61837.146135828225,56371.0,11225.177904858447
1270,33806.877617288555,0.667441774367602,2.5347779430973105e-13,0,0,0,61861.267379004275,56371.0,11242.755234577113
1271,33815.67659162712,0.6670078993468271,2.5347779430973105e-13,0,0,0,61885.42005851264,56371.0,11260.35318325424
1272,33824.485887976814,0.6665737414810944,2.5347779430973105e-13,0,0,0,61909.60421939716,56371.0,11277.971775953632
1273,33833.30551889309,0.6661393007704046,2.5347779430973105e-13,0,0,0,61933.81990679446,56371.0,11295.611037786175
1274,33842.13549695502,0.6657045772147574,2.5347779430973105e-13,0,0,0,61958.067165934335,56371.0,11313.270993910046
1275,33850.97583476538,0.6652695708141529,2.5347779430973105e-13,0,0,0,61982.34604213989,56371.0,11330.951669530752
1276,33859.826544950636,0.664834281568591,2.5347779430973105e-13,0,0,0,62006.65658082785,56371.0,11348.653089901272
1277,33868.68764016107,0.6643987094780714,2.5347779430973105e-13,0,0,0,62030.998827508665,56371.0,11366.375280322147
1278,33877.55913307077,0.6639628545425951,2.5347779430973105e-13,0,0,0,62055.37282778684,56371.0,11384.118266141539
1279,33886.44103637773,0.663526716762161,2.5347779430973105e-13,0,0,0,62079.77862736118,56371.0,11401.882072755454
1280,33895.33336280386,0.6630902961367697,2.5347779430973105e-13,0,0,0,62104.21627202487,56371.0,11419.666725607718
1281,33904.236125095085,0.662653592666421,2.5347779430973105e-13,0,0,0,62128.68580766586,56371.0,11437.47225019017
1282,33913.149336021364,0.662216606351115,2.5347779430973105e-13,0,0,0,62153.18728026704,56371.0,11455.298672042727
1283,33922.073008376756,0.6617793371908516,2.5347779430973105e-13,0,0,0,62177.72073590647,56371.0,11473.14601675351
1284,33931.00715497947,0.6613417851856309,2.5347779430973105e-13,0,0,0,62202.28622075759,56371.0,11491.014309958931
1285,33939.95178867192,0.6609039503354526,2.5347779430973105e-13,0,0,0,62226.883781089506,56371.0,11508.903577343839
1286,33948.90692232077,0.6604658326403177,2.5347779430973105e-13,0,0,0,62251.513463267154,56371.0,11526.813844641538
1287,33957.87256881703,0.6600274321002249,2.5347779430973105e-13,0,0,0,62276.175313751635,56371.0,11544.74513763406
1288,33966.84874107605,0.6595887487151744,2.5347779430973105e-13,0,0,0,62300.86937910034,56371.0,11562.697482152102
1289,33975.835452037594,0.6591497824851671,2.5347779430973105e-13,0,0,0,62325.5957059672,56371.0,11580.670904075185
1290,33984.83271466592,0.6587105334102021,2.5347779430973105e-13,0,0,0,62350.35434110304,56371.0,11598.665429331844
1291,33993.84054194981,0.6582710014902802,2.5347779430973105e-13,0,0,0,62375.145331355634,56371.0,11616.681083899619
1292,34002.858946902634,0.6578311867254005,2.5347779430973105e-13,0,0,0,62399.968723670136,56370.99999999999,11634.717893805271
1293,34011.887942562396,0.6573910891155637,2.5347779430973105e-13,0,0,0,62424.82456508915,56371.0,11652.775885124795
1294,34020.9275419918,0.6569507086607695,2.5347779430973105e-13,0,0,0,62449.712902753054,56371.0,11670.855083983593
1295,34029.97775827829,0.6565100453610178,2.5347779430973105e-13,0,0,0,62474.63378390025,56371.0,11688.955516556585
1296,34039.03860453413,0.656069099216309,2.5347779430973105e-13,0,0,0,62499.587255867336,56371.0,11707.077209068257
1297,34048.11009389643,0.6556278702266427,2.5347779430973105e-13,0,0,0,62524.57336608941,56371.0,11725.220187792858
1298,34057.19223952722,0.6551863583920194,2.5347779430973105e-13,0,0,0,62549.59216210029,56371.0,11743.384479054435
1299,34066.28505461352,0.654744563712438,2.5347779430973105e-13,0,0,0,62574.643691532816,56371.0,11761.570109227043
1300,34075.388552367345,0.6543024861878999,2.5347779430973105e-13,0,0,0,62599.72800211889,56371.0,11779.777104734689
1301,34084.50274602582,0.653860125818404,2.5347779430973105e-13,0,0,0,62624.84514169001,56371.0,11798.00549205164
1302,34093.627648851194,0.6534174826039509,2.5347779430973105e-13,0,0,0,62649.995158177284,56371.0,11816.255297702388
1303,34102.76327413091,0.6529745565445408,2.5347779430973105e-13,0,0,0,62675.17809961179,56371.0,11834.526548261827
1304,34111.9096351777,0.6525313476401728,2.5347779430973105e-13,0,0,0,62700.39401412479,56371.0,11852.819270355398
1305,34121.06674532955,0.6520878558908478,2.5347779430973105e-13,0,0,0,62725.64294994797,56371.0,11871.133490659093
1306,34130.23461794984,0.6516440812965654,2.5347779430973105e-13,0,0,0,62750.924955413706,56371.0,11889.469235899685
1307,34139.413266427386,0.6512000238573257,2.5347779430973105e-13,0,0,0,62776.24007895528,56371.0,11907.826532854771
1308,34148.60270417646,0.6507556835731285,2.5347779430973105e-13,0,0,0,62801.58836910719,56371.0,11926.205408352924
1309,34157.80294463689,0.6503110604439739,2.5347779430973105e-13,0,0,0,62826.96987450531,56371.0,11944.605889273778
1310,34167.014001274074,0.6498661544698623,2.5347779430973105e-13,0,0,0,62852.38464388721,56371.0,11963.02800254815
1311,34176.235887579096,0.649420965650793,2.5347779430973105e-13,0,0,0,62877.83272609243,56371.0,11981.471775158194
1312,34185.46861706873,0.6489754939867662,2.5347779430973105e-13,0,0,0,62903.31417006262,56371.0,11999.937234137455
1313,34194.712203285504,0.6485297394777825,2.5347779430973105e-13,0,0,0,62928.8290248419,56371.0,12018.424406571006
1314,34203.9666597978,0.6480837021238415,2.5347779430973105e-13,0,0,0,62954.37733957705,56371.0,12036.933319595597
1315,34213.23200019988,0.6476373819249426,2.5347779430973105e-13,0,0,0,62979.959163517844,56371.0,12055.464000399763
1316,34222.50823811193,0.6471907788810869,2.5347779430973105e-13,0,0,0,63005.57454601717,56371.0,12074.016476223856
1317,34231.79538718016,0.6467438929922733,2.5347779430973105e-13,0,0,0,63031.223536531455,56371.0,12092.590774360318
1318,34241.093461076816,0.6462967242585027,2.5347779430973105e-13,0,0,0,63056.90618462075,56371.0,12111.186922153633
1319,34250.40247350028,0.6458492726797749,2.5347779430973105e-13,0,0,0,63082.622539949094,56371.0,12129.804947000563
1320,34259.722438175115,0.6454015382560896,2.5347779430973105e-13,0,0,0,63108.37265228477,56371.0,12148.444876350228
1321,34269.05336885211,0.6449535209874466,2.5347779430973105e-13,0,0,0,63134.15657150055,56371.0,12167.106737704222
1322,34278.39527930835,0.6445052208738467,2.5347779430973105e-13,0,0,0,63159.97434757389,56371.0,12185.7905586167
1323,34287.74818334728,0.6440566379152894,2.5347779430973105e-13,0,0,0,63185.82603058723,56371.0,12204.496366694557
1324,34297.112094798766,0.6436077721117746,2.5347779430973105e-13,0,0,0,63211.7116707284,56371.0,12223.224189597535
1325,34306.48702751914,0.6431586234633024,2.5347779430973105e-13,0,0,0,63237.631318290645,56370.99999999999,12241.974055038288
1326,34315.872995391284,0.6427091919698729,2.5347779430973105e-13,0,0,0,63263.58502367299,56371.0,12260.74599078257
1327,34325.27001232465,0.6422594776314865,2.5347779430973105e-13,0,0,0,63289.57283738051,56371.0,12279.540024649292
1328,34334.67809225537,0.641809480448142,2.5347779430973105e-13,0,0,0,63315.59481002468,56371.0,12298.356184510749
1329,34344.09724914629,0.6413592004198405,2.5347779430973105e-13,0,0,0,63341.65099232343,56371.0,12317.194498292582
1330,34353.527496987015,0.6409086375465818,2.5347779430973105e-13,0,0,0,63367.7414351016,56371.0,12336.054993974034
1331,34362.968849794015,0.6404577918283656,2.5347779430973105e-13,0,0,0,63393.86618929113,56371.0,12354.937699588028
1332,34372.42132161064,0.640006663265192,2.5347779430973105e-13,0,0,0,63420.02530593135,56371.0,12373.842643221273
1333,34381.8849265072,0.6395552518570611,2.5347779430973105e-13,0,0,0,63446.218836169166,56371.0,12392.769853014395
1334,34391.35967858103,0.6391035576039732,2.5347779430973105e-13,0,0,0,63472.446831259454,56371.0,12411.719357162057
1335,34400.845591956575,0.6386515805059272,2.5347779430973105e-13,0,0,0,63498.70934256532,56371.0,12430.69118391315
1336,34410.342680785376,0.6381993205629244,2.5347779430973105e-13,0,0,0,63525.00642155821,56371.0,12449.685361570751
1337,34419.850959246214,0.6377467777749644,2.5347779430973105e-13,0,0,0,63551.33811981834,56371.0,12468.701918492425
1338,34429.37044154514,0.6372939521420464,2.5347779430973105e-13,0,0,0,63577.70448903499,56371.0,12487.740883090284
1339,34438.90114191553,0.636840843664171,2.5347779430973105e-13,0,0,0,63604.10558100663,56371.0,12506.80228383106
1340,34448.443074618124,0.6363874523413391,2.5347779430973105e-13,0,0,0,63630.541447641226,56371.0,12525.88614923625
1341,34457.99625394118,0.6359337781735492,2.5347779430973105e-13,0,0,0,63657.01214095672,56371.0,12544.992507882358
1342,34467.560694200416,0.6354798211608024,2.5347779430973105e-13,0,0,0,63683.517713081004,56371.0,12564.121388400834
1343,34477.13640973918,0.6350255813030978,2.5347779430973105e-13,0,0,0,63710.05821625243,56371.0,12583.272819478358
1344,34486.72341492843,0.634571058600436,2.5347779430973105e-13,0,0,0,63736.633702819934,56371.00000000001,12602.44682985685
1345,34496.32172416684,0.6341162530528168,2.5347779430973105e-13,0,0,0,63763.2442252434,56371.0,12621.643448333678
1346,34505.93135188086,0.6336611646602406,2.5347779430973105e-13,0,0,0,63789.88983609388,56371.0,12640.862703761726
1347,34515.55231252479,0.6332057934227069,2.5347779430973105e-13,0,0,0,63816.570588054,56371.0,12660.104625049586
1348,34525.18462058082,0.6327501393402157,2.5347779430973105e-13,0,0,0,63843.28653391808,56371.00000000001,12679.369241161632
1349,34534.82829055908,0.6322942024127671,2.5347779430973105e-13,0,0,0,63870.03772659248,56371.0,12698.65658111816
1350,34544.483336997764,0.6318379826403611,2.5347779430973105e-13,0,0,0,63896.82421909593,56371.0,12717.966673995528
1351,34554.14977446313,0.631381480022998,2.5347779430973105e-13,0,0,0,63923.64606455968,56371.0,12737.299548926256
1352,34563.82761754961,0.6309246945606775,2.5347779430973105e-13,0,0,0,63950.503316228,56371.0,12756.655235099213
1353,34573.51688087985,0.6304676262533995,2.5347779430973105e-13,0,0,0,63977.39602745825,56371.0,12776.033761759694
1354,34583.217579104785,0.630010275101164,2.5347779430973105e-13,0,0,0,64004.32425172128,56371.0,12795.435158209568
1355,34592.92972690369,0.6295526411039716,2.5347779430973105e-13,0,0,0,64031.28804260166,56371.0,12814.859453807381
1356,34602.65333898428,0.6290947242618217,2.5347779430973105e-13,0,0,0,64058.287453798046,56371.0,12834.306677968561
1357,34612.388430082734,0.6286365245747145,2.5347779430973105e-13,0,0,0,64085.32253912341,56371.0,12853.776860165464
1358,34622.13501496379,0.6281780420426495,2.5347779430973105e-13,0,0,0,64112.39335250531,56371.0,12873.270029927578
1359,34631.89310842077,0.6277192766656279,2.5347779430973105e-13,0,0,0,64139.499947986194,56371.0,12892.786216841541
1360,34641.66272527573,0.6272602284436481,2.5347779430973105e-13,0,0,0,64166.6423797238,56371.0,12912.325450551465
1361,34651.443880379426,0.6268008973767112,2.5347779430973105e-13,0,0,0,64193.82070199126,56371.0,12931.887760758855
1362,34661.23658861143,0.6263412834648174,2.5347779430973105e-13,0,0,0,64221.03496917747,56371.0,12951.473177222855
1363,34671.04086488021,0.6258813867079662,2.5347779430973105e-13,0,0,0,64248.285235787465,56371.0,12971.08172976042
1364,34680.85672412319,0.6254212071061573,2.5347779430973105e-13,0,0,0,64275.57155644267,56371.00000000001,12990.71344824637
1365,34690.684181306766,0.624960744659391,2.5347779430973105e-13,0,0,0,64302.89398588107,56371.0,13010.368362613533
1366,34700.52325142644,0.6244999993676679,2.5347779430973105e-13,0,0,0,64330.25257895767,56371.0,13030.046502852885
1367,34710.37394950688,0.6240389712309868,2.5347779430973105e-13,0,0,0,64357.64739064477,56371.0,13049.74789901376
1368,34720.236290601926,0.6235776602493486,2.5347779430973105e-13,0,0,0,64385.07847603212,56371.0,13069.472581203856
1369,34730.11028979473,0.6231160664227531,2.5347779430973105e-13,0,0,0,64412.54589032742,56371.0,13089.220579589455
1370,34739.995962197776,0.6226541897512001,2.5347779430973105e-13,0,0,0,64440.04968885647,56370.99999999999,13108.991924395556
1371,34749.89332295299,0.6221920302346899,2.5347779430973105e-13,0,0,0,64467.589927063535,56371.0,13128.786645905971
1372,34759.80238723175,0.6217295878732225,2.5347779430973105e-13,0,0,0,64495.166660511626,56371.0,13148.604774463498
1373,34769.723170235025,0.6212668626667976,2.5347779430973105e-13,0,0,0,64522.779944882845,56371.0,13168.44634047005
1374,34779.65568719339,0.6208038546154153,2.5347779430973105e-13,0,0,0,64550.429835978626,56371.0,13188.311374386783
1375,34789.59995336712,0.6203405637190755,2.5347779430973105e-13,0,0,0,64578.11638972007,56371.0,13208.199906734237
1376,34799.55598404623,0.6198769899777785,2.5347779430973105e-13,0,0,0,64605.83966214822,56371.0,13228.111968092462
1377,34809.523794550594,0.6194131333915243,2.5347779430973105e-13,0,0,0,64633.59970942446,56371.0,13248.047589101188
1378,34819.50340022997,0.6189489939603126,2.5347779430973105e-13,0,0,0,64661.396587830706,56371.0,13268.006800459949
1379,34829.4948164641,0.6184845716841436,2.5347779430973105e-13,0,0,0,64689.2303537698,56371.0,13287.989632928202
1380,34839.49805866275,0.6180198665630172,2.5347779430973105e-13,0,0,0,64717.10106376575,56371.0,13307.9961173255
1381,34849.5131422658,0.6175548785969336,2.5347779430973105e-13,0,0,0,64745.008774464106,56371.0,13328.026284531603
1382,34859.540082743326,0.6170896077858925,2.5347779430973105e-13,0,0,0,64772.95354263223,56371.0,13348.080165486648
1383,34869.57889559563,0.616624054129894,2.5347779430973105e-13,0,0,0,64800.9354251596,56371.0,13368.157791191263
1384,34879.629596353356,0.6161582176289382,2.5347779430973105e-13,0,0,0,64828.954479058164,56371.0,13388.259192706711
1385,34889.69220057753,0.6156920982830252,2.5347779430973105e-13,0,0,0,64857.01076146261,56371.0,13408.384401155052
1386,34899.76672385964,0.6152256960921545,2.5347779430973105e-13,0,0,0,64885.10432963074,56371.0,13428.533447719283
1387,34909.85318182172,0.6147590110563266,2.5347779430973105e-13,0,0,0,64913.2352409437,56371.0,13448.706363643445
1388,34919.9515901164,0.6142920431755414,2.5347779430973105e-13,0,0,0,64941.40355290634,56370.99999999999,13468.903180232799
1389,34930.06196442699,0.6138247924497988,2.5347779430973105e-13,0,0,0,64969.60932314761,56371.0,13489.12392885398
1390,34940.184320467546,0.6133572588790992,2.5347779430973105e-13,0,0,0,64997.85260942071,56371.0,13509.36864093509
1391,34950.31867398296,0.6128894424634419,2.5347779430973105e-13,0,0,0,65026.13346960358,56371.0,13529.637347965921
1392,34960.465040749004,0.6124213432028274,2.5347779430973105e-13,0,0,0,65054.451961699066,56371.0,13549.93008149801
1393,34970.62343657243,0.6119529610972552,2.5347779430973105e-13,0,0,0,65082.80814383545,56371.0,13570.246873144863
1394,34980.793877291006,0.611484296146726,2.5347779430973105e-13,0,0,0,65111.20207426646,56371.0,13590.587754582015
1395,34990.97637877364,0.6110153483512393,2.5347779430973105e-13,0,0,0,65139.63381137193,56371.0,13610.952757547278
1396,35001.1709569204,0.6105461177107954,2.5347779430973105e-13,0,0,0,65168.10341365792,56371.0,13631.341913840806
1397,35011.377627662645,0.610076604225394,2.5347779430973105e-13,0,0,0,65196.61093975707,56371.0,13651.755255325288
1398,35021.59640696303,0.6096068078950354,2.5347779430973105e-13,0,0,0,65225.15644842896,56371.0,13672.192813926054
1399,35031.82731081564,0.6091367287197191,2.5347779430973105e-13,0,0,0,65253.73999856048,56371.0,13692.654621631287
1400,35042.07035524603,0.6086663666994461,2.5347779430973105e-13,0,0,0,65282.361649166,56371.0,13713.140710492062
1401,35052.32555631133,0.6081957218342151,2.5347779430973105e-13,0,0,0,65311.02145938793,56371.0,13733.651112622654
1402,35062.592930100254,0.6077247941240271,2.5347779430973105e-13,0,0,0,65339.71948849681,56371.0,13754.185860200509
1403,35072.872492733266,0.6072535835688817,2.5347779430973105e-13,0,0,0,65368.45579589185,56371.0,13774.744985466534
1404,35083.16426036259,0.6067820901687788,2.5347779430973105e-13,0,0,0,65397.230441101114,56371.0,13795.328520725177
1405,35093.46824917229,0.6063103139237187,2.5347779430973105e-13,0,0,0,65426.04348378193,56371.0,13815.936498344585
1406,35103.78447537839,0.6058382548337011,2.5347779430973105e-13,0,0,0,65454.8949837212,56371.0,13836.568950756775
1407,35114.11295522888,0.6053659128987263,2.5347779430973105e-13,0,0,0,65483.78500083575,56371.0,13857.225910457755
1408,35124.453705003856,0.6048932881187941,2.5347779430973105e-13,0,0,0,65512.71359517265,56371.0,13877.907410007716
1409,35134.80674101557,0.6044203804939043,2.5347779430973105e-13,0,0,0,65541.68082690956,56371.0,13898.613482031144
1410,35145.172079608485,0.6039471900240578,2.5347779430973105e-13,0,0,0,65570.68675635508,56371.0,13919.344159216967
1411,35155.5497371594,0.6034737167092532,2.5347779430973105e-13,0,0,0,65599.73144394907,56371.0,13940.099474318808
1412,35165.93973007747,0.602999960549492,2.5347779430973105e-13,0,0,0,65628.814950263,56371.0,13960.879460154943
1413,35176.34207480434,0.6025259215447729,2.5347779430973105e-13,0,0,0,65657.93733600026,56371.0,13981.684149608687
1414,35186.75678781418,0.6020515996950966,2.5347779430973105e-13,0,0,0,65687.09866199664,56371.0,14002.513575628354
1415,35197.18388561376,0.6015769950004628,2.5347779430973105e-13,0,0,0,65716.29898922046,56371.0,14023.367771227522
1416,35207.62338474257,0.6011021074608718,2.5347779430973105e-13,0,0,0,65745.53837877305,56371.0,14044.246769485138
1417,35218.07530177285,0.6006269370763238,2.5347779430973105e-13,0,0,0,65774.8168918891,56371.0,14065.150603545697
1418,35228.539653309716,0.6001514838468178,2.5347779430973105e-13,0,0,0,65804.13458993699,56371.0,14086.07930661943
1419,35239.01645599118,0.5996757477723547,2.5347779430973105e-13,0,0,0,65833.49153441907,56371.0,14107.032911982358
1420,35249.50572648827,0.5991997288529343,2.5347779430973105e-13,0,0,0,65862.88778697209,56370.99999999999,14128.011452976545
1421,35260.00748150511,0.5987234270885566,2.5347779430973105e-13,0,0,0,65892.32340936759,56371.0,14149.014963010224
1422,35270.52173777898,0.5982468424792216,2.5347779430973105e-13,0,0,0,65921.79846351211,56371.0,14170.043475557959
1423,35281.04851208039,0.597769975024929,2.5347779430973105e-13,0,0,0,65951.31301144765,56371.0,14191.097024160788
1424,35291.587821213194,0.5972928247256792,2.5347779430973105e-13,0,0,0,65980.86711535201,56371.0,14212.175642426386
1425,35302.139682014626,0.5968153915814718,2.5347779430973105e-13,0,0,0,66010.46083753914,56371.0,14233.279364029253
1426,35312.7041113554,0.5963376755923075,2.5347779430973105e-13,0,0,0,66040.09424045944,56371.0,14254.4082227108
1427,35323.28112613981,0.5958596767581859,2.5347779430973105e-13,0,0,0,66069.7673867002,56371.0,14275.562252279615
1428,35333.87074330578,0.5953813950791065,2.5347779430973105e-13,0,0,0,66099.48033898597,56371.0,14296.74148661156
1429,35344.472979824954,0.5949028305550699,2.5347779430973105e-13,0,0,0,66129.2331601788,56371.0,14317.945959649904
1430,35355.087852702774,0.5944239831860758,2.5347779430973105e-13,0,0,0,66159.02591327872,56371.0,14339.175705405547
1431,35365.715378978566,0.5939448529721247,2.5347779430973105e-13,0,0,0,66188.858661424,56371.0,14360.43075795713
1432,35376.35557572564,0.5934654399132158,2.5347779430973105e-13,0,0,0,66218.73146789169,56371.0,14381.71115145128
1433,35387.008460051315,0.5929857440093498,2.5347779430973105e-13,0,0,0,66248.6443960977,56371.0,14403.016920102631
1434,35397.674049097055,0.592505765260527,2.5347779430973105e-13,0,0,0,66278.59750959746,56371.0,14424.348098194107
1435,35408.35236003855,0.5920255036667463,2.5347779430973105e-13,0,0,0,66308.59087208615,56371.0,14445.704720077103
1436,35419.04341008577,0.591544959228008,2.5347779430973105e-13,0,0,0,66338.62454739901,56371.0,14467.086820171537
1437,35429.747216483025,0.5910641319443128,2.5347779430973105e-13,0,0,0,66368.69859951177,56371.0,14488.494432966052
1438,35440.46379650914,0.5905830218156598,2.5347779430973105e-13,0,0,0,66398.81309254112,56371.0,14509.927593018281
1439,35451.19316747742,0.5901016288420502,2.5347779430973105e-13,0,0,0,66428.96809074488,56371.0,14531.386334954832
1440,35461.93534673584,0.5896199530234827,2.5347779430973105e-13,0,0,0,66459.16365852255,56371.0,14552.870693471672
1441,35472.69035166705,0.5891379943599577,2.5347779430973105e-13,0,0,0,66489.39986041556,56371.0,14574.3807033341
1442,35483.4581996885,0.5886557528514755,2.5347779430973105e-13,0,0,0,66519.67676110772,56371.0,14595.916399377005
1443,35494.23890825251,0.5881732284980361,2.5347779430973105e-13,0,0,0,66549.99442542554,56371.0,14617.477816505023
1444,35505.03249484636,0.5876904212996392,2.5347779430973105e-13,0,0,0,66580.3529183387,56371.0,14639.064989692723
1445,35515.83897699236,0.5872073312562853,2.5347779430973105e-13,0,0,0,66610.75230496029,56371.0,14660.677953984718
1446,35526.65837224796,0.5867239583679738,2.5347779430973105e-13,0,0,0,66641.19265054734,56371.0,14682.316744495924
1447,35537.49069820582,0.5862403026347047,2.5347779430973105e-13,0,0,0,66671.67402050107,56371.0,14703.981396411635
1448,35548.33597249387,0.5857563640564785,2.5347779430973105e-13,0,0,0,66702.19648036738,56371.0,14725.671944987742
1449,35559.19421277545,0.585272142633295,2.5347779430973105e-13,0,0,0,66732.7600958371,56371.0,14747.3884255509
1450,35570.065436749355,0.584787638365154,2.5347779430973105e-13,0,0,0,66763.36493274655,56371.0,14769.130873498709
1451,35580.94966214993,0.5843028512520558,2.5347779430973105e-13,0,0,0,66794.01105707776,56371.0,14790.899324299851
1452,35591.84690674715,0.5838177812940002,2.5347779430973105e-13,0,0,0,66824.69853495897,56371.0,14812.693813494307
1453,35602.757188346746,0.5833324284909871,2.5347779430973105e-13,0,0,0,66855.42743266495,56371.0,14834.51437669349
1454,35613.680524790216,0.5828467928430168,2.5347779430973105e-13,0,0,0,66886.19781661742,56371.0,14856.361049580431
1455,35624.61693395499,0.582360874350089,2.5347779430973105e-13,0,0,0,66917.00975338547,56371.0,14878.233867909976
1456,35635.56643375446,0.5818746730122037,2.5347779430973105e-13,0,0,0,66947.86330968585,56371.0,14900.132867508919
1457,35646.52904213809,0.5813881888293617,2.5347779430973105e-13,0,0,0,66978.75855238347,56371.0,14922.058084276185
1458,35657.50477709154,0.5809014218015618,2.5347779430973105e-13,0,0,0,67009.69554849177,56371.0,14944.009554183083
1459,35668.493656636674,0.5804143719288046,2.5347779430973105e-13,0,0,0,67040.67436517308,56371.0,14965.987313273346
1460,35679.4956988317,0.5799270392110905,2.5347779430973105e-13,0,0,0,67071.695069739,56371.0,14987.991397663394
1461,35690.51092177127,0.5794394236484186,2.5347779430973105e-13,0,0,0,67102.7577296509,56371.0,15010.021843542534
1462,35701.539343586526,0.5789515252407895,2.5347779430973105e-13,0,0,0,67133.86241252022,56371.0,15032.07868717305
1463,35712.58098244523,0.578463343988203,2.5347779430973105e-13,0,0,0,67165.00918610889,56371.0,15054.161964890458
1464,35723.63585655182,0.5779748798906592,2.5347779430973105e-13,0,0,0,67196.19811832978,56371.0,15076.271713103633
1465,35734.70398414751,0.5774861329481582,2.5347779430973105e-13,0,0,0,67227.429277247,56371.0,15098.407968295023
1466,35745.78538351042,0.5769971031606995,2.5347779430973105e-13,0,0,0,67258.70273107651,56371.0,15120.570767020832
1467,35756.88007295557,0.5765077905282836,2.5347779430973105e-13,0,0,0,67290.01854818623,56371.0,15142.760145911143
1468,35767.98807083508,0.5760181950509102,2.5347779430973105e-13,0,0,0,67321.37679709667,56370.99999999999,15164.97614167017
1469,35779.109395538195,0.5755283167285796,2.5347779430973105e-13,0,0,0,67352.77754648132,56371.0,15187.21879107639
1470,35790.24406549137,0.5750381555612918,2.5347779430973105e-13,0,0,0,67384.2208651669,56371.0,15209.488130982745
1471,35801.392099158424,0.5745477115490463,2.5347779430973105e-13,0,0,0,67415.70682213405,56371.0,15231.784198316846
1472,35812.55351504054,0.5740569846918435,2.5347779430973105e-13,0,0,0,67447.23548651738,56370.99999999999,15254.107030081086
1473,35823.728331676444,0.5735659749896838,2.5347779430973105e-13,0,0,0,67478.80692760623,56371.0,15276.456663352887
1474,35834.916567642445,0.5730746824425663,2.5347779430973105e-13,0,0,0,67510.42121484487,56371.0,15298.833135284893
1475,35846.11824155254,0.5725831070504916,2.5347779430973105e-13,0,0,0,67542.07841783299,56371.0,15321.23648310508
1476,35857.33337205851,0.5720912488134597,2.5347779430973105e-13,0,0,0,67573.77860632609,56371.0,15343.66674411701
1477,35868.56197785,0.5715991077314704,2.5347779430973105e-13,0,0,0,67605.52185023593,56371.0,15366.123955699994
1478,35879.80407765464,0.5711066838045233,2.5347779430973105e-13,0,0,0,67637.30821963098,56371.0,15388.608155309284
1479,35891.0596902381,0.5706139770326195,2.5347779430973105e-13,0,0,0,67669.13778473673,56371.0,15411.1193804762
1480,35902.32883440422,0.570120987415758,2.5347779430973105e-13,0,0,0,67701.01061593619,56371.0,15433.657668808448
1481,35913.61152899508,0.5696277149539393,2.5347779430973105e-13,0,0,0,67732.92678377034,56371.0,15456.223057990164
1482,35924.9077928911,0.5691341596471633,2.5347779430973105e-13,0,0,0,67764.88635893847,56371.0,15478.815585782195
1483,35936.21764501114,0.5686403214954296,2.5347779430973105e-13,0,0,0,67796.88941229874,56371.0,15501.435290022273
1484,35947.54110431257,0.568146200498739,2.5347779430973105e-13,0,0,0,67828.93601486842,56371.0,15524.082208625141
1485,35958.87818979143,0.5676517966570904,2.5347779430973105e-13,0,0,0,67861.02623782454,56371.0,15546.756379582861
1486,35970.22892048243,0.5671571099704851,2.5347779430973105e-13,0,0,0,67893.16015250405,56371.0,15569.457840964853
1487,35981.593315459126,0.566662140438922,2.5347779430973105e-13,0,0,0,67925.33783040458,56371.0,15592.186630918248
1488,35992.97139383397,0.5661668880624018,2.5347779430973105e-13,0,0,0,67957.55934318456,56371.0,15614.942787667944
1489,36004.36317475844,0.5656713528409243,2.5347779430973105e-13,0,0,0,67989.8247626639,56371.0,15637.726349516875
1490,36015.768677423104,0.5651755347744891,2.5347779430973105e-13,0,0,0,68022.13416082431,56371.0,15660.537354846207
1491,36027.18792105772,0.5646794338630972,2.5347779430973105e-13,0,0,0,68054.48760980963,56371.0,15683.375842115433
1492,36038.620924931376,0.5641830501067471,2.5347779430973105e-13,0,0,0,68086.88518192658,56371.0,15706.241849862754
1493,36050.067708352515,0.5636863835054402,2.5347779430973105e-13,0,0,0,68119.32694964486,56371.0,15729.135416705034
1494,36061.528290669106,0.5631894340591759,2.5347779430973105e-13,0,0,0,68151.81298559785,56371.0,15752.056581338213
1495,36073.00269126869,0.5626922017679541,2.5347779430973105e-13,0,0,0,68184.34336258285,56371.0,15775.005382537376
1496,36084.49092957849,0.5621946866317751,2.5347779430973105e-13,0,0,0,68216.91815356172,56371.0,15797.98185915698
1497,36095.99302506553,0.5616968886506388,2.5347779430973105e-13,0,0,0,68249.53743166114,56371.0,15820.986050131061
1498,36107.50899723672,0.5611988078245449,2.5347779430973105e-13,0,0,0,68282.20127017323,56371.0,15844.017994473445
1499,36119.03886563894,0.5607004441534937,2.5347779430973105e-13,0,0,0,68314.90974255587,56371.0,15867.077731277885
1500,36130.58264985916,0.5602017976374851,2.5347779430973105e-13,0,0,0,68347.66292243321,56371.0,15890.16529971833
1501,36142.14036952453,0.5597028682765195,2.5347779430973105e-13,0,0,0,68380.46088359607,56371.0,15913.280739049065
1502,36153.71204430249,0.5592036560705964,2.5347779430973105e-13,0,0,0,68413.30370000252,56371.0,15936.424088604981
1503,36165.29769390085,0.5587041610197161,2.5347779430973105e-13,0,0,0,68446.19144577818,56371.0,15959.595387801703
1504,36176.89733806793,0.5582043831238779,2.5347779430973105e-13,0,0,0,68479.12419521683,56371.0,15982.794676135862
1505,36188.51099659259,0.5577043223830829,2.5347779430973105e-13,0,0,0,68512.10202278061,56371.0,16006.021993185175
1506,36200.13868930441,0.5572039787973302,2.5347779430973105e-13,0,0,0,68545.12500310088,56371.0,16029.277378608824
1507,36211.78043607375,0.5567033523666203,2.5347779430973105e-13,0,0,0,68578.19321097831,56371.0,16052.560872147498
1508,36223.436256811845,0.5562024430909531,2.5347779430973105e-13,0,0,0,68611.30672138352,56371.0,16075.872513623686
1509,36235.106171470936,0.5557012509703283,2.5347779430973105e-13,0,0,0,68644.46560945752,56371.0,16099.212342941873
1510,36246.79020004434,0.5551997760047465,2.5347779430973105e-13,0,0,0,68677.66995051218,56371.0,16122.580400088684
1511,36258.48836256659,0.5546980181942072,2.5347779430973105e-13,0,0,0,68710.91982003067,56371.0,16145.97672513318
1512,36270.2006791135,0.5541959775387104,2.5347779430973105e-13,0,0,0,68744.21529366798,56371.0,16169.401358226994
1513,36281.927169802286,0.5536936540382562,2.5347779430973105e-13,0,0,0,68777.55644725129,56371.0,16192.85433960457
1514,36293.66785479167,0.553191047692845,2.5347779430973105e-13,0,0,0,68810.94335678057,56371.0,16216.335709583334
1515,36305.422754281986,0.5526881585024763,2.5347779430973105e-13,0,0,0,68844.37609842897,56371.0,16239.845508563973
1516,36317.191888515285,0.5521849864671504,2.5347779430973105e-13,0,0,0,68877.85474854332,56371.0,16263.383777030567
1517,36328.97527777543,0.5516815315868666,2.5347779430973105e-13,0,0,0,68911.37938364461,56371.0,16286.95055555087
1518,36340.7729423882,0.5511777938616262,2.5347779430973105e-13,0,0,0,68944.95008042843,56371.00000000001,16310.545884776391
1519,36352.584902721406,0.550673773291428,2.5347779430973105e-13,0,0,0,68978.56691576554,56371.0,16334.16980544281
1520,36364.411179184994,0.5501694698762725,2.5347779430973105e-13,0,0,0,69012.2299667022,56371.0,16357.82235836999
1521,36376.25179223115,0.5496648836161595,2.5347779430973105e-13,0,0,0,69045.93931046086,56371.0,16381.503584462302
1522,36388.10676235439,0.5491600145110893,2.5347779430973105e-13,0,0,0,69079.69502444043,56371.0,16405.213524708786
1523,36399.9761100917,0.5486548625610619,2.5347779430973105e-13,0,0,0,69113.49718621692,56371.0,16428.952220183404
1524,36411.85985602261,0.5481494277660772,2.5347779430973105e-13,0,0,0,69147.34587354386,56371.0,16452.71971204522
1525,36423.758020769325,0.5476437101261349,2.5347779430973105e-13,0,0,0,69181.24116435285,56371.0,16476.51604153865
1526,36435.67062499681,0.5471377096412351,2.5347779430973105e-13,0,0,0,69215.18313675391,56371.0,16500.341249993628
1527,36447.59768941292,0.5466314263113783,2.5347779430973105e-13,0,0,0,69249.17186903614,56371.0,16524.19537882584
1528,36459.53923476849,0.546124860136564,2.5347779430973105e-13,0,0,0,69283.2074396681,56371.0,16548.07846953698
1529,36471.49528185745,0.5456180111167925,2.5347779430973105e-13,0,0,0,69317.28992729836,56371.0,16571.990563714906
1530,36483.46585151696,0.5451108792520636,2.5347779430973105e-13,0,0,0,69351.41941075603,56371.0,16595.93170303391
1531,36495.45096462745,0.544603464542377,2.5347779430973105e-13,0,0,0,69385.59596905112,56371.0,16619.90192925491
1532,36507.45064211281,0.5440957669877333,2.5347779430973105e-13,0,0,0,69419.81968137521,56371.0,16643.901284225623
1533,36519.46490494044,0.5435877865881324,2.5347779430973105e-13,0,0,0,69454.09062710183,56370.99999999999,16667.929809880883
1534,36531.49377412141,0.5430795233435739,2.5347779430973105e-13,0,0,0,69488.40888578708,56371.0,16691.987548242818
1535,36543.537270710505,0.5425709772540581,2.5347779430973105e-13,0,0,0,69522.77453716996,56371.0,16716.07454142101
1536,36555.595415806405,0.5420621483195851,2.5347779430973105e-13,0,0,0,69557.18766117303,56371.0,16740.190831612807
1537,36567.66823055175,0.5415530365401546,2.5347779430973105e-13,0,0,0,69591.64833790292,56371.0,16764.336461103507
1538,36579.75573613328,0.5410436419157671,2.5347779430973105e-13,0,0,0,69626.15664765073,56371.00000000001,16788.511472266557
1539,36591.857953781924,0.5405339644464218,2.5347779430973105e-13,0,0,0,69660.71267089264,56371.0,16812.71590756385
1540,36603.97490477292,0.5400240041321192,2.5347779430973105e-13,0,0,0,69695.31648829034,56371.0,16836.949809545844
1541,36616.10661042593,0.5395137609728593,2.5347779430973105e-13,0,0,0,69729.96818069168,56371.0,16861.21322085186
1542,36628.25309210515,0.5390032349686422,2.5347779430973105e-13,0,0,0,69764.667829131,56371.0,16885.506184210302
1543,36640.414371219435,0.5384924261194677,2.5347779430973105e-13,0,0,0,69799.41551482983,56371.0,16909.828742438873
1544,36652.59046922239,0.5379813344253359,2.5347779430973105e-13,0,0,0,69834.21131919729,56371.0,16934.18093844478
1545,36664.78140761251,0.5374699598862465,2.5347779430973105e-13,0,0,0,69869.05532383069,56370.99999999999,16958.562815225017
1546,36676.987207933256,0.5369583025022,2.5347779430973105e-13,0,0,0,69903.94761051598,56371.0,16982.974415866513
1547,36689.20789177322,0.5364463622731961,2.5347779430973105e-13,0,0,0,69938.88826122833,56371.00000000001,17007.41578354644
1548,36701.4434807662,0.5359341391992349,2.5347779430973105e-13,0,0,0,69973.87735813265,56371.0,17031.886961532393
1549,36713.69399659133,0.5354216332803161,2.5347779430973105e-13,0,0,0,70008.91498358412,56371.0,17056.387993182667
1550,36725.95946097321,0.5349088445164398,2.5347779430973105e-13,0,0,0,70044.0012201287,56371.0,17080.918921946417
1551,36738.23989568197,0.5343957729076065,2.5347779430973105e-13,0,0,0,70079.13615050365,56371.0,17105.479791363938
1552,36750.53532253345,0.5338824184538162,2.5347779430973105e-13,0,0,0,70114.31985763813,56371.00000000001,17130.07064506689
1553,36762.8457633893,0.533368781155068,2.5347779430973105e-13,0,0,0,70149.55242465371,56371.00000000001,17154.69152677859
1554,36775.171240157055,0.5328548610113626,2.5347779430973105e-13,0,0,0,70184.83393486487,56371.0,17179.34248031411
1555,36787.511774790306,0.5323406580226999,2.5347779430973105e-13,0,0,0,70220.16447177954,56371.0,17204.023549580612
1556,36799.8673892888,0.5318261721890798,2.5347779430973105e-13,0,0,0,70255.54411909977,56371.0,17228.73477857759
1557,36812.238105698525,0.5313114035105022,2.5347779430973105e-13,0,0,0,70290.97296072205,56371.0,17253.47621139705
1558,36824.62394611188,0.5307963519869676,2.5347779430973105e-13,0,0,0,70326.45108073806,56371.0,17278.247892223764
1559,36837.02493266778,0.5302810176184753,2.5347779430973105e-13,0,0,0,70361.9785634351,56371.0,17303.04986533556
1560,36849.44108755174,0.5297654004050258,2.5347779430973105e-13,0,0,0,70397.55549329672,56371.0,17327.88217510348
1561,36861.87243299604,0.5292495003466189,2.5347779430973105e-13,0,0,0,70433.18195500314,56371.0,17352.74486599208
1562,36874.31899127981,0.5287333174432549,2.5347779430973105e-13,0,0,0,70468.85803343198,56371.0,17377.63798255962
1563,36886.780784729184,0.5282168516949335,2.5347779430973105e-13,0,0,0,70504.5838136587,56371.0,17402.561569458365
1564,36899.2578357174,0.5277001031016544,2.5347779430973105e-13,0,0,0,70540.35938095716,56371.0,17427.515671434798
1565,36911.750166664904,0.5271830716634183,2.5347779430973105e-13,0,0,0,70576.18482080022,56371.0,17452.50033332981
1566,36924.25780003953,0.5266657573802243,2.5347779430973105e-13,0,0,0,70612.06021886031,56371.0,17477.51560007906
1567,36936.78075835652,0.5261481602520737,2.5347779430973105e-13,0,0,0,70647.98566100982,56371.0,17502.561516713045
1568,36949.31906417879,0.5256302802789654,2.5347779430973105e-13,0,0,0,70683.96123332201,56371.00000000001,17527.638128357572
1569,36961.87274011691,0.5251121174608995,2.5347779430973105e-13,0,0,0,70719.98702207126,56371.0,17552.74548023382
1570,36974.44180882931,0.5245936717978765,2.5347779430973105e-13,0,0,0,70756.06311373378,56371.0,17577.883617658623
1571,36987.02629302239,0.5240749432898961,2.5347779430973105e-13,0,0,0,70792.18959498811,56371.0,17603.052586044785
1572,36999.626215450626,0.5235559319369585,2.5347779430973105e-13,0,0,0,70828.3665527158,56371.0,17628.25243090125
1573,37012.241598916706,0.5230366377390636,2.5347779430973105e-13,0,0,0,70864.59407400187,56371.0,17653.483197833408
1574,37024.87246627166,0.5225170606962108,2.5347779430973105e-13,0,0,0,70900.87224613548,56371.0,17678.744932543326
1575,37037.51884041497,0.5219972008084013,2.5347779430973105e-13,0,0,0,70937.20115661039,56371.00000000001,17704.03768082993
1576,37050.18074429469,0.5214770580756343,2.5347779430973105e-13,0,0,0,70973.58089312563,56370.99999999999,17729.36148858938
1577,37062.85820090763,0.5209566324979096,2.5347779430973105e-13,0,0,0,71010.01154358617,56370.99999999999,17754.716401815258
1578,37075.55123329938,0.5204359240752279,2.5347779430973105e-13,0,0,0,71046.49319610324,56371.0,17780.102466598764
1579,37088.25986456454,0.5199149328075887,2.5347779430973105e-13,0,0,0,71083.02593899518,56371.00000000001,17805.51972912908
1580,37100.98411784677,0.5193936586949923,2.5347779430973105e-13,0,0,0,71119.60986078784,56371.00000000001,17830.968235693534
1581,37113.724016338965,0.5188721017374383,2.5347779430973105e-13,0,0,0,71156.24505021532,56371.0,17856.448032677927
1582,37126.479583283355,0.518350261934927,2.5347779430973105e-13,0,0,0,71192.93159622046,56371.0,17881.95916656671
1583,37139.25084197165,0.5178281392874584,2.5347779430973105e-13,0,0,0,71229.66958795543,56371.0,17907.501683943297
1584,37152.037815745156,0.5173057337950324,2.5347779430973105e-13,0,0,0,71266.45911478242,56371.0,17933.075631490316
1585,37164.840527994915,0.5167830454576494,2.5347779430973105e-13,0,0,0,71303.30026627415,56371.0,17958.681055989826
1586,37177.65900216183,0.5162600742753087,2.5347779430973105e-13,0,0,0,71340.19313221448,56371.0,17984.318004323664
1587,37190.493261736796,0.5157368202480108,2.5347779430973105e-13,0,0,0,71377.13780259906,56371.0,18009.986523473588
1588,37203.34333026082,0.5152132833757552,2.5347779430973105e-13,0,0,0,71414.13436763588,56371.0,18035.68666052164
1589,37216.20923132515,0.5146894636585428,2.5347779430973105e-13,0,0,0,71451.18291774587,56371.0,18061.418462650297
1590,37229.09098857144,0.5141653610963728,2.5347779430973105e-13,0,0,0,71488.2835435636,56371.0,18087.18197714289
1591,37241.988625691854,0.5136409756892455,2.5347779430973105e-13,0,0,0,71525.43633593777,56371.0,18112.97725138371
1592,37254.90216642919,0.5131163074371605,2.5347779430973105e-13,0,0,0,71562.64138593194,56371.0,18138.80433285837
1593,37267.831634577,0.5125913563401185,2.5347779430973105e-13,0,0,0,71599.89878482497,56371.0,18164.663269154
1594,37280.77705397979,0.5120661223981191,2.5347779430973105e-13,0,0,0,71637.20862411185,56371.0,18190.554107959586
1595,37293.73844853309,0.5115406056111624,2.5347779430973105e-13,0,0,0,71674.57099550417,56371.0,18216.47689706618
1596,37306.71584218361,0.5110148059792481,2.5347779430973105e-13,0,0,0,71711.98599093083,56371.0,18242.43168436721
1597,37319.70925892933,0.510488723502377,2.5347779430973105e-13,0,0,0,71749.4537025385,56371.00000000001,18268.41851785866
1598,37332.71872281974,0.5099623581805481,2.5347779430973105e-13,0,0,0,71786.97422269252,56371.0,18294.437445639487
1599,37345.74425795588,0.5094357100137619,2.5347779430973105e-13,0,0,0,71824.54764397725,56371.0,18320.488515911755
1600,37358.785888490485,0.5089087790020181,2.5347779430973105e-13,0,0,0,71862.1740591969,56371.00000000001,18346.571776980967
1601,37371.84363862815,0.5083815651453174,2.5347779430973105e-13,0,0,0,71899.85356137594,56371.0,18372.687277256297
1602,37384.91753262547,0.5078540684436592,2.5347779430973105e-13,0,0,0,71937.58624376007,56371.0,18398.83506525094
1603,37398.00759479116,0.5073262888970433,2.5347779430973105e-13,0,0,0,71975.37219981653,56371.0,18425.01518958232
1604,37411.113849486166,0.5067982265054705,2.5347779430973105e-13,0,0,0,72013.21152323483,56371.0,18451.227698972332
1605,37424.23632112386,0.5062698812689401,2.5347779430973105e-13,0,0,0,72051.10430792753,56371.0,18477.47264224773
1606,37437.37503417014,0.5057412531874528,2.5347779430973105e-13,0,0,0,72089.0506480307,56371.0,18503.750068340276
1607,37450.53001314357,0.5052123422610075,2.5347779430973105e-13,0,0,0,72127.05063790469,56371.0,18530.06002628715
1608,37463.701282615526,0.5046831484896055,2.5347779430973105e-13,0,0,0,72165.10437213465,56371.0,18556.402565231052
1609,37476.88886721034,0.5041536718732458,2.5347779430973105e-13,0,0,0,72203.21194553137,56371.0,18582.77773442068
1610,37490.09279160543,0.5036239124119286,2.5347779430973105e-13,0,0,0,72241.3734531317,56370.99999999999,18609.18558321086
1611,37503.313080531436,0.5030938701056542,2.5347779430973105e-13,0,0,0,72279.5889901994,56371.0,18635.62616106287
1612,37516.54975877237,0.5025635449544226,2.5347779430973105e-13,0,0,0,72317.85865222561,56371.00000000001,18662.099517544742
1613,37529.80285116577,0.5020329369582335,2.5347779430973105e-13,0,0,0,72356.18253492974,56371.00000000001,18688.605702331533
1614,37543.0723826028,0.5015020461170869,2.5347779430973105e-13,0,0,0,72394.5607342599,56371.0,18715.144765205598
1615,37556.35837802843,0.5009708724309831,2.5347779430973105e-13,0,0,0,72432.99334639369,56371.0,18741.716756056863
1616,37569.660862441575,0.5004394158999221,2.5347779430973105e-13,0,0,0,72471.48046773887,56371.0,18768.32172488315
1617,37582.97986089521,0.49990767652390367,2.5347779430973105e-13,0,0,0,72510.02219493395,56371.0,18794.959721790423
1618,37596.31539849655,0.49937565430292774,2.5347779430973105e-13,0,0,0,72548.61862484891,56371.0,18821.630796993097
1619,37609.66750040715,0.4988433492369946,2.5347779430973105e-13,0,0,0,72587.26985458584,56371.0,18848.335000814302
1620,37623.0361918431,0.49831076132610397,2.5347779430973105e-13,0,0,0,72625.9759814797,56371.0,18875.0723836862
1621,37636.42149807513,0.4977778905702561,2.5347779430973105e-13,0,0,0,72664.73710309887,56371.0,18901.84299615025
1622,37649.82344442876,0.4972447369694508,2.5347779430973105e-13,0,0,0,72703.5533172459,56371.0,18928.64688885752
1623,37663.24205628447,0.4967113005236883,2.5347779430973105e-13,0,0,0,72742.42472195817,56371.0,18955.484112568938
1624,37676.677359077825,0.4961775812329683,2.5347779430973105e-13,0,0,0,72781.35141550865,56371.0,18982.35471815565
1625,37690.12937829962,0.49564357909729106,2.5347779430973105e-13,0,0,0,72820.33349640641,56371.00000000001,19009.25875659924
1626,37703.59813949604,0.4951092941166564,2.5347779430973105e-13,0,0,0,72859.3710633975,56371.0,19036.196278992076
1627,37717.08366826879,0.49457472629106447,2.5347779430973105e-13,0,0,0,72898.4642154655,56371.0,19063.167336537575
1628,37730.58599027526,0.4940398756205149,2.5347779430973105e-13,0,0,0,72937.61305183232,56370.99999999999,19090.17198055053
1629,37744.10513122867,0.4935047421050083,2.5347779430973105e-13,0,0,0,72976.81767195878,56371.0,19117.210262457345
1630,37757.64111689821,0.4929693257445442,2.5347779430973105e-13,0,0,0,73016.0781755454,56371.0,19144.28223379642
1631,37771.193973109184,0.4924336265391229,2.5347779430973105e-13,0,0,0,73055.39466253307,56371.0,19171.387946218365
1632,37784.763725743185,0.4918976444887442,2.5347779430973105e-13,0,0,0,73094.76723310373,56371.0,19198.527451486367
1633,37798.35040073822,0.491361379593408,2.5347779430973105e-13,0,0,0,73134.19598768115,56371.0,19225.700801476443
1634,37811.95402408888,0.4908248318531143,2.5347779430973105e-13,0,0,0,73173.6810269315,56371.0,19252.908048177767
1635,37825.57462184646,0.49028800126786387,2.5347779430973105e-13,0,0,0,73213.22245176416,56371.0,19280.149243692926
1636,37839.212220119174,0.4897508878376555,2.5347779430973105e-13,0,0,0,73252.82036333247,56371.00000000001,19307.424440238345
1637,37852.8668450722,0.48921349156249017,2.5347779430973105e-13,0,0,0,73292.4748630343,56371.0,19334.73369014441
1638,37866.53852292798,0.48867581244236713,2.5347779430973105e-13,0,0,0,73332.18605251296,56371.0,19362.077045855956
1639,37880.22727996621,0.48813785047728686,2.5347779430973105e-13,0,0,0,73371.95403365766,56371.0,19389.454559932423
1640,37893.93314252412,0.4875996056672496,2.5347779430973105e-13,0,0,0,73411.77890860451,56371.0,19416.86628504824
1641,37907.656136996586,0.4870610780122546,2.5347779430973105e-13,0,0,0,73451.66077973711,56371.0,19444.312273993168
1642,37921.39628983626,0.4865222675123022,2.5347779430973105e-13,0,0,0,73491.59974968722,56371.0,19471.792579672518
1643,37935.15362755375,0.48598317416739256,2.5347779430973105e-13,0,0,0,73531.59592133554,56371.0,19499.307255107502
1644,37948.92817671778,0.4854437979775257,2.5347779430973105e-13,0,0,0,73571.64939781257,56371.0,19526.856353435564
1645,37962.71996395534,0.48490413894270135,2.5347779430973105e-13,0,0,0,73611.76028249909,56371.0,19554.439927910676
1646,37976.529015951826,0.48436419706291955,2.5347779430973105e-13,0,0,0,73651.92867902717,56371.0,19582.058031903653
1647,37990.35535945122,0.48382397233818075,2.5347779430973105e-13,0,0,0,73692.15469128065,56371.0,19609.710718902435
1648,38004.19902125624,0.4832834647684845,2.5347779430973105e-13,0,0,0,73732.43842339607,56371.0,19637.398042512476
1649,38018.0600282285,0.4827426743538308,2.5347779430973105e-13,0,0,0,73772.7799797634,56371.0,19665.120056457
1650,38031.93840728866,0.4822016010942196,2.5347779430973105e-13,0,0,0,73813.17946502665,56371.0,19692.876814577325
1651,38045.83418541659,0.48166024498965143,2.5347779430973105e-13,0,0,0,73853.63698408475,56371.0,19720.66837083318
1652,38059.747389651544,0.4811186060401256,2.5347779430973105e-13,0,0,0,73894.15264209226,56371.0,19748.494779303084
1653,38073.67804709228,0.4805766842456425,2.5347779430973105e-13,0,0,0,73934.72654446014,56371.0,19776.356094184564
1654,38087.626184897286,0.4800344796062017,2.5347779430973105e-13,0,0,0,73975.35879685648,56371.0,19804.252369794576
1655,38101.59183028486,0.47949199212180416,2.5347779430973105e-13,0,0,0,74016.04950520725,56371.0,19832.183660569714
1656,38115.57501053335,0.4789492217924487,2.5347779430973105e-13,0,0,0,74056.79877569716,56371.0,19860.150021066696
1657,38129.57575298125,0.47840616861813645,2.5347779430973105e-13,0,0,0,74097.60671477024,56371.0,19888.151505962494
1658,38143.59408502743,0.4778628325988663,2.5347779430973105e-13,0,0,0,74138.47342913089,56370.99999999999,19916.18817005486
1659,38157.63003413123,0.47731921373463915,2.5347779430973105e-13,0,0,0,74179.39902574434,56371.0,19944.26006826246
1660,38171.68362781267,0.47677531202545476,2.5347779430973105e-13,0,0,0,74220.38361183759,56371.0,19972.367255625344
1661,38185.754893652615,0.4762311274713129,2.5347779430973105e-13,0,0,0,74261.42729490025,56371.0,20000.509787305225
1662,38199.8438592929,0.4756866600722136,2.5347779430973105e-13,0,0,0,74302.53018268515,56371.0,20028.687718585803
1663,38213.950552436545,0.47514190982815707,2.5347779430973105e-13,0,0,0,74343.69238320926,56371.0,20056.901104873086
1664,38228.075000847886,0.47459687673914286,2.5347779430973105e-13,0,0,0,74384.91400475439,56371.0,20085.150001695773
1665,38242.21723235275,0.47405156080517163,2.5347779430973105e-13,0,0,0,74426.195155868,56371.0,20113.434464705497
1666,38256.37727483864,0.47350596202624273,2.5347779430973105e-13,0,0,0,74467.53594536406,56371.0,20141.75454967728
1667,38270.555156254864,0.4729600804023568,2.5347779430973105e-13,0,0,0,74508.93648232368,56371.0,20170.110312509732
1668,38284.75090461276,0.4724139159335137,2.5347779430973105e-13,0,0,0,74550.39687609613,56371.0,20198.501809225516
1669,38298.964547985815,0.4718674686197126,2.5347779430973105e-13,0,0,0,74591.91723629946,56371.0,20226.92909597163
1670,38313.19611450985,0.47132073846095457,2.5347779430973105e-13,0,0,0,74633.49767282132,56371.0,20255.39222901969
1671,38327.44563238318,0.4707737254572393,2.5347779430973105e-13,0,0,0,74675.13829581988,56371.0,20283.891264766353
1672,38341.713129866825,0.47022642960856653,2.5347779430973105e-13,0,0,0,74716.83921572453,56371.0,20312.426259733653
1673,38355.99863528464,0.46967885091493655,2.5347779430973105e-13,0,0,0,74758.60054323675,56371.0,20340.997270569274
1674,38370.30217702349,0.4691309893763489,2.5347779430973105e-13,0,0,0,74800.42238933082,56371.0,20369.604354046987
1675,38384.62378353344,0.4685828449928042,2.5347779430973105e-13,0,0,0,74842.3048652548,56370.99999999999,20398.247567066883
1676,38398.96348332793,0.4680344177643019,2.5347779430973105e-13,0,0,0,74884.24808253128,56371.0,20426.92696665585
1677,38413.321304983896,0.4674857076908423,2.5347779430973105e-13,0,0,0,74926.25215295804,56371.0,20455.64260996779
1678,38427.697277142026,0.4669367147724255,2.5347779430973105e-13,0,0,0,74968.31718860913,56371.00000000001,20484.39455428405
1679,38442.09142850688,0.4663874390090512,2.5347779430973105e-13,0,0,0,75010.44330183559,56371.0,20513.182857013755
1680,38456.503787847076,0.4658378804007195,2.5347779430973105e-13,0,0,0,75052.63060526625,56371.0,20542.007575694155
1681,38470.93438399547,0.46528803894743076,2.5347779430973105e-13,0,0,0,75094.8792118086,56371.0,20570.86876799093
1682,38485.38324584933,0.46473791464918435,2.5347779430973105e-13,0,0,0,75137.1892346496,56371.0,20599.766491698654
1683,38499.8504023705,0.4641875075059809,2.5347779430973105e-13,0,0,0,75179.56078725656,56371.0,20628.700804741
1684,38514.33588258563,0.4636368175178198,2.5347779430973105e-13,0,0,0,75221.99398337796,56371.0,20657.671765171253
1685,38528.83971558626,0.4630858446847015,2.5347779430973105e-13,0,0,0,75264.48893704428,56371.0,20686.679431172524
1686,38543.3619305291,0.4625345890066257,2.5347779430973105e-13,0,0,0,75307.04576256889,56371.0,20715.7238610582
1687,38557.90255663612,0.46198305048359267,2.5347779430973105e-13,0,0,0,75349.6645745488,56371.0,20744.80511327225
1688,38572.46162319482,0.4614312291156022,2.5347779430973105e-13,0,0,0,75392.34548786574,56371.0,20773.923246389637
1689,38587.0391595583,0.4608791249026547,2.5347779430973105e-13,0,0,0,75435.08861768669,56370.99999999999,20803.0783191166
1690,38601.635195145565,0.46032673784474976,2.5347779430973105e-13,0,0,0,75477.89407946508,56371.0,20832.270390291127
1691,38616.24975944161,0.45977406794188713,2.5347779430973105e-13,0,0,0,75520.76198894142,56371.0,20861.49951888322
1692,38630.88288199764,0.4592211151940673,2.5347779430973105e-13,0,0,0,75563.6924621442,56371.0,20890.76576399528
1693,38645.53459243125,0.4586678796012902,2.5347779430973105e-13,0,0,0,75606.68561539089,56371.0,20920.0691848625
1694,38660.20492042661,0.45811436116355586,2.5347779430973105e-13,0,0,0,75649.74156528864,56371.0,20949.40984085321
1695,38674.89389573465,0.45756055988086386,2.5347779430973105e-13,0,0,0,75692.86042873534,56371.0,20978.787791469298
1696,38689.60154817323,0.4570064757532146,2.5347779430973105e-13,0,0,0,75736.04232292033,56371.0,21008.203096346468
1697,38704.327907627354,0.45645210878060816,2.5347779430973105e-13,0,0,0,75779.28736532536,56371.0,21037.655815254704
1698,38719.073004049314,0.45589745896304423,2.5347779430973105e-13,0,0,0,75822.59567372547,56371.0,21067.14600809863
1699,38733.83686745892,0.45534252630052285,2.5347779430973105e-13,0,0,0,75865.96736618991,56371.0,21096.673734917847
1700,38748.61952794366,0.45478731079304446,2.5347779430973105e-13,0,0,0,75909.40256108298,56371.0,21126.239055887312
1701,38763.421015658896,0.4542318124406082,2.5347779430973105e-13,0,0,0,75952.90137706496,56371.0,21155.842031317796
1702,38778.24136082804,0.4536760312432151,2.5347779430973105e-13,0,0,0,75996.46393309296,56371.0,21185.48272165608
1703,38793.08059374278,0.45311996720086456,2.5347779430973105e-13,0,0,0,76040.09034842192,56371.0,21215.161187485555
1704,38807.93874476322,0.45256362031355657,2.5347779430973105e-13,0,0,0,76083.78074260536,56371.0,21244.877489526436
1705,38822.8158443181,0.45200699058129135,2.5347779430973105e-13,0,0,0,76127.5352354965,56371.0,21274.6316886362
1706,38837.711922905,0.45145007800406844,2.5347779430973105e-13,0,0,0,76171.353947249,56371.0,21304.423845809997
1707,38852.62701109047,0.45089288258188853,2.5347779430973105e-13,0,0,0,76215.23699831788,56371.0,21334.254022180947
1708,38867.56113951032,0.45033540431475094,2.5347779430973105e-13,0,0,0,76259.18450946057,56371.0,21364.122279020638
1709,38882.5143388697,0.4497776432026561,2.5347779430973105e-13,0,0,0,76303.19660173771,56371.0,21394.028677739407
1710,38897.48663994339,0.44921959924560406,2.5347779430973105e-13,0,0,0,76347.27339651408,56370.99999999999,21423.97327988678
1711,38912.47807357594,0.44866127244359455,2.5347779430973105e-13,0,0,0,76391.41501545967,56370.99999999999,21453.956147151886
1712,38927.48867068189,0.4481026627966278,2.5347779430973105e-13,0,0,0,76435.62158055039,56371.0,21483.977341363774
1713,38942.51846224592,0.4475437703047038,2.5347779430973105e-13,0,0,0,76479.89321406916,56370.99999999999,21514.036924491844
1714,38957.567479323145,0.44698459496782217,2.5347779430973105e-13,0,0,0,76524.23003860688,56371.0,21544.13495864629
1715,38972.635753039176,0.4464251367859835,2.5347779430973105e-13,0,0,0,76568.63217706319,56371.0,21574.271506078352
1716,38987.72331459044,0.4458653957591874,2.5347779430973105e-13,0,0,0,76613.09975264761,56371.0,21604.446629180875
1717,39002.83019524431,0.4453053718874336,2.5347779430973105e-13,0,0,0,76657.63288888038,56371.0,21634.660390488618
1718,39017.95642633931,0.44474506517072254,2.5347779430973105e-13,0,0,0,76702.23170959343,56371.0,21664.912852678623
1719,39033.10203928533,0.4441844756090545,2.5347779430973105e-13,0,0,0,76746.8963389313,56371.0,21695.20407857066
1720,39048.267065563836,0.443623603202429,2.5347779430973105e-13,0,0,0,76791.62690135224,56371.0,21725.534131127668
1721,39063.45153672804,0.44306244795084604,2.5347779430973105e-13,0,0,0,76836.42352162905,56371.00000000001,21755.903073456077
1722,39078.65548440313,0.4425010098543054,2.5347779430973105e-13,0,0,0,76881.28632485005,56371.0,21786.310968806254
1723,39093.87894028643,0.44193928891280776,2.5347779430973105e-13,0,0,0,76926.21543642004,56371.0,21816.75788057285
1724,39109.12193614766,0.44137728512635266,2.5347779430973105e-13,0,0,0,76971.21098206137,56371.0,21847.243872295323
1725,39124.3845038291,0.44081499849494077,2.5347779430973105e-13,0,0,0,77016.27308781478,56371.0,21877.76900765819
1726,39139.66667524582,0.44025242901857076,2.5347779430973105e-13,0,0,0,77061.4018800406,56371.0,21908.33335049164
1727,39154.96848238585,0.43968957669724373,2.5347779430973105e-13,0,0,0,77106.59748541946,56371.0,21938.936964771696
1728,39170.28995731041,0.43912644153095926,2.5347779430973105e-13,0,0,0,77151.8600309534,56371.0,21969.57991462082
1729,39185.63113215412,0.4385630235197173,2.5347779430973105e-13,0,0,0,77197.18964396695,56371.0,22000.262264308247
1730,39200.99203912519,0.4379993226635186,2.5347779430973105e-13,0,0,0,77242.58645210793,56371.00000000001,22030.98407825037
1731,39216.372710505646,0.43743533896236175,2.5347779430973105e-13,0,0,0,77288.05058334876,56371.0,22061.745421011296
1732,39231.773178651514,0.4368710724162481,2.5347779430973105e-13,0,0,0,77333.58216598701,56371.0,22092.54635730303
1733,39247.19347599306,0.43630652302517703,2.5347779430973105e-13,0,0,0,77379.18132864687,56371.0,22123.386951986115
1734,39262.633635034974,0.43574169078914826,2.5347779430973105e-13,0,0,0,77424.84820027981,56370.99999999999,22154.26727006995
1735,39278.09368835659,0.4351765757081625,2.5347779430973105e-13,0,0,0,77470.58291016583,56371.0,22185.18737671318
1736,39293.5736686121,0.434611177782219,2.5347779430973105e-13,0,0,0,77516.38558791432,56370.99999999999,22216.147337224207
1737,39309.07360853076,0.43404549701131856,2.5347779430973105e-13,0,0,0,77562.25636346517,56371.0,22247.14721706152
1738,39324.5935409171,0.43347953339546086,2.5347779430973105e-13,0,0,0,77608.19536708973,56371.0,22278.187081834203
1739,39340.133498651165,0.4329132869346457,2.5347779430973105e-13,0,0,0,77654.20272939197,56371.00000000001,22309.266997302326
1740,39355.69351468868,0.4323467576288731,2.5347779430973105e-13,0,0,0,77700.27858130928,56371.0,22340.38702937736
1741,39371.273622061315,0.431779945478143,2.5347779430973105e-13,0,0,0,77746.42305411374,56371.0,22371.54724412263
1742,39386.87385387686,0.4312128504824555,2.5347779430973105e-13,0,0,0,77792.63627941304,56371.0,22402.747707753722
1743,39402.49424331945,0.4306454726418112,2.5347779430973105e-13,0,0,0,77838.91838915151,56371.0,22433.9884866389
1744,39418.13482364983,0.4300778119562092,2.5347779430973105e-13,0,0,0,77885.26951561127,56371.00000000001,22465.269647299658
1745,39433.7956282055,0.42950986842564953,2.5347779430973105e-13,0,0,0,77931.6897914132,56371.0,22496.591256411004
1746,39449.47669040097,0.42894164205013285,2.5347779430973105e-13,0,0,0,77978.1793495179,56371.0,22527.953380801937
1747,39465.17804372798,0.4283731328296587,2.5347779430973105e-13,0,0,0,78024.73832322707,56371.0,22559.356087455963
1748,39480.899721755726,0.42780434076422735,2.5347779430973105e-13,0,0,0,78071.36684618413,56371.0,22590.799443511452
1749,39496.64175813105,0.42723526585383875,2.5347779430973105e-13,0,0,0,78118.06505237569,56371.0,22622.2835162621
1750,39512.40418657872,0.42666590809849225,2.5347779430973105e-13,0,0,0,78164.83307613243,56371.0,22653.808373157444
1751,39528.18704090156,0.42609626749818896,2.5347779430973105e-13,0,0,0,78211.67105213007,56371.0,22685.374081803122
1752,39543.99035498077,0.42552634405292844,2.5347779430973105e-13,0,0,0,78258.57911539072,56371.0,22716.98070996154
1753,39559.814162776114,0.4249561377627098,2.5347779430973105e-13,0,0,0,78305.55740128379,56371.0,22748.62832555223
1754,39575.658498326084,0.4243856486275346,2.5347779430973105e-13,0,0,0,78352.60604552702,56371.0,22780.316996652167
1755,39591.52339574825,0.4238148766474015,2.5347779430973105e-13,0,0,0,78399.72518418777,56371.0,22812.046791496494
1756,39607.408889239356,0.42324382182231113,2.5347779430973105e-13,0,0,0,78446.9149536839,56371.0,22843.81777847871
1757,39623.31501307563,0.42267248415226377,2.5347779430973105e-13,0,0,0,78494.17549078503,56371.0,22875.630026151266
1758,39639.24180161301,0.42210086363725896,2.5347779430973105e-13,0,0,0,78541.50693261356,56371.0,22907.48360322602
1759,39655.18928928733,0.42152896027729647,2.5347779430973105e-13,0,0,0,78588.90941664587,56371.0,22939.37857857466
1760,39671.157510614554,0.42095677407237675,2.5347779430973105e-13,0,0,0,78636.38308071326,56371.0,22971.31502122911
1761,39687.14650019104,0.42038430502250024,2.5347779430973105e-13,0,0,0,78683.92806300319,56371.0,23003.293000382077
1762,39703.15629269378,0.4198115531276656,2.5347779430973105e-13,0,0,0,78731.54450206045,56371.0,23035.312585387554
1763,39719.186922880544,0.41923851838787396,2.5347779430973105e-13,0,0,0,78779.23253678813,56371.0,23067.373845761085
1764,39735.23842559022,0.4186652008031251,2.5347779430973105e-13,0,0,0,78826.99230644887,56371.0,23099.47685118044
1765,39751.310835742996,0.4180916003734185,2.5347779430973105e-13,0,0,0,78874.82395066596,56371.0,23131.621671485995
1766,39767.40418834059,0.4175177170987545,2.5347779430973105e-13,0,0,0,78922.72760942449,56371.0,23163.808376681176
1767,39783.518518466466,0.4169435509791337,2.5347779430973105e-13,0,0,0,78970.70342307234,56371.0,23196.037036932932
1768,39799.65386128616,0.416369102014555,2.5347779430973105e-13,0,0,0,79018.75153232165,56371.0,23228.307722572325
1769,39815.8102520474,0.4157943702050193,2.5347779430973105e-13,0,0,0,79066.87207824962,56371.0,23260.6205040948
1770,39831.98772608042,0.41521935555052614,2.5347779430973105e-13,0,0,0,79115.06520229991,56371.0,23292.97545216084
1771,39848.18631879817,0.41464405805107574,2.5347779430973105e-13,0,0,0,79163.33104628367,56371.00000000001,23325.37263759634
1772,39864.40606569657,0.4140684777066679,2.5347779430973105e-13,0,0,0,79211.66975238071,56371.0,23357.812131393133
1773,39880.647002354715,0.4134926145173028,2.5347779430973105e-13,0,0,0,79260.08146314076,56371.0,23390.29400470943
1774,39896.90916443518,0.41291646848298025,2.5347779430973105e-13,0,0,0,79308.56632148457,56371.00000000001,23422.818328870355
1775,39913.192587684185,0.41234003960370025,2.5347779430973105e-13,0,0,0,79357.12447070504,56371.0,23455.385175368374
1776,39929.4973079319,0.411763327879463,2.5347779430973105e-13,0,0,0,79405.7560544685,56371.0,23487.9946158638
1777,39945.82336109265,0.41118633331026855,2.5347779430973105e-13,0,0,0,79454.46121681582,56371.0,23520.646722185294
1778,39962.17078316517,0.4106090558961166,2.5347779430973105e-13,0,0,0,79503.24010216363,56371.0,23553.341566330346
1779,39978.53961023288,0.410031495637007,2.5347779430973105e-13,0,0,0,79552.09285530559,56371.0,23586.079220465766
1780,39994.929878464056,0.40945365253294064,2.5347779430973105e-13,0,0,0,79601.01962141336,56371.0,23618.85975692811
1781,40011.34162411216,0.40887552658391657,2.5347779430973105e-13,0,0,0,79650.02054603805,56371.0,23651.68324822432
1782,40027.77488351604,0.40829711778993527,2.5347779430973105e-13,0,0,0,79699.09577511133,56371.0,23684.549767032076
1783,40044.22969310019,0.4077184261509965,2.5347779430973105e-13,0,0,0,79748.24545494662,56371.0,23717.45938620038
1784,40060.70608937499,0.40713945166710075,2.5347779430973105e-13,0,0,0,79797.4697322403,56371.00000000001,23750.41217874997
1785,40077.20410893699,0.40656019433824686,2.5347779430973105e-13,0,0,0,79846.76875407301,56370.99999999999,23783.40821787398
1786,40093.72378846909,0.4059806541644364,2.5347779430973105e-13,0,0,0,79896.14266791071,56371.0,23816.447576938182
1787,40110.26516474091,0.40540083114566783,2.5347779430973105e-13,0,0,0,79945.59162160625,56371.0,23849.530329481815
1788,40126.82827460887,0.4048207252819427,2.5347779430973105e-13,0,0,0,79995.11576340007,56371.0,23882.656549217743
1789,40143.41315501664,0.40424033657325986,2.5347779430973105e-13,0,0,0,80044.71524192198,56371.0,23915.826310033288
1790,40160.01984299526,0.4036596650196196,2.5347779430973105e-13,0,0,0,80094.39020619211,56371.0,23949.039685990516
1791,40176.64837566341,0.4030787106210221,2.5347779430973105e-13,0,0,0,80144.14080562217,56371.0,23982.296751326823
1792,40193.298790227724,0.40249747337746733,2.5347779430973105e-13,0,0,0,80193.96719001679,56371.0,24015.59758045545
1793,40209.971123983014,0.4019159532889549,2.5347779430973105e-13,0,0,0,80243.86950957477,56371.0,24048.94224796603
1794,40226.6654143125,0.4013341503554855,2.5347779430973105e-13,0,0,0,80293.84791489021,56371.0,24082.330828625
1795,40243.38169868812,0.4007520645770586,2.5347779430973105e-13,0,0,0,80343.90255695401,56371.0,24115.763397376242
1796,40260.120014670756,0.40016969595367446,2.5347779430973105e-13,0,0,0,80394.0335871549,56371.0,24149.240029341516
1797,40276.88039991052,0.3995870444853329,2.5347779430973105e-13,0,0,0,80444.24115728095,56371.0,24182.760799821044
1798,40293.66289214699,0.39900411017203385,2.5347779430973105e-13,0,0,0,80494.52541952062,56371.0,24216.32578429398
1799,40310.467529209476,0.3984208930137776,2.5347779430973105e-13,0,0,0,80544.88652646424,56371.0,24249.935058418952
1800,40327.29434901731,0.39783739301056364,2.5347779430973105e-13,0,0,0,80595.32463110518,56370.99999999999,24283.58869803463
1801,40344.14338958008,0.3972536101623927,2.5347779430973105e-13,0,0,0,80645.83988684118,56371.0,24317.286779160164
1802,40361.01468899791,0.3966695444692645,2.5347779430973105e-13,0,0,0,80696.4324474757,56371.0,24351.029377995816
1803,40377.90828546173,0.39608519593117864,2.5347779430973105e-13,0,0,0,80747.10246721919,56371.0,24384.81657092346
1804,40394.82421725353,0.39550056454813554,2.5347779430973105e-13,0,0,0,80797.8501006904,56371.0,24418.648434507064
1805,40411.76252274664,0.3949156503201352,2.5347779430973105e-13,0,0,0,80848.67550291761,56371.0,24452.525045493283
1806,40428.723240406005,0.3943304532471774,2.5347779430973105e-13,0,0,0,80899.57882934021,56371.0,24486.44648081201
1807,40445.70640878842,0.3937449733292626,2.5347779430973105e-13,0,0,0,80950.56023580971,56371.00000000001,24520.41281757684
1808,40462.71206654287,0.3931592105663899,2.5347779430973105e-13,0,0,0,81001.6198785913,56371.0,24554.424133085733
1809,40479.7402524107,0.3925731649585602,2.5347779430973105e-13,0,0,0,81052.75791436507,56371.0,24588.480504821408
1810,40496.79100522601,0.39198683650577304,2.5347779430973105e-13,0,0,0,81103.97450022741,56371.0,24622.582010452024
1811,40513.864363915825,0.3914002252080284,2.5347779430973105e-13,0,0,0,81155.26979369234,56371.0,24656.728727831654
1812,40530.960367500425,0.39081333106532656,2.5347779430973105e-13,0,0,0,81206.64395269283,56371.0,24690.92073500085
1813,40548.07905509361,0.39022615407766725,2.5347779430973105e-13,0,0,0,81258.09713558224,56371.0,24725.158110187218
1814,40565.22046590296,0.3896386942450507,2.5347779430973105e-13,0,0,0,81309.62950113558,56370.99999999999,24759.440931805922
1815,40582.38463923016,0.3890509515674767,2.5347779430973105e-13,0,0,0,81361.24120855099,56371.0,24793.769278460313
1816,40599.571614471206,0.3884629260449455,2.5347779430973105e-13,0,0,0,81412.93241745097,56371.0,24828.143228942412
1817,40616.78143111675,0.387874617677457,2.5347779430973105e-13,0,0,0,81464.7032878839,56371.0,24862.562862233506
1818,40634.01412875238,0.38728602646501087,2.5347779430973105e-13,0,0,0,81516.5539803254,56371.0,24897.02825750476
1819,40651.269747058825,0.3866971524076077,2.5347779430973105e-13,0,0,0,81568.48465567964,56371.0,24931.539494117646
1820,40668.54832581233,0.3861079955052471,2.5347779430973105e-13,0,0,0,81620.49547528075,56371.0,24966.096651624655
1821,40685.849904884904,0.3855185557579288,2.5347779430973105e-13,0,0,0,81672.58660089438,56371.0,25000.69980976981
1822,40703.174524244576,0.38492883316565374,2.5347779430973105e-13,0,0,0,81724.7581947188,56371.00000000001,25035.349048489148
1823,40720.52222395574,0.384338827728421,2.5347779430973105e-13,0,0,0,81777.01041938666,56371.00000000001,25070.044447911478
1824,40737.89304417939,0.3837485394462308,2.5347779430973105e-13,0,0,0,81829.34343796612,56371.0,25104.786088358785
1825,40755.28702517344,0.38315796831908333,2.5347779430973105e-13,0,0,0,81881.75741396245,56370.99999999999,25139.574050346888
1826,40772.704207293005,0.38256711434697843,2.5347779430973105e-13,0,0,0,81934.25251131943,56371.0,25174.408414586014
1827,40790.14463099067,0.3819759775299165,2.5347779430973105e-13,0,0,0,81986.82889442061,56371.00000000001,25209.289261981332
1828,40807.60833681681,0.38138455786789693,2.5347779430973105e-13,0,0,0,82039.48672809105,56370.99999999999,25244.216673633626
1829,40825.09536541989,0.38079285536092033,2.5347779430973105e-13,0,0,0,82092.22617759854,56371.00000000001,25279.190730839775
1830,40842.60575754672,0.38020087000898584,2.5347779430973105e-13,0,0,0,82145.04740865511,56371.0,25314.211515093444
1831,40860.13955404277,0.3796086018120943,2.5347779430973105e-13,0,0,0,82197.95058741847,56370.99999999999,25349.279108085542
1832,40877.69679585248,0.3790160507702456,2.5347779430973105e-13,0,0,0,82250.93588049356,56371.00000000001,25384.39359170495
1833,40895.27752401952,0.3784232168834394,2.5347779430973105e-13,0,0,0,82304.00345493385,56371.0,25419.555048039038
1834,40912.88177968714,0.37783010015167573,2.5347779430973105e-13,0,0,0,82357.15347824302,56371.0,25454.763559374278
1835,40930.50960409841,0.37723670057495484,2.5347779430973105e-13,0,0,0,82410.38611837626,56371.0,25490.019208196827
1836,40948.16103859658,0.3766430181532763,2.5347779430973105e-13,0,0,0,82463.70154374189,56371.0,25525.32207719317
1837,40965.83612462531,0.3760490528866409,2.5347779430973105e-13,0,0,0,82517.09992320264,56371.0,25560.672249250623
1838,40983.53490372905,0.3754548047750479,2.5347779430973105e-13,0,0,0,82570.5814260775,56371.0,25596.069807458098
1839,41001.25741755328,0.3748602738184974,2.5347779430973105e-13,0,0,0,82624.14622214284,56371.0,25631.514835106558
1840,41019.00370784484,0.3742654600169899,2.5347779430973105e-13,0,0,0,82677.79448163415,56371.0,25667.007415689674
1841,41036.77381645225,0.3736703633705247,2.5347779430973105e-13,0,0,0,82731.52637524756,56371.0,25702.547632904505
1842,41054.56778532599,0.3730749838791023,2.5347779430973105e-13,0,0,0,82785.34207414117,56371.0,25738.135570651983
1843,41072.38565651882,0.3724793215427227,2.5347779430973105e-13,0,0,0,82839.24174993682,56371.0,25773.771313037636
1844,41090.22747218608,0.3718833763613856,2.5347779430973105e-13,0,0,0,82893.22557472138,56371.0,25809.45494437216
1845,41108.09327458602,0.371287148335091,2.5347779430973105e-13,0,0,0,82947.29372104851,56370.99999999999,25845.186549172042
1846,41125.983106080086,0.37069063746383923,2.5347779430973105e-13,0,0,0,83001.44636194008,56371.0,25880.966212160176
1847,41143.89700913325,0.3700938437476302,2.5347779430973105e-13,0,0,0,83055.6836708877,56371.00000000001,25916.7940182665
1848,41161.83502631431,0.36949676718646396,2.5347779430973105e-13,0,0,0,83110.00582185428,56371.0,25952.67005262861
1849,41179.79720029623,0.3688994077803398,2.5347779430973105e-13,0,0,0,83164.41298927582,56371.0,25988.594400592454
1850,41197.783573856395,0.36830176552925864,2.5347779430973105e-13,0,0,0,83218.90534806254,56371.0,26024.567147712794
1851,41215.794189877015,0.36770384043322024,2.5347779430973105e-13,0,0,0,83273.48307360086,56371.0,26060.58837975403
1852,41233.82909134538,0.36710563249222417,2.5347779430973105e-13,0,0,0,83328.14634175478,56371.0,26096.658182690764
1853,41251.888321354185,0.36650714170627086,2.5347779430973105e-13,0,0,0,83382.89532886748,56371.0,26132.776642708366
1854,41269.97192310185,0.36590836807536053,2.5347779430973105e-13,0,0,0,83437.73021176293,56371.0,26168.943846203707
1855,41288.07993989291,0.36530931159949254,2.5347779430973105e-13,0,0,0,83492.65116774761,56371.00000000001,26205.159879785813
1856,41306.21241513821,0.3647099722786671,2.5347779430973105e-13,0,0,0,83547.65837461183,56371.0,26241.424830276417
1857,41324.36939235534,0.3641103501128844,2.5347779430973105e-13,0,0,0,83602.75201063168,56371.0,26277.738784710673
1858,41342.55091516889,0.3635104451021445,2.5347779430973105e-13,0,0,0,83657.93225457036,56371.0,26314.101830337775
1859,41360.757027310836,0.3629102572464469,2.5347779430973105e-13,0,0,0,83713.19928567999,56371.0,26350.514054621675
1860,41378.98777262081,0.36230978654579227,2.5347779430973105e-13,0,0,0,83768.55328370318,56371.0,26386.975545241614
1861,41397.24319504645,0.3617090330001804,2.5347779430973105e-13,0,0,0,83823.99442887459,56371.00000000001,26423.4863900929
1862,41415.52333864376,0.3611079966096111,2.5347779430973105e-13,0,0,0,83879.52290192274,56371.0,26460.04667728752
1863,41433.828247577396,0.36050667737408437,2.5347779430973105e-13,0,0,0,83935.13888407157,56371.00000000001,26496.656495154788
1864,41452.15796612101,0.35990507529360016,2.5347779430973105e-13,0,0,0,83990.84255704205,56371.0,26533.31593224202
1865,41470.512538657604,0.3593031903681585,2.5347779430973105e-13,0,0,0,84046.6341030539,56371.0,26570.025077315207
1866,41488.89200967982,0.35870102259776004,2.5347779430973105e-13,0,0,0,84102.51370482717,56371.00000000001,26606.78401935963
1867,41507.29642379034,0.3580985719824037,2.5347779430973105e-13,0,0,0,84158.48154558419,56371.0,26643.59284758069
1868,41525.72582570219,0.3574958385220899,2.5347779430973105e-13,0,0,0,84214.53780905093,56371.0,26680.451651404383
1869,41544.18026023902,0.3568928222168193,2.5347779430973105e-13,0,0,0,84270.68267945875,56371.0,26717.360520478043
1870,41562.65977233557,0.356289523066591,2.5347779430973105e-13,0,0,0,84326.91634154633,56371.0,26754.319544671143
1871,41581.1644070379,0.3556859410714055,2.5347779430973105e-13,0,0,0,84383.23898056109,56371.0,26791.32881407579
1872,41599.69420950377,0.35508207623126276,2.5347779430973105e-13,0,0,0,84439.65078226107,56371.0,26828.38841900753
1873,41618.249225003005,0.35447792854616234,2.5347779430973105e-13,0,0,0,84496.1519329166,56370.99999999999,26865.498450006013
1874,41636.82949891782,0.3538734980161047,2.5347779430973105e-13,0,0,0,84552.742619312,56371.0,26902.658997835635
1875,41655.43507674314,0.3532687846410896,2.5347779430973105e-13,0,0,0,84609.42302874733,56371.0,26939.870153486278
1876,41674.066004086984,0.35266378842111745,2.5347779430973105e-13,0,0,0,84666.19334904011,56371.0,26977.13200817397
1877,41692.72232667082,0.3520585093561879,2.5347779430973105e-13,0,0,0,84723.05376852714,56371.0,27014.444653341638
1878,41711.40409032988,0.3514529474463006,2.5347779430973105e-13,0,0,0,84780.00447606617,56371.0,27051.808180659766
1879,41730.111341013515,0.3508471026914566,2.5347779430973105e-13,0,0,0,84837.04566103764,56371.0,27089.22268202703
1880,41748.844124785595,0.35024097509165464,2.5347779430973105e-13,0,0,0,84894.17751334659,56371.0,27126.68824957119
1881,41767.602487824784,0.3496345646468957,2.5347779430973105e-13,0,0,0,84951.40022342418,56371.0,27164.20497564957
1882,41786.38647642497,0.3490278713571793,2.5347779430973105e-13,0,0,0,85008.71398222976,56370.99999999999,27201.772952849937
1883,41805.196136995575,0.3484208952225054,2.5347779430973105e-13,0,0,0,85066.11898125251,56371.0,27239.39227399115
1884,41824.03151606193,0.3478136362428743,2.5347779430973105e-13,0,0,0,85123.61541251313,56371.0,27277.063032123853
1885,41842.89266026562,0.34720609441828576,2.5347779430973105e-13,0,0,0,85181.20346856586,56371.0,27314.78532053124
1886,41861.77961636487,0.34659826974874,2.5347779430973105e-13,0,0,0,85238.88334250012,56371.0,27352.55923272973
1887,41880.69243123488,0.34599016223423673,2.5347779430973105e-13,0,0,0,85296.65522794245,56371.00000000001,27390.384862469753
1888,41899.63115186818,0.3453817718747765,2.5347779430973105e-13,0,0,0,85354.51931905818,56371.0,27428.26230373637
1889,41918.59582537509,0.3447730986703583,2.5347779430973105e-13,0,0,0,85412.47581055354,56371.0,27466.19165075017
1890,41937.58649898388,0.3441641426209834,2.5347779430973105e-13,0,0,0,85470.52489767702,56371.0,27504.172997967766
1891,41956.6032200414,0.34355490372665054,2.5347779430973105e-13,0,0,0,85528.66677622181,56370.99999999999,27542.2064400828
1892,41975.646036013204,0.3429453819873609,2.5347779430973105e-13,0,0,0,85586.9016425271,56371.00000000001,27580.292072026405
1893,41994.7149944841,0.3423355774031134,2.5347779430973105e-13,0,0,0,85645.22969348036,56371.0,27618.429988968204
1894,42013.81014315841,0.34172548997390906,2.5347779430973105e-13,0,0,0,85703.65112651893,56371.00000000001,27656.62028631681
1895,42032.931529860405,0.34111511969974684,2.5347779430973105e-13,0,0,0,85762.16613963209,56371.0,27694.86305972081
1896,42052.079202534645,0.3405044665806274,2.5347779430973105e-13,0,0,0,85820.77493136277,56371.0,27733.15840506929
1897,42071.25320924635,0.33989353061655114,2.5347779430973105e-13,0,0,0,85879.47770080953,56371.0,27771.5064184927
1898,42090.45359818185,0.3392823118075168,2.5347779430973105e-13,0,0,0,85938.27464762857,56371.0,27809.907196363696
1899,42109.68041764883,0.3386708101535254,2.5347779430973105e-13,0,0,0,85997.1659720354,56371.0,27848.360835297655
1900,42128.93371607682,0.3380590256545768,2.5347779430973105e-13,0,0,0,86056.15187480686,56371.0,27886.867432153642
1901,42148.213542017555,0.33744695831067073,2.5347779430973105e-13,0,0,0,86115.23255728316,56371.0,27925.42708403511
1902,42167.519944145315,0.33683460812180743,2.5347779430973105e-13,0,0,0,86174.40822136962,56371.0,27964.03988829063
1903,42186.852971257365,0.33622197508798624,2.5347779430973105e-13,0,0,0,86233.67906953875,56371.0,28002.705942514734
1904,42206.21267227427,0.33560905920920825,2.5347779430973105e-13,0,0,0,86293.04530483203,56371.0,28041.425344548537
1905,42225.59909624035,0.33499586048547303,2.5347779430973105e-13,0,0,0,86352.50713086207,56371.0,28080.198192480704
1906,42245.01229232407,0.3343823789167799,2.5347779430973105e-13,0,0,0,86412.0647518145,56371.0,28119.024584648138
1907,42264.45230981833,0.33376861450313,2.5347779430973105e-13,0,0,0,86471.71837244973,56371.0,28157.90461963665
1908,42283.91919814099,0.3331545672445224,2.5347779430973105e-13,0,0,0,86531.46819810531,56371.00000000001,28196.838396281975
1909,42303.41300683517,0.3325402371409574,2.5347779430973105e-13,0,0,0,86591.31443469758,56371.0,28235.826013670343
1910,42322.93378556968,0.3319256241924351,2.5347779430973105e-13,0,0,0,86651.2572887238,56370.99999999999,28274.867571139363
1911,42342.48158413941,0.3313107283989556,2.5347779430973105e-13,0,0,0,86711.29696726424,56371.0,28313.963168278817
1912,42362.056452465724,0.3306955497605186,2.5347779430973105e-13,0,0,0,86771.43367798397,56371.0,28353.112904931448
1913,42381.65844059685,0.33008008827712443,2.5347779430973105e-13,0,0,0,86831.66762913504,56371.0,28392.316881193707
1914,42401.287598708324,0.3294643439487728,2.5347779430973105e-13,0,0,0,86891.99902955852,56371.0,28431.575197416652
1915,42420.94397710332,0.3288483167754639,2.5347779430973105e-13,0,0,0,86952.42808868641,56371.0,28470.887954206642
1916,42440.62762621312,0.3282320067571973,2.5347779430973105e-13,0,0,0,87012.95501654381,56371.0,28510.25525242624
1917,42460.33859659746,0.32761541389397375,2.5347779430973105e-13,0,0,0,87073.58002375084,56371.00000000001,28549.677193194915
1918,42480.076938944985,0.3269985381857927,2.5347779430973105e-13,0,0,0,87134.3033215248,56371.0,28589.15387788997
1919,42499.84270407365,0.32638137963265423,2.5347779430973105e-13,0,0,0,87195.12512168226,56371.0,28628.6854081473
1920,42519.63594293108,0.3257639382345585,2.5347779430973105e-13,0,0,0,87256.045636641,56371.0,28668.271885862167
1921,42539.45670659506,0.32514621399150534,2.5347779430973105e-13,0,0,0,87317.06507942227,56370.99999999999,28707.913413190126
1922,42559.305046273876,0.32452820690349493,2.5347779430973105e-13,0,0,0,87378.18366365272,56371.0,28747.61009254775
1923,42579.18101330676,0.32390991697052707,2.5347779430973105e-13,0,0,0,87439.40160356656,56371.0,28787.362026613526
1924,42599.08465916432,0.32329134419260197,2.5347779430973105e-13,0,0,0,87500.71911400776,56371.0,28827.169318328637
1925,42619.01603544891,0.32267248856971964,2.5347779430973105e-13,0,0,0,87562.13641043205,56371.0,28867.032070897825
1926,42638.97519389513,0.32205335010187963,2.5347779430973105e-13,0,0,0,87623.6537089091,56371.0,28906.95038779026
1927,42658.96218637013,0.3214339287890826,2.5347779430973105e-13,0,0,0,87685.2712261246,56371.0,28946.924372740268
1928,42678.97706487417,0.3208142246313279,2.5347779430973105e-13,0,0,0,87746.9891793826,56371.0,28986.954129748334
1929,42699.019881540895,0.320194237628616,2.5347779430973105e-13,0,0,0,87808.8077866073,56371.0,29027.03976308179
1930,42719.09068863789,0.3195739677809468,2.5347779430973105e-13,0,0,0,87870.72726634558,56371.0,29067.181377275778
1931,42739.189538567036,0.3189534150883202,2.5347779430973105e-13,0,0,0,87932.747837769,56371.0,29107.379077134072
1932,42759.316483864946,0.31833257955073635,2.5347779430973105e-13,0,0,0,87994.86972067597,56371.0,29147.632967729896
1933,42779.47157720343,0.31771146116819504,2.5347779430973105e-13,0,0,0,88057.09313549404,56371.00000000001,29187.94315440686
1934,42799.654871389874,0.3170900599406963,2.5347779430973105e-13,0,0,0,88119.41830328194,56371.0,29228.309742779744
1935,42819.8664193677,0.3164683758682403,2.5347779430973105e-13,0,0,0,88181.84544573195,56371.0,29268.732838735406
1936,42840.10627421683,0.31584640895082683,2.5347779430973105e-13,0,0,0,88244.37478517198,56371.0,29309.212548433658
1937,42860.37448915405,0.31522415918845637,2.5347779430973105e-13,0,0,0,88307.00654456794,56371.0,29349.7489783081
1938,42880.67111753354,0.31460162658112845,2.5347779430973105e-13,0,0,0,88369.74094752589,56371.0,29390.34223506707
1939,42900.99621284724,0.3139788111288426,2.5347779430973105e-13,0,0,0,88432.57821829431,56370.99999999999,29430.992425694483
1940,42921.34982872531,0.3133557128316,2.5347779430973105e-13,0,0,0,88495.51858176621,56371.0,29471.699657450616
1941,42941.73201893659,0.31273233168939996,2.5347779430973105e-13,0,0,0,88558.56226348168,56371.0,29512.46403787319
1942,42962.14283738906,0.31210866770224244,2.5347779430973105e-13,0,0,0,88621.70948962997,56371.0,29553.285674778122
1943,42982.582338130225,0.3114847208701277,2.5347779430973105e-13,0,0,0,88684.96048705178,56371.0,29594.16467626045
1944,43003.050575347625,0.3108604911930557,2.5347779430973105e-13,0,0,0,88748.31548324159,56371.0,29635.101150695245
1945,43023.54760336926,0.31023597867102604,2.5347779430973105e-13,0,0,0,88811.77470634998,56371.0,29676.095206738522
1946,43044.07347666404,0.30961118330403914,2.5347779430973105e-13,0,0,0,88875.33838518588,56371.0,29717.14695332808
1947,43064.628249842244,0.308986105092095,2.5347779430973105e-13,0,0,0,88939.00674921896,56371.0,29758.256499684485
1948,43085.21197765598,0.3083607440351934,2.5347779430973105e-13,0,0,0,89002.78002858191,56371.0,29799.42395531195
1949,43105.824714999624,0.3077351001333346,2.5347779430973105e-13,0,0,0,89066.6584540728,56371.0,29840.649429999245
1950,43126.46651691032,0.3071091733865181,2.5347779430973105e-13,0,0,0,89130.64225715747,56370.99999999999,29881.93303382064
1951,43147.13743856838,0.3064829637947446,2.5347779430973105e-13,0,0,0,89194.7316699718,56371.00000000001,29923.27487713676
1952,43167.837535297804,0.30585647135801364,2.5347779430973105e-13,0,0,0,89258.92692532412,56371.0,29964.675070595604
1953,43188.56686256671,0.3052296960763252,2.5347779430973105e-13,0,0,0,89323.22825669768,56371.0,30006.133725133423
1954,43209.32547598781,0.3046026379496798,2.5347779430973105e-13,0,0,0,89387.63589825286,56371.0,30047.650951975622
1955,43230.113431318896,0.3039752969780767,2.5347779430973105e-13,0,0,0,89452.15008482977,56371.0,30089.22686263779
1956,43250.93078446328,0.3033476731615161,2.5347779430973105e-13,0,0,0,89516.77105195052,56371.0,30130.861568926557
1957,43271.77759147026,0.30271976649999854,2.5347779430973105e-13,0,0,0,89581.49903582159,56371.00000000001,30172.555182940512
1958,43292.65390853564,0.3020915769935235,2.5347779430973105e-13,0,0,0,89646.33427333651,56371.0,30214.30781707128
1959,43313.55979200218,0.30146310464209103,2.5347779430973105e-13,0,0,0,89711.27700207806,56371.0,30256.119584004362
1960,43334.49529836005,0.3008343494457013,2.5347779430973105e-13,0,0,0,89776.32746032078,56371.0,30297.990596720105
1961,43355.46048424736,0.30020531140435414,2.5347779430973105e-13,0,0,0,89841.48588703353,56371.00000000001,30339.92096849471
1962,43376.45540645056,0.29957599051804973,2.5347779430973105e-13,0,0,0,89906.75252188182,56371.0,30381.91081290112
1963,43397.48012190504,0.29894638678678764,2.5347779430973105e-13,0,0,0,89972.12760523043,56370.99999999999,30423.96024381009
1964,43418.5346876955,0.29831650021056877,2.5347779430973105e-13,0,0,0,90037.61137814572,56371.0,30466.069375390998
1965,43439.619161056515,0.2976863307893922,2.5347779430973105e-13,0,0,0,90103.20408239838,56371.00000000001,30508.238322113026
1966,43460.73359937298,0.297055878523258,2.5347779430973105e-13,0,0,0,90168.90596046571,56370.99999999999,30550.467198745962
1967,43481.87806018061,0.29642514341216697,2.5347779430973105e-13,0,0,0,90234.71725553425,56371.0,30592.756120361213
1968,43503.05260116645,0.2957941254561185,2.5347779430973105e-13,0,0,0,90300.63821150239,56371.0,30635.1052023329
1969,43524.25728016936,0.29516282465511257,2.5347779430973105e-13,0,0,0,90366.66907298275,56370.99999999999,30677.514560338725
1970,43545.49215518051,0.2945312410091494,2.5347779430973105e-13,0,0,0,90432.81008530488,56371.00000000001,30719.984310361015
1971,43566.757284343854,0.2938993745182288,2.5347779430973105e-13,0,0,0,90499.06149451771,56371.0,30762.514568687708
1972,43588.05272595669,0.2932672251823507,2.5347779430973105e-13,0,0,0,90565.42354739226,56371.00000000001,30805.105451913372
1973,43609.37853847008,0.2926347930015154,2.5347779430973105e-13,0,0,0,90631.89649142408,56371.0,30847.75707694016
1974,43630.734780489445,0.29200207797572264,2.5347779430973105e-13,0,0,0,90698.48057483596,56371.0,30890.469560978894
1975,43652.121510775,0.29136908010497264,2.5347779430973105e-13,0,0,0,90765.17604658057,56371.00000000001,30933.243021550003
1976,43673.538788242295,0.2907357993892652,2.5347779430973105e-13,0,0,0,90831.9831563429,56371.0,30976.07757648459
1977,43694.98667196272,0.2901022358286005,2.5347779430973105e-13,0,0,0,90898.90215454312,56371.0,31018.973343925434
1978,43716.465221164006,0.28946838942297837,2.5347779430973105e-13,0,0,0,90965.93329233906,56371.0,31061.930442328012
1979,43737.97449523077,0.288834260172399,2.5347779430973105e-13,0,0,0,91033.07682162897,56371.0,31104.948990461533
1980,43759.51455370498,0.28819984807686216,2.5347779430973105e-13,0,0,0,91100.33299505411,56371.0,31148.02910740997
1981,43781.085456286535,0.2875651531363683,2.5347779430973105e-13,0,0,0,91167.70206600147,56371.0,31191.17091257307
1982,43802.68726283375,0.2869301753509166,2.5347779430973105e-13,0,0,0,91235.18428860651,56371.0,31234.374525667503
1983,43824.32003336385,0.28629491472050783,2.5347779430973105e-13,0,0,0,91302.77991775569,56371.0,31277.640066727705
1984,43845.98382805358,0.2856593712451414,2.5347779430973105e-13,0,0,0,91370.48920908943,56371.0,31320.967656107154
1985,43867.678707239604,0.2850235449248182,2.5347779430973105e-13,0,0,0,91438.31241900455,56371.0,31364.357414479207
1986,43889.40473141919,0.2843874357595373,2.5347779430973105e-13,0,0,0,91506.24980465735,56371.0,31407.809462838384
1987,43911.161961250626,0.28375104374929894,2.5347779430973105e-13,0,0,0,91574.30162396606,56371.0,31451.323922501248
1988,43932.950457553765,0.28311436889410313,2.5347779430973105e-13,0,0,0,91642.46813561369,56371.0,31494.90091510753
1989,43954.77028131059,0.28247741119395053,2.5347779430973105e-13,0,0,0,91710.74959905083,56371.0,31538.540562621183
1990,43976.62149366578,0.28184017064884026,2.5347779430973105e-13,0,0,0,91779.14627449849,56371.0,31582.24298733156
1991,43998.50415592717,0.28120264725877253,2.5347779430973105e-13,0,0,0,91847.65842295084,56370.99999999999,31626.008311854344
1992,44020.41832956635,0.28056484102374757,2.5347779430973105e-13,0,0,0,91916.28630617794,56371.0,31669.836659132707
1993,44042.36407621919,0.27992675194376515,2.5347779430973105e-13,0,0,0,91985.03018672863,56371.0,31713.72815243839
1994,44064.3414576864,0.2792883800188253,2.5347779430973105e-13,0,0,0,92053.89032793345,56371.0,31757.682915372803
1995,44086.350535934034,0.2786497252489284,2.5347779430973105e-13,0,0,0,92122.86699390729,56371.0,31801.70107186807
1996,44108.391373094106,0.27801078763407405,2.5347779430973105e-13,0,0,0,92191.96044955241,56370.99999999999,31845.782746188215
1997,44130.46403146511,0.27737156717426226,2.5347779430973105e-13,0,0,0,92261.17096056136,56371.0,31889.928062930223
1998,44152.56857351255,0.276732063869493,2.5347779430973105e-13,0,0,0,92330.49879341951,56371.0,31934.137147025107
1999,44174.70506186953,0.27609227771976674,2.5347779430973105e-13,0,0,0,92399.9442154084,56370.99999999999,31978.41012373906
2000,44196.87355933731,0.275452208725083,2.5347779430973105e-13,0,0,0,92469.50749460838,56371.0,32022.74711867463
2001,44219.07412888587,0.27481185688544185,2.5347779430973105e-13,0,0,0,92539.18889990156,56371.0,32067.148257771743
2002,44241.30683365444,0.27417122220084345,2.5347779430973105e-13,0,0,0,92608.98870097482,56371.0,32111.613667308873
2003,44263.5717369521,0.2735303046712876,2.5347779430973105e-13,0,0,0,92678.90716832262,56371.0,32156.143473904198
2004,44285.86890225836,0.27288910429677404,2.5347779430973105e-13,0,0,0,92748.94457325013,56371.0,32200.737804516713
2005,44308.19839322365,0.2722476210773037,2.5347779430973105e-13,0,0,0,92819.101187876,56370.99999999999,32245.396786447298
2006,44330.56027367003,0.2716058550128757,2.5347779430973105e-13,0,0,0,92889.37728513563,56371.0,32290.120547340062
2007,44352.95460759162,0.2709638061034907,2.5347779430973105e-13,0,0,0,92959.7731387838,56371.0,32334.90921518324
2008,44375.381459155295,0.270321474349148,2.5347779430973105e-13,0,0,0,93030.289023398,56371.0,32379.76291831059
2009,44397.84089270117,0.26967885974984807,2.5347779430973105e-13,0,0,0,93100.92521438122,56371.0,32424.681785402343
2010,44420.33297274326,0.2690359623055907,2.5347779430973105e-13,0,0,0,93171.68198796522,56371.0,32469.665945486515
2011,44442.857763969994,0.26839278201637606,2.5347779430973105e-13,0,0,0,93242.55962121328,56371.0,32514.71552793999
2012,44465.41533124487,0.2677493188822042,2.5347779430973105e-13,0,0,0,93313.55839202358,56371.0,32559.830662489734
2013,44488.005739607,0.2671055729030747,2.5347779430973105e-13,0,0,0,93384.678579132,56371.0,32605.011479213994
2014,44510.6290542717,0.2664615440789879,2.5347779430973105e-13,0,0,0,93455.92046211543,56371.0,32650.258108543403
2015,44533.28534063111,0.2658172324099439,2.5347779430973105e-13,0,0,0,93527.28432139469,56371.0,32695.570681262223
2016,44555.97466425478,0.2651726378959425,2.5347779430973105e-13,0,0,0,93598.77043823779,56371.00000000001,32740.949328509563
2017,44578.697090890244,0.264527760536984,2.5347779430973105e-13,0,0,0,93670.3790947629,56371.00000000001,32786.39418178048
2018,44601.45268646368,0.26388260033306765,2.5347779430973105e-13,0,0,0,93742.11057394178,56371.0,32831.90537292736
2019,44624.24151708044,0.26323715728419406,2.5347779430973105e-13,0,0,0,93813.96515960261,56371.0,32877.483034160876
2020,44647.06364902569,0.26259143139036323,2.5347779430973105e-13,0,0,0,93885.94313643323,56371.0,32923.127298051375
2021,44669.919148765046,0.26194542265157517,2.5347779430973105e-13,0,0,0,93958.04478998453,56371.0,32968.83829753009
2022,44692.80808294516,0.26129913106782965,2.5347779430973105e-13,0,0,0,94030.2704066735,56371.0,33014.616165890315
2023,44715.73051839429,0.2606525566391271,2.5347779430973105e-13,0,0,0,94102.62027378635,56371.0,33060.461036788576
2024,44738.686522123025,0.2600056993654667,2.5347779430973105e-13,0,0,0,94175.094679482,56371.0,33106.37304424605
2025,44761.67616132478,0.25935855924684903,2.5347779430973105e-13,0,0,0,94247.69391279502,56371.0,33152.35232264956
2026,44784.69950337649,0.2587111362832739,2.5347779430973105e-13,0,0,0,94320.41826363906,56370.99999999999,33198.39900675299
2027,44807.75661583922,0.2580634304747418,2.5347779430973105e-13,0,0,0,94393.26802281011,56371.0,33244.513231678444
2028,44830.8475664588,0.2574154418212522,2.5347779430973105e-13,0,0,0,94466.24348198976,56371.0,33290.69513291759
2029,44853.972423166415,0.2567671703228054,2.5347779430973105e-13,0,0,0,94539.3449337485,56371.0,33336.94484633283
2030,44877.131254079286,0.2561186159794011,2.5347779430973105e-13,0,0,0,94612.57267154903,56371.0,33383.26250815857
2031,44900.324127501284,0.25546977879103916,2.5347779430973105e-13,0,0,0,94685.92698974963,56370.99999999999,33429.648255002576
2032,44923.55111192353,0.2548206587577202,2.5347779430973105e-13,0,0,0,94759.40818360732,56371.0,33476.10222384706
2033,44946.8122760251,0.2541712558794438,2.5347779430973105e-13,0,0,0,94833.01654928151,56371.0,33522.6245520502
2034,44970.107688673605,0.25352157015621035,2.5347779430973105e-13,0,0,0,94906.75238383716,56371.00000000001,33569.2153773472
2035,44993.437418925896,0.25287160158801925,2.5347779430973105e-13,0,0,0,94980.61598524825,56371.0,33615.87483785179
2036,45016.80153602865,0.2522213501748709,2.5347779430973105e-13,0,0,0,95054.6076524011,56371.0,33662.6030720573
2037,45040.20010941908,0.2515708159167649,2.5347779430973105e-13,0,0,0,95128.72768509798,56371.0,33709.40021883816
2038,45063.6332087255,0.25091999881370186,2.5347779430973105e-13,0,0,0,95202.97638406022,56371.0,33756.266417451
2039,45087.10090376809,0.2502688988656814,2.5347779430973105e-13,0,0,0,95277.35405093204,56371.0,33803.201807536185
2040,45110.60326455947,0.24961751607270366,2.5347779430973105e-13,0,0,0,95351.86098828366,56371.0,33850.206529118936
2041,45134.1403613054,0.24896585043476827,2.5347779430973105e-13,0,0,0,95426.49749961506,56371.0,33897.2807226108
2042,45157.71226440541,0.24831390195187586,2.5347779430973105e-13,0,0,0,95501.26388935924,56371.0,33944.42452881082
2043,45181.319044453514,0.24766167062402622,2.5347779430973105e-13,0,0,0,95576.16046288593,56371.0,33991.63808890703
2044,45204.96077223885,0.2470091564512189,2.5347779430973105e-13,0,0,0,95651.18752650503,56371.00000000001,34038.921544477686
2045,45228.63751874632,0.24635635943345413,2.5347779430973105e-13,0,0,0,95726.34538747008,56371.0,34086.27503749264
2046,45252.349355157334,0.24570327957073212,2.5347779430973105e-13,0,0,0,95801.63435398189,56370.99999999999,34133.698710314675
2047,45276.09635285043,0.24504991686305289,2.5347779430973105e-13,0,0,0,95877.05473519217,56371.0,34181.19270570086
2048,45299.87858340197,0.2443962713104164,2.5347779430973105e-13,0,0,0,95952.60684120694,56371.0,34228.757166803945
2049,45323.69611858685,0.24374234291282226,2.5347779430973105e-13,0,0,0,96028.29098309041,56371.0,34276.3922371737
2050,45347.54903037913,0.24308813167027088,2.5347779430973105e-13,0,0,0,96104.1074728683,56371.0,34324.09806075826
2051,45371.437390952764,0.24243363758276248,2.5347779430973105e-13,0,0,0,96180.05662353168,56371.00000000001,34371.87478190552
2052,45395.36127268229,0.2417788606502964,2.5347779430973105e-13,0,0,0,96256.13874904052,56371.00000000001,34419.72254536457
2053,45419.3207481435,0.24112380087287288,2.5347779430973105e-13,0,0,0,96332.35416432742,56371.0,34467.641496287004
2054,45443.31589011415,0.24046845825049235,2.5347779430973105e-13,0,0,0,96408.70318530126,56371.0,34515.6317802283
2055,45467.34677157468,0.23981283278315413,2.5347779430973105e-13,0,0,0,96485.18612885098,56371.0,34563.69354314936
2056,45491.41346570886,0.2391569244708589,2.5347779430973105e-13,0,0,0,96561.80331284912,56371.00000000001,34611.82693141771
2057,45515.51604590456,0.238500733313606,2.5347779430973105e-13,0,0,0,96638.55505615575,56370.99999999999,34660.032091809124
2058,45539.65458575443,0.23784425931139563,2.5347779430973105e-13,0,0,0,96715.44167862216,56371.0,34708.30917150887
2059,45563.829159056586,0.23718750246422826,2.5347779430973105e-13,0,0,0,96792.46350109449,56370.99999999999,34756.65831811318
2060,45588.03983981537,0.23653046277210366,2.5347779430973105e-13,0,0,0,96869.62084541777,56371.0,34805.07967963074
2061,45612.28670224206,0.23587314023502137,2.5347779430973105e-13,0,0,0,96946.91403443959,56371.00000000001,34853.573404484116
2062,45636.56982075554,0.23521553485298186,2.5347779430973105e-13,0,0,0,97024.34339201379,56371.00000000001,34902.13964151107
2063,45660.88926998308,0.23455764662598488,2.5347779430973105e-13,0,0,0,97101.90924300457,56371.0,34950.778539966166
2064,45685.24512476105,0.23389947555403068,2.5347779430973105e-13,0,0,0,97179.61191329012,56371.0,34999.4902495221
2065,45709.63746013564,0.23324102163711902,2.5347779430973105e-13,0,0,0,97257.45172976668,56371.0,35048.27492027127
2066,45734.066351363566,0.23258228487525012,2.5347779430973105e-13,0,0,0,97335.42902035218,56371.0,35097.13270272713
2067,45758.531873912885,0.23192326526842355,2.5347779430973105e-13,0,0,0,97413.54411399049,56371.0,35146.06374782577
2068,45783.03410346362,0.2312639628166402,2.5347779430973105e-13,0,0,0,97491.79734065488,56371.0,35195.068206927244
2069,45807.57311590862,0.23060437751989915,2.5347779430973105e-13,0,0,0,97570.18903135252,56370.99999999999,35244.14623181725
2070,45832.14898735423,0.22994450937820066,2.5347779430973105e-13,0,0,0,97648.71951812801,56370.99999999999,35293.29797470847
2071,45856.76179412104,0.22928435839154515,2.5347779430973105e-13,0,0,0,97727.38913406752,56371.00000000001,35342.523588242075
2072,45881.411612744676,0.22862392455993197,2.5347779430973105e-13,0,0,0,97806.19821330279,56371.0,35391.82322548935
2073,45906.09851997651,0.22796320788336177,2.5347779430973105e-13,0,0,0,97885.1470910151,56371.00000000001,35441.19703995302
2074,45930.822592784476,0.2273022083618339,2.5347779430973105e-13,0,0,0,97964.23610343938,56371.0,35490.64518556895
2075,45955.58390835375,0.22664092599534902,2.5347779430973105e-13,0,0,0,98043.4655878682,56371.00000000001,35540.16781670749
2076,45980.382544087595,0.22597936078390646,2.5347779430973105e-13,0,0,0,98122.83588265587,56371.0,35589.76508817519
2077,46005.218577608066,0.22531751272750666,2.5347779430973105e-13,0,0,0,98202.34732722245,56371.0,35639.43715521613
2078,46030.09208675682,0.22465538182614964,2.5347779430973105e-13,0,0,0,98282.00026205799,56371.0,35689.18417351364
2079,46055.003149595876,0.22399296807983493,2.5347779430973105e-13,0,0,0,98361.79502872661,56371.0,35739.00629919175
2080,46079.95184440836,0.22333027148856321,2.5347779430973105e-13,0,0,0,98441.73196987048,56371.0,35788.90368881672
2081,46104.93824969937,0.22266729205233382,2.5347779430973105e-13,0,0,0,98521.81142921436,56371.0,35838.87649939874
2082,46129.96244419665,0.22200402977114742,2.5347779430973105e-13,0,0,0,98602.03375156934,56371.0,35888.9248883933
2083,46155.02450685148,0.22134048464500355,2.5347779430973105e-13,0,0,0,98682.3992828374,56371.0,35939.049013702956
2084,46180.12451683938,0.22067665667390224,2.5347779430973105e-13,0,0,0,98762.9083700154,56371.0,35989.24903367876
2085,46205.26255356096,0.2200125458578437,2.5347779430973105e-13,0,0,0,98843.56136119946,56371.0,36039.525107121925
2086,46230.43869664271,0.21934815219682746,2.5347779430973105e-13,0,0,0,98924.35860558921,56371.0,36089.877393285424
2087,46255.65302593775,0.21868347569085445,2.5347779430973105e-13,0,0,0,99005.30045349184,56371.0,36140.306051875494
2088,46280.90562152671,0.21801851633992375,2.5347779430973105e-13,0,0,0,99086.38725632687,56371.0,36190.811243053424
2089,46306.19656371849,0.2173532741440356,2.5347779430973105e-13,0,0,0,99167.61936662997,56370.99999999999,36241.39312743699
2090,46331.525933051074,0.21668774910319022,2.5347779430973105e-13,0,0,0,99248.99713805765,56371.0,36292.05186610215
2091,46356.89381029235,0.2160219412173876,2.5347779430973105e-13,0,0,0,99330.5209253914,56371.0,36342.7876205847
2092,46382.300276440925,0.21535585048662753,2.5347779430973105e-13,0,0,0,99412.19108454222,56371.0,36393.60055288185
2093,46407.74541272696,0.21468947691091023,2.5347779430973105e-13,0,0,0,99494.00797255496,56371.00000000001,36444.49082545391
2094,46433.22930061296,0.2140228204902357,2.5347779430973105e-13,0,0,0,99575.97194761269,56371.0,36495.458601225924
2095,46458.75202179467,0.21335588122460347,2.5347779430973105e-13,0,0,0,99658.08336904128,56371.00000000001,36546.50404358934
2096,46484.31365820182,0.2126886591140138,2.5347779430973105e-13,0,0,0,99740.34259731372,56371.0,36597.62731640364
2097,46509.91429199899,0.21202115415846712,2.5347779430973105e-13,0,0,0,99822.74999405455,56371.0,36648.82858399798
2098,46535.554005586506,0.21135336635796298,2.5347779430973105e-13,0,0,0,99905.30592204472,56371.0,36700.10801117301
2099,46561.23288160121,0.21068529571250139,2.5347779430973105e-13,0,0,0,99988.01074522565,56371.0,36751.46576320242
2100,46586.95100291732,0.21001694222208256,2.5347779430973105e-13,0,0,0,100070.86482870401,56370.99999999999,36802.90200583464
2101,46612.708452647326,0.20934830588670628,2.5347779430973105e-13,0,0,0,100153.8685387564,56371.0,36854.41690529465
2102,46638.50531414278,0.20867938670637276,2.5347779430973105e-13,0,0,0,100237.02224283363,56371.0,36906.010628285556
2103,46664.34167099519,0.2080101846810818,2.5347779430973105e-13,0,0,0,100320.32630956563,56371.0,36957.683341990385
2104,46690.21760703687,0.20734069981083358,2.5347779430973105e-13,0,0,0,100403.78110876582,56371.0,37009.43521407375
2105,46716.133206341816,0.20667093209562815,2.5347779430973105e-13,0,0,0,100487.38701143597,56371.00000000001,37061.266412683624
2106,46742.08855322656,0.20600088153546503,2.5347779430973105e-13,0,0,0,100571.14438977084,56371.0,37113.17710645312
2107,46768.08373225104,0.20533054813034468,2.5347779430973105e-13,0,0,0,100655.05361716272,56371.00000000001,37165.167464502076
2108,46794.118828219485,0.20465993188026688,2.5347779430973105e-13,0,0,0,100739.11506820627,56371.0,37217.23765643897
2109,46820.19392618128,0.20398903278523206,2.5347779430973105e-13,0,0,0,100823.32911870324,56371.0,37269.38785236256
2110,46846.309111431896,0.2033178508452398,2.5347779430973105e-13,0,0,0,100907.69614566736,56371.00000000001,37321.618222863784
2111,46872.464469513696,0.20264638606029006,2.5347779430973105e-13,0,0,0,100992.2165273288,56371.0,37373.92893902739
2112,46898.660086216914,0.20197463843038288,2.5347779430973105e-13,0,0,0,101076.89064313934,56371.00000000001,37426.32017243382
2113,46924.896047580456,0.20130260795551846,2.5347779430973105e-13,0,0,0,101161.71887377683,56371.0,37478.79209516091
2114,46951.172439892885,0.20063029463569682,2.5347779430973105e-13,0,0,0,101246.70160115042,56371.0,37531.34487978577
2115,46977.48934969329,0.1999576984709175,2.5347779430973105e-13,0,0,0,101331.8392084052,56371.0,37583.978699386586
2116,47003.84686377217,0.19928481946118093,2.5347779430973105e-13,0,0,0,101417.13207992708,56371.0,37636.693727544334
2117,47030.24506917236,0.19861165760648714,2.5347779430973105e-13,0,0,0,101502.5806013478,56371.0,37689.490138344714
2118,47056.68405318997,0.1979382129068359,2.5347779430973105e-13,0,0,0,101588.18515954996,56371.0,37742.368106379945
2119,47083.16390337527,0.1972644853622274,2.5347779430973105e-13,0,0,0,101673.94614267167,56371.0,37795.327806750545
2120,47109.68470753363,0.19659047497266147,2.5347779430973105e-13,0,0,0,101759.86394011196,56371.0,37848.36941506727
2121,47136.246553726436,0.1959161817381383,2.5347779430973105e-13,0,0,0,101845.93894253539,56371.0,37901.49310745287
2122,47162.84953027201,0.1952416056586579,2.5347779430973105e-13,0,0,0,101932.17154187734,56371.0,37954.69906054402
2123,47189.49372574659,0.19456674673422003,2.5347779430973105e-13,0,0,0,102018.56213134904,56370.99999999999,38007.987451493194
2124,47216.17922898523,0.19389160496482472,2.5347779430973105e-13,0,0,0,102105.1111054426,56371.0,38061.35845797046
2125,47242.90612908273,0.19321618035047194,2.5347779430973105e-13,0,0,0,102191.81885993606,56370.99999999999,38114.81225816547
2126,47269.67451539461,0.19254047289116216,2.5347779430973105e-13,0,0,0,102278.6857918986,56371.00000000001,38168.34903078921
2127,47296.48447753806,0.1918644825868947,2.5347779430973105e-13,0,0,0,102365.71229969576,56371.0,38221.968955076125
2128,47323.33610539289,0.19118820943767,2.5347779430973105e-13,0,0,0,102452.8987829945,56370.99999999999,38275.672210785786
2129,47350.22948910248,0.19051165344348808,2.5347779430973105e-13,0,0,0,102540.24564276845,56371.0,38329.45897820496
2130,47377.16471907476,0.18983481460434848,2.5347779430973105e-13,0,0,0,102627.75328130316,56371.0,38383.32943814952
2131,47404.14188598315,0.18915769292025186,2.5347779430973105e-13,0,0,0,102715.42210220125,56370.99999999999,38437.2837719663
2132,47431.161080767575,0.1884802883911978,2.5347779430973105e-13,0,0,0,102803.25251038796,56371.00000000001,38491.32216153514
2133,47458.22239463539,0.18780260101718627,2.5347779430973105e-13,0,0,0,102891.24491211603,56370.99999999999,38545.44478927079
2134,47485.32591906241,0.18712463079821773,2.5347779430973105e-13,0,0,0,102979.39971497144,56371.0,38599.65183812482
2135,47512.47174579387,0.1864463777342915,2.5347779430973105e-13,0,0,0,103067.71732787853,56371.00000000001,38653.94349158773
2136,47539.65996684539,0.18576784182540784,2.5347779430973105e-13,0,0,0,103156.1981611055,56371.0,38708.319933690786
2137,47566.890674504015,0.18508902307156716,2.5347779430973105e-13,0,0,0,103244.84262626959,56371.0,38762.78134900803
2138,47594.163961329185,0.18440992147276924,2.5347779430973105e-13,0,0,0,103333.65113634286,56371.0,38817.32792265837
2139,47621.47992015377,0.18373053702901343,2.5347779430973105e-13,0,0,0,103422.62410565744,56371.0,38871.959840307536
2140,47648.838644085,0.18305086974030038,2.5347779430973105e-13,0,0,0,103511.76194991094,56370.99999999999,38926.67728817001
2141,47676.240226505564,0.18237091960663032,2.5347779430973105e-13,0,0,0,103601.06508617211,56371.00000000001,38981.48045301112
2142,47703.684761074575,0.18169068662800258,2.5347779430973105e-13,0,0,0,103690.53393288638,56371.0,39036.36952214915
2143,47731.172341728605,0.18101017080441784,2.5347779430973105e-13,0,0,0,103780.16890988126,56371.00000000001,39091.3446834572
2144,47758.70306268272,0.1803293721358754,2.5347779430973105e-13,0,0,0,103869.97043837221,56371.0,39146.406125365436
2145,47786.277018431465,0.17964829062237575,2.5347779430973105e-13,0,0,0,103959.93894096783,56370.99999999999,39201.55403686294
2146,47813.89430374998,0.17896692626391864,2.5347779430973105e-13,0,0,0,104050.07484167599,56371.0,39256.788607499955
2147,47841.555013694924,0.1782852790605045,2.5347779430973105e-13,0,0,0,104140.37856590914,56371.0,39312.11002738985
2148,47869.259243605644,0.1776033490121327,2.5347779430973105e-13,0,0,0,104230.85054049018,56371.0,39367.51848721129
2149,47897.00708910512,0.1769211361188039,2.5347779430973105e-13,0,0,0,104321.4911936581,56371.00000000001,39423.01417821024
2150,47924.79864610109,0.1762386403805174,2.5347779430973105e-13,0,0,0,104412.30095507385,56371.00000000001,39478.59729220217
2151,47952.63401078703,0.17555586179727367,2.5347779430973105e-13,0,0,0,104503.28025582593,56371.0,39534.268021574055
2152,47980.5132796433,0.1748728003690725,2.5347779430973105e-13,0,0,0,104594.42952843638,56371.0,39590.026559286605
2153,48008.43654943817,0.17418945609591385,2.5347779430973105e-13,0,0,0,104685.74920686655,56371.0,39645.87309887634
2154,48036.403917228854,0.1735058289777982,2.5347779430973105e-13,0,0,0,104777.23972652284,56371.0,39701.80783445771
2155,48064.415480362666,0.1728219190147251,2.5347779430973105e-13,0,0,0,104868.9015242629,56371.0,39757.83096072533
2156,48092.47133647804,0.17213772620669454,2.5347779430973105e-13,0,0,0,104960.7350384012,56371.0,39813.94267295608
2157,48120.571583505625,0.17145325055370675,2.5347779430973105e-13,0,0,0,105052.74070871518,56371.0,39870.14316701125
2158,48148.71631966942,0.1707684920557615,2.5347779430973105e-13,0,0,0,105144.91897645127,56371.0,39926.43263933883
2159,48176.905643487786,0.17008345071285902,2.5347779430973105e-13,0,0,0,105237.27028433069,56371.0,39982.81128697557
2160,48205.13965377464,0.16939812652499886,2.5347779430973105e-13,0,0,0,105329.79507655572,56371.0,40039.27930754928
2161,48233.41844964048,0.1687125194921817,2.5347779430973105e-13,0,0,0,105422.4937988155,56371.0,40095.836899280956
2162,48261.742130493534,0.16802662961440706,2.5347779430973105e-13,0,0,0,105515.36689829244,56370.99999999999,40152.484260987076
2163,48290.1107960409,0.1673404568916752,2.5347779430973105e-13,0,0,0,105608.4148236681,56371.0,40209.2215920818
2164,48318.524546289605,0.1666540013239859,2.5347779430973105e-13,0,0,0,105701.63802512949,56371.0,40266.04909257921
2165,48346.98348154778,0.16596726291133934,2.5347779430973105e-13,0,0,0,105795.03695437509,56371.0,40322.96696309556
2166,48375.48770242577,0.16528024165373512,2.5347779430973105e-13,0,0,0,105888.61206462128,56370.99999999999,40379.97540485155
2167,48404.037309837266,0.16459293755117388,2.5347779430973105e-13,0,0,0,105982.36381060834,56371.0,40437.07461967453
2168,48432.632405000455,0.16390535060365496,2.5347779430973105e-13,0,0,0,106076.29264860699,56370.99999999999,40494.26481000092
2169,48461.27308943916,0.16321748081117904,2.5347779430973105e-13,0,0,0,106170.3990364245,56371.0,40551.546178878314
2170,48489.95946498399,0.16252932817374566,2.5347779430973105e-13,0,0,0,106264.68343341103,56371.0,40608.918929967986
2171,48518.69163377352,0.16184089269135504,2.5347779430973105e-13,0,0,0,106359.1463004661,56371.0,40666.38326754703
2172,48547.4696982554,0.16115217436400697,2.5347779430973105e-13,0,0,0,106453.78810004504,56371.0,40723.9393965108
2173,48576.29376118759,0.16046317319170145,2.5347779430973105e-13,0,0,0,106548.60929616514,56371.0,40781.58752237518
2174,48605.16392563946,0.15977388917443847,2.5347779430973105e-13,0,0,0,106643.61035441246,56371.0,40839.327851278926
2175,48634.080294993015,0.15908432231221847,2.5347779430973105e-13,0,0,0,106738.79174194796,56371.0,40897.16058998603
2176,48663.04297294408,0.1583944726050408,2.5347779430973105e-13,0,0,0,106834.15392751448,56370.99999999999,40955.08594588817
2177,48692.05206350344,0.15770434005290612,2.5347779430973105e-13,0,0,0,106929.69738144273,56371.0,41013.10412700688
2178,48721.107670998106,0.15701392465581399,2.5347779430973105e-13,0,0,0,107025.42257565848,56371.00000000001,41071.215341996205
2179,48750.20990007244,0.1563232264137644,2.5347779430973105e-13,0,0,0,107121.3299836887,56371.00000000001,41129.419800144875
2180,48779.35885568941,0.15563224532675735,2.5347779430973105e-13,0,0,0,107217.42008066842,56371.0,41187.71771137882
2181,48808.55464313178,0.15494098139479306,2.5347779430973105e-13,0,0,0,107313.69334334749,56371.0,41246.109286263556
2182,48837.79736800332,0.15424943461787155,2.5347779430973105e-13,0,0,0,107410.1502500971,56371.00000000001,41304.59473600663
2183,48867.08713623004,0.15355760499599258,2.5347779430973105e-13,0,0,0,107506.79128091667,56371.0,41363.17427246008
2184,48896.42405406143,0.15286549252915616,2.5347779430973105e-13,0,0,0,107603.61691744067,56371.00000000001,41421.848108122846
2185,48925.80822807162,0.1521730972173625,2.5347779430973105e-13,0,0,0,107700.62764294523,56370.99999999999,41480.616456143245
2186,48955.23976516074,0.1514804190606116,2.5347779430973105e-13,0,0,0,107797.82394235532,56371.00000000001,41539.47953032147
2187,48984.718772556036,0.15078745805890326,2.5347779430973105e-13,0,0,0,107895.20630225126,56371.0,41598.43754511207
2188,49014.24535781322,0.15009421421223745,2.5347779430973105e-13,0,0,0,107992.77521087606,56371.0,41657.49071562644
2189,49043.81962881764,0.14940068752061442,2.5347779430973105e-13,0,0,0,108090.53115814188,56371.0,41716.63925763528
2190,49073.441693785615,0.14870687798403392,2.5347779430973105e-13,0,0,0,108188.47463563754,56370.99999999999,41775.88338757124
2191,49103.11166126566,0.14801278560249598,2.5347779430973105e-13,0,0,0,108286.60613663516,56371.0,41835.223322531325
2192,49132.829640139746,0.14731841037600102,2.5347779430973105e-13,0,0,0,108384.92615609732,56371.0,41894.65928027949
2193,49162.59573962462,0.1466237523045486,2.5347779430973105e-13,0,0,0,108483.43519068434,56371.0,41954.191479249246
2194,49192.410069273064,0.14592881138813896,2.5347779430973105e-13,0,0,0,108582.13373876105,56371.0,42013.82013854613
2195,49222.27273897519,0.14523358762677163,2.5347779430973105e-13,0,0,0,108681.02230040441,56370.99999999999,42073.545477950385
2196,49252.183858959725,0.14453808102044707,2.5347779430973105e-13,0,0,0,108780.1013774103,56371.0,42133.36771791945
2197,49263.999999995955,0.1442635595973658,2.5347779430973105e-13,0,0,0,108819.25004075101,56371.0,42156.99999999191
2198,49223.98434347505,0.14356790572195754,2.5347779430973105e-13,0,0,0,108686.69109220026,56290.968686958186,42156.99999999191
2199,49184.04577903889,0.14287246337188764,2.5347779430973105e-13,0,0,0,108554.44123887729,56211.09155808587,42156.99999999191
2200,49144.18408964574,0.14217723254715653,2.5347779430973105e-13,0,0,0,108422.49947349452,56131.36817929957,42156.99999999191
2201,49104.39905907065,0.1414822132477641,2.5347779430973105e-13,0,0,0,108290.86479300402,56051.798118149396,42156.99999999191
2202,49064.69047190162,0.14078740547371038,2.5347779430973105e-13,0,0,0,108159.53619857565,55972.380943811324,42156.99999999191
2203,49025.058113535786,0.14009280922499534,2.5347779430973105e-13,0,0,0,108028.5126955755,55893.11622707966,42156.99999999191
2204,48985.50177017567,0.1393984245016191,2.5347779430973105e-13,0,0,0,107897.79329354431,55814.00354035944,42156.99999999191
2205,48946.02122882532,0.13870425130358122,2.5347779430973105e-13,0,0,0,107767.37700617574,55735.042457658725,42156.99999999191
2206,48906.61627728667,0.13801028963088235,2.5347779430973105e-13,0,0,0,107637.2628512957,55656.232554581424,42156.99999999191
2207,48867.28670415569,0.13731653948352196,2.5347779430973105e-13,0,0,0,107507.44985084045,55577.57340831948,42156.99999999191
2208,48828.0322988188,0.13662300086150037,2.5347779430973105e-13,0,0,0,107377.93703083615,55499.06459764569,42156.99999999191
2209,48788.85285144907,0.13592967376481757,2.5347779430973105e-13,0,0,0,107248.72342137757,55420.705702906234,42156.99999999191
2210,48749.748153002605,0.13523655819347313,2.5347779430973105e-13,0,0,0,107119.80805660735,55342.4963060133,42156.99999999191
2211,48710.71799521493,0.1345436541474676,2.5347779430973105e-13,0,0,0,106991.18997469562,55264.43599043795,42156.99999999191
2212,48671.76217059731,0.13385096162680088,2.5347779430973105e-13,0,0,0,106862.86821781914,55186.524341202705,42156.99999999191
2213,48632.88047243311,0.1331584806314725,2.5347779430973105e-13,0,0,0,106734.84183214093,55108.76094487432,42156.99999999191
2214,48594.07269477434,0.13246621116148294,2.5347779430973105e-13,0,0,0,106607.10986779016,55031.14538955677,42156.99999999191
2215,48555.33863243796,0.13177415321683217,2.5347779430973105e-13,0,0,0,106479.67137884187,54953.67726488401,42156.99999999191
2216,48516.67808100238,0.13108230679751998,2.5347779430973105e-13,0,0,0,106352.52542329676,54876.356162012846,42156.99999999191
2217,48478.09083680393,0.13039067190354647,2.5347779430973105e-13,0,0,0,106225.67106306156,54799.18167361595,42156.99999999191
2218,48439.576696933385,0.12969924853491166,2.5347779430973105e-13,0,0,0,106099.10736392904,54722.15339387487,42156.99999999191
2219,48401.13545923242,0.12900803669161554,2.5347779430973105e-13,0,0,0,105972.83339555837,54645.27091847293,42156.99999999191
2220,48362.76692229017,0.1283170363736581,2.5347779430973105e-13,0,0,0,105846.84823145546,54568.533844588426,42156.99999999191
2221,48324.47088543978,0.12762624758103958,2.5347779430973105e-13,0,0,0,105721.15094895365,54491.94177088766,42156.99999999191
2222,48286.247148754985,0.12693567031375952,2.5347779430973105e-13,0,0,0,105595.74062919428,54415.49429751806,42156.99999999191
2223,48248.095513046654,0.12624530457181804,2.5347779430973105e-13,0,0,0,105470.61635710738,54339.19102610139,42156.99999999191
2224,48210.015779859474,0.12555515035521547,2.5347779430973105e-13,0,0,0,105345.77722139284,54263.03155972704,42156.99999999191
2225,48172.0077514685,0.12486520766395148,2.5347779430973105e-13,0,0,0,105221.22231450117,54187.015502945105,42156.99999999191
2226,48134.071230875845,0.12417547649802607,2.5347779430973105e-13,0,0,0,105096.95073261458,54111.14246175978,42156.99999999191
2227,48096.20602180734,0.12348595685743968,2.5347779430973105e-13,0,0,0,104972.96157562852,54035.41204362277,42156.99999999191
2228,48058.41192870917,0.12279664874219176,2.5347779430973105e-13,0,0,0,104849.25394713257,53959.82385742642,42156.99999999191
2229,48020.688756744625,0.12210755215228242,2.5347779430973105e-13,0,0,0,104725.82695439234,53884.37751349733,42156.99999999191
2230,47983.03631179083,0.12141866708771187,2.5347779430973105e-13,0,0,0,104602.67970833076,53809.07262358975,42156.99999999191
2231,47945.45440043542,0.12072999354848002,2.5347779430973105e-13,0,0,0,104479.81132350983,53733.908800878926,42156.99999999191
2232,47907.94282997334,0.12004153153458696,2.5347779430973105e-13,0,0,0,104357.22091811243,53658.88565995478,42156.99999999191
2233,47870.50140840359,0.11935328104603227,2.5347779430973105e-13,0,0,0,104234.90761392404,53584.002816815264,42156.99999999191
2234,47833.12994442604,0.11866524208281637,2.5347779430973105e-13,0,0,0,104112.87053631505,53509.25988886017,42156.99999999191
2235,47795.828247438236,0.11797741464493938,2.5347779430973105e-13,0,0,0,103991.10881422264,53434.65649488457,42156.99999999191
2236,47758.59612753218,0.11728979873240097,2.5347779430973105e-13,0,0,0,103869.62158013291,53360.19225507246,42156.99999999191
2237,47721.433395491236,0.11660239434520125,2.5347779430973105e-13,0,0,0,103748.40797006342,53285.86679099056,42156.99999999191
2238,47684.339862786925,0.11591520148334011,2.5347779430973105e-13,0,0,0,103627.46712354544,53211.67972558193,42156.99999999191
2239,47647.31534157586,0.11522822014681766,2.5347779430973105e-13,0,0,0,103506.7981836066,53137.630683159805,42156.99999999191
2240,47610.3596446966,0.11454145033563401,2.5347779430973105e-13,0,0,0,103386.40029675339,53063.71928940129,42156.99999999191
2241,47573.472585666575,0.11385489204978905,2.5347779430973105e-13,0,0,0,103266.27261295398,52989.94517134124,42156.99999999191
2242,47536.653978679,0.11316854528928266,2.5347779430973105e-13,0,0,0,103146.41428562091,52916.30795736609,42156.99999999191
2243,47499.90363859985,0.11248241005411508,2.5347779430973105e-13,0,0,0,103026.82447159418,52842.80727720779,42156.99999999191
2244,47463.221380964766,0.11179648634428607,2.5347779430973105e-13,0,0,0,102907.50233112424,52769.44276193762,42156.99999999191
2245,47426.60702197608,0.11111077415979587,2.5347779430973105e-13,0,0,0,102788.44702785499,52696.21404396025,42156.99999999191
2246,47390.0603784998,0.11042527350064446,2.5347779430973105e-13,0,0,0,102669.65772880719,52623.1207570077,42156.99999999191
2247,47353.581268062575,0.10973998436683141,2.5347779430973105e-13,0,0,0,102551.13360436159,52550.16253613324,42156.99999999191
2248,47317.1695088488,0.10905490675835716,2.5347779430973105e-13,0,0,0,102432.87382824258,52477.339017705686,42156.99999999191
2249,47280.82491969757,0.1083700406752216,2.5347779430973105e-13,0,0,0,102314.87757750147,52404.64983940323,42156.99999999191
2250,47244.547320099795,0.10768538611742462,2.5347779430973105e-13,0,0,0,102197.14403250022,52332.09464020769,42156.99999999191
2251,47208.33653019528,0.10700094308496655,2.5347779430973105e-13,0,0,0,102079.67237689527,52259.67306039865,42156.99999999191
2252,47172.19237076976,0.10631671157784706,2.5347779430973105e-13,0,0,0,101962.46179762109,52187.3847415476,42156.99999999191
2253,47136.11466325203,0.10563269159606636,2.5347779430973105e-13,0,0,0,101845.51148487418,52115.229326512155,42156.99999999191
2254,47100.1032297111,0.10494888313962436,2.5347779430973105e-13,0,0,0,101728.82063209718,52043.206459430294,42156.99999999191
2255,47064.15789285327,0.10426528620852082,2.5347779430973105e-13,0,0,0,101612.38843596278,51971.31578571462,42156.99999999191
2256,47028.278476019324,0.10358190080275598,2.5347779430973105e-13,0,0,0,101496.21409635803,51899.55695204675,42156.99999999191
2257,46992.464803181705,0.10289872692232993,2.5347779430973105e-13,0,0,0,101380.29681636859,51827.92960637151,42156.99999999191
2258,46956.71669894164,0.10221576456724257,2.5347779430973105e-13,0,0,0,101264.6358022629,51756.433397891364,42156.99999999191
2259,46921.03398852638,0.10153301373749402,2.5347779430973105e-13,0,0,0,101149.23026347693,51685.06797706086,42156.99999999191
2260,46885.41649778641,0.10085047443308404,2.5347779430973105e-13,0,0,0,101034.07941259847,51613.83299558092,42156.99999999191
2261,46849.86405319267,0.10016814665401275,2.5347779430973105e-13,0,0,0,100919.1824653519,51542.728106393435,42156.99999999191
2262,46814.37648183378,0.09948603040028003,2.5347779430973105e-13,0,0,0,100804.53864058288,51471.75296367565,42156.99999999191
2263,46778.95361141332,0.09880412567188612,2.5347779430973105e-13,0,0,0,100690.14716024311,51400.907222834736,42156.99999999191
2264,46743.59527024709,0.09812243246883079,2.5347779430973105e-13,0,0,0,100576.00724937528,51330.19054050227,42156.99999999191
2265,46708.301287260394,0.09744095079111437,2.5347779430973105e-13,0,0,0,100462.11813609803,51259.602574528886,42156.99999999191
2266,46673.07149198532,0.09675968063873641,2.5347779430973105e-13,0,0,0,100348.47905159087,51189.14298397874,42156.99999999191
2267,46637.90571455811,0.09607862201169715,2.5347779430973105e-13,0,0,0,100235.08923007967,51118.81142912431,42156.99999999191
2268,46602.80378571643,0.09539777490999679,2.5347779430973105e-13,0,0,0,100121.94790882162,51048.60757144095,42156.99999999191
2269,46567.76553679672,0.0947171393336349,2.5347779430973105e-13,0,0,0,100009.05432809053,50978.531073601545,42156.99999999191
2270,46532.79079973161,0.09403671528261182,2.5347779430973105e-13,0,0,0,99896.40773116244,50908.581599471305,42156.99999999191
2271,46497.879407047185,0.0933565027569273,2.5347779430973105e-13,0,0,0,99784.00736430101,50838.75881410245,42156.99999999191
2272,46463.03119186047,0.0926765017565816,2.5347779430973105e-13,0,0,0,99671.85247674299,50769.06238372903,42156.99999999191
2273,46428.24598787677,0.09199671228157436,2.5347779430973105e-13,0,0,0,99559.94232068397,50699.49197576163,42156.99999999191
2274,46393.5236293871,0.0913171343319058,2.5347779430973105e-13,0,0,0,99448.27615126422,50630.04725878228,42156.99999999191
2275,46358.86395126563,0.09063776790757627,2.5347779430973105e-13,0,0,0,99336.85322655433,50560.72790253935,42156.99999999191
2276,46324.26678896706,0.08995861300858543,2.5347779430973105e-13,0,0,0,99225.67280754115,50491.53357794222,42156.99999999191
2277,46289.73197852414,0.08927966963493306,2.5347779430973105e-13,0,0,0,99114.73415811379,50422.46395705638,42156.99999999191
2278,46255.25935654511,0.08860093778661948,2.5347779430973105e-13,0,0,0,99004.03654504973,50353.51871309831,42156.99999999191
2279,46220.84876021116,0.08792241746364438,2.5347779430973105e-13,0,0,0,98893.57923800084,50284.69752043042,42156.99999999191
2280,46186.500027273985,0.08724410866600807,2.5347779430973105e-13,0,0,0,98783.36150947974,50216.00005455606,42156.99999999191
2281,46152.212996053204,0.08656601139371045,2.5347779430973105e-13,0,0,0,98673.38263484597,50147.42599211449,42156.99999999191
2282,46117.987505433935,0.08588812564675152,2.5347779430973105e-13,0,0,0,98563.64189229242,50078.975010875954,42156.99999999191
2283,46083.823394864325,0.08521045142513128,2.5347779430973105e-13,0,0,0,98454.13856283175,50010.64678973674,42156.99999999191
2284,46049.72050435307,0.08453298872884984,2.5347779430973105e-13,0,0,0,98344.87193028293,49942.44100871423,42156.99999999191
2285,46015.67867446698,0.08385573755790676,2.5347779430973105e-13,0,0,0,98235.84128125786,49874.35734894205,42156.99999999191
2286,45981.69774632859,0.08317869791230281,2.5347779430973105e-13,0,0,0,98127.04590514804,49806.395492665266,42156.99999999191
2287,45947.77756161364,0.08250186979203711,2.5347779430973105e-13,0,0,0,98018.48509411122,49738.55512323538,42156.99999999191
2288,45913.917962548825,0.08182525319711043,2.5347779430973105e-13,0,0,0,97910.15814305849,49670.83592510574,42156.99999999191
2289,45880.11879190923,0.08114884812752232,2.5347779430973105e-13,0,0,0,97802.0643496408,49603.23758382655,42156.99999999191
2290,45846.37989301609,0.08047265458327268,2.5347779430973105e-13,0,0,0,97694.20301423628,49535.75978604028,42156.99999999191
2291,45812.70110973437,0.07979667256436207,2.5347779430973105e-13,0,0,0,97586.57343993714,49468.402219476826,42156.99999999191
2292,45779.08228647037,0.07912090207079014,2.5347779430973105e-13,0,0,0,97479.17493253677,49401.16457294884,42156.99999999191
2293,45745.52326816945,0.07844534310255658,2.5347779430973105e-13,0,0,0,97372.0068005169,49334.04653634698,42156.99999999191
2294,45712.02390031367,0.07776999565966192,2.5347779430973105e-13,0,0,0,97265.06835503507,49267.04780063542,42156.99999999191
2295,45678.58402891945,0.07709485974210595,2.5347779430973105e-13,0,0,0,97158.35890991168,49200.168057847,42156.99999999191
2296,45645.203500535325,0.07641993534988856,2.5347779430973105e-13,0,0,0,97051.87778161762,49133.40700107875,42156.99999999191
2297,45611.88216223958,0.07574522248300997,2.5347779430973105e-13,0,0,0,96945.62428926167,49066.764324487245,42156.99999999191
2298,45578.619861638006,0.07507072114147006,2.5347779430973105e-13,0,0,0,96839.59775457802,49000.2397232841,42156.99999999191
2299,45545.416446861615,0.07439643132526874,2.5347779430973105e-13,0,0,0,96733.79750191384,48933.83289373132,42156.99999999191
2300,45512.271766564416,0.07372235303440633,2.5347779430973105e-13,0,0,0,96628.22285821718,48867.543533136915,42156.99999999191
2301,45479.18566992109,0.07304848626888238,2.5347779430973105e-13,0,0,0,96522.87315302444,48801.37133985028,42156.99999999191
2302,45446.15800662486,0.07237483102869724,2.5347779430973105e-13,0,0,0,96417.74771844842,48735.31601325781,42156.99999999191
2303,45413.18862688516,0.07170138731385067,2.5347779430973105e-13,0,0,0,96312.84588916607,48669.37725377842,42156.99999999191
2304,45380.2773814255,0.07102815512434268,2.5347779430973105e-13,0,0,0,96208.16700240651,48603.554762859094,42156.99999999191
2305,45347.42412148124,0.07035513446017361,2.5347779430973105e-13,0,0,0,96103.71039793911,48537.84824297058,42156.99999999191
2306,45314.62869879738,0.06968232532134311,2.5347779430973105e-13,0,0,0,95999.47541806137,48472.25739760284,42156.99999999191
2307,45281.8909656264,0.0690097277078513,2.5347779430973105e-13,0,0,0,95895.46140758733,48406.781931260884,42156.99999999191
2308,45249.210774726096,0.06833734161969818,2.5347779430973105e-13,0,0,0,95791.66771383565,48341.42154946028,42156.99999999191
2309,45216.58797935741,0.06766516705688386,2.5347779430973105e-13,0,0,0,95688.09368661793,48276.17595872292,42156.99999999191
2310,45184.0224332823,0.066993204019408,2.5347779430973105e-13,0,0,0,95584.73867822703,48211.044866572694,42156.99999999191
2311,45151.51399076159,0.06632145250727106,2.5347779430973105e-13,0,0,0,95481.60204342562,48146.02798153127,42156.99999999191
2312,45119.062506552844,0.0656499125204727,2.5347779430973105e-13,0,0,0,95378.6831394344,48081.12501311377,42156.99999999191
2313,45086.66783590827,0.06497858405901302,2.5347779430973105e-13,0,0,0,95275.98132592089,48016.33567182464,42156.99999999191
2314,45054.32983457262,0.06430746712289204,2.5347779430973105e-13,0,0,0,95173.49596498797,47951.659669153334,42156.99999999191
2315,45022.048358781074,0.06363656171210985,2.5347779430973105e-13,0,0,0,95071.22642116249,47887.096717570246,42156.99999999191
2316,44989.82326525716,0.06296586782666613,2.5347779430973105e-13,0,0,0,94969.17206138402,47822.64653052242,42156.99999999191
2317,44957.65441121073,0.062295385466561215,2.5347779430973105e-13,0,0,0,94867.33225499371,47758.30882242954,42156.99999999191
2318,44925.54165433584,0.061625114631794986,2.5347779430973105e-13,0,0,0,94765.70637372306,47694.083308679765,42156.99999999191
2319,44893.484852808724,0.060955055322367335,2.5347779430973105e-13,0,0,0,94664.2937916829,47629.969705625546,42156.99999999191
2320,44861.483865285794,0.060285207538278485,2.5347779430973105e-13,0,0,0,94563.09388535235,47565.96773057968,42156.99999999191
2321,44829.53855090155,0.059615571279528434,2.5347779430973105e-13,0,0,0,94462.10603356785,47502.07710181119,42156.99999999191
2322,44797.64876926656,0.05894614654611674,2.5347779430973105e-13,0,0,0,94361.32961751216,47438.297538541214,42156.99999999191
2323,44765.814380465556,0.05827693333804407,2.5347779430973105e-13,0,0,0,94260.76402070382,47374.628760939195,42156.99999999191
2324,44734.03524505528,0.057607931655309974,2.5347779430973105e-13,0,0,0,94160.40862898596,47311.070490118655,42156.99999999191
2325,44702.311224062614,0.05693914149791435,2.5347779430973105e-13,0,0,0,94060.26283051583,47247.62244813332,42156.99999999191
2326,44670.64217898258,0.05627056286585774,2.5347779430973105e-13,0,0,0,93960.32601575422,47184.28435797326,42156.99999999191
2327,44639.027971776326,0.055602195759139605,2.5347779430973105e-13,0,0,0,93860.5975774545,47121.055943560736,42156.99999999191
2328,44607.4684648692,0.054934040177760046,2.5347779430973105e-13,0,0,0,93761.07691065242,47057.93692974649,42156.99999999191
2329,44575.963521148835,0.05426609612171951,2.5347779430973105e-13,0,0,0,93661.7634126555,46994.92704230577,42156.99999999191
2330,44544.513003963126,0.05359836359101733,2.5347779430973105e-13,0,0,0,93562.65648303245,46932.02600793434,42156.99999999191
2331,44513.116777118405,0.05293084258565417,2.5347779430973105e-13,0,0,0,93463.75552360303,46869.23355424489,42156.99999999191
2332,44481.77470487742,0.05226353310562937,2.5347779430973105e-13,0,0,0,93365.05993842753,46806.54940976293,42156.99999999191
2333,44450.48665195751,0.051596435150943365,2.5347779430973105e-13,0,0,0,93266.56913379666,46743.9733039231,42156.99999999191
2334,44419.25248352866,0.05092954872159605,2.5347779430973105e-13,0,0,0,93168.28251822124,46681.50496706541,42156.99999999191
2335,44388.07206521163,0.05026287381758765,2.5347779430973105e-13,0,0,0,93070.19950242204,46619.14413043135,42156.99999999191
2336,44356.945263076035,0.049596410438917715,2.5347779430973105e-13,0,0,0,92972.31949931972,46556.89052616016,42156.99999999191
2337,44325.87194363854,0.04893015858558658,2.5347779430973105e-13,0,0,0,92874.6419240248,46494.74388728518,42156.99999999191
2338,44294.851973860954,0.048264118257594024,2.5347779430973105e-13,0,0,0,92777.16619382762,46432.70394773,42156.99999999191
2339,44263.88522114837,0.047598289454939935,2.5347779430973105e-13,0,0,0,92679.89172818838,46370.77044230482,42156.99999999191
2340,44232.971553347365,0.04693267217762476,2.5347779430973105e-13,0,0,0,92582.81794872739,46308.94310670281,42156.99999999191
2341,44202.11083874412,0.04626726642564827,2.5347779430973105e-13,0,0,0,92485.94427921508,46247.22167749633,42156.99999999191
2342,44171.302946062635,0.0456020721990108,2.5347779430973105e-13,0,0,0,92389.27014556232,46185.60589213337,42156.99999999191
2343,44140.54774446284,0.04493708949771147,2.5347779430973105e-13,0,0,0,92292.79497581054,46124.09548893377,42156.99999999191
2344,44109.84510353892,0.04427231832175116,2.5347779430973105e-13,0,0,0,92196.51820012239,46062.69020708593,42156.99999999191
2345,44079.19489331737,0.043607758671129315,2.5347779430973105e-13,0,0,0,92100.43925077173,46001.38978664282,42156.99999999191
2346,44048.59698425532,0.04294341054584638,2.5347779430973105e-13,0,0,0,92004.55756213433,45940.193968518724,42156.99999999191
2347,44018.05124723867,0.04227927394590203,2.5347779430973105e-13,0,0,0,91908.87257067818,45879.10249448543,42156.99999999191
2348,43987.55755358038,0.041615348871296254,2.5347779430973105e-13,0,0,0,91813.38371495417,45818.11510716885,42156.99999999191
2349,43957.1157750187,0.04095163532202928,2.5347779430973105e-13,0,0,0,91718.09043558656,45757.231550045486,42156.99999999191
2350,43926.72578371537,0.0402881332981011,2.5347779430973105e-13,0,0,0,91622.99217526367,45696.451567438824,42156.99999999191
2351,43896.387452253904,0.03962484279951117,2.5347779430973105e-13,0,0,0,91528.0883787285,45635.7749045159,42156.99999999191
2352,43866.10065363791,0.038961763826260376,2.5347779430973105e-13,0,0,0,91433.37849276964,45575.201307283925,42156.99999999191
2353,43835.865261289255,0.038298896378348046,2.5347779430973105e-13,0,0,0,91338.86196621176,45514.7305225866,42156.99999999191
2354,43805.68114904641,0.03763624045577452,2.5347779430973105e-13,0,0,0,91244.53824990669,45454.3622981009,42156.99999999191
2355,43775.54819116274,0.03697379605853979,2.5347779430973105e-13,0,0,0,91150.40679672426,45394.09638233357,42156.99999999191
2356,43745.46626230477,0.036311563186643525,2.5347779430973105e-13,0,0,0,91056.46706154301,45333.93252461763,42156.99999999191
2357,43715.43523755053,0.03564954184008595,2.5347779430973105e-13,0,0,0,90962.71850124151,45273.87047510916,42156.99999999191
2358,43685.45499238785,0.03498773201886696,2.5347779430973105e-13,0,0,0,90869.16057468916,45213.90998478379,42156.99999999191
2359,43655.52540271268,0.034326133722986985,2.5347779430973105e-13,0,0,0,90775.79274273734,45154.05080543345,42156.99999999191
2360,43625.6463448274,0.03366474695244548,2.5347779430973105e-13,0,0,0,90682.6144682104,45094.2926896629,42156.99999999191
2361,43595.81769543922,0.033003571707242774,2.5347779430973105e-13,0,0,0,90589.62521589707,45034.63539088653,42156.99999999191
2362,43566.03933165846,0.032342607987378647,2.5347779430973105e-13,0,0,0,90496.82445254149,44975.078663325,42156.99999999191
2363,43536.311130996946,0.03168185579285321,2.5347779430973105e-13,0,0,0,90404.21164683445,44915.62226200198,42156.99999999191
2364,43506.632971366365,0.03102131512366657,2.5347779430973105e-13,0,0,0,90311.78626940482,44856.26594274083,42156.99999999191
2365,43477.00473107663,0.03036098597981851,2.5347779430973105e-13,0,0,0,90219.54779281087,44797.00946216135,42156.99999999191
2366,43447.42628883426,0.02970086836130914,2.5347779430973105e-13,0,0,0,90127.49569153161,44737.852577676604,42156.99999999191
2367,43417.897523740765,0.02904096226813846,2.5347779430973105e-13,0,0,0,90035.62944195826,44678.79504748962,42156.99999999191
2368,43388.418315291055,0.028381267700306245,2.5347779430973105e-13,0,0,0,89943.94852238572,44619.83663059021,42156.99999999191
2369,43358.98854337185,0.027721784657813164,2.5347779430973105e-13,0,0,0,89852.45241300427,44560.97708675179,42156.99999999191
2370,43329.60808826003,0.02706251314065855,2.5347779430973105e-13,0,0,0,89761.14059589077,44502.21617652815,42156.99999999191
2371,43300.27683062113,0.026403453148842626,2.5347779430973105e-13,0,0,0,89670.01255500069,44443.55366125035,42156.99999999191
2372,43270.99465150772,0.02574460468236528,2.5347779430973105e-13,0,0,0,89579.06777615954,44384.989303023525,42156.99999999191
2373,43241.76143235787,0.025085967741226844,2.5347779430973105e-13,0,0,0,89488.30574705472,44326.522864723825,42156.99999999191
2374,43212.57705499354,0.024427542325426987,2.5347779430973105e-13,0,0,0,89397.72595722703,44268.15410999517,42156.99999999191
2375,43183.44140161909,0.02376932843496582,2.5347779430973105e-13,0,0,0,89307.32789806277,44209.88280324628,42156.99999999191
2376,43154.354354819705,0.02311132606984323,2.5347779430973105e-13,0,0,0,89217.11106278539,44151.7087096475,42156.99999999191
2377,43125.315797559866,0.022453535230059662,2.5347779430973105e-13,0,0,0,89127.07494644748,44093.63159512782,42156.99999999191
2378,43096.32561318178,0.02179595591561445,2.5347779430973105e-13,0,0,0,89037.21904592248,44035.65122637166,42156.99999999191
2379,43067.38368540395,0.021138588126507818,2.5347779430973105e-13,0,0,0,88947.54285989697,43977.767370815985,42156.99999999191
2380,43038.489898319574,0.020481431862740207,2.5347779430973105e-13,0,0,0,88858.04588886247,43919.97979664724,42156.99999999191
2381,43009.64413639508,0.019824487124311174,2.5347779430973105e-13,0,0,0,88768.72763510745,43862.28827279825,42156.99999999191
2382,42980.84628446861,0.01916775391122072,2.5347779430973105e-13,0,0,0,88679.58760270957,43804.692568945306,42156.99999999191
2383,42952.096227748545,0.018511232223468954,2.5347779430973105e-13,0,0,0,88590.62529752772,43747.19245550519,42156.99999999191
2384,42923.39385181202,0.017854922061055878,2.5347779430973105e-13,0,0,0,88501.84022719426,43689.78770363212,42156.99999999191
2385,42894.73904260341,0.01719882342398149,2.5347779430973105e-13,0,0,0,88413.23190110712,43632.47808521491,42156.99999999191
2386,42866.13168643292,0.016542936312246015,2.5347779430973105e-13,0,0,0,88324.7998304222,43575.26337287393,42156.99999999191
2387,42837.571669975056,0.015887260725849228,2.5347779430973105e-13,0,0,0,88236.54352804554,43518.143339958195,42156.99999999191
2388,42809.05888026719,0.015231796664790687,2.5347779430973105e-13,0,0,0,88148.46250862561,43461.11776054247,42156.99999999191
2389,42780.59320470817,0.014576544129071056,2.5347779430973105e-13,0,0,0,88060.55628854601,43404.18640942444,42156.99999999191
2390,42752.1745310568,0.013921503118690115,2.5347779430973105e-13,0,0,0,87972.82438591747,43347.34906212169,42156.99999999191
2391,42723.80274743042,0.013266673633647863,2.5347779430973105e-13,0,0,0,87885.26632057058,43290.60549486892,42156.99999999191
2392,42695.477742303505,0.012612055673944633,2.5347779430973105e-13,0,0,0,87797.88161404812,43233.9554846151,42156.99999999191
2393,42667.1994045062,0.01195764923957976,2.5347779430973105e-13,0,0,0,87710.66978959765,43177.39880902049,42156.99999999191
2394,42638.96762322296,0.011303454330553575,2.5347779430973105e-13,0,0,0,87623.63037216412,43120.93524645401,42156.99999999191
2395,42610.782287991104,0.010649470946865969,2.5347779430973105e-13,0,0,0,87536.76288838247,43064.56457599029,42156.99999999191
2396,42582.643288699415,0.009995699088517163,2.5347779430973105e-13,0,0,0,87450.06686657021,43008.28657740692,42156.99999999191
2397,42554.55051558676,0.009342138755507157,2.5347779430973105e-13,0,0,0,87363.54183672018,42952.10103118161,42156.99999999191
2398,42526.50385924068,0.008688789947835729,2.5347779430973105e-13,0,0,0,87277.1873304932,42896.00771848945,42156.99999999191
2399,42498.50321059602,0.00803565266550288,2.5347779430973105e-13,0,0,0,87191.0028812108,42840.00642120013,42156.99999999191
2400,42470.548460933576,0.007382726908508941,2.5347779430973105e-13,0,0,0,87104.98802384824,42784.09692187524,42156.99999999191
2401,42442.63950187868,0.006730012676853581,2.5347779430973105e-13,0,0,0,87019.14229502705,42728.27900376544,42156.99999999191
2402,42414.776225399866,0.0060775099705367985,2.5347779430973105e-13,0,0,0,86933.46523300806,42672.55245080782,42156.99999999191
2403,42386.95852380752,0.005425218789558928,2.5347779430973105e-13,0,0,0,86847.9563776843,42616.91704762314,42156.99999999191
2404,42359.18628975251,0.004773139133919524,2.5347779430973105e-13,0,0,0,86762.61527057388,42561.372579513125,42156.99999999191
2405,42331.45941622487,0.00412127100361892,2.5347779430973105e-13,0,0,0,86677.44145481306,42505.91883245783,42156.99999999191
2406,42303.777796552415,0.003469614398657006,2.5347779430973105e-13,0,0,0,86592.43447514913,42450.55559311292,42156.99999999191
2407,42276.14132439947,0.002818169319033781,2.5347779430973105e-13,0,0,0,86507.59387793363,42395.282648807035,42156.99999999191
2408,42248.54989376551,0.002166935764749356,2.5347779430973105e-13,0,0,0,86422.91921111528,42340.099787539104,42156.99999999191
2409,42221.003398983834,0.001515913735803509,2.5347779430973105e-13,0,0,0,86338.41002423318,42285.00679797576,42156.99999999191
2410,42193.501734720296,0.0008651032321962404,2.5347779430973105e-13,0,0,0,86254.06586840992,42230.00346944868,42156.99999999191
2411,42166.044795971946,0.0002145042539275499,2.5347779430973105e-13,0,0,0,86169.88629634486,42175.08959195198,42156.99999999191
2412,42156.99999999659,1.1102230246251565e-13,2.5347779430973105e-13,0,0,0,86142.16207247657,42157.000000001266,42156.99999999191
